record_id,filepath,label,group_id,fold,predicted_label,score_baby,score_not_baby,sample_kind,model_path,normalizer_path,run_id
rec_537385263a6cfc438d37,/mnt/d/INFANT CRY/data_set_dbl_split/train/belly_pain/1084_M_eairh.wav,baby,infant_sha256:9d898b0b8f7cbfa275d1a9cd68dc0cc13f29bf64291942d7201754d66d6ba416,3,baby,0.8723163398645672,0.12768366013543278,original,/mnt/d/INFANT CRY/Models_dbl/experiments/runs/20260821T164332Z_490383ff__exp_20260903T170029Z_e0883d24/candidates/stage1_logmel_small_cnn/seed_42/fold_3/attempt_1/model.keras,recorded_in_fold_manifest,20260821T164332Z_490383ff__exp_20260903T170029Z_e0883d24
rec_3c400a3cd8526f5968e2,/mnt/d/INFANT CRY/data_set_dbl_split/train/belly_pain/1321_F_eairh.wav,baby,infant_sha256:cfcb1c396f928a7db0054247a6766148beb1b11ac18f384a651b66959b68dd7e,3,baby,0.9743042948358583,0.02569570516414164,original,/mnt/d/INFANT CRY/Models_dbl/experiments/runs/20260821T164332Z_490383ff__exp_20260903T170029Z_e0883d24/candidates/stage1_logmel_small_cnn/seed_42/fold_3/attempt_1/model.keras,recorded_in_fold_manifest,20260821T164332Z_490383ff__exp_20260903T170029Z_e0883d24
rec_88e4a7633c64c24b0e2a,/mnt/d/INFANT CRY/data_set_dbl_split/train/belly_pain/1353_M_eairh.wav,baby,infant_sha256:30eedff31f2917f34dc4054f1e1fede294438f92fcc11eff83382d0630bed578,3,not_baby,0.27203973317027885,0.7279602668297211,original,/mnt/d/INFANT CRY/Models_dbl/experiments/runs/20260821T164332Z_490383ff__exp_20260903T170029Z_e0883d24/candidates/stage1_logmel_small_cnn/seed_42/fold_3/attempt_1/model.keras,recorded_in_fold_manifest,20260821T164332Z_490383ff__exp_20260903T170029Z_e0883d24
rec_49997b84581d28fe47cf,/mnt/d/INFANT CRY/data_set_dbl_split/train/belly_pain/1498_M_eairh.wav,baby,infant_sha256:84e07fa63c82b05be7a52d4d6afef8aa10492c4d01fe8a5d869bda23234d5821,3,baby,0.6612856787059999,0.3387143212940001,original,/mnt/d/INFANT CRY/Models_dbl/experiments/runs/20260821T164332Z_490383ff__exp_20260903T170029Z_e0883d24/candidates/stage1_logmel_small_cnn/seed_42/fold_3/attempt_1/model.keras,recorded_in_fold_manifest,20260821T164332Z_490383ff__exp_20260903T170029Z_e0883d24
rec_4771cea23a26a41b1167,/mnt/d/INFANT CRY/data_set_dbl_split/train/belly_pain/216_M_eairh.wav,baby,infant_sha256:e7da0e31a37cbff8d2663a2cae5a92dc072c1dcc038ff67809acdb828b716224,3,baby,0.8414805437016811,0.15851945629831887,original,/mnt/d/INFANT CRY/Models_dbl/experiments/runs/20260821T164332Z_490383ff__exp_20260903T170029Z_e0883d24/candidates/stage1_logmel_small_cnn/seed_42/fold_3/attempt_1/model.keras,recorded_in_fold_manifest,20260821T164332Z_490383ff__exp_20260903T170029Z_e0883d24
rec_a4059f5ca3482bd507f9,/mnt/d/INFANT CRY/data_set_dbl_split/train/belly_pain/2217_M_eairh.wav,baby,infant_sha256:7c1f95c509436975d09c4021c6ebec5d9c2c192a3d53325cea5fcf747437d78b,3,baby,0.7868285413631362,0.2131714586368638,original,/mnt/d/INFANT CRY/Models_dbl/experiments/runs/20260821T164332Z_490383ff__exp_20260903T170029Z_e0883d24/candidates/stage1_logmel_small_cnn/seed_42/fold_3/attempt_1/model.keras,recorded_in_fold_manifest,20260821T164332Z_490383ff__exp_20260903T170029Z_e0883d24
rec_344f2459aa8a88a9964a,/mnt/d/INFANT CRY/data_set_dbl_split/train/belly_pain/228_M_eairh.wav,baby,infant_sha256:55a378cc729702c1ca8fa02a4d1ec035ac75e01e974dfd651d573876efba6238,3,baby,0.9936348222979224,0.006365177702077613,original,/mnt/d/INFANT CRY/Models_dbl/experiments/runs/20260821T164332Z_490383ff__exp_20260903T170029Z_e0883d24/candidates/stage1_logmel_small_cnn/seed_42/fold_3/attempt_1/model.keras,recorded_in_fold_manifest,20260821T164332Z_490383ff__exp_20260903T170029Z_e0883d24
rec_4fb517e52369af00b8e9,/mnt/d/INFANT CRY/data_set_dbl_split/train/belly_pain/2754_M_eairh.wav,baby,infant_sha256:8e9447157d5846fe2b14e8c66543d09608082f1bf278cca4861eee5197127cb7,3,baby,0.9133389115827353,0.08666108841726468,original,/mnt/d/INFANT CRY/Models_dbl/experiments/runs/20260821T164332Z_490383ff__exp_20260903T170029Z_e0883d24/candidates/stage1_logmel_small_cnn/seed_42/fold_3/attempt_1/model.keras,recorded_in_fold_manifest,20260821T164332Z_490383ff__exp_20260903T170029Z_e0883d24
rec_cc6172b8bd33735c82c6,/mnt/d/INFANT CRY/data_set_dbl_split/train/belly_pain/2819_M_eairh.wav,baby,infant_sha256:89965fe85329e6c8975833b357b831c1dc373d042fd3645cf36bc8e396b761c2,3,baby,0.961876434052802,0.03812356594719801,original,/mnt/d/INFANT CRY/Models_dbl/experiments/runs/20260821T164332Z_490383ff__exp_20260903T170029Z_e0883d24/candidates/stage1_logmel_small_cnn/seed_42/fold_3/attempt_1/model.keras,recorded_in_fold_manifest,20260821T164332Z_490383ff__exp_20260903T170029Z_e0883d24
rec_2fbe8d849db8271b15ba,/mnt/d/INFANT CRY/data_set_dbl_split/train/belly_pain/2901_M_eairh.wav,baby,infant_sha256:ed9bb0cb71db1f7cfcb67d430399311f0e4c30f746ec42673376875fd7e61301,3,baby,0.896383676040659,0.10361632395934094,original,/mnt/d/INFANT CRY/Models_dbl/experiments/runs/20260821T164332Z_490383ff__exp_20260903T170029Z_e0883d24/candidates/stage1_logmel_small_cnn/seed_42/fold_3/attempt_1/model.keras,recorded_in_fold_manifest,20260821T164332Z_490383ff__exp_20260903T170029Z_e0883d24
rec_cd6ec618a07ea9574302,/mnt/d/INFANT CRY/data_set_dbl_split/train/belly_pain/2994_M_eairh.wav,baby,infant_sha256:537d54b6012878a6b36db0b66c473b41b3ca4f8746ef9efc65cf749d82c96ab7,3,baby,0.9923993372090544,0.007600662790945644,original,/mnt/d/INFANT CRY/Models_dbl/experiments/runs/20260821T164332Z_490383ff__exp_20260903T170029Z_e0883d24/candidates/stage1_logmel_small_cnn/seed_42/fold_3/attempt_1/model.keras,recorded_in_fold_manifest,20260821T164332Z_490383ff__exp_20260903T170029Z_e0883d24
rec_6de25635db4018c640cb,/mnt/d/INFANT CRY/data_set_dbl_split/train/belly_pain/3077_F_eairh.wav,baby,infant_sha256:b37b8f9289926e302950f01846cdd5eeae945d50ac8962484a112b96d9965136,3,not_baby,0.1997432112885109,0.8002567887114891,original,/mnt/d/INFANT CRY/Models_dbl/experiments/runs/20260821T164332Z_490383ff__exp_20260903T170029Z_e0883d24/candidates/stage1_logmel_small_cnn/seed_42/fold_3/attempt_1/model.keras,recorded_in_fold_manifest,20260821T164332Z_490383ff__exp_20260903T170029Z_e0883d24
rec_e41629e8492bfc07276b,/mnt/d/INFANT CRY/data_set_dbl_split/train/belly_pain/3151_M_eairh.wav,baby,infant_sha256:293beabf94de845d2ae87921a7f2a6650437fa8cae1473d65a1c15c47c7eeb6c,3,baby,0.9883518474465065,0.011648152553493487,original,/mnt/d/INFANT CRY/Models_dbl/experiments/runs/20260821T164332Z_490383ff__exp_20260903T170029Z_e0883d24/candidates/stage1_logmel_small_cnn/seed_42/fold_3/attempt_1/model.keras,recorded_in_fold_manifest,20260821T164332Z_490383ff__exp_20260903T170029Z_e0883d24
rec_d433c8ac12980d0cc901,/mnt/d/INFANT CRY/data_set_dbl_split/train/belly_pain/3619_M_eairh.wav,baby,infant_sha256:001331b4573eb6615c2ffdd822877fe448c120ad685be39fb2fa7dd3fe8649ce,3,baby,0.9991914699728937,0.0008085300271063812,original,/mnt/d/INFANT CRY/Models_dbl/experiments/runs/20260821T164332Z_490383ff__exp_20260903T170029Z_e0883d24/candidates/stage1_logmel_small_cnn/seed_42/fold_3/attempt_1/model.keras,recorded_in_fold_manifest,20260821T164332Z_490383ff__exp_20260903T170029Z_e0883d24
rec_519de6d134c08a715f7a,/mnt/d/INFANT CRY/data_set_dbl_split/train/belly_pain/4437_M_eairh.wav,baby,infant_sha256:81c71a6b81144ccd5a3e01a5e9299496aaa58cf812e9967f94d386e43536ec20,3,baby,0.6886914968490601,0.31130850315093994,original,/mnt/d/INFANT CRY/Models_dbl/experiments/runs/20260821T164332Z_490383ff__exp_20260903T170029Z_e0883d24/candidates/stage1_logmel_small_cnn/seed_42/fold_3/attempt_1/model.keras,recorded_in_fold_manifest,20260821T164332Z_490383ff__exp_20260903T170029Z_e0883d24
rec_99c997cbc56d30a6f86a,/mnt/d/INFANT CRY/data_set_dbl_split/train/belly_pain/4463_F_eairh.wav,baby,infant_sha256:f1b02e2772508dba326d22aebf2cd242a03686fa68f0ba1de57248aaaaa76b5a,3,baby,0.8549029954508394,0.14509700454916066,original,/mnt/d/INFANT CRY/Models_dbl/experiments/runs/20260821T164332Z_490383ff__exp_20260903T170029Z_e0883d24/candidates/stage1_logmel_small_cnn/seed_42/fold_3/attempt_1/model.keras,recorded_in_fold_manifest,20260821T164332Z_490383ff__exp_20260903T170029Z_e0883d24
rec_b97b97506a926108c4fb,/mnt/d/INFANT CRY/data_set_dbl_split/train/belly_pain/4511_F_eairh.wav,baby,infant_sha256:e952316efd6d6b2707ff14e2fac55cc25557f6f5fd73862a67a3da70dbdda1f7,3,baby,0.927244005015522,0.0727559949844781,original,/mnt/d/INFANT CRY/Models_dbl/experiments/runs/20260821T164332Z_490383ff__exp_20260903T170029Z_e0883d24/candidates/stage1_logmel_small_cnn/seed_42/fold_3/attempt_1/model.keras,recorded_in_fold_manifest,20260821T164332Z_490383ff__exp_20260903T170029Z_e0883d24
rec_774e95ea65e8ccac1202,/mnt/d/INFANT CRY/data_set_dbl_split/train/belly_pain/4684_M_eairh.wav,baby,infant_sha256:c26b44279431f42c349cf79784dcea6de03cbb0342cde5868894d0f95de82205,3,baby,0.9763905282805744,0.023609471719425665,original,/mnt/d/INFANT CRY/Models_dbl/experiments/runs/20260821T164332Z_490383ff__exp_20260903T170029Z_e0883d24/candidates/stage1_logmel_small_cnn/seed_42/fold_3/attempt_1/model.keras,recorded_in_fold_manifest,20260821T164332Z_490383ff__exp_20260903T170029Z_e0883d24
rec_81fef69644989c4602c2,/mnt/d/INFANT CRY/data_set_dbl_split/train/belly_pain/4745_M_eairh.wav,baby,infant_sha256:7861889db8e50bab4200a04da467bd0db6150146587d396922ce2bb78b0bb706,3,baby,0.97893718312472,0.02106281687528,original,/mnt/d/INFANT CRY/Models_dbl/experiments/runs/20260821T164332Z_490383ff__exp_20260903T170029Z_e0883d24/candidates/stage1_logmel_small_cnn/seed_42/fold_3/attempt_1/model.keras,recorded_in_fold_manifest,20260821T164332Z_490383ff__exp_20260903T170029Z_e0883d24
rec_db04a08c8cb045de0940,/mnt/d/INFANT CRY/data_set_dbl_split/train/belly_pain/4896_M_eairh.wav,baby,infant_sha256:1eccaa3bd4cdb0737870727823dbfd59114714a88f1514450d9ea2ab7ca1ac0b,3,baby,0.9638951564415568,0.03610484355844324,original,/mnt/d/INFANT CRY/Models_dbl/experiments/runs/20260821T164332Z_490383ff__exp_20260903T170029Z_e0883d24/candidates/stage1_logmel_small_cnn/seed_42/fold_3/attempt_1/model.keras,recorded_in_fold_manifest,20260821T164332Z_490383ff__exp_20260903T170029Z_e0883d24
rec_eb97e029b56da724a0bb,/mnt/d/INFANT CRY/data_set_dbl_split/train/belly_pain/838_F_eairh.wav,baby,infant_sha256:4d36892c5c7bd41937083c0128e319fd5594500ba0d7392d150e632acb2027a7,3,baby,0.9694855791153655,0.030514420884634515,original,/mnt/d/INFANT CRY/Models_dbl/experiments/runs/20260821T164332Z_490383ff__exp_20260903T170029Z_e0883d24/candidates/stage1_logmel_small_cnn/seed_42/fold_3/attempt_1/model.keras,recorded_in_fold_manifest,20260821T164332Z_490383ff__exp_20260903T170029Z_e0883d24
rec_9897d60d93c5b1f8c62b,/mnt/d/INFANT CRY/data_set_dbl_split/train/belly_pain/dunstan-eairh_14.wav,baby,infant_sha256:85e9e88b1b67a02a229b99baaf38c0aaf62ec6e01a3ecab2660df33a717c6ef8,3,baby,0.9005697823593943,0.09943021764060561,original,/mnt/d/INFANT CRY/Models_dbl/experiments/runs/20260821T164332Z_490383ff__exp_20260903T170029Z_e0883d24/candidates/stage1_logmel_small_cnn/seed_42/fold_3/attempt_1/model.keras,recorded_in_fold_manifest,20260821T164332Z_490383ff__exp_20260903T170029Z_e0883d24
rec_d0cc3e578be11d2ca330,/mnt/d/INFANT CRY/data_set_dbl_split/train/belly_pain/dunstan-eairh_18.wav,baby,infant_sha256:930ddde0dd96e649ec88ab2c70f21efa2856aa204d18ed8112bcacc49068ee20,3,baby,0.946505676357139,0.05349432364286099,original,/mnt/d/INFANT CRY/Models_dbl/experiments/runs/20260821T164332Z_490383ff__exp_20260903T170029Z_e0883d24/candidates/stage1_logmel_small_cnn/seed_42/fold_3/attempt_1/model.keras,recorded_in_fold_manifest,20260821T164332Z_490383ff__exp_20260903T170029Z_e0883d24
rec_0dcb14da74eee37cc249,/mnt/d/INFANT CRY/data_set_dbl_split/train/belly_pain/dunstan-eairh_24.wav,baby,infant_sha256:a9804da0f4b378f360b9dc936b2cb7ee1bfa4a18c918007f0083c1d23d7a11d1,3,baby,0.9854459056897397,0.014554094310260376,original,/mnt/d/INFANT CRY/Models_dbl/experiments/runs/20260821T164332Z_490383ff__exp_20260903T170029Z_e0883d24/candidates/stage1_logmel_small_cnn/seed_42/fold_3/attempt_1/model.keras,recorded_in_fold_manifest,20260821T164332Z_490383ff__exp_20260903T170029Z_e0883d24
rec_07826f6464f9e0639207,/mnt/d/INFANT CRY/data_set_dbl_split/train/belly_pain/dunstan-eairh_3.wav,baby,infant_sha256:990eaa82021906430785213347adbfe4f0f738e2f05fb3373fcfdec34c1b98cf,3,not_baby,0.08004816234327089,0.9199518376567292,original,/mnt/d/INFANT CRY/Models_dbl/experiments/runs/20260821T164332Z_490383ff__exp_20260903T170029Z_e0883d24/candidates/stage1_logmel_small_cnn/seed_42/fold_3/attempt_1/model.keras,recorded_in_fold_manifest,20260821T164332Z_490383ff__exp_20260903T170029Z_e0883d24
rec_50282cf393ad274e3952,/mnt/d/INFANT CRY/data_set_dbl_split/train/belly_pain/dunstan-eairh_32.wav,baby,infant_sha256:3c2a0ccc5644543ae05197a155c60d2131356eb9a9a40cfd8396fa6618394a45,3,baby,0.8543592477303407,0.14564075226965928,original,/mnt/d/INFANT CRY/Models_dbl/experiments/runs/20260821T164332Z_490383ff__exp_20260903T170029Z_e0883d24/candidates/stage1_logmel_small_cnn/seed_42/fold_3/attempt_1/model.keras,recorded_in_fold_manifest,20260821T164332Z_490383ff__exp_20260903T170029Z_e0883d24
rec_e28be47a3f49c072a427,/mnt/d/INFANT CRY/data_set_dbl_split/train/belly_pain/dunstan-eairh_8.wav,baby,infant_sha256:2b9df3bb386b69483cb67b17a1436b145ee32022d9a24d90b1d029fa94581f9e,3,not_baby,0.17623677147493236,0.8237632285250677,original,/mnt/d/INFANT CRY/Models_dbl/experiments/runs/20260821T164332Z_490383ff__exp_20260903T170029Z_e0883d24/candidates/stage1_logmel_small_cnn/seed_42/fold_3/attempt_1/model.keras,recorded_in_fold_manifest,20260821T164332Z_490383ff__exp_20260903T170029Z_e0883d24
rec_1ce241cf7686f94b3a25,/mnt/d/INFANT CRY/data_set_dbl_split/train/burping/000124_M_eh.wav,baby,infant_sha256:0095470fcdb006139632e063d9691c40ab0930f4842eddaea7f6b5017d164a19,3,baby,0.6908892393112183,0.30911076068878174,original,/mnt/d/INFANT CRY/Models_dbl/experiments/runs/20260821T164332Z_490383ff__exp_20260903T170029Z_e0883d24/candidates/stage1_logmel_small_cnn/seed_42/fold_3/attempt_1/model.keras,recorded_in_fold_manifest,20260821T164332Z_490383ff__exp_20260903T170029Z_e0883d24
rec_9a29e2de6a245ee391e5,/mnt/d/INFANT CRY/data_set_dbl_split/train/burping/1117_M_eh.wav,baby,infant_sha256:c31946230b18d8d9aa20e239813e174ec03bfced8c2b8fb8e1c2e7f94c76f83e,3,baby,0.5505352288165553,0.4494647711834448,original,/mnt/d/INFANT CRY/Models_dbl/experiments/runs/20260821T164332Z_490383ff__exp_20260903T170029Z_e0883d24/candidates/stage1_logmel_small_cnn/seed_42/fold_3/attempt_1/model.keras,recorded_in_fold_manifest,20260821T164332Z_490383ff__exp_20260903T170029Z_e0883d24
rec_ab271c0dd4cc9e6e5493,/mnt/d/INFANT CRY/data_set_dbl_split/train/burping/1189_M_eh.wav,baby,infant_sha256:06e8b84f0b30b4a9d80a2570e7701f859e6aa6d09985b83a40b011486a2966dc,3,baby,0.8214115378050277,0.1785884621949723,original,/mnt/d/INFANT CRY/Models_dbl/experiments/runs/20260821T164332Z_490383ff__exp_20260903T170029Z_e0883d24/candidates/stage1_logmel_small_cnn/seed_42/fold_3/attempt_1/model.keras,recorded_in_fold_manifest,20260821T164332Z_490383ff__exp_20260903T170029Z_e0883d24
rec_ce25498c6756bcb99abd,/mnt/d/INFANT CRY/data_set_dbl_split/train/burping/1228_M_eh.wav,baby,infant_sha256:1128f3cfbd398ea0d6545e30b75e1752191d49f6edfe3ff7f82849b961e5eb7a,3,baby,0.8899657925932818,0.1100342074067182,original,/mnt/d/INFANT CRY/Models_dbl/experiments/runs/20260821T164332Z_490383ff__exp_20260903T170029Z_e0883d24/candidates/stage1_logmel_small_cnn/seed_42/fold_3/attempt_1/model.keras,recorded_in_fold_manifest,20260821T164332Z_490383ff__exp_20260903T170029Z_e0883d24
rec_10d0435f16610463b458,/mnt/d/INFANT CRY/data_set_dbl_split/train/burping/1280_F_eh.wav,baby,infant_sha256:2530ebce8a151c82104651aaecb10a50b91787f335621f1f6e9bf1a94bf8dd37,3,baby,0.6192751711390964,0.38072482886090364,original,/mnt/d/INFANT CRY/Models_dbl/experiments/runs/20260821T164332Z_490383ff__exp_20260903T170029Z_e0883d24/candidates/stage1_logmel_small_cnn/seed_42/fold_3/attempt_1/model.keras,recorded_in_fold_manifest,20260821T164332Z_490383ff__exp_20260903T170029Z_e0883d24
rec_a0ecc47442b70c870666,/mnt/d/INFANT CRY/data_set_dbl_split/train/burping/1447_M_eh.wav,baby,infant_sha256:8cd469c83ab8f9950a6ab74c1c8784297d8b0f075613634e0e7636dab9132a3a,3,baby,0.7805393803441155,0.21946061965588448,original,/mnt/d/INFANT CRY/Models_dbl/experiments/runs/20260821T164332Z_490383ff__exp_20260903T170029Z_e0883d24/candidates/stage1_logmel_small_cnn/seed_42/fold_3/attempt_1/model.keras,recorded_in_fold_manifest,20260821T164332Z_490383ff__exp_20260903T170029Z_e0883d24
rec_1b2cfce0d8829eddad7e,/mnt/d/INFANT CRY/data_set_dbl_split/train/burping/1480_F_eh.wav,baby,infant_sha256:9eb7034f803107f50420b447b1249d49d29d3dec642df607c3779526edd509df,3,baby,0.6216412782669067,0.37835872173309326,original,/mnt/d/INFANT CRY/Models_dbl/experiments/runs/20260821T164332Z_490383ff__exp_20260903T170029Z_e0883d24/candidates/stage1_logmel_small_cnn/seed_42/fold_3/attempt_1/model.keras,recorded_in_fold_manifest,20260821T164332Z_490383ff__exp_20260903T170029Z_e0883d24
rec_8c0705fd9b6663835196,/mnt/d/INFANT CRY/data_set_dbl_split/train/burping/1501_M_eh.wav,baby,infant_sha256:3eef11efef2d997cd36b7e7d857c14e88717eadff6dd191861bb30aeb99d1a71,3,baby,0.7253137230873108,0.2746862769126892,original,/mnt/d/INFANT CRY/Models_dbl/experiments/runs/20260821T164332Z_490383ff__exp_20260903T170029Z_e0883d24/candidates/stage1_logmel_small_cnn/seed_42/fold_3/attempt_1/model.keras,recorded_in_fold_manifest,20260821T164332Z_490383ff__exp_20260903T170029Z_e0883d24
rec_cbd1060a831248d1b42f,/mnt/d/INFANT CRY/data_set_dbl_split/train/burping/1862_M_eh.wav,baby,infant_sha256:282fe1c4dbc0d500b391f2022850cc04a64e9614f6104d860626197b3df33496,3,baby,0.5545169215336214,0.4454830784663786,original,/mnt/d/INFANT CRY/Models_dbl/experiments/runs/20260821T164332Z_490383ff__exp_20260903T170029Z_e0883d24/candidates/stage1_logmel_small_cnn/seed_42/fold_3/attempt_1/model.keras,recorded_in_fold_manifest,20260821T164332Z_490383ff__exp_20260903T170029Z_e0883d24
rec_1113b5c1927b463e6187,/mnt/d/INFANT CRY/data_set_dbl_split/train/burping/1928_M_eh.wav,baby,infant_sha256:f329353d359487403f183ab1cc96e697fa7683e3b800f5a849a02b79a3e2a6c6,3,not_baby,0.39660578966140747,0.6033942103385925,original,/mnt/d/INFANT CRY/Models_dbl/experiments/runs/20260821T164332Z_490383ff__exp_20260903T170029Z_e0883d24/candidates/stage1_logmel_small_cnn/seed_42/fold_3/attempt_1/model.keras,recorded_in_fold_manifest,20260821T164332Z_490383ff__exp_20260903T170029Z_e0883d24
rec_459bb2953e87065146b1,/mnt/d/INFANT CRY/data_set_dbl_split/train/burping/1959_M_eh.wav,baby,infant_sha256:d0f4706235582cf5e92c6cc91bb29e6ec7bff21b4073444f0ba654c9e9a923f8,3,baby,0.7179261828086918,0.28207381719130825,original,/mnt/d/INFANT CRY/Models_dbl/experiments/runs/20260821T164332Z_490383ff__exp_20260903T170029Z_e0883d24/candidates/stage1_logmel_small_cnn/seed_42/fold_3/attempt_1/model.keras,recorded_in_fold_manifest,20260821T164332Z_490383ff__exp_20260903T170029Z_e0883d24
rec_1ea791cff25abaff0941,/mnt/d/INFANT CRY/data_set_dbl_split/train/burping/2111_M_eh.wav,baby,infant_sha256:42b3c99738a7b6b4d183c2549208be43783f4ce2d51d97a2905d09c7bc26109b,3,baby,0.8450464354441632,0.15495356455583678,original,/mnt/d/INFANT CRY/Models_dbl/experiments/runs/20260821T164332Z_490383ff__exp_20260903T170029Z_e0883d24/candidates/stage1_logmel_small_cnn/seed_42/fold_3/attempt_1/model.keras,recorded_in_fold_manifest,20260821T164332Z_490383ff__exp_20260903T170029Z_e0883d24
rec_adbe9b64dc28a2d959a6,/mnt/d/INFANT CRY/data_set_dbl_split/train/burping/2793_M_eh.wav,baby,infant_sha256:a12dcd5280926d7ed53822cae8475a88e34d42bf0bd3a069ace250575d1746da,3,baby,0.8050984736458604,0.19490152635413957,original,/mnt/d/INFANT CRY/Models_dbl/experiments/runs/20260821T164332Z_490383ff__exp_20260903T170029Z_e0883d24/candidates/stage1_logmel_small_cnn/seed_42/fold_3/attempt_1/model.keras,recorded_in_fold_manifest,20260821T164332Z_490383ff__exp_20260903T170029Z_e0883d24
rec_e4a56aeebd6a02551e95,/mnt/d/INFANT CRY/data_set_dbl_split/train/burping/290_F_eh.wav,baby,infant_sha256:3f3df70b40aaa7332736c472ced6f86b06244bdc86934477bdd93c6cb1d80540,3,baby,0.8143525951645109,0.18564740483548917,original,/mnt/d/INFANT CRY/Models_dbl/experiments/runs/20260821T164332Z_490383ff__exp_20260903T170029Z_e0883d24/candidates/stage1_logmel_small_cnn/seed_42/fold_3/attempt_1/model.keras,recorded_in_fold_manifest,20260821T164332Z_490383ff__exp_20260903T170029Z_e0883d24
rec_28f10489f167e0cf28ed,/mnt/d/INFANT CRY/data_set_dbl_split/train/burping/3269_F_eh.wav,baby,infant_sha256:1640c2a822d0c4fe30f1adf0f21f34e543841cad78912832e1347c32da665986,3,baby,0.9068821330784956,0.09311786692150432,original,/mnt/d/INFANT CRY/Models_dbl/experiments/runs/20260821T164332Z_490383ff__exp_20260903T170029Z_e0883d24/candidates/stage1_logmel_small_cnn/seed_42/fold_3/attempt_1/model.keras,recorded_in_fold_manifest,20260821T164332Z_490383ff__exp_20260903T170029Z_e0883d24
rec_c2d0c914aa634399fe02,/mnt/d/INFANT CRY/data_set_dbl_split/train/burping/3681_M_eh.wav,baby,infant_sha256:5653d67d21720ec9bec3765b4ba53a62cc3bf168c894eaed4d7fad4cb33284f7,3,baby,0.6705387434523923,0.32946125654760766,original,/mnt/d/INFANT CRY/Models_dbl/experiments/runs/20260821T164332Z_490383ff__exp_20260903T170029Z_e0883d24/candidates/stage1_logmel_small_cnn/seed_42/fold_3/attempt_1/model.keras,recorded_in_fold_manifest,20260821T164332Z_490383ff__exp_20260903T170029Z_e0883d24
rec_dcac3876bf6880c602d4,/mnt/d/INFANT CRY/data_set_dbl_split/train/burping/3754_M_eh.wav,baby,infant_sha256:a503e1fc75c60ff7fd7c7f9d553b4868f5c284ecef396cb8cb51d97fe200f55a,3,baby,0.7236351751197823,0.27636482488021774,original,/mnt/d/INFANT CRY/Models_dbl/experiments/runs/20260821T164332Z_490383ff__exp_20260903T170029Z_e0883d24/candidates/stage1_logmel_small_cnn/seed_42/fold_3/attempt_1/model.keras,recorded_in_fold_manifest,20260821T164332Z_490383ff__exp_20260903T170029Z_e0883d24
rec_f951c9cb890a00ed11b1,/mnt/d/INFANT CRY/data_set_dbl_split/train/burping/383_M_eh.wav,baby,infant_sha256:57dd854f9d7733ffa633b4d726e8222662b53a62e7bb05e601b0aeac8b50ac5e,3,not_baby,0.37349496404811633,0.6265050359518837,original,/mnt/d/INFANT CRY/Models_dbl/experiments/runs/20260821T164332Z_490383ff__exp_20260903T170029Z_e0883d24/candidates/stage1_logmel_small_cnn/seed_42/fold_3/attempt_1/model.keras,recorded_in_fold_manifest,20260821T164332Z_490383ff__exp_20260903T170029Z_e0883d24
rec_6283b5f850c67ab736d9,/mnt/d/INFANT CRY/data_set_dbl_split/train/burping/4480_M_eh.wav,baby,infant_sha256:3d7051aa6cc0f4aa78b42f1fe24b587006dc7ea972e03bf296c5d52d50f726e6,3,not_baby,0.4762639843304153,0.5237360156695847,original,/mnt/d/INFANT CRY/Models_dbl/experiments/runs/20260821T164332Z_490383ff__exp_20260903T170029Z_e0883d24/candidates/stage1_logmel_small_cnn/seed_42/fold_3/attempt_1/model.keras,recorded_in_fold_manifest,20260821T164332Z_490383ff__exp_20260903T170029Z_e0883d24
rec_296b5aff467704fad7f9,/mnt/d/INFANT CRY/data_set_dbl_split/train/burping/4544_F_eh.wav,baby,infant_sha256:0b10cd11e25c980a17471c434438223bce5b488819c1911c0af25415a061e3f7,3,baby,0.7658727790510074,0.2341272209489926,original,/mnt/d/INFANT CRY/Models_dbl/experiments/runs/20260821T164332Z_490383ff__exp_20260903T170029Z_e0883d24/candidates/stage1_logmel_small_cnn/seed_42/fold_3/attempt_1/model.keras,recorded_in_fold_manifest,20260821T164332Z_490383ff__exp_20260903T170029Z_e0883d24
rec_33873b0c0a625be21a8e,/mnt/d/INFANT CRY/data_set_dbl_split/train/burping/4655_M_eh.wav,baby,infant_sha256:dec397cb777060436d930a96392b0e2cdb3174b953772635215266a5b9b8e136,3,baby,0.8841604257869847,0.11583957421301526,original,/mnt/d/INFANT CRY/Models_dbl/experiments/runs/20260821T164332Z_490383ff__exp_20260903T170029Z_e0883d24/candidates/stage1_logmel_small_cnn/seed_42/fold_3/attempt_1/model.keras,recorded_in_fold_manifest,20260821T164332Z_490383ff__exp_20260903T170029Z_e0883d24
rec_553ed1bbae89167723a4,/mnt/d/INFANT CRY/data_set_dbl_split/train/burping/479_M_eh.wav,baby,infant_sha256:3bd53ba01daac7194e495f452e3ab46c8cd639f1e104d79141f8038689bef11f,3,baby,0.8461452000417531,0.15385479995824694,original,/mnt/d/INFANT CRY/Models_dbl/experiments/runs/20260821T164332Z_490383ff__exp_20260903T170029Z_e0883d24/candidates/stage1_logmel_small_cnn/seed_42/fold_3/attempt_1/model.keras,recorded_in_fold_manifest,20260821T164332Z_490383ff__exp_20260903T170029Z_e0883d24
rec_8b1d545801964600f8e5,/mnt/d/INFANT CRY/data_set_dbl_split/train/burping/534_M_eh.wav,baby,infant_sha256:7f39c221a49579ad0df497062347c3802a73a136410653c0d25b2bca328b59a0,3,baby,0.908390297120665,0.09160970287933502,original,/mnt/d/INFANT CRY/Models_dbl/experiments/runs/20260821T164332Z_490383ff__exp_20260903T170029Z_e0883d24/candidates/stage1_logmel_small_cnn/seed_42/fold_3/attempt_1/model.keras,recorded_in_fold_manifest,20260821T164332Z_490383ff__exp_20260903T170029Z_e0883d24
rec_e58eee6343a66a9607b3,/mnt/d/INFANT CRY/data_set_dbl_split/train/burping/67_M_eh.wav,baby,infant_sha256:74f5631edcfe772b8fbe0f956d57600709f1b95eebe3140214550d453f248672,3,not_baby,0.3851887766960628,0.6148112233039372,original,/mnt/d/INFANT CRY/Models_dbl/experiments/runs/20260821T164332Z_490383ff__exp_20260903T170029Z_e0883d24/candidates/stage1_logmel_small_cnn/seed_42/fold_3/attempt_1/model.keras,recorded_in_fold_manifest,20260821T164332Z_490383ff__exp_20260903T170029Z_e0883d24
rec_98dbc8f48996f1a11dcf,/mnt/d/INFANT CRY/data_set_dbl_split/train/burping/739_M_eh.wav,baby,infant_sha256:b83b2f104596b489823abc810e00459736c7542bbee6c8c1e20f5fc3cca4d832,3,baby,0.8437725212438417,0.15622747875615828,original,/mnt/d/INFANT CRY/Models_dbl/experiments/runs/20260821T164332Z_490383ff__exp_20260903T170029Z_e0883d24/candidates/stage1_logmel_small_cnn/seed_42/fold_3/attempt_1/model.keras,recorded_in_fold_manifest,20260821T164332Z_490383ff__exp_20260903T170029Z_e0883d24
rec_f270ae8ed465b729fd80,/mnt/d/INFANT CRY/data_set_dbl_split/train/burping/dunstan-eh_18.wav,baby,infant_sha256:3221ab5eedb8fbfdb6f83422d784e90dfd0c9bf75d9c836c7f864a8013341fba,3,baby,0.8895038697271386,0.11049613027286141,original,/mnt/d/INFANT CRY/Models_dbl/experiments/runs/20260821T164332Z_490383ff__exp_20260903T170029Z_e0883d24/candidates/stage1_logmel_small_cnn/seed_42/fold_3/attempt_1/model.keras,recorded_in_fold_manifest,20260821T164332Z_490383ff__exp_20260903T170029Z_e0883d24
rec_165d844150d1c38e7964,/mnt/d/INFANT CRY/data_set_dbl_split/train/burping/dunstan-eh_4.wav,baby,infant_sha256:a2f12b4c5d961d9dfaee2454f0575da21131ad43a4ccce2c562d40e1a5757e26,3,baby,0.8517107494430356,0.14828925055696443,original,/mnt/d/INFANT CRY/Models_dbl/experiments/runs/20260821T164332Z_490383ff__exp_20260903T170029Z_e0883d24/candidates/stage1_logmel_small_cnn/seed_42/fold_3/attempt_1/model.keras,recorded_in_fold_manifest,20260821T164332Z_490383ff__exp_20260903T170029Z_e0883d24
rec_059855a7dd9bebe2345c,/mnt/d/INFANT CRY/data_set_dbl_split/train/burping/dunstan-eh_42.wav,baby,infant_sha256:8304456c390a84f17430306377883a4529785e24f9b0459a5fe673c91877a955,3,baby,0.8298632378896589,0.17013676211034115,original,/mnt/d/INFANT CRY/Models_dbl/experiments/runs/20260821T164332Z_490383ff__exp_20260903T170029Z_e0883d24/candidates/stage1_logmel_small_cnn/seed_42/fold_3/attempt_1/model.keras,recorded_in_fold_manifest,20260821T164332Z_490383ff__exp_20260903T170029Z_e0883d24
rec_473063a86a2fa3e42677,/mnt/d/INFANT CRY/data_set_dbl_split/train/burping/dunstan-eh_48.wav,baby,infant_sha256:75b7bbddfbfca694c2e426fdac87308239aaa9b50fe4aa02c6672bfcd53aa54d,3,baby,0.8727848735696879,0.1272151264303121,original,/mnt/d/INFANT CRY/Models_dbl/experiments/runs/20260821T164332Z_490383ff__exp_20260903T170029Z_e0883d24/candidates/stage1_logmel_small_cnn/seed_42/fold_3/attempt_1/model.keras,recorded_in_fold_manifest,20260821T164332Z_490383ff__exp_20260903T170029Z_e0883d24
rec_54d53591b959293f3ed9,/mnt/d/INFANT CRY/data_set_dbl_split/train/burping/dunstan-eh_5.wav,baby,infant_sha256:8f684147de00fe81ee26eb754e031e9d90a4c5038415e19cf5bb7a5980f0525e,3,baby,0.783425200232488,0.2165747997675121,original,/mnt/d/INFANT CRY/Models_dbl/experiments/runs/20260821T164332Z_490383ff__exp_20260903T170029Z_e0883d24/candidates/stage1_logmel_small_cnn/seed_42/fold_3/attempt_1/model.keras,recorded_in_fold_manifest,20260821T164332Z_490383ff__exp_20260903T170029Z_e0883d24
rec_bd56e50f20a08c95889b,/mnt/d/INFANT CRY/data_set_dbl_split/train/burping/dunstan-eh_6.wav,baby,infant_sha256:7e19c3ae6df9277147e5bc371f32fe03f0e75b4140e56374fb8a13de5adf70d9,3,baby,0.861430938435276,0.13856906156472404,original,/mnt/d/INFANT CRY/Models_dbl/experiments/runs/20260821T164332Z_490383ff__exp_20260903T170029Z_e0883d24/candidates/stage1_logmel_small_cnn/seed_42/fold_3/attempt_1/model.keras,recorded_in_fold_manifest,20260821T164332Z_490383ff__exp_20260903T170029Z_e0883d24
rec_b68a18d4d619ff02538e,/mnt/d/INFANT CRY/data_set_dbl_split/train/discomfort/1534_M_heh.wav,baby,infant_sha256:2385fc73d940197ac1b4185b6886bf4f0fb3d4958d0f2840ccb59198031dd2e9,3,baby,0.8896684580843721,0.11033154191562783,original,/mnt/d/INFANT CRY/Models_dbl/experiments/runs/20260821T164332Z_490383ff__exp_20260903T170029Z_e0883d24/candidates/stage1_logmel_small_cnn/seed_42/fold_3/attempt_1/model.keras,recorded_in_fold_manifest,20260821T164332Z_490383ff__exp_20260903T170029Z_e0883d24
rec_4358c2c84f657df97471,/mnt/d/INFANT CRY/data_set_dbl_split/train/discomfort/1800_M_heh.wav,baby,infant_sha256:ab27dd66edb32df348e1acf22bd5ae1b1f4143908c27dd90ae8c1ffa0127dfbe,3,baby,0.8920432528565061,0.1079567471434939,original,/mnt/d/INFANT CRY/Models_dbl/experiments/runs/20260821T164332Z_490383ff__exp_20260903T170029Z_e0883d24/candidates/stage1_logmel_small_cnn/seed_42/fold_3/attempt_1/model.keras,recorded_in_fold_manifest,20260821T164332Z_490383ff__exp_20260903T170029Z_e0883d24
rec_170a61ba4bff3a2d5277,/mnt/d/INFANT CRY/data_set_dbl_split/train/discomfort/2526_M_heh.wav,baby,infant_sha256:2f34d7b0b1a0c2ab413e31c12a656cfe3a127a95004656a288956eb7538cc8dc,3,baby,0.7870964046447397,0.21290359535526024,original,/mnt/d/INFANT CRY/Models_dbl/experiments/runs/20260821T164332Z_490383ff__exp_20260903T170029Z_e0883d24/candidates/stage1_logmel_small_cnn/seed_42/fold_3/attempt_1/model.keras,recorded_in_fold_manifest,20260821T164332Z_490383ff__exp_20260903T170029Z_e0883d24
rec_fecba998d290d42023e8,/mnt/d/INFANT CRY/data_set_dbl_split/train/discomfort/2928_M_heh.wav,baby,infant_sha256:8bf104a23216b9946bea7db9f8aa057e0ab1677e4d2d845ee10410751a79934e,3,baby,0.9579857266624587,0.0420142733375413,original,/mnt/d/INFANT CRY/Models_dbl/experiments/runs/20260821T164332Z_490383ff__exp_20260903T170029Z_e0883d24/candidates/stage1_logmel_small_cnn/seed_42/fold_3/attempt_1/model.keras,recorded_in_fold_manifest,20260821T164332Z_490383ff__exp_20260903T170029Z_e0883d24
rec_812b51427c3184c41a51,/mnt/d/INFANT CRY/data_set_dbl_split/train/discomfort/3305_M_heh.wav,baby,infant_sha256:190dfacb18577335275676776775ad74aad7a11014a0dd51acb03cd5c94b3702,3,baby,0.9687953374804108,0.031204662519589157,original,/mnt/d/INFANT CRY/Models_dbl/experiments/runs/20260821T164332Z_490383ff__exp_20260903T170029Z_e0883d24/candidates/stage1_logmel_small_cnn/seed_42/fold_3/attempt_1/model.keras,recorded_in_fold_manifest,20260821T164332Z_490383ff__exp_20260903T170029Z_e0883d24
rec_33f6d238ac51ca9e5758,/mnt/d/INFANT CRY/data_set_dbl_split/train/discomfort/3623_F_heh.wav,baby,infant_sha256:52c0eb00919048d647fef9696fc0e175d6ec756c511b1b046a96e27623e746f7,3,baby,0.9190384608650437,0.08096153913495631,original,/mnt/d/INFANT CRY/Models_dbl/experiments/runs/20260821T164332Z_490383ff__exp_20260903T170029Z_e0883d24/candidates/stage1_logmel_small_cnn/seed_42/fold_3/attempt_1/model.keras,recorded_in_fold_manifest,20260821T164332Z_490383ff__exp_20260903T170029Z_e0883d24
rec_29ecf264fe494eea58fb,/mnt/d/INFANT CRY/data_set_dbl_split/train/discomfort/3984_F_heh.wav,baby,infant_sha256:94643e9be3919255af753bcedbb86e101aca7c08ba510a4844039f8938fc17a8,3,baby,0.966418093084278,0.03358190691572203,original,/mnt/d/INFANT CRY/Models_dbl/experiments/runs/20260821T164332Z_490383ff__exp_20260903T170029Z_e0883d24/candidates/stage1_logmel_small_cnn/seed_42/fold_3/attempt_1/model.keras,recorded_in_fold_manifest,20260821T164332Z_490383ff__exp_20260903T170029Z_e0883d24
rec_00aeffb9aa41099dc5e5,/mnt/d/INFANT CRY/data_set_dbl_split/train/discomfort/4084_M_heh.wav,baby,infant_sha256:dc645c82e225c56e3371daef41208ce0b49c664c92d69472cbf319d2ddcf0663,3,baby,0.8159329295158386,0.18406707048416138,original,/mnt/d/INFANT CRY/Models_dbl/experiments/runs/20260821T164332Z_490383ff__exp_20260903T170029Z_e0883d24/candidates/stage1_logmel_small_cnn/seed_42/fold_3/attempt_1/model.keras,recorded_in_fold_manifest,20260821T164332Z_490383ff__exp_20260903T170029Z_e0883d24
rec_f764034287a4370b136d,/mnt/d/INFANT CRY/data_set_dbl_split/train/discomfort/4290_F_heh.wav,baby,infant_sha256:6496fc0d9fae508a5a354ecc133300bbc084c595ab186bfdbcccbb18643fa6c8,3,not_baby,0.12865832064574,0.87134167935426,original,/mnt/d/INFANT CRY/Models_dbl/experiments/runs/20260821T164332Z_490383ff__exp_20260903T170029Z_e0883d24/candidates/stage1_logmel_small_cnn/seed_42/fold_3/attempt_1/model.keras,recorded_in_fold_manifest,20260821T164332Z_490383ff__exp_20260903T170029Z_e0883d24
rec_b4327cfdcef8a6d08926,/mnt/d/INFANT CRY/data_set_dbl_split/train/discomfort/4422_M_heh.wav,baby,infant_sha256:48f3147c8edac60c0de58dbe2b5152ed6db3a562744f6a204b5efaaad2ca0847,3,not_baby,0.20343474159940308,0.7965652584005969,original,/mnt/d/INFANT CRY/Models_dbl/experiments/runs/20260821T164332Z_490383ff__exp_20260903T170029Z_e0883d24/candidates/stage1_logmel_small_cnn/seed_42/fold_3/attempt_1/model.keras,recorded_in_fold_manifest,20260821T164332Z_490383ff__exp_20260903T170029Z_e0883d24
rec_aeb79fc9b0c45b64f93c,/mnt/d/INFANT CRY/data_set_dbl_split/train/discomfort/4790_M_heh.wav,baby,infant_sha256:745142c696dc27171b5296ba1cfbd2cff291d97fa810a2e3f444c695d29c8855,3,baby,0.9546141482202091,0.04538585177979094,original,/mnt/d/INFANT CRY/Models_dbl/experiments/runs/20260821T164332Z_490383ff__exp_20260903T170029Z_e0883d24/candidates/stage1_logmel_small_cnn/seed_42/fold_3/attempt_1/model.keras,recorded_in_fold_manifest,20260821T164332Z_490383ff__exp_20260903T170029Z_e0883d24
rec_970de6b0b559a331bcc5,/mnt/d/INFANT CRY/data_set_dbl_split/train/discomfort/4977_M_heh.wav,baby,infant_sha256:5e32d16af33a1529f954882891aea6432fc41d9789f01072bd4d9e9082ff6eff,3,baby,0.8578043111831593,0.14219568881684078,original,/mnt/d/INFANT CRY/Models_dbl/experiments/runs/20260821T164332Z_490383ff__exp_20260903T170029Z_e0883d24/candidates/stage1_logmel_small_cnn/seed_42/fold_3/attempt_1/model.keras,recorded_in_fold_manifest,20260821T164332Z_490383ff__exp_20260903T170029Z_e0883d24
rec_c66c61c76109180f4ea4,/mnt/d/INFANT CRY/data_set_dbl_split/train/discomfort/592_M_heh.wav,baby,infant_sha256:37db3a802965f18079cdee81a25907c0b04c90d34f0b329e0e5b0ace660f2bc8,3,baby,0.8665546903990908,0.1334453096009092,original,/mnt/d/INFANT CRY/Models_dbl/experiments/runs/20260821T164332Z_490383ff__exp_20260903T170029Z_e0883d24/candidates/stage1_logmel_small_cnn/seed_42/fold_3/attempt_1/model.keras,recorded_in_fold_manifest,20260821T164332Z_490383ff__exp_20260903T170029Z_e0883d24
rec_9185eef7e2aecebfb720,/mnt/d/INFANT CRY/data_set_dbl_split/train/discomfort/735_M_heh.wav,baby,infant_sha256:fedb2f8be484c091b0235f6203935bb810cbc52303d46e5e92ad98c965d3a84a,3,baby,0.9452983877852319,0.05470161221476812,original,/mnt/d/INFANT CRY/Models_dbl/experiments/runs/20260821T164332Z_490383ff__exp_20260903T170029Z_e0883d24/candidates/stage1_logmel_small_cnn/seed_42/fold_3/attempt_1/model.keras,recorded_in_fold_manifest,20260821T164332Z_490383ff__exp_20260903T170029Z_e0883d24
rec_db0d984635fb9d6ef729,/mnt/d/INFANT CRY/data_set_dbl_split/train/discomfort/dunstan-heh_10.wav,baby,infant_sha256:7f85254bf67f2ceefec7d7aceeb58330fb07ff5d0f3214ea8bb9c4b3b7401017,3,baby,0.9182508108932101,0.0817491891067898,original,/mnt/d/INFANT CRY/Models_dbl/experiments/runs/20260821T164332Z_490383ff__exp_20260903T170029Z_e0883d24/candidates/stage1_logmel_small_cnn/seed_42/fold_3/attempt_1/model.keras,recorded_in_fold_manifest,20260821T164332Z_490383ff__exp_20260903T170029Z_e0883d24
rec_d4374ee440aee747b757,/mnt/d/INFANT CRY/data_set_dbl_split/train/discomfort/dunstan-heh_11.wav,baby,infant_sha256:189cec8d650ca8dc4c6bdd0ae7a7db242c81ef999fd71cc140c7546ab6b176bd,3,baby,0.9792301995507948,0.020769800449205178,original,/mnt/d/INFANT CRY/Models_dbl/experiments/runs/20260821T164332Z_490383ff__exp_20260903T170029Z_e0883d24/candidates/stage1_logmel_small_cnn/seed_42/fold_3/attempt_1/model.keras,recorded_in_fold_manifest,20260821T164332Z_490383ff__exp_20260903T170029Z_e0883d24
rec_a446a8a4d062af8dda1b,/mnt/d/INFANT CRY/data_set_dbl_split/train/discomfort/dunstan-heh_15.wav,baby,infant_sha256:e5b3895e08a7d5fc24074bf6ec82dc481a83bcd64263b76cb74666e8a181a462,3,baby,0.5991097867223557,0.4008902132776443,original,/mnt/d/INFANT CRY/Models_dbl/experiments/runs/20260821T164332Z_490383ff__exp_20260903T170029Z_e0883d24/candidates/stage1_logmel_small_cnn/seed_42/fold_3/attempt_1/model.keras,recorded_in_fold_manifest,20260821T164332Z_490383ff__exp_20260903T170029Z_e0883d24
rec_51daa75d6cee602ab3c8,/mnt/d/INFANT CRY/data_set_dbl_split/train/discomfort/dunstan-heh_29.wav,baby,infant_sha256:398e66b3a80071e1e2350ee31fe4be54b45ee3522f3c83e5276790cca8ec175a,3,baby,0.9165633848565564,0.08343661514344353,original,/mnt/d/INFANT CRY/Models_dbl/experiments/runs/20260821T164332Z_490383ff__exp_20260903T170029Z_e0883d24/candidates/stage1_logmel_small_cnn/seed_42/fold_3/attempt_1/model.keras,recorded_in_fold_manifest,20260821T164332Z_490383ff__exp_20260903T170029Z_e0883d24
rec_6456e2ce88a30a623868,/mnt/d/INFANT CRY/data_set_dbl_split/train/discomfort/dunstan-heh_39.wav,baby,infant_sha256:b3e121977321009637405f5e3cdb60ac8e9feb7e958597a3e1d7b716e70adcf9,3,baby,0.8823884466957316,0.11761155330426848,original,/mnt/d/INFANT CRY/Models_dbl/experiments/runs/20260821T164332Z_490383ff__exp_20260903T170029Z_e0883d24/candidates/stage1_logmel_small_cnn/seed_42/fold_3/attempt_1/model.keras,recorded_in_fold_manifest,20260821T164332Z_490383ff__exp_20260903T170029Z_e0883d24
rec_428d00d3f563fd3b0b6f,/mnt/d/INFANT CRY/data_set_dbl_split/train/discomfort/dunstan-heh_4.wav,baby,infant_sha256:c73b737215fb84d2033ef2b51ff24a17727cb6c630b6d18cb08cdffdfaaafed1,3,baby,0.7769823670387268,0.2230176329612732,original,/mnt/d/INFANT CRY/Models_dbl/experiments/runs/20260821T164332Z_490383ff__exp_20260903T170029Z_e0883d24/candidates/stage1_logmel_small_cnn/seed_42/fold_3/attempt_1/model.keras,recorded_in_fold_manifest,20260821T164332Z_490383ff__exp_20260903T170029Z_e0883d24
rec_e03c385467424eb08738,/mnt/d/INFANT CRY/data_set_dbl_split/train/discomfort/dunstan-heh_8.wav,baby,infant_sha256:700ae1bbc45b34451a75a5edd086679c6c6fd9f7b300cc3493fb75e6b9c8ebc8,3,not_baby,0.4621936563676307,0.5378063436323693,original,/mnt/d/INFANT CRY/Models_dbl/experiments/runs/20260821T164332Z_490383ff__exp_20260903T170029Z_e0883d24/candidates/stage1_logmel_small_cnn/seed_42/fold_3/attempt_1/model.keras,recorded_in_fold_manifest,20260821T164332Z_490383ff__exp_20260903T170029Z_e0883d24
rec_c22b93676c972031c987,/mnt/d/INFANT CRY/data_set_dbl_split/train/hungry/1202_F_neh.wav,baby,infant_sha256:ac92a54942af2d0f1c658cabd39741a4814fa2a0260d435cc01a032387f6e271,3,baby,0.9429102226076855,0.0570897773923145,original,/mnt/d/INFANT CRY/Models_dbl/experiments/runs/20260821T164332Z_490383ff__exp_20260903T170029Z_e0883d24/candidates/stage1_logmel_small_cnn/seed_42/fold_3/attempt_1/model.keras,recorded_in_fold_manifest,20260821T164332Z_490383ff__exp_20260903T170029Z_e0883d24
rec_30dd61c9506d4c0ad6d5,/mnt/d/INFANT CRY/data_set_dbl_split/train/hungry/1262_F_neh.wav,baby,infant_sha256:46fab932c94441592374d293fd06f2a0cc912dd59588b26526839b3e067cd844,3,baby,0.9360242346521581,0.0639757653478419,original,/mnt/d/INFANT CRY/Models_dbl/experiments/runs/20260821T164332Z_490383ff__exp_20260903T170029Z_e0883d24/candidates/stage1_logmel_small_cnn/seed_42/fold_3/attempt_1/model.keras,recorded_in_fold_manifest,20260821T164332Z_490383ff__exp_20260903T170029Z_e0883d24
rec_7f539cdc99c86f56f54a,/mnt/d/INFANT CRY/data_set_dbl_split/train/hungry/1332_F_neh.wav,baby,infant_sha256:c4486daaa9004953ee0fcd3b6e7b0b71181d8c2d42570d15d0f2d744139be34c,3,baby,0.992776611967864,0.007223388032135985,original,/mnt/d/INFANT CRY/Models_dbl/experiments/runs/20260821T164332Z_490383ff__exp_20260903T170029Z_e0883d24/candidates/stage1_logmel_small_cnn/seed_42/fold_3/attempt_1/model.keras,recorded_in_fold_manifest,20260821T164332Z_490383ff__exp_20260903T170029Z_e0883d24
rec_46944c0538596aeac65b,/mnt/d/INFANT CRY/data_set_dbl_split/train/hungry/1508_M_neh.wav,baby,infant_sha256:e1dde547b2b5e02c4615bcfe97aef74b1e8092c65b16b16637972f6b260171e6,3,baby,0.948067521168021,0.051932478831979066,original,/mnt/d/INFANT CRY/Models_dbl/experiments/runs/20260821T164332Z_490383ff__exp_20260903T170029Z_e0883d24/candidates/stage1_logmel_small_cnn/seed_42/fold_3/attempt_1/model.keras,recorded_in_fold_manifest,20260821T164332Z_490383ff__exp_20260903T170029Z_e0883d24
rec_5b29661d9ab4ae4541b2,/mnt/d/INFANT CRY/data_set_dbl_split/train/hungry/1614_M_neh.wav,baby,infant_sha256:98c9c1ac8cee31454649873912971dc66a1ebe7ae296070412f3572070358651,3,baby,0.9834583318547034,0.01654166814529655,original,/mnt/d/INFANT CRY/Models_dbl/experiments/runs/20260821T164332Z_490383ff__exp_20260903T170029Z_e0883d24/candidates/stage1_logmel_small_cnn/seed_42/fold_3/attempt_1/model.keras,recorded_in_fold_manifest,20260821T164332Z_490383ff__exp_20260903T170029Z_e0883d24
rec_7de1538e4e8923365a69,/mnt/d/INFANT CRY/data_set_dbl_split/train/hungry/1838_M_neh.wav,baby,infant_sha256:a70c97c99847b123c02ed4af95ebf40cec0df75a82b7ca0786928b26b0bfc1ad,3,baby,0.961969406546074,0.038030593453926044,original,/mnt/d/INFANT CRY/Models_dbl/experiments/runs/20260821T164332Z_490383ff__exp_20260903T170029Z_e0883d24/candidates/stage1_logmel_small_cnn/seed_42/fold_3/attempt_1/model.keras,recorded_in_fold_manifest,20260821T164332Z_490383ff__exp_20260903T170029Z_e0883d24
rec_372ed40ca92e5e14733f,/mnt/d/INFANT CRY/data_set_dbl_split/train/hungry/2108_M_neh.wav,baby,infant_sha256:6db650b5ed425ba10cdfedf4717a78ed14c2e9b0a29258f079097db34f6d0492,3,baby,0.9728345347407052,0.027165465259294697,original,/mnt/d/INFANT CRY/Models_dbl/experiments/runs/20260821T164332Z_490383ff__exp_20260903T170029Z_e0883d24/candidates/stage1_logmel_small_cnn/seed_42/fold_3/attempt_1/model.keras,recorded_in_fold_manifest,20260821T164332Z_490383ff__exp_20260903T170029Z_e0883d24
rec_5f1156e4903ab6fe46cc,/mnt/d/INFANT CRY/data_set_dbl_split/train/hungry/2144_M_neh.wav,baby,infant_sha256:e99b6c5655ef16efacfaf5e4cdc4030ee118604370d8bf82eae49d2b26596e25,3,baby,0.893892228603363,0.10610777139663696,original,/mnt/d/INFANT CRY/Models_dbl/experiments/runs/20260821T164332Z_490383ff__exp_20260903T170029Z_e0883d24/candidates/stage1_logmel_small_cnn/seed_42/fold_3/attempt_1/model.keras,recorded_in_fold_manifest,20260821T164332Z_490383ff__exp_20260903T170029Z_e0883d24
rec_95ecc93388c308db3fbd,/mnt/d/INFANT CRY/data_set_dbl_split/train/hungry/2219_M_neh.wav,baby,infant_sha256:e5586b45c66216c95aa93cc4928b28d6ffdccb9ff2dd686afd63ea73d78982b5,3,baby,0.9870051237475604,0.012994876252439584,original,/mnt/d/INFANT CRY/Models_dbl/experiments/runs/20260821T164332Z_490383ff__exp_20260903T170029Z_e0883d24/candidates/stage1_logmel_small_cnn/seed_42/fold_3/attempt_1/model.keras,recorded_in_fold_manifest,20260821T164332Z_490383ff__exp_20260903T170029Z_e0883d24
rec_dd2ecfc5b21bcd086e19,/mnt/d/INFANT CRY/data_set_dbl_split/train/hungry/2245_F_neh.wav,baby,infant_sha256:ee88073524834bdca165fa2854649a1915783d51378c671e8b0877fa6b50e339,3,baby,0.9023404986363798,0.0976595013636202,original,/mnt/d/INFANT CRY/Models_dbl/experiments/runs/20260821T164332Z_490383ff__exp_20260903T170029Z_e0883d24/candidates/stage1_logmel_small_cnn/seed_42/fold_3/attempt_1/model.keras,recorded_in_fold_manifest,20260821T164332Z_490383ff__exp_20260903T170029Z_e0883d24
rec_75255312c2aae67afa1a,/mnt/d/INFANT CRY/data_set_dbl_split/train/hungry/2331_M_neh.wav,baby,infant_sha256:728d3667b4bd9e8090b92ce918198021377c92b14fb67278875fe08fb90ef15b,3,baby,0.9447324733492812,0.055267526650718775,original,/mnt/d/INFANT CRY/Models_dbl/experiments/runs/20260821T164332Z_490383ff__exp_20260903T170029Z_e0883d24/candidates/stage1_logmel_small_cnn/seed_42/fold_3/attempt_1/model.keras,recorded_in_fold_manifest,20260821T164332Z_490383ff__exp_20260903T170029Z_e0883d24
rec_ad007df31506959b9ddb,/mnt/d/INFANT CRY/data_set_dbl_split/train/hungry/2482_F_neh.wav,baby,infant_sha256:d48b625a2736fac442e4d0dad71862dc91d23d99d4801a2f58dd17ed3f9cf1bd,3,baby,0.972246982934301,0.027753017065698948,original,/mnt/d/INFANT CRY/Models_dbl/experiments/runs/20260821T164332Z_490383ff__exp_20260903T170029Z_e0883d24/candidates/stage1_logmel_small_cnn/seed_42/fold_3/attempt_1/model.keras,recorded_in_fold_manifest,20260821T164332Z_490383ff__exp_20260903T170029Z_e0883d24
rec_4aeef63044c75c534d96,/mnt/d/INFANT CRY/data_set_dbl_split/train/hungry/2514_M_neh.wav,baby,infant_sha256:8ce7f25fca9d4bc9842d0afec6b523f92ebc55c0f6306594750af3645f32e4e8,3,baby,0.9690404804683161,0.03095951953168388,original,/mnt/d/INFANT CRY/Models_dbl/experiments/runs/20260821T164332Z_490383ff__exp_20260903T170029Z_e0883d24/candidates/stage1_logmel_small_cnn/seed_42/fold_3/attempt_1/model.keras,recorded_in_fold_manifest,20260821T164332Z_490383ff__exp_20260903T170029Z_e0883d24
rec_bbd412cfa7ef42afdb4b,/mnt/d/INFANT CRY/data_set_dbl_split/train/hungry/25_M_neh.wav,baby,infant_sha256:fd71098dce7e2ec73b4447c76b602809dc2a209b24471791444bd1a85cb3de3f,3,baby,0.9662650463631359,0.033734953636864067,original,/mnt/d/INFANT CRY/Models_dbl/experiments/runs/20260821T164332Z_490383ff__exp_20260903T170029Z_e0883d24/candidates/stage1_logmel_small_cnn/seed_42/fold_3/attempt_1/model.keras,recorded_in_fold_manifest,20260821T164332Z_490383ff__exp_20260903T170029Z_e0883d24
rec_5c7b94899a81eecee357,/mnt/d/INFANT CRY/data_set_dbl_split/train/hungry/2973_M_neh.wav,baby,infant_sha256:a258c7f3ce0dec54214693dbd12ed67ecd6652c42be0a7c8667f7f502e9251db,3,baby,0.9620549880616186,0.03794501193838145,original,/mnt/d/INFANT CRY/Models_dbl/experiments/runs/20260821T164332Z_490383ff__exp_20260903T170029Z_e0883d24/candidates/stage1_logmel_small_cnn/seed_42/fold_3/attempt_1/model.keras,recorded_in_fold_manifest,20260821T164332Z_490383ff__exp_20260903T170029Z_e0883d24
rec_3ca5af599f5e2d718692,/mnt/d/INFANT CRY/data_set_dbl_split/train/hungry/303_F_neh.wav,baby,infant_sha256:13a56a7a111a4668a2510d21fa34d2fdf7d4cbc5cc473c2253831fb2836a8f81,3,baby,0.7808870193494413,0.2191129806505588,original,/mnt/d/INFANT CRY/Models_dbl/experiments/runs/20260821T164332Z_490383ff__exp_20260903T170029Z_e0883d24/candidates/stage1_logmel_small_cnn/seed_42/fold_3/attempt_1/model.keras,recorded_in_fold_manifest,20260821T164332Z_490383ff__exp_20260903T170029Z_e0883d24
rec_bd47283574366dba00f9,/mnt/d/INFANT CRY/data_set_dbl_split/train/hungry/3269_M_neh.wav,baby,infant_sha256:df359b5202fc1893be41c41b8a2246e171477e19b824254e9218fdbf20fb6463,3,baby,0.9490576593591487,0.050942340640851305,original,/mnt/d/INFANT CRY/Models_dbl/experiments/runs/20260821T164332Z_490383ff__exp_20260903T170029Z_e0883d24/candidates/stage1_logmel_small_cnn/seed_42/fold_3/attempt_1/model.keras,recorded_in_fold_manifest,20260821T164332Z_490383ff__exp_20260903T170029Z_e0883d24
rec_3b32ae946ba19d17300d,/mnt/d/INFANT CRY/data_set_dbl_split/train/hungry/3333_M_neh.wav,baby,infant_sha256:ef90600d239ad8d3da5c17e25950d2d7b629c2292f5613e5bf01c1a5ad73a276,3,baby,0.941860048187001,0.05813995181299907,original,/mnt/d/INFANT CRY/Models_dbl/experiments/runs/20260821T164332Z_490383ff__exp_20260903T170029Z_e0883d24/candidates/stage1_logmel_small_cnn/seed_42/fold_3/attempt_1/model.keras,recorded_in_fold_manifest,20260821T164332Z_490383ff__exp_20260903T170029Z_e0883d24
rec_b1207cfc484bb3ba4c5b,/mnt/d/INFANT CRY/data_set_dbl_split/train/hungry/3541_M_neh.wav,baby,infant_sha256:d204b1c96703905395cb60beb1f7c1d8aff3d5a7c652b87c2c3fce0ddc0cfff8,3,baby,0.9799077912382249,0.02009220876177511,original,/mnt/d/INFANT CRY/Models_dbl/experiments/runs/20260821T164332Z_490383ff__exp_20260903T170029Z_e0883d24/candidates/stage1_logmel_small_cnn/seed_42/fold_3/attempt_1/model.keras,recorded_in_fold_manifest,20260821T164332Z_490383ff__exp_20260903T170029Z_e0883d24
rec_606b51628a29d576c7f5,/mnt/d/INFANT CRY/data_set_dbl_split/train/hungry/3676_M_neh.wav,baby,infant_sha256:bfb1b3e0929c2200c7a939881a7d8f5b1c7dc872c833fce3bc8d5a03bdf842e5,3,baby,0.8359572166806875,0.16404278331931257,original,/mnt/d/INFANT CRY/Models_dbl/experiments/runs/20260821T164332Z_490383ff__exp_20260903T170029Z_e0883d24/candidates/stage1_logmel_small_cnn/seed_42/fold_3/attempt_1/model.keras,recorded_in_fold_manifest,20260821T164332Z_490383ff__exp_20260903T170029Z_e0883d24
rec_c5c7cc4019b6615df3ec,/mnt/d/INFANT CRY/data_set_dbl_split/train/hungry/377_F_neh.wav,baby,infant_sha256:1250b99240a1b507a14b7d33386a9a569e0f76052d34c0a25c6cc6cdc76c3672,3,baby,0.9353884141262893,0.06461158587371069,original,/mnt/d/INFANT CRY/Models_dbl/experiments/runs/20260821T164332Z_490383ff__exp_20260903T170029Z_e0883d24/candidates/stage1_logmel_small_cnn/seed_42/fold_3/attempt_1/model.keras,recorded_in_fold_manifest,20260821T164332Z_490383ff__exp_20260903T170029Z_e0883d24
rec_85357352a774e2f015c1,/mnt/d/INFANT CRY/data_set_dbl_split/train/hungry/3809_M_neh.wav,baby,infant_sha256:95bf45a5f3c62eb6321df442d9003209b6e7d453968037fbbf0ab6872caca841,3,baby,0.9979288784823543,0.0020711215176456178,original,/mnt/d/INFANT CRY/Models_dbl/experiments/runs/20260821T164332Z_490383ff__exp_20260903T170029Z_e0883d24/candidates/stage1_logmel_small_cnn/seed_42/fold_3/attempt_1/model.keras,recorded_in_fold_manifest,20260821T164332Z_490383ff__exp_20260903T170029Z_e0883d24
rec_12aab60e9a224840d67b,/mnt/d/INFANT CRY/data_set_dbl_split/train/hungry/3988_M_neh.wav,baby,infant_sha256:64a2aa29fa0d6a90e8ab1a7a3c202e02293367aad28f101f2e962556c434d555,3,baby,0.9619340990965166,0.038065900903483434,original,/mnt/d/INFANT CRY/Models_dbl/experiments/runs/20260821T164332Z_490383ff__exp_20260903T170029Z_e0883d24/candidates/stage1_logmel_small_cnn/seed_42/fold_3/attempt_1/model.keras,recorded_in_fold_manifest,20260821T164332Z_490383ff__exp_20260903T170029Z_e0883d24
rec_751f261c8b1f00b3e786,/mnt/d/INFANT CRY/data_set_dbl_split/train/hungry/4055_M_neh.wav,baby,infant_sha256:cbc123eb07ce7b13678fd2c6c57819f167c2ff0c45de9d120b772751bc2165ec,3,baby,0.9426987137018867,0.05730128629811324,original,/mnt/d/INFANT CRY/Models_dbl/experiments/runs/20260821T164332Z_490383ff__exp_20260903T170029Z_e0883d24/candidates/stage1_logmel_small_cnn/seed_42/fold_3/attempt_1/model.keras,recorded_in_fold_manifest,20260821T164332Z_490383ff__exp_20260903T170029Z_e0883d24
rec_3089f948268829e76e78,/mnt/d/INFANT CRY/data_set_dbl_split/train/hungry/4171_F_neh.wav,baby,infant_sha256:16557ef8978000c62dbe981081b48f8a592cbb5a05118852ff099e5e1972b886,3,baby,0.9733884805964316,0.026611519403568477,original,/mnt/d/INFANT CRY/Models_dbl/experiments/runs/20260821T164332Z_490383ff__exp_20260903T170029Z_e0883d24/candidates/stage1_logmel_small_cnn/seed_42/fold_3/attempt_1/model.keras,recorded_in_fold_manifest,20260821T164332Z_490383ff__exp_20260903T170029Z_e0883d24
rec_5e3518bec6261a74ca5c,/mnt/d/INFANT CRY/data_set_dbl_split/train/hungry/4479_M_neh.wav,baby,infant_sha256:fb5477607cc4a6996ebfeddbf7c23eaca6d04be838a80e4cf8f876be1264d614,3,baby,0.9607933902858703,0.03920660971412971,original,/mnt/d/INFANT CRY/Models_dbl/experiments/runs/20260821T164332Z_490383ff__exp_20260903T170029Z_e0883d24/candidates/stage1_logmel_small_cnn/seed_42/fold_3/attempt_1/model.keras,recorded_in_fold_manifest,20260821T164332Z_490383ff__exp_20260903T170029Z_e0883d24
rec_bfa6747f918f5738d1c3,/mnt/d/INFANT CRY/data_set_dbl_split/train/hungry/4918_M_neh.wav,baby,infant_sha256:f76c4dc2dafb2295d4cf8d8d82a48a9ac32cd5f607fabdfb30a9d8bd0e3e4db0,3,baby,0.9724221484807152,0.02757785151928481,original,/mnt/d/INFANT CRY/Models_dbl/experiments/runs/20260821T164332Z_490383ff__exp_20260903T170029Z_e0883d24/candidates/stage1_logmel_small_cnn/seed_42/fold_3/attempt_1/model.keras,recorded_in_fold_manifest,20260821T164332Z_490383ff__exp_20260903T170029Z_e0883d24
rec_866de97ef20add08af82,/mnt/d/INFANT CRY/data_set_dbl_split/train/hungry/828_M_neh.wav,baby,infant_sha256:6bbcd95f37c0056fc3be5697a94ef871285dc1075267219c7a2564dd3525ea63,3,baby,0.9518252405154617,0.04817475948453827,original,/mnt/d/INFANT CRY/Models_dbl/experiments/runs/20260821T164332Z_490383ff__exp_20260903T170029Z_e0883d24/candidates/stage1_logmel_small_cnn/seed_42/fold_3/attempt_1/model.keras,recorded_in_fold_manifest,20260821T164332Z_490383ff__exp_20260903T170029Z_e0883d24
rec_f1ad9019670692fe6b00,/mnt/d/INFANT CRY/data_set_dbl_split/train/hungry/926_M_neh.wav,baby,infant_sha256:e6f47e4143471a3cf208a78fbdd82cc6f69231171b1db8d020df40cdb0e3fb69,3,baby,0.9256426829940481,0.07435731700595195,original,/mnt/d/INFANT CRY/Models_dbl/experiments/runs/20260821T164332Z_490383ff__exp_20260903T170029Z_e0883d24/candidates/stage1_logmel_small_cnn/seed_42/fold_3/attempt_1/model.keras,recorded_in_fold_manifest,20260821T164332Z_490383ff__exp_20260903T170029Z_e0883d24
rec_35a8fd627f0a52683c6c,/mnt/d/INFANT CRY/data_set_dbl_split/train/hungry/961_M_neh.wav,baby,infant_sha256:d687d61fd0b9512cf8b653c14bc67e31d1111e22b8237155e91fcc09a28f6fc5,3,baby,0.9484021659089743,0.05159783409102567,original,/mnt/d/INFANT CRY/Models_dbl/experiments/runs/20260821T164332Z_490383ff__exp_20260903T170029Z_e0883d24/candidates/stage1_logmel_small_cnn/seed_42/fold_3/attempt_1/model.keras,recorded_in_fold_manifest,20260821T164332Z_490383ff__exp_20260903T170029Z_e0883d24
rec_4b4785d5ae74ada7c3ec,/mnt/d/INFANT CRY/data_set_dbl_split/train/hungry/dunstan-neh_58.wav,baby,infant_sha256:842bdf6597053d4287099fa4e38914b648b5829e434099bcf24d7bbacca8b02a,3,baby,0.7696479192271208,0.23035208077287914,original,/mnt/d/INFANT CRY/Models_dbl/experiments/runs/20260821T164332Z_490383ff__exp_20260903T170029Z_e0883d24/candidates/stage1_logmel_small_cnn/seed_42/fold_3/attempt_1/model.keras,recorded_in_fold_manifest,20260821T164332Z_490383ff__exp_20260903T170029Z_e0883d24
rec_9a989ed48e3e18f22982,/mnt/d/INFANT CRY/data_set_dbl_split/train/hungry/dunstan-neh_70.wav,baby,infant_sha256:88f4252bab89c82f456f026c142ed78cf18115ee12b081927d93e5267d3f8a3e,3,baby,0.9426268584966213,0.057373141503378716,original,/mnt/d/INFANT CRY/Models_dbl/experiments/runs/20260821T164332Z_490383ff__exp_20260903T170029Z_e0883d24/candidates/stage1_logmel_small_cnn/seed_42/fold_3/attempt_1/model.keras,recorded_in_fold_manifest,20260821T164332Z_490383ff__exp_20260903T170029Z_e0883d24
rec_a8c5ae30e778d945976d,/mnt/d/INFANT CRY/data_set_dbl_split/train/tired/1126_M_owh.wav,baby,infant_sha256:87fe86e4c2a21887e075b6a2efac9de153ab4fed50f94e35dfc9ce68e2b66f2a,3,baby,0.9901773917007187,0.00982260829928131,original,/mnt/d/INFANT CRY/Models_dbl/experiments/runs/20260821T164332Z_490383ff__exp_20260903T170029Z_e0883d24/candidates/stage1_logmel_small_cnn/seed_42/fold_3/attempt_1/model.keras,recorded_in_fold_manifest,20260821T164332Z_490383ff__exp_20260903T170029Z_e0883d24
rec_b6d124cc7980967f1dd5,/mnt/d/INFANT CRY/data_set_dbl_split/train/tired/123_M_owh.wav,baby,infant_sha256:1355344d5cb685e6b98378214d5e3642adcc4e6fefe4c016c047fb2d0a6d332f,3,baby,0.9946259155079475,0.005374084492052419,original,/mnt/d/INFANT CRY/Models_dbl/experiments/runs/20260821T164332Z_490383ff__exp_20260903T170029Z_e0883d24/candidates/stage1_logmel_small_cnn/seed_42/fold_3/attempt_1/model.keras,recorded_in_fold_manifest,20260821T164332Z_490383ff__exp_20260903T170029Z_e0883d24
rec_bcc6ef71a3b6c62fc0db,/mnt/d/INFANT CRY/data_set_dbl_split/train/tired/1248_M_owh.wav,baby,infant_sha256:4301c15a643d2393a73c8396867ffac82190f5cb577879dce1e92bf92ff13ae1,3,baby,0.8921142353432512,0.10788576465674884,original,/mnt/d/INFANT CRY/Models_dbl/experiments/runs/20260821T164332Z_490383ff__exp_20260903T170029Z_e0883d24/candidates/stage1_logmel_small_cnn/seed_42/fold_3/attempt_1/model.keras,recorded_in_fold_manifest,20260821T164332Z_490383ff__exp_20260903T170029Z_e0883d24
rec_7e8a78def33e979ca783,/mnt/d/INFANT CRY/data_set_dbl_split/train/tired/1395_M_owh.wav,baby,infant_sha256:beb9a6718b80f0a157554a9d5b620888544dd6fb7a242952b018a1fa811f2234,3,baby,0.9772715159182905,0.022728484081709414,original,/mnt/d/INFANT CRY/Models_dbl/experiments/runs/20260821T164332Z_490383ff__exp_20260903T170029Z_e0883d24/candidates/stage1_logmel_small_cnn/seed_42/fold_3/attempt_1/model.keras,recorded_in_fold_manifest,20260821T164332Z_490383ff__exp_20260903T170029Z_e0883d24
rec_5807a531d39cade4cc44,/mnt/d/INFANT CRY/data_set_dbl_split/train/tired/1467_M_owh.wav,baby,infant_sha256:69140e925600f517f6d8e5e968b212af20fef301febbb914c8ba3e7fe39324ba,3,baby,0.9914659922386165,0.00853400776138348,original,/mnt/d/INFANT CRY/Models_dbl/experiments/runs/20260821T164332Z_490383ff__exp_20260903T170029Z_e0883d24/candidates/stage1_logmel_small_cnn/seed_42/fold_3/attempt_1/model.keras,recorded_in_fold_manifest,20260821T164332Z_490383ff__exp_20260903T170029Z_e0883d24
rec_33c9c739e8bde25b2dfe,/mnt/d/INFANT CRY/data_set_dbl_split/train/tired/1527_M_owh.wav,baby,infant_sha256:7a034be95fd9a7612bea7cbb3a1e01a2d199140269e9a5d3e7b9aebc3f9be620,3,baby,0.9425436082753612,0.057456391724638796,original,/mnt/d/INFANT CRY/Models_dbl/experiments/runs/20260821T164332Z_490383ff__exp_20260903T170029Z_e0883d24/candidates/stage1_logmel_small_cnn/seed_42/fold_3/attempt_1/model.keras,recorded_in_fold_manifest,20260821T164332Z_490383ff__exp_20260903T170029Z_e0883d24
rec_1747fa8c0259cb9f58a4,/mnt/d/INFANT CRY/data_set_dbl_split/train/tired/1569_M_owh.wav,baby,infant_sha256:2d6d39ac02cbd5b4e64b2e432fdff9e1c44abd71123e66771b2e9f0099ea9435,3,baby,0.9895535633746269,0.01044643662537309,original,/mnt/d/INFANT CRY/Models_dbl/experiments/runs/20260821T164332Z_490383ff__exp_20260903T170029Z_e0883d24/candidates/stage1_logmel_small_cnn/seed_42/fold_3/attempt_1/model.keras,recorded_in_fold_manifest,20260821T164332Z_490383ff__exp_20260903T170029Z_e0883d24
rec_2e1c8666b4883b69abb9,/mnt/d/INFANT CRY/data_set_dbl_split/train/tired/1599_F_owh.wav,baby,infant_sha256:03366fb643596a1f5608e2ef81a79d14091b15f09404e9f31ccd86ff3f3fff16,3,baby,0.9759024330919105,0.02409756690808946,original,/mnt/d/INFANT CRY/Models_dbl/experiments/runs/20260821T164332Z_490383ff__exp_20260903T170029Z_e0883d24/candidates/stage1_logmel_small_cnn/seed_42/fold_3/attempt_1/model.keras,recorded_in_fold_manifest,20260821T164332Z_490383ff__exp_20260903T170029Z_e0883d24
rec_d0301a50570032ee57e5,/mnt/d/INFANT CRY/data_set_dbl_split/train/tired/1629_F_owh.wav,baby,infant_sha256:9bdcc7c8579e3c6cf21c37a9a3f10809d08a80af1fec1da24a3c783e544ca48d,3,baby,0.9963289858713847,0.0036710141286152784,original,/mnt/d/INFANT CRY/Models_dbl/experiments/runs/20260821T164332Z_490383ff__exp_20260903T170029Z_e0883d24/candidates/stage1_logmel_small_cnn/seed_42/fold_3/attempt_1/model.keras,recorded_in_fold_manifest,20260821T164332Z_490383ff__exp_20260903T170029Z_e0883d24
rec_6d53ea377585cd358595,/mnt/d/INFANT CRY/data_set_dbl_split/train/tired/1703_M_owh.wav,baby,infant_sha256:c85814665c128518f5502fac1c54b853b4caaa3422b267f452b68680cf13dce5,3,baby,0.9666557980079635,0.033344201992036415,original,/mnt/d/INFANT CRY/Models_dbl/experiments/runs/20260821T164332Z_490383ff__exp_20260903T170029Z_e0883d24/candidates/stage1_logmel_small_cnn/seed_42/fold_3/attempt_1/model.keras,recorded_in_fold_manifest,20260821T164332Z_490383ff__exp_20260903T170029Z_e0883d24
rec_815fbbf7a4029d0e7b3f,/mnt/d/INFANT CRY/data_set_dbl_split/train/tired/1706_M_owh.wav,baby,infant_sha256:808f071f9bd60224013b50e6cf508d8a0ea2e1174a627af06398d498898aab9f,3,baby,0.9996127360318258,0.00038726396817418784,original,/mnt/d/INFANT CRY/Models_dbl/experiments/runs/20260821T164332Z_490383ff__exp_20260903T170029Z_e0883d24/candidates/stage1_logmel_small_cnn/seed_42/fold_3/attempt_1/model.keras,recorded_in_fold_manifest,20260821T164332Z_490383ff__exp_20260903T170029Z_e0883d24
rec_d02d1d51fcf5369a63ad,/mnt/d/INFANT CRY/data_set_dbl_split/train/tired/1763_M_owh.wav,baby,infant_sha256:7c95c315cde9f1356c28e28f6f62b5f550551b8344be99a3dcd51d7e89fc85c5,3,baby,0.8261563181877136,0.17384368181228638,original,/mnt/d/INFANT CRY/Models_dbl/experiments/runs/20260821T164332Z_490383ff__exp_20260903T170029Z_e0883d24/candidates/stage1_logmel_small_cnn/seed_42/fold_3/attempt_1/model.keras,recorded_in_fold_manifest,20260821T164332Z_490383ff__exp_20260903T170029Z_e0883d24
rec_70045edcafc51ac832ef,/mnt/d/INFANT CRY/data_set_dbl_split/train/tired/1805_M_owh.wav,baby,infant_sha256:549e9b745a147b976d901c8f187e396b1905c2296a027b2c77f9a7f42d286d36,3,baby,0.958313893060914,0.041686106939086025,original,/mnt/d/INFANT CRY/Models_dbl/experiments/runs/20260821T164332Z_490383ff__exp_20260903T170029Z_e0883d24/candidates/stage1_logmel_small_cnn/seed_42/fold_3/attempt_1/model.keras,recorded_in_fold_manifest,20260821T164332Z_490383ff__exp_20260903T170029Z_e0883d24
rec_77e7ee17a7dad6ca1182,/mnt/d/INFANT CRY/data_set_dbl_split/train/tired/1833_F_owh.wav,baby,infant_sha256:49b5e0e118d764a31c5bde824213054a96e46557125fe99bdca9fcfddd1db6ee,3,baby,0.9919133722139295,0.008086627786070492,original,/mnt/d/INFANT CRY/Models_dbl/experiments/runs/20260821T164332Z_490383ff__exp_20260903T170029Z_e0883d24/candidates/stage1_logmel_small_cnn/seed_42/fold_3/attempt_1/model.keras,recorded_in_fold_manifest,20260821T164332Z_490383ff__exp_20260903T170029Z_e0883d24
rec_4b6b12381565fff1bf5d,/mnt/d/INFANT CRY/data_set_dbl_split/train/tired/1922_M_owh.wav,baby,infant_sha256:f07c62dc0e6316075f4b2c7f9bace8ae628a7dd97117e4e4cc50d011fea17ee2,3,baby,0.9998161281566642,0.0001838718433358041,original,/mnt/d/INFANT CRY/Models_dbl/experiments/runs/20260821T164332Z_490383ff__exp_20260903T170029Z_e0883d24/candidates/stage1_logmel_small_cnn/seed_42/fold_3/attempt_1/model.keras,recorded_in_fold_manifest,20260821T164332Z_490383ff__exp_20260903T170029Z_e0883d24
rec_76ee10c04c09a08d27b0,/mnt/d/INFANT CRY/data_set_dbl_split/train/tired/2017_M_owh.wav,baby,infant_sha256:5025e0d49b62713c1715dff08affadc31905ae1ac78f96b4f7349fb559ba00fb,3,baby,0.9953472575347059,0.004652742465294098,original,/mnt/d/INFANT CRY/Models_dbl/experiments/runs/20260821T164332Z_490383ff__exp_20260903T170029Z_e0883d24/candidates/stage1_logmel_small_cnn/seed_42/fold_3/attempt_1/model.keras,recorded_in_fold_manifest,20260821T164332Z_490383ff__exp_20260903T170029Z_e0883d24
rec_3612a0206d6b47c69a0b,/mnt/d/INFANT CRY/data_set_dbl_split/train/tired/2047_F_owh.wav,baby,infant_sha256:09c0e70725a5efe85074bf7e7bd418c5eaa926359d53d594a61c102f9f9f1112,3,baby,0.6281312891284015,0.37186871087159845,original,/mnt/d/INFANT CRY/Models_dbl/experiments/runs/20260821T164332Z_490383ff__exp_20260903T170029Z_e0883d24/candidates/stage1_logmel_small_cnn/seed_42/fold_3/attempt_1/model.keras,recorded_in_fold_manifest,20260821T164332Z_490383ff__exp_20260903T170029Z_e0883d24
rec_c18d49327c6e50d1e569,/mnt/d/INFANT CRY/data_set_dbl_split/train/tired/2156_M_owh.wav,baby,infant_sha256:bae968692719c8b34033cb1ffb767cc3bf4810669ce54c8cb625f818154cad23,3,baby,0.9970626974414973,0.0029373025585026484,original,/mnt/d/INFANT CRY/Models_dbl/experiments/runs/20260821T164332Z_490383ff__exp_20260903T170029Z_e0883d24/candidates/stage1_logmel_small_cnn/seed_42/fold_3/attempt_1/model.keras,recorded_in_fold_manifest,20260821T164332Z_490383ff__exp_20260903T170029Z_e0883d24
rec_e03def87d42d24b8bdf8,/mnt/d/INFANT CRY/data_set_dbl_split/train/tired/2168_M_owh.wav,baby,infant_sha256:9f9019576a9e3bdd78a51a2edb10a80918b4cebcc71f514f2b7e7e64433a1866,3,baby,0.9899416418382281,0.01005835816177192,original,/mnt/d/INFANT CRY/Models_dbl/experiments/runs/20260821T164332Z_490383ff__exp_20260903T170029Z_e0883d24/candidates/stage1_logmel_small_cnn/seed_42/fold_3/attempt_1/model.keras,recorded_in_fold_manifest,20260821T164332Z_490383ff__exp_20260903T170029Z_e0883d24
rec_488a21a4a1921e15174e,/mnt/d/INFANT CRY/data_set_dbl_split/train/tired/2203_M_owh.wav,baby,infant_sha256:1592bfcc9b6dc7ee701421f3a9f6ca53e487f8851250c43ef92f8b41e057e961,3,baby,0.9668705519174848,0.033129448082515146,original,/mnt/d/INFANT CRY/Models_dbl/experiments/runs/20260821T164332Z_490383ff__exp_20260903T170029Z_e0883d24/candidates/stage1_logmel_small_cnn/seed_42/fold_3/attempt_1/model.keras,recorded_in_fold_manifest,20260821T164332Z_490383ff__exp_20260903T170029Z_e0883d24
rec_9f907a5c686df8792eb9,/mnt/d/INFANT CRY/data_set_dbl_split/train/tired/2205_M_owh.wav,baby,infant_sha256:467a337a997936bafaaf7eb581784e44e72f5d3319ab4b06a42e88643c973bdb,3,baby,0.9880403434616174,0.011959656538382626,original,/mnt/d/INFANT CRY/Models_dbl/experiments/runs/20260821T164332Z_490383ff__exp_20260903T170029Z_e0883d24/candidates/stage1_logmel_small_cnn/seed_42/fold_3/attempt_1/model.keras,recorded_in_fold_manifest,20260821T164332Z_490383ff__exp_20260903T170029Z_e0883d24
rec_c73ad4264ea9db9dbabe,/mnt/d/INFANT CRY/data_set_dbl_split/train/tired/2209_F_owh.wav,baby,infant_sha256:e38230e7ecba58c4344b0c2e9c6b1d05877708495096d2709ba35ee3201fbad1,3,baby,0.9998121518971703,0.00018784810282964162,original,/mnt/d/INFANT CRY/Models_dbl/experiments/runs/20260821T164332Z_490383ff__exp_20260903T170029Z_e0883d24/candidates/stage1_logmel_small_cnn/seed_42/fold_3/attempt_1/model.keras,recorded_in_fold_manifest,20260821T164332Z_490383ff__exp_20260903T170029Z_e0883d24
rec_ebd08ea16ea698c45306,/mnt/d/INFANT CRY/data_set_dbl_split/train/tired/223_M_owh.wav,baby,infant_sha256:4146efe34917dbd6a03064e85e2ea43f70fde87e0a5fd5c800c01ea69f71b5b6,3,baby,0.938654563109576,0.06134543689042402,original,/mnt/d/INFANT CRY/Models_dbl/experiments/runs/20260821T164332Z_490383ff__exp_20260903T170029Z_e0883d24/candidates/stage1_logmel_small_cnn/seed_42/fold_3/attempt_1/model.keras,recorded_in_fold_manifest,20260821T164332Z_490383ff__exp_20260903T170029Z_e0883d24
rec_53ff1607510284e05f4c,/mnt/d/INFANT CRY/data_set_dbl_split/train/tired/224_M_owh.wav,baby,infant_sha256:b630d80ccb2a04ddde221f6748ce33d43448d8b7c1c8b1310298c0e9baa94de0,3,baby,0.9414423002886515,0.05855769971134849,original,/mnt/d/INFANT CRY/Models_dbl/experiments/runs/20260821T164332Z_490383ff__exp_20260903T170029Z_e0883d24/candidates/stage1_logmel_small_cnn/seed_42/fold_3/attempt_1/model.keras,recorded_in_fold_manifest,20260821T164332Z_490383ff__exp_20260903T170029Z_e0883d24
rec_d5f0a7c6b2ea83ee846f,/mnt/d/INFANT CRY/data_set_dbl_split/train/tired/2257_M_owh.wav,baby,infant_sha256:4a946dfbba210b2b1566e938c7fa1ea4b7bbe1516886a9c08dcb695e43f79fd2,3,baby,0.9983999926537278,0.0016000073462721753,original,/mnt/d/INFANT CRY/Models_dbl/experiments/runs/20260821T164332Z_490383ff__exp_20260903T170029Z_e0883d24/candidates/stage1_logmel_small_cnn/seed_42/fold_3/attempt_1/model.keras,recorded_in_fold_manifest,20260821T164332Z_490383ff__exp_20260903T170029Z_e0883d24
rec_33b4e755a718fa24b761,/mnt/d/INFANT CRY/data_set_dbl_split/train/tired/2267_F_owh.wav,baby,infant_sha256:ae2c97c5a0d95c75d5bf82ebcfe6978216096b691422005d189c2750aa0f1563,3,baby,0.9998528071546776,0.00014719284532243822,original,/mnt/d/INFANT CRY/Models_dbl/experiments/runs/20260821T164332Z_490383ff__exp_20260903T170029Z_e0883d24/candidates/stage1_logmel_small_cnn/seed_42/fold_3/attempt_1/model.keras,recorded_in_fold_manifest,20260821T164332Z_490383ff__exp_20260903T170029Z_e0883d24
rec_ea3161ab2c4c40e51365,/mnt/d/INFANT CRY/data_set_dbl_split/train/tired/2268_M_owh.wav,baby,infant_sha256:5b4064350d82be8341441f4bca966f0238e0f86bba116216b14f5194aa071b85,3,baby,0.9356336384497514,0.06436636155024852,original,/mnt/d/INFANT CRY/Models_dbl/experiments/runs/20260821T164332Z_490383ff__exp_20260903T170029Z_e0883d24/candidates/stage1_logmel_small_cnn/seed_42/fold_3/attempt_1/model.keras,recorded_in_fold_manifest,20260821T164332Z_490383ff__exp_20260903T170029Z_e0883d24
rec_9c6f6aa87f0f7f70c7b1,/mnt/d/INFANT CRY/data_set_dbl_split/train/tired/2433_M_owh.wav,baby,infant_sha256:0e0b599a6ac84f7526274a7533fb8834ff79027a9722fb85d592d556555ddcb1,3,baby,0.990672141035561,0.009327858964439004,original,/mnt/d/INFANT CRY/Models_dbl/experiments/runs/20260821T164332Z_490383ff__exp_20260903T170029Z_e0883d24/candidates/stage1_logmel_small_cnn/seed_42/fold_3/attempt_1/model.keras,recorded_in_fold_manifest,20260821T164332Z_490383ff__exp_20260903T170029Z_e0883d24
rec_ac7c6723d17cc624863f,/mnt/d/INFANT CRY/data_set_dbl_split/train/tired/2439_M_owh.wav,baby,infant_sha256:f4c93fae8a6112f4da01a169289a7b2e42637b49fc670532ce0b5adc66030cdd,3,baby,0.996453491619187,0.003546508380813022,original,/mnt/d/INFANT CRY/Models_dbl/experiments/runs/20260821T164332Z_490383ff__exp_20260903T170029Z_e0883d24/candidates/stage1_logmel_small_cnn/seed_42/fold_3/attempt_1/model.keras,recorded_in_fold_manifest,20260821T164332Z_490383ff__exp_20260903T170029Z_e0883d24
rec_256c67b71693302f5eed,/mnt/d/INFANT CRY/data_set_dbl_split/train/tired/245_M_owh.wav,baby,infant_sha256:361ba4820ca7fb721844d99b85e6a4044641cfbc1a6f2834c7b0bca97f0ce8f1,3,baby,0.9994956912373968,0.000504308762603259,original,/mnt/d/INFANT CRY/Models_dbl/experiments/runs/20260821T164332Z_490383ff__exp_20260903T170029Z_e0883d24/candidates/stage1_logmel_small_cnn/seed_42/fold_3/attempt_1/model.keras,recorded_in_fold_manifest,20260821T164332Z_490383ff__exp_20260903T170029Z_e0883d24
rec_f0170dc3dba7d07ebbdf,/mnt/d/INFANT CRY/data_set_dbl_split/train/tired/2463_M_owh.wav,baby,infant_sha256:768a69a7bf08a9c95d565a893f9ba3d397402ba455930c7bef9b6ef758aeb296,3,baby,0.9981752298222109,0.0018247701777891975,original,/mnt/d/INFANT CRY/Models_dbl/experiments/runs/20260821T164332Z_490383ff__exp_20260903T170029Z_e0883d24/candidates/stage1_logmel_small_cnn/seed_42/fold_3/attempt_1/model.keras,recorded_in_fold_manifest,20260821T164332Z_490383ff__exp_20260903T170029Z_e0883d24
rec_b3908496284bb1bf91bd,/mnt/d/INFANT CRY/data_set_dbl_split/train/tired/2577_M_owh.wav,baby,infant_sha256:5a160bc78a192acf1ee2ea1a9c3cbe6be9b3f6476ea50c3c7bb65e75711a1aa4,3,baby,0.937369679561618,0.06263032043838204,original,/mnt/d/INFANT CRY/Models_dbl/experiments/runs/20260821T164332Z_490383ff__exp_20260903T170029Z_e0883d24/candidates/stage1_logmel_small_cnn/seed_42/fold_3/attempt_1/model.keras,recorded_in_fold_manifest,20260821T164332Z_490383ff__exp_20260903T170029Z_e0883d24
rec_8f258297fe03207f8428,/mnt/d/INFANT CRY/data_set_dbl_split/train/tired/2593_F_owh.wav,baby,infant_sha256:929e2df61d5933e311bcdab3e388ef7a15582b0aa4d71beba42c7d992d24b2f0,3,baby,0.9417329676156148,0.05826703238438527,original,/mnt/d/INFANT CRY/Models_dbl/experiments/runs/20260821T164332Z_490383ff__exp_20260903T170029Z_e0883d24/candidates/stage1_logmel_small_cnn/seed_42/fold_3/attempt_1/model.keras,recorded_in_fold_manifest,20260821T164332Z_490383ff__exp_20260903T170029Z_e0883d24
rec_6648c1af441391d2b314,/mnt/d/INFANT CRY/data_set_dbl_split/train/tired/2759_M_owh.wav,baby,infant_sha256:47b7a39e50b18133d87fb770cf2f0f0dad83febce29676bfdfb0989b0dba8fb5,3,baby,0.9711130459523071,0.02888695404769296,original,/mnt/d/INFANT CRY/Models_dbl/experiments/runs/20260821T164332Z_490383ff__exp_20260903T170029Z_e0883d24/candidates/stage1_logmel_small_cnn/seed_42/fold_3/attempt_1/model.keras,recorded_in_fold_manifest,20260821T164332Z_490383ff__exp_20260903T170029Z_e0883d24
rec_755d79cdfd94584a1189,/mnt/d/INFANT CRY/data_set_dbl_split/train/tired/2828_M_owh.wav,baby,infant_sha256:0fe33f3314926ce1c3cc090b9a585b62c26bbbd8dc7295ca81b52fda444991cc,3,baby,0.9962786218136119,0.003721378186388091,original,/mnt/d/INFANT CRY/Models_dbl/experiments/runs/20260821T164332Z_490383ff__exp_20260903T170029Z_e0883d24/candidates/stage1_logmel_small_cnn/seed_42/fold_3/attempt_1/model.keras,recorded_in_fold_manifest,20260821T164332Z_490383ff__exp_20260903T170029Z_e0883d24
rec_f460c5492abd3673b9bb,/mnt/d/INFANT CRY/data_set_dbl_split/train/tired/2840_M_owh.wav,baby,infant_sha256:d8e254bfe365d05f24dd7623b85e8f3f471c13b73d52b8de86b9e5328f8c55dd,3,baby,0.9599018955325734,0.04009810446742655,original,/mnt/d/INFANT CRY/Models_dbl/experiments/runs/20260821T164332Z_490383ff__exp_20260903T170029Z_e0883d24/candidates/stage1_logmel_small_cnn/seed_42/fold_3/attempt_1/model.keras,recorded_in_fold_manifest,20260821T164332Z_490383ff__exp_20260903T170029Z_e0883d24
rec_82fe1c8ae9c2efafe311,/mnt/d/INFANT CRY/data_set_dbl_split/train/tired/2865_M_owh.wav,baby,infant_sha256:a8d6812ff62aa7a2eb50f39adbc4b0f0d4b119799b1fa4e2b21977e287f2b9e1,3,baby,0.9815411128904918,0.018458887109508198,original,/mnt/d/INFANT CRY/Models_dbl/experiments/runs/20260821T164332Z_490383ff__exp_20260903T170029Z_e0883d24/candidates/stage1_logmel_small_cnn/seed_42/fold_3/attempt_1/model.keras,recorded_in_fold_manifest,20260821T164332Z_490383ff__exp_20260903T170029Z_e0883d24
rec_aad52c19bc1afac39845,/mnt/d/INFANT CRY/data_set_dbl_split/train/tired/2913_M_owh.wav,baby,infant_sha256:7dcdc572dc5148ea35b56c2e756db40b0394c8143fd21034415456762873aa5a,3,baby,0.9418499715790127,0.058150028420987286,original,/mnt/d/INFANT CRY/Models_dbl/experiments/runs/20260821T164332Z_490383ff__exp_20260903T170029Z_e0883d24/candidates/stage1_logmel_small_cnn/seed_42/fold_3/attempt_1/model.keras,recorded_in_fold_manifest,20260821T164332Z_490383ff__exp_20260903T170029Z_e0883d24
rec_40e0b85304686332a5bd,/mnt/d/INFANT CRY/data_set_dbl_split/train/tired/303_F_owh.wav,baby,infant_sha256:348796330822dfc3910793fc76415a10bb8ff496dcaff510f3e0c0a3061e7974,3,baby,0.9851232538045664,0.01487674619543352,original,/mnt/d/INFANT CRY/Models_dbl/experiments/runs/20260821T164332Z_490383ff__exp_20260903T170029Z_e0883d24/candidates/stage1_logmel_small_cnn/seed_42/fold_3/attempt_1/model.keras,recorded_in_fold_manifest,20260821T164332Z_490383ff__exp_20260903T170029Z_e0883d24
rec_96284b159ff84d9dce47,/mnt/d/INFANT CRY/data_set_dbl_split/train/tired/3042_F_owh.wav,baby,infant_sha256:d056399e986d76921a0215eee59c2ccf374ffb829be0a564caedde6672c2a55b,3,baby,0.9870502427729477,0.012949757227052262,original,/mnt/d/INFANT CRY/Models_dbl/experiments/runs/20260821T164332Z_490383ff__exp_20260903T170029Z_e0883d24/candidates/stage1_logmel_small_cnn/seed_42/fold_3/attempt_1/model.keras,recorded_in_fold_manifest,20260821T164332Z_490383ff__exp_20260903T170029Z_e0883d24
rec_378dbfadc3df23e4b9de,/mnt/d/INFANT CRY/data_set_dbl_split/train/tired/3044_M_owh.wav,baby,infant_sha256:b88249997c40581c1a91135ba57adf22678e5a2e0e2bb62119e08ee5b438406a,3,baby,0.9994961167031167,0.0005038832968833841,original,/mnt/d/INFANT CRY/Models_dbl/experiments/runs/20260821T164332Z_490383ff__exp_20260903T170029Z_e0883d24/candidates/stage1_logmel_small_cnn/seed_42/fold_3/attempt_1/model.keras,recorded_in_fold_manifest,20260821T164332Z_490383ff__exp_20260903T170029Z_e0883d24
rec_8d4d64f82ec65f4c6381,/mnt/d/INFANT CRY/data_set_dbl_split/train/tired/3046_M_owh.wav,baby,infant_sha256:ca7eb1fd18c4c6e966fa5fd91139e3270681c262fa4cb30ef799432e75c372a2,3,baby,0.9664619220988209,0.03353807790117914,original,/mnt/d/INFANT CRY/Models_dbl/experiments/runs/20260821T164332Z_490383ff__exp_20260903T170029Z_e0883d24/candidates/stage1_logmel_small_cnn/seed_42/fold_3/attempt_1/model.keras,recorded_in_fold_manifest,20260821T164332Z_490383ff__exp_20260903T170029Z_e0883d24
rec_3827c222ef0b705ce525,/mnt/d/INFANT CRY/data_set_dbl_split/train/tired/3095_M_owh.wav,baby,infant_sha256:ec0f04fa8803052a5f58f96a6fa45e1bae8c8717d8061a18d3d003246b1389fe,3,baby,0.9417513854513306,0.05824861454866939,original,/mnt/d/INFANT CRY/Models_dbl/experiments/runs/20260821T164332Z_490383ff__exp_20260903T170029Z_e0883d24/candidates/stage1_logmel_small_cnn/seed_42/fold_3/attempt_1/model.keras,recorded_in_fold_manifest,20260821T164332Z_490383ff__exp_20260903T170029Z_e0883d24
rec_19d85e73864b90783a58,/mnt/d/INFANT CRY/data_set_dbl_split/train/tired/3100_M_owh.wav,baby,infant_sha256:bc360de0bc9917f2d4efb3adcc9df1ac95518253da6260ba52238b114437d507,3,baby,0.8929376735230934,0.10706232647690664,original,/mnt/d/INFANT CRY/Models_dbl/experiments/runs/20260821T164332Z_490383ff__exp_20260903T170029Z_e0883d24/candidates/stage1_logmel_small_cnn/seed_42/fold_3/attempt_1/model.keras,recorded_in_fold_manifest,20260821T164332Z_490383ff__exp_20260903T170029Z_e0883d24
rec_8d606ae504c4a0515c0a,/mnt/d/INFANT CRY/data_set_dbl_split/train/tired/3223_M_owh.wav,baby,infant_sha256:58b1dfa31fe9fc6778711252786067222b8fa4a26b405e6c0c6b25dba27b5aea,3,baby,0.8027569890843924,0.19724301091560753,original,/mnt/d/INFANT CRY/Models_dbl/experiments/runs/20260821T164332Z_490383ff__exp_20260903T170029Z_e0883d24/candidates/stage1_logmel_small_cnn/seed_42/fold_3/attempt_1/model.keras,recorded_in_fold_manifest,20260821T164332Z_490383ff__exp_20260903T170029Z_e0883d24
rec_eea6caa7a91e0e4bafc4,/mnt/d/INFANT CRY/data_set_dbl_split/train/tired/3266_F_owh.wav,baby,infant_sha256:62714e2279a69f615b677c93822babc284fb9786c18a5d886e4a17de3dd70d6c,3,baby,0.9941955749269822,0.005804425073017785,original,/mnt/d/INFANT CRY/Models_dbl/experiments/runs/20260821T164332Z_490383ff__exp_20260903T170029Z_e0883d24/candidates/stage1_logmel_small_cnn/seed_42/fold_3/attempt_1/model.keras,recorded_in_fold_manifest,20260821T164332Z_490383ff__exp_20260903T170029Z_e0883d24
rec_e232f46722fc0102a29f,/mnt/d/INFANT CRY/data_set_dbl_split/train/tired/3337_M_owh.wav,baby,infant_sha256:1b78e1ae47a60b62e7241cfc9a92474237499fa6ea6041e5b05b5db97047c43d,3,baby,0.9713676535659743,0.028632346434025666,original,/mnt/d/INFANT CRY/Models_dbl/experiments/runs/20260821T164332Z_490383ff__exp_20260903T170029Z_e0883d24/candidates/stage1_logmel_small_cnn/seed_42/fold_3/attempt_1/model.keras,recorded_in_fold_manifest,20260821T164332Z_490383ff__exp_20260903T170029Z_e0883d24
rec_a525f0753c3b8738efdc,/mnt/d/INFANT CRY/data_set_dbl_split/train/tired/3373_M_owh.wav,baby,infant_sha256:d3556a94c41008d8ae69d1de6e63f5fd42428aa419198485512bf7736dc26ef0,3,baby,0.9987855610601246,0.0012144389398754001,original,/mnt/d/INFANT CRY/Models_dbl/experiments/runs/20260821T164332Z_490383ff__exp_20260903T170029Z_e0883d24/candidates/stage1_logmel_small_cnn/seed_42/fold_3/attempt_1/model.keras,recorded_in_fold_manifest,20260821T164332Z_490383ff__exp_20260903T170029Z_e0883d24
rec_5a00ca260f8129914b9f,/mnt/d/INFANT CRY/data_set_dbl_split/train/tired/3457_M_owh.wav,baby,infant_sha256:597134a3cfa22d9bed8f4755b4d6772de24fd852710de6aac2bf5e0c3b0e016b,3,baby,0.98644002588559,0.013559974114409977,original,/mnt/d/INFANT CRY/Models_dbl/experiments/runs/20260821T164332Z_490383ff__exp_20260903T170029Z_e0883d24/candidates/stage1_logmel_small_cnn/seed_42/fold_3/attempt_1/model.keras,recorded_in_fold_manifest,20260821T164332Z_490383ff__exp_20260903T170029Z_e0883d24
rec_a9a998b8b102f1ba4290,/mnt/d/INFANT CRY/data_set_dbl_split/train/tired/3476_F_owh.wav,baby,infant_sha256:425b39296cd46bd1fd0bbbebae3665a3e4bb71c31ebf671767d6c4d0fd70ceb7,3,baby,0.834416640317688,0.165583359682312,original,/mnt/d/INFANT CRY/Models_dbl/experiments/runs/20260821T164332Z_490383ff__exp_20260903T170029Z_e0883d24/candidates/stage1_logmel_small_cnn/seed_42/fold_3/attempt_1/model.keras,recorded_in_fold_manifest,20260821T164332Z_490383ff__exp_20260903T170029Z_e0883d24
rec_16558afa900ca4e3b0a1,/mnt/d/INFANT CRY/data_set_dbl_split/train/tired/3516_M_owh.wav,baby,infant_sha256:e281d0694e38dde1babd10aea546dd9411fa9c90aee32cf0b08702678e0a48d5,3,baby,0.984436012235563,0.015563987764437036,original,/mnt/d/INFANT CRY/Models_dbl/experiments/runs/20260821T164332Z_490383ff__exp_20260903T170029Z_e0883d24/candidates/stage1_logmel_small_cnn/seed_42/fold_3/attempt_1/model.keras,recorded_in_fold_manifest,20260821T164332Z_490383ff__exp_20260903T170029Z_e0883d24
rec_25f56527dfe9611f6174,/mnt/d/INFANT CRY/data_set_dbl_split/train/tired/3531_F_owh.wav,baby,infant_sha256:62543d3ee05ba2edc50f1d5e307ec4ece6c71edad6b494ede699e1ad7e36111d,3,baby,0.9000342220057779,0.0999657779942221,original,/mnt/d/INFANT CRY/Models_dbl/experiments/runs/20260821T164332Z_490383ff__exp_20260903T170029Z_e0883d24/candidates/stage1_logmel_small_cnn/seed_42/fold_3/attempt_1/model.keras,recorded_in_fold_manifest,20260821T164332Z_490383ff__exp_20260903T170029Z_e0883d24
rec_f73e60c624491b4f6adc,/mnt/d/INFANT CRY/data_set_dbl_split/train/tired/3606_F_owh.wav,baby,infant_sha256:263af157241e844d6bb5727c36a3496e485ee163180b951b863e0c6b5c9c610d,3,baby,0.964513897895813,0.03548610210418701,original,/mnt/d/INFANT CRY/Models_dbl/experiments/runs/20260821T164332Z_490383ff__exp_20260903T170029Z_e0883d24/candidates/stage1_logmel_small_cnn/seed_42/fold_3/attempt_1/model.keras,recorded_in_fold_manifest,20260821T164332Z_490383ff__exp_20260903T170029Z_e0883d24
rec_23b5546de1432ceacbfd,/mnt/d/INFANT CRY/data_set_dbl_split/train/tired/3631_M_owh.wav,baby,infant_sha256:7812887439e020c1b3c105ef2d4aed77f6b54279ba332d211cbc1ca2c041b36f,3,baby,0.9131571430125407,0.08684285698745933,original,/mnt/d/INFANT CRY/Models_dbl/experiments/runs/20260821T164332Z_490383ff__exp_20260903T170029Z_e0883d24/candidates/stage1_logmel_small_cnn/seed_42/fold_3/attempt_1/model.keras,recorded_in_fold_manifest,20260821T164332Z_490383ff__exp_20260903T170029Z_e0883d24
rec_a984ab810a9574ec6ac4,/mnt/d/INFANT CRY/data_set_dbl_split/train/tired/3666_M_owh.wav,baby,infant_sha256:bf55106e9ec4679afa74c477d6448e85efd92517fa30578fa19ff3522d9742f3,3,baby,0.8820222817947441,0.11797771820525595,original,/mnt/d/INFANT CRY/Models_dbl/experiments/runs/20260821T164332Z_490383ff__exp_20260903T170029Z_e0883d24/candidates/stage1_logmel_small_cnn/seed_42/fold_3/attempt_1/model.keras,recorded_in_fold_manifest,20260821T164332Z_490383ff__exp_20260903T170029Z_e0883d24
rec_36691ab58190065475a4,/mnt/d/INFANT CRY/data_set_dbl_split/train/tired/366_M_owh.wav,baby,infant_sha256:b5ae1ab31db039b9cedca1fec3a3ed0e154e4741073b0bdd5b3fa89dba517617,3,baby,0.8329784050425174,0.1670215949574826,original,/mnt/d/INFANT CRY/Models_dbl/experiments/runs/20260821T164332Z_490383ff__exp_20260903T170029Z_e0883d24/candidates/stage1_logmel_small_cnn/seed_42/fold_3/attempt_1/model.keras,recorded_in_fold_manifest,20260821T164332Z_490383ff__exp_20260903T170029Z_e0883d24
rec_90aae28bd824eec25db0,/mnt/d/INFANT CRY/data_set_dbl_split/train/tired/3722_M_owh.wav,baby,infant_sha256:5bf0e46b5c8ab97ba5ffccf2ccc18a541c0a30e2398e3b4e6a0bd263aac20c1a,3,baby,0.9813922230413598,0.018607776958640236,original,/mnt/d/INFANT CRY/Models_dbl/experiments/runs/20260821T164332Z_490383ff__exp_20260903T170029Z_e0883d24/candidates/stage1_logmel_small_cnn/seed_42/fold_3/attempt_1/model.keras,recorded_in_fold_manifest,20260821T164332Z_490383ff__exp_20260903T170029Z_e0883d24
rec_1fa57e7d8390c3562932,/mnt/d/INFANT CRY/data_set_dbl_split/train/tired/3912_M_owh.wav,baby,infant_sha256:d5640d8ae7faa50a4fbf118e4598227702f8ebfb26eb257516a458ade087e765,3,baby,0.8268347382545471,0.17316526174545288,original,/mnt/d/INFANT CRY/Models_dbl/experiments/runs/20260821T164332Z_490383ff__exp_20260903T170029Z_e0883d24/candidates/stage1_logmel_small_cnn/seed_42/fold_3/attempt_1/model.keras,recorded_in_fold_manifest,20260821T164332Z_490383ff__exp_20260903T170029Z_e0883d24
rec_85216b6329c5ac0267b9,/mnt/d/INFANT CRY/data_set_dbl_split/train/tired/3921_M_owh.wav,baby,infant_sha256:2a8d50848f8575361996901d0b8fdbd7f60828c0c3c600dd06667f2a6ab39c61,3,baby,0.9997781186784078,0.00022188132159221867,original,/mnt/d/INFANT CRY/Models_dbl/experiments/runs/20260821T164332Z_490383ff__exp_20260903T170029Z_e0883d24/candidates/stage1_logmel_small_cnn/seed_42/fold_3/attempt_1/model.keras,recorded_in_fold_manifest,20260821T164332Z_490383ff__exp_20260903T170029Z_e0883d24
rec_79e8f2f721ced39d2156,/mnt/d/INFANT CRY/data_set_dbl_split/train/tired/3988_M_owh.wav,baby,infant_sha256:68392703581f2bb331e40a4833739a6acb685d21bc5ac14c946b0953c903daac,3,baby,0.9300609050718355,0.06993909492816455,original,/mnt/d/INFANT CRY/Models_dbl/experiments/runs/20260821T164332Z_490383ff__exp_20260903T170029Z_e0883d24/candidates/stage1_logmel_small_cnn/seed_42/fold_3/attempt_1/model.keras,recorded_in_fold_manifest,20260821T164332Z_490383ff__exp_20260903T170029Z_e0883d24
rec_319780f53524cae3ddb4,/mnt/d/INFANT CRY/data_set_dbl_split/train/tired/3990_M_owh.wav,baby,infant_sha256:4b96e23058cbcd1c5a1534f51040e18f59916d1391a46b9d8b8501d487fe80b5,3,baby,0.9960476027823799,0.003952397217620035,original,/mnt/d/INFANT CRY/Models_dbl/experiments/runs/20260821T164332Z_490383ff__exp_20260903T170029Z_e0883d24/candidates/stage1_logmel_small_cnn/seed_42/fold_3/attempt_1/model.keras,recorded_in_fold_manifest,20260821T164332Z_490383ff__exp_20260903T170029Z_e0883d24
rec_c998ba3369e3adec0c82,/mnt/d/INFANT CRY/data_set_dbl_split/train/tired/3996_M_owh.wav,baby,infant_sha256:99ff43d6a0f3e159e4224df1a6e0bce3dea8b616b5df84413703bad987fb0431,3,baby,0.9985053121078891,0.0014946878921109307,original,/mnt/d/INFANT CRY/Models_dbl/experiments/runs/20260821T164332Z_490383ff__exp_20260903T170029Z_e0883d24/candidates/stage1_logmel_small_cnn/seed_42/fold_3/attempt_1/model.keras,recorded_in_fold_manifest,20260821T164332Z_490383ff__exp_20260903T170029Z_e0883d24
rec_1fc595f5a9fa8e61bb2a,/mnt/d/INFANT CRY/data_set_dbl_split/train/tired/4120_M_owh.wav,baby,infant_sha256:dddd06308056912d46afc81cea792c160e31db580a75f89c75d66457f96339db,3,baby,0.8596794816994898,0.14032051830051012,original,/mnt/d/INFANT CRY/Models_dbl/experiments/runs/20260821T164332Z_490383ff__exp_20260903T170029Z_e0883d24/candidates/stage1_logmel_small_cnn/seed_42/fold_3/attempt_1/model.keras,recorded_in_fold_manifest,20260821T164332Z_490383ff__exp_20260903T170029Z_e0883d24
rec_740de24545564d3e7766,/mnt/d/INFANT CRY/data_set_dbl_split/train/tired/4128_F_owh.wav,baby,infant_sha256:cecd8320b317512adf35bd8efbd3ad03e8e9c5e2e33b3e33a61a49a7604b6794,3,baby,0.9747444842048811,0.025255515795118873,original,/mnt/d/INFANT CRY/Models_dbl/experiments/runs/20260821T164332Z_490383ff__exp_20260903T170029Z_e0883d24/candidates/stage1_logmel_small_cnn/seed_42/fold_3/attempt_1/model.keras,recorded_in_fold_manifest,20260821T164332Z_490383ff__exp_20260903T170029Z_e0883d24
rec_78f07c60b5f9f2c7b733,/mnt/d/INFANT CRY/data_set_dbl_split/train/tired/4136_M_owh.wav,baby,infant_sha256:f8099db6d4a86ad33d5d77a557a1c9ae43055ffe0d4504cde7b09dc393fedaa9,3,baby,0.9940927995030879,0.005907200496912021,original,/mnt/d/INFANT CRY/Models_dbl/experiments/runs/20260821T164332Z_490383ff__exp_20260903T170029Z_e0883d24/candidates/stage1_logmel_small_cnn/seed_42/fold_3/attempt_1/model.keras,recorded_in_fold_manifest,20260821T164332Z_490383ff__exp_20260903T170029Z_e0883d24
rec_17f1b23ae4cf46ed1101,/mnt/d/INFANT CRY/data_set_dbl_split/train/tired/4146_M_owh.wav,baby,infant_sha256:f3b0f11e9bcbc5e79094c08f6ec41e3f3882c679373fefcc2979d13ce316ca7f,3,baby,0.9992169929635821,0.0007830070364178455,original,/mnt/d/INFANT CRY/Models_dbl/experiments/runs/20260821T164332Z_490383ff__exp_20260903T170029Z_e0883d24/candidates/stage1_logmel_small_cnn/seed_42/fold_3/attempt_1/model.keras,recorded_in_fold_manifest,20260821T164332Z_490383ff__exp_20260903T170029Z_e0883d24
rec_c2416b005b4b9fc65ff2,/mnt/d/INFANT CRY/data_set_dbl_split/train/tired/4160_M_owh.wav,baby,infant_sha256:5f3302d66221a0a9a9370c5eea9d8e7b2fdcda3f916eadd0de24d8cf8c5ebe58,3,baby,0.7475557850996448,0.2524442149003552,original,/mnt/d/INFANT CRY/Models_dbl/experiments/runs/20260821T164332Z_490383ff__exp_20260903T170029Z_e0883d24/candidates/stage1_logmel_small_cnn/seed_42/fold_3/attempt_1/model.keras,recorded_in_fold_manifest,20260821T164332Z_490383ff__exp_20260903T170029Z_e0883d24
rec_2df803f30d57bddf6f05,/mnt/d/INFANT CRY/data_set_dbl_split/train/tired/4186_M_owh.wav,baby,infant_sha256:b3130cc67025a37985b65bc0789767274bbc51fa5807c11d8fc88b376765be21,3,baby,0.9973630116365082,0.002636988363491829,original,/mnt/d/INFANT CRY/Models_dbl/experiments/runs/20260821T164332Z_490383ff__exp_20260903T170029Z_e0883d24/candidates/stage1_logmel_small_cnn/seed_42/fold_3/attempt_1/model.keras,recorded_in_fold_manifest,20260821T164332Z_490383ff__exp_20260903T170029Z_e0883d24
rec_9bc5099fe6282cf31fd7,/mnt/d/INFANT CRY/data_set_dbl_split/train/tired/4220_F_owh.wav,baby,infant_sha256:87bf3242a76657a8e7da9d2149ba83c63efd0afb105d955c598b5cad797ac4ce,3,baby,0.8040390490883731,0.19596095091162696,original,/mnt/d/INFANT CRY/Models_dbl/experiments/runs/20260821T164332Z_490383ff__exp_20260903T170029Z_e0883d24/candidates/stage1_logmel_small_cnn/seed_42/fold_3/attempt_1/model.keras,recorded_in_fold_manifest,20260821T164332Z_490383ff__exp_20260903T170029Z_e0883d24
rec_6091d0f49564e19483e3,/mnt/d/INFANT CRY/data_set_dbl_split/train/tired/4359_M_owh.wav,baby,infant_sha256:9caeabdf6f42e6fac8401db36c7ab140920b22b21e06deefb564d309e496f58e,3,baby,0.9975373700835719,0.00246262991642813,original,/mnt/d/INFANT CRY/Models_dbl/experiments/runs/20260821T164332Z_490383ff__exp_20260903T170029Z_e0883d24/candidates/stage1_logmel_small_cnn/seed_42/fold_3/attempt_1/model.keras,recorded_in_fold_manifest,20260821T164332Z_490383ff__exp_20260903T170029Z_e0883d24
rec_ea25176e4c058220773e,/mnt/d/INFANT CRY/data_set_dbl_split/train/tired/4378_M_owh.wav,baby,infant_sha256:330790ea95b48ee9eb84c2e4e401eb3789fcbce33535d4570fc54d7f52d76c96,3,baby,0.9943277634615737,0.005672236538426308,original,/mnt/d/INFANT CRY/Models_dbl/experiments/runs/20260821T164332Z_490383ff__exp_20260903T170029Z_e0883d24/candidates/stage1_logmel_small_cnn/seed_42/fold_3/attempt_1/model.keras,recorded_in_fold_manifest,20260821T164332Z_490383ff__exp_20260903T170029Z_e0883d24
rec_7a69b7ca95cf42701d0b,/mnt/d/INFANT CRY/data_set_dbl_split/train/tired/4438_M_owh.wav,baby,infant_sha256:8cb6e9722f06515421b3467b02e295f9a861b2645f1af9981655678077e8a36f,3,baby,0.975934336121203,0.024065663878797047,original,/mnt/d/INFANT CRY/Models_dbl/experiments/runs/20260821T164332Z_490383ff__exp_20260903T170029Z_e0883d24/candidates/stage1_logmel_small_cnn/seed_42/fold_3/attempt_1/model.keras,recorded_in_fold_manifest,20260821T164332Z_490383ff__exp_20260903T170029Z_e0883d24
rec_d2c98faf1054acd50755,/mnt/d/INFANT CRY/data_set_dbl_split/train/tired/4596_M_owh.wav,baby,infant_sha256:4dfd2dc29f6d84a9e2c003f6886f665e211c1bb6e80a1ace7b7a0aa521d50b1b,3,baby,0.5358905632528495,0.4641094367471505,original,/mnt/d/INFANT CRY/Models_dbl/experiments/runs/20260821T164332Z_490383ff__exp_20260903T170029Z_e0883d24/candidates/stage1_logmel_small_cnn/seed_42/fold_3/attempt_1/model.keras,recorded_in_fold_manifest,20260821T164332Z_490383ff__exp_20260903T170029Z_e0883d24
rec_b0b1f24026382956a814,/mnt/d/INFANT CRY/data_set_dbl_split/train/tired/4638_M_owh.wav,baby,infant_sha256:c9a0fe9cff540030c6516749a736f38b6e9a52864be1ffa06eef43154c256ad4,3,baby,0.9903647460380576,0.009635253961942454,original,/mnt/d/INFANT CRY/Models_dbl/experiments/runs/20260821T164332Z_490383ff__exp_20260903T170029Z_e0883d24/candidates/stage1_logmel_small_cnn/seed_42/fold_3/attempt_1/model.keras,recorded_in_fold_manifest,20260821T164332Z_490383ff__exp_20260903T170029Z_e0883d24
rec_92e9caefb5dd99aaa437,/mnt/d/INFANT CRY/data_set_dbl_split/train/tired/4709_M_owh.wav,baby,infant_sha256:c4e065a16722be92d12480e8eba027e35787ec7f10a155a4e864a4c2a6cb2f79,3,baby,0.9670445486734264,0.03295545132657358,original,/mnt/d/INFANT CRY/Models_dbl/experiments/runs/20260821T164332Z_490383ff__exp_20260903T170029Z_e0883d24/candidates/stage1_logmel_small_cnn/seed_42/fold_3/attempt_1/model.keras,recorded_in_fold_manifest,20260821T164332Z_490383ff__exp_20260903T170029Z_e0883d24
rec_de0728723438792b46cb,/mnt/d/INFANT CRY/data_set_dbl_split/train/tired/4785_M_owh.wav,baby,infant_sha256:da7b60c04392f2ca24d06d49135f8ab5803246b725e9f19ea119b17cd8e2383f,3,baby,0.9058511189680463,0.09414888103195368,original,/mnt/d/INFANT CRY/Models_dbl/experiments/runs/20260821T164332Z_490383ff__exp_20260903T170029Z_e0883d24/candidates/stage1_logmel_small_cnn/seed_42/fold_3/attempt_1/model.keras,recorded_in_fold_manifest,20260821T164332Z_490383ff__exp_20260903T170029Z_e0883d24
rec_e9e8fdffcda448daddc9,/mnt/d/INFANT CRY/data_set_dbl_split/train/tired/47_M_owh.wav,baby,infant_sha256:8a1b2cb3fabecb1f5a2f41017a277065fd50ddcbf37241bdd413da632d1a25a9,3,baby,0.995690851604754,0.004309148395245991,original,/mnt/d/INFANT CRY/Models_dbl/experiments/runs/20260821T164332Z_490383ff__exp_20260903T170029Z_e0883d24/candidates/stage1_logmel_small_cnn/seed_42/fold_3/attempt_1/model.keras,recorded_in_fold_manifest,20260821T164332Z_490383ff__exp_20260903T170029Z_e0883d24
rec_3a68fa909839439de2d2,/mnt/d/INFANT CRY/data_set_dbl_split/train/tired/480_F_owh.wav,baby,infant_sha256:655f5663073380ecb9aa42eb945f1047a64aea2a3433c0695a96c7ae0ee6581f,3,baby,0.8074764368690122,0.19252356313098778,original,/mnt/d/INFANT CRY/Models_dbl/experiments/runs/20260821T164332Z_490383ff__exp_20260903T170029Z_e0883d24/candidates/stage1_logmel_small_cnn/seed_42/fold_3/attempt_1/model.keras,recorded_in_fold_manifest,20260821T164332Z_490383ff__exp_20260903T170029Z_e0883d24
rec_a8b7b54fedcd92b0985b,/mnt/d/INFANT CRY/data_set_dbl_split/train/tired/487_M_owh.wav,baby,infant_sha256:fb9eefa51528b64752ee7a50fd9e9ce11512b52227d36570d242ad3ac9e4fd71,3,baby,0.9862931206410533,0.013706879358946654,original,/mnt/d/INFANT CRY/Models_dbl/experiments/runs/20260821T164332Z_490383ff__exp_20260903T170029Z_e0883d24/candidates/stage1_logmel_small_cnn/seed_42/fold_3/attempt_1/model.keras,recorded_in_fold_manifest,20260821T164332Z_490383ff__exp_20260903T170029Z_e0883d24
rec_83f23afa6330fae6181e,/mnt/d/INFANT CRY/data_set_dbl_split/train/tired/4896_M_owh.wav,baby,infant_sha256:d2e0a0d7866ef4686097a8cb681eccf2033fe491fa81a206afad9dc9218a6ffd,3,baby,0.9726477011720318,0.027352298827968195,original,/mnt/d/INFANT CRY/Models_dbl/experiments/runs/20260821T164332Z_490383ff__exp_20260903T170029Z_e0883d24/candidates/stage1_logmel_small_cnn/seed_42/fold_3/attempt_1/model.keras,recorded_in_fold_manifest,20260821T164332Z_490383ff__exp_20260903T170029Z_e0883d24
rec_c6cb4edb08d70aa360a2,/mnt/d/INFANT CRY/data_set_dbl_split/train/tired/4924_M_owh.wav,baby,infant_sha256:6c8cbd69b9af6338558af86fe4dda0680df4ad35d30a78c139945ad2810cf59a,3,baby,0.7880174400207782,0.21198255997922183,original,/mnt/d/INFANT CRY/Models_dbl/experiments/runs/20260821T164332Z_490383ff__exp_20260903T170029Z_e0883d24/candidates/stage1_logmel_small_cnn/seed_42/fold_3/attempt_1/model.keras,recorded_in_fold_manifest,20260821T164332Z_490383ff__exp_20260903T170029Z_e0883d24
rec_7332f1b55be4bf5aca3c,/mnt/d/INFANT CRY/data_set_dbl_split/train/tired/4949_M_owh.wav,baby,infant_sha256:1a85574c82c384880e75f57197784b7f3f5e0a62bd2ac2aca49ccee1ba88fb8f,3,baby,0.8710272441957481,0.12897275580425197,original,/mnt/d/INFANT CRY/Models_dbl/experiments/runs/20260821T164332Z_490383ff__exp_20260903T170029Z_e0883d24/candidates/stage1_logmel_small_cnn/seed_42/fold_3/attempt_1/model.keras,recorded_in_fold_manifest,20260821T164332Z_490383ff__exp_20260903T170029Z_e0883d24
rec_3fb82535486bf0d41cfc,/mnt/d/INFANT CRY/data_set_dbl_split/train/tired/4971_M_owh.wav,baby,infant_sha256:3054a493a1aee30f83f4372e94e6db1bd00913b7ad8fd31d73246bbec1bba22c,3,baby,0.9930898755272126,0.006910124472787418,original,/mnt/d/INFANT CRY/Models_dbl/experiments/runs/20260821T164332Z_490383ff__exp_20260903T170029Z_e0883d24/candidates/stage1_logmel_small_cnn/seed_42/fold_3/attempt_1/model.keras,recorded_in_fold_manifest,20260821T164332Z_490383ff__exp_20260903T170029Z_e0883d24
rec_6284fe6c6602c051762f,/mnt/d/INFANT CRY/data_set_dbl_split/train/tired/533_M_owh.wav,baby,infant_sha256:aef3a18df6eea217ca02b92e4f92bf8de8baecc22a2f5e470bd8256f866fc94a,3,baby,0.8024138927819415,0.19758610721805853,original,/mnt/d/INFANT CRY/Models_dbl/experiments/runs/20260821T164332Z_490383ff__exp_20260903T170029Z_e0883d24/candidates/stage1_logmel_small_cnn/seed_42/fold_3/attempt_1/model.keras,recorded_in_fold_manifest,20260821T164332Z_490383ff__exp_20260903T170029Z_e0883d24
rec_4c812f62677ec209a552,/mnt/d/INFANT CRY/data_set_dbl_split/train/tired/558_M_owh.wav,baby,infant_sha256:085f6dfc3ac0511f9405de4304fc2d7623c14e5238ca066deeac2b111383349b,3,baby,0.9999690514072797,3.094859272033672e-05,original,/mnt/d/INFANT CRY/Models_dbl/experiments/runs/20260821T164332Z_490383ff__exp_20260903T170029Z_e0883d24/candidates/stage1_logmel_small_cnn/seed_42/fold_3/attempt_1/model.keras,recorded_in_fold_manifest,20260821T164332Z_490383ff__exp_20260903T170029Z_e0883d24
rec_d14318783acea3c24bf9,/mnt/d/INFANT CRY/data_set_dbl_split/train/tired/602_F_owh.wav,baby,infant_sha256:0c5fcb755f6c682dd52a94a7ef69fd6b8d1803cde994825a565d34fbcc51b268,3,baby,0.9865167884009598,0.013483211599040205,original,/mnt/d/INFANT CRY/Models_dbl/experiments/runs/20260821T164332Z_490383ff__exp_20260903T170029Z_e0883d24/candidates/stage1_logmel_small_cnn/seed_42/fold_3/attempt_1/model.keras,recorded_in_fold_manifest,20260821T164332Z_490383ff__exp_20260903T170029Z_e0883d24
rec_6b7d31bcc5e365b740b7,/mnt/d/INFANT CRY/data_set_dbl_split/train/tired/632_M_owh.wav,baby,infant_sha256:28858f7c07154a3dc6ecf4871d845f41b0a7a0ec1cf7db2dd4c4b52d3a0d3384,3,baby,0.9603023076102482,0.039697692389751855,original,/mnt/d/INFANT CRY/Models_dbl/experiments/runs/20260821T164332Z_490383ff__exp_20260903T170029Z_e0883d24/candidates/stage1_logmel_small_cnn/seed_42/fold_3/attempt_1/model.keras,recorded_in_fold_manifest,20260821T164332Z_490383ff__exp_20260903T170029Z_e0883d24
rec_71a7c45341ab66e94da9,/mnt/d/INFANT CRY/data_set_dbl_split/train/tired/633_M_owh.wav,baby,infant_sha256:58e32de290cbc2c2ae9183b3f61d794d50015fae708d7b1b43e4a9189835b1f4,3,not_baby,0.2944452166557312,0.7055547833442688,original,/mnt/d/INFANT CRY/Models_dbl/experiments/runs/20260821T164332Z_490383ff__exp_20260903T170029Z_e0883d24/candidates/stage1_logmel_small_cnn/seed_42/fold_3/attempt_1/model.keras,recorded_in_fold_manifest,20260821T164332Z_490383ff__exp_20260903T170029Z_e0883d24
rec_2380e6046e126654f42b,/mnt/d/INFANT CRY/data_set_dbl_split/train/tired/636_M_owh.wav,baby,infant_sha256:6aa7ff40d1680865efd314ea92808ae6d4338f3349506e9e30bb3bb4ddc184c3,3,baby,0.9796429039251846,0.020357096074815374,original,/mnt/d/INFANT CRY/Models_dbl/experiments/runs/20260821T164332Z_490383ff__exp_20260903T170029Z_e0883d24/candidates/stage1_logmel_small_cnn/seed_42/fold_3/attempt_1/model.keras,recorded_in_fold_manifest,20260821T164332Z_490383ff__exp_20260903T170029Z_e0883d24
rec_23ae6cdbc3c3f4710802,/mnt/d/INFANT CRY/data_set_dbl_split/train/tired/695_M_owh.wav,baby,infant_sha256:faeca909991ffc7421a6e24ce9af139e447b789b18ea59f529f0c69c2231683e,3,baby,0.7548039071977721,0.24519609280222793,original,/mnt/d/INFANT CRY/Models_dbl/experiments/runs/20260821T164332Z_490383ff__exp_20260903T170029Z_e0883d24/candidates/stage1_logmel_small_cnn/seed_42/fold_3/attempt_1/model.keras,recorded_in_fold_manifest,20260821T164332Z_490383ff__exp_20260903T170029Z_e0883d24
rec_86d30d9121077895f573,/mnt/d/INFANT CRY/data_set_dbl_split/train/tired/752_M_owh.wav,baby,infant_sha256:8fa044f8e391bcc876dafca0dbcf0b3995a027b2c3e0a56a22b21d0c3163d1d9,3,baby,0.9149454559402032,0.0850545440597968,original,/mnt/d/INFANT CRY/Models_dbl/experiments/runs/20260821T164332Z_490383ff__exp_20260903T170029Z_e0883d24/candidates/stage1_logmel_small_cnn/seed_42/fold_3/attempt_1/model.keras,recorded_in_fold_manifest,20260821T164332Z_490383ff__exp_20260903T170029Z_e0883d24
rec_140b1e6ddb47674a64fc,/mnt/d/INFANT CRY/data_set_dbl_split/train/tired/866_M_owh.wav,baby,infant_sha256:1feea88252eeef147cdf14cc0d9691851cd81e52a58729abca93bb1f37e4925a,3,baby,0.9809005472829352,0.019099452717064865,original,/mnt/d/INFANT CRY/Models_dbl/experiments/runs/20260821T164332Z_490383ff__exp_20260903T170029Z_e0883d24/candidates/stage1_logmel_small_cnn/seed_42/fold_3/attempt_1/model.keras,recorded_in_fold_manifest,20260821T164332Z_490383ff__exp_20260903T170029Z_e0883d24
rec_dcc2dcbcfbc1763b053b,/mnt/d/INFANT CRY/data_set_dbl_split/train/tired/871_M_owh.wav,baby,infant_sha256:5f5255ca6a997497ad5677dbd2106654d2bd60fec635cfc4c81b538b1c1f38ee,3,baby,0.9954397710822888,0.004560228917711229,original,/mnt/d/INFANT CRY/Models_dbl/experiments/runs/20260821T164332Z_490383ff__exp_20260903T170029Z_e0883d24/candidates/stage1_logmel_small_cnn/seed_42/fold_3/attempt_1/model.keras,recorded_in_fold_manifest,20260821T164332Z_490383ff__exp_20260903T170029Z_e0883d24
rec_791c3a0f00b03d3784f6,/mnt/d/INFANT CRY/data_set_dbl_split/train/tired/dunstan-owh_11.wav,baby,infant_sha256:b1a066b869c0fc8b2decd48228df46cfe90d42141163415e109def4c1eaa9ae6,3,baby,0.9362236679892392,0.06377633201076084,original,/mnt/d/INFANT CRY/Models_dbl/experiments/runs/20260821T164332Z_490383ff__exp_20260903T170029Z_e0883d24/candidates/stage1_logmel_small_cnn/seed_42/fold_3/attempt_1/model.keras,recorded_in_fold_manifest,20260821T164332Z_490383ff__exp_20260903T170029Z_e0883d24
rec_c6253d9d506a1765e396,/mnt/d/INFANT CRY/data_set_dbl_split/train/tired/dunstan-owh_18.wav,baby,infant_sha256:a601737e313fffb7daa4ba8c6c4d2704934b286c5a461dbf55e5c114716ce136,3,baby,0.9622453177728052,0.03775468222719483,original,/mnt/d/INFANT CRY/Models_dbl/experiments/runs/20260821T164332Z_490383ff__exp_20260903T170029Z_e0883d24/candidates/stage1_logmel_small_cnn/seed_42/fold_3/attempt_1/model.keras,recorded_in_fold_manifest,20260821T164332Z_490383ff__exp_20260903T170029Z_e0883d24
rec_6275d4015e933dcebf10,/mnt/d/INFANT CRY/data_set_dbl_split/train/tired/dunstan-owh_19.wav,baby,infant_sha256:65fe44a1711ed4dfbf10ebb61a492952ced6238ba73bce47edc5a67ecfdc59f1,3,baby,0.851170944405035,0.14882905559496498,original,/mnt/d/INFANT CRY/Models_dbl/experiments/runs/20260821T164332Z_490383ff__exp_20260903T170029Z_e0883d24/candidates/stage1_logmel_small_cnn/seed_42/fold_3/attempt_1/model.keras,recorded_in_fold_manifest,20260821T164332Z_490383ff__exp_20260903T170029Z_e0883d24
rec_4a9719556db09a472543,/mnt/d/INFANT CRY/data_set_dbl_split/train/tired/dunstan-owh_28.wav,baby,infant_sha256:01875d6c3239aed26b4e82f3694b767f6ad04233b52befb0c7ce2453f571aff8,3,baby,0.8089684723471333,0.19103152765286674,original,/mnt/d/INFANT CRY/Models_dbl/experiments/runs/20260821T164332Z_490383ff__exp_20260903T170029Z_e0883d24/candidates/stage1_logmel_small_cnn/seed_42/fold_3/attempt_1/model.keras,recorded_in_fold_manifest,20260821T164332Z_490383ff__exp_20260903T170029Z_e0883d24
rec_c12ebdbbe76df05abc7e,/mnt/d/INFANT CRY/data_set_dbl_split/train/tired/dunstan-owh_66.wav,baby,infant_sha256:6f0392e2f859b0aaaa335af4fe4b9d37be5296c9c0cd2d1aa2ff9dc4c9c5a9d8,3,baby,0.9576096855792671,0.04239031442073297,original,/mnt/d/INFANT CRY/Models_dbl/experiments/runs/20260821T164332Z_490383ff__exp_20260903T170029Z_e0883d24/candidates/stage1_logmel_small_cnn/seed_42/fold_3/attempt_1/model.keras,recorded_in_fold_manifest,20260821T164332Z_490383ff__exp_20260903T170029Z_e0883d24
rec_7f7f270a8553f730c1c9,/mnt/d/INFANT CRY/data_set_dbl_split/train/tired/dunstan-owh_68.wav,baby,infant_sha256:047b9f83a5a74c2d146e172b1cfa7ea3958fb1a8196884f65843be7595764ec5,3,baby,0.9162239687061321,0.08377603129386785,original,/mnt/d/INFANT CRY/Models_dbl/experiments/runs/20260821T164332Z_490383ff__exp_20260903T170029Z_e0883d24/candidates/stage1_logmel_small_cnn/seed_42/fold_3/attempt_1/model.keras,recorded_in_fold_manifest,20260821T164332Z_490383ff__exp_20260903T170029Z_e0883d24
rec_3be95a5f946690207743,/mnt/d/INFANT CRY/data_set_dbl_split/train/not_baby/1-115546-A-48.wav,not_baby,esc50_source:115546,3,not_baby,0.3243516884937379,0.675648311506262,original,/mnt/d/INFANT CRY/Models_dbl/experiments/runs/20260821T164332Z_490383ff__exp_20260903T170029Z_e0883d24/candidates/stage1_logmel_small_cnn/seed_42/fold_3/attempt_1/model.keras,recorded_in_fold_manifest,20260821T164332Z_490383ff__exp_20260903T170029Z_e0883d24
rec_2e3c20ad993fd3b44a8d,/mnt/d/INFANT CRY/data_set_dbl_split/train/not_baby/1-12653-A-15.wav,not_baby,esc50_source:12653,3,not_baby,0.004605736463367361,0.9953942635366326,original,/mnt/d/INFANT CRY/Models_dbl/experiments/runs/20260821T164332Z_490383ff__exp_20260903T170029Z_e0883d24/candidates/stage1_logmel_small_cnn/seed_42/fold_3/attempt_1/model.keras,recorded_in_fold_manifest,20260821T164332Z_490383ff__exp_20260903T170029Z_e0883d24
rec_38771818e4050e43b4d9,/mnt/d/INFANT CRY/data_set_dbl_split/train/not_baby/1-14262-A-37.wav,not_baby,esc50_source:14262,3,not_baby,0.006282910798235399,0.9937170892017646,original,/mnt/d/INFANT CRY/Models_dbl/experiments/runs/20260821T164332Z_490383ff__exp_20260903T170029Z_e0883d24/candidates/stage1_logmel_small_cnn/seed_42/fold_3/attempt_1/model.keras,recorded_in_fold_manifest,20260821T164332Z_490383ff__exp_20260903T170029Z_e0883d24
rec_a932018cbbfa6979c9c7,/mnt/d/INFANT CRY/data_set_dbl_split/train/not_baby/1-17742-A-12.wav,not_baby,esc50_source:17742,3,not_baby,0.00222558201289259,0.9977744179871074,original,/mnt/d/INFANT CRY/Models_dbl/experiments/runs/20260821T164332Z_490383ff__exp_20260903T170029Z_e0883d24/candidates/stage1_logmel_small_cnn/seed_42/fold_3/attempt_1/model.keras,recorded_in_fold_manifest,20260821T164332Z_490383ff__exp_20260903T170029Z_e0883d24
rec_f33384b96c1815500574,/mnt/d/INFANT CRY/data_set_dbl_split/train/not_baby/1-17970-A-4.wav,not_baby,esc50_source:17970,3,not_baby,0.01983606697105962,0.9801639330289403,original,/mnt/d/INFANT CRY/Models_dbl/experiments/runs/20260821T164332Z_490383ff__exp_20260903T170029Z_e0883d24/candidates/stage1_logmel_small_cnn/seed_42/fold_3/attempt_1/model.keras,recorded_in_fold_manifest,20260821T164332Z_490383ff__exp_20260903T170029Z_e0883d24
rec_9415f859c6762afd6f2d,/mnt/d/INFANT CRY/data_set_dbl_split/train/not_baby/1-18810-A-49.wav,not_baby,esc50_source:18810,3,not_baby,0.008373898602187702,0.9916261013978123,original,/mnt/d/INFANT CRY/Models_dbl/experiments/runs/20260821T164332Z_490383ff__exp_20260903T170029Z_e0883d24/candidates/stage1_logmel_small_cnn/seed_42/fold_3/attempt_1/model.keras,recorded_in_fold_manifest,20260821T164332Z_490383ff__exp_20260903T170029Z_e0883d24
rec_b5365ef6d3d9d3342dba,/mnt/d/INFANT CRY/data_set_dbl_split/train/not_baby/1-19501-A-7.wav,not_baby,esc50_source:19501,3,baby,0.697321355342865,0.302678644657135,original,/mnt/d/INFANT CRY/Models_dbl/experiments/runs/20260821T164332Z_490383ff__exp_20260903T170029Z_e0883d24/candidates/stage1_logmel_small_cnn/seed_42/fold_3/attempt_1/model.keras,recorded_in_fold_manifest,20260821T164332Z_490383ff__exp_20260903T170029Z_e0883d24
rec_4f4f372604bfcda1a883,/mnt/d/INFANT CRY/data_set_dbl_split/train/not_baby/1-19840-A-36.wav,not_baby,esc50_source:19840,3,not_baby,0.0030174874630349516,0.996982512536965,original,/mnt/d/INFANT CRY/Models_dbl/experiments/runs/20260821T164332Z_490383ff__exp_20260903T170029Z_e0883d24/candidates/stage1_logmel_small_cnn/seed_42/fold_3/attempt_1/model.keras,recorded_in_fold_manifest,20260821T164332Z_490383ff__exp_20260903T170029Z_e0883d24
rec_60e70900c5d0c5188fed,/mnt/d/INFANT CRY/data_set_dbl_split/train/not_baby/1-19898-A-41.wav,not_baby,esc50_source:19898,3,not_baby,0.0012845081149639498,0.998715491885036,original,/mnt/d/INFANT CRY/Models_dbl/experiments/runs/20260821T164332Z_490383ff__exp_20260903T170029Z_e0883d24/candidates/stage1_logmel_small_cnn/seed_42/fold_3/attempt_1/model.keras,recorded_in_fold_manifest,20260821T164332Z_490383ff__exp_20260903T170029Z_e0883d24
rec_c63e7a726789ee68ac76,/mnt/d/INFANT CRY/data_set_dbl_split/train/not_baby/1-19898-B-41.wav,not_baby,esc50_source:19898,3,not_baby,0.019249071330344442,0.9807509286696555,original,/mnt/d/INFANT CRY/Models_dbl/experiments/runs/20260821T164332Z_490383ff__exp_20260903T170029Z_e0883d24/candidates/stage1_logmel_small_cnn/seed_42/fold_3/attempt_1/model.keras,recorded_in_fold_manifest,20260821T164332Z_490383ff__exp_20260903T170029Z_e0883d24
rec_611fb6e680ff179e9c06,/mnt/d/INFANT CRY/data_set_dbl_split/train/not_baby/1-19898-C-41.wav,not_baby,esc50_source:19898,3,not_baby,0.017270190930798124,0.9827298090692018,original,/mnt/d/INFANT CRY/Models_dbl/experiments/runs/20260821T164332Z_490383ff__exp_20260903T170029Z_e0883d24/candidates/stage1_logmel_small_cnn/seed_42/fold_3/attempt_1/model.keras,recorded_in_fold_manifest,20260821T164332Z_490383ff__exp_20260903T170029Z_e0883d24
rec_e5251e6275c86b34d8fb,/mnt/d/INFANT CRY/data_set_dbl_split/train/not_baby/1-20133-A-39.wav,not_baby,esc50_source:20133,3,not_baby,0.0410729122081927,0.9589270877918072,original,/mnt/d/INFANT CRY/Models_dbl/experiments/runs/20260821T164332Z_490383ff__exp_20260903T170029Z_e0883d24/candidates/stage1_logmel_small_cnn/seed_42/fold_3/attempt_1/model.keras,recorded_in_fold_manifest,20260821T164332Z_490383ff__exp_20260903T170029Z_e0883d24
rec_453f1327b23abbd647e6,/mnt/d/INFANT CRY/data_set_dbl_split/train/not_baby/1-21896-A-35.wav,not_baby,esc50_source:21896,3,not_baby,0.02685053606554067,0.9731494639344593,original,/mnt/d/INFANT CRY/Models_dbl/experiments/runs/20260821T164332Z_490383ff__exp_20260903T170029Z_e0883d24/candidates/stage1_logmel_small_cnn/seed_42/fold_3/attempt_1/model.keras,recorded_in_fold_manifest,20260821T164332Z_490383ff__exp_20260903T170029Z_e0883d24
rec_0499572c57173f7d8da0,/mnt/d/INFANT CRY/data_set_dbl_split/train/not_baby/1-21934-A-38.wav,not_baby,esc50_source:21934,3,not_baby,0.008582234794418084,0.9914177652055819,original,/mnt/d/INFANT CRY/Models_dbl/experiments/runs/20260821T164332Z_490383ff__exp_20260903T170029Z_e0883d24/candidates/stage1_logmel_small_cnn/seed_42/fold_3/attempt_1/model.keras,recorded_in_fold_manifest,20260821T164332Z_490383ff__exp_20260903T170029Z_e0883d24
rec_6bb49f67cda0b740461e,/mnt/d/INFANT CRY/data_set_dbl_split/train/not_baby/1-24524-A-19.wav,not_baby,esc50_source:24524,3,not_baby,0.00873948383919919,0.9912605161608008,original,/mnt/d/INFANT CRY/Models_dbl/experiments/runs/20260821T164332Z_490383ff__exp_20260903T170029Z_e0883d24/candidates/stage1_logmel_small_cnn/seed_42/fold_3/attempt_1/model.keras,recorded_in_fold_manifest,20260821T164332Z_490383ff__exp_20260903T170029Z_e0883d24
rec_e609dda3f8bbdcb4d335,/mnt/d/INFANT CRY/data_set_dbl_split/train/not_baby/1-24524-B-19.wav,not_baby,esc50_source:24524,3,not_baby,0.0206262055667824,0.9793737944332176,original,/mnt/d/INFANT CRY/Models_dbl/experiments/runs/20260821T164332Z_490383ff__exp_20260903T170029Z_e0883d24/candidates/stage1_logmel_small_cnn/seed_42/fold_3/attempt_1/model.keras,recorded_in_fold_manifest,20260821T164332Z_490383ff__exp_20260903T170029Z_e0883d24
rec_d209260a05b80a8387fa,/mnt/d/INFANT CRY/data_set_dbl_split/train/not_baby/1-24524-C-19.wav,not_baby,esc50_source:24524,3,not_baby,0.00456668364234967,0.9954333163576503,original,/mnt/d/INFANT CRY/Models_dbl/experiments/runs/20260821T164332Z_490383ff__exp_20260903T170029Z_e0883d24/candidates/stage1_logmel_small_cnn/seed_42/fold_3/attempt_1/model.keras,recorded_in_fold_manifest,20260821T164332Z_490383ff__exp_20260903T170029Z_e0883d24
rec_dc14108ad578fdd6a52a,/mnt/d/INFANT CRY/data_set_dbl_split/train/not_baby/1-254507-A-43.wav,not_baby,esc50_source:254507,3,not_baby,0.013877874162730532,0.9861221258372694,original,/mnt/d/INFANT CRY/Models_dbl/experiments/runs/20260821T164332Z_490383ff__exp_20260903T170029Z_e0883d24/candidates/stage1_logmel_small_cnn/seed_42/fold_3/attempt_1/model.keras,recorded_in_fold_manifest,20260821T164332Z_490383ff__exp_20260903T170029Z_e0883d24
rec_b054013e5e01f769bff1,/mnt/d/INFANT CRY/data_set_dbl_split/train/not_baby/1-25777-A-48.wav,not_baby,esc50_source:25777,3,not_baby,0.007924589070155641,0.9920754109298443,original,/mnt/d/INFANT CRY/Models_dbl/experiments/runs/20260821T164332Z_490383ff__exp_20260903T170029Z_e0883d24/candidates/stage1_logmel_small_cnn/seed_42/fold_3/attempt_1/model.keras,recorded_in_fold_manifest,20260821T164332Z_490383ff__exp_20260903T170029Z_e0883d24
rec_08b19f2f9f196c22bd33,/mnt/d/INFANT CRY/data_set_dbl_split/train/not_baby/1-260640-A-2.wav,not_baby,esc50_source:260640,3,not_baby,0.03102722491061618,0.9689727750893838,original,/mnt/d/INFANT CRY/Models_dbl/experiments/runs/20260821T164332Z_490383ff__exp_20260903T170029Z_e0883d24/candidates/stage1_logmel_small_cnn/seed_42/fold_3/attempt_1/model.keras,recorded_in_fold_manifest,20260821T164332Z_490383ff__exp_20260903T170029Z_e0883d24
rec_346781ecdb9d8db7bb68,/mnt/d/INFANT CRY/data_set_dbl_split/train/not_baby/1-260640-B-2.wav,not_baby,esc50_source:260640,3,not_baby,0.07327229038290223,0.9267277096170978,original,/mnt/d/INFANT CRY/Models_dbl/experiments/runs/20260821T164332Z_490383ff__exp_20260903T170029Z_e0883d24/candidates/stage1_logmel_small_cnn/seed_42/fold_3/attempt_1/model.keras,recorded_in_fold_manifest,20260821T164332Z_490383ff__exp_20260903T170029Z_e0883d24
rec_51f36e26bb2cca1e086b,/mnt/d/INFANT CRY/data_set_dbl_split/train/not_baby/1-260640-C-2.wav,not_baby,esc50_source:260640,3,not_baby,0.10841293453343616,0.8915870654665639,original,/mnt/d/INFANT CRY/Models_dbl/experiments/runs/20260821T164332Z_490383ff__exp_20260903T170029Z_e0883d24/candidates/stage1_logmel_small_cnn/seed_42/fold_3/attempt_1/model.keras,recorded_in_fold_manifest,20260821T164332Z_490383ff__exp_20260903T170029Z_e0883d24
rec_5fbda7847b176930bf15,/mnt/d/INFANT CRY/data_set_dbl_split/train/not_baby/1-27165-A-35.wav,not_baby,esc50_source:27165,3,not_baby,0.0012897323958257125,0.9987102676041743,original,/mnt/d/INFANT CRY/Models_dbl/experiments/runs/20260821T164332Z_490383ff__exp_20260903T170029Z_e0883d24/candidates/stage1_logmel_small_cnn/seed_42/fold_3/attempt_1/model.keras,recorded_in_fold_manifest,20260821T164332Z_490383ff__exp_20260903T170029Z_e0883d24
rec_5edfd2126c3412e03bc3,/mnt/d/INFANT CRY/data_set_dbl_split/train/not_baby/1-28005-A-18.wav,not_baby,esc50_source:28005,3,not_baby,0.013202193024136095,0.986797806975864,original,/mnt/d/INFANT CRY/Models_dbl/experiments/runs/20260821T164332Z_490383ff__exp_20260903T170029Z_e0883d24/candidates/stage1_logmel_small_cnn/seed_42/fold_3/attempt_1/model.keras,recorded_in_fold_manifest,20260821T164332Z_490383ff__exp_20260903T170029Z_e0883d24
rec_7eb810b74ecb90563d7f,/mnt/d/INFANT CRY/data_set_dbl_split/train/not_baby/1-29680-A-21.wav,not_baby,esc50_source:29680,3,baby,0.6819152628804664,0.3180847371195335,original,/mnt/d/INFANT CRY/Models_dbl/experiments/runs/20260821T164332Z_490383ff__exp_20260903T170029Z_e0883d24/candidates/stage1_logmel_small_cnn/seed_42/fold_3/attempt_1/model.keras,recorded_in_fold_manifest,20260821T164332Z_490383ff__exp_20260903T170029Z_e0883d24
rec_124fc8e072a4012915a0,/mnt/d/INFANT CRY/data_set_dbl_split/train/not_baby/1-32318-A-0.wav,not_baby,esc50_source:32318,3,not_baby,0.02377715272292469,0.9762228472770753,original,/mnt/d/INFANT CRY/Models_dbl/experiments/runs/20260821T164332Z_490383ff__exp_20260903T170029Z_e0883d24/candidates/stage1_logmel_small_cnn/seed_42/fold_3/attempt_1/model.keras,recorded_in_fold_manifest,20260821T164332Z_490383ff__exp_20260903T170029Z_e0883d24
rec_dea76246f0d66b104025,/mnt/d/INFANT CRY/data_set_dbl_split/train/not_baby/1-33658-A-26.wav,not_baby,esc50_source:33658,3,not_baby,0.006341649136708036,0.993658350863292,original,/mnt/d/INFANT CRY/Models_dbl/experiments/runs/20260821T164332Z_490383ff__exp_20260903T170029Z_e0883d24/candidates/stage1_logmel_small_cnn/seed_42/fold_3/attempt_1/model.keras,recorded_in_fold_manifest,20260821T164332Z_490383ff__exp_20260903T170029Z_e0883d24
rec_37d8b057f9f468f94cd0,/mnt/d/INFANT CRY/data_set_dbl_split/train/not_baby/1-37226-A-29.wav,not_baby,esc50_source:37226,3,not_baby,0.3011930197121793,0.6988069802878207,original,/mnt/d/INFANT CRY/Models_dbl/experiments/runs/20260821T164332Z_490383ff__exp_20260903T170029Z_e0883d24/candidates/stage1_logmel_small_cnn/seed_42/fold_3/attempt_1/model.keras,recorded_in_fold_manifest,20260821T164332Z_490383ff__exp_20260903T170029Z_e0883d24
rec_207a32bd6222629d237e,/mnt/d/INFANT CRY/data_set_dbl_split/train/not_baby/1-40730-A-1.wav,not_baby,esc50_source:40730,3,not_baby,0.29719321148436,0.7028067885156399,original,/mnt/d/INFANT CRY/Models_dbl/experiments/runs/20260821T164332Z_490383ff__exp_20260903T170029Z_e0883d24/candidates/stage1_logmel_small_cnn/seed_42/fold_3/attempt_1/model.keras,recorded_in_fold_manifest,20260821T164332Z_490383ff__exp_20260903T170029Z_e0883d24
rec_164cab92d416458c0a49,/mnt/d/INFANT CRY/data_set_dbl_split/train/not_baby/1-4211-A-12.wav,not_baby,esc50_source:4211,3,not_baby,0.002330953965184752,0.9976690460348152,original,/mnt/d/INFANT CRY/Models_dbl/experiments/runs/20260821T164332Z_490383ff__exp_20260903T170029Z_e0883d24/candidates/stage1_logmel_small_cnn/seed_42/fold_3/attempt_1/model.keras,recorded_in_fold_manifest,20260821T164332Z_490383ff__exp_20260903T170029Z_e0883d24
rec_c73b4f912e49e1343722,/mnt/d/INFANT CRY/data_set_dbl_split/train/not_baby/1-43764-A-34.wav,not_baby,esc50_source:43764,3,not_baby,0.3447740077972412,0.6552259922027588,original,/mnt/d/INFANT CRY/Models_dbl/experiments/runs/20260821T164332Z_490383ff__exp_20260903T170029Z_e0883d24/candidates/stage1_logmel_small_cnn/seed_42/fold_3/attempt_1/model.keras,recorded_in_fold_manifest,20260821T164332Z_490383ff__exp_20260903T170029Z_e0883d24
rec_4a194fe98805b2efa846,/mnt/d/INFANT CRY/data_set_dbl_split/train/not_baby/1-46744-A-36.wav,not_baby,esc50_source:46744,3,not_baby,0.0037756270043069642,0.996224372995693,original,/mnt/d/INFANT CRY/Models_dbl/experiments/runs/20260821T164332Z_490383ff__exp_20260903T170029Z_e0883d24/candidates/stage1_logmel_small_cnn/seed_42/fold_3/attempt_1/model.keras,recorded_in_fold_manifest,20260821T164332Z_490383ff__exp_20260903T170029Z_e0883d24
rec_ae1880eb0d0dee39c212,/mnt/d/INFANT CRY/data_set_dbl_split/train/not_baby/1-47709-A-16.wav,not_baby,esc50_source:47709,3,not_baby,0.015580297445076552,0.9844197025549235,original,/mnt/d/INFANT CRY/Models_dbl/experiments/runs/20260821T164332Z_490383ff__exp_20260903T170029Z_e0883d24/candidates/stage1_logmel_small_cnn/seed_42/fold_3/attempt_1/model.keras,recorded_in_fold_manifest,20260821T164332Z_490383ff__exp_20260903T170029Z_e0883d24
rec_b8822bfca09d37fec64d,/mnt/d/INFANT CRY/data_set_dbl_split/train/not_baby/1-47819-A-5.wav,not_baby,esc50_source:47819,3,not_baby,0.03407326442221595,0.9659267355777841,original,/mnt/d/INFANT CRY/Models_dbl/experiments/runs/20260821T164332Z_490383ff__exp_20260903T170029Z_e0883d24/candidates/stage1_logmel_small_cnn/seed_42/fold_3/attempt_1/model.keras,recorded_in_fold_manifest,20260821T164332Z_490383ff__exp_20260903T170029Z_e0883d24
rec_7877e4746b9b57c2098c,/mnt/d/INFANT CRY/data_set_dbl_split/train/not_baby/1-47819-B-5.wav,not_baby,esc50_source:47819,3,not_baby,0.03813845994168751,0.9618615400583125,original,/mnt/d/INFANT CRY/Models_dbl/experiments/runs/20260821T164332Z_490383ff__exp_20260903T170029Z_e0883d24/candidates/stage1_logmel_small_cnn/seed_42/fold_3/attempt_1/model.keras,recorded_in_fold_manifest,20260821T164332Z_490383ff__exp_20260903T170029Z_e0883d24
rec_c59eb5956145138aafef,/mnt/d/INFANT CRY/data_set_dbl_split/train/not_baby/1-47819-C-5.wav,not_baby,esc50_source:47819,3,not_baby,0.01606901149336043,0.9839309885066395,original,/mnt/d/INFANT CRY/Models_dbl/experiments/runs/20260821T164332Z_490383ff__exp_20260903T170029Z_e0883d24/candidates/stage1_logmel_small_cnn/seed_42/fold_3/attempt_1/model.keras,recorded_in_fold_manifest,20260821T164332Z_490383ff__exp_20260903T170029Z_e0883d24
rec_72c0cf5d4ec0b45c44e6,/mnt/d/INFANT CRY/data_set_dbl_split/train/not_baby/1-50623-A-15.wav,not_baby,esc50_source:50623,3,not_baby,0.012494758330051228,0.9875052416699488,original,/mnt/d/INFANT CRY/Models_dbl/experiments/runs/20260821T164332Z_490383ff__exp_20260903T170029Z_e0883d24/candidates/stage1_logmel_small_cnn/seed_42/fold_3/attempt_1/model.keras,recorded_in_fold_manifest,20260821T164332Z_490383ff__exp_20260903T170029Z_e0883d24
rec_42d8d40fcb46d6ad78e5,/mnt/d/INFANT CRY/data_set_dbl_split/train/not_baby/1-50688-A-17.wav,not_baby,esc50_source:50688,3,not_baby,0.014468385635851152,0.9855316143641488,original,/mnt/d/INFANT CRY/Models_dbl/experiments/runs/20260821T164332Z_490383ff__exp_20260903T170029Z_e0883d24/candidates/stage1_logmel_small_cnn/seed_42/fold_3/attempt_1/model.keras,recorded_in_fold_manifest,20260821T164332Z_490383ff__exp_20260903T170029Z_e0883d24
rec_1be57a4083c90802e64a,/mnt/d/INFANT CRY/data_set_dbl_split/train/not_baby/1-52266-A-24.wav,not_baby,esc50_source:52266,3,not_baby,0.0008844836756215609,0.9991155163243784,original,/mnt/d/INFANT CRY/Models_dbl/experiments/runs/20260821T164332Z_490383ff__exp_20260903T170029Z_e0883d24/candidates/stage1_logmel_small_cnn/seed_42/fold_3/attempt_1/model.keras,recorded_in_fold_manifest,20260821T164332Z_490383ff__exp_20260903T170029Z_e0883d24
rec_f1e25ff9265fbbc55ccc,/mnt/d/INFANT CRY/data_set_dbl_split/train/not_baby/1-54084-A-42.wav,not_baby,esc50_source:54084,3,not_baby,0.029809969823117007,0.970190030176883,original,/mnt/d/INFANT CRY/Models_dbl/experiments/runs/20260821T164332Z_490383ff__exp_20260903T170029Z_e0883d24/candidates/stage1_logmel_small_cnn/seed_42/fold_3/attempt_1/model.keras,recorded_in_fold_manifest,20260821T164332Z_490383ff__exp_20260903T170029Z_e0883d24
rec_3fd3f022d2cb1cb3f6af,/mnt/d/INFANT CRY/data_set_dbl_split/train/not_baby/1-54752-A-18.wav,not_baby,esc50_source:54752,3,not_baby,0.0027627912440055698,0.9972372087559944,original,/mnt/d/INFANT CRY/Models_dbl/experiments/runs/20260821T164332Z_490383ff__exp_20260903T170029Z_e0883d24/candidates/stage1_logmel_small_cnn/seed_42/fold_3/attempt_1/model.keras,recorded_in_fold_manifest,20260821T164332Z_490383ff__exp_20260903T170029Z_e0883d24
rec_ffd8fd1721c4c0870f87,/mnt/d/INFANT CRY/data_set_dbl_split/train/not_baby/1-56270-A-29.wav,not_baby,esc50_source:56270,3,not_baby,0.009166815890924756,0.9908331841090753,original,/mnt/d/INFANT CRY/Models_dbl/experiments/runs/20260821T164332Z_490383ff__exp_20260903T170029Z_e0883d24/candidates/stage1_logmel_small_cnn/seed_42/fold_3/attempt_1/model.keras,recorded_in_fold_manifest,20260821T164332Z_490383ff__exp_20260903T170029Z_e0883d24
rec_703cac4be5a948e1acb8,/mnt/d/INFANT CRY/data_set_dbl_split/train/not_baby/1-58846-A-34.wav,not_baby,esc50_source:58846,3,not_baby,0.11911306742818352,0.8808869325718165,original,/mnt/d/INFANT CRY/Models_dbl/experiments/runs/20260821T164332Z_490383ff__exp_20260903T170029Z_e0883d24/candidates/stage1_logmel_small_cnn/seed_42/fold_3/attempt_1/model.keras,recorded_in_fold_manifest,20260821T164332Z_490383ff__exp_20260903T170029Z_e0883d24
rec_2915fee68c494030a624,/mnt/d/INFANT CRY/data_set_dbl_split/train/not_baby/1-59513-A-0.wav,not_baby,esc50_source:59513,3,not_baby,0.0912003178596615,0.9087996821403385,original,/mnt/d/INFANT CRY/Models_dbl/experiments/runs/20260821T164332Z_490383ff__exp_20260903T170029Z_e0883d24/candidates/stage1_logmel_small_cnn/seed_42/fold_3/attempt_1/model.keras,recorded_in_fold_manifest,20260821T164332Z_490383ff__exp_20260903T170029Z_e0883d24
rec_8852b94e1aba005c8862,/mnt/d/INFANT CRY/data_set_dbl_split/train/not_baby/1-5996-A-6.wav,not_baby,esc50_source:5996,3,not_baby,0.08742166925338403,0.912578330746616,original,/mnt/d/INFANT CRY/Models_dbl/experiments/runs/20260821T164332Z_490383ff__exp_20260903T170029Z_e0883d24/candidates/stage1_logmel_small_cnn/seed_42/fold_3/attempt_1/model.keras,recorded_in_fold_manifest,20260821T164332Z_490383ff__exp_20260903T170029Z_e0883d24
rec_e399d693410802142348,/mnt/d/INFANT CRY/data_set_dbl_split/train/not_baby/1-61252-A-11.wav,not_baby,esc50_source:61252,3,not_baby,0.0024974572931173514,0.9975025427068827,original,/mnt/d/INFANT CRY/Models_dbl/experiments/runs/20260821T164332Z_490383ff__exp_20260903T170029Z_e0883d24/candidates/stage1_logmel_small_cnn/seed_42/fold_3/attempt_1/model.keras,recorded_in_fold_manifest,20260821T164332Z_490383ff__exp_20260903T170029Z_e0883d24
rec_bdf4ed60ce67371fd4bc,/mnt/d/INFANT CRY/data_set_dbl_split/train/not_baby/1-62849-A-38.wav,not_baby,esc50_source:62849,3,not_baby,0.006350393520809324,0.9936496064791907,original,/mnt/d/INFANT CRY/Models_dbl/experiments/runs/20260821T164332Z_490383ff__exp_20260903T170029Z_e0883d24/candidates/stage1_logmel_small_cnn/seed_42/fold_3/attempt_1/model.keras,recorded_in_fold_manifest,20260821T164332Z_490383ff__exp_20260903T170029Z_e0883d24
rec_20064ce90a6949420575,/mnt/d/INFANT CRY/data_set_dbl_split/train/not_baby/1-63679-A-24.wav,not_baby,esc50_source:63679,3,not_baby,0.0772944367738236,0.9227055632261764,original,/mnt/d/INFANT CRY/Models_dbl/experiments/runs/20260821T164332Z_490383ff__exp_20260903T170029Z_e0883d24/candidates/stage1_logmel_small_cnn/seed_42/fold_3/attempt_1/model.keras,recorded_in_fold_manifest,20260821T164332Z_490383ff__exp_20260903T170029Z_e0883d24
rec_275d1ecc87ce6da930a2,/mnt/d/INFANT CRY/data_set_dbl_split/train/not_baby/1-64473-A-45.wav,not_baby,esc50_source:64473,3,not_baby,0.00303360253677362,0.9969663974632264,original,/mnt/d/INFANT CRY/Models_dbl/experiments/runs/20260821T164332Z_490383ff__exp_20260903T170029Z_e0883d24/candidates/stage1_logmel_small_cnn/seed_42/fold_3/attempt_1/model.keras,recorded_in_fold_manifest,20260821T164332Z_490383ff__exp_20260903T170029Z_e0883d24
rec_4200e19317e19bb4cbba,/mnt/d/INFANT CRY/data_set_dbl_split/train/not_baby/1-67033-A-37.wav,not_baby,esc50_source:67033,3,not_baby,0.0856757232123932,0.9143242767876067,original,/mnt/d/INFANT CRY/Models_dbl/experiments/runs/20260821T164332Z_490383ff__exp_20260903T170029Z_e0883d24/candidates/stage1_logmel_small_cnn/seed_42/fold_3/attempt_1/model.keras,recorded_in_fold_manifest,20260821T164332Z_490383ff__exp_20260903T170029Z_e0883d24
rec_94153b9068bb6effb8b0,/mnt/d/INFANT CRY/data_set_dbl_split/train/not_baby/1-68628-A-27.wav,not_baby,esc50_source:68628,3,not_baby,0.009250822451196176,0.9907491775488039,original,/mnt/d/INFANT CRY/Models_dbl/experiments/runs/20260821T164332Z_490383ff__exp_20260903T170029Z_e0883d24/candidates/stage1_logmel_small_cnn/seed_42/fold_3/attempt_1/model.keras,recorded_in_fold_manifest,20260821T164332Z_490383ff__exp_20260903T170029Z_e0883d24
rec_a666fd739c77e1ece8b6,/mnt/d/INFANT CRY/data_set_dbl_split/train/not_baby/1-68670-A-34.wav,not_baby,esc50_source:68670,3,not_baby,0.015111030081912889,0.9848889699180872,original,/mnt/d/INFANT CRY/Models_dbl/experiments/runs/20260821T164332Z_490383ff__exp_20260903T170029Z_e0883d24/candidates/stage1_logmel_small_cnn/seed_42/fold_3/attempt_1/model.keras,recorded_in_fold_manifest,20260821T164332Z_490383ff__exp_20260903T170029Z_e0883d24
rec_de673789e72808d80eef,/mnt/d/INFANT CRY/data_set_dbl_split/train/not_baby/1-70300-A-45.wav,not_baby,esc50_source:70300,3,not_baby,0.006649044559073224,0.9933509554409268,original,/mnt/d/INFANT CRY/Models_dbl/experiments/runs/20260821T164332Z_490383ff__exp_20260903T170029Z_e0883d24/candidates/stage1_logmel_small_cnn/seed_42/fold_3/attempt_1/model.keras,recorded_in_fold_manifest,20260821T164332Z_490383ff__exp_20260903T170029Z_e0883d24
rec_ac727aff5bc55e99a469,/mnt/d/INFANT CRY/data_set_dbl_split/train/not_baby/1-77160-A-3.wav,not_baby,esc50_source:77160,3,not_baby,0.00910376764166182,0.9908962323583381,original,/mnt/d/INFANT CRY/Models_dbl/experiments/runs/20260821T164332Z_490383ff__exp_20260903T170029Z_e0883d24/candidates/stage1_logmel_small_cnn/seed_42/fold_3/attempt_1/model.keras,recorded_in_fold_manifest,20260821T164332Z_490383ff__exp_20260903T170029Z_e0883d24
rec_1ee92252c716e3e1be00,/mnt/d/INFANT CRY/data_set_dbl_split/train/not_baby/1-79113-A-5.wav,not_baby,esc50_source:79113,3,not_baby,0.10482504026665923,0.8951749597333407,original,/mnt/d/INFANT CRY/Models_dbl/experiments/runs/20260821T164332Z_490383ff__exp_20260903T170029Z_e0883d24/candidates/stage1_logmel_small_cnn/seed_42/fold_3/attempt_1/model.keras,recorded_in_fold_manifest,20260821T164332Z_490383ff__exp_20260903T170029Z_e0883d24
rec_c00a5951bf88b9619303,/mnt/d/INFANT CRY/data_set_dbl_split/train/not_baby/1-79236-A-36.wav,not_baby,esc50_source:79236,3,not_baby,0.01084473945697973,0.9891552605430203,original,/mnt/d/INFANT CRY/Models_dbl/experiments/runs/20260821T164332Z_490383ff__exp_20260903T170029Z_e0883d24/candidates/stage1_logmel_small_cnn/seed_42/fold_3/attempt_1/model.keras,recorded_in_fold_manifest,20260821T164332Z_490383ff__exp_20260903T170029Z_e0883d24
rec_3dfc9ef80f41b406a85c,/mnt/d/INFANT CRY/data_set_dbl_split/train/not_baby/1-79711-A-32.wav,not_baby,esc50_source:79711,3,not_baby,0.001326074682605495,0.9986739253173945,original,/mnt/d/INFANT CRY/Models_dbl/experiments/runs/20260821T164332Z_490383ff__exp_20260903T170029Z_e0883d24/candidates/stage1_logmel_small_cnn/seed_42/fold_3/attempt_1/model.keras,recorded_in_fold_manifest,20260821T164332Z_490383ff__exp_20260903T170029Z_e0883d24
rec_08bce7b55ebdaba66f6c,/mnt/d/INFANT CRY/data_set_dbl_split/train/not_baby/1-85123-A-31.wav,not_baby,esc50_source:85123,3,not_baby,0.07390627734712223,0.9260937226528778,original,/mnt/d/INFANT CRY/Models_dbl/experiments/runs/20260821T164332Z_490383ff__exp_20260903T170029Z_e0883d24/candidates/stage1_logmel_small_cnn/seed_42/fold_3/attempt_1/model.keras,recorded_in_fold_manifest,20260821T164332Z_490383ff__exp_20260903T170029Z_e0883d24
rec_4e7e28843599da7b3fd8,/mnt/d/INFANT CRY/data_set_dbl_split/train/not_baby/1-85362-A-0.wav,not_baby,esc50_source:85362,3,not_baby,0.043890850717910414,0.9561091492820896,original,/mnt/d/INFANT CRY/Models_dbl/experiments/runs/20260821T164332Z_490383ff__exp_20260903T170029Z_e0883d24/candidates/stage1_logmel_small_cnn/seed_42/fold_3/attempt_1/model.keras,recorded_in_fold_manifest,20260821T164332Z_490383ff__exp_20260903T170029Z_e0883d24
rec_b09a6121286518c249c4,/mnt/d/INFANT CRY/data_set_dbl_split/train/not_baby/1-97392-A-0.wav,not_baby,esc50_source:97392,3,not_baby,0.12649848680202702,0.873501513197973,original,/mnt/d/INFANT CRY/Models_dbl/experiments/runs/20260821T164332Z_490383ff__exp_20260903T170029Z_e0883d24/candidates/stage1_logmel_small_cnn/seed_42/fold_3/attempt_1/model.keras,recorded_in_fold_manifest,20260821T164332Z_490383ff__exp_20260903T170029Z_e0883d24
rec_1638a2211ea7e69ed9af,/mnt/d/INFANT CRY/data_set_dbl_split/train/not_baby/2-102568-A-35.wav,not_baby,esc50_source:102568,3,not_baby,0.0059157781214994425,0.9940842218785005,original,/mnt/d/INFANT CRY/Models_dbl/experiments/runs/20260821T164332Z_490383ff__exp_20260903T170029Z_e0883d24/candidates/stage1_logmel_small_cnn/seed_42/fold_3/attempt_1/model.keras,recorded_in_fold_manifest,20260821T164332Z_490383ff__exp_20260903T170029Z_e0883d24
rec_b1522896bcc19f47d9d5,/mnt/d/INFANT CRY/data_set_dbl_split/train/not_baby/2-104105-A-19.wav,not_baby,esc50_source:104105,3,not_baby,0.008512654940102709,0.9914873450598973,original,/mnt/d/INFANT CRY/Models_dbl/experiments/runs/20260821T164332Z_490383ff__exp_20260903T170029Z_e0883d24/candidates/stage1_logmel_small_cnn/seed_42/fold_3/attempt_1/model.keras,recorded_in_fold_manifest,20260821T164332Z_490383ff__exp_20260903T170029Z_e0883d24
rec_86146c671f1ae7d996bd,/mnt/d/INFANT CRY/data_set_dbl_split/train/not_baby/2-104105-B-19.wav,not_baby,esc50_source:104105,3,not_baby,0.009513563414481521,0.9904864365855185,original,/mnt/d/INFANT CRY/Models_dbl/experiments/runs/20260821T164332Z_490383ff__exp_20260903T170029Z_e0883d24/candidates/stage1_logmel_small_cnn/seed_42/fold_3/attempt_1/model.keras,recorded_in_fold_manifest,20260821T164332Z_490383ff__exp_20260903T170029Z_e0883d24
rec_03d9f19621332d8db5e6,/mnt/d/INFANT CRY/data_set_dbl_split/train/not_baby/2-106014-A-44.wav,not_baby,esc50_source:106014,3,not_baby,0.003527755611742861,0.9964722443882571,original,/mnt/d/INFANT CRY/Models_dbl/experiments/runs/20260821T164332Z_490383ff__exp_20260903T170029Z_e0883d24/candidates/stage1_logmel_small_cnn/seed_42/fold_3/attempt_1/model.keras,recorded_in_fold_manifest,20260821T164332Z_490383ff__exp_20260903T170029Z_e0883d24
rec_747ea9a24e2ce65724a5,/mnt/d/INFANT CRY/data_set_dbl_split/train/not_baby/2-106486-A-44.wav,not_baby,esc50_source:106486,3,not_baby,0.0028161297394796504,0.9971838702605204,original,/mnt/d/INFANT CRY/Models_dbl/experiments/runs/20260821T164332Z_490383ff__exp_20260903T170029Z_e0883d24/candidates/stage1_logmel_small_cnn/seed_42/fold_3/attempt_1/model.keras,recorded_in_fold_manifest,20260821T164332Z_490383ff__exp_20260903T170029Z_e0883d24
rec_17fdc15e8cb1caf6bc39,/mnt/d/INFANT CRY/data_set_dbl_split/train/not_baby/2-106881-A-39.wav,not_baby,esc50_source:106881,3,not_baby,0.0029350662539568543,0.9970649337460431,original,/mnt/d/INFANT CRY/Models_dbl/experiments/runs/20260821T164332Z_490383ff__exp_20260903T170029Z_e0883d24/candidates/stage1_logmel_small_cnn/seed_42/fold_3/attempt_1/model.keras,recorded_in_fold_manifest,20260821T164332Z_490383ff__exp_20260903T170029Z_e0883d24
rec_3d71a9b2cffdaa2bbdd5,/mnt/d/INFANT CRY/data_set_dbl_split/train/not_baby/2-108017-A-24.wav,not_baby,esc50_source:108017,3,not_baby,0.0028908535349800313,0.9971091464650199,original,/mnt/d/INFANT CRY/Models_dbl/experiments/runs/20260821T164332Z_490383ff__exp_20260903T170029Z_e0883d24/candidates/stage1_logmel_small_cnn/seed_42/fold_3/attempt_1/model.keras,recorded_in_fold_manifest,20260821T164332Z_490383ff__exp_20260903T170029Z_e0883d24
rec_908c3211d8a248fefc98,/mnt/d/INFANT CRY/data_set_dbl_split/train/not_baby/2-108763-A-9.wav,not_baby,esc50_source:108763,3,not_baby,0.15940418061930747,0.8405958193806925,original,/mnt/d/INFANT CRY/Models_dbl/experiments/runs/20260821T164332Z_490383ff__exp_20260903T170029Z_e0883d24/candidates/stage1_logmel_small_cnn/seed_42/fold_3/attempt_1/model.keras,recorded_in_fold_manifest,20260821T164332Z_490383ff__exp_20260903T170029Z_e0883d24
rec_64b5855fce8d65e9b840,/mnt/d/INFANT CRY/data_set_dbl_split/train/not_baby/2-110010-A-5.wav,not_baby,esc50_source:110010,3,baby,0.8236431233989262,0.17635687660107385,original,/mnt/d/INFANT CRY/Models_dbl/experiments/runs/20260821T164332Z_490383ff__exp_20260903T170029Z_e0883d24/candidates/stage1_logmel_small_cnn/seed_42/fold_3/attempt_1/model.keras,recorded_in_fold_manifest,20260821T164332Z_490383ff__exp_20260903T170029Z_e0883d24
rec_c19f188fa81865a2d6a6,/mnt/d/INFANT CRY/data_set_dbl_split/train/not_baby/2-110613-A-13.wav,not_baby,esc50_source:110613,3,not_baby,0.010027430727464764,0.9899725692725352,original,/mnt/d/INFANT CRY/Models_dbl/experiments/runs/20260821T164332Z_490383ff__exp_20260903T170029Z_e0883d24/candidates/stage1_logmel_small_cnn/seed_42/fold_3/attempt_1/model.keras,recorded_in_fold_manifest,20260821T164332Z_490383ff__exp_20260903T170029Z_e0883d24
rec_ad33478a48603137aabf,/mnt/d/INFANT CRY/data_set_dbl_split/train/not_baby/2-114587-A-0.wav,not_baby,esc50_source:114587,3,not_baby,0.06088640054899453,0.9391135994510055,original,/mnt/d/INFANT CRY/Models_dbl/experiments/runs/20260821T164332Z_490383ff__exp_20260903T170029Z_e0883d24/candidates/stage1_logmel_small_cnn/seed_42/fold_3/attempt_1/model.keras,recorded_in_fold_manifest,20260821T164332Z_490383ff__exp_20260903T170029Z_e0883d24
rec_cd1e97e635b801b2a3a8,/mnt/d/INFANT CRY/data_set_dbl_split/train/not_baby/2-118624-A-30.wav,not_baby,esc50_source:118624,3,not_baby,0.18902426958084106,0.8109757304191589,original,/mnt/d/INFANT CRY/Models_dbl/experiments/runs/20260821T164332Z_490383ff__exp_20260903T170029Z_e0883d24/candidates/stage1_logmel_small_cnn/seed_42/fold_3/attempt_1/model.keras,recorded_in_fold_manifest,20260821T164332Z_490383ff__exp_20260903T170029Z_e0883d24
rec_22229741fa246227b1ea,/mnt/d/INFANT CRY/data_set_dbl_split/train/not_baby/2-122104-A-0.wav,not_baby,esc50_source:122104,3,not_baby,0.030125238685626513,0.9698747613143734,original,/mnt/d/INFANT CRY/Models_dbl/experiments/runs/20260821T164332Z_490383ff__exp_20260903T170029Z_e0883d24/candidates/stage1_logmel_small_cnn/seed_42/fold_3/attempt_1/model.keras,recorded_in_fold_manifest,20260821T164332Z_490383ff__exp_20260903T170029Z_e0883d24
rec_ba1dac140abb60a161e7,/mnt/d/INFANT CRY/data_set_dbl_split/train/not_baby/2-122104-B-0.wav,not_baby,esc50_source:122104,3,not_baby,0.028601830665384433,0.9713981693346155,original,/mnt/d/INFANT CRY/Models_dbl/experiments/runs/20260821T164332Z_490383ff__exp_20260903T170029Z_e0883d24/candidates/stage1_logmel_small_cnn/seed_42/fold_3/attempt_1/model.keras,recorded_in_fold_manifest,20260821T164332Z_490383ff__exp_20260903T170029Z_e0883d24
rec_c4aa0a155b1800c38d70,/mnt/d/INFANT CRY/data_set_dbl_split/train/not_baby/2-128465-A-43.wav,not_baby,esc50_source:128465,3,not_baby,0.008511134768068815,0.9914888652319311,original,/mnt/d/INFANT CRY/Models_dbl/experiments/runs/20260821T164332Z_490383ff__exp_20260903T170029Z_e0883d24/candidates/stage1_logmel_small_cnn/seed_42/fold_3/attempt_1/model.keras,recorded_in_fold_manifest,20260821T164332Z_490383ff__exp_20260903T170029Z_e0883d24
rec_77c5c95f4c62c7e99103,/mnt/d/INFANT CRY/data_set_dbl_split/train/not_baby/2-128465-B-43.wav,not_baby,esc50_source:128465,3,not_baby,0.006136059201177068,0.9938639407988229,original,/mnt/d/INFANT CRY/Models_dbl/experiments/runs/20260821T164332Z_490383ff__exp_20260903T170029Z_e0883d24/candidates/stage1_logmel_small_cnn/seed_42/fold_3/attempt_1/model.keras,recorded_in_fold_manifest,20260821T164332Z_490383ff__exp_20260903T170029Z_e0883d24
rec_fc78ee89e82c580999f2,/mnt/d/INFANT CRY/data_set_dbl_split/train/not_baby/2-132157-A-11.wav,not_baby,esc50_source:132157,3,not_baby,0.004536002082459693,0.9954639979175403,original,/mnt/d/INFANT CRY/Models_dbl/experiments/runs/20260821T164332Z_490383ff__exp_20260903T170029Z_e0883d24/candidates/stage1_logmel_small_cnn/seed_42/fold_3/attempt_1/model.keras,recorded_in_fold_manifest,20260821T164332Z_490383ff__exp_20260903T170029Z_e0883d24
rec_85e1b73a27570219670d,/mnt/d/INFANT CRY/data_set_dbl_split/train/not_baby/2-132157-B-11.wav,not_baby,esc50_source:132157,3,not_baby,0.003664297130136336,0.9963357028698636,original,/mnt/d/INFANT CRY/Models_dbl/experiments/runs/20260821T164332Z_490383ff__exp_20260903T170029Z_e0883d24/candidates/stage1_logmel_small_cnn/seed_42/fold_3/attempt_1/model.keras,recorded_in_fold_manifest,20260821T164332Z_490383ff__exp_20260903T170029Z_e0883d24
rec_1161a2a098883d0e0355,/mnt/d/INFANT CRY/data_set_dbl_split/train/not_baby/2-135728-A-38.wav,not_baby,esc50_source:135728,3,not_baby,0.03963764074299315,0.9603623592570069,original,/mnt/d/INFANT CRY/Models_dbl/experiments/runs/20260821T164332Z_490383ff__exp_20260903T170029Z_e0883d24/candidates/stage1_logmel_small_cnn/seed_42/fold_3/attempt_1/model.keras,recorded_in_fold_manifest,20260821T164332Z_490383ff__exp_20260903T170029Z_e0883d24
rec_90085a32ba4c1bf72744,/mnt/d/INFANT CRY/data_set_dbl_split/train/not_baby/2-141563-A-39.wav,not_baby,esc50_source:141563,3,not_baby,0.14162359498633764,0.8583764050136623,original,/mnt/d/INFANT CRY/Models_dbl/experiments/runs/20260821T164332Z_490383ff__exp_20260903T170029Z_e0883d24/candidates/stage1_logmel_small_cnn/seed_42/fold_3/attempt_1/model.keras,recorded_in_fold_manifest,20260821T164332Z_490383ff__exp_20260903T170029Z_e0883d24
rec_d875440d12eeec9761de,/mnt/d/INFANT CRY/data_set_dbl_split/train/not_baby/2-154688-A-31.wav,not_baby,esc50_source:154688,3,not_baby,0.002181348034630629,0.9978186519653693,original,/mnt/d/INFANT CRY/Models_dbl/experiments/runs/20260821T164332Z_490383ff__exp_20260903T170029Z_e0883d24/candidates/stage1_logmel_small_cnn/seed_42/fold_3/attempt_1/model.keras,recorded_in_fold_manifest,20260821T164332Z_490383ff__exp_20260903T170029Z_e0883d24
rec_2199924a7cf5a07a68e7,/mnt/d/INFANT CRY/data_set_dbl_split/train/not_baby/2-165801-A-48.wav,not_baby,esc50_source:165801,3,not_baby,0.003589769733760293,0.9964102302662398,original,/mnt/d/INFANT CRY/Models_dbl/experiments/runs/20260821T164332Z_490383ff__exp_20260903T170029Z_e0883d24/candidates/stage1_logmel_small_cnn/seed_42/fold_3/attempt_1/model.keras,recorded_in_fold_manifest,20260821T164332Z_490383ff__exp_20260903T170029Z_e0883d24
rec_2a69ff67c302f7435213,/mnt/d/INFANT CRY/data_set_dbl_split/train/not_baby/2-18766-A-12.wav,not_baby,esc50_source:18766,3,not_baby,0.0020373827320845504,0.9979626172679155,original,/mnt/d/INFANT CRY/Models_dbl/experiments/runs/20260821T164332Z_490383ff__exp_20260903T170029Z_e0883d24/candidates/stage1_logmel_small_cnn/seed_42/fold_3/attempt_1/model.keras,recorded_in_fold_manifest,20260821T164332Z_490383ff__exp_20260903T170029Z_e0883d24
rec_13d099f61bc6b5e90132,/mnt/d/INFANT CRY/data_set_dbl_split/train/not_baby/2-18766-B-12.wav,not_baby,esc50_source:18766,3,not_baby,0.0009559723802331954,0.9990440276197669,original,/mnt/d/INFANT CRY/Models_dbl/experiments/runs/20260821T164332Z_490383ff__exp_20260903T170029Z_e0883d24/candidates/stage1_logmel_small_cnn/seed_42/fold_3/attempt_1/model.keras,recorded_in_fold_manifest,20260821T164332Z_490383ff__exp_20260903T170029Z_e0883d24
rec_474469355dbed8a48b61,/mnt/d/INFANT CRY/data_set_dbl_split/train/not_baby/2-209471-A-25.wav,not_baby,esc50_source:209471,3,not_baby,0.0028320286877033993,0.9971679713122966,original,/mnt/d/INFANT CRY/Models_dbl/experiments/runs/20260821T164332Z_490383ff__exp_20260903T170029Z_e0883d24/candidates/stage1_logmel_small_cnn/seed_42/fold_3/attempt_1/model.keras,recorded_in_fold_manifest,20260821T164332Z_490383ff__exp_20260903T170029Z_e0883d24
rec_34428270fbe1dc43e73a,/mnt/d/INFANT CRY/data_set_dbl_split/train/not_baby/2-250710-A-39.wav,not_baby,esc50_source:250710,3,not_baby,0.10285540440256735,0.8971445955974326,original,/mnt/d/INFANT CRY/Models_dbl/experiments/runs/20260821T164332Z_490383ff__exp_20260903T170029Z_e0883d24/candidates/stage1_logmel_small_cnn/seed_42/fold_3/attempt_1/model.keras,recorded_in_fold_manifest,20260821T164332Z_490383ff__exp_20260903T170029Z_e0883d24
rec_dce785cac51b882fd538,/mnt/d/INFANT CRY/data_set_dbl_split/train/not_baby/2-25292-A-22.wav,not_baby,esc50_source:25292,3,not_baby,0.042169423167986365,0.9578305768320137,original,/mnt/d/INFANT CRY/Models_dbl/experiments/runs/20260821T164332Z_490383ff__exp_20260903T170029Z_e0883d24/candidates/stage1_logmel_small_cnn/seed_42/fold_3/attempt_1/model.keras,recorded_in_fold_manifest,20260821T164332Z_490383ff__exp_20260903T170029Z_e0883d24
rec_0f6bca9a6b3786ccd365,/mnt/d/INFANT CRY/data_set_dbl_split/train/not_baby/2-30322-A-12.wav,not_baby,esc50_source:30322,3,not_baby,0.0015541932047373292,0.9984458067952626,original,/mnt/d/INFANT CRY/Models_dbl/experiments/runs/20260821T164332Z_490383ff__exp_20260903T170029Z_e0883d24/candidates/stage1_logmel_small_cnn/seed_42/fold_3/attempt_1/model.keras,recorded_in_fold_manifest,20260821T164332Z_490383ff__exp_20260903T170029Z_e0883d24
rec_9ecf940daab53d9b9485,/mnt/d/INFANT CRY/data_set_dbl_split/train/not_baby/2-30322-B-12.wav,not_baby,esc50_source:30322,3,not_baby,0.00240143615413638,0.9975985638458637,original,/mnt/d/INFANT CRY/Models_dbl/experiments/runs/20260821T164332Z_490383ff__exp_20260903T170029Z_e0883d24/candidates/stage1_logmel_small_cnn/seed_42/fold_3/attempt_1/model.keras,recorded_in_fold_manifest,20260821T164332Z_490383ff__exp_20260903T170029Z_e0883d24
rec_14cad030798e31ee8c73,/mnt/d/INFANT CRY/data_set_dbl_split/train/not_baby/2-39441-A-19.wav,not_baby,esc50_source:39441,3,not_baby,0.014822928704302364,0.9851770712956976,original,/mnt/d/INFANT CRY/Models_dbl/experiments/runs/20260821T164332Z_490383ff__exp_20260903T170029Z_e0883d24/candidates/stage1_logmel_small_cnn/seed_42/fold_3/attempt_1/model.keras,recorded_in_fold_manifest,20260821T164332Z_490383ff__exp_20260903T170029Z_e0883d24
rec_72ebda0423013f6891a9,/mnt/d/INFANT CRY/data_set_dbl_split/train/not_baby/2-51630-A-49.wav,not_baby,esc50_source:51630,3,not_baby,0.006724071607540426,0.9932759283924596,original,/mnt/d/INFANT CRY/Models_dbl/experiments/runs/20260821T164332Z_490383ff__exp_20260903T170029Z_e0883d24/candidates/stage1_logmel_small_cnn/seed_42/fold_3/attempt_1/model.keras,recorded_in_fold_manifest,20260821T164332Z_490383ff__exp_20260903T170029Z_e0883d24
rec_c1d3d49fc1be642b0dea,/mnt/d/INFANT CRY/data_set_dbl_split/train/not_baby/2-51630-B-49.wav,not_baby,esc50_source:51630,3,not_baby,0.01067469597823301,0.989325304021767,original,/mnt/d/INFANT CRY/Models_dbl/experiments/runs/20260821T164332Z_490383ff__exp_20260903T170029Z_e0883d24/candidates/stage1_logmel_small_cnn/seed_42/fold_3/attempt_1/model.keras,recorded_in_fold_manifest,20260821T164332Z_490383ff__exp_20260903T170029Z_e0883d24
rec_f1c2f3bf4b0bb9bf261a,/mnt/d/INFANT CRY/data_set_dbl_split/train/not_baby/2-57733-A-22.wav,not_baby,esc50_source:57733,3,not_baby,0.0036534602060673957,0.9963465397939326,original,/mnt/d/INFANT CRY/Models_dbl/experiments/runs/20260821T164332Z_490383ff__exp_20260903T170029Z_e0883d24/candidates/stage1_logmel_small_cnn/seed_42/fold_3/attempt_1/model.keras,recorded_in_fold_manifest,20260821T164332Z_490383ff__exp_20260903T170029Z_e0883d24
rec_f87f6ddef7e616b32b8f,/mnt/d/INFANT CRY/data_set_dbl_split/train/not_baby/2-70938-A-42.wav,not_baby,esc50_source:70938,3,baby,0.9776961657748198,0.022303834225180234,original,/mnt/d/INFANT CRY/Models_dbl/experiments/runs/20260821T164332Z_490383ff__exp_20260903T170029Z_e0883d24/candidates/stage1_logmel_small_cnn/seed_42/fold_3/attempt_1/model.keras,recorded_in_fold_manifest,20260821T164332Z_490383ff__exp_20260903T170029Z_e0883d24
rec_66842ad328db07193420,/mnt/d/INFANT CRY/data_set_dbl_split/train/not_baby/2-72688-A-42.wav,not_baby,esc50_source:72688,3,not_baby,0.01036690467481479,0.9896330953251852,original,/mnt/d/INFANT CRY/Models_dbl/experiments/runs/20260821T164332Z_490383ff__exp_20260903T170029Z_e0883d24/candidates/stage1_logmel_small_cnn/seed_42/fold_3/attempt_1/model.keras,recorded_in_fold_manifest,20260821T164332Z_490383ff__exp_20260903T170029Z_e0883d24
rec_30bac879167fb5538fd6,/mnt/d/INFANT CRY/data_set_dbl_split/train/not_baby/2-74361-A-47.wav,not_baby,esc50_source:74361,3,not_baby,0.007347022392308954,0.992652977607691,original,/mnt/d/INFANT CRY/Models_dbl/experiments/runs/20260821T164332Z_490383ff__exp_20260903T170029Z_e0883d24/candidates/stage1_logmel_small_cnn/seed_42/fold_3/attempt_1/model.keras,recorded_in_fold_manifest,20260821T164332Z_490383ff__exp_20260903T170029Z_e0883d24
rec_9d7b6f58238aea9581aa,/mnt/d/INFANT CRY/data_set_dbl_split/train/not_baby/2-75726-A-6.wav,not_baby,esc50_source:75726,3,baby,0.5928393249011442,0.4071606750988558,original,/mnt/d/INFANT CRY/Models_dbl/experiments/runs/20260821T164332Z_490383ff__exp_20260903T170029Z_e0883d24/candidates/stage1_logmel_small_cnn/seed_42/fold_3/attempt_1/model.keras,recorded_in_fold_manifest,20260821T164332Z_490383ff__exp_20260903T170029Z_e0883d24
rec_fdaf86423e1126bdbb03,/mnt/d/INFANT CRY/data_set_dbl_split/train/not_baby/2-80313-A-28.wav,not_baby,esc50_source:80313,3,not_baby,0.026340540596621262,0.9736594594033787,original,/mnt/d/INFANT CRY/Models_dbl/experiments/runs/20260821T164332Z_490383ff__exp_20260903T170029Z_e0883d24/candidates/stage1_logmel_small_cnn/seed_42/fold_3/attempt_1/model.keras,recorded_in_fold_manifest,20260821T164332Z_490383ff__exp_20260903T170029Z_e0883d24
rec_ea2832d7cf503a80856a,/mnt/d/INFANT CRY/data_set_dbl_split/train/not_baby/2-81270-A-1.wav,not_baby,esc50_source:81270,3,baby,0.5088800636267643,0.4911199363732357,original,/mnt/d/INFANT CRY/Models_dbl/experiments/runs/20260821T164332Z_490383ff__exp_20260903T170029Z_e0883d24/candidates/stage1_logmel_small_cnn/seed_42/fold_3/attempt_1/model.keras,recorded_in_fold_manifest,20260821T164332Z_490383ff__exp_20260903T170029Z_e0883d24
rec_081ec705e1093b3a63f9,/mnt/d/INFANT CRY/data_set_dbl_split/train/not_baby/2-82455-A-23.wav,not_baby,esc50_source:82455,3,not_baby,0.003575427072517771,0.9964245729274822,original,/mnt/d/INFANT CRY/Models_dbl/experiments/runs/20260821T164332Z_490383ff__exp_20260903T170029Z_e0883d24/candidates/stage1_logmel_small_cnn/seed_42/fold_3/attempt_1/model.keras,recorded_in_fold_manifest,20260821T164332Z_490383ff__exp_20260903T170029Z_e0883d24
rec_ba69c73a6b377a6cabf4,/mnt/d/INFANT CRY/data_set_dbl_split/train/not_baby/2-83270-A-13.wav,not_baby,esc50_source:83270,3,not_baby,0.0059023445050351755,0.9940976554949649,original,/mnt/d/INFANT CRY/Models_dbl/experiments/runs/20260821T164332Z_490383ff__exp_20260903T170029Z_e0883d24/candidates/stage1_logmel_small_cnn/seed_42/fold_3/attempt_1/model.keras,recorded_in_fold_manifest,20260821T164332Z_490383ff__exp_20260903T170029Z_e0883d24
rec_75d23c9c6e660985a49f,/mnt/d/INFANT CRY/data_set_dbl_split/train/not_baby/2-84693-A-49.wav,not_baby,esc50_source:84693,3,not_baby,0.0007688675790262859,0.9992311324209737,original,/mnt/d/INFANT CRY/Models_dbl/experiments/runs/20260821T164332Z_490383ff__exp_20260903T170029Z_e0883d24/candidates/stage1_logmel_small_cnn/seed_42/fold_3/attempt_1/model.keras,recorded_in_fold_manifest,20260821T164332Z_490383ff__exp_20260903T170029Z_e0883d24
rec_e77d7bd83dd91c1a34ec,/mnt/d/INFANT CRY/data_set_dbl_split/train/not_baby/2-87412-A-24.wav,not_baby,esc50_source:87412,3,not_baby,0.2388734221458435,0.7611265778541565,original,/mnt/d/INFANT CRY/Models_dbl/experiments/runs/20260821T164332Z_490383ff__exp_20260903T170029Z_e0883d24/candidates/stage1_logmel_small_cnn/seed_42/fold_3/attempt_1/model.keras,recorded_in_fold_manifest,20260821T164332Z_490383ff__exp_20260903T170029Z_e0883d24
rec_24821d57ff303e1adedc,/mnt/d/INFANT CRY/data_set_dbl_split/train/not_baby/2-87781-A-10.wav,not_baby,esc50_source:87781,3,not_baby,0.003990557404485637,0.9960094425955144,original,/mnt/d/INFANT CRY/Models_dbl/experiments/runs/20260821T164332Z_490383ff__exp_20260903T170029Z_e0883d24/candidates/stage1_logmel_small_cnn/seed_42/fold_3/attempt_1/model.keras,recorded_in_fold_manifest,20260821T164332Z_490383ff__exp_20260903T170029Z_e0883d24
rec_8b839081b08b713be279,/mnt/d/INFANT CRY/data_set_dbl_split/train/not_baby/2-96460-A-1.wav,not_baby,esc50_source:96460,3,not_baby,0.20541805028915405,0.794581949710846,original,/mnt/d/INFANT CRY/Models_dbl/experiments/runs/20260821T164332Z_490383ff__exp_20260903T170029Z_e0883d24/candidates/stage1_logmel_small_cnn/seed_42/fold_3/attempt_1/model.keras,recorded_in_fold_manifest,20260821T164332Z_490383ff__exp_20260903T170029Z_e0883d24
rec_08f532ad7207488ab189,/mnt/d/INFANT CRY/data_set_dbl_split/train/not_baby/2-98676-A-24.wav,not_baby,esc50_source:98676,3,not_baby,0.2992932200431824,0.7007067799568176,original,/mnt/d/INFANT CRY/Models_dbl/experiments/runs/20260821T164332Z_490383ff__exp_20260903T170029Z_e0883d24/candidates/stage1_logmel_small_cnn/seed_42/fold_3/attempt_1/model.keras,recorded_in_fold_manifest,20260821T164332Z_490383ff__exp_20260903T170029Z_e0883d24
rec_f5841d678f09fe04113c,/mnt/d/INFANT CRY/data_set_dbl_split/train/not_baby/3-103599-A-25.wav,not_baby,esc50_source:103599,3,not_baby,0.010301944520820144,0.9896980554791799,original,/mnt/d/INFANT CRY/Models_dbl/experiments/runs/20260821T164332Z_490383ff__exp_20260903T170029Z_e0883d24/candidates/stage1_logmel_small_cnn/seed_42/fold_3/attempt_1/model.keras,recorded_in_fold_manifest,20260821T164332Z_490383ff__exp_20260903T170029Z_e0883d24
rec_2f278f16957e6c5093fc,/mnt/d/INFANT CRY/data_set_dbl_split/train/not_baby/3-103599-B-25.wav,not_baby,esc50_source:103599,3,not_baby,0.0016877891787592833,0.9983122108212407,original,/mnt/d/INFANT CRY/Models_dbl/experiments/runs/20260821T164332Z_490383ff__exp_20260903T170029Z_e0883d24/candidates/stage1_logmel_small_cnn/seed_42/fold_3/attempt_1/model.keras,recorded_in_fold_manifest,20260821T164332Z_490383ff__exp_20260903T170029Z_e0883d24
rec_5149c5e7451fb7a83093,/mnt/d/INFANT CRY/data_set_dbl_split/train/not_baby/3-116135-A-1.wav,not_baby,esc50_source:116135,3,baby,0.8659321923831759,0.13406780761682413,original,/mnt/d/INFANT CRY/Models_dbl/experiments/runs/20260821T164332Z_490383ff__exp_20260903T170029Z_e0883d24/candidates/stage1_logmel_small_cnn/seed_42/fold_3/attempt_1/model.keras,recorded_in_fold_manifest,20260821T164332Z_490383ff__exp_20260903T170029Z_e0883d24
rec_174d03da937f30018490,/mnt/d/INFANT CRY/data_set_dbl_split/train/not_baby/3-117293-A-9.wav,not_baby,esc50_source:117293,3,not_baby,0.056034049452746454,0.9439659505472535,original,/mnt/d/INFANT CRY/Models_dbl/experiments/runs/20260821T164332Z_490383ff__exp_20260903T170029Z_e0883d24/candidates/stage1_logmel_small_cnn/seed_42/fold_3/attempt_1/model.keras,recorded_in_fold_manifest,20260821T164332Z_490383ff__exp_20260903T170029Z_e0883d24
rec_6d80f58dee2505f7205c,/mnt/d/INFANT CRY/data_set_dbl_split/train/not_baby/3-117793-A-37.wav,not_baby,esc50_source:117793,3,not_baby,0.09505336128254774,0.9049466387174523,original,/mnt/d/INFANT CRY/Models_dbl/experiments/runs/20260821T164332Z_490383ff__exp_20260903T170029Z_e0883d24/candidates/stage1_logmel_small_cnn/seed_42/fold_3/attempt_1/model.keras,recorded_in_fold_manifest,20260821T164332Z_490383ff__exp_20260903T170029Z_e0883d24
rec_6e6eb7650381ff609025,/mnt/d/INFANT CRY/data_set_dbl_split/train/not_baby/3-118972-A-41.wav,not_baby,esc50_source:118972,3,not_baby,0.0015511417443856623,0.9984488582556144,original,/mnt/d/INFANT CRY/Models_dbl/experiments/runs/20260821T164332Z_490383ff__exp_20260903T170029Z_e0883d24/candidates/stage1_logmel_small_cnn/seed_42/fold_3/attempt_1/model.keras,recorded_in_fold_manifest,20260821T164332Z_490383ff__exp_20260903T170029Z_e0883d24
rec_44945c667afaafbbbaf5,/mnt/d/INFANT CRY/data_set_dbl_split/train/not_baby/3-118972-B-41.wav,not_baby,esc50_source:118972,3,not_baby,0.01531016368097702,0.984689836319023,original,/mnt/d/INFANT CRY/Models_dbl/experiments/runs/20260821T164332Z_490383ff__exp_20260903T170029Z_e0883d24/candidates/stage1_logmel_small_cnn/seed_42/fold_3/attempt_1/model.keras,recorded_in_fold_manifest,20260821T164332Z_490383ff__exp_20260903T170029Z_e0883d24
rec_93b9372a95548404d56f,/mnt/d/INFANT CRY/data_set_dbl_split/train/not_baby/3-119459-A-26.wav,not_baby,esc50_source:119459,3,not_baby,0.16752851009368896,0.832471489906311,original,/mnt/d/INFANT CRY/Models_dbl/experiments/runs/20260821T164332Z_490383ff__exp_20260903T170029Z_e0883d24/candidates/stage1_logmel_small_cnn/seed_42/fold_3/attempt_1/model.keras,recorded_in_fold_manifest,20260821T164332Z_490383ff__exp_20260903T170029Z_e0883d24
rec_5e26dd1fa7ea5f6c7b76,/mnt/d/INFANT CRY/data_set_dbl_split/train/not_baby/3-120526-A-37.wav,not_baby,esc50_source:120526,3,baby,0.6112063709260932,0.3887936290739068,original,/mnt/d/INFANT CRY/Models_dbl/experiments/runs/20260821T164332Z_490383ff__exp_20260903T170029Z_e0883d24/candidates/stage1_logmel_small_cnn/seed_42/fold_3/attempt_1/model.keras,recorded_in_fold_manifest,20260821T164332Z_490383ff__exp_20260903T170029Z_e0883d24
rec_80ab9038f58f49a0e5c6,/mnt/d/INFANT CRY/data_set_dbl_split/train/not_baby/3-120526-B-37.wav,not_baby,esc50_source:120526,3,not_baby,0.13067420927661033,0.8693257907233897,original,/mnt/d/INFANT CRY/Models_dbl/experiments/runs/20260821T164332Z_490383ff__exp_20260903T170029Z_e0883d24/candidates/stage1_logmel_small_cnn/seed_42/fold_3/attempt_1/model.keras,recorded_in_fold_manifest,20260821T164332Z_490383ff__exp_20260903T170029Z_e0883d24
rec_affd50ba92998302592b,/mnt/d/INFANT CRY/data_set_dbl_split/train/not_baby/3-121348-A-9.wav,not_baby,esc50_source:121348,3,not_baby,0.09243929386138916,0.9075607061386108,original,/mnt/d/INFANT CRY/Models_dbl/experiments/runs/20260821T164332Z_490383ff__exp_20260903T170029Z_e0883d24/candidates/stage1_logmel_small_cnn/seed_42/fold_3/attempt_1/model.keras,recorded_in_fold_manifest,20260821T164332Z_490383ff__exp_20260903T170029Z_e0883d24
rec_450ac77d3fa8e92632c4,/mnt/d/INFANT CRY/data_set_dbl_split/train/not_baby/3-123086-A-28.wav,not_baby,esc50_source:123086,3,not_baby,0.0250939690511449,0.9749060309488551,original,/mnt/d/INFANT CRY/Models_dbl/experiments/runs/20260821T164332Z_490383ff__exp_20260903T170029Z_e0883d24/candidates/stage1_logmel_small_cnn/seed_42/fold_3/attempt_1/model.keras,recorded_in_fold_manifest,20260821T164332Z_490383ff__exp_20260903T170029Z_e0883d24
rec_855a073918d2bf9820c7,/mnt/d/INFANT CRY/data_set_dbl_split/train/not_baby/3-124600-A-19.wav,not_baby,esc50_source:124600,3,not_baby,0.02850785936438618,0.9714921406356138,original,/mnt/d/INFANT CRY/Models_dbl/experiments/runs/20260821T164332Z_490383ff__exp_20260903T170029Z_e0883d24/candidates/stage1_logmel_small_cnn/seed_42/fold_3/attempt_1/model.keras,recorded_in_fold_manifest,20260821T164332Z_490383ff__exp_20260903T170029Z_e0883d24
rec_3174c306b6a079ae3ba1,/mnt/d/INFANT CRY/data_set_dbl_split/train/not_baby/3-125418-A-24.wav,not_baby,esc50_source:125418,3,not_baby,0.02611416241239936,0.9738858375876006,original,/mnt/d/INFANT CRY/Models_dbl/experiments/runs/20260821T164332Z_490383ff__exp_20260903T170029Z_e0883d24/candidates/stage1_logmel_small_cnn/seed_42/fold_3/attempt_1/model.keras,recorded_in_fold_manifest,20260821T164332Z_490383ff__exp_20260903T170029Z_e0883d24
rec_add3cae312860a934c01,/mnt/d/INFANT CRY/data_set_dbl_split/train/not_baby/3-126358-A-3.wav,not_baby,esc50_source:126358,3,not_baby,0.04143746135477034,0.9585625386452297,original,/mnt/d/INFANT CRY/Models_dbl/experiments/runs/20260821T164332Z_490383ff__exp_20260903T170029Z_e0883d24/candidates/stage1_logmel_small_cnn/seed_42/fold_3/attempt_1/model.keras,recorded_in_fold_manifest,20260821T164332Z_490383ff__exp_20260903T170029Z_e0883d24
rec_e804963d6193af76add1,/mnt/d/INFANT CRY/data_set_dbl_split/train/not_baby/3-126358-B-3.wav,not_baby,esc50_source:126358,3,not_baby,0.07937145919076011,0.9206285408092398,original,/mnt/d/INFANT CRY/Models_dbl/experiments/runs/20260821T164332Z_490383ff__exp_20260903T170029Z_e0883d24/candidates/stage1_logmel_small_cnn/seed_42/fold_3/attempt_1/model.keras,recorded_in_fold_manifest,20260821T164332Z_490383ff__exp_20260903T170029Z_e0883d24
rec_23925b12e3827d21ff66,/mnt/d/INFANT CRY/data_set_dbl_split/train/not_baby/3-129264-A-9.wav,not_baby,esc50_source:129264,3,not_baby,0.03179573291387955,0.9682042670861204,original,/mnt/d/INFANT CRY/Models_dbl/experiments/runs/20260821T164332Z_490383ff__exp_20260903T170029Z_e0883d24/candidates/stage1_logmel_small_cnn/seed_42/fold_3/attempt_1/model.keras,recorded_in_fold_manifest,20260821T164332Z_490383ff__exp_20260903T170029Z_e0883d24
rec_a2e88e0d70675066dec8,/mnt/d/INFANT CRY/data_set_dbl_split/train/not_baby/3-134802-A-13.wav,not_baby,esc50_source:134802,3,not_baby,0.45384925603866577,0.5461507439613342,original,/mnt/d/INFANT CRY/Models_dbl/experiments/runs/20260821T164332Z_490383ff__exp_20260903T170029Z_e0883d24/candidates/stage1_logmel_small_cnn/seed_42/fold_3/attempt_1/model.keras,recorded_in_fold_manifest,20260821T164332Z_490383ff__exp_20260903T170029Z_e0883d24
rec_61d8e46d9eb60eb8763f,/mnt/d/INFANT CRY/data_set_dbl_split/train/not_baby/3-136451-A-45.wav,not_baby,esc50_source:136451,3,not_baby,0.014065301306492108,0.9859346986935079,original,/mnt/d/INFANT CRY/Models_dbl/experiments/runs/20260821T164332Z_490383ff__exp_20260903T170029Z_e0883d24/candidates/stage1_logmel_small_cnn/seed_42/fold_3/attempt_1/model.keras,recorded_in_fold_manifest,20260821T164332Z_490383ff__exp_20260903T170029Z_e0883d24
rec_52c0ebaf73a60d302433,/mnt/d/INFANT CRY/data_set_dbl_split/train/not_baby/3-139958-A-37.wav,not_baby,esc50_source:139958,3,not_baby,0.061066788685316356,0.9389332113146837,original,/mnt/d/INFANT CRY/Models_dbl/experiments/runs/20260821T164332Z_490383ff__exp_20260903T170029Z_e0883d24/candidates/stage1_logmel_small_cnn/seed_42/fold_3/attempt_1/model.keras,recorded_in_fold_manifest,20260821T164332Z_490383ff__exp_20260903T170029Z_e0883d24
rec_6075889dccbd926eeea7,/mnt/d/INFANT CRY/data_set_dbl_split/train/not_baby/3-141240-A-44.wav,not_baby,esc50_source:141240,3,not_baby,0.13406020402908325,0.8659397959709167,original,/mnt/d/INFANT CRY/Models_dbl/experiments/runs/20260821T164332Z_490383ff__exp_20260903T170029Z_e0883d24/candidates/stage1_logmel_small_cnn/seed_42/fold_3/attempt_1/model.keras,recorded_in_fold_manifest,20260821T164332Z_490383ff__exp_20260903T170029Z_e0883d24
rec_3793b9d699f04d811e85,/mnt/d/INFANT CRY/data_set_dbl_split/train/not_baby/3-141240-B-44.wav,not_baby,esc50_source:141240,3,not_baby,0.004510844017116405,0.9954891559828836,original,/mnt/d/INFANT CRY/Models_dbl/experiments/runs/20260821T164332Z_490383ff__exp_20260903T170029Z_e0883d24/candidates/stage1_logmel_small_cnn/seed_42/fold_3/attempt_1/model.keras,recorded_in_fold_manifest,20260821T164332Z_490383ff__exp_20260903T170029Z_e0883d24
rec_885b75b9df15a5493628,/mnt/d/INFANT CRY/data_set_dbl_split/train/not_baby/3-143562-A-47.wav,not_baby,esc50_source:143562,3,not_baby,0.006463480566388939,0.9935365194336111,original,/mnt/d/INFANT CRY/Models_dbl/experiments/runs/20260821T164332Z_490383ff__exp_20260903T170029Z_e0883d24/candidates/stage1_logmel_small_cnn/seed_42/fold_3/attempt_1/model.keras,recorded_in_fold_manifest,20260821T164332Z_490383ff__exp_20260903T170029Z_e0883d24
rec_1474ab9054b40d4d8e3e,/mnt/d/INFANT CRY/data_set_dbl_split/train/not_baby/3-144120-A-32.wav,not_baby,esc50_source:144120,3,not_baby,0.0020587189815399025,0.9979412810184601,original,/mnt/d/INFANT CRY/Models_dbl/experiments/runs/20260821T164332Z_490383ff__exp_20260903T170029Z_e0883d24/candidates/stage1_logmel_small_cnn/seed_42/fold_3/attempt_1/model.keras,recorded_in_fold_manifest,20260821T164332Z_490383ff__exp_20260903T170029Z_e0883d24
rec_fa6fdf27f877fdefe2b2,/mnt/d/INFANT CRY/data_set_dbl_split/train/not_baby/3-145382-A-1.wav,not_baby,esc50_source:145382,3,not_baby,0.14935170336591755,0.8506482966340825,original,/mnt/d/INFANT CRY/Models_dbl/experiments/runs/20260821T164332Z_490383ff__exp_20260903T170029Z_e0883d24/candidates/stage1_logmel_small_cnn/seed_42/fold_3/attempt_1/model.keras,recorded_in_fold_manifest,20260821T164332Z_490383ff__exp_20260903T170029Z_e0883d24
rec_1f6ae25e9110f50a6ede,/mnt/d/INFANT CRY/data_set_dbl_split/train/not_baby/3-146186-A-44.wav,not_baby,esc50_source:146186,3,not_baby,0.009103166438395633,0.9908968335616044,original,/mnt/d/INFANT CRY/Models_dbl/experiments/runs/20260821T164332Z_490383ff__exp_20260903T170029Z_e0883d24/candidates/stage1_logmel_small_cnn/seed_42/fold_3/attempt_1/model.keras,recorded_in_fold_manifest,20260821T164332Z_490383ff__exp_20260903T170029Z_e0883d24
rec_87235077b01f2f086e5a,/mnt/d/INFANT CRY/data_set_dbl_split/train/not_baby/3-148297-A-37.wav,not_baby,esc50_source:148297,3,not_baby,0.0023057610827279577,0.997694238917272,original,/mnt/d/INFANT CRY/Models_dbl/experiments/runs/20260821T164332Z_490383ff__exp_20260903T170029Z_e0883d24/candidates/stage1_logmel_small_cnn/seed_42/fold_3/attempt_1/model.keras,recorded_in_fold_manifest,20260821T164332Z_490383ff__exp_20260903T170029Z_e0883d24
rec_9fad3f5939f80026e40b,/mnt/d/INFANT CRY/data_set_dbl_split/train/not_baby/3-150363-A-38.wav,not_baby,esc50_source:150363,3,not_baby,0.013839431828826836,0.9861605681711731,original,/mnt/d/INFANT CRY/Models_dbl/experiments/runs/20260821T164332Z_490383ff__exp_20260903T170029Z_e0883d24/candidates/stage1_logmel_small_cnn/seed_42/fold_3/attempt_1/model.keras,recorded_in_fold_manifest,20260821T164332Z_490383ff__exp_20260903T170029Z_e0883d24
rec_2afd9cbfcc7cfcdf25e5,/mnt/d/INFANT CRY/data_set_dbl_split/train/not_baby/3-150979-A-40.wav,not_baby,esc50_source:150979,3,not_baby,0.016654510579735125,0.9833454894202649,original,/mnt/d/INFANT CRY/Models_dbl/experiments/runs/20260821T164332Z_490383ff__exp_20260903T170029Z_e0883d24/candidates/stage1_logmel_small_cnn/seed_42/fold_3/attempt_1/model.keras,recorded_in_fold_manifest,20260821T164332Z_490383ff__exp_20260903T170029Z_e0883d24
rec_251430e1600a9cdb35e2,/mnt/d/INFANT CRY/data_set_dbl_split/train/not_baby/3-150979-B-40.wav,not_baby,esc50_source:150979,3,not_baby,0.010586568987122095,0.9894134310128779,original,/mnt/d/INFANT CRY/Models_dbl/experiments/runs/20260821T164332Z_490383ff__exp_20260903T170029Z_e0883d24/candidates/stage1_logmel_small_cnn/seed_42/fold_3/attempt_1/model.keras,recorded_in_fold_manifest,20260821T164332Z_490383ff__exp_20260903T170029Z_e0883d24
rec_3250d5e32a2cc1c9644a,/mnt/d/INFANT CRY/data_set_dbl_split/train/not_baby/3-150979-C-40.wav,not_baby,esc50_source:150979,3,not_baby,0.01373027836652732,0.9862697216334727,original,/mnt/d/INFANT CRY/Models_dbl/experiments/runs/20260821T164332Z_490383ff__exp_20260903T170029Z_e0883d24/candidates/stage1_logmel_small_cnn/seed_42/fold_3/attempt_1/model.keras,recorded_in_fold_manifest,20260821T164332Z_490383ff__exp_20260903T170029Z_e0883d24
rec_d1d62c915afb7c3bd074,/mnt/d/INFANT CRY/data_set_dbl_split/train/not_baby/3-152997-A-26.wav,not_baby,esc50_source:152997,3,not_baby,0.04184743030931466,0.9581525696906853,original,/mnt/d/INFANT CRY/Models_dbl/experiments/runs/20260821T164332Z_490383ff__exp_20260903T170029Z_e0883d24/candidates/stage1_logmel_small_cnn/seed_42/fold_3/attempt_1/model.keras,recorded_in_fold_manifest,20260821T164332Z_490383ff__exp_20260903T170029Z_e0883d24
rec_76522432df6f53ccf58d,/mnt/d/INFANT CRY/data_set_dbl_split/train/not_baby/3-154926-A-40.wav,not_baby,esc50_source:154926,3,not_baby,0.06627720895040869,0.9337227910495913,original,/mnt/d/INFANT CRY/Models_dbl/experiments/runs/20260821T164332Z_490383ff__exp_20260903T170029Z_e0883d24/candidates/stage1_logmel_small_cnn/seed_42/fold_3/attempt_1/model.keras,recorded_in_fold_manifest,20260821T164332Z_490383ff__exp_20260903T170029Z_e0883d24
rec_56e56896c3e1047cc8a5,/mnt/d/INFANT CRY/data_set_dbl_split/train/not_baby/3-154926-B-40.wav,not_baby,esc50_source:154926,3,not_baby,0.004438158141218715,0.9955618418587813,original,/mnt/d/INFANT CRY/Models_dbl/experiments/runs/20260821T164332Z_490383ff__exp_20260903T170029Z_e0883d24/candidates/stage1_logmel_small_cnn/seed_42/fold_3/attempt_1/model.keras,recorded_in_fold_manifest,20260821T164332Z_490383ff__exp_20260903T170029Z_e0883d24
rec_ac58c7489020bf523ec8,/mnt/d/INFANT CRY/data_set_dbl_split/train/not_baby/3-155234-A-43.wav,not_baby,esc50_source:155234,3,not_baby,0.0060744839975006674,0.9939255160024993,original,/mnt/d/INFANT CRY/Models_dbl/experiments/runs/20260821T164332Z_490383ff__exp_20260903T170029Z_e0883d24/candidates/stage1_logmel_small_cnn/seed_42/fold_3/attempt_1/model.keras,recorded_in_fold_manifest,20260821T164332Z_490383ff__exp_20260903T170029Z_e0883d24
rec_9726ea48aeccd2c5120f,/mnt/d/INFANT CRY/data_set_dbl_split/train/not_baby/3-155579-A-14.wav,not_baby,esc50_source:155579,3,not_baby,0.04735909472941004,0.95264090527059,original,/mnt/d/INFANT CRY/Models_dbl/experiments/runs/20260821T164332Z_490383ff__exp_20260903T170029Z_e0883d24/candidates/stage1_logmel_small_cnn/seed_42/fold_3/attempt_1/model.keras,recorded_in_fold_manifest,20260821T164332Z_490383ff__exp_20260903T170029Z_e0883d24
rec_6fc03670d41928fdfd4a,/mnt/d/INFANT CRY/data_set_dbl_split/train/not_baby/3-155659-A-34.wav,not_baby,esc50_source:155659,3,not_baby,0.049517291607013125,0.9504827083929869,original,/mnt/d/INFANT CRY/Models_dbl/experiments/runs/20260821T164332Z_490383ff__exp_20260903T170029Z_e0883d24/candidates/stage1_logmel_small_cnn/seed_42/fold_3/attempt_1/model.keras,recorded_in_fold_manifest,20260821T164332Z_490383ff__exp_20260903T170029Z_e0883d24
rec_879614208d1b5155d90b,/mnt/d/INFANT CRY/data_set_dbl_split/train/not_baby/3-157615-A-10.wav,not_baby,esc50_source:157615,3,baby,0.8047549364825366,0.19524506351746335,original,/mnt/d/INFANT CRY/Models_dbl/experiments/runs/20260821T164332Z_490383ff__exp_20260903T170029Z_e0883d24/candidates/stage1_logmel_small_cnn/seed_42/fold_3/attempt_1/model.keras,recorded_in_fold_manifest,20260821T164332Z_490383ff__exp_20260903T170029Z_e0883d24
rec_83be0939a0a0579abe14,/mnt/d/INFANT CRY/data_set_dbl_split/train/not_baby/3-159347-A-36.wav,not_baby,esc50_source:159347,3,not_baby,0.046089761302543886,0.9539102386974561,original,/mnt/d/INFANT CRY/Models_dbl/experiments/runs/20260821T164332Z_490383ff__exp_20260903T170029Z_e0883d24/candidates/stage1_logmel_small_cnn/seed_42/fold_3/attempt_1/model.keras,recorded_in_fold_manifest,20260821T164332Z_490383ff__exp_20260903T170029Z_e0883d24
rec_012249d24c2e7b2dca14,/mnt/d/INFANT CRY/data_set_dbl_split/train/not_baby/3-159347-B-36.wav,not_baby,esc50_source:159347,3,not_baby,0.030595786641569533,0.9694042133584304,original,/mnt/d/INFANT CRY/Models_dbl/experiments/runs/20260821T164332Z_490383ff__exp_20260903T170029Z_e0883d24/candidates/stage1_logmel_small_cnn/seed_42/fold_3/attempt_1/model.keras,recorded_in_fold_manifest,20260821T164332Z_490383ff__exp_20260903T170029Z_e0883d24
rec_3e47aa6ec8cad7e51bf3,/mnt/d/INFANT CRY/data_set_dbl_split/train/not_baby/3-161010-A-43.wav,not_baby,esc50_source:161010,3,not_baby,0.0047803080892792294,0.9952196919107208,original,/mnt/d/INFANT CRY/Models_dbl/experiments/runs/20260821T164332Z_490383ff__exp_20260903T170029Z_e0883d24/candidates/stage1_logmel_small_cnn/seed_42/fold_3/attempt_1/model.keras,recorded_in_fold_manifest,20260821T164332Z_490383ff__exp_20260903T170029Z_e0883d24
rec_d5dc020e991a36deda68,/mnt/d/INFANT CRY/data_set_dbl_split/train/not_baby/3-165856-A-41.wav,not_baby,esc50_source:165856,3,not_baby,0.05472294389474249,0.9452770561052575,original,/mnt/d/INFANT CRY/Models_dbl/experiments/runs/20260821T164332Z_490383ff__exp_20260903T170029Z_e0883d24/candidates/stage1_logmel_small_cnn/seed_42/fold_3/attempt_1/model.keras,recorded_in_fold_manifest,20260821T164332Z_490383ff__exp_20260903T170029Z_e0883d24
rec_f86aa985d7d3b6174cc5,/mnt/d/INFANT CRY/data_set_dbl_split/train/not_baby/3-166422-A-11.wav,not_baby,esc50_source:166422,3,not_baby,0.009798550402879217,0.9902014495971208,original,/mnt/d/INFANT CRY/Models_dbl/experiments/runs/20260821T164332Z_490383ff__exp_20260903T170029Z_e0883d24/candidates/stage1_logmel_small_cnn/seed_42/fold_3/attempt_1/model.keras,recorded_in_fold_manifest,20260821T164332Z_490383ff__exp_20260903T170029Z_e0883d24
rec_2a3a435ae63cd3a0ea43,/mnt/d/INFANT CRY/data_set_dbl_split/train/not_baby/3-171041-A-38.wav,not_baby,esc50_source:171041,3,not_baby,0.0012559431484082649,0.9987440568515917,original,/mnt/d/INFANT CRY/Models_dbl/experiments/runs/20260821T164332Z_490383ff__exp_20260903T170029Z_e0883d24/candidates/stage1_logmel_small_cnn/seed_42/fold_3/attempt_1/model.keras,recorded_in_fold_manifest,20260821T164332Z_490383ff__exp_20260903T170029Z_e0883d24
rec_f4ea97a7016a5c3cb870,/mnt/d/INFANT CRY/data_set_dbl_split/train/not_baby/3-171281-A-6.wav,not_baby,esc50_source:171281,3,not_baby,0.027987991115889666,0.9720120088841103,original,/mnt/d/INFANT CRY/Models_dbl/experiments/runs/20260821T164332Z_490383ff__exp_20260903T170029Z_e0883d24/candidates/stage1_logmel_small_cnn/seed_42/fold_3/attempt_1/model.keras,recorded_in_fold_manifest,20260821T164332Z_490383ff__exp_20260903T170029Z_e0883d24
rec_f26355e88b4f13bf4ff4,/mnt/d/INFANT CRY/data_set_dbl_split/train/not_baby/3-174866-A-29.wav,not_baby,esc50_source:174866,3,not_baby,0.01643931499287231,0.9835606850071277,original,/mnt/d/INFANT CRY/Models_dbl/experiments/runs/20260821T164332Z_490383ff__exp_20260903T170029Z_e0883d24/candidates/stage1_logmel_small_cnn/seed_42/fold_3/attempt_1/model.keras,recorded_in_fold_manifest,20260821T164332Z_490383ff__exp_20260903T170029Z_e0883d24
rec_74d9bce01f0db40ad27f,/mnt/d/INFANT CRY/data_set_dbl_split/train/not_baby/3-188390-A-6.wav,not_baby,esc50_source:188390,3,not_baby,0.2918221950531006,0.7081778049468994,original,/mnt/d/INFANT CRY/Models_dbl/experiments/runs/20260821T164332Z_490383ff__exp_20260903T170029Z_e0883d24/candidates/stage1_logmel_small_cnn/seed_42/fold_3/attempt_1/model.keras,recorded_in_fold_manifest,20260821T164332Z_490383ff__exp_20260903T170029Z_e0883d24
rec_580b0243752357394881,/mnt/d/INFANT CRY/data_set_dbl_split/train/not_baby/3-203374-A-39.wav,not_baby,esc50_source:203374,3,not_baby,0.4550981359213035,0.5449018640786965,original,/mnt/d/INFANT CRY/Models_dbl/experiments/runs/20260821T164332Z_490383ff__exp_20260903T170029Z_e0883d24/candidates/stage1_logmel_small_cnn/seed_42/fold_3/attempt_1/model.keras,recorded_in_fold_manifest,20260821T164332Z_490383ff__exp_20260903T170029Z_e0883d24
rec_5ad2432b5a8fcbb18001,/mnt/d/INFANT CRY/data_set_dbl_split/train/not_baby/3-253081-A-2.wav,not_baby,esc50_source:253081,3,not_baby,0.00434249314963699,0.995657506850363,original,/mnt/d/INFANT CRY/Models_dbl/experiments/runs/20260821T164332Z_490383ff__exp_20260903T170029Z_e0883d24/candidates/stage1_logmel_small_cnn/seed_42/fold_3/attempt_1/model.keras,recorded_in_fold_manifest,20260821T164332Z_490383ff__exp_20260903T170029Z_e0883d24
rec_acea72907b0f61005ed2,/mnt/d/INFANT CRY/data_set_dbl_split/train/not_baby/3-71964-A-4.wav,not_baby,esc50_source:71964,3,not_baby,0.00356016198045993,0.9964398380195401,original,/mnt/d/INFANT CRY/Models_dbl/experiments/runs/20260821T164332Z_490383ff__exp_20260903T170029Z_e0883d24/candidates/stage1_logmel_small_cnn/seed_42/fold_3/attempt_1/model.keras,recorded_in_fold_manifest,20260821T164332Z_490383ff__exp_20260903T170029Z_e0883d24
rec_a00b3f63a9709a815ee5,/mnt/d/INFANT CRY/data_set_dbl_split/train/not_baby/3-71964-B-4.wav,not_baby,esc50_source:71964,3,not_baby,0.0016549211202077803,0.9983450788797922,original,/mnt/d/INFANT CRY/Models_dbl/experiments/runs/20260821T164332Z_490383ff__exp_20260903T170029Z_e0883d24/candidates/stage1_logmel_small_cnn/seed_42/fold_3/attempt_1/model.keras,recorded_in_fold_manifest,20260821T164332Z_490383ff__exp_20260903T170029Z_e0883d24
rec_60a2934c8a1d953c4a0c,/mnt/d/INFANT CRY/data_set_dbl_split/train/not_baby/3-71964-C-4.wav,not_baby,esc50_source:71964,3,not_baby,0.0010941050689681436,0.9989058949310319,original,/mnt/d/INFANT CRY/Models_dbl/experiments/runs/20260821T164332Z_490383ff__exp_20260903T170029Z_e0883d24/candidates/stage1_logmel_small_cnn/seed_42/fold_3/attempt_1/model.keras,recorded_in_fold_manifest,20260821T164332Z_490383ff__exp_20260903T170029Z_e0883d24
rec_83f1d23225b62c7d89cd,/mnt/d/INFANT CRY/data_set_dbl_split/train/not_baby/3-93010-A-18.wav,not_baby,esc50_source:93010,3,not_baby,0.005060677393057023,0.994939322606943,original,/mnt/d/INFANT CRY/Models_dbl/experiments/runs/20260821T164332Z_490383ff__exp_20260903T170029Z_e0883d24/candidates/stage1_logmel_small_cnn/seed_42/fold_3/attempt_1/model.keras,recorded_in_fold_manifest,20260821T164332Z_490383ff__exp_20260903T170029Z_e0883d24
rec_7757fdbea4eb4ca8097d,/mnt/d/INFANT CRY/data_set_dbl_split/train/not_baby/3-94343-A-25.wav,not_baby,esc50_source:94343,3,not_baby,0.0283400362078475,0.9716599637921525,original,/mnt/d/INFANT CRY/Models_dbl/experiments/runs/20260821T164332Z_490383ff__exp_20260903T170029Z_e0883d24/candidates/stage1_logmel_small_cnn/seed_42/fold_3/attempt_1/model.keras,recorded_in_fold_manifest,20260821T164332Z_490383ff__exp_20260903T170029Z_e0883d24
rec_837cc23a4643649b9864,/mnt/d/INFANT CRY/data_set_dbl_split/train/not_baby/3-94344-A-25.wav,not_baby,esc50_source:94344,3,not_baby,0.004964548538617141,0.9950354514613828,original,/mnt/d/INFANT CRY/Models_dbl/experiments/runs/20260821T164332Z_490383ff__exp_20260903T170029Z_e0883d24/candidates/stage1_logmel_small_cnn/seed_42/fold_3/attempt_1/model.keras,recorded_in_fold_manifest,20260821T164332Z_490383ff__exp_20260903T170029Z_e0883d24
rec_9fd18698322a06bc1f1e,/mnt/d/INFANT CRY/data_set_dbl_split/train/not_baby/3-95694-A-5.wav,not_baby,esc50_source:95694,3,not_baby,0.2652638177495057,0.7347361822504943,original,/mnt/d/INFANT CRY/Models_dbl/experiments/runs/20260821T164332Z_490383ff__exp_20260903T170029Z_e0883d24/candidates/stage1_logmel_small_cnn/seed_42/fold_3/attempt_1/model.keras,recorded_in_fold_manifest,20260821T164332Z_490383ff__exp_20260903T170029Z_e0883d24
rec_550ea7bfa751d2c583fa,/mnt/d/INFANT CRY/data_set_dbl_split/train/not_baby/4-102871-A-42.wav,not_baby,esc50_source:102871,3,not_baby,0.01860861214250684,0.9813913878574931,original,/mnt/d/INFANT CRY/Models_dbl/experiments/runs/20260821T164332Z_490383ff__exp_20260903T170029Z_e0883d24/candidates/stage1_logmel_small_cnn/seed_42/fold_3/attempt_1/model.keras,recorded_in_fold_manifest,20260821T164332Z_490383ff__exp_20260903T170029Z_e0883d24
rec_2967519b5714aea516a4,/mnt/d/INFANT CRY/data_set_dbl_split/train/not_baby/4-111671-A-42.wav,not_baby,esc50_source:111671,3,not_baby,0.20719012000590206,0.7928098799940979,original,/mnt/d/INFANT CRY/Models_dbl/experiments/runs/20260821T164332Z_490383ff__exp_20260903T170029Z_e0883d24/candidates/stage1_logmel_small_cnn/seed_42/fold_3/attempt_1/model.keras,recorded_in_fold_manifest,20260821T164332Z_490383ff__exp_20260903T170029Z_e0883d24
rec_45ff56bd6feb0dbe9241,/mnt/d/INFANT CRY/data_set_dbl_split/train/not_baby/4-111671-B-42.wav,not_baby,esc50_source:111671,3,baby,0.7352306465873315,0.2647693534126685,original,/mnt/d/INFANT CRY/Models_dbl/experiments/runs/20260821T164332Z_490383ff__exp_20260903T170029Z_e0883d24/candidates/stage1_logmel_small_cnn/seed_42/fold_3/attempt_1/model.keras,recorded_in_fold_manifest,20260821T164332Z_490383ff__exp_20260903T170029Z_e0883d24
rec_15c570743c0c5ab69d2b,/mnt/d/INFANT CRY/data_set_dbl_split/train/not_baby/4-117630-A-25.wav,not_baby,esc50_source:117630,3,not_baby,0.01725331080461613,0.9827466891953839,original,/mnt/d/INFANT CRY/Models_dbl/experiments/runs/20260821T164332Z_490383ff__exp_20260903T170029Z_e0883d24/candidates/stage1_logmel_small_cnn/seed_42/fold_3/attempt_1/model.keras,recorded_in_fold_manifest,20260821T164332Z_490383ff__exp_20260903T170029Z_e0883d24
rec_771adb3071d6e6940490,/mnt/d/INFANT CRY/data_set_dbl_split/train/not_baby/4-130891-A-7.wav,not_baby,esc50_source:130891,3,not_baby,0.04749476981382412,0.9525052301861758,original,/mnt/d/INFANT CRY/Models_dbl/experiments/runs/20260821T164332Z_490383ff__exp_20260903T170029Z_e0883d24/candidates/stage1_logmel_small_cnn/seed_42/fold_3/attempt_1/model.keras,recorded_in_fold_manifest,20260821T164332Z_490383ff__exp_20260903T170029Z_e0883d24
rec_8d708e1369d519dccd51,/mnt/d/INFANT CRY/data_set_dbl_split/train/not_baby/4-132810-A-26.wav,not_baby,esc50_source:132810,3,baby,0.9663830091471377,0.03361699085286232,original,/mnt/d/INFANT CRY/Models_dbl/experiments/runs/20260821T164332Z_490383ff__exp_20260903T170029Z_e0883d24/candidates/stage1_logmel_small_cnn/seed_42/fold_3/attempt_1/model.keras,recorded_in_fold_manifest,20260821T164332Z_490383ff__exp_20260903T170029Z_e0883d24
rec_a7f89745c717b2c09652,/mnt/d/INFANT CRY/data_set_dbl_split/train/not_baby/4-133674-A-26.wav,not_baby,esc50_source:133674,3,not_baby,0.01579099160277092,0.984209008397229,original,/mnt/d/INFANT CRY/Models_dbl/experiments/runs/20260821T164332Z_490383ff__exp_20260903T170029Z_e0883d24/candidates/stage1_logmel_small_cnn/seed_42/fold_3/attempt_1/model.keras,recorded_in_fold_manifest,20260821T164332Z_490383ff__exp_20260903T170029Z_e0883d24
rec_2df623255ac97f51822d,/mnt/d/INFANT CRY/data_set_dbl_split/train/not_baby/4-138344-A-9.wav,not_baby,esc50_source:138344,3,not_baby,0.030849893876632988,0.969150106123367,original,/mnt/d/INFANT CRY/Models_dbl/experiments/runs/20260821T164332Z_490383ff__exp_20260903T170029Z_e0883d24/candidates/stage1_logmel_small_cnn/seed_42/fold_3/attempt_1/model.keras,recorded_in_fold_manifest,20260821T164332Z_490383ff__exp_20260903T170029Z_e0883d24
rec_ace7e0772e2e9a7c9f51,/mnt/d/INFANT CRY/data_set_dbl_split/train/not_baby/4-144468-A-27.wav,not_baby,esc50_source:144468,3,not_baby,0.011558095230048611,0.9884419047699514,original,/mnt/d/INFANT CRY/Models_dbl/experiments/runs/20260821T164332Z_490383ff__exp_20260903T170029Z_e0883d24/candidates/stage1_logmel_small_cnn/seed_42/fold_3/attempt_1/model.keras,recorded_in_fold_manifest,20260821T164332Z_490383ff__exp_20260903T170029Z_e0883d24
rec_fa0875f7623da7bafc16,/mnt/d/INFANT CRY/data_set_dbl_split/train/not_baby/4-144468-B-27.wav,not_baby,esc50_source:144468,3,not_baby,0.005125688455775043,0.994874311544225,original,/mnt/d/INFANT CRY/Models_dbl/experiments/runs/20260821T164332Z_490383ff__exp_20260903T170029Z_e0883d24/candidates/stage1_logmel_small_cnn/seed_42/fold_3/attempt_1/model.keras,recorded_in_fold_manifest,20260821T164332Z_490383ff__exp_20260903T170029Z_e0883d24
rec_d357cba19320209d9adc,/mnt/d/INFANT CRY/data_set_dbl_split/train/not_baby/4-147240-A-2.wav,not_baby,esc50_source:147240,3,not_baby,0.018720681664309558,0.9812793183356905,original,/mnt/d/INFANT CRY/Models_dbl/experiments/runs/20260821T164332Z_490383ff__exp_20260903T170029Z_e0883d24/candidates/stage1_logmel_small_cnn/seed_42/fold_3/attempt_1/model.keras,recorded_in_fold_manifest,20260821T164332Z_490383ff__exp_20260903T170029Z_e0883d24
rec_e6543da5002ccd00410d,/mnt/d/INFANT CRY/data_set_dbl_split/train/not_baby/4-147240-B-2.wav,not_baby,esc50_source:147240,3,not_baby,0.008615197187995001,0.991384802812005,original,/mnt/d/INFANT CRY/Models_dbl/experiments/runs/20260821T164332Z_490383ff__exp_20260903T170029Z_e0883d24/candidates/stage1_logmel_small_cnn/seed_42/fold_3/attempt_1/model.keras,recorded_in_fold_manifest,20260821T164332Z_490383ff__exp_20260903T170029Z_e0883d24
rec_c4cb73f00e7ba1fdfbe9,/mnt/d/INFANT CRY/data_set_dbl_split/train/not_baby/4-147657-A-46.wav,not_baby,esc50_source:147657,3,not_baby,0.01596046322377952,0.9840395367762205,original,/mnt/d/INFANT CRY/Models_dbl/experiments/runs/20260821T164332Z_490383ff__exp_20260903T170029Z_e0883d24/candidates/stage1_logmel_small_cnn/seed_42/fold_3/attempt_1/model.keras,recorded_in_fold_manifest,20260821T164332Z_490383ff__exp_20260903T170029Z_e0883d24
rec_15d1d568f1f799c621a0,/mnt/d/INFANT CRY/data_set_dbl_split/train/not_baby/4-151242-A-37.wav,not_baby,esc50_source:151242,3,not_baby,0.06019481145643788,0.9398051885435621,original,/mnt/d/INFANT CRY/Models_dbl/experiments/runs/20260821T164332Z_490383ff__exp_20260903T170029Z_e0883d24/candidates/stage1_logmel_small_cnn/seed_42/fold_3/attempt_1/model.keras,recorded_in_fold_manifest,20260821T164332Z_490383ff__exp_20260903T170029Z_e0883d24
rec_4d5d319543dc01e42d73,/mnt/d/INFANT CRY/data_set_dbl_split/train/not_baby/4-152958-A-18.wav,not_baby,esc50_source:152958,3,not_baby,0.03690817842161124,0.9630918215783888,original,/mnt/d/INFANT CRY/Models_dbl/experiments/runs/20260821T164332Z_490383ff__exp_20260903T170029Z_e0883d24/candidates/stage1_logmel_small_cnn/seed_42/fold_3/attempt_1/model.keras,recorded_in_fold_manifest,20260821T164332Z_490383ff__exp_20260903T170029Z_e0883d24
rec_024c7d594f0330da001d,/mnt/d/INFANT CRY/data_set_dbl_split/train/not_baby/4-156843-A-21.wav,not_baby,esc50_source:156843,3,not_baby,0.49002257048949177,0.5099774295105082,original,/mnt/d/INFANT CRY/Models_dbl/experiments/runs/20260821T164332Z_490383ff__exp_20260903T170029Z_e0883d24/candidates/stage1_logmel_small_cnn/seed_42/fold_3/attempt_1/model.keras,recorded_in_fold_manifest,20260821T164332Z_490383ff__exp_20260903T170029Z_e0883d24
rec_8bd2844271a61374bb5b,/mnt/d/INFANT CRY/data_set_dbl_split/train/not_baby/4-157296-A-24.wav,not_baby,esc50_source:157296,3,not_baby,0.006060135014586442,0.9939398649854135,original,/mnt/d/INFANT CRY/Models_dbl/experiments/runs/20260821T164332Z_490383ff__exp_20260903T170029Z_e0883d24/candidates/stage1_logmel_small_cnn/seed_42/fold_3/attempt_1/model.keras,recorded_in_fold_manifest,20260821T164332Z_490383ff__exp_20260903T170029Z_e0883d24
rec_1f4bdb715ea63ba717a4,/mnt/d/INFANT CRY/data_set_dbl_split/train/not_baby/4-161099-A-47.wav,not_baby,esc50_source:161099,3,not_baby,0.00903486005724704,0.9909651399427529,original,/mnt/d/INFANT CRY/Models_dbl/experiments/runs/20260821T164332Z_490383ff__exp_20260903T170029Z_e0883d24/candidates/stage1_logmel_small_cnn/seed_42/fold_3/attempt_1/model.keras,recorded_in_fold_manifest,20260821T164332Z_490383ff__exp_20260903T170029Z_e0883d24
rec_a086e96216d508b543ee,/mnt/d/INFANT CRY/data_set_dbl_split/train/not_baby/4-161099-B-47.wav,not_baby,esc50_source:161099,3,not_baby,0.004315310856059166,0.9956846891439408,original,/mnt/d/INFANT CRY/Models_dbl/experiments/runs/20260821T164332Z_490383ff__exp_20260903T170029Z_e0883d24/candidates/stage1_logmel_small_cnn/seed_42/fold_3/attempt_1/model.keras,recorded_in_fold_manifest,20260821T164332Z_490383ff__exp_20260903T170029Z_e0883d24
rec_851340fab7af4d78d203,/mnt/d/INFANT CRY/data_set_dbl_split/train/not_baby/4-161579-A-40.wav,not_baby,esc50_source:161579,3,not_baby,0.06368646215458101,0.9363135378454189,original,/mnt/d/INFANT CRY/Models_dbl/experiments/runs/20260821T164332Z_490383ff__exp_20260903T170029Z_e0883d24/candidates/stage1_logmel_small_cnn/seed_42/fold_3/attempt_1/model.keras,recorded_in_fold_manifest,20260821T164332Z_490383ff__exp_20260903T170029Z_e0883d24
rec_989d78f50daeb3e14bf7,/mnt/d/INFANT CRY/data_set_dbl_split/train/not_baby/4-161579-B-40.wav,not_baby,esc50_source:161579,3,not_baby,0.004476477437877331,0.9955235225621226,original,/mnt/d/INFANT CRY/Models_dbl/experiments/runs/20260821T164332Z_490383ff__exp_20260903T170029Z_e0883d24/candidates/stage1_logmel_small_cnn/seed_42/fold_3/attempt_1/model.keras,recorded_in_fold_manifest,20260821T164332Z_490383ff__exp_20260903T170029Z_e0883d24
rec_5f7cfb3201b1ea01e641,/mnt/d/INFANT CRY/data_set_dbl_split/train/not_baby/4-164021-A-1.wav,not_baby,esc50_source:164021,3,not_baby,0.02745079976669772,0.9725492002333023,original,/mnt/d/INFANT CRY/Models_dbl/experiments/runs/20260821T164332Z_490383ff__exp_20260903T170029Z_e0883d24/candidates/stage1_logmel_small_cnn/seed_42/fold_3/attempt_1/model.keras,recorded_in_fold_manifest,20260821T164332Z_490383ff__exp_20260903T170029Z_e0883d24
rec_eed13ed12250227ebcc6,/mnt/d/INFANT CRY/data_set_dbl_split/train/not_baby/4-164064-A-1.wav,not_baby,esc50_source:164064,3,not_baby,0.27456222328172786,0.7254377767182721,original,/mnt/d/INFANT CRY/Models_dbl/experiments/runs/20260821T164332Z_490383ff__exp_20260903T170029Z_e0883d24/candidates/stage1_logmel_small_cnn/seed_42/fold_3/attempt_1/model.keras,recorded_in_fold_manifest,20260821T164332Z_490383ff__exp_20260903T170029Z_e0883d24
rec_3275a9690f4c80fdc23b,/mnt/d/INFANT CRY/data_set_dbl_split/train/not_baby/4-164064-B-1.wav,not_baby,esc50_source:164064,3,baby,0.5320594431108734,0.46794055688912656,original,/mnt/d/INFANT CRY/Models_dbl/experiments/runs/20260821T164332Z_490383ff__exp_20260903T170029Z_e0883d24/candidates/stage1_logmel_small_cnn/seed_42/fold_3/attempt_1/model.keras,recorded_in_fold_manifest,20260821T164332Z_490383ff__exp_20260903T170029Z_e0883d24
rec_1f0965e3045ed8cff94e,/mnt/d/INFANT CRY/data_set_dbl_split/train/not_baby/4-164064-C-1.wav,not_baby,esc50_source:164064,3,baby,0.6416355180252934,0.3583644819747066,original,/mnt/d/INFANT CRY/Models_dbl/experiments/runs/20260821T164332Z_490383ff__exp_20260903T170029Z_e0883d24/candidates/stage1_logmel_small_cnn/seed_42/fold_3/attempt_1/model.keras,recorded_in_fold_manifest,20260821T164332Z_490383ff__exp_20260903T170029Z_e0883d24
rec_483244aa1cec5d800d46,/mnt/d/INFANT CRY/data_set_dbl_split/train/not_baby/4-165813-A-19.wav,not_baby,esc50_source:165813,3,not_baby,0.1753748059272766,0.8246251940727234,original,/mnt/d/INFANT CRY/Models_dbl/experiments/runs/20260821T164332Z_490383ff__exp_20260903T170029Z_e0883d24/candidates/stage1_logmel_small_cnn/seed_42/fold_3/attempt_1/model.keras,recorded_in_fold_manifest,20260821T164332Z_490383ff__exp_20260903T170029Z_e0883d24
rec_c4730ca4a30e69b5cd9e,/mnt/d/INFANT CRY/data_set_dbl_split/train/not_baby/4-165813-B-19.wav,not_baby,esc50_source:165813,3,not_baby,0.06611407498930338,0.9338859250106966,original,/mnt/d/INFANT CRY/Models_dbl/experiments/runs/20260821T164332Z_490383ff__exp_20260903T170029Z_e0883d24/candidates/stage1_logmel_small_cnn/seed_42/fold_3/attempt_1/model.keras,recorded_in_fold_manifest,20260821T164332Z_490383ff__exp_20260903T170029Z_e0883d24
rec_a7c5e2b166e101a330e1,/mnt/d/INFANT CRY/data_set_dbl_split/train/not_baby/4-169508-A-37.wav,not_baby,esc50_source:169508,3,not_baby,0.016415961818042047,0.9835840381819579,original,/mnt/d/INFANT CRY/Models_dbl/experiments/runs/20260821T164332Z_490383ff__exp_20260903T170029Z_e0883d24/candidates/stage1_logmel_small_cnn/seed_42/fold_3/attempt_1/model.keras,recorded_in_fold_manifest,20260821T164332Z_490383ff__exp_20260903T170029Z_e0883d24
rec_c934ce29030122b5c031,/mnt/d/INFANT CRY/data_set_dbl_split/train/not_baby/4-170078-A-1.wav,not_baby,esc50_source:170078,3,not_baby,0.2448565026308523,0.7551434973691478,original,/mnt/d/INFANT CRY/Models_dbl/experiments/runs/20260821T164332Z_490383ff__exp_20260903T170029Z_e0883d24/candidates/stage1_logmel_small_cnn/seed_42/fold_3/attempt_1/model.keras,recorded_in_fold_manifest,20260821T164332Z_490383ff__exp_20260903T170029Z_e0883d24
rec_d95a7f5b5810adace168,/mnt/d/INFANT CRY/data_set_dbl_split/train/not_baby/4-171706-A-23.wav,not_baby,esc50_source:171706,3,not_baby,0.003107178062566849,0.9968928219374331,original,/mnt/d/INFANT CRY/Models_dbl/experiments/runs/20260821T164332Z_490383ff__exp_20260903T170029Z_e0883d24/candidates/stage1_logmel_small_cnn/seed_42/fold_3/attempt_1/model.keras,recorded_in_fold_manifest,20260821T164332Z_490383ff__exp_20260903T170029Z_e0883d24
rec_f8d96bb9157e05e892a7,/mnt/d/INFANT CRY/data_set_dbl_split/train/not_baby/4-175000-A-40.wav,not_baby,esc50_source:175000,3,not_baby,0.005789010845523847,0.9942109891544761,original,/mnt/d/INFANT CRY/Models_dbl/experiments/runs/20260821T164332Z_490383ff__exp_20260903T170029Z_e0883d24/candidates/stage1_logmel_small_cnn/seed_42/fold_3/attempt_1/model.keras,recorded_in_fold_manifest,20260821T164332Z_490383ff__exp_20260903T170029Z_e0883d24
rec_22f1c058a283334a62db,/mnt/d/INFANT CRY/data_set_dbl_split/train/not_baby/4-175000-B-40.wav,not_baby,esc50_source:175000,3,not_baby,0.008256653000806061,0.991743346999194,original,/mnt/d/INFANT CRY/Models_dbl/experiments/runs/20260821T164332Z_490383ff__exp_20260903T170029Z_e0883d24/candidates/stage1_logmel_small_cnn/seed_42/fold_3/attempt_1/model.keras,recorded_in_fold_manifest,20260821T164332Z_490383ff__exp_20260903T170029Z_e0883d24
rec_9bb6ab2ad457715f98cb,/mnt/d/INFANT CRY/data_set_dbl_split/train/not_baby/4-175000-C-40.wav,not_baby,esc50_source:175000,3,not_baby,0.010302420436280789,0.9896975795637192,original,/mnt/d/INFANT CRY/Models_dbl/experiments/runs/20260821T164332Z_490383ff__exp_20260903T170029Z_e0883d24/candidates/stage1_logmel_small_cnn/seed_42/fold_3/attempt_1/model.keras,recorded_in_fold_manifest,20260821T164332Z_490383ff__exp_20260903T170029Z_e0883d24
rec_3336ec221aaec7a28005,/mnt/d/INFANT CRY/data_set_dbl_split/train/not_baby/4-175855-A-43.wav,not_baby,esc50_source:175855,3,not_baby,0.08123213052749634,0.9187678694725037,original,/mnt/d/INFANT CRY/Models_dbl/experiments/runs/20260821T164332Z_490383ff__exp_20260903T170029Z_e0883d24/candidates/stage1_logmel_small_cnn/seed_42/fold_3/attempt_1/model.keras,recorded_in_fold_manifest,20260821T164332Z_490383ff__exp_20260903T170029Z_e0883d24
rec_cadde6795469b2c8bc9a,/mnt/d/INFANT CRY/data_set_dbl_split/train/not_baby/4-181599-A-26.wav,not_baby,esc50_source:181599,3,baby,0.5897732797332621,0.41022672026673795,original,/mnt/d/INFANT CRY/Models_dbl/experiments/runs/20260821T164332Z_490383ff__exp_20260903T170029Z_e0883d24/candidates/stage1_logmel_small_cnn/seed_42/fold_3/attempt_1/model.keras,recorded_in_fold_manifest,20260821T164332Z_490383ff__exp_20260903T170029Z_e0883d24
rec_dbea97da13411e5b4601,/mnt/d/INFANT CRY/data_set_dbl_split/train/not_baby/4-183882-A-28.wav,not_baby,esc50_source:183882,3,not_baby,0.005134381311380068,0.9948656186886199,original,/mnt/d/INFANT CRY/Models_dbl/experiments/runs/20260821T164332Z_490383ff__exp_20260903T170029Z_e0883d24/candidates/stage1_logmel_small_cnn/seed_42/fold_3/attempt_1/model.keras,recorded_in_fold_manifest,20260821T164332Z_490383ff__exp_20260903T170029Z_e0883d24
rec_af1582f4c84d0ebfb3fa,/mnt/d/INFANT CRY/data_set_dbl_split/train/not_baby/4-183882-B-28.wav,not_baby,esc50_source:183882,3,not_baby,0.017383309324895093,0.9826166906751049,original,/mnt/d/INFANT CRY/Models_dbl/experiments/runs/20260821T164332Z_490383ff__exp_20260903T170029Z_e0883d24/candidates/stage1_logmel_small_cnn/seed_42/fold_3/attempt_1/model.keras,recorded_in_fold_manifest,20260821T164332Z_490383ff__exp_20260903T170029Z_e0883d24
rec_c31f1e68167362a9063b,/mnt/d/INFANT CRY/data_set_dbl_split/train/not_baby/4-184237-A-28.wav,not_baby,esc50_source:184237,3,not_baby,0.028643898879318674,0.9713561011206813,original,/mnt/d/INFANT CRY/Models_dbl/experiments/runs/20260821T164332Z_490383ff__exp_20260903T170029Z_e0883d24/candidates/stage1_logmel_small_cnn/seed_42/fold_3/attempt_1/model.keras,recorded_in_fold_manifest,20260821T164332Z_490383ff__exp_20260903T170029Z_e0883d24
rec_36bdc6c11049dbf5ec94,/mnt/d/INFANT CRY/data_set_dbl_split/train/not_baby/4-186693-A-17.wav,not_baby,esc50_source:186693,3,not_baby,0.04648824599150831,0.9535117540084916,original,/mnt/d/INFANT CRY/Models_dbl/experiments/runs/20260821T164332Z_490383ff__exp_20260903T170029Z_e0883d24/candidates/stage1_logmel_small_cnn/seed_42/fold_3/attempt_1/model.keras,recorded_in_fold_manifest,20260821T164332Z_490383ff__exp_20260903T170029Z_e0883d24
rec_e19c103832535d2527e4,/mnt/d/INFANT CRY/data_set_dbl_split/train/not_baby/4-187384-A-34.wav,not_baby,esc50_source:187384,3,not_baby,0.23814836854184773,0.7618516314581523,original,/mnt/d/INFANT CRY/Models_dbl/experiments/runs/20260821T164332Z_490383ff__exp_20260903T170029Z_e0883d24/candidates/stage1_logmel_small_cnn/seed_42/fold_3/attempt_1/model.keras,recorded_in_fold_manifest,20260821T164332Z_490383ff__exp_20260903T170029Z_e0883d24
rec_7b4dffe8d6fa00e67d58,/mnt/d/INFANT CRY/data_set_dbl_split/train/not_baby/4-191015-A-43.wav,not_baby,esc50_source:191015,3,not_baby,0.00654716587684292,0.9934528341231571,original,/mnt/d/INFANT CRY/Models_dbl/experiments/runs/20260821T164332Z_490383ff__exp_20260903T170029Z_e0883d24/candidates/stage1_logmel_small_cnn/seed_42/fold_3/attempt_1/model.keras,recorded_in_fold_manifest,20260821T164332Z_490383ff__exp_20260903T170029Z_e0883d24
rec_a443c4fd55103eb04312,/mnt/d/INFANT CRY/data_set_dbl_split/train/not_baby/4-191246-A-7.wav,not_baby,esc50_source:191246,3,not_baby,0.06930629599215257,0.9306937040078475,original,/mnt/d/INFANT CRY/Models_dbl/experiments/runs/20260821T164332Z_490383ff__exp_20260903T170029Z_e0883d24/candidates/stage1_logmel_small_cnn/seed_42/fold_3/attempt_1/model.keras,recorded_in_fold_manifest,20260821T164332Z_490383ff__exp_20260903T170029Z_e0883d24
rec_989f64249ccef7007076,/mnt/d/INFANT CRY/data_set_dbl_split/train/not_baby/4-191246-B-7.wav,not_baby,esc50_source:191246,3,not_baby,0.07823951892135377,0.9217604810786463,original,/mnt/d/INFANT CRY/Models_dbl/experiments/runs/20260821T164332Z_490383ff__exp_20260903T170029Z_e0883d24/candidates/stage1_logmel_small_cnn/seed_42/fold_3/attempt_1/model.keras,recorded_in_fold_manifest,20260821T164332Z_490383ff__exp_20260903T170029Z_e0883d24
rec_0c1fd1ba03bc1ff995e2,/mnt/d/INFANT CRY/data_set_dbl_split/train/not_baby/4-195707-A-13.wav,not_baby,esc50_source:195707,3,not_baby,0.0347207841307363,0.9652792158692637,original,/mnt/d/INFANT CRY/Models_dbl/experiments/runs/20260821T164332Z_490383ff__exp_20260903T170029Z_e0883d24/candidates/stage1_logmel_small_cnn/seed_42/fold_3/attempt_1/model.keras,recorded_in_fold_manifest,20260821T164332Z_490383ff__exp_20260903T170029Z_e0883d24
rec_4c200a54e9dd76b9d724,/mnt/d/INFANT CRY/data_set_dbl_split/train/not_baby/4-196672-A-8.wav,not_baby,esc50_source:196672,3,not_baby,0.01772822779178195,0.982271772208218,original,/mnt/d/INFANT CRY/Models_dbl/experiments/runs/20260821T164332Z_490383ff__exp_20260903T170029Z_e0883d24/candidates/stage1_logmel_small_cnn/seed_42/fold_3/attempt_1/model.keras,recorded_in_fold_manifest,20260821T164332Z_490383ff__exp_20260903T170029Z_e0883d24
rec_d768626fdf63cc15c2a7,/mnt/d/INFANT CRY/data_set_dbl_split/train/not_baby/4-198962-A-25.wav,not_baby,esc50_source:198962,3,not_baby,0.003874733754408493,0.9961252662455915,original,/mnt/d/INFANT CRY/Models_dbl/experiments/runs/20260821T164332Z_490383ff__exp_20260903T170029Z_e0883d24/candidates/stage1_logmel_small_cnn/seed_42/fold_3/attempt_1/model.keras,recorded_in_fold_manifest,20260821T164332Z_490383ff__exp_20260903T170029Z_e0883d24
rec_5c78607571168cfebd96,/mnt/d/INFANT CRY/data_set_dbl_split/train/not_baby/4-198962-B-25.wav,not_baby,esc50_source:198962,3,not_baby,0.005424925867150035,0.99457507413285,original,/mnt/d/INFANT CRY/Models_dbl/experiments/runs/20260821T164332Z_490383ff__exp_20260903T170029Z_e0883d24/candidates/stage1_logmel_small_cnn/seed_42/fold_3/attempt_1/model.keras,recorded_in_fold_manifest,20260821T164332Z_490383ff__exp_20260903T170029Z_e0883d24
rec_dd800ef12bd46d8e79ea,/mnt/d/INFANT CRY/data_set_dbl_split/train/not_baby/4-202298-A-31.wav,not_baby,esc50_source:202298,3,not_baby,0.00024822346327493133,0.9997517765367251,original,/mnt/d/INFANT CRY/Models_dbl/experiments/runs/20260821T164332Z_490383ff__exp_20260903T170029Z_e0883d24/candidates/stage1_logmel_small_cnn/seed_42/fold_3/attempt_1/model.keras,recorded_in_fold_manifest,20260821T164332Z_490383ff__exp_20260903T170029Z_e0883d24
rec_619219d3f294d824a7c3,/mnt/d/INFANT CRY/data_set_dbl_split/train/not_baby/4-204115-A-39.wav,not_baby,esc50_source:204115,3,not_baby,0.21445847728165274,0.7855415227183473,original,/mnt/d/INFANT CRY/Models_dbl/experiments/runs/20260821T164332Z_490383ff__exp_20260903T170029Z_e0883d24/candidates/stage1_logmel_small_cnn/seed_42/fold_3/attempt_1/model.keras,recorded_in_fold_manifest,20260821T164332Z_490383ff__exp_20260903T170029Z_e0883d24
rec_691253ac8c4dc7c8489d,/mnt/d/INFANT CRY/data_set_dbl_split/train/not_baby/4-204612-A-31.wav,not_baby,esc50_source:204612,3,not_baby,0.004485469127669333,0.9955145308723307,original,/mnt/d/INFANT CRY/Models_dbl/experiments/runs/20260821T164332Z_490383ff__exp_20260903T170029Z_e0883d24/candidates/stage1_logmel_small_cnn/seed_42/fold_3/attempt_1/model.keras,recorded_in_fold_manifest,20260821T164332Z_490383ff__exp_20260903T170029Z_e0883d24
rec_5d8a2222c79d549cf1df,/mnt/d/INFANT CRY/data_set_dbl_split/train/not_baby/4-205738-A-22.wav,not_baby,esc50_source:205738,3,not_baby,0.029839297145172455,0.9701607028548276,original,/mnt/d/INFANT CRY/Models_dbl/experiments/runs/20260821T164332Z_490383ff__exp_20260903T170029Z_e0883d24/candidates/stage1_logmel_small_cnn/seed_42/fold_3/attempt_1/model.keras,recorded_in_fold_manifest,20260821T164332Z_490383ff__exp_20260903T170029Z_e0883d24
rec_881ff6e30f489aadc1cf,/mnt/d/INFANT CRY/data_set_dbl_split/train/not_baby/4-210309-A-31.wav,not_baby,esc50_source:210309,3,not_baby,0.16010726452513124,0.8398927354748688,original,/mnt/d/INFANT CRY/Models_dbl/experiments/runs/20260821T164332Z_490383ff__exp_20260903T170029Z_e0883d24/candidates/stage1_logmel_small_cnn/seed_42/fold_3/attempt_1/model.keras,recorded_in_fold_manifest,20260821T164332Z_490383ff__exp_20260903T170029Z_e0883d24
rec_a635e03f61166a92ca77,/mnt/d/INFANT CRY/data_set_dbl_split/train/not_baby/4-211502-A-30.wav,not_baby,esc50_source:211502,3,not_baby,0.09733043175948716,0.9026695682405128,original,/mnt/d/INFANT CRY/Models_dbl/experiments/runs/20260821T164332Z_490383ff__exp_20260903T170029Z_e0883d24/candidates/stage1_logmel_small_cnn/seed_42/fold_3/attempt_1/model.keras,recorded_in_fold_manifest,20260821T164332Z_490383ff__exp_20260903T170029Z_e0883d24
rec_91dd595ed3745b6873e0,/mnt/d/INFANT CRY/data_set_dbl_split/train/not_baby/4-251959-A-47.wav,not_baby,esc50_source:251959,3,not_baby,0.005200805442826764,0.9947991945571732,original,/mnt/d/INFANT CRY/Models_dbl/experiments/runs/20260821T164332Z_490383ff__exp_20260903T170029Z_e0883d24/candidates/stage1_logmel_small_cnn/seed_42/fold_3/attempt_1/model.keras,recorded_in_fold_manifest,20260821T164332Z_490383ff__exp_20260903T170029Z_e0883d24
rec_6764744b65aea42a90ef,/mnt/d/INFANT CRY/data_set_dbl_split/train/not_baby/4-90014-A-42.wav,not_baby,esc50_source:90014,3,not_baby,0.025197059667022813,0.9748029403329772,original,/mnt/d/INFANT CRY/Models_dbl/experiments/runs/20260821T164332Z_490383ff__exp_20260903T170029Z_e0883d24/candidates/stage1_logmel_small_cnn/seed_42/fold_3/attempt_1/model.keras,recorded_in_fold_manifest,20260821T164332Z_490383ff__exp_20260903T170029Z_e0883d24
rec_2723cce31dd0a1e745ab,/mnt/d/INFANT CRY/data_set_dbl_split/train/not_baby/4-90014-B-42.wav,not_baby,esc50_source:90014,3,not_baby,0.033290725821456424,0.9667092741785436,original,/mnt/d/INFANT CRY/Models_dbl/experiments/runs/20260821T164332Z_490383ff__exp_20260903T170029Z_e0883d24/candidates/stage1_logmel_small_cnn/seed_42/fold_3/attempt_1/model.keras,recorded_in_fold_manifest,20260821T164332Z_490383ff__exp_20260903T170029Z_e0883d24
rec_9f2819e8af09c8ebc550,/mnt/d/INFANT CRY/data_set_dbl_split/train/not_baby/5-103415-A-2.wav,not_baby,esc50_source:103415,3,not_baby,0.02479964857995641,0.9752003514200436,original,/mnt/d/INFANT CRY/Models_dbl/experiments/runs/20260821T164332Z_490383ff__exp_20260903T170029Z_e0883d24/candidates/stage1_logmel_small_cnn/seed_42/fold_3/attempt_1/model.keras,recorded_in_fold_manifest,20260821T164332Z_490383ff__exp_20260903T170029Z_e0883d24
rec_f08d2278b652f155aa9d,/mnt/d/INFANT CRY/data_set_dbl_split/train/not_baby/5-141683-A-35.wav,not_baby,esc50_source:141683,3,not_baby,0.010703428179900045,0.9892965718201,original,/mnt/d/INFANT CRY/Models_dbl/experiments/runs/20260821T164332Z_490383ff__exp_20260903T170029Z_e0883d24/candidates/stage1_logmel_small_cnn/seed_42/fold_3/attempt_1/model.keras,recorded_in_fold_manifest,20260821T164332Z_490383ff__exp_20260903T170029Z_e0883d24
rec_b886abde2700fb7adfed,/mnt/d/INFANT CRY/data_set_dbl_split/train/not_baby/5-156026-A-4.wav,not_baby,esc50_source:156026,3,not_baby,0.020197390888843498,0.9798026091111565,original,/mnt/d/INFANT CRY/Models_dbl/experiments/runs/20260821T164332Z_490383ff__exp_20260903T170029Z_e0883d24/candidates/stage1_logmel_small_cnn/seed_42/fold_3/attempt_1/model.keras,recorded_in_fold_manifest,20260821T164332Z_490383ff__exp_20260903T170029Z_e0883d24
rec_8b2802eb22964f8e0419,/mnt/d/INFANT CRY/data_set_dbl_split/train/not_baby/5-156026-B-4.wav,not_baby,esc50_source:156026,3,not_baby,0.013186740715583577,0.9868132592844164,original,/mnt/d/INFANT CRY/Models_dbl/experiments/runs/20260821T164332Z_490383ff__exp_20260903T170029Z_e0883d24/candidates/stage1_logmel_small_cnn/seed_42/fold_3/attempt_1/model.keras,recorded_in_fold_manifest,20260821T164332Z_490383ff__exp_20260903T170029Z_e0883d24
rec_8943034e657d1d7f982d,/mnt/d/INFANT CRY/data_set_dbl_split/train/not_baby/5-156026-C-4.wav,not_baby,esc50_source:156026,3,not_baby,0.4910435373213015,0.5089564626786984,original,/mnt/d/INFANT CRY/Models_dbl/experiments/runs/20260821T164332Z_490383ff__exp_20260903T170029Z_e0883d24/candidates/stage1_logmel_small_cnn/seed_42/fold_3/attempt_1/model.keras,recorded_in_fold_manifest,20260821T164332Z_490383ff__exp_20260903T170029Z_e0883d24
rec_669d99c43706352b9f6f,/mnt/d/INFANT CRY/data_set_dbl_split/train/not_baby/5-156026-D-4.wav,not_baby,esc50_source:156026,3,not_baby,0.09181816191835986,0.9081818380816401,original,/mnt/d/INFANT CRY/Models_dbl/experiments/runs/20260821T164332Z_490383ff__exp_20260903T170029Z_e0883d24/candidates/stage1_logmel_small_cnn/seed_42/fold_3/attempt_1/model.keras,recorded_in_fold_manifest,20260821T164332Z_490383ff__exp_20260903T170029Z_e0883d24
rec_6ff7e0eab59597fa4004,/mnt/d/INFANT CRY/data_set_dbl_split/train/not_baby/5-172639-A-5.wav,not_baby,esc50_source:172639,3,baby,0.9216702717791538,0.07832972822084618,original,/mnt/d/INFANT CRY/Models_dbl/experiments/runs/20260821T164332Z_490383ff__exp_20260903T170029Z_e0883d24/candidates/stage1_logmel_small_cnn/seed_42/fold_3/attempt_1/model.keras,recorded_in_fold_manifest,20260821T164332Z_490383ff__exp_20260903T170029Z_e0883d24
rec_2fe28032bd568ae01374,/mnt/d/INFANT CRY/data_set_dbl_split/train/not_baby/5-173568-A-33.wav,not_baby,esc50_source:173568,3,baby,0.7210751009628237,0.2789248990371763,original,/mnt/d/INFANT CRY/Models_dbl/experiments/runs/20260821T164332Z_490383ff__exp_20260903T170029Z_e0883d24/candidates/stage1_logmel_small_cnn/seed_42/fold_3/attempt_1/model.keras,recorded_in_fold_manifest,20260821T164332Z_490383ff__exp_20260903T170029Z_e0883d24
rec_9b9783377b4a8f1d9bc2,/mnt/d/INFANT CRY/data_set_dbl_split/train/not_baby/5-177779-A-33.wav,not_baby,esc50_source:177779,3,not_baby,0.00037848670141348625,0.9996215132985865,original,/mnt/d/INFANT CRY/Models_dbl/experiments/runs/20260821T164332Z_490383ff__exp_20260903T170029Z_e0883d24/candidates/stage1_logmel_small_cnn/seed_42/fold_3/attempt_1/model.keras,recorded_in_fold_manifest,20260821T164332Z_490383ff__exp_20260903T170029Z_e0883d24
rec_71f7631bdb49c5410e28,/mnt/d/INFANT CRY/data_set_dbl_split/train/not_baby/5-179868-A-43.wav,not_baby,esc50_source:179868,3,not_baby,0.013880425223301143,0.9861195747766989,original,/mnt/d/INFANT CRY/Models_dbl/experiments/runs/20260821T164332Z_490383ff__exp_20260903T170029Z_e0883d24/candidates/stage1_logmel_small_cnn/seed_42/fold_3/attempt_1/model.keras,recorded_in_fold_manifest,20260821T164332Z_490383ff__exp_20260903T170029Z_e0883d24
rec_68db1a4f30b7ef08451a,/mnt/d/INFANT CRY/data_set_dbl_split/train/not_baby/5-180229-A-27.wav,not_baby,esc50_source:180229,3,not_baby,0.004511769414230215,0.9954882305857697,original,/mnt/d/INFANT CRY/Models_dbl/experiments/runs/20260821T164332Z_490383ff__exp_20260903T170029Z_e0883d24/candidates/stage1_logmel_small_cnn/seed_42/fold_3/attempt_1/model.keras,recorded_in_fold_manifest,20260821T164332Z_490383ff__exp_20260903T170029Z_e0883d24
rec_96f69244984d7fa4a3c3,/mnt/d/INFANT CRY/data_set_dbl_split/train/not_baby/5-181458-A-33.wav,not_baby,esc50_source:181458,3,not_baby,0.1228834659935335,0.8771165340064665,original,/mnt/d/INFANT CRY/Models_dbl/experiments/runs/20260821T164332Z_490383ff__exp_20260903T170029Z_e0883d24/candidates/stage1_logmel_small_cnn/seed_42/fold_3/attempt_1/model.keras,recorded_in_fold_manifest,20260821T164332Z_490383ff__exp_20260903T170029Z_e0883d24
rec_3efa0e0635d607ce6a11,/mnt/d/INFANT CRY/data_set_dbl_split/train/not_baby/5-181766-A-10.wav,not_baby,esc50_source:181766,3,not_baby,0.08807056462817314,0.9119294353718268,original,/mnt/d/INFANT CRY/Models_dbl/experiments/runs/20260821T164332Z_490383ff__exp_20260903T170029Z_e0883d24/candidates/stage1_logmel_small_cnn/seed_42/fold_3/attempt_1/model.keras,recorded_in_fold_manifest,20260821T164332Z_490383ff__exp_20260903T170029Z_e0883d24
rec_5bacbb60bfbf30c4593e,/mnt/d/INFANT CRY/data_set_dbl_split/train/not_baby/5-182007-A-36.wav,not_baby,esc50_source:182007,3,not_baby,0.010584427196374398,0.9894155728036256,original,/mnt/d/INFANT CRY/Models_dbl/experiments/runs/20260821T164332Z_490383ff__exp_20260903T170029Z_e0883d24/candidates/stage1_logmel_small_cnn/seed_42/fold_3/attempt_1/model.keras,recorded_in_fold_manifest,20260821T164332Z_490383ff__exp_20260903T170029Z_e0883d24
rec_2df9be369d6f33f61a63,/mnt/d/INFANT CRY/data_set_dbl_split/train/not_baby/5-182404-A-18.wav,not_baby,esc50_source:182404,3,not_baby,0.010105710984434007,0.989894289015566,original,/mnt/d/INFANT CRY/Models_dbl/experiments/runs/20260821T164332Z_490383ff__exp_20260903T170029Z_e0883d24/candidates/stage1_logmel_small_cnn/seed_42/fold_3/attempt_1/model.keras,recorded_in_fold_manifest,20260821T164332Z_490383ff__exp_20260903T170029Z_e0883d24
rec_c4463eacac6e89fcaf38,/mnt/d/INFANT CRY/data_set_dbl_split/train/not_baby/5-185516-A-27.wav,not_baby,esc50_source:185516,3,not_baby,0.005358889938543287,0.9946411100614567,original,/mnt/d/INFANT CRY/Models_dbl/experiments/runs/20260821T164332Z_490383ff__exp_20260903T170029Z_e0883d24/candidates/stage1_logmel_small_cnn/seed_42/fold_3/attempt_1/model.keras,recorded_in_fold_manifest,20260821T164332Z_490383ff__exp_20260903T170029Z_e0883d24
rec_4d9b51bdafe9d2c7a789,/mnt/d/INFANT CRY/data_set_dbl_split/train/not_baby/5-185908-A-18.wav,not_baby,esc50_source:185908,3,not_baby,0.01895548262033741,0.9810445173796626,original,/mnt/d/INFANT CRY/Models_dbl/experiments/runs/20260821T164332Z_490383ff__exp_20260903T170029Z_e0883d24/candidates/stage1_logmel_small_cnn/seed_42/fold_3/attempt_1/model.keras,recorded_in_fold_manifest,20260821T164332Z_490383ff__exp_20260903T170029Z_e0883d24
rec_07cb18cde791aad3c4f6,/mnt/d/INFANT CRY/data_set_dbl_split/train/not_baby/5-189212-A-12.wav,not_baby,esc50_source:189212,3,not_baby,0.007858966674834583,0.9921410333251655,original,/mnt/d/INFANT CRY/Models_dbl/experiments/runs/20260821T164332Z_490383ff__exp_20260903T170029Z_e0883d24/candidates/stage1_logmel_small_cnn/seed_42/fold_3/attempt_1/model.keras,recorded_in_fold_manifest,20260821T164332Z_490383ff__exp_20260903T170029Z_e0883d24
rec_fe19f307bb20a4a582d7,/mnt/d/INFANT CRY/data_set_dbl_split/train/not_baby/5-189795-A-4.wav,not_baby,esc50_source:189795,3,not_baby,0.022883025289987438,0.9771169747100126,original,/mnt/d/INFANT CRY/Models_dbl/experiments/runs/20260821T164332Z_490383ff__exp_20260903T170029Z_e0883d24/candidates/stage1_logmel_small_cnn/seed_42/fold_3/attempt_1/model.keras,recorded_in_fold_manifest,20260821T164332Z_490383ff__exp_20260903T170029Z_e0883d24
rec_3d9424dd4e6884b64431,/mnt/d/INFANT CRY/data_set_dbl_split/train/not_baby/5-193339-A-10.wav,not_baby,esc50_source:193339,3,not_baby,0.0015176118776167463,0.9984823881223832,original,/mnt/d/INFANT CRY/Models_dbl/experiments/runs/20260821T164332Z_490383ff__exp_20260903T170029Z_e0883d24/candidates/stage1_logmel_small_cnn/seed_42/fold_3/attempt_1/model.keras,recorded_in_fold_manifest,20260821T164332Z_490383ff__exp_20260903T170029Z_e0883d24
rec_876c20f393dff749f1e7,/mnt/d/INFANT CRY/data_set_dbl_split/train/not_baby/5-194533-A-21.wav,not_baby,esc50_source:194533,3,not_baby,0.08081348601639954,0.9191865139836005,original,/mnt/d/INFANT CRY/Models_dbl/experiments/runs/20260821T164332Z_490383ff__exp_20260903T170029Z_e0883d24/candidates/stage1_logmel_small_cnn/seed_42/fold_3/attempt_1/model.keras,recorded_in_fold_manifest,20260821T164332Z_490383ff__exp_20260903T170029Z_e0883d24
rec_8b341a77e075c3f9bc22,/mnt/d/INFANT CRY/data_set_dbl_split/train/not_baby/5-197988-A-46.wav,not_baby,esc50_source:197988,3,not_baby,0.02959411075441748,0.9704058892455825,original,/mnt/d/INFANT CRY/Models_dbl/experiments/runs/20260821T164332Z_490383ff__exp_20260903T170029Z_e0883d24/candidates/stage1_logmel_small_cnn/seed_42/fold_3/attempt_1/model.keras,recorded_in_fold_manifest,20260821T164332Z_490383ff__exp_20260903T170029Z_e0883d24
rec_25f0be1c61c13603266d,/mnt/d/INFANT CRY/data_set_dbl_split/train/not_baby/5-205090-A-32.wav,not_baby,esc50_source:205090,3,not_baby,0.010226116049029225,0.9897738839509708,original,/mnt/d/INFANT CRY/Models_dbl/experiments/runs/20260821T164332Z_490383ff__exp_20260903T170029Z_e0883d24/candidates/stage1_logmel_small_cnn/seed_42/fold_3/attempt_1/model.keras,recorded_in_fold_manifest,20260821T164332Z_490383ff__exp_20260903T170029Z_e0883d24
rec_46416a5b5ed92ebf1d92,/mnt/d/INFANT CRY/data_set_dbl_split/train/not_baby/5-208030-A-0.wav,not_baby,esc50_source:208030,3,not_baby,0.017118700531512647,0.9828812994684873,original,/mnt/d/INFANT CRY/Models_dbl/experiments/runs/20260821T164332Z_490383ff__exp_20260903T170029Z_e0883d24/candidates/stage1_logmel_small_cnn/seed_42/fold_3/attempt_1/model.keras,recorded_in_fold_manifest,20260821T164332Z_490383ff__exp_20260903T170029Z_e0883d24
rec_155c43332a78bd23e364,/mnt/d/INFANT CRY/data_set_dbl_split/train/not_baby/5-209719-A-24.wav,not_baby,esc50_source:209719,3,not_baby,0.42110223362763827,0.5788977663723618,original,/mnt/d/INFANT CRY/Models_dbl/experiments/runs/20260821T164332Z_490383ff__exp_20260903T170029Z_e0883d24/candidates/stage1_logmel_small_cnn/seed_42/fold_3/attempt_1/model.keras,recorded_in_fold_manifest,20260821T164332Z_490383ff__exp_20260903T170029Z_e0883d24
rec_cabd8812db525598d265,/mnt/d/INFANT CRY/data_set_dbl_split/train/not_baby/5-212059-A-36.wav,not_baby,esc50_source:212059,3,not_baby,0.0122641921043396,0.9877358078956604,original,/mnt/d/INFANT CRY/Models_dbl/experiments/runs/20260821T164332Z_490383ff__exp_20260903T170029Z_e0883d24/candidates/stage1_logmel_small_cnn/seed_42/fold_3/attempt_1/model.keras,recorded_in_fold_manifest,20260821T164332Z_490383ff__exp_20260903T170029Z_e0883d24
rec_e478cb5989d0ce33fcd9,/mnt/d/INFANT CRY/data_set_dbl_split/train/not_baby/5-212730-A-17.wav,not_baby,esc50_source:212730,3,not_baby,0.008997720825445555,0.9910022791745544,original,/mnt/d/INFANT CRY/Models_dbl/experiments/runs/20260821T164332Z_490383ff__exp_20260903T170029Z_e0883d24/candidates/stage1_logmel_small_cnn/seed_42/fold_3/attempt_1/model.keras,recorded_in_fold_manifest,20260821T164332Z_490383ff__exp_20260903T170029Z_e0883d24
rec_dac02575899d876ab6b0,/mnt/d/INFANT CRY/data_set_dbl_split/train/not_baby/5-213855-A-0.wav,not_baby,esc50_source:213855,3,not_baby,0.017009164694457676,0.9829908353055423,original,/mnt/d/INFANT CRY/Models_dbl/experiments/runs/20260821T164332Z_490383ff__exp_20260903T170029Z_e0883d24/candidates/stage1_logmel_small_cnn/seed_42/fold_3/attempt_1/model.keras,recorded_in_fold_manifest,20260821T164332Z_490383ff__exp_20260903T170029Z_e0883d24
rec_5545c58233837e015d4b,/mnt/d/INFANT CRY/data_set_dbl_split/train/not_baby/5-214869-A-9.wav,not_baby,esc50_source:214869,3,not_baby,0.026788041394770763,0.9732119586052292,original,/mnt/d/INFANT CRY/Models_dbl/experiments/runs/20260821T164332Z_490383ff__exp_20260903T170029Z_e0883d24/candidates/stage1_logmel_small_cnn/seed_42/fold_3/attempt_1/model.keras,recorded_in_fold_manifest,20260821T164332Z_490383ff__exp_20260903T170029Z_e0883d24
rec_44abbf801b366e2fa45e,/mnt/d/INFANT CRY/data_set_dbl_split/train/not_baby/5-216214-A-13.wav,not_baby,esc50_source:216214,3,not_baby,0.16123471144541238,0.8387652885545877,original,/mnt/d/INFANT CRY/Models_dbl/experiments/runs/20260821T164332Z_490383ff__exp_20260903T170029Z_e0883d24/candidates/stage1_logmel_small_cnn/seed_42/fold_3/attempt_1/model.keras,recorded_in_fold_manifest,20260821T164332Z_490383ff__exp_20260903T170029Z_e0883d24
rec_20c9b4b05e31aa54d4de,/mnt/d/INFANT CRY/data_set_dbl_split/train/not_baby/5-216370-A-41.wav,not_baby,esc50_source:216370,3,not_baby,0.0008728701852911663,0.9991271298147089,original,/mnt/d/INFANT CRY/Models_dbl/experiments/runs/20260821T164332Z_490383ff__exp_20260903T170029Z_e0883d24/candidates/stage1_logmel_small_cnn/seed_42/fold_3/attempt_1/model.keras,recorded_in_fold_manifest,20260821T164332Z_490383ff__exp_20260903T170029Z_e0883d24
rec_6c45b1c8ad50410227d7,/mnt/d/INFANT CRY/data_set_dbl_split/train/not_baby/5-216370-B-41.wav,not_baby,esc50_source:216370,3,not_baby,0.0009876074447035623,0.9990123925552964,original,/mnt/d/INFANT CRY/Models_dbl/experiments/runs/20260821T164332Z_490383ff__exp_20260903T170029Z_e0883d24/candidates/stage1_logmel_small_cnn/seed_42/fold_3/attempt_1/model.keras,recorded_in_fold_manifest,20260821T164332Z_490383ff__exp_20260903T170029Z_e0883d24
rec_453cdea3d2ecede6a3a8,/mnt/d/INFANT CRY/data_set_dbl_split/train/not_baby/5-220026-A-21.wav,not_baby,esc50_source:220026,3,baby,0.6647487878799438,0.33525121212005615,original,/mnt/d/INFANT CRY/Models_dbl/experiments/runs/20260821T164332Z_490383ff__exp_20260903T170029Z_e0883d24/candidates/stage1_logmel_small_cnn/seed_42/fold_3/attempt_1/model.keras,recorded_in_fold_manifest,20260821T164332Z_490383ff__exp_20260903T170029Z_e0883d24
rec_f89af5a5eda9de7a91a3,/mnt/d/INFANT CRY/data_set_dbl_split/train/not_baby/5-221593-A-21.wav,not_baby,esc50_source:221593,3,baby,0.7707567832800163,0.22924321671998377,original,/mnt/d/INFANT CRY/Models_dbl/experiments/runs/20260821T164332Z_490383ff__exp_20260903T170029Z_e0883d24/candidates/stage1_logmel_small_cnn/seed_42/fold_3/attempt_1/model.keras,recorded_in_fold_manifest,20260821T164332Z_490383ff__exp_20260903T170029Z_e0883d24
rec_ea83bd20916cc1c0fbec,/mnt/d/INFANT CRY/data_set_dbl_split/train/not_baby/5-223099-A-32.wav,not_baby,esc50_source:223099,3,not_baby,0.004974883605735591,0.9950251163942644,original,/mnt/d/INFANT CRY/Models_dbl/experiments/runs/20260821T164332Z_490383ff__exp_20260903T170029Z_e0883d24/candidates/stage1_logmel_small_cnn/seed_42/fold_3/attempt_1/model.keras,recorded_in_fold_manifest,20260821T164332Z_490383ff__exp_20260903T170029Z_e0883d24
rec_e146d128e7330d7c3e5c,/mnt/d/INFANT CRY/data_set_dbl_split/train/not_baby/5-223099-B-32.wav,not_baby,esc50_source:223099,3,not_baby,0.0005899907995675341,0.9994100092004324,original,/mnt/d/INFANT CRY/Models_dbl/experiments/runs/20260821T164332Z_490383ff__exp_20260903T170029Z_e0883d24/candidates/stage1_logmel_small_cnn/seed_42/fold_3/attempt_1/model.keras,recorded_in_fold_manifest,20260821T164332Z_490383ff__exp_20260903T170029Z_e0883d24
rec_4d08d4309b0c0244539e,/mnt/d/INFANT CRY/data_set_dbl_split/train/not_baby/5-223176-A-37.wav,not_baby,esc50_source:223176,3,not_baby,0.001277597889312112,0.9987224021106879,original,/mnt/d/INFANT CRY/Models_dbl/experiments/runs/20260821T164332Z_490383ff__exp_20260903T170029Z_e0883d24/candidates/stage1_logmel_small_cnn/seed_42/fold_3/attempt_1/model.keras,recorded_in_fold_manifest,20260821T164332Z_490383ff__exp_20260903T170029Z_e0883d24
rec_5b7087d2f82f59bcc05d,/mnt/d/INFANT CRY/data_set_dbl_split/train/not_baby/5-223810-A-35.wav,not_baby,esc50_source:223810,3,not_baby,0.00634396021473912,0.9936560397852608,original,/mnt/d/INFANT CRY/Models_dbl/experiments/runs/20260821T164332Z_490383ff__exp_20260903T170029Z_e0883d24/candidates/stage1_logmel_small_cnn/seed_42/fold_3/attempt_1/model.keras,recorded_in_fold_manifest,20260821T164332Z_490383ff__exp_20260903T170029Z_e0883d24
rec_32b2ada0a60e44075a0c,/mnt/d/INFANT CRY/data_set_dbl_split/train/not_baby/5-232272-A-44.wav,not_baby,esc50_source:232272,3,not_baby,0.0021964765931444877,0.9978035234068555,original,/mnt/d/INFANT CRY/Models_dbl/experiments/runs/20260821T164332Z_490383ff__exp_20260903T170029Z_e0883d24/candidates/stage1_logmel_small_cnn/seed_42/fold_3/attempt_1/model.keras,recorded_in_fold_manifest,20260821T164332Z_490383ff__exp_20260903T170029Z_e0883d24
rec_c1637b439cafc3185b0e,/mnt/d/INFANT CRY/data_set_dbl_split/train/not_baby/5-233260-A-23.wav,not_baby,esc50_source:233260,3,not_baby,0.017822361051460157,0.9821776389485398,original,/mnt/d/INFANT CRY/Models_dbl/experiments/runs/20260821T164332Z_490383ff__exp_20260903T170029Z_e0883d24/candidates/stage1_logmel_small_cnn/seed_42/fold_3/attempt_1/model.keras,recorded_in_fold_manifest,20260821T164332Z_490383ff__exp_20260903T170029Z_e0883d24
rec_ffaecbdf07dd996dd548,/mnt/d/INFANT CRY/data_set_dbl_split/train/not_baby/5-233787-A-7.wav,not_baby,esc50_source:233787,3,not_baby,0.0026824203376800645,0.9973175796623199,original,/mnt/d/INFANT CRY/Models_dbl/experiments/runs/20260821T164332Z_490383ff__exp_20260903T170029Z_e0883d24/candidates/stage1_logmel_small_cnn/seed_42/fold_3/attempt_1/model.keras,recorded_in_fold_manifest,20260821T164332Z_490383ff__exp_20260903T170029Z_e0883d24
rec_839e354f7f4bccc24037,/mnt/d/INFANT CRY/data_set_dbl_split/train/not_baby/5-234335-A-23.wav,not_baby,esc50_source:234335,3,not_baby,0.0038131315454680635,0.996186868454532,original,/mnt/d/INFANT CRY/Models_dbl/experiments/runs/20260821T164332Z_490383ff__exp_20260903T170029Z_e0883d24/candidates/stage1_logmel_small_cnn/seed_42/fold_3/attempt_1/model.keras,recorded_in_fold_manifest,20260821T164332Z_490383ff__exp_20260903T170029Z_e0883d24
rec_a2a814f10a03b1645237,/mnt/d/INFANT CRY/data_set_dbl_split/train/not_baby/5-236299-A-34.wav,not_baby,esc50_source:236299,3,not_baby,0.21377369124371734,0.7862263087562826,original,/mnt/d/INFANT CRY/Models_dbl/experiments/runs/20260821T164332Z_490383ff__exp_20260903T170029Z_e0883d24/candidates/stage1_logmel_small_cnn/seed_42/fold_3/attempt_1/model.keras,recorded_in_fold_manifest,20260821T164332Z_490383ff__exp_20260903T170029Z_e0883d24
rec_33d0b0f985cfde9c6f2f,/mnt/d/INFANT CRY/data_set_dbl_split/train/not_baby/5-238021-A-35.wav,not_baby,esc50_source:238021,3,not_baby,0.006288722063769072,0.9937112779362309,original,/mnt/d/INFANT CRY/Models_dbl/experiments/runs/20260821T164332Z_490383ff__exp_20260903T170029Z_e0883d24/candidates/stage1_logmel_small_cnn/seed_42/fold_3/attempt_1/model.keras,recorded_in_fold_manifest,20260821T164332Z_490383ff__exp_20260903T170029Z_e0883d24
rec_c107138822180a98c4b1,/mnt/d/INFANT CRY/data_set_dbl_split/train/not_baby/5-242711-A-9.wav,not_baby,esc50_source:242711,3,not_baby,0.009765921518902243,0.9902340784810978,original,/mnt/d/INFANT CRY/Models_dbl/experiments/runs/20260821T164332Z_490383ff__exp_20260903T170029Z_e0883d24/candidates/stage1_logmel_small_cnn/seed_42/fold_3/attempt_1/model.keras,recorded_in_fold_manifest,20260821T164332Z_490383ff__exp_20260903T170029Z_e0883d24
rec_83ba833646d4d91b9fa4,/mnt/d/INFANT CRY/data_set_dbl_split/train/not_baby/5-242932-A-26.wav,not_baby,esc50_source:242932,3,not_baby,0.25358664989471436,0.7464133501052856,original,/mnt/d/INFANT CRY/Models_dbl/experiments/runs/20260821T164332Z_490383ff__exp_20260903T170029Z_e0883d24/candidates/stage1_logmel_small_cnn/seed_42/fold_3/attempt_1/model.keras,recorded_in_fold_manifest,20260821T164332Z_490383ff__exp_20260903T170029Z_e0883d24
rec_7a0a199c9fee96c0fd83,/mnt/d/INFANT CRY/data_set_dbl_split/train/not_baby/5-242932-B-26.wav,not_baby,esc50_source:242932,3,not_baby,0.04945074863075752,0.9505492513692425,original,/mnt/d/INFANT CRY/Models_dbl/experiments/runs/20260821T164332Z_490383ff__exp_20260903T170029Z_e0883d24/candidates/stage1_logmel_small_cnn/seed_42/fold_3/attempt_1/model.keras,recorded_in_fold_manifest,20260821T164332Z_490383ff__exp_20260903T170029Z_e0883d24
rec_9456eedb10aa415ae74c,/mnt/d/INFANT CRY/data_set_dbl_split/train/not_baby/5-244310-A-25.wav,not_baby,esc50_source:244310,3,not_baby,0.007204011899914404,0.9927959881000856,original,/mnt/d/INFANT CRY/Models_dbl/experiments/runs/20260821T164332Z_490383ff__exp_20260903T170029Z_e0883d24/candidates/stage1_logmel_small_cnn/seed_42/fold_3/attempt_1/model.keras,recorded_in_fold_manifest,20260821T164332Z_490383ff__exp_20260903T170029Z_e0883d24
rec_5fdb375c1ef9aea9d661,/mnt/d/INFANT CRY/data_set_dbl_split/train/not_baby/5-244327-A-34.wav,not_baby,esc50_source:244327,3,not_baby,0.0013846133405414286,0.9986153866594586,original,/mnt/d/INFANT CRY/Models_dbl/experiments/runs/20260821T164332Z_490383ff__exp_20260903T170029Z_e0883d24/candidates/stage1_logmel_small_cnn/seed_42/fold_3/attempt_1/model.keras,recorded_in_fold_manifest,20260821T164332Z_490383ff__exp_20260903T170029Z_e0883d24
rec_7d9564e2074f7d060efd,/mnt/d/INFANT CRY/data_set_dbl_split/train/not_baby/5-244651-A-31.wav,not_baby,esc50_source:244651,3,not_baby,0.03190548309789431,0.9680945169021057,original,/mnt/d/INFANT CRY/Models_dbl/experiments/runs/20260821T164332Z_490383ff__exp_20260903T170029Z_e0883d24/candidates/stage1_logmel_small_cnn/seed_42/fold_3/attempt_1/model.keras,recorded_in_fold_manifest,20260821T164332Z_490383ff__exp_20260903T170029Z_e0883d24
rec_be7cb2f63d3ae1df78ed,/mnt/d/INFANT CRY/data_set_dbl_split/train/not_baby/5-250629-A-37.wav,not_baby,esc50_source:250629,3,not_baby,0.07345896268977942,0.9265410373102205,original,/mnt/d/INFANT CRY/Models_dbl/experiments/runs/20260821T164332Z_490383ff__exp_20260903T170029Z_e0883d24/candidates/stage1_logmel_small_cnn/seed_42/fold_3/attempt_1/model.keras,recorded_in_fold_manifest,20260821T164332Z_490383ff__exp_20260903T170029Z_e0883d24
rec_8f2d6e1ebf91f497cc4d,/mnt/d/INFANT CRY/data_set_dbl_split/train/not_baby/5-259514-A-26.wav,not_baby,esc50_source:259514,3,not_baby,0.05943137757691973,0.9405686224230803,original,/mnt/d/INFANT CRY/Models_dbl/experiments/runs/20260821T164332Z_490383ff__exp_20260903T170029Z_e0883d24/candidates/stage1_logmel_small_cnn/seed_42/fold_3/attempt_1/model.keras,recorded_in_fold_manifest,20260821T164332Z_490383ff__exp_20260903T170029Z_e0883d24
rec_a0415cf12daa3fc237ed,/mnt/d/INFANT CRY/data_set_dbl_split/train/not_baby/5-261464-A-23.wav,not_baby,esc50_source:261464,3,not_baby,0.0037161292764688646,0.9962838707235311,original,/mnt/d/INFANT CRY/Models_dbl/experiments/runs/20260821T164332Z_490383ff__exp_20260903T170029Z_e0883d24/candidates/stage1_logmel_small_cnn/seed_42/fold_3/attempt_1/model.keras,recorded_in_fold_manifest,20260821T164332Z_490383ff__exp_20260903T170029Z_e0883d24
rec_f954f1dcca6580ccec4a,/mnt/d/INFANT CRY/data_set_dbl_split/train/not_baby/5-263490-A-25.wav,not_baby,esc50_source:263490,3,not_baby,0.005016199818474891,0.9949838001815251,original,/mnt/d/INFANT CRY/Models_dbl/experiments/runs/20260821T164332Z_490383ff__exp_20260903T170029Z_e0883d24/candidates/stage1_logmel_small_cnn/seed_42/fold_3/attempt_1/model.keras,recorded_in_fold_manifest,20260821T164332Z_490383ff__exp_20260903T170029Z_e0883d24
rec_8d9900ed3ea26997c871,/mnt/d/INFANT CRY/data_set_dbl_split/train/not_baby/5-61635-A-8.wav,not_baby,esc50_source:61635,3,not_baby,0.005441032228446776,0.9945589677715532,original,/mnt/d/INFANT CRY/Models_dbl/experiments/runs/20260821T164332Z_490383ff__exp_20260903T170029Z_e0883d24/candidates/stage1_logmel_small_cnn/seed_42/fold_3/attempt_1/model.keras,recorded_in_fold_manifest,20260821T164332Z_490383ff__exp_20260903T170029Z_e0883d24
