record_id,filepath,label,group_id,fold,predicted_label,score_baby,score_not_baby,sample_kind,model_path,normalizer_path,run_id
rec_fefa338d580873c2cd3e,/mnt/d/INFANT CRY/data_set_dbl_split/train/belly_pain/1190_M_eairh.wav,baby,infant_sha256:1746eae8c464c72b2186a2f22bcb7faf1a39fb2c5e08cf76ff14a0968938cd86,1,baby,0.999916017698847,8.39823011530492e-05,original,/mnt/d/INFANT CRY/Models_dbl/experiments/runs/20260821T164332Z_490383ff__exp_20260903T170029Z_e0883d24/candidates/stage1_mfcc_svm/seed_42/fold_1/attempt_1/model.joblib,recorded_in_fold_manifest,20260821T164332Z_490383ff__exp_20260903T170029Z_e0883d24
rec_dc2883d8ee245da07d43,/mnt/d/INFANT CRY/data_set_dbl_split/train/belly_pain/2243_M_eairh.wav,baby,infant_sha256:48a1acab4344409f504f469f020678d7776f3065a0515c5f8140902692bf45e5,1,baby,0.9979272021376828,0.0020727978623171638,original,/mnt/d/INFANT CRY/Models_dbl/experiments/runs/20260821T164332Z_490383ff__exp_20260903T170029Z_e0883d24/candidates/stage1_mfcc_svm/seed_42/fold_1/attempt_1/model.joblib,recorded_in_fold_manifest,20260821T164332Z_490383ff__exp_20260903T170029Z_e0883d24
rec_bc25d1ebb8434b66682a,/mnt/d/INFANT CRY/data_set_dbl_split/train/belly_pain/2293_F_eairh.wav,baby,infant_sha256:ff50650762c3b1d1842ff03588c477ad4443b96d05b8c4e92e688545e5b4b2a6,1,baby,0.9908149420463975,0.009185057953602534,original,/mnt/d/INFANT CRY/Models_dbl/experiments/runs/20260821T164332Z_490383ff__exp_20260903T170029Z_e0883d24/candidates/stage1_mfcc_svm/seed_42/fold_1/attempt_1/model.joblib,recorded_in_fold_manifest,20260821T164332Z_490383ff__exp_20260903T170029Z_e0883d24
rec_c7ab84dc1e25a511f089,/mnt/d/INFANT CRY/data_set_dbl_split/train/belly_pain/3054_M_eairh.wav,baby,infant_sha256:6bc38b9d403174682237bddf276b0324d8012977537635873e41d7e975daab8f,1,baby,0.9784804232774175,0.021519576722582562,original,/mnt/d/INFANT CRY/Models_dbl/experiments/runs/20260821T164332Z_490383ff__exp_20260903T170029Z_e0883d24/candidates/stage1_mfcc_svm/seed_42/fold_1/attempt_1/model.joblib,recorded_in_fold_manifest,20260821T164332Z_490383ff__exp_20260903T170029Z_e0883d24
rec_0ddf3d9b53d6a320397d,/mnt/d/INFANT CRY/data_set_dbl_split/train/belly_pain/3326_F_eairh.wav,baby,infant_sha256:adcac87f26a49067239153fa1158ad07ba16cc95c27ae12791dd2fec2b1dcc90,1,baby,0.9983818523567344,0.0016181476432656668,original,/mnt/d/INFANT CRY/Models_dbl/experiments/runs/20260821T164332Z_490383ff__exp_20260903T170029Z_e0883d24/candidates/stage1_mfcc_svm/seed_42/fold_1/attempt_1/model.joblib,recorded_in_fold_manifest,20260821T164332Z_490383ff__exp_20260903T170029Z_e0883d24
rec_a5ec4310f567f29fe0e6,/mnt/d/INFANT CRY/data_set_dbl_split/train/belly_pain/3482_M_eairh.wav,baby,infant_sha256:3c11511aa2aca6cffaf290fbdd2542ea6d350ae044f19f311ba289e0c4b09540,1,baby,0.9995637099033042,0.0004362900966957426,original,/mnt/d/INFANT CRY/Models_dbl/experiments/runs/20260821T164332Z_490383ff__exp_20260903T170029Z_e0883d24/candidates/stage1_mfcc_svm/seed_42/fold_1/attempt_1/model.joblib,recorded_in_fold_manifest,20260821T164332Z_490383ff__exp_20260903T170029Z_e0883d24
rec_2730b77759b8808a6d27,/mnt/d/INFANT CRY/data_set_dbl_split/train/belly_pain/3786_M_eairh.wav,baby,infant_sha256:5ad24efaebed6b3f809e343af4784b8bad8ba5db04c3291efa282967ee103993,1,baby,0.9803424145993184,0.019657585400681653,original,/mnt/d/INFANT CRY/Models_dbl/experiments/runs/20260821T164332Z_490383ff__exp_20260903T170029Z_e0883d24/candidates/stage1_mfcc_svm/seed_42/fold_1/attempt_1/model.joblib,recorded_in_fold_manifest,20260821T164332Z_490383ff__exp_20260903T170029Z_e0883d24
rec_b6b66fb3f3de74db9ab8,/mnt/d/INFANT CRY/data_set_dbl_split/train/belly_pain/3825_M_eairh.wav,baby,infant_sha256:c4dd31085491fcac478954373ed0b61c18481364ceae041793da9518a16b2f64,1,baby,0.9563969674563593,0.04360303254364082,original,/mnt/d/INFANT CRY/Models_dbl/experiments/runs/20260821T164332Z_490383ff__exp_20260903T170029Z_e0883d24/candidates/stage1_mfcc_svm/seed_42/fold_1/attempt_1/model.joblib,recorded_in_fold_manifest,20260821T164332Z_490383ff__exp_20260903T170029Z_e0883d24
rec_212b93ff5570b7840e1a,/mnt/d/INFANT CRY/data_set_dbl_split/train/belly_pain/419_M_eairh.wav,baby,infant_sha256:8211fc9f4a86ac992f108ee8a1c5e4c625c95e4466c9e977011037937c434a46,1,baby,0.9989814328559761,0.001018567144023928,original,/mnt/d/INFANT CRY/Models_dbl/experiments/runs/20260821T164332Z_490383ff__exp_20260903T170029Z_e0883d24/candidates/stage1_mfcc_svm/seed_42/fold_1/attempt_1/model.joblib,recorded_in_fold_manifest,20260821T164332Z_490383ff__exp_20260903T170029Z_e0883d24
rec_50da61b23db30480db84,/mnt/d/INFANT CRY/data_set_dbl_split/train/belly_pain/4601_M_eairh.wav,baby,infant_sha256:9fde7aede32b5320f792a545ddab382f6ff2f83e44d7609fd5c01e44dd8becfa,1,baby,0.9754020773770209,0.02459792262297916,original,/mnt/d/INFANT CRY/Models_dbl/experiments/runs/20260821T164332Z_490383ff__exp_20260903T170029Z_e0883d24/candidates/stage1_mfcc_svm/seed_42/fold_1/attempt_1/model.joblib,recorded_in_fold_manifest,20260821T164332Z_490383ff__exp_20260903T170029Z_e0883d24
rec_f6e860c75ce7b1ebce05,/mnt/d/INFANT CRY/data_set_dbl_split/train/belly_pain/4711_M_eairh.wav,baby,infant_sha256:4aefb574b66e26210f7814e88826959577ca75e345ee5a9a40c33961fe62eeb2,1,baby,0.9822650741564953,0.017734925843504633,original,/mnt/d/INFANT CRY/Models_dbl/experiments/runs/20260821T164332Z_490383ff__exp_20260903T170029Z_e0883d24/candidates/stage1_mfcc_svm/seed_42/fold_1/attempt_1/model.joblib,recorded_in_fold_manifest,20260821T164332Z_490383ff__exp_20260903T170029Z_e0883d24
rec_f08400013ae835c03434,/mnt/d/INFANT CRY/data_set_dbl_split/train/belly_pain/dunstan-eairh_12.wav,baby,infant_sha256:e33c040d318e88074a5e32071647b074a58253e31f6e75f9d83fdf7dd9b12910,1,baby,0.9963924650003821,0.0036075349996178945,original,/mnt/d/INFANT CRY/Models_dbl/experiments/runs/20260821T164332Z_490383ff__exp_20260903T170029Z_e0883d24/candidates/stage1_mfcc_svm/seed_42/fold_1/attempt_1/model.joblib,recorded_in_fold_manifest,20260821T164332Z_490383ff__exp_20260903T170029Z_e0883d24
rec_bc38ab67adac26f034e8,/mnt/d/INFANT CRY/data_set_dbl_split/train/belly_pain/dunstan-eairh_13.wav,baby,infant_sha256:531199248551ecacbd79c1e9d0bf08bb29ceff42f6aba4a21120d8d45ee433d8,1,baby,0.9991718864805017,0.0008281135194983598,original,/mnt/d/INFANT CRY/Models_dbl/experiments/runs/20260821T164332Z_490383ff__exp_20260903T170029Z_e0883d24/candidates/stage1_mfcc_svm/seed_42/fold_1/attempt_1/model.joblib,recorded_in_fold_manifest,20260821T164332Z_490383ff__exp_20260903T170029Z_e0883d24
rec_886741e63dcc59e4d15d,/mnt/d/INFANT CRY/data_set_dbl_split/train/belly_pain/dunstan-eairh_2.wav,baby,infant_sha256:25f1e26744ef82ed08155d85bcfef388e18abb2761bf5ac65e793a8ac751e8e4,1,baby,0.9914786926407263,0.008521307359273696,original,/mnt/d/INFANT CRY/Models_dbl/experiments/runs/20260821T164332Z_490383ff__exp_20260903T170029Z_e0883d24/candidates/stage1_mfcc_svm/seed_42/fold_1/attempt_1/model.joblib,recorded_in_fold_manifest,20260821T164332Z_490383ff__exp_20260903T170029Z_e0883d24
rec_86e990c657f137ebbf87,/mnt/d/INFANT CRY/data_set_dbl_split/train/belly_pain/dunstan-eairh_20.wav,baby,infant_sha256:59f26d398c8d75cac875d3dadf48b580f1b9b2c69582929bba7a11539183dd17,1,baby,0.9985939210213562,0.001406078978643644,original,/mnt/d/INFANT CRY/Models_dbl/experiments/runs/20260821T164332Z_490383ff__exp_20260903T170029Z_e0883d24/candidates/stage1_mfcc_svm/seed_42/fold_1/attempt_1/model.joblib,recorded_in_fold_manifest,20260821T164332Z_490383ff__exp_20260903T170029Z_e0883d24
rec_6f6b4910a46d0f5c9466,/mnt/d/INFANT CRY/data_set_dbl_split/train/belly_pain/dunstan-eairh_29.wav,baby,infant_sha256:e44b9fc6ecf405f8ab3ca7aa5c691143ddbd967800c062adaeeed7ae11642588,1,baby,0.9933589163084212,0.006641083691578759,original,/mnt/d/INFANT CRY/Models_dbl/experiments/runs/20260821T164332Z_490383ff__exp_20260903T170029Z_e0883d24/candidates/stage1_mfcc_svm/seed_42/fold_1/attempt_1/model.joblib,recorded_in_fold_manifest,20260821T164332Z_490383ff__exp_20260903T170029Z_e0883d24
rec_38916b588bfc277e0233,/mnt/d/INFANT CRY/data_set_dbl_split/train/belly_pain/dunstan-eairh_34.wav,baby,infant_sha256:a79e79453842b7491c0ec793e4bfe32ddf2796404fd2b2ae15b5811375ac25e2,1,baby,0.9955484298492868,0.004451570150713209,original,/mnt/d/INFANT CRY/Models_dbl/experiments/runs/20260821T164332Z_490383ff__exp_20260903T170029Z_e0883d24/candidates/stage1_mfcc_svm/seed_42/fold_1/attempt_1/model.joblib,recorded_in_fold_manifest,20260821T164332Z_490383ff__exp_20260903T170029Z_e0883d24
rec_917b2809b108d84393e1,/mnt/d/INFANT CRY/data_set_dbl_split/train/belly_pain/dunstan-eairh_37.wav,baby,infant_sha256:caa05b68e4398b392e93318279ed291d5e98ba1a643d33bf8fd280786153e9d8,1,baby,0.9988300320821305,0.0011699679178694567,original,/mnt/d/INFANT CRY/Models_dbl/experiments/runs/20260821T164332Z_490383ff__exp_20260903T170029Z_e0883d24/candidates/stage1_mfcc_svm/seed_42/fold_1/attempt_1/model.joblib,recorded_in_fold_manifest,20260821T164332Z_490383ff__exp_20260903T170029Z_e0883d24
rec_dbafcb96ca6a87f36f52,/mnt/d/INFANT CRY/data_set_dbl_split/train/belly_pain/dunstan-eairh_39.wav,baby,infant_sha256:6cd6f6e5c161e78c32525683a639a9a9ab9c11c14cc48929c93d42be00a0e8fe,1,baby,0.9962761520043464,0.0037238479956536613,original,/mnt/d/INFANT CRY/Models_dbl/experiments/runs/20260821T164332Z_490383ff__exp_20260903T170029Z_e0883d24/candidates/stage1_mfcc_svm/seed_42/fold_1/attempt_1/model.joblib,recorded_in_fold_manifest,20260821T164332Z_490383ff__exp_20260903T170029Z_e0883d24
rec_e6d5a53ef5c2a42cae1f,/mnt/d/INFANT CRY/data_set_dbl_split/train/belly_pain/dunstan-eairh_59.wav,baby,infant_sha256:105bbf74d33a2c7a9b7ecff93a0335ca785aa31aea0c2c322815ffcefd1bfda4,1,baby,0.9493132523307357,0.05068674766926438,original,/mnt/d/INFANT CRY/Models_dbl/experiments/runs/20260821T164332Z_490383ff__exp_20260903T170029Z_e0883d24/candidates/stage1_mfcc_svm/seed_42/fold_1/attempt_1/model.joblib,recorded_in_fold_manifest,20260821T164332Z_490383ff__exp_20260903T170029Z_e0883d24
rec_b2242a410e34ac87e103,/mnt/d/INFANT CRY/data_set_dbl_split/train/belly_pain/dunstan-eairh_7.wav,baby,infant_sha256:89577d9bb58322056e964be62c92957655aeedb628e052baed1e76ab436b6d54,1,baby,0.9969176129164551,0.0030823870835449845,original,/mnt/d/INFANT CRY/Models_dbl/experiments/runs/20260821T164332Z_490383ff__exp_20260903T170029Z_e0883d24/candidates/stage1_mfcc_svm/seed_42/fold_1/attempt_1/model.joblib,recorded_in_fold_manifest,20260821T164332Z_490383ff__exp_20260903T170029Z_e0883d24
rec_aef16fe4b73818181ee3,/mnt/d/INFANT CRY/data_set_dbl_split/train/burping/1173_M_eh.wav,baby,infant_sha256:56b3f4c1f74778e42892b692b68ea25b91fdd16d905856ba600bab014ed5b35e,1,baby,0.999265540616007,0.0007344593839929789,original,/mnt/d/INFANT CRY/Models_dbl/experiments/runs/20260821T164332Z_490383ff__exp_20260903T170029Z_e0883d24/candidates/stage1_mfcc_svm/seed_42/fold_1/attempt_1/model.joblib,recorded_in_fold_manifest,20260821T164332Z_490383ff__exp_20260903T170029Z_e0883d24
rec_fe2bd084cd57ea19b335,/mnt/d/INFANT CRY/data_set_dbl_split/train/burping/1294_F_eh.wav,baby,infant_sha256:1fe5f80c9b393a6bbcf6b63364e395138a17ee332bcb992b2a7e6ce80e13b3a2,1,baby,0.9792617545111952,0.020738245488804777,original,/mnt/d/INFANT CRY/Models_dbl/experiments/runs/20260821T164332Z_490383ff__exp_20260903T170029Z_e0883d24/candidates/stage1_mfcc_svm/seed_42/fold_1/attempt_1/model.joblib,recorded_in_fold_manifest,20260821T164332Z_490383ff__exp_20260903T170029Z_e0883d24
rec_91a8baa5de8351206dc1,/mnt/d/INFANT CRY/data_set_dbl_split/train/burping/1310_M_eh.wav,baby,infant_sha256:d3aaf72c55489f123a502254549835d0a189ab94d1e6633c828eb0a94bcab498,1,baby,0.9997463385919458,0.00025366140805405926,original,/mnt/d/INFANT CRY/Models_dbl/experiments/runs/20260821T164332Z_490383ff__exp_20260903T170029Z_e0883d24/candidates/stage1_mfcc_svm/seed_42/fold_1/attempt_1/model.joblib,recorded_in_fold_manifest,20260821T164332Z_490383ff__exp_20260903T170029Z_e0883d24
rec_aa640949ec798068cbcb,/mnt/d/INFANT CRY/data_set_dbl_split/train/burping/1836_M_eh.wav,baby,infant_sha256:046799fe1455c9c353da7dcc6931cb792a0360340ae23da1bb0c640d8a72ecb4,1,baby,0.9842724507909654,0.01572754920903466,original,/mnt/d/INFANT CRY/Models_dbl/experiments/runs/20260821T164332Z_490383ff__exp_20260903T170029Z_e0883d24/candidates/stage1_mfcc_svm/seed_42/fold_1/attempt_1/model.joblib,recorded_in_fold_manifest,20260821T164332Z_490383ff__exp_20260903T170029Z_e0883d24
rec_04d8723e876919f7d0c5,/mnt/d/INFANT CRY/data_set_dbl_split/train/burping/1860_M_eh.wav,baby,infant_sha256:fb59ff63dd024c195cabf21ee0317affe6da07c4ccf05e3dc10c7fbff7f4e645,1,baby,0.6929045133760399,0.3070954866239602,original,/mnt/d/INFANT CRY/Models_dbl/experiments/runs/20260821T164332Z_490383ff__exp_20260903T170029Z_e0883d24/candidates/stage1_mfcc_svm/seed_42/fold_1/attempt_1/model.joblib,recorded_in_fold_manifest,20260821T164332Z_490383ff__exp_20260903T170029Z_e0883d24
rec_76c476f521e31ec4c31a,/mnt/d/INFANT CRY/data_set_dbl_split/train/burping/2203_F_eh.wav,baby,infant_sha256:d64a00b82f94c6a58db89df52afabe99d9464019ba00dc276a690ef602e8eb54,1,baby,0.9291831351668796,0.07081686483312043,original,/mnt/d/INFANT CRY/Models_dbl/experiments/runs/20260821T164332Z_490383ff__exp_20260903T170029Z_e0883d24/candidates/stage1_mfcc_svm/seed_42/fold_1/attempt_1/model.joblib,recorded_in_fold_manifest,20260821T164332Z_490383ff__exp_20260903T170029Z_e0883d24
rec_583b16956c6c814d67fe,/mnt/d/INFANT CRY/data_set_dbl_split/train/burping/3033_M_eh.wav,baby,infant_sha256:06f9596f8f896e0444e9f3d6dd0e275425df00d2f5fe90e5f9b8c82bbcd823ef,1,baby,0.9571370440965917,0.042862955903408335,original,/mnt/d/INFANT CRY/Models_dbl/experiments/runs/20260821T164332Z_490383ff__exp_20260903T170029Z_e0883d24/candidates/stage1_mfcc_svm/seed_42/fold_1/attempt_1/model.joblib,recorded_in_fold_manifest,20260821T164332Z_490383ff__exp_20260903T170029Z_e0883d24
rec_1eb9fd4af465d3df769d,/mnt/d/INFANT CRY/data_set_dbl_split/train/burping/306_M_eh.wav,baby,infant_sha256:3d1d3a9de22b3dd9a75a28076f0666d9fe8b7e10905539bcd0c8503979d75741,1,baby,0.9995084419048097,0.0004915580951902731,original,/mnt/d/INFANT CRY/Models_dbl/experiments/runs/20260821T164332Z_490383ff__exp_20260903T170029Z_e0883d24/candidates/stage1_mfcc_svm/seed_42/fold_1/attempt_1/model.joblib,recorded_in_fold_manifest,20260821T164332Z_490383ff__exp_20260903T170029Z_e0883d24
rec_fbef8f5e2003e3f7e55d,/mnt/d/INFANT CRY/data_set_dbl_split/train/burping/3163_F_eh.wav,baby,infant_sha256:7d087bf0d392266023ae4c508f2dc7a71c4d08da44dd43ee1ee0856dec82fec4,1,baby,0.999058097306165,0.0009419026938350332,original,/mnt/d/INFANT CRY/Models_dbl/experiments/runs/20260821T164332Z_490383ff__exp_20260903T170029Z_e0883d24/candidates/stage1_mfcc_svm/seed_42/fold_1/attempt_1/model.joblib,recorded_in_fold_manifest,20260821T164332Z_490383ff__exp_20260903T170029Z_e0883d24
rec_8405ff9deb2601ec3688,/mnt/d/INFANT CRY/data_set_dbl_split/train/burping/3263_F_eh.wav,baby,infant_sha256:d9a8ea049618faa3cf9d1e9b6a9460fd8c31fcd63f9419490102db02085a7680,1,baby,0.9949877965974279,0.005012203402572117,original,/mnt/d/INFANT CRY/Models_dbl/experiments/runs/20260821T164332Z_490383ff__exp_20260903T170029Z_e0883d24/candidates/stage1_mfcc_svm/seed_42/fold_1/attempt_1/model.joblib,recorded_in_fold_manifest,20260821T164332Z_490383ff__exp_20260903T170029Z_e0883d24
rec_7f5f72cffacee5752ddb,/mnt/d/INFANT CRY/data_set_dbl_split/train/burping/3331_M_eh.wav,baby,infant_sha256:a4aa673b6e979cc927669c90a855494ac2d988782815f0483289b83bd0db52cf,1,baby,0.9797678671041795,0.02023213289582054,original,/mnt/d/INFANT CRY/Models_dbl/experiments/runs/20260821T164332Z_490383ff__exp_20260903T170029Z_e0883d24/candidates/stage1_mfcc_svm/seed_42/fold_1/attempt_1/model.joblib,recorded_in_fold_manifest,20260821T164332Z_490383ff__exp_20260903T170029Z_e0883d24
rec_76d86ebe51c4717b2eef,/mnt/d/INFANT CRY/data_set_dbl_split/train/burping/3332_M_eh.wav,baby,infant_sha256:86841c08ebd872a14a443438c9a13b68b5c973db8af04f6fc8989540ce8186d3,1,baby,0.999910380981821,8.961901817900772e-05,original,/mnt/d/INFANT CRY/Models_dbl/experiments/runs/20260821T164332Z_490383ff__exp_20260903T170029Z_e0883d24/candidates/stage1_mfcc_svm/seed_42/fold_1/attempt_1/model.joblib,recorded_in_fold_manifest,20260821T164332Z_490383ff__exp_20260903T170029Z_e0883d24
rec_8fa03b0b1122bc99fa71,/mnt/d/INFANT CRY/data_set_dbl_split/train/burping/3335_M_eh.wav,baby,infant_sha256:9810042bbc43ae0a284496ae3a7729759ce40e938323a058c5380776b3d64445,1,baby,0.9923292918808007,0.007670708119199291,original,/mnt/d/INFANT CRY/Models_dbl/experiments/runs/20260821T164332Z_490383ff__exp_20260903T170029Z_e0883d24/candidates/stage1_mfcc_svm/seed_42/fold_1/attempt_1/model.joblib,recorded_in_fold_manifest,20260821T164332Z_490383ff__exp_20260903T170029Z_e0883d24
rec_9f874a669b1439b8ba43,/mnt/d/INFANT CRY/data_set_dbl_split/train/burping/335_M_eh.wav,baby,infant_sha256:0f86a21f1db9652aa354bb7ef030679964c7ae9e969c2c37259f58e238cbfab8,1,baby,0.9972409302878935,0.0027590697121064657,original,/mnt/d/INFANT CRY/Models_dbl/experiments/runs/20260821T164332Z_490383ff__exp_20260903T170029Z_e0883d24/candidates/stage1_mfcc_svm/seed_42/fold_1/attempt_1/model.joblib,recorded_in_fold_manifest,20260821T164332Z_490383ff__exp_20260903T170029Z_e0883d24
rec_02ded2dafd9c65710523,/mnt/d/INFANT CRY/data_set_dbl_split/train/burping/3414_M_eh.wav,baby,infant_sha256:ef935196a5d5c3888adcc945bc943a1aa5a90f1b5d7b937c5033707fbffe3c99,1,baby,0.9998785378199522,0.00012146218004779095,original,/mnt/d/INFANT CRY/Models_dbl/experiments/runs/20260821T164332Z_490383ff__exp_20260903T170029Z_e0883d24/candidates/stage1_mfcc_svm/seed_42/fold_1/attempt_1/model.joblib,recorded_in_fold_manifest,20260821T164332Z_490383ff__exp_20260903T170029Z_e0883d24
rec_f563132c4a35d9e664db,/mnt/d/INFANT CRY/data_set_dbl_split/train/burping/3471_M_eh.wav,baby,infant_sha256:b2ec7b0351dff824ddabca329e242472280f33dd8f5f65800e16544548513933,1,baby,0.935630025296607,0.06436997470339295,original,/mnt/d/INFANT CRY/Models_dbl/experiments/runs/20260821T164332Z_490383ff__exp_20260903T170029Z_e0883d24/candidates/stage1_mfcc_svm/seed_42/fold_1/attempt_1/model.joblib,recorded_in_fold_manifest,20260821T164332Z_490383ff__exp_20260903T170029Z_e0883d24
rec_246e21d1f4b12af163dd,/mnt/d/INFANT CRY/data_set_dbl_split/train/burping/3706_M_eh.wav,baby,infant_sha256:bce9bc7dfd7a660cf9bec5d194db7f503ca86d7625a85042471d5287dad455f9,1,baby,0.9983780637217442,0.0016219362782557598,original,/mnt/d/INFANT CRY/Models_dbl/experiments/runs/20260821T164332Z_490383ff__exp_20260903T170029Z_e0883d24/candidates/stage1_mfcc_svm/seed_42/fold_1/attempt_1/model.joblib,recorded_in_fold_manifest,20260821T164332Z_490383ff__exp_20260903T170029Z_e0883d24
rec_c406d6a42a64a393f607,/mnt/d/INFANT CRY/data_set_dbl_split/train/burping/3828_M_eh.wav,baby,infant_sha256:3123ccb415bb317f14720fb25ff9888e1e21ab6799e84817da04a2803f1fa13f,1,baby,0.9979680450974864,0.002031954902513729,original,/mnt/d/INFANT CRY/Models_dbl/experiments/runs/20260821T164332Z_490383ff__exp_20260903T170029Z_e0883d24/candidates/stage1_mfcc_svm/seed_42/fold_1/attempt_1/model.joblib,recorded_in_fold_manifest,20260821T164332Z_490383ff__exp_20260903T170029Z_e0883d24
rec_a9a6a0ec78c393f1423a,/mnt/d/INFANT CRY/data_set_dbl_split/train/burping/3987_M_eh.wav,baby,infant_sha256:94444e1b0216a7c32e9007e349126949b35e614f1eea198705df18991602efe5,1,baby,0.9361324885278106,0.06386751147218943,original,/mnt/d/INFANT CRY/Models_dbl/experiments/runs/20260821T164332Z_490383ff__exp_20260903T170029Z_e0883d24/candidates/stage1_mfcc_svm/seed_42/fold_1/attempt_1/model.joblib,recorded_in_fold_manifest,20260821T164332Z_490383ff__exp_20260903T170029Z_e0883d24
rec_63a5ffd4b62830708b3e,/mnt/d/INFANT CRY/data_set_dbl_split/train/burping/4129_M_eh.wav,baby,infant_sha256:b4e2b831a474a89fb230ec4008345665d0e525c2b3f1cd88deb34ba318b95c94,1,baby,0.9988772055914241,0.001122794408575899,original,/mnt/d/INFANT CRY/Models_dbl/experiments/runs/20260821T164332Z_490383ff__exp_20260903T170029Z_e0883d24/candidates/stage1_mfcc_svm/seed_42/fold_1/attempt_1/model.joblib,recorded_in_fold_manifest,20260821T164332Z_490383ff__exp_20260903T170029Z_e0883d24
rec_5a2f75276513a19a7ebb,/mnt/d/INFANT CRY/data_set_dbl_split/train/burping/4216_M_eh.wav,baby,infant_sha256:90cc1a9dbc30fb4f2e5bd586e1108e3fea89a02d916aa67b1c50dc2d5af9695d,1,baby,0.9994102626554536,0.0005897373445462906,original,/mnt/d/INFANT CRY/Models_dbl/experiments/runs/20260821T164332Z_490383ff__exp_20260903T170029Z_e0883d24/candidates/stage1_mfcc_svm/seed_42/fold_1/attempt_1/model.joblib,recorded_in_fold_manifest,20260821T164332Z_490383ff__exp_20260903T170029Z_e0883d24
rec_7d6aa6a7af750f0245fb,/mnt/d/INFANT CRY/data_set_dbl_split/train/burping/4321_M_eh.wav,baby,infant_sha256:18c8648b23456a9c3f720d089a4e9ef0c68113b3256bb55e7bafb58c04445480,1,baby,0.9997720876853762,0.00022791231462387907,original,/mnt/d/INFANT CRY/Models_dbl/experiments/runs/20260821T164332Z_490383ff__exp_20260903T170029Z_e0883d24/candidates/stage1_mfcc_svm/seed_42/fold_1/attempt_1/model.joblib,recorded_in_fold_manifest,20260821T164332Z_490383ff__exp_20260903T170029Z_e0883d24
rec_e0bd95966c0c5da7f134,/mnt/d/INFANT CRY/data_set_dbl_split/train/burping/4468_F_eh.wav,baby,infant_sha256:403c9ec5f4087764623a7e4b4c2d7a4a66cfe166016a48a66ea16489659ce8fb,1,baby,0.9979473065630263,0.002052693436973708,original,/mnt/d/INFANT CRY/Models_dbl/experiments/runs/20260821T164332Z_490383ff__exp_20260903T170029Z_e0883d24/candidates/stage1_mfcc_svm/seed_42/fold_1/attempt_1/model.joblib,recorded_in_fold_manifest,20260821T164332Z_490383ff__exp_20260903T170029Z_e0883d24
rec_ce6d33d9d80a390b5de1,/mnt/d/INFANT CRY/data_set_dbl_split/train/burping/4580_M_eh.wav,baby,infant_sha256:55ee6e143b4bfa4dd0988393b59f5b234248ebd11e3d87b2696ce37e4e8c86f9,1,baby,0.9975109343704802,0.002489065629519801,original,/mnt/d/INFANT CRY/Models_dbl/experiments/runs/20260821T164332Z_490383ff__exp_20260903T170029Z_e0883d24/candidates/stage1_mfcc_svm/seed_42/fold_1/attempt_1/model.joblib,recorded_in_fold_manifest,20260821T164332Z_490383ff__exp_20260903T170029Z_e0883d24
rec_eebb212fc609ed557451,/mnt/d/INFANT CRY/data_set_dbl_split/train/burping/463_M_eh.wav,baby,infant_sha256:8452cb3dab4f2be1640ee40ae1990df62e2df7e806809ea0d2098947d8127898,1,baby,0.7345248132867691,0.2654751867132309,original,/mnt/d/INFANT CRY/Models_dbl/experiments/runs/20260821T164332Z_490383ff__exp_20260903T170029Z_e0883d24/candidates/stage1_mfcc_svm/seed_42/fold_1/attempt_1/model.joblib,recorded_in_fold_manifest,20260821T164332Z_490383ff__exp_20260903T170029Z_e0883d24
rec_4f3aebbda6b4c987c96d,/mnt/d/INFANT CRY/data_set_dbl_split/train/burping/4643_M_eh.wav,baby,infant_sha256:7854d39081314351a6e20ea1b0c0233e5892ed19c4c7652724a78fd2da05ba5a,1,baby,0.981394096472305,0.01860590352769496,original,/mnt/d/INFANT CRY/Models_dbl/experiments/runs/20260821T164332Z_490383ff__exp_20260903T170029Z_e0883d24/candidates/stage1_mfcc_svm/seed_42/fold_1/attempt_1/model.joblib,recorded_in_fold_manifest,20260821T164332Z_490383ff__exp_20260903T170029Z_e0883d24
rec_ff477dacfaa3059546f6,/mnt/d/INFANT CRY/data_set_dbl_split/train/burping/4846_M_eh.wav,baby,infant_sha256:5f66982110bb24eafb98ede59e332895a433db72cb7c421b5e2bd602c4786c2b,1,baby,0.9961872015811,0.0038127984188999894,original,/mnt/d/INFANT CRY/Models_dbl/experiments/runs/20260821T164332Z_490383ff__exp_20260903T170029Z_e0883d24/candidates/stage1_mfcc_svm/seed_42/fold_1/attempt_1/model.joblib,recorded_in_fold_manifest,20260821T164332Z_490383ff__exp_20260903T170029Z_e0883d24
rec_9bc21230f02ca1056bac,/mnt/d/INFANT CRY/data_set_dbl_split/train/burping/4881_M_eh.wav,baby,infant_sha256:2a38639e1773b18e221f7a04b2d7a07e4c44ade412f5e9805f5c07991c4fd5ea,1,baby,0.9521882487334737,0.04781175126652629,original,/mnt/d/INFANT CRY/Models_dbl/experiments/runs/20260821T164332Z_490383ff__exp_20260903T170029Z_e0883d24/candidates/stage1_mfcc_svm/seed_42/fold_1/attempt_1/model.joblib,recorded_in_fold_manifest,20260821T164332Z_490383ff__exp_20260903T170029Z_e0883d24
rec_1fa454041cb2b6209768,/mnt/d/INFANT CRY/data_set_dbl_split/train/burping/691_M_eh.wav,baby,infant_sha256:0c110c55b5a3a49134b0bb8de4c3bfde88523cea2d4e999b30c9c5913f8f3953,1,baby,0.9967082248132708,0.003291775186729273,original,/mnt/d/INFANT CRY/Models_dbl/experiments/runs/20260821T164332Z_490383ff__exp_20260903T170029Z_e0883d24/candidates/stage1_mfcc_svm/seed_42/fold_1/attempt_1/model.joblib,recorded_in_fold_manifest,20260821T164332Z_490383ff__exp_20260903T170029Z_e0883d24
rec_68fb76bcaf4df28e1d35,/mnt/d/INFANT CRY/data_set_dbl_split/train/burping/dunstan-eh_29.wav,baby,infant_sha256:b9d8f7192623004bc826cbd5966f70e05261eaa1f05e9853e970b6172eeca0f9,1,baby,0.9349749907326178,0.06502500926738221,original,/mnt/d/INFANT CRY/Models_dbl/experiments/runs/20260821T164332Z_490383ff__exp_20260903T170029Z_e0883d24/candidates/stage1_mfcc_svm/seed_42/fold_1/attempt_1/model.joblib,recorded_in_fold_manifest,20260821T164332Z_490383ff__exp_20260903T170029Z_e0883d24
rec_0a4b374c52ad48552c98,/mnt/d/INFANT CRY/data_set_dbl_split/train/burping/dunstan-eh_44.wav,baby,infant_sha256:54a150e31b2678a4358cfef92e5833056bca79932a44ed1668a54df796d68d62,1,baby,0.9254276402096859,0.07457235979031411,original,/mnt/d/INFANT CRY/Models_dbl/experiments/runs/20260821T164332Z_490383ff__exp_20260903T170029Z_e0883d24/candidates/stage1_mfcc_svm/seed_42/fold_1/attempt_1/model.joblib,recorded_in_fold_manifest,20260821T164332Z_490383ff__exp_20260903T170029Z_e0883d24
rec_98b16899c96800087607,/mnt/d/INFANT CRY/data_set_dbl_split/train/discomfort/1231_M_heh.wav,baby,infant_sha256:db2fdd4576a4f8bf68e082337c2bdd15e9a67a44f44d08df17a50b8c9254fbb9,1,baby,0.9947069092948525,0.0052930907051474615,original,/mnt/d/INFANT CRY/Models_dbl/experiments/runs/20260821T164332Z_490383ff__exp_20260903T170029Z_e0883d24/candidates/stage1_mfcc_svm/seed_42/fold_1/attempt_1/model.joblib,recorded_in_fold_manifest,20260821T164332Z_490383ff__exp_20260903T170029Z_e0883d24
rec_96e032ce543e45616669,/mnt/d/INFANT CRY/data_set_dbl_split/train/discomfort/2011_M_heh.wav,baby,infant_sha256:4da42bd1fcd65c8633f47511bb4e730c6942d476bb1f8bd46759c974f375a9be,1,baby,0.9981219876367917,0.001878012363208265,original,/mnt/d/INFANT CRY/Models_dbl/experiments/runs/20260821T164332Z_490383ff__exp_20260903T170029Z_e0883d24/candidates/stage1_mfcc_svm/seed_42/fold_1/attempt_1/model.joblib,recorded_in_fold_manifest,20260821T164332Z_490383ff__exp_20260903T170029Z_e0883d24
rec_d29795646338e698d6c0,/mnt/d/INFANT CRY/data_set_dbl_split/train/discomfort/2416_M_heh.wav,baby,infant_sha256:5d0c4a7a8074cc72309901c6a548c94a8a37b52c93207fe8be95059bbea343b0,1,baby,0.9440382995598983,0.05596170044010171,original,/mnt/d/INFANT CRY/Models_dbl/experiments/runs/20260821T164332Z_490383ff__exp_20260903T170029Z_e0883d24/candidates/stage1_mfcc_svm/seed_42/fold_1/attempt_1/model.joblib,recorded_in_fold_manifest,20260821T164332Z_490383ff__exp_20260903T170029Z_e0883d24
rec_91afffc62993be071030,/mnt/d/INFANT CRY/data_set_dbl_split/train/discomfort/2535_M_heh.wav,baby,infant_sha256:b5cd08fe950c9836c3d6cecef2ae7fcedb6b57b2be27ead4014589d7429bcecf,1,baby,0.9988249380723772,0.0011750619276228705,original,/mnt/d/INFANT CRY/Models_dbl/experiments/runs/20260821T164332Z_490383ff__exp_20260903T170029Z_e0883d24/candidates/stage1_mfcc_svm/seed_42/fold_1/attempt_1/model.joblib,recorded_in_fold_manifest,20260821T164332Z_490383ff__exp_20260903T170029Z_e0883d24
rec_128a836f9d7c0c3800f8,/mnt/d/INFANT CRY/data_set_dbl_split/train/discomfort/3009_M_heh.wav,baby,infant_sha256:b77d541510e2984d220f05d4be9efe103523cfe6c66f4f8962bb89c5d52341af,1,baby,0.9991801528285683,0.0008198471714316855,original,/mnt/d/INFANT CRY/Models_dbl/experiments/runs/20260821T164332Z_490383ff__exp_20260903T170029Z_e0883d24/candidates/stage1_mfcc_svm/seed_42/fold_1/attempt_1/model.joblib,recorded_in_fold_manifest,20260821T164332Z_490383ff__exp_20260903T170029Z_e0883d24
rec_7d53ec14d0de07ba9f29,/mnt/d/INFANT CRY/data_set_dbl_split/train/discomfort/3083_M_heh.wav,baby,infant_sha256:6ec2dd4173fb6f1b1894679a79b6b6f650df63be8652798a34b210b6a45a3d31,1,baby,0.9988456341433972,0.001154365856602856,original,/mnt/d/INFANT CRY/Models_dbl/experiments/runs/20260821T164332Z_490383ff__exp_20260903T170029Z_e0883d24/candidates/stage1_mfcc_svm/seed_42/fold_1/attempt_1/model.joblib,recorded_in_fold_manifest,20260821T164332Z_490383ff__exp_20260903T170029Z_e0883d24
rec_0d4c7e9d16ffe8d1bbff,/mnt/d/INFANT CRY/data_set_dbl_split/train/discomfort/3468_F_heh.wav,baby,infant_sha256:3a4fdffc46deab4f880252a1541a8be359faf7c3051995febfffac7d291b3cdb,1,baby,0.7561871519510197,0.24381284804898037,original,/mnt/d/INFANT CRY/Models_dbl/experiments/runs/20260821T164332Z_490383ff__exp_20260903T170029Z_e0883d24/candidates/stage1_mfcc_svm/seed_42/fold_1/attempt_1/model.joblib,recorded_in_fold_manifest,20260821T164332Z_490383ff__exp_20260903T170029Z_e0883d24
rec_3ea9d39bb4edc68fdf50,/mnt/d/INFANT CRY/data_set_dbl_split/train/discomfort/3719_M_heh.wav,baby,infant_sha256:7ab37ca3b11ec8cc6f87e1a9a12e846a79cc386f61d73920533e1cb84e372052,1,baby,0.9991568573997072,0.0008431426002927842,original,/mnt/d/INFANT CRY/Models_dbl/experiments/runs/20260821T164332Z_490383ff__exp_20260903T170029Z_e0883d24/candidates/stage1_mfcc_svm/seed_42/fold_1/attempt_1/model.joblib,recorded_in_fold_manifest,20260821T164332Z_490383ff__exp_20260903T170029Z_e0883d24
rec_a6a97d51ada1af8e637e,/mnt/d/INFANT CRY/data_set_dbl_split/train/discomfort/3989_M_heh.wav,baby,infant_sha256:f2ee0040bd945697c43f70d5a87227da96fdd4ff6de69223d64d6d93f62d22b1,1,baby,0.9942778056646832,0.0057221943353167595,original,/mnt/d/INFANT CRY/Models_dbl/experiments/runs/20260821T164332Z_490383ff__exp_20260903T170029Z_e0883d24/candidates/stage1_mfcc_svm/seed_42/fold_1/attempt_1/model.joblib,recorded_in_fold_manifest,20260821T164332Z_490383ff__exp_20260903T170029Z_e0883d24
rec_52da117b101c516c1c42,/mnt/d/INFANT CRY/data_set_dbl_split/train/discomfort/4262_M_heh.wav,baby,infant_sha256:4f8314b892b7780174b56ed2d07f4250889669d7debb8efe1550b76d207da153,1,baby,0.97871655837264,0.021283441627360056,original,/mnt/d/INFANT CRY/Models_dbl/experiments/runs/20260821T164332Z_490383ff__exp_20260903T170029Z_e0883d24/candidates/stage1_mfcc_svm/seed_42/fold_1/attempt_1/model.joblib,recorded_in_fold_manifest,20260821T164332Z_490383ff__exp_20260903T170029Z_e0883d24
rec_16c3c32dab93b50e898e,/mnt/d/INFANT CRY/data_set_dbl_split/train/discomfort/812_F_heh.wav,baby,infant_sha256:87671ba55146b638213134bb556ac361122f688e43c004b427f08371f3e81e8c,1,baby,0.9943185165432125,0.005681483456787563,original,/mnt/d/INFANT CRY/Models_dbl/experiments/runs/20260821T164332Z_490383ff__exp_20260903T170029Z_e0883d24/candidates/stage1_mfcc_svm/seed_42/fold_1/attempt_1/model.joblib,recorded_in_fold_manifest,20260821T164332Z_490383ff__exp_20260903T170029Z_e0883d24
rec_37d2c4c05305ba71470e,/mnt/d/INFANT CRY/data_set_dbl_split/train/discomfort/902_M_heh.wav,baby,infant_sha256:002636cbd3c54721b6c92adf876295a4458c1eda18d44f2fb977c361f06a16d4,1,baby,0.9928361991574596,0.007163800842540467,original,/mnt/d/INFANT CRY/Models_dbl/experiments/runs/20260821T164332Z_490383ff__exp_20260903T170029Z_e0883d24/candidates/stage1_mfcc_svm/seed_42/fold_1/attempt_1/model.joblib,recorded_in_fold_manifest,20260821T164332Z_490383ff__exp_20260903T170029Z_e0883d24
rec_a1bb82b464315dcad4da,/mnt/d/INFANT CRY/data_set_dbl_split/train/discomfort/915_M_heh.wav,baby,infant_sha256:d1a190eef053d567c2ddc53ef7f2901d68ae5c86897c7094230ab57a9eb91175,1,baby,0.9897401637967214,0.010259836203278744,original,/mnt/d/INFANT CRY/Models_dbl/experiments/runs/20260821T164332Z_490383ff__exp_20260903T170029Z_e0883d24/candidates/stage1_mfcc_svm/seed_42/fold_1/attempt_1/model.joblib,recorded_in_fold_manifest,20260821T164332Z_490383ff__exp_20260903T170029Z_e0883d24
rec_333243a7285e8e47127f,/mnt/d/INFANT CRY/data_set_dbl_split/train/discomfort/dunstan-heh_1.wav,baby,infant_sha256:00715050a9e08341be441187374434b78e7219722de771717149dace749807b7,1,baby,0.824744568667139,0.17525543133286106,original,/mnt/d/INFANT CRY/Models_dbl/experiments/runs/20260821T164332Z_490383ff__exp_20260903T170029Z_e0883d24/candidates/stage1_mfcc_svm/seed_42/fold_1/attempt_1/model.joblib,recorded_in_fold_manifest,20260821T164332Z_490383ff__exp_20260903T170029Z_e0883d24
rec_c28fa0cb46f2cf6051d8,/mnt/d/INFANT CRY/data_set_dbl_split/train/discomfort/dunstan-heh_18.wav,baby,infant_sha256:3fe5651b054bb62686baac36b07cf3474eb69ae6cba3af0ba96a618d23940e0f,1,baby,0.9652057736474106,0.034794226352589434,original,/mnt/d/INFANT CRY/Models_dbl/experiments/runs/20260821T164332Z_490383ff__exp_20260903T170029Z_e0883d24/candidates/stage1_mfcc_svm/seed_42/fold_1/attempt_1/model.joblib,recorded_in_fold_manifest,20260821T164332Z_490383ff__exp_20260903T170029Z_e0883d24
rec_84a379178d9f921361e0,/mnt/d/INFANT CRY/data_set_dbl_split/train/hungry/1123_F_neh.wav,baby,infant_sha256:2df3246c9980e7de9c9d7107db882aebd08c7f7c5f8a915006bb6d8e2c447541,1,baby,0.9915369368898516,0.008463063110148519,original,/mnt/d/INFANT CRY/Models_dbl/experiments/runs/20260821T164332Z_490383ff__exp_20260903T170029Z_e0883d24/candidates/stage1_mfcc_svm/seed_42/fold_1/attempt_1/model.joblib,recorded_in_fold_manifest,20260821T164332Z_490383ff__exp_20260903T170029Z_e0883d24
rec_2e6b9cce63bb62c81682,/mnt/d/INFANT CRY/data_set_dbl_split/train/hungry/1127_M_neh.wav,baby,infant_sha256:abf17194995d30ba4cab65658760f8bab3004d430ad8e2cd8e46437ae37e954f,1,baby,0.9998978440921028,0.00010215590789719133,original,/mnt/d/INFANT CRY/Models_dbl/experiments/runs/20260821T164332Z_490383ff__exp_20260903T170029Z_e0883d24/candidates/stage1_mfcc_svm/seed_42/fold_1/attempt_1/model.joblib,recorded_in_fold_manifest,20260821T164332Z_490383ff__exp_20260903T170029Z_e0883d24
rec_ad350495db62eea85e85,/mnt/d/INFANT CRY/data_set_dbl_split/train/hungry/1236_M_neh.wav,baby,infant_sha256:758ece585185de98c98b211430972692820c1b19672319535954691889291b7e,1,baby,0.99777590367718,0.002224096322820015,original,/mnt/d/INFANT CRY/Models_dbl/experiments/runs/20260821T164332Z_490383ff__exp_20260903T170029Z_e0883d24/candidates/stage1_mfcc_svm/seed_42/fold_1/attempt_1/model.joblib,recorded_in_fold_manifest,20260821T164332Z_490383ff__exp_20260903T170029Z_e0883d24
rec_27af923979666dc49a07,/mnt/d/INFANT CRY/data_set_dbl_split/train/hungry/1279_F_neh.wav,baby,infant_sha256:c29b827db0b5c576e6e9f4b0c21c384b8350e9e5acf676eb1b3b50e7aeb029e0,1,baby,0.9914380973072398,0.008561902692760283,original,/mnt/d/INFANT CRY/Models_dbl/experiments/runs/20260821T164332Z_490383ff__exp_20260903T170029Z_e0883d24/candidates/stage1_mfcc_svm/seed_42/fold_1/attempt_1/model.joblib,recorded_in_fold_manifest,20260821T164332Z_490383ff__exp_20260903T170029Z_e0883d24
rec_ee5e2c9bd7afb52ebe96,/mnt/d/INFANT CRY/data_set_dbl_split/train/hungry/1424_M_neh.wav,baby,infant_sha256:dd638eaf0c53977de02d93da84927065dce780486ed6723bb6bc1f36cbd209ba,1,baby,0.9998998187681212,0.00010018123187872742,original,/mnt/d/INFANT CRY/Models_dbl/experiments/runs/20260821T164332Z_490383ff__exp_20260903T170029Z_e0883d24/candidates/stage1_mfcc_svm/seed_42/fold_1/attempt_1/model.joblib,recorded_in_fold_manifest,20260821T164332Z_490383ff__exp_20260903T170029Z_e0883d24
rec_74340a312f1c957be1a5,/mnt/d/INFANT CRY/data_set_dbl_split/train/hungry/1554_M_neh.wav,baby,infant_sha256:aee47ddc86735693ed5e9aae394a8600d3734efdea9e1f4fdb5526ad75f068fb,1,baby,0.9998453677836973,0.00015463221630278735,original,/mnt/d/INFANT CRY/Models_dbl/experiments/runs/20260821T164332Z_490383ff__exp_20260903T170029Z_e0883d24/candidates/stage1_mfcc_svm/seed_42/fold_1/attempt_1/model.joblib,recorded_in_fold_manifest,20260821T164332Z_490383ff__exp_20260903T170029Z_e0883d24
rec_d478f03cf1d2daecb690,/mnt/d/INFANT CRY/data_set_dbl_split/train/hungry/2011_M_neh.wav,baby,infant_sha256:e572150007280018b3974e96852fa699e4c5015dbf2529ab2a1d63547025588d,1,baby,0.9958018098205297,0.004198190179470326,original,/mnt/d/INFANT CRY/Models_dbl/experiments/runs/20260821T164332Z_490383ff__exp_20260903T170029Z_e0883d24/candidates/stage1_mfcc_svm/seed_42/fold_1/attempt_1/model.joblib,recorded_in_fold_manifest,20260821T164332Z_490383ff__exp_20260903T170029Z_e0883d24
rec_f671c2c6395fe494c784,/mnt/d/INFANT CRY/data_set_dbl_split/train/hungry/2160_F_neh.wav,baby,infant_sha256:12a4447e7dc1b6d47f37915c5449dfdd132208c35ca819269e09834b1b20b592,1,baby,0.9992003726004386,0.0007996273995614287,original,/mnt/d/INFANT CRY/Models_dbl/experiments/runs/20260821T164332Z_490383ff__exp_20260903T170029Z_e0883d24/candidates/stage1_mfcc_svm/seed_42/fold_1/attempt_1/model.joblib,recorded_in_fold_manifest,20260821T164332Z_490383ff__exp_20260903T170029Z_e0883d24
rec_27d5d632e1e1c98d5156,/mnt/d/INFANT CRY/data_set_dbl_split/train/hungry/2226_M_neh.wav,baby,infant_sha256:87d1bf51e68e970e611483992f1c26f3f63ecd6c89e65939d7ef91262e67df6a,1,baby,0.9828632373969816,0.017136762603018527,original,/mnt/d/INFANT CRY/Models_dbl/experiments/runs/20260821T164332Z_490383ff__exp_20260903T170029Z_e0883d24/candidates/stage1_mfcc_svm/seed_42/fold_1/attempt_1/model.joblib,recorded_in_fold_manifest,20260821T164332Z_490383ff__exp_20260903T170029Z_e0883d24
rec_adb4bfea9da208dd77b4,/mnt/d/INFANT CRY/data_set_dbl_split/train/hungry/2581_F_neh.wav,baby,infant_sha256:1b87d157f3a826aecc52cda3882f59e3622564d7666e2894b46ccbaa3ce00eab,1,baby,0.9997265165114307,0.00027348348856928245,original,/mnt/d/INFANT CRY/Models_dbl/experiments/runs/20260821T164332Z_490383ff__exp_20260903T170029Z_e0883d24/candidates/stage1_mfcc_svm/seed_42/fold_1/attempt_1/model.joblib,recorded_in_fold_manifest,20260821T164332Z_490383ff__exp_20260903T170029Z_e0883d24
rec_91e53f1ceddf3f56f535,/mnt/d/INFANT CRY/data_set_dbl_split/train/hungry/265_M_neh.wav,baby,infant_sha256:8c43c8217c64082aa0d0e49f111d47a40474adfcce606ddc09a0dfd16b4fb692,1,baby,0.980161524238881,0.01983847576111894,original,/mnt/d/INFANT CRY/Models_dbl/experiments/runs/20260821T164332Z_490383ff__exp_20260903T170029Z_e0883d24/candidates/stage1_mfcc_svm/seed_42/fold_1/attempt_1/model.joblib,recorded_in_fold_manifest,20260821T164332Z_490383ff__exp_20260903T170029Z_e0883d24
rec_2ff671b1852890e69b00,/mnt/d/INFANT CRY/data_set_dbl_split/train/hungry/3044_M_neh.wav,baby,infant_sha256:8d0fdf323af57b8c4af4a7ab5f64887b7e5d80e580ded94a5d1db06752a80cf6,1,baby,0.9991541454503735,0.0008458545496265199,original,/mnt/d/INFANT CRY/Models_dbl/experiments/runs/20260821T164332Z_490383ff__exp_20260903T170029Z_e0883d24/candidates/stage1_mfcc_svm/seed_42/fold_1/attempt_1/model.joblib,recorded_in_fold_manifest,20260821T164332Z_490383ff__exp_20260903T170029Z_e0883d24
rec_68a3b79ad863329c2fa0,/mnt/d/INFANT CRY/data_set_dbl_split/train/hungry/3168_M_neh.wav,baby,infant_sha256:23bd6cacf2a8821415adaed699b8cb508e75398cf18ffc3abdfc873050ea9634,1,baby,0.9969254024054154,0.0030745975945846915,original,/mnt/d/INFANT CRY/Models_dbl/experiments/runs/20260821T164332Z_490383ff__exp_20260903T170029Z_e0883d24/candidates/stage1_mfcc_svm/seed_42/fold_1/attempt_1/model.joblib,recorded_in_fold_manifest,20260821T164332Z_490383ff__exp_20260903T170029Z_e0883d24
rec_ccb877ec7dda7cdd6786,/mnt/d/INFANT CRY/data_set_dbl_split/train/hungry/3672_M_neh.wav,baby,infant_sha256:eee1477095d89fd242f8ce7d6c04abb7ad5f4ecebea55735db534c93737449a7,1,baby,0.985262610919344,0.014737389080656088,original,/mnt/d/INFANT CRY/Models_dbl/experiments/runs/20260821T164332Z_490383ff__exp_20260903T170029Z_e0883d24/candidates/stage1_mfcc_svm/seed_42/fold_1/attempt_1/model.joblib,recorded_in_fold_manifest,20260821T164332Z_490383ff__exp_20260903T170029Z_e0883d24
rec_674a9d5caada9832f371,/mnt/d/INFANT CRY/data_set_dbl_split/train/hungry/3830_M_neh.wav,baby,infant_sha256:53d8cd20665274a85cff520ffabed013b107c504fe2bd36ec720899e396e28e8,1,baby,0.9977332339133735,0.002266766086626509,original,/mnt/d/INFANT CRY/Models_dbl/experiments/runs/20260821T164332Z_490383ff__exp_20260903T170029Z_e0883d24/candidates/stage1_mfcc_svm/seed_42/fold_1/attempt_1/model.joblib,recorded_in_fold_manifest,20260821T164332Z_490383ff__exp_20260903T170029Z_e0883d24
rec_877d2010d59db49c24c5,/mnt/d/INFANT CRY/data_set_dbl_split/train/hungry/3844_F_neh.wav,baby,infant_sha256:68d4f988286e4bf63ea5d8c8edac72742082b9eefae0345e66a54a231933fff7,1,baby,0.9981927551232902,0.0018072448767097568,original,/mnt/d/INFANT CRY/Models_dbl/experiments/runs/20260821T164332Z_490383ff__exp_20260903T170029Z_e0883d24/candidates/stage1_mfcc_svm/seed_42/fold_1/attempt_1/model.joblib,recorded_in_fold_manifest,20260821T164332Z_490383ff__exp_20260903T170029Z_e0883d24
rec_3fe79ebb70341bbf14f7,/mnt/d/INFANT CRY/data_set_dbl_split/train/hungry/4727_M_neh.wav,baby,infant_sha256:5f29cda36f6c5decdd6314098dd9ec151d3a5ada1bb7bed47dfbf60c95e273e0,1,baby,0.9895874176672728,0.010412582332727169,original,/mnt/d/INFANT CRY/Models_dbl/experiments/runs/20260821T164332Z_490383ff__exp_20260903T170029Z_e0883d24/candidates/stage1_mfcc_svm/seed_42/fold_1/attempt_1/model.joblib,recorded_in_fold_manifest,20260821T164332Z_490383ff__exp_20260903T170029Z_e0883d24
rec_d9b715561d9eec5d8809,/mnt/d/INFANT CRY/data_set_dbl_split/train/hungry/754_M_neh.wav,baby,infant_sha256:8a2d8e3368ec44df5b67f4889b9449668b8836267cd570096a8adcac13b161e9,1,baby,0.9801962966182503,0.019803703381749752,original,/mnt/d/INFANT CRY/Models_dbl/experiments/runs/20260821T164332Z_490383ff__exp_20260903T170029Z_e0883d24/candidates/stage1_mfcc_svm/seed_42/fold_1/attempt_1/model.joblib,recorded_in_fold_manifest,20260821T164332Z_490383ff__exp_20260903T170029Z_e0883d24
rec_93046bbf5c1dea64bf5e,/mnt/d/INFANT CRY/data_set_dbl_split/train/hungry/833_M_neh.wav,baby,infant_sha256:28e36805810caac46fdb3f5c9098606f303e01dead832b92af1aff97b730a3d9,1,baby,0.9886253988188857,0.011374601181114332,original,/mnt/d/INFANT CRY/Models_dbl/experiments/runs/20260821T164332Z_490383ff__exp_20260903T170029Z_e0883d24/candidates/stage1_mfcc_svm/seed_42/fold_1/attempt_1/model.joblib,recorded_in_fold_manifest,20260821T164332Z_490383ff__exp_20260903T170029Z_e0883d24
rec_3a395ce757448ae52bb1,/mnt/d/INFANT CRY/data_set_dbl_split/train/hungry/980_F_neh.wav,baby,infant_sha256:a681621804382cd0bf8ef9a2a31572aa5bfb1fe3edce69ab57ce1218ac78cb20,1,baby,0.9952442836275487,0.00475571637245126,original,/mnt/d/INFANT CRY/Models_dbl/experiments/runs/20260821T164332Z_490383ff__exp_20260903T170029Z_e0883d24/candidates/stage1_mfcc_svm/seed_42/fold_1/attempt_1/model.joblib,recorded_in_fold_manifest,20260821T164332Z_490383ff__exp_20260903T170029Z_e0883d24
rec_9007bb06e8ab85215018,/mnt/d/INFANT CRY/data_set_dbl_split/train/hungry/dunstan-neh_19.wav,baby,infant_sha256:3d06a247d1c62d99e1d22b2a80d2328ba3eec98f15b4cdc31afa9d27c06c5b34,1,baby,0.9999320937586039,6.790624139615375e-05,original,/mnt/d/INFANT CRY/Models_dbl/experiments/runs/20260821T164332Z_490383ff__exp_20260903T170029Z_e0883d24/candidates/stage1_mfcc_svm/seed_42/fold_1/attempt_1/model.joblib,recorded_in_fold_manifest,20260821T164332Z_490383ff__exp_20260903T170029Z_e0883d24
rec_4ff6a5878311508cf9b3,/mnt/d/INFANT CRY/data_set_dbl_split/train/hungry/dunstan-neh_23.wav,baby,infant_sha256:522190111196c64e623e20182635621e61d1f04a45b89689bb4ca01464744bde,1,baby,0.9980560423021821,0.0019439576978178723,original,/mnt/d/INFANT CRY/Models_dbl/experiments/runs/20260821T164332Z_490383ff__exp_20260903T170029Z_e0883d24/candidates/stage1_mfcc_svm/seed_42/fold_1/attempt_1/model.joblib,recorded_in_fold_manifest,20260821T164332Z_490383ff__exp_20260903T170029Z_e0883d24
rec_c54b65ed121bcd33064a,/mnt/d/INFANT CRY/data_set_dbl_split/train/hungry/dunstan-neh_33.wav,baby,infant_sha256:91ae2dba9c5f69c983f836726b9316dcc545e8015e6254994b8f3a0a19dcad3b,1,baby,0.9947396881899896,0.005260311810010453,original,/mnt/d/INFANT CRY/Models_dbl/experiments/runs/20260821T164332Z_490383ff__exp_20260903T170029Z_e0883d24/candidates/stage1_mfcc_svm/seed_42/fold_1/attempt_1/model.joblib,recorded_in_fold_manifest,20260821T164332Z_490383ff__exp_20260903T170029Z_e0883d24
rec_1d60bd35a759f5a32057,/mnt/d/INFANT CRY/data_set_dbl_split/train/hungry/dunstan-neh_48.wav,baby,infant_sha256:061e07251a9b90483e6a50ace29b6307d27750576c97882c9cc260f1833bc6e7,1,baby,0.9957015824659682,0.004298417534031862,original,/mnt/d/INFANT CRY/Models_dbl/experiments/runs/20260821T164332Z_490383ff__exp_20260903T170029Z_e0883d24/candidates/stage1_mfcc_svm/seed_42/fold_1/attempt_1/model.joblib,recorded_in_fold_manifest,20260821T164332Z_490383ff__exp_20260903T170029Z_e0883d24
rec_8c41c5b0acdc8a731703,/mnt/d/INFANT CRY/data_set_dbl_split/train/hungry/dunstan-neh_65.wav,baby,infant_sha256:c392c74a0367839564d5a5daf80187583c745200d319ddd985f20a619c10309a,1,baby,0.9997827377638699,0.0002172622361300642,original,/mnt/d/INFANT CRY/Models_dbl/experiments/runs/20260821T164332Z_490383ff__exp_20260903T170029Z_e0883d24/candidates/stage1_mfcc_svm/seed_42/fold_1/attempt_1/model.joblib,recorded_in_fold_manifest,20260821T164332Z_490383ff__exp_20260903T170029Z_e0883d24
rec_0219106d49c86a8ef26c,/mnt/d/INFANT CRY/data_set_dbl_split/train/hungry/dunstan-neh_72.wav,baby,infant_sha256:a2dd62708e8e8b59ec70782bf8929321f46959a750f49c9c8cdbec91ef496435,1,baby,0.9322639032735022,0.06773609672649779,original,/mnt/d/INFANT CRY/Models_dbl/experiments/runs/20260821T164332Z_490383ff__exp_20260903T170029Z_e0883d24/candidates/stage1_mfcc_svm/seed_42/fold_1/attempt_1/model.joblib,recorded_in_fold_manifest,20260821T164332Z_490383ff__exp_20260903T170029Z_e0883d24
rec_f762e9be1b2e746236f8,/mnt/d/INFANT CRY/data_set_dbl_split/train/tired/1147_M_owh.wav,baby,infant_sha256:7e1326e4b9942c8b7e7c05727d0eea0a539c0253f8c8cc2c2e018f67b99232a6,1,baby,0.9988114960893778,0.0011885039106222038,original,/mnt/d/INFANT CRY/Models_dbl/experiments/runs/20260821T164332Z_490383ff__exp_20260903T170029Z_e0883d24/candidates/stage1_mfcc_svm/seed_42/fold_1/attempt_1/model.joblib,recorded_in_fold_manifest,20260821T164332Z_490383ff__exp_20260903T170029Z_e0883d24
rec_eaa84801d321692db46e,/mnt/d/INFANT CRY/data_set_dbl_split/train/tired/1170_M_owh.wav,baby,infant_sha256:e0fef5edea1b0180e8b42ffd453909a07da1cbebc28c7f5ec2675bad1af58e68,1,baby,0.9995294443977242,0.00047055560227581575,original,/mnt/d/INFANT CRY/Models_dbl/experiments/runs/20260821T164332Z_490383ff__exp_20260903T170029Z_e0883d24/candidates/stage1_mfcc_svm/seed_42/fold_1/attempt_1/model.joblib,recorded_in_fold_manifest,20260821T164332Z_490383ff__exp_20260903T170029Z_e0883d24
rec_920039d8b9a5e7875e77,/mnt/d/INFANT CRY/data_set_dbl_split/train/tired/1217_M_owh.wav,baby,infant_sha256:93563cca6a27a1559877d06c8df8861e887f58fc18799b26d38fed090b1f880e,1,baby,0.999936959635772,6.304036422799144e-05,original,/mnt/d/INFANT CRY/Models_dbl/experiments/runs/20260821T164332Z_490383ff__exp_20260903T170029Z_e0883d24/candidates/stage1_mfcc_svm/seed_42/fold_1/attempt_1/model.joblib,recorded_in_fold_manifest,20260821T164332Z_490383ff__exp_20260903T170029Z_e0883d24
rec_cdd398141f846ccd0027,/mnt/d/INFANT CRY/data_set_dbl_split/train/tired/124_M_owh.wav,baby,infant_sha256:a445b6527812ffd4338ac7ba41859c3c820b008e362098bb366f4eaf83e73972,1,baby,0.9984816331186511,0.0015183668813489061,original,/mnt/d/INFANT CRY/Models_dbl/experiments/runs/20260821T164332Z_490383ff__exp_20260903T170029Z_e0883d24/candidates/stage1_mfcc_svm/seed_42/fold_1/attempt_1/model.joblib,recorded_in_fold_manifest,20260821T164332Z_490383ff__exp_20260903T170029Z_e0883d24
rec_39f1a5fdeca0303b5c72,/mnt/d/INFANT CRY/data_set_dbl_split/train/tired/1265_F_owh.wav,baby,infant_sha256:32bbecb7e9bff08fca82c0a40a3d1902178613f821eabe90f41fd122d286898c,1,baby,0.9992574767074528,0.0007425232925472824,original,/mnt/d/INFANT CRY/Models_dbl/experiments/runs/20260821T164332Z_490383ff__exp_20260903T170029Z_e0883d24/candidates/stage1_mfcc_svm/seed_42/fold_1/attempt_1/model.joblib,recorded_in_fold_manifest,20260821T164332Z_490383ff__exp_20260903T170029Z_e0883d24
rec_7e5566a7008783e46843,/mnt/d/INFANT CRY/data_set_dbl_split/train/tired/1267_F_owh.wav,baby,infant_sha256:d8c8790706ecec824591249265c91ae6aa1c434d3ecaca445448bcb5cbc0617c,1,baby,0.9822434141142974,0.017756585885702565,original,/mnt/d/INFANT CRY/Models_dbl/experiments/runs/20260821T164332Z_490383ff__exp_20260903T170029Z_e0883d24/candidates/stage1_mfcc_svm/seed_42/fold_1/attempt_1/model.joblib,recorded_in_fold_manifest,20260821T164332Z_490383ff__exp_20260903T170029Z_e0883d24
rec_8da7ea2cb2103f154e91,/mnt/d/INFANT CRY/data_set_dbl_split/train/tired/1278_M_owh.wav,baby,infant_sha256:417ca087709adbf6b2d79c6c2d56e6089ada87fa923b8d45c0987d3b8c90ed82,1,baby,0.9988471864993287,0.0011528135006713472,original,/mnt/d/INFANT CRY/Models_dbl/experiments/runs/20260821T164332Z_490383ff__exp_20260903T170029Z_e0883d24/candidates/stage1_mfcc_svm/seed_42/fold_1/attempt_1/model.joblib,recorded_in_fold_manifest,20260821T164332Z_490383ff__exp_20260903T170029Z_e0883d24
rec_3b0e1c3df64b104e9758,/mnt/d/INFANT CRY/data_set_dbl_split/train/tired/1309_M_owh.wav,baby,infant_sha256:7ef758599353e5db2c34f3948c942b982109ba5276b57307db98fcce7c407f81,1,baby,0.9998490694686961,0.0001509305313038933,original,/mnt/d/INFANT CRY/Models_dbl/experiments/runs/20260821T164332Z_490383ff__exp_20260903T170029Z_e0883d24/candidates/stage1_mfcc_svm/seed_42/fold_1/attempt_1/model.joblib,recorded_in_fold_manifest,20260821T164332Z_490383ff__exp_20260903T170029Z_e0883d24
rec_73f413eb948676a3d2f7,/mnt/d/INFANT CRY/data_set_dbl_split/train/tired/1358_M_owh.wav,baby,infant_sha256:fa4a1a253054b215cdb18121512ec4abb63ab58efe8f200cad103edb913928e1,1,baby,0.6487496300835155,0.35125036991648456,original,/mnt/d/INFANT CRY/Models_dbl/experiments/runs/20260821T164332Z_490383ff__exp_20260903T170029Z_e0883d24/candidates/stage1_mfcc_svm/seed_42/fold_1/attempt_1/model.joblib,recorded_in_fold_manifest,20260821T164332Z_490383ff__exp_20260903T170029Z_e0883d24
rec_c64fbb96929b07a4346a,/mnt/d/INFANT CRY/data_set_dbl_split/train/tired/1379_M_owh.wav,baby,infant_sha256:e246f40ab4f749ae2ed10524db24ceae0afe007ab6792795240585ef792879e4,1,baby,0.9992240826989587,0.0007759173010413042,original,/mnt/d/INFANT CRY/Models_dbl/experiments/runs/20260821T164332Z_490383ff__exp_20260903T170029Z_e0883d24/candidates/stage1_mfcc_svm/seed_42/fold_1/attempt_1/model.joblib,recorded_in_fold_manifest,20260821T164332Z_490383ff__exp_20260903T170029Z_e0883d24
rec_18d9850a2ad7c58b08a3,/mnt/d/INFANT CRY/data_set_dbl_split/train/tired/1396_M_owh.wav,baby,infant_sha256:aa5d1025d45eaf0a2068b46220c5c8e7be2dde8404668c9ecbf0356015f5ce44,1,baby,0.9996610302843271,0.0003389697156729674,original,/mnt/d/INFANT CRY/Models_dbl/experiments/runs/20260821T164332Z_490383ff__exp_20260903T170029Z_e0883d24/candidates/stage1_mfcc_svm/seed_42/fold_1/attempt_1/model.joblib,recorded_in_fold_manifest,20260821T164332Z_490383ff__exp_20260903T170029Z_e0883d24
rec_50b2ed438c8020b31cf4,/mnt/d/INFANT CRY/data_set_dbl_split/train/tired/1457_F_owh.wav,baby,infant_sha256:1213009504564102efa5ef07e57890bf4fcad1b434ccca98bade29b5a419a124,1,baby,0.9983836352874911,0.00161636471250894,original,/mnt/d/INFANT CRY/Models_dbl/experiments/runs/20260821T164332Z_490383ff__exp_20260903T170029Z_e0883d24/candidates/stage1_mfcc_svm/seed_42/fold_1/attempt_1/model.joblib,recorded_in_fold_manifest,20260821T164332Z_490383ff__exp_20260903T170029Z_e0883d24
rec_2ad0e9a29a95e4bb2599,/mnt/d/INFANT CRY/data_set_dbl_split/train/tired/154_M_owh.wav,baby,infant_sha256:76803fa1d5fa92ae76b9114c410411c7860108e0d6c3563deaaf29617dbd7dd6,1,baby,0.9993083049010308,0.000691695098969229,original,/mnt/d/INFANT CRY/Models_dbl/experiments/runs/20260821T164332Z_490383ff__exp_20260903T170029Z_e0883d24/candidates/stage1_mfcc_svm/seed_42/fold_1/attempt_1/model.joblib,recorded_in_fold_manifest,20260821T164332Z_490383ff__exp_20260903T170029Z_e0883d24
rec_97abc6fb120e8165a753,/mnt/d/INFANT CRY/data_set_dbl_split/train/tired/1645_M_owh.wav,baby,infant_sha256:de67c6a2f07915a16a7e1f4bc55f2aeed74a1594398abeff927c2d7ec34f5a14,1,baby,0.9995666356543095,0.00043336434569049424,original,/mnt/d/INFANT CRY/Models_dbl/experiments/runs/20260821T164332Z_490383ff__exp_20260903T170029Z_e0883d24/candidates/stage1_mfcc_svm/seed_42/fold_1/attempt_1/model.joblib,recorded_in_fold_manifest,20260821T164332Z_490383ff__exp_20260903T170029Z_e0883d24
rec_d4bba21d40cf89469609,/mnt/d/INFANT CRY/data_set_dbl_split/train/tired/1662_M_owh.wav,baby,infant_sha256:3f33f888d5cd511267e18e297989aa1ed86adedfe69e16be6d1374bd61e84ffe,1,baby,0.718899798375166,0.28110020162483407,original,/mnt/d/INFANT CRY/Models_dbl/experiments/runs/20260821T164332Z_490383ff__exp_20260903T170029Z_e0883d24/candidates/stage1_mfcc_svm/seed_42/fold_1/attempt_1/model.joblib,recorded_in_fold_manifest,20260821T164332Z_490383ff__exp_20260903T170029Z_e0883d24
rec_afb181f3cad6d35b6e54,/mnt/d/INFANT CRY/data_set_dbl_split/train/tired/1671_F_owh.wav,baby,infant_sha256:88cfcdea27c0a8d8263f1423cd30259d20a1f48e1910f80745987f618424fb86,1,baby,0.9901008430542874,0.009899156945712643,original,/mnt/d/INFANT CRY/Models_dbl/experiments/runs/20260821T164332Z_490383ff__exp_20260903T170029Z_e0883d24/candidates/stage1_mfcc_svm/seed_42/fold_1/attempt_1/model.joblib,recorded_in_fold_manifest,20260821T164332Z_490383ff__exp_20260903T170029Z_e0883d24
rec_97cf07c2c7b61a716812,/mnt/d/INFANT CRY/data_set_dbl_split/train/tired/1713_F_owh.wav,baby,infant_sha256:ccb1f46f0f7cb13188b168570d0515229ad6a7eda7735e90615b37024171361a,1,baby,0.9976441355846721,0.0023558644153278763,original,/mnt/d/INFANT CRY/Models_dbl/experiments/runs/20260821T164332Z_490383ff__exp_20260903T170029Z_e0883d24/candidates/stage1_mfcc_svm/seed_42/fold_1/attempt_1/model.joblib,recorded_in_fold_manifest,20260821T164332Z_490383ff__exp_20260903T170029Z_e0883d24
rec_5c4bc98793403aaca178,/mnt/d/INFANT CRY/data_set_dbl_split/train/tired/1723_M_owh.wav,baby,infant_sha256:c941ad4906b69b9c0d8aa0c8ea5c41dc93de3fc2930a0767efe3eeac233a3f86,1,baby,0.9984512106653866,0.0015487893346134783,original,/mnt/d/INFANT CRY/Models_dbl/experiments/runs/20260821T164332Z_490383ff__exp_20260903T170029Z_e0883d24/candidates/stage1_mfcc_svm/seed_42/fold_1/attempt_1/model.joblib,recorded_in_fold_manifest,20260821T164332Z_490383ff__exp_20260903T170029Z_e0883d24
rec_4312f6399d816c181f2e,/mnt/d/INFANT CRY/data_set_dbl_split/train/tired/1827_M_owh.wav,baby,infant_sha256:13fc7b6cbf332e0aed9e92289b9d909f98e7d5ea35f3cdb015577b54971188e4,1,baby,0.998693802238534,0.0013061977614659565,original,/mnt/d/INFANT CRY/Models_dbl/experiments/runs/20260821T164332Z_490383ff__exp_20260903T170029Z_e0883d24/candidates/stage1_mfcc_svm/seed_42/fold_1/attempt_1/model.joblib,recorded_in_fold_manifest,20260821T164332Z_490383ff__exp_20260903T170029Z_e0883d24
rec_6ec687220bbd68b07f36,/mnt/d/INFANT CRY/data_set_dbl_split/train/tired/1903_M_owh.wav,baby,infant_sha256:34b8c6fba1bc6899eed85b3944d365a555366c6ce47f3d80b99025dbb7dbdbc1,1,baby,0.9796081753378103,0.020391824662189716,original,/mnt/d/INFANT CRY/Models_dbl/experiments/runs/20260821T164332Z_490383ff__exp_20260903T170029Z_e0883d24/candidates/stage1_mfcc_svm/seed_42/fold_1/attempt_1/model.joblib,recorded_in_fold_manifest,20260821T164332Z_490383ff__exp_20260903T170029Z_e0883d24
rec_882f5933f85be627e548,/mnt/d/INFANT CRY/data_set_dbl_split/train/tired/1904_F_owh.wav,baby,infant_sha256:43e0181db45cc9daf83f61a13bc048513bdb8c694425e8fe60aa19e9e157c40e,1,baby,0.9981198949282362,0.001880105071763794,original,/mnt/d/INFANT CRY/Models_dbl/experiments/runs/20260821T164332Z_490383ff__exp_20260903T170029Z_e0883d24/candidates/stage1_mfcc_svm/seed_42/fold_1/attempt_1/model.joblib,recorded_in_fold_manifest,20260821T164332Z_490383ff__exp_20260903T170029Z_e0883d24
rec_2b922f2faded71c72c8d,/mnt/d/INFANT CRY/data_set_dbl_split/train/tired/1962_F_owh.wav,baby,infant_sha256:7c402f6eaf7eacf34a7a035992baa53153bfbb1d404b69cad026a6b6eda53b07,1,baby,0.9998061802859362,0.00019381971406386391,original,/mnt/d/INFANT CRY/Models_dbl/experiments/runs/20260821T164332Z_490383ff__exp_20260903T170029Z_e0883d24/candidates/stage1_mfcc_svm/seed_42/fold_1/attempt_1/model.joblib,recorded_in_fold_manifest,20260821T164332Z_490383ff__exp_20260903T170029Z_e0883d24
rec_e25b8259cdfa135f6d37,/mnt/d/INFANT CRY/data_set_dbl_split/train/tired/1966_M_owh.wav,baby,infant_sha256:606e993011f06c0de67168b072a471e7ee759f0c122e40fbde65ec0de01f66c1,1,baby,0.9992870139811254,0.0007129860188746092,original,/mnt/d/INFANT CRY/Models_dbl/experiments/runs/20260821T164332Z_490383ff__exp_20260903T170029Z_e0883d24/candidates/stage1_mfcc_svm/seed_42/fold_1/attempt_1/model.joblib,recorded_in_fold_manifest,20260821T164332Z_490383ff__exp_20260903T170029Z_e0883d24
rec_d8f46d0aefd75c57521d,/mnt/d/INFANT CRY/data_set_dbl_split/train/tired/1967_M_owh.wav,baby,infant_sha256:a1fd490caf9755db6a02941d9ff4839435cea0c67261bc09190187c0d39f24f9,1,baby,0.9970118373753514,0.002988162624648715,original,/mnt/d/INFANT CRY/Models_dbl/experiments/runs/20260821T164332Z_490383ff__exp_20260903T170029Z_e0883d24/candidates/stage1_mfcc_svm/seed_42/fold_1/attempt_1/model.joblib,recorded_in_fold_manifest,20260821T164332Z_490383ff__exp_20260903T170029Z_e0883d24
rec_04fda5e943f557aa9f78,/mnt/d/INFANT CRY/data_set_dbl_split/train/tired/2002_F_owh.wav,baby,infant_sha256:83779ba78a12a370cf86f605765ab77692c1d52db6c56f623ed1bea132e13b6c,1,baby,0.9845269710836693,0.015473028916330787,original,/mnt/d/INFANT CRY/Models_dbl/experiments/runs/20260821T164332Z_490383ff__exp_20260903T170029Z_e0883d24/candidates/stage1_mfcc_svm/seed_42/fold_1/attempt_1/model.joblib,recorded_in_fold_manifest,20260821T164332Z_490383ff__exp_20260903T170029Z_e0883d24
rec_c60e0a539b432d54ee6a,/mnt/d/INFANT CRY/data_set_dbl_split/train/tired/203_M_owh.wav,baby,infant_sha256:8e143891078d2017a40f88ae993d2f0db5d40e8da20b5029846de40ec106aa4a,1,baby,0.9978172658717318,0.00218273412826817,original,/mnt/d/INFANT CRY/Models_dbl/experiments/runs/20260821T164332Z_490383ff__exp_20260903T170029Z_e0883d24/candidates/stage1_mfcc_svm/seed_42/fold_1/attempt_1/model.joblib,recorded_in_fold_manifest,20260821T164332Z_490383ff__exp_20260903T170029Z_e0883d24
rec_c03e13db9fc0f11f1b58,/mnt/d/INFANT CRY/data_set_dbl_split/train/tired/2089_M_owh.wav,baby,infant_sha256:f8c88bb1e23d33e4b72106611135e45839969c40ab8a87b76489683795c0476b,1,baby,0.9995913733434632,0.0004086266565368759,original,/mnt/d/INFANT CRY/Models_dbl/experiments/runs/20260821T164332Z_490383ff__exp_20260903T170029Z_e0883d24/candidates/stage1_mfcc_svm/seed_42/fold_1/attempt_1/model.joblib,recorded_in_fold_manifest,20260821T164332Z_490383ff__exp_20260903T170029Z_e0883d24
rec_2d173a763ed8abad8191,/mnt/d/INFANT CRY/data_set_dbl_split/train/tired/2098_M_owh.wav,baby,infant_sha256:d421f1c3762a6172cdde9438e88f209c25e902542a551d64cab1aa83638b5382,1,baby,0.9885479129851996,0.011452087014800346,original,/mnt/d/INFANT CRY/Models_dbl/experiments/runs/20260821T164332Z_490383ff__exp_20260903T170029Z_e0883d24/candidates/stage1_mfcc_svm/seed_42/fold_1/attempt_1/model.joblib,recorded_in_fold_manifest,20260821T164332Z_490383ff__exp_20260903T170029Z_e0883d24
rec_79dbb5f5c1e2a3c82bf3,/mnt/d/INFANT CRY/data_set_dbl_split/train/tired/209_M_owh.wav,baby,infant_sha256:f639bc7724e766d223785650fe3b60bf4d921a5036cdc56010b88eca55162ee6,1,baby,0.995137424055497,0.00486257594450311,original,/mnt/d/INFANT CRY/Models_dbl/experiments/runs/20260821T164332Z_490383ff__exp_20260903T170029Z_e0883d24/candidates/stage1_mfcc_svm/seed_42/fold_1/attempt_1/model.joblib,recorded_in_fold_manifest,20260821T164332Z_490383ff__exp_20260903T170029Z_e0883d24
rec_cc7bf851b717582daedd,/mnt/d/INFANT CRY/data_set_dbl_split/train/tired/2104_M_owh.wav,baby,infant_sha256:3e297f55ca497c1d745a97131ae14c16bb04c757dc0b3fa3ef26e9622bfa9c61,1,baby,0.9991329466811671,0.000867053318832807,original,/mnt/d/INFANT CRY/Models_dbl/experiments/runs/20260821T164332Z_490383ff__exp_20260903T170029Z_e0883d24/candidates/stage1_mfcc_svm/seed_42/fold_1/attempt_1/model.joblib,recorded_in_fold_manifest,20260821T164332Z_490383ff__exp_20260903T170029Z_e0883d24
rec_89524fba889339fcfdc7,/mnt/d/INFANT CRY/data_set_dbl_split/train/tired/2130_M_owh.wav,baby,infant_sha256:e782c28dec02304259fa6ee04f4e949a924fdcd76fd245031e3262200bc9acfd,1,baby,0.9995682799353914,0.0004317200646085806,original,/mnt/d/INFANT CRY/Models_dbl/experiments/runs/20260821T164332Z_490383ff__exp_20260903T170029Z_e0883d24/candidates/stage1_mfcc_svm/seed_42/fold_1/attempt_1/model.joblib,recorded_in_fold_manifest,20260821T164332Z_490383ff__exp_20260903T170029Z_e0883d24
rec_616aef89848784ec9cbd,/mnt/d/INFANT CRY/data_set_dbl_split/train/tired/2133_M_owh.wav,baby,infant_sha256:cf68284c6bdb101cb7567927573f9d2581cf2a5de2ed7fc398cbfb087c633682,1,baby,0.9897539574743011,0.010246042525698908,original,/mnt/d/INFANT CRY/Models_dbl/experiments/runs/20260821T164332Z_490383ff__exp_20260903T170029Z_e0883d24/candidates/stage1_mfcc_svm/seed_42/fold_1/attempt_1/model.joblib,recorded_in_fold_manifest,20260821T164332Z_490383ff__exp_20260903T170029Z_e0883d24
rec_e5c044e03bcf701cd871,/mnt/d/INFANT CRY/data_set_dbl_split/train/tired/2147_M_owh.wav,baby,infant_sha256:0d42a94a4d77e1b28991089e4cc8ec6d78479cc83d00abd0c1db75cf5dd0c0fb,1,baby,0.996253334970214,0.0037466650297860882,original,/mnt/d/INFANT CRY/Models_dbl/experiments/runs/20260821T164332Z_490383ff__exp_20260903T170029Z_e0883d24/candidates/stage1_mfcc_svm/seed_42/fold_1/attempt_1/model.joblib,recorded_in_fold_manifest,20260821T164332Z_490383ff__exp_20260903T170029Z_e0883d24
rec_724e6fe49f03565ecc56,/mnt/d/INFANT CRY/data_set_dbl_split/train/tired/2221_M_owh.wav,baby,infant_sha256:7288a64c43494a9bb1478d459996ff6bae480a0975b1806b0aeb8806fb0298e9,1,baby,0.8579459293177231,0.14205407068227688,original,/mnt/d/INFANT CRY/Models_dbl/experiments/runs/20260821T164332Z_490383ff__exp_20260903T170029Z_e0883d24/candidates/stage1_mfcc_svm/seed_42/fold_1/attempt_1/model.joblib,recorded_in_fold_manifest,20260821T164332Z_490383ff__exp_20260903T170029Z_e0883d24
rec_752d61792b951ffa2071,/mnt/d/INFANT CRY/data_set_dbl_split/train/tired/222_M_owh.wav,baby,infant_sha256:2b806d8ab20724d8c2ae668ba94a20b324f696a9981be20fb3945fd0aa13f356,1,baby,0.9701600819663712,0.029839918033628836,original,/mnt/d/INFANT CRY/Models_dbl/experiments/runs/20260821T164332Z_490383ff__exp_20260903T170029Z_e0883d24/candidates/stage1_mfcc_svm/seed_42/fold_1/attempt_1/model.joblib,recorded_in_fold_manifest,20260821T164332Z_490383ff__exp_20260903T170029Z_e0883d24
rec_1fd97cb04c810c35ae47,/mnt/d/INFANT CRY/data_set_dbl_split/train/tired/2262_M_owh.wav,baby,infant_sha256:a5719d02d3c3a3184510bfbbe447853046b1b5a5a374582abbe86df2ca27cce7,1,baby,0.8325741847619037,0.16742581523809633,original,/mnt/d/INFANT CRY/Models_dbl/experiments/runs/20260821T164332Z_490383ff__exp_20260903T170029Z_e0883d24/candidates/stage1_mfcc_svm/seed_42/fold_1/attempt_1/model.joblib,recorded_in_fold_manifest,20260821T164332Z_490383ff__exp_20260903T170029Z_e0883d24
rec_f41948bd07dd16eabe09,/mnt/d/INFANT CRY/data_set_dbl_split/train/tired/2341_M_owh.wav,baby,infant_sha256:d28d9e4c68256b66210d99120ecff1421d8c760a14741adbe91f3c36c092cb5b,1,baby,0.9999108307829647,8.916921703525282e-05,original,/mnt/d/INFANT CRY/Models_dbl/experiments/runs/20260821T164332Z_490383ff__exp_20260903T170029Z_e0883d24/candidates/stage1_mfcc_svm/seed_42/fold_1/attempt_1/model.joblib,recorded_in_fold_manifest,20260821T164332Z_490383ff__exp_20260903T170029Z_e0883d24
rec_1b6634529dffa814cb2a,/mnt/d/INFANT CRY/data_set_dbl_split/train/tired/2365_M_owh.wav,baby,infant_sha256:222cd810288c773f42dfe0cd96d3c5c324e616abb4acf0a82bc7b1ee867793a8,1,baby,0.8853052089420311,0.1146947910579689,original,/mnt/d/INFANT CRY/Models_dbl/experiments/runs/20260821T164332Z_490383ff__exp_20260903T170029Z_e0883d24/candidates/stage1_mfcc_svm/seed_42/fold_1/attempt_1/model.joblib,recorded_in_fold_manifest,20260821T164332Z_490383ff__exp_20260903T170029Z_e0883d24
rec_c7a297118c0560b9622b,/mnt/d/INFANT CRY/data_set_dbl_split/train/tired/2383_M_owh.wav,baby,infant_sha256:e890be316d48690a0edd0d16abf611bc6c7c3abfa157c2576038ae8ae46dac72,1,baby,0.9783402544140398,0.021659745585960222,original,/mnt/d/INFANT CRY/Models_dbl/experiments/runs/20260821T164332Z_490383ff__exp_20260903T170029Z_e0883d24/candidates/stage1_mfcc_svm/seed_42/fold_1/attempt_1/model.joblib,recorded_in_fold_manifest,20260821T164332Z_490383ff__exp_20260903T170029Z_e0883d24
rec_24d4780f22f304fe4bd6,/mnt/d/INFANT CRY/data_set_dbl_split/train/tired/2395_M_owh.wav,baby,infant_sha256:9acd5ab9fb07854fb7ebaf51fff9e0d6d5f46b6c112848208e006411f39bb058,1,baby,0.9991408767521295,0.0008591232478704934,original,/mnt/d/INFANT CRY/Models_dbl/experiments/runs/20260821T164332Z_490383ff__exp_20260903T170029Z_e0883d24/candidates/stage1_mfcc_svm/seed_42/fold_1/attempt_1/model.joblib,recorded_in_fold_manifest,20260821T164332Z_490383ff__exp_20260903T170029Z_e0883d24
rec_2f1866a231731af201e0,/mnt/d/INFANT CRY/data_set_dbl_split/train/tired/2450_M_owh.wav,baby,infant_sha256:c6b75b743c2258c550f4fc3a51abd6342b3b732613a25896372a05546bb6c4ed,1,baby,0.982154924196886,0.017845075803113956,original,/mnt/d/INFANT CRY/Models_dbl/experiments/runs/20260821T164332Z_490383ff__exp_20260903T170029Z_e0883d24/candidates/stage1_mfcc_svm/seed_42/fold_1/attempt_1/model.joblib,recorded_in_fold_manifest,20260821T164332Z_490383ff__exp_20260903T170029Z_e0883d24
rec_38a7153fe5890f34dbc3,/mnt/d/INFANT CRY/data_set_dbl_split/train/tired/2473_F_owh.wav,baby,infant_sha256:99e3d5b8d5f9ff9ca0121cfbebaf2a006f3f4307fa7a73d21afddf06e8f1c438,1,baby,0.9684245326057684,0.03157546739423159,original,/mnt/d/INFANT CRY/Models_dbl/experiments/runs/20260821T164332Z_490383ff__exp_20260903T170029Z_e0883d24/candidates/stage1_mfcc_svm/seed_42/fold_1/attempt_1/model.joblib,recorded_in_fold_manifest,20260821T164332Z_490383ff__exp_20260903T170029Z_e0883d24
rec_c7a85c1f7fa8fac8faef,/mnt/d/INFANT CRY/data_set_dbl_split/train/tired/2666_M_owh.wav,baby,infant_sha256:f4740346f5ef5342eb49e6ee63a50419ed4633871c733f32191a8acc58552c73,1,baby,0.9988665429499627,0.0011334570500373849,original,/mnt/d/INFANT CRY/Models_dbl/experiments/runs/20260821T164332Z_490383ff__exp_20260903T170029Z_e0883d24/candidates/stage1_mfcc_svm/seed_42/fold_1/attempt_1/model.joblib,recorded_in_fold_manifest,20260821T164332Z_490383ff__exp_20260903T170029Z_e0883d24
rec_bc7689f26425376051ee,/mnt/d/INFANT CRY/data_set_dbl_split/train/tired/2773_M_owh.wav,baby,infant_sha256:e6a0ee2aaffe074ab228666c8062eef378b22ab04b69baa33517a829f10793e0,1,baby,0.999335356344215,0.0006646436557849095,original,/mnt/d/INFANT CRY/Models_dbl/experiments/runs/20260821T164332Z_490383ff__exp_20260903T170029Z_e0883d24/candidates/stage1_mfcc_svm/seed_42/fold_1/attempt_1/model.joblib,recorded_in_fold_manifest,20260821T164332Z_490383ff__exp_20260903T170029Z_e0883d24
rec_a52ee3580e2eaa5c7c3f,/mnt/d/INFANT CRY/data_set_dbl_split/train/tired/2776_M_owh.wav,baby,infant_sha256:73e3931690a7c36a99c44b36f641ed200f067b20330f1acc44c5734827f61586,1,baby,0.9940306689204889,0.005969331079511171,original,/mnt/d/INFANT CRY/Models_dbl/experiments/runs/20260821T164332Z_490383ff__exp_20260903T170029Z_e0883d24/candidates/stage1_mfcc_svm/seed_42/fold_1/attempt_1/model.joblib,recorded_in_fold_manifest,20260821T164332Z_490383ff__exp_20260903T170029Z_e0883d24
rec_49430004f3a3e1dc0885,/mnt/d/INFANT CRY/data_set_dbl_split/train/tired/2814_M_owh.wav,baby,infant_sha256:01ce5e374d2099e7d22183d22ba637818129bc9cbb5b7dd256236e2c64748fc3,1,baby,0.9857072456458016,0.01429275435419841,original,/mnt/d/INFANT CRY/Models_dbl/experiments/runs/20260821T164332Z_490383ff__exp_20260903T170029Z_e0883d24/candidates/stage1_mfcc_svm/seed_42/fold_1/attempt_1/model.joblib,recorded_in_fold_manifest,20260821T164332Z_490383ff__exp_20260903T170029Z_e0883d24
rec_42d0b57afb248a9ec117,/mnt/d/INFANT CRY/data_set_dbl_split/train/tired/287_M_owh.wav,baby,infant_sha256:4c13f1b8bfc47bf5d36cdcf6143a62b9024806a1125f6bca63f63534fde4ed4f,1,baby,0.9999622346154288,3.776538457120132e-05,original,/mnt/d/INFANT CRY/Models_dbl/experiments/runs/20260821T164332Z_490383ff__exp_20260903T170029Z_e0883d24/candidates/stage1_mfcc_svm/seed_42/fold_1/attempt_1/model.joblib,recorded_in_fold_manifest,20260821T164332Z_490383ff__exp_20260903T170029Z_e0883d24
rec_1c7e39d96927984d4d6f,/mnt/d/INFANT CRY/data_set_dbl_split/train/tired/2886_M_owh.wav,baby,infant_sha256:46a2055827fb3a90f0163d6526f0255e74ee2a0387f7f4d7d71eacf57c2e217a,1,baby,0.9998708584246269,0.00012914157537314533,original,/mnt/d/INFANT CRY/Models_dbl/experiments/runs/20260821T164332Z_490383ff__exp_20260903T170029Z_e0883d24/candidates/stage1_mfcc_svm/seed_42/fold_1/attempt_1/model.joblib,recorded_in_fold_manifest,20260821T164332Z_490383ff__exp_20260903T170029Z_e0883d24
rec_0ea4430c30791cec7f65,/mnt/d/INFANT CRY/data_set_dbl_split/train/tired/2890_M_owh.wav,baby,infant_sha256:75b1ec2068e1040204de53247ab092a4136c71db060ff952c6cc0fb9fbcfe342,1,baby,0.999966246767823,3.375323217704414e-05,original,/mnt/d/INFANT CRY/Models_dbl/experiments/runs/20260821T164332Z_490383ff__exp_20260903T170029Z_e0883d24/candidates/stage1_mfcc_svm/seed_42/fold_1/attempt_1/model.joblib,recorded_in_fold_manifest,20260821T164332Z_490383ff__exp_20260903T170029Z_e0883d24
rec_67f2f67f11de85836fbf,/mnt/d/INFANT CRY/data_set_dbl_split/train/tired/2933_M_owh.wav,baby,infant_sha256:065d478c6b1cef8b88b573906d3d9afa561e438186fdbeb4ba3a6bd3035241eb,1,baby,0.988781026709019,0.011218973290981081,original,/mnt/d/INFANT CRY/Models_dbl/experiments/runs/20260821T164332Z_490383ff__exp_20260903T170029Z_e0883d24/candidates/stage1_mfcc_svm/seed_42/fold_1/attempt_1/model.joblib,recorded_in_fold_manifest,20260821T164332Z_490383ff__exp_20260903T170029Z_e0883d24
rec_8015717db2b99a0f188f,/mnt/d/INFANT CRY/data_set_dbl_split/train/tired/2937_F_owh.wav,baby,infant_sha256:a9f58baf55f7e15e7f1ccf6b462d55dfae5a8a983f391679fa513bc2f12bdd13,1,baby,0.9830049350300281,0.01699506496997189,original,/mnt/d/INFANT CRY/Models_dbl/experiments/runs/20260821T164332Z_490383ff__exp_20260903T170029Z_e0883d24/candidates/stage1_mfcc_svm/seed_42/fold_1/attempt_1/model.joblib,recorded_in_fold_manifest,20260821T164332Z_490383ff__exp_20260903T170029Z_e0883d24
rec_e26abf964087dae92623,/mnt/d/INFANT CRY/data_set_dbl_split/train/tired/2991_M_owh.wav,baby,infant_sha256:4776ed062c41b5a299b91fe786e5b2683a040b63adc70b52a2b07fbde3d63408,1,baby,0.9850166624510807,0.014983337548919319,original,/mnt/d/INFANT CRY/Models_dbl/experiments/runs/20260821T164332Z_490383ff__exp_20260903T170029Z_e0883d24/candidates/stage1_mfcc_svm/seed_42/fold_1/attempt_1/model.joblib,recorded_in_fold_manifest,20260821T164332Z_490383ff__exp_20260903T170029Z_e0883d24
rec_3d80de6b25878c755eb3,/mnt/d/INFANT CRY/data_set_dbl_split/train/tired/3000_M_owh.wav,baby,infant_sha256:6f99988b5aad21265fa029808ad7b47ef8ee334f0005df62fcf0f7f03dc0be78,1,baby,0.98936550765032,0.010634492349679937,original,/mnt/d/INFANT CRY/Models_dbl/experiments/runs/20260821T164332Z_490383ff__exp_20260903T170029Z_e0883d24/candidates/stage1_mfcc_svm/seed_42/fold_1/attempt_1/model.joblib,recorded_in_fold_manifest,20260821T164332Z_490383ff__exp_20260903T170029Z_e0883d24
rec_cea741eee726c573f835,/mnt/d/INFANT CRY/data_set_dbl_split/train/tired/3039_M_owh.wav,baby,infant_sha256:b8416f32dd2450d924895191068594d34e5c963310aeb9f8cfb5e0d8bb40d92d,1,baby,0.9983910790314233,0.0016089209685766462,original,/mnt/d/INFANT CRY/Models_dbl/experiments/runs/20260821T164332Z_490383ff__exp_20260903T170029Z_e0883d24/candidates/stage1_mfcc_svm/seed_42/fold_1/attempt_1/model.joblib,recorded_in_fold_manifest,20260821T164332Z_490383ff__exp_20260903T170029Z_e0883d24
rec_e3e0a3a5bb5cbb3cd5a1,/mnt/d/INFANT CRY/data_set_dbl_split/train/tired/3068_M_owh.wav,baby,infant_sha256:d50072e0f47329a55888d026c6ba95b6611740a36a118469289a532c7ac2472a,1,baby,0.9950718024311885,0.00492819756881145,original,/mnt/d/INFANT CRY/Models_dbl/experiments/runs/20260821T164332Z_490383ff__exp_20260903T170029Z_e0883d24/candidates/stage1_mfcc_svm/seed_42/fold_1/attempt_1/model.joblib,recorded_in_fold_manifest,20260821T164332Z_490383ff__exp_20260903T170029Z_e0883d24
rec_c7f20a59a25680b1fe26,/mnt/d/INFANT CRY/data_set_dbl_split/train/tired/3129_F_owh.wav,baby,infant_sha256:770eef33e5c1b78fca3e21e56b3813cdadc6953fc2674d8f3dc63f4d41d80db1,1,baby,0.9915833745752536,0.008416625424746518,original,/mnt/d/INFANT CRY/Models_dbl/experiments/runs/20260821T164332Z_490383ff__exp_20260903T170029Z_e0883d24/candidates/stage1_mfcc_svm/seed_42/fold_1/attempt_1/model.joblib,recorded_in_fold_manifest,20260821T164332Z_490383ff__exp_20260903T170029Z_e0883d24
rec_d7bffc68a844008a7914,/mnt/d/INFANT CRY/data_set_dbl_split/train/tired/3215_M_owh.wav,baby,infant_sha256:49ebff472f9f6e4036a9429e3b819179b29c38301b5386b1e5ceb896810fe22c,1,baby,0.9966152960551974,0.00338470394480263,original,/mnt/d/INFANT CRY/Models_dbl/experiments/runs/20260821T164332Z_490383ff__exp_20260903T170029Z_e0883d24/candidates/stage1_mfcc_svm/seed_42/fold_1/attempt_1/model.joblib,recorded_in_fold_manifest,20260821T164332Z_490383ff__exp_20260903T170029Z_e0883d24
rec_7b71574db6f83c21b607,/mnt/d/INFANT CRY/data_set_dbl_split/train/tired/3233_M_owh.wav,baby,infant_sha256:8f8a67b96e7a0e2c16862b650bfd3ae65eff643b3b5c904ff0b3cdd96ad89e0d,1,baby,0.9999538301097164,4.616989028364564e-05,original,/mnt/d/INFANT CRY/Models_dbl/experiments/runs/20260821T164332Z_490383ff__exp_20260903T170029Z_e0883d24/candidates/stage1_mfcc_svm/seed_42/fold_1/attempt_1/model.joblib,recorded_in_fold_manifest,20260821T164332Z_490383ff__exp_20260903T170029Z_e0883d24
rec_110fc470a62dbc1cedd9,/mnt/d/INFANT CRY/data_set_dbl_split/train/tired/3394_F_owh.wav,baby,infant_sha256:14a371ffb77c009312ae4068427a255aeb81b17904c82e811ef27fcc55b54ee4,1,baby,0.9969610483604274,0.0030389516395725423,original,/mnt/d/INFANT CRY/Models_dbl/experiments/runs/20260821T164332Z_490383ff__exp_20260903T170029Z_e0883d24/candidates/stage1_mfcc_svm/seed_42/fold_1/attempt_1/model.joblib,recorded_in_fold_manifest,20260821T164332Z_490383ff__exp_20260903T170029Z_e0883d24
rec_f375b2649ce9aa11749b,/mnt/d/INFANT CRY/data_set_dbl_split/train/tired/3465_M_owh.wav,baby,infant_sha256:5bf2c9d3a61dba0f4826ed7aa856809ab53efe2353894b6790fe48476b0e31f9,1,baby,0.9989958261191185,0.0010041738808814525,original,/mnt/d/INFANT CRY/Models_dbl/experiments/runs/20260821T164332Z_490383ff__exp_20260903T170029Z_e0883d24/candidates/stage1_mfcc_svm/seed_42/fold_1/attempt_1/model.joblib,recorded_in_fold_manifest,20260821T164332Z_490383ff__exp_20260903T170029Z_e0883d24
rec_81c98f329bf4d0cca973,/mnt/d/INFANT CRY/data_set_dbl_split/train/tired/34_M_owh.wav,baby,infant_sha256:a954cb312721a72aa60a1d2b137c88958c1cca078246fd8103ff7728ad2a367e,1,baby,0.9975103634664296,0.0024896365335704655,original,/mnt/d/INFANT CRY/Models_dbl/experiments/runs/20260821T164332Z_490383ff__exp_20260903T170029Z_e0883d24/candidates/stage1_mfcc_svm/seed_42/fold_1/attempt_1/model.joblib,recorded_in_fold_manifest,20260821T164332Z_490383ff__exp_20260903T170029Z_e0883d24
rec_1afbccae7952244c5251,/mnt/d/INFANT CRY/data_set_dbl_split/train/tired/3522_M_owh.wav,baby,infant_sha256:74f6e85cf6acba50c9b10f0fba04895ac3d52884d3ddfa02d62c66cd1c192c9d,1,baby,0.999711475440903,0.0002885245590969352,original,/mnt/d/INFANT CRY/Models_dbl/experiments/runs/20260821T164332Z_490383ff__exp_20260903T170029Z_e0883d24/candidates/stage1_mfcc_svm/seed_42/fold_1/attempt_1/model.joblib,recorded_in_fold_manifest,20260821T164332Z_490383ff__exp_20260903T170029Z_e0883d24
rec_5a31135cf8c6114428e6,/mnt/d/INFANT CRY/data_set_dbl_split/train/tired/3555_M_owh.wav,baby,infant_sha256:bea948d72dd8ae1f14defeebd184817052e44abad0a2a8fbee783cbb8392ada7,1,baby,0.9822646763606505,0.017735323639349505,original,/mnt/d/INFANT CRY/Models_dbl/experiments/runs/20260821T164332Z_490383ff__exp_20260903T170029Z_e0883d24/candidates/stage1_mfcc_svm/seed_42/fold_1/attempt_1/model.joblib,recorded_in_fold_manifest,20260821T164332Z_490383ff__exp_20260903T170029Z_e0883d24
rec_c02cf443d6e111dcd85c,/mnt/d/INFANT CRY/data_set_dbl_split/train/tired/3624_M_owh.wav,baby,infant_sha256:19f47f32edfb64a0e988ff9aac4528d967add20877325e7b398b875062ecf66a,1,baby,0.987384165264215,0.012615834735784981,original,/mnt/d/INFANT CRY/Models_dbl/experiments/runs/20260821T164332Z_490383ff__exp_20260903T170029Z_e0883d24/candidates/stage1_mfcc_svm/seed_42/fold_1/attempt_1/model.joblib,recorded_in_fold_manifest,20260821T164332Z_490383ff__exp_20260903T170029Z_e0883d24
rec_9852e0ecf4d7ba755522,/mnt/d/INFANT CRY/data_set_dbl_split/train/tired/362_M_owh.wav,baby,infant_sha256:59621ab4e346f2fd9f7468dab75e0b20837d5874eef2276c50a1fb8b3596470a,1,not_baby,0.3495740576705391,0.6504259423294609,original,/mnt/d/INFANT CRY/Models_dbl/experiments/runs/20260821T164332Z_490383ff__exp_20260903T170029Z_e0883d24/candidates/stage1_mfcc_svm/seed_42/fold_1/attempt_1/model.joblib,recorded_in_fold_manifest,20260821T164332Z_490383ff__exp_20260903T170029Z_e0883d24
rec_aafa3341c5fa1ecbe434,/mnt/d/INFANT CRY/data_set_dbl_split/train/tired/3689_M_owh.wav,baby,infant_sha256:afcf4d0fc581ae87291f8e7297b29fef884faf9251b0e9b8314a6916b57b3bd7,1,baby,0.9978297242907427,0.002170275709257388,original,/mnt/d/INFANT CRY/Models_dbl/experiments/runs/20260821T164332Z_490383ff__exp_20260903T170029Z_e0883d24/candidates/stage1_mfcc_svm/seed_42/fold_1/attempt_1/model.joblib,recorded_in_fold_manifest,20260821T164332Z_490383ff__exp_20260903T170029Z_e0883d24
rec_2e52e335fb3467063123,/mnt/d/INFANT CRY/data_set_dbl_split/train/tired/36_F_owh.wav,baby,infant_sha256:b94fb7c9d83168a7e5996a4de89fe0907010619c0deceb1cb3d1791fb3df2cce,1,baby,0.9986782058081859,0.0013217941918141748,original,/mnt/d/INFANT CRY/Models_dbl/experiments/runs/20260821T164332Z_490383ff__exp_20260903T170029Z_e0883d24/candidates/stage1_mfcc_svm/seed_42/fold_1/attempt_1/model.joblib,recorded_in_fold_manifest,20260821T164332Z_490383ff__exp_20260903T170029Z_e0883d24
rec_5429422754517263ee73,/mnt/d/INFANT CRY/data_set_dbl_split/train/tired/3705_M_owh.wav,baby,infant_sha256:9ed94cfd8ea664ed4bd338f0770933dc141ed5857241df45fa204c78e759d40d,1,baby,0.938129557579087,0.06187044242091308,original,/mnt/d/INFANT CRY/Models_dbl/experiments/runs/20260821T164332Z_490383ff__exp_20260903T170029Z_e0883d24/candidates/stage1_mfcc_svm/seed_42/fold_1/attempt_1/model.joblib,recorded_in_fold_manifest,20260821T164332Z_490383ff__exp_20260903T170029Z_e0883d24
rec_e560517a502372f48d7b,/mnt/d/INFANT CRY/data_set_dbl_split/train/tired/3850_M_owh.wav,baby,infant_sha256:eb26dcbcb0246fdf1bb26cfbe2bae62fab869edd702c94255e395dcdf695965f,1,baby,0.9703717653945619,0.029628234605438012,original,/mnt/d/INFANT CRY/Models_dbl/experiments/runs/20260821T164332Z_490383ff__exp_20260903T170029Z_e0883d24/candidates/stage1_mfcc_svm/seed_42/fold_1/attempt_1/model.joblib,recorded_in_fold_manifest,20260821T164332Z_490383ff__exp_20260903T170029Z_e0883d24
rec_cee3339aa4945b0f7472,/mnt/d/INFANT CRY/data_set_dbl_split/train/tired/3928_M_owh.wav,baby,infant_sha256:ee420968afaa724d046623a75b93edff34279477f51268484f1c17b30a9ed733,1,baby,0.9879399208737613,0.012060079126238781,original,/mnt/d/INFANT CRY/Models_dbl/experiments/runs/20260821T164332Z_490383ff__exp_20260903T170029Z_e0883d24/candidates/stage1_mfcc_svm/seed_42/fold_1/attempt_1/model.joblib,recorded_in_fold_manifest,20260821T164332Z_490383ff__exp_20260903T170029Z_e0883d24
rec_68e42d397f27be46fa63,/mnt/d/INFANT CRY/data_set_dbl_split/train/tired/3948_F_owh.wav,baby,infant_sha256:cbd83c6e74adab9f08449af15b91ab4d337f2b18301b7438d6a6035c63cbe188,1,baby,0.9928712063783186,0.007128793621681311,original,/mnt/d/INFANT CRY/Models_dbl/experiments/runs/20260821T164332Z_490383ff__exp_20260903T170029Z_e0883d24/candidates/stage1_mfcc_svm/seed_42/fold_1/attempt_1/model.joblib,recorded_in_fold_manifest,20260821T164332Z_490383ff__exp_20260903T170029Z_e0883d24
rec_80d0108bf83efc0ee1a0,/mnt/d/INFANT CRY/data_set_dbl_split/train/tired/3956_M_owh.wav,baby,infant_sha256:0adc32c6160d0945dd65128a645310a0fcd8faf6bc73097c5c10fc3a382df09a,1,baby,0.9888854565554567,0.01111454344454337,original,/mnt/d/INFANT CRY/Models_dbl/experiments/runs/20260821T164332Z_490383ff__exp_20260903T170029Z_e0883d24/candidates/stage1_mfcc_svm/seed_42/fold_1/attempt_1/model.joblib,recorded_in_fold_manifest,20260821T164332Z_490383ff__exp_20260903T170029Z_e0883d24
rec_c09f5006c02cc948ec08,/mnt/d/INFANT CRY/data_set_dbl_split/train/tired/4002_M_owh.wav,baby,infant_sha256:1dc64b5f587d6e98db8deb9c7a11e282e8241c5f11ef7d41ebf2e323471106e4,1,baby,0.9988875964721793,0.0011124035278206853,original,/mnt/d/INFANT CRY/Models_dbl/experiments/runs/20260821T164332Z_490383ff__exp_20260903T170029Z_e0883d24/candidates/stage1_mfcc_svm/seed_42/fold_1/attempt_1/model.joblib,recorded_in_fold_manifest,20260821T164332Z_490383ff__exp_20260903T170029Z_e0883d24
rec_8afa1d21029efff478e7,/mnt/d/INFANT CRY/data_set_dbl_split/train/tired/4005_M_owh.wav,baby,infant_sha256:df7975cb75a261d842d2999bece606d627ec4ddd2f3225966d034b540f062cea,1,not_baby,0.32417416362552254,0.6758258363744775,original,/mnt/d/INFANT CRY/Models_dbl/experiments/runs/20260821T164332Z_490383ff__exp_20260903T170029Z_e0883d24/candidates/stage1_mfcc_svm/seed_42/fold_1/attempt_1/model.joblib,recorded_in_fold_manifest,20260821T164332Z_490383ff__exp_20260903T170029Z_e0883d24
rec_35fc36f8380c094f4acc,/mnt/d/INFANT CRY/data_set_dbl_split/train/tired/4013_M_owh.wav,baby,infant_sha256:9e9dc439e87b4cde095edc77cd977e9c24e6990787b3bc37bd9f52fb553aed99,1,baby,0.9967518902179234,0.003248109782076656,original,/mnt/d/INFANT CRY/Models_dbl/experiments/runs/20260821T164332Z_490383ff__exp_20260903T170029Z_e0883d24/candidates/stage1_mfcc_svm/seed_42/fold_1/attempt_1/model.joblib,recorded_in_fold_manifest,20260821T164332Z_490383ff__exp_20260903T170029Z_e0883d24
rec_4e6e8efcece15b1f1e7c,/mnt/d/INFANT CRY/data_set_dbl_split/train/tired/4027_M_owh.wav,baby,infant_sha256:3557687be92a55421ae2fbb9c0f8415688e1febeccceb7486a6379acec3a2754,1,baby,0.8683563478137881,0.1316436521862119,original,/mnt/d/INFANT CRY/Models_dbl/experiments/runs/20260821T164332Z_490383ff__exp_20260903T170029Z_e0883d24/candidates/stage1_mfcc_svm/seed_42/fold_1/attempt_1/model.joblib,recorded_in_fold_manifest,20260821T164332Z_490383ff__exp_20260903T170029Z_e0883d24
rec_b4e1323c441bd956089e,/mnt/d/INFANT CRY/data_set_dbl_split/train/tired/4103_F_owh.wav,baby,infant_sha256:2e07cfa7f8967b2feec2ec16319d0f3ca32b9c2dd93a399024f72724f6400d1f,1,baby,0.9999085984570666,9.140154293338022e-05,original,/mnt/d/INFANT CRY/Models_dbl/experiments/runs/20260821T164332Z_490383ff__exp_20260903T170029Z_e0883d24/candidates/stage1_mfcc_svm/seed_42/fold_1/attempt_1/model.joblib,recorded_in_fold_manifest,20260821T164332Z_490383ff__exp_20260903T170029Z_e0883d24
rec_0f1fcdcd25df08eea493,/mnt/d/INFANT CRY/data_set_dbl_split/train/tired/4201_M_owh.wav,baby,infant_sha256:e9acf5e28766ce86732acf259817d4c447e6eb3a83b5d2fa700a28316bce3787,1,baby,0.9934171393522898,0.0065828606477102685,original,/mnt/d/INFANT CRY/Models_dbl/experiments/runs/20260821T164332Z_490383ff__exp_20260903T170029Z_e0883d24/candidates/stage1_mfcc_svm/seed_42/fold_1/attempt_1/model.joblib,recorded_in_fold_manifest,20260821T164332Z_490383ff__exp_20260903T170029Z_e0883d24
rec_20f80be143796621563d,/mnt/d/INFANT CRY/data_set_dbl_split/train/tired/4246_M_owh.wav,baby,infant_sha256:856326832837f6e312661814190d9e5d1f8941e778b1413ce1e78b5262d0af28,1,baby,0.9973917644271412,0.0026082355728588467,original,/mnt/d/INFANT CRY/Models_dbl/experiments/runs/20260821T164332Z_490383ff__exp_20260903T170029Z_e0883d24/candidates/stage1_mfcc_svm/seed_42/fold_1/attempt_1/model.joblib,recorded_in_fold_manifest,20260821T164332Z_490383ff__exp_20260903T170029Z_e0883d24
rec_fd54c500166186ce8c7c,/mnt/d/INFANT CRY/data_set_dbl_split/train/tired/4256_F_owh.wav,baby,infant_sha256:4c62a5f308a8871d173b55373cd079c2961f643290d448c47fa0191e760e6dcf,1,baby,0.9984242014378322,0.0015757985621677394,original,/mnt/d/INFANT CRY/Models_dbl/experiments/runs/20260821T164332Z_490383ff__exp_20260903T170029Z_e0883d24/candidates/stage1_mfcc_svm/seed_42/fold_1/attempt_1/model.joblib,recorded_in_fold_manifest,20260821T164332Z_490383ff__exp_20260903T170029Z_e0883d24
rec_1fafbe2e464ceb868d2f,/mnt/d/INFANT CRY/data_set_dbl_split/train/tired/4283_M_owh.wav,baby,infant_sha256:8f09456255a0bbd5549c4d13817408ce71a050eebaeee20e75fdcc6b5d332e76,1,baby,0.9998710029523243,0.0001289970476756566,original,/mnt/d/INFANT CRY/Models_dbl/experiments/runs/20260821T164332Z_490383ff__exp_20260903T170029Z_e0883d24/candidates/stage1_mfcc_svm/seed_42/fold_1/attempt_1/model.joblib,recorded_in_fold_manifest,20260821T164332Z_490383ff__exp_20260903T170029Z_e0883d24
rec_116a54085a97e5e34e00,/mnt/d/INFANT CRY/data_set_dbl_split/train/tired/4380_M_owh.wav,baby,infant_sha256:699f3614c78492ce1cab6aa710695221c86ce0b3321e21214442e71963de3f13,1,baby,0.9960708016905185,0.003929198309481456,original,/mnt/d/INFANT CRY/Models_dbl/experiments/runs/20260821T164332Z_490383ff__exp_20260903T170029Z_e0883d24/candidates/stage1_mfcc_svm/seed_42/fold_1/attempt_1/model.joblib,recorded_in_fold_manifest,20260821T164332Z_490383ff__exp_20260903T170029Z_e0883d24
rec_77fdfcc3851cb5479103,/mnt/d/INFANT CRY/data_set_dbl_split/train/tired/4419_F_owh.wav,baby,infant_sha256:09e178ead89126c3459dcfcf370e8fe10b0877f709e5da73917cdab8d07bcf50,1,baby,0.985326123169638,0.01467387683036198,original,/mnt/d/INFANT CRY/Models_dbl/experiments/runs/20260821T164332Z_490383ff__exp_20260903T170029Z_e0883d24/candidates/stage1_mfcc_svm/seed_42/fold_1/attempt_1/model.joblib,recorded_in_fold_manifest,20260821T164332Z_490383ff__exp_20260903T170029Z_e0883d24
rec_af54927ffe347838f910,/mnt/d/INFANT CRY/data_set_dbl_split/train/tired/4476_M_owh.wav,baby,infant_sha256:798f1630a874a4de7a12d31e084f4acd5f3056d48e8c3dcc4b4a39ce06b34183,1,baby,0.9834799927429746,0.01652000725702548,original,/mnt/d/INFANT CRY/Models_dbl/experiments/runs/20260821T164332Z_490383ff__exp_20260903T170029Z_e0883d24/candidates/stage1_mfcc_svm/seed_42/fold_1/attempt_1/model.joblib,recorded_in_fold_manifest,20260821T164332Z_490383ff__exp_20260903T170029Z_e0883d24
rec_ade3c68b785f0daa2d1c,/mnt/d/INFANT CRY/data_set_dbl_split/train/tired/4488_F_owh.wav,baby,infant_sha256:d0b00d377bcea7744ddac752a73cbd0058fb2be33a968465097f858db8c026a7,1,baby,0.99758471623874,0.002415283761260003,original,/mnt/d/INFANT CRY/Models_dbl/experiments/runs/20260821T164332Z_490383ff__exp_20260903T170029Z_e0883d24/candidates/stage1_mfcc_svm/seed_42/fold_1/attempt_1/model.joblib,recorded_in_fold_manifest,20260821T164332Z_490383ff__exp_20260903T170029Z_e0883d24
rec_2bfb930445b5d56c66df,/mnt/d/INFANT CRY/data_set_dbl_split/train/tired/450_M_owh.wav,baby,infant_sha256:c946c11850b19145b6fd401231115418ae6e4cec5777ec0e22f47e4f00b65fae,1,baby,0.9985266128722852,0.0014733871277149012,original,/mnt/d/INFANT CRY/Models_dbl/experiments/runs/20260821T164332Z_490383ff__exp_20260903T170029Z_e0883d24/candidates/stage1_mfcc_svm/seed_42/fold_1/attempt_1/model.joblib,recorded_in_fold_manifest,20260821T164332Z_490383ff__exp_20260903T170029Z_e0883d24
rec_bce82d3a688f323db743,/mnt/d/INFANT CRY/data_set_dbl_split/train/tired/456_M_owh.wav,baby,infant_sha256:95597ad55e9d5a9982ee329885a9d90bac353ebc4f0d7b387f68b66dedaff5b3,1,baby,0.999880637809836,0.00011936219016404879,original,/mnt/d/INFANT CRY/Models_dbl/experiments/runs/20260821T164332Z_490383ff__exp_20260903T170029Z_e0883d24/candidates/stage1_mfcc_svm/seed_42/fold_1/attempt_1/model.joblib,recorded_in_fold_manifest,20260821T164332Z_490383ff__exp_20260903T170029Z_e0883d24
rec_56bcb737efb664774311,/mnt/d/INFANT CRY/data_set_dbl_split/train/tired/4589_M_owh.wav,baby,infant_sha256:224f5367a81bf8563f36f99787d5ee384ca8a4c282169e547a1a642ae64e80dd,1,baby,0.9967662007762242,0.003233799223775741,original,/mnt/d/INFANT CRY/Models_dbl/experiments/runs/20260821T164332Z_490383ff__exp_20260903T170029Z_e0883d24/candidates/stage1_mfcc_svm/seed_42/fold_1/attempt_1/model.joblib,recorded_in_fold_manifest,20260821T164332Z_490383ff__exp_20260903T170029Z_e0883d24
rec_1b847cfb573f21d20e31,/mnt/d/INFANT CRY/data_set_dbl_split/train/tired/4599_M_owh.wav,baby,infant_sha256:80496141a8ddb8f4b696031db4b6792b003c53008af8409e20cb865619c1c704,1,baby,0.9871839143057024,0.012816085694297588,original,/mnt/d/INFANT CRY/Models_dbl/experiments/runs/20260821T164332Z_490383ff__exp_20260903T170029Z_e0883d24/candidates/stage1_mfcc_svm/seed_42/fold_1/attempt_1/model.joblib,recorded_in_fold_manifest,20260821T164332Z_490383ff__exp_20260903T170029Z_e0883d24
rec_46d890753523706a7c09,/mnt/d/INFANT CRY/data_set_dbl_split/train/tired/4607_M_owh.wav,baby,infant_sha256:b35f1a8a0722f2c9dfd514bc3cb05e9c8f6ca017c524b6ff561415dd6fc43ec7,1,baby,0.9997785322392054,0.00022146776079457712,original,/mnt/d/INFANT CRY/Models_dbl/experiments/runs/20260821T164332Z_490383ff__exp_20260903T170029Z_e0883d24/candidates/stage1_mfcc_svm/seed_42/fold_1/attempt_1/model.joblib,recorded_in_fold_manifest,20260821T164332Z_490383ff__exp_20260903T170029Z_e0883d24
rec_44ddd4328a39ff32984a,/mnt/d/INFANT CRY/data_set_dbl_split/train/tired/4620_M_owh.wav,baby,infant_sha256:f3d04528b4745f867c93cc0a2b6b7000347770464bc6f325ac4fd800713f0f6d,1,baby,0.9947380695728439,0.005261930427156075,original,/mnt/d/INFANT CRY/Models_dbl/experiments/runs/20260821T164332Z_490383ff__exp_20260903T170029Z_e0883d24/candidates/stage1_mfcc_svm/seed_42/fold_1/attempt_1/model.joblib,recorded_in_fold_manifest,20260821T164332Z_490383ff__exp_20260903T170029Z_e0883d24
rec_b9b5a078b977d898dcd0,/mnt/d/INFANT CRY/data_set_dbl_split/train/tired/4633_M_owh.wav,baby,infant_sha256:658d3e452916cfd7175a88280c341de53df59f6050865a0bdd899860083652ee,1,baby,0.9885741684241435,0.01142583157585642,original,/mnt/d/INFANT CRY/Models_dbl/experiments/runs/20260821T164332Z_490383ff__exp_20260903T170029Z_e0883d24/candidates/stage1_mfcc_svm/seed_42/fold_1/attempt_1/model.joblib,recorded_in_fold_manifest,20260821T164332Z_490383ff__exp_20260903T170029Z_e0883d24
rec_34bfab5d0ccf9bb47126,/mnt/d/INFANT CRY/data_set_dbl_split/train/tired/4662_M_owh.wav,baby,infant_sha256:9d0ed106d054a3bcb0c5cf37d3c34f40aac26f4ee13ce0f545d3cb897eb5aef8,1,baby,0.9999853522098864,1.4647790113577215e-05,original,/mnt/d/INFANT CRY/Models_dbl/experiments/runs/20260821T164332Z_490383ff__exp_20260903T170029Z_e0883d24/candidates/stage1_mfcc_svm/seed_42/fold_1/attempt_1/model.joblib,recorded_in_fold_manifest,20260821T164332Z_490383ff__exp_20260903T170029Z_e0883d24
rec_b159b9c31b0ccbc89a85,/mnt/d/INFANT CRY/data_set_dbl_split/train/tired/4714_M_owh.wav,baby,infant_sha256:68216418b1a62e5ea2d6a1c340ec1c705da964adabb0fbc2c1ebcfb72244dca2,1,baby,0.9046143654254644,0.09538563457453568,original,/mnt/d/INFANT CRY/Models_dbl/experiments/runs/20260821T164332Z_490383ff__exp_20260903T170029Z_e0883d24/candidates/stage1_mfcc_svm/seed_42/fold_1/attempt_1/model.joblib,recorded_in_fold_manifest,20260821T164332Z_490383ff__exp_20260903T170029Z_e0883d24
rec_ee5c8dfe7aa9ead67c37,/mnt/d/INFANT CRY/data_set_dbl_split/train/tired/4797_M_owh.wav,baby,infant_sha256:eca9b35b9812e3240de0a34bd1a43d901641cd82f490d32199e26ae6810f386d,1,baby,0.9958593578443005,0.00414064215569949,original,/mnt/d/INFANT CRY/Models_dbl/experiments/runs/20260821T164332Z_490383ff__exp_20260903T170029Z_e0883d24/candidates/stage1_mfcc_svm/seed_42/fold_1/attempt_1/model.joblib,recorded_in_fold_manifest,20260821T164332Z_490383ff__exp_20260903T170029Z_e0883d24
rec_9e605026a45828597e95,/mnt/d/INFANT CRY/data_set_dbl_split/train/tired/4881_F_owh.wav,baby,infant_sha256:5de1a7f9cb4f03323f7234e53ee6268c2bdefaabc2b8fcb727d0fc48ce639594,1,baby,0.9995975928838018,0.00040240711619819665,original,/mnt/d/INFANT CRY/Models_dbl/experiments/runs/20260821T164332Z_490383ff__exp_20260903T170029Z_e0883d24/candidates/stage1_mfcc_svm/seed_42/fold_1/attempt_1/model.joblib,recorded_in_fold_manifest,20260821T164332Z_490383ff__exp_20260903T170029Z_e0883d24
rec_aa622ce0d0bae1228e63,/mnt/d/INFANT CRY/data_set_dbl_split/train/tired/491_M_owh.wav,baby,infant_sha256:f02101e72012844b36cd37f78a95ead77560fc486c4fdadaaa0aeefa9df2145d,1,baby,0.9972738525504644,0.0027261474495355775,original,/mnt/d/INFANT CRY/Models_dbl/experiments/runs/20260821T164332Z_490383ff__exp_20260903T170029Z_e0883d24/candidates/stage1_mfcc_svm/seed_42/fold_1/attempt_1/model.joblib,recorded_in_fold_manifest,20260821T164332Z_490383ff__exp_20260903T170029Z_e0883d24
rec_77d382cebd6165bd1f4e,/mnt/d/INFANT CRY/data_set_dbl_split/train/tired/4955_M_owh.wav,baby,infant_sha256:025521accf6116286bafe7f2404267c426e8b6ff6fda60add4c7ea87ad6d25a6,1,baby,0.9983486569777905,0.0016513430222094773,original,/mnt/d/INFANT CRY/Models_dbl/experiments/runs/20260821T164332Z_490383ff__exp_20260903T170029Z_e0883d24/candidates/stage1_mfcc_svm/seed_42/fold_1/attempt_1/model.joblib,recorded_in_fold_manifest,20260821T164332Z_490383ff__exp_20260903T170029Z_e0883d24
rec_373f9639161a4a42a13d,/mnt/d/INFANT CRY/data_set_dbl_split/train/tired/497_M_owh.wav,baby,infant_sha256:f138fc7acfc6d0d1cbefe73b824f2e4ec611f1a99b65d434bc8831e2dbf103ac,1,baby,0.9986998421821295,0.0013001578178704675,original,/mnt/d/INFANT CRY/Models_dbl/experiments/runs/20260821T164332Z_490383ff__exp_20260903T170029Z_e0883d24/candidates/stage1_mfcc_svm/seed_42/fold_1/attempt_1/model.joblib,recorded_in_fold_manifest,20260821T164332Z_490383ff__exp_20260903T170029Z_e0883d24
rec_6d06f9fdf3356c1f82d2,/mnt/d/INFANT CRY/data_set_dbl_split/train/tired/4996_F_owh.wav,baby,infant_sha256:2ffe93bc17f65c7d1cd327c87adfe3421d806cadf8da1ccfba6d290952ff35b8,1,baby,0.9877972872742575,0.012202712725742438,original,/mnt/d/INFANT CRY/Models_dbl/experiments/runs/20260821T164332Z_490383ff__exp_20260903T170029Z_e0883d24/candidates/stage1_mfcc_svm/seed_42/fold_1/attempt_1/model.joblib,recorded_in_fold_manifest,20260821T164332Z_490383ff__exp_20260903T170029Z_e0883d24
rec_3a4f0fe4fd6a0cff506f,/mnt/d/INFANT CRY/data_set_dbl_split/train/tired/503_F_owh.wav,baby,infant_sha256:58bc77e2ace62286950d0b59e42f42eca4760fe8525cee04c7bdf5fcdaf12bfc,1,baby,0.9977989868150341,0.0022010131849659435,original,/mnt/d/INFANT CRY/Models_dbl/experiments/runs/20260821T164332Z_490383ff__exp_20260903T170029Z_e0883d24/candidates/stage1_mfcc_svm/seed_42/fold_1/attempt_1/model.joblib,recorded_in_fold_manifest,20260821T164332Z_490383ff__exp_20260903T170029Z_e0883d24
rec_578dbf3689ea01a8a6ab,/mnt/d/INFANT CRY/data_set_dbl_split/train/tired/54_M_owh.wav,baby,infant_sha256:428861112eb922c73c46f326bed68f90f74f4df57e230d60d8a37385551ffb37,1,baby,0.9939814980756652,0.006018501924334889,original,/mnt/d/INFANT CRY/Models_dbl/experiments/runs/20260821T164332Z_490383ff__exp_20260903T170029Z_e0883d24/candidates/stage1_mfcc_svm/seed_42/fold_1/attempt_1/model.joblib,recorded_in_fold_manifest,20260821T164332Z_490383ff__exp_20260903T170029Z_e0883d24
rec_e8e60bd502127d987557,/mnt/d/INFANT CRY/data_set_dbl_split/train/tired/603_F_owh.wav,baby,infant_sha256:281ba594cd900deaabd7976040fe9701748192e469408e542b4b6982a80ffc91,1,baby,0.9991846810144149,0.0008153189855851058,original,/mnt/d/INFANT CRY/Models_dbl/experiments/runs/20260821T164332Z_490383ff__exp_20260903T170029Z_e0883d24/candidates/stage1_mfcc_svm/seed_42/fold_1/attempt_1/model.joblib,recorded_in_fold_manifest,20260821T164332Z_490383ff__exp_20260903T170029Z_e0883d24
rec_62b412afc0f37e27404c,/mnt/d/INFANT CRY/data_set_dbl_split/train/tired/620_M_owh.wav,baby,infant_sha256:c17775ae85e14e1da649fe72c0d805cf9e384cd97646ec494306065e232d5ecf,1,baby,0.9744282517090479,0.025571748290952084,original,/mnt/d/INFANT CRY/Models_dbl/experiments/runs/20260821T164332Z_490383ff__exp_20260903T170029Z_e0883d24/candidates/stage1_mfcc_svm/seed_42/fold_1/attempt_1/model.joblib,recorded_in_fold_manifest,20260821T164332Z_490383ff__exp_20260903T170029Z_e0883d24
rec_e8f5a7e1fa39a9b50c9c,/mnt/d/INFANT CRY/data_set_dbl_split/train/tired/795_M_owh.wav,baby,infant_sha256:64c36ebd3c1854465f1a6199af818a14948f503008aa2223879a83f48952c263,1,baby,0.9913172253024342,0.008682774697565822,original,/mnt/d/INFANT CRY/Models_dbl/experiments/runs/20260821T164332Z_490383ff__exp_20260903T170029Z_e0883d24/candidates/stage1_mfcc_svm/seed_42/fold_1/attempt_1/model.joblib,recorded_in_fold_manifest,20260821T164332Z_490383ff__exp_20260903T170029Z_e0883d24
rec_1b733202df78607bb041,/mnt/d/INFANT CRY/data_set_dbl_split/train/tired/81_M_owh.wav,baby,infant_sha256:494c1d3687de3b8a886def4cfd2697177f66b615d83e77698e8d76547b745f39,1,baby,0.9999549356166068,4.506438339325126e-05,original,/mnt/d/INFANT CRY/Models_dbl/experiments/runs/20260821T164332Z_490383ff__exp_20260903T170029Z_e0883d24/candidates/stage1_mfcc_svm/seed_42/fold_1/attempt_1/model.joblib,recorded_in_fold_manifest,20260821T164332Z_490383ff__exp_20260903T170029Z_e0883d24
rec_1c86fe7fe16836fae2c5,/mnt/d/INFANT CRY/data_set_dbl_split/train/tired/852_F_owh.wav,baby,infant_sha256:159e7f55830a8b469a58ec1436ceba4c0f382e289e97a02be729334dc6a237d8,1,baby,0.9961329716540988,0.0038670283459013486,original,/mnt/d/INFANT CRY/Models_dbl/experiments/runs/20260821T164332Z_490383ff__exp_20260903T170029Z_e0883d24/candidates/stage1_mfcc_svm/seed_42/fold_1/attempt_1/model.joblib,recorded_in_fold_manifest,20260821T164332Z_490383ff__exp_20260903T170029Z_e0883d24
rec_4276b7de08d410c31454,/mnt/d/INFANT CRY/data_set_dbl_split/train/tired/921_M_owh.wav,baby,infant_sha256:ebbe537a9e89a51a565d2057ec05f3b1603782772cc10a7300859ebf1ae3496e,1,baby,0.8976301665490841,0.10236983345091584,original,/mnt/d/INFANT CRY/Models_dbl/experiments/runs/20260821T164332Z_490383ff__exp_20260903T170029Z_e0883d24/candidates/stage1_mfcc_svm/seed_42/fold_1/attempt_1/model.joblib,recorded_in_fold_manifest,20260821T164332Z_490383ff__exp_20260903T170029Z_e0883d24
rec_e21c7b8e66dd449a938b,/mnt/d/INFANT CRY/data_set_dbl_split/train/tired/931_M_owh.wav,baby,infant_sha256:6264b9695cac65ecac7c2e607eb0dc97a2be3d48949ce9b492229416c8847a7e,1,baby,0.9956781453360054,0.004321854663994703,original,/mnt/d/INFANT CRY/Models_dbl/experiments/runs/20260821T164332Z_490383ff__exp_20260903T170029Z_e0883d24/candidates/stage1_mfcc_svm/seed_42/fold_1/attempt_1/model.joblib,recorded_in_fold_manifest,20260821T164332Z_490383ff__exp_20260903T170029Z_e0883d24
rec_8d5f2d47c0474322ccc8,/mnt/d/INFANT CRY/data_set_dbl_split/train/tired/949_M_owh.wav,baby,infant_sha256:6c3b6654b154c4672acc21795efa55d28935ea5809f57e6cb214ea2f942e95b3,1,baby,0.9805829744185959,0.01941702558140412,original,/mnt/d/INFANT CRY/Models_dbl/experiments/runs/20260821T164332Z_490383ff__exp_20260903T170029Z_e0883d24/candidates/stage1_mfcc_svm/seed_42/fold_1/attempt_1/model.joblib,recorded_in_fold_manifest,20260821T164332Z_490383ff__exp_20260903T170029Z_e0883d24
rec_f9fb47e8a3ed0a22c4ad,/mnt/d/INFANT CRY/data_set_dbl_split/train/tired/dunstan-owh_12.wav,baby,infant_sha256:2c1b4785158659189577572996f6ffab051d254ac8485a4d8cdbc67164bf58eb,1,baby,0.9529321744576603,0.04706782554233963,original,/mnt/d/INFANT CRY/Models_dbl/experiments/runs/20260821T164332Z_490383ff__exp_20260903T170029Z_e0883d24/candidates/stage1_mfcc_svm/seed_42/fold_1/attempt_1/model.joblib,recorded_in_fold_manifest,20260821T164332Z_490383ff__exp_20260903T170029Z_e0883d24
rec_19ca95fa0e9cc6f77602,/mnt/d/INFANT CRY/data_set_dbl_split/train/tired/dunstan-owh_17.wav,baby,infant_sha256:fc20ee4bb80a46bf47ac95699cfcdad0d159f9cefdb9c60b6f483257b1120947,1,baby,0.9737047973583448,0.026295202641655205,original,/mnt/d/INFANT CRY/Models_dbl/experiments/runs/20260821T164332Z_490383ff__exp_20260903T170029Z_e0883d24/candidates/stage1_mfcc_svm/seed_42/fold_1/attempt_1/model.joblib,recorded_in_fold_manifest,20260821T164332Z_490383ff__exp_20260903T170029Z_e0883d24
rec_8177f9e186a5ddb0be27,/mnt/d/INFANT CRY/data_set_dbl_split/train/tired/dunstan-owh_3.wav,baby,infant_sha256:80a99d09e972dee78e2ec62264dad6e714f4288492508b7ecd9e72cee50a668f,1,baby,0.991205239871539,0.008794760128461036,original,/mnt/d/INFANT CRY/Models_dbl/experiments/runs/20260821T164332Z_490383ff__exp_20260903T170029Z_e0883d24/candidates/stage1_mfcc_svm/seed_42/fold_1/attempt_1/model.joblib,recorded_in_fold_manifest,20260821T164332Z_490383ff__exp_20260903T170029Z_e0883d24
rec_c20da6d7a956a73d1bd5,/mnt/d/INFANT CRY/data_set_dbl_split/train/tired/dunstan-owh_36.wav,baby,infant_sha256:3715fcb5ae3b7024b9de09df29d788cb1888e6bb19317fc31f2faf3ed20280e6,1,baby,0.9991566612262466,0.000843338773753381,original,/mnt/d/INFANT CRY/Models_dbl/experiments/runs/20260821T164332Z_490383ff__exp_20260903T170029Z_e0883d24/candidates/stage1_mfcc_svm/seed_42/fold_1/attempt_1/model.joblib,recorded_in_fold_manifest,20260821T164332Z_490383ff__exp_20260903T170029Z_e0883d24
rec_ad8e77f8cb1fddd992f6,/mnt/d/INFANT CRY/data_set_dbl_split/train/tired/dunstan-owh_7.wav,baby,infant_sha256:fd9110c1e747f43e6901ae141296f3843e8161a0fc9c078e01601228f7df9656,1,baby,0.9969132644008051,0.0030867355991949087,original,/mnt/d/INFANT CRY/Models_dbl/experiments/runs/20260821T164332Z_490383ff__exp_20260903T170029Z_e0883d24/candidates/stage1_mfcc_svm/seed_42/fold_1/attempt_1/model.joblib,recorded_in_fold_manifest,20260821T164332Z_490383ff__exp_20260903T170029Z_e0883d24
rec_90ff81a514cc71351efc,/mnt/d/INFANT CRY/data_set_dbl_split/train/tired/dunstan-owh_71.wav,baby,infant_sha256:bf9bd3fc4bcff70e01899a30429991ceae8ae6a2c70534fc1170a87194656bee,1,baby,0.9756261069271486,0.024373893072851382,original,/mnt/d/INFANT CRY/Models_dbl/experiments/runs/20260821T164332Z_490383ff__exp_20260903T170029Z_e0883d24/candidates/stage1_mfcc_svm/seed_42/fold_1/attempt_1/model.joblib,recorded_in_fold_manifest,20260821T164332Z_490383ff__exp_20260903T170029Z_e0883d24
rec_6aee9beea238e83aa7a9,/mnt/d/INFANT CRY/data_set_dbl_split/train/tired/dunstan-owh_75.wav,baby,infant_sha256:38be5d3ea66904c7b69e69fa7e897ab0206c2b7d027152cfa84c05ca70d452d0,1,baby,0.9804382163324465,0.019561783667553467,original,/mnt/d/INFANT CRY/Models_dbl/experiments/runs/20260821T164332Z_490383ff__exp_20260903T170029Z_e0883d24/candidates/stage1_mfcc_svm/seed_42/fold_1/attempt_1/model.joblib,recorded_in_fold_manifest,20260821T164332Z_490383ff__exp_20260903T170029Z_e0883d24
rec_32de9e44bf2fa1c66efc,/mnt/d/INFANT CRY/data_set_dbl_split/train/tired/dunstan-owh_8.wav,baby,infant_sha256:c81a807ba4029869fa0f95c308dd9d3610f660492e2e58f489b975b64d988e7e,1,baby,0.9964073984037356,0.00359260159626447,original,/mnt/d/INFANT CRY/Models_dbl/experiments/runs/20260821T164332Z_490383ff__exp_20260903T170029Z_e0883d24/candidates/stage1_mfcc_svm/seed_42/fold_1/attempt_1/model.joblib,recorded_in_fold_manifest,20260821T164332Z_490383ff__exp_20260903T170029Z_e0883d24
rec_aec869bbe88cbdefe91d,/mnt/d/INFANT CRY/data_set_dbl_split/train/not_baby/1-100038-A-14.wav,not_baby,esc50_source:100038,1,not_baby,0.006363962565136351,0.9936360374348636,original,/mnt/d/INFANT CRY/Models_dbl/experiments/runs/20260821T164332Z_490383ff__exp_20260903T170029Z_e0883d24/candidates/stage1_mfcc_svm/seed_42/fold_1/attempt_1/model.joblib,recorded_in_fold_manifest,20260821T164332Z_490383ff__exp_20260903T170029Z_e0883d24
rec_59153ace7e677bdcf73f,/mnt/d/INFANT CRY/data_set_dbl_split/train/not_baby/1-11687-A-47.wav,not_baby,esc50_source:11687,1,not_baby,0.058743269177403995,0.9412567308225961,original,/mnt/d/INFANT CRY/Models_dbl/experiments/runs/20260821T164332Z_490383ff__exp_20260903T170029Z_e0883d24/candidates/stage1_mfcc_svm/seed_42/fold_1/attempt_1/model.joblib,recorded_in_fold_manifest,20260821T164332Z_490383ff__exp_20260903T170029Z_e0883d24
rec_734152d668a87338b23b,/mnt/d/INFANT CRY/data_set_dbl_split/train/not_baby/1-118206-A-31.wav,not_baby,esc50_source:118206,1,not_baby,1.668620575027793e-11,0.9999999999833139,original,/mnt/d/INFANT CRY/Models_dbl/experiments/runs/20260821T164332Z_490383ff__exp_20260903T170029Z_e0883d24/candidates/stage1_mfcc_svm/seed_42/fold_1/attempt_1/model.joblib,recorded_in_fold_manifest,20260821T164332Z_490383ff__exp_20260903T170029Z_e0883d24
rec_ed1d9d09bd4947beac70,/mnt/d/INFANT CRY/data_set_dbl_split/train/not_baby/1-13613-A-37.wav,not_baby,esc50_source:13613,1,not_baby,0.005529566349638418,0.9944704336503615,original,/mnt/d/INFANT CRY/Models_dbl/experiments/runs/20260821T164332Z_490383ff__exp_20260903T170029Z_e0883d24/candidates/stage1_mfcc_svm/seed_42/fold_1/attempt_1/model.joblib,recorded_in_fold_manifest,20260821T164332Z_490383ff__exp_20260903T170029Z_e0883d24
rec_bc63c935a401d0f2e2de,/mnt/d/INFANT CRY/data_set_dbl_split/train/not_baby/1-17367-A-10.wav,not_baby,esc50_source:17367,1,not_baby,0.02175712006708122,0.9782428799329188,original,/mnt/d/INFANT CRY/Models_dbl/experiments/runs/20260821T164332Z_490383ff__exp_20260903T170029Z_e0883d24/candidates/stage1_mfcc_svm/seed_42/fold_1/attempt_1/model.joblib,recorded_in_fold_manifest,20260821T164332Z_490383ff__exp_20260903T170029Z_e0883d24
rec_439f8be981581539e1f9,/mnt/d/INFANT CRY/data_set_dbl_split/train/not_baby/1-18757-A-4.wav,not_baby,esc50_source:18757,1,not_baby,3.0734251493296755e-08,0.9999999692657485,original,/mnt/d/INFANT CRY/Models_dbl/experiments/runs/20260821T164332Z_490383ff__exp_20260903T170029Z_e0883d24/candidates/stage1_mfcc_svm/seed_42/fold_1/attempt_1/model.joblib,recorded_in_fold_manifest,20260821T164332Z_490383ff__exp_20260903T170029Z_e0883d24
rec_3a2c09a2e6829af3a8e6,/mnt/d/INFANT CRY/data_set_dbl_split/train/not_baby/1-21935-A-38.wav,not_baby,esc50_source:21935,1,not_baby,0.0047175896720108145,0.9952824103279891,original,/mnt/d/INFANT CRY/Models_dbl/experiments/runs/20260821T164332Z_490383ff__exp_20260903T170029Z_e0883d24/candidates/stage1_mfcc_svm/seed_42/fold_1/attempt_1/model.joblib,recorded_in_fold_manifest,20260821T164332Z_490383ff__exp_20260903T170029Z_e0883d24
rec_62e0e19ff35a6aa87196,/mnt/d/INFANT CRY/data_set_dbl_split/train/not_baby/1-223162-A-25.wav,not_baby,esc50_source:223162,1,not_baby,0.029201500613513853,0.9707984993864861,original,/mnt/d/INFANT CRY/Models_dbl/experiments/runs/20260821T164332Z_490383ff__exp_20260903T170029Z_e0883d24/candidates/stage1_mfcc_svm/seed_42/fold_1/attempt_1/model.joblib,recorded_in_fold_manifest,20260821T164332Z_490383ff__exp_20260903T170029Z_e0883d24
rec_85be1ab194a757f98bea,/mnt/d/INFANT CRY/data_set_dbl_split/train/not_baby/1-26188-A-30.wav,not_baby,esc50_source:26188,1,not_baby,4.6531271291690984e-11,0.9999999999534688,original,/mnt/d/INFANT CRY/Models_dbl/experiments/runs/20260821T164332Z_490383ff__exp_20260903T170029Z_e0883d24/candidates/stage1_mfcc_svm/seed_42/fold_1/attempt_1/model.joblib,recorded_in_fold_manifest,20260821T164332Z_490383ff__exp_20260903T170029Z_e0883d24
rec_b2521e246c66c75d4a86,/mnt/d/INFANT CRY/data_set_dbl_split/train/not_baby/1-27166-A-35.wav,not_baby,esc50_source:27166,1,not_baby,0.006760177550234708,0.9932398224497653,original,/mnt/d/INFANT CRY/Models_dbl/experiments/runs/20260821T164332Z_490383ff__exp_20260903T170029Z_e0883d24/candidates/stage1_mfcc_svm/seed_42/fold_1/attempt_1/model.joblib,recorded_in_fold_manifest,20260821T164332Z_490383ff__exp_20260903T170029Z_e0883d24
rec_527ebc190ef5c9814c48,/mnt/d/INFANT CRY/data_set_dbl_split/train/not_baby/1-30214-A-18.wav,not_baby,esc50_source:30214,1,not_baby,1.948567478864176e-06,0.9999980514325212,original,/mnt/d/INFANT CRY/Models_dbl/experiments/runs/20260821T164332Z_490383ff__exp_20260903T170029Z_e0883d24/candidates/stage1_mfcc_svm/seed_42/fold_1/attempt_1/model.joblib,recorded_in_fold_manifest,20260821T164332Z_490383ff__exp_20260903T170029Z_e0883d24
rec_c1a0a1bf016383d9e3d1,/mnt/d/INFANT CRY/data_set_dbl_split/train/not_baby/1-31748-A-21.wav,not_baby,esc50_source:31748,1,not_baby,0.012734046265210075,0.98726595373479,original,/mnt/d/INFANT CRY/Models_dbl/experiments/runs/20260821T164332Z_490383ff__exp_20260903T170029Z_e0883d24/candidates/stage1_mfcc_svm/seed_42/fold_1/attempt_1/model.joblib,recorded_in_fold_manifest,20260821T164332Z_490383ff__exp_20260903T170029Z_e0883d24
rec_73a9e9f96a67fc369045,/mnt/d/INFANT CRY/data_set_dbl_split/train/not_baby/1-36393-A-23.wav,not_baby,esc50_source:36393,1,not_baby,0.020530188145751783,0.9794698118542482,original,/mnt/d/INFANT CRY/Models_dbl/experiments/runs/20260821T164332Z_490383ff__exp_20260903T170029Z_e0883d24/candidates/stage1_mfcc_svm/seed_42/fold_1/attempt_1/model.joblib,recorded_in_fold_manifest,20260821T164332Z_490383ff__exp_20260903T170029Z_e0883d24
rec_207f061dd89a3df41727,/mnt/d/INFANT CRY/data_set_dbl_split/train/not_baby/1-36400-A-23.wav,not_baby,esc50_source:36400,1,not_baby,0.03686329748959527,0.9631367025104047,original,/mnt/d/INFANT CRY/Models_dbl/experiments/runs/20260821T164332Z_490383ff__exp_20260903T170029Z_e0883d24/candidates/stage1_mfcc_svm/seed_42/fold_1/attempt_1/model.joblib,recorded_in_fold_manifest,20260821T164332Z_490383ff__exp_20260903T170029Z_e0883d24
rec_39b21339c55908d99618,/mnt/d/INFANT CRY/data_set_dbl_split/train/not_baby/1-38559-A-14.wav,not_baby,esc50_source:38559,1,not_baby,0.0032465494515470884,0.9967534505484529,original,/mnt/d/INFANT CRY/Models_dbl/experiments/runs/20260821T164332Z_490383ff__exp_20260903T170029Z_e0883d24/candidates/stage1_mfcc_svm/seed_42/fold_1/attempt_1/model.joblib,recorded_in_fold_manifest,20260821T164332Z_490383ff__exp_20260903T170029Z_e0883d24
rec_0a2d83649fe6fc09d58a,/mnt/d/INFANT CRY/data_set_dbl_split/train/not_baby/1-39923-A-1.wav,not_baby,esc50_source:39923,1,not_baby,0.06047766058363258,0.9395223394163674,original,/mnt/d/INFANT CRY/Models_dbl/experiments/runs/20260821T164332Z_490383ff__exp_20260903T170029Z_e0883d24/candidates/stage1_mfcc_svm/seed_42/fold_1/attempt_1/model.joblib,recorded_in_fold_manifest,20260821T164332Z_490383ff__exp_20260903T170029Z_e0883d24
rec_f2576a499068277f711c,/mnt/d/INFANT CRY/data_set_dbl_split/train/not_baby/1-40967-A-28.wav,not_baby,esc50_source:40967,1,not_baby,2.1628202202057213e-08,0.9999999783717978,original,/mnt/d/INFANT CRY/Models_dbl/experiments/runs/20260821T164332Z_490383ff__exp_20260903T170029Z_e0883d24/candidates/stage1_mfcc_svm/seed_42/fold_1/attempt_1/model.joblib,recorded_in_fold_manifest,20260821T164332Z_490383ff__exp_20260903T170029Z_e0883d24
rec_3fb0454c96d0e103a261,/mnt/d/INFANT CRY/data_set_dbl_split/train/not_baby/1-43382-A-1.wav,not_baby,esc50_source:43382,1,not_baby,0.017628055746479337,0.9823719442535207,original,/mnt/d/INFANT CRY/Models_dbl/experiments/runs/20260821T164332Z_490383ff__exp_20260903T170029Z_e0883d24/candidates/stage1_mfcc_svm/seed_42/fold_1/attempt_1/model.joblib,recorded_in_fold_manifest,20260821T164332Z_490383ff__exp_20260903T170029Z_e0883d24
rec_86979075a9092186eeb3,/mnt/d/INFANT CRY/data_set_dbl_split/train/not_baby/1-45645-A-31.wav,not_baby,esc50_source:45645,1,not_baby,2.93639626180703e-11,0.999999999970636,original,/mnt/d/INFANT CRY/Models_dbl/experiments/runs/20260821T164332Z_490383ff__exp_20260903T170029Z_e0883d24/candidates/stage1_mfcc_svm/seed_42/fold_1/attempt_1/model.joblib,recorded_in_fold_manifest,20260821T164332Z_490383ff__exp_20260903T170029Z_e0883d24
rec_cffa63b30798ac3f6ea2,/mnt/d/INFANT CRY/data_set_dbl_split/train/not_baby/1-47923-A-28.wav,not_baby,esc50_source:47923,1,baby,0.9988088940621621,0.0011911059378379954,original,/mnt/d/INFANT CRY/Models_dbl/experiments/runs/20260821T164332Z_490383ff__exp_20260903T170029Z_e0883d24/candidates/stage1_mfcc_svm/seed_42/fold_1/attempt_1/model.joblib,recorded_in_fold_manifest,20260821T164332Z_490383ff__exp_20260903T170029Z_e0883d24
rec_97bca158437a8d1272ed,/mnt/d/INFANT CRY/data_set_dbl_split/train/not_baby/1-50060-A-10.wav,not_baby,esc50_source:50060,1,not_baby,4.885185031217608e-06,0.9999951148149688,original,/mnt/d/INFANT CRY/Models_dbl/experiments/runs/20260821T164332Z_490383ff__exp_20260903T170029Z_e0883d24/candidates/stage1_mfcc_svm/seed_42/fold_1/attempt_1/model.joblib,recorded_in_fold_manifest,20260821T164332Z_490383ff__exp_20260903T170029Z_e0883d24
rec_14bb53e78dee895a801e,/mnt/d/INFANT CRY/data_set_dbl_split/train/not_baby/1-50661-A-44.wav,not_baby,esc50_source:50661,1,not_baby,8.550377237010277e-14,0.9999999999999145,original,/mnt/d/INFANT CRY/Models_dbl/experiments/runs/20260821T164332Z_490383ff__exp_20260903T170029Z_e0883d24/candidates/stage1_mfcc_svm/seed_42/fold_1/attempt_1/model.joblib,recorded_in_fold_manifest,20260821T164332Z_490383ff__exp_20260903T170029Z_e0883d24
rec_bfe39cab9367e980a87a,/mnt/d/INFANT CRY/data_set_dbl_split/train/not_baby/1-51147-A-25.wav,not_baby,esc50_source:51147,1,not_baby,5.124525377132599e-07,0.9999994875474623,original,/mnt/d/INFANT CRY/Models_dbl/experiments/runs/20260821T164332Z_490383ff__exp_20260903T170029Z_e0883d24/candidates/stage1_mfcc_svm/seed_42/fold_1/attempt_1/model.joblib,recorded_in_fold_manifest,20260821T164332Z_490383ff__exp_20260903T170029Z_e0883d24
rec_e0667f9dfbbaca59d749,/mnt/d/INFANT CRY/data_set_dbl_split/train/not_baby/1-53444-A-28.wav,not_baby,esc50_source:53444,1,not_baby,4.1137164440627465e-08,0.9999999588628355,original,/mnt/d/INFANT CRY/Models_dbl/experiments/runs/20260821T164332Z_490383ff__exp_20260903T170029Z_e0883d24/candidates/stage1_mfcc_svm/seed_42/fold_1/attempt_1/model.joblib,recorded_in_fold_manifest,20260821T164332Z_490383ff__exp_20260903T170029Z_e0883d24
rec_2aa52f4d362ca51a608c,/mnt/d/INFANT CRY/data_set_dbl_split/train/not_baby/1-60460-A-36.wav,not_baby,esc50_source:60460,1,not_baby,0.008308962720046139,0.9916910372799539,original,/mnt/d/INFANT CRY/Models_dbl/experiments/runs/20260821T164332Z_490383ff__exp_20260903T170029Z_e0883d24/candidates/stage1_mfcc_svm/seed_42/fold_1/attempt_1/model.joblib,recorded_in_fold_manifest,20260821T164332Z_490383ff__exp_20260903T170029Z_e0883d24
rec_ee9d55ae2b84a4f9617d,/mnt/d/INFANT CRY/data_set_dbl_split/train/not_baby/1-61261-A-44.wav,not_baby,esc50_source:61261,1,not_baby,3.422913362737739e-13,0.9999999999996577,original,/mnt/d/INFANT CRY/Models_dbl/experiments/runs/20260821T164332Z_490383ff__exp_20260903T170029Z_e0883d24/candidates/stage1_mfcc_svm/seed_42/fold_1/attempt_1/model.joblib,recorded_in_fold_manifest,20260821T164332Z_490383ff__exp_20260903T170029Z_e0883d24
rec_09c822a8a9b3a59af070,/mnt/d/INFANT CRY/data_set_dbl_split/train/not_baby/1-62594-A-32.wav,not_baby,esc50_source:62594,1,not_baby,7.673285524584767e-12,0.9999999999923267,original,/mnt/d/INFANT CRY/Models_dbl/experiments/runs/20260821T164332Z_490383ff__exp_20260903T170029Z_e0883d24/candidates/stage1_mfcc_svm/seed_42/fold_1/attempt_1/model.joblib,recorded_in_fold_manifest,20260821T164332Z_490383ff__exp_20260903T170029Z_e0883d24
rec_f960cc2e94388a2f2776,/mnt/d/INFANT CRY/data_set_dbl_split/train/not_baby/1-69760-A-16.wav,not_baby,esc50_source:69760,1,not_baby,1.4245714525730476e-11,0.9999999999857544,original,/mnt/d/INFANT CRY/Models_dbl/experiments/runs/20260821T164332Z_490383ff__exp_20260903T170029Z_e0883d24/candidates/stage1_mfcc_svm/seed_42/fold_1/attempt_1/model.joblib,recorded_in_fold_manifest,20260821T164332Z_490383ff__exp_20260903T170029Z_e0883d24
rec_26fcef82a8e5d458012f,/mnt/d/INFANT CRY/data_set_dbl_split/train/not_baby/1-72229-A-6.wav,not_baby,esc50_source:72229,1,not_baby,0.008233486467285936,0.9917665135327142,original,/mnt/d/INFANT CRY/Models_dbl/experiments/runs/20260821T164332Z_490383ff__exp_20260903T170029Z_e0883d24/candidates/stage1_mfcc_svm/seed_42/fold_1/attempt_1/model.joblib,recorded_in_fold_manifest,20260821T164332Z_490383ff__exp_20260903T170029Z_e0883d24
rec_0c46771cca75e1bd7db7,/mnt/d/INFANT CRY/data_set_dbl_split/train/not_baby/1-72229-B-6.wav,not_baby,esc50_source:72229,1,not_baby,0.214840585739173,0.785159414260827,original,/mnt/d/INFANT CRY/Models_dbl/experiments/runs/20260821T164332Z_490383ff__exp_20260903T170029Z_e0883d24/candidates/stage1_mfcc_svm/seed_42/fold_1/attempt_1/model.joblib,recorded_in_fold_manifest,20260821T164332Z_490383ff__exp_20260903T170029Z_e0883d24
rec_ff2fb374325db2c86655,/mnt/d/INFANT CRY/data_set_dbl_split/train/not_baby/1-79146-A-29.wav,not_baby,esc50_source:79146,1,not_baby,2.7836332330924415e-10,0.9999999997216368,original,/mnt/d/INFANT CRY/Models_dbl/experiments/runs/20260821T164332Z_490383ff__exp_20260903T170029Z_e0883d24/candidates/stage1_mfcc_svm/seed_42/fold_1/attempt_1/model.joblib,recorded_in_fold_manifest,20260821T164332Z_490383ff__exp_20260903T170029Z_e0883d24
rec_309fec9cc93532964a91,/mnt/d/INFANT CRY/data_set_dbl_split/train/not_baby/1-80841-A-13.wav,not_baby,esc50_source:80841,1,not_baby,0.0035201989340801895,0.9964798010659198,original,/mnt/d/INFANT CRY/Models_dbl/experiments/runs/20260821T164332Z_490383ff__exp_20260903T170029Z_e0883d24/candidates/stage1_mfcc_svm/seed_42/fold_1/attempt_1/model.joblib,recorded_in_fold_manifest,20260821T164332Z_490383ff__exp_20260903T170029Z_e0883d24
rec_07e829a44a9edac9f913,/mnt/d/INFANT CRY/data_set_dbl_split/train/not_baby/1-82817-A-30.wav,not_baby,esc50_source:82817,1,not_baby,0.026377364099728403,0.9736226359002716,original,/mnt/d/INFANT CRY/Models_dbl/experiments/runs/20260821T164332Z_490383ff__exp_20260903T170029Z_e0883d24/candidates/stage1_mfcc_svm/seed_42/fold_1/attempt_1/model.joblib,recorded_in_fold_manifest,20260821T164332Z_490383ff__exp_20260903T170029Z_e0883d24
rec_15c1e6e200a57b883875,/mnt/d/INFANT CRY/data_set_dbl_split/train/not_baby/1-84393-A-32.wav,not_baby,esc50_source:84393,1,not_baby,3.3476205154161703e-09,0.9999999966523795,original,/mnt/d/INFANT CRY/Models_dbl/experiments/runs/20260821T164332Z_490383ff__exp_20260903T170029Z_e0883d24/candidates/stage1_mfcc_svm/seed_42/fold_1/attempt_1/model.joblib,recorded_in_fold_manifest,20260821T164332Z_490383ff__exp_20260903T170029Z_e0883d24
rec_a07589f32cf910608dcb,/mnt/d/INFANT CRY/data_set_dbl_split/train/not_baby/1-85168-A-39.wav,not_baby,esc50_source:85168,1,not_baby,0.14078244627488534,0.8592175537251147,original,/mnt/d/INFANT CRY/Models_dbl/experiments/runs/20260821T164332Z_490383ff__exp_20260903T170029Z_e0883d24/candidates/stage1_mfcc_svm/seed_42/fold_1/attempt_1/model.joblib,recorded_in_fold_manifest,20260821T164332Z_490383ff__exp_20260903T170029Z_e0883d24
rec_7b1f660ed47fdff607d2,/mnt/d/INFANT CRY/data_set_dbl_split/train/not_baby/1-88409-A-45.wav,not_baby,esc50_source:88409,1,not_baby,2.3549424528723787e-07,0.9999997645057548,original,/mnt/d/INFANT CRY/Models_dbl/experiments/runs/20260821T164332Z_490383ff__exp_20260903T170029Z_e0883d24/candidates/stage1_mfcc_svm/seed_42/fold_1/attempt_1/model.joblib,recorded_in_fold_manifest,20260821T164332Z_490383ff__exp_20260903T170029Z_e0883d24
rec_2c693d6a2e60a1881b7e,/mnt/d/INFANT CRY/data_set_dbl_split/train/not_baby/1-88409-B-45.wav,not_baby,esc50_source:88409,1,not_baby,8.476152893135911e-06,0.9999915238471068,original,/mnt/d/INFANT CRY/Models_dbl/experiments/runs/20260821T164332Z_490383ff__exp_20260903T170029Z_e0883d24/candidates/stage1_mfcc_svm/seed_42/fold_1/attempt_1/model.joblib,recorded_in_fold_manifest,20260821T164332Z_490383ff__exp_20260903T170029Z_e0883d24
rec_e6ccd7de49f50721e435,/mnt/d/INFANT CRY/data_set_dbl_split/train/not_baby/1-91359-A-11.wav,not_baby,esc50_source:91359,1,not_baby,4.031162963524443e-10,0.9999999995968837,original,/mnt/d/INFANT CRY/Models_dbl/experiments/runs/20260821T164332Z_490383ff__exp_20260903T170029Z_e0883d24/candidates/stage1_mfcc_svm/seed_42/fold_1/attempt_1/model.joblib,recorded_in_fold_manifest,20260821T164332Z_490383ff__exp_20260903T170029Z_e0883d24
rec_d211538bab3eafdb7c2b,/mnt/d/INFANT CRY/data_set_dbl_split/train/not_baby/1-91359-B-11.wav,not_baby,esc50_source:91359,1,not_baby,2.4374279743513346e-10,0.9999999997562573,original,/mnt/d/INFANT CRY/Models_dbl/experiments/runs/20260821T164332Z_490383ff__exp_20260903T170029Z_e0883d24/candidates/stage1_mfcc_svm/seed_42/fold_1/attempt_1/model.joblib,recorded_in_fold_manifest,20260821T164332Z_490383ff__exp_20260903T170029Z_e0883d24
rec_bb9ad5ece6140af171c6,/mnt/d/INFANT CRY/data_set_dbl_split/train/not_baby/1-96890-A-37.wav,not_baby,esc50_source:96890,1,not_baby,0.027393532712629853,0.9726064672873701,original,/mnt/d/INFANT CRY/Models_dbl/experiments/runs/20260821T164332Z_490383ff__exp_20260903T170029Z_e0883d24/candidates/stage1_mfcc_svm/seed_42/fold_1/attempt_1/model.joblib,recorded_in_fold_manifest,20260821T164332Z_490383ff__exp_20260903T170029Z_e0883d24
rec_af0acd3efc28631add1c,/mnt/d/INFANT CRY/data_set_dbl_split/train/not_baby/2-102852-A-11.wav,not_baby,esc50_source:102852,1,not_baby,6.36728387361233e-07,0.9999993632716127,original,/mnt/d/INFANT CRY/Models_dbl/experiments/runs/20260821T164332Z_490383ff__exp_20260903T170029Z_e0883d24/candidates/stage1_mfcc_svm/seed_42/fold_1/attempt_1/model.joblib,recorded_in_fold_manifest,20260821T164332Z_490383ff__exp_20260903T170029Z_e0883d24
rec_22b01434975d61c39a94,/mnt/d/INFANT CRY/data_set_dbl_split/train/not_baby/2-103423-A-3.wav,not_baby,esc50_source:103423,1,not_baby,0.1980661247022074,0.8019338752977926,original,/mnt/d/INFANT CRY/Models_dbl/experiments/runs/20260821T164332Z_490383ff__exp_20260903T170029Z_e0883d24/candidates/stage1_mfcc_svm/seed_42/fold_1/attempt_1/model.joblib,recorded_in_fold_manifest,20260821T164332Z_490383ff__exp_20260903T170029Z_e0883d24
rec_b038fb59b25a63ea375d,/mnt/d/INFANT CRY/data_set_dbl_split/train/not_baby/2-104168-A-32.wav,not_baby,esc50_source:104168,1,not_baby,1.5167373720594853e-07,0.9999998483262628,original,/mnt/d/INFANT CRY/Models_dbl/experiments/runs/20260821T164332Z_490383ff__exp_20260903T170029Z_e0883d24/candidates/stage1_mfcc_svm/seed_42/fold_1/attempt_1/model.joblib,recorded_in_fold_manifest,20260821T164332Z_490383ff__exp_20260903T170029Z_e0883d24
rec_11caf7528a5a15fe21f7,/mnt/d/INFANT CRY/data_set_dbl_split/train/not_baby/2-106487-A-44.wav,not_baby,esc50_source:106487,1,not_baby,2.5769991068022206e-10,0.9999999997423001,original,/mnt/d/INFANT CRY/Models_dbl/experiments/runs/20260821T164332Z_490383ff__exp_20260903T170029Z_e0883d24/candidates/stage1_mfcc_svm/seed_42/fold_1/attempt_1/model.joblib,recorded_in_fold_manifest,20260821T164332Z_490383ff__exp_20260903T170029Z_e0883d24
rec_99e95dcd7a5877539d57,/mnt/d/INFANT CRY/data_set_dbl_split/train/not_baby/2-109505-A-21.wav,not_baby,esc50_source:109505,1,not_baby,0.019589342628126255,0.9804106573718738,original,/mnt/d/INFANT CRY/Models_dbl/experiments/runs/20260821T164332Z_490383ff__exp_20260903T170029Z_e0883d24/candidates/stage1_mfcc_svm/seed_42/fold_1/attempt_1/model.joblib,recorded_in_fold_manifest,20260821T164332Z_490383ff__exp_20260903T170029Z_e0883d24
rec_cf8c6f11e10e77c1243c,/mnt/d/INFANT CRY/data_set_dbl_split/train/not_baby/2-117616-A-48.wav,not_baby,esc50_source:117616,1,not_baby,0.0037485667124318753,0.996251433287568,original,/mnt/d/INFANT CRY/Models_dbl/experiments/runs/20260821T164332Z_490383ff__exp_20260903T170029Z_e0883d24/candidates/stage1_mfcc_svm/seed_42/fold_1/attempt_1/model.joblib,recorded_in_fold_manifest,20260821T164332Z_490383ff__exp_20260903T170029Z_e0883d24
rec_996f278529156c3de746,/mnt/d/INFANT CRY/data_set_dbl_split/train/not_baby/2-119139-A-31.wav,not_baby,esc50_source:119139,1,not_baby,7.157917909811809e-06,0.9999928420820902,original,/mnt/d/INFANT CRY/Models_dbl/experiments/runs/20260821T164332Z_490383ff__exp_20260903T170029Z_e0883d24/candidates/stage1_mfcc_svm/seed_42/fold_1/attempt_1/model.joblib,recorded_in_fold_manifest,20260821T164332Z_490383ff__exp_20260903T170029Z_e0883d24
rec_7578d42a10351945236c,/mnt/d/INFANT CRY/data_set_dbl_split/train/not_baby/2-120218-A-30.wav,not_baby,esc50_source:120218,1,not_baby,6.489299445636939e-11,0.999999999935107,original,/mnt/d/INFANT CRY/Models_dbl/experiments/runs/20260821T164332Z_490383ff__exp_20260903T170029Z_e0883d24/candidates/stage1_mfcc_svm/seed_42/fold_1/attempt_1/model.joblib,recorded_in_fold_manifest,20260821T164332Z_490383ff__exp_20260903T170029Z_e0883d24
rec_5aa32a2960df86d09f60,/mnt/d/INFANT CRY/data_set_dbl_split/train/not_baby/2-120218-B-30.wav,not_baby,esc50_source:120218,1,not_baby,1.9790826306769645e-11,0.9999999999802092,original,/mnt/d/INFANT CRY/Models_dbl/experiments/runs/20260821T164332Z_490383ff__exp_20260903T170029Z_e0883d24/candidates/stage1_mfcc_svm/seed_42/fold_1/attempt_1/model.joblib,recorded_in_fold_manifest,20260821T164332Z_490383ff__exp_20260903T170029Z_e0883d24
rec_bce68ea5a3b5e4f900bd,/mnt/d/INFANT CRY/data_set_dbl_split/train/not_baby/2-120587-A-6.wav,not_baby,esc50_source:120587,1,not_baby,0.42967515752394686,0.5703248424760532,original,/mnt/d/INFANT CRY/Models_dbl/experiments/runs/20260821T164332Z_490383ff__exp_20260903T170029Z_e0883d24/candidates/stage1_mfcc_svm/seed_42/fold_1/attempt_1/model.joblib,recorded_in_fold_manifest,20260821T164332Z_490383ff__exp_20260903T170029Z_e0883d24
rec_e21bb20b360c9019378d,/mnt/d/INFANT CRY/data_set_dbl_split/train/not_baby/2-121978-A-29.wav,not_baby,esc50_source:121978,1,not_baby,9.028879730283824e-09,0.9999999909711202,original,/mnt/d/INFANT CRY/Models_dbl/experiments/runs/20260821T164332Z_490383ff__exp_20260903T170029Z_e0883d24/candidates/stage1_mfcc_svm/seed_42/fold_1/attempt_1/model.joblib,recorded_in_fold_manifest,20260821T164332Z_490383ff__exp_20260903T170029Z_e0883d24
rec_face3895a2b0a1353dcf,/mnt/d/INFANT CRY/data_set_dbl_split/train/not_baby/2-122763-A-29.wav,not_baby,esc50_source:122763,1,not_baby,1.2812177531672917e-08,0.9999999871878225,original,/mnt/d/INFANT CRY/Models_dbl/experiments/runs/20260821T164332Z_490383ff__exp_20260903T170029Z_e0883d24/candidates/stage1_mfcc_svm/seed_42/fold_1/attempt_1/model.joblib,recorded_in_fold_manifest,20260821T164332Z_490383ff__exp_20260903T170029Z_e0883d24
rec_aaca54a54c608638b878,/mnt/d/INFANT CRY/data_set_dbl_split/train/not_baby/2-122763-B-29.wav,not_baby,esc50_source:122763,1,not_baby,1.7271212083197632e-08,0.9999999827287879,original,/mnt/d/INFANT CRY/Models_dbl/experiments/runs/20260821T164332Z_490383ff__exp_20260903T170029Z_e0883d24/candidates/stage1_mfcc_svm/seed_42/fold_1/attempt_1/model.joblib,recorded_in_fold_manifest,20260821T164332Z_490383ff__exp_20260903T170029Z_e0883d24
rec_5af017496292cc3a5fd5,/mnt/d/INFANT CRY/data_set_dbl_split/train/not_baby/2-123712-A-33.wav,not_baby,esc50_source:123712,1,not_baby,2.6486460288873444e-08,0.9999999735135398,original,/mnt/d/INFANT CRY/Models_dbl/experiments/runs/20260821T164332Z_490383ff__exp_20260903T170029Z_e0883d24/candidates/stage1_mfcc_svm/seed_42/fold_1/attempt_1/model.joblib,recorded_in_fold_manifest,20260821T164332Z_490383ff__exp_20260903T170029Z_e0883d24
rec_7afbb0ff0668e8f483d5,/mnt/d/INFANT CRY/data_set_dbl_split/train/not_baby/2-126433-A-17.wav,not_baby,esc50_source:126433,1,not_baby,1.0700399051287805e-09,0.9999999989299602,original,/mnt/d/INFANT CRY/Models_dbl/experiments/runs/20260821T164332Z_490383ff__exp_20260903T170029Z_e0883d24/candidates/stage1_mfcc_svm/seed_42/fold_1/attempt_1/model.joblib,recorded_in_fold_manifest,20260821T164332Z_490383ff__exp_20260903T170029Z_e0883d24
rec_8e17d1631501262257bc,/mnt/d/INFANT CRY/data_set_dbl_split/train/not_baby/2-127109-A-6.wav,not_baby,esc50_source:127109,1,not_baby,0.0074954325261988785,0.9925045674738011,original,/mnt/d/INFANT CRY/Models_dbl/experiments/runs/20260821T164332Z_490383ff__exp_20260903T170029Z_e0883d24/candidates/stage1_mfcc_svm/seed_42/fold_1/attempt_1/model.joblib,recorded_in_fold_manifest,20260821T164332Z_490383ff__exp_20260903T170029Z_e0883d24
rec_ae5b6ff7868d597cf117,/mnt/d/INFANT CRY/data_set_dbl_split/train/not_baby/2-130979-A-21.wav,not_baby,esc50_source:130979,1,not_baby,0.10285794395393238,0.8971420560460676,original,/mnt/d/INFANT CRY/Models_dbl/experiments/runs/20260821T164332Z_490383ff__exp_20260903T170029Z_e0883d24/candidates/stage1_mfcc_svm/seed_42/fold_1/attempt_1/model.joblib,recorded_in_fold_manifest,20260821T164332Z_490383ff__exp_20260903T170029Z_e0883d24
rec_c576ccd059b7575ffe0b,/mnt/d/INFANT CRY/data_set_dbl_split/train/not_baby/2-134049-A-6.wav,not_baby,esc50_source:134049,1,not_baby,0.013099922765487179,0.9869000772345128,original,/mnt/d/INFANT CRY/Models_dbl/experiments/runs/20260821T164332Z_490383ff__exp_20260903T170029Z_e0883d24/candidates/stage1_mfcc_svm/seed_42/fold_1/attempt_1/model.joblib,recorded_in_fold_manifest,20260821T164332Z_490383ff__exp_20260903T170029Z_e0883d24
rec_f0c068e479cfe35e2498,/mnt/d/INFANT CRY/data_set_dbl_split/train/not_baby/2-140147-A-38.wav,not_baby,esc50_source:140147,1,not_baby,1.3196678524513579e-05,0.9999868033214755,original,/mnt/d/INFANT CRY/Models_dbl/experiments/runs/20260821T164332Z_490383ff__exp_20260903T170029Z_e0883d24/candidates/stage1_mfcc_svm/seed_42/fold_1/attempt_1/model.joblib,recorded_in_fold_manifest,20260821T164332Z_490383ff__exp_20260903T170029Z_e0883d24
rec_c2c43bed95334561d4e6,/mnt/d/INFANT CRY/data_set_dbl_split/train/not_baby/2-144031-A-34.wav,not_baby,esc50_source:144031,1,not_baby,0.052588971772419495,0.9474110282275805,original,/mnt/d/INFANT CRY/Models_dbl/experiments/runs/20260821T164332Z_490383ff__exp_20260903T170029Z_e0883d24/candidates/stage1_mfcc_svm/seed_42/fold_1/attempt_1/model.joblib,recorded_in_fold_manifest,20260821T164332Z_490383ff__exp_20260903T170029Z_e0883d24
rec_8f185da2809a5a45c873,/mnt/d/INFANT CRY/data_set_dbl_split/train/not_baby/2-152895-A-31.wav,not_baby,esc50_source:152895,1,not_baby,6.229959871273455e-06,0.9999937700401288,original,/mnt/d/INFANT CRY/Models_dbl/experiments/runs/20260821T164332Z_490383ff__exp_20260903T170029Z_e0883d24/candidates/stage1_mfcc_svm/seed_42/fold_1/attempt_1/model.joblib,recorded_in_fold_manifest,20260821T164332Z_490383ff__exp_20260903T170029Z_e0883d24
rec_3430a4996274e63a17c2,/mnt/d/INFANT CRY/data_set_dbl_split/train/not_baby/2-152964-A-31.wav,not_baby,esc50_source:152964,1,not_baby,1.469259910458694e-06,0.9999985307400895,original,/mnt/d/INFANT CRY/Models_dbl/experiments/runs/20260821T164332Z_490383ff__exp_20260903T170029Z_e0883d24/candidates/stage1_mfcc_svm/seed_42/fold_1/attempt_1/model.joblib,recorded_in_fold_manifest,20260821T164332Z_490383ff__exp_20260903T170029Z_e0883d24
rec_e2176df0332480657bd8,/mnt/d/INFANT CRY/data_set_dbl_split/train/not_baby/2-157488-A-6.wav,not_baby,esc50_source:157488,1,not_baby,1.0897663108339027e-08,0.9999999891023369,original,/mnt/d/INFANT CRY/Models_dbl/experiments/runs/20260821T164332Z_490383ff__exp_20260903T170029Z_e0883d24/candidates/stage1_mfcc_svm/seed_42/fold_1/attempt_1/model.joblib,recorded_in_fold_manifest,20260821T164332Z_490383ff__exp_20260903T170029Z_e0883d24
rec_a4546bc0d06497da2c35,/mnt/d/INFANT CRY/data_set_dbl_split/train/not_baby/2-160128-A-7.wav,not_baby,esc50_source:160128,1,not_baby,7.52791515767294e-08,0.9999999247208485,original,/mnt/d/INFANT CRY/Models_dbl/experiments/runs/20260821T164332Z_490383ff__exp_20260903T170029Z_e0883d24/candidates/stage1_mfcc_svm/seed_42/fold_1/attempt_1/model.joblib,recorded_in_fold_manifest,20260821T164332Z_490383ff__exp_20260903T170029Z_e0883d24
rec_74dc05d838e1c99f8b55,/mnt/d/INFANT CRY/data_set_dbl_split/train/not_baby/2-188822-A-40.wav,not_baby,esc50_source:188822,1,not_baby,1.5699608613564336e-07,0.9999998430039139,original,/mnt/d/INFANT CRY/Models_dbl/experiments/runs/20260821T164332Z_490383ff__exp_20260903T170029Z_e0883d24/candidates/stage1_mfcc_svm/seed_42/fold_1/attempt_1/model.joblib,recorded_in_fold_manifest,20260821T164332Z_490383ff__exp_20260903T170029Z_e0883d24
rec_ddec653c78f1550cf80d,/mnt/d/INFANT CRY/data_set_dbl_split/train/not_baby/2-188822-B-40.wav,not_baby,esc50_source:188822,1,not_baby,1.1306625063811512e-07,0.9999998869337494,original,/mnt/d/INFANT CRY/Models_dbl/experiments/runs/20260821T164332Z_490383ff__exp_20260903T170029Z_e0883d24/candidates/stage1_mfcc_svm/seed_42/fold_1/attempt_1/model.joblib,recorded_in_fold_manifest,20260821T164332Z_490383ff__exp_20260903T170029Z_e0883d24
rec_8dc9b71eb0f678c78245,/mnt/d/INFANT CRY/data_set_dbl_split/train/not_baby/2-188822-C-40.wav,not_baby,esc50_source:188822,1,not_baby,3.9796618266108814e-08,0.9999999602033818,original,/mnt/d/INFANT CRY/Models_dbl/experiments/runs/20260821T164332Z_490383ff__exp_20260903T170029Z_e0883d24/candidates/stage1_mfcc_svm/seed_42/fold_1/attempt_1/model.joblib,recorded_in_fold_manifest,20260821T164332Z_490383ff__exp_20260903T170029Z_e0883d24
rec_97952f9fbe4a0375b598,/mnt/d/INFANT CRY/data_set_dbl_split/train/not_baby/2-188822-D-40.wav,not_baby,esc50_source:188822,1,not_baby,2.7180001561153297e-06,0.9999972819998438,original,/mnt/d/INFANT CRY/Models_dbl/experiments/runs/20260821T164332Z_490383ff__exp_20260903T170029Z_e0883d24/candidates/stage1_mfcc_svm/seed_42/fold_1/attempt_1/model.joblib,recorded_in_fold_manifest,20260821T164332Z_490383ff__exp_20260903T170029Z_e0883d24
rec_27c09c244e623559d3ee,/mnt/d/INFANT CRY/data_set_dbl_split/train/not_baby/2-209475-A-25.wav,not_baby,esc50_source:209475,1,not_baby,1.0293408442344932e-12,0.9999999999989707,original,/mnt/d/INFANT CRY/Models_dbl/experiments/runs/20260821T164332Z_490383ff__exp_20260903T170029Z_e0883d24/candidates/stage1_mfcc_svm/seed_42/fold_1/attempt_1/model.joblib,recorded_in_fold_manifest,20260821T164332Z_490383ff__exp_20260903T170029Z_e0883d24
rec_ce7bc6d63a301c5900cb,/mnt/d/INFANT CRY/data_set_dbl_split/train/not_baby/2-25293-A-22.wav,not_baby,esc50_source:25293,1,not_baby,0.036079123725759735,0.9639208762742403,original,/mnt/d/INFANT CRY/Models_dbl/experiments/runs/20260821T164332Z_490383ff__exp_20260903T170029Z_e0883d24/candidates/stage1_mfcc_svm/seed_42/fold_1/attempt_1/model.joblib,recorded_in_fold_manifest,20260821T164332Z_490383ff__exp_20260903T170029Z_e0883d24
rec_c4171d7887942112522d,/mnt/d/INFANT CRY/data_set_dbl_split/train/not_baby/2-28314-A-12.wav,not_baby,esc50_source:28314,1,not_baby,7.058367213190367e-14,0.9999999999999295,original,/mnt/d/INFANT CRY/Models_dbl/experiments/runs/20260821T164332Z_490383ff__exp_20260903T170029Z_e0883d24/candidates/stage1_mfcc_svm/seed_42/fold_1/attempt_1/model.joblib,recorded_in_fold_manifest,20260821T164332Z_490383ff__exp_20260903T170029Z_e0883d24
rec_bd45c4f38745a5fbefb6,/mnt/d/INFANT CRY/data_set_dbl_split/train/not_baby/2-28314-B-12.wav,not_baby,esc50_source:28314,1,not_baby,2.313934869938751e-12,0.9999999999976861,original,/mnt/d/INFANT CRY/Models_dbl/experiments/runs/20260821T164332Z_490383ff__exp_20260903T170029Z_e0883d24/candidates/stage1_mfcc_svm/seed_42/fold_1/attempt_1/model.joblib,recorded_in_fold_manifest,20260821T164332Z_490383ff__exp_20260903T170029Z_e0883d24
rec_c2b3fb5abdc72ad46249,/mnt/d/INFANT CRY/data_set_dbl_split/train/not_baby/2-32834-A-4.wav,not_baby,esc50_source:32834,1,not_baby,0.015446896762344847,0.9845531032376552,original,/mnt/d/INFANT CRY/Models_dbl/experiments/runs/20260821T164332Z_490383ff__exp_20260903T170029Z_e0883d24/candidates/stage1_mfcc_svm/seed_42/fold_1/attempt_1/model.joblib,recorded_in_fold_manifest,20260821T164332Z_490383ff__exp_20260903T170029Z_e0883d24
rec_6d16235919d2e606b205,/mnt/d/INFANT CRY/data_set_dbl_split/train/not_baby/2-52789-A-4.wav,not_baby,esc50_source:52789,1,not_baby,7.274213394150224e-11,0.999999999927258,original,/mnt/d/INFANT CRY/Models_dbl/experiments/runs/20260821T164332Z_490383ff__exp_20260903T170029Z_e0883d24/candidates/stage1_mfcc_svm/seed_42/fold_1/attempt_1/model.joblib,recorded_in_fold_manifest,20260821T164332Z_490383ff__exp_20260903T170029Z_e0883d24
rec_a9a9cc0677eadf4f5e6a,/mnt/d/INFANT CRY/data_set_dbl_split/train/not_baby/2-54086-A-43.wav,not_baby,esc50_source:54086,1,not_baby,0.044794566349001336,0.9552054336509986,original,/mnt/d/INFANT CRY/Models_dbl/experiments/runs/20260821T164332Z_490383ff__exp_20260903T170029Z_e0883d24/candidates/stage1_mfcc_svm/seed_42/fold_1/attempt_1/model.joblib,recorded_in_fold_manifest,20260821T164332Z_490383ff__exp_20260903T170029Z_e0883d24
rec_ec9ad2b216eeea36d1f3,/mnt/d/INFANT CRY/data_set_dbl_split/train/not_baby/2-54962-A-23.wav,not_baby,esc50_source:54962,1,not_baby,1.7865337047964804e-05,0.999982134662952,original,/mnt/d/INFANT CRY/Models_dbl/experiments/runs/20260821T164332Z_490383ff__exp_20260903T170029Z_e0883d24/candidates/stage1_mfcc_svm/seed_42/fold_1/attempt_1/model.joblib,recorded_in_fold_manifest,20260821T164332Z_490383ff__exp_20260903T170029Z_e0883d24
rec_694679415437bdc9524a,/mnt/d/INFANT CRY/data_set_dbl_split/train/not_baby/2-56926-A-46.wav,not_baby,esc50_source:56926,1,not_baby,0.023591253871422798,0.9764087461285772,original,/mnt/d/INFANT CRY/Models_dbl/experiments/runs/20260821T164332Z_490383ff__exp_20260903T170029Z_e0883d24/candidates/stage1_mfcc_svm/seed_42/fold_1/attempt_1/model.joblib,recorded_in_fold_manifest,20260821T164332Z_490383ff__exp_20260903T170029Z_e0883d24
rec_4ec0e5744fb06c3e6930,/mnt/d/INFANT CRY/data_set_dbl_split/train/not_baby/2-57191-A-46.wav,not_baby,esc50_source:57191,1,not_baby,0.08128061027304288,0.9187193897269571,original,/mnt/d/INFANT CRY/Models_dbl/experiments/runs/20260821T164332Z_490383ff__exp_20260903T170029Z_e0883d24/candidates/stage1_mfcc_svm/seed_42/fold_1/attempt_1/model.joblib,recorded_in_fold_manifest,20260821T164332Z_490383ff__exp_20260903T170029Z_e0883d24
rec_f7efd17900e809ea0635,/mnt/d/INFANT CRY/data_set_dbl_split/train/not_baby/2-59241-A-35.wav,not_baby,esc50_source:59241,1,not_baby,6.715229914771094e-08,0.9999999328477008,original,/mnt/d/INFANT CRY/Models_dbl/experiments/runs/20260821T164332Z_490383ff__exp_20260903T170029Z_e0883d24/candidates/stage1_mfcc_svm/seed_42/fold_1/attempt_1/model.joblib,recorded_in_fold_manifest,20260821T164332Z_490383ff__exp_20260903T170029Z_e0883d24
rec_602b3325860ba9abe8c9,/mnt/d/INFANT CRY/data_set_dbl_split/train/not_baby/2-60795-A-26.wav,not_baby,esc50_source:60795,1,not_baby,0.007389831135517273,0.9926101688644827,original,/mnt/d/INFANT CRY/Models_dbl/experiments/runs/20260821T164332Z_490383ff__exp_20260903T170029Z_e0883d24/candidates/stage1_mfcc_svm/seed_42/fold_1/attempt_1/model.joblib,recorded_in_fold_manifest,20260821T164332Z_490383ff__exp_20260903T170029Z_e0883d24
rec_2ab4d13d4ace21dd8f3b,/mnt/d/INFANT CRY/data_set_dbl_split/train/not_baby/2-64332-A-18.wav,not_baby,esc50_source:64332,1,not_baby,0.004995516321009319,0.9950044836789906,original,/mnt/d/INFANT CRY/Models_dbl/experiments/runs/20260821T164332Z_490383ff__exp_20260903T170029Z_e0883d24/candidates/stage1_mfcc_svm/seed_42/fold_1/attempt_1/model.joblib,recorded_in_fold_manifest,20260821T164332Z_490383ff__exp_20260903T170029Z_e0883d24
rec_c92301dec96f4b61208e,/mnt/d/INFANT CRY/data_set_dbl_split/train/not_baby/2-66205-A-23.wav,not_baby,esc50_source:66205,1,not_baby,0.009773881817137587,0.9902261181828624,original,/mnt/d/INFANT CRY/Models_dbl/experiments/runs/20260821T164332Z_490383ff__exp_20260903T170029Z_e0883d24/candidates/stage1_mfcc_svm/seed_42/fold_1/attempt_1/model.joblib,recorded_in_fold_manifest,20260821T164332Z_490383ff__exp_20260903T170029Z_e0883d24
rec_d3d590e68ba8c762624e,/mnt/d/INFANT CRY/data_set_dbl_split/train/not_baby/2-70366-A-33.wav,not_baby,esc50_source:70366,1,not_baby,0.020335755431522124,0.9796642445684779,original,/mnt/d/INFANT CRY/Models_dbl/experiments/runs/20260821T164332Z_490383ff__exp_20260903T170029Z_e0883d24/candidates/stage1_mfcc_svm/seed_42/fold_1/attempt_1/model.joblib,recorded_in_fold_manifest,20260821T164332Z_490383ff__exp_20260903T170029Z_e0883d24
rec_3d696a5226a446b023ea,/mnt/d/INFANT CRY/data_set_dbl_split/train/not_baby/2-70939-A-42.wav,not_baby,esc50_source:70939,1,not_baby,0.01734864839929803,0.9826513516007019,original,/mnt/d/INFANT CRY/Models_dbl/experiments/runs/20260821T164332Z_490383ff__exp_20260903T170029Z_e0883d24/candidates/stage1_mfcc_svm/seed_42/fold_1/attempt_1/model.joblib,recorded_in_fold_manifest,20260821T164332Z_490383ff__exp_20260903T170029Z_e0883d24
rec_dbee464043868f7e6ea5,/mnt/d/INFANT CRY/data_set_dbl_split/train/not_baby/2-72970-A-10.wav,not_baby,esc50_source:72970,1,not_baby,1.3268195097033201e-07,0.999999867318049,original,/mnt/d/INFANT CRY/Models_dbl/experiments/runs/20260821T164332Z_490383ff__exp_20260903T170029Z_e0883d24/candidates/stage1_mfcc_svm/seed_42/fold_1/attempt_1/model.joblib,recorded_in_fold_manifest,20260821T164332Z_490383ff__exp_20260903T170029Z_e0883d24
rec_48296cbd2c02dbdf1979,/mnt/d/INFANT CRY/data_set_dbl_split/train/not_baby/2-74977-A-18.wav,not_baby,esc50_source:74977,1,not_baby,0.021775173532147456,0.9782248264678526,original,/mnt/d/INFANT CRY/Models_dbl/experiments/runs/20260821T164332Z_490383ff__exp_20260903T170029Z_e0883d24/candidates/stage1_mfcc_svm/seed_42/fold_1/attempt_1/model.joblib,recorded_in_fold_manifest,20260821T164332Z_490383ff__exp_20260903T170029Z_e0883d24
rec_818d15daffb7880f2871,/mnt/d/INFANT CRY/data_set_dbl_split/train/not_baby/2-76868-A-6.wav,not_baby,esc50_source:76868,1,not_baby,0.005882849939014446,0.9941171500609856,original,/mnt/d/INFANT CRY/Models_dbl/experiments/runs/20260821T164332Z_490383ff__exp_20260903T170029Z_e0883d24/candidates/stage1_mfcc_svm/seed_42/fold_1/attempt_1/model.joblib,recorded_in_fold_manifest,20260821T164332Z_490383ff__exp_20260903T170029Z_e0883d24
rec_f6664fd458f1383dd755,/mnt/d/INFANT CRY/data_set_dbl_split/train/not_baby/2-81970-A-7.wav,not_baby,esc50_source:81970,1,not_baby,0.03882151922286227,0.9611784807771376,original,/mnt/d/INFANT CRY/Models_dbl/experiments/runs/20260821T164332Z_490383ff__exp_20260903T170029Z_e0883d24/candidates/stage1_mfcc_svm/seed_42/fold_1/attempt_1/model.joblib,recorded_in_fold_manifest,20260821T164332Z_490383ff__exp_20260903T170029Z_e0883d24
rec_1847cba23393e585c833,/mnt/d/INFANT CRY/data_set_dbl_split/train/not_baby/2-81970-B-7.wav,not_baby,esc50_source:81970,1,not_baby,0.036469289720521374,0.9635307102794787,original,/mnt/d/INFANT CRY/Models_dbl/experiments/runs/20260821T164332Z_490383ff__exp_20260903T170029Z_e0883d24/candidates/stage1_mfcc_svm/seed_42/fold_1/attempt_1/model.joblib,recorded_in_fold_manifest,20260821T164332Z_490383ff__exp_20260903T170029Z_e0883d24
rec_1c804486f856350af902,/mnt/d/INFANT CRY/data_set_dbl_split/train/not_baby/2-81970-C-7.wav,not_baby,esc50_source:81970,1,not_baby,0.036611911585176724,0.9633880884148233,original,/mnt/d/INFANT CRY/Models_dbl/experiments/runs/20260821T164332Z_490383ff__exp_20260903T170029Z_e0883d24/candidates/stage1_mfcc_svm/seed_42/fold_1/attempt_1/model.joblib,recorded_in_fold_manifest,20260821T164332Z_490383ff__exp_20260903T170029Z_e0883d24
rec_a329cddebb97662e0286,/mnt/d/INFANT CRY/data_set_dbl_split/train/not_baby/2-84943-A-18.wav,not_baby,esc50_source:84943,1,not_baby,0.00976693647966854,0.9902330635203315,original,/mnt/d/INFANT CRY/Models_dbl/experiments/runs/20260821T164332Z_490383ff__exp_20260903T170029Z_e0883d24/candidates/stage1_mfcc_svm/seed_42/fold_1/attempt_1/model.joblib,recorded_in_fold_manifest,20260821T164332Z_490383ff__exp_20260903T170029Z_e0883d24
rec_c2d6245159adecbb709e,/mnt/d/INFANT CRY/data_set_dbl_split/train/not_baby/2-85945-A-18.wav,not_baby,esc50_source:85945,1,not_baby,4.626814783308725e-08,0.9999999537318521,original,/mnt/d/INFANT CRY/Models_dbl/experiments/runs/20260821T164332Z_490383ff__exp_20260903T170029Z_e0883d24/candidates/stage1_mfcc_svm/seed_42/fold_1/attempt_1/model.joblib,recorded_in_fold_manifest,20260821T164332Z_490383ff__exp_20260903T170029Z_e0883d24
rec_38370422e0cfaafcfc5c,/mnt/d/INFANT CRY/data_set_dbl_split/train/not_baby/2-87780-A-33.wav,not_baby,esc50_source:87780,1,not_baby,0.004951623393703023,0.995048376606297,original,/mnt/d/INFANT CRY/Models_dbl/experiments/runs/20260821T164332Z_490383ff__exp_20260903T170029Z_e0883d24/candidates/stage1_mfcc_svm/seed_42/fold_1/attempt_1/model.joblib,recorded_in_fold_manifest,20260821T164332Z_490383ff__exp_20260903T170029Z_e0883d24
rec_224419176cc0017275a0,/mnt/d/INFANT CRY/data_set_dbl_split/train/not_baby/2-93030-A-21.wav,not_baby,esc50_source:93030,1,not_baby,5.267534816941617e-06,0.9999947324651831,original,/mnt/d/INFANT CRY/Models_dbl/experiments/runs/20260821T164332Z_490383ff__exp_20260903T170029Z_e0883d24/candidates/stage1_mfcc_svm/seed_42/fold_1/attempt_1/model.joblib,recorded_in_fold_manifest,20260821T164332Z_490383ff__exp_20260903T170029Z_e0883d24
rec_49aa05a14e57c1646b3d,/mnt/d/INFANT CRY/data_set_dbl_split/train/not_baby/2-95258-A-1.wav,not_baby,esc50_source:95258,1,not_baby,0.0064931887554277356,0.9935068112445723,original,/mnt/d/INFANT CRY/Models_dbl/experiments/runs/20260821T164332Z_490383ff__exp_20260903T170029Z_e0883d24/candidates/stage1_mfcc_svm/seed_42/fold_1/attempt_1/model.joblib,recorded_in_fold_manifest,20260821T164332Z_490383ff__exp_20260903T170029Z_e0883d24
rec_085d0eb0088983425bff,/mnt/d/INFANT CRY/data_set_dbl_split/train/not_baby/2-95258-B-1.wav,not_baby,esc50_source:95258,1,not_baby,0.006866584996605354,0.9931334150033947,original,/mnt/d/INFANT CRY/Models_dbl/experiments/runs/20260821T164332Z_490383ff__exp_20260903T170029Z_e0883d24/candidates/stage1_mfcc_svm/seed_42/fold_1/attempt_1/model.joblib,recorded_in_fold_manifest,20260821T164332Z_490383ff__exp_20260903T170029Z_e0883d24
rec_34ec08f297a298371082,/mnt/d/INFANT CRY/data_set_dbl_split/train/not_baby/2-96033-A-13.wav,not_baby,esc50_source:96033,1,not_baby,6.2320514151461145e-06,0.9999937679485849,original,/mnt/d/INFANT CRY/Models_dbl/experiments/runs/20260821T164332Z_490383ff__exp_20260903T170029Z_e0883d24/candidates/stage1_mfcc_svm/seed_42/fold_1/attempt_1/model.joblib,recorded_in_fold_manifest,20260821T164332Z_490383ff__exp_20260903T170029Z_e0883d24
rec_0b3ddcb30b55c1f9298d,/mnt/d/INFANT CRY/data_set_dbl_split/train/not_baby/2-99795-A-32.wav,not_baby,esc50_source:99795,1,not_baby,0.0035692181345871234,0.9964307818654128,original,/mnt/d/INFANT CRY/Models_dbl/experiments/runs/20260821T164332Z_490383ff__exp_20260903T170029Z_e0883d24/candidates/stage1_mfcc_svm/seed_42/fold_1/attempt_1/model.joblib,recorded_in_fold_manifest,20260821T164332Z_490383ff__exp_20260903T170029Z_e0883d24
rec_4da3a92532b41971f790,/mnt/d/INFANT CRY/data_set_dbl_split/train/not_baby/3-100024-A-27.wav,not_baby,esc50_source:100024,1,not_baby,5.3383663760653285e-09,0.9999999946616336,original,/mnt/d/INFANT CRY/Models_dbl/experiments/runs/20260821T164332Z_490383ff__exp_20260903T170029Z_e0883d24/candidates/stage1_mfcc_svm/seed_42/fold_1/attempt_1/model.joblib,recorded_in_fold_manifest,20260821T164332Z_490383ff__exp_20260903T170029Z_e0883d24
rec_6b727c683a5c8f67b17a,/mnt/d/INFANT CRY/data_set_dbl_split/train/not_baby/3-100024-B-27.wav,not_baby,esc50_source:100024,1,not_baby,0.004302772476714809,0.9956972275232852,original,/mnt/d/INFANT CRY/Models_dbl/experiments/runs/20260821T164332Z_490383ff__exp_20260903T170029Z_e0883d24/candidates/stage1_mfcc_svm/seed_42/fold_1/attempt_1/model.joblib,recorded_in_fold_manifest,20260821T164332Z_490383ff__exp_20260903T170029Z_e0883d24
rec_7b0c3c0adf6ba119f2d6,/mnt/d/INFANT CRY/data_set_dbl_split/train/not_baby/3-103401-A-33.wav,not_baby,esc50_source:103401,1,not_baby,0.010147624009207296,0.9898523759907927,original,/mnt/d/INFANT CRY/Models_dbl/experiments/runs/20260821T164332Z_490383ff__exp_20260903T170029Z_e0883d24/candidates/stage1_mfcc_svm/seed_42/fold_1/attempt_1/model.joblib,recorded_in_fold_manifest,20260821T164332Z_490383ff__exp_20260903T170029Z_e0883d24
rec_2c8eb61e36fecfaffc95,/mnt/d/INFANT CRY/data_set_dbl_split/train/not_baby/3-103401-B-33.wav,not_baby,esc50_source:103401,1,not_baby,3.3738755775002875e-06,0.9999966261244225,original,/mnt/d/INFANT CRY/Models_dbl/experiments/runs/20260821T164332Z_490383ff__exp_20260903T170029Z_e0883d24/candidates/stage1_mfcc_svm/seed_42/fold_1/attempt_1/model.joblib,recorded_in_fold_manifest,20260821T164332Z_490383ff__exp_20260903T170029Z_e0883d24
rec_591afe07ae920df7e9dc,/mnt/d/INFANT CRY/data_set_dbl_split/train/not_baby/3-103401-C-33.wav,not_baby,esc50_source:103401,1,not_baby,1.7517463956009801e-07,0.9999998248253604,original,/mnt/d/INFANT CRY/Models_dbl/experiments/runs/20260821T164332Z_490383ff__exp_20260903T170029Z_e0883d24/candidates/stage1_mfcc_svm/seed_42/fold_1/attempt_1/model.joblib,recorded_in_fold_manifest,20260821T164332Z_490383ff__exp_20260903T170029Z_e0883d24
rec_3fa8f0827ed75aefe545,/mnt/d/INFANT CRY/data_set_dbl_split/train/not_baby/3-103401-D-33.wav,not_baby,esc50_source:103401,1,not_baby,0.07084966726836725,0.9291503327316328,original,/mnt/d/INFANT CRY/Models_dbl/experiments/runs/20260821T164332Z_490383ff__exp_20260903T170029Z_e0883d24/candidates/stage1_mfcc_svm/seed_42/fold_1/attempt_1/model.joblib,recorded_in_fold_manifest,20260821T164332Z_490383ff__exp_20260903T170029Z_e0883d24
rec_6ba795a1c4f0e3ff6416,/mnt/d/INFANT CRY/data_set_dbl_split/train/not_baby/3-105236-A-7.wav,not_baby,esc50_source:105236,1,not_baby,1.7636414295042895e-05,0.9999823635857049,original,/mnt/d/INFANT CRY/Models_dbl/experiments/runs/20260821T164332Z_490383ff__exp_20260903T170029Z_e0883d24/candidates/stage1_mfcc_svm/seed_42/fold_1/attempt_1/model.joblib,recorded_in_fold_manifest,20260821T164332Z_490383ff__exp_20260903T170029Z_e0883d24
rec_69e849b96f0766ded187,/mnt/d/INFANT CRY/data_set_dbl_split/train/not_baby/3-107123-A-26.wav,not_baby,esc50_source:107123,1,not_baby,1.3451944184070787e-06,0.9999986548055816,original,/mnt/d/INFANT CRY/Models_dbl/experiments/runs/20260821T164332Z_490383ff__exp_20260903T170029Z_e0883d24/candidates/stage1_mfcc_svm/seed_42/fold_1/attempt_1/model.joblib,recorded_in_fold_manifest,20260821T164332Z_490383ff__exp_20260903T170029Z_e0883d24
rec_ef5f23764c64cd11a6a8,/mnt/d/INFANT CRY/data_set_dbl_split/train/not_baby/3-108451-A-17.wav,not_baby,esc50_source:108451,1,not_baby,3.1155588544144485e-06,0.9999968844411455,original,/mnt/d/INFANT CRY/Models_dbl/experiments/runs/20260821T164332Z_490383ff__exp_20260903T170029Z_e0883d24/candidates/stage1_mfcc_svm/seed_42/fold_1/attempt_1/model.joblib,recorded_in_fold_manifest,20260821T164332Z_490383ff__exp_20260903T170029Z_e0883d24
rec_f8dfd8da759e9f4abd37,/mnt/d/INFANT CRY/data_set_dbl_split/train/not_baby/3-108451-B-17.wav,not_baby,esc50_source:108451,1,not_baby,3.245238009530077e-07,0.9999996754761991,original,/mnt/d/INFANT CRY/Models_dbl/experiments/runs/20260821T164332Z_490383ff__exp_20260903T170029Z_e0883d24/candidates/stage1_mfcc_svm/seed_42/fold_1/attempt_1/model.joblib,recorded_in_fold_manifest,20260821T164332Z_490383ff__exp_20260903T170029Z_e0883d24
rec_a830845b33d30ec1f946,/mnt/d/INFANT CRY/data_set_dbl_split/train/not_baby/3-110913-A-7.wav,not_baby,esc50_source:110913,1,not_baby,1.953143637566464e-07,0.9999998046856363,original,/mnt/d/INFANT CRY/Models_dbl/experiments/runs/20260821T164332Z_490383ff__exp_20260903T170029Z_e0883d24/candidates/stage1_mfcc_svm/seed_42/fold_1/attempt_1/model.joblib,recorded_in_fold_manifest,20260821T164332Z_490383ff__exp_20260903T170029Z_e0883d24
rec_b020da989e4df5eb95b6,/mnt/d/INFANT CRY/data_set_dbl_split/train/not_baby/3-110913-B-7.wav,not_baby,esc50_source:110913,1,not_baby,2.6191669401034443e-08,0.9999999738083306,original,/mnt/d/INFANT CRY/Models_dbl/experiments/runs/20260821T164332Z_490383ff__exp_20260903T170029Z_e0883d24/candidates/stage1_mfcc_svm/seed_42/fold_1/attempt_1/model.joblib,recorded_in_fold_manifest,20260821T164332Z_490383ff__exp_20260903T170029Z_e0883d24
rec_a1bd0df3a8e53e49f020,/mnt/d/INFANT CRY/data_set_dbl_split/train/not_baby/3-110913-C-7.wav,not_baby,esc50_source:110913,1,not_baby,1.471886844952562e-08,0.9999999852811315,original,/mnt/d/INFANT CRY/Models_dbl/experiments/runs/20260821T164332Z_490383ff__exp_20260903T170029Z_e0883d24/candidates/stage1_mfcc_svm/seed_42/fold_1/attempt_1/model.joblib,recorded_in_fold_manifest,20260821T164332Z_490383ff__exp_20260903T170029Z_e0883d24
rec_98dfc159b93e6804829a,/mnt/d/INFANT CRY/data_set_dbl_split/train/not_baby/3-110913-D-7.wav,not_baby,esc50_source:110913,1,not_baby,4.6972022639450165e-07,0.9999995302797735,original,/mnt/d/INFANT CRY/Models_dbl/experiments/runs/20260821T164332Z_490383ff__exp_20260903T170029Z_e0883d24/candidates/stage1_mfcc_svm/seed_42/fold_1/attempt_1/model.joblib,recorded_in_fold_manifest,20260821T164332Z_490383ff__exp_20260903T170029Z_e0883d24
rec_322c0518ecbd03780869,/mnt/d/INFANT CRY/data_set_dbl_split/train/not_baby/3-112522-A-27.wav,not_baby,esc50_source:112522,1,not_baby,0.004086643812582094,0.9959133561874179,original,/mnt/d/INFANT CRY/Models_dbl/experiments/runs/20260821T164332Z_490383ff__exp_20260903T170029Z_e0883d24/candidates/stage1_mfcc_svm/seed_42/fold_1/attempt_1/model.joblib,recorded_in_fold_manifest,20260821T164332Z_490383ff__exp_20260903T170029Z_e0883d24
rec_97cee48b626fc1259984,/mnt/d/INFANT CRY/data_set_dbl_split/train/not_baby/3-115387-A-47.wav,not_baby,esc50_source:115387,1,not_baby,4.439853945931766e-06,0.9999955601460542,original,/mnt/d/INFANT CRY/Models_dbl/experiments/runs/20260821T164332Z_490383ff__exp_20260903T170029Z_e0883d24/candidates/stage1_mfcc_svm/seed_42/fold_1/attempt_1/model.joblib,recorded_in_fold_manifest,20260821T164332Z_490383ff__exp_20260903T170029Z_e0883d24
rec_eea939e24f7896414bd7,/mnt/d/INFANT CRY/data_set_dbl_split/train/not_baby/3-115387-B-47.wav,not_baby,esc50_source:115387,1,not_baby,0.006095226566930795,0.9939047734330692,original,/mnt/d/INFANT CRY/Models_dbl/experiments/runs/20260821T164332Z_490383ff__exp_20260903T170029Z_e0883d24/candidates/stage1_mfcc_svm/seed_42/fold_1/attempt_1/model.joblib,recorded_in_fold_manifest,20260821T164332Z_490383ff__exp_20260903T170029Z_e0883d24
rec_def9c4212c406185aadf,/mnt/d/INFANT CRY/data_set_dbl_split/train/not_baby/3-115387-C-47.wav,not_baby,esc50_source:115387,1,not_baby,6.953959211257783e-06,0.9999930460407888,original,/mnt/d/INFANT CRY/Models_dbl/experiments/runs/20260821T164332Z_490383ff__exp_20260903T170029Z_e0883d24/candidates/stage1_mfcc_svm/seed_42/fold_1/attempt_1/model.joblib,recorded_in_fold_manifest,20260821T164332Z_490383ff__exp_20260903T170029Z_e0883d24
rec_1baca4c69026c972406e,/mnt/d/INFANT CRY/data_set_dbl_split/train/not_baby/3-117883-A-37.wav,not_baby,esc50_source:117883,1,not_baby,0.030040088930513572,0.9699599110694863,original,/mnt/d/INFANT CRY/Models_dbl/experiments/runs/20260821T164332Z_490383ff__exp_20260903T170029Z_e0883d24/candidates/stage1_mfcc_svm/seed_42/fold_1/attempt_1/model.joblib,recorded_in_fold_manifest,20260821T164332Z_490383ff__exp_20260903T170029Z_e0883d24
rec_6ddaa520a463243174f3,/mnt/d/INFANT CRY/data_set_dbl_split/train/not_baby/3-118658-A-41.wav,not_baby,esc50_source:118658,1,not_baby,3.7446150221054545e-06,0.9999962553849779,original,/mnt/d/INFANT CRY/Models_dbl/experiments/runs/20260821T164332Z_490383ff__exp_20260903T170029Z_e0883d24/candidates/stage1_mfcc_svm/seed_42/fold_1/attempt_1/model.joblib,recorded_in_fold_manifest,20260821T164332Z_490383ff__exp_20260903T170029Z_e0883d24
rec_ed877a27d02a7e1aa70b,/mnt/d/INFANT CRY/data_set_dbl_split/train/not_baby/3-118658-B-41.wav,not_baby,esc50_source:118658,1,not_baby,1.0191224693937177e-05,0.9999898087753061,original,/mnt/d/INFANT CRY/Models_dbl/experiments/runs/20260821T164332Z_490383ff__exp_20260903T170029Z_e0883d24/candidates/stage1_mfcc_svm/seed_42/fold_1/attempt_1/model.joblib,recorded_in_fold_manifest,20260821T164332Z_490383ff__exp_20260903T170029Z_e0883d24
rec_62c498d4f52b4ed52dd1,/mnt/d/INFANT CRY/data_set_dbl_split/train/not_baby/3-128512-A-47.wav,not_baby,esc50_source:128512,1,not_baby,3.43996230396071e-13,0.999999999999656,original,/mnt/d/INFANT CRY/Models_dbl/experiments/runs/20260821T164332Z_490383ff__exp_20260903T170029Z_e0883d24/candidates/stage1_mfcc_svm/seed_42/fold_1/attempt_1/model.joblib,recorded_in_fold_manifest,20260821T164332Z_490383ff__exp_20260903T170029Z_e0883d24
rec_b66fc1817faba0a82757,/mnt/d/INFANT CRY/data_set_dbl_split/train/not_baby/3-128512-B-47.wav,not_baby,esc50_source:128512,1,not_baby,2.6259693890006417e-11,0.9999999999737403,original,/mnt/d/INFANT CRY/Models_dbl/experiments/runs/20260821T164332Z_490383ff__exp_20260903T170029Z_e0883d24/candidates/stage1_mfcc_svm/seed_42/fold_1/attempt_1/model.joblib,recorded_in_fold_manifest,20260821T164332Z_490383ff__exp_20260903T170029Z_e0883d24
rec_65feea339842c48fdb84,/mnt/d/INFANT CRY/data_set_dbl_split/train/not_baby/3-132830-A-32.wav,not_baby,esc50_source:132830,1,not_baby,1.6737865197965755e-08,0.9999999832621348,original,/mnt/d/INFANT CRY/Models_dbl/experiments/runs/20260821T164332Z_490383ff__exp_20260903T170029Z_e0883d24/candidates/stage1_mfcc_svm/seed_42/fold_1/attempt_1/model.joblib,recorded_in_fold_manifest,20260821T164332Z_490383ff__exp_20260903T170029Z_e0883d24
rec_0adb24464f885944d145,/mnt/d/INFANT CRY/data_set_dbl_split/train/not_baby/3-134049-A-1.wav,not_baby,esc50_source:134049,1,not_baby,0.025971717432343593,0.9740282825676564,original,/mnt/d/INFANT CRY/Models_dbl/experiments/runs/20260821T164332Z_490383ff__exp_20260903T170029Z_e0883d24/candidates/stage1_mfcc_svm/seed_42/fold_1/attempt_1/model.joblib,recorded_in_fold_manifest,20260821T164332Z_490383ff__exp_20260903T170029Z_e0883d24
rec_5c071d5824e91ac844a4,/mnt/d/INFANT CRY/data_set_dbl_split/train/not_baby/3-135650-A-45.wav,not_baby,esc50_source:135650,1,not_baby,1.179728783917206e-10,0.9999999998820271,original,/mnt/d/INFANT CRY/Models_dbl/experiments/runs/20260821T164332Z_490383ff__exp_20260903T170029Z_e0883d24/candidates/stage1_mfcc_svm/seed_42/fold_1/attempt_1/model.joblib,recorded_in_fold_manifest,20260821T164332Z_490383ff__exp_20260903T170029Z_e0883d24
rec_e39ceaad22aeb140062c,/mnt/d/INFANT CRY/data_set_dbl_split/train/not_baby/3-135650-B-45.wav,not_baby,esc50_source:135650,1,not_baby,3.078804544617285e-10,0.9999999996921196,original,/mnt/d/INFANT CRY/Models_dbl/experiments/runs/20260821T164332Z_490383ff__exp_20260903T170029Z_e0883d24/candidates/stage1_mfcc_svm/seed_42/fold_1/attempt_1/model.joblib,recorded_in_fold_manifest,20260821T164332Z_490383ff__exp_20260903T170029Z_e0883d24
rec_c93daa85a1a136f95904,/mnt/d/INFANT CRY/data_set_dbl_split/train/not_baby/3-138212-A-45.wav,not_baby,esc50_source:138212,1,not_baby,0.00399933223368773,0.9960006677663122,original,/mnt/d/INFANT CRY/Models_dbl/experiments/runs/20260821T164332Z_490383ff__exp_20260903T170029Z_e0883d24/candidates/stage1_mfcc_svm/seed_42/fold_1/attempt_1/model.joblib,recorded_in_fold_manifest,20260821T164332Z_490383ff__exp_20260903T170029Z_e0883d24
rec_0decac0b55f8bcf62d0f,/mnt/d/INFANT CRY/data_set_dbl_split/train/not_baby/3-139109-A-46.wav,not_baby,esc50_source:139109,1,not_baby,9.768768023554155e-07,0.9999990231231977,original,/mnt/d/INFANT CRY/Models_dbl/experiments/runs/20260821T164332Z_490383ff__exp_20260903T170029Z_e0883d24/candidates/stage1_mfcc_svm/seed_42/fold_1/attempt_1/model.joblib,recorded_in_fold_manifest,20260821T164332Z_490383ff__exp_20260903T170029Z_e0883d24
rec_bb15c0cde0f114d62c02,/mnt/d/INFANT CRY/data_set_dbl_split/train/not_baby/3-142006-A-10.wav,not_baby,esc50_source:142006,1,not_baby,9.031096798904911e-09,0.9999999909689032,original,/mnt/d/INFANT CRY/Models_dbl/experiments/runs/20260821T164332Z_490383ff__exp_20260903T170029Z_e0883d24/candidates/stage1_mfcc_svm/seed_42/fold_1/attempt_1/model.joblib,recorded_in_fold_manifest,20260821T164332Z_490383ff__exp_20260903T170029Z_e0883d24
rec_ccafd5b06dadc3c3bbf9,/mnt/d/INFANT CRY/data_set_dbl_split/train/not_baby/3-142601-A-21.wav,not_baby,esc50_source:142601,1,not_baby,0.003005202371546979,0.996994797628453,original,/mnt/d/INFANT CRY/Models_dbl/experiments/runs/20260821T164332Z_490383ff__exp_20260903T170029Z_e0883d24/candidates/stage1_mfcc_svm/seed_42/fold_1/attempt_1/model.joblib,recorded_in_fold_manifest,20260821T164332Z_490383ff__exp_20260903T170029Z_e0883d24
rec_4ad105cff4ca9a7d9201,/mnt/d/INFANT CRY/data_set_dbl_split/train/not_baby/3-143119-A-21.wav,not_baby,esc50_source:143119,1,not_baby,0.02912353877616154,0.9708764612238385,original,/mnt/d/INFANT CRY/Models_dbl/experiments/runs/20260821T164332Z_490383ff__exp_20260903T170029Z_e0883d24/candidates/stage1_mfcc_svm/seed_42/fold_1/attempt_1/model.joblib,recorded_in_fold_manifest,20260821T164332Z_490383ff__exp_20260903T170029Z_e0883d24
rec_7837c9ab542a3c22431d,/mnt/d/INFANT CRY/data_set_dbl_split/train/not_baby/3-144259-A-29.wav,not_baby,esc50_source:144259,1,not_baby,0.0037877041227015154,0.9962122958772985,original,/mnt/d/INFANT CRY/Models_dbl/experiments/runs/20260821T164332Z_490383ff__exp_20260903T170029Z_e0883d24/candidates/stage1_mfcc_svm/seed_42/fold_1/attempt_1/model.joblib,recorded_in_fold_manifest,20260821T164332Z_490383ff__exp_20260903T170029Z_e0883d24
rec_023bbf0d96d592fc07ba,/mnt/d/INFANT CRY/data_set_dbl_split/train/not_baby/3-145387-A-29.wav,not_baby,esc50_source:145387,1,not_baby,2.560153102876917e-09,0.9999999974398469,original,/mnt/d/INFANT CRY/Models_dbl/experiments/runs/20260821T164332Z_490383ff__exp_20260903T170029Z_e0883d24/candidates/stage1_mfcc_svm/seed_42/fold_1/attempt_1/model.joblib,recorded_in_fold_manifest,20260821T164332Z_490383ff__exp_20260903T170029Z_e0883d24
rec_848fc602b692aa35f2a7,/mnt/d/INFANT CRY/data_set_dbl_split/train/not_baby/3-145487-A-24.wav,not_baby,esc50_source:145487,1,not_baby,1.8098135539845554e-07,0.9999998190186447,original,/mnt/d/INFANT CRY/Models_dbl/experiments/runs/20260821T164332Z_490383ff__exp_20260903T170029Z_e0883d24/candidates/stage1_mfcc_svm/seed_42/fold_1/attempt_1/model.joblib,recorded_in_fold_manifest,20260821T164332Z_490383ff__exp_20260903T170029Z_e0883d24
rec_d1bf1068e3822bf6dc39,/mnt/d/INFANT CRY/data_set_dbl_split/train/not_baby/3-145774-A-12.wav,not_baby,esc50_source:145774,1,not_baby,3.000000899999981e-14,0.99999999999997,original,/mnt/d/INFANT CRY/Models_dbl/experiments/runs/20260821T164332Z_490383ff__exp_20260903T170029Z_e0883d24/candidates/stage1_mfcc_svm/seed_42/fold_1/attempt_1/model.joblib,recorded_in_fold_manifest,20260821T164332Z_490383ff__exp_20260903T170029Z_e0883d24
rec_86dae88c40871587f7bb,/mnt/d/INFANT CRY/data_set_dbl_split/train/not_baby/3-146964-A-5.wav,not_baby,esc50_source:146964,1,not_baby,0.1272797210512523,0.8727202789487477,original,/mnt/d/INFANT CRY/Models_dbl/experiments/runs/20260821T164332Z_490383ff__exp_20260903T170029Z_e0883d24/candidates/stage1_mfcc_svm/seed_42/fold_1/attempt_1/model.joblib,recorded_in_fold_manifest,20260821T164332Z_490383ff__exp_20260903T170029Z_e0883d24
rec_d62c294a65206a2bf4dd,/mnt/d/INFANT CRY/data_set_dbl_split/train/not_baby/3-147342-A-34.wav,not_baby,esc50_source:147342,1,not_baby,0.3530936354554652,0.6469063645445348,original,/mnt/d/INFANT CRY/Models_dbl/experiments/runs/20260821T164332Z_490383ff__exp_20260903T170029Z_e0883d24/candidates/stage1_mfcc_svm/seed_42/fold_1/attempt_1/model.joblib,recorded_in_fold_manifest,20260821T164332Z_490383ff__exp_20260903T170029Z_e0883d24
rec_02deca40499976ca5400,/mnt/d/INFANT CRY/data_set_dbl_split/train/not_baby/3-149189-A-1.wav,not_baby,esc50_source:149189,1,not_baby,0.01113160642755716,0.9888683935724428,original,/mnt/d/INFANT CRY/Models_dbl/experiments/runs/20260821T164332Z_490383ff__exp_20260903T170029Z_e0883d24/candidates/stage1_mfcc_svm/seed_42/fold_1/attempt_1/model.joblib,recorded_in_fold_manifest,20260821T164332Z_490383ff__exp_20260903T170029Z_e0883d24
rec_195991f21b0c4bab4daa,/mnt/d/INFANT CRY/data_set_dbl_split/train/not_baby/3-151206-A-23.wav,not_baby,esc50_source:151206,1,not_baby,1.8402218472387676e-08,0.9999999815977815,original,/mnt/d/INFANT CRY/Models_dbl/experiments/runs/20260821T164332Z_490383ff__exp_20260903T170029Z_e0883d24/candidates/stage1_mfcc_svm/seed_42/fold_1/attempt_1/model.joblib,recorded_in_fold_manifest,20260821T164332Z_490383ff__exp_20260903T170029Z_e0883d24
rec_7f527ba19fdecbb7587e,/mnt/d/INFANT CRY/data_set_dbl_split/train/not_baby/3-151273-A-35.wav,not_baby,esc50_source:151273,1,not_baby,1.2001146901591904e-06,0.9999987998853098,original,/mnt/d/INFANT CRY/Models_dbl/experiments/runs/20260821T164332Z_490383ff__exp_20260903T170029Z_e0883d24/candidates/stage1_mfcc_svm/seed_42/fold_1/attempt_1/model.joblib,recorded_in_fold_manifest,20260821T164332Z_490383ff__exp_20260903T170029Z_e0883d24
rec_3cef2c45f11ddda6f25b,/mnt/d/INFANT CRY/data_set_dbl_split/train/not_baby/3-153444-A-32.wav,not_baby,esc50_source:153444,1,not_baby,5.941957901754835e-12,0.9999999999940581,original,/mnt/d/INFANT CRY/Models_dbl/experiments/runs/20260821T164332Z_490383ff__exp_20260903T170029Z_e0883d24/candidates/stage1_mfcc_svm/seed_42/fold_1/attempt_1/model.joblib,recorded_in_fold_manifest,20260821T164332Z_490383ff__exp_20260903T170029Z_e0883d24
rec_989ae147e57398c2c0f1,/mnt/d/INFANT CRY/data_set_dbl_split/train/not_baby/3-154781-A-32.wav,not_baby,esc50_source:154781,1,not_baby,0.011971479333651183,0.9880285206663488,original,/mnt/d/INFANT CRY/Models_dbl/experiments/runs/20260821T164332Z_490383ff__exp_20260903T170029Z_e0883d24/candidates/stage1_mfcc_svm/seed_42/fold_1/attempt_1/model.joblib,recorded_in_fold_manifest,20260821T164332Z_490383ff__exp_20260903T170029Z_e0883d24
rec_e9d8504af2c5902de4c4,/mnt/d/INFANT CRY/data_set_dbl_split/train/not_baby/3-155577-A-14.wav,not_baby,esc50_source:155577,1,not_baby,1.1708370623643737e-06,0.9999988291629377,original,/mnt/d/INFANT CRY/Models_dbl/experiments/runs/20260821T164332Z_490383ff__exp_20260903T170029Z_e0883d24/candidates/stage1_mfcc_svm/seed_42/fold_1/attempt_1/model.joblib,recorded_in_fold_manifest,20260821T164332Z_490383ff__exp_20260903T170029Z_e0883d24
rec_1d53a0df701a8b7052de,/mnt/d/INFANT CRY/data_set_dbl_split/train/not_baby/3-155584-A-14.wav,not_baby,esc50_source:155584,1,not_baby,0.014989058017049795,0.9850109419829502,original,/mnt/d/INFANT CRY/Models_dbl/experiments/runs/20260821T164332Z_490383ff__exp_20260903T170029Z_e0883d24/candidates/stage1_mfcc_svm/seed_42/fold_1/attempt_1/model.joblib,recorded_in_fold_manifest,20260821T164332Z_490383ff__exp_20260903T170029Z_e0883d24
rec_9263362c47f59185be68,/mnt/d/INFANT CRY/data_set_dbl_split/train/not_baby/3-158476-A-12.wav,not_baby,esc50_source:158476,1,not_baby,3.000000899999981e-14,0.99999999999997,original,/mnt/d/INFANT CRY/Models_dbl/experiments/runs/20260821T164332Z_490383ff__exp_20260903T170029Z_e0883d24/candidates/stage1_mfcc_svm/seed_42/fold_1/attempt_1/model.joblib,recorded_in_fold_manifest,20260821T164332Z_490383ff__exp_20260903T170029Z_e0883d24
rec_67be7f75e838c953276c,/mnt/d/INFANT CRY/data_set_dbl_split/train/not_baby/3-161500-A-17.wav,not_baby,esc50_source:161500,1,not_baby,1.3699799630802207e-06,0.999998630020037,original,/mnt/d/INFANT CRY/Models_dbl/experiments/runs/20260821T164332Z_490383ff__exp_20260903T170029Z_e0883d24/candidates/stage1_mfcc_svm/seed_42/fold_1/attempt_1/model.joblib,recorded_in_fold_manifest,20260821T164332Z_490383ff__exp_20260903T170029Z_e0883d24
rec_3e6a0b867e23afe8d357,/mnt/d/INFANT CRY/data_set_dbl_split/train/not_baby/3-163607-A-13.wav,not_baby,esc50_source:163607,1,not_baby,1.0001265339939802e-13,0.9999999999999,original,/mnt/d/INFANT CRY/Models_dbl/experiments/runs/20260821T164332Z_490383ff__exp_20260903T170029Z_e0883d24/candidates/stage1_mfcc_svm/seed_42/fold_1/attempt_1/model.joblib,recorded_in_fold_manifest,20260821T164332Z_490383ff__exp_20260903T170029Z_e0883d24
rec_713541ed60557635040c,/mnt/d/INFANT CRY/data_set_dbl_split/train/not_baby/3-163607-B-13.wav,not_baby,esc50_source:163607,1,not_baby,6.221618813431956e-12,0.9999999999937784,original,/mnt/d/INFANT CRY/Models_dbl/experiments/runs/20260821T164332Z_490383ff__exp_20260903T170029Z_e0883d24/candidates/stage1_mfcc_svm/seed_42/fold_1/attempt_1/model.joblib,recorded_in_fold_manifest,20260821T164332Z_490383ff__exp_20260903T170029Z_e0883d24
rec_93df184dc22bbfcb183f,/mnt/d/INFANT CRY/data_set_dbl_split/train/not_baby/3-164120-A-11.wav,not_baby,esc50_source:164120,1,not_baby,1.418082309561063e-05,0.9999858191769044,original,/mnt/d/INFANT CRY/Models_dbl/experiments/runs/20260821T164332Z_490383ff__exp_20260903T170029Z_e0883d24/candidates/stage1_mfcc_svm/seed_42/fold_1/attempt_1/model.joblib,recorded_in_fold_manifest,20260821T164332Z_490383ff__exp_20260903T170029Z_e0883d24
rec_34af26019d43ef949fc9,/mnt/d/INFANT CRY/data_set_dbl_split/train/not_baby/3-166546-A-34.wav,not_baby,esc50_source:166546,1,not_baby,5.960394100536787e-11,0.9999999999403961,original,/mnt/d/INFANT CRY/Models_dbl/experiments/runs/20260821T164332Z_490383ff__exp_20260903T170029Z_e0883d24/candidates/stage1_mfcc_svm/seed_42/fold_1/attempt_1/model.joblib,recorded_in_fold_manifest,20260821T164332Z_490383ff__exp_20260903T170029Z_e0883d24
rec_d4ce08701039e1374daa,/mnt/d/INFANT CRY/data_set_dbl_split/train/not_baby/3-166546-B-34.wav,not_baby,esc50_source:166546,1,not_baby,9.96917798350617e-10,0.9999999990030822,original,/mnt/d/INFANT CRY/Models_dbl/experiments/runs/20260821T164332Z_490383ff__exp_20260903T170029Z_e0883d24/candidates/stage1_mfcc_svm/seed_42/fold_1/attempt_1/model.joblib,recorded_in_fold_manifest,20260821T164332Z_490383ff__exp_20260903T170029Z_e0883d24
rec_fea6ce593b3dbea2459d,/mnt/d/INFANT CRY/data_set_dbl_split/train/not_baby/3-170851-A-31.wav,not_baby,esc50_source:170851,1,not_baby,8.85300213010655e-06,0.99999114699787,original,/mnt/d/INFANT CRY/Models_dbl/experiments/runs/20260821T164332Z_490383ff__exp_20260903T170029Z_e0883d24/candidates/stage1_mfcc_svm/seed_42/fold_1/attempt_1/model.joblib,recorded_in_fold_manifest,20260821T164332Z_490383ff__exp_20260903T170029Z_e0883d24
rec_b5ae4deae4906055e68c,/mnt/d/INFANT CRY/data_set_dbl_split/train/not_baby/3-172881-A-48.wav,not_baby,esc50_source:172881,1,not_baby,8.557106657615761e-07,0.9999991442893342,original,/mnt/d/INFANT CRY/Models_dbl/experiments/runs/20260821T164332Z_490383ff__exp_20260903T170029Z_e0883d24/candidates/stage1_mfcc_svm/seed_42/fold_1/attempt_1/model.joblib,recorded_in_fold_manifest,20260821T164332Z_490383ff__exp_20260903T170029Z_e0883d24
rec_cbbbdba773e50330ab83,/mnt/d/INFANT CRY/data_set_dbl_split/train/not_baby/3-181132-A-14.wav,not_baby,esc50_source:181132,1,not_baby,1.3568048997329545e-06,0.9999986431951002,original,/mnt/d/INFANT CRY/Models_dbl/experiments/runs/20260821T164332Z_490383ff__exp_20260903T170029Z_e0883d24/candidates/stage1_mfcc_svm/seed_42/fold_1/attempt_1/model.joblib,recorded_in_fold_manifest,20260821T164332Z_490383ff__exp_20260903T170029Z_e0883d24
rec_b7828a0902bd62e6a2f5,/mnt/d/INFANT CRY/data_set_dbl_split/train/not_baby/3-182025-A-30.wav,not_baby,esc50_source:182025,1,not_baby,2.2945601896825606e-09,0.9999999977054398,original,/mnt/d/INFANT CRY/Models_dbl/experiments/runs/20260821T164332Z_490383ff__exp_20260903T170029Z_e0883d24/candidates/stage1_mfcc_svm/seed_42/fold_1/attempt_1/model.joblib,recorded_in_fold_manifest,20260821T164332Z_490383ff__exp_20260903T170029Z_e0883d24
rec_b563bad6214703d29b79,/mnt/d/INFANT CRY/data_set_dbl_split/train/not_baby/3-185313-A-31.wav,not_baby,esc50_source:185313,1,not_baby,4.059293853792994e-06,0.9999959407061462,original,/mnt/d/INFANT CRY/Models_dbl/experiments/runs/20260821T164332Z_490383ff__exp_20260903T170029Z_e0883d24/candidates/stage1_mfcc_svm/seed_42/fold_1/attempt_1/model.joblib,recorded_in_fold_manifest,20260821T164332Z_490383ff__exp_20260903T170029Z_e0883d24
rec_74471163c5cf08baa8d9,/mnt/d/INFANT CRY/data_set_dbl_split/train/not_baby/3-188726-A-35.wav,not_baby,esc50_source:188726,1,not_baby,1.653932291504597e-10,0.9999999998346069,original,/mnt/d/INFANT CRY/Models_dbl/experiments/runs/20260821T164332Z_490383ff__exp_20260903T170029Z_e0883d24/candidates/stage1_mfcc_svm/seed_42/fold_1/attempt_1/model.joblib,recorded_in_fold_manifest,20260821T164332Z_490383ff__exp_20260903T170029Z_e0883d24
rec_83f230ff69bd10905c3b,/mnt/d/INFANT CRY/data_set_dbl_split/train/not_baby/3-193767-A-47.wav,not_baby,esc50_source:193767,1,not_baby,0.003514569400589126,0.9964854305994109,original,/mnt/d/INFANT CRY/Models_dbl/experiments/runs/20260821T164332Z_490383ff__exp_20260903T170029Z_e0883d24/candidates/stage1_mfcc_svm/seed_42/fold_1/attempt_1/model.joblib,recorded_in_fold_manifest,20260821T164332Z_490383ff__exp_20260903T170029Z_e0883d24
rec_4e49e06bdd34913f8bc2,/mnt/d/INFANT CRY/data_set_dbl_split/train/not_baby/3-203377-A-39.wav,not_baby,esc50_source:203377,1,not_baby,0.006285922121750895,0.9937140778782491,original,/mnt/d/INFANT CRY/Models_dbl/experiments/runs/20260821T164332Z_490383ff__exp_20260903T170029Z_e0883d24/candidates/stage1_mfcc_svm/seed_42/fold_1/attempt_1/model.joblib,recorded_in_fold_manifest,20260821T164332Z_490383ff__exp_20260903T170029Z_e0883d24
rec_9b9c3477fa605d6d710a,/mnt/d/INFANT CRY/data_set_dbl_split/train/not_baby/3-20861-A-8.wav,not_baby,esc50_source:20861,1,not_baby,0.020188418469287282,0.9798115815307127,original,/mnt/d/INFANT CRY/Models_dbl/experiments/runs/20260821T164332Z_490383ff__exp_20260903T170029Z_e0883d24/candidates/stage1_mfcc_svm/seed_42/fold_1/attempt_1/model.joblib,recorded_in_fold_manifest,20260821T164332Z_490383ff__exp_20260903T170029Z_e0883d24
rec_35c4edcff81ff294ea56,/mnt/d/INFANT CRY/data_set_dbl_split/train/not_baby/3-216281-A-39.wav,not_baby,esc50_source:216281,1,not_baby,0.02054588297077665,0.9794541170292234,original,/mnt/d/INFANT CRY/Models_dbl/experiments/runs/20260821T164332Z_490383ff__exp_20260903T170029Z_e0883d24/candidates/stage1_mfcc_svm/seed_42/fold_1/attempt_1/model.joblib,recorded_in_fold_manifest,20260821T164332Z_490383ff__exp_20260903T170029Z_e0883d24
rec_314d4be5c798187b2a64,/mnt/d/INFANT CRY/data_set_dbl_split/train/not_baby/3-257858-A-2.wav,not_baby,esc50_source:257858,1,not_baby,1.6888724764607355e-08,0.9999999831112752,original,/mnt/d/INFANT CRY/Models_dbl/experiments/runs/20260821T164332Z_490383ff__exp_20260903T170029Z_e0883d24/candidates/stage1_mfcc_svm/seed_42/fold_1/attempt_1/model.joblib,recorded_in_fold_manifest,20260821T164332Z_490383ff__exp_20260903T170029Z_e0883d24
rec_f7dc55f15d84b1816378,/mnt/d/INFANT CRY/data_set_dbl_split/train/not_baby/3-51909-A-42.wav,not_baby,esc50_source:51909,1,not_baby,0.02419992820091034,0.9758000717990897,original,/mnt/d/INFANT CRY/Models_dbl/experiments/runs/20260821T164332Z_490383ff__exp_20260903T170029Z_e0883d24/candidates/stage1_mfcc_svm/seed_42/fold_1/attempt_1/model.joblib,recorded_in_fold_manifest,20260821T164332Z_490383ff__exp_20260903T170029Z_e0883d24
rec_4da08d7250369bcbca5d,/mnt/d/INFANT CRY/data_set_dbl_split/train/not_baby/3-51909-B-42.wav,not_baby,esc50_source:51909,1,not_baby,0.03893627774346129,0.9610637222565387,original,/mnt/d/INFANT CRY/Models_dbl/experiments/runs/20260821T164332Z_490383ff__exp_20260903T170029Z_e0883d24/candidates/stage1_mfcc_svm/seed_42/fold_1/attempt_1/model.joblib,recorded_in_fold_manifest,20260821T164332Z_490383ff__exp_20260903T170029Z_e0883d24
rec_2f82d93cb934789c39d0,/mnt/d/INFANT CRY/data_set_dbl_split/train/not_baby/3-58772-A-42.wav,not_baby,esc50_source:58772,1,not_baby,0.04858299745352313,0.9514170025464769,original,/mnt/d/INFANT CRY/Models_dbl/experiments/runs/20260821T164332Z_490383ff__exp_20260903T170029Z_e0883d24/candidates/stage1_mfcc_svm/seed_42/fold_1/attempt_1/model.joblib,recorded_in_fold_manifest,20260821T164332Z_490383ff__exp_20260903T170029Z_e0883d24
rec_946387d6f28b9a40addc,/mnt/d/INFANT CRY/data_set_dbl_split/train/not_baby/3-68630-A-40.wav,not_baby,esc50_source:68630,1,not_baby,7.320561811448773e-07,0.9999992679438189,original,/mnt/d/INFANT CRY/Models_dbl/experiments/runs/20260821T164332Z_490383ff__exp_20260903T170029Z_e0883d24/candidates/stage1_mfcc_svm/seed_42/fold_1/attempt_1/model.joblib,recorded_in_fold_manifest,20260821T164332Z_490383ff__exp_20260903T170029Z_e0883d24
rec_5895a871d133bf4af47b,/mnt/d/INFANT CRY/data_set_dbl_split/train/not_baby/3-68630-B-40.wav,not_baby,esc50_source:68630,1,not_baby,6.554113249137549e-07,0.9999993445886751,original,/mnt/d/INFANT CRY/Models_dbl/experiments/runs/20260821T164332Z_490383ff__exp_20260903T170029Z_e0883d24/candidates/stage1_mfcc_svm/seed_42/fold_1/attempt_1/model.joblib,recorded_in_fold_manifest,20260821T164332Z_490383ff__exp_20260903T170029Z_e0883d24
rec_2d63db7cee684016c304,/mnt/d/INFANT CRY/data_set_dbl_split/train/not_baby/3-68630-C-40.wav,not_baby,esc50_source:68630,1,not_baby,1.2285447374626375e-06,0.9999987714552625,original,/mnt/d/INFANT CRY/Models_dbl/experiments/runs/20260821T164332Z_490383ff__exp_20260903T170029Z_e0883d24/candidates/stage1_mfcc_svm/seed_42/fold_1/attempt_1/model.joblib,recorded_in_fold_manifest,20260821T164332Z_490383ff__exp_20260903T170029Z_e0883d24
rec_1b01f868ffa47af734e0,/mnt/d/INFANT CRY/data_set_dbl_split/train/not_baby/3-98193-A-46.wav,not_baby,esc50_source:98193,1,not_baby,0.017519294510910558,0.9824807054890894,original,/mnt/d/INFANT CRY/Models_dbl/experiments/runs/20260821T164332Z_490383ff__exp_20260903T170029Z_e0883d24/candidates/stage1_mfcc_svm/seed_42/fold_1/attempt_1/model.joblib,recorded_in_fold_manifest,20260821T164332Z_490383ff__exp_20260903T170029Z_e0883d24
rec_e460b7a9b2a50dbea8af,/mnt/d/INFANT CRY/data_set_dbl_split/train/not_baby/4-125070-A-19.wav,not_baby,esc50_source:125070,1,not_baby,1.590513354049269e-05,0.9999840948664596,original,/mnt/d/INFANT CRY/Models_dbl/experiments/runs/20260821T164332Z_490383ff__exp_20260903T170029Z_e0883d24/candidates/stage1_mfcc_svm/seed_42/fold_1/attempt_1/model.joblib,recorded_in_fold_manifest,20260821T164332Z_490383ff__exp_20260903T170029Z_e0883d24
rec_95f767c2e45dbf68ba2c,/mnt/d/INFANT CRY/data_set_dbl_split/train/not_baby/4-126532-A-18.wav,not_baby,esc50_source:126532,1,not_baby,0.06927380499251523,0.9307261950074849,original,/mnt/d/INFANT CRY/Models_dbl/experiments/runs/20260821T164332Z_490383ff__exp_20260903T170029Z_e0883d24/candidates/stage1_mfcc_svm/seed_42/fold_1/attempt_1/model.joblib,recorded_in_fold_manifest,20260821T164332Z_490383ff__exp_20260903T170029Z_e0883d24
rec_2048b98f455efeb1664c,/mnt/d/INFANT CRY/data_set_dbl_split/train/not_baby/4-128659-A-33.wav,not_baby,esc50_source:128659,1,not_baby,0.0027514585329034926,0.9972485414670965,original,/mnt/d/INFANT CRY/Models_dbl/experiments/runs/20260821T164332Z_490383ff__exp_20260903T170029Z_e0883d24/candidates/stage1_mfcc_svm/seed_42/fold_1/attempt_1/model.joblib,recorded_in_fold_manifest,20260821T164332Z_490383ff__exp_20260903T170029Z_e0883d24
rec_9611d59701987a2fa7e4,/mnt/d/INFANT CRY/data_set_dbl_split/train/not_baby/4-132383-A-2.wav,not_baby,esc50_source:132383,1,not_baby,1.817979023851861e-09,0.999999998182021,original,/mnt/d/INFANT CRY/Models_dbl/experiments/runs/20260821T164332Z_490383ff__exp_20260903T170029Z_e0883d24/candidates/stage1_mfcc_svm/seed_42/fold_1/attempt_1/model.joblib,recorded_in_fold_manifest,20260821T164332Z_490383ff__exp_20260903T170029Z_e0883d24
rec_3de95d27480c1e3a46cc,/mnt/d/INFANT CRY/data_set_dbl_split/train/not_baby/4-132383-B-2.wav,not_baby,esc50_source:132383,1,not_baby,0.07135371090256892,0.928646289097431,original,/mnt/d/INFANT CRY/Models_dbl/experiments/runs/20260821T164332Z_490383ff__exp_20260903T170029Z_e0883d24/candidates/stage1_mfcc_svm/seed_42/fold_1/attempt_1/model.joblib,recorded_in_fold_manifest,20260821T164332Z_490383ff__exp_20260903T170029Z_e0883d24
rec_a2fb9930f875dc14ed46,/mnt/d/INFANT CRY/data_set_dbl_split/train/not_baby/4-141365-A-18.wav,not_baby,esc50_source:141365,1,not_baby,0.006065655057222487,0.9939343449427775,original,/mnt/d/INFANT CRY/Models_dbl/experiments/runs/20260821T164332Z_490383ff__exp_20260903T170029Z_e0883d24/candidates/stage1_mfcc_svm/seed_42/fold_1/attempt_1/model.joblib,recorded_in_fold_manifest,20260821T164332Z_490383ff__exp_20260903T170029Z_e0883d24
rec_3ee03e87ff7889119e7e,/mnt/d/INFANT CRY/data_set_dbl_split/train/not_baby/4-156227-A-9.wav,not_baby,esc50_source:156227,1,not_baby,8.974354973632863e-12,0.9999999999910256,original,/mnt/d/INFANT CRY/Models_dbl/experiments/runs/20260821T164332Z_490383ff__exp_20260903T170029Z_e0883d24/candidates/stage1_mfcc_svm/seed_42/fold_1/attempt_1/model.joblib,recorded_in_fold_manifest,20260821T164332Z_490383ff__exp_20260903T170029Z_e0883d24
rec_d52142b3d73694211f9a,/mnt/d/INFANT CRY/data_set_dbl_split/train/not_baby/4-156844-A-21.wav,not_baby,esc50_source:156844,1,not_baby,4.3032579206693e-06,0.9999956967420792,original,/mnt/d/INFANT CRY/Models_dbl/experiments/runs/20260821T164332Z_490383ff__exp_20260903T170029Z_e0883d24/candidates/stage1_mfcc_svm/seed_42/fold_1/attempt_1/model.joblib,recorded_in_fold_manifest,20260821T164332Z_490383ff__exp_20260903T170029Z_e0883d24
rec_0482a9ae05790178487f,/mnt/d/INFANT CRY/data_set_dbl_split/train/not_baby/4-156993-A-19.wav,not_baby,esc50_source:156993,1,not_baby,1.8929991119766576e-08,0.9999999810700089,original,/mnt/d/INFANT CRY/Models_dbl/experiments/runs/20260821T164332Z_490383ff__exp_20260903T170029Z_e0883d24/candidates/stage1_mfcc_svm/seed_42/fold_1/attempt_1/model.joblib,recorded_in_fold_manifest,20260821T164332Z_490383ff__exp_20260903T170029Z_e0883d24
rec_5e83bcd97bf6afde0809,/mnt/d/INFANT CRY/data_set_dbl_split/train/not_baby/4-161100-A-47.wav,not_baby,esc50_source:161100,1,not_baby,0.15198439871759892,0.848015601282401,original,/mnt/d/INFANT CRY/Models_dbl/experiments/runs/20260821T164332Z_490383ff__exp_20260903T170029Z_e0883d24/candidates/stage1_mfcc_svm/seed_42/fold_1/attempt_1/model.joblib,recorded_in_fold_manifest,20260821T164332Z_490383ff__exp_20260903T170029Z_e0883d24
rec_7e7c745288728e89493b,/mnt/d/INFANT CRY/data_set_dbl_split/train/not_baby/4-165606-A-45.wav,not_baby,esc50_source:165606,1,not_baby,3.2815685235011924e-10,0.9999999996718432,original,/mnt/d/INFANT CRY/Models_dbl/experiments/runs/20260821T164332Z_490383ff__exp_20260903T170029Z_e0883d24/candidates/stage1_mfcc_svm/seed_42/fold_1/attempt_1/model.joblib,recorded_in_fold_manifest,20260821T164332Z_490383ff__exp_20260903T170029Z_e0883d24
rec_fc8c59152bc5207c408d,/mnt/d/INFANT CRY/data_set_dbl_split/train/not_baby/4-165845-A-45.wav,not_baby,esc50_source:165845,1,not_baby,5.913333535663065e-09,0.9999999940866665,original,/mnt/d/INFANT CRY/Models_dbl/experiments/runs/20260821T164332Z_490383ff__exp_20260903T170029Z_e0883d24/candidates/stage1_mfcc_svm/seed_42/fold_1/attempt_1/model.joblib,recorded_in_fold_manifest,20260821T164332Z_490383ff__exp_20260903T170029Z_e0883d24
rec_54900be847851a1d6638,/mnt/d/INFANT CRY/data_set_dbl_split/train/not_baby/4-165845-B-45.wav,not_baby,esc50_source:165845,1,not_baby,6.578414715277922e-10,0.9999999993421586,original,/mnt/d/INFANT CRY/Models_dbl/experiments/runs/20260821T164332Z_490383ff__exp_20260903T170029Z_e0883d24/candidates/stage1_mfcc_svm/seed_42/fold_1/attempt_1/model.joblib,recorded_in_fold_manifest,20260821T164332Z_490383ff__exp_20260903T170029Z_e0883d24
rec_ff9264d36c179fe49c7e,/mnt/d/INFANT CRY/data_set_dbl_split/train/not_baby/4-168446-A-45.wav,not_baby,esc50_source:168446,1,not_baby,3.1213443366127557e-07,0.9999996878655664,original,/mnt/d/INFANT CRY/Models_dbl/experiments/runs/20260821T164332Z_490383ff__exp_20260903T170029Z_e0883d24/candidates/stage1_mfcc_svm/seed_42/fold_1/attempt_1/model.joblib,recorded_in_fold_manifest,20260821T164332Z_490383ff__exp_20260903T170029Z_e0883d24
rec_07792229db86c173f151,/mnt/d/INFANT CRY/data_set_dbl_split/train/not_baby/4-171652-A-44.wav,not_baby,esc50_source:171652,1,not_baby,4.6459937029738784e-09,0.9999999953540062,original,/mnt/d/INFANT CRY/Models_dbl/experiments/runs/20260821T164332Z_490383ff__exp_20260903T170029Z_e0883d24/candidates/stage1_mfcc_svm/seed_42/fold_1/attempt_1/model.joblib,recorded_in_fold_manifest,20260821T164332Z_490383ff__exp_20260903T170029Z_e0883d24
rec_f9c3543c8b543e07af4d,/mnt/d/INFANT CRY/data_set_dbl_split/train/not_baby/4-172366-A-37.wav,not_baby,esc50_source:172366,1,not_baby,0.021443938510227935,0.978556061489772,original,/mnt/d/INFANT CRY/Models_dbl/experiments/runs/20260821T164332Z_490383ff__exp_20260903T170029Z_e0883d24/candidates/stage1_mfcc_svm/seed_42/fold_1/attempt_1/model.joblib,recorded_in_fold_manifest,20260821T164332Z_490383ff__exp_20260903T170029Z_e0883d24
rec_e59ca153b7be581d1ea5,/mnt/d/INFANT CRY/data_set_dbl_split/train/not_baby/4-172377-A-17.wav,not_baby,esc50_source:172377,1,not_baby,0.0034378097649092154,0.9965621902350907,original,/mnt/d/INFANT CRY/Models_dbl/experiments/runs/20260821T164332Z_490383ff__exp_20260903T170029Z_e0883d24/candidates/stage1_mfcc_svm/seed_42/fold_1/attempt_1/model.joblib,recorded_in_fold_manifest,20260821T164332Z_490383ff__exp_20260903T170029Z_e0883d24
rec_f8372839b2a00b6289c0,/mnt/d/INFANT CRY/data_set_dbl_split/train/not_baby/4-175025-A-34.wav,not_baby,esc50_source:175025,1,not_baby,0.026980837981048066,0.9730191620189519,original,/mnt/d/INFANT CRY/Models_dbl/experiments/runs/20260821T164332Z_490383ff__exp_20260903T170029Z_e0883d24/candidates/stage1_mfcc_svm/seed_42/fold_1/attempt_1/model.joblib,recorded_in_fold_manifest,20260821T164332Z_490383ff__exp_20260903T170029Z_e0883d24
rec_040594880bdb1f67b130,/mnt/d/INFANT CRY/data_set_dbl_split/train/not_baby/4-176631-A-43.wav,not_baby,esc50_source:176631,1,not_baby,1.3139800213454501e-08,0.9999999868601998,original,/mnt/d/INFANT CRY/Models_dbl/experiments/runs/20260821T164332Z_490383ff__exp_20260903T170029Z_e0883d24/candidates/stage1_mfcc_svm/seed_42/fold_1/attempt_1/model.joblib,recorded_in_fold_manifest,20260821T164332Z_490383ff__exp_20260903T170029Z_e0883d24
rec_d710c64a20d393fb78be,/mnt/d/INFANT CRY/data_set_dbl_split/train/not_baby/4-177835-A-24.wav,not_baby,esc50_source:177835,1,not_baby,0.03390085240107529,0.9660991475989247,original,/mnt/d/INFANT CRY/Models_dbl/experiments/runs/20260821T164332Z_490383ff__exp_20260903T170029Z_e0883d24/candidates/stage1_mfcc_svm/seed_42/fold_1/attempt_1/model.joblib,recorded_in_fold_manifest,20260821T164332Z_490383ff__exp_20260903T170029Z_e0883d24
rec_3855ae718e11039796e1,/mnt/d/INFANT CRY/data_set_dbl_split/train/not_baby/4-181708-A-32.wav,not_baby,esc50_source:181708,1,not_baby,9.652306607109313e-08,0.9999999034769339,original,/mnt/d/INFANT CRY/Models_dbl/experiments/runs/20260821T164332Z_490383ff__exp_20260903T170029Z_e0883d24/candidates/stage1_mfcc_svm/seed_42/fold_1/attempt_1/model.joblib,recorded_in_fold_manifest,20260821T164332Z_490383ff__exp_20260903T170029Z_e0883d24
rec_8aa8129182edab78171d,/mnt/d/INFANT CRY/data_set_dbl_split/train/not_baby/4-181999-A-36.wav,not_baby,esc50_source:181999,1,not_baby,3.507153478976075e-06,0.999996492846521,original,/mnt/d/INFANT CRY/Models_dbl/experiments/runs/20260821T164332Z_490383ff__exp_20260903T170029Z_e0883d24/candidates/stage1_mfcc_svm/seed_42/fold_1/attempt_1/model.joblib,recorded_in_fold_manifest,20260821T164332Z_490383ff__exp_20260903T170029Z_e0883d24
rec_fe77585a9a8f025f9584,/mnt/d/INFANT CRY/data_set_dbl_split/train/not_baby/4-182041-A-30.wav,not_baby,esc50_source:182041,1,not_baby,0.003727240113166586,0.9962727598868334,original,/mnt/d/INFANT CRY/Models_dbl/experiments/runs/20260821T164332Z_490383ff__exp_20260903T170029Z_e0883d24/candidates/stage1_mfcc_svm/seed_42/fold_1/attempt_1/model.joblib,recorded_in_fold_manifest,20260821T164332Z_490383ff__exp_20260903T170029Z_e0883d24
rec_08fd1c7b4f4fb738131c,/mnt/d/INFANT CRY/data_set_dbl_split/train/not_baby/4-182613-A-11.wav,not_baby,esc50_source:182613,1,not_baby,5.328239193177016e-10,0.9999999994671761,original,/mnt/d/INFANT CRY/Models_dbl/experiments/runs/20260821T164332Z_490383ff__exp_20260903T170029Z_e0883d24/candidates/stage1_mfcc_svm/seed_42/fold_1/attempt_1/model.joblib,recorded_in_fold_manifest,20260821T164332Z_490383ff__exp_20260903T170029Z_e0883d24
rec_193aefe4b372ba881c36,/mnt/d/INFANT CRY/data_set_dbl_split/train/not_baby/4-182613-B-11.wav,not_baby,esc50_source:182613,1,not_baby,4.434344433107633e-09,0.9999999955656557,original,/mnt/d/INFANT CRY/Models_dbl/experiments/runs/20260821T164332Z_490383ff__exp_20260903T170029Z_e0883d24/candidates/stage1_mfcc_svm/seed_42/fold_1/attempt_1/model.joblib,recorded_in_fold_manifest,20260821T164332Z_490383ff__exp_20260903T170029Z_e0883d24
rec_b12501c89c39c40fdd58,/mnt/d/INFANT CRY/data_set_dbl_split/train/not_baby/4-183992-A-0.wav,not_baby,esc50_source:183992,1,not_baby,1.7607581360071823e-07,0.9999998239241864,original,/mnt/d/INFANT CRY/Models_dbl/experiments/runs/20260821T164332Z_490383ff__exp_20260903T170029Z_e0883d24/candidates/stage1_mfcc_svm/seed_42/fold_1/attempt_1/model.joblib,recorded_in_fold_manifest,20260821T164332Z_490383ff__exp_20260903T170029Z_e0883d24
rec_3c1d614c8ad5bceec5ed,/mnt/d/INFANT CRY/data_set_dbl_split/train/not_baby/4-185613-A-32.wav,not_baby,esc50_source:185613,1,not_baby,2.4363870407064004e-09,0.9999999975636129,original,/mnt/d/INFANT CRY/Models_dbl/experiments/runs/20260821T164332Z_490383ff__exp_20260903T170029Z_e0883d24/candidates/stage1_mfcc_svm/seed_42/fold_1/attempt_1/model.joblib,recorded_in_fold_manifest,20260821T164332Z_490383ff__exp_20260903T170029Z_e0883d24
rec_d5ce87dc22c3c5cd9d7d,/mnt/d/INFANT CRY/data_set_dbl_split/train/not_baby/4-186935-A-44.wav,not_baby,esc50_source:186935,1,not_baby,2.989267047706306e-10,0.9999999997010733,original,/mnt/d/INFANT CRY/Models_dbl/experiments/runs/20260821T164332Z_490383ff__exp_20260903T170029Z_e0883d24/candidates/stage1_mfcc_svm/seed_42/fold_1/attempt_1/model.joblib,recorded_in_fold_manifest,20260821T164332Z_490383ff__exp_20260903T170029Z_e0883d24
rec_2434789f14d352f37e69,/mnt/d/INFANT CRY/data_set_dbl_split/train/not_baby/4-186940-A-44.wav,not_baby,esc50_source:186940,1,not_baby,7.477322199644376e-10,0.9999999992522678,original,/mnt/d/INFANT CRY/Models_dbl/experiments/runs/20260821T164332Z_490383ff__exp_20260903T170029Z_e0883d24/candidates/stage1_mfcc_svm/seed_42/fold_1/attempt_1/model.joblib,recorded_in_fold_manifest,20260821T164332Z_490383ff__exp_20260903T170029Z_e0883d24
rec_87a010fcfd6fe656e6a6,/mnt/d/INFANT CRY/data_set_dbl_split/train/not_baby/4-188003-A-34.wav,not_baby,esc50_source:188003,1,not_baby,3.167702124374036e-08,0.9999999683229788,original,/mnt/d/INFANT CRY/Models_dbl/experiments/runs/20260821T164332Z_490383ff__exp_20260903T170029Z_e0883d24/candidates/stage1_mfcc_svm/seed_42/fold_1/attempt_1/model.joblib,recorded_in_fold_manifest,20260821T164332Z_490383ff__exp_20260903T170029Z_e0883d24
rec_cbca81d5f2fcca109fe2,/mnt/d/INFANT CRY/data_set_dbl_split/train/not_baby/4-189828-A-22.wav,not_baby,esc50_source:189828,1,not_baby,1.4647761320993571e-06,0.999998535223868,original,/mnt/d/INFANT CRY/Models_dbl/experiments/runs/20260821T164332Z_490383ff__exp_20260903T170029Z_e0883d24/candidates/stage1_mfcc_svm/seed_42/fold_1/attempt_1/model.joblib,recorded_in_fold_manifest,20260821T164332Z_490383ff__exp_20260903T170029Z_e0883d24
rec_9921c2ab1d6961be9266,/mnt/d/INFANT CRY/data_set_dbl_split/train/not_baby/4-189838-A-22.wav,not_baby,esc50_source:189838,1,not_baby,1.3019670896914715e-05,0.999986980329103,original,/mnt/d/INFANT CRY/Models_dbl/experiments/runs/20260821T164332Z_490383ff__exp_20260903T170029Z_e0883d24/candidates/stage1_mfcc_svm/seed_42/fold_1/attempt_1/model.joblib,recorded_in_fold_manifest,20260821T164332Z_490383ff__exp_20260903T170029Z_e0883d24
rec_ffed934911e330513e61,/mnt/d/INFANT CRY/data_set_dbl_split/train/not_baby/4-191687-A-0.wav,not_baby,esc50_source:191687,1,not_baby,0.0033893753342572556,0.9966106246657428,original,/mnt/d/INFANT CRY/Models_dbl/experiments/runs/20260821T164332Z_490383ff__exp_20260903T170029Z_e0883d24/candidates/stage1_mfcc_svm/seed_42/fold_1/attempt_1/model.joblib,recorded_in_fold_manifest,20260821T164332Z_490383ff__exp_20260903T170029Z_e0883d24
rec_c1c09f87a1e6a37fc327,/mnt/d/INFANT CRY/data_set_dbl_split/train/not_baby/4-192068-A-31.wav,not_baby,esc50_source:192068,1,not_baby,1.1048364915372946e-07,0.9999998895163509,original,/mnt/d/INFANT CRY/Models_dbl/experiments/runs/20260821T164332Z_490383ff__exp_20260903T170029Z_e0883d24/candidates/stage1_mfcc_svm/seed_42/fold_1/attempt_1/model.joblib,recorded_in_fold_manifest,20260821T164332Z_490383ff__exp_20260903T170029Z_e0883d24
rec_93b0855907a1f26851b6,/mnt/d/INFANT CRY/data_set_dbl_split/train/not_baby/4-195805-A-13.wav,not_baby,esc50_source:195805,1,not_baby,3.525380930737433e-09,0.9999999964746191,original,/mnt/d/INFANT CRY/Models_dbl/experiments/runs/20260821T164332Z_490383ff__exp_20260903T170029Z_e0883d24/candidates/stage1_mfcc_svm/seed_42/fold_1/attempt_1/model.joblib,recorded_in_fold_manifest,20260821T164332Z_490383ff__exp_20260903T170029Z_e0883d24
rec_80cc4552ebebb88de4cc,/mnt/d/INFANT CRY/data_set_dbl_split/train/not_baby/4-198841-A-37.wav,not_baby,esc50_source:198841,1,not_baby,1.4932989488082934e-07,0.9999998506701052,original,/mnt/d/INFANT CRY/Models_dbl/experiments/runs/20260821T164332Z_490383ff__exp_20260903T170029Z_e0883d24/candidates/stage1_mfcc_svm/seed_42/fold_1/attempt_1/model.joblib,recorded_in_fold_manifest,20260821T164332Z_490383ff__exp_20260903T170029Z_e0883d24
rec_9882972a53cb7c67b542,/mnt/d/INFANT CRY/data_set_dbl_split/train/not_baby/4-198965-A-38.wav,not_baby,esc50_source:198965,1,not_baby,2.2050307102494599e-07,0.9999997794969289,original,/mnt/d/INFANT CRY/Models_dbl/experiments/runs/20260821T164332Z_490383ff__exp_20260903T170029Z_e0883d24/candidates/stage1_mfcc_svm/seed_42/fold_1/attempt_1/model.joblib,recorded_in_fold_manifest,20260821T164332Z_490383ff__exp_20260903T170029Z_e0883d24
rec_eb35188bfb303f846868,/mnt/d/INFANT CRY/data_set_dbl_split/train/not_baby/4-201988-A-44.wav,not_baby,esc50_source:201988,1,not_baby,4.967014604431081e-09,0.9999999950329854,original,/mnt/d/INFANT CRY/Models_dbl/experiments/runs/20260821T164332Z_490383ff__exp_20260903T170029Z_e0883d24/candidates/stage1_mfcc_svm/seed_42/fold_1/attempt_1/model.joblib,recorded_in_fold_manifest,20260821T164332Z_490383ff__exp_20260903T170029Z_e0883d24
rec_766b69f9c17c2f5dda38,/mnt/d/INFANT CRY/data_set_dbl_split/train/not_baby/4-204119-A-39.wav,not_baby,esc50_source:204119,1,not_baby,0.007679712947725233,0.9923202870522748,original,/mnt/d/INFANT CRY/Models_dbl/experiments/runs/20260821T164332Z_490383ff__exp_20260903T170029Z_e0883d24/candidates/stage1_mfcc_svm/seed_42/fold_1/attempt_1/model.joblib,recorded_in_fold_manifest,20260821T164332Z_490383ff__exp_20260903T170029Z_e0883d24
rec_4e10bbe257ff044cd6d3,/mnt/d/INFANT CRY/data_set_dbl_split/train/not_baby/4-204123-A-39.wav,not_baby,esc50_source:204123,1,not_baby,1.2460679317576208e-05,0.9999875393206825,original,/mnt/d/INFANT CRY/Models_dbl/experiments/runs/20260821T164332Z_490383ff__exp_20260903T170029Z_e0883d24/candidates/stage1_mfcc_svm/seed_42/fold_1/attempt_1/model.joblib,recorded_in_fold_manifest,20260821T164332Z_490383ff__exp_20260903T170029Z_e0883d24
rec_9a27acf379a904a13c2e,/mnt/d/INFANT CRY/data_set_dbl_split/train/not_baby/4-204777-A-39.wav,not_baby,esc50_source:204777,1,not_baby,0.4259370040313417,0.5740629959686584,original,/mnt/d/INFANT CRY/Models_dbl/experiments/runs/20260821T164332Z_490383ff__exp_20260903T170029Z_e0883d24/candidates/stage1_mfcc_svm/seed_42/fold_1/attempt_1/model.joblib,recorded_in_fold_manifest,20260821T164332Z_490383ff__exp_20260903T170029Z_e0883d24
rec_63e0f0787264f5cd9eed,/mnt/d/INFANT CRY/data_set_dbl_split/train/not_baby/4-204777-B-39.wav,not_baby,esc50_source:204777,1,not_baby,0.006218992760144305,0.9937810072398557,original,/mnt/d/INFANT CRY/Models_dbl/experiments/runs/20260821T164332Z_490383ff__exp_20260903T170029Z_e0883d24/candidates/stage1_mfcc_svm/seed_42/fold_1/attempt_1/model.joblib,recorded_in_fold_manifest,20260821T164332Z_490383ff__exp_20260903T170029Z_e0883d24
rec_76736e4b18e836525e79,/mnt/d/INFANT CRY/data_set_dbl_split/train/not_baby/4-204777-C-39.wav,not_baby,esc50_source:204777,1,not_baby,0.41402472048749267,0.5859752795125074,original,/mnt/d/INFANT CRY/Models_dbl/experiments/runs/20260821T164332Z_490383ff__exp_20260903T170029Z_e0883d24/candidates/stage1_mfcc_svm/seed_42/fold_1/attempt_1/model.joblib,recorded_in_fold_manifest,20260821T164332Z_490383ff__exp_20260903T170029Z_e0883d24
rec_06cd9016f467f593798e,/mnt/d/INFANT CRY/data_set_dbl_split/train/not_baby/4-205526-A-23.wav,not_baby,esc50_source:205526,1,not_baby,6.922528283893268e-08,0.9999999307747172,original,/mnt/d/INFANT CRY/Models_dbl/experiments/runs/20260821T164332Z_490383ff__exp_20260903T170029Z_e0883d24/candidates/stage1_mfcc_svm/seed_42/fold_1/attempt_1/model.joblib,recorded_in_fold_manifest,20260821T164332Z_490383ff__exp_20260903T170029Z_e0883d24
rec_2bae58fab6256a572199,/mnt/d/INFANT CRY/data_set_dbl_split/train/not_baby/4-205526-B-23.wav,not_baby,esc50_source:205526,1,not_baby,3.5121027869944564e-06,0.999996487897213,original,/mnt/d/INFANT CRY/Models_dbl/experiments/runs/20260821T164332Z_490383ff__exp_20260903T170029Z_e0883d24/candidates/stage1_mfcc_svm/seed_42/fold_1/attempt_1/model.joblib,recorded_in_fold_manifest,20260821T164332Z_490383ff__exp_20260903T170029Z_e0883d24
rec_f79982a8ddbfdfce59cb,/mnt/d/INFANT CRY/data_set_dbl_split/train/not_baby/4-253649-A-6.wav,not_baby,esc50_source:253649,1,not_baby,0.24496054365893405,0.755039456341066,original,/mnt/d/INFANT CRY/Models_dbl/experiments/runs/20260821T164332Z_490383ff__exp_20260903T170029Z_e0883d24/candidates/stage1_mfcc_svm/seed_42/fold_1/attempt_1/model.joblib,recorded_in_fold_manifest,20260821T164332Z_490383ff__exp_20260903T170029Z_e0883d24
rec_09c7d0f04445a4db9f25,/mnt/d/INFANT CRY/data_set_dbl_split/train/not_baby/4-67358-A-42.wav,not_baby,esc50_source:67358,1,not_baby,0.028370337081469653,0.9716296629185304,original,/mnt/d/INFANT CRY/Models_dbl/experiments/runs/20260821T164332Z_490383ff__exp_20260903T170029Z_e0883d24/candidates/stage1_mfcc_svm/seed_42/fold_1/attempt_1/model.joblib,recorded_in_fold_manifest,20260821T164332Z_490383ff__exp_20260903T170029Z_e0883d24
rec_057f3affbfa9fc792533,/mnt/d/INFANT CRY/data_set_dbl_split/train/not_baby/4-80761-A-42.wav,not_baby,esc50_source:80761,1,baby,0.7543350458671949,0.24566495413280506,original,/mnt/d/INFANT CRY/Models_dbl/experiments/runs/20260821T164332Z_490383ff__exp_20260903T170029Z_e0883d24/candidates/stage1_mfcc_svm/seed_42/fold_1/attempt_1/model.joblib,recorded_in_fold_manifest,20260821T164332Z_490383ff__exp_20260903T170029Z_e0883d24
rec_33631efb86c8d9588422,/mnt/d/INFANT CRY/data_set_dbl_split/train/not_baby/5-117122-A-42.wav,not_baby,esc50_source:117122,1,not_baby,0.031034212092514363,0.9689657879074857,original,/mnt/d/INFANT CRY/Models_dbl/experiments/runs/20260821T164332Z_490383ff__exp_20260903T170029Z_e0883d24/candidates/stage1_mfcc_svm/seed_42/fold_1/attempt_1/model.joblib,recorded_in_fold_manifest,20260821T164332Z_490383ff__exp_20260903T170029Z_e0883d24
rec_815cb9ea4633c27a4827,/mnt/d/INFANT CRY/data_set_dbl_split/train/not_baby/5-160551-A-42.wav,not_baby,esc50_source:160551,1,not_baby,3.212523055691917e-08,0.9999999678747694,original,/mnt/d/INFANT CRY/Models_dbl/experiments/runs/20260821T164332Z_490383ff__exp_20260903T170029Z_e0883d24/candidates/stage1_mfcc_svm/seed_42/fold_1/attempt_1/model.joblib,recorded_in_fold_manifest,20260821T164332Z_490383ff__exp_20260903T170029Z_e0883d24
rec_2bd139976b96053ecd2f,/mnt/d/INFANT CRY/data_set_dbl_split/train/not_baby/5-169983-A-5.wav,not_baby,esc50_source:169983,1,not_baby,1.666164286018927e-08,0.9999999833383572,original,/mnt/d/INFANT CRY/Models_dbl/experiments/runs/20260821T164332Z_490383ff__exp_20260903T170029Z_e0883d24/candidates/stage1_mfcc_svm/seed_42/fold_1/attempt_1/model.joblib,recorded_in_fold_manifest,20260821T164332Z_490383ff__exp_20260903T170029Z_e0883d24
rec_13e85599374bc87581b8,/mnt/d/INFANT CRY/data_set_dbl_split/train/not_baby/5-171118-A-26.wav,not_baby,esc50_source:171118,1,not_baby,6.95818284707647e-10,0.9999999993041817,original,/mnt/d/INFANT CRY/Models_dbl/experiments/runs/20260821T164332Z_490383ff__exp_20260903T170029Z_e0883d24/candidates/stage1_mfcc_svm/seed_42/fold_1/attempt_1/model.joblib,recorded_in_fold_manifest,20260821T164332Z_490383ff__exp_20260903T170029Z_e0883d24
rec_60e19379e26e370a04b0,/mnt/d/INFANT CRY/data_set_dbl_split/train/not_baby/5-179294-A-46.wav,not_baby,esc50_source:179294,1,not_baby,0.015559145037161928,0.9844408549628381,original,/mnt/d/INFANT CRY/Models_dbl/experiments/runs/20260821T164332Z_490383ff__exp_20260903T170029Z_e0883d24/candidates/stage1_mfcc_svm/seed_42/fold_1/attempt_1/model.joblib,recorded_in_fold_manifest,20260821T164332Z_490383ff__exp_20260903T170029Z_e0883d24
rec_68a8a85ad3a130251a41,/mnt/d/INFANT CRY/data_set_dbl_split/train/not_baby/5-179860-A-43.wav,not_baby,esc50_source:179860,1,not_baby,2.3290886616954405e-07,0.9999997670911339,original,/mnt/d/INFANT CRY/Models_dbl/experiments/runs/20260821T164332Z_490383ff__exp_20260903T170029Z_e0883d24/candidates/stage1_mfcc_svm/seed_42/fold_1/attempt_1/model.joblib,recorded_in_fold_manifest,20260821T164332Z_490383ff__exp_20260903T170029Z_e0883d24
rec_071ee1c7e1e6d7fc858c,/mnt/d/INFANT CRY/data_set_dbl_split/train/not_baby/5-179865-A-43.wav,not_baby,esc50_source:179865,1,not_baby,1.2905453697214686e-05,0.9999870945463029,original,/mnt/d/INFANT CRY/Models_dbl/experiments/runs/20260821T164332Z_490383ff__exp_20260903T170029Z_e0883d24/candidates/stage1_mfcc_svm/seed_42/fold_1/attempt_1/model.joblib,recorded_in_fold_manifest,20260821T164332Z_490383ff__exp_20260903T170029Z_e0883d24
rec_8796c759650d1e9dbdd7,/mnt/d/INFANT CRY/data_set_dbl_split/train/not_baby/5-180156-A-43.wav,not_baby,esc50_source:180156,1,not_baby,1.4580811619446592e-09,0.9999999985419188,original,/mnt/d/INFANT CRY/Models_dbl/experiments/runs/20260821T164332Z_490383ff__exp_20260903T170029Z_e0883d24/candidates/stage1_mfcc_svm/seed_42/fold_1/attempt_1/model.joblib,recorded_in_fold_manifest,20260821T164332Z_490383ff__exp_20260903T170029Z_e0883d24
rec_8ae8d01bd66c2eff3c12,/mnt/d/INFANT CRY/data_set_dbl_split/train/not_baby/5-180156-B-43.wav,not_baby,esc50_source:180156,1,not_baby,4.021044527484474e-10,0.9999999995978955,original,/mnt/d/INFANT CRY/Models_dbl/experiments/runs/20260821T164332Z_490383ff__exp_20260903T170029Z_e0883d24/candidates/stage1_mfcc_svm/seed_42/fold_1/attempt_1/model.joblib,recorded_in_fold_manifest,20260821T164332Z_490383ff__exp_20260903T170029Z_e0883d24
rec_9fb771f627109c95343e,/mnt/d/INFANT CRY/data_set_dbl_split/train/not_baby/5-180156-C-43.wav,not_baby,esc50_source:180156,1,not_baby,0.002870096552527945,0.9971299034474721,original,/mnt/d/INFANT CRY/Models_dbl/experiments/runs/20260821T164332Z_490383ff__exp_20260903T170029Z_e0883d24/candidates/stage1_mfcc_svm/seed_42/fold_1/attempt_1/model.joblib,recorded_in_fold_manifest,20260821T164332Z_490383ff__exp_20260903T170029Z_e0883d24
rec_dca24cd2ee83351fac6e,/mnt/d/INFANT CRY/data_set_dbl_split/train/not_baby/5-188365-A-36.wav,not_baby,esc50_source:188365,1,not_baby,0.040545940078038835,0.9594540599219612,original,/mnt/d/INFANT CRY/Models_dbl/experiments/runs/20260821T164332Z_490383ff__exp_20260903T170029Z_e0883d24/candidates/stage1_mfcc_svm/seed_42/fold_1/attempt_1/model.joblib,recorded_in_fold_manifest,20260821T164332Z_490383ff__exp_20260903T170029Z_e0883d24
rec_5da766856a50ce50d8d9,/mnt/d/INFANT CRY/data_set_dbl_split/train/not_baby/5-194932-A-7.wav,not_baby,esc50_source:194932,1,not_baby,0.008487134789277734,0.9915128652107223,original,/mnt/d/INFANT CRY/Models_dbl/experiments/runs/20260821T164332Z_490383ff__exp_20260903T170029Z_e0883d24/candidates/stage1_mfcc_svm/seed_42/fold_1/attempt_1/model.joblib,recorded_in_fold_manifest,20260821T164332Z_490383ff__exp_20260903T170029Z_e0883d24
rec_479b9cbd7122dcdb9fd7,/mnt/d/INFANT CRY/data_set_dbl_split/train/not_baby/5-195518-A-7.wav,not_baby,esc50_source:195518,1,not_baby,1.6357105279223304e-06,0.9999983642894721,original,/mnt/d/INFANT CRY/Models_dbl/experiments/runs/20260821T164332Z_490383ff__exp_20260903T170029Z_e0883d24/candidates/stage1_mfcc_svm/seed_42/fold_1/attempt_1/model.joblib,recorded_in_fold_manifest,20260821T164332Z_490383ff__exp_20260903T170029Z_e0883d24
rec_3e1b194e7d6c886f59c0,/mnt/d/INFANT CRY/data_set_dbl_split/train/not_baby/5-197913-A-18.wav,not_baby,esc50_source:197913,1,not_baby,0.06701711983537859,0.9329828801646214,original,/mnt/d/INFANT CRY/Models_dbl/experiments/runs/20260821T164332Z_490383ff__exp_20260903T170029Z_e0883d24/candidates/stage1_mfcc_svm/seed_42/fold_1/attempt_1/model.joblib,recorded_in_fold_manifest,20260821T164332Z_490383ff__exp_20260903T170029Z_e0883d24
rec_1f1cd8661971043fc402,/mnt/d/INFANT CRY/data_set_dbl_split/train/not_baby/5-201274-A-21.wav,not_baby,esc50_source:201274,1,not_baby,0.08979326253104532,0.9102067374689548,original,/mnt/d/INFANT CRY/Models_dbl/experiments/runs/20260821T164332Z_490383ff__exp_20260903T170029Z_e0883d24/candidates/stage1_mfcc_svm/seed_42/fold_1/attempt_1/model.joblib,recorded_in_fold_manifest,20260821T164332Z_490383ff__exp_20260903T170029Z_e0883d24
rec_9e9e2b4fec92c2647d44,/mnt/d/INFANT CRY/data_set_dbl_split/train/not_baby/5-202898-A-10.wav,not_baby,esc50_source:202898,1,not_baby,9.256916259494858e-12,0.9999999999907431,original,/mnt/d/INFANT CRY/Models_dbl/experiments/runs/20260821T164332Z_490383ff__exp_20260903T170029Z_e0883d24/candidates/stage1_mfcc_svm/seed_42/fold_1/attempt_1/model.joblib,recorded_in_fold_manifest,20260821T164332Z_490383ff__exp_20260903T170029Z_e0883d24
rec_3ad3e77b9884db57df68,/mnt/d/INFANT CRY/data_set_dbl_split/train/not_baby/5-207811-A-35.wav,not_baby,esc50_source:207811,1,not_baby,7.323601358747299e-11,0.999999999926764,original,/mnt/d/INFANT CRY/Models_dbl/experiments/runs/20260821T164332Z_490383ff__exp_20260903T170029Z_e0883d24/candidates/stage1_mfcc_svm/seed_42/fold_1/attempt_1/model.joblib,recorded_in_fold_manifest,20260821T164332Z_490383ff__exp_20260903T170029Z_e0883d24
rec_6ca4a16be4d7945fadd8,/mnt/d/INFANT CRY/data_set_dbl_split/train/not_baby/5-207811-B-35.wav,not_baby,esc50_source:207811,1,not_baby,1.8856520905179523e-08,0.9999999811434791,original,/mnt/d/INFANT CRY/Models_dbl/experiments/runs/20260821T164332Z_490383ff__exp_20260903T170029Z_e0883d24/candidates/stage1_mfcc_svm/seed_42/fold_1/attempt_1/model.joblib,recorded_in_fold_manifest,20260821T164332Z_490383ff__exp_20260903T170029Z_e0883d24
rec_32a5094052e769323610,/mnt/d/INFANT CRY/data_set_dbl_split/train/not_baby/5-210612-A-37.wav,not_baby,esc50_source:210612,1,not_baby,0.03681409478845124,0.9631859052115488,original,/mnt/d/INFANT CRY/Models_dbl/experiments/runs/20260821T164332Z_490383ff__exp_20260903T170029Z_e0883d24/candidates/stage1_mfcc_svm/seed_42/fold_1/attempt_1/model.joblib,recorded_in_fold_manifest,20260821T164332Z_490383ff__exp_20260903T170029Z_e0883d24
rec_3ff5191bbc9893524769,/mnt/d/INFANT CRY/data_set_dbl_split/train/not_baby/5-211408-A-37.wav,not_baby,esc50_source:211408,1,not_baby,0.008023382443850193,0.9919766175561497,original,/mnt/d/INFANT CRY/Models_dbl/experiments/runs/20260821T164332Z_490383ff__exp_20260903T170029Z_e0883d24/candidates/stage1_mfcc_svm/seed_42/fold_1/attempt_1/model.joblib,recorded_in_fold_manifest,20260821T164332Z_490383ff__exp_20260903T170029Z_e0883d24
rec_8885012932943303736b,/mnt/d/INFANT CRY/data_set_dbl_split/train/not_baby/5-212181-A-38.wav,not_baby,esc50_source:212181,1,not_baby,2.1122708470619778e-09,0.9999999978877292,original,/mnt/d/INFANT CRY/Models_dbl/experiments/runs/20260821T164332Z_490383ff__exp_20260903T170029Z_e0883d24/candidates/stage1_mfcc_svm/seed_42/fold_1/attempt_1/model.joblib,recorded_in_fold_manifest,20260821T164332Z_490383ff__exp_20260903T170029Z_e0883d24
rec_77306d2d2aa525265f31,/mnt/d/INFANT CRY/data_set_dbl_split/train/not_baby/5-213836-A-9.wav,not_baby,esc50_source:213836,1,not_baby,5.626413147095968e-08,0.9999999437358685,original,/mnt/d/INFANT CRY/Models_dbl/experiments/runs/20260821T164332Z_490383ff__exp_20260903T170029Z_e0883d24/candidates/stage1_mfcc_svm/seed_42/fold_1/attempt_1/model.joblib,recorded_in_fold_manifest,20260821T164332Z_490383ff__exp_20260903T170029Z_e0883d24
rec_3368cfc75201fdd9ca87,/mnt/d/INFANT CRY/data_set_dbl_split/train/not_baby/5-213836-B-9.wav,not_baby,esc50_source:213836,1,not_baby,1.0662858526098265e-07,0.9999998933714147,original,/mnt/d/INFANT CRY/Models_dbl/experiments/runs/20260821T164332Z_490383ff__exp_20260903T170029Z_e0883d24/candidates/stage1_mfcc_svm/seed_42/fold_1/attempt_1/model.joblib,recorded_in_fold_manifest,20260821T164332Z_490383ff__exp_20260903T170029Z_e0883d24
rec_ec7e252e40ebe397255e,/mnt/d/INFANT CRY/data_set_dbl_split/train/not_baby/5-213836-C-9.wav,not_baby,esc50_source:213836,1,not_baby,1.8186885227649942e-11,0.9999999999818132,original,/mnt/d/INFANT CRY/Models_dbl/experiments/runs/20260821T164332Z_490383ff__exp_20260903T170029Z_e0883d24/candidates/stage1_mfcc_svm/seed_42/fold_1/attempt_1/model.joblib,recorded_in_fold_manifest,20260821T164332Z_490383ff__exp_20260903T170029Z_e0883d24
rec_da85e4746dc12d820cce,/mnt/d/INFANT CRY/data_set_dbl_split/train/not_baby/5-213836-D-9.wav,not_baby,esc50_source:213836,1,not_baby,7.06346316320265e-06,0.9999929365368369,original,/mnt/d/INFANT CRY/Models_dbl/experiments/runs/20260821T164332Z_490383ff__exp_20260903T170029Z_e0883d24/candidates/stage1_mfcc_svm/seed_42/fold_1/attempt_1/model.joblib,recorded_in_fold_manifest,20260821T164332Z_490383ff__exp_20260903T170029Z_e0883d24
rec_2e0260550ab777e67d9d,/mnt/d/INFANT CRY/data_set_dbl_split/train/not_baby/5-214362-A-17.wav,not_baby,esc50_source:214362,1,not_baby,2.1235398401482106e-06,0.9999978764601598,original,/mnt/d/INFANT CRY/Models_dbl/experiments/runs/20260821T164332Z_490383ff__exp_20260903T170029Z_e0883d24/candidates/stage1_mfcc_svm/seed_42/fold_1/attempt_1/model.joblib,recorded_in_fold_manifest,20260821T164332Z_490383ff__exp_20260903T170029Z_e0883d24
rec_3ba41543a52ff3df276b,/mnt/d/INFANT CRY/data_set_dbl_split/train/not_baby/5-215447-A-47.wav,not_baby,esc50_source:215447,1,not_baby,1.9025973649276775e-10,0.9999999998097403,original,/mnt/d/INFANT CRY/Models_dbl/experiments/runs/20260821T164332Z_490383ff__exp_20260903T170029Z_e0883d24/candidates/stage1_mfcc_svm/seed_42/fold_1/attempt_1/model.joblib,recorded_in_fold_manifest,20260821T164332Z_490383ff__exp_20260903T170029Z_e0883d24
rec_3ae2952e44ec3f39bd30,/mnt/d/INFANT CRY/data_set_dbl_split/train/not_baby/5-215634-A-17.wav,not_baby,esc50_source:215634,1,not_baby,7.2073112720705e-09,0.9999999927926887,original,/mnt/d/INFANT CRY/Models_dbl/experiments/runs/20260821T164332Z_490383ff__exp_20260903T170029Z_e0883d24/candidates/stage1_mfcc_svm/seed_42/fold_1/attempt_1/model.joblib,recorded_in_fold_manifest,20260821T164332Z_490383ff__exp_20260903T170029Z_e0883d24
rec_fc2cd58aea69ef295377,/mnt/d/INFANT CRY/data_set_dbl_split/train/not_baby/5-218494-A-22.wav,not_baby,esc50_source:218494,1,not_baby,3.855593254661034e-07,0.9999996144406745,original,/mnt/d/INFANT CRY/Models_dbl/experiments/runs/20260821T164332Z_490383ff__exp_20260903T170029Z_e0883d24/candidates/stage1_mfcc_svm/seed_42/fold_1/attempt_1/model.joblib,recorded_in_fold_manifest,20260821T164332Z_490383ff__exp_20260903T170029Z_e0883d24
rec_e1c640b29ee329274b8f,/mnt/d/INFANT CRY/data_set_dbl_split/train/not_baby/5-219242-A-37.wav,not_baby,esc50_source:219242,1,not_baby,0.010119372725009134,0.9898806272749908,original,/mnt/d/INFANT CRY/Models_dbl/experiments/runs/20260821T164332Z_490383ff__exp_20260903T170029Z_e0883d24/candidates/stage1_mfcc_svm/seed_42/fold_1/attempt_1/model.joblib,recorded_in_fold_manifest,20260821T164332Z_490383ff__exp_20260903T170029Z_e0883d24
rec_b3bf311da3807af98997,/mnt/d/INFANT CRY/data_set_dbl_split/train/not_baby/5-219242-B-37.wav,not_baby,esc50_source:219242,1,not_baby,0.01504012429964269,0.9849598757003573,original,/mnt/d/INFANT CRY/Models_dbl/experiments/runs/20260821T164332Z_490383ff__exp_20260903T170029Z_e0883d24/candidates/stage1_mfcc_svm/seed_42/fold_1/attempt_1/model.joblib,recorded_in_fold_manifest,20260821T164332Z_490383ff__exp_20260903T170029Z_e0883d24
rec_6bd2b51e39846d0abb1a,/mnt/d/INFANT CRY/data_set_dbl_split/train/not_baby/5-221568-A-22.wav,not_baby,esc50_source:221568,1,not_baby,6.698612936129906e-07,0.9999993301387065,original,/mnt/d/INFANT CRY/Models_dbl/experiments/runs/20260821T164332Z_490383ff__exp_20260903T170029Z_e0883d24/candidates/stage1_mfcc_svm/seed_42/fold_1/attempt_1/model.joblib,recorded_in_fold_manifest,20260821T164332Z_490383ff__exp_20260903T170029Z_e0883d24
rec_71f8c180aab6cea959e8,/mnt/d/INFANT CRY/data_set_dbl_split/train/not_baby/5-222894-A-32.wav,not_baby,esc50_source:222894,1,not_baby,2.5033092335075513e-08,0.9999999749669076,original,/mnt/d/INFANT CRY/Models_dbl/experiments/runs/20260821T164332Z_490383ff__exp_20260903T170029Z_e0883d24/candidates/stage1_mfcc_svm/seed_42/fold_1/attempt_1/model.joblib,recorded_in_fold_manifest,20260821T164332Z_490383ff__exp_20260903T170029Z_e0883d24
rec_6ea2d99580d9c7bd7994,/mnt/d/INFANT CRY/data_set_dbl_split/train/not_baby/5-231762-A-0.wav,not_baby,esc50_source:231762,1,not_baby,0.007254252357365409,0.9927457476426346,original,/mnt/d/INFANT CRY/Models_dbl/experiments/runs/20260821T164332Z_490383ff__exp_20260903T170029Z_e0883d24/candidates/stage1_mfcc_svm/seed_42/fold_1/attempt_1/model.joblib,recorded_in_fold_manifest,20260821T164332Z_490383ff__exp_20260903T170029Z_e0883d24
rec_e7caa8d8074782526a25,/mnt/d/INFANT CRY/data_set_dbl_split/train/not_baby/5-233019-A-31.wav,not_baby,esc50_source:233019,1,not_baby,2.9969024115936014e-13,0.9999999999997004,original,/mnt/d/INFANT CRY/Models_dbl/experiments/runs/20260821T164332Z_490383ff__exp_20260903T170029Z_e0883d24/candidates/stage1_mfcc_svm/seed_42/fold_1/attempt_1/model.joblib,recorded_in_fold_manifest,20260821T164332Z_490383ff__exp_20260903T170029Z_e0883d24
rec_5d08b26b59bd5684d21e,/mnt/d/INFANT CRY/data_set_dbl_split/train/not_baby/5-233607-A-39.wav,not_baby,esc50_source:233607,1,not_baby,0.06462759023459479,0.9353724097654053,original,/mnt/d/INFANT CRY/Models_dbl/experiments/runs/20260821T164332Z_490383ff__exp_20260903T170029Z_e0883d24/candidates/stage1_mfcc_svm/seed_42/fold_1/attempt_1/model.joblib,recorded_in_fold_manifest,20260821T164332Z_490383ff__exp_20260903T170029Z_e0883d24
rec_dcaa27d1e41ad1dd46cf,/mnt/d/INFANT CRY/data_set_dbl_split/train/not_baby/5-234855-A-25.wav,not_baby,esc50_source:234855,1,not_baby,2.5920532689918553e-10,0.9999999997407946,original,/mnt/d/INFANT CRY/Models_dbl/experiments/runs/20260821T164332Z_490383ff__exp_20260903T170029Z_e0883d24/candidates/stage1_mfcc_svm/seed_42/fold_1/attempt_1/model.joblib,recorded_in_fold_manifest,20260821T164332Z_490383ff__exp_20260903T170029Z_e0883d24
rec_3b7fae6a4a225f2fbcca,/mnt/d/INFANT CRY/data_set_dbl_split/train/not_baby/5-235874-A-28.wav,not_baby,esc50_source:235874,1,not_baby,0.06470758391313436,0.9352924160868655,original,/mnt/d/INFANT CRY/Models_dbl/experiments/runs/20260821T164332Z_490383ff__exp_20260903T170029Z_e0883d24/candidates/stage1_mfcc_svm/seed_42/fold_1/attempt_1/model.joblib,recorded_in_fold_manifest,20260821T164332Z_490383ff__exp_20260903T170029Z_e0883d24
rec_352b4163060dd9f73337,/mnt/d/INFANT CRY/data_set_dbl_split/train/not_baby/5-237795-A-34.wav,not_baby,esc50_source:237795,1,not_baby,9.272551319383981e-07,0.9999990727448681,original,/mnt/d/INFANT CRY/Models_dbl/experiments/runs/20260821T164332Z_490383ff__exp_20260903T170029Z_e0883d24/candidates/stage1_mfcc_svm/seed_42/fold_1/attempt_1/model.joblib,recorded_in_fold_manifest,20260821T164332Z_490383ff__exp_20260903T170029Z_e0883d24
rec_406b2b1ea703723eb86b,/mnt/d/INFANT CRY/data_set_dbl_split/train/not_baby/5-238926-A-31.wav,not_baby,esc50_source:238926,1,not_baby,1.4464952535540145e-12,0.9999999999985535,original,/mnt/d/INFANT CRY/Models_dbl/experiments/runs/20260821T164332Z_490383ff__exp_20260903T170029Z_e0883d24/candidates/stage1_mfcc_svm/seed_42/fold_1/attempt_1/model.joblib,recorded_in_fold_manifest,20260821T164332Z_490383ff__exp_20260903T170029Z_e0883d24
rec_fadaa8c5e0b9721ee8f4,/mnt/d/INFANT CRY/data_set_dbl_split/train/not_baby/5-242490-A-14.wav,not_baby,esc50_source:242490,1,not_baby,1.9224935210433303e-06,0.999998077506479,original,/mnt/d/INFANT CRY/Models_dbl/experiments/runs/20260821T164332Z_490383ff__exp_20260903T170029Z_e0883d24/candidates/stage1_mfcc_svm/seed_42/fold_1/attempt_1/model.joblib,recorded_in_fold_manifest,20260821T164332Z_490383ff__exp_20260903T170029Z_e0883d24
rec_5987304a1e024a4a4fb0,/mnt/d/INFANT CRY/data_set_dbl_split/train/not_baby/5-243036-A-29.wav,not_baby,esc50_source:243036,1,not_baby,9.633856664324185e-12,0.9999999999903662,original,/mnt/d/INFANT CRY/Models_dbl/experiments/runs/20260821T164332Z_490383ff__exp_20260903T170029Z_e0883d24/candidates/stage1_mfcc_svm/seed_42/fold_1/attempt_1/model.joblib,recorded_in_fold_manifest,20260821T164332Z_490383ff__exp_20260903T170029Z_e0883d24
rec_1363c73e06cd87700522,/mnt/d/INFANT CRY/data_set_dbl_split/train/not_baby/5-243635-A-29.wav,not_baby,esc50_source:243635,1,not_baby,5.781112675115062e-07,0.9999994218887326,original,/mnt/d/INFANT CRY/Models_dbl/experiments/runs/20260821T164332Z_490383ff__exp_20260903T170029Z_e0883d24/candidates/stage1_mfcc_svm/seed_42/fold_1/attempt_1/model.joblib,recorded_in_fold_manifest,20260821T164332Z_490383ff__exp_20260903T170029Z_e0883d24
rec_75fb5303641c8e3dff2e,/mnt/d/INFANT CRY/data_set_dbl_split/train/not_baby/5-244315-A-6.wav,not_baby,esc50_source:244315,1,not_baby,0.006321983258863156,0.9936780167411369,original,/mnt/d/INFANT CRY/Models_dbl/experiments/runs/20260821T164332Z_490383ff__exp_20260903T170029Z_e0883d24/candidates/stage1_mfcc_svm/seed_42/fold_1/attempt_1/model.joblib,recorded_in_fold_manifest,20260821T164332Z_490383ff__exp_20260903T170029Z_e0883d24
rec_41bd1578855fd008a80b,/mnt/d/INFANT CRY/data_set_dbl_split/train/not_baby/5-244315-B-6.wav,not_baby,esc50_source:244315,1,not_baby,9.926189390498383e-09,0.9999999900738106,original,/mnt/d/INFANT CRY/Models_dbl/experiments/runs/20260821T164332Z_490383ff__exp_20260903T170029Z_e0883d24/candidates/stage1_mfcc_svm/seed_42/fold_1/attempt_1/model.joblib,recorded_in_fold_manifest,20260821T164332Z_490383ff__exp_20260903T170029Z_e0883d24
rec_5901c5f6479638d6012f,/mnt/d/INFANT CRY/data_set_dbl_split/train/not_baby/5-244315-C-6.wav,not_baby,esc50_source:244315,1,not_baby,0.004535698602547257,0.9954643013974528,original,/mnt/d/INFANT CRY/Models_dbl/experiments/runs/20260821T164332Z_490383ff__exp_20260903T170029Z_e0883d24/candidates/stage1_mfcc_svm/seed_42/fold_1/attempt_1/model.joblib,recorded_in_fold_manifest,20260821T164332Z_490383ff__exp_20260903T170029Z_e0883d24
rec_bc778c8ab27f76fe6a72,/mnt/d/INFANT CRY/data_set_dbl_split/train/not_baby/5-244933-A-34.wav,not_baby,esc50_source:244933,1,not_baby,3.613531461487969e-09,0.9999999963864686,original,/mnt/d/INFANT CRY/Models_dbl/experiments/runs/20260821T164332Z_490383ff__exp_20260903T170029Z_e0883d24/candidates/stage1_mfcc_svm/seed_42/fold_1/attempt_1/model.joblib,recorded_in_fold_manifest,20260821T164332Z_490383ff__exp_20260903T170029Z_e0883d24
rec_12b6ab7696cc9d5ae1d2,/mnt/d/INFANT CRY/data_set_dbl_split/train/not_baby/5-249748-A-28.wav,not_baby,esc50_source:249748,1,not_baby,5.790015991034444e-07,0.9999994209984009,original,/mnt/d/INFANT CRY/Models_dbl/experiments/runs/20260821T164332Z_490383ff__exp_20260903T170029Z_e0883d24/candidates/stage1_mfcc_svm/seed_42/fold_1/attempt_1/model.joblib,recorded_in_fold_manifest,20260821T164332Z_490383ff__exp_20260903T170029Z_e0883d24
rec_fd035c6e2081bbb73c90,/mnt/d/INFANT CRY/data_set_dbl_split/train/not_baby/5-250753-A-34.wav,not_baby,esc50_source:250753,1,not_baby,2.035351437182945e-08,0.9999999796464857,original,/mnt/d/INFANT CRY/Models_dbl/experiments/runs/20260821T164332Z_490383ff__exp_20260903T170029Z_e0883d24/candidates/stage1_mfcc_svm/seed_42/fold_1/attempt_1/model.joblib,recorded_in_fold_manifest,20260821T164332Z_490383ff__exp_20260903T170029Z_e0883d24
rec_ba6ba03456f6685c5349,/mnt/d/INFANT CRY/data_set_dbl_split/train/not_baby/5-251489-A-24.wav,not_baby,esc50_source:251489,1,not_baby,1.0885820500964205e-09,0.999999998911418,original,/mnt/d/INFANT CRY/Models_dbl/experiments/runs/20260821T164332Z_490383ff__exp_20260903T170029Z_e0883d24/candidates/stage1_mfcc_svm/seed_42/fold_1/attempt_1/model.joblib,recorded_in_fold_manifest,20260821T164332Z_490383ff__exp_20260903T170029Z_e0883d24
rec_5ec455b1f4bac2e24ef7,/mnt/d/INFANT CRY/data_set_dbl_split/train/not_baby/5-251962-A-47.wav,not_baby,esc50_source:251962,1,not_baby,7.433051992790337e-08,0.9999999256694801,original,/mnt/d/INFANT CRY/Models_dbl/experiments/runs/20260821T164332Z_490383ff__exp_20260903T170029Z_e0883d24/candidates/stage1_mfcc_svm/seed_42/fold_1/attempt_1/model.joblib,recorded_in_fold_manifest,20260821T164332Z_490383ff__exp_20260903T170029Z_e0883d24
rec_afa37b36506828a50efa,/mnt/d/INFANT CRY/data_set_dbl_split/train/not_baby/5-257349-A-15.wav,not_baby,esc50_source:257349,1,not_baby,5.5017429801647376e-06,0.9999944982570198,original,/mnt/d/INFANT CRY/Models_dbl/experiments/runs/20260821T164332Z_490383ff__exp_20260903T170029Z_e0883d24/candidates/stage1_mfcc_svm/seed_42/fold_1/attempt_1/model.joblib,recorded_in_fold_manifest,20260821T164332Z_490383ff__exp_20260903T170029Z_e0883d24
rec_b104e2a7052a4c6ee68f,/mnt/d/INFANT CRY/data_set_dbl_split/train/not_baby/5-260433-A-39.wav,not_baby,esc50_source:260433,1,not_baby,0.03958237689761725,0.9604176231023828,original,/mnt/d/INFANT CRY/Models_dbl/experiments/runs/20260821T164332Z_490383ff__exp_20260903T170029Z_e0883d24/candidates/stage1_mfcc_svm/seed_42/fold_1/attempt_1/model.joblib,recorded_in_fold_manifest,20260821T164332Z_490383ff__exp_20260903T170029Z_e0883d24
rec_4d6eebe1442b288a42e7,/mnt/d/INFANT CRY/data_set_dbl_split/train/not_baby/5-261439-A-15.wav,not_baby,esc50_source:261439,1,not_baby,6.587404443158326e-13,0.9999999999993413,original,/mnt/d/INFANT CRY/Models_dbl/experiments/runs/20260821T164332Z_490383ff__exp_20260903T170029Z_e0883d24/candidates/stage1_mfcc_svm/seed_42/fold_1/attempt_1/model.joblib,recorded_in_fold_manifest,20260821T164332Z_490383ff__exp_20260903T170029Z_e0883d24
rec_ff4bbe6a127cde5961a8,/mnt/d/INFANT CRY/data_set_dbl_split/train/not_baby/5-263775-A-26.wav,not_baby,esc50_source:263775,1,not_baby,9.54956222329867e-06,0.9999904504377767,original,/mnt/d/INFANT CRY/Models_dbl/experiments/runs/20260821T164332Z_490383ff__exp_20260903T170029Z_e0883d24/candidates/stage1_mfcc_svm/seed_42/fold_1/attempt_1/model.joblib,recorded_in_fold_manifest,20260821T164332Z_490383ff__exp_20260903T170029Z_e0883d24
rec_8488e655dc827145a65e,/mnt/d/INFANT CRY/data_set_dbl_split/train/not_baby/5-263775-B-26.wav,not_baby,esc50_source:263775,1,not_baby,6.931357810977352e-07,0.9999993068642189,original,/mnt/d/INFANT CRY/Models_dbl/experiments/runs/20260821T164332Z_490383ff__exp_20260903T170029Z_e0883d24/candidates/stage1_mfcc_svm/seed_42/fold_1/attempt_1/model.joblib,recorded_in_fold_manifest,20260821T164332Z_490383ff__exp_20260903T170029Z_e0883d24
rec_27dfd78be7f02178554b,/mnt/d/INFANT CRY/data_set_dbl_split/train/not_baby/5-9032-A-0.wav,not_baby,esc50_source:9032,1,not_baby,2.7233342733463206e-07,0.9999997276665726,original,/mnt/d/INFANT CRY/Models_dbl/experiments/runs/20260821T164332Z_490383ff__exp_20260903T170029Z_e0883d24/candidates/stage1_mfcc_svm/seed_42/fold_1/attempt_1/model.joblib,recorded_in_fold_manifest,20260821T164332Z_490383ff__exp_20260903T170029Z_e0883d24
