sample_id,original_record_id,original_filepath,original_relative_path,label,partition,fold,augmentation_type,augmentation_params,augmentation_index,seed,output_reference
aug_fd4c83bbdfaf735399b0,rec_fba775c7ee6d938c4a28,D:\INFANT CRY\data_set_dbl_split\train\belly_pain\2566_M_eairh.wav,belly_pain/2566_M_eairh.wav,belly_pain,train,4,gaussian_noise,"{""noise_factor"":0.004893573}",0,767614169653863905,virtual:aug_fd4c83bbdfaf735399b0
aug_73ffa46404b08b4b65cd,rec_43b3fbffb18394a3d9df,D:\INFANT CRY\data_set_dbl_split\train\belly_pain\dunstan-eairh_52.wav,belly_pain/dunstan-eairh_52.wav,belly_pain,train,4,pitch_shift,"{""steps"":1.09928}",1,15013642906526352902,virtual:aug_73ffa46404b08b4b65cd
aug_dd705119170941118dd8,rec_99c997cbc56d30a6f86a,D:\INFANT CRY\data_set_dbl_split\train\belly_pain\4463_F_eairh.wav,belly_pain/4463_F_eairh.wav,belly_pain,train,4,pitch_shift,"{""steps"":-1.083022}",2,15626990273108610336,virtual:aug_dd705119170941118dd8
aug_bd4c5b154e74cb177a7a,rec_dadefbf45bb8caa60b9e,D:\INFANT CRY\data_set_dbl_split\train\belly_pain\2269_M_eairh.wav,belly_pain/2269_M_eairh.wav,belly_pain,train,4,time_stretch,"{""rate"":1.11416}",3,15341755063065074486,virtual:aug_bd4c5b154e74cb177a7a
aug_07f8406c950d18c5a55a,rec_cdcf04a52b20c44770ea,D:\INFANT CRY\data_set_dbl_split\train\belly_pain\2685_F_eairh.wav,belly_pain/2685_F_eairh.wav,belly_pain,train,4,time_stretch,"{""rate"":0.899687}",4,8953510339940412878,virtual:aug_07f8406c950d18c5a55a
aug_85b8a359f1ef0217c3ff,rec_983c3aa745cbf8ace922,D:\INFANT CRY\data_set_dbl_split\train\belly_pain\dunstan-eairh_22.wav,belly_pain/dunstan-eairh_22.wav,belly_pain,train,4,time_shift,"{""fraction"":-0.0241057}",5,12468523121149240711,virtual:aug_85b8a359f1ef0217c3ff
aug_01c729095f1f7f4b0fff,rec_179925449a09539a329f,D:\INFANT CRY\data_set_dbl_split\train\belly_pain\dunstan-eairh_50.wav,belly_pain/dunstan-eairh_50.wav,belly_pain,train,4,gaussian_noise,"{""noise_factor"":0.002745764}",6,7948638329139266027,virtual:aug_01c729095f1f7f4b0fff
aug_05dd9754b2e0839c01fe,rec_519de6d134c08a715f7a,D:\INFANT CRY\data_set_dbl_split\train\belly_pain\4437_M_eairh.wav,belly_pain/4437_M_eairh.wav,belly_pain,train,4,pitch_shift,"{""steps"":2.055758}",7,1870175886320741204,virtual:aug_05dd9754b2e0839c01fe
aug_16f12cd46817e7c4faff,rec_f6e860c75ce7b1ebce05,D:\INFANT CRY\data_set_dbl_split\train\belly_pain\4711_M_eairh.wav,belly_pain/4711_M_eairh.wav,belly_pain,train,4,pitch_shift,"{""steps"":-1.854743}",8,6266190936137065131,virtual:aug_16f12cd46817e7c4faff
aug_06c15a015bae06961366,rec_df6f22b942b4fbdceea0,D:\INFANT CRY\data_set_dbl_split\train\belly_pain\318_M_eairh.wav,belly_pain/318_M_eairh.wav,belly_pain,train,4,time_stretch,"{""rate"":1.209754}",9,4342314447752495337,virtual:aug_06c15a015bae06961366
aug_c73aa188f5a7f75a2443,rec_b6b66fb3f3de74db9ab8,D:\INFANT CRY\data_set_dbl_split\train\belly_pain\3825_M_eairh.wav,belly_pain/3825_M_eairh.wav,belly_pain,train,4,time_stretch,"{""rate"":0.788681}",10,16765335985752737242,virtual:aug_c73aa188f5a7f75a2443
aug_e4a23a00d03365e981fa,rec_bd2fd049120ea1834eaf,D:\INFANT CRY\data_set_dbl_split\train\belly_pain\3306_M_eairh.wav,belly_pain/3306_M_eairh.wav,belly_pain,train,4,gaussian_noise,"{""noise_factor"":0.004973033}",11,5141160297674824895,virtual:aug_e4a23a00d03365e981fa
aug_bae37a5e7ce969b5c6bb,rec_74b947283511c8751b65,D:\INFANT CRY\data_set_dbl_split\train\belly_pain\2593_M_eairh.wav,belly_pain/2593_M_eairh.wav,belly_pain,train,4,pitch_shift,"{""steps"":1.114347}",12,5855722659123068708,virtual:aug_bae37a5e7ce969b5c6bb
aug_c4e470c8c3b5a6d321e5,rec_2730b77759b8808a6d27,D:\INFANT CRY\data_set_dbl_split\train\belly_pain\3786_M_eairh.wav,belly_pain/3786_M_eairh.wav,belly_pain,train,4,pitch_shift,"{""steps"":-1.01169}",13,4956206893273697389,virtual:aug_c4e470c8c3b5a6d321e5
aug_584d754e924dd48339a4,rec_728bae3265a2cb099ec1,D:\INFANT CRY\data_set_dbl_split\train\belly_pain\dunstan-eairh_38.wav,belly_pain/dunstan-eairh_38.wav,belly_pain,train,4,time_stretch,"{""rate"":1.106476}",14,3485634976987952058,virtual:aug_584d754e924dd48339a4
aug_abc555d7f26a4c86c2fc,rec_4771cea23a26a41b1167,D:\INFANT CRY\data_set_dbl_split\train\belly_pain\216_M_eairh.wav,belly_pain/216_M_eairh.wav,belly_pain,train,4,time_stretch,"{""rate"":0.886853}",15,14262634690292512945,virtual:aug_abc555d7f26a4c86c2fc
aug_c21dbaa089d4c5866698,rec_4f5f3b672a3334ab6010,D:\INFANT CRY\data_set_dbl_split\train\belly_pain\4846_F_eairh.wav,belly_pain/4846_F_eairh.wav,belly_pain,train,4,time_shift,"{""fraction"":-0.0856384}",16,683682593596480999,virtual:aug_c21dbaa089d4c5866698
aug_45c82c614c595706b9d9,rec_fcc4c169f306104793fd,D:\INFANT CRY\data_set_dbl_split\train\belly_pain\1588_M_eairh.wav,belly_pain/1588_M_eairh.wav,belly_pain,train,4,gaussian_noise,"{""noise_factor"":0.002694928}",17,15257523700344522979,virtual:aug_45c82c614c595706b9d9
aug_144a1bc9868a6b364f65,rec_7bfbf6df11a5121ca4c9,D:\INFANT CRY\data_set_dbl_split\train\belly_pain\934_M_eairh.wav,belly_pain/934_M_eairh.wav,belly_pain,train,4,pitch_shift,"{""steps"":1.940955}",18,14056371437481044981,virtual:aug_144a1bc9868a6b364f65
aug_9d9e7a5e03f3a7f46bdb,rec_9516de195d0ec83f4725,D:\INFANT CRY\data_set_dbl_split\train\belly_pain\3195_M_eairh.wav,belly_pain/3195_M_eairh.wav,belly_pain,train,4,pitch_shift,"{""steps"":-1.993033}",19,3654303547992507538,virtual:aug_9d9e7a5e03f3a7f46bdb
aug_3afe28d0f885998fe7d9,rec_f3c9e9d220dc2e97e90a,D:\INFANT CRY\data_set_dbl_split\train\belly_pain\2760_F_eairh.wav,belly_pain/2760_F_eairh.wav,belly_pain,train,4,time_stretch,"{""rate"":1.183704}",20,12256230376132912659,virtual:aug_3afe28d0f885998fe7d9
aug_fae0503487cb6097055b,rec_886741e63dcc59e4d15d,D:\INFANT CRY\data_set_dbl_split\train\belly_pain\dunstan-eairh_2.wav,belly_pain/dunstan-eairh_2.wav,belly_pain,train,4,time_stretch,"{""rate"":0.780853}",21,15204818348784253781,virtual:aug_fae0503487cb6097055b
aug_9201e3641ce72c9960b3,rec_bf373fe9b30b0dd92527,D:\INFANT CRY\data_set_dbl_split\train\belly_pain\407_M_eairh.wav,belly_pain/407_M_eairh.wav,belly_pain,train,4,gaussian_noise,"{""noise_factor"":0.004961245}",22,5349866533923510196,virtual:aug_9201e3641ce72c9960b3
aug_7458b07aebd86dff12f3,rec_6ac41708a7f3de4ed900,D:\INFANT CRY\data_set_dbl_split\train\belly_pain\dunstan-eairh_9.wav,belly_pain/dunstan-eairh_9.wav,belly_pain,train,4,pitch_shift,"{""steps"":1.171554}",23,17049396743086025833,virtual:aug_7458b07aebd86dff12f3
aug_198de0177f57dcd7a76e,rec_c7ab84dc1e25a511f089,D:\INFANT CRY\data_set_dbl_split\train\belly_pain\3054_M_eairh.wav,belly_pain/3054_M_eairh.wav,belly_pain,train,4,pitch_shift,"{""steps"":-0.931186}",24,16980145948856304827,virtual:aug_198de0177f57dcd7a76e
aug_64c97ed5a68014abbb1c,rec_a13b92fdc5317e0a51d9,D:\INFANT CRY\data_set_dbl_split\train\belly_pain\548_F_eairh.wav,belly_pain/548_F_eairh.wav,belly_pain,train,4,time_stretch,"{""rate"":1.117789}",25,3578543210650783390,virtual:aug_64c97ed5a68014abbb1c
aug_6ea8be0f78a85c237d65,rec_0c5e583cba7fea6e7572,D:\INFANT CRY\data_set_dbl_split\train\belly_pain\3688_M_eairh.wav,belly_pain/3688_M_eairh.wav,belly_pain,train,4,time_stretch,"{""rate"":0.881215}",26,1874304839017995880,virtual:aug_6ea8be0f78a85c237d65
aug_96d55238076fb43dd011,rec_e41629e8492bfc07276b,D:\INFANT CRY\data_set_dbl_split\train\belly_pain\3151_M_eairh.wav,belly_pain/3151_M_eairh.wav,belly_pain,train,4,time_shift,"{""fraction"":0.0340356}",27,8768691192185574393,virtual:aug_96d55238076fb43dd011
aug_a93701a20cfeab498239,rec_7923b3cade105f0c3c70,D:\INFANT CRY\data_set_dbl_split\train\belly_pain\2651_F_eairh.wav,belly_pain/2651_F_eairh.wav,belly_pain,train,4,gaussian_noise,"{""noise_factor"":0.002813143}",28,10430820848825677443,virtual:aug_a93701a20cfeab498239
aug_d498f4515047c2d2c398,rec_db0170c6e9143b76c98f,D:\INFANT CRY\data_set_dbl_split\train\belly_pain\1215_M_eairh.wav,belly_pain/1215_M_eairh.wav,belly_pain,train,4,pitch_shift,"{""steps"":2.004727}",29,9898111556777007946,virtual:aug_d498f4515047c2d2c398
aug_f674c8faeba12f887811,rec_774e95ea65e8ccac1202,D:\INFANT CRY\data_set_dbl_split\train\belly_pain\4684_M_eairh.wav,belly_pain/4684_M_eairh.wav,belly_pain,train,4,pitch_shift,"{""steps"":-2.104524}",30,7865566748253381138,virtual:aug_f674c8faeba12f887811
aug_a7470f16ca0b94b82315,rec_212b93ff5570b7840e1a,D:\INFANT CRY\data_set_dbl_split\train\belly_pain\419_M_eairh.wav,belly_pain/419_M_eairh.wav,belly_pain,train,4,time_stretch,"{""rate"":1.223078}",31,2250852642554623106,virtual:aug_a7470f16ca0b94b82315
aug_419ace81633d173e8eb1,rec_9ef4cab50c9a56e3bd9a,D:\INFANT CRY\data_set_dbl_split\train\belly_pain\4758_M_eairh.wav,belly_pain/4758_M_eairh.wav,belly_pain,train,4,time_stretch,"{""rate"":0.775501}",32,10235317624131241703,virtual:aug_419ace81633d173e8eb1
aug_e809a5797f52927fc2e2,rec_0c6c903753d565dac519,D:\INFANT CRY\data_set_dbl_split\train\belly_pain\3505_M_eairh.wav,belly_pain/3505_M_eairh.wav,belly_pain,train,4,gaussian_noise,"{""noise_factor"":0.004744717}",33,15499767393811141328,virtual:aug_e809a5797f52927fc2e2
aug_b72dc9bebfe4faccf2ae,rec_6f6b4910a46d0f5c9466,D:\INFANT CRY\data_set_dbl_split\train\belly_pain\dunstan-eairh_29.wav,belly_pain/dunstan-eairh_29.wav,belly_pain,train,4,pitch_shift,"{""steps"":1.190783}",34,5097998113048154234,virtual:aug_b72dc9bebfe4faccf2ae
aug_8f0192fb298ef3100b25,rec_3e28c761181c5229dd97,D:\INFANT CRY\data_set_dbl_split\train\belly_pain\dunstan-eairh_11.wav,belly_pain/dunstan-eairh_11.wav,belly_pain,train,4,pitch_shift,"{""steps"":-1.132069}",35,2967923647509332601,virtual:aug_8f0192fb298ef3100b25
aug_1e6bba583525ebea7f2d,rec_b97b97506a926108c4fb,D:\INFANT CRY\data_set_dbl_split\train\belly_pain\4511_F_eairh.wav,belly_pain/4511_F_eairh.wav,belly_pain,train,4,time_stretch,"{""rate"":1.11176}",36,16970990686057406289,virtual:aug_1e6bba583525ebea7f2d
aug_09e660f06a1c330e8c36,rec_a29eb2fa57b194483f26,D:\INFANT CRY\data_set_dbl_split\train\belly_pain\2101_M_eairh.wav,belly_pain/2101_M_eairh.wav,belly_pain,train,4,time_stretch,"{""rate"":0.886167}",37,7437561601130423240,virtual:aug_09e660f06a1c330e8c36
aug_744680a1de3042d6aa75,rec_e6d5a53ef5c2a42cae1f,D:\INFANT CRY\data_set_dbl_split\train\belly_pain\dunstan-eairh_59.wav,belly_pain/dunstan-eairh_59.wav,belly_pain,train,4,time_shift,"{""fraction"":-0.0379975}",38,16890042803136157994,virtual:aug_744680a1de3042d6aa75
aug_6afb83e03e9b1eb0e0ac,rec_81baca137ffa49fea0f0,D:\INFANT CRY\data_set_dbl_split\train\belly_pain\dunstan-eairh_5.wav,belly_pain/dunstan-eairh_5.wav,belly_pain,train,4,gaussian_noise,"{""noise_factor"":0.002539609}",39,14250280789053079464,virtual:aug_6afb83e03e9b1eb0e0ac
aug_f5ac4165576a6a1aa967,rec_fae98644f14f54a8f0a4,D:\INFANT CRY\data_set_dbl_split\train\belly_pain\3889_M_eairh.wav,belly_pain/3889_M_eairh.wav,belly_pain,train,4,pitch_shift,"{""steps"":1.807563}",40,9476109089624163734,virtual:aug_f5ac4165576a6a1aa967
aug_5d35d6cbb9cccc59acd2,rec_fdf6fac981d89bd04593,D:\INFANT CRY\data_set_dbl_split\train\belly_pain\3344_M_eairh.wav,belly_pain/3344_M_eairh.wav,belly_pain,train,4,pitch_shift,"{""steps"":-2.187047}",41,8458391852218710258,virtual:aug_5d35d6cbb9cccc59acd2
aug_b8368c122257b037e244,rec_b52b02478d157dfacee6,D:\INFANT CRY\data_set_dbl_split\train\belly_pain\3541_M_eairh.wav,belly_pain/3541_M_eairh.wav,belly_pain,train,4,time_stretch,"{""rate"":1.223502}",42,6125721089320257426,virtual:aug_b8368c122257b037e244
aug_6d4e6f1978f1b533b6fe,rec_0213f75c14f4849c2a83,D:\INFANT CRY\data_set_dbl_split\train\belly_pain\dunstan-eairh_41.wav,belly_pain/dunstan-eairh_41.wav,belly_pain,train,4,time_stretch,"{""rate"":0.796116}",43,16971701130890127212,virtual:aug_6d4e6f1978f1b533b6fe
aug_28463cfd857192e065bd,rec_db04a08c8cb045de0940,D:\INFANT CRY\data_set_dbl_split\train\belly_pain\4896_M_eairh.wav,belly_pain/4896_M_eairh.wav,belly_pain,train,4,gaussian_noise,"{""noise_factor"":0.0047431}",44,1248053724358093819,virtual:aug_28463cfd857192e065bd
aug_cd804bddc443d84c638a,rec_5e6be8ab7bbd234bfa10,D:\INFANT CRY\data_set_dbl_split\train\belly_pain\323_M_eairh.wav,belly_pain/323_M_eairh.wav,belly_pain,train,4,pitch_shift,"{""steps"":0.983829}",45,14401770668379194650,virtual:aug_cd804bddc443d84c638a
aug_d5fad957877802329e9e,rec_1b0acd4606aae95bef48,D:\INFANT CRY\data_set_dbl_split\train\belly_pain\2987_F_eairh.wav,belly_pain/2987_F_eairh.wav,belly_pain,train,4,pitch_shift,"{""steps"":-0.848346}",46,13103352321907398867,virtual:aug_d5fad957877802329e9e
aug_577fe4552a6dd09af0fc,rec_81fef69644989c4602c2,D:\INFANT CRY\data_set_dbl_split\train\belly_pain\4745_M_eairh.wav,belly_pain/4745_M_eairh.wav,belly_pain,train,4,time_stretch,"{""rate"":1.114588}",47,11125200255906634211,virtual:aug_577fe4552a6dd09af0fc
aug_084768ce2507df7060d3,rec_3be61b78079d39f26682,D:\INFANT CRY\data_set_dbl_split\train\belly_pain\4847_M_eairh.wav,belly_pain/4847_M_eairh.wav,belly_pain,train,4,time_stretch,"{""rate"":0.915921}",48,3714650055379215620,virtual:aug_084768ce2507df7060d3
aug_c54475d7fa25b1d815d3,rec_8cea211c8ae2584daf02,D:\INFANT CRY\data_set_dbl_split\train\belly_pain\1516_M_eairh.wav,belly_pain/1516_M_eairh.wav,belly_pain,train,4,time_shift,"{""fraction"":0.0122261}",49,2611055936296616207,virtual:aug_c54475d7fa25b1d815d3
aug_bd802b5fe903d6fee037,rec_c3629105ce9cd90cfd02,D:\INFANT CRY\data_set_dbl_split\train\belly_pain\4186_M_eairh.wav,belly_pain/4186_M_eairh.wav,belly_pain,train,4,gaussian_noise,"{""noise_factor"":0.002375122}",50,6202868714424099415,virtual:aug_bd802b5fe903d6fee037
aug_b751abaf093080a65c92,rec_f727cf87adcf68c78684,D:\INFANT CRY\data_set_dbl_split\train\belly_pain\1248_M_eairh.wav,belly_pain/1248_M_eairh.wav,belly_pain,train,4,pitch_shift,"{""steps"":2.183016}",51,85863903387689598,virtual:aug_b751abaf093080a65c92
aug_e7302530628142078dcf,rec_d433c8ac12980d0cc901,D:\INFANT CRY\data_set_dbl_split\train\belly_pain\3619_M_eairh.wav,belly_pain/3619_M_eairh.wav,belly_pain,train,4,pitch_shift,"{""steps"":-2.108327}",52,3276803510428351126,virtual:aug_e7302530628142078dcf
aug_0d3f2be5c717db38908f,rec_3c400a3cd8526f5968e2,D:\INFANT CRY\data_set_dbl_split\train\belly_pain\1321_F_eairh.wav,belly_pain/1321_F_eairh.wav,belly_pain,train,4,time_stretch,"{""rate"":1.175242}",53,14295377972424069271,virtual:aug_0d3f2be5c717db38908f
aug_b34693919c6bb5d84045,rec_07826f6464f9e0639207,D:\INFANT CRY\data_set_dbl_split\train\belly_pain\dunstan-eairh_3.wav,belly_pain/dunstan-eairh_3.wav,belly_pain,train,4,time_stretch,"{""rate"":0.789131}",54,3731034992302400985,virtual:aug_b34693919c6bb5d84045
aug_eb309c80666b574d126b,rec_25708979c73d741b3abd,D:\INFANT CRY\data_set_dbl_split\train\belly_pain\2208_M_eairh.wav,belly_pain/2208_M_eairh.wav,belly_pain,train,4,gaussian_noise,"{""noise_factor"":0.00432979}",55,513499528876541641,virtual:aug_eb309c80666b574d126b
aug_81634ccf4cfbe0e4aee2,rec_d0cc3e578be11d2ca330,D:\INFANT CRY\data_set_dbl_split\train\belly_pain\dunstan-eairh_18.wav,belly_pain/dunstan-eairh_18.wav,belly_pain,train,4,pitch_shift,"{""steps"":0.865131}",56,13146519697824505944,virtual:aug_81634ccf4cfbe0e4aee2
aug_283eb55a629e5c2af2d6,rec_4fb517e52369af00b8e9,D:\INFANT CRY\data_set_dbl_split\train\belly_pain\2754_M_eairh.wav,belly_pain/2754_M_eairh.wav,belly_pain,train,4,pitch_shift,"{""steps"":-1.184366}",57,12953145455772441726,virtual:aug_283eb55a629e5c2af2d6
aug_3ee503ebeff309c88f4a,rec_9fe218fb42a48370949d,D:\INFANT CRY\data_set_dbl_split\train\belly_pain\476_M_eairh.wav,belly_pain/476_M_eairh.wav,belly_pain,train,4,time_stretch,"{""rate"":1.105212}",58,9092180536109319332,virtual:aug_3ee503ebeff309c88f4a
aug_f85345f1bfff90e03674,rec_4540c986f8cce2bafa2c,D:\INFANT CRY\data_set_dbl_split\train\belly_pain\1554_M_eairh.wav,belly_pain/1554_M_eairh.wav,belly_pain,train,4,time_stretch,"{""rate"":0.882427}",59,9943575357631907581,virtual:aug_f85345f1bfff90e03674
aug_1803a405c4cb3e5716c8,rec_5d81264429765a29a2c1,D:\INFANT CRY\data_set_dbl_split\train\belly_pain\1370_M_eairh.wav,belly_pain/1370_M_eairh.wav,belly_pain,train,4,time_shift,"{""fraction"":-0.0914981}",60,2497181144038424112,virtual:aug_1803a405c4cb3e5716c8
aug_481500cee60e5b65f82a,rec_86e990c657f137ebbf87,D:\INFANT CRY\data_set_dbl_split\train\belly_pain\dunstan-eairh_20.wav,belly_pain/dunstan-eairh_20.wav,belly_pain,train,4,gaussian_noise,"{""noise_factor"":0.002747526}",61,16000576576016218105,virtual:aug_481500cee60e5b65f82a
aug_2f59c5f004432624d395,rec_bc38ab67adac26f034e8,D:\INFANT CRY\data_set_dbl_split\train\belly_pain\dunstan-eairh_13.wav,belly_pain/dunstan-eairh_13.wav,belly_pain,train,4,pitch_shift,"{""steps"":2.107858}",62,7144654645880301543,virtual:aug_2f59c5f004432624d395
aug_2686721ad07fedfe5393,rec_b2242a410e34ac87e103,D:\INFANT CRY\data_set_dbl_split\train\belly_pain\dunstan-eairh_7.wav,belly_pain/dunstan-eairh_7.wav,belly_pain,train,4,pitch_shift,"{""steps"":-2.080626}",63,1925155303494919806,virtual:aug_2686721ad07fedfe5393
aug_843d8652a03111d5c130,rec_020faabb65976146dcf3,D:\INFANT CRY\data_set_dbl_split\train\belly_pain\2210_M_eairh.wav,belly_pain/2210_M_eairh.wav,belly_pain,train,4,time_stretch,"{""rate"":1.209051}",64,1455084878310213632,virtual:aug_843d8652a03111d5c130
aug_fa38bc85e9e904bbfab7,rec_0ddf3d9b53d6a320397d,D:\INFANT CRY\data_set_dbl_split\train\belly_pain\3326_F_eairh.wav,belly_pain/3326_F_eairh.wav,belly_pain,train,4,time_stretch,"{""rate"":0.823588}",65,12155065833596862740,virtual:aug_fa38bc85e9e904bbfab7
aug_9a5106ecc6ff23c8d68e,rec_01476f7d02dc9fb5bfc4,D:\INFANT CRY\data_set_dbl_split\train\belly_pain\1330_M_eairh.wav,belly_pain/1330_M_eairh.wav,belly_pain,train,4,gaussian_noise,"{""noise_factor"":0.004386463}",66,12731785135021024546,virtual:aug_9a5106ecc6ff23c8d68e
aug_d614da25f619c5711a5e,rec_ab7a13884b2d82c96982,D:\INFANT CRY\data_set_dbl_split\train\belly_pain\3858_M_eairh.wav,belly_pain/3858_M_eairh.wav,belly_pain,train,4,pitch_shift,"{""steps"":0.904689}",67,9946943808765505142,virtual:aug_d614da25f619c5711a5e
aug_5837ddee840c80763ce4,rec_aee0e27f53394dd9463f,D:\INFANT CRY\data_set_dbl_split\train\belly_pain\792_M_eairh.wav,belly_pain/792_M_eairh.wav,belly_pain,train,4,pitch_shift,"{""steps"":-1.115099}",68,17824030537241363548,virtual:aug_5837ddee840c80763ce4
aug_ca8adba872e07814371a,rec_b9167ff33ed6aa5cabea,D:\INFANT CRY\data_set_dbl_split\train\belly_pain\4452_F_eairh.wav,belly_pain/4452_F_eairh.wav,belly_pain,train,4,time_stretch,"{""rate"":1.118672}",69,12789165241682331986,virtual:aug_ca8adba872e07814371a
aug_f27d0b8e13ca73edb38a,rec_e28be47a3f49c072a427,D:\INFANT CRY\data_set_dbl_split\train\belly_pain\dunstan-eairh_8.wav,belly_pain/dunstan-eairh_8.wav,belly_pain,train,4,time_stretch,"{""rate"":0.903631}",70,8711742213483902625,virtual:aug_f27d0b8e13ca73edb38a
aug_bbecdfca01f32d84bc10,rec_bc25d1ebb8434b66682a,D:\INFANT CRY\data_set_dbl_split\train\belly_pain\2293_F_eairh.wav,belly_pain/2293_F_eairh.wav,belly_pain,train,4,time_shift,"{""fraction"":0.0416131}",71,3290304988928886806,virtual:aug_bbecdfca01f32d84bc10
aug_dfc6d8e4bed800228d13,rec_38916b588bfc277e0233,D:\INFANT CRY\data_set_dbl_split\train\belly_pain\dunstan-eairh_34.wav,belly_pain/dunstan-eairh_34.wav,belly_pain,train,4,gaussian_noise,"{""noise_factor"":0.002240143}",72,4653608070319518838,virtual:aug_dfc6d8e4bed800228d13
aug_100f99e48ead58c0ad89,rec_6ddf02f097374f28d75a,D:\INFANT CRY\data_set_dbl_split\train\belly_pain\dunstan-eairh_4.wav,belly_pain/dunstan-eairh_4.wav,belly_pain,train,4,pitch_shift,"{""steps"":1.849619}",73,7397895222483676714,virtual:aug_100f99e48ead58c0ad89
aug_1861bf1a47573281e5ea,rec_50da61b23db30480db84,D:\INFANT CRY\data_set_dbl_split\train\belly_pain\4601_M_eairh.wav,belly_pain/4601_M_eairh.wav,belly_pain,train,4,pitch_shift,"{""steps"":-1.950448}",74,9329817604098664739,virtual:aug_1861bf1a47573281e5ea
aug_f5628954e79b7a7cc36f,rec_917b2809b108d84393e1,D:\INFANT CRY\data_set_dbl_split\train\belly_pain\dunstan-eairh_37.wav,belly_pain/dunstan-eairh_37.wav,belly_pain,train,4,time_stretch,"{""rate"":1.18109}",75,17852689355589787397,virtual:aug_f5628954e79b7a7cc36f
aug_21c804574e71d4600998,rec_71271d173296dd73b1cc,D:\INFANT CRY\data_set_dbl_split\train\belly_pain\dunstan-eairh_49.wav,belly_pain/dunstan-eairh_49.wav,belly_pain,train,4,time_stretch,"{""rate"":0.822578}",76,1035956182081415620,virtual:aug_21c804574e71d4600998
aug_0bbf171289e81c1e342a,rec_88e4a7633c64c24b0e2a,D:\INFANT CRY\data_set_dbl_split\train\belly_pain\1353_M_eairh.wav,belly_pain/1353_M_eairh.wav,belly_pain,train,4,gaussian_noise,"{""noise_factor"":0.005493151}",77,1023217943944852718,virtual:aug_0bbf171289e81c1e342a
aug_3ca637191ec74c0cf3e6,rec_8edd741f68bb4fc40004,D:\INFANT CRY\data_set_dbl_split\train\belly_pain\446_M_eairh.wav,belly_pain/446_M_eairh.wav,belly_pain,train,4,pitch_shift,"{""steps"":1.18936}",78,7416358433444786820,virtual:aug_3ca637191ec74c0cf3e6
aug_f08368acba5cd1a387fc,rec_dc2883d8ee245da07d43,D:\INFANT CRY\data_set_dbl_split\train\belly_pain\2243_M_eairh.wav,belly_pain/2243_M_eairh.wav,belly_pain,train,4,pitch_shift,"{""steps"":-0.970939}",79,11312424779562136965,virtual:aug_f08368acba5cd1a387fc
aug_c13e8cef254568cfca34,rec_50282cf393ad274e3952,D:\INFANT CRY\data_set_dbl_split\train\belly_pain\dunstan-eairh_32.wav,belly_pain/dunstan-eairh_32.wav,belly_pain,train,4,time_stretch,"{""rate"":1.110132}",80,17290433539414444093,virtual:aug_c13e8cef254568cfca34
aug_f53eb7734bcc04515c33,rec_45acf6d12a71c4b85dfc,D:\INFANT CRY\data_set_dbl_split\train\belly_pain\dunstan-eairh_33.wav,belly_pain/dunstan-eairh_33.wav,belly_pain,train,4,time_stretch,"{""rate"":0.884366}",81,5713308698901690786,virtual:aug_f53eb7734bcc04515c33
aug_a5ffb72a609ceeceec43,rec_a0848fd98077b24f5820,D:\INFANT CRY\data_set_dbl_split\train\belly_pain\1462_F_eairh.wav,belly_pain/1462_F_eairh.wav,belly_pain,train,4,time_shift,"{""fraction"":-0.0367895}",82,7103757543399369977,virtual:aug_a5ffb72a609ceeceec43
aug_987d17328ff339717f12,rec_f3b17560413168dbbc98,D:\INFANT CRY\data_set_dbl_split\train\belly_pain\1197_M_eairh.wav,belly_pain/1197_M_eairh.wav,belly_pain,train,4,gaussian_noise,"{""noise_factor"":0.00263698}",83,8074641664729538629,virtual:aug_987d17328ff339717f12
aug_36ec043482a95cec0f0e,rec_f08400013ae835c03434,D:\INFANT CRY\data_set_dbl_split\train\belly_pain\dunstan-eairh_12.wav,belly_pain/dunstan-eairh_12.wav,belly_pain,train,4,pitch_shift,"{""steps"":2.110441}",84,10929218531027641375,virtual:aug_36ec043482a95cec0f0e
aug_625595045d3abba6ec14,rec_e341b409fa744b48140a,D:\INFANT CRY\data_set_dbl_split\train\belly_pain\2367_M_eairh.wav,belly_pain/2367_M_eairh.wav,belly_pain,train,4,pitch_shift,"{""steps"":-2.102775}",85,7455908754375751540,virtual:aug_625595045d3abba6ec14
aug_810b757ab43c8ed86584,rec_0bf28df218daf1ccd7d4,D:\INFANT CRY\data_set_dbl_split\train\belly_pain\dunstan-eairh_31.wav,belly_pain/dunstan-eairh_31.wav,belly_pain,train,4,time_stretch,"{""rate"":1.220454}",86,18030210769511430125,virtual:aug_810b757ab43c8ed86584
aug_a23613c39f3a8c58dda5,rec_fac87a465c8472b089f6,D:\INFANT CRY\data_set_dbl_split\train\belly_pain\2250_F_eairh.wav,belly_pain/2250_F_eairh.wav,belly_pain,train,4,time_stretch,"{""rate"":0.792244}",87,11978199100740133650,virtual:aug_a23613c39f3a8c58dda5
aug_da6926a30ccb5c154210,rec_bb69c12272a7b5c6887b,D:\INFANT CRY\data_set_dbl_split\train\belly_pain\dunstan-eairh_6.wav,belly_pain/dunstan-eairh_6.wav,belly_pain,train,4,gaussian_noise,"{""noise_factor"":0.005361604}",88,4101217787864154446,virtual:aug_da6926a30ccb5c154210
aug_c685a7636502286fcac0,rec_bd03bef6ee0cbaf1d721,D:\INFANT CRY\data_set_dbl_split\train\belly_pain\3616_F_eairh.wav,belly_pain/3616_F_eairh.wav,belly_pain,train,4,pitch_shift,"{""steps"":0.997977}",89,16594156334354356839,virtual:aug_c685a7636502286fcac0
aug_8510cbeb9d5811d6acee,rec_cc6172b8bd33735c82c6,D:\INFANT CRY\data_set_dbl_split\train\belly_pain\2819_M_eairh.wav,belly_pain/2819_M_eairh.wav,belly_pain,train,4,pitch_shift,"{""steps"":-0.849426}",90,5900491383808045012,virtual:aug_8510cbeb9d5811d6acee
aug_1c1e3a4ff0a5341e21e9,rec_fba775c7ee6d938c4a28,D:\INFANT CRY\data_set_dbl_split\train\belly_pain\2566_M_eairh.wav,belly_pain/2566_M_eairh.wav,belly_pain,train,4,time_stretch,"{""rate"":1.11168}",91,11479583409031164766,virtual:aug_1c1e3a4ff0a5341e21e9
aug_d12086d02834f157d455,rec_43b3fbffb18394a3d9df,D:\INFANT CRY\data_set_dbl_split\train\belly_pain\dunstan-eairh_52.wav,belly_pain/dunstan-eairh_52.wav,belly_pain,train,4,time_stretch,"{""rate"":0.915652}",92,6956242982914115153,virtual:aug_d12086d02834f157d455
aug_7e7539fcae9f1324b1bb,rec_99c997cbc56d30a6f86a,D:\INFANT CRY\data_set_dbl_split\train\belly_pain\4463_F_eairh.wav,belly_pain/4463_F_eairh.wav,belly_pain,train,4,time_shift,"{""fraction"":-0.055098}",93,4413194330794530735,virtual:aug_7e7539fcae9f1324b1bb
aug_3f8fd0df5e19ea3611ef,rec_dadefbf45bb8caa60b9e,D:\INFANT CRY\data_set_dbl_split\train\belly_pain\2269_M_eairh.wav,belly_pain/2269_M_eairh.wav,belly_pain,train,4,gaussian_noise,"{""noise_factor"":0.002630059}",94,17228122507541608925,virtual:aug_3f8fd0df5e19ea3611ef
aug_eeab2f305e71f83b14e5,rec_cdcf04a52b20c44770ea,D:\INFANT CRY\data_set_dbl_split\train\belly_pain\2685_F_eairh.wav,belly_pain/2685_F_eairh.wav,belly_pain,train,4,pitch_shift,"{""steps"":1.963585}",95,5101597977377769565,virtual:aug_eeab2f305e71f83b14e5
aug_7b06c57f66c20650eed6,rec_983c3aa745cbf8ace922,D:\INFANT CRY\data_set_dbl_split\train\belly_pain\dunstan-eairh_22.wav,belly_pain/dunstan-eairh_22.wav,belly_pain,train,4,pitch_shift,"{""steps"":-1.94371}",96,5675100755481074068,virtual:aug_7b06c57f66c20650eed6
aug_f08ef626c5de1d2eef48,rec_179925449a09539a329f,D:\INFANT CRY\data_set_dbl_split\train\belly_pain\dunstan-eairh_50.wav,belly_pain/dunstan-eairh_50.wav,belly_pain,train,4,time_stretch,"{""rate"":1.179685}",97,16965516435224582291,virtual:aug_f08ef626c5de1d2eef48
aug_f025293ed35b1fc55cb6,rec_519de6d134c08a715f7a,D:\INFANT CRY\data_set_dbl_split\train\belly_pain\4437_M_eairh.wav,belly_pain/4437_M_eairh.wav,belly_pain,train,4,time_stretch,"{""rate"":0.81718}",98,14937131733544311885,virtual:aug_f025293ed35b1fc55cb6
aug_0d1dac796899858194c8,rec_f6e860c75ce7b1ebce05,D:\INFANT CRY\data_set_dbl_split\train\belly_pain\4711_M_eairh.wav,belly_pain/4711_M_eairh.wav,belly_pain,train,4,gaussian_noise,"{""noise_factor"":0.004896971}",99,8659928095805300771,virtual:aug_0d1dac796899858194c8
aug_ce08c1911cb23d578451,rec_df6f22b942b4fbdceea0,D:\INFANT CRY\data_set_dbl_split\train\belly_pain\318_M_eairh.wav,belly_pain/318_M_eairh.wav,belly_pain,train,4,pitch_shift,"{""steps"":0.99082}",100,18252303979784025592,virtual:aug_ce08c1911cb23d578451
aug_8f35e31d49cb4abb3825,rec_b6b66fb3f3de74db9ab8,D:\INFANT CRY\data_set_dbl_split\train\belly_pain\3825_M_eairh.wav,belly_pain/3825_M_eairh.wav,belly_pain,train,4,pitch_shift,"{""steps"":-0.999158}",101,930631120847599360,virtual:aug_8f35e31d49cb4abb3825
aug_cf28349bd08be4a430f2,rec_bd2fd049120ea1834eaf,D:\INFANT CRY\data_set_dbl_split\train\belly_pain\3306_M_eairh.wav,belly_pain/3306_M_eairh.wav,belly_pain,train,4,time_stretch,"{""rate"":1.087838}",102,8901269786872323556,virtual:aug_cf28349bd08be4a430f2
aug_949000f1bd3b2bee333b,rec_74b947283511c8751b65,D:\INFANT CRY\data_set_dbl_split\train\belly_pain\2593_M_eairh.wav,belly_pain/2593_M_eairh.wav,belly_pain,train,4,time_stretch,"{""rate"":0.900115}",103,16992727615336120083,virtual:aug_949000f1bd3b2bee333b
aug_308a95d54d794cad6232,rec_2730b77759b8808a6d27,D:\INFANT CRY\data_set_dbl_split\train\belly_pain\3786_M_eairh.wav,belly_pain/3786_M_eairh.wav,belly_pain,train,4,time_shift,"{""fraction"":-0.0429338}",104,10295529304001052277,virtual:aug_308a95d54d794cad6232
aug_f471bce0b86ce232d4c0,rec_728bae3265a2cb099ec1,D:\INFANT CRY\data_set_dbl_split\train\belly_pain\dunstan-eairh_38.wav,belly_pain/dunstan-eairh_38.wav,belly_pain,train,4,gaussian_noise,"{""noise_factor"":0.00219241}",105,15611140252597844860,virtual:aug_f471bce0b86ce232d4c0
aug_94f11f16a3a0c24eadcc,rec_4771cea23a26a41b1167,D:\INFANT CRY\data_set_dbl_split\train\belly_pain\216_M_eairh.wav,belly_pain/216_M_eairh.wav,belly_pain,train,4,pitch_shift,"{""steps"":1.882817}",106,1914115552319570774,virtual:aug_94f11f16a3a0c24eadcc
aug_0dc0e5114550361280ba,rec_4f5f3b672a3334ab6010,D:\INFANT CRY\data_set_dbl_split\train\belly_pain\4846_F_eairh.wav,belly_pain/4846_F_eairh.wav,belly_pain,train,4,pitch_shift,"{""steps"":-2.060632}",107,8018103468542304652,virtual:aug_0dc0e5114550361280ba
aug_15484cbd52d6a6661a56,rec_fcc4c169f306104793fd,D:\INFANT CRY\data_set_dbl_split\train\belly_pain\1588_M_eairh.wav,belly_pain/1588_M_eairh.wav,belly_pain,train,4,time_stretch,"{""rate"":1.19652}",108,17345809805454395391,virtual:aug_15484cbd52d6a6661a56
aug_050eb0ff9db160fcdd62,rec_7bfbf6df11a5121ca4c9,D:\INFANT CRY\data_set_dbl_split\train\belly_pain\934_M_eairh.wav,belly_pain/934_M_eairh.wav,belly_pain,train,4,time_stretch,"{""rate"":0.806938}",109,12850028156788177523,virtual:aug_050eb0ff9db160fcdd62
aug_22ebeea301b1a8275883,rec_9516de195d0ec83f4725,D:\INFANT CRY\data_set_dbl_split\train\belly_pain\3195_M_eairh.wav,belly_pain/3195_M_eairh.wav,belly_pain,train,4,gaussian_noise,"{""noise_factor"":0.004624901}",110,3947580991686592070,virtual:aug_22ebeea301b1a8275883
aug_1e29a7453a1a106add8e,rec_f3c9e9d220dc2e97e90a,D:\INFANT CRY\data_set_dbl_split\train\belly_pain\2760_F_eairh.wav,belly_pain/2760_F_eairh.wav,belly_pain,train,4,pitch_shift,"{""steps"":1.113536}",111,1490580754790406713,virtual:aug_1e29a7453a1a106add8e
aug_953e9ff36b27529a0595,rec_886741e63dcc59e4d15d,D:\INFANT CRY\data_set_dbl_split\train\belly_pain\dunstan-eairh_2.wav,belly_pain/dunstan-eairh_2.wav,belly_pain,train,4,pitch_shift,"{""steps"":-0.96526}",112,2744432653918151467,virtual:aug_953e9ff36b27529a0595
aug_dea82ef8827ad473faf7,rec_bf373fe9b30b0dd92527,D:\INFANT CRY\data_set_dbl_split\train\belly_pain\407_M_eairh.wav,belly_pain/407_M_eairh.wav,belly_pain,train,4,time_stretch,"{""rate"":1.091933}",113,14627598932574655824,virtual:aug_dea82ef8827ad473faf7
aug_e9398a60d87d2a577078,rec_6ac41708a7f3de4ed900,D:\INFANT CRY\data_set_dbl_split\train\belly_pain\dunstan-eairh_9.wav,belly_pain/dunstan-eairh_9.wav,belly_pain,train,4,time_stretch,"{""rate"":0.918781}",114,17893061918943644156,virtual:aug_e9398a60d87d2a577078
aug_3c86405ef58f9a143a3a,rec_c7ab84dc1e25a511f089,D:\INFANT CRY\data_set_dbl_split\train\belly_pain\3054_M_eairh.wav,belly_pain/3054_M_eairh.wav,belly_pain,train,4,time_shift,"{""fraction"":-0.0963552}",115,9077766306123570277,virtual:aug_3c86405ef58f9a143a3a
aug_9f0e5570701fc4c29d7d,rec_a13b92fdc5317e0a51d9,D:\INFANT CRY\data_set_dbl_split\train\belly_pain\548_F_eairh.wav,belly_pain/548_F_eairh.wav,belly_pain,train,4,gaussian_noise,"{""noise_factor"":0.002845329}",116,14623240679278985281,virtual:aug_9f0e5570701fc4c29d7d
aug_233dc3ac0c9b0f625322,rec_0c5e583cba7fea6e7572,D:\INFANT CRY\data_set_dbl_split\train\belly_pain\3688_M_eairh.wav,belly_pain/3688_M_eairh.wav,belly_pain,train,4,pitch_shift,"{""steps"":1.809592}",117,9495147409797652045,virtual:aug_233dc3ac0c9b0f625322
aug_96d68b4e0701dba24be4,rec_e41629e8492bfc07276b,D:\INFANT CRY\data_set_dbl_split\train\belly_pain\3151_M_eairh.wav,belly_pain/3151_M_eairh.wav,belly_pain,train,4,pitch_shift,"{""steps"":-1.872895}",118,18098579756231022084,virtual:aug_96d68b4e0701dba24be4
aug_833af9113a83d72cca6f,rec_7923b3cade105f0c3c70,D:\INFANT CRY\data_set_dbl_split\train\belly_pain\2651_F_eairh.wav,belly_pain/2651_F_eairh.wav,belly_pain,train,4,time_stretch,"{""rate"":1.217223}",119,7571844613239229387,virtual:aug_833af9113a83d72cca6f
aug_f106c60f4189ba675951,rec_db0170c6e9143b76c98f,D:\INFANT CRY\data_set_dbl_split\train\belly_pain\1215_M_eairh.wav,belly_pain/1215_M_eairh.wav,belly_pain,train,4,time_stretch,"{""rate"":0.82012}",120,15802877255130920351,virtual:aug_f106c60f4189ba675951
aug_47f1d25bfa1ed9eeb943,rec_774e95ea65e8ccac1202,D:\INFANT CRY\data_set_dbl_split\train\belly_pain\4684_M_eairh.wav,belly_pain/4684_M_eairh.wav,belly_pain,train,4,gaussian_noise,"{""noise_factor"":0.004351838}",121,13850325665274755474,virtual:aug_47f1d25bfa1ed9eeb943
aug_9d38e503671471ec6edf,rec_212b93ff5570b7840e1a,D:\INFANT CRY\data_set_dbl_split\train\belly_pain\419_M_eairh.wav,belly_pain/419_M_eairh.wav,belly_pain,train,4,pitch_shift,"{""steps"":0.842191}",122,14810373912248624646,virtual:aug_9d38e503671471ec6edf
aug_5a56abc60890a7cebfa1,rec_9ef4cab50c9a56e3bd9a,D:\INFANT CRY\data_set_dbl_split\train\belly_pain\4758_M_eairh.wav,belly_pain/4758_M_eairh.wav,belly_pain,train,4,pitch_shift,"{""steps"":-1.083655}",123,888981740490393921,virtual:aug_5a56abc60890a7cebfa1
aug_69b309e7bc1875e2eebc,rec_0c6c903753d565dac519,D:\INFANT CRY\data_set_dbl_split\train\belly_pain\3505_M_eairh.wav,belly_pain/3505_M_eairh.wav,belly_pain,train,4,time_stretch,"{""rate"":1.093381}",124,1503242954588709168,virtual:aug_69b309e7bc1875e2eebc
aug_f13a325a9c38d47f0ac4,rec_6f6b4910a46d0f5c9466,D:\INFANT CRY\data_set_dbl_split\train\belly_pain\dunstan-eairh_29.wav,belly_pain/dunstan-eairh_29.wav,belly_pain,train,4,time_stretch,"{""rate"":0.910907}",125,2081360771878568628,virtual:aug_f13a325a9c38d47f0ac4
aug_875352ecf4b691822f23,rec_3e28c761181c5229dd97,D:\INFANT CRY\data_set_dbl_split\train\belly_pain\dunstan-eairh_11.wav,belly_pain/dunstan-eairh_11.wav,belly_pain,train,4,time_shift,"{""fraction"":0.0829535}",126,7703051256761447647,virtual:aug_875352ecf4b691822f23
aug_4136897b4bca81001506,rec_b97b97506a926108c4fb,D:\INFANT CRY\data_set_dbl_split\train\belly_pain\4511_F_eairh.wav,belly_pain/4511_F_eairh.wav,belly_pain,train,4,gaussian_noise,"{""noise_factor"":0.002592194}",127,8705621031372703704,virtual:aug_4136897b4bca81001506
aug_7f0ba811ffb05b5d018e,rec_a29eb2fa57b194483f26,D:\INFANT CRY\data_set_dbl_split\train\belly_pain\2101_M_eairh.wav,belly_pain/2101_M_eairh.wav,belly_pain,train,4,pitch_shift,"{""steps"":1.803567}",128,4883330121829237351,virtual:aug_7f0ba811ffb05b5d018e
aug_4a3bf32f3717ae29e6c5,rec_e6d5a53ef5c2a42cae1f,D:\INFANT CRY\data_set_dbl_split\train\belly_pain\dunstan-eairh_59.wav,belly_pain/dunstan-eairh_59.wav,belly_pain,train,4,pitch_shift,"{""steps"":-2.020405}",129,1490014135349245190,virtual:aug_4a3bf32f3717ae29e6c5
aug_f0dd4708d89c5d9ba4df,rec_81baca137ffa49fea0f0,D:\INFANT CRY\data_set_dbl_split\train\belly_pain\dunstan-eairh_5.wav,belly_pain/dunstan-eairh_5.wav,belly_pain,train,4,time_stretch,"{""rate"":1.191951}",130,17178963565604949968,virtual:aug_f0dd4708d89c5d9ba4df
aug_f60d50de66ba35af62e9,rec_fae98644f14f54a8f0a4,D:\INFANT CRY\data_set_dbl_split\train\belly_pain\3889_M_eairh.wav,belly_pain/3889_M_eairh.wav,belly_pain,train,4,time_stretch,"{""rate"":0.790224}",131,12213327843298104147,virtual:aug_f60d50de66ba35af62e9
aug_c4d4ff1fe32f6ed4bbbb,rec_fdf6fac981d89bd04593,D:\INFANT CRY\data_set_dbl_split\train\belly_pain\3344_M_eairh.wav,belly_pain/3344_M_eairh.wav,belly_pain,train,4,gaussian_noise,"{""noise_factor"":0.00566842}",132,11659101916848509966,virtual:aug_c4d4ff1fe32f6ed4bbbb
aug_4e96b319b0368e0892f6,rec_b52b02478d157dfacee6,D:\INFANT CRY\data_set_dbl_split\train\belly_pain\3541_M_eairh.wav,belly_pain/3541_M_eairh.wav,belly_pain,train,4,pitch_shift,"{""steps"":1.11625}",133,7162368917940166868,virtual:aug_4e96b319b0368e0892f6
aug_99223d6e0dc43ca1cb88,rec_0213f75c14f4849c2a83,D:\INFANT CRY\data_set_dbl_split\train\belly_pain\dunstan-eairh_41.wav,belly_pain/dunstan-eairh_41.wav,belly_pain,train,4,pitch_shift,"{""steps"":-0.968154}",134,8963379670324070557,virtual:aug_99223d6e0dc43ca1cb88
aug_8493be45cf341c070bc6,rec_db04a08c8cb045de0940,D:\INFANT CRY\data_set_dbl_split\train\belly_pain\4896_M_eairh.wav,belly_pain/4896_M_eairh.wav,belly_pain,train,4,time_stretch,"{""rate"":1.097915}",135,2603779315950795861,virtual:aug_8493be45cf341c070bc6
aug_8701b5edd7a5150f6d43,rec_5e6be8ab7bbd234bfa10,D:\INFANT CRY\data_set_dbl_split\train\belly_pain\323_M_eairh.wav,belly_pain/323_M_eairh.wav,belly_pain,train,4,time_stretch,"{""rate"":0.915355}",136,13041585054033182014,virtual:aug_8701b5edd7a5150f6d43
aug_c539caa94e692d62f59f,rec_1b0acd4606aae95bef48,D:\INFANT CRY\data_set_dbl_split\train\belly_pain\2987_F_eairh.wav,belly_pain/2987_F_eairh.wav,belly_pain,train,4,time_shift,"{""fraction"":0.0358189}",137,11395771905471617804,virtual:aug_c539caa94e692d62f59f
aug_3f8a6fa3367f0e435b7e,rec_81fef69644989c4602c2,D:\INFANT CRY\data_set_dbl_split\train\belly_pain\4745_M_eairh.wav,belly_pain/4745_M_eairh.wav,belly_pain,train,4,gaussian_noise,"{""noise_factor"":0.002174269}",138,7184867629891927903,virtual:aug_3f8a6fa3367f0e435b7e
aug_02f67e0d68e2d673947a,rec_3be61b78079d39f26682,D:\INFANT CRY\data_set_dbl_split\train\belly_pain\4847_M_eairh.wav,belly_pain/4847_M_eairh.wav,belly_pain,train,4,pitch_shift,"{""steps"":1.972005}",139,1504097764459129565,virtual:aug_02f67e0d68e2d673947a
aug_ab4a6d6366e85eb9fa81,rec_8cea211c8ae2584daf02,D:\INFANT CRY\data_set_dbl_split\train\belly_pain\1516_M_eairh.wav,belly_pain/1516_M_eairh.wav,belly_pain,train,4,pitch_shift,"{""steps"":-2.104731}",140,13018186789378256993,virtual:aug_ab4a6d6366e85eb9fa81
aug_996f515aabace5472874,rec_c3629105ce9cd90cfd02,D:\INFANT CRY\data_set_dbl_split\train\belly_pain\4186_M_eairh.wav,belly_pain/4186_M_eairh.wav,belly_pain,train,4,time_stretch,"{""rate"":1.176809}",141,15405219137972161360,virtual:aug_996f515aabace5472874
aug_6a1e7fba6565fb15d9ac,rec_f727cf87adcf68c78684,D:\INFANT CRY\data_set_dbl_split\train\belly_pain\1248_M_eairh.wav,belly_pain/1248_M_eairh.wav,belly_pain,train,4,time_stretch,"{""rate"":0.818381}",142,7698913309447641561,virtual:aug_6a1e7fba6565fb15d9ac
aug_9703df935d8324909442,rec_d433c8ac12980d0cc901,D:\INFANT CRY\data_set_dbl_split\train\belly_pain\3619_M_eairh.wav,belly_pain/3619_M_eairh.wav,belly_pain,train,4,gaussian_noise,"{""noise_factor"":0.005236376}",143,16909228890577703439,virtual:aug_9703df935d8324909442
aug_37b02912e147c78894f5,rec_3c400a3cd8526f5968e2,D:\INFANT CRY\data_set_dbl_split\train\belly_pain\1321_F_eairh.wav,belly_pain/1321_F_eairh.wav,belly_pain,train,4,pitch_shift,"{""steps"":0.844172}",144,6374044182381003277,virtual:aug_37b02912e147c78894f5
aug_459dc6a0d51ee3f4b481,rec_07826f6464f9e0639207,D:\INFANT CRY\data_set_dbl_split\train\belly_pain\dunstan-eairh_3.wav,belly_pain/dunstan-eairh_3.wav,belly_pain,train,4,pitch_shift,"{""steps"":-1.054194}",145,6099910004669180111,virtual:aug_459dc6a0d51ee3f4b481
aug_e9801cef35f9ccc96b59,rec_25708979c73d741b3abd,D:\INFANT CRY\data_set_dbl_split\train\belly_pain\2208_M_eairh.wav,belly_pain/2208_M_eairh.wav,belly_pain,train,4,time_stretch,"{""rate"":1.083868}",146,11684697624853465865,virtual:aug_e9801cef35f9ccc96b59
aug_6c2fb23a7ae3c4bc6348,rec_d0cc3e578be11d2ca330,D:\INFANT CRY\data_set_dbl_split\train\belly_pain\dunstan-eairh_18.wav,belly_pain/dunstan-eairh_18.wav,belly_pain,train,4,time_stretch,"{""rate"":0.892767}",147,13497555297671702605,virtual:aug_6c2fb23a7ae3c4bc6348
aug_bef98090fe5ebd63ca7c,rec_4fb517e52369af00b8e9,D:\INFANT CRY\data_set_dbl_split\train\belly_pain\2754_M_eairh.wav,belly_pain/2754_M_eairh.wav,belly_pain,train,4,time_shift,"{""fraction"":-0.0641891}",148,14010319743606831793,virtual:aug_bef98090fe5ebd63ca7c
aug_db2649b6e2bc6fc7e18d,rec_9fe218fb42a48370949d,D:\INFANT CRY\data_set_dbl_split\train\belly_pain\476_M_eairh.wav,belly_pain/476_M_eairh.wav,belly_pain,train,4,gaussian_noise,"{""noise_factor"":0.002645664}",149,1240282689088096092,virtual:aug_db2649b6e2bc6fc7e18d
aug_e2831ae9ec04f8a5df88,rec_4540c986f8cce2bafa2c,D:\INFANT CRY\data_set_dbl_split\train\belly_pain\1554_M_eairh.wav,belly_pain/1554_M_eairh.wav,belly_pain,train,4,pitch_shift,"{""steps"":2.09367}",150,8538968991711297705,virtual:aug_e2831ae9ec04f8a5df88
aug_33acef733e44126da0bb,rec_5d81264429765a29a2c1,D:\INFANT CRY\data_set_dbl_split\train\belly_pain\1370_M_eairh.wav,belly_pain/1370_M_eairh.wav,belly_pain,train,4,pitch_shift,"{""steps"":-2.013096}",151,12114228984042816675,virtual:aug_33acef733e44126da0bb
aug_1c3bf341ec4bfb4a4244,rec_86e990c657f137ebbf87,D:\INFANT CRY\data_set_dbl_split\train\belly_pain\dunstan-eairh_20.wav,belly_pain/dunstan-eairh_20.wav,belly_pain,train,4,time_stretch,"{""rate"":1.200534}",152,3794694326899879912,virtual:aug_1c3bf341ec4bfb4a4244
aug_9c880efdfae16a4c3dbb,rec_bc38ab67adac26f034e8,D:\INFANT CRY\data_set_dbl_split\train\belly_pain\dunstan-eairh_13.wav,belly_pain/dunstan-eairh_13.wav,belly_pain,train,4,time_stretch,"{""rate"":0.812764}",153,954265903340929113,virtual:aug_9c880efdfae16a4c3dbb
aug_22ebcb86fe6c441d4f8c,rec_b2242a410e34ac87e103,D:\INFANT CRY\data_set_dbl_split\train\belly_pain\dunstan-eairh_7.wav,belly_pain/dunstan-eairh_7.wav,belly_pain,train,4,gaussian_noise,"{""noise_factor"":0.005639814}",154,11460095480846953978,virtual:aug_22ebcb86fe6c441d4f8c
aug_543a8f74af722318d6d1,rec_020faabb65976146dcf3,D:\INFANT CRY\data_set_dbl_split\train\belly_pain\2210_M_eairh.wav,belly_pain/2210_M_eairh.wav,belly_pain,train,4,pitch_shift,"{""steps"":0.851428}",155,260122223658867821,virtual:aug_543a8f74af722318d6d1
aug_2472f959d2fb98ce4a32,rec_0ddf3d9b53d6a320397d,D:\INFANT CRY\data_set_dbl_split\train\belly_pain\3326_F_eairh.wav,belly_pain/3326_F_eairh.wav,belly_pain,train,4,pitch_shift,"{""steps"":-1.111135}",156,16220371351665577778,virtual:aug_2472f959d2fb98ce4a32
aug_98224cfdf064280c0a31,rec_01476f7d02dc9fb5bfc4,D:\INFANT CRY\data_set_dbl_split\train\belly_pain\1330_M_eairh.wav,belly_pain/1330_M_eairh.wav,belly_pain,train,4,time_stretch,"{""rate"":1.112116}",157,15900254734289929096,virtual:aug_98224cfdf064280c0a31
aug_b902e86f6d5a02d5873b,rec_ab7a13884b2d82c96982,D:\INFANT CRY\data_set_dbl_split\train\belly_pain\3858_M_eairh.wav,belly_pain/3858_M_eairh.wav,belly_pain,train,4,time_stretch,"{""rate"":0.901183}",158,14321801692052429343,virtual:aug_b902e86f6d5a02d5873b
aug_c8f01d88f2edf3281380,rec_aee0e27f53394dd9463f,D:\INFANT CRY\data_set_dbl_split\train\belly_pain\792_M_eairh.wav,belly_pain/792_M_eairh.wav,belly_pain,train,4,time_shift,"{""fraction"":0.0032192}",159,14752218434260027821,virtual:aug_c8f01d88f2edf3281380
aug_893d38631170f374205f,rec_b9167ff33ed6aa5cabea,D:\INFANT CRY\data_set_dbl_split\train\belly_pain\4452_F_eairh.wav,belly_pain/4452_F_eairh.wav,belly_pain,train,4,gaussian_noise,"{""noise_factor"":0.002610434}",160,3747403072895180494,virtual:aug_893d38631170f374205f
aug_e22c2bc87da02b1cd582,rec_e28be47a3f49c072a427,D:\INFANT CRY\data_set_dbl_split\train\belly_pain\dunstan-eairh_8.wav,belly_pain/dunstan-eairh_8.wav,belly_pain,train,4,pitch_shift,"{""steps"":1.8299}",161,1302861401857084997,virtual:aug_e22c2bc87da02b1cd582
aug_ce0dad7a45e49db774d0,rec_bc25d1ebb8434b66682a,D:\INFANT CRY\data_set_dbl_split\train\belly_pain\2293_F_eairh.wav,belly_pain/2293_F_eairh.wav,belly_pain,train,4,pitch_shift,"{""steps"":-1.925479}",162,15762046511397269599,virtual:aug_ce0dad7a45e49db774d0
aug_6d97b5100fd4202041e3,rec_38916b588bfc277e0233,D:\INFANT CRY\data_set_dbl_split\train\belly_pain\dunstan-eairh_34.wav,belly_pain/dunstan-eairh_34.wav,belly_pain,train,4,time_stretch,"{""rate"":1.211235}",163,13221790451384813999,virtual:aug_6d97b5100fd4202041e3
aug_2674fce17ae83dc992b0,rec_6ddf02f097374f28d75a,D:\INFANT CRY\data_set_dbl_split\train\belly_pain\dunstan-eairh_4.wav,belly_pain/dunstan-eairh_4.wav,belly_pain,train,4,time_stretch,"{""rate"":0.805605}",164,5385123039312858942,virtual:aug_2674fce17ae83dc992b0
aug_b6589ba9924b10b9d0a8,rec_50da61b23db30480db84,D:\INFANT CRY\data_set_dbl_split\train\belly_pain\4601_M_eairh.wav,belly_pain/4601_M_eairh.wav,belly_pain,train,4,gaussian_noise,"{""noise_factor"":0.004458309}",165,18282704341247698627,virtual:aug_b6589ba9924b10b9d0a8
aug_a7cd1889dc1d1735973d,rec_917b2809b108d84393e1,D:\INFANT CRY\data_set_dbl_split\train\belly_pain\dunstan-eairh_37.wav,belly_pain/dunstan-eairh_37.wav,belly_pain,train,4,pitch_shift,"{""steps"":0.838715}",166,11011780440430065482,virtual:aug_a7cd1889dc1d1735973d
aug_82b39f5cb15846066c8e,rec_71271d173296dd73b1cc,D:\INFANT CRY\data_set_dbl_split\train\belly_pain\dunstan-eairh_49.wav,belly_pain/dunstan-eairh_49.wav,belly_pain,train,4,pitch_shift,"{""steps"":-1.136907}",167,11760803730778846287,virtual:aug_82b39f5cb15846066c8e
aug_557f8e9dd2798023c2b1,rec_88e4a7633c64c24b0e2a,D:\INFANT CRY\data_set_dbl_split\train\belly_pain\1353_M_eairh.wav,belly_pain/1353_M_eairh.wav,belly_pain,train,4,time_stretch,"{""rate"":1.117156}",168,2864679366658095770,virtual:aug_557f8e9dd2798023c2b1
aug_469c66b859fbf584d192,rec_8edd741f68bb4fc40004,D:\INFANT CRY\data_set_dbl_split\train\belly_pain\446_M_eairh.wav,belly_pain/446_M_eairh.wav,belly_pain,train,4,time_stretch,"{""rate"":0.914287}",169,10608955957739838430,virtual:aug_469c66b859fbf584d192
aug_e06d1ca9dba5e895d61f,rec_dc2883d8ee245da07d43,D:\INFANT CRY\data_set_dbl_split\train\belly_pain\2243_M_eairh.wav,belly_pain/2243_M_eairh.wav,belly_pain,train,4,time_shift,"{""fraction"":-0.0034832}",170,5941776059842652410,virtual:aug_e06d1ca9dba5e895d61f
aug_0df68f22109540190b32,rec_50282cf393ad274e3952,D:\INFANT CRY\data_set_dbl_split\train\belly_pain\dunstan-eairh_32.wav,belly_pain/dunstan-eairh_32.wav,belly_pain,train,4,gaussian_noise,"{""noise_factor"":0.002286242}",171,15352482701779257969,virtual:aug_0df68f22109540190b32
aug_4ac43309c5e1b4345363,rec_45acf6d12a71c4b85dfc,D:\INFANT CRY\data_set_dbl_split\train\belly_pain\dunstan-eairh_33.wav,belly_pain/dunstan-eairh_33.wav,belly_pain,train,4,pitch_shift,"{""steps"":2.070112}",172,12002100067892195183,virtual:aug_4ac43309c5e1b4345363
aug_e9b96a6463b4e4d2716f,rec_a0848fd98077b24f5820,D:\INFANT CRY\data_set_dbl_split\train\belly_pain\1462_F_eairh.wav,belly_pain/1462_F_eairh.wav,belly_pain,train,4,pitch_shift,"{""steps"":-2.157434}",173,16766452353740194883,virtual:aug_e9b96a6463b4e4d2716f
aug_57a3ae81c3ff0070d6da,rec_f3b17560413168dbbc98,D:\INFANT CRY\data_set_dbl_split\train\belly_pain\1197_M_eairh.wav,belly_pain/1197_M_eairh.wav,belly_pain,train,4,time_stretch,"{""rate"":1.21545}",174,11818941020172515449,virtual:aug_57a3ae81c3ff0070d6da
aug_12cf8d92ec9eb398c1bb,rec_f08400013ae835c03434,D:\INFANT CRY\data_set_dbl_split\train\belly_pain\dunstan-eairh_12.wav,belly_pain/dunstan-eairh_12.wav,belly_pain,train,4,time_stretch,"{""rate"":0.795061}",175,1575235739223663108,virtual:aug_12cf8d92ec9eb398c1bb
aug_2c9c31c0df7390c82edf,rec_e341b409fa744b48140a,D:\INFANT CRY\data_set_dbl_split\train\belly_pain\2367_M_eairh.wav,belly_pain/2367_M_eairh.wav,belly_pain,train,4,gaussian_noise,"{""noise_factor"":0.00467827}",176,9031619121704238931,virtual:aug_2c9c31c0df7390c82edf
aug_701c00f5f36d95a8e30c,rec_0bf28df218daf1ccd7d4,D:\INFANT CRY\data_set_dbl_split\train\belly_pain\dunstan-eairh_31.wav,belly_pain/dunstan-eairh_31.wav,belly_pain,train,4,pitch_shift,"{""steps"":1.192987}",177,10781090082337731216,virtual:aug_701c00f5f36d95a8e30c
aug_3050a9d8e86e1dd13873,rec_fac87a465c8472b089f6,D:\INFANT CRY\data_set_dbl_split\train\belly_pain\2250_F_eairh.wav,belly_pain/2250_F_eairh.wav,belly_pain,train,4,pitch_shift,"{""steps"":-0.942689}",178,13201507634641140243,virtual:aug_3050a9d8e86e1dd13873
aug_1fe1da18c6ce22e6757a,rec_bb69c12272a7b5c6887b,D:\INFANT CRY\data_set_dbl_split\train\belly_pain\dunstan-eairh_6.wav,belly_pain/dunstan-eairh_6.wav,belly_pain,train,4,time_stretch,"{""rate"":1.099491}",179,17123982066359340985,virtual:aug_1fe1da18c6ce22e6757a
aug_0f7f96614337e32ee305,rec_bd03bef6ee0cbaf1d721,D:\INFANT CRY\data_set_dbl_split\train\belly_pain\3616_F_eairh.wav,belly_pain/3616_F_eairh.wav,belly_pain,train,4,time_stretch,"{""rate"":0.888901}",180,4083251894387540549,virtual:aug_0f7f96614337e32ee305
aug_98632641da7a45b66c1b,rec_cc6172b8bd33735c82c6,D:\INFANT CRY\data_set_dbl_split\train\belly_pain\2819_M_eairh.wav,belly_pain/2819_M_eairh.wav,belly_pain,train,4,time_shift,"{""fraction"":0.0148577}",181,2700843404083667817,virtual:aug_98632641da7a45b66c1b
aug_ab13733e8e02eb494d86,rec_fba775c7ee6d938c4a28,D:\INFANT CRY\data_set_dbl_split\train\belly_pain\2566_M_eairh.wav,belly_pain/2566_M_eairh.wav,belly_pain,train,4,gaussian_noise,"{""noise_factor"":0.002577936}",182,1958145302447426272,virtual:aug_ab13733e8e02eb494d86
aug_b9ba87ec148bac882708,rec_43b3fbffb18394a3d9df,D:\INFANT CRY\data_set_dbl_split\train\belly_pain\dunstan-eairh_52.wav,belly_pain/dunstan-eairh_52.wav,belly_pain,train,4,pitch_shift,"{""steps"":2.03133}",183,4552770434428106293,virtual:aug_b9ba87ec148bac882708
aug_ac9b1c433e408dc1b580,rec_99c997cbc56d30a6f86a,D:\INFANT CRY\data_set_dbl_split\train\belly_pain\4463_F_eairh.wav,belly_pain/4463_F_eairh.wav,belly_pain,train,4,pitch_shift,"{""steps"":-1.803259}",184,6270636588389135905,virtual:aug_ac9b1c433e408dc1b580
aug_4079293beaf430d0cf47,rec_dadefbf45bb8caa60b9e,D:\INFANT CRY\data_set_dbl_split\train\belly_pain\2269_M_eairh.wav,belly_pain/2269_M_eairh.wav,belly_pain,train,4,time_stretch,"{""rate"":1.192672}",185,4564880904422525759,virtual:aug_4079293beaf430d0cf47
aug_3ca0ad07288458705471,rec_cdcf04a52b20c44770ea,D:\INFANT CRY\data_set_dbl_split\train\belly_pain\2685_F_eairh.wav,belly_pain/2685_F_eairh.wav,belly_pain,train,4,time_stretch,"{""rate"":0.780135}",186,7147581747153804628,virtual:aug_3ca0ad07288458705471
aug_70caedd54338b94ae42a,rec_983c3aa745cbf8ace922,D:\INFANT CRY\data_set_dbl_split\train\belly_pain\dunstan-eairh_22.wav,belly_pain/dunstan-eairh_22.wav,belly_pain,train,4,gaussian_noise,"{""noise_factor"":0.00493993}",187,7099768118469050133,virtual:aug_70caedd54338b94ae42a
aug_05156744e43ce906faac,rec_179925449a09539a329f,D:\INFANT CRY\data_set_dbl_split\train\belly_pain\dunstan-eairh_50.wav,belly_pain/dunstan-eairh_50.wav,belly_pain,train,4,pitch_shift,"{""steps"":1.060049}",188,3004643785563786619,virtual:aug_05156744e43ce906faac
aug_3253e0f0db9264da67de,rec_519de6d134c08a715f7a,D:\INFANT CRY\data_set_dbl_split\train\belly_pain\4437_M_eairh.wav,belly_pain/4437_M_eairh.wav,belly_pain,train,4,pitch_shift,"{""steps"":-1.115794}",189,3066714186111038316,virtual:aug_3253e0f0db9264da67de
aug_082de63f6ce3ab929976,rec_f6e860c75ce7b1ebce05,D:\INFANT CRY\data_set_dbl_split\train\belly_pain\4711_M_eairh.wav,belly_pain/4711_M_eairh.wav,belly_pain,train,4,time_stretch,"{""rate"":1.101257}",190,14125140959621563388,virtual:aug_082de63f6ce3ab929976
aug_106b21bfafb37e322d5a,rec_df6f22b942b4fbdceea0,D:\INFANT CRY\data_set_dbl_split\train\belly_pain\318_M_eairh.wav,belly_pain/318_M_eairh.wav,belly_pain,train,4,time_stretch,"{""rate"":0.898976}",191,960025053455825527,virtual:aug_106b21bfafb37e322d5a
aug_c4999b3d69c1a34b3e9a,rec_b6b66fb3f3de74db9ab8,D:\INFANT CRY\data_set_dbl_split\train\belly_pain\3825_M_eairh.wav,belly_pain/3825_M_eairh.wav,belly_pain,train,4,time_shift,"{""fraction"":0.0724384}",192,10151091144743426276,virtual:aug_c4999b3d69c1a34b3e9a
aug_bdde1b141b1fa0384a65,rec_bd2fd049120ea1834eaf,D:\INFANT CRY\data_set_dbl_split\train\belly_pain\3306_M_eairh.wav,belly_pain/3306_M_eairh.wav,belly_pain,train,4,gaussian_noise,"{""noise_factor"":0.002406011}",193,4896450891287856741,virtual:aug_bdde1b141b1fa0384a65
aug_cb1c0e2144d435ea8a19,rec_74b947283511c8751b65,D:\INFANT CRY\data_set_dbl_split\train\belly_pain\2593_M_eairh.wav,belly_pain/2593_M_eairh.wav,belly_pain,train,4,pitch_shift,"{""steps"":2.092547}",194,8792462544249129380,virtual:aug_cb1c0e2144d435ea8a19
aug_d4c28a31ae78ca3c3c9d,rec_2730b77759b8808a6d27,D:\INFANT CRY\data_set_dbl_split\train\belly_pain\3786_M_eairh.wav,belly_pain/3786_M_eairh.wav,belly_pain,train,4,pitch_shift,"{""steps"":-2.099567}",195,2834213919322082984,virtual:aug_d4c28a31ae78ca3c3c9d
aug_b87f98ba2573370990f9,rec_728bae3265a2cb099ec1,D:\INFANT CRY\data_set_dbl_split\train\belly_pain\dunstan-eairh_38.wav,belly_pain/dunstan-eairh_38.wav,belly_pain,train,4,time_stretch,"{""rate"":1.175882}",196,13835035478809702035,virtual:aug_b87f98ba2573370990f9
aug_d751f5446eafaa2afe21,rec_4771cea23a26a41b1167,D:\INFANT CRY\data_set_dbl_split\train\belly_pain\216_M_eairh.wav,belly_pain/216_M_eairh.wav,belly_pain,train,4,time_stretch,"{""rate"":0.789325}",197,1457072417997322295,virtual:aug_d751f5446eafaa2afe21
aug_074e44b1633704c44741,rec_4f5f3b672a3334ab6010,D:\INFANT CRY\data_set_dbl_split\train\belly_pain\4846_F_eairh.wav,belly_pain/4846_F_eairh.wav,belly_pain,train,4,gaussian_noise,"{""noise_factor"":0.005310589}",198,721920229014592875,virtual:aug_074e44b1633704c44741
aug_9118e989bad6dfc3b3fe,rec_fcc4c169f306104793fd,D:\INFANT CRY\data_set_dbl_split\train\belly_pain\1588_M_eairh.wav,belly_pain/1588_M_eairh.wav,belly_pain,train,4,pitch_shift,"{""steps"":0.862166}",199,9264256275436210018,virtual:aug_9118e989bad6dfc3b3fe
aug_4f01df26b35479f0fa65,rec_7bfbf6df11a5121ca4c9,D:\INFANT CRY\data_set_dbl_split\train\belly_pain\934_M_eairh.wav,belly_pain/934_M_eairh.wav,belly_pain,train,4,pitch_shift,"{""steps"":-0.928454}",200,16365195335315957708,virtual:aug_4f01df26b35479f0fa65
aug_86043fcec92fe68d5923,rec_9516de195d0ec83f4725,D:\INFANT CRY\data_set_dbl_split\train\belly_pain\3195_M_eairh.wav,belly_pain/3195_M_eairh.wav,belly_pain,train,4,time_stretch,"{""rate"":1.084723}",201,6669349583933697087,virtual:aug_86043fcec92fe68d5923
aug_ab199f850636d1ad764f,rec_f3c9e9d220dc2e97e90a,D:\INFANT CRY\data_set_dbl_split\train\belly_pain\2760_F_eairh.wav,belly_pain/2760_F_eairh.wav,belly_pain,train,4,time_stretch,"{""rate"":0.88483}",202,4883773207598912503,virtual:aug_ab199f850636d1ad764f
aug_b6fdd5136083221f6563,rec_886741e63dcc59e4d15d,D:\INFANT CRY\data_set_dbl_split\train\belly_pain\dunstan-eairh_2.wav,belly_pain/dunstan-eairh_2.wav,belly_pain,train,4,time_shift,"{""fraction"":-0.0757735}",203,3771431491848818557,virtual:aug_b6fdd5136083221f6563
aug_53cde7a9753c0203e7cf,rec_bf373fe9b30b0dd92527,D:\INFANT CRY\data_set_dbl_split\train\belly_pain\407_M_eairh.wav,belly_pain/407_M_eairh.wav,belly_pain,train,4,gaussian_noise,"{""noise_factor"":0.002728693}",204,2900070743475115120,virtual:aug_53cde7a9753c0203e7cf
aug_1f1235eb24aa86f64c28,rec_6ac41708a7f3de4ed900,D:\INFANT CRY\data_set_dbl_split\train\belly_pain\dunstan-eairh_9.wav,belly_pain/dunstan-eairh_9.wav,belly_pain,train,4,pitch_shift,"{""steps"":2.116852}",205,15991860245692708522,virtual:aug_1f1235eb24aa86f64c28
aug_b8992a619ef039636922,rec_c7ab84dc1e25a511f089,D:\INFANT CRY\data_set_dbl_split\train\belly_pain\3054_M_eairh.wav,belly_pain/3054_M_eairh.wav,belly_pain,train,4,pitch_shift,"{""steps"":-1.969946}",206,6900426627282499284,virtual:aug_b8992a619ef039636922
aug_0ca759bd895180adf87e,rec_a13b92fdc5317e0a51d9,D:\INFANT CRY\data_set_dbl_split\train\belly_pain\548_F_eairh.wav,belly_pain/548_F_eairh.wav,belly_pain,train,4,time_stretch,"{""rate"":1.186517}",207,18373976966820080838,virtual:aug_0ca759bd895180adf87e
aug_c499ffbd89be20b2e2f0,rec_0c5e583cba7fea6e7572,D:\INFANT CRY\data_set_dbl_split\train\belly_pain\3688_M_eairh.wav,belly_pain/3688_M_eairh.wav,belly_pain,train,4,time_stretch,"{""rate"":0.821346}",208,4571935216052091252,virtual:aug_c499ffbd89be20b2e2f0
aug_7f8e3eb0a464e44006f5,rec_e41629e8492bfc07276b,D:\INFANT CRY\data_set_dbl_split\train\belly_pain\3151_M_eairh.wav,belly_pain/3151_M_eairh.wav,belly_pain,train,4,gaussian_noise,"{""noise_factor"":0.005469028}",209,11943843056923342052,virtual:aug_7f8e3eb0a464e44006f5
aug_875ef2c673d71831dd76,rec_7923b3cade105f0c3c70,D:\INFANT CRY\data_set_dbl_split\train\belly_pain\2651_F_eairh.wav,belly_pain/2651_F_eairh.wav,belly_pain,train,4,pitch_shift,"{""steps"":1.03305}",210,18098770669714796468,virtual:aug_875ef2c673d71831dd76
aug_020cd2da1402a7b36753,rec_db0170c6e9143b76c98f,D:\INFANT CRY\data_set_dbl_split\train\belly_pain\1215_M_eairh.wav,belly_pain/1215_M_eairh.wav,belly_pain,train,4,pitch_shift,"{""steps"":-1.173127}",211,5836604562651751402,virtual:aug_020cd2da1402a7b36753
aug_b28a1befc597af46020e,rec_774e95ea65e8ccac1202,D:\INFANT CRY\data_set_dbl_split\train\belly_pain\4684_M_eairh.wav,belly_pain/4684_M_eairh.wav,belly_pain,train,4,time_stretch,"{""rate"":1.09311}",212,7514731855389447207,virtual:aug_b28a1befc597af46020e
aug_ee43b5a1d5ca56894e29,rec_212b93ff5570b7840e1a,D:\INFANT CRY\data_set_dbl_split\train\belly_pain\419_M_eairh.wav,belly_pain/419_M_eairh.wav,belly_pain,train,4,time_stretch,"{""rate"":0.907666}",213,14273046154615562115,virtual:aug_ee43b5a1d5ca56894e29
aug_d35ea9586278f059d617,rec_9ef4cab50c9a56e3bd9a,D:\INFANT CRY\data_set_dbl_split\train\belly_pain\4758_M_eairh.wav,belly_pain/4758_M_eairh.wav,belly_pain,train,4,time_shift,"{""fraction"":0.0233201}",214,1867218611117551728,virtual:aug_d35ea9586278f059d617
aug_f898b45cc1b8fd385832,rec_0c6c903753d565dac519,D:\INFANT CRY\data_set_dbl_split\train\belly_pain\3505_M_eairh.wav,belly_pain/3505_M_eairh.wav,belly_pain,train,4,gaussian_noise,"{""noise_factor"":0.002578101}",215,728844533774739256,virtual:aug_f898b45cc1b8fd385832
aug_2f2f13c246bdcb15c7fd,rec_6f6b4910a46d0f5c9466,D:\INFANT CRY\data_set_dbl_split\train\belly_pain\dunstan-eairh_29.wav,belly_pain/dunstan-eairh_29.wav,belly_pain,train,4,pitch_shift,"{""steps"":2.190414}",216,17095735186748580760,virtual:aug_2f2f13c246bdcb15c7fd
aug_3a1ef10e9ed3f5ac7b90,rec_3e28c761181c5229dd97,D:\INFANT CRY\data_set_dbl_split\train\belly_pain\dunstan-eairh_11.wav,belly_pain/dunstan-eairh_11.wav,belly_pain,train,4,pitch_shift,"{""steps"":-2.051385}",217,6633289885614555280,virtual:aug_3a1ef10e9ed3f5ac7b90
aug_42491d6f538e3bd1d881,rec_b97b97506a926108c4fb,D:\INFANT CRY\data_set_dbl_split\train\belly_pain\4511_F_eairh.wav,belly_pain/4511_F_eairh.wav,belly_pain,train,4,time_stretch,"{""rate"":1.181434}",218,17815638051563655168,virtual:aug_42491d6f538e3bd1d881
aug_a04fdd7a64a9730c7c44,rec_a29eb2fa57b194483f26,D:\INFANT CRY\data_set_dbl_split\train\belly_pain\2101_M_eairh.wav,belly_pain/2101_M_eairh.wav,belly_pain,train,4,time_stretch,"{""rate"":0.778218}",219,10007433340734305821,virtual:aug_a04fdd7a64a9730c7c44
aug_cd4b7d816b77d54a21ba,rec_e6d5a53ef5c2a42cae1f,D:\INFANT CRY\data_set_dbl_split\train\belly_pain\dunstan-eairh_59.wav,belly_pain/dunstan-eairh_59.wav,belly_pain,train,4,gaussian_noise,"{""noise_factor"":0.005697518}",220,2484116802497411821,virtual:aug_cd4b7d816b77d54a21ba
aug_4e820cb0c52783b2ede3,rec_81baca137ffa49fea0f0,D:\INFANT CRY\data_set_dbl_split\train\belly_pain\dunstan-eairh_5.wav,belly_pain/dunstan-eairh_5.wav,belly_pain,train,4,pitch_shift,"{""steps"":0.879119}",221,17522181817325773000,virtual:aug_4e820cb0c52783b2ede3
aug_5cb70fde03ba44e47731,rec_fae98644f14f54a8f0a4,D:\INFANT CRY\data_set_dbl_split\train\belly_pain\3889_M_eairh.wav,belly_pain/3889_M_eairh.wav,belly_pain,train,4,pitch_shift,"{""steps"":-0.959309}",222,270137008257309538,virtual:aug_5cb70fde03ba44e47731
aug_ac680a7cbbdb9012a11e,rec_fdf6fac981d89bd04593,D:\INFANT CRY\data_set_dbl_split\train\belly_pain\3344_M_eairh.wav,belly_pain/3344_M_eairh.wav,belly_pain,train,4,time_stretch,"{""rate"":1.082597}",223,5414662792427291522,virtual:aug_ac680a7cbbdb9012a11e
aug_ee0497f0a3d447adc026,rec_b52b02478d157dfacee6,D:\INFANT CRY\data_set_dbl_split\train\belly_pain\3541_M_eairh.wav,belly_pain/3541_M_eairh.wav,belly_pain,train,4,time_stretch,"{""rate"":0.911156}",224,11147908569596582179,virtual:aug_ee0497f0a3d447adc026
aug_2b74ff28b35472f3a732,rec_0213f75c14f4849c2a83,D:\INFANT CRY\data_set_dbl_split\train\belly_pain\dunstan-eairh_41.wav,belly_pain/dunstan-eairh_41.wav,belly_pain,train,4,time_shift,"{""fraction"":-0.0287155}",225,3375964091782152790,virtual:aug_2b74ff28b35472f3a732
aug_5a982ce83f5a62130602,rec_db04a08c8cb045de0940,D:\INFANT CRY\data_set_dbl_split\train\belly_pain\4896_M_eairh.wav,belly_pain/4896_M_eairh.wav,belly_pain,train,4,gaussian_noise,"{""noise_factor"":0.002142736}",226,13754859146498451836,virtual:aug_5a982ce83f5a62130602
aug_af28e128a93a27272bce,rec_5e6be8ab7bbd234bfa10,D:\INFANT CRY\data_set_dbl_split\train\belly_pain\323_M_eairh.wav,belly_pain/323_M_eairh.wav,belly_pain,train,4,pitch_shift,"{""steps"":2.127191}",227,5944706154321543464,virtual:aug_af28e128a93a27272bce
aug_bdd51d009d6e4a933400,rec_1b0acd4606aae95bef48,D:\INFANT CRY\data_set_dbl_split\train\belly_pain\2987_F_eairh.wav,belly_pain/2987_F_eairh.wav,belly_pain,train,4,pitch_shift,"{""steps"":-1.86643}",228,7437254343987587313,virtual:aug_bdd51d009d6e4a933400
aug_21b2da9f5b5ef4cd508c,rec_81fef69644989c4602c2,D:\INFANT CRY\data_set_dbl_split\train\belly_pain\4745_M_eairh.wav,belly_pain/4745_M_eairh.wav,belly_pain,train,4,time_stretch,"{""rate"":1.221137}",229,24741865792704662,virtual:aug_21b2da9f5b5ef4cd508c
aug_aff120395110ebfee35c,rec_3be61b78079d39f26682,D:\INFANT CRY\data_set_dbl_split\train\belly_pain\4847_M_eairh.wav,belly_pain/4847_M_eairh.wav,belly_pain,train,4,time_stretch,"{""rate"":0.82037}",230,5747237146054591665,virtual:aug_aff120395110ebfee35c
aug_22419cbe0222dfe7b80b,rec_8cea211c8ae2584daf02,D:\INFANT CRY\data_set_dbl_split\train\belly_pain\1516_M_eairh.wav,belly_pain/1516_M_eairh.wav,belly_pain,train,4,gaussian_noise,"{""noise_factor"":0.004907674}",231,6817334227984978068,virtual:aug_22419cbe0222dfe7b80b
aug_8e8981d423b4f538a894,rec_c3629105ce9cd90cfd02,D:\INFANT CRY\data_set_dbl_split\train\belly_pain\4186_M_eairh.wav,belly_pain/4186_M_eairh.wav,belly_pain,train,4,pitch_shift,"{""steps"":0.992763}",232,18208417266907855641,virtual:aug_8e8981d423b4f538a894
aug_ea0a1442e422673008c7,rec_f727cf87adcf68c78684,D:\INFANT CRY\data_set_dbl_split\train\belly_pain\1248_M_eairh.wav,belly_pain/1248_M_eairh.wav,belly_pain,train,4,pitch_shift,"{""steps"":-0.809606}",233,5196354843425901864,virtual:aug_ea0a1442e422673008c7
aug_3dc84f291fcc4c205f10,rec_d433c8ac12980d0cc901,D:\INFANT CRY\data_set_dbl_split\train\belly_pain\3619_M_eairh.wav,belly_pain/3619_M_eairh.wav,belly_pain,train,4,time_stretch,"{""rate"":1.099044}",234,884514736073224508,virtual:aug_3dc84f291fcc4c205f10
aug_19b5876b70a20a0d20de,rec_3c400a3cd8526f5968e2,D:\INFANT CRY\data_set_dbl_split\train\belly_pain\1321_F_eairh.wav,belly_pain/1321_F_eairh.wav,belly_pain,train,4,time_stretch,"{""rate"":0.889329}",235,1803529481509338534,virtual:aug_19b5876b70a20a0d20de
aug_8b46bff66b4826b2b298,rec_07826f6464f9e0639207,D:\INFANT CRY\data_set_dbl_split\train\belly_pain\dunstan-eairh_3.wav,belly_pain/dunstan-eairh_3.wav,belly_pain,train,4,time_shift,"{""fraction"":-0.0261884}",236,7916984224742091462,virtual:aug_8b46bff66b4826b2b298
aug_061fab153f4d11d1d3f7,rec_25708979c73d741b3abd,D:\INFANT CRY\data_set_dbl_split\train\belly_pain\2208_M_eairh.wav,belly_pain/2208_M_eairh.wav,belly_pain,train,4,gaussian_noise,"{""noise_factor"":0.002767048}",237,9876760056086257999,virtual:aug_061fab153f4d11d1d3f7
aug_8f5236dfa349f160f6d1,rec_d0cc3e578be11d2ca330,D:\INFANT CRY\data_set_dbl_split\train\belly_pain\dunstan-eairh_18.wav,belly_pain/dunstan-eairh_18.wav,belly_pain,train,4,pitch_shift,"{""steps"":1.91024}",238,14178898984153785454,virtual:aug_8f5236dfa349f160f6d1
aug_286a123c762a2a8df26b,rec_4fb517e52369af00b8e9,D:\INFANT CRY\data_set_dbl_split\train\belly_pain\2754_M_eairh.wav,belly_pain/2754_M_eairh.wav,belly_pain,train,4,pitch_shift,"{""steps"":-1.970012}",239,1967637870411999339,virtual:aug_286a123c762a2a8df26b
aug_d75e808891ee4a390dfb,rec_9fe218fb42a48370949d,D:\INFANT CRY\data_set_dbl_split\train\belly_pain\476_M_eairh.wav,belly_pain/476_M_eairh.wav,belly_pain,train,4,time_stretch,"{""rate"":1.176623}",240,607297336766000457,virtual:aug_d75e808891ee4a390dfb
aug_9d8a2dedf841bb4ae1bc,rec_4540c986f8cce2bafa2c,D:\INFANT CRY\data_set_dbl_split\train\belly_pain\1554_M_eairh.wav,belly_pain/1554_M_eairh.wav,belly_pain,train,4,time_stretch,"{""rate"":0.797076}",241,16601646405708468826,virtual:aug_9d8a2dedf841bb4ae1bc
aug_3d1bc5155a9545e46026,rec_5d81264429765a29a2c1,D:\INFANT CRY\data_set_dbl_split\train\belly_pain\1370_M_eairh.wav,belly_pain/1370_M_eairh.wav,belly_pain,train,4,gaussian_noise,"{""noise_factor"":0.004875219}",242,10774492847408049036,virtual:aug_3d1bc5155a9545e46026
aug_81aa01b48d69c4a85f4b,rec_86e990c657f137ebbf87,D:\INFANT CRY\data_set_dbl_split\train\belly_pain\dunstan-eairh_20.wav,belly_pain/dunstan-eairh_20.wav,belly_pain,train,4,pitch_shift,"{""steps"":0.933028}",243,5032445021510817594,virtual:aug_81aa01b48d69c4a85f4b
aug_850609fdd751a18fb43c,rec_bc38ab67adac26f034e8,D:\INFANT CRY\data_set_dbl_split\train\belly_pain\dunstan-eairh_13.wav,belly_pain/dunstan-eairh_13.wav,belly_pain,train,4,pitch_shift,"{""steps"":-0.903883}",244,8351842739449613607,virtual:aug_850609fdd751a18fb43c
aug_3c1e88c627f38eee6386,rec_b2242a410e34ac87e103,D:\INFANT CRY\data_set_dbl_split\train\belly_pain\dunstan-eairh_7.wav,belly_pain/dunstan-eairh_7.wav,belly_pain,train,4,time_stretch,"{""rate"":1.094901}",245,11366997990605465495,virtual:aug_3c1e88c627f38eee6386
aug_de21e31b2941d3d81beb,rec_020faabb65976146dcf3,D:\INFANT CRY\data_set_dbl_split\train\belly_pain\2210_M_eairh.wav,belly_pain/2210_M_eairh.wav,belly_pain,train,4,time_stretch,"{""rate"":0.911243}",246,7842472701912882365,virtual:aug_de21e31b2941d3d81beb
aug_6402ec36e0459a5b351e,rec_0ddf3d9b53d6a320397d,D:\INFANT CRY\data_set_dbl_split\train\belly_pain\3326_F_eairh.wav,belly_pain/3326_F_eairh.wav,belly_pain,train,4,time_shift,"{""fraction"":0.0297676}",247,6527642335553031879,virtual:aug_6402ec36e0459a5b351e
aug_44ebb52290a72422ba0e,rec_01476f7d02dc9fb5bfc4,D:\INFANT CRY\data_set_dbl_split\train\belly_pain\1330_M_eairh.wav,belly_pain/1330_M_eairh.wav,belly_pain,train,4,gaussian_noise,"{""noise_factor"":0.002239088}",248,13704665181697422062,virtual:aug_44ebb52290a72422ba0e
aug_934a73057bffc50783d2,rec_ab7a13884b2d82c96982,D:\INFANT CRY\data_set_dbl_split\train\belly_pain\3858_M_eairh.wav,belly_pain/3858_M_eairh.wav,belly_pain,train,4,pitch_shift,"{""steps"":2.056414}",249,12617010017152026776,virtual:aug_934a73057bffc50783d2
aug_0621fad8e1e4e9ecb100,rec_aee0e27f53394dd9463f,D:\INFANT CRY\data_set_dbl_split\train\belly_pain\792_M_eairh.wav,belly_pain/792_M_eairh.wav,belly_pain,train,4,pitch_shift,"{""steps"":-1.945643}",250,15154874213243349651,virtual:aug_0621fad8e1e4e9ecb100
aug_3c66714ea294aea9708a,rec_b9167ff33ed6aa5cabea,D:\INFANT CRY\data_set_dbl_split\train\belly_pain\4452_F_eairh.wav,belly_pain/4452_F_eairh.wav,belly_pain,train,4,time_stretch,"{""rate"":1.192293}",251,12539151282642743057,virtual:aug_3c66714ea294aea9708a
aug_c88c99efd524f0527bf1,rec_e28be47a3f49c072a427,D:\INFANT CRY\data_set_dbl_split\train\belly_pain\dunstan-eairh_8.wav,belly_pain/dunstan-eairh_8.wav,belly_pain,train,4,time_stretch,"{""rate"":0.789228}",252,17021155545878394667,virtual:aug_c88c99efd524f0527bf1
aug_09fa61cd1db4da02ab73,rec_bc25d1ebb8434b66682a,D:\INFANT CRY\data_set_dbl_split\train\belly_pain\2293_F_eairh.wav,belly_pain/2293_F_eairh.wav,belly_pain,train,4,gaussian_noise,"{""noise_factor"":0.00532578}",253,14629746736923017079,virtual:aug_09fa61cd1db4da02ab73
aug_a9d8d285988fa020d8bb,rec_38916b588bfc277e0233,D:\INFANT CRY\data_set_dbl_split\train\belly_pain\dunstan-eairh_34.wav,belly_pain/dunstan-eairh_34.wav,belly_pain,train,4,pitch_shift,"{""steps"":0.980976}",254,13677933955305483767,virtual:aug_a9d8d285988fa020d8bb
aug_9ed3d9c9e49692625279,rec_6ddf02f097374f28d75a,D:\INFANT CRY\data_set_dbl_split\train\belly_pain\dunstan-eairh_4.wav,belly_pain/dunstan-eairh_4.wav,belly_pain,train,4,pitch_shift,"{""steps"":-1.111743}",255,2752880278133501923,virtual:aug_9ed3d9c9e49692625279
aug_334297c9c4a98c7750a8,rec_50da61b23db30480db84,D:\INFANT CRY\data_set_dbl_split\train\belly_pain\4601_M_eairh.wav,belly_pain/4601_M_eairh.wav,belly_pain,train,4,time_stretch,"{""rate"":1.12363}",256,2160119944566316649,virtual:aug_334297c9c4a98c7750a8
aug_94dffda1fa44acf1d067,rec_917b2809b108d84393e1,D:\INFANT CRY\data_set_dbl_split\train\belly_pain\dunstan-eairh_37.wav,belly_pain/dunstan-eairh_37.wav,belly_pain,train,4,time_stretch,"{""rate"":0.917796}",257,4178755721654615111,virtual:aug_94dffda1fa44acf1d067
aug_7fdb851df0ea838ae630,rec_71271d173296dd73b1cc,D:\INFANT CRY\data_set_dbl_split\train\belly_pain\dunstan-eairh_49.wav,belly_pain/dunstan-eairh_49.wav,belly_pain,train,4,time_shift,"{""fraction"":-0.0040027}",258,9641241241118973733,virtual:aug_7fdb851df0ea838ae630
aug_89930a1c1747e79c2a1e,rec_88e4a7633c64c24b0e2a,D:\INFANT CRY\data_set_dbl_split\train\belly_pain\1353_M_eairh.wav,belly_pain/1353_M_eairh.wav,belly_pain,train,4,gaussian_noise,"{""noise_factor"":0.002471544}",259,17200255495302208277,virtual:aug_89930a1c1747e79c2a1e
aug_afc4457a6fe9b342de76,rec_8edd741f68bb4fc40004,D:\INFANT CRY\data_set_dbl_split\train\belly_pain\446_M_eairh.wav,belly_pain/446_M_eairh.wav,belly_pain,train,4,pitch_shift,"{""steps"":2.146566}",260,15850720816585458277,virtual:aug_afc4457a6fe9b342de76
aug_beeda809aa6f79b0731e,rec_dc2883d8ee245da07d43,D:\INFANT CRY\data_set_dbl_split\train\belly_pain\2243_M_eairh.wav,belly_pain/2243_M_eairh.wav,belly_pain,train,4,pitch_shift,"{""steps"":-1.969049}",261,16385114141176286785,virtual:aug_beeda809aa6f79b0731e
aug_8edf0c63550732d05139,rec_50282cf393ad274e3952,D:\INFANT CRY\data_set_dbl_split\train\belly_pain\dunstan-eairh_32.wav,belly_pain/dunstan-eairh_32.wav,belly_pain,train,4,time_stretch,"{""rate"":1.20067}",262,10444232802384882046,virtual:aug_8edf0c63550732d05139
aug_93a6f62c4bc339651fbf,rec_45acf6d12a71c4b85dfc,D:\INFANT CRY\data_set_dbl_split\train\belly_pain\dunstan-eairh_33.wav,belly_pain/dunstan-eairh_33.wav,belly_pain,train,4,time_stretch,"{""rate"":0.814536}",263,16756946218303359798,virtual:aug_93a6f62c4bc339651fbf
aug_9b43ebaf35ce1491fab5,rec_a0848fd98077b24f5820,D:\INFANT CRY\data_set_dbl_split\train\belly_pain\1462_F_eairh.wav,belly_pain/1462_F_eairh.wav,belly_pain,train,4,gaussian_noise,"{""noise_factor"":0.005626673}",264,5421127304639321637,virtual:aug_9b43ebaf35ce1491fab5
aug_815a440be5511a74cd17,rec_f3b17560413168dbbc98,D:\INFANT CRY\data_set_dbl_split\train\belly_pain\1197_M_eairh.wav,belly_pain/1197_M_eairh.wav,belly_pain,train,4,pitch_shift,"{""steps"":1.004353}",265,17986446223302006524,virtual:aug_815a440be5511a74cd17
aug_3087fe340f3bda06c312,rec_f08400013ae835c03434,D:\INFANT CRY\data_set_dbl_split\train\belly_pain\dunstan-eairh_12.wav,belly_pain/dunstan-eairh_12.wav,belly_pain,train,4,pitch_shift,"{""steps"":-0.933256}",266,2331975292280123625,virtual:aug_3087fe340f3bda06c312
aug_f81ca8ff01ac76c2591f,rec_e341b409fa744b48140a,D:\INFANT CRY\data_set_dbl_split\train\belly_pain\2367_M_eairh.wav,belly_pain/2367_M_eairh.wav,belly_pain,train,4,time_stretch,"{""rate"":1.082172}",267,13607671853193749558,virtual:aug_f81ca8ff01ac76c2591f
aug_c89f1e4f9e2122ea26f6,rec_0bf28df218daf1ccd7d4,D:\INFANT CRY\data_set_dbl_split\train\belly_pain\dunstan-eairh_31.wav,belly_pain/dunstan-eairh_31.wav,belly_pain,train,4,time_stretch,"{""rate"":0.904003}",268,4254334929769374040,virtual:aug_c89f1e4f9e2122ea26f6
aug_15f44a663045b4eae3e8,rec_fac87a465c8472b089f6,D:\INFANT CRY\data_set_dbl_split\train\belly_pain\2250_F_eairh.wav,belly_pain/2250_F_eairh.wav,belly_pain,train,4,time_shift,"{""fraction"":0.0560063}",269,16592036873981441387,virtual:aug_15f44a663045b4eae3e8
aug_cbed212b967e14c0a3fc,rec_bb69c12272a7b5c6887b,D:\INFANT CRY\data_set_dbl_split\train\belly_pain\dunstan-eairh_6.wav,belly_pain/dunstan-eairh_6.wav,belly_pain,train,4,gaussian_noise,"{""noise_factor"":0.002191136}",270,10250209388119788773,virtual:aug_cbed212b967e14c0a3fc
aug_44d4a535cf4c9bd3d4d5,rec_bd03bef6ee0cbaf1d721,D:\INFANT CRY\data_set_dbl_split\train\belly_pain\3616_F_eairh.wav,belly_pain/3616_F_eairh.wav,belly_pain,train,4,pitch_shift,"{""steps"":1.88736}",271,9288709993604097468,virtual:aug_44d4a535cf4c9bd3d4d5
aug_690b06c8347bddac1d0e,rec_cc6172b8bd33735c82c6,D:\INFANT CRY\data_set_dbl_split\train\belly_pain\2819_M_eairh.wav,belly_pain/2819_M_eairh.wav,belly_pain,train,4,pitch_shift,"{""steps"":-1.867971}",272,7389416036318913470,virtual:aug_690b06c8347bddac1d0e
aug_39d2a20e87b1fa8a6254,rec_fba775c7ee6d938c4a28,D:\INFANT CRY\data_set_dbl_split\train\belly_pain\2566_M_eairh.wav,belly_pain/2566_M_eairh.wav,belly_pain,train,4,time_stretch,"{""rate"":1.176745}",273,17589706375937111940,virtual:aug_39d2a20e87b1fa8a6254
aug_3c775e861e3f85fe66e1,rec_43b3fbffb18394a3d9df,D:\INFANT CRY\data_set_dbl_split\train\belly_pain\dunstan-eairh_52.wav,belly_pain/dunstan-eairh_52.wav,belly_pain,train,4,time_stretch,"{""rate"":0.780556}",274,17959985041711496066,virtual:aug_3c775e861e3f85fe66e1
aug_18146d164af52568bca8,rec_99c997cbc56d30a6f86a,D:\INFANT CRY\data_set_dbl_split\train\belly_pain\4463_F_eairh.wav,belly_pain/4463_F_eairh.wav,belly_pain,train,4,gaussian_noise,"{""noise_factor"":0.005607646}",275,11330324577708690286,virtual:aug_18146d164af52568bca8
aug_c40935f2781699ae2be3,rec_dadefbf45bb8caa60b9e,D:\INFANT CRY\data_set_dbl_split\train\belly_pain\2269_M_eairh.wav,belly_pain/2269_M_eairh.wav,belly_pain,train,4,pitch_shift,"{""steps"":1.011169}",276,10008380995872031651,virtual:aug_c40935f2781699ae2be3
aug_3d1bca48d58e57aff45a,rec_cdcf04a52b20c44770ea,D:\INFANT CRY\data_set_dbl_split\train\belly_pain\2685_F_eairh.wav,belly_pain/2685_F_eairh.wav,belly_pain,train,4,pitch_shift,"{""steps"":-0.96661}",277,16352566384135130577,virtual:aug_3d1bca48d58e57aff45a
aug_f0da96f45bc66de1d00a,rec_983c3aa745cbf8ace922,D:\INFANT CRY\data_set_dbl_split\train\belly_pain\dunstan-eairh_22.wav,belly_pain/dunstan-eairh_22.wav,belly_pain,train,4,time_stretch,"{""rate"":1.0811}",278,6736079787326853383,virtual:aug_f0da96f45bc66de1d00a
aug_46309b8c8e618b0937b8,rec_179925449a09539a329f,D:\INFANT CRY\data_set_dbl_split\train\belly_pain\dunstan-eairh_50.wav,belly_pain/dunstan-eairh_50.wav,belly_pain,train,4,time_stretch,"{""rate"":0.90386}",279,11454925332515871818,virtual:aug_46309b8c8e618b0937b8
aug_16a9f358cd2124e55347,rec_519de6d134c08a715f7a,D:\INFANT CRY\data_set_dbl_split\train\belly_pain\4437_M_eairh.wav,belly_pain/4437_M_eairh.wav,belly_pain,train,4,time_shift,"{""fraction"":-0.0179973}",280,10858351922976231151,virtual:aug_16a9f358cd2124e55347
aug_c202eb20280c6ca1a0a2,rec_f6e860c75ce7b1ebce05,D:\INFANT CRY\data_set_dbl_split\train\belly_pain\4711_M_eairh.wav,belly_pain/4711_M_eairh.wav,belly_pain,train,4,gaussian_noise,"{""noise_factor"":0.002400192}",281,9493166519205348593,virtual:aug_c202eb20280c6ca1a0a2
aug_3e5300c2b8695f7a0adc,rec_df6f22b942b4fbdceea0,D:\INFANT CRY\data_set_dbl_split\train\belly_pain\318_M_eairh.wav,belly_pain/318_M_eairh.wav,belly_pain,train,4,pitch_shift,"{""steps"":1.878046}",282,10096277781365988783,virtual:aug_3e5300c2b8695f7a0adc
aug_2ae2f6f7ec0b3c66c52f,rec_b6b66fb3f3de74db9ab8,D:\INFANT CRY\data_set_dbl_split\train\belly_pain\3825_M_eairh.wav,belly_pain/3825_M_eairh.wav,belly_pain,train,4,pitch_shift,"{""steps"":-2.06348}",283,15797931861412268829,virtual:aug_2ae2f6f7ec0b3c66c52f
aug_2fed4eb0da8b93c6162f,rec_bd2fd049120ea1834eaf,D:\INFANT CRY\data_set_dbl_split\train\belly_pain\3306_M_eairh.wav,belly_pain/3306_M_eairh.wav,belly_pain,train,4,time_stretch,"{""rate"":1.224875}",284,1763372285559861545,virtual:aug_2fed4eb0da8b93c6162f
aug_2540dbdbac0f24d6564c,rec_74b947283511c8751b65,D:\INFANT CRY\data_set_dbl_split\train\belly_pain\2593_M_eairh.wav,belly_pain/2593_M_eairh.wav,belly_pain,train,4,time_stretch,"{""rate"":0.806702}",285,6203356027848693345,virtual:aug_2540dbdbac0f24d6564c
aug_ad5a3bbddd5228481ac9,rec_2730b77759b8808a6d27,D:\INFANT CRY\data_set_dbl_split\train\belly_pain\3786_M_eairh.wav,belly_pain/3786_M_eairh.wav,belly_pain,train,4,gaussian_noise,"{""noise_factor"":0.005252085}",286,11773533681316887059,virtual:aug_ad5a3bbddd5228481ac9
aug_c1809d186f6143832ebf,rec_728bae3265a2cb099ec1,D:\INFANT CRY\data_set_dbl_split\train\belly_pain\dunstan-eairh_38.wav,belly_pain/dunstan-eairh_38.wav,belly_pain,train,4,pitch_shift,"{""steps"":0.81065}",287,8526408697986664650,virtual:aug_c1809d186f6143832ebf
aug_4a2d90ef33a3fd54524a,rec_4771cea23a26a41b1167,D:\INFANT CRY\data_set_dbl_split\train\belly_pain\216_M_eairh.wav,belly_pain/216_M_eairh.wav,belly_pain,train,4,pitch_shift,"{""steps"":-0.994433}",288,10336914863989855426,virtual:aug_4a2d90ef33a3fd54524a
aug_3caafdf6716afc8d61ce,rec_4f5f3b672a3334ab6010,D:\INFANT CRY\data_set_dbl_split\train\belly_pain\4846_F_eairh.wav,belly_pain/4846_F_eairh.wav,belly_pain,train,4,time_stretch,"{""rate"":1.101833}",289,8822941975446341103,virtual:aug_3caafdf6716afc8d61ce
aug_c312c341703702b809de,rec_fcc4c169f306104793fd,D:\INFANT CRY\data_set_dbl_split\train\belly_pain\1588_M_eairh.wav,belly_pain/1588_M_eairh.wav,belly_pain,train,4,time_stretch,"{""rate"":0.884993}",290,5095591078760266017,virtual:aug_c312c341703702b809de
aug_8b6c4bf3d4e20bd0c024,rec_7bfbf6df11a5121ca4c9,D:\INFANT CRY\data_set_dbl_split\train\belly_pain\934_M_eairh.wav,belly_pain/934_M_eairh.wav,belly_pain,train,4,time_shift,"{""fraction"":0.0653423}",291,13923233748159992660,virtual:aug_8b6c4bf3d4e20bd0c024
aug_9443af4678ddc2e10dcc,rec_9516de195d0ec83f4725,D:\INFANT CRY\data_set_dbl_split\train\belly_pain\3195_M_eairh.wav,belly_pain/3195_M_eairh.wav,belly_pain,train,4,gaussian_noise,"{""noise_factor"":0.002790109}",292,10632598520733083803,virtual:aug_9443af4678ddc2e10dcc
aug_0b6f361cb75c6e0ef5f4,rec_f3c9e9d220dc2e97e90a,D:\INFANT CRY\data_set_dbl_split\train\belly_pain\2760_F_eairh.wav,belly_pain/2760_F_eairh.wav,belly_pain,train,4,pitch_shift,"{""steps"":1.971356}",293,16400473415574718095,virtual:aug_0b6f361cb75c6e0ef5f4
aug_f82a5067fedf07a2e23a,rec_886741e63dcc59e4d15d,D:\INFANT CRY\data_set_dbl_split\train\belly_pain\dunstan-eairh_2.wav,belly_pain/dunstan-eairh_2.wav,belly_pain,train,4,pitch_shift,"{""steps"":-2.178016}",294,12010744660880649066,virtual:aug_f82a5067fedf07a2e23a
aug_d84a52754cb908a3f552,rec_bf373fe9b30b0dd92527,D:\INFANT CRY\data_set_dbl_split\train\belly_pain\407_M_eairh.wav,belly_pain/407_M_eairh.wav,belly_pain,train,4,time_stretch,"{""rate"":1.199783}",295,27774753499546046,virtual:aug_d84a52754cb908a3f552
aug_de55be73d7c1012725bc,rec_6ac41708a7f3de4ed900,D:\INFANT CRY\data_set_dbl_split\train\belly_pain\dunstan-eairh_9.wav,belly_pain/dunstan-eairh_9.wav,belly_pain,train,4,time_stretch,"{""rate"":0.814924}",296,10049494957695119119,virtual:aug_de55be73d7c1012725bc
aug_4684d15ffaa1134cd457,rec_c7ab84dc1e25a511f089,D:\INFANT CRY\data_set_dbl_split\train\belly_pain\3054_M_eairh.wav,belly_pain/3054_M_eairh.wav,belly_pain,train,4,gaussian_noise,"{""noise_factor"":0.004746928}",297,13132605300431793595,virtual:aug_4684d15ffaa1134cd457
aug_076b7881c00522e664ba,rec_a13b92fdc5317e0a51d9,D:\INFANT CRY\data_set_dbl_split\train\belly_pain\548_F_eairh.wav,belly_pain/548_F_eairh.wav,belly_pain,train,4,pitch_shift,"{""steps"":0.918114}",298,12542618840679483093,virtual:aug_076b7881c00522e664ba
aug_a7812fa3c5d6224057df,rec_0c5e583cba7fea6e7572,D:\INFANT CRY\data_set_dbl_split\train\belly_pain\3688_M_eairh.wav,belly_pain/3688_M_eairh.wav,belly_pain,train,4,pitch_shift,"{""steps"":-0.969238}",299,12390161413161304647,virtual:aug_a7812fa3c5d6224057df
aug_243c63bcfed5b9f58086,rec_e41629e8492bfc07276b,D:\INFANT CRY\data_set_dbl_split\train\belly_pain\3151_M_eairh.wav,belly_pain/3151_M_eairh.wav,belly_pain,train,4,time_stretch,"{""rate"":1.110855}",300,2260897602467813708,virtual:aug_243c63bcfed5b9f58086
aug_bdb4a0aeb3ebb035dbee,rec_7923b3cade105f0c3c70,D:\INFANT CRY\data_set_dbl_split\train\belly_pain\2651_F_eairh.wav,belly_pain/2651_F_eairh.wav,belly_pain,train,4,time_stretch,"{""rate"":0.892559}",301,17735824333224704949,virtual:aug_bdb4a0aeb3ebb035dbee
aug_7b30494588965bca8669,rec_db0170c6e9143b76c98f,D:\INFANT CRY\data_set_dbl_split\train\belly_pain\1215_M_eairh.wav,belly_pain/1215_M_eairh.wav,belly_pain,train,4,time_shift,"{""fraction"":-0.019564}",302,9142340940863226037,virtual:aug_7b30494588965bca8669
aug_34374e117835c3d214ad,rec_774e95ea65e8ccac1202,D:\INFANT CRY\data_set_dbl_split\train\belly_pain\4684_M_eairh.wav,belly_pain/4684_M_eairh.wav,belly_pain,train,4,gaussian_noise,"{""noise_factor"":0.002369991}",303,1770482804761208484,virtual:aug_34374e117835c3d214ad
aug_49aefabec30412843202,rec_212b93ff5570b7840e1a,D:\INFANT CRY\data_set_dbl_split\train\belly_pain\419_M_eairh.wav,belly_pain/419_M_eairh.wav,belly_pain,train,4,pitch_shift,"{""steps"":1.882265}",304,1025512843475538334,virtual:aug_49aefabec30412843202
aug_27410dd31c6b5654fd38,rec_9ef4cab50c9a56e3bd9a,D:\INFANT CRY\data_set_dbl_split\train\belly_pain\4758_M_eairh.wav,belly_pain/4758_M_eairh.wav,belly_pain,train,4,pitch_shift,"{""steps"":-2.041089}",305,5102018550598263635,virtual:aug_27410dd31c6b5654fd38
aug_dc3f609c2925a1b72ab2,rec_0c6c903753d565dac519,D:\INFANT CRY\data_set_dbl_split\train\belly_pain\3505_M_eairh.wav,belly_pain/3505_M_eairh.wav,belly_pain,train,4,time_stretch,"{""rate"":1.196537}",306,13849142800065042692,virtual:aug_dc3f609c2925a1b72ab2
aug_6fc80acd18043e5277e7,rec_6f6b4910a46d0f5c9466,D:\INFANT CRY\data_set_dbl_split\train\belly_pain\dunstan-eairh_29.wav,belly_pain/dunstan-eairh_29.wav,belly_pain,train,4,time_stretch,"{""rate"":0.808457}",307,2496214212723688592,virtual:aug_6fc80acd18043e5277e7
aug_e2579ed3e47e67f989f1,rec_3e28c761181c5229dd97,D:\INFANT CRY\data_set_dbl_split\train\belly_pain\dunstan-eairh_11.wav,belly_pain/dunstan-eairh_11.wav,belly_pain,train,4,gaussian_noise,"{""noise_factor"":0.004815019}",308,2357194735039744709,virtual:aug_e2579ed3e47e67f989f1
aug_ef4132e621f46fed65c4,rec_b97b97506a926108c4fb,D:\INFANT CRY\data_set_dbl_split\train\belly_pain\4511_F_eairh.wav,belly_pain/4511_F_eairh.wav,belly_pain,train,4,pitch_shift,"{""steps"":0.974409}",309,9195466334464716183,virtual:aug_ef4132e621f46fed65c4
aug_25cf9c6411aab7b7a914,rec_a29eb2fa57b194483f26,D:\INFANT CRY\data_set_dbl_split\train\belly_pain\2101_M_eairh.wav,belly_pain/2101_M_eairh.wav,belly_pain,train,4,pitch_shift,"{""steps"":-0.892067}",310,8059393793154012732,virtual:aug_25cf9c6411aab7b7a914
aug_8225932e279a48933200,rec_e6d5a53ef5c2a42cae1f,D:\INFANT CRY\data_set_dbl_split\train\belly_pain\dunstan-eairh_59.wav,belly_pain/dunstan-eairh_59.wav,belly_pain,train,4,time_stretch,"{""rate"":1.082113}",311,6456230375733659520,virtual:aug_8225932e279a48933200
aug_9aca62013b2a47f108f2,rec_81baca137ffa49fea0f0,D:\INFANT CRY\data_set_dbl_split\train\belly_pain\dunstan-eairh_5.wav,belly_pain/dunstan-eairh_5.wav,belly_pain,train,4,time_stretch,"{""rate"":0.913871}",312,455477292041337999,virtual:aug_9aca62013b2a47f108f2
aug_3947e4c813f35bc9c67d,rec_fae98644f14f54a8f0a4,D:\INFANT CRY\data_set_dbl_split\train\belly_pain\3889_M_eairh.wav,belly_pain/3889_M_eairh.wav,belly_pain,train,4,time_shift,"{""fraction"":-0.0207422}",313,679163118937553792,virtual:aug_3947e4c813f35bc9c67d
aug_5172ca8638bbe49a669b,rec_fdf6fac981d89bd04593,D:\INFANT CRY\data_set_dbl_split\train\belly_pain\3344_M_eairh.wav,belly_pain/3344_M_eairh.wav,belly_pain,train,4,gaussian_noise,"{""noise_factor"":0.002664336}",314,3126061622812594547,virtual:aug_5172ca8638bbe49a669b
aug_6e4bc934242294b43fcb,rec_b52b02478d157dfacee6,D:\INFANT CRY\data_set_dbl_split\train\belly_pain\3541_M_eairh.wav,belly_pain/3541_M_eairh.wav,belly_pain,train,4,pitch_shift,"{""steps"":2.037971}",315,18167028233406072451,virtual:aug_6e4bc934242294b43fcb
aug_357435af4f060628965c,rec_d024232db85b2dd5abc3,D:\INFANT CRY\data_set_dbl_split\train\burping\3773_M_eh.wav,burping/3773_M_eh.wav,burping,train,4,gaussian_noise,"{""noise_factor"":0.005334746}",0,15608876194005497016,virtual:aug_357435af4f060628965c
aug_cd94c3a91486961b8fec,rec_30ab2bd552cfc2d7e12b,D:\INFANT CRY\data_set_dbl_split\train\burping\3184_M_eh.wav,burping/3184_M_eh.wav,burping,train,4,pitch_shift,"{""steps"":1.027188}",1,2069547450328754893,virtual:aug_cd94c3a91486961b8fec
aug_9ac936b65398b5e6aca8,rec_c02402c6d2a894138d12,D:\INFANT CRY\data_set_dbl_split\train\burping\2563_M_eh.wav,burping/2563_M_eh.wav,burping,train,4,pitch_shift,"{""steps"":-0.927895}",2,17630317358898034227,virtual:aug_9ac936b65398b5e6aca8
aug_c021edc1d522035cece2,rec_4a0912eaadfeb8697716,D:\INFANT CRY\data_set_dbl_split\train\burping\2284_M_eh.wav,burping/2284_M_eh.wav,burping,train,4,time_stretch,"{""rate"":1.119945}",3,17255264994960407552,virtual:aug_c021edc1d522035cece2
aug_350bcd732181dac0dfec,rec_7b7948d30dc8ee511ce2,D:\INFANT CRY\data_set_dbl_split\train\burping\1772_M_eh.wav,burping/1772_M_eh.wav,burping,train,4,time_stretch,"{""rate"":0.923027}",4,17085127895796384463,virtual:aug_350bcd732181dac0dfec
aug_a742bd8795b794ef27fb,rec_4cb288cfddc38ac25391,D:\INFANT CRY\data_set_dbl_split\train\burping\2369_M_eh.wav,burping/2369_M_eh.wav,burping,train,4,time_shift,"{""fraction"":-0.0767135}",5,9241802019701300682,virtual:aug_a742bd8795b794ef27fb
aug_dbce82f444e64e0c2b19,rec_8cede20c0b7f85203c3e,D:\INFANT CRY\data_set_dbl_split\train\burping\799_M_eh.wav,burping/799_M_eh.wav,burping,train,4,gaussian_noise,"{""noise_factor"":0.00224055}",6,12818364865077120998,virtual:aug_dbce82f444e64e0c2b19
aug_461c0b143771da14a155,rec_5a2f75276513a19a7ebb,D:\INFANT CRY\data_set_dbl_split\train\burping\4216_M_eh.wav,burping/4216_M_eh.wav,burping,train,4,pitch_shift,"{""steps"":2.079615}",7,972776339074011713,virtual:aug_461c0b143771da14a155
aug_3226d4c17dbbb9ec50eb,rec_30cbe93e75857a181f3d,D:\INFANT CRY\data_set_dbl_split\train\burping\128_M_eh.wav,burping/128_M_eh.wav,burping,train,4,pitch_shift,"{""steps"":-2.080231}",8,17667503093889573140,virtual:aug_3226d4c17dbbb9ec50eb
aug_fdb8301822cf4e5bac19,rec_459bb2953e87065146b1,D:\INFANT CRY\data_set_dbl_split\train\burping\1959_M_eh.wav,burping/1959_M_eh.wav,burping,train,4,time_stretch,"{""rate"":1.180507}",9,17885780135969568971,virtual:aug_fdb8301822cf4e5bac19
aug_5d157893b3bf7c9e933d,rec_f2be0c0fdf45d429dfda,D:\INFANT CRY\data_set_dbl_split\train\burping\3680_M_eh.wav,burping/3680_M_eh.wav,burping,train,4,time_stretch,"{""rate"":0.778552}",10,16210324426988041517,virtual:aug_5d157893b3bf7c9e933d
aug_6dc21050fc15261a4667,rec_24a396b9d014a05587a9,D:\INFANT CRY\data_set_dbl_split\train\burping\222_F_eh.wav,burping/222_F_eh.wav,burping,train,4,gaussian_noise,"{""noise_factor"":0.005599424}",11,788346739365658313,virtual:aug_6dc21050fc15261a4667
aug_a6bcd43cb63daaf9d226,rec_8fa03b0b1122bc99fa71,D:\INFANT CRY\data_set_dbl_split\train\burping\3335_M_eh.wav,burping/3335_M_eh.wav,burping,train,4,pitch_shift,"{""steps"":1.026001}",12,13656143941196318668,virtual:aug_a6bcd43cb63daaf9d226
aug_838a3716c6cce58788c2,rec_9f874a669b1439b8ba43,D:\INFANT CRY\data_set_dbl_split\train\burping\335_M_eh.wav,burping/335_M_eh.wav,burping,train,4,pitch_shift,"{""steps"":-1.108555}",13,3482037912284739462,virtual:aug_838a3716c6cce58788c2
aug_1129342f6d7c8cc5932c,rec_ab271c0dd4cc9e6e5493,D:\INFANT CRY\data_set_dbl_split\train\burping\1189_M_eh.wav,burping/1189_M_eh.wav,burping,train,4,time_stretch,"{""rate"":1.081174}",14,2798390912974480163,virtual:aug_1129342f6d7c8cc5932c
aug_cc45f020110820d714bc,rec_b7dc41a5877cdafcdeba,D:\INFANT CRY\data_set_dbl_split\train\burping\3849_M_eh.wav,burping/3849_M_eh.wav,burping,train,4,time_stretch,"{""rate"":0.901776}",15,15225295139193587352,virtual:aug_cc45f020110820d714bc
aug_86dfea30ef79526a9c15,rec_c6008b28a57b1ad0c4a6,D:\INFANT CRY\data_set_dbl_split\train\burping\2312_M_eh.wav,burping/2312_M_eh.wav,burping,train,4,time_shift,"{""fraction"":-0.0290221}",16,654884261789845447,virtual:aug_86dfea30ef79526a9c15
aug_faa77d963a3d8738ed6c,rec_ce6d33d9d80a390b5de1,D:\INFANT CRY\data_set_dbl_split\train\burping\4580_M_eh.wav,burping/4580_M_eh.wav,burping,train,4,gaussian_noise,"{""noise_factor"":0.002683625}",17,16374331438581008217,virtual:aug_faa77d963a3d8738ed6c
aug_cf3d52cc324f3090194f,rec_565dd3342f1ac221607e,D:\INFANT CRY\data_set_dbl_split\train\burping\392_M_eh.wav,burping/392_M_eh.wav,burping,train,4,pitch_shift,"{""steps"":2.037734}",18,8314673292394413045,virtual:aug_cf3d52cc324f3090194f
aug_ea583c9a5de16606e5fd,rec_e5053874909e75e7cdae,D:\INFANT CRY\data_set_dbl_split\train\burping\819_F_eh.wav,burping/819_F_eh.wav,burping,train,4,pitch_shift,"{""steps"":-2.115927}",19,15006892449280607088,virtual:aug_ea583c9a5de16606e5fd
aug_fae0a8eb59e84cba3b0d,rec_c1b61b57a04c76f19527,D:\INFANT CRY\data_set_dbl_split\train\burping\1246_M_eh.wav,burping/1246_M_eh.wav,burping,train,4,time_stretch,"{""rate"":1.180896}",20,1752725695127610595,virtual:aug_fae0a8eb59e84cba3b0d
aug_b5133a0e0153a66a958f,rec_9a29e2de6a245ee391e5,D:\INFANT CRY\data_set_dbl_split\train\burping\1117_M_eh.wav,burping/1117_M_eh.wav,burping,train,4,time_stretch,"{""rate"":0.82325}",21,6573681253601402132,virtual:aug_b5133a0e0153a66a958f
aug_c4197527dbb1b55ea79f,rec_8b38bc4b5e01d884ed1b,D:\INFANT CRY\data_set_dbl_split\train\burping\2238_M_eh.wav,burping/2238_M_eh.wav,burping,train,4,gaussian_noise,"{""noise_factor"":0.00500468}",22,11868084480362025726,virtual:aug_c4197527dbb1b55ea79f
aug_1fb02add3f0d245e62c0,rec_410db454b737f8edd207,D:\INFANT CRY\data_set_dbl_split\train\burping\dunstan-eh_36.wav,burping/dunstan-eh_36.wav,burping,train,4,pitch_shift,"{""steps"":0.926919}",23,4953281317597971769,virtual:aug_1fb02add3f0d245e62c0
aug_e968fd90dee92b8a81f9,rec_e64ed0451cdefb147b9a,D:\INFANT CRY\data_set_dbl_split\train\burping\2458_M_eh.wav,burping/2458_M_eh.wav,burping,train,4,pitch_shift,"{""steps"":-1.176961}",24,17577358680546676054,virtual:aug_e968fd90dee92b8a81f9
aug_3b49017cc5e2ffa0a6d7,rec_3b0dbc0e1235864017ad,D:\INFANT CRY\data_set_dbl_split\train\burping\3731_M_eh.wav,burping/3731_M_eh.wav,burping,train,4,time_stretch,"{""rate"":1.114369}",25,8281286585287487421,virtual:aug_3b49017cc5e2ffa0a6d7
aug_e55b4cf2f56a6f6900ad,rec_c22dd02b85a1df5c8c4e,D:\INFANT CRY\data_set_dbl_split\train\burping\dunstan-eh_65.wav,burping/dunstan-eh_65.wav,burping,train,4,time_stretch,"{""rate"":0.918043}",26,5178746952147658771,virtual:aug_e55b4cf2f56a6f6900ad
aug_01a45f89ff3800b4a1bd,rec_1050c2655280d54aa3a4,D:\INFANT CRY\data_set_dbl_split\train\burping\225_F_eh.wav,burping/225_F_eh.wav,burping,train,4,time_shift,"{""fraction"":0.0573475}",27,9791789437234002866,virtual:aug_01a45f89ff3800b4a1bd
aug_283c1fe95c37adf83d82,rec_c2d0c914aa634399fe02,D:\INFANT CRY\data_set_dbl_split\train\burping\3681_M_eh.wav,burping/3681_M_eh.wav,burping,train,4,gaussian_noise,"{""noise_factor"":0.002646693}",28,2380079370339671588,virtual:aug_283c1fe95c37adf83d82
aug_c8163a1f66a9fa271f86,rec_06e84e6f511e879851ca,D:\INFANT CRY\data_set_dbl_split\train\burping\1677_M_eh.wav,burping/1677_M_eh.wav,burping,train,4,pitch_shift,"{""steps"":2.044534}",29,9699174790250224475,virtual:aug_c8163a1f66a9fa271f86
aug_a11cea326c3f383d7244,rec_3dff757b4adba1651a52,D:\INFANT CRY\data_set_dbl_split\train\burping\1280_M_eh.wav,burping/1280_M_eh.wav,burping,train,4,pitch_shift,"{""steps"":-2.182765}",30,2626926353124671042,virtual:aug_a11cea326c3f383d7244
aug_0f3b559f7de8db46264d,rec_01751ebd954ebf0cc37a,D:\INFANT CRY\data_set_dbl_split\train\burping\2911_M_eh.wav,burping/2911_M_eh.wav,burping,train,4,time_stretch,"{""rate"":1.176069}",31,9695498466955111435,virtual:aug_0f3b559f7de8db46264d
aug_05076010b22bc8bbb495,rec_38acc274e71f1ffa3d26,D:\INFANT CRY\data_set_dbl_split\train\burping\2083_M_eh.wav,burping/2083_M_eh.wav,burping,train,4,time_stretch,"{""rate"":0.790435}",32,11429028056002910119,virtual:aug_05076010b22bc8bbb495
aug_8d51e98483fa584fb6e7,rec_a24e5a4c484b184c3af7,D:\INFANT CRY\data_set_dbl_split\train\burping\2164_M_eh.wav,burping/2164_M_eh.wav,burping,train,4,gaussian_noise,"{""noise_factor"":0.004369518}",33,11479990586487671283,virtual:aug_8d51e98483fa584fb6e7
aug_5e142617d70942607f90,rec_d09abe4d0ed175d6bc7b,D:\INFANT CRY\data_set_dbl_split\train\burping\1404_F_eh.wav,burping/1404_F_eh.wav,burping,train,4,pitch_shift,"{""steps"":1.008548}",34,16843693874499639896,virtual:aug_5e142617d70942607f90
aug_007c24c2e4d569073b4a,rec_f951c9cb890a00ed11b1,D:\INFANT CRY\data_set_dbl_split\train\burping\383_M_eh.wav,burping/383_M_eh.wav,burping,train,4,pitch_shift,"{""steps"":-1.160645}",35,4983411126109300792,virtual:aug_007c24c2e4d569073b4a
aug_75cb3300e5327b40f43f,rec_1fa454041cb2b6209768,D:\INFANT CRY\data_set_dbl_split\train\burping\691_M_eh.wav,burping/691_M_eh.wav,burping,train,4,time_stretch,"{""rate"":1.088966}",36,7074232877032171444,virtual:aug_75cb3300e5327b40f43f
aug_e4323473d66039a8e51c,rec_ff477dacfaa3059546f6,D:\INFANT CRY\data_set_dbl_split\train\burping\4846_M_eh.wav,burping/4846_M_eh.wav,burping,train,4,time_stretch,"{""rate"":0.906137}",37,9090535748923208453,virtual:aug_e4323473d66039a8e51c
aug_15de7a6088fa7c1121b8,rec_321aefb0aa457ba0707e,D:\INFANT CRY\data_set_dbl_split\train\burping\901_M_eh.wav,burping/901_M_eh.wav,burping,train,4,time_shift,"{""fraction"":-0.0016701}",38,13758274559287282820,virtual:aug_15de7a6088fa7c1121b8
aug_fc1d4a509cb88f837138,rec_595c7bd988437435705e,D:\INFANT CRY\data_set_dbl_split\train\burping\3187_M_eh.wav,burping/3187_M_eh.wav,burping,train,4,gaussian_noise,"{""noise_factor"":0.002206547}",39,17233288997374096346,virtual:aug_fc1d4a509cb88f837138
aug_f672550f48a5eef611bb,rec_7d6aa6a7af750f0245fb,D:\INFANT CRY\data_set_dbl_split\train\burping\4321_M_eh.wav,burping/4321_M_eh.wav,burping,train,4,pitch_shift,"{""steps"":1.850317}",40,5698817775935747089,virtual:aug_f672550f48a5eef611bb
aug_cf1210de699384f65a58,rec_bd56e50f20a08c95889b,D:\INFANT CRY\data_set_dbl_split\train\burping\dunstan-eh_6.wav,burping/dunstan-eh_6.wav,burping,train,4,pitch_shift,"{""steps"":-1.867228}",41,16337178824202807125,virtual:aug_cf1210de699384f65a58
aug_dd3e7ec4906d2d3722e0,rec_165d844150d1c38e7964,D:\INFANT CRY\data_set_dbl_split\train\burping\dunstan-eh_4.wav,burping/dunstan-eh_4.wav,burping,train,4,time_stretch,"{""rate"":1.208768}",42,11550792057246263221,virtual:aug_dd3e7ec4906d2d3722e0
aug_12f8e8d30c29a80e6a8b,rec_c2ca957db2b55f01ab5b,D:\INFANT CRY\data_set_dbl_split\train\burping\642_M_eh.wav,burping/642_M_eh.wav,burping,train,4,time_stretch,"{""rate"":0.787393}",43,12631754787444332580,virtual:aug_12f8e8d30c29a80e6a8b
aug_e3ff73831bd1299fc029,rec_8e1af1b14f5eefa2208e,D:\INFANT CRY\data_set_dbl_split\train\burping\103_M_eh.wav,burping/103_M_eh.wav,burping,train,4,gaussian_noise,"{""noise_factor"":0.005591825}",44,1874820356167262629,virtual:aug_e3ff73831bd1299fc029
aug_bcde9ce60cd81a9029d8,rec_c2521e9b1d58c3fbb0cb,D:\INFANT CRY\data_set_dbl_split\train\burping\1103_M_eh.wav,burping/1103_M_eh.wav,burping,train,4,pitch_shift,"{""steps"":0.970314}",45,5315677426569329031,virtual:aug_bcde9ce60cd81a9029d8
aug_395fc8e94d2c6241934b,rec_3c97921405d8a84e3340,D:\INFANT CRY\data_set_dbl_split\train\burping\109_F_eh.wav,burping/109_F_eh.wav,burping,train,4,pitch_shift,"{""steps"":-1.174884}",46,3600443958011907477,virtual:aug_395fc8e94d2c6241934b
aug_43043c1b01b45eaac51e,rec_0c8740c205058cc13c73,D:\INFANT CRY\data_set_dbl_split\train\burping\4473_M_eh.wav,burping/4473_M_eh.wav,burping,train,4,time_stretch,"{""rate"":1.098593}",47,6974016043855183355,virtual:aug_43043c1b01b45eaac51e
aug_519cb4828b32ad8e08ba,rec_e890ba788c3dcf653f72,D:\INFANT CRY\data_set_dbl_split\train\burping\3429_F_eh.wav,burping/3429_F_eh.wav,burping,train,4,time_stretch,"{""rate"":0.891063}",48,16216115338916469147,virtual:aug_519cb4828b32ad8e08ba
aug_85f3aa7e74e1bf5c99a9,rec_c486f7a4a819eb438fe8,D:\INFANT CRY\data_set_dbl_split\train\burping\2959_M_eh.wav,burping/2959_M_eh.wav,burping,train,4,time_shift,"{""fraction"":-0.0001157}",49,534035208718592053,virtual:aug_85f3aa7e74e1bf5c99a9
aug_ba8608b2de465bb160c4,rec_1113b5c1927b463e6187,D:\INFANT CRY\data_set_dbl_split\train\burping\1928_M_eh.wav,burping/1928_M_eh.wav,burping,train,4,gaussian_noise,"{""noise_factor"":0.002575893}",50,16576964233125571099,virtual:aug_ba8608b2de465bb160c4
aug_1cdeca8b5100ca7de978,rec_04dc1bc529be34e2194f,D:\INFANT CRY\data_set_dbl_split\train\burping\3977_F_eh.wav,burping/3977_F_eh.wav,burping,train,4,pitch_shift,"{""steps"":2.06765}",51,18034836655492827511,virtual:aug_1cdeca8b5100ca7de978
aug_c27b84b973cb466e0d04,rec_a3b246b844a903219afc,D:\INFANT CRY\data_set_dbl_split\train\burping\336_F_eh.wav,burping/336_F_eh.wav,burping,train,4,pitch_shift,"{""steps"":-1.923441}",52,10775883895631571658,virtual:aug_c27b84b973cb466e0d04
aug_e38b101191d5916a92f9,rec_296b5aff467704fad7f9,D:\INFANT CRY\data_set_dbl_split\train\burping\4544_F_eh.wav,burping/4544_F_eh.wav,burping,train,4,time_stretch,"{""rate"":1.212277}",53,14816961788905961236,virtual:aug_e38b101191d5916a92f9
aug_5b32eb4444af2961f0f8,rec_4bf2222acdcc1b555881,D:\INFANT CRY\data_set_dbl_split\train\burping\537_M_eh.wav,burping/537_M_eh.wav,burping,train,4,time_stretch,"{""rate"":0.813917}",54,13631776392588106703,virtual:aug_5b32eb4444af2961f0f8
aug_4cb313aefb158e79ac0f,rec_f00e486b5bb01e917fd5,D:\INFANT CRY\data_set_dbl_split\train\burping\2759_M_eh.wav,burping/2759_M_eh.wav,burping,train,4,gaussian_noise,"{""noise_factor"":0.004734096}",55,11113176264829559427,virtual:aug_4cb313aefb158e79ac0f
aug_1b7f9fac70622119ffa6,rec_8c5fd3a4d20e6ed75f42,D:\INFANT CRY\data_set_dbl_split\train\burping\2870_F_eh.wav,burping/2870_F_eh.wav,burping,train,4,pitch_shift,"{""steps"":0.80174}",56,16022466099838035051,virtual:aug_1b7f9fac70622119ffa6
aug_910480520c5a84e44e51,rec_1ce241cf7686f94b3a25,D:\INFANT CRY\data_set_dbl_split\train\burping\000124_M_eh.wav,burping/000124_M_eh.wav,burping,train,4,pitch_shift,"{""steps"":-1.033194}",57,9709638019044876817,virtual:aug_910480520c5a84e44e51
aug_bae3f23ffe6238f9bb5c,rec_6b454294a8664471f946,D:\INFANT CRY\data_set_dbl_split\train\burping\3153_F_eh.wav,burping/3153_F_eh.wav,burping,train,4,time_stretch,"{""rate"":1.084521}",58,11199998010934536025,virtual:aug_bae3f23ffe6238f9bb5c
aug_282b317dde11c04f10f2,rec_08e93b1ae68a5813da75,D:\INFANT CRY\data_set_dbl_split\train\burping\3641_M_eh.wav,burping/3641_M_eh.wav,burping,train,4,time_stretch,"{""rate"":0.91765}",59,15197253630120466027,virtual:aug_282b317dde11c04f10f2
aug_f226eeeafcfc3b93a360,rec_9bc21230f02ca1056bac,D:\INFANT CRY\data_set_dbl_split\train\burping\4881_M_eh.wav,burping/4881_M_eh.wav,burping,train,4,time_shift,"{""fraction"":0.0111587}",60,13142751441322865959,virtual:aug_f226eeeafcfc3b93a360
aug_ff8ce5fc50af66df4f4f,rec_0243d0e4f1276ccf9ce1,D:\INFANT CRY\data_set_dbl_split\train\burping\4389_F_eh.wav,burping/4389_F_eh.wav,burping,train,4,gaussian_noise,"{""noise_factor"":0.002786281}",61,17292063850977280699,virtual:aug_ff8ce5fc50af66df4f4f
aug_77157f1055bd8e36d92d,rec_d44661adfd4d790a00cd,D:\INFANT CRY\data_set_dbl_split\train\burping\1964_M_eh.wav,burping/1964_M_eh.wav,burping,train,4,pitch_shift,"{""steps"":2.101179}",62,10484187686469715071,virtual:aug_77157f1055bd8e36d92d
aug_3e0d91672d05d991d551,rec_ce25498c6756bcb99abd,D:\INFANT CRY\data_set_dbl_split\train\burping\1228_M_eh.wav,burping/1228_M_eh.wav,burping,train,4,pitch_shift,"{""steps"":-2.170778}",63,17030937475981006284,virtual:aug_3e0d91672d05d991d551
aug_6e47e0895bf4ac9482d5,rec_1eb9fd4af465d3df769d,D:\INFANT CRY\data_set_dbl_split\train\burping\306_M_eh.wav,burping/306_M_eh.wav,burping,train,4,time_stretch,"{""rate"":1.190494}",64,6829937007175244295,virtual:aug_6e47e0895bf4ac9482d5
aug_1be8b136c4cf2fcd289e,rec_85edc8f84763e4037032,D:\INFANT CRY\data_set_dbl_split\train\burping\1679_F_eh.wav,burping/1679_F_eh.wav,burping,train,4,time_stretch,"{""rate"":0.806452}",65,6025876429474815698,virtual:aug_1be8b136c4cf2fcd289e
aug_6ec3feb1e4d5faa37f0e,rec_c406d6a42a64a393f607,D:\INFANT CRY\data_set_dbl_split\train\burping\3828_M_eh.wav,burping/3828_M_eh.wav,burping,train,4,gaussian_noise,"{""noise_factor"":0.005679494}",66,5761421883594964271,virtual:aug_6ec3feb1e4d5faa37f0e
aug_f44013be121b370ccee0,rec_eebb212fc609ed557451,D:\INFANT CRY\data_set_dbl_split\train\burping\463_M_eh.wav,burping/463_M_eh.wav,burping,train,4,pitch_shift,"{""steps"":1.039878}",67,16970985908831031771,virtual:aug_f44013be121b370ccee0
aug_676eadfed2007e41425c,rec_02ded2dafd9c65710523,D:\INFANT CRY\data_set_dbl_split\train\burping\3414_M_eh.wav,burping/3414_M_eh.wav,burping,train,4,pitch_shift,"{""steps"":-0.870542}",68,17112019059442587070,virtual:aug_676eadfed2007e41425c
aug_4a5dc4242de1c3afccd7,rec_d88b00f668e179d44ac0,D:\INFANT CRY\data_set_dbl_split\train\burping\2546_F_eh.wav,burping/2546_F_eh.wav,burping,train,4,time_stretch,"{""rate"":1.09129}",69,12702177914260763488,virtual:aug_4a5dc4242de1c3afccd7
aug_7fc99e2089e8bc78117b,rec_d138f7e7049b5fee47f8,D:\INFANT CRY\data_set_dbl_split\train\burping\4177_M_eh.wav,burping/4177_M_eh.wav,burping,train,4,time_stretch,"{""rate"":0.887333}",70,14835045254266637158,virtual:aug_7fc99e2089e8bc78117b
aug_40cbddd85fe2cdeeb4c3,rec_9d65a63ce58da021c946,D:\INFANT CRY\data_set_dbl_split\train\burping\45_M_eh.wav,burping/45_M_eh.wav,burping,train,4,time_shift,"{""fraction"":-0.0959147}",71,6196973179947255048,virtual:aug_40cbddd85fe2cdeeb4c3
aug_e1d0a3acbb055b8b631f,rec_f4fd052ddfb5de0888a3,D:\INFANT CRY\data_set_dbl_split\train\burping\2638_F_eh.wav,burping/2638_F_eh.wav,burping,train,4,gaussian_noise,"{""noise_factor"":0.00237561}",72,18099840412633165534,virtual:aug_e1d0a3acbb055b8b631f
aug_77348267a10a50e31df7,rec_812a143c52108fd80d82,D:\INFANT CRY\data_set_dbl_split\train\burping\2106_M_eh.wav,burping/2106_M_eh.wav,burping,train,4,pitch_shift,"{""steps"":1.917759}",73,16963123109824097189,virtual:aug_77348267a10a50e31df7
aug_9d85902b9d6114367886,rec_5a1f57001a9a5cb17ad8,D:\INFANT CRY\data_set_dbl_split\train\burping\127_F_eh.wav,burping/127_F_eh.wav,burping,train,4,pitch_shift,"{""steps"":-1.948207}",74,147971313533954721,virtual:aug_9d85902b9d6114367886
aug_d7a9b630d4c89304fd54,rec_010c54dba3c33a235f36,D:\INFANT CRY\data_set_dbl_split\train\burping\dunstan-eh_56.wav,burping/dunstan-eh_56.wav,burping,train,4,time_stretch,"{""rate"":1.188658}",75,12582683859107827066,virtual:aug_d7a9b630d4c89304fd54
aug_4aa2cbf5a9736cbbe33b,rec_8c0c8f04ded4a4ce7a12,D:\INFANT CRY\data_set_dbl_split\train\burping\1999_M_eh.wav,burping/1999_M_eh.wav,burping,train,4,time_stretch,"{""rate"":0.810243}",76,8186734718533574903,virtual:aug_4aa2cbf5a9736cbbe33b
aug_66dca2c3d103bc6a4666,rec_4c788d6451459c6d7475,D:\INFANT CRY\data_set_dbl_split\train\burping\231_M_eh.wav,burping/231_M_eh.wav,burping,train,4,gaussian_noise,"{""noise_factor"":0.005455882}",77,14312684974773899161,virtual:aug_66dca2c3d103bc6a4666
aug_7d6ce6d6bed1539ad1ab,rec_dcac3876bf6880c602d4,D:\INFANT CRY\data_set_dbl_split\train\burping\3754_M_eh.wav,burping/3754_M_eh.wav,burping,train,4,pitch_shift,"{""steps"":1.103681}",78,13353207554416832656,virtual:aug_7d6ce6d6bed1539ad1ab
aug_10cc88b98fec0984cea6,rec_0a4b374c52ad48552c98,D:\INFANT CRY\data_set_dbl_split\train\burping\dunstan-eh_44.wav,burping/dunstan-eh_44.wav,burping,train,4,pitch_shift,"{""steps"":-1.093813}",79,2614617746774182851,virtual:aug_10cc88b98fec0984cea6
aug_9de2a8d34cebd7d69e50,rec_398f102ae45404e1b33a,D:\INFANT CRY\data_set_dbl_split\train\burping\3948_M_eh.wav,burping/3948_M_eh.wav,burping,train,4,time_stretch,"{""rate"":1.100425}",80,1658665733063699623,virtual:aug_9de2a8d34cebd7d69e50
aug_389f91ab7bd98f488522,rec_fef045ea86ed1d26ca57,D:\INFANT CRY\data_set_dbl_split\train\burping\855_M_eh.wav,burping/855_M_eh.wav,burping,train,4,time_stretch,"{""rate"":0.91581}",81,925361985321844372,virtual:aug_389f91ab7bd98f488522
aug_38804175dfa42f996a18,rec_fbd8c164275be77b1eeb,D:\INFANT CRY\data_set_dbl_split\train\burping\3420_M_eh.wav,burping/3420_M_eh.wav,burping,train,4,time_shift,"{""fraction"":0.088411}",82,7071540536686567645,virtual:aug_38804175dfa42f996a18
aug_e3deb07d7e23a10d7d1e,rec_cbd1060a831248d1b42f,D:\INFANT CRY\data_set_dbl_split\train\burping\1862_M_eh.wav,burping/1862_M_eh.wav,burping,train,4,gaussian_noise,"{""noise_factor"":0.00268862}",83,16103068644158929836,virtual:aug_e3deb07d7e23a10d7d1e
aug_9b48a80b9f89f63a1cbf,rec_98dbc8f48996f1a11dcf,D:\INFANT CRY\data_set_dbl_split\train\burping\739_M_eh.wav,burping/739_M_eh.wav,burping,train,4,pitch_shift,"{""steps"":1.882924}",84,17536049098249717629,virtual:aug_9b48a80b9f89f63a1cbf
aug_903fd5f96b5f916f541e,rec_10d0435f16610463b458,D:\INFANT CRY\data_set_dbl_split\train\burping\1280_F_eh.wav,burping/1280_F_eh.wav,burping,train,4,pitch_shift,"{""steps"":-2.004657}",85,9164938930207353007,virtual:aug_903fd5f96b5f916f541e
aug_38b98574ed24639dda95,rec_e1b10e6688978884e8d9,D:\INFANT CRY\data_set_dbl_split\train\burping\dunstan-eh_67.wav,burping/dunstan-eh_67.wav,burping,train,4,time_stretch,"{""rate"":1.177696}",86,10010265438123003679,virtual:aug_38b98574ed24639dda95
aug_b7f926cb20f4b27bbed8,rec_6bfb452e0fb288f7e4b1,D:\INFANT CRY\data_set_dbl_split\train\burping\915_F_eh.wav,burping/915_F_eh.wav,burping,train,4,time_stretch,"{""rate"":0.798977}",87,9736038076417172978,virtual:aug_b7f926cb20f4b27bbed8
aug_98363429a4bf5e6fef49,rec_68fb76bcaf4df28e1d35,D:\INFANT CRY\data_set_dbl_split\train\burping\dunstan-eh_29.wav,burping/dunstan-eh_29.wav,burping,train,4,gaussian_noise,"{""noise_factor"":0.004583421}",88,12080087355087300943,virtual:aug_98363429a4bf5e6fef49
aug_4acdc92b701fbde24f3c,rec_829c72de849282995758,D:\INFANT CRY\data_set_dbl_split\train\burping\dunstan-eh_68.wav,burping/dunstan-eh_68.wav,burping,train,4,pitch_shift,"{""steps"":1.135811}",89,11617675420997788245,virtual:aug_4acdc92b701fbde24f3c
aug_5e1a9a5b44017623a755,rec_c65736eefe0e47e5bb86,D:\INFANT CRY\data_set_dbl_split\train\burping\1807_M_eh.wav,burping/1807_M_eh.wav,burping,train,4,pitch_shift,"{""steps"":-0.908177}",90,2874150992896504724,virtual:aug_5e1a9a5b44017623a755
aug_1b9e0e50eb8e8533c947,rec_583b16956c6c814d67fe,D:\INFANT CRY\data_set_dbl_split\train\burping\3033_M_eh.wav,burping/3033_M_eh.wav,burping,train,4,time_stretch,"{""rate"":1.08225}",91,18396337409373401114,virtual:aug_1b9e0e50eb8e8533c947
aug_4ab13ab5dc0069a111fc,rec_e4598b934b1a48c6adb8,D:\INFANT CRY\data_set_dbl_split\train\burping\4298_F_eh.wav,burping/4298_F_eh.wav,burping,train,4,time_stretch,"{""rate"":0.908377}",92,9976182793216862142,virtual:aug_4ab13ab5dc0069a111fc
aug_bc3a4890d8a29a7e3faa,rec_ae241ae526411ad2be05,D:\INFANT CRY\data_set_dbl_split\train\burping\3233_M_eh.wav,burping/3233_M_eh.wav,burping,train,4,time_shift,"{""fraction"":0.0267992}",93,8157203223714904713,virtual:aug_bc3a4890d8a29a7e3faa
aug_8ede32c9410f9e1c6f13,rec_c7455d306ae46d35e2fd,D:\INFANT CRY\data_set_dbl_split\train\burping\3192_M_eh.wav,burping/3192_M_eh.wav,burping,train,4,gaussian_noise,"{""noise_factor"":0.002708934}",94,9972900725549379558,virtual:aug_8ede32c9410f9e1c6f13
aug_ec956df6848f3129e7e8,rec_cb791979b42c6631a24b,D:\INFANT CRY\data_set_dbl_split\train\burping\919_M_eh.wav,burping/919_M_eh.wav,burping,train,4,pitch_shift,"{""steps"":1.938131}",95,17731293765130093947,virtual:aug_ec956df6848f3129e7e8
aug_9eb9db2dc2aa826b8db1,rec_8f1e43e0b3db4c9b7bd1,D:\INFANT CRY\data_set_dbl_split\train\burping\3009_M_eh.wav,burping/3009_M_eh.wav,burping,train,4,pitch_shift,"{""steps"":-2.127071}",96,2879129103600285609,virtual:aug_9eb9db2dc2aa826b8db1
aug_37ea1cdd20e8a007d0ea,rec_059855a7dd9bebe2345c,D:\INFANT CRY\data_set_dbl_split\train\burping\dunstan-eh_42.wav,burping/dunstan-eh_42.wav,burping,train,4,time_stretch,"{""rate"":1.192548}",97,311086143889910421,virtual:aug_37ea1cdd20e8a007d0ea
aug_203b1c354c78fb7cab7f,rec_e3f5a660e3b815100438,D:\INFANT CRY\data_set_dbl_split\train\burping\3350_M_eh.wav,burping/3350_M_eh.wav,burping,train,4,time_stretch,"{""rate"":0.800238}",98,17512606964881251022,virtual:aug_203b1c354c78fb7cab7f
aug_be36180bb4b3582361a2,rec_f563132c4a35d9e664db,D:\INFANT CRY\data_set_dbl_split\train\burping\3471_M_eh.wav,burping/3471_M_eh.wav,burping,train,4,gaussian_noise,"{""noise_factor"":0.005093303}",99,14851481014759562769,virtual:aug_be36180bb4b3582361a2
aug_03a53099bc2c4ed35e71,rec_7d9becd3a9a4b0da6a50,D:\INFANT CRY\data_set_dbl_split\train\burping\2117_M_eh.wav,burping/2117_M_eh.wav,burping,train,4,pitch_shift,"{""steps"":1.113809}",100,11836796497410114451,virtual:aug_03a53099bc2c4ed35e71
aug_3a6ed0ab9b5010857a3c,rec_69a30e7d7377d2349a7e,D:\INFANT CRY\data_set_dbl_split\train\burping\3070_M_eh.wav,burping/3070_M_eh.wav,burping,train,4,pitch_shift,"{""steps"":-1.15259}",101,9829494858972321651,virtual:aug_3a6ed0ab9b5010857a3c
aug_c1fd62605ad8fdc8ff5c,rec_ec599e0cd6f23f0d78c2,D:\INFANT CRY\data_set_dbl_split\train\burping\3663_F_eh.wav,burping/3663_F_eh.wav,burping,train,4,time_stretch,"{""rate"":1.113689}",102,7288846774486703211,virtual:aug_c1fd62605ad8fdc8ff5c
aug_541e017616827b5a6f1a,rec_1b0eec91879fb66550c3,D:\INFANT CRY\data_set_dbl_split\train\burping\151_F_eh.wav,burping/151_F_eh.wav,burping,train,4,time_stretch,"{""rate"":0.878877}",103,2396040974752255674,virtual:aug_541e017616827b5a6f1a
aug_761e6529231e1dd1df4c,rec_fd4381d8731ddf4435b8,D:\INFANT CRY\data_set_dbl_split\train\burping\dunstan-eh_25.wav,burping/dunstan-eh_25.wav,burping,train,4,time_shift,"{""fraction"":0.0263469}",104,3610404289057578781,virtual:aug_761e6529231e1dd1df4c
aug_ec721c3362639ce2d116,rec_bdbf83ffad21ba24d2b2,D:\INFANT CRY\data_set_dbl_split\train\burping\4698_M_eh.wav,burping/4698_M_eh.wav,burping,train,4,gaussian_noise,"{""noise_factor"":0.002821395}",105,17538827033721082936,virtual:aug_ec721c3362639ce2d116
aug_560fa111c6e659f70abc,rec_dc82cc7fca4fce70a058,D:\INFANT CRY\data_set_dbl_split\train\burping\4894_M_eh.wav,burping/4894_M_eh.wav,burping,train,4,pitch_shift,"{""steps"":1.887393}",106,11675675360185022185,virtual:aug_560fa111c6e659f70abc
aug_a926bcc84c0feba86a4c,rec_adbe9b64dc28a2d959a6,D:\INFANT CRY\data_set_dbl_split\train\burping\2793_M_eh.wav,burping/2793_M_eh.wav,burping,train,4,pitch_shift,"{""steps"":-2.181525}",107,7747935017690770825,virtual:aug_a926bcc84c0feba86a4c
aug_1e9d673f1d70e023c3d8,rec_eee5eed2ae78b50ca38d,D:\INFANT CRY\data_set_dbl_split\train\burping\1060_M_eh.wav,burping/1060_M_eh.wav,burping,train,4,time_stretch,"{""rate"":1.222595}",108,13007849370613474489,virtual:aug_1e9d673f1d70e023c3d8
aug_be48161c854b4cea861f,rec_180d2118e85a66b32a32,D:\INFANT CRY\data_set_dbl_split\train\burping\805_M_eh.wav,burping/805_M_eh.wav,burping,train,4,time_stretch,"{""rate"":0.801342}",109,10906052100454121455,virtual:aug_be48161c854b4cea861f
aug_582a0ec2b8d9007cf3a7,rec_28f10489f167e0cf28ed,D:\INFANT CRY\data_set_dbl_split\train\burping\3269_F_eh.wav,burping/3269_F_eh.wav,burping,train,4,gaussian_noise,"{""noise_factor"":0.004867832}",110,7343089995441844228,virtual:aug_582a0ec2b8d9007cf3a7
aug_abc59777ddc91422ae53,rec_d9fc0f1da80ad4b55ac5,D:\INFANT CRY\data_set_dbl_split\train\burping\2631_M_eh.wav,burping/2631_M_eh.wav,burping,train,4,pitch_shift,"{""steps"":0.886333}",111,5895553975938604716,virtual:aug_abc59777ddc91422ae53
aug_b259e48badf790faff2f,rec_858f3231bf9c42fefa83,D:\INFANT CRY\data_set_dbl_split\train\burping\1882_M_eh.wav,burping/1882_M_eh.wav,burping,train,4,pitch_shift,"{""steps"":-0.855342}",112,12035411840532326948,virtual:aug_b259e48badf790faff2f
aug_e0a9e33b3c3cfd7f3861,rec_9a232059ad8ce3d58fa8,D:\INFANT CRY\data_set_dbl_split\train\burping\3429_M_eh.wav,burping/3429_M_eh.wav,burping,train,4,time_stretch,"{""rate"":1.108367}",113,13497499179536517030,virtual:aug_e0a9e33b3c3cfd7f3861
aug_c0993fba03dc4ea274ae,rec_647be7ff75e4bcb282e3,D:\INFANT CRY\data_set_dbl_split\train\burping\2159_M_eh.wav,burping/2159_M_eh.wav,burping,train,4,time_stretch,"{""rate"":0.899457}",114,12728831390930401294,virtual:aug_c0993fba03dc4ea274ae
aug_f6dab3f98b195ef7711d,rec_27340d45ad612cfb12c4,D:\INFANT CRY\data_set_dbl_split\train\burping\2170_M_eh.wav,burping/2170_M_eh.wav,burping,train,4,time_shift,"{""fraction"":-0.0995903}",115,8421125012777435683,virtual:aug_f6dab3f98b195ef7711d
aug_bafa2f8df6a6897b90f1,rec_e0bd95966c0c5da7f134,D:\INFANT CRY\data_set_dbl_split\train\burping\4468_F_eh.wav,burping/4468_F_eh.wav,burping,train,4,gaussian_noise,"{""noise_factor"":0.002634123}",116,10706476499488850012,virtual:aug_bafa2f8df6a6897b90f1
aug_8180a2a6ea99c890108a,rec_553ed1bbae89167723a4,D:\INFANT CRY\data_set_dbl_split\train\burping\479_M_eh.wav,burping/479_M_eh.wav,burping,train,4,pitch_shift,"{""steps"":2.187995}",117,17292627425853550391,virtual:aug_8180a2a6ea99c890108a
aug_3464315d1321e9982bfc,rec_af2b5d80db9b39b769a8,D:\INFANT CRY\data_set_dbl_split\train\burping\3675_M_eh.wav,burping/3675_M_eh.wav,burping,train,4,pitch_shift,"{""steps"":-2.040013}",118,6496322399335874785,virtual:aug_3464315d1321e9982bfc
aug_734182e8aaaec4b50c06,rec_fa20854f3b7e4dba152c,D:\INFANT CRY\data_set_dbl_split\train\burping\2026_M_eh.wav,burping/2026_M_eh.wav,burping,train,4,time_stretch,"{""rate"":1.221767}",119,10468820199691214072,virtual:aug_734182e8aaaec4b50c06
aug_b5bc90dd20c25f18a5b5,rec_fc9986972c06dede6fb5,D:\INFANT CRY\data_set_dbl_split\train\burping\366_M_eh.wav,burping/366_M_eh.wav,burping,train,4,time_stretch,"{""rate"":0.803592}",120,12488445232902215807,virtual:aug_b5bc90dd20c25f18a5b5
aug_96ce6edc19c126fffef8,rec_b1a98f3097eab9df6ff7,D:\INFANT CRY\data_set_dbl_split\train\burping\3608_M_eh.wav,burping/3608_M_eh.wav,burping,train,4,gaussian_noise,"{""noise_factor"":0.005475026}",121,6165422384447232563,virtual:aug_96ce6edc19c126fffef8
aug_887e00ba9abf7c22e1b6,rec_bec84197dab7554371b2,D:\INFANT CRY\data_set_dbl_split\train\burping\1546_M_eh.wav,burping/1546_M_eh.wav,burping,train,4,pitch_shift,"{""steps"":0.991714}",122,11347862838243461336,virtual:aug_887e00ba9abf7c22e1b6
aug_326d06f028b78f1b202e,rec_e4a56aeebd6a02551e95,D:\INFANT CRY\data_set_dbl_split\train\burping\290_F_eh.wav,burping/290_F_eh.wav,burping,train,4,pitch_shift,"{""steps"":-1.082638}",123,8708348391603366017,virtual:aug_326d06f028b78f1b202e
aug_84b1f75949e8bd06cc6c,rec_52dddcd2a42250d2ad7f,D:\INFANT CRY\data_set_dbl_split\train\burping\737_M_eh.wav,burping/737_M_eh.wav,burping,train,4,time_stretch,"{""rate"":1.118284}",124,5779877905558244215,virtual:aug_84b1f75949e8bd06cc6c
aug_72a23b2263ee22f576a0,rec_f270ae8ed465b729fd80,D:\INFANT CRY\data_set_dbl_split\train\burping\dunstan-eh_18.wav,burping/dunstan-eh_18.wav,burping,train,4,time_stretch,"{""rate"":0.911788}",125,1643301138892290412,virtual:aug_72a23b2263ee22f576a0
aug_1009e9f278e60aa3874f,rec_6e8b01d0c6ea27bce163,D:\INFANT CRY\data_set_dbl_split\train\burping\dunstan-eh_35.wav,burping/dunstan-eh_35.wav,burping,train,4,time_shift,"{""fraction"":-0.0034648}",126,3799392323605006526,virtual:aug_1009e9f278e60aa3874f
aug_8ec96f575b7823969dd2,rec_162b0019dde6878e5658,D:\INFANT CRY\data_set_dbl_split\train\burping\2808_M_eh.wav,burping/2808_M_eh.wav,burping,train,4,gaussian_noise,"{""noise_factor"":0.002168502}",127,8639429369014627894,virtual:aug_8ec96f575b7823969dd2
aug_e35673588e251675b151,rec_09745ee499f542515c18,D:\INFANT CRY\data_set_dbl_split\train\burping\223_M_eh.wav,burping/223_M_eh.wav,burping,train,4,pitch_shift,"{""steps"":2.032803}",128,17455533588959744814,virtual:aug_e35673588e251675b151
aug_54cad75027e90b609076,rec_fbef8f5e2003e3f7e55d,D:\INFANT CRY\data_set_dbl_split\train\burping\3163_F_eh.wav,burping/3163_F_eh.wav,burping,train,4,pitch_shift,"{""steps"":-1.899629}",129,5282451557785178575,virtual:aug_54cad75027e90b609076
aug_7fb601adaa76ed016e1b,rec_8405ff9deb2601ec3688,D:\INFANT CRY\data_set_dbl_split\train\burping\3263_F_eh.wav,burping/3263_F_eh.wav,burping,train,4,time_stretch,"{""rate"":1.205094}",130,4607810588709697643,virtual:aug_7fb601adaa76ed016e1b
aug_c5590fbb2ea05490001a,rec_af793bcc7a84612776fa,D:\INFANT CRY\data_set_dbl_split\train\burping\3777_M_eh.wav,burping/3777_M_eh.wav,burping,train,4,time_stretch,"{""rate"":0.798417}",131,15437863751981198291,virtual:aug_c5590fbb2ea05490001a
aug_3f8d6399df8e61600217,rec_5e12d4152f25c8285f27,D:\INFANT CRY\data_set_dbl_split\train\burping\000543_M_heh.wav,burping/000543_M_heh.wav,burping,train,4,gaussian_noise,"{""noise_factor"":0.00569617}",132,9346474513872482407,virtual:aug_3f8d6399df8e61600217
aug_df094341fbfdd3e22ed7,rec_b5c186f6a11ea24233fb,D:\INFANT CRY\data_set_dbl_split\train\burping\2272_M_eh.wav,burping/2272_M_eh.wav,burping,train,4,pitch_shift,"{""steps"":1.084934}",133,12950183594493814113,virtual:aug_df094341fbfdd3e22ed7
aug_c67ef8faf5d233ea8cbd,rec_1ea791cff25abaff0941,D:\INFANT CRY\data_set_dbl_split\train\burping\2111_M_eh.wav,burping/2111_M_eh.wav,burping,train,4,pitch_shift,"{""steps"":-0.960261}",134,5469730698151009816,virtual:aug_c67ef8faf5d233ea8cbd
aug_d773efcbdaf7df089ad7,rec_76c476f521e31ec4c31a,D:\INFANT CRY\data_set_dbl_split\train\burping\2203_F_eh.wav,burping/2203_F_eh.wav,burping,train,4,time_stretch,"{""rate"":1.081726}",135,12997304446243996908,virtual:aug_d773efcbdaf7df089ad7
aug_e0f86ef0c015dbb07469,rec_76d86ebe51c4717b2eef,D:\INFANT CRY\data_set_dbl_split\train\burping\3332_M_eh.wav,burping/3332_M_eh.wav,burping,train,4,time_stretch,"{""rate"":0.887492}",136,15135590194726420981,virtual:aug_e0f86ef0c015dbb07469
aug_1f6dfb83f7964a3e33af,rec_d87509cfc191a34d274c,D:\INFANT CRY\data_set_dbl_split\train\burping\4290_M_eh.wav,burping/4290_M_eh.wav,burping,train,4,time_shift,"{""fraction"":0.0672042}",137,12496420103780258427,virtual:aug_1f6dfb83f7964a3e33af
aug_c71f4bf7e574b209e07c,rec_9445293072e9382ce647,D:\INFANT CRY\data_set_dbl_split\train\burping\1460_M_eh.wav,burping/1460_M_eh.wav,burping,train,4,gaussian_noise,"{""noise_factor"":0.002332907}",138,13251715083374067019,virtual:aug_c71f4bf7e574b209e07c
aug_e826322703f295e7ac93,rec_695acf24f6b621bf6938,D:\INFANT CRY\data_set_dbl_split\train\burping\2185_M_eh.wav,burping/2185_M_eh.wav,burping,train,4,pitch_shift,"{""steps"":1.905753}",139,7070376833038732579,virtual:aug_e826322703f295e7ac93
aug_1b44bdcea97dd8740115,rec_e58eee6343a66a9607b3,D:\INFANT CRY\data_set_dbl_split\train\burping\67_M_eh.wav,burping/67_M_eh.wav,burping,train,4,pitch_shift,"{""steps"":-1.925852}",140,17267611368589534447,virtual:aug_1b44bdcea97dd8740115
aug_f6f42966fdc79497b68b,rec_0db4402c199757600dc5,D:\INFANT CRY\data_set_dbl_split\train\burping\dunstan-eh_9.wav,burping/dunstan-eh_9.wav,burping,train,4,time_stretch,"{""rate"":1.18223}",141,11218840571986662529,virtual:aug_f6f42966fdc79497b68b
aug_008e51cc39759986334c,rec_c34b88121001eab934e2,D:\INFANT CRY\data_set_dbl_split\train\burping\2915_M_eh.wav,burping/2915_M_eh.wav,burping,train,4,time_stretch,"{""rate"":0.79911}",142,10632698707491902626,virtual:aug_008e51cc39759986334c
aug_2e1483619025a21c0ec3,rec_8b1d545801964600f8e5,D:\INFANT CRY\data_set_dbl_split\train\burping\534_M_eh.wav,burping/534_M_eh.wav,burping,train,4,gaussian_noise,"{""noise_factor"":0.005289012}",143,7613671550772580643,virtual:aug_2e1483619025a21c0ec3
aug_33c0e7bdf21a77c534b6,rec_7f5f72cffacee5752ddb,D:\INFANT CRY\data_set_dbl_split\train\burping\3331_M_eh.wav,burping/3331_M_eh.wav,burping,train,4,pitch_shift,"{""steps"":0.933547}",144,11580501723029294458,virtual:aug_33c0e7bdf21a77c534b6
aug_d247012c8436a803a0e1,rec_91a8baa5de8351206dc1,D:\INFANT CRY\data_set_dbl_split\train\burping\1310_M_eh.wav,burping/1310_M_eh.wav,burping,train,4,pitch_shift,"{""steps"":-1.168}",145,4138948528801669592,virtual:aug_d247012c8436a803a0e1
aug_ec30bd7d41ebfaeb60bb,rec_d024232db85b2dd5abc3,D:\INFANT CRY\data_set_dbl_split\train\burping\3773_M_eh.wav,burping/3773_M_eh.wav,burping,train,4,time_stretch,"{""rate"":1.123227}",146,7072330213138851547,virtual:aug_ec30bd7d41ebfaeb60bb
aug_e4be312105984b7ca848,rec_30ab2bd552cfc2d7e12b,D:\INFANT CRY\data_set_dbl_split\train\burping\3184_M_eh.wav,burping/3184_M_eh.wav,burping,train,4,time_stretch,"{""rate"":0.90618}",147,14782596549228552061,virtual:aug_e4be312105984b7ca848
aug_fd68ea6f72d96b0f6082,rec_c02402c6d2a894138d12,D:\INFANT CRY\data_set_dbl_split\train\burping\2563_M_eh.wav,burping/2563_M_eh.wav,burping,train,4,time_shift,"{""fraction"":0.0727823}",148,2801902266705852123,virtual:aug_fd68ea6f72d96b0f6082
aug_b494bf38db2b54cbff8c,rec_4a0912eaadfeb8697716,D:\INFANT CRY\data_set_dbl_split\train\burping\2284_M_eh.wav,burping/2284_M_eh.wav,burping,train,4,gaussian_noise,"{""noise_factor"":0.002744003}",149,3845868697243862269,virtual:aug_b494bf38db2b54cbff8c
aug_b39b49c427bb1dabcaba,rec_7b7948d30dc8ee511ce2,D:\INFANT CRY\data_set_dbl_split\train\burping\1772_M_eh.wav,burping/1772_M_eh.wav,burping,train,4,pitch_shift,"{""steps"":2.042202}",150,35384335141168730,virtual:aug_b39b49c427bb1dabcaba
aug_58b594985bf75e4cdfab,rec_4cb288cfddc38ac25391,D:\INFANT CRY\data_set_dbl_split\train\burping\2369_M_eh.wav,burping/2369_M_eh.wav,burping,train,4,pitch_shift,"{""steps"":-2.081015}",151,17013401174974916338,virtual:aug_58b594985bf75e4cdfab
aug_8ce1623c45c16f58ee1a,rec_8cede20c0b7f85203c3e,D:\INFANT CRY\data_set_dbl_split\train\burping\799_M_eh.wav,burping/799_M_eh.wav,burping,train,4,time_stretch,"{""rate"":1.207342}",152,8261218323983074006,virtual:aug_8ce1623c45c16f58ee1a
aug_8f71446167b303a54c27,rec_5a2f75276513a19a7ebb,D:\INFANT CRY\data_set_dbl_split\train\burping\4216_M_eh.wav,burping/4216_M_eh.wav,burping,train,4,time_stretch,"{""rate"":0.795572}",153,17157521048871193263,virtual:aug_8f71446167b303a54c27
aug_5c75a30be5f8d9452c7e,rec_30cbe93e75857a181f3d,D:\INFANT CRY\data_set_dbl_split\train\burping\128_M_eh.wav,burping/128_M_eh.wav,burping,train,4,gaussian_noise,"{""noise_factor"":0.004287269}",154,17682832711167534084,virtual:aug_5c75a30be5f8d9452c7e
aug_d2bb88410bcfe7290f06,rec_459bb2953e87065146b1,D:\INFANT CRY\data_set_dbl_split\train\burping\1959_M_eh.wav,burping/1959_M_eh.wav,burping,train,4,pitch_shift,"{""steps"":0.823534}",155,4863787231440415956,virtual:aug_d2bb88410bcfe7290f06
aug_e468970986167499cdfa,rec_f2be0c0fdf45d429dfda,D:\INFANT CRY\data_set_dbl_split\train\burping\3680_M_eh.wav,burping/3680_M_eh.wav,burping,train,4,pitch_shift,"{""steps"":-0.855011}",156,7383967201790563994,virtual:aug_e468970986167499cdfa
aug_d4fdbae3d151998db98c,rec_24a396b9d014a05587a9,D:\INFANT CRY\data_set_dbl_split\train\burping\222_F_eh.wav,burping/222_F_eh.wav,burping,train,4,time_stretch,"{""rate"":1.112039}",157,11016329586422676447,virtual:aug_d4fdbae3d151998db98c
aug_983f9b2d50daf3281c1e,rec_8fa03b0b1122bc99fa71,D:\INFANT CRY\data_set_dbl_split\train\burping\3335_M_eh.wav,burping/3335_M_eh.wav,burping,train,4,time_stretch,"{""rate"":0.909153}",158,3668161089634276794,virtual:aug_983f9b2d50daf3281c1e
aug_f15e0a8b3dc73b0e7f41,rec_9f874a669b1439b8ba43,D:\INFANT CRY\data_set_dbl_split\train\burping\335_M_eh.wav,burping/335_M_eh.wav,burping,train,4,time_shift,"{""fraction"":0.0523875}",159,5281323028759661514,virtual:aug_f15e0a8b3dc73b0e7f41
aug_0cc349b8894145f42379,rec_ab271c0dd4cc9e6e5493,D:\INFANT CRY\data_set_dbl_split\train\burping\1189_M_eh.wav,burping/1189_M_eh.wav,burping,train,4,gaussian_noise,"{""noise_factor"":0.002545868}",160,4558821665630192274,virtual:aug_0cc349b8894145f42379
aug_e8a9150e0b0334945fa0,rec_b7dc41a5877cdafcdeba,D:\INFANT CRY\data_set_dbl_split\train\burping\3849_M_eh.wav,burping/3849_M_eh.wav,burping,train,4,pitch_shift,"{""steps"":1.926431}",161,9811752993610084027,virtual:aug_e8a9150e0b0334945fa0
aug_e174ee5ff302de04af2e,rec_c6008b28a57b1ad0c4a6,D:\INFANT CRY\data_set_dbl_split\train\burping\2312_M_eh.wav,burping/2312_M_eh.wav,burping,train,4,pitch_shift,"{""steps"":-1.843494}",162,15877023925452769511,virtual:aug_e174ee5ff302de04af2e
aug_d6a1da5dac3895db2b05,rec_ce6d33d9d80a390b5de1,D:\INFANT CRY\data_set_dbl_split\train\burping\4580_M_eh.wav,burping/4580_M_eh.wav,burping,train,4,time_stretch,"{""rate"":1.210325}",163,3944695495900755024,virtual:aug_d6a1da5dac3895db2b05
aug_cb43f3236568a8b1d12a,rec_565dd3342f1ac221607e,D:\INFANT CRY\data_set_dbl_split\train\burping\392_M_eh.wav,burping/392_M_eh.wav,burping,train,4,time_stretch,"{""rate"":0.820224}",164,16243205344482017876,virtual:aug_cb43f3236568a8b1d12a
aug_ad4960af4fba89fd87af,rec_e5053874909e75e7cdae,D:\INFANT CRY\data_set_dbl_split\train\burping\819_F_eh.wav,burping/819_F_eh.wav,burping,train,4,gaussian_noise,"{""noise_factor"":0.004331538}",165,15768805572493305773,virtual:aug_ad4960af4fba89fd87af
aug_9a89af791a24d6f5be44,rec_c1b61b57a04c76f19527,D:\INFANT CRY\data_set_dbl_split\train\burping\1246_M_eh.wav,burping/1246_M_eh.wav,burping,train,4,pitch_shift,"{""steps"":1.034972}",166,6283051245519056168,virtual:aug_9a89af791a24d6f5be44
aug_494e1b97552b99f99a02,rec_9a29e2de6a245ee391e5,D:\INFANT CRY\data_set_dbl_split\train\burping\1117_M_eh.wav,burping/1117_M_eh.wav,burping,train,4,pitch_shift,"{""steps"":-0.980315}",167,3205634302309240353,virtual:aug_494e1b97552b99f99a02
aug_6bb504ceac328bbfdb85,rec_8b38bc4b5e01d884ed1b,D:\INFANT CRY\data_set_dbl_split\train\burping\2238_M_eh.wav,burping/2238_M_eh.wav,burping,train,4,time_stretch,"{""rate"":1.090329}",168,11932992574982730892,virtual:aug_6bb504ceac328bbfdb85
aug_203a459aca5523e510a6,rec_410db454b737f8edd207,D:\INFANT CRY\data_set_dbl_split\train\burping\dunstan-eh_36.wav,burping/dunstan-eh_36.wav,burping,train,4,time_stretch,"{""rate"":0.903957}",169,9438829390550564690,virtual:aug_203a459aca5523e510a6
aug_f524d678535fada0a418,rec_e64ed0451cdefb147b9a,D:\INFANT CRY\data_set_dbl_split\train\burping\2458_M_eh.wav,burping/2458_M_eh.wav,burping,train,4,time_shift,"{""fraction"":0.0418256}",170,17693914262282620393,virtual:aug_f524d678535fada0a418
aug_4c72e1fcfb1147f26142,rec_3b0dbc0e1235864017ad,D:\INFANT CRY\data_set_dbl_split\train\burping\3731_M_eh.wav,burping/3731_M_eh.wav,burping,train,4,gaussian_noise,"{""noise_factor"":0.00261668}",171,6700924024648016153,virtual:aug_4c72e1fcfb1147f26142
aug_8a85756dfac3bf95fdf1,rec_c22dd02b85a1df5c8c4e,D:\INFANT CRY\data_set_dbl_split\train\burping\dunstan-eh_65.wav,burping/dunstan-eh_65.wav,burping,train,4,pitch_shift,"{""steps"":1.895768}",172,16989224888988332914,virtual:aug_8a85756dfac3bf95fdf1
aug_13347f802280d086e834,rec_1050c2655280d54aa3a4,D:\INFANT CRY\data_set_dbl_split\train\burping\225_F_eh.wav,burping/225_F_eh.wav,burping,train,4,pitch_shift,"{""steps"":-2.070876}",173,10747441398339276993,virtual:aug_13347f802280d086e834
aug_5597ef30964e38ebde39,rec_c2d0c914aa634399fe02,D:\INFANT CRY\data_set_dbl_split\train\burping\3681_M_eh.wav,burping/3681_M_eh.wav,burping,train,4,time_stretch,"{""rate"":1.217844}",174,12670331645444762922,virtual:aug_5597ef30964e38ebde39
aug_012987e225dbc697bdfb,rec_06e84e6f511e879851ca,D:\INFANT CRY\data_set_dbl_split\train\burping\1677_M_eh.wav,burping/1677_M_eh.wav,burping,train,4,time_stretch,"{""rate"":0.79727}",175,15668567899860346270,virtual:aug_012987e225dbc697bdfb
aug_f7099e72a4776851ce13,rec_3dff757b4adba1651a52,D:\INFANT CRY\data_set_dbl_split\train\burping\1280_M_eh.wav,burping/1280_M_eh.wav,burping,train,4,gaussian_noise,"{""noise_factor"":0.004405131}",176,8319920935795953881,virtual:aug_f7099e72a4776851ce13
aug_334d982b5adf85f1e00c,rec_01751ebd954ebf0cc37a,D:\INFANT CRY\data_set_dbl_split\train\burping\2911_M_eh.wav,burping/2911_M_eh.wav,burping,train,4,pitch_shift,"{""steps"":1.163824}",177,3866601939915513652,virtual:aug_334d982b5adf85f1e00c
aug_6865e7292359fec7740e,rec_38acc274e71f1ffa3d26,D:\INFANT CRY\data_set_dbl_split\train\burping\2083_M_eh.wav,burping/2083_M_eh.wav,burping,train,4,pitch_shift,"{""steps"":-1.025001}",178,7768424729154744290,virtual:aug_6865e7292359fec7740e
aug_68e1473db357ca4064f9,rec_a24e5a4c484b184c3af7,D:\INFANT CRY\data_set_dbl_split\train\burping\2164_M_eh.wav,burping/2164_M_eh.wav,burping,train,4,time_stretch,"{""rate"":1.118567}",179,10031848181537815010,virtual:aug_68e1473db357ca4064f9
aug_bb94c8afe5ac78413b86,rec_d09abe4d0ed175d6bc7b,D:\INFANT CRY\data_set_dbl_split\train\burping\1404_F_eh.wav,burping/1404_F_eh.wav,burping,train,4,time_stretch,"{""rate"":0.907676}",180,590270214777691435,virtual:aug_bb94c8afe5ac78413b86
aug_22764a5f432b0432ffa1,rec_f951c9cb890a00ed11b1,D:\INFANT CRY\data_set_dbl_split\train\burping\383_M_eh.wav,burping/383_M_eh.wav,burping,train,4,time_shift,"{""fraction"":0.003706}",181,5672722801723626502,virtual:aug_22764a5f432b0432ffa1
aug_99b84a328762a1e10170,rec_1fa454041cb2b6209768,D:\INFANT CRY\data_set_dbl_split\train\burping\691_M_eh.wav,burping/691_M_eh.wav,burping,train,4,gaussian_noise,"{""noise_factor"":0.002733594}",182,10367946448282145659,virtual:aug_99b84a328762a1e10170
aug_5bb693737de42ad98c09,rec_ff477dacfaa3059546f6,D:\INFANT CRY\data_set_dbl_split\train\burping\4846_M_eh.wav,burping/4846_M_eh.wav,burping,train,4,pitch_shift,"{""steps"":2.092461}",183,13157128637002805188,virtual:aug_5bb693737de42ad98c09
aug_a68f0d7bb56ae67b76d6,rec_321aefb0aa457ba0707e,D:\INFANT CRY\data_set_dbl_split\train\burping\901_M_eh.wav,burping/901_M_eh.wav,burping,train,4,pitch_shift,"{""steps"":-2.121282}",184,16273284490221216446,virtual:aug_a68f0d7bb56ae67b76d6
aug_9ca9b14f0627e4755215,rec_595c7bd988437435705e,D:\INFANT CRY\data_set_dbl_split\train\burping\3187_M_eh.wav,burping/3187_M_eh.wav,burping,train,4,time_stretch,"{""rate"":1.199789}",185,7530475165883319218,virtual:aug_9ca9b14f0627e4755215
aug_ddb914e4caa0b736fa51,rec_7d6aa6a7af750f0245fb,D:\INFANT CRY\data_set_dbl_split\train\burping\4321_M_eh.wav,burping/4321_M_eh.wav,burping,train,4,time_stretch,"{""rate"":0.816004}",186,12546113634097935643,virtual:aug_ddb914e4caa0b736fa51
aug_dc00c45dc5ff573f5ee8,rec_bd56e50f20a08c95889b,D:\INFANT CRY\data_set_dbl_split\train\burping\dunstan-eh_6.wav,burping/dunstan-eh_6.wav,burping,train,4,gaussian_noise,"{""noise_factor"":0.004563219}",187,656074047714775034,virtual:aug_dc00c45dc5ff573f5ee8
aug_25d590bfd3ef98672d27,rec_165d844150d1c38e7964,D:\INFANT CRY\data_set_dbl_split\train\burping\dunstan-eh_4.wav,burping/dunstan-eh_4.wav,burping,train,4,pitch_shift,"{""steps"":0.853894}",188,11407717922732453203,virtual:aug_25d590bfd3ef98672d27
aug_105a1645069b36f4c656,rec_c2ca957db2b55f01ab5b,D:\INFANT CRY\data_set_dbl_split\train\burping\642_M_eh.wav,burping/642_M_eh.wav,burping,train,4,pitch_shift,"{""steps"":-0.904226}",189,10255938992482757645,virtual:aug_105a1645069b36f4c656
aug_97ca78e939c82e95d40f,rec_8e1af1b14f5eefa2208e,D:\INFANT CRY\data_set_dbl_split\train\burping\103_M_eh.wav,burping/103_M_eh.wav,burping,train,4,time_stretch,"{""rate"":1.09211}",190,17902460488151898658,virtual:aug_97ca78e939c82e95d40f
aug_62481eec13422227bbc9,rec_c2521e9b1d58c3fbb0cb,D:\INFANT CRY\data_set_dbl_split\train\burping\1103_M_eh.wav,burping/1103_M_eh.wav,burping,train,4,time_stretch,"{""rate"":0.891117}",191,6025020173520182490,virtual:aug_62481eec13422227bbc9
aug_440608ac364b42e0165a,rec_3c97921405d8a84e3340,D:\INFANT CRY\data_set_dbl_split\train\burping\109_F_eh.wav,burping/109_F_eh.wav,burping,train,4,time_shift,"{""fraction"":-0.0779677}",192,7617176544232431276,virtual:aug_440608ac364b42e0165a
aug_c43ed7d990b11f7e639e,rec_0c8740c205058cc13c73,D:\INFANT CRY\data_set_dbl_split\train\burping\4473_M_eh.wav,burping/4473_M_eh.wav,burping,train,4,gaussian_noise,"{""noise_factor"":0.002662455}",193,11740848658538989976,virtual:aug_c43ed7d990b11f7e639e
aug_0f565fd446bec6d318ac,rec_e890ba788c3dcf653f72,D:\INFANT CRY\data_set_dbl_split\train\burping\3429_F_eh.wav,burping/3429_F_eh.wav,burping,train,4,pitch_shift,"{""steps"":1.854035}",194,11342855563062059646,virtual:aug_0f565fd446bec6d318ac
aug_a3873fbe6ac7af9d43d2,rec_c486f7a4a819eb438fe8,D:\INFANT CRY\data_set_dbl_split\train\burping\2959_M_eh.wav,burping/2959_M_eh.wav,burping,train,4,pitch_shift,"{""steps"":-2.151476}",195,4304602140103892853,virtual:aug_a3873fbe6ac7af9d43d2
aug_5fddbe15782e4856e1c1,rec_1113b5c1927b463e6187,D:\INFANT CRY\data_set_dbl_split\train\burping\1928_M_eh.wav,burping/1928_M_eh.wav,burping,train,4,time_stretch,"{""rate"":1.184636}",196,4543928434279064570,virtual:aug_5fddbe15782e4856e1c1
aug_f484dc78062b64707c99,rec_04dc1bc529be34e2194f,D:\INFANT CRY\data_set_dbl_split\train\burping\3977_F_eh.wav,burping/3977_F_eh.wav,burping,train,4,time_stretch,"{""rate"":0.775685}",197,1302888154158740303,virtual:aug_f484dc78062b64707c99
aug_a8aabf0d252552bbb50c,rec_a3b246b844a903219afc,D:\INFANT CRY\data_set_dbl_split\train\burping\336_F_eh.wav,burping/336_F_eh.wav,burping,train,4,gaussian_noise,"{""noise_factor"":0.005496304}",198,14750699747283607640,virtual:aug_a8aabf0d252552bbb50c
aug_228ea5023d0ee37d502f,rec_296b5aff467704fad7f9,D:\INFANT CRY\data_set_dbl_split\train\burping\4544_F_eh.wav,burping/4544_F_eh.wav,burping,train,4,pitch_shift,"{""steps"":0.937082}",199,13264039410864296464,virtual:aug_228ea5023d0ee37d502f
aug_2e1bcc3a0521e99c620f,rec_4bf2222acdcc1b555881,D:\INFANT CRY\data_set_dbl_split\train\burping\537_M_eh.wav,burping/537_M_eh.wav,burping,train,4,pitch_shift,"{""steps"":-1.193651}",200,14920030016183029249,virtual:aug_2e1bcc3a0521e99c620f
aug_35aacdbd3ce687d5557a,rec_f00e486b5bb01e917fd5,D:\INFANT CRY\data_set_dbl_split\train\burping\2759_M_eh.wav,burping/2759_M_eh.wav,burping,train,4,time_stretch,"{""rate"":1.116379}",201,7148947864880072814,virtual:aug_35aacdbd3ce687d5557a
aug_fd375cbded1e35dc6b06,rec_8c5fd3a4d20e6ed75f42,D:\INFANT CRY\data_set_dbl_split\train\burping\2870_F_eh.wav,burping/2870_F_eh.wav,burping,train,4,time_stretch,"{""rate"":0.919482}",202,9637160990062482008,virtual:aug_fd375cbded1e35dc6b06
aug_c6eb0fc6a037134a7378,rec_1ce241cf7686f94b3a25,D:\INFANT CRY\data_set_dbl_split\train\burping\000124_M_eh.wav,burping/000124_M_eh.wav,burping,train,4,time_shift,"{""fraction"":0.0618471}",203,10878367681195165464,virtual:aug_c6eb0fc6a037134a7378
aug_20c6703495fc9b6c6395,rec_6b454294a8664471f946,D:\INFANT CRY\data_set_dbl_split\train\burping\3153_F_eh.wav,burping/3153_F_eh.wav,burping,train,4,gaussian_noise,"{""noise_factor"":0.002595867}",204,18004573731021847017,virtual:aug_20c6703495fc9b6c6395
aug_6120d4f31c14d49401a3,rec_08e93b1ae68a5813da75,D:\INFANT CRY\data_set_dbl_split\train\burping\3641_M_eh.wav,burping/3641_M_eh.wav,burping,train,4,pitch_shift,"{""steps"":1.807889}",205,13172982676243783993,virtual:aug_6120d4f31c14d49401a3
aug_fefc5cc7fc5381939078,rec_9bc21230f02ca1056bac,D:\INFANT CRY\data_set_dbl_split\train\burping\4881_M_eh.wav,burping/4881_M_eh.wav,burping,train,4,pitch_shift,"{""steps"":-2.026247}",206,4961485453769719447,virtual:aug_fefc5cc7fc5381939078
aug_3ce15408f95ac8d6d9b9,rec_0243d0e4f1276ccf9ce1,D:\INFANT CRY\data_set_dbl_split\train\burping\4389_F_eh.wav,burping/4389_F_eh.wav,burping,train,4,time_stretch,"{""rate"":1.19597}",207,4187521924516391521,virtual:aug_3ce15408f95ac8d6d9b9
aug_76287f77ce3855679c81,rec_d44661adfd4d790a00cd,D:\INFANT CRY\data_set_dbl_split\train\burping\1964_M_eh.wav,burping/1964_M_eh.wav,burping,train,4,time_stretch,"{""rate"":0.786084}",208,12275629192611956942,virtual:aug_76287f77ce3855679c81
aug_add858d615a3b7b03430,rec_ce25498c6756bcb99abd,D:\INFANT CRY\data_set_dbl_split\train\burping\1228_M_eh.wav,burping/1228_M_eh.wav,burping,train,4,gaussian_noise,"{""noise_factor"":0.004644738}",209,1138034793069172054,virtual:aug_add858d615a3b7b03430
aug_5b08e2bb8159a972b34a,rec_1eb9fd4af465d3df769d,D:\INFANT CRY\data_set_dbl_split\train\burping\306_M_eh.wav,burping/306_M_eh.wav,burping,train,4,pitch_shift,"{""steps"":1.095916}",210,15104469141713966051,virtual:aug_5b08e2bb8159a972b34a
aug_5602262f9582b94bb9b4,rec_85edc8f84763e4037032,D:\INFANT CRY\data_set_dbl_split\train\burping\1679_F_eh.wav,burping/1679_F_eh.wav,burping,train,4,pitch_shift,"{""steps"":-0.874082}",211,11412185762597040902,virtual:aug_5602262f9582b94bb9b4
aug_2afa1f80e97d550f2f2e,rec_c406d6a42a64a393f607,D:\INFANT CRY\data_set_dbl_split\train\burping\3828_M_eh.wav,burping/3828_M_eh.wav,burping,train,4,time_stretch,"{""rate"":1.108575}",212,10805651476699781476,virtual:aug_2afa1f80e97d550f2f2e
aug_eba6c79761bafc446e5a,rec_eebb212fc609ed557451,D:\INFANT CRY\data_set_dbl_split\train\burping\463_M_eh.wav,burping/463_M_eh.wav,burping,train,4,time_stretch,"{""rate"":0.885209}",213,15701023643079751905,virtual:aug_eba6c79761bafc446e5a
aug_bc7545822b28101e9005,rec_02ded2dafd9c65710523,D:\INFANT CRY\data_set_dbl_split\train\burping\3414_M_eh.wav,burping/3414_M_eh.wav,burping,train,4,time_shift,"{""fraction"":-0.0873432}",214,13179652450256227237,virtual:aug_bc7545822b28101e9005
aug_74e098943c43f46c03c5,rec_d88b00f668e179d44ac0,D:\INFANT CRY\data_set_dbl_split\train\burping\2546_F_eh.wav,burping/2546_F_eh.wav,burping,train,4,gaussian_noise,"{""noise_factor"":0.00262026}",215,14551742875092086490,virtual:aug_74e098943c43f46c03c5
aug_a28e3523ee0a023386f7,rec_d138f7e7049b5fee47f8,D:\INFANT CRY\data_set_dbl_split\train\burping\4177_M_eh.wav,burping/4177_M_eh.wav,burping,train,4,pitch_shift,"{""steps"":2.116301}",216,6882208287094044532,virtual:aug_a28e3523ee0a023386f7
aug_56c526a06bf623e03991,rec_9d65a63ce58da021c946,D:\INFANT CRY\data_set_dbl_split\train\burping\45_M_eh.wav,burping/45_M_eh.wav,burping,train,4,pitch_shift,"{""steps"":-2.189274}",217,17115205051664511628,virtual:aug_56c526a06bf623e03991
aug_4db0a0f7608a7aa5539a,rec_f4fd052ddfb5de0888a3,D:\INFANT CRY\data_set_dbl_split\train\burping\2638_F_eh.wav,burping/2638_F_eh.wav,burping,train,4,time_stretch,"{""rate"":1.186826}",218,7683537488581363760,virtual:aug_4db0a0f7608a7aa5539a
aug_af5521bdb55af3e2e234,rec_812a143c52108fd80d82,D:\INFANT CRY\data_set_dbl_split\train\burping\2106_M_eh.wav,burping/2106_M_eh.wav,burping,train,4,time_stretch,"{""rate"":0.804267}",219,9272018785535394984,virtual:aug_af5521bdb55af3e2e234
aug_d1a00e657e590ea72752,rec_5a1f57001a9a5cb17ad8,D:\INFANT CRY\data_set_dbl_split\train\burping\127_F_eh.wav,burping/127_F_eh.wav,burping,train,4,gaussian_noise,"{""noise_factor"":0.004272844}",220,5284649808394030952,virtual:aug_d1a00e657e590ea72752
aug_ac9d8a74654f15a8ae7b,rec_010c54dba3c33a235f36,D:\INFANT CRY\data_set_dbl_split\train\burping\dunstan-eh_56.wav,burping/dunstan-eh_56.wav,burping,train,4,pitch_shift,"{""steps"":1.081185}",221,13770404014450039919,virtual:aug_ac9d8a74654f15a8ae7b
aug_ff77d0327f2bac84c679,rec_8c0c8f04ded4a4ce7a12,D:\INFANT CRY\data_set_dbl_split\train\burping\1999_M_eh.wav,burping/1999_M_eh.wav,burping,train,4,pitch_shift,"{""steps"":-1.061054}",222,7711586412627975316,virtual:aug_ff77d0327f2bac84c679
aug_b55b5626072231c65367,rec_4c788d6451459c6d7475,D:\INFANT CRY\data_set_dbl_split\train\burping\231_M_eh.wav,burping/231_M_eh.wav,burping,train,4,time_stretch,"{""rate"":1.082216}",223,14752635611259479817,virtual:aug_b55b5626072231c65367
aug_79254b659b782a9c13cc,rec_dcac3876bf6880c602d4,D:\INFANT CRY\data_set_dbl_split\train\burping\3754_M_eh.wav,burping/3754_M_eh.wav,burping,train,4,time_stretch,"{""rate"":0.914257}",224,9878892932794717112,virtual:aug_79254b659b782a9c13cc
aug_49dc8c76a3030215c77d,rec_0a4b374c52ad48552c98,D:\INFANT CRY\data_set_dbl_split\train\burping\dunstan-eh_44.wav,burping/dunstan-eh_44.wav,burping,train,4,time_shift,"{""fraction"":-0.0505876}",225,5561460803508929422,virtual:aug_49dc8c76a3030215c77d
aug_5bf7e6e9cdf312a77321,rec_398f102ae45404e1b33a,D:\INFANT CRY\data_set_dbl_split\train\burping\3948_M_eh.wav,burping/3948_M_eh.wav,burping,train,4,gaussian_noise,"{""noise_factor"":0.002805503}",226,9704505211343957342,virtual:aug_5bf7e6e9cdf312a77321
aug_bf1ca31004ceeb152c8a,rec_fef045ea86ed1d26ca57,D:\INFANT CRY\data_set_dbl_split\train\burping\855_M_eh.wav,burping/855_M_eh.wav,burping,train,4,pitch_shift,"{""steps"":1.963015}",227,7930482066824269518,virtual:aug_bf1ca31004ceeb152c8a
aug_07bc63dce66112bdaec7,rec_fbd8c164275be77b1eeb,D:\INFANT CRY\data_set_dbl_split\train\burping\3420_M_eh.wav,burping/3420_M_eh.wav,burping,train,4,pitch_shift,"{""steps"":-1.937509}",228,1663070943961260693,virtual:aug_07bc63dce66112bdaec7
aug_1da9722213a56540042d,rec_cbd1060a831248d1b42f,D:\INFANT CRY\data_set_dbl_split\train\burping\1862_M_eh.wav,burping/1862_M_eh.wav,burping,train,4,time_stretch,"{""rate"":1.195387}",229,15747847348801401035,virtual:aug_1da9722213a56540042d
aug_a8d103150dbe0842f715,rec_98dbc8f48996f1a11dcf,D:\INFANT CRY\data_set_dbl_split\train\burping\739_M_eh.wav,burping/739_M_eh.wav,burping,train,4,time_stretch,"{""rate"":0.816963}",230,4052773620167864602,virtual:aug_a8d103150dbe0842f715
aug_6d8e9f58a7585eea4abb,rec_10d0435f16610463b458,D:\INFANT CRY\data_set_dbl_split\train\burping\1280_F_eh.wav,burping/1280_F_eh.wav,burping,train,4,gaussian_noise,"{""noise_factor"":0.005017354}",231,355388653643150697,virtual:aug_6d8e9f58a7585eea4abb
aug_177e211ab1cc74e61693,rec_e1b10e6688978884e8d9,D:\INFANT CRY\data_set_dbl_split\train\burping\dunstan-eh_67.wav,burping/dunstan-eh_67.wav,burping,train,4,pitch_shift,"{""steps"":0.955677}",232,8693407976105402105,virtual:aug_177e211ab1cc74e61693
aug_98b2ab9e36a2ceec32d0,rec_6bfb452e0fb288f7e4b1,D:\INFANT CRY\data_set_dbl_split\train\burping\915_F_eh.wav,burping/915_F_eh.wav,burping,train,4,pitch_shift,"{""steps"":-0.960469}",233,344357073982667513,virtual:aug_98b2ab9e36a2ceec32d0
aug_ca2ff9b3f8f7fc7914be,rec_68fb76bcaf4df28e1d35,D:\INFANT CRY\data_set_dbl_split\train\burping\dunstan-eh_29.wav,burping/dunstan-eh_29.wav,burping,train,4,time_stretch,"{""rate"":1.122323}",234,18342029726756678566,virtual:aug_ca2ff9b3f8f7fc7914be
aug_8b28b2aaf91e48338427,rec_829c72de849282995758,D:\INFANT CRY\data_set_dbl_split\train\burping\dunstan-eh_68.wav,burping/dunstan-eh_68.wav,burping,train,4,time_stretch,"{""rate"":0.89209}",235,7168957334783901170,virtual:aug_8b28b2aaf91e48338427
aug_5fce3669abefc880fb51,rec_c65736eefe0e47e5bb86,D:\INFANT CRY\data_set_dbl_split\train\burping\1807_M_eh.wav,burping/1807_M_eh.wav,burping,train,4,time_shift,"{""fraction"":-0.0885865}",236,17329343492532853676,virtual:aug_5fce3669abefc880fb51
aug_90ddcbcd2dd531ca30a0,rec_583b16956c6c814d67fe,D:\INFANT CRY\data_set_dbl_split\train\burping\3033_M_eh.wav,burping/3033_M_eh.wav,burping,train,4,gaussian_noise,"{""noise_factor"":0.002827956}",237,7187247802231374480,virtual:aug_90ddcbcd2dd531ca30a0
aug_65500894838c1e066369,rec_e4598b934b1a48c6adb8,D:\INFANT CRY\data_set_dbl_split\train\burping\4298_F_eh.wav,burping/4298_F_eh.wav,burping,train,4,pitch_shift,"{""steps"":2.167814}",238,15892135392543385461,virtual:aug_65500894838c1e066369
aug_698d37a7b8f38b9ebbc6,rec_ae241ae526411ad2be05,D:\INFANT CRY\data_set_dbl_split\train\burping\3233_M_eh.wav,burping/3233_M_eh.wav,burping,train,4,pitch_shift,"{""steps"":-1.847611}",239,8438732834847106502,virtual:aug_698d37a7b8f38b9ebbc6
aug_a7e2cf9daaa96d5223dc,rec_c7455d306ae46d35e2fd,D:\INFANT CRY\data_set_dbl_split\train\burping\3192_M_eh.wav,burping/3192_M_eh.wav,burping,train,4,time_stretch,"{""rate"":1.184212}",240,10697459039358404800,virtual:aug_a7e2cf9daaa96d5223dc
aug_463114d78084d402ed9d,rec_cb791979b42c6631a24b,D:\INFANT CRY\data_set_dbl_split\train\burping\919_M_eh.wav,burping/919_M_eh.wav,burping,train,4,time_stretch,"{""rate"":0.812596}",241,10556675586000288914,virtual:aug_463114d78084d402ed9d
aug_6778d1fd3ef6de62d00d,rec_8f1e43e0b3db4c9b7bd1,D:\INFANT CRY\data_set_dbl_split\train\burping\3009_M_eh.wav,burping/3009_M_eh.wav,burping,train,4,gaussian_noise,"{""noise_factor"":0.005682153}",242,17835268179536500834,virtual:aug_6778d1fd3ef6de62d00d
aug_bd6fe58f10530beac9d8,rec_059855a7dd9bebe2345c,D:\INFANT CRY\data_set_dbl_split\train\burping\dunstan-eh_42.wav,burping/dunstan-eh_42.wav,burping,train,4,pitch_shift,"{""steps"":0.957407}",243,17395188583348289820,virtual:aug_bd6fe58f10530beac9d8
aug_0ae88e1bcfb3e10f94c1,rec_e3f5a660e3b815100438,D:\INFANT CRY\data_set_dbl_split\train\burping\3350_M_eh.wav,burping/3350_M_eh.wav,burping,train,4,pitch_shift,"{""steps"":-0.821063}",244,1759399866959519963,virtual:aug_0ae88e1bcfb3e10f94c1
aug_feb2237bd0cc211fb4ed,rec_f563132c4a35d9e664db,D:\INFANT CRY\data_set_dbl_split\train\burping\3471_M_eh.wav,burping/3471_M_eh.wav,burping,train,4,time_stretch,"{""rate"":1.095544}",245,4969109636375340239,virtual:aug_feb2237bd0cc211fb4ed
aug_40222ebf4530fb4ac497,rec_7d9becd3a9a4b0da6a50,D:\INFANT CRY\data_set_dbl_split\train\burping\2117_M_eh.wav,burping/2117_M_eh.wav,burping,train,4,time_stretch,"{""rate"":0.913535}",246,5575334520859769428,virtual:aug_40222ebf4530fb4ac497
aug_9896751ded5d830ae67e,rec_69a30e7d7377d2349a7e,D:\INFANT CRY\data_set_dbl_split\train\burping\3070_M_eh.wav,burping/3070_M_eh.wav,burping,train,4,time_shift,"{""fraction"":-0.0941213}",247,1537292883153035171,virtual:aug_9896751ded5d830ae67e
aug_bf7b5719079ff7efe98a,rec_ec599e0cd6f23f0d78c2,D:\INFANT CRY\data_set_dbl_split\train\burping\3663_F_eh.wav,burping/3663_F_eh.wav,burping,train,4,gaussian_noise,"{""noise_factor"":0.002445129}",248,9245549271303364143,virtual:aug_bf7b5719079ff7efe98a
aug_edfe1b955cefe69f0913,rec_1b0eec91879fb66550c3,D:\INFANT CRY\data_set_dbl_split\train\burping\151_F_eh.wav,burping/151_F_eh.wav,burping,train,4,pitch_shift,"{""steps"":2.095946}",249,701055935829431189,virtual:aug_edfe1b955cefe69f0913
aug_5a63249c835988be3e9a,rec_fd4381d8731ddf4435b8,D:\INFANT CRY\data_set_dbl_split\train\burping\dunstan-eh_25.wav,burping/dunstan-eh_25.wav,burping,train,4,pitch_shift,"{""steps"":-2.007345}",250,12891360223859166443,virtual:aug_5a63249c835988be3e9a
aug_a6f723cb98121a512a03,rec_bdbf83ffad21ba24d2b2,D:\INFANT CRY\data_set_dbl_split\train\burping\4698_M_eh.wav,burping/4698_M_eh.wav,burping,train,4,time_stretch,"{""rate"":1.187207}",251,17401239711865086738,virtual:aug_a6f723cb98121a512a03
aug_704723520f789010827e,rec_dc82cc7fca4fce70a058,D:\INFANT CRY\data_set_dbl_split\train\burping\4894_M_eh.wav,burping/4894_M_eh.wav,burping,train,4,time_stretch,"{""rate"":0.800671}",252,12995623454541929942,virtual:aug_704723520f789010827e
aug_39521fb7cd1bc7bc7855,rec_adbe9b64dc28a2d959a6,D:\INFANT CRY\data_set_dbl_split\train\burping\2793_M_eh.wav,burping/2793_M_eh.wav,burping,train,4,gaussian_noise,"{""noise_factor"":0.005469867}",253,15512681870579991634,virtual:aug_39521fb7cd1bc7bc7855
aug_c6b511bb7a90c2ad3ee1,rec_eee5eed2ae78b50ca38d,D:\INFANT CRY\data_set_dbl_split\train\burping\1060_M_eh.wav,burping/1060_M_eh.wav,burping,train,4,pitch_shift,"{""steps"":1.043016}",254,3330327979504631603,virtual:aug_c6b511bb7a90c2ad3ee1
aug_2c1b985f45e18a0f206d,rec_180d2118e85a66b32a32,D:\INFANT CRY\data_set_dbl_split\train\burping\805_M_eh.wav,burping/805_M_eh.wav,burping,train,4,pitch_shift,"{""steps"":-0.868882}",255,12048294344940438054,virtual:aug_2c1b985f45e18a0f206d
aug_9830dc1fa50dd473aaf3,rec_28f10489f167e0cf28ed,D:\INFANT CRY\data_set_dbl_split\train\burping\3269_F_eh.wav,burping/3269_F_eh.wav,burping,train,4,time_stretch,"{""rate"":1.098344}",256,2549551137865099942,virtual:aug_9830dc1fa50dd473aaf3
aug_6c0fedf30c15d801f074,rec_d9fc0f1da80ad4b55ac5,D:\INFANT CRY\data_set_dbl_split\train\burping\2631_M_eh.wav,burping/2631_M_eh.wav,burping,train,4,time_stretch,"{""rate"":0.905715}",257,13105880804991131812,virtual:aug_6c0fedf30c15d801f074
aug_75b50efaa7a06cd26e06,rec_858f3231bf9c42fefa83,D:\INFANT CRY\data_set_dbl_split\train\burping\1882_M_eh.wav,burping/1882_M_eh.wav,burping,train,4,time_shift,"{""fraction"":-0.0239797}",258,3211219023248622212,virtual:aug_75b50efaa7a06cd26e06
aug_558d262d907b1faa338d,rec_9a232059ad8ce3d58fa8,D:\INFANT CRY\data_set_dbl_split\train\burping\3429_M_eh.wav,burping/3429_M_eh.wav,burping,train,4,gaussian_noise,"{""noise_factor"":0.002741353}",259,6784103743219089960,virtual:aug_558d262d907b1faa338d
aug_3ab086a326474c458b59,rec_647be7ff75e4bcb282e3,D:\INFANT CRY\data_set_dbl_split\train\burping\2159_M_eh.wav,burping/2159_M_eh.wav,burping,train,4,pitch_shift,"{""steps"":1.852034}",260,267883675785459536,virtual:aug_3ab086a326474c458b59
aug_1a38e7bc79da1b344e2d,rec_c30ffcebec910157af48,D:\INFANT CRY\data_set_dbl_split\train\discomfort\1196_M_heh.wav,discomfort/1196_M_heh.wav,discomfort,train,4,gaussian_noise,"{""noise_factor"":0.004758368}",0,1361021458211537745,virtual:aug_1a38e7bc79da1b344e2d
aug_eb94fb320001408f335d,rec_6ad89027638c1a776894,D:\INFANT CRY\data_set_dbl_split\train\discomfort\4228_M_heh.wav,discomfort/4228_M_heh.wav,discomfort,train,4,pitch_shift,"{""steps"":0.959125}",1,11792455784292180926,virtual:aug_eb94fb320001408f335d
aug_163827425ad14985f774,rec_3f52b4d2fc987b097465,D:\INFANT CRY\data_set_dbl_split\train\discomfort\362_M_heh.wav,discomfort/362_M_heh.wav,discomfort,train,4,pitch_shift,"{""steps"":-1.144579}",2,16032706231430389955,virtual:aug_163827425ad14985f774
aug_bc388ed4215a4d1c54ca,rec_170a61ba4bff3a2d5277,D:\INFANT CRY\data_set_dbl_split\train\discomfort\2526_M_heh.wav,discomfort/2526_M_heh.wav,discomfort,train,4,time_stretch,"{""rate"":1.097418}",3,16753604180949781712,virtual:aug_bc388ed4215a4d1c54ca
aug_c516e6cda0ab5af5d77f,rec_a7a1cff4c1b04c4a0a73,D:\INFANT CRY\data_set_dbl_split\train\discomfort\3992_M_heh.wav,discomfort/3992_M_heh.wav,discomfort,train,4,time_stretch,"{""rate"":0.882471}",4,2168133796937821911,virtual:aug_c516e6cda0ab5af5d77f
aug_7ca2d7cf5a2ab73d5e11,rec_535c552a0776b718850f,D:\INFANT CRY\data_set_dbl_split\train\discomfort\1266_M_heh.wav,discomfort/1266_M_heh.wav,discomfort,train,4,time_shift,"{""fraction"":-0.0123629}",5,3321246089440257220,virtual:aug_7ca2d7cf5a2ab73d5e11
aug_070f27094b26f95f1675,rec_f4d28e0fc9542a590b34,D:\INFANT CRY\data_set_dbl_split\train\discomfort\3844_M_heh.wav,discomfort/3844_M_heh.wav,discomfort,train,4,gaussian_noise,"{""noise_factor"":0.002205576}",6,5197160926546803822,virtual:aug_070f27094b26f95f1675
aug_4e366d6dfdeaeef05019,rec_a446a8a4d062af8dda1b,D:\INFANT CRY\data_set_dbl_split\train\discomfort\dunstan-heh_15.wav,discomfort/dunstan-heh_15.wav,discomfort,train,4,pitch_shift,"{""steps"":2.008208}",7,5514785694023200134,virtual:aug_4e366d6dfdeaeef05019
aug_39cc4e90ed71a98e9851,rec_0added8756718f697995,D:\INFANT CRY\data_set_dbl_split\train\discomfort\2085_M_heh.wav,discomfort/2085_M_heh.wav,discomfort,train,4,pitch_shift,"{""steps"":-2.053799}",8,1116500317273034259,virtual:aug_39cc4e90ed71a98e9851
aug_09af4345a8cde354b08e,rec_9362bfdd724c2e4f3f5f,D:\INFANT CRY\data_set_dbl_split\train\discomfort\dunstan-heh_21.wav,discomfort/dunstan-heh_21.wav,discomfort,train,4,time_stretch,"{""rate"":1.184824}",9,11258443784410108831,virtual:aug_09af4345a8cde354b08e
aug_52b3e6b55aa4e182b9b7,rec_cf665a8d5d04d0e150ed,D:\INFANT CRY\data_set_dbl_split\train\discomfort\3643_M_heh.wav,discomfort/3643_M_heh.wav,discomfort,train,4,time_stretch,"{""rate"":0.804448}",10,8585768811721321566,virtual:aug_52b3e6b55aa4e182b9b7
aug_dc4601da7e646315ac15,rec_542e505927d446598565,D:\INFANT CRY\data_set_dbl_split\train\discomfort\3815_F_heh.wav,discomfort/3815_F_heh.wav,discomfort,train,4,gaussian_noise,"{""noise_factor"":0.005561362}",11,11770280140788113373,virtual:aug_dc4601da7e646315ac15
aug_bfd5390c503e91fc41f1,rec_db0d984635fb9d6ef729,D:\INFANT CRY\data_set_dbl_split\train\discomfort\dunstan-heh_10.wav,discomfort/dunstan-heh_10.wav,discomfort,train,4,pitch_shift,"{""steps"":1.170161}",12,12528860095589748817,virtual:aug_bfd5390c503e91fc41f1
aug_0e8f6ed5dc16e5d9fec4,rec_270278ab42fbf19a6468,D:\INFANT CRY\data_set_dbl_split\train\discomfort\3715_M_heh.wav,discomfort/3715_M_heh.wav,discomfort,train,4,pitch_shift,"{""steps"":-0.954469}",13,8498687135875892036,virtual:aug_0e8f6ed5dc16e5d9fec4
aug_256abbfede8dbb51f4d2,rec_6456e2ce88a30a623868,D:\INFANT CRY\data_set_dbl_split\train\discomfort\dunstan-heh_39.wav,discomfort/dunstan-heh_39.wav,discomfort,train,4,time_stretch,"{""rate"":1.091548}",14,14005940876792688159,virtual:aug_256abbfede8dbb51f4d2
aug_24bac8e45d19c3768270,rec_7d53ec14d0de07ba9f29,D:\INFANT CRY\data_set_dbl_split\train\discomfort\3083_M_heh.wav,discomfort/3083_M_heh.wav,discomfort,train,4,time_stretch,"{""rate"":0.882276}",15,1737078242126124947,virtual:aug_24bac8e45d19c3768270
aug_5465468880151c9cdb09,rec_d29795646338e698d6c0,D:\INFANT CRY\data_set_dbl_split\train\discomfort\2416_M_heh.wav,discomfort/2416_M_heh.wav,discomfort,train,4,time_shift,"{""fraction"":-0.0716537}",16,14390966446967093864,virtual:aug_5465468880151c9cdb09
aug_3a1c8bb9ce5f5f931a45,rec_c3478edae2c382b946fe,D:\INFANT CRY\data_set_dbl_split\train\discomfort\1189_F_heh.wav,discomfort/1189_F_heh.wav,discomfort,train,4,gaussian_noise,"{""noise_factor"":0.002492486}",17,1670183743036354472,virtual:aug_3a1c8bb9ce5f5f931a45
aug_f83a10246fdb2cca1b5e,rec_a1bb82b464315dcad4da,D:\INFANT CRY\data_set_dbl_split\train\discomfort\915_M_heh.wav,discomfort/915_M_heh.wav,discomfort,train,4,pitch_shift,"{""steps"":2.028419}",18,3469855988275732001,virtual:aug_f83a10246fdb2cca1b5e
aug_469f09b18c811c09431a,rec_b4327cfdcef8a6d08926,D:\INFANT CRY\data_set_dbl_split\train\discomfort\4422_M_heh.wav,discomfort/4422_M_heh.wav,discomfort,train,4,pitch_shift,"{""steps"":-1.982374}",19,7334648893214678382,virtual:aug_469f09b18c811c09431a
aug_68fe80386f18559d7da4,rec_812b51427c3184c41a51,D:\INFANT CRY\data_set_dbl_split\train\discomfort\3305_M_heh.wav,discomfort/3305_M_heh.wav,discomfort,train,4,time_stretch,"{""rate"":1.184774}",20,11726150047157578642,virtual:aug_68fe80386f18559d7da4
aug_b3ba15a2fdef78edb1df,rec_47ad8a2ec8f931f1904d,D:\INFANT CRY\data_set_dbl_split\train\discomfort\dunstan-heh_13.wav,discomfort/dunstan-heh_13.wav,discomfort,train,4,time_stretch,"{""rate"":0.797235}",21,17121078926498245760,virtual:aug_b3ba15a2fdef78edb1df
aug_4ee40a0e8b8ac9b30411,rec_9bd40eced9885796e2fa,D:\INFANT CRY\data_set_dbl_split\train\discomfort\4424_F_heh.wav,discomfort/4424_F_heh.wav,discomfort,train,4,gaussian_noise,"{""noise_factor"":0.004513394}",22,12145626646154636039,virtual:aug_4ee40a0e8b8ac9b30411
aug_e6617323de55ee19f891,rec_545a14847418aadce545,D:\INFANT CRY\data_set_dbl_split\train\discomfort\4253_M_heh.wav,discomfort/4253_M_heh.wav,discomfort,train,4,pitch_shift,"{""steps"":1.088968}",23,13648718155380837945,virtual:aug_e6617323de55ee19f891
aug_5ff73868a9e3605d7aee,rec_2c14edaf86afba716162,D:\INFANT CRY\data_set_dbl_split\train\discomfort\dunstan-heh_17.wav,discomfort/dunstan-heh_17.wav,discomfort,train,4,pitch_shift,"{""steps"":-1.113446}",24,4551932205659502036,virtual:aug_5ff73868a9e3605d7aee
aug_99feab7e7d519cbc5aeb,rec_f4d972ce5aa401717524,D:\INFANT CRY\data_set_dbl_split\train\discomfort\dunstan-heh_56.wav,discomfort/dunstan-heh_56.wav,discomfort,train,4,time_stretch,"{""rate"":1.087607}",25,15027239749453429302,virtual:aug_99feab7e7d519cbc5aeb
aug_66c3135fd1f3366ba7d3,rec_dffa4febe3cb777a6ec2,D:\INFANT CRY\data_set_dbl_split\train\discomfort\2332_M_heh.wav,discomfort/2332_M_heh.wav,discomfort,train,4,time_stretch,"{""rate"":0.888649}",26,12759977830736419334,virtual:aug_66c3135fd1f3366ba7d3
aug_21a408810fda1aa4ba62,rec_d4374ee440aee747b757,D:\INFANT CRY\data_set_dbl_split\train\discomfort\dunstan-heh_11.wav,discomfort/dunstan-heh_11.wav,discomfort,train,4,time_shift,"{""fraction"":0.0557849}",27,9076046634602185194,virtual:aug_21a408810fda1aa4ba62
aug_87457a41e3a0afc93d99,rec_b2b046ee6befacc1736f,D:\INFANT CRY\data_set_dbl_split\train\discomfort\595_M_heh.wav,discomfort/595_M_heh.wav,discomfort,train,4,gaussian_noise,"{""noise_factor"":0.002558917}",28,10945324299988527168,virtual:aug_87457a41e3a0afc93d99
aug_decd744285ced989d5df,rec_c5ca2cddf85a72e0dc56,D:\INFANT CRY\data_set_dbl_split\train\discomfort\4782_M_heh.wav,discomfort/4782_M_heh.wav,discomfort,train,4,pitch_shift,"{""steps"":2.028723}",29,3064841303525110777,virtual:aug_decd744285ced989d5df
aug_97ff43b21fee6c4aed20,rec_6bbd0237afd88cf9b3c1,D:\INFANT CRY\data_set_dbl_split\train\discomfort\3795_M_heh.wav,discomfort/3795_M_heh.wav,discomfort,train,4,pitch_shift,"{""steps"":-1.929333}",30,4260020475351401507,virtual:aug_97ff43b21fee6c4aed20
aug_5cb83c3ac32043c547ee,rec_bb84d05c8dfb27a04662,D:\INFANT CRY\data_set_dbl_split\train\discomfort\507_M_heh.wav,discomfort/507_M_heh.wav,discomfort,train,4,time_stretch,"{""rate"":1.205007}",31,13594375999285745148,virtual:aug_5cb83c3ac32043c547ee
aug_eb72880290b626b3626e,rec_371bb1b9e4f734680eb6,D:\INFANT CRY\data_set_dbl_split\train\discomfort\3298_M_heh.wav,discomfort/3298_M_heh.wav,discomfort,train,4,time_stretch,"{""rate"":0.802486}",32,15522087860917913652,virtual:aug_eb72880290b626b3626e
aug_378911d90e34c21bc221,rec_00aeffb9aa41099dc5e5,D:\INFANT CRY\data_set_dbl_split\train\discomfort\4084_M_heh.wav,discomfort/4084_M_heh.wav,discomfort,train,4,gaussian_noise,"{""noise_factor"":0.004636975}",33,14781100127423884010,virtual:aug_378911d90e34c21bc221
aug_2ad5743e1485350678ac,rec_e03c385467424eb08738,D:\INFANT CRY\data_set_dbl_split\train\discomfort\dunstan-heh_8.wav,discomfort/dunstan-heh_8.wav,discomfort,train,4,pitch_shift,"{""steps"":0.945492}",34,2556820158767047304,virtual:aug_2ad5743e1485350678ac
aug_4018b0c173a6a2affdb2,rec_96e032ce543e45616669,D:\INFANT CRY\data_set_dbl_split\train\discomfort\2011_M_heh.wav,discomfort/2011_M_heh.wav,discomfort,train,4,pitch_shift,"{""steps"":-0.972284}",35,5475568853080049589,virtual:aug_4018b0c173a6a2affdb2
aug_f97aa7d45a9f2dc3f21d,rec_333243a7285e8e47127f,D:\INFANT CRY\data_set_dbl_split\train\discomfort\dunstan-heh_1.wav,discomfort/dunstan-heh_1.wav,discomfort,train,4,time_stretch,"{""rate"":1.095813}",36,17746075402492963714,virtual:aug_f97aa7d45a9f2dc3f21d
aug_ea93c3f667b68f82ec1f,rec_3d99f5ba8607ab46d834,D:\INFANT CRY\data_set_dbl_split\train\discomfort\dunstan-heh_6.wav,discomfort/dunstan-heh_6.wav,discomfort,train,4,time_stretch,"{""rate"":0.914054}",37,9838723637332515508,virtual:aug_ea93c3f667b68f82ec1f
aug_2f98d93d6d3891d741da,rec_91afffc62993be071030,D:\INFANT CRY\data_set_dbl_split\train\discomfort\2535_M_heh.wav,discomfort/2535_M_heh.wav,discomfort,train,4,time_shift,"{""fraction"":-0.0498617}",38,8538949507612929523,virtual:aug_2f98d93d6d3891d741da
aug_a1b19a61de1d5aaba00a,rec_16c3c32dab93b50e898e,D:\INFANT CRY\data_set_dbl_split\train\discomfort\812_F_heh.wav,discomfort/812_F_heh.wav,discomfort,train,4,gaussian_noise,"{""noise_factor"":0.002833801}",39,14687851676643926585,virtual:aug_a1b19a61de1d5aaba00a
aug_65ab3a08c1f7c47166c3,rec_c66c61c76109180f4ea4,D:\INFANT CRY\data_set_dbl_split\train\discomfort\592_M_heh.wav,discomfort/592_M_heh.wav,discomfort,train,4,pitch_shift,"{""steps"":2.093103}",40,558512788023143064,virtual:aug_65ab3a08c1f7c47166c3
aug_f827cd241137be2bcd23,rec_4358c2c84f657df97471,D:\INFANT CRY\data_set_dbl_split\train\discomfort\1800_M_heh.wav,discomfort/1800_M_heh.wav,discomfort,train,4,pitch_shift,"{""steps"":-1.859806}",41,14652613057646030042,virtual:aug_f827cd241137be2bcd23
aug_1668e5b86c5482709a1e,rec_aeb79fc9b0c45b64f93c,D:\INFANT CRY\data_set_dbl_split\train\discomfort\4790_M_heh.wav,discomfort/4790_M_heh.wav,discomfort,train,4,time_stretch,"{""rate"":1.176953}",42,1480654164446319506,virtual:aug_1668e5b86c5482709a1e
aug_b052ffacad2ddf32fcbe,rec_f764034287a4370b136d,D:\INFANT CRY\data_set_dbl_split\train\discomfort\4290_F_heh.wav,discomfort/4290_F_heh.wav,discomfort,train,4,time_stretch,"{""rate"":0.777611}",43,6780361154451256870,virtual:aug_b052ffacad2ddf32fcbe
aug_7c6a6bc87a1e2fe8ecd5,rec_0655eee816f825bf3d59,D:\INFANT CRY\data_set_dbl_split\train\discomfort\2814_F_heh.wav,discomfort/2814_F_heh.wav,discomfort,train,4,gaussian_noise,"{""noise_factor"":0.005075262}",44,3067984041507691735,virtual:aug_7c6a6bc87a1e2fe8ecd5
aug_5fe2383420e82806ddee,rec_823255df478a0f9da394,D:\INFANT CRY\data_set_dbl_split\train\discomfort\2948_M_heh.wav,discomfort/2948_M_heh.wav,discomfort,train,4,pitch_shift,"{""steps"":0.911577}",45,10714009205356359383,virtual:aug_5fe2383420e82806ddee
aug_3903e54eb1f1fa7a86a9,rec_a6c2687f77e0cf79aef3,D:\INFANT CRY\data_set_dbl_split\train\discomfort\3175_F_heh.wav,discomfort/3175_F_heh.wav,discomfort,train,4,pitch_shift,"{""steps"":-1.138286}",46,14647989492502414276,virtual:aug_3903e54eb1f1fa7a86a9
aug_6dfb3f046505452015a9,rec_6eb0928d100be618ab76,D:\INFANT CRY\data_set_dbl_split\train\discomfort\3451_M_heh.wav,discomfort/3451_M_heh.wav,discomfort,train,4,time_stretch,"{""rate"":1.106696}",47,6738779224454362614,virtual:aug_6dfb3f046505452015a9
aug_4cf1a3becc60ce46b6a8,rec_7025af523ff923b12389,D:\INFANT CRY\data_set_dbl_split\train\discomfort\3499_M_heh.wav,discomfort/3499_M_heh.wav,discomfort,train,4,time_stretch,"{""rate"":0.903945}",48,10404928961109494266,virtual:aug_4cf1a3becc60ce46b6a8
aug_4f821a52d0591bd25f8b,rec_158ce180cdd2526ffa91,D:\INFANT CRY\data_set_dbl_split\train\discomfort\2895_M_heh.wav,discomfort/2895_M_heh.wav,discomfort,train,4,time_shift,"{""fraction"":-0.0028008}",49,15589532590073533693,virtual:aug_4f821a52d0591bd25f8b
aug_4d5205df9b9d0e8a81b3,rec_52da117b101c516c1c42,D:\INFANT CRY\data_set_dbl_split\train\discomfort\4262_M_heh.wav,discomfort/4262_M_heh.wav,discomfort,train,4,gaussian_noise,"{""noise_factor"":0.00262829}",50,14939074587653979821,virtual:aug_4d5205df9b9d0e8a81b3
aug_3b19477cfa4381aa3654,rec_02ea82f3316cb050f905,D:\INFANT CRY\data_set_dbl_split\train\discomfort\1826_F_heh.wav,discomfort/1826_F_heh.wav,discomfort,train,4,pitch_shift,"{""steps"":1.86762}",51,7299609844466400569,virtual:aug_3b19477cfa4381aa3654
aug_d97deeafd133daced872,rec_0aa9e91ac3fcb2b11225,D:\INFANT CRY\data_set_dbl_split\train\discomfort\4177_M_heh.wav,discomfort/4177_M_heh.wav,discomfort,train,4,pitch_shift,"{""steps"":-1.903802}",52,18284457636918936388,virtual:aug_d97deeafd133daced872
aug_9adfe246c592fb360169,rec_29ecf264fe494eea58fb,D:\INFANT CRY\data_set_dbl_split\train\discomfort\3984_F_heh.wav,discomfort/3984_F_heh.wav,discomfort,train,4,time_stretch,"{""rate"":1.204873}",53,6319142272096240303,virtual:aug_9adfe246c592fb360169
aug_b5beaef8e2a6a4dc5f33,rec_970de6b0b559a331bcc5,D:\INFANT CRY\data_set_dbl_split\train\discomfort\4977_M_heh.wav,discomfort/4977_M_heh.wav,discomfort,train,4,time_stretch,"{""rate"":0.821715}",54,11254412436426482617,virtual:aug_b5beaef8e2a6a4dc5f33
aug_ab85b24efa57ceea3ee9,rec_0d4c7e9d16ffe8d1bbff,D:\INFANT CRY\data_set_dbl_split\train\discomfort\3468_F_heh.wav,discomfort/3468_F_heh.wav,discomfort,train,4,gaussian_noise,"{""noise_factor"":0.004756803}",55,10421256207079430385,virtual:aug_ab85b24efa57ceea3ee9
aug_f97035b48a460379a0b4,rec_5dd030b8afd73faf7e6d,D:\INFANT CRY\data_set_dbl_split\train\discomfort\dunstan-heh_48.wav,discomfort/dunstan-heh_48.wav,discomfort,train,4,pitch_shift,"{""steps"":0.884718}",56,11172656966285138984,virtual:aug_f97035b48a460379a0b4
aug_fd15fd7b5cfdec21af79,rec_ea8217cfae981608c5cf,D:\INFANT CRY\data_set_dbl_split\train\discomfort\1775_M_heh.wav,discomfort/1775_M_heh.wav,discomfort,train,4,pitch_shift,"{""steps"":-1.153559}",57,16477679989824500296,virtual:aug_fd15fd7b5cfdec21af79
aug_d0a7341df5c9eebbf859,rec_1f3d7360241859021509,D:\INFANT CRY\data_set_dbl_split\train\discomfort\1192_M_heh.wav,discomfort/1192_M_heh.wav,discomfort,train,4,time_stretch,"{""rate"":1.091563}",58,4781558236472031627,virtual:aug_d0a7341df5c9eebbf859
aug_07de04de6b93c90a9e27,rec_86e6760be24886dd3199,D:\INFANT CRY\data_set_dbl_split\train\discomfort\4712_M_heh.wav,discomfort/4712_M_heh.wav,discomfort,train,4,time_stretch,"{""rate"":0.919289}",59,12028965373171418022,virtual:aug_07de04de6b93c90a9e27
aug_ce7bbb909edd86c5df36,rec_1e1cf13b4d1b84eb706c,D:\INFANT CRY\data_set_dbl_split\train\discomfort\dunstan-heh_37.wav,discomfort/dunstan-heh_37.wav,discomfort,train,4,time_shift,"{""fraction"":0.038573}",60,1242763077949828820,virtual:aug_ce7bbb909edd86c5df36
aug_6c64d85d7c2188378fe2,rec_8e8cba3c6a2d7b965e01,D:\INFANT CRY\data_set_dbl_split\train\discomfort\4203_M_heh.wav,discomfort/4203_M_heh.wav,discomfort,train,4,gaussian_noise,"{""noise_factor"":0.002344669}",61,16845322755781068617,virtual:aug_6c64d85d7c2188378fe2
aug_a8fdf8758ca4a1a35e9c,rec_75f5e44678bb0fbe8f9d,D:\INFANT CRY\data_set_dbl_split\train\discomfort\2436_M_heh.wav,discomfort/2436_M_heh.wav,discomfort,train,4,pitch_shift,"{""steps"":2.193773}",62,49257696181859543,virtual:aug_a8fdf8758ca4a1a35e9c
aug_c6b67b268bff84689dc0,rec_35ee8ab5d6dd0b87c748,D:\INFANT CRY\data_set_dbl_split\train\discomfort\dunstan-heh_34.wav,discomfort/dunstan-heh_34.wav,discomfort,train,4,pitch_shift,"{""steps"":-2.131822}",63,10156098447720870934,virtual:aug_c6b67b268bff84689dc0
aug_5dfe68fe7bcad4078744,rec_60d4a3b0d92ddce6aa04,D:\INFANT CRY\data_set_dbl_split\train\discomfort\2345_M_heh.wav,discomfort/2345_M_heh.wav,discomfort,train,4,time_stretch,"{""rate"":1.202672}",64,5394604673700232421,virtual:aug_5dfe68fe7bcad4078744
aug_dd3150825f7785f39e36,rec_3ea9d39bb4edc68fdf50,D:\INFANT CRY\data_set_dbl_split\train\discomfort\3719_M_heh.wav,discomfort/3719_M_heh.wav,discomfort,train,4,time_stretch,"{""rate"":0.779298}",65,1975373062372633131,virtual:aug_dd3150825f7785f39e36
aug_452531309c8ee735fd38,rec_aafac0f86f7d823eb681,D:\INFANT CRY\data_set_dbl_split\train\discomfort\2856_M_heh.wav,discomfort/2856_M_heh.wav,discomfort,train,4,gaussian_noise,"{""noise_factor"":0.005393387}",66,3485909998881384481,virtual:aug_452531309c8ee735fd38
aug_91fa7376031a05643a4e,rec_09d3a8609a2587658b70,D:\INFANT CRY\data_set_dbl_split\train\discomfort\4818_M_heh.wav,discomfort/4818_M_heh.wav,discomfort,train,4,pitch_shift,"{""steps"":1.194811}",67,16194215372639462419,virtual:aug_91fa7376031a05643a4e
aug_5036e4a41afbfc3e8dea,rec_4c06d158e10c7b910785,D:\INFANT CRY\data_set_dbl_split\train\discomfort\2612_M_heh.wav,discomfort/2612_M_heh.wav,discomfort,train,4,pitch_shift,"{""steps"":-0.935307}",68,1717776038795858310,virtual:aug_5036e4a41afbfc3e8dea
aug_f8d4aefed288f117be82,rec_9185eef7e2aecebfb720,D:\INFANT CRY\data_set_dbl_split\train\discomfort\735_M_heh.wav,discomfort/735_M_heh.wav,discomfort,train,4,time_stretch,"{""rate"":1.077184}",69,15930189197337155826,virtual:aug_f8d4aefed288f117be82
aug_5051113f0f88df8dd742,rec_af6446fc5d9db7acb66b,D:\INFANT CRY\data_set_dbl_split\train\discomfort\2409_M_heh.wav,discomfort/2409_M_heh.wav,discomfort,train,4,time_stretch,"{""rate"":0.902043}",70,11424896141337650776,virtual:aug_5051113f0f88df8dd742
aug_7f077b91b65e0c6699c6,rec_6750c27eac310fed8c87,D:\INFANT CRY\data_set_dbl_split\train\discomfort\203_F_heh.wav,discomfort/203_F_heh.wav,discomfort,train,4,time_shift,"{""fraction"":-0.0538108}",71,10755502275706914058,virtual:aug_7f077b91b65e0c6699c6
aug_1e8f3f137a8280604e68,rec_c30ffcebec910157af48,D:\INFANT CRY\data_set_dbl_split\train\discomfort\1196_M_heh.wav,discomfort/1196_M_heh.wav,discomfort,train,4,gaussian_noise,"{""noise_factor"":0.002201656}",72,7940886527274974227,virtual:aug_1e8f3f137a8280604e68
aug_5f50a745078447a3b4f5,rec_6ad89027638c1a776894,D:\INFANT CRY\data_set_dbl_split\train\discomfort\4228_M_heh.wav,discomfort/4228_M_heh.wav,discomfort,train,4,pitch_shift,"{""steps"":1.921369}",73,8625501191066571550,virtual:aug_5f50a745078447a3b4f5
aug_06d2648e044461501848,rec_3f52b4d2fc987b097465,D:\INFANT CRY\data_set_dbl_split\train\discomfort\362_M_heh.wav,discomfort/362_M_heh.wav,discomfort,train,4,pitch_shift,"{""steps"":-2.000213}",74,13325593814003016057,virtual:aug_06d2648e044461501848
aug_7f754505bff100e6bb45,rec_170a61ba4bff3a2d5277,D:\INFANT CRY\data_set_dbl_split\train\discomfort\2526_M_heh.wav,discomfort/2526_M_heh.wav,discomfort,train,4,time_stretch,"{""rate"":1.20999}",75,6711696400922583233,virtual:aug_7f754505bff100e6bb45
aug_68c1c8b96c54a4b8cca3,rec_a7a1cff4c1b04c4a0a73,D:\INFANT CRY\data_set_dbl_split\train\discomfort\3992_M_heh.wav,discomfort/3992_M_heh.wav,discomfort,train,4,time_stretch,"{""rate"":0.802877}",76,4891426840594281696,virtual:aug_68c1c8b96c54a4b8cca3
aug_31bc3ef244ba74e05553,rec_535c552a0776b718850f,D:\INFANT CRY\data_set_dbl_split\train\discomfort\1266_M_heh.wav,discomfort/1266_M_heh.wav,discomfort,train,4,gaussian_noise,"{""noise_factor"":0.005224835}",77,1893412657434516252,virtual:aug_31bc3ef244ba74e05553
aug_5a33f403842ac9a40bc3,rec_f4d28e0fc9542a590b34,D:\INFANT CRY\data_set_dbl_split\train\discomfort\3844_M_heh.wav,discomfort/3844_M_heh.wav,discomfort,train,4,pitch_shift,"{""steps"":0.962308}",78,7402748436181053364,virtual:aug_5a33f403842ac9a40bc3
aug_f4873b3e8b48da50e3b7,rec_a446a8a4d062af8dda1b,D:\INFANT CRY\data_set_dbl_split\train\discomfort\dunstan-heh_15.wav,discomfort/dunstan-heh_15.wav,discomfort,train,4,pitch_shift,"{""steps"":-0.907561}",79,6677538725309378180,virtual:aug_f4873b3e8b48da50e3b7
aug_1fe583dd301474f674fe,rec_0added8756718f697995,D:\INFANT CRY\data_set_dbl_split\train\discomfort\2085_M_heh.wav,discomfort/2085_M_heh.wav,discomfort,train,4,time_stretch,"{""rate"":1.083161}",80,5746674445911215400,virtual:aug_1fe583dd301474f674fe
aug_6c6df4bf0051ec2cdab9,rec_9362bfdd724c2e4f3f5f,D:\INFANT CRY\data_set_dbl_split\train\discomfort\dunstan-heh_21.wav,discomfort/dunstan-heh_21.wav,discomfort,train,4,time_stretch,"{""rate"":0.881269}",81,10466484554427690611,virtual:aug_6c6df4bf0051ec2cdab9
aug_6411b140879bb21faa70,rec_cf665a8d5d04d0e150ed,D:\INFANT CRY\data_set_dbl_split\train\discomfort\3643_M_heh.wav,discomfort/3643_M_heh.wav,discomfort,train,4,time_shift,"{""fraction"":-0.0731604}",82,14234060844853439784,virtual:aug_6411b140879bb21faa70
aug_3e82867565b90ec9b91d,rec_542e505927d446598565,D:\INFANT CRY\data_set_dbl_split\train\discomfort\3815_F_heh.wav,discomfort/3815_F_heh.wav,discomfort,train,4,gaussian_noise,"{""noise_factor"":0.002376393}",83,12538768202910603155,virtual:aug_3e82867565b90ec9b91d
aug_31e03896868a70714413,rec_db0d984635fb9d6ef729,D:\INFANT CRY\data_set_dbl_split\train\discomfort\dunstan-heh_10.wav,discomfort/dunstan-heh_10.wav,discomfort,train,4,pitch_shift,"{""steps"":2.187708}",84,17928516596676211042,virtual:aug_31e03896868a70714413
aug_1794a95833bc2e7053d7,rec_270278ab42fbf19a6468,D:\INFANT CRY\data_set_dbl_split\train\discomfort\3715_M_heh.wav,discomfort/3715_M_heh.wav,discomfort,train,4,pitch_shift,"{""steps"":-2.040788}",85,1288606542738735156,virtual:aug_1794a95833bc2e7053d7
aug_1865d53551b44a725cc2,rec_6456e2ce88a30a623868,D:\INFANT CRY\data_set_dbl_split\train\discomfort\dunstan-heh_39.wav,discomfort/dunstan-heh_39.wav,discomfort,train,4,time_stretch,"{""rate"":1.183199}",86,4494825325907591553,virtual:aug_1865d53551b44a725cc2
aug_d882a56ddafd50b60571,rec_7d53ec14d0de07ba9f29,D:\INFANT CRY\data_set_dbl_split\train\discomfort\3083_M_heh.wav,discomfort/3083_M_heh.wav,discomfort,train,4,time_stretch,"{""rate"":0.811338}",87,8800803300809051630,virtual:aug_d882a56ddafd50b60571
aug_5967c928730084896535,rec_d29795646338e698d6c0,D:\INFANT CRY\data_set_dbl_split\train\discomfort\2416_M_heh.wav,discomfort/2416_M_heh.wav,discomfort,train,4,gaussian_noise,"{""noise_factor"":0.004548888}",88,17020445268097997665,virtual:aug_5967c928730084896535
aug_9399fc690624d5d52cd5,rec_c3478edae2c382b946fe,D:\INFANT CRY\data_set_dbl_split\train\discomfort\1189_F_heh.wav,discomfort/1189_F_heh.wav,discomfort,train,4,pitch_shift,"{""steps"":1.081224}",89,8052610958482615726,virtual:aug_9399fc690624d5d52cd5
aug_ed24cf006d3c48ef0312,rec_a1bb82b464315dcad4da,D:\INFANT CRY\data_set_dbl_split\train\discomfort\915_M_heh.wav,discomfort/915_M_heh.wav,discomfort,train,4,pitch_shift,"{""steps"":-1.18803}",90,3023667029384585735,virtual:aug_ed24cf006d3c48ef0312
aug_376907efeaecc19231ca,rec_b4327cfdcef8a6d08926,D:\INFANT CRY\data_set_dbl_split\train\discomfort\4422_M_heh.wav,discomfort/4422_M_heh.wav,discomfort,train,4,time_stretch,"{""rate"":1.110433}",91,5639542007247236186,virtual:aug_376907efeaecc19231ca
aug_ac21e469202c4fc346a0,rec_812b51427c3184c41a51,D:\INFANT CRY\data_set_dbl_split\train\discomfort\3305_M_heh.wav,discomfort/3305_M_heh.wav,discomfort,train,4,time_stretch,"{""rate"":0.917935}",92,3501488568527575553,virtual:aug_ac21e469202c4fc346a0
aug_e58be9f54ead9f44adaa,rec_47ad8a2ec8f931f1904d,D:\INFANT CRY\data_set_dbl_split\train\discomfort\dunstan-heh_13.wav,discomfort/dunstan-heh_13.wav,discomfort,train,4,time_shift,"{""fraction"":0.0840996}",93,14038755225175353530,virtual:aug_e58be9f54ead9f44adaa
aug_4f2a1522efcc40b4940e,rec_9bd40eced9885796e2fa,D:\INFANT CRY\data_set_dbl_split\train\discomfort\4424_F_heh.wav,discomfort/4424_F_heh.wav,discomfort,train,4,gaussian_noise,"{""noise_factor"":0.002238845}",94,11418954023738811113,virtual:aug_4f2a1522efcc40b4940e
aug_14f7f81f44444d787274,rec_545a14847418aadce545,D:\INFANT CRY\data_set_dbl_split\train\discomfort\4253_M_heh.wav,discomfort/4253_M_heh.wav,discomfort,train,4,pitch_shift,"{""steps"":2.087394}",95,496533282775235382,virtual:aug_14f7f81f44444d787274
aug_67d6c9322388c4b38b9f,rec_2c14edaf86afba716162,D:\INFANT CRY\data_set_dbl_split\train\discomfort\dunstan-heh_17.wav,discomfort/dunstan-heh_17.wav,discomfort,train,4,pitch_shift,"{""steps"":-2.180441}",96,14488800415045489263,virtual:aug_67d6c9322388c4b38b9f
aug_77887d5f6c6a57fde3de,rec_f4d972ce5aa401717524,D:\INFANT CRY\data_set_dbl_split\train\discomfort\dunstan-heh_56.wav,discomfort/dunstan-heh_56.wav,discomfort,train,4,time_stretch,"{""rate"":1.200442}",97,2544946051975041163,virtual:aug_77887d5f6c6a57fde3de
aug_104ef62d213a0ee97d43,rec_dffa4febe3cb777a6ec2,D:\INFANT CRY\data_set_dbl_split\train\discomfort\2332_M_heh.wav,discomfort/2332_M_heh.wav,discomfort,train,4,time_stretch,"{""rate"":0.817776}",98,19290556926637635,virtual:aug_104ef62d213a0ee97d43
aug_8b8a43fa9916b2e7bbb6,rec_d4374ee440aee747b757,D:\INFANT CRY\data_set_dbl_split\train\discomfort\dunstan-heh_11.wav,discomfort/dunstan-heh_11.wav,discomfort,train,4,gaussian_noise,"{""noise_factor"":0.005663925}",99,9393009224865706970,virtual:aug_8b8a43fa9916b2e7bbb6
aug_a2374e10da6c7f9c4baa,rec_b2b046ee6befacc1736f,D:\INFANT CRY\data_set_dbl_split\train\discomfort\595_M_heh.wav,discomfort/595_M_heh.wav,discomfort,train,4,pitch_shift,"{""steps"":1.043868}",100,1378098389437010220,virtual:aug_a2374e10da6c7f9c4baa
aug_564ce3f4d3af115a9dcf,rec_c5ca2cddf85a72e0dc56,D:\INFANT CRY\data_set_dbl_split\train\discomfort\4782_M_heh.wav,discomfort/4782_M_heh.wav,discomfort,train,4,pitch_shift,"{""steps"":-1.048333}",101,5412869197236667205,virtual:aug_564ce3f4d3af115a9dcf
aug_5317cff6844d0e11095e,rec_6bbd0237afd88cf9b3c1,D:\INFANT CRY\data_set_dbl_split\train\discomfort\3795_M_heh.wav,discomfort/3795_M_heh.wav,discomfort,train,4,time_stretch,"{""rate"":1.118249}",102,17147599056878769372,virtual:aug_5317cff6844d0e11095e
aug_c4b8ee24dee7dbbbb186,rec_bb84d05c8dfb27a04662,D:\INFANT CRY\data_set_dbl_split\train\discomfort\507_M_heh.wav,discomfort/507_M_heh.wav,discomfort,train,4,time_stretch,"{""rate"":0.879032}",103,9238701196153603730,virtual:aug_c4b8ee24dee7dbbbb186
aug_8afa2b9e5f815fceb149,rec_371bb1b9e4f734680eb6,D:\INFANT CRY\data_set_dbl_split\train\discomfort\3298_M_heh.wav,discomfort/3298_M_heh.wav,discomfort,train,4,time_shift,"{""fraction"":-0.0238139}",104,4526046507625167354,virtual:aug_8afa2b9e5f815fceb149
aug_2f2c0de592d695c2a957,rec_00aeffb9aa41099dc5e5,D:\INFANT CRY\data_set_dbl_split\train\discomfort\4084_M_heh.wav,discomfort/4084_M_heh.wav,discomfort,train,4,gaussian_noise,"{""noise_factor"":0.002733305}",105,7405059401163180573,virtual:aug_2f2c0de592d695c2a957
aug_9f84552cf4f5c3b5e1d9,rec_e03c385467424eb08738,D:\INFANT CRY\data_set_dbl_split\train\discomfort\dunstan-heh_8.wav,discomfort/dunstan-heh_8.wav,discomfort,train,4,pitch_shift,"{""steps"":1.968284}",106,3523905938744116982,virtual:aug_9f84552cf4f5c3b5e1d9
aug_3fc0d0043c054ef4365d,rec_96e032ce543e45616669,D:\INFANT CRY\data_set_dbl_split\train\discomfort\2011_M_heh.wav,discomfort/2011_M_heh.wav,discomfort,train,4,pitch_shift,"{""steps"":-1.838805}",107,4260368729690048646,virtual:aug_3fc0d0043c054ef4365d
aug_591ad348456b494e8451,rec_333243a7285e8e47127f,D:\INFANT CRY\data_set_dbl_split\train\discomfort\dunstan-heh_1.wav,discomfort/dunstan-heh_1.wav,discomfort,train,4,time_stretch,"{""rate"":1.206721}",108,10500243125873087505,virtual:aug_591ad348456b494e8451
aug_06ca8cb65ab1be497b25,rec_3d99f5ba8607ab46d834,D:\INFANT CRY\data_set_dbl_split\train\discomfort\dunstan-heh_6.wav,discomfort/dunstan-heh_6.wav,discomfort,train,4,time_stretch,"{""rate"":0.798716}",109,1506863095051293905,virtual:aug_06ca8cb65ab1be497b25
aug_dac18a156701a6f7fdef,rec_91afffc62993be071030,D:\INFANT CRY\data_set_dbl_split\train\discomfort\2535_M_heh.wav,discomfort/2535_M_heh.wav,discomfort,train,4,gaussian_noise,"{""noise_factor"":0.004411477}",110,11261711883093235949,virtual:aug_dac18a156701a6f7fdef
aug_b4e98f21ae7fcfacbf98,rec_16c3c32dab93b50e898e,D:\INFANT CRY\data_set_dbl_split\train\discomfort\812_F_heh.wav,discomfort/812_F_heh.wav,discomfort,train,4,pitch_shift,"{""steps"":0.877353}",111,5239469487761768484,virtual:aug_b4e98f21ae7fcfacbf98
aug_a1ad2300b4419731d7d4,rec_c66c61c76109180f4ea4,D:\INFANT CRY\data_set_dbl_split\train\discomfort\592_M_heh.wav,discomfort/592_M_heh.wav,discomfort,train,4,pitch_shift,"{""steps"":-0.845409}",112,9377434423878891454,virtual:aug_a1ad2300b4419731d7d4
aug_391b6c428b98aaec95ae,rec_4358c2c84f657df97471,D:\INFANT CRY\data_set_dbl_split\train\discomfort\1800_M_heh.wav,discomfort/1800_M_heh.wav,discomfort,train,4,time_stretch,"{""rate"":1.108271}",113,17024838243210572463,virtual:aug_391b6c428b98aaec95ae
aug_2310a67473873795236b,rec_aeb79fc9b0c45b64f93c,D:\INFANT CRY\data_set_dbl_split\train\discomfort\4790_M_heh.wav,discomfort/4790_M_heh.wav,discomfort,train,4,time_stretch,"{""rate"":0.900825}",114,12836057930759774451,virtual:aug_2310a67473873795236b
aug_e68afa6be20305a5aa0d,rec_f764034287a4370b136d,D:\INFANT CRY\data_set_dbl_split\train\discomfort\4290_F_heh.wav,discomfort/4290_F_heh.wav,discomfort,train,4,time_shift,"{""fraction"":-0.0387586}",115,9145085210139036252,virtual:aug_e68afa6be20305a5aa0d
aug_7f4d7cddc2f69ead6852,rec_0655eee816f825bf3d59,D:\INFANT CRY\data_set_dbl_split\train\discomfort\2814_F_heh.wav,discomfort/2814_F_heh.wav,discomfort,train,4,gaussian_noise,"{""noise_factor"":0.002295916}",116,6766360843463601775,virtual:aug_7f4d7cddc2f69ead6852
aug_e5929e5d3bc5b5097521,rec_823255df478a0f9da394,D:\INFANT CRY\data_set_dbl_split\train\discomfort\2948_M_heh.wav,discomfort/2948_M_heh.wav,discomfort,train,4,pitch_shift,"{""steps"":2.036809}",117,17672840769823497253,virtual:aug_e5929e5d3bc5b5097521
aug_47e8cd4383b5745ecf0a,rec_a6c2687f77e0cf79aef3,D:\INFANT CRY\data_set_dbl_split\train\discomfort\3175_F_heh.wav,discomfort/3175_F_heh.wav,discomfort,train,4,pitch_shift,"{""steps"":-1.819431}",118,14941220915230023866,virtual:aug_47e8cd4383b5745ecf0a
aug_c1c2c6528abbce995f44,rec_6eb0928d100be618ab76,D:\INFANT CRY\data_set_dbl_split\train\discomfort\3451_M_heh.wav,discomfort/3451_M_heh.wav,discomfort,train,4,time_stretch,"{""rate"":1.222954}",119,11960953263103721679,virtual:aug_c1c2c6528abbce995f44
aug_7073b0548b428c3ce4ad,rec_7025af523ff923b12389,D:\INFANT CRY\data_set_dbl_split\train\discomfort\3499_M_heh.wav,discomfort/3499_M_heh.wav,discomfort,train,4,time_stretch,"{""rate"":0.817558}",120,6686524613090360882,virtual:aug_7073b0548b428c3ce4ad
aug_d88cddf947e126e101cb,rec_158ce180cdd2526ffa91,D:\INFANT CRY\data_set_dbl_split\train\discomfort\2895_M_heh.wav,discomfort/2895_M_heh.wav,discomfort,train,4,gaussian_noise,"{""noise_factor"":0.004419366}",121,2486352252925919299,virtual:aug_d88cddf947e126e101cb
aug_aa7d357b9daa48488b08,rec_52da117b101c516c1c42,D:\INFANT CRY\data_set_dbl_split\train\discomfort\4262_M_heh.wav,discomfort/4262_M_heh.wav,discomfort,train,4,pitch_shift,"{""steps"":0.969225}",122,5729078313918377466,virtual:aug_aa7d357b9daa48488b08
aug_788c9435e129e9b34251,rec_02ea82f3316cb050f905,D:\INFANT CRY\data_set_dbl_split\train\discomfort\1826_F_heh.wav,discomfort/1826_F_heh.wav,discomfort,train,4,pitch_shift,"{""steps"":-1.065341}",123,17746339449345359667,virtual:aug_788c9435e129e9b34251
aug_9d961fa77ca082550fa8,rec_0aa9e91ac3fcb2b11225,D:\INFANT CRY\data_set_dbl_split\train\discomfort\4177_M_heh.wav,discomfort/4177_M_heh.wav,discomfort,train,4,time_stretch,"{""rate"":1.102701}",124,16303276058829803172,virtual:aug_9d961fa77ca082550fa8
aug_fb7f7f79345c4c26f6b0,rec_29ecf264fe494eea58fb,D:\INFANT CRY\data_set_dbl_split\train\discomfort\3984_F_heh.wav,discomfort/3984_F_heh.wav,discomfort,train,4,time_stretch,"{""rate"":0.889125}",125,15435637649137536480,virtual:aug_fb7f7f79345c4c26f6b0
aug_b0a6d59b43992494d23b,rec_970de6b0b559a331bcc5,D:\INFANT CRY\data_set_dbl_split\train\discomfort\4977_M_heh.wav,discomfort/4977_M_heh.wav,discomfort,train,4,time_shift,"{""fraction"":0.0537234}",126,10818025531707679623,virtual:aug_b0a6d59b43992494d23b
aug_93aff5afb797d4896b0f,rec_0d4c7e9d16ffe8d1bbff,D:\INFANT CRY\data_set_dbl_split\train\discomfort\3468_F_heh.wav,discomfort/3468_F_heh.wav,discomfort,train,4,gaussian_noise,"{""noise_factor"":0.002738355}",127,3217711320454333862,virtual:aug_93aff5afb797d4896b0f
aug_f9ce64bbd54464fad97c,rec_5dd030b8afd73faf7e6d,D:\INFANT CRY\data_set_dbl_split\train\discomfort\dunstan-heh_48.wav,discomfort/dunstan-heh_48.wav,discomfort,train,4,pitch_shift,"{""steps"":2.188772}",128,8957063453236600916,virtual:aug_f9ce64bbd54464fad97c
aug_2d45c6542bad9dfc1400,rec_ea8217cfae981608c5cf,D:\INFANT CRY\data_set_dbl_split\train\discomfort\1775_M_heh.wav,discomfort/1775_M_heh.wav,discomfort,train,4,pitch_shift,"{""steps"":-2.000006}",129,10150521059306686223,virtual:aug_2d45c6542bad9dfc1400
aug_8fe1082a1a8ef589e0fd,rec_1f3d7360241859021509,D:\INFANT CRY\data_set_dbl_split\train\discomfort\1192_M_heh.wav,discomfort/1192_M_heh.wav,discomfort,train,4,time_stretch,"{""rate"":1.196882}",130,15337954161605938059,virtual:aug_8fe1082a1a8ef589e0fd
aug_8428cc89329132d5c40e,rec_86e6760be24886dd3199,D:\INFANT CRY\data_set_dbl_split\train\discomfort\4712_M_heh.wav,discomfort/4712_M_heh.wav,discomfort,train,4,time_stretch,"{""rate"":0.823961}",131,4505548806980783725,virtual:aug_8428cc89329132d5c40e
aug_d255dcaa3497c910435a,rec_1e1cf13b4d1b84eb706c,D:\INFANT CRY\data_set_dbl_split\train\discomfort\dunstan-heh_37.wav,discomfort/dunstan-heh_37.wav,discomfort,train,4,gaussian_noise,"{""noise_factor"":0.004601559}",132,4529013618384309603,virtual:aug_d255dcaa3497c910435a
aug_99e622486320b6ffb7e2,rec_8e8cba3c6a2d7b965e01,D:\INFANT CRY\data_set_dbl_split\train\discomfort\4203_M_heh.wav,discomfort/4203_M_heh.wav,discomfort,train,4,pitch_shift,"{""steps"":0.916554}",133,15431544850643109565,virtual:aug_99e622486320b6ffb7e2
aug_8b2e5e78bc7521165f21,rec_75f5e44678bb0fbe8f9d,D:\INFANT CRY\data_set_dbl_split\train\discomfort\2436_M_heh.wav,discomfort/2436_M_heh.wav,discomfort,train,4,pitch_shift,"{""steps"":-0.973068}",134,9969103049586693011,virtual:aug_8b2e5e78bc7521165f21
aug_49edaf5cc0b3cf66bbd7,rec_35ee8ab5d6dd0b87c748,D:\INFANT CRY\data_set_dbl_split\train\discomfort\dunstan-heh_34.wav,discomfort/dunstan-heh_34.wav,discomfort,train,4,time_stretch,"{""rate"":1.120397}",135,8129598054237323146,virtual:aug_49edaf5cc0b3cf66bbd7
aug_868ec96915dcb1aee440,rec_60d4a3b0d92ddce6aa04,D:\INFANT CRY\data_set_dbl_split\train\discomfort\2345_M_heh.wav,discomfort/2345_M_heh.wav,discomfort,train,4,time_stretch,"{""rate"":0.879542}",136,10323358580771146130,virtual:aug_868ec96915dcb1aee440
aug_59e4f960fc654d89dd4f,rec_3ea9d39bb4edc68fdf50,D:\INFANT CRY\data_set_dbl_split\train\discomfort\3719_M_heh.wav,discomfort/3719_M_heh.wav,discomfort,train,4,time_shift,"{""fraction"":-0.0316142}",137,13840267693855798325,virtual:aug_59e4f960fc654d89dd4f
aug_559028c6b43c78de2d0d,rec_aafac0f86f7d823eb681,D:\INFANT CRY\data_set_dbl_split\train\discomfort\2856_M_heh.wav,discomfort/2856_M_heh.wav,discomfort,train,4,gaussian_noise,"{""noise_factor"":0.002859872}",138,14371610349867430725,virtual:aug_559028c6b43c78de2d0d
aug_1b6ae6d09fa208a8c37d,rec_09d3a8609a2587658b70,D:\INFANT CRY\data_set_dbl_split\train\discomfort\4818_M_heh.wav,discomfort/4818_M_heh.wav,discomfort,train,4,pitch_shift,"{""steps"":2.005799}",139,8690515931210263683,virtual:aug_1b6ae6d09fa208a8c37d
aug_7f763865419d3fd6846b,rec_4c06d158e10c7b910785,D:\INFANT CRY\data_set_dbl_split\train\discomfort\2612_M_heh.wav,discomfort/2612_M_heh.wav,discomfort,train,4,pitch_shift,"{""steps"":-1.817342}",140,15501412134586517370,virtual:aug_7f763865419d3fd6846b
aug_7e84db8157efd316baa3,rec_9185eef7e2aecebfb720,D:\INFANT CRY\data_set_dbl_split\train\discomfort\735_M_heh.wav,discomfort/735_M_heh.wav,discomfort,train,4,time_stretch,"{""rate"":1.20078}",141,9559494075157089983,virtual:aug_7e84db8157efd316baa3
aug_31b8423f55cfa44b19d2,rec_af6446fc5d9db7acb66b,D:\INFANT CRY\data_set_dbl_split\train\discomfort\2409_M_heh.wav,discomfort/2409_M_heh.wav,discomfort,train,4,time_stretch,"{""rate"":0.811444}",142,9596987013764694628,virtual:aug_31b8423f55cfa44b19d2
aug_92da06ae3db3a49bb630,rec_6750c27eac310fed8c87,D:\INFANT CRY\data_set_dbl_split\train\discomfort\203_F_heh.wav,discomfort/203_F_heh.wav,discomfort,train,4,gaussian_noise,"{""noise_factor"":0.004871568}",143,3954667407028386479,virtual:aug_92da06ae3db3a49bb630
aug_73414dca37ac2a3604b8,rec_c30ffcebec910157af48,D:\INFANT CRY\data_set_dbl_split\train\discomfort\1196_M_heh.wav,discomfort/1196_M_heh.wav,discomfort,train,4,pitch_shift,"{""steps"":0.806899}",144,5632147025133259173,virtual:aug_73414dca37ac2a3604b8
aug_726c5d1891e445de09a9,rec_6ad89027638c1a776894,D:\INFANT CRY\data_set_dbl_split\train\discomfort\4228_M_heh.wav,discomfort/4228_M_heh.wav,discomfort,train,4,pitch_shift,"{""steps"":-0.996485}",145,18089298873942072028,virtual:aug_726c5d1891e445de09a9
aug_c910c63adb2daab79bd1,rec_3f52b4d2fc987b097465,D:\INFANT CRY\data_set_dbl_split\train\discomfort\362_M_heh.wav,discomfort/362_M_heh.wav,discomfort,train,4,time_stretch,"{""rate"":1.114879}",146,3010389327976035203,virtual:aug_c910c63adb2daab79bd1
aug_360071de74930fb4c680,rec_170a61ba4bff3a2d5277,D:\INFANT CRY\data_set_dbl_split\train\discomfort\2526_M_heh.wav,discomfort/2526_M_heh.wav,discomfort,train,4,time_stretch,"{""rate"":0.888597}",147,5711098145481118301,virtual:aug_360071de74930fb4c680
aug_c0846b0d8324fe945aa1,rec_a7a1cff4c1b04c4a0a73,D:\INFANT CRY\data_set_dbl_split\train\discomfort\3992_M_heh.wav,discomfort/3992_M_heh.wav,discomfort,train,4,time_shift,"{""fraction"":-0.0911338}",148,7278761748324690163,virtual:aug_c0846b0d8324fe945aa1
aug_b53759098fc779f5acd9,rec_535c552a0776b718850f,D:\INFANT CRY\data_set_dbl_split\train\discomfort\1266_M_heh.wav,discomfort/1266_M_heh.wav,discomfort,train,4,gaussian_noise,"{""noise_factor"":0.002491204}",149,3113398103726995399,virtual:aug_b53759098fc779f5acd9
aug_7ecc3a05975a1d1a6d4b,rec_f4d28e0fc9542a590b34,D:\INFANT CRY\data_set_dbl_split\train\discomfort\3844_M_heh.wav,discomfort/3844_M_heh.wav,discomfort,train,4,pitch_shift,"{""steps"":2.084013}",150,16095788279766654489,virtual:aug_7ecc3a05975a1d1a6d4b
aug_30e094a59df79dbec340,rec_a446a8a4d062af8dda1b,D:\INFANT CRY\data_set_dbl_split\train\discomfort\dunstan-heh_15.wav,discomfort/dunstan-heh_15.wav,discomfort,train,4,pitch_shift,"{""steps"":-2.135019}",151,15317409755443744864,virtual:aug_30e094a59df79dbec340
aug_6f2aabc7884c489f186e,rec_0added8756718f697995,D:\INFANT CRY\data_set_dbl_split\train\discomfort\2085_M_heh.wav,discomfort/2085_M_heh.wav,discomfort,train,4,time_stretch,"{""rate"":1.211764}",152,15888144680733301170,virtual:aug_6f2aabc7884c489f186e
aug_efc277f212f3a9cb5aa4,rec_9362bfdd724c2e4f3f5f,D:\INFANT CRY\data_set_dbl_split\train\discomfort\dunstan-heh_21.wav,discomfort/dunstan-heh_21.wav,discomfort,train,4,time_stretch,"{""rate"":0.820545}",153,15313935819723403666,virtual:aug_efc277f212f3a9cb5aa4
aug_9227d28a62be152b3ee6,rec_cf665a8d5d04d0e150ed,D:\INFANT CRY\data_set_dbl_split\train\discomfort\3643_M_heh.wav,discomfort/3643_M_heh.wav,discomfort,train,4,gaussian_noise,"{""noise_factor"":0.004715044}",154,1617353905387955341,virtual:aug_9227d28a62be152b3ee6
aug_0097c1b7063e7f7e31ba,rec_542e505927d446598565,D:\INFANT CRY\data_set_dbl_split\train\discomfort\3815_F_heh.wav,discomfort/3815_F_heh.wav,discomfort,train,4,pitch_shift,"{""steps"":0.851719}",155,9025379659228587858,virtual:aug_0097c1b7063e7f7e31ba
aug_aa12be07762e69d7bf50,rec_db0d984635fb9d6ef729,D:\INFANT CRY\data_set_dbl_split\train\discomfort\dunstan-heh_10.wav,discomfort/dunstan-heh_10.wav,discomfort,train,4,pitch_shift,"{""steps"":-0.985826}",156,12971660060386242710,virtual:aug_aa12be07762e69d7bf50
aug_127de9e217eab5c92730,rec_270278ab42fbf19a6468,D:\INFANT CRY\data_set_dbl_split\train\discomfort\3715_M_heh.wav,discomfort/3715_M_heh.wav,discomfort,train,4,time_stretch,"{""rate"":1.1073}",157,14795468038794431401,virtual:aug_127de9e217eab5c92730
aug_6b7dd3686b468f6596a0,rec_6456e2ce88a30a623868,D:\INFANT CRY\data_set_dbl_split\train\discomfort\dunstan-heh_39.wav,discomfort/dunstan-heh_39.wav,discomfort,train,4,time_stretch,"{""rate"":0.886779}",158,15249294916628070332,virtual:aug_6b7dd3686b468f6596a0
aug_5095072b5ef47573079b,rec_7d53ec14d0de07ba9f29,D:\INFANT CRY\data_set_dbl_split\train\discomfort\3083_M_heh.wav,discomfort/3083_M_heh.wav,discomfort,train,4,time_shift,"{""fraction"":0.0815078}",159,5322926687697382205,virtual:aug_5095072b5ef47573079b
aug_51e76682a7a9766a88e7,rec_d29795646338e698d6c0,D:\INFANT CRY\data_set_dbl_split\train\discomfort\2416_M_heh.wav,discomfort/2416_M_heh.wav,discomfort,train,4,gaussian_noise,"{""noise_factor"":0.002532307}",160,723677089223153738,virtual:aug_51e76682a7a9766a88e7
aug_6e3ab968ac1d12e25b31,rec_c3478edae2c382b946fe,D:\INFANT CRY\data_set_dbl_split\train\discomfort\1189_F_heh.wav,discomfort/1189_F_heh.wav,discomfort,train,4,pitch_shift,"{""steps"":1.909511}",161,16609623947963891604,virtual:aug_6e3ab968ac1d12e25b31
aug_b3a9af85806ce8876c30,rec_a1bb82b464315dcad4da,D:\INFANT CRY\data_set_dbl_split\train\discomfort\915_M_heh.wav,discomfort/915_M_heh.wav,discomfort,train,4,pitch_shift,"{""steps"":-2.081926}",162,9938120301876168850,virtual:aug_b3a9af85806ce8876c30
aug_32f5efab427dfd11adac,rec_b4327cfdcef8a6d08926,D:\INFANT CRY\data_set_dbl_split\train\discomfort\4422_M_heh.wav,discomfort/4422_M_heh.wav,discomfort,train,4,time_stretch,"{""rate"":1.186283}",163,8780084794315715214,virtual:aug_32f5efab427dfd11adac
aug_17dde462c34b045eefee,rec_812b51427c3184c41a51,D:\INFANT CRY\data_set_dbl_split\train\discomfort\3305_M_heh.wav,discomfort/3305_M_heh.wav,discomfort,train,4,time_stretch,"{""rate"":0.809858}",164,14130573468448688924,virtual:aug_17dde462c34b045eefee
aug_71b0d367096dfa3d2ceb,rec_47ad8a2ec8f931f1904d,D:\INFANT CRY\data_set_dbl_split\train\discomfort\dunstan-heh_13.wav,discomfort/dunstan-heh_13.wav,discomfort,train,4,gaussian_noise,"{""noise_factor"":0.004629351}",165,12069422347173050096,virtual:aug_71b0d367096dfa3d2ceb
aug_920b0d445db25201f0e1,rec_9bd40eced9885796e2fa,D:\INFANT CRY\data_set_dbl_split\train\discomfort\4424_F_heh.wav,discomfort/4424_F_heh.wav,discomfort,train,4,pitch_shift,"{""steps"":0.840972}",166,12059270879327980126,virtual:aug_920b0d445db25201f0e1
aug_7fa54d8d47269c9a64c0,rec_545a14847418aadce545,D:\INFANT CRY\data_set_dbl_split\train\discomfort\4253_M_heh.wav,discomfort/4253_M_heh.wav,discomfort,train,4,pitch_shift,"{""steps"":-0.926502}",167,13022241492729529902,virtual:aug_7fa54d8d47269c9a64c0
aug_0f8fc6a061f9992339f7,rec_2c14edaf86afba716162,D:\INFANT CRY\data_set_dbl_split\train\discomfort\dunstan-heh_17.wav,discomfort/dunstan-heh_17.wav,discomfort,train,4,time_stretch,"{""rate"":1.119215}",168,11605108065301647189,virtual:aug_0f8fc6a061f9992339f7
aug_9b15748943a7d7ce0a3f,rec_f4d972ce5aa401717524,D:\INFANT CRY\data_set_dbl_split\train\discomfort\dunstan-heh_56.wav,discomfort/dunstan-heh_56.wav,discomfort,train,4,time_stretch,"{""rate"":0.884324}",169,1023489568808537115,virtual:aug_9b15748943a7d7ce0a3f
aug_1c80f676162c7b11e20c,rec_dffa4febe3cb777a6ec2,D:\INFANT CRY\data_set_dbl_split\train\discomfort\2332_M_heh.wav,discomfort/2332_M_heh.wav,discomfort,train,4,time_shift,"{""fraction"":-0.0780372}",170,3384793085626434788,virtual:aug_1c80f676162c7b11e20c
aug_b6a4b55a8931fb301052,rec_d4374ee440aee747b757,D:\INFANT CRY\data_set_dbl_split\train\discomfort\dunstan-heh_11.wav,discomfort/dunstan-heh_11.wav,discomfort,train,4,gaussian_noise,"{""noise_factor"":0.002442624}",171,3735269552855292464,virtual:aug_b6a4b55a8931fb301052
aug_b3344e8f9e25adb006aa,rec_b2b046ee6befacc1736f,D:\INFANT CRY\data_set_dbl_split\train\discomfort\595_M_heh.wav,discomfort/595_M_heh.wav,discomfort,train,4,pitch_shift,"{""steps"":2.145738}",172,621242986048064754,virtual:aug_b3344e8f9e25adb006aa
aug_ad726bcf1cc46a6d94c2,rec_c5ca2cddf85a72e0dc56,D:\INFANT CRY\data_set_dbl_split\train\discomfort\4782_M_heh.wav,discomfort/4782_M_heh.wav,discomfort,train,4,pitch_shift,"{""steps"":-1.987513}",173,13680615276336183573,virtual:aug_ad726bcf1cc46a6d94c2
aug_822776e44f1e634c106a,rec_6bbd0237afd88cf9b3c1,D:\INFANT CRY\data_set_dbl_split\train\discomfort\3795_M_heh.wav,discomfort/3795_M_heh.wav,discomfort,train,4,time_stretch,"{""rate"":1.193698}",174,3537060968583513270,virtual:aug_822776e44f1e634c106a
aug_4dd3f22fbb03fc6ddb86,rec_bb84d05c8dfb27a04662,D:\INFANT CRY\data_set_dbl_split\train\discomfort\507_M_heh.wav,discomfort/507_M_heh.wav,discomfort,train,4,time_stretch,"{""rate"":0.80802}",175,10073333878310742764,virtual:aug_4dd3f22fbb03fc6ddb86
aug_fe263cbc687168913748,rec_371bb1b9e4f734680eb6,D:\INFANT CRY\data_set_dbl_split\train\discomfort\3298_M_heh.wav,discomfort/3298_M_heh.wav,discomfort,train,4,gaussian_noise,"{""noise_factor"":0.004434574}",176,18261632606352521854,virtual:aug_fe263cbc687168913748
aug_6228c12508c0443ab489,rec_00aeffb9aa41099dc5e5,D:\INFANT CRY\data_set_dbl_split\train\discomfort\4084_M_heh.wav,discomfort/4084_M_heh.wav,discomfort,train,4,pitch_shift,"{""steps"":0.829146}",177,15914132982864695175,virtual:aug_6228c12508c0443ab489
aug_111304149c522f4b1825,rec_e03c385467424eb08738,D:\INFANT CRY\data_set_dbl_split\train\discomfort\dunstan-heh_8.wav,discomfort/dunstan-heh_8.wav,discomfort,train,4,pitch_shift,"{""steps"":-0.945591}",178,18190806359661495681,virtual:aug_111304149c522f4b1825
aug_29a0cc2196537d6027ee,rec_96e032ce543e45616669,D:\INFANT CRY\data_set_dbl_split\train\discomfort\2011_M_heh.wav,discomfort/2011_M_heh.wav,discomfort,train,4,time_stretch,"{""rate"":1.106401}",179,16557621633256124265,virtual:aug_29a0cc2196537d6027ee
aug_c2bc6ac46ee02f0733aa,rec_333243a7285e8e47127f,D:\INFANT CRY\data_set_dbl_split\train\discomfort\dunstan-heh_1.wav,discomfort/dunstan-heh_1.wav,discomfort,train,4,time_stretch,"{""rate"":0.917212}",180,16615892176556265285,virtual:aug_c2bc6ac46ee02f0733aa
aug_3b768573f95335f730a7,rec_3d99f5ba8607ab46d834,D:\INFANT CRY\data_set_dbl_split\train\discomfort\dunstan-heh_6.wav,discomfort/dunstan-heh_6.wav,discomfort,train,4,time_shift,"{""fraction"":0.0955297}",181,16401351190507866934,virtual:aug_3b768573f95335f730a7
aug_921caa2efa0c612d97be,rec_91afffc62993be071030,D:\INFANT CRY\data_set_dbl_split\train\discomfort\2535_M_heh.wav,discomfort/2535_M_heh.wav,discomfort,train,4,gaussian_noise,"{""noise_factor"":0.002625861}",182,6444275212431424518,virtual:aug_921caa2efa0c612d97be
aug_3c01566ab9588d9de850,rec_16c3c32dab93b50e898e,D:\INFANT CRY\data_set_dbl_split\train\discomfort\812_F_heh.wav,discomfort/812_F_heh.wav,discomfort,train,4,pitch_shift,"{""steps"":1.836945}",183,7069653083933466654,virtual:aug_3c01566ab9588d9de850
aug_0ca87efbf3c045a341e3,rec_c66c61c76109180f4ea4,D:\INFANT CRY\data_set_dbl_split\train\discomfort\592_M_heh.wav,discomfort/592_M_heh.wav,discomfort,train,4,pitch_shift,"{""steps"":-1.815868}",184,9068203000193961106,virtual:aug_0ca87efbf3c045a341e3
aug_3e3e35b843d03a71ab9f,rec_4358c2c84f657df97471,D:\INFANT CRY\data_set_dbl_split\train\discomfort\1800_M_heh.wav,discomfort/1800_M_heh.wav,discomfort,train,4,time_stretch,"{""rate"":1.179585}",185,980649662505204139,virtual:aug_3e3e35b843d03a71ab9f
aug_5a81bf1461b0be0fbd4c,rec_aeb79fc9b0c45b64f93c,D:\INFANT CRY\data_set_dbl_split\train\discomfort\4790_M_heh.wav,discomfort/4790_M_heh.wav,discomfort,train,4,time_stretch,"{""rate"":0.800261}",186,11506202619020248317,virtual:aug_5a81bf1461b0be0fbd4c
aug_af3e02944d65fc01ff3f,rec_f764034287a4370b136d,D:\INFANT CRY\data_set_dbl_split\train\discomfort\4290_F_heh.wav,discomfort/4290_F_heh.wav,discomfort,train,4,gaussian_noise,"{""noise_factor"":0.005561282}",187,5115878198190593683,virtual:aug_af3e02944d65fc01ff3f
aug_6d68921db9073cc438c8,rec_0655eee816f825bf3d59,D:\INFANT CRY\data_set_dbl_split\train\discomfort\2814_F_heh.wav,discomfort/2814_F_heh.wav,discomfort,train,4,pitch_shift,"{""steps"":1.095608}",188,7510509553500944849,virtual:aug_6d68921db9073cc438c8
aug_857663068eb17886bc9a,rec_823255df478a0f9da394,D:\INFANT CRY\data_set_dbl_split\train\discomfort\2948_M_heh.wav,discomfort/2948_M_heh.wav,discomfort,train,4,pitch_shift,"{""steps"":-0.901786}",189,4536069360225886635,virtual:aug_857663068eb17886bc9a
aug_304a46db0b5c55beefcd,rec_a6c2687f77e0cf79aef3,D:\INFANT CRY\data_set_dbl_split\train\discomfort\3175_F_heh.wav,discomfort/3175_F_heh.wav,discomfort,train,4,time_stretch,"{""rate"":1.076621}",190,2137475579135659613,virtual:aug_304a46db0b5c55beefcd
aug_f806fb6c436ab266d778,rec_6eb0928d100be618ab76,D:\INFANT CRY\data_set_dbl_split\train\discomfort\3451_M_heh.wav,discomfort/3451_M_heh.wav,discomfort,train,4,time_stretch,"{""rate"":0.887179}",191,9628345383590894868,virtual:aug_f806fb6c436ab266d778
aug_3ee32899ff364ec800b4,rec_7025af523ff923b12389,D:\INFANT CRY\data_set_dbl_split\train\discomfort\3499_M_heh.wav,discomfort/3499_M_heh.wav,discomfort,train,4,time_shift,"{""fraction"":-0.073231}",192,12776273221216496805,virtual:aug_3ee32899ff364ec800b4
aug_a8cd0f8014800baa5b8e,rec_158ce180cdd2526ffa91,D:\INFANT CRY\data_set_dbl_split\train\discomfort\2895_M_heh.wav,discomfort/2895_M_heh.wav,discomfort,train,4,gaussian_noise,"{""noise_factor"":0.002310631}",193,16142939512115333442,virtual:aug_a8cd0f8014800baa5b8e
aug_256a48185c644abc3c0b,rec_52da117b101c516c1c42,D:\INFANT CRY\data_set_dbl_split\train\discomfort\4262_M_heh.wav,discomfort/4262_M_heh.wav,discomfort,train,4,pitch_shift,"{""steps"":1.890213}",194,1508689629456638575,virtual:aug_256a48185c644abc3c0b
aug_2f73d16c347d0dfc4bf2,rec_02ea82f3316cb050f905,D:\INFANT CRY\data_set_dbl_split\train\discomfort\1826_F_heh.wav,discomfort/1826_F_heh.wav,discomfort,train,4,pitch_shift,"{""steps"":-2.106762}",195,12567410395064134306,virtual:aug_2f73d16c347d0dfc4bf2
aug_4b8518350b91225c5eaf,rec_0aa9e91ac3fcb2b11225,D:\INFANT CRY\data_set_dbl_split\train\discomfort\4177_M_heh.wav,discomfort/4177_M_heh.wav,discomfort,train,4,time_stretch,"{""rate"":1.188734}",196,1684071550682249819,virtual:aug_4b8518350b91225c5eaf
aug_22db31ed035e3625eb58,rec_29ecf264fe494eea58fb,D:\INFANT CRY\data_set_dbl_split\train\discomfort\3984_F_heh.wav,discomfort/3984_F_heh.wav,discomfort,train,4,time_stretch,"{""rate"":0.80813}",197,935379030039743982,virtual:aug_22db31ed035e3625eb58
aug_8a997ec725773cf9474f,rec_970de6b0b559a331bcc5,D:\INFANT CRY\data_set_dbl_split\train\discomfort\4977_M_heh.wav,discomfort/4977_M_heh.wav,discomfort,train,4,gaussian_noise,"{""noise_factor"":0.004692944}",198,17261934554743012037,virtual:aug_8a997ec725773cf9474f
aug_b875e0096ce3678590ce,rec_0d4c7e9d16ffe8d1bbff,D:\INFANT CRY\data_set_dbl_split\train\discomfort\3468_F_heh.wav,discomfort/3468_F_heh.wav,discomfort,train,4,pitch_shift,"{""steps"":0.974717}",199,7709776722287846607,virtual:aug_b875e0096ce3678590ce
aug_e367e4091535ca3a90f3,rec_5dd030b8afd73faf7e6d,D:\INFANT CRY\data_set_dbl_split\train\discomfort\dunstan-heh_48.wav,discomfort/dunstan-heh_48.wav,discomfort,train,4,pitch_shift,"{""steps"":-1.08491}",200,7320629342845930045,virtual:aug_e367e4091535ca3a90f3
aug_f9a3c0c9439f2ab85e21,rec_ea8217cfae981608c5cf,D:\INFANT CRY\data_set_dbl_split\train\discomfort\1775_M_heh.wav,discomfort/1775_M_heh.wav,discomfort,train,4,time_stretch,"{""rate"":1.113237}",201,14032027856653453093,virtual:aug_f9a3c0c9439f2ab85e21
aug_9f7176f4b229c5b59fb1,rec_1f3d7360241859021509,D:\INFANT CRY\data_set_dbl_split\train\discomfort\1192_M_heh.wav,discomfort/1192_M_heh.wav,discomfort,train,4,time_stretch,"{""rate"":0.876321}",202,14681108715458805372,virtual:aug_9f7176f4b229c5b59fb1
aug_c261be873218dd9af306,rec_86e6760be24886dd3199,D:\INFANT CRY\data_set_dbl_split\train\discomfort\4712_M_heh.wav,discomfort/4712_M_heh.wav,discomfort,train,4,time_shift,"{""fraction"":0.0029362}",203,4894871247990069689,virtual:aug_c261be873218dd9af306
aug_b00c6e1d835c993ffa2b,rec_1e1cf13b4d1b84eb706c,D:\INFANT CRY\data_set_dbl_split\train\discomfort\dunstan-heh_37.wav,discomfort/dunstan-heh_37.wav,discomfort,train,4,gaussian_noise,"{""noise_factor"":0.002453031}",204,18053978522860910573,virtual:aug_b00c6e1d835c993ffa2b
aug_7b12097994d276822ae5,rec_8e8cba3c6a2d7b965e01,D:\INFANT CRY\data_set_dbl_split\train\discomfort\4203_M_heh.wav,discomfort/4203_M_heh.wav,discomfort,train,4,pitch_shift,"{""steps"":1.968281}",205,18022733635837500750,virtual:aug_7b12097994d276822ae5
aug_704953efb40a139afaf2,rec_75f5e44678bb0fbe8f9d,D:\INFANT CRY\data_set_dbl_split\train\discomfort\2436_M_heh.wav,discomfort/2436_M_heh.wav,discomfort,train,4,pitch_shift,"{""steps"":-1.837345}",206,15993063019811449442,virtual:aug_704953efb40a139afaf2
aug_e4c630b49166d7cd1d4a,rec_35ee8ab5d6dd0b87c748,D:\INFANT CRY\data_set_dbl_split\train\discomfort\dunstan-heh_34.wav,discomfort/dunstan-heh_34.wav,discomfort,train,4,time_stretch,"{""rate"":1.197398}",207,594275658848736800,virtual:aug_e4c630b49166d7cd1d4a
aug_b45377296b8d43929f3c,rec_60d4a3b0d92ddce6aa04,D:\INFANT CRY\data_set_dbl_split\train\discomfort\2345_M_heh.wav,discomfort/2345_M_heh.wav,discomfort,train,4,time_stretch,"{""rate"":0.791039}",208,9683131834702537000,virtual:aug_b45377296b8d43929f3c
aug_95b78ed45e0fb61d7bbe,rec_3ea9d39bb4edc68fdf50,D:\INFANT CRY\data_set_dbl_split\train\discomfort\3719_M_heh.wav,discomfort/3719_M_heh.wav,discomfort,train,4,gaussian_noise,"{""noise_factor"":0.005335766}",209,6655351327486229878,virtual:aug_95b78ed45e0fb61d7bbe
aug_c53334ef78edb567262c,rec_aafac0f86f7d823eb681,D:\INFANT CRY\data_set_dbl_split\train\discomfort\2856_M_heh.wav,discomfort/2856_M_heh.wav,discomfort,train,4,pitch_shift,"{""steps"":1.153851}",210,7434249234300631500,virtual:aug_c53334ef78edb567262c
aug_c473f87aba7f4d054969,rec_09d3a8609a2587658b70,D:\INFANT CRY\data_set_dbl_split\train\discomfort\4818_M_heh.wav,discomfort/4818_M_heh.wav,discomfort,train,4,pitch_shift,"{""steps"":-1.14696}",211,4900984560920039988,virtual:aug_c473f87aba7f4d054969
aug_41bbc67dae48b99e15cd,rec_4c06d158e10c7b910785,D:\INFANT CRY\data_set_dbl_split\train\discomfort\2612_M_heh.wav,discomfort/2612_M_heh.wav,discomfort,train,4,time_stretch,"{""rate"":1.09979}",212,15612850464116029906,virtual:aug_41bbc67dae48b99e15cd
aug_8bfcd97c62af6b075a90,rec_9185eef7e2aecebfb720,D:\INFANT CRY\data_set_dbl_split\train\discomfort\735_M_heh.wav,discomfort/735_M_heh.wav,discomfort,train,4,time_stretch,"{""rate"":0.879069}",213,12175682377569962821,virtual:aug_8bfcd97c62af6b075a90
aug_0c27decd2c4381e6cdfb,rec_af6446fc5d9db7acb66b,D:\INFANT CRY\data_set_dbl_split\train\discomfort\2409_M_heh.wav,discomfort/2409_M_heh.wav,discomfort,train,4,time_shift,"{""fraction"":-0.0491171}",214,13762705206346998224,virtual:aug_0c27decd2c4381e6cdfb
aug_a8f25c92a49319d201b0,rec_6750c27eac310fed8c87,D:\INFANT CRY\data_set_dbl_split\train\discomfort\203_F_heh.wav,discomfort/203_F_heh.wav,discomfort,train,4,gaussian_noise,"{""noise_factor"":0.002423729}",215,9692423533981573244,virtual:aug_a8f25c92a49319d201b0
aug_c097f5273d6f9ddfa320,rec_c30ffcebec910157af48,D:\INFANT CRY\data_set_dbl_split\train\discomfort\1196_M_heh.wav,discomfort/1196_M_heh.wav,discomfort,train,4,pitch_shift,"{""steps"":2.064489}",216,14416721969761739849,virtual:aug_c097f5273d6f9ddfa320
aug_d07db2f7fd7e909c0dde,rec_6ad89027638c1a776894,D:\INFANT CRY\data_set_dbl_split\train\discomfort\4228_M_heh.wav,discomfort/4228_M_heh.wav,discomfort,train,4,pitch_shift,"{""steps"":-1.979621}",217,4166642070467320301,virtual:aug_d07db2f7fd7e909c0dde
aug_25590f3917fe61653f4d,rec_3f52b4d2fc987b097465,D:\INFANT CRY\data_set_dbl_split\train\discomfort\362_M_heh.wav,discomfort/362_M_heh.wav,discomfort,train,4,time_stretch,"{""rate"":1.183109}",218,4625743003713909778,virtual:aug_25590f3917fe61653f4d
aug_36031cef6f285ec2c75d,rec_170a61ba4bff3a2d5277,D:\INFANT CRY\data_set_dbl_split\train\discomfort\2526_M_heh.wav,discomfort/2526_M_heh.wav,discomfort,train,4,time_stretch,"{""rate"":0.785802}",219,2948669553124193650,virtual:aug_36031cef6f285ec2c75d
aug_0801ea7a47c4b56900ce,rec_a7a1cff4c1b04c4a0a73,D:\INFANT CRY\data_set_dbl_split\train\discomfort\3992_M_heh.wav,discomfort/3992_M_heh.wav,discomfort,train,4,gaussian_noise,"{""noise_factor"":0.005421302}",220,564823059489152928,virtual:aug_0801ea7a47c4b56900ce
aug_0e44a535e5e97e45c432,rec_535c552a0776b718850f,D:\INFANT CRY\data_set_dbl_split\train\discomfort\1266_M_heh.wav,discomfort/1266_M_heh.wav,discomfort,train,4,pitch_shift,"{""steps"":0.832517}",221,16559052379190352847,virtual:aug_0e44a535e5e97e45c432
aug_3e83a3c8a88518f45a43,rec_f4d28e0fc9542a590b34,D:\INFANT CRY\data_set_dbl_split\train\discomfort\3844_M_heh.wav,discomfort/3844_M_heh.wav,discomfort,train,4,pitch_shift,"{""steps"":-1.059861}",222,5367276602943920117,virtual:aug_3e83a3c8a88518f45a43
aug_867be951cacbea96ddba,rec_a446a8a4d062af8dda1b,D:\INFANT CRY\data_set_dbl_split\train\discomfort\dunstan-heh_15.wav,discomfort/dunstan-heh_15.wav,discomfort,train,4,time_stretch,"{""rate"":1.113106}",223,9490287759482315932,virtual:aug_867be951cacbea96ddba
aug_f9f623bee008cef37d9b,rec_0added8756718f697995,D:\INFANT CRY\data_set_dbl_split\train\discomfort\2085_M_heh.wav,discomfort/2085_M_heh.wav,discomfort,train,4,time_stretch,"{""rate"":0.89775}",224,17291935060073657241,virtual:aug_f9f623bee008cef37d9b
aug_05db75b94a4f83efaf28,rec_9362bfdd724c2e4f3f5f,D:\INFANT CRY\data_set_dbl_split\train\discomfort\dunstan-heh_21.wav,discomfort/dunstan-heh_21.wav,discomfort,train,4,time_shift,"{""fraction"":-0.0624214}",225,288128508069808466,virtual:aug_05db75b94a4f83efaf28
aug_dac523f18130ca4660a5,rec_cf665a8d5d04d0e150ed,D:\INFANT CRY\data_set_dbl_split\train\discomfort\3643_M_heh.wav,discomfort/3643_M_heh.wav,discomfort,train,4,gaussian_noise,"{""noise_factor"":0.002477893}",226,1585524416628811633,virtual:aug_dac523f18130ca4660a5
aug_d3bcb6096303c9a1ad8c,rec_542e505927d446598565,D:\INFANT CRY\data_set_dbl_split\train\discomfort\3815_F_heh.wav,discomfort/3815_F_heh.wav,discomfort,train,4,pitch_shift,"{""steps"":1.843136}",227,15071772319825599027,virtual:aug_d3bcb6096303c9a1ad8c
aug_c7aaba34b929643c372e,rec_db0d984635fb9d6ef729,D:\INFANT CRY\data_set_dbl_split\train\discomfort\dunstan-heh_10.wav,discomfort/dunstan-heh_10.wav,discomfort,train,4,pitch_shift,"{""steps"":-1.971024}",228,7272921286825144825,virtual:aug_c7aaba34b929643c372e
aug_ddff06fae30f09e8d5df,rec_270278ab42fbf19a6468,D:\INFANT CRY\data_set_dbl_split\train\discomfort\3715_M_heh.wav,discomfort/3715_M_heh.wav,discomfort,train,4,time_stretch,"{""rate"":1.181347}",229,49811574019097455,virtual:aug_ddff06fae30f09e8d5df
aug_6178899203f3d1052580,rec_6456e2ce88a30a623868,D:\INFANT CRY\data_set_dbl_split\train\discomfort\dunstan-heh_39.wav,discomfort/dunstan-heh_39.wav,discomfort,train,4,time_stretch,"{""rate"":0.803235}",230,11100371878906815717,virtual:aug_6178899203f3d1052580
aug_10d74916f602911873d8,rec_7d53ec14d0de07ba9f29,D:\INFANT CRY\data_set_dbl_split\train\discomfort\3083_M_heh.wav,discomfort/3083_M_heh.wav,discomfort,train,4,gaussian_noise,"{""noise_factor"":0.005193177}",231,11462491435414003017,virtual:aug_10d74916f602911873d8
aug_96183df6ae34632440f0,rec_d29795646338e698d6c0,D:\INFANT CRY\data_set_dbl_split\train\discomfort\2416_M_heh.wav,discomfort/2416_M_heh.wav,discomfort,train,4,pitch_shift,"{""steps"":0.814743}",232,5247312860796785910,virtual:aug_96183df6ae34632440f0
aug_32398b1652baadd417fd,rec_c3478edae2c382b946fe,D:\INFANT CRY\data_set_dbl_split\train\discomfort\1189_F_heh.wav,discomfort/1189_F_heh.wav,discomfort,train,4,pitch_shift,"{""steps"":-1.0591}",233,6373810464206049577,virtual:aug_32398b1652baadd417fd
aug_6131a65c5ac8b770e57d,rec_a1bb82b464315dcad4da,D:\INFANT CRY\data_set_dbl_split\train\discomfort\915_M_heh.wav,discomfort/915_M_heh.wav,discomfort,train,4,time_stretch,"{""rate"":1.121897}",234,7336719173507169358,virtual:aug_6131a65c5ac8b770e57d
aug_f8d825eb383f4e7a7c23,rec_b4327cfdcef8a6d08926,D:\INFANT CRY\data_set_dbl_split\train\discomfort\4422_M_heh.wav,discomfort/4422_M_heh.wav,discomfort,train,4,time_stretch,"{""rate"":0.906258}",235,14945067279019632422,virtual:aug_f8d825eb383f4e7a7c23
aug_5ed3e6874fdbff8db262,rec_812b51427c3184c41a51,D:\INFANT CRY\data_set_dbl_split\train\discomfort\3305_M_heh.wav,discomfort/3305_M_heh.wav,discomfort,train,4,time_shift,"{""fraction"":0.0410124}",236,6766087493993706537,virtual:aug_5ed3e6874fdbff8db262
aug_4a50c43cb3c11f879c90,rec_47ad8a2ec8f931f1904d,D:\INFANT CRY\data_set_dbl_split\train\discomfort\dunstan-heh_13.wav,discomfort/dunstan-heh_13.wav,discomfort,train,4,gaussian_noise,"{""noise_factor"":0.002488098}",237,5368359648622822242,virtual:aug_4a50c43cb3c11f879c90
aug_b97228477f631747b799,rec_9bd40eced9885796e2fa,D:\INFANT CRY\data_set_dbl_split\train\discomfort\4424_F_heh.wav,discomfort/4424_F_heh.wav,discomfort,train,4,pitch_shift,"{""steps"":1.868139}",238,12761176855923414237,virtual:aug_b97228477f631747b799
aug_ca2d5dd7009d89f9e72d,rec_545a14847418aadce545,D:\INFANT CRY\data_set_dbl_split\train\discomfort\4253_M_heh.wav,discomfort/4253_M_heh.wav,discomfort,train,4,pitch_shift,"{""steps"":-1.988495}",239,2826354752064965517,virtual:aug_ca2d5dd7009d89f9e72d
aug_bce89d667effb9c0e8b0,rec_2c14edaf86afba716162,D:\INFANT CRY\data_set_dbl_split\train\discomfort\dunstan-heh_17.wav,discomfort/dunstan-heh_17.wav,discomfort,train,4,time_stretch,"{""rate"":1.203124}",240,2961711229306149326,virtual:aug_bce89d667effb9c0e8b0
aug_d05af5aa98225c383ed0,rec_f4d972ce5aa401717524,D:\INFANT CRY\data_set_dbl_split\train\discomfort\dunstan-heh_56.wav,discomfort/dunstan-heh_56.wav,discomfort,train,4,time_stretch,"{""rate"":0.779972}",241,13393128836609588570,virtual:aug_d05af5aa98225c383ed0
aug_4d536959b68c0c91dc2c,rec_dffa4febe3cb777a6ec2,D:\INFANT CRY\data_set_dbl_split\train\discomfort\2332_M_heh.wav,discomfort/2332_M_heh.wav,discomfort,train,4,gaussian_noise,"{""noise_factor"":0.004475653}",242,8305995054373349121,virtual:aug_4d536959b68c0c91dc2c
aug_f0e9c7d79e81eb473a20,rec_d4374ee440aee747b757,D:\INFANT CRY\data_set_dbl_split\train\discomfort\dunstan-heh_11.wav,discomfort/dunstan-heh_11.wav,discomfort,train,4,pitch_shift,"{""steps"":1.121132}",243,14867215711332372837,virtual:aug_f0e9c7d79e81eb473a20
aug_b5bc36458f9319022c09,rec_b2b046ee6befacc1736f,D:\INFANT CRY\data_set_dbl_split\train\discomfort\595_M_heh.wav,discomfort/595_M_heh.wav,discomfort,train,4,pitch_shift,"{""steps"":-1.06586}",244,11371365048500294343,virtual:aug_b5bc36458f9319022c09
aug_e1f0aa89c7855f3923ea,rec_c5ca2cddf85a72e0dc56,D:\INFANT CRY\data_set_dbl_split\train\discomfort\4782_M_heh.wav,discomfort/4782_M_heh.wav,discomfort,train,4,time_stretch,"{""rate"":1.123816}",245,12509491099556309142,virtual:aug_e1f0aa89c7855f3923ea
aug_52a45f793e5c94a18673,rec_6bbd0237afd88cf9b3c1,D:\INFANT CRY\data_set_dbl_split\train\discomfort\3795_M_heh.wav,discomfort/3795_M_heh.wav,discomfort,train,4,time_stretch,"{""rate"":0.912769}",246,16926031546419763250,virtual:aug_52a45f793e5c94a18673
aug_db68973c1537c811df98,rec_bb84d05c8dfb27a04662,D:\INFANT CRY\data_set_dbl_split\train\discomfort\507_M_heh.wav,discomfort/507_M_heh.wav,discomfort,train,4,time_shift,"{""fraction"":0.0967625}",247,10715432191535491983,virtual:aug_db68973c1537c811df98
aug_8659dd29761fda40030b,rec_371bb1b9e4f734680eb6,D:\INFANT CRY\data_set_dbl_split\train\discomfort\3298_M_heh.wav,discomfort/3298_M_heh.wav,discomfort,train,4,gaussian_noise,"{""noise_factor"":0.002238337}",248,10899946522585015197,virtual:aug_8659dd29761fda40030b
aug_2c300a3a3f63a93addbd,rec_00aeffb9aa41099dc5e5,D:\INFANT CRY\data_set_dbl_split\train\discomfort\4084_M_heh.wav,discomfort/4084_M_heh.wav,discomfort,train,4,pitch_shift,"{""steps"":1.825475}",249,14126266406814408392,virtual:aug_2c300a3a3f63a93addbd
aug_d35564ded8ba18eb8872,rec_e03c385467424eb08738,D:\INFANT CRY\data_set_dbl_split\train\discomfort\dunstan-heh_8.wav,discomfort/dunstan-heh_8.wav,discomfort,train,4,pitch_shift,"{""steps"":-2.126916}",250,14424210322432889926,virtual:aug_d35564ded8ba18eb8872
aug_3211fb90f1ca8b0fbbf9,rec_96e032ce543e45616669,D:\INFANT CRY\data_set_dbl_split\train\discomfort\2011_M_heh.wav,discomfort/2011_M_heh.wav,discomfort,train,4,time_stretch,"{""rate"":1.208325}",251,8537140406946214247,virtual:aug_3211fb90f1ca8b0fbbf9
aug_19fc60325b2151740474,rec_333243a7285e8e47127f,D:\INFANT CRY\data_set_dbl_split\train\discomfort\dunstan-heh_1.wav,discomfort/dunstan-heh_1.wav,discomfort,train,4,time_stretch,"{""rate"":0.785017}",252,14158685118251940473,virtual:aug_19fc60325b2151740474
aug_fb4156e1265543eb38e3,rec_3d99f5ba8607ab46d834,D:\INFANT CRY\data_set_dbl_split\train\discomfort\dunstan-heh_6.wav,discomfort/dunstan-heh_6.wav,discomfort,train,4,gaussian_noise,"{""noise_factor"":0.004983513}",253,5171835544417739752,virtual:aug_fb4156e1265543eb38e3
aug_4f5486779686561b4676,rec_91afffc62993be071030,D:\INFANT CRY\data_set_dbl_split\train\discomfort\2535_M_heh.wav,discomfort/2535_M_heh.wav,discomfort,train,4,pitch_shift,"{""steps"":1.165346}",254,13355087499609204461,virtual:aug_4f5486779686561b4676
aug_1ca2f9fda9c6a8fc241b,rec_16c3c32dab93b50e898e,D:\INFANT CRY\data_set_dbl_split\train\discomfort\812_F_heh.wav,discomfort/812_F_heh.wav,discomfort,train,4,pitch_shift,"{""steps"":-0.844893}",255,15206080130237696484,virtual:aug_1ca2f9fda9c6a8fc241b
aug_e1d5ed24ab6655e9c882,rec_c66c61c76109180f4ea4,D:\INFANT CRY\data_set_dbl_split\train\discomfort\592_M_heh.wav,discomfort/592_M_heh.wav,discomfort,train,4,time_stretch,"{""rate"":1.118211}",256,595422838899400692,virtual:aug_e1d5ed24ab6655e9c882
aug_30b31abc6185a7736427,rec_4358c2c84f657df97471,D:\INFANT CRY\data_set_dbl_split\train\discomfort\1800_M_heh.wav,discomfort/1800_M_heh.wav,discomfort,train,4,time_stretch,"{""rate"":0.91446}",257,3170782929290339962,virtual:aug_30b31abc6185a7736427
aug_19230db88cb25c5a677d,rec_aeb79fc9b0c45b64f93c,D:\INFANT CRY\data_set_dbl_split\train\discomfort\4790_M_heh.wav,discomfort/4790_M_heh.wav,discomfort,train,4,time_shift,"{""fraction"":0.0153255}",258,17111706973156228804,virtual:aug_19230db88cb25c5a677d
aug_b1202503bca03367fe52,rec_f764034287a4370b136d,D:\INFANT CRY\data_set_dbl_split\train\discomfort\4290_F_heh.wav,discomfort/4290_F_heh.wav,discomfort,train,4,gaussian_noise,"{""noise_factor"":0.00244354}",259,18395698815307419704,virtual:aug_b1202503bca03367fe52
aug_a028f01f4f1f81fda273,rec_0655eee816f825bf3d59,D:\INFANT CRY\data_set_dbl_split\train\discomfort\2814_F_heh.wav,discomfort/2814_F_heh.wav,discomfort,train,4,pitch_shift,"{""steps"":1.803146}",260,10703532876655550657,virtual:aug_a028f01f4f1f81fda273
aug_b3569ba637c1af690f20,rec_823255df478a0f9da394,D:\INFANT CRY\data_set_dbl_split\train\discomfort\2948_M_heh.wav,discomfort/2948_M_heh.wav,discomfort,train,4,pitch_shift,"{""steps"":-2.144967}",261,107948767021525179,virtual:aug_b3569ba637c1af690f20
aug_06bbdd515fa8fcdfb070,rec_a6c2687f77e0cf79aef3,D:\INFANT CRY\data_set_dbl_split\train\discomfort\3175_F_heh.wav,discomfort/3175_F_heh.wav,discomfort,train,4,time_stretch,"{""rate"":1.198201}",262,2699373514088992790,virtual:aug_06bbdd515fa8fcdfb070
aug_74a75211c93a8965b34c,rec_6eb0928d100be618ab76,D:\INFANT CRY\data_set_dbl_split\train\discomfort\3451_M_heh.wav,discomfort/3451_M_heh.wav,discomfort,train,4,time_stretch,"{""rate"":0.795111}",263,10076273835199826834,virtual:aug_74a75211c93a8965b34c
aug_2b7349a865d4be7e1197,rec_7025af523ff923b12389,D:\INFANT CRY\data_set_dbl_split\train\discomfort\3499_M_heh.wav,discomfort/3499_M_heh.wav,discomfort,train,4,gaussian_noise,"{""noise_factor"":0.00472449}",264,6379562549719956254,virtual:aug_2b7349a865d4be7e1197
aug_c425c25d4c802817e86d,rec_158ce180cdd2526ffa91,D:\INFANT CRY\data_set_dbl_split\train\discomfort\2895_M_heh.wav,discomfort/2895_M_heh.wav,discomfort,train,4,pitch_shift,"{""steps"":1.083346}",265,6178116330590230296,virtual:aug_c425c25d4c802817e86d
aug_80870e165df6eeb48375,rec_52da117b101c516c1c42,D:\INFANT CRY\data_set_dbl_split\train\discomfort\4262_M_heh.wav,discomfort/4262_M_heh.wav,discomfort,train,4,pitch_shift,"{""steps"":-0.862022}",266,12358490313951217772,virtual:aug_80870e165df6eeb48375
aug_7430d36b98622ba0ce56,rec_02ea82f3316cb050f905,D:\INFANT CRY\data_set_dbl_split\train\discomfort\1826_F_heh.wav,discomfort/1826_F_heh.wav,discomfort,train,4,time_stretch,"{""rate"":1.087073}",267,2166707757049106923,virtual:aug_7430d36b98622ba0ce56
aug_08fe29f5b13d5ab73d8a,rec_0aa9e91ac3fcb2b11225,D:\INFANT CRY\data_set_dbl_split\train\discomfort\4177_M_heh.wav,discomfort/4177_M_heh.wav,discomfort,train,4,time_stretch,"{""rate"":0.911714}",268,8460087273483465491,virtual:aug_08fe29f5b13d5ab73d8a
aug_af96fb69ea57fa14d68c,rec_29ecf264fe494eea58fb,D:\INFANT CRY\data_set_dbl_split\train\discomfort\3984_F_heh.wav,discomfort/3984_F_heh.wav,discomfort,train,4,time_shift,"{""fraction"":-0.0056187}",269,3564833902988661380,virtual:aug_af96fb69ea57fa14d68c
aug_70f9a58932a5958b97b8,rec_970de6b0b559a331bcc5,D:\INFANT CRY\data_set_dbl_split\train\discomfort\4977_M_heh.wav,discomfort/4977_M_heh.wav,discomfort,train,4,gaussian_noise,"{""noise_factor"":0.002292469}",270,2957559665331286470,virtual:aug_70f9a58932a5958b97b8
aug_d0734d5ee35af8081877,rec_0d4c7e9d16ffe8d1bbff,D:\INFANT CRY\data_set_dbl_split\train\discomfort\3468_F_heh.wav,discomfort/3468_F_heh.wav,discomfort,train,4,pitch_shift,"{""steps"":1.926268}",271,6269181228684549416,virtual:aug_d0734d5ee35af8081877
aug_412ee16de7c8544be86b,rec_5dd030b8afd73faf7e6d,D:\INFANT CRY\data_set_dbl_split\train\discomfort\dunstan-heh_48.wav,discomfort/dunstan-heh_48.wav,discomfort,train,4,pitch_shift,"{""steps"":-1.949905}",272,10607427852834872214,virtual:aug_412ee16de7c8544be86b
aug_72c6c44610fb59a91ad6,rec_ea8217cfae981608c5cf,D:\INFANT CRY\data_set_dbl_split\train\discomfort\1775_M_heh.wav,discomfort/1775_M_heh.wav,discomfort,train,4,time_stretch,"{""rate"":1.190351}",273,4608407266096016760,virtual:aug_72c6c44610fb59a91ad6
aug_15ac2577378bea375e92,rec_1f3d7360241859021509,D:\INFANT CRY\data_set_dbl_split\train\discomfort\1192_M_heh.wav,discomfort/1192_M_heh.wav,discomfort,train,4,time_stretch,"{""rate"":0.821148}",274,9406512925235475715,virtual:aug_15ac2577378bea375e92
aug_186f043eab9cdcd1934b,rec_86e6760be24886dd3199,D:\INFANT CRY\data_set_dbl_split\train\discomfort\4712_M_heh.wav,discomfort/4712_M_heh.wav,discomfort,train,4,gaussian_noise,"{""noise_factor"":0.00456607}",275,16805125756819575059,virtual:aug_186f043eab9cdcd1934b
aug_ba3128c4e326aa10238c,rec_1e1cf13b4d1b84eb706c,D:\INFANT CRY\data_set_dbl_split\train\discomfort\dunstan-heh_37.wav,discomfort/dunstan-heh_37.wav,discomfort,train,4,pitch_shift,"{""steps"":0.953436}",276,673274503765228170,virtual:aug_ba3128c4e326aa10238c
aug_df6c0eec2f73aff35bc3,rec_8e8cba3c6a2d7b965e01,D:\INFANT CRY\data_set_dbl_split\train\discomfort\4203_M_heh.wav,discomfort/4203_M_heh.wav,discomfort,train,4,pitch_shift,"{""steps"":-0.918008}",277,6543182279579355567,virtual:aug_df6c0eec2f73aff35bc3
aug_5306f366101a2ccef98c,rec_75f5e44678bb0fbe8f9d,D:\INFANT CRY\data_set_dbl_split\train\discomfort\2436_M_heh.wav,discomfort/2436_M_heh.wav,discomfort,train,4,time_stretch,"{""rate"":1.10361}",278,1902526673675450888,virtual:aug_5306f366101a2ccef98c
aug_57acf0148447e2b3ed5e,rec_35ee8ab5d6dd0b87c748,D:\INFANT CRY\data_set_dbl_split\train\discomfort\dunstan-heh_34.wav,discomfort/dunstan-heh_34.wav,discomfort,train,4,time_stretch,"{""rate"":0.878082}",279,8877907503341217259,virtual:aug_57acf0148447e2b3ed5e
aug_548a05b8a42fe7aa9e02,rec_60d4a3b0d92ddce6aa04,D:\INFANT CRY\data_set_dbl_split\train\discomfort\2345_M_heh.wav,discomfort/2345_M_heh.wav,discomfort,train,4,time_shift,"{""fraction"":0.0152431}",280,9710514896930808657,virtual:aug_548a05b8a42fe7aa9e02
aug_892039c0b49e5d4a6746,rec_3ea9d39bb4edc68fdf50,D:\INFANT CRY\data_set_dbl_split\train\discomfort\3719_M_heh.wav,discomfort/3719_M_heh.wav,discomfort,train,4,gaussian_noise,"{""noise_factor"":0.002789403}",281,14006090645215643435,virtual:aug_892039c0b49e5d4a6746
aug_61c9642fecc54c5fc0bc,rec_aafac0f86f7d823eb681,D:\INFANT CRY\data_set_dbl_split\train\discomfort\2856_M_heh.wav,discomfort/2856_M_heh.wav,discomfort,train,4,pitch_shift,"{""steps"":1.958253}",282,660191183444527034,virtual:aug_61c9642fecc54c5fc0bc
aug_41503f5617dadc8441f4,rec_09d3a8609a2587658b70,D:\INFANT CRY\data_set_dbl_split\train\discomfort\4818_M_heh.wav,discomfort/4818_M_heh.wav,discomfort,train,4,pitch_shift,"{""steps"":-2.087867}",283,2101004934828729267,virtual:aug_41503f5617dadc8441f4
aug_b4a1e43c8aabd726efbe,rec_4c06d158e10c7b910785,D:\INFANT CRY\data_set_dbl_split\train\discomfort\2612_M_heh.wav,discomfort/2612_M_heh.wav,discomfort,train,4,time_stretch,"{""rate"":1.206862}",284,10766634471543943654,virtual:aug_b4a1e43c8aabd726efbe
aug_b0ccc5344dc5d0678688,rec_9185eef7e2aecebfb720,D:\INFANT CRY\data_set_dbl_split\train\discomfort\735_M_heh.wav,discomfort/735_M_heh.wav,discomfort,train,4,time_stretch,"{""rate"":0.801166}",285,5470027077452749475,virtual:aug_b0ccc5344dc5d0678688
aug_a3bddbd99c2a81c7331e,rec_af6446fc5d9db7acb66b,D:\INFANT CRY\data_set_dbl_split\train\discomfort\2409_M_heh.wav,discomfort/2409_M_heh.wav,discomfort,train,4,gaussian_noise,"{""noise_factor"":0.004334442}",286,2698836075814986734,virtual:aug_a3bddbd99c2a81c7331e
aug_1bde5df34c6bf1d0a681,rec_6750c27eac310fed8c87,D:\INFANT CRY\data_set_dbl_split\train\discomfort\203_F_heh.wav,discomfort/203_F_heh.wav,discomfort,train,4,pitch_shift,"{""steps"":1.116328}",287,6582243890268855004,virtual:aug_1bde5df34c6bf1d0a681
aug_c60d41bb5d7f01995346,rec_c30ffcebec910157af48,D:\INFANT CRY\data_set_dbl_split\train\discomfort\1196_M_heh.wav,discomfort/1196_M_heh.wav,discomfort,train,4,pitch_shift,"{""steps"":-0.96304}",288,12326812235142130215,virtual:aug_c60d41bb5d7f01995346
aug_7911cb2cf00a5d5da88e,rec_6ad89027638c1a776894,D:\INFANT CRY\data_set_dbl_split\train\discomfort\4228_M_heh.wav,discomfort/4228_M_heh.wav,discomfort,train,4,time_stretch,"{""rate"":1.113825}",289,3595379037730386563,virtual:aug_7911cb2cf00a5d5da88e
aug_dcd3cdb1a682387d0583,rec_3f52b4d2fc987b097465,D:\INFANT CRY\data_set_dbl_split\train\discomfort\362_M_heh.wav,discomfort/362_M_heh.wav,discomfort,train,4,time_stretch,"{""rate"":0.897463}",290,10555342807994639104,virtual:aug_dcd3cdb1a682387d0583
aug_5785fe689f41a99683e2,rec_170a61ba4bff3a2d5277,D:\INFANT CRY\data_set_dbl_split\train\discomfort\2526_M_heh.wav,discomfort/2526_M_heh.wav,discomfort,train,4,time_shift,"{""fraction"":0.0352901}",291,2268854979824714624,virtual:aug_5785fe689f41a99683e2
aug_f8e37e3fb079dba4a105,rec_a7a1cff4c1b04c4a0a73,D:\INFANT CRY\data_set_dbl_split\train\discomfort\3992_M_heh.wav,discomfort/3992_M_heh.wav,discomfort,train,4,gaussian_noise,"{""noise_factor"":0.002683622}",292,1136117723140187231,virtual:aug_f8e37e3fb079dba4a105
aug_78d7b1455d20309e3a7d,rec_535c552a0776b718850f,D:\INFANT CRY\data_set_dbl_split\train\discomfort\1266_M_heh.wav,discomfort/1266_M_heh.wav,discomfort,train,4,pitch_shift,"{""steps"":2.122587}",293,9925916865446416468,virtual:aug_78d7b1455d20309e3a7d
aug_74a7d061f001054e83ca,rec_f4d28e0fc9542a590b34,D:\INFANT CRY\data_set_dbl_split\train\discomfort\3844_M_heh.wav,discomfort/3844_M_heh.wav,discomfort,train,4,pitch_shift,"{""steps"":-2.186827}",294,12656985567262504755,virtual:aug_74a7d061f001054e83ca
aug_f4c510f5e2d5abb91692,rec_a446a8a4d062af8dda1b,D:\INFANT CRY\data_set_dbl_split\train\discomfort\dunstan-heh_15.wav,discomfort/dunstan-heh_15.wav,discomfort,train,4,time_stretch,"{""rate"":1.208405}",295,6399346245534803243,virtual:aug_f4c510f5e2d5abb91692
aug_600a805022b5e6b54b58,rec_0added8756718f697995,D:\INFANT CRY\data_set_dbl_split\train\discomfort\2085_M_heh.wav,discomfort/2085_M_heh.wav,discomfort,train,4,time_stretch,"{""rate"":0.822711}",296,18033669440347780545,virtual:aug_600a805022b5e6b54b58
aug_3b26393a6a78a32486a6,rec_9362bfdd724c2e4f3f5f,D:\INFANT CRY\data_set_dbl_split\train\discomfort\dunstan-heh_21.wav,discomfort/dunstan-heh_21.wav,discomfort,train,4,gaussian_noise,"{""noise_factor"":0.005089483}",297,16422672176318664577,virtual:aug_3b26393a6a78a32486a6
aug_812e44986c896f4c1d40,rec_cf665a8d5d04d0e150ed,D:\INFANT CRY\data_set_dbl_split\train\discomfort\3643_M_heh.wav,discomfort/3643_M_heh.wav,discomfort,train,4,pitch_shift,"{""steps"":1.044839}",298,9515400038723905928,virtual:aug_812e44986c896f4c1d40
aug_ba1a0f04cf62e40f607b,rec_542e505927d446598565,D:\INFANT CRY\data_set_dbl_split\train\discomfort\3815_F_heh.wav,discomfort/3815_F_heh.wav,discomfort,train,4,pitch_shift,"{""steps"":-1.185333}",299,12010657926039800256,virtual:aug_ba1a0f04cf62e40f607b
aug_466cc48da901c19eb498,rec_db0d984635fb9d6ef729,D:\INFANT CRY\data_set_dbl_split\train\discomfort\dunstan-heh_10.wav,discomfort/dunstan-heh_10.wav,discomfort,train,4,time_stretch,"{""rate"":1.080488}",300,13743092050374454687,virtual:aug_466cc48da901c19eb498
aug_8c25bf04ad0989fa05d3,rec_270278ab42fbf19a6468,D:\INFANT CRY\data_set_dbl_split\train\discomfort\3715_M_heh.wav,discomfort/3715_M_heh.wav,discomfort,train,4,time_stretch,"{""rate"":0.885731}",301,9429699316021401132,virtual:aug_8c25bf04ad0989fa05d3
aug_8588e50fe48e294539a7,rec_6456e2ce88a30a623868,D:\INFANT CRY\data_set_dbl_split\train\discomfort\dunstan-heh_39.wav,discomfort/dunstan-heh_39.wav,discomfort,train,4,time_shift,"{""fraction"":-0.0238778}",302,2609839632362904370,virtual:aug_8588e50fe48e294539a7
aug_b8c8af7a537dd2f15871,rec_7d53ec14d0de07ba9f29,D:\INFANT CRY\data_set_dbl_split\train\discomfort\3083_M_heh.wav,discomfort/3083_M_heh.wav,discomfort,train,4,gaussian_noise,"{""noise_factor"":0.002230771}",303,15356177899644422363,virtual:aug_b8c8af7a537dd2f15871
aug_7ae3913e7489974b861f,rec_d29795646338e698d6c0,D:\INFANT CRY\data_set_dbl_split\train\discomfort\2416_M_heh.wav,discomfort/2416_M_heh.wav,discomfort,train,4,pitch_shift,"{""steps"":2.151572}",304,13091587274220291661,virtual:aug_7ae3913e7489974b861f
aug_4e1cdd9875648c386ed1,rec_c3478edae2c382b946fe,D:\INFANT CRY\data_set_dbl_split\train\discomfort\1189_F_heh.wav,discomfort/1189_F_heh.wav,discomfort,train,4,pitch_shift,"{""steps"":-1.972462}",305,4055403117361592828,virtual:aug_4e1cdd9875648c386ed1
aug_39417591fbdf7558917c,rec_a1bb82b464315dcad4da,D:\INFANT CRY\data_set_dbl_split\train\discomfort\915_M_heh.wav,discomfort/915_M_heh.wav,discomfort,train,4,time_stretch,"{""rate"":1.180622}",306,4504896896798263328,virtual:aug_39417591fbdf7558917c
aug_261bbbb17707c53ec4a8,rec_b4327cfdcef8a6d08926,D:\INFANT CRY\data_set_dbl_split\train\discomfort\4422_M_heh.wav,discomfort/4422_M_heh.wav,discomfort,train,4,time_stretch,"{""rate"":0.794096}",307,12059704597207559413,virtual:aug_261bbbb17707c53ec4a8
aug_649b67477fca362955f1,rec_812b51427c3184c41a51,D:\INFANT CRY\data_set_dbl_split\train\discomfort\3305_M_heh.wav,discomfort/3305_M_heh.wav,discomfort,train,4,gaussian_noise,"{""noise_factor"":0.004296338}",308,10358387898429926006,virtual:aug_649b67477fca362955f1
aug_585d5088cca0eb4b0963,rec_47ad8a2ec8f931f1904d,D:\INFANT CRY\data_set_dbl_split\train\discomfort\dunstan-heh_13.wav,discomfort/dunstan-heh_13.wav,discomfort,train,4,pitch_shift,"{""steps"":0.845598}",309,9073191384310397846,virtual:aug_585d5088cca0eb4b0963
aug_a7c11127f8a84078852a,rec_9bd40eced9885796e2fa,D:\INFANT CRY\data_set_dbl_split\train\discomfort\4424_F_heh.wav,discomfort/4424_F_heh.wav,discomfort,train,4,pitch_shift,"{""steps"":-0.877416}",310,172567755920274348,virtual:aug_a7c11127f8a84078852a
aug_50c5a80a232293c18842,rec_545a14847418aadce545,D:\INFANT CRY\data_set_dbl_split\train\discomfort\4253_M_heh.wav,discomfort/4253_M_heh.wav,discomfort,train,4,time_stretch,"{""rate"":1.079085}",311,2709250497482140652,virtual:aug_50c5a80a232293c18842
aug_ffcae6e4cd344326c588,rec_2c14edaf86afba716162,D:\INFANT CRY\data_set_dbl_split\train\discomfort\dunstan-heh_17.wav,discomfort/dunstan-heh_17.wav,discomfort,train,4,time_stretch,"{""rate"":0.918051}",312,14041092162960294416,virtual:aug_ffcae6e4cd344326c588
aug_9ea1a3337650addad9ea,rec_f4d972ce5aa401717524,D:\INFANT CRY\data_set_dbl_split\train\discomfort\dunstan-heh_56.wav,discomfort/dunstan-heh_56.wav,discomfort,train,4,time_shift,"{""fraction"":-0.0156041}",313,2770609890503129783,virtual:aug_9ea1a3337650addad9ea
aug_101589b29b543b4b5a1b,rec_dffa4febe3cb777a6ec2,D:\INFANT CRY\data_set_dbl_split\train\discomfort\2332_M_heh.wav,discomfort/2332_M_heh.wav,discomfort,train,4,gaussian_noise,"{""noise_factor"":0.002560791}",314,3469794867450953010,virtual:aug_101589b29b543b4b5a1b
aug_b02d855b897f73bec68d,rec_d4374ee440aee747b757,D:\INFANT CRY\data_set_dbl_split\train\discomfort\dunstan-heh_11.wav,discomfort/dunstan-heh_11.wav,discomfort,train,4,pitch_shift,"{""steps"":2.167758}",315,12462824290511432804,virtual:aug_b02d855b897f73bec68d
aug_0702109c8d0ce71f1ccb,rec_b2b046ee6befacc1736f,D:\INFANT CRY\data_set_dbl_split\train\discomfort\595_M_heh.wav,discomfort/595_M_heh.wav,discomfort,train,4,pitch_shift,"{""steps"":-2.006855}",316,17644115384239346682,virtual:aug_0702109c8d0ce71f1ccb
aug_b5bd7eb85b6a103d2b6c,rec_c5ca2cddf85a72e0dc56,D:\INFANT CRY\data_set_dbl_split\train\discomfort\4782_M_heh.wav,discomfort/4782_M_heh.wav,discomfort,train,4,time_stretch,"{""rate"":1.183378}",317,4642603244509127675,virtual:aug_b5bd7eb85b6a103d2b6c
aug_40fa602e8770cba1aa90,rec_6bbd0237afd88cf9b3c1,D:\INFANT CRY\data_set_dbl_split\train\discomfort\3795_M_heh.wav,discomfort/3795_M_heh.wav,discomfort,train,4,time_stretch,"{""rate"":0.798781}",318,5849496889861299694,virtual:aug_40fa602e8770cba1aa90
aug_e502d64eb5b502385e20,rec_bb84d05c8dfb27a04662,D:\INFANT CRY\data_set_dbl_split\train\discomfort\507_M_heh.wav,discomfort/507_M_heh.wav,discomfort,train,4,gaussian_noise,"{""noise_factor"":0.004724227}",319,3246958772658385148,virtual:aug_e502d64eb5b502385e20
aug_744d18ea654495c70a4b,rec_371bb1b9e4f734680eb6,D:\INFANT CRY\data_set_dbl_split\train\discomfort\3298_M_heh.wav,discomfort/3298_M_heh.wav,discomfort,train,4,pitch_shift,"{""steps"":0.908912}",320,15451844328049839669,virtual:aug_744d18ea654495c70a4b
aug_b687c70cf14d39aefdc1,rec_00aeffb9aa41099dc5e5,D:\INFANT CRY\data_set_dbl_split\train\discomfort\4084_M_heh.wav,discomfort/4084_M_heh.wav,discomfort,train,4,pitch_shift,"{""steps"":-0.98944}",321,9521975016332191881,virtual:aug_b687c70cf14d39aefdc1
aug_8de71ff6e301ca20e539,rec_e03c385467424eb08738,D:\INFANT CRY\data_set_dbl_split\train\discomfort\dunstan-heh_8.wav,discomfort/dunstan-heh_8.wav,discomfort,train,4,time_stretch,"{""rate"":1.075504}",322,15377246258959212644,virtual:aug_8de71ff6e301ca20e539
aug_a4ed3c1c2ec2676aba6d,rec_96e032ce543e45616669,D:\INFANT CRY\data_set_dbl_split\train\discomfort\2011_M_heh.wav,discomfort/2011_M_heh.wav,discomfort,train,4,time_stretch,"{""rate"":0.888843}",323,14636710687419830225,virtual:aug_a4ed3c1c2ec2676aba6d
aug_245239bf79c230496cb8,rec_333243a7285e8e47127f,D:\INFANT CRY\data_set_dbl_split\train\discomfort\dunstan-heh_1.wav,discomfort/dunstan-heh_1.wav,discomfort,train,4,time_shift,"{""fraction"":0.0984792}",324,575350954823860015,virtual:aug_245239bf79c230496cb8
aug_749dc8e8e4588c207238,rec_3d99f5ba8607ab46d834,D:\INFANT CRY\data_set_dbl_split\train\discomfort\dunstan-heh_6.wav,discomfort/dunstan-heh_6.wav,discomfort,train,4,gaussian_noise,"{""noise_factor"":0.002771145}",325,3059578807281446356,virtual:aug_749dc8e8e4588c207238
aug_fd003d57d1c2e9e32a9a,rec_91afffc62993be071030,D:\INFANT CRY\data_set_dbl_split\train\discomfort\2535_M_heh.wav,discomfort/2535_M_heh.wav,discomfort,train,4,pitch_shift,"{""steps"":2.181108}",326,9342445584286753295,virtual:aug_fd003d57d1c2e9e32a9a
aug_e4e6a1ac9aff8c1fe7db,rec_16c3c32dab93b50e898e,D:\INFANT CRY\data_set_dbl_split\train\discomfort\812_F_heh.wav,discomfort/812_F_heh.wav,discomfort,train,4,pitch_shift,"{""steps"":-2.037457}",327,1918407591455549229,virtual:aug_e4e6a1ac9aff8c1fe7db
aug_8bb5213c55eb918c8aee,rec_c66c61c76109180f4ea4,D:\INFANT CRY\data_set_dbl_split\train\discomfort\592_M_heh.wav,discomfort/592_M_heh.wav,discomfort,train,4,time_stretch,"{""rate"":1.212127}",328,11679888316473096926,virtual:aug_8bb5213c55eb918c8aee
aug_b179459e8963a4d6d109,rec_4358c2c84f657df97471,D:\INFANT CRY\data_set_dbl_split\train\discomfort\1800_M_heh.wav,discomfort/1800_M_heh.wav,discomfort,train,4,time_stretch,"{""rate"":0.822752}",329,15183701768193222157,virtual:aug_b179459e8963a4d6d109
aug_7e58545110c0e1563cbf,rec_aeb79fc9b0c45b64f93c,D:\INFANT CRY\data_set_dbl_split\train\discomfort\4790_M_heh.wav,discomfort/4790_M_heh.wav,discomfort,train,4,gaussian_noise,"{""noise_factor"":0.005387127}",330,699263712504872645,virtual:aug_7e58545110c0e1563cbf
aug_7879edc90a3cde42ef66,rec_f764034287a4370b136d,D:\INFANT CRY\data_set_dbl_split\train\discomfort\4290_F_heh.wav,discomfort/4290_F_heh.wav,discomfort,train,4,pitch_shift,"{""steps"":1.004531}",331,6515069052722760943,virtual:aug_7879edc90a3cde42ef66
aug_cb52e17e21259489b4dd,rec_0655eee816f825bf3d59,D:\INFANT CRY\data_set_dbl_split\train\discomfort\2814_F_heh.wav,discomfort/2814_F_heh.wav,discomfort,train,4,pitch_shift,"{""steps"":-0.985609}",332,4607464517581510953,virtual:aug_cb52e17e21259489b4dd
aug_f5b2262ec7c5dee11296,rec_823255df478a0f9da394,D:\INFANT CRY\data_set_dbl_split\train\discomfort\2948_M_heh.wav,discomfort/2948_M_heh.wav,discomfort,train,4,time_stretch,"{""rate"":1.099287}",333,14497626736866747066,virtual:aug_f5b2262ec7c5dee11296
aug_ef02369bb4f1e35120a3,rec_a6c2687f77e0cf79aef3,D:\INFANT CRY\data_set_dbl_split\train\discomfort\3175_F_heh.wav,discomfort/3175_F_heh.wav,discomfort,train,4,time_stretch,"{""rate"":0.890065}",334,15721486046087466183,virtual:aug_ef02369bb4f1e35120a3
aug_4d2e6c8b8b654f444596,rec_3f27c431eeb305663abf,D:\INFANT CRY\data_set_dbl_split\train\hungry\2326_M_neh.wav,hungry/2326_M_neh.wav,hungry,train,4,gaussian_noise,"{""noise_factor"":0.004658348}",0,2141221595347927178,virtual:aug_4d2e6c8b8b654f444596
aug_deb535a231fb9e1aaa8f,rec_877d2010d59db49c24c5,D:\INFANT CRY\data_set_dbl_split\train\hungry\3844_F_neh.wav,hungry/3844_F_neh.wav,hungry,train,4,pitch_shift,"{""steps"":0.878189}",1,11622770759277197721,virtual:aug_deb535a231fb9e1aaa8f
aug_93593206410b36b40ec5,rec_30dd61c9506d4c0ad6d5,D:\INFANT CRY\data_set_dbl_split\train\hungry\1262_F_neh.wav,hungry/1262_F_neh.wav,hungry,train,4,pitch_shift,"{""steps"":-0.916603}",2,14986392048527437633,virtual:aug_93593206410b36b40ec5
aug_0278b1f96e8435c3fa71,rec_5f1156e4903ab6fe46cc,D:\INFANT CRY\data_set_dbl_split\train\hungry\2144_M_neh.wav,hungry/2144_M_neh.wav,hungry,train,4,time_stretch,"{""rate"":1.116674}",3,7511364827820602743,virtual:aug_0278b1f96e8435c3fa71
aug_2f85c67a28512dbfb03b,rec_2972e6c8e16512407617,D:\INFANT CRY\data_set_dbl_split\train\hungry\290_M_neh.wav,hungry/290_M_neh.wav,hungry,train,4,time_stretch,"{""rate"":0.906756}",4,13485611268069044842,virtual:aug_2f85c67a28512dbfb03b
aug_09389c43a88865bd6abf,rec_7523b8e66b4d3ccafefe,D:\INFANT CRY\data_set_dbl_split\train\hungry\354_M_neh.wav,hungry/354_M_neh.wav,hungry,train,4,time_shift,"{""fraction"":-0.0331411}",5,775011161304245435,virtual:aug_09389c43a88865bd6abf
aug_67ffb6e2d2a2cf6cdd71,rec_572209fcf4431574a106,D:\INFANT CRY\data_set_dbl_split\train\hungry\1221_M_neh.wav,hungry/1221_M_neh.wav,hungry,train,4,gaussian_noise,"{""noise_factor"":0.002293425}",6,9737497122942973369,virtual:aug_67ffb6e2d2a2cf6cdd71
aug_81df0f1ad4bd7cc0b949,rec_bbd412cfa7ef42afdb4b,D:\INFANT CRY\data_set_dbl_split\train\hungry\25_M_neh.wav,hungry/25_M_neh.wav,hungry,train,4,pitch_shift,"{""steps"":2.012448}",7,1554321920163930634,virtual:aug_81df0f1ad4bd7cc0b949
aug_0bdd73e366a676ce1660,rec_eb9ed8eb0009e46de602,D:\INFANT CRY\data_set_dbl_split\train\hungry\dunstan-neh_60.wav,hungry/dunstan-neh_60.wav,hungry,train,4,pitch_shift,"{""steps"":-1.915922}",8,17114697121519773828,virtual:aug_0bdd73e366a676ce1660
aug_eccbf5d0e35663d57a8e,rec_8fb0a7696007be9b34c3,D:\INFANT CRY\data_set_dbl_split\train\hungry\4920_F_neh.wav,hungry/4920_F_neh.wav,hungry,train,4,time_stretch,"{""rate"":1.190666}",9,18133373840135712773,virtual:aug_eccbf5d0e35663d57a8e
aug_84dd7be3f4024c329d72,rec_1ead87a594d0546fc079,D:\INFANT CRY\data_set_dbl_split\train\hungry\dunstan-neh_51.wav,hungry/dunstan-neh_51.wav,hungry,train,4,time_stretch,"{""rate"":0.777267}",10,5680976969738971923,virtual:aug_84dd7be3f4024c329d72
aug_f95b0b4205b93b0497d4,rec_674a9d5caada9832f371,D:\INFANT CRY\data_set_dbl_split\train\hungry\3830_M_neh.wav,hungry/3830_M_neh.wav,hungry,train,4,gaussian_noise,"{""noise_factor"":0.005745079}",11,9239541206163340626,virtual:aug_f95b0b4205b93b0497d4
aug_eca4763700272e1fb585,rec_9a989ed48e3e18f22982,D:\INFANT CRY\data_set_dbl_split\train\hungry\dunstan-neh_70.wav,hungry/dunstan-neh_70.wav,hungry,train,4,pitch_shift,"{""steps"":1.011024}",12,6141820163312802184,virtual:aug_eca4763700272e1fb585
aug_266f6099c63bf0e1a8f3,rec_9fda6433c0cfb05ba603,D:\INFANT CRY\data_set_dbl_split\train\hungry\2790_M_neh.wav,hungry/2790_M_neh.wav,hungry,train,4,pitch_shift,"{""steps"":-0.842902}",13,12669495591289395478,virtual:aug_266f6099c63bf0e1a8f3
aug_d9e382b43f4d4d3d3913,rec_483da636af8546408bfa,D:\INFANT CRY\data_set_dbl_split\train\hungry\3844_M_neh.wav,hungry/3844_M_neh.wav,hungry,train,4,time_stretch,"{""rate"":1.100714}",14,15936337631359597264,virtual:aug_d9e382b43f4d4d3d3913
aug_27350bdc537dfdb20def,rec_0552af17ff94910f260a,D:\INFANT CRY\data_set_dbl_split\train\hungry\dunstan-neh_7.wav,hungry/dunstan-neh_7.wav,hungry,train,4,time_stretch,"{""rate"":0.885653}",15,9958166020153825092,virtual:aug_27350bdc537dfdb20def
aug_1c9fa1bb2ec1f26a8ad7,rec_3eeb6dcac3167d9919e6,D:\INFANT CRY\data_set_dbl_split\train\hungry\4221_M_neh.wav,hungry/4221_M_neh.wav,hungry,train,4,time_shift,"{""fraction"":0.0996371}",16,17356610319951684126,virtual:aug_1c9fa1bb2ec1f26a8ad7
aug_ff44c03454c381db4a17,rec_463180d5d281fe991930,D:\INFANT CRY\data_set_dbl_split\train\hungry\3701_F_neh.wav,hungry/3701_F_neh.wav,hungry,train,4,gaussian_noise,"{""noise_factor"":0.00226029}",17,12463004005106137608,virtual:aug_ff44c03454c381db4a17
aug_0ef247b76668a23d6dab,rec_4b4785d5ae74ada7c3ec,D:\INFANT CRY\data_set_dbl_split\train\hungry\dunstan-neh_58.wav,hungry/dunstan-neh_58.wav,hungry,train,4,pitch_shift,"{""steps"":1.9822}",18,15884607252850778317,virtual:aug_0ef247b76668a23d6dab
aug_38351dc3ad684a0618c5,rec_863f55a8b59a50be7319,D:\INFANT CRY\data_set_dbl_split\train\hungry\2297_F_neh.wav,hungry/2297_F_neh.wav,hungry,train,4,pitch_shift,"{""steps"":-2.111173}",19,5638458147198023604,virtual:aug_38351dc3ad684a0618c5
aug_70ec9d80aa623c9199f0,rec_6a6e66f89a8a4d5d6593,D:\INFANT CRY\data_set_dbl_split\train\hungry\4908_M_neh.wav,hungry/4908_M_neh.wav,hungry,train,4,time_stretch,"{""rate"":1.180601}",20,1148749665172420383,virtual:aug_70ec9d80aa623c9199f0
aug_d226e99166b1d2da3905,rec_9007bb06e8ab85215018,D:\INFANT CRY\data_set_dbl_split\train\hungry\dunstan-neh_19.wav,hungry/dunstan-neh_19.wav,hungry,train,4,time_stretch,"{""rate"":0.805789}",21,838426091712992626,virtual:aug_d226e99166b1d2da3905
aug_52d1f2abc79df7fc586a,rec_07bbcb1c1339e971458e,D:\INFANT CRY\data_set_dbl_split\train\hungry\dunstan-neh_2.wav,hungry/dunstan-neh_2.wav,hungry,train,4,gaussian_noise,"{""noise_factor"":0.004519302}",22,16981858560340157323,virtual:aug_52d1f2abc79df7fc586a
aug_2dc18f93e2800400b280,rec_68a3b79ad863329c2fa0,D:\INFANT CRY\data_set_dbl_split\train\hungry\3168_M_neh.wav,hungry/3168_M_neh.wav,hungry,train,4,pitch_shift,"{""steps"":0.999271}",23,12745733878017383277,virtual:aug_2dc18f93e2800400b280
aug_ea0c42ef9e1f69a100d4,rec_adb4bfea9da208dd77b4,D:\INFANT CRY\data_set_dbl_split\train\hungry\2581_F_neh.wav,hungry/2581_F_neh.wav,hungry,train,4,pitch_shift,"{""steps"":-1.16664}",24,7169384484659596731,virtual:aug_ea0c42ef9e1f69a100d4
aug_7ae51d5b3caed7154751,rec_0ebec3765679d0d21c7c,D:\INFANT CRY\data_set_dbl_split\train\hungry\dunstan-neh_11.wav,hungry/dunstan-neh_11.wav,hungry,train,4,time_stretch,"{""rate"":1.097523}",25,2953064870395085320,virtual:aug_7ae51d5b3caed7154751
aug_136c1c7227a8cf792890,rec_da1f1379e0826d51b53e,D:\INFANT CRY\data_set_dbl_split\train\hungry\4111_M_neh.wav,hungry/4111_M_neh.wav,hungry,train,4,time_stretch,"{""rate"":0.924991}",26,12571927697703944465,virtual:aug_136c1c7227a8cf792890
aug_bdd0feaf767f0a523bac,rec_84a379178d9f921361e0,D:\INFANT CRY\data_set_dbl_split\train\hungry\1123_F_neh.wav,hungry/1123_F_neh.wav,hungry,train,4,time_shift,"{""fraction"":-0.0555009}",27,4195960232291256933,virtual:aug_bdd0feaf767f0a523bac
aug_1fe316aa9c55688274a1,rec_882649d0e1d9fb0fbaf3,D:\INFANT CRY\data_set_dbl_split\train\hungry\dunstan-neh_16.wav,hungry/dunstan-neh_16.wav,hungry,train,4,gaussian_noise,"{""noise_factor"":0.002265702}",28,18323885075414839290,virtual:aug_1fe316aa9c55688274a1
aug_b4afd12874354c5b5a28,rec_d478f03cf1d2daecb690,D:\INFANT CRY\data_set_dbl_split\train\hungry\2011_M_neh.wav,hungry/2011_M_neh.wav,hungry,train,4,pitch_shift,"{""steps"":2.179321}",29,13939868217810213148,virtual:aug_b4afd12874354c5b5a28
aug_bb899c984b60e7f10d1f,rec_7f539cdc99c86f56f54a,D:\INFANT CRY\data_set_dbl_split\train\hungry\1332_F_neh.wav,hungry/1332_F_neh.wav,hungry,train,4,pitch_shift,"{""steps"":-2.144948}",30,5195174527112431498,virtual:aug_bb899c984b60e7f10d1f
aug_ea078321b53af23efc39,rec_2cfbeb91a2cd57cedc7d,D:\INFANT CRY\data_set_dbl_split\train\hungry\4300_M_neh.wav,hungry/4300_M_neh.wav,hungry,train,4,time_stretch,"{""rate"":1.181069}",31,3995747329106441328,virtual:aug_ea078321b53af23efc39
aug_094d8318526c31cc113e,rec_19f421ef58c3bf799ef8,D:\INFANT CRY\data_set_dbl_split\train\hungry\99_M_neh.wav,hungry/99_M_neh.wav,hungry,train,4,time_stretch,"{""rate"":0.7821}",32,16796003259895593144,virtual:aug_094d8318526c31cc113e
aug_bd7d8ff9c59a2be95728,rec_ea7d0967f9ac5dec1709,D:\INFANT CRY\data_set_dbl_split\train\hungry\1770_M_neh.wav,hungry/1770_M_neh.wav,hungry,train,4,gaussian_noise,"{""noise_factor"":0.005734327}",33,7133958714251213436,virtual:aug_bd7d8ff9c59a2be95728
aug_8228bee97326a5a7e344,rec_9cac5ed43c5a7d7d1eff,D:\INFANT CRY\data_set_dbl_split\train\hungry\1200_M_neh.wav,hungry/1200_M_neh.wav,hungry,train,4,pitch_shift,"{""steps"":1.113264}",34,4089755232356667086,virtual:aug_8228bee97326a5a7e344
aug_153d1df069c5fb37091b,rec_4207d13dec28146787c8,D:\INFANT CRY\data_set_dbl_split\train\hungry\2848_F_neh.wav,hungry/2848_F_neh.wav,hungry,train,4,pitch_shift,"{""steps"":-1.058945}",35,5051509050114039829,virtual:aug_153d1df069c5fb37091b
aug_141e8c5ab686181de40b,rec_4ff6a5878311508cf9b3,D:\INFANT CRY\data_set_dbl_split\train\hungry\dunstan-neh_23.wav,hungry/dunstan-neh_23.wav,hungry,train,4,time_stretch,"{""rate"":1.123986}",36,6891318724623180178,virtual:aug_141e8c5ab686181de40b
aug_f8345aaa5ca1c040d1a5,rec_c4c64bc3a334453f65f3,D:\INFANT CRY\data_set_dbl_split\train\hungry\1641_M_neh.wav,hungry/1641_M_neh.wav,hungry,train,4,time_stretch,"{""rate"":0.907828}",37,39449550596630144,virtual:aug_f8345aaa5ca1c040d1a5
aug_bbea1a3eb9c0ceb13b86,rec_dabc4e82a87f09753719,D:\INFANT CRY\data_set_dbl_split\train\hungry\dunstan-neh_36.wav,hungry/dunstan-neh_36.wav,hungry,train,4,time_shift,"{""fraction"":-0.0993931}",38,5578933392624648784,virtual:aug_bbea1a3eb9c0ceb13b86
aug_54db91face11f4c88b04,rec_292be120aac79f3d8aad,D:\INFANT CRY\data_set_dbl_split\train\hungry\458_F_neh.wav,hungry/458_F_neh.wav,hungry,train,4,gaussian_noise,"{""noise_factor"":0.002167229}",39,6301333368711266402,virtual:aug_54db91face11f4c88b04
aug_c82076bf52ea41e9a516,rec_35a314bcf50ccf77f9b4,D:\INFANT CRY\data_set_dbl_split\train\hungry\1136_M_neh.wav,hungry/1136_M_neh.wav,hungry,train,4,pitch_shift,"{""steps"":1.844925}",40,10050837985032051192,virtual:aug_c82076bf52ea41e9a516
aug_4dd7f5c9781c68fc37d7,rec_f671c2c6395fe494c784,D:\INFANT CRY\data_set_dbl_split\train\hungry\2160_F_neh.wav,hungry/2160_F_neh.wav,hungry,train,4,pitch_shift,"{""steps"":-2.169584}",41,14138920176316733357,virtual:aug_4dd7f5c9781c68fc37d7
aug_eea6678bbf5ff4151638,rec_8038bcb6a3c1394cbc91,D:\INFANT CRY\data_set_dbl_split\train\hungry\2613_M_neh.wav,hungry/2613_M_neh.wav,hungry,train,4,time_stretch,"{""rate"":1.181682}",42,6154900396668087465,virtual:aug_eea6678bbf5ff4151638
aug_0f5ec2c8cec1624d6da4,rec_ad350495db62eea85e85,D:\INFANT CRY\data_set_dbl_split\train\hungry\1236_M_neh.wav,hungry/1236_M_neh.wav,hungry,train,4,time_stretch,"{""rate"":0.816156}",43,632936536117054669,virtual:aug_0f5ec2c8cec1624d6da4
aug_ab1a6af79ac0cc7b7c6a,rec_67cd8ebaa80d4dbd74da,D:\INFANT CRY\data_set_dbl_split\train\hungry\dunstan-neh_56.wav,hungry/dunstan-neh_56.wav,hungry,train,4,gaussian_noise,"{""noise_factor"":0.005653284}",44,9778502644814198928,virtual:aug_ab1a6af79ac0cc7b7c6a
aug_d972456dc7bc2a3a6ec2,rec_db35c613515374caf95f,D:\INFANT CRY\data_set_dbl_split\train\hungry\dunstan-neh_21.wav,hungry/dunstan-neh_21.wav,hungry,train,4,pitch_shift,"{""steps"":0.870044}",45,4750836279738448791,virtual:aug_d972456dc7bc2a3a6ec2
aug_0ef2beb8ca683f7fa4c5,rec_91e53f1ceddf3f56f535,D:\INFANT CRY\data_set_dbl_split\train\hungry\265_M_neh.wav,hungry/265_M_neh.wav,hungry,train,4,pitch_shift,"{""steps"":-1.178999}",46,16358581480387175279,virtual:aug_0ef2beb8ca683f7fa4c5
aug_51a786c809708283759b,rec_75255312c2aae67afa1a,D:\INFANT CRY\data_set_dbl_split\train\hungry\2331_M_neh.wav,hungry/2331_M_neh.wav,hungry,train,4,time_stretch,"{""rate"":1.079848}",47,2648349488155261170,virtual:aug_51a786c809708283759b
aug_cebf9235ac3db168bd92,rec_67bd9b946343aa8c831e,D:\INFANT CRY\data_set_dbl_split\train\hungry\1401_F_neh.wav,hungry/1401_F_neh.wav,hungry,train,4,time_stretch,"{""rate"":0.92422}",48,5319082183962893437,virtual:aug_cebf9235ac3db168bd92
aug_0ba505c26a3b6ede3230,rec_bdcdd560bdde23d75dcf,D:\INFANT CRY\data_set_dbl_split\train\hungry\246_M_neh.wav,hungry/246_M_neh.wav,hungry,train,4,time_shift,"{""fraction"":-0.0416082}",49,14752507437470071919,virtual:aug_0ba505c26a3b6ede3230
aug_53ebd9677d21005b3753,rec_35a8fd627f0a52683c6c,D:\INFANT CRY\data_set_dbl_split\train\hungry\961_M_neh.wav,hungry/961_M_neh.wav,hungry,train,4,gaussian_noise,"{""noise_factor"":0.002274549}",50,3897817970228306726,virtual:aug_53ebd9677d21005b3753
aug_33ae6c37ee7ebc2f2845,rec_866de97ef20add08af82,D:\INFANT CRY\data_set_dbl_split\train\hungry\828_M_neh.wav,hungry/828_M_neh.wav,hungry,train,4,pitch_shift,"{""steps"":2.112302}",51,6719494662036968597,virtual:aug_33ae6c37ee7ebc2f2845
aug_c6d4367bfe962a49edc1,rec_5b29661d9ab4ae4541b2,D:\INFANT CRY\data_set_dbl_split\train\hungry\1614_M_neh.wav,hungry/1614_M_neh.wav,hungry,train,4,pitch_shift,"{""steps"":-2.048466}",52,15130147870355101551,virtual:aug_c6d4367bfe962a49edc1
aug_5d73d16b29621eadd19e,rec_d4767218d9010329825d,D:\INFANT CRY\data_set_dbl_split\train\hungry\2550_M_neh.wav,hungry/2550_M_neh.wav,hungry,train,4,time_stretch,"{""rate"":1.189421}",53,11358831876018419303,virtual:aug_5d73d16b29621eadd19e
aug_0be0e24aa13fa136f567,rec_2074b86eecde9140b59b,D:\INFANT CRY\data_set_dbl_split\train\hungry\dunstan-neh_14.wav,hungry/dunstan-neh_14.wav,hungry,train,4,time_stretch,"{""rate"":0.794889}",54,18409610526727709511,virtual:aug_0be0e24aa13fa136f567
aug_8659a05cbb7826744c7a,rec_b9118574ae063823a271,D:\INFANT CRY\data_set_dbl_split\train\hungry\4927_F_neh.wav,hungry/4927_F_neh.wav,hungry,train,4,gaussian_noise,"{""noise_factor"":0.005578403}",55,12818355033045469275,virtual:aug_8659a05cbb7826744c7a
aug_f1fb74e483718a15d4de,rec_84297140893c78309e78,D:\INFANT CRY\data_set_dbl_split\train\hungry\dunstan-neh_34.wav,hungry/dunstan-neh_34.wav,hungry,train,4,pitch_shift,"{""steps"":0.826934}",56,1712537245864970344,virtual:aug_f1fb74e483718a15d4de
aug_5471b9ac3ecb06526a8b,rec_3a395ce757448ae52bb1,D:\INFANT CRY\data_set_dbl_split\train\hungry\980_F_neh.wav,hungry/980_F_neh.wav,hungry,train,4,pitch_shift,"{""steps"":-1.137072}",57,12101443903965484940,virtual:aug_5471b9ac3ecb06526a8b
aug_2c09f788d7a522c29303,rec_2e6b9cce63bb62c81682,D:\INFANT CRY\data_set_dbl_split\train\hungry\1127_M_neh.wav,hungry/1127_M_neh.wav,hungry,train,4,time_stretch,"{""rate"":1.095132}",58,18261468080292483749,virtual:aug_2c09f788d7a522c29303
aug_404eb5babdb58a3725b9,rec_3089f948268829e76e78,D:\INFANT CRY\data_set_dbl_split\train\hungry\4171_F_neh.wav,hungry/4171_F_neh.wav,hungry,train,4,time_stretch,"{""rate"":0.903933}",59,4519035546136152515,virtual:aug_404eb5babdb58a3725b9
aug_a3d5e5e86caeb549f740,rec_1d60bd35a759f5a32057,D:\INFANT CRY\data_set_dbl_split\train\hungry\dunstan-neh_48.wav,hungry/dunstan-neh_48.wav,hungry,train,4,time_shift,"{""fraction"":0.0595038}",60,6236104927379769904,virtual:aug_a3d5e5e86caeb549f740
aug_787ad898f744b029d336,rec_8f4ae3b0a43cca27a403,D:\INFANT CRY\data_set_dbl_split\train\hungry\dunstan-neh_39.wav,hungry/dunstan-neh_39.wav,hungry,train,4,gaussian_noise,"{""noise_factor"":0.00286533}",61,2134224529289958319,virtual:aug_787ad898f744b029d336
aug_ee2afcd0d175a564dc2a,rec_e55a34a72fedfd7e840d,D:\INFANT CRY\data_set_dbl_split\train\hungry\dunstan-neh_12.wav,hungry/dunstan-neh_12.wav,hungry,train,4,pitch_shift,"{""steps"":1.850626}",62,5977280736267968407,virtual:aug_ee2afcd0d175a564dc2a
aug_1bca3347dd09cdf71d41,rec_54271dc6c4c35a84a3f0,D:\INFANT CRY\data_set_dbl_split\train\hungry\dunstan-neh_55.wav,hungry/dunstan-neh_55.wav,hungry,train,4,pitch_shift,"{""steps"":-2.152104}",63,9680471815404867304,virtual:aug_1bca3347dd09cdf71d41
aug_552741cbb66275f45afa,rec_27af923979666dc49a07,D:\INFANT CRY\data_set_dbl_split\train\hungry\1279_F_neh.wav,hungry/1279_F_neh.wav,hungry,train,4,time_stretch,"{""rate"":1.195354}",64,10971005912744080070,virtual:aug_552741cbb66275f45afa
aug_01489501cdcd8e03c319,rec_87323d3270f1b8f6e507,D:\INFANT CRY\data_set_dbl_split\train\hungry\2317_M_neh.wav,hungry/2317_M_neh.wav,hungry,train,4,time_stretch,"{""rate"":0.8119}",65,4190976184407796245,virtual:aug_01489501cdcd8e03c319
aug_a24b98bbb11f733cc13d,rec_9cf4fb751fdcfd3e5fa1,D:\INFANT CRY\data_set_dbl_split\train\hungry\3146_F_neh.wav,hungry/3146_F_neh.wav,hungry,train,4,gaussian_noise,"{""noise_factor"":0.005544856}",66,4850812407351083953,virtual:aug_a24b98bbb11f733cc13d
aug_701c20610a979e4d48ca,rec_aa120f51f1874bfc4566,D:\INFANT CRY\data_set_dbl_split\train\hungry\3870_M_neh.wav,hungry/3870_M_neh.wav,hungry,train,4,pitch_shift,"{""steps"":0.89277}",67,7145897602338639938,virtual:aug_701c20610a979e4d48ca
aug_b9db27112b0b87bfe74d,rec_dc065ea30d88d9440e77,D:\INFANT CRY\data_set_dbl_split\train\hungry\dunstan-neh_27.wav,hungry/dunstan-neh_27.wav,hungry,train,4,pitch_shift,"{""steps"":-1.144766}",68,14066224832505086506,virtual:aug_b9db27112b0b87bfe74d
aug_cbe7f0ea0312b2c5d4a5,rec_93046bbf5c1dea64bf5e,D:\INFANT CRY\data_set_dbl_split\train\hungry\833_M_neh.wav,hungry/833_M_neh.wav,hungry,train,4,time_stretch,"{""rate"":1.110194}",69,7913131427150948628,virtual:aug_cbe7f0ea0312b2c5d4a5
aug_01fd75f2737703c3c9a8,rec_843d0ff9482328148496,D:\INFANT CRY\data_set_dbl_split\train\hungry\4928_M_neh.wav,hungry/4928_M_neh.wav,hungry,train,4,time_stretch,"{""rate"":0.875137}",70,17647263335019083956,virtual:aug_01fd75f2737703c3c9a8
aug_ee7eead9271e1b78b488,rec_27d5d632e1e1c98d5156,D:\INFANT CRY\data_set_dbl_split\train\hungry\2226_M_neh.wav,hungry/2226_M_neh.wav,hungry,train,4,time_shift,"{""fraction"":-0.0895543}",71,11227788673022963392,virtual:aug_ee7eead9271e1b78b488
aug_87411dc4c6b453d38fb5,rec_f897edc91aad92f1f4d4,D:\INFANT CRY\data_set_dbl_split\train\hungry\1521_F_neh.wav,hungry/1521_F_neh.wav,hungry,train,4,gaussian_noise,"{""noise_factor"":0.002404245}",72,15099934835390615397,virtual:aug_87411dc4c6b453d38fb5
aug_14b84debb4793849d67d,rec_6e37e8a77e8237f8a1e7,D:\INFANT CRY\data_set_dbl_split\train\hungry\dunstan-neh_18.wav,hungry/dunstan-neh_18.wav,hungry,train,4,pitch_shift,"{""steps"":1.942893}",73,15404132952570177737,virtual:aug_14b84debb4793849d67d
aug_2599565eed692f55b682,rec_0219106d49c86a8ef26c,D:\INFANT CRY\data_set_dbl_split\train\hungry\dunstan-neh_72.wav,hungry/dunstan-neh_72.wav,hungry,train,4,pitch_shift,"{""steps"":-2.194599}",74,5096222674330613956,virtual:aug_2599565eed692f55b682
aug_2adc3fa783c16482fb1a,rec_54896c135751fc926faf,D:\INFANT CRY\data_set_dbl_split\train\hungry\804_F_neh.wav,hungry/804_F_neh.wav,hungry,train,4,time_stretch,"{""rate"":1.181332}",75,7284481574480421020,virtual:aug_2adc3fa783c16482fb1a
aug_023afd18f391ff5b5fb4,rec_72f731ddb6a072d3ab85,D:\INFANT CRY\data_set_dbl_split\train\hungry\964_M_neh.wav,hungry/964_M_neh.wav,hungry,train,4,time_stretch,"{""rate"":0.80716}",76,15060650933628038881,virtual:aug_023afd18f391ff5b5fb4
aug_99cdf82662b1fbcf8675,rec_2ff671b1852890e69b00,D:\INFANT CRY\data_set_dbl_split\train\hungry\3044_M_neh.wav,hungry/3044_M_neh.wav,hungry,train,4,gaussian_noise,"{""noise_factor"":0.004315819}",77,16676589819925444984,virtual:aug_99cdf82662b1fbcf8675
aug_5d27398d4f1585076201,rec_3b32ae946ba19d17300d,D:\INFANT CRY\data_set_dbl_split\train\hungry\3333_M_neh.wav,hungry/3333_M_neh.wav,hungry,train,4,pitch_shift,"{""steps"":1.054154}",78,14851086493134785535,virtual:aug_5d27398d4f1585076201
aug_6a730d4266377691c38d,rec_95ecc93388c308db3fbd,D:\INFANT CRY\data_set_dbl_split\train\hungry\2219_M_neh.wav,hungry/2219_M_neh.wav,hungry,train,4,pitch_shift,"{""steps"":-1.120874}",79,4771589837321402193,virtual:aug_6a730d4266377691c38d
aug_38879a9ce95ad593943b,rec_dd2ecfc5b21bcd086e19,D:\INFANT CRY\data_set_dbl_split\train\hungry\2245_F_neh.wav,hungry/2245_F_neh.wav,hungry,train,4,time_stretch,"{""rate"":1.120059}",80,2939370504088164617,virtual:aug_38879a9ce95ad593943b
aug_18f222eba0f050c53330,rec_0ecdc0cd17162e55aad8,D:\INFANT CRY\data_set_dbl_split\train\hungry\dunstan-neh_57.wav,hungry/dunstan-neh_57.wav,hungry,train,4,time_stretch,"{""rate"":0.916406}",81,7154887293451934370,virtual:aug_18f222eba0f050c53330
aug_5338deb339dfc69a1c8d,rec_3fe79ebb70341bbf14f7,D:\INFANT CRY\data_set_dbl_split\train\hungry\4727_M_neh.wav,hungry/4727_M_neh.wav,hungry,train,4,time_shift,"{""fraction"":-0.0720992}",82,9960653775302068504,virtual:aug_5338deb339dfc69a1c8d
aug_50c3fc7f6c5bd53e82a6,rec_563bf3b849e217c99c2b,D:\INFANT CRY\data_set_dbl_split\train\hungry\dunstan-neh_66.wav,hungry/dunstan-neh_66.wav,hungry,train,4,gaussian_noise,"{""noise_factor"":0.002508771}",83,17391193873732022379,virtual:aug_50c3fc7f6c5bd53e82a6
aug_458a39222d9ca52a1298,rec_bfa6747f918f5738d1c3,D:\INFANT CRY\data_set_dbl_split\train\hungry\4918_M_neh.wav,hungry/4918_M_neh.wav,hungry,train,4,pitch_shift,"{""steps"":1.815296}",84,5436277335156491621,virtual:aug_458a39222d9ca52a1298
aug_2daf7a83342373006fd1,rec_555a26837bdc5dd6c14e,D:\INFANT CRY\data_set_dbl_split\train\hungry\dunstan-neh_13.wav,hungry/dunstan-neh_13.wav,hungry,train,4,pitch_shift,"{""steps"":-1.910339}",85,1556153092538515202,virtual:aug_2daf7a83342373006fd1
aug_dd06347b8c0ed872104f,rec_c5c7cc4019b6615df3ec,D:\INFANT CRY\data_set_dbl_split\train\hungry\377_F_neh.wav,hungry/377_F_neh.wav,hungry,train,4,time_stretch,"{""rate"":1.198045}",86,11933535151624131707,virtual:aug_dd06347b8c0ed872104f
aug_bcefd83e82233def908d,rec_372ed40ca92e5e14733f,D:\INFANT CRY\data_set_dbl_split\train\hungry\2108_M_neh.wav,hungry/2108_M_neh.wav,hungry,train,4,time_stretch,"{""rate"":0.818249}",87,14762351317753748809,virtual:aug_bcefd83e82233def908d
aug_1f247c9c2c496d46d568,rec_2e0608ae3276e423cd26,D:\INFANT CRY\data_set_dbl_split\train\hungry\704_M_neh.wav,hungry/704_M_neh.wav,hungry,train,4,gaussian_noise,"{""noise_factor"":0.005491305}",88,8782367373461693135,virtual:aug_1f247c9c2c496d46d568
aug_26cac6b5313f84483964,rec_cbccd8fd251b87fe11d5,D:\INFANT CRY\data_set_dbl_split\train\hungry\dunstan-neh_62.wav,hungry/dunstan-neh_62.wav,hungry,train,4,pitch_shift,"{""steps"":1.070452}",89,354092506512219788,virtual:aug_26cac6b5313f84483964
aug_6bc22177239f49b787a6,rec_f1ad9019670692fe6b00,D:\INFANT CRY\data_set_dbl_split\train\hungry\926_M_neh.wav,hungry/926_M_neh.wav,hungry,train,4,pitch_shift,"{""steps"":-1.071679}",90,15071816471268155112,virtual:aug_6bc22177239f49b787a6
aug_32ec08227967a953eb8f,rec_7de1538e4e8923365a69,D:\INFANT CRY\data_set_dbl_split\train\hungry\1838_M_neh.wav,hungry/1838_M_neh.wav,hungry,train,4,time_stretch,"{""rate"":1.110741}",91,6005831834358594560,virtual:aug_32ec08227967a953eb8f
aug_912e431bdd3e83e26aa0,rec_d8deea50d36d9d56286e,D:\INFANT CRY\data_set_dbl_split\train\hungry\851_M_neh.wav,hungry/851_M_neh.wav,hungry,train,4,time_stretch,"{""rate"":0.901658}",92,7870747892391585881,virtual:aug_912e431bdd3e83e26aa0
aug_c94eb71d8c7ce7eac84b,rec_5e3518bec6261a74ca5c,D:\INFANT CRY\data_set_dbl_split\train\hungry\4479_M_neh.wav,hungry/4479_M_neh.wav,hungry,train,4,time_shift,"{""fraction"":-0.0716436}",93,14152023347062098330,virtual:aug_c94eb71d8c7ce7eac84b
aug_8b07a93ffa29a945bfbf,rec_93a6be1a88f70e583f68,D:\INFANT CRY\data_set_dbl_split\train\hungry\3384_F_neh.wav,hungry/3384_F_neh.wav,hungry,train,4,gaussian_noise,"{""noise_factor"":0.002459536}",94,11820392007736862437,virtual:aug_8b07a93ffa29a945bfbf
aug_ab403973b1b5bc874b6a,rec_76cce5732b0faa68e759,D:\INFANT CRY\data_set_dbl_split\train\hungry\dunstan-neh_41.wav,hungry/dunstan-neh_41.wav,hungry,train,4,pitch_shift,"{""steps"":2.163583}",95,7089179733494963932,virtual:aug_ab403973b1b5bc874b6a
aug_2da17e3dbb0e68541754,rec_606b51628a29d576c7f5,D:\INFANT CRY\data_set_dbl_split\train\hungry\3676_M_neh.wav,hungry/3676_M_neh.wav,hungry,train,4,pitch_shift,"{""steps"":-2.046226}",96,2593443405972667584,virtual:aug_2da17e3dbb0e68541754
aug_a90e165341ce8ee0de07,rec_82f5f9b88b7fc28f0a7c,D:\INFANT CRY\data_set_dbl_split\train\hungry\dunstan-neh_6.wav,hungry/dunstan-neh_6.wav,hungry,train,4,time_stretch,"{""rate"":1.182825}",97,17029392382150815739,virtual:aug_a90e165341ce8ee0de07
aug_82e83d3fecaf8955e052,rec_d9b715561d9eec5d8809,D:\INFANT CRY\data_set_dbl_split\train\hungry\754_M_neh.wav,hungry/754_M_neh.wav,hungry,train,4,time_stretch,"{""rate"":0.778506}",98,5265272036114733819,virtual:aug_82e83d3fecaf8955e052
aug_187aeadf1f31485ac022,rec_e4ad00feb28f4c6c7b7c,D:\INFANT CRY\data_set_dbl_split\train\hungry\4387_M_neh.wav,hungry/4387_M_neh.wav,hungry,train,4,gaussian_noise,"{""noise_factor"":0.005744394}",99,13626556411586671788,virtual:aug_187aeadf1f31485ac022
aug_5c4a2bcdf21acb4a1ade,rec_ec34fb05fcd5397abee1,D:\INFANT CRY\data_set_dbl_split\train\hungry\2392_M_neh.wav,hungry/2392_M_neh.wav,hungry,train,4,pitch_shift,"{""steps"":1.129495}",100,17935073813300632220,virtual:aug_5c4a2bcdf21acb4a1ade
aug_8dec876c6e6ba75507b1,rec_7c3c65da7a88a56a3da5,D:\INFANT CRY\data_set_dbl_split\train\hungry\dunstan-neh_38.wav,hungry/dunstan-neh_38.wav,hungry,train,4,pitch_shift,"{""steps"":-1.182915}",101,5141193187328793656,virtual:aug_8dec876c6e6ba75507b1
aug_69a2b5861f3567d8c78d,rec_1744f789c8836ae844cb,D:\INFANT CRY\data_set_dbl_split\train\hungry\3469_M_neh.wav,hungry/3469_M_neh.wav,hungry,train,4,time_stretch,"{""rate"":1.095857}",102,8115404948023434744,virtual:aug_69a2b5861f3567d8c78d
aug_87e67d96591fcbf54035,rec_7d34a6ff4cab4dc795fd,D:\INFANT CRY\data_set_dbl_split\train\hungry\3451_M_neh.wav,hungry/3451_M_neh.wav,hungry,train,4,time_stretch,"{""rate"":0.918351}",103,12855159868135559022,virtual:aug_87e67d96591fcbf54035
aug_127f306b866d6e8c538c,rec_4aeef63044c75c534d96,D:\INFANT CRY\data_set_dbl_split\train\hungry\2514_M_neh.wav,hungry/2514_M_neh.wav,hungry,train,4,time_shift,"{""fraction"":-0.0807326}",104,708474194719399443,virtual:aug_127f306b866d6e8c538c
aug_775e17fff5b5ac85e941,rec_a8ed319ae2c5af1fb4e7,D:\INFANT CRY\data_set_dbl_split\train\hungry\848_M_neh.wav,hungry/848_M_neh.wav,hungry,train,4,gaussian_noise,"{""noise_factor"":0.002684634}",105,10523772334666570910,virtual:aug_775e17fff5b5ac85e941
aug_5f7dfd8c5a5e2aa39a11,rec_74b7b7b269cccff509b6,D:\INFANT CRY\data_set_dbl_split\train\hungry\3478_M_neh.wav,hungry/3478_M_neh.wav,hungry,train,4,pitch_shift,"{""steps"":2.034458}",106,18155665506389786433,virtual:aug_5f7dfd8c5a5e2aa39a11
aug_92881aba2e1f8899397d,rec_3bae5630f154084da71f,D:\INFANT CRY\data_set_dbl_split\train\hungry\dunstan-neh_29.wav,hungry/dunstan-neh_29.wav,hungry,train,4,pitch_shift,"{""steps"":-2.085557}",107,9116119941280765047,virtual:aug_92881aba2e1f8899397d
aug_dd7c53a93b242722ce5f,rec_12aab60e9a224840d67b,D:\INFANT CRY\data_set_dbl_split\train\hungry\3988_M_neh.wav,hungry/3988_M_neh.wav,hungry,train,4,time_stretch,"{""rate"":1.199429}",108,14798138642547718214,virtual:aug_dd7c53a93b242722ce5f
aug_3b9788c672f2d32afc5a,rec_bd47283574366dba00f9,D:\INFANT CRY\data_set_dbl_split\train\hungry\3269_M_neh.wav,hungry/3269_M_neh.wav,hungry,train,4,time_stretch,"{""rate"":0.807406}",109,9308200861483909740,virtual:aug_3b9788c672f2d32afc5a
aug_68051f006e4845460065,rec_751f261c8b1f00b3e786,D:\INFANT CRY\data_set_dbl_split\train\hungry\4055_M_neh.wav,hungry/4055_M_neh.wav,hungry,train,4,gaussian_noise,"{""noise_factor"":0.004740971}",110,1590255537160280009,virtual:aug_68051f006e4845460065
aug_efa8f15b013a365b9936,rec_ee5e2c9bd7afb52ebe96,D:\INFANT CRY\data_set_dbl_split\train\hungry\1424_M_neh.wav,hungry/1424_M_neh.wav,hungry,train,4,pitch_shift,"{""steps"":0.90759}",111,6151875214259777944,virtual:aug_efa8f15b013a365b9936
aug_61646cbc2a79edb8eeed,rec_d9f72db0ab671c11e601,D:\INFANT CRY\data_set_dbl_split\train\hungry\3800_M_neh.wav,hungry/3800_M_neh.wav,hungry,train,4,pitch_shift,"{""steps"":-0.814552}",112,3640592149481942820,virtual:aug_61646cbc2a79edb8eeed
aug_23201588aa6206d5901f,rec_3d86d6ced59383b732db,D:\INFANT CRY\data_set_dbl_split\train\hungry\691_M_neh.wav,hungry/691_M_neh.wav,hungry,train,4,time_stretch,"{""rate"":1.07511}",113,10984271119235728415,virtual:aug_23201588aa6206d5901f
aug_b8800bbcafc292a1f3e0,rec_85357352a774e2f015c1,D:\INFANT CRY\data_set_dbl_split\train\hungry\3809_M_neh.wav,hungry/3809_M_neh.wav,hungry,train,4,time_stretch,"{""rate"":0.919816}",114,17041618230979359924,virtual:aug_b8800bbcafc292a1f3e0
aug_8029a10c1990a62e30a7,rec_8a26e0da4af7d57a6c76,D:\INFANT CRY\data_set_dbl_split\train\hungry\4541_M_neh.wav,hungry/4541_M_neh.wav,hungry,train,4,time_shift,"{""fraction"":0.0432476}",115,5926527192191990188,virtual:aug_8029a10c1990a62e30a7
aug_454393e77ea57739912d,rec_8c41c5b0acdc8a731703,D:\INFANT CRY\data_set_dbl_split\train\hungry\dunstan-neh_65.wav,hungry/dunstan-neh_65.wav,hungry,train,4,gaussian_noise,"{""noise_factor"":0.002687497}",116,3046332290836087558,virtual:aug_454393e77ea57739912d
aug_77210bdb49c5f803adef,rec_bbeadf4eccca05727d8d,D:\INFANT CRY\data_set_dbl_split\train\hungry\2984_M_neh.wav,hungry/2984_M_neh.wav,hungry,train,4,pitch_shift,"{""steps"":2.140592}",117,2963426680395902229,virtual:aug_77210bdb49c5f803adef
aug_b24a473fee59eb3c1010,rec_06c98458513d1a15c986,D:\INFANT CRY\data_set_dbl_split\train\hungry\2301_M_neh.wav,hungry/2301_M_neh.wav,hungry,train,4,pitch_shift,"{""steps"":-2.150542}",118,5313379914823190996,virtual:aug_b24a473fee59eb3c1010
aug_04eda5431a205df43eb9,rec_bec629bc5031bc22eb9b,D:\INFANT CRY\data_set_dbl_split\train\hungry\186_M_neh.wav,hungry/186_M_neh.wav,hungry,train,4,time_stretch,"{""rate"":1.213025}",119,18277099325617378312,virtual:aug_04eda5431a205df43eb9
aug_c07fc8a1d821245930b0,rec_46944c0538596aeac65b,D:\INFANT CRY\data_set_dbl_split\train\hungry\1508_M_neh.wav,hungry/1508_M_neh.wav,hungry,train,4,time_stretch,"{""rate"":0.820178}",120,11345628757736254983,virtual:aug_c07fc8a1d821245930b0
aug_3f00f78c501990ae77fb,rec_3f27c431eeb305663abf,D:\INFANT CRY\data_set_dbl_split\train\hungry\2326_M_neh.wav,hungry/2326_M_neh.wav,hungry,train,4,gaussian_noise,"{""noise_factor"":0.004311279}",121,8733702745826039049,virtual:aug_3f00f78c501990ae77fb
aug_1353ab63a49688b8412b,rec_877d2010d59db49c24c5,D:\INFANT CRY\data_set_dbl_split\train\hungry\3844_F_neh.wav,hungry/3844_F_neh.wav,hungry,train,4,pitch_shift,"{""steps"":1.032711}",122,17571419720482434338,virtual:aug_1353ab63a49688b8412b
aug_1b24dd2186cedda30d24,rec_30dd61c9506d4c0ad6d5,D:\INFANT CRY\data_set_dbl_split\train\hungry\1262_F_neh.wav,hungry/1262_F_neh.wav,hungry,train,4,pitch_shift,"{""steps"":-1.032924}",123,4848584496735164322,virtual:aug_1b24dd2186cedda30d24
aug_1d09e503d0e732a92cd8,rec_5f1156e4903ab6fe46cc,D:\INFANT CRY\data_set_dbl_split\train\hungry\2144_M_neh.wav,hungry/2144_M_neh.wav,hungry,train,4,time_stretch,"{""rate"":1.088526}",124,17105050691104972773,virtual:aug_1d09e503d0e732a92cd8
aug_d9a25bad79562b0f10d3,rec_2972e6c8e16512407617,D:\INFANT CRY\data_set_dbl_split\train\hungry\290_M_neh.wav,hungry/290_M_neh.wav,hungry,train,4,time_stretch,"{""rate"":0.913826}",125,17480355675290877144,virtual:aug_d9a25bad79562b0f10d3
aug_cd597beaa5bd917c096c,rec_7523b8e66b4d3ccafefe,D:\INFANT CRY\data_set_dbl_split\train\hungry\354_M_neh.wav,hungry/354_M_neh.wav,hungry,train,4,time_shift,"{""fraction"":0.0220114}",126,7279487087149049968,virtual:aug_cd597beaa5bd917c096c
aug_2d7c7a7884ad40dd967e,rec_572209fcf4431574a106,D:\INFANT CRY\data_set_dbl_split\train\hungry\1221_M_neh.wav,hungry/1221_M_neh.wav,hungry,train,4,gaussian_noise,"{""noise_factor"":0.00215661}",127,9953933216594622172,virtual:aug_2d7c7a7884ad40dd967e
aug_ca0bb3fcd8a77ed6a2d8,rec_bbd412cfa7ef42afdb4b,D:\INFANT CRY\data_set_dbl_split\train\hungry\25_M_neh.wav,hungry/25_M_neh.wav,hungry,train,4,pitch_shift,"{""steps"":2.160562}",128,5876644437175420223,virtual:aug_ca0bb3fcd8a77ed6a2d8
aug_48563f4f2adde28871a6,rec_eb9ed8eb0009e46de602,D:\INFANT CRY\data_set_dbl_split\train\hungry\dunstan-neh_60.wav,hungry/dunstan-neh_60.wav,hungry,train,4,pitch_shift,"{""steps"":-1.908302}",129,16552170187246648172,virtual:aug_48563f4f2adde28871a6
aug_6455f3887c792f1cb85b,rec_8fb0a7696007be9b34c3,D:\INFANT CRY\data_set_dbl_split\train\hungry\4920_F_neh.wav,hungry/4920_F_neh.wav,hungry,train,4,time_stretch,"{""rate"":1.194098}",130,10191389763360391161,virtual:aug_6455f3887c792f1cb85b
aug_8bb0be9f4e58a0f619f0,rec_1ead87a594d0546fc079,D:\INFANT CRY\data_set_dbl_split\train\hungry\dunstan-neh_51.wav,hungry/dunstan-neh_51.wav,hungry,train,4,time_stretch,"{""rate"":0.789469}",131,14226465650152429527,virtual:aug_8bb0be9f4e58a0f619f0
aug_fc89d69ce0cb303cf8e4,rec_674a9d5caada9832f371,D:\INFANT CRY\data_set_dbl_split\train\hungry\3830_M_neh.wav,hungry/3830_M_neh.wav,hungry,train,4,gaussian_noise,"{""noise_factor"":0.004987077}",132,12463658018303027774,virtual:aug_fc89d69ce0cb303cf8e4
aug_24bf2fa593f058274b4b,rec_9a989ed48e3e18f22982,D:\INFANT CRY\data_set_dbl_split\train\hungry\dunstan-neh_70.wav,hungry/dunstan-neh_70.wav,hungry,train,4,pitch_shift,"{""steps"":0.96091}",133,10498261414102668670,virtual:aug_24bf2fa593f058274b4b
aug_70df9397c273eefe469e,rec_9fda6433c0cfb05ba603,D:\INFANT CRY\data_set_dbl_split\train\hungry\2790_M_neh.wav,hungry/2790_M_neh.wav,hungry,train,4,pitch_shift,"{""steps"":-1.035407}",134,9029837324191587989,virtual:aug_70df9397c273eefe469e
aug_dc94a7b0beb2edf8a1c3,rec_483da636af8546408bfa,D:\INFANT CRY\data_set_dbl_split\train\hungry\3844_M_neh.wav,hungry/3844_M_neh.wav,hungry,train,4,time_stretch,"{""rate"":1.077374}",135,17484907347334955592,virtual:aug_dc94a7b0beb2edf8a1c3
aug_09e7e3f931b1d59a79cf,rec_0552af17ff94910f260a,D:\INFANT CRY\data_set_dbl_split\train\hungry\dunstan-neh_7.wav,hungry/dunstan-neh_7.wav,hungry,train,4,time_stretch,"{""rate"":0.921436}",136,7932372574940726458,virtual:aug_09e7e3f931b1d59a79cf
aug_122f77321bbca9e3f2e1,rec_3eeb6dcac3167d9919e6,D:\INFANT CRY\data_set_dbl_split\train\hungry\4221_M_neh.wav,hungry/4221_M_neh.wav,hungry,train,4,time_shift,"{""fraction"":-0.0824412}",137,4493198821022646470,virtual:aug_122f77321bbca9e3f2e1
aug_3e940d005c746138314b,rec_463180d5d281fe991930,D:\INFANT CRY\data_set_dbl_split\train\hungry\3701_F_neh.wav,hungry/3701_F_neh.wav,hungry,train,4,gaussian_noise,"{""noise_factor"":0.002177629}",138,14838858607148528920,virtual:aug_3e940d005c746138314b
aug_7e46ded9dcc787bab4fe,rec_4b4785d5ae74ada7c3ec,D:\INFANT CRY\data_set_dbl_split\train\hungry\dunstan-neh_58.wav,hungry/dunstan-neh_58.wav,hungry,train,4,pitch_shift,"{""steps"":1.938967}",139,17596117732682777069,virtual:aug_7e46ded9dcc787bab4fe
aug_5c5390f017c21dbfb7c5,rec_863f55a8b59a50be7319,D:\INFANT CRY\data_set_dbl_split\train\hungry\2297_F_neh.wav,hungry/2297_F_neh.wav,hungry,train,4,pitch_shift,"{""steps"":-2.171674}",140,6581096778511512482,virtual:aug_5c5390f017c21dbfb7c5
aug_a2afc7cceeb12bc352f0,rec_6a6e66f89a8a4d5d6593,D:\INFANT CRY\data_set_dbl_split\train\hungry\4908_M_neh.wav,hungry/4908_M_neh.wav,hungry,train,4,time_stretch,"{""rate"":1.212697}",141,17117291102610404224,virtual:aug_a2afc7cceeb12bc352f0
aug_a8cfd9425d55ae031d36,rec_9007bb06e8ab85215018,D:\INFANT CRY\data_set_dbl_split\train\hungry\dunstan-neh_19.wav,hungry/dunstan-neh_19.wav,hungry,train,4,time_stretch,"{""rate"":0.793058}",142,3859247923542709641,virtual:aug_a8cfd9425d55ae031d36
aug_9d274f1c616460d797a7,rec_07bbcb1c1339e971458e,D:\INFANT CRY\data_set_dbl_split\train\hungry\dunstan-neh_2.wav,hungry/dunstan-neh_2.wav,hungry,train,4,gaussian_noise,"{""noise_factor"":0.005647989}",143,13078484654070541225,virtual:aug_9d274f1c616460d797a7
aug_17a53a192fecd92f81e7,rec_68a3b79ad863329c2fa0,D:\INFANT CRY\data_set_dbl_split\train\hungry\3168_M_neh.wav,hungry/3168_M_neh.wav,hungry,train,4,pitch_shift,"{""steps"":1.077515}",144,14078068741845090734,virtual:aug_17a53a192fecd92f81e7
aug_fbf951e21716ec3bd7a2,rec_adb4bfea9da208dd77b4,D:\INFANT CRY\data_set_dbl_split\train\hungry\2581_F_neh.wav,hungry/2581_F_neh.wav,hungry,train,4,pitch_shift,"{""steps"":-1.084776}",145,5374468923186113751,virtual:aug_fbf951e21716ec3bd7a2
aug_fdd550d328cddab02c2c,rec_0ebec3765679d0d21c7c,D:\INFANT CRY\data_set_dbl_split\train\hungry\dunstan-neh_11.wav,hungry/dunstan-neh_11.wav,hungry,train,4,time_stretch,"{""rate"":1.121008}",146,6050256072247890999,virtual:aug_fdd550d328cddab02c2c
aug_d7166fc50e2182c72a5a,rec_da1f1379e0826d51b53e,D:\INFANT CRY\data_set_dbl_split\train\hungry\4111_M_neh.wav,hungry/4111_M_neh.wav,hungry,train,4,time_stretch,"{""rate"":0.88792}",147,9562765869780379231,virtual:aug_d7166fc50e2182c72a5a
aug_fdc80133a60746b6480a,rec_84a379178d9f921361e0,D:\INFANT CRY\data_set_dbl_split\train\hungry\1123_F_neh.wav,hungry/1123_F_neh.wav,hungry,train,4,time_shift,"{""fraction"":-0.0229219}",148,12284021606775520995,virtual:aug_fdc80133a60746b6480a
aug_24df96f889e36b2acfcc,rec_882649d0e1d9fb0fbaf3,D:\INFANT CRY\data_set_dbl_split\train\hungry\dunstan-neh_16.wav,hungry/dunstan-neh_16.wav,hungry,train,4,gaussian_noise,"{""noise_factor"":0.00218692}",149,10964626813393963020,virtual:aug_24df96f889e36b2acfcc
aug_ab4cb338211d8ddcd922,rec_d478f03cf1d2daecb690,D:\INFANT CRY\data_set_dbl_split\train\hungry\2011_M_neh.wav,hungry/2011_M_neh.wav,hungry,train,4,pitch_shift,"{""steps"":2.027265}",150,11004441221759169500,virtual:aug_ab4cb338211d8ddcd922
aug_a31413e44b24978f5148,rec_7f539cdc99c86f56f54a,D:\INFANT CRY\data_set_dbl_split\train\hungry\1332_F_neh.wav,hungry/1332_F_neh.wav,hungry,train,4,pitch_shift,"{""steps"":-1.938553}",151,14893586080356335242,virtual:aug_a31413e44b24978f5148
aug_d2b83a14af9e70576656,rec_2cfbeb91a2cd57cedc7d,D:\INFANT CRY\data_set_dbl_split\train\hungry\4300_M_neh.wav,hungry/4300_M_neh.wav,hungry,train,4,time_stretch,"{""rate"":1.192781}",152,12586535974196910175,virtual:aug_d2b83a14af9e70576656
aug_7de9dfd744eeda6e7369,rec_19f421ef58c3bf799ef8,D:\INFANT CRY\data_set_dbl_split\train\hungry\99_M_neh.wav,hungry/99_M_neh.wav,hungry,train,4,time_stretch,"{""rate"":0.786537}",153,2621878820976444120,virtual:aug_7de9dfd744eeda6e7369
aug_1c435606e8a06fbc7474,rec_ea7d0967f9ac5dec1709,D:\INFANT CRY\data_set_dbl_split\train\hungry\1770_M_neh.wav,hungry/1770_M_neh.wav,hungry,train,4,gaussian_noise,"{""noise_factor"":0.005471968}",154,8664960986283698991,virtual:aug_1c435606e8a06fbc7474
aug_29de6fecf55158cef8aa,rec_9cac5ed43c5a7d7d1eff,D:\INFANT CRY\data_set_dbl_split\train\hungry\1200_M_neh.wav,hungry/1200_M_neh.wav,hungry,train,4,pitch_shift,"{""steps"":1.035117}",155,10288145504113256707,virtual:aug_29de6fecf55158cef8aa
aug_a0c48f7a4ca3473c6ad3,rec_4207d13dec28146787c8,D:\INFANT CRY\data_set_dbl_split\train\hungry\2848_F_neh.wav,hungry/2848_F_neh.wav,hungry,train,4,pitch_shift,"{""steps"":-0.822592}",156,16609089979882956742,virtual:aug_a0c48f7a4ca3473c6ad3
aug_a032b5870e8b5a04693e,rec_4ff6a5878311508cf9b3,D:\INFANT CRY\data_set_dbl_split\train\hungry\dunstan-neh_23.wav,hungry/dunstan-neh_23.wav,hungry,train,4,time_stretch,"{""rate"":1.103573}",157,10987288438936474843,virtual:aug_a032b5870e8b5a04693e
aug_e79e39f563e7365cc134,rec_c4c64bc3a334453f65f3,D:\INFANT CRY\data_set_dbl_split\train\hungry\1641_M_neh.wav,hungry/1641_M_neh.wav,hungry,train,4,time_stretch,"{""rate"":0.876952}",158,16730449076021201568,virtual:aug_e79e39f563e7365cc134
aug_c52d221e2e71de341406,rec_dabc4e82a87f09753719,D:\INFANT CRY\data_set_dbl_split\train\hungry\dunstan-neh_36.wav,hungry/dunstan-neh_36.wav,hungry,train,4,time_shift,"{""fraction"":-0.0067237}",159,14129274224591092264,virtual:aug_c52d221e2e71de341406
aug_a0bc7ccfb5c69e404ef3,rec_292be120aac79f3d8aad,D:\INFANT CRY\data_set_dbl_split\train\hungry\458_F_neh.wav,hungry/458_F_neh.wav,hungry,train,4,gaussian_noise,"{""noise_factor"":0.002859048}",160,13609944758342202758,virtual:aug_a0bc7ccfb5c69e404ef3
aug_22e71d345e4c83403081,rec_35a314bcf50ccf77f9b4,D:\INFANT CRY\data_set_dbl_split\train\hungry\1136_M_neh.wav,hungry/1136_M_neh.wav,hungry,train,4,pitch_shift,"{""steps"":2.055837}",161,2021777345997099614,virtual:aug_22e71d345e4c83403081
aug_dc5a34529ec14fba07bd,rec_f671c2c6395fe494c784,D:\INFANT CRY\data_set_dbl_split\train\hungry\2160_F_neh.wav,hungry/2160_F_neh.wav,hungry,train,4,pitch_shift,"{""steps"":-2.094207}",162,2950735636398440011,virtual:aug_dc5a34529ec14fba07bd
aug_0f281ec9e7e036224820,rec_8038bcb6a3c1394cbc91,D:\INFANT CRY\data_set_dbl_split\train\hungry\2613_M_neh.wav,hungry/2613_M_neh.wav,hungry,train,4,time_stretch,"{""rate"":1.200125}",163,11020226796544007507,virtual:aug_0f281ec9e7e036224820
aug_9993eb64f0064aaedae3,rec_ad350495db62eea85e85,D:\INFANT CRY\data_set_dbl_split\train\hungry\1236_M_neh.wav,hungry/1236_M_neh.wav,hungry,train,4,time_stretch,"{""rate"":0.775033}",164,4738702699821344454,virtual:aug_9993eb64f0064aaedae3
aug_dfe02f0193d654fc7f6e,rec_67cd8ebaa80d4dbd74da,D:\INFANT CRY\data_set_dbl_split\train\hungry\dunstan-neh_56.wav,hungry/dunstan-neh_56.wav,hungry,train,4,gaussian_noise,"{""noise_factor"":0.005667518}",165,16801664060992771235,virtual:aug_dfe02f0193d654fc7f6e
aug_679f9b5d36067dfb3afe,rec_db35c613515374caf95f,D:\INFANT CRY\data_set_dbl_split\train\hungry\dunstan-neh_21.wav,hungry/dunstan-neh_21.wav,hungry,train,4,pitch_shift,"{""steps"":0.98329}",166,15189814545645823252,virtual:aug_679f9b5d36067dfb3afe
aug_e36d3a5690ffccd08c81,rec_91e53f1ceddf3f56f535,D:\INFANT CRY\data_set_dbl_split\train\hungry\265_M_neh.wav,hungry/265_M_neh.wav,hungry,train,4,pitch_shift,"{""steps"":-0.922084}",167,18236520582602600909,virtual:aug_e36d3a5690ffccd08c81
aug_29a7a613a8b22b8f7b57,rec_75255312c2aae67afa1a,D:\INFANT CRY\data_set_dbl_split\train\hungry\2331_M_neh.wav,hungry/2331_M_neh.wav,hungry,train,4,time_stretch,"{""rate"":1.105753}",168,18025211412914167772,virtual:aug_29a7a613a8b22b8f7b57
aug_a68bdee46e59d463d0e1,rec_67bd9b946343aa8c831e,D:\INFANT CRY\data_set_dbl_split\train\hungry\1401_F_neh.wav,hungry/1401_F_neh.wav,hungry,train,4,time_stretch,"{""rate"":0.917867}",169,715518378421914035,virtual:aug_a68bdee46e59d463d0e1
aug_568470edc7243891e1c3,rec_bdcdd560bdde23d75dcf,D:\INFANT CRY\data_set_dbl_split\train\hungry\246_M_neh.wav,hungry/246_M_neh.wav,hungry,train,4,time_shift,"{""fraction"":0.0470153}",170,6127724184438776192,virtual:aug_568470edc7243891e1c3
aug_656c139bcdfd972fe8e0,rec_35a8fd627f0a52683c6c,D:\INFANT CRY\data_set_dbl_split\train\hungry\961_M_neh.wav,hungry/961_M_neh.wav,hungry,train,4,gaussian_noise,"{""noise_factor"":0.002773675}",171,3848531734841526109,virtual:aug_656c139bcdfd972fe8e0
aug_74a176e936ac0e54b664,rec_866de97ef20add08af82,D:\INFANT CRY\data_set_dbl_split\train\hungry\828_M_neh.wav,hungry/828_M_neh.wav,hungry,train,4,pitch_shift,"{""steps"":2.177244}",172,5381471758458184753,virtual:aug_74a176e936ac0e54b664
aug_13ef8ae09c7e477409d8,rec_5b29661d9ab4ae4541b2,D:\INFANT CRY\data_set_dbl_split\train\hungry\1614_M_neh.wav,hungry/1614_M_neh.wav,hungry,train,4,pitch_shift,"{""steps"":-1.93987}",173,7545686920056096223,virtual:aug_13ef8ae09c7e477409d8
aug_26e7a08df56ce3aa0e0d,rec_d4767218d9010329825d,D:\INFANT CRY\data_set_dbl_split\train\hungry\2550_M_neh.wav,hungry/2550_M_neh.wav,hungry,train,4,time_stretch,"{""rate"":1.22098}",174,16944046089119405190,virtual:aug_26e7a08df56ce3aa0e0d
aug_11aa57ae081123b1a655,rec_2074b86eecde9140b59b,D:\INFANT CRY\data_set_dbl_split\train\hungry\dunstan-neh_14.wav,hungry/dunstan-neh_14.wav,hungry,train,4,time_stretch,"{""rate"":0.793548}",175,17699960837245556662,virtual:aug_11aa57ae081123b1a655
aug_cc9a899f753bfbff8deb,rec_b9118574ae063823a271,D:\INFANT CRY\data_set_dbl_split\train\hungry\4927_F_neh.wav,hungry/4927_F_neh.wav,hungry,train,4,gaussian_noise,"{""noise_factor"":0.005386898}",176,8876029032026613524,virtual:aug_cc9a899f753bfbff8deb
aug_267849b235e93e50945e,rec_84297140893c78309e78,D:\INFANT CRY\data_set_dbl_split\train\hungry\dunstan-neh_34.wav,hungry/dunstan-neh_34.wav,hungry,train,4,pitch_shift,"{""steps"":0.922596}",177,3072271179127052958,virtual:aug_267849b235e93e50945e
aug_8c1d846768e334adb19b,rec_3a395ce757448ae52bb1,D:\INFANT CRY\data_set_dbl_split\train\hungry\980_F_neh.wav,hungry/980_F_neh.wav,hungry,train,4,pitch_shift,"{""steps"":-1.088813}",178,4735130139411863918,virtual:aug_8c1d846768e334adb19b
aug_b30f937b0726fe68405c,rec_2e6b9cce63bb62c81682,D:\INFANT CRY\data_set_dbl_split\train\hungry\1127_M_neh.wav,hungry/1127_M_neh.wav,hungry,train,4,time_stretch,"{""rate"":1.081641}",179,9627669280715713837,virtual:aug_b30f937b0726fe68405c
aug_ba4749981d0b7d97b9dd,rec_3089f948268829e76e78,D:\INFANT CRY\data_set_dbl_split\train\hungry\4171_F_neh.wav,hungry/4171_F_neh.wav,hungry,train,4,time_stretch,"{""rate"":0.911947}",180,10509260669583865047,virtual:aug_ba4749981d0b7d97b9dd
aug_6039b5f724c142af8191,rec_1d60bd35a759f5a32057,D:\INFANT CRY\data_set_dbl_split\train\hungry\dunstan-neh_48.wav,hungry/dunstan-neh_48.wav,hungry,train,4,time_shift,"{""fraction"":-0.0303535}",181,13935945082257588920,virtual:aug_6039b5f724c142af8191
aug_2bfb9c931df9ee27cc6a,rec_8f4ae3b0a43cca27a403,D:\INFANT CRY\data_set_dbl_split\train\hungry\dunstan-neh_39.wav,hungry/dunstan-neh_39.wav,hungry,train,4,gaussian_noise,"{""noise_factor"":0.002362767}",182,2978923531176762764,virtual:aug_2bfb9c931df9ee27cc6a
aug_ba9ae264bdf4f7cc76c1,rec_e55a34a72fedfd7e840d,D:\INFANT CRY\data_set_dbl_split\train\hungry\dunstan-neh_12.wav,hungry/dunstan-neh_12.wav,hungry,train,4,pitch_shift,"{""steps"":2.058863}",183,13564256531806772954,virtual:aug_ba9ae264bdf4f7cc76c1
aug_943c9bf90fc9ea6c0a8e,rec_54271dc6c4c35a84a3f0,D:\INFANT CRY\data_set_dbl_split\train\hungry\dunstan-neh_55.wav,hungry/dunstan-neh_55.wav,hungry,train,4,pitch_shift,"{""steps"":-2.027992}",184,18212464470159493534,virtual:aug_943c9bf90fc9ea6c0a8e
aug_0fa18838aaebba551696,rec_27af923979666dc49a07,D:\INFANT CRY\data_set_dbl_split\train\hungry\1279_F_neh.wav,hungry/1279_F_neh.wav,hungry,train,4,time_stretch,"{""rate"":1.194054}",185,11128453206966406893,virtual:aug_0fa18838aaebba551696
aug_2328055222af8705804d,rec_87323d3270f1b8f6e507,D:\INFANT CRY\data_set_dbl_split\train\hungry\2317_M_neh.wav,hungry/2317_M_neh.wav,hungry,train,4,time_stretch,"{""rate"":0.794212}",186,4127921787423426503,virtual:aug_2328055222af8705804d
aug_a9a54b8567dea6c26b06,rec_9cf4fb751fdcfd3e5fa1,D:\INFANT CRY\data_set_dbl_split\train\hungry\3146_F_neh.wav,hungry/3146_F_neh.wav,hungry,train,4,gaussian_noise,"{""noise_factor"":0.005062677}",187,15160937649052447538,virtual:aug_a9a54b8567dea6c26b06
aug_ac95711c0e842fad4aca,rec_aa120f51f1874bfc4566,D:\INFANT CRY\data_set_dbl_split\train\hungry\3870_M_neh.wav,hungry/3870_M_neh.wav,hungry,train,4,pitch_shift,"{""steps"":0.99565}",188,9789504410310740629,virtual:aug_ac95711c0e842fad4aca
aug_d368770fb847db4a0c7f,rec_dc065ea30d88d9440e77,D:\INFANT CRY\data_set_dbl_split\train\hungry\dunstan-neh_27.wav,hungry/dunstan-neh_27.wav,hungry,train,4,pitch_shift,"{""steps"":-1.191001}",189,6197055847646740638,virtual:aug_d368770fb847db4a0c7f
aug_4e0a7504fe64c5000827,rec_93046bbf5c1dea64bf5e,D:\INFANT CRY\data_set_dbl_split\train\hungry\833_M_neh.wav,hungry/833_M_neh.wav,hungry,train,4,time_stretch,"{""rate"":1.118626}",190,14343209786438120697,virtual:aug_4e0a7504fe64c5000827
aug_8b0bfa98c29fbfe45bdb,rec_843d0ff9482328148496,D:\INFANT CRY\data_set_dbl_split\train\hungry\4928_M_neh.wav,hungry/4928_M_neh.wav,hungry,train,4,time_stretch,"{""rate"":0.885088}",191,2749658824424845519,virtual:aug_8b0bfa98c29fbfe45bdb
aug_9567532e6619d7e5953e,rec_27d5d632e1e1c98d5156,D:\INFANT CRY\data_set_dbl_split\train\hungry\2226_M_neh.wav,hungry/2226_M_neh.wav,hungry,train,4,time_shift,"{""fraction"":0.0935974}",192,7606172849438988492,virtual:aug_9567532e6619d7e5953e
aug_08740a9e86d9151f1ae4,rec_f897edc91aad92f1f4d4,D:\INFANT CRY\data_set_dbl_split\train\hungry\1521_F_neh.wav,hungry/1521_F_neh.wav,hungry,train,4,gaussian_noise,"{""noise_factor"":0.002173718}",193,2902479298083094515,virtual:aug_08740a9e86d9151f1ae4
aug_38a8acea7106c16f1eba,rec_6e37e8a77e8237f8a1e7,D:\INFANT CRY\data_set_dbl_split\train\hungry\dunstan-neh_18.wav,hungry/dunstan-neh_18.wav,hungry,train,4,pitch_shift,"{""steps"":1.834864}",194,4417736165565089288,virtual:aug_38a8acea7106c16f1eba
aug_a8b5f4dc7c4bb0ed5999,rec_0219106d49c86a8ef26c,D:\INFANT CRY\data_set_dbl_split\train\hungry\dunstan-neh_72.wav,hungry/dunstan-neh_72.wav,hungry,train,4,pitch_shift,"{""steps"":-1.800869}",195,2041160666545431623,virtual:aug_a8b5f4dc7c4bb0ed5999
aug_88665ae815dea7c82181,rec_54896c135751fc926faf,D:\INFANT CRY\data_set_dbl_split\train\hungry\804_F_neh.wav,hungry/804_F_neh.wav,hungry,train,4,time_stretch,"{""rate"":1.2035}",196,16892895494274550925,virtual:aug_88665ae815dea7c82181
aug_a8615de87910b766027e,rec_72f731ddb6a072d3ab85,D:\INFANT CRY\data_set_dbl_split\train\hungry\964_M_neh.wav,hungry/964_M_neh.wav,hungry,train,4,time_stretch,"{""rate"":0.820423}",197,11718559585138118940,virtual:aug_a8615de87910b766027e
aug_65d02e8b11359161076b,rec_2ff671b1852890e69b00,D:\INFANT CRY\data_set_dbl_split\train\hungry\3044_M_neh.wav,hungry/3044_M_neh.wav,hungry,train,4,gaussian_noise,"{""noise_factor"":0.005100411}",198,2870418383716121468,virtual:aug_65d02e8b11359161076b
aug_640f9e1b9abb13b170d1,rec_3b32ae946ba19d17300d,D:\INFANT CRY\data_set_dbl_split\train\hungry\3333_M_neh.wav,hungry/3333_M_neh.wav,hungry,train,4,pitch_shift,"{""steps"":0.96326}",199,287159895859960022,virtual:aug_640f9e1b9abb13b170d1
aug_6f06e14e2f610d334331,rec_95ecc93388c308db3fbd,D:\INFANT CRY\data_set_dbl_split\train\hungry\2219_M_neh.wav,hungry/2219_M_neh.wav,hungry,train,4,pitch_shift,"{""steps"":-1.150913}",200,17933436573886159036,virtual:aug_6f06e14e2f610d334331
aug_fb7e020ee7ed5b9315e6,rec_dd2ecfc5b21bcd086e19,D:\INFANT CRY\data_set_dbl_split\train\hungry\2245_F_neh.wav,hungry/2245_F_neh.wav,hungry,train,4,time_stretch,"{""rate"":1.11328}",201,17975487054193671982,virtual:aug_fb7e020ee7ed5b9315e6
aug_70943baeb226f7ac7fd2,rec_0ecdc0cd17162e55aad8,D:\INFANT CRY\data_set_dbl_split\train\hungry\dunstan-neh_57.wav,hungry/dunstan-neh_57.wav,hungry,train,4,time_stretch,"{""rate"":0.899211}",202,14698275440846596502,virtual:aug_70943baeb226f7ac7fd2
aug_b03dff203df02c9091b0,rec_3fe79ebb70341bbf14f7,D:\INFANT CRY\data_set_dbl_split\train\hungry\4727_M_neh.wav,hungry/4727_M_neh.wav,hungry,train,4,time_shift,"{""fraction"":-0.0710073}",203,16803918900328207656,virtual:aug_b03dff203df02c9091b0
aug_f3109700fd62c5cb1be6,rec_563bf3b849e217c99c2b,D:\INFANT CRY\data_set_dbl_split\train\hungry\dunstan-neh_66.wav,hungry/dunstan-neh_66.wav,hungry,train,4,gaussian_noise,"{""noise_factor"":0.002427388}",204,16806741716567082573,virtual:aug_f3109700fd62c5cb1be6
aug_70c0950a58b089db0851,rec_bfa6747f918f5738d1c3,D:\INFANT CRY\data_set_dbl_split\train\hungry\4918_M_neh.wav,hungry/4918_M_neh.wav,hungry,train,4,pitch_shift,"{""steps"":1.883439}",205,18256979322274691505,virtual:aug_70c0950a58b089db0851
aug_3fa25a98a902442903d0,rec_555a26837bdc5dd6c14e,D:\INFANT CRY\data_set_dbl_split\train\hungry\dunstan-neh_13.wav,hungry/dunstan-neh_13.wav,hungry,train,4,pitch_shift,"{""steps"":-2.063992}",206,2326976470117088447,virtual:aug_3fa25a98a902442903d0
aug_308fd8871633f9b10e00,rec_c5c7cc4019b6615df3ec,D:\INFANT CRY\data_set_dbl_split\train\hungry\377_F_neh.wav,hungry/377_F_neh.wav,hungry,train,4,time_stretch,"{""rate"":1.214544}",207,16823308375760389728,virtual:aug_308fd8871633f9b10e00
aug_57a55c96b83c6465758e,rec_372ed40ca92e5e14733f,D:\INFANT CRY\data_set_dbl_split\train\hungry\2108_M_neh.wav,hungry/2108_M_neh.wav,hungry,train,4,time_stretch,"{""rate"":0.797696}",208,8165915259284565005,virtual:aug_57a55c96b83c6465758e
aug_ed42358a4fba04d369ea,rec_2e0608ae3276e423cd26,D:\INFANT CRY\data_set_dbl_split\train\hungry\704_M_neh.wav,hungry/704_M_neh.wav,hungry,train,4,gaussian_noise,"{""noise_factor"":0.005610895}",209,350800066335917071,virtual:aug_ed42358a4fba04d369ea
aug_b2640fe568ab442bd8f0,rec_cbccd8fd251b87fe11d5,D:\INFANT CRY\data_set_dbl_split\train\hungry\dunstan-neh_62.wav,hungry/dunstan-neh_62.wav,hungry,train,4,pitch_shift,"{""steps"":1.163828}",210,15652670267233733728,virtual:aug_b2640fe568ab442bd8f0
aug_add1e0b07f2c19baa56e,rec_f1ad9019670692fe6b00,D:\INFANT CRY\data_set_dbl_split\train\hungry\926_M_neh.wav,hungry/926_M_neh.wav,hungry,train,4,pitch_shift,"{""steps"":-0.985853}",211,16354402828429798199,virtual:aug_add1e0b07f2c19baa56e
aug_be62e64154b85aae4781,rec_7de1538e4e8923365a69,D:\INFANT CRY\data_set_dbl_split\train\hungry\1838_M_neh.wav,hungry/1838_M_neh.wav,hungry,train,4,time_stretch,"{""rate"":1.091463}",212,14103242015213114835,virtual:aug_be62e64154b85aae4781
aug_55754e8afa84da09ad2b,rec_d8deea50d36d9d56286e,D:\INFANT CRY\data_set_dbl_split\train\hungry\851_M_neh.wav,hungry/851_M_neh.wav,hungry,train,4,time_stretch,"{""rate"":0.89118}",213,10077711089200764271,virtual:aug_55754e8afa84da09ad2b
aug_e0e287bb9828265b7416,rec_5e3518bec6261a74ca5c,D:\INFANT CRY\data_set_dbl_split\train\hungry\4479_M_neh.wav,hungry/4479_M_neh.wav,hungry,train,4,time_shift,"{""fraction"":0.0748167}",214,2790180899519819428,virtual:aug_e0e287bb9828265b7416
aug_08cd468c24568be58044,rec_93a6be1a88f70e583f68,D:\INFANT CRY\data_set_dbl_split\train\hungry\3384_F_neh.wav,hungry/3384_F_neh.wav,hungry,train,4,gaussian_noise,"{""noise_factor"":0.002313336}",215,4191454718816239643,virtual:aug_08cd468c24568be58044
aug_7859ca80f3deb305314f,rec_76cce5732b0faa68e759,D:\INFANT CRY\data_set_dbl_split\train\hungry\dunstan-neh_41.wav,hungry/dunstan-neh_41.wav,hungry,train,4,pitch_shift,"{""steps"":1.81056}",216,9409979389710786951,virtual:aug_7859ca80f3deb305314f
aug_c1dea569a645780e4e0b,rec_606b51628a29d576c7f5,D:\INFANT CRY\data_set_dbl_split\train\hungry\3676_M_neh.wav,hungry/3676_M_neh.wav,hungry,train,4,pitch_shift,"{""steps"":-1.905858}",217,3878476506574261194,virtual:aug_c1dea569a645780e4e0b
aug_7ceaaa57bbc2901ae5d8,rec_82f5f9b88b7fc28f0a7c,D:\INFANT CRY\data_set_dbl_split\train\hungry\dunstan-neh_6.wav,hungry/dunstan-neh_6.wav,hungry,train,4,time_stretch,"{""rate"":1.215182}",218,4953142511896519477,virtual:aug_7ceaaa57bbc2901ae5d8
aug_4b6f4dce4901c82c44cc,rec_d9b715561d9eec5d8809,D:\INFANT CRY\data_set_dbl_split\train\hungry\754_M_neh.wav,hungry/754_M_neh.wav,hungry,train,4,time_stretch,"{""rate"":0.777422}",219,1811400050180124333,virtual:aug_4b6f4dce4901c82c44cc
aug_635baef08d4c05806d6e,rec_e4ad00feb28f4c6c7b7c,D:\INFANT CRY\data_set_dbl_split\train\hungry\4387_M_neh.wav,hungry/4387_M_neh.wav,hungry,train,4,gaussian_noise,"{""noise_factor"":0.004746566}",220,7437070529395689280,virtual:aug_635baef08d4c05806d6e
aug_7c1719e35c87fa725649,rec_ec34fb05fcd5397abee1,D:\INFANT CRY\data_set_dbl_split\train\hungry\2392_M_neh.wav,hungry/2392_M_neh.wav,hungry,train,4,pitch_shift,"{""steps"":1.096688}",221,7624740732739332579,virtual:aug_7c1719e35c87fa725649
aug_0244bfbf00f5328668de,rec_7c3c65da7a88a56a3da5,D:\INFANT CRY\data_set_dbl_split\train\hungry\dunstan-neh_38.wav,hungry/dunstan-neh_38.wav,hungry,train,4,pitch_shift,"{""steps"":-0.8283}",222,12677540423871664072,virtual:aug_0244bfbf00f5328668de
aug_879a07936737c25433c6,rec_1744f789c8836ae844cb,D:\INFANT CRY\data_set_dbl_split\train\hungry\3469_M_neh.wav,hungry/3469_M_neh.wav,hungry,train,4,time_stretch,"{""rate"":1.088164}",223,8203297726600737774,virtual:aug_879a07936737c25433c6
aug_9b82b35e40c0497cf837,rec_7d34a6ff4cab4dc795fd,D:\INFANT CRY\data_set_dbl_split\train\hungry\3451_M_neh.wav,hungry/3451_M_neh.wav,hungry,train,4,time_stretch,"{""rate"":0.882945}",224,17241912356089514908,virtual:aug_9b82b35e40c0497cf837
aug_169cd938be3329176010,rec_4aeef63044c75c534d96,D:\INFANT CRY\data_set_dbl_split\train\hungry\2514_M_neh.wav,hungry/2514_M_neh.wav,hungry,train,4,time_shift,"{""fraction"":-0.0638369}",225,249780194729308555,virtual:aug_169cd938be3329176010
aug_5c4435ff21989b9b91e4,rec_a8ed319ae2c5af1fb4e7,D:\INFANT CRY\data_set_dbl_split\train\hungry\848_M_neh.wav,hungry/848_M_neh.wav,hungry,train,4,gaussian_noise,"{""noise_factor"":0.002704662}",226,8734684420766779023,virtual:aug_5c4435ff21989b9b91e4
aug_fdd07839c307af23a352,rec_74b7b7b269cccff509b6,D:\INFANT CRY\data_set_dbl_split\train\hungry\3478_M_neh.wav,hungry/3478_M_neh.wav,hungry,train,4,pitch_shift,"{""steps"":2.171479}",227,4356363065526389167,virtual:aug_fdd07839c307af23a352
aug_96ff51bab7d64ecc4e67,rec_3bae5630f154084da71f,D:\INFANT CRY\data_set_dbl_split\train\hungry\dunstan-neh_29.wav,hungry/dunstan-neh_29.wav,hungry,train,4,pitch_shift,"{""steps"":-2.083654}",228,6064326972357919893,virtual:aug_96ff51bab7d64ecc4e67
aug_1b05ceb3292c612ade1f,rec_12aab60e9a224840d67b,D:\INFANT CRY\data_set_dbl_split\train\hungry\3988_M_neh.wav,hungry/3988_M_neh.wav,hungry,train,4,time_stretch,"{""rate"":1.22461}",229,2081678651617891120,virtual:aug_1b05ceb3292c612ade1f
aug_2f5d20698d08f2b06df5,rec_bd47283574366dba00f9,D:\INFANT CRY\data_set_dbl_split\train\hungry\3269_M_neh.wav,hungry/3269_M_neh.wav,hungry,train,4,time_stretch,"{""rate"":0.81886}",230,1930330515070718861,virtual:aug_2f5d20698d08f2b06df5
aug_49383ac3cf114e991b9d,rec_751f261c8b1f00b3e786,D:\INFANT CRY\data_set_dbl_split\train\hungry\4055_M_neh.wav,hungry/4055_M_neh.wav,hungry,train,4,gaussian_noise,"{""noise_factor"":0.005242649}",231,1633044073475861295,virtual:aug_49383ac3cf114e991b9d
aug_ec5eb87515b3d99d4b66,rec_ee5e2c9bd7afb52ebe96,D:\INFANT CRY\data_set_dbl_split\train\hungry\1424_M_neh.wav,hungry/1424_M_neh.wav,hungry,train,4,pitch_shift,"{""steps"":0.837456}",232,12224592758557189832,virtual:aug_ec5eb87515b3d99d4b66
aug_b9117cd0eee50b0d7d20,rec_d9f72db0ab671c11e601,D:\INFANT CRY\data_set_dbl_split\train\hungry\3800_M_neh.wav,hungry/3800_M_neh.wav,hungry,train,4,pitch_shift,"{""steps"":-1.199508}",233,18378485540132828753,virtual:aug_b9117cd0eee50b0d7d20
aug_e07f810babdd81d098ca,rec_3d86d6ced59383b732db,D:\INFANT CRY\data_set_dbl_split\train\hungry\691_M_neh.wav,hungry/691_M_neh.wav,hungry,train,4,time_stretch,"{""rate"":1.100908}",234,14690784046716984637,virtual:aug_e07f810babdd81d098ca
aug_3d37a3898e145bd4828e,rec_85357352a774e2f015c1,D:\INFANT CRY\data_set_dbl_split\train\hungry\3809_M_neh.wav,hungry/3809_M_neh.wav,hungry,train,4,time_stretch,"{""rate"":0.879131}",235,9752283656070829032,virtual:aug_3d37a3898e145bd4828e
aug_8d2518d12eab8b4f1dd0,rec_8a26e0da4af7d57a6c76,D:\INFANT CRY\data_set_dbl_split\train\hungry\4541_M_neh.wav,hungry/4541_M_neh.wav,hungry,train,4,time_shift,"{""fraction"":0.0117039}",236,17947084988389822977,virtual:aug_8d2518d12eab8b4f1dd0
aug_c2e1c28d03fd19c51b9d,rec_8c41c5b0acdc8a731703,D:\INFANT CRY\data_set_dbl_split\train\hungry\dunstan-neh_65.wav,hungry/dunstan-neh_65.wav,hungry,train,4,gaussian_noise,"{""noise_factor"":0.002633733}",237,5106917554804881627,virtual:aug_c2e1c28d03fd19c51b9d
aug_d880e07887756a9b532d,rec_bbeadf4eccca05727d8d,D:\INFANT CRY\data_set_dbl_split\train\hungry\2984_M_neh.wav,hungry/2984_M_neh.wav,hungry,train,4,pitch_shift,"{""steps"":2.025747}",238,11267575787892994878,virtual:aug_d880e07887756a9b532d
aug_6b368eab7dae92a2a4a2,rec_06c98458513d1a15c986,D:\INFANT CRY\data_set_dbl_split\train\hungry\2301_M_neh.wav,hungry/2301_M_neh.wav,hungry,train,4,pitch_shift,"{""steps"":-2.154356}",239,17170848242611683731,virtual:aug_6b368eab7dae92a2a4a2
aug_5775be1f030ab2abfa01,rec_bec629bc5031bc22eb9b,D:\INFANT CRY\data_set_dbl_split\train\hungry\186_M_neh.wav,hungry/186_M_neh.wav,hungry,train,4,time_stretch,"{""rate"":1.201456}",240,10162741403127181960,virtual:aug_5775be1f030ab2abfa01
aug_d45a5a93f33ea08d2a0e,rec_46944c0538596aeac65b,D:\INFANT CRY\data_set_dbl_split\train\hungry\1508_M_neh.wav,hungry/1508_M_neh.wav,hungry,train,4,time_stretch,"{""rate"":0.788852}",241,15748858383814198238,virtual:aug_d45a5a93f33ea08d2a0e
aug_c4458fc8d325675cda9b,rec_3f27c431eeb305663abf,D:\INFANT CRY\data_set_dbl_split\train\hungry\2326_M_neh.wav,hungry/2326_M_neh.wav,hungry,train,4,gaussian_noise,"{""noise_factor"":0.005017173}",242,162350302475209804,virtual:aug_c4458fc8d325675cda9b
aug_7ef5ad6f2f8475d701aa,rec_877d2010d59db49c24c5,D:\INFANT CRY\data_set_dbl_split\train\hungry\3844_F_neh.wav,hungry/3844_F_neh.wav,hungry,train,4,pitch_shift,"{""steps"":1.005195}",243,11226424456367375763,virtual:aug_7ef5ad6f2f8475d701aa
aug_7ac0b1ff8b1717034728,rec_30dd61c9506d4c0ad6d5,D:\INFANT CRY\data_set_dbl_split\train\hungry\1262_F_neh.wav,hungry/1262_F_neh.wav,hungry,train,4,pitch_shift,"{""steps"":-1.177928}",244,4502630484257958226,virtual:aug_7ac0b1ff8b1717034728
aug_fca0df7feb08ef5df45d,rec_5f1156e4903ab6fe46cc,D:\INFANT CRY\data_set_dbl_split\train\hungry\2144_M_neh.wav,hungry/2144_M_neh.wav,hungry,train,4,time_stretch,"{""rate"":1.114262}",245,3099430561271341709,virtual:aug_fca0df7feb08ef5df45d
aug_ade4c57e25fc630d9ce0,rec_2972e6c8e16512407617,D:\INFANT CRY\data_set_dbl_split\train\hungry\290_M_neh.wav,hungry/290_M_neh.wav,hungry,train,4,time_stretch,"{""rate"":0.919168}",246,18236647820392228965,virtual:aug_ade4c57e25fc630d9ce0
aug_b9acd4349ee728a0782d,rec_7523b8e66b4d3ccafefe,D:\INFANT CRY\data_set_dbl_split\train\hungry\354_M_neh.wav,hungry/354_M_neh.wav,hungry,train,4,time_shift,"{""fraction"":0.0877185}",247,11038708623050155679,virtual:aug_b9acd4349ee728a0782d
aug_96394b43610c723c6a38,rec_572209fcf4431574a106,D:\INFANT CRY\data_set_dbl_split\train\hungry\1221_M_neh.wav,hungry/1221_M_neh.wav,hungry,train,4,gaussian_noise,"{""noise_factor"":0.002356613}",248,11294194646913626437,virtual:aug_96394b43610c723c6a38
aug_0404559038da8202e957,rec_bbd412cfa7ef42afdb4b,D:\INFANT CRY\data_set_dbl_split\train\hungry\25_M_neh.wav,hungry/25_M_neh.wav,hungry,train,4,pitch_shift,"{""steps"":2.071061}",249,4555406857941477367,virtual:aug_0404559038da8202e957
aug_f06fba24233b8dde4c34,rec_eb9ed8eb0009e46de602,D:\INFANT CRY\data_set_dbl_split\train\hungry\dunstan-neh_60.wav,hungry/dunstan-neh_60.wav,hungry,train,4,pitch_shift,"{""steps"":-1.851443}",250,2681423908722913640,virtual:aug_f06fba24233b8dde4c34
aug_f1429852de915c5553bd,rec_8fb0a7696007be9b34c3,D:\INFANT CRY\data_set_dbl_split\train\hungry\4920_F_neh.wav,hungry/4920_F_neh.wav,hungry,train,4,time_stretch,"{""rate"":1.193492}",251,8295519795999310528,virtual:aug_f1429852de915c5553bd
aug_2c0ceb7da5a21dca70b4,rec_1ead87a594d0546fc079,D:\INFANT CRY\data_set_dbl_split\train\hungry\dunstan-neh_51.wav,hungry/dunstan-neh_51.wav,hungry,train,4,time_stretch,"{""rate"":0.79308}",252,3274258872195273619,virtual:aug_2c0ceb7da5a21dca70b4
aug_d48e352296bd1e0c72bf,rec_674a9d5caada9832f371,D:\INFANT CRY\data_set_dbl_split\train\hungry\3830_M_neh.wav,hungry/3830_M_neh.wav,hungry,train,4,gaussian_noise,"{""noise_factor"":0.004986933}",253,7310010901647518413,virtual:aug_d48e352296bd1e0c72bf
aug_8213c708a653105b18c4,rec_9a989ed48e3e18f22982,D:\INFANT CRY\data_set_dbl_split\train\hungry\dunstan-neh_70.wav,hungry/dunstan-neh_70.wav,hungry,train,4,pitch_shift,"{""steps"":1.187617}",254,7050129015652379070,virtual:aug_8213c708a653105b18c4
aug_7bc16805e54d5e990313,rec_9fda6433c0cfb05ba603,D:\INFANT CRY\data_set_dbl_split\train\hungry\2790_M_neh.wav,hungry/2790_M_neh.wav,hungry,train,4,pitch_shift,"{""steps"":-0.903501}",255,10675615901643218316,virtual:aug_7bc16805e54d5e990313
aug_d0d5b081be326e1dfbed,rec_483da636af8546408bfa,D:\INFANT CRY\data_set_dbl_split\train\hungry\3844_M_neh.wav,hungry/3844_M_neh.wav,hungry,train,4,time_stretch,"{""rate"":1.123962}",256,18358878136287608717,virtual:aug_d0d5b081be326e1dfbed
aug_61d4d0ed57b55d19c2a5,rec_0552af17ff94910f260a,D:\INFANT CRY\data_set_dbl_split\train\hungry\dunstan-neh_7.wav,hungry/dunstan-neh_7.wav,hungry,train,4,time_stretch,"{""rate"":0.892202}",257,5265715654078715503,virtual:aug_61d4d0ed57b55d19c2a5
aug_c5a1228c539b51623bac,rec_3eeb6dcac3167d9919e6,D:\INFANT CRY\data_set_dbl_split\train\hungry\4221_M_neh.wav,hungry/4221_M_neh.wav,hungry,train,4,time_shift,"{""fraction"":0.0510719}",258,16468140464060276157,virtual:aug_c5a1228c539b51623bac
aug_74bcf795ec0d5a9da84e,rec_463180d5d281fe991930,D:\INFANT CRY\data_set_dbl_split\train\hungry\3701_F_neh.wav,hungry/3701_F_neh.wav,hungry,train,4,gaussian_noise,"{""noise_factor"":0.002287479}",259,15143081200463831676,virtual:aug_74bcf795ec0d5a9da84e
aug_ed37f15efeec91aa384b,rec_4b4785d5ae74ada7c3ec,D:\INFANT CRY\data_set_dbl_split\train\hungry\dunstan-neh_58.wav,hungry/dunstan-neh_58.wav,hungry,train,4,pitch_shift,"{""steps"":1.912353}",260,5860521163995198211,virtual:aug_ed37f15efeec91aa384b
aug_23cf18cbe38fcc7e240b,rec_863f55a8b59a50be7319,D:\INFANT CRY\data_set_dbl_split\train\hungry\2297_F_neh.wav,hungry/2297_F_neh.wav,hungry,train,4,pitch_shift,"{""steps"":-1.857012}",261,2544874652695850018,virtual:aug_23cf18cbe38fcc7e240b
aug_8fa457dd7bcf1b76ae42,rec_6a6e66f89a8a4d5d6593,D:\INFANT CRY\data_set_dbl_split\train\hungry\4908_M_neh.wav,hungry/4908_M_neh.wav,hungry,train,4,time_stretch,"{""rate"":1.216318}",262,6203033460018326536,virtual:aug_8fa457dd7bcf1b76ae42
aug_ea0fa7406d200f97dd64,rec_9007bb06e8ab85215018,D:\INFANT CRY\data_set_dbl_split\train\hungry\dunstan-neh_19.wav,hungry/dunstan-neh_19.wav,hungry,train,4,time_stretch,"{""rate"":0.81256}",263,4500348149958430617,virtual:aug_ea0fa7406d200f97dd64
aug_ed214d018b1b2d19ec42,rec_07bbcb1c1339e971458e,D:\INFANT CRY\data_set_dbl_split\train\hungry\dunstan-neh_2.wav,hungry/dunstan-neh_2.wav,hungry,train,4,gaussian_noise,"{""noise_factor"":0.005404935}",264,17679553726590220096,virtual:aug_ed214d018b1b2d19ec42
aug_cdd39d014e353e1d348d,rec_68a3b79ad863329c2fa0,D:\INFANT CRY\data_set_dbl_split\train\hungry\3168_M_neh.wav,hungry/3168_M_neh.wav,hungry,train,4,pitch_shift,"{""steps"":1.055569}",265,12018391654172763755,virtual:aug_cdd39d014e353e1d348d
aug_25768d97c3d69e56e911,rec_adb4bfea9da208dd77b4,D:\INFANT CRY\data_set_dbl_split\train\hungry\2581_F_neh.wav,hungry/2581_F_neh.wav,hungry,train,4,pitch_shift,"{""steps"":-0.977075}",266,12112725234314423281,virtual:aug_25768d97c3d69e56e911
aug_3ae0f00bb10b65e08873,rec_0ebec3765679d0d21c7c,D:\INFANT CRY\data_set_dbl_split\train\hungry\dunstan-neh_11.wav,hungry/dunstan-neh_11.wav,hungry,train,4,time_stretch,"{""rate"":1.120797}",267,1302743105270599614,virtual:aug_3ae0f00bb10b65e08873
aug_770be4e5a10541d74bb0,rec_da1f1379e0826d51b53e,D:\INFANT CRY\data_set_dbl_split\train\hungry\4111_M_neh.wav,hungry/4111_M_neh.wav,hungry,train,4,time_stretch,"{""rate"":0.913475}",268,5456577050478437875,virtual:aug_770be4e5a10541d74bb0
aug_00b0be89550ccd86cd7f,rec_84a379178d9f921361e0,D:\INFANT CRY\data_set_dbl_split\train\hungry\1123_F_neh.wav,hungry/1123_F_neh.wav,hungry,train,4,time_shift,"{""fraction"":-0.0266218}",269,12687585652174105856,virtual:aug_00b0be89550ccd86cd7f
aug_8302d38153d19aa55b25,rec_882649d0e1d9fb0fbaf3,D:\INFANT CRY\data_set_dbl_split\train\hungry\dunstan-neh_16.wav,hungry/dunstan-neh_16.wav,hungry,train,4,gaussian_noise,"{""noise_factor"":0.002624605}",270,14830128281060390338,virtual:aug_8302d38153d19aa55b25
aug_e9152b5bcf66c694a820,rec_d478f03cf1d2daecb690,D:\INFANT CRY\data_set_dbl_split\train\hungry\2011_M_neh.wav,hungry/2011_M_neh.wav,hungry,train,4,pitch_shift,"{""steps"":2.148873}",271,1833663350826308045,virtual:aug_e9152b5bcf66c694a820
aug_19a2e77d1a45edc0851c,rec_7f539cdc99c86f56f54a,D:\INFANT CRY\data_set_dbl_split\train\hungry\1332_F_neh.wav,hungry/1332_F_neh.wav,hungry,train,4,pitch_shift,"{""steps"":-2.085292}",272,6548462418854107685,virtual:aug_19a2e77d1a45edc0851c
aug_63b55c02b00fdd57a3ff,rec_2cfbeb91a2cd57cedc7d,D:\INFANT CRY\data_set_dbl_split\train\hungry\4300_M_neh.wav,hungry/4300_M_neh.wav,hungry,train,4,time_stretch,"{""rate"":1.21022}",273,2078051960816942170,virtual:aug_63b55c02b00fdd57a3ff
aug_6eeca0267268f5e1558f,rec_19f421ef58c3bf799ef8,D:\INFANT CRY\data_set_dbl_split\train\hungry\99_M_neh.wav,hungry/99_M_neh.wav,hungry,train,4,time_stretch,"{""rate"":0.819376}",274,14886606294559730724,virtual:aug_6eeca0267268f5e1558f
aug_7388307a7b56e8cbb73f,rec_ea7d0967f9ac5dec1709,D:\INFANT CRY\data_set_dbl_split\train\hungry\1770_M_neh.wav,hungry/1770_M_neh.wav,hungry,train,4,gaussian_noise,"{""noise_factor"":0.005096253}",275,10825794268404510951,virtual:aug_7388307a7b56e8cbb73f
aug_3270ef03cd2c27629ae1,rec_9cac5ed43c5a7d7d1eff,D:\INFANT CRY\data_set_dbl_split\train\hungry\1200_M_neh.wav,hungry/1200_M_neh.wav,hungry,train,4,pitch_shift,"{""steps"":0.868775}",276,15713777607519288103,virtual:aug_3270ef03cd2c27629ae1
aug_d2db24c79c1836fe4edc,rec_4207d13dec28146787c8,D:\INFANT CRY\data_set_dbl_split\train\hungry\2848_F_neh.wav,hungry/2848_F_neh.wav,hungry,train,4,pitch_shift,"{""steps"":-0.818837}",277,14993825397624105887,virtual:aug_d2db24c79c1836fe4edc
aug_c5131666519c4f6951a7,rec_4ff6a5878311508cf9b3,D:\INFANT CRY\data_set_dbl_split\train\hungry\dunstan-neh_23.wav,hungry/dunstan-neh_23.wav,hungry,train,4,time_stretch,"{""rate"":1.102293}",278,16735619470782801840,virtual:aug_c5131666519c4f6951a7
aug_2bed979307d692541c04,rec_c4c64bc3a334453f65f3,D:\INFANT CRY\data_set_dbl_split\train\hungry\1641_M_neh.wav,hungry/1641_M_neh.wav,hungry,train,4,time_stretch,"{""rate"":0.922425}",279,3644234554231604278,virtual:aug_2bed979307d692541c04
aug_f391f1395c2094cea186,rec_dabc4e82a87f09753719,D:\INFANT CRY\data_set_dbl_split\train\hungry\dunstan-neh_36.wav,hungry/dunstan-neh_36.wav,hungry,train,4,time_shift,"{""fraction"":-0.0569309}",280,7100332591990147814,virtual:aug_f391f1395c2094cea186
aug_8718c8bb86ff147baf86,rec_292be120aac79f3d8aad,D:\INFANT CRY\data_set_dbl_split\train\hungry\458_F_neh.wav,hungry/458_F_neh.wav,hungry,train,4,gaussian_noise,"{""noise_factor"":0.002175942}",281,11258830269107746732,virtual:aug_8718c8bb86ff147baf86
aug_932fa7513c2349c3bdca,rec_35a314bcf50ccf77f9b4,D:\INFANT CRY\data_set_dbl_split\train\hungry\1136_M_neh.wav,hungry/1136_M_neh.wav,hungry,train,4,pitch_shift,"{""steps"":2.098323}",282,11537489189962160968,virtual:aug_932fa7513c2349c3bdca
aug_049d6d58a82c739a8095,rec_f671c2c6395fe494c784,D:\INFANT CRY\data_set_dbl_split\train\hungry\2160_F_neh.wav,hungry/2160_F_neh.wav,hungry,train,4,pitch_shift,"{""steps"":-2.129312}",283,11235723128867651972,virtual:aug_049d6d58a82c739a8095
aug_59c1931eddd077e24828,rec_8038bcb6a3c1394cbc91,D:\INFANT CRY\data_set_dbl_split\train\hungry\2613_M_neh.wav,hungry/2613_M_neh.wav,hungry,train,4,time_stretch,"{""rate"":1.218261}",284,8262850561503014908,virtual:aug_59c1931eddd077e24828
aug_3bcc1a3ac119be85f406,rec_ad350495db62eea85e85,D:\INFANT CRY\data_set_dbl_split\train\hungry\1236_M_neh.wav,hungry/1236_M_neh.wav,hungry,train,4,time_stretch,"{""rate"":0.79255}",285,9786303595373724144,virtual:aug_3bcc1a3ac119be85f406
