sample_id,original_record_id,original_filepath,original_relative_path,label,partition,fold,augmentation_type,augmentation_params,augmentation_index,seed,output_reference
aug_5ad630ff4a3e90ce0e61,rec_50da61b23db30480db84,/mnt/d/INFANT CRY/data_set_dbl_split/train/belly_pain/4601_M_eairh.wav,belly_pain/4601_M_eairh.wav,belly_pain,train,3,gaussian_noise,"{""noise_factor"":0.004928322}",0,18418959892631145958,virtual:aug_5ad630ff4a3e90ce0e61
aug_57a71cbdd263ded21840,rec_917b2809b108d84393e1,/mnt/d/INFANT CRY/data_set_dbl_split/train/belly_pain/dunstan-eairh_37.wav,belly_pain/dunstan-eairh_37.wav,belly_pain,train,3,pitch_shift,"{""steps"":1.09844}",1,15278512636400687442,virtual:aug_57a71cbdd263ded21840
aug_49f0bdf77c0b5fbe51e9,rec_984c63597c96f9a7a5eb,/mnt/d/INFANT CRY/data_set_dbl_split/train/belly_pain/3319_M_eairh.wav,belly_pain/3319_M_eairh.wav,belly_pain,train,3,pitch_shift,"{""steps"":-0.885447}",2,11275090037833053143,virtual:aug_49f0bdf77c0b5fbe51e9
aug_4e85d1e2aa655fd6443e,rec_aee0e27f53394dd9463f,/mnt/d/INFANT CRY/data_set_dbl_split/train/belly_pain/792_M_eairh.wav,belly_pain/792_M_eairh.wav,belly_pain,train,3,time_stretch,"{""rate"":1.107583}",3,9715132277815010062,virtual:aug_4e85d1e2aa655fd6443e
aug_a86bc19f266e5a2a704c,rec_a4059f5ca3482bd507f9,/mnt/d/INFANT CRY/data_set_dbl_split/train/belly_pain/2217_M_eairh.wav,belly_pain/2217_M_eairh.wav,belly_pain,train,3,time_stretch,"{""rate"":0.917648}",4,13284379806093320742,virtual:aug_a86bc19f266e5a2a704c
aug_65795871b548637b7bd7,rec_f08400013ae835c03434,/mnt/d/INFANT CRY/data_set_dbl_split/train/belly_pain/dunstan-eairh_12.wav,belly_pain/dunstan-eairh_12.wav,belly_pain,train,3,time_shift,"{""fraction"":-0.0817175}",5,10084198403860546210,virtual:aug_65795871b548637b7bd7
aug_2220ee27ec5dd6e1f13e,rec_49997b84581d28fe47cf,/mnt/d/INFANT CRY/data_set_dbl_split/train/belly_pain/1498_M_eairh.wav,belly_pain/1498_M_eairh.wav,belly_pain,train,3,gaussian_noise,"{""noise_factor"":0.002360637}",6,4136735134358226678,virtual:aug_2220ee27ec5dd6e1f13e
aug_e12ddd32683983c83065,rec_983c3aa745cbf8ace922,/mnt/d/INFANT CRY/data_set_dbl_split/train/belly_pain/dunstan-eairh_22.wav,belly_pain/dunstan-eairh_22.wav,belly_pain,train,3,pitch_shift,"{""steps"":2.04806}",7,10781369507854370663,virtual:aug_e12ddd32683983c83065
aug_93af1013e9295c88cd09,rec_6a612fdb6f32216b009d,/mnt/d/INFANT CRY/data_set_dbl_split/train/belly_pain/dunstan-eairh_60.wav,belly_pain/dunstan-eairh_60.wav,belly_pain,train,3,pitch_shift,"{""steps"":-2.136223}",8,5441208130947441515,virtual:aug_93af1013e9295c88cd09
aug_e86f3d34a855431d39f3,rec_45acf6d12a71c4b85dfc,/mnt/d/INFANT CRY/data_set_dbl_split/train/belly_pain/dunstan-eairh_33.wav,belly_pain/dunstan-eairh_33.wav,belly_pain,train,3,time_stretch,"{""rate"":1.193059}",9,10322009154639868111,virtual:aug_e86f3d34a855431d39f3
aug_91f9aba7ac1dac5566ba,rec_88e4a7633c64c24b0e2a,/mnt/d/INFANT CRY/data_set_dbl_split/train/belly_pain/1353_M_eairh.wav,belly_pain/1353_M_eairh.wav,belly_pain,train,3,time_stretch,"{""rate"":0.793637}",10,12464114825737031387,virtual:aug_91f9aba7ac1dac5566ba
aug_18fc5df5c556680dddc8,rec_3be61b78079d39f26682,/mnt/d/INFANT CRY/data_set_dbl_split/train/belly_pain/4847_M_eairh.wav,belly_pain/4847_M_eairh.wav,belly_pain,train,3,gaussian_noise,"{""noise_factor"":0.005642231}",11,8647696347192512096,virtual:aug_18fc5df5c556680dddc8
aug_3f573e390fe43a1e20be,rec_537385263a6cfc438d37,/mnt/d/INFANT CRY/data_set_dbl_split/train/belly_pain/1084_M_eairh.wav,belly_pain/1084_M_eairh.wav,belly_pain,train,3,pitch_shift,"{""steps"":0.83901}",12,13784595007923237486,virtual:aug_3f573e390fe43a1e20be
aug_a9bb4ec179c725c3a869,rec_fdf6fac981d89bd04593,/mnt/d/INFANT CRY/data_set_dbl_split/train/belly_pain/3344_M_eairh.wav,belly_pain/3344_M_eairh.wav,belly_pain,train,3,pitch_shift,"{""steps"":-0.871852}",13,3147355579324674738,virtual:aug_a9bb4ec179c725c3a869
aug_563b8624e643ea2aae79,rec_9897d60d93c5b1f8c62b,/mnt/d/INFANT CRY/data_set_dbl_split/train/belly_pain/dunstan-eairh_14.wav,belly_pain/dunstan-eairh_14.wav,belly_pain,train,3,time_stretch,"{""rate"":1.087969}",14,978533233666217035,virtual:aug_563b8624e643ea2aae79
aug_1cec690d3b6d29b46751,rec_a81034a5fda8f72d3ad1,/mnt/d/INFANT CRY/data_set_dbl_split/train/belly_pain/287_F_eairh.wav,belly_pain/287_F_eairh.wav,belly_pain,train,3,time_stretch,"{""rate"":0.917102}",15,18158350656393573433,virtual:aug_1cec690d3b6d29b46751
aug_2b43aad86aebb1e7d062,rec_bc25d1ebb8434b66682a,/mnt/d/INFANT CRY/data_set_dbl_split/train/belly_pain/2293_F_eairh.wav,belly_pain/2293_F_eairh.wav,belly_pain,train,3,time_shift,"{""fraction"":-0.0048309}",16,12189573554105885223,virtual:aug_2b43aad86aebb1e7d062
aug_f5456af48bb2fab4a59c,rec_9b5466053393e9dbc382,/mnt/d/INFANT CRY/data_set_dbl_split/train/belly_pain/dunstan-eairh_23.wav,belly_pain/dunstan-eairh_23.wav,belly_pain,train,3,gaussian_noise,"{""noise_factor"":0.002697926}",17,1614495710972686842,virtual:aug_f5456af48bb2fab4a59c
aug_4d6680d38e919e7a28fb,rec_f727cf87adcf68c78684,/mnt/d/INFANT CRY/data_set_dbl_split/train/belly_pain/1248_M_eairh.wav,belly_pain/1248_M_eairh.wav,belly_pain,train,3,pitch_shift,"{""steps"":2.17659}",18,7674655265239083950,virtual:aug_4d6680d38e919e7a28fb
aug_7c2ce7966b7ae93b2609,rec_519de6d134c08a715f7a,/mnt/d/INFANT CRY/data_set_dbl_split/train/belly_pain/4437_M_eairh.wav,belly_pain/4437_M_eairh.wav,belly_pain,train,3,pitch_shift,"{""steps"":-2.010954}",19,12780836731391196475,virtual:aug_7c2ce7966b7ae93b2609
aug_bed406be2ebcb247538c,rec_a13b92fdc5317e0a51d9,/mnt/d/INFANT CRY/data_set_dbl_split/train/belly_pain/548_F_eairh.wav,belly_pain/548_F_eairh.wav,belly_pain,train,3,time_stretch,"{""rate"":1.177391}",20,1200924687060141137,virtual:aug_bed406be2ebcb247538c
aug_95f34112d6f625bc2d48,rec_50282cf393ad274e3952,/mnt/d/INFANT CRY/data_set_dbl_split/train/belly_pain/dunstan-eairh_32.wav,belly_pain/dunstan-eairh_32.wav,belly_pain,train,3,time_stretch,"{""rate"":0.78472}",21,10374659116232638106,virtual:aug_95f34112d6f625bc2d48
aug_9e15963a88c24aaeddd8,rec_cdb8986fc6e0fa25ec62,/mnt/d/INFANT CRY/data_set_dbl_split/train/belly_pain/2644_M_eairh.wav,belly_pain/2644_M_eairh.wav,belly_pain,train,3,gaussian_noise,"{""noise_factor"":0.004454469}",22,17160104808663178597,virtual:aug_9e15963a88c24aaeddd8
aug_0ea7066c9c7216a1088b,rec_fcc4c169f306104793fd,/mnt/d/INFANT CRY/data_set_dbl_split/train/belly_pain/1588_M_eairh.wav,belly_pain/1588_M_eairh.wav,belly_pain,train,3,pitch_shift,"{""steps"":1.119266}",23,18191687635499164687,virtual:aug_0ea7066c9c7216a1088b
aug_e5c458ac64f79daf27e0,rec_db0170c6e9143b76c98f,/mnt/d/INFANT CRY/data_set_dbl_split/train/belly_pain/1215_M_eairh.wav,belly_pain/1215_M_eairh.wav,belly_pain,train,3,pitch_shift,"{""steps"":-1.047884}",24,711233054932405595,virtual:aug_e5c458ac64f79daf27e0
aug_08b1afd94d0b68ea0213,rec_7923b3cade105f0c3c70,/mnt/d/INFANT CRY/data_set_dbl_split/train/belly_pain/2651_F_eairh.wav,belly_pain/2651_F_eairh.wav,belly_pain,train,3,time_stretch,"{""rate"":1.113529}",25,7301719507652983156,virtual:aug_08b1afd94d0b68ea0213
aug_4a28f1dae9682ddde566,rec_728bae3265a2cb099ec1,/mnt/d/INFANT CRY/data_set_dbl_split/train/belly_pain/dunstan-eairh_38.wav,belly_pain/dunstan-eairh_38.wav,belly_pain,train,3,time_stretch,"{""rate"":0.89871}",26,18179075194422904726,virtual:aug_4a28f1dae9682ddde566
aug_d5337e1f7503d67cbc3f,rec_71271d173296dd73b1cc,/mnt/d/INFANT CRY/data_set_dbl_split/train/belly_pain/dunstan-eairh_49.wav,belly_pain/dunstan-eairh_49.wav,belly_pain,train,3,time_shift,"{""fraction"":0.0261127}",27,11130197767063635402,virtual:aug_d5337e1f7503d67cbc3f
aug_3140f57cd72ffc9ffe62,rec_b97b97506a926108c4fb,/mnt/d/INFANT CRY/data_set_dbl_split/train/belly_pain/4511_F_eairh.wav,belly_pain/4511_F_eairh.wav,belly_pain,train,3,gaussian_noise,"{""noise_factor"":0.002634305}",28,14405587256307052745,virtual:aug_3140f57cd72ffc9ffe62
aug_0b177121a4d1d5b62bc9,rec_99c997cbc56d30a6f86a,/mnt/d/INFANT CRY/data_set_dbl_split/train/belly_pain/4463_F_eairh.wav,belly_pain/4463_F_eairh.wav,belly_pain,train,3,pitch_shift,"{""steps"":1.935104}",29,9045473453422223301,virtual:aug_0b177121a4d1d5b62bc9
aug_e65a476be280a0c25ae4,rec_bd2fd049120ea1834eaf,/mnt/d/INFANT CRY/data_set_dbl_split/train/belly_pain/3306_M_eairh.wav,belly_pain/3306_M_eairh.wav,belly_pain,train,3,pitch_shift,"{""steps"":-2.177638}",30,2308318424482039825,virtual:aug_e65a476be280a0c25ae4
aug_551be4fe645a9f72f49f,rec_a5ec4310f567f29fe0e6,/mnt/d/INFANT CRY/data_set_dbl_split/train/belly_pain/3482_M_eairh.wav,belly_pain/3482_M_eairh.wav,belly_pain,train,3,time_stretch,"{""rate"":1.199956}",31,467810427720808779,virtual:aug_551be4fe645a9f72f49f
aug_7df476e2bc7b5fe030a4,rec_886741e63dcc59e4d15d,/mnt/d/INFANT CRY/data_set_dbl_split/train/belly_pain/dunstan-eairh_2.wav,belly_pain/dunstan-eairh_2.wav,belly_pain,train,3,time_stretch,"{""rate"":0.799504}",32,18414290972011706916,virtual:aug_7df476e2bc7b5fe030a4
aug_73e9f0b63e507a13f54e,rec_43b3fbffb18394a3d9df,/mnt/d/INFANT CRY/data_set_dbl_split/train/belly_pain/dunstan-eairh_52.wav,belly_pain/dunstan-eairh_52.wav,belly_pain,train,3,gaussian_noise,"{""noise_factor"":0.004622459}",33,6558970031119694526,virtual:aug_73e9f0b63e507a13f54e
aug_b9f4cd00fd2a85bdbbd3,rec_b6b66fb3f3de74db9ab8,/mnt/d/INFANT CRY/data_set_dbl_split/train/belly_pain/3825_M_eairh.wav,belly_pain/3825_M_eairh.wav,belly_pain,train,3,pitch_shift,"{""steps"":0.965398}",34,3893588045254335748,virtual:aug_b9f4cd00fd2a85bdbbd3
aug_d09b75c0ac9de378f411,rec_f6e860c75ce7b1ebce05,/mnt/d/INFANT CRY/data_set_dbl_split/train/belly_pain/4711_M_eairh.wav,belly_pain/4711_M_eairh.wav,belly_pain,train,3,pitch_shift,"{""steps"":-0.877181}",35,15513197583644575050,virtual:aug_d09b75c0ac9de378f411
aug_3224bc75551e4e12de23,rec_0ddf3d9b53d6a320397d,/mnt/d/INFANT CRY/data_set_dbl_split/train/belly_pain/3326_F_eairh.wav,belly_pain/3326_F_eairh.wav,belly_pain,train,3,time_stretch,"{""rate"":1.077831}",36,483764961543217162,virtual:aug_3224bc75551e4e12de23
aug_4a4a908c5e3d84e741cb,rec_d0cc3e578be11d2ca330,/mnt/d/INFANT CRY/data_set_dbl_split/train/belly_pain/dunstan-eairh_18.wav,belly_pain/dunstan-eairh_18.wav,belly_pain,train,3,time_stretch,"{""rate"":0.882724}",37,3942899388008070561,virtual:aug_4a4a908c5e3d84e741cb
aug_546270a24fd39e35967d,rec_cc6172b8bd33735c82c6,/mnt/d/INFANT CRY/data_set_dbl_split/train/belly_pain/2819_M_eairh.wav,belly_pain/2819_M_eairh.wav,belly_pain,train,3,time_shift,"{""fraction"":-0.0244488}",38,18444327028269092654,virtual:aug_546270a24fd39e35967d
aug_60daf7f22d0315136186,rec_38916b588bfc277e0233,/mnt/d/INFANT CRY/data_set_dbl_split/train/belly_pain/dunstan-eairh_34.wav,belly_pain/dunstan-eairh_34.wav,belly_pain,train,3,gaussian_noise,"{""noise_factor"":0.002150479}",39,6306486952182702487,virtual:aug_60daf7f22d0315136186
aug_75568ae0482e620cdf4b,rec_204a9c054278b9416f57,/mnt/d/INFANT CRY/data_set_dbl_split/train/belly_pain/dunstan-eairh_17.wav,belly_pain/dunstan-eairh_17.wav,belly_pain,train,3,pitch_shift,"{""steps"":1.87572}",40,15384541479324311034,virtual:aug_75568ae0482e620cdf4b
aug_0b4b2eed3d198bf1736e,rec_81baca137ffa49fea0f0,/mnt/d/INFANT CRY/data_set_dbl_split/train/belly_pain/dunstan-eairh_5.wav,belly_pain/dunstan-eairh_5.wav,belly_pain,train,3,pitch_shift,"{""steps"":-2.181523}",41,14056721066830896211,virtual:aug_0b4b2eed3d198bf1736e
aug_4f099351273ce7e7e607,rec_bc38ab67adac26f034e8,/mnt/d/INFANT CRY/data_set_dbl_split/train/belly_pain/dunstan-eairh_13.wav,belly_pain/dunstan-eairh_13.wav,belly_pain,train,3,time_stretch,"{""rate"":1.184231}",42,6331461600125637265,virtual:aug_4f099351273ce7e7e607
aug_270f1e349e34234536e6,rec_975dd89a0e79348933f6,/mnt/d/INFANT CRY/data_set_dbl_split/train/belly_pain/dunstan-eairh_1.wav,belly_pain/dunstan-eairh_1.wav,belly_pain,train,3,time_stretch,"{""rate"":0.822803}",43,13672772213867552772,virtual:aug_270f1e349e34234536e6
aug_cff77cec1caa29cc1c2e,rec_212b93ff5570b7840e1a,/mnt/d/INFANT CRY/data_set_dbl_split/train/belly_pain/419_M_eairh.wav,belly_pain/419_M_eairh.wav,belly_pain,train,3,gaussian_noise,"{""noise_factor"":0.004723134}",44,11898640255489338272,virtual:aug_cff77cec1caa29cc1c2e
aug_9f6059efccb8f1314787,rec_dadefbf45bb8caa60b9e,/mnt/d/INFANT CRY/data_set_dbl_split/train/belly_pain/2269_M_eairh.wav,belly_pain/2269_M_eairh.wav,belly_pain,train,3,pitch_shift,"{""steps"":0.87516}",45,688707044233900664,virtual:aug_9f6059efccb8f1314787
aug_cf0081710e3fb695e997,rec_aef5992e5f42844e0dda,/mnt/d/INFANT CRY/data_set_dbl_split/train/belly_pain/dunstan-eairh_53.wav,belly_pain/dunstan-eairh_53.wav,belly_pain,train,3,pitch_shift,"{""steps"":-1.064743}",46,18113578071944306493,virtual:aug_cf0081710e3fb695e997
aug_0f6ab0da305beb037aff,rec_0dcb14da74eee37cc249,/mnt/d/INFANT CRY/data_set_dbl_split/train/belly_pain/dunstan-eairh_24.wav,belly_pain/dunstan-eairh_24.wav,belly_pain,train,3,time_stretch,"{""rate"":1.117047}",47,1155200131158895831,virtual:aug_0f6ab0da305beb037aff
aug_c1ba95250a76a15be8c0,rec_a0848fd98077b24f5820,/mnt/d/INFANT CRY/data_set_dbl_split/train/belly_pain/1462_F_eairh.wav,belly_pain/1462_F_eairh.wav,belly_pain,train,3,time_stretch,"{""rate"":0.879688}",48,2151281611169488269,virtual:aug_c1ba95250a76a15be8c0
aug_a203f3ad3528969766ed,rec_cd47bf189e0812ab4c2a,/mnt/d/INFANT CRY/data_set_dbl_split/train/belly_pain/844_M_eairh.wav,belly_pain/844_M_eairh.wav,belly_pain,train,3,time_shift,"{""fraction"":-0.0733684}",49,1344471092381168369,virtual:aug_a203f3ad3528969766ed
aug_9a93b56ac880ce086d48,rec_d9029df6f0570483478b,/mnt/d/INFANT CRY/data_set_dbl_split/train/belly_pain/393_M_eairh.wav,belly_pain/393_M_eairh.wav,belly_pain,train,3,gaussian_noise,"{""noise_factor"":0.002669567}",50,12556347030762877572,virtual:aug_9a93b56ac880ce086d48
aug_6faa1509a9e7de5de48a,rec_6ac41708a7f3de4ed900,/mnt/d/INFANT CRY/data_set_dbl_split/train/belly_pain/dunstan-eairh_9.wav,belly_pain/dunstan-eairh_9.wav,belly_pain,train,3,pitch_shift,"{""steps"":1.821131}",51,2901670982863094156,virtual:aug_6faa1509a9e7de5de48a
aug_daaa2528dbb6eb213aed,rec_2730b77759b8808a6d27,/mnt/d/INFANT CRY/data_set_dbl_split/train/belly_pain/3786_M_eairh.wav,belly_pain/3786_M_eairh.wav,belly_pain,train,3,pitch_shift,"{""steps"":-1.849372}",52,5419051248554781841,virtual:aug_daaa2528dbb6eb213aed
aug_caee88adbcd58c2e9e4e,rec_25708979c73d741b3abd,/mnt/d/INFANT CRY/data_set_dbl_split/train/belly_pain/2208_M_eairh.wav,belly_pain/2208_M_eairh.wav,belly_pain,train,3,time_stretch,"{""rate"":1.223041}",53,2330165841151107119,virtual:aug_caee88adbcd58c2e9e4e
aug_d815dec37b31f4eca7c7,rec_344f2459aa8a88a9964a,/mnt/d/INFANT CRY/data_set_dbl_split/train/belly_pain/228_M_eairh.wav,belly_pain/228_M_eairh.wav,belly_pain,train,3,time_stretch,"{""rate"":0.782197}",54,16284261450975504547,virtual:aug_d815dec37b31f4eca7c7
aug_001e6f5bbeb019fd5495,rec_86e990c657f137ebbf87,/mnt/d/INFANT CRY/data_set_dbl_split/train/belly_pain/dunstan-eairh_20.wav,belly_pain/dunstan-eairh_20.wav,belly_pain,train,3,gaussian_noise,"{""noise_factor"":0.005732156}",55,15876649164233086809,virtual:aug_001e6f5bbeb019fd5495
aug_b49ff1b122c36e93f007,rec_fefa338d580873c2cd3e,/mnt/d/INFANT CRY/data_set_dbl_split/train/belly_pain/1190_M_eairh.wav,belly_pain/1190_M_eairh.wav,belly_pain,train,3,pitch_shift,"{""steps"":0.991456}",56,8931771018662284696,virtual:aug_b49ff1b122c36e93f007
aug_294bb4fedc4bfaabbfbd,rec_6f6b4910a46d0f5c9466,/mnt/d/INFANT CRY/data_set_dbl_split/train/belly_pain/dunstan-eairh_29.wav,belly_pain/dunstan-eairh_29.wav,belly_pain,train,3,pitch_shift,"{""steps"":-0.887366}",57,13657264633520886200,virtual:aug_294bb4fedc4bfaabbfbd
aug_205160a0553b6fb4db91,rec_bf373fe9b30b0dd92527,/mnt/d/INFANT CRY/data_set_dbl_split/train/belly_pain/407_M_eairh.wav,belly_pain/407_M_eairh.wav,belly_pain,train,3,time_stretch,"{""rate"":1.109277}",58,10204826413622965032,virtual:aug_205160a0553b6fb4db91
aug_21700b067e588d79e03b,rec_02cdbe8c0204373d3f9c,/mnt/d/INFANT CRY/data_set_dbl_split/train/belly_pain/dunstan-eairh_44.wav,belly_pain/dunstan-eairh_44.wav,belly_pain,train,3,time_stretch,"{""rate"":0.884826}",59,6871569619897679846,virtual:aug_21700b067e588d79e03b
aug_232283dd6f8f0a9fd343,rec_81fef69644989c4602c2,/mnt/d/INFANT CRY/data_set_dbl_split/train/belly_pain/4745_M_eairh.wav,belly_pain/4745_M_eairh.wav,belly_pain,train,3,time_shift,"{""fraction"":0.080828}",60,1142005815857225819,virtual:aug_232283dd6f8f0a9fd343
aug_b4e808ada6598e3b8222,rec_fac87a465c8472b089f6,/mnt/d/INFANT CRY/data_set_dbl_split/train/belly_pain/2250_F_eairh.wav,belly_pain/2250_F_eairh.wav,belly_pain,train,3,gaussian_noise,"{""noise_factor"":0.002259658}",61,12821432998704368976,virtual:aug_b4e808ada6598e3b8222
aug_8f1bd6d7dd8d1f2b504b,rec_bb69c12272a7b5c6887b,/mnt/d/INFANT CRY/data_set_dbl_split/train/belly_pain/dunstan-eairh_6.wav,belly_pain/dunstan-eairh_6.wav,belly_pain,train,3,pitch_shift,"{""steps"":2.130639}",62,17125689124579456660,virtual:aug_8f1bd6d7dd8d1f2b504b
aug_457b7bcdb13dab94863c,rec_4fb517e52369af00b8e9,/mnt/d/INFANT CRY/data_set_dbl_split/train/belly_pain/2754_M_eairh.wav,belly_pain/2754_M_eairh.wav,belly_pain,train,3,pitch_shift,"{""steps"":-1.898272}",63,7277516627111154337,virtual:aug_457b7bcdb13dab94863c
aug_743ffd3c1a19e9d1b115,rec_4f5f3b672a3334ab6010,/mnt/d/INFANT CRY/data_set_dbl_split/train/belly_pain/4846_F_eairh.wav,belly_pain/4846_F_eairh.wav,belly_pain,train,3,time_stretch,"{""rate"":1.218285}",64,3706927775872535929,virtual:aug_743ffd3c1a19e9d1b115
aug_b937220fc6ff16f53939,rec_e6d5a53ef5c2a42cae1f,/mnt/d/INFANT CRY/data_set_dbl_split/train/belly_pain/dunstan-eairh_59.wav,belly_pain/dunstan-eairh_59.wav,belly_pain,train,3,time_stretch,"{""rate"":0.805808}",65,11643016366246685457,virtual:aug_b937220fc6ff16f53939
aug_faaf72472c7d6578fd4d,rec_7bfbf6df11a5121ca4c9,/mnt/d/INFANT CRY/data_set_dbl_split/train/belly_pain/934_M_eairh.wav,belly_pain/934_M_eairh.wav,belly_pain,train,3,gaussian_noise,"{""noise_factor"":0.005555355}",66,9229790368231181544,virtual:aug_faaf72472c7d6578fd4d
aug_03f6b86d33a40a96e398,rec_ba52e0a6338d8ae240d8,/mnt/d/INFANT CRY/data_set_dbl_split/train/belly_pain/dunstan-eairh_19.wav,belly_pain/dunstan-eairh_19.wav,belly_pain,train,3,pitch_shift,"{""steps"":0.991357}",67,6957377225390326740,virtual:aug_03f6b86d33a40a96e398
aug_e9e3feeca78a91d9376c,rec_a29eb2fa57b194483f26,/mnt/d/INFANT CRY/data_set_dbl_split/train/belly_pain/2101_M_eairh.wav,belly_pain/2101_M_eairh.wav,belly_pain,train,3,pitch_shift,"{""steps"":-0.897799}",68,4309583136672678433,virtual:aug_e9e3feeca78a91d9376c
aug_ec7f0c1e0eaa34f6195b,rec_01476f7d02dc9fb5bfc4,/mnt/d/INFANT CRY/data_set_dbl_split/train/belly_pain/1330_M_eairh.wav,belly_pain/1330_M_eairh.wav,belly_pain,train,3,time_stretch,"{""rate"":1.119924}",69,13722861320184641298,virtual:aug_ec7f0c1e0eaa34f6195b
aug_d745ea990c39043c075b,rec_9ef4cab50c9a56e3bd9a,/mnt/d/INFANT CRY/data_set_dbl_split/train/belly_pain/4758_M_eairh.wav,belly_pain/4758_M_eairh.wav,belly_pain,train,3,time_stretch,"{""rate"":0.898625}",70,17071511308894394486,virtual:aug_d745ea990c39043c075b
aug_6071b493ce364ebf6002,rec_b52b02478d157dfacee6,/mnt/d/INFANT CRY/data_set_dbl_split/train/belly_pain/3541_M_eairh.wav,belly_pain/3541_M_eairh.wav,belly_pain,train,3,time_shift,"{""fraction"":-0.0918319}",71,13357201176276535663,virtual:aug_6071b493ce364ebf6002
aug_b0753d67dde6743a9b9e,rec_bd03bef6ee0cbaf1d721,/mnt/d/INFANT CRY/data_set_dbl_split/train/belly_pain/3616_F_eairh.wav,belly_pain/3616_F_eairh.wav,belly_pain,train,3,gaussian_noise,"{""noise_factor"":0.002472926}",72,14003924223854312262,virtual:aug_b0753d67dde6743a9b9e
aug_afee85c97660c6c23960,rec_3e28c761181c5229dd97,/mnt/d/INFANT CRY/data_set_dbl_split/train/belly_pain/dunstan-eairh_11.wav,belly_pain/dunstan-eairh_11.wav,belly_pain,train,3,pitch_shift,"{""steps"":1.959044}",73,15234485729919238382,virtual:aug_afee85c97660c6c23960
aug_95b51ae149809a03b46d,rec_dc2883d8ee245da07d43,/mnt/d/INFANT CRY/data_set_dbl_split/train/belly_pain/2243_M_eairh.wav,belly_pain/2243_M_eairh.wav,belly_pain,train,3,pitch_shift,"{""steps"":-1.936894}",74,1111919598173223464,virtual:aug_95b51ae149809a03b46d
aug_9dd59e8326d76f4b6710,rec_0213f75c14f4849c2a83,/mnt/d/INFANT CRY/data_set_dbl_split/train/belly_pain/dunstan-eairh_41.wav,belly_pain/dunstan-eairh_41.wav,belly_pain,train,3,time_stretch,"{""rate"":1.197389}",75,3367050574545273456,virtual:aug_9dd59e8326d76f4b6710
aug_02c6a99bdde3f2e38100,rec_e41629e8492bfc07276b,/mnt/d/INFANT CRY/data_set_dbl_split/train/belly_pain/3151_M_eairh.wav,belly_pain/3151_M_eairh.wav,belly_pain,train,3,time_stretch,"{""rate"":0.805967}",76,10684425826316059519,virtual:aug_02c6a99bdde3f2e38100
aug_821c9b756d2d2c3b0f4b,rec_fba775c7ee6d938c4a28,/mnt/d/INFANT CRY/data_set_dbl_split/train/belly_pain/2566_M_eairh.wav,belly_pain/2566_M_eairh.wav,belly_pain,train,3,gaussian_noise,"{""noise_factor"":0.004934996}",77,12308025668144447148,virtual:aug_821c9b756d2d2c3b0f4b
aug_4fdd926015dcac56d837,rec_f3b17560413168dbbc98,/mnt/d/INFANT CRY/data_set_dbl_split/train/belly_pain/1197_M_eairh.wav,belly_pain/1197_M_eairh.wav,belly_pain,train,3,pitch_shift,"{""steps"":0.875862}",78,4349816885604441198,virtual:aug_4fdd926015dcac56d837
aug_69ece905466e78b9e97e,rec_2fbe8d849db8271b15ba,/mnt/d/INFANT CRY/data_set_dbl_split/train/belly_pain/2901_M_eairh.wav,belly_pain/2901_M_eairh.wav,belly_pain,train,3,pitch_shift,"{""steps"":-1.198704}",79,6068302561500716216,virtual:aug_69ece905466e78b9e97e
aug_a0625820586857b44c3c,rec_5e6be8ab7bbd234bfa10,/mnt/d/INFANT CRY/data_set_dbl_split/train/belly_pain/323_M_eairh.wav,belly_pain/323_M_eairh.wav,belly_pain,train,3,time_stretch,"{""rate"":1.117471}",80,3718917925325827628,virtual:aug_a0625820586857b44c3c
aug_d01478ee8ae2c37ad736,rec_eb97e029b56da724a0bb,/mnt/d/INFANT CRY/data_set_dbl_split/train/belly_pain/838_F_eairh.wav,belly_pain/838_F_eairh.wav,belly_pain,train,3,time_stretch,"{""rate"":0.912424}",81,3422476439162630266,virtual:aug_d01478ee8ae2c37ad736
aug_e9b47a96f123eeb64d7d,rec_dbafcb96ca6a87f36f52,/mnt/d/INFANT CRY/data_set_dbl_split/train/belly_pain/dunstan-eairh_39.wav,belly_pain/dunstan-eairh_39.wav,belly_pain,train,3,time_shift,"{""fraction"":-0.0310545}",82,16328720681355225817,virtual:aug_e9b47a96f123eeb64d7d
aug_da260803fd9ade9e2577,rec_6de25635db4018c640cb,/mnt/d/INFANT CRY/data_set_dbl_split/train/belly_pain/3077_F_eairh.wav,belly_pain/3077_F_eairh.wav,belly_pain,train,3,gaussian_noise,"{""noise_factor"":0.002410075}",83,9605859293003509684,virtual:aug_da260803fd9ade9e2577
aug_f26ab86d1f8cafff3ce8,rec_fae98644f14f54a8f0a4,/mnt/d/INFANT CRY/data_set_dbl_split/train/belly_pain/3889_M_eairh.wav,belly_pain/3889_M_eairh.wav,belly_pain,train,3,pitch_shift,"{""steps"":2.105388}",84,1540127559287548687,virtual:aug_f26ab86d1f8cafff3ce8
aug_96c76ecd4a1b98fc3b55,rec_7c9fa2018ccd9fa62207,/mnt/d/INFANT CRY/data_set_dbl_split/train/belly_pain/3492_F_eairh.wav,belly_pain/3492_F_eairh.wav,belly_pain,train,3,pitch_shift,"{""steps"":-1.843802}",85,14583112335388535495,virtual:aug_96c76ecd4a1b98fc3b55
aug_592458a2e1f9cb046350,rec_e28be47a3f49c072a427,/mnt/d/INFANT CRY/data_set_dbl_split/train/belly_pain/dunstan-eairh_8.wav,belly_pain/dunstan-eairh_8.wav,belly_pain,train,3,time_stretch,"{""rate"":1.214355}",86,5688895606077303713,virtual:aug_592458a2e1f9cb046350
aug_e7da26dd208b98483d1f,rec_0c5e583cba7fea6e7572,/mnt/d/INFANT CRY/data_set_dbl_split/train/belly_pain/3688_M_eairh.wav,belly_pain/3688_M_eairh.wav,belly_pain,train,3,time_stretch,"{""rate"":0.783704}",87,8533461258574656853,virtual:aug_e7da26dd208b98483d1f
aug_e2b5584b01daa1604835,rec_cdcf04a52b20c44770ea,/mnt/d/INFANT CRY/data_set_dbl_split/train/belly_pain/2685_F_eairh.wav,belly_pain/2685_F_eairh.wav,belly_pain,train,3,gaussian_noise,"{""noise_factor"":0.004439418}",88,12638109314302138808,virtual:aug_e2b5584b01daa1604835
aug_72d23b78f58ce170d01e,rec_cd6ec618a07ea9574302,/mnt/d/INFANT CRY/data_set_dbl_split/train/belly_pain/2994_M_eairh.wav,belly_pain/2994_M_eairh.wav,belly_pain,train,3,pitch_shift,"{""steps"":1.04388}",89,5584937368134500448,virtual:aug_72d23b78f58ce170d01e
aug_75793470a63e9d353267,rec_179925449a09539a329f,/mnt/d/INFANT CRY/data_set_dbl_split/train/belly_pain/dunstan-eairh_50.wav,belly_pain/dunstan-eairh_50.wav,belly_pain,train,3,pitch_shift,"{""steps"":-1.155108}",90,9021607445143928150,virtual:aug_75793470a63e9d353267
aug_6021c1132b291a070cab,rec_e341b409fa744b48140a,/mnt/d/INFANT CRY/data_set_dbl_split/train/belly_pain/2367_M_eairh.wav,belly_pain/2367_M_eairh.wav,belly_pain,train,3,time_stretch,"{""rate"":1.118745}",91,1090835429287747208,virtual:aug_6021c1132b291a070cab
aug_9fa786996bf860bb7425,rec_c3629105ce9cd90cfd02,/mnt/d/INFANT CRY/data_set_dbl_split/train/belly_pain/4186_M_eairh.wav,belly_pain/4186_M_eairh.wav,belly_pain,train,3,time_stretch,"{""rate"":0.877114}",92,4175941711218588943,virtual:aug_9fa786996bf860bb7425
aug_aa21d0e49acfd133aa15,rec_0bf28df218daf1ccd7d4,/mnt/d/INFANT CRY/data_set_dbl_split/train/belly_pain/dunstan-eairh_31.wav,belly_pain/dunstan-eairh_31.wav,belly_pain,train,3,time_shift,"{""fraction"":0.099062}",93,13665833989660026565,virtual:aug_aa21d0e49acfd133aa15
aug_63faf3fe3b540b454679,rec_74b947283511c8751b65,/mnt/d/INFANT CRY/data_set_dbl_split/train/belly_pain/2593_M_eairh.wav,belly_pain/2593_M_eairh.wav,belly_pain,train,3,gaussian_noise,"{""noise_factor"":0.002740126}",94,11442902831380406040,virtual:aug_63faf3fe3b540b454679
aug_84f56295d96a39c0016f,rec_50da61b23db30480db84,/mnt/d/INFANT CRY/data_set_dbl_split/train/belly_pain/4601_M_eairh.wav,belly_pain/4601_M_eairh.wav,belly_pain,train,3,pitch_shift,"{""steps"":1.901778}",95,8506682494844660097,virtual:aug_84f56295d96a39c0016f
aug_79d46f4342cee14251db,rec_917b2809b108d84393e1,/mnt/d/INFANT CRY/data_set_dbl_split/train/belly_pain/dunstan-eairh_37.wav,belly_pain/dunstan-eairh_37.wav,belly_pain,train,3,pitch_shift,"{""steps"":-2.124524}",96,3139112693350240222,virtual:aug_79d46f4342cee14251db
aug_544f5fc499237b3953ba,rec_984c63597c96f9a7a5eb,/mnt/d/INFANT CRY/data_set_dbl_split/train/belly_pain/3319_M_eairh.wav,belly_pain/3319_M_eairh.wav,belly_pain,train,3,time_stretch,"{""rate"":1.196904}",97,9583585806225941057,virtual:aug_544f5fc499237b3953ba
aug_e0e4e7ee6708af939907,rec_aee0e27f53394dd9463f,/mnt/d/INFANT CRY/data_set_dbl_split/train/belly_pain/792_M_eairh.wav,belly_pain/792_M_eairh.wav,belly_pain,train,3,time_stretch,"{""rate"":0.783502}",98,5935243262872453211,virtual:aug_e0e4e7ee6708af939907
aug_68606b78c9a3f5ef92d0,rec_a4059f5ca3482bd507f9,/mnt/d/INFANT CRY/data_set_dbl_split/train/belly_pain/2217_M_eairh.wav,belly_pain/2217_M_eairh.wav,belly_pain,train,3,gaussian_noise,"{""noise_factor"":0.004698156}",99,10490195971790549706,virtual:aug_68606b78c9a3f5ef92d0
aug_950c71cd15825536ba25,rec_f08400013ae835c03434,/mnt/d/INFANT CRY/data_set_dbl_split/train/belly_pain/dunstan-eairh_12.wav,belly_pain/dunstan-eairh_12.wav,belly_pain,train,3,pitch_shift,"{""steps"":0.927163}",100,16342693952201544251,virtual:aug_950c71cd15825536ba25
aug_ecb9a81069f59359ae92,rec_49997b84581d28fe47cf,/mnt/d/INFANT CRY/data_set_dbl_split/train/belly_pain/1498_M_eairh.wav,belly_pain/1498_M_eairh.wav,belly_pain,train,3,pitch_shift,"{""steps"":-0.818902}",101,6545392937541786179,virtual:aug_ecb9a81069f59359ae92
aug_38567b8dc47dfaeccf23,rec_983c3aa745cbf8ace922,/mnt/d/INFANT CRY/data_set_dbl_split/train/belly_pain/dunstan-eairh_22.wav,belly_pain/dunstan-eairh_22.wav,belly_pain,train,3,time_stretch,"{""rate"":1.079599}",102,2945647433319188988,virtual:aug_38567b8dc47dfaeccf23
aug_691cf6200eca61f26318,rec_6a612fdb6f32216b009d,/mnt/d/INFANT CRY/data_set_dbl_split/train/belly_pain/dunstan-eairh_60.wav,belly_pain/dunstan-eairh_60.wav,belly_pain,train,3,time_stretch,"{""rate"":0.916508}",103,1767410471945183637,virtual:aug_691cf6200eca61f26318
aug_43e70be94649936ce062,rec_45acf6d12a71c4b85dfc,/mnt/d/INFANT CRY/data_set_dbl_split/train/belly_pain/dunstan-eairh_33.wav,belly_pain/dunstan-eairh_33.wav,belly_pain,train,3,time_shift,"{""fraction"":0.0655735}",104,14415885951683019268,virtual:aug_43e70be94649936ce062
aug_1b8f099c1002528588e1,rec_88e4a7633c64c24b0e2a,/mnt/d/INFANT CRY/data_set_dbl_split/train/belly_pain/1353_M_eairh.wav,belly_pain/1353_M_eairh.wav,belly_pain,train,3,gaussian_noise,"{""noise_factor"":0.002547365}",105,10744139512109198667,virtual:aug_1b8f099c1002528588e1
aug_8b52e5595d25c7548632,rec_3be61b78079d39f26682,/mnt/d/INFANT CRY/data_set_dbl_split/train/belly_pain/4847_M_eairh.wav,belly_pain/4847_M_eairh.wav,belly_pain,train,3,pitch_shift,"{""steps"":1.979192}",106,2361081139780046324,virtual:aug_8b52e5595d25c7548632
aug_60393d5e75b4ba34129a,rec_537385263a6cfc438d37,/mnt/d/INFANT CRY/data_set_dbl_split/train/belly_pain/1084_M_eairh.wav,belly_pain/1084_M_eairh.wav,belly_pain,train,3,pitch_shift,"{""steps"":-2.082025}",107,5688485830500269372,virtual:aug_60393d5e75b4ba34129a
aug_55f25afc8db64e903abf,rec_fdf6fac981d89bd04593,/mnt/d/INFANT CRY/data_set_dbl_split/train/belly_pain/3344_M_eairh.wav,belly_pain/3344_M_eairh.wav,belly_pain,train,3,time_stretch,"{""rate"":1.186207}",108,1762369236189245317,virtual:aug_55f25afc8db64e903abf
aug_736b551dfa1bf3293065,rec_9897d60d93c5b1f8c62b,/mnt/d/INFANT CRY/data_set_dbl_split/train/belly_pain/dunstan-eairh_14.wav,belly_pain/dunstan-eairh_14.wav,belly_pain,train,3,time_stretch,"{""rate"":0.800934}",109,7029069010672283711,virtual:aug_736b551dfa1bf3293065
aug_2f13e8d6a2e8f3bbce4f,rec_a81034a5fda8f72d3ad1,/mnt/d/INFANT CRY/data_set_dbl_split/train/belly_pain/287_F_eairh.wav,belly_pain/287_F_eairh.wav,belly_pain,train,3,gaussian_noise,"{""noise_factor"":0.00573155}",110,6641111261556279319,virtual:aug_2f13e8d6a2e8f3bbce4f
aug_d69d6cc107a0541135e1,rec_bc25d1ebb8434b66682a,/mnt/d/INFANT CRY/data_set_dbl_split/train/belly_pain/2293_F_eairh.wav,belly_pain/2293_F_eairh.wav,belly_pain,train,3,pitch_shift,"{""steps"":1.032845}",111,12318923908191262787,virtual:aug_d69d6cc107a0541135e1
aug_345105c463b3c46466c8,rec_9b5466053393e9dbc382,/mnt/d/INFANT CRY/data_set_dbl_split/train/belly_pain/dunstan-eairh_23.wav,belly_pain/dunstan-eairh_23.wav,belly_pain,train,3,pitch_shift,"{""steps"":-0.916225}",112,1776858404349542162,virtual:aug_345105c463b3c46466c8
aug_9692bce730a7c4b89cb9,rec_f727cf87adcf68c78684,/mnt/d/INFANT CRY/data_set_dbl_split/train/belly_pain/1248_M_eairh.wav,belly_pain/1248_M_eairh.wav,belly_pain,train,3,time_stretch,"{""rate"":1.10366}",113,2761902129615511535,virtual:aug_9692bce730a7c4b89cb9
aug_bc07f5c6b1d8f7dd00db,rec_519de6d134c08a715f7a,/mnt/d/INFANT CRY/data_set_dbl_split/train/belly_pain/4437_M_eairh.wav,belly_pain/4437_M_eairh.wav,belly_pain,train,3,time_stretch,"{""rate"":0.880733}",114,10225377711809415235,virtual:aug_bc07f5c6b1d8f7dd00db
aug_6a409537a9ec13fe48e9,rec_a13b92fdc5317e0a51d9,/mnt/d/INFANT CRY/data_set_dbl_split/train/belly_pain/548_F_eairh.wav,belly_pain/548_F_eairh.wav,belly_pain,train,3,time_shift,"{""fraction"":0.0767221}",115,11595854133335623994,virtual:aug_6a409537a9ec13fe48e9
aug_04e0544cff7fd12ecddc,rec_50282cf393ad274e3952,/mnt/d/INFANT CRY/data_set_dbl_split/train/belly_pain/dunstan-eairh_32.wav,belly_pain/dunstan-eairh_32.wav,belly_pain,train,3,gaussian_noise,"{""noise_factor"":0.002274887}",116,16518592083994670824,virtual:aug_04e0544cff7fd12ecddc
aug_139142d4733ad1818fbc,rec_cdb8986fc6e0fa25ec62,/mnt/d/INFANT CRY/data_set_dbl_split/train/belly_pain/2644_M_eairh.wav,belly_pain/2644_M_eairh.wav,belly_pain,train,3,pitch_shift,"{""steps"":2.110436}",117,12448344300068928874,virtual:aug_139142d4733ad1818fbc
aug_9cc6da413dcbc86840b1,rec_fcc4c169f306104793fd,/mnt/d/INFANT CRY/data_set_dbl_split/train/belly_pain/1588_M_eairh.wav,belly_pain/1588_M_eairh.wav,belly_pain,train,3,pitch_shift,"{""steps"":-2.037425}",118,13401282918201732333,virtual:aug_9cc6da413dcbc86840b1
aug_605ecf57e608420184c5,rec_db0170c6e9143b76c98f,/mnt/d/INFANT CRY/data_set_dbl_split/train/belly_pain/1215_M_eairh.wav,belly_pain/1215_M_eairh.wav,belly_pain,train,3,time_stretch,"{""rate"":1.175272}",119,6557266164290410723,virtual:aug_605ecf57e608420184c5
aug_0a2ae5f71e9b4b60e3ab,rec_7923b3cade105f0c3c70,/mnt/d/INFANT CRY/data_set_dbl_split/train/belly_pain/2651_F_eairh.wav,belly_pain/2651_F_eairh.wav,belly_pain,train,3,time_stretch,"{""rate"":0.807195}",120,10368552791026496173,virtual:aug_0a2ae5f71e9b4b60e3ab
aug_1b4b42e1cf76c99f65c8,rec_728bae3265a2cb099ec1,/mnt/d/INFANT CRY/data_set_dbl_split/train/belly_pain/dunstan-eairh_38.wav,belly_pain/dunstan-eairh_38.wav,belly_pain,train,3,gaussian_noise,"{""noise_factor"":0.004549212}",121,1662465530324398782,virtual:aug_1b4b42e1cf76c99f65c8
aug_aa8d3e1a455b54e817a9,rec_71271d173296dd73b1cc,/mnt/d/INFANT CRY/data_set_dbl_split/train/belly_pain/dunstan-eairh_49.wav,belly_pain/dunstan-eairh_49.wav,belly_pain,train,3,pitch_shift,"{""steps"":0.99466}",122,12217738087881091544,virtual:aug_aa8d3e1a455b54e817a9
aug_1198df641e3322088625,rec_b97b97506a926108c4fb,/mnt/d/INFANT CRY/data_set_dbl_split/train/belly_pain/4511_F_eairh.wav,belly_pain/4511_F_eairh.wav,belly_pain,train,3,pitch_shift,"{""steps"":-1.17958}",123,5702116434703154687,virtual:aug_1198df641e3322088625
aug_62068a1fd6992b72aad1,rec_99c997cbc56d30a6f86a,/mnt/d/INFANT CRY/data_set_dbl_split/train/belly_pain/4463_F_eairh.wav,belly_pain/4463_F_eairh.wav,belly_pain,train,3,time_stretch,"{""rate"":1.101224}",124,2255702609788249216,virtual:aug_62068a1fd6992b72aad1
aug_f1ecb292ffa307c3bdb1,rec_bd2fd049120ea1834eaf,/mnt/d/INFANT CRY/data_set_dbl_split/train/belly_pain/3306_M_eairh.wav,belly_pain/3306_M_eairh.wav,belly_pain,train,3,time_stretch,"{""rate"":0.890301}",125,166463877058272091,virtual:aug_f1ecb292ffa307c3bdb1
aug_d55bd280c44a8fe35b40,rec_a5ec4310f567f29fe0e6,/mnt/d/INFANT CRY/data_set_dbl_split/train/belly_pain/3482_M_eairh.wav,belly_pain/3482_M_eairh.wav,belly_pain,train,3,time_shift,"{""fraction"":-0.0242666}",126,9982275381736346745,virtual:aug_d55bd280c44a8fe35b40
aug_571b116d2cf476116da7,rec_886741e63dcc59e4d15d,/mnt/d/INFANT CRY/data_set_dbl_split/train/belly_pain/dunstan-eairh_2.wav,belly_pain/dunstan-eairh_2.wav,belly_pain,train,3,gaussian_noise,"{""noise_factor"":0.002803306}",127,609663181974240492,virtual:aug_571b116d2cf476116da7
aug_2aaea4cf689f2ad87149,rec_43b3fbffb18394a3d9df,/mnt/d/INFANT CRY/data_set_dbl_split/train/belly_pain/dunstan-eairh_52.wav,belly_pain/dunstan-eairh_52.wav,belly_pain,train,3,pitch_shift,"{""steps"":1.930933}",128,17892257736842851718,virtual:aug_2aaea4cf689f2ad87149
aug_2361afc147dbfadcccd9,rec_b6b66fb3f3de74db9ab8,/mnt/d/INFANT CRY/data_set_dbl_split/train/belly_pain/3825_M_eairh.wav,belly_pain/3825_M_eairh.wav,belly_pain,train,3,pitch_shift,"{""steps"":-1.877961}",129,11948773178531626767,virtual:aug_2361afc147dbfadcccd9
aug_b6745cda290ceab03646,rec_f6e860c75ce7b1ebce05,/mnt/d/INFANT CRY/data_set_dbl_split/train/belly_pain/4711_M_eairh.wav,belly_pain/4711_M_eairh.wav,belly_pain,train,3,time_stretch,"{""rate"":1.221806}",130,17036688877933476769,virtual:aug_b6745cda290ceab03646
aug_8bcb7132ce40edd92f3c,rec_0ddf3d9b53d6a320397d,/mnt/d/INFANT CRY/data_set_dbl_split/train/belly_pain/3326_F_eairh.wav,belly_pain/3326_F_eairh.wav,belly_pain,train,3,time_stretch,"{""rate"":0.821741}",131,17723492038575516790,virtual:aug_8bcb7132ce40edd92f3c
aug_58b6e5622c0c04ee483c,rec_d0cc3e578be11d2ca330,/mnt/d/INFANT CRY/data_set_dbl_split/train/belly_pain/dunstan-eairh_18.wav,belly_pain/dunstan-eairh_18.wav,belly_pain,train,3,gaussian_noise,"{""noise_factor"":0.004594556}",132,12813777511394264344,virtual:aug_58b6e5622c0c04ee483c
aug_b636e2d18db2596b6edc,rec_cc6172b8bd33735c82c6,/mnt/d/INFANT CRY/data_set_dbl_split/train/belly_pain/2819_M_eairh.wav,belly_pain/2819_M_eairh.wav,belly_pain,train,3,pitch_shift,"{""steps"":0.835134}",133,3219422684763866913,virtual:aug_b636e2d18db2596b6edc
aug_9907dbedd4b6f50fc694,rec_38916b588bfc277e0233,/mnt/d/INFANT CRY/data_set_dbl_split/train/belly_pain/dunstan-eairh_34.wav,belly_pain/dunstan-eairh_34.wav,belly_pain,train,3,pitch_shift,"{""steps"":-1.082414}",134,13292754671090661968,virtual:aug_9907dbedd4b6f50fc694
aug_4179d42b8a06651b0b1f,rec_204a9c054278b9416f57,/mnt/d/INFANT CRY/data_set_dbl_split/train/belly_pain/dunstan-eairh_17.wav,belly_pain/dunstan-eairh_17.wav,belly_pain,train,3,time_stretch,"{""rate"":1.108881}",135,5986974668921109117,virtual:aug_4179d42b8a06651b0b1f
aug_a1aa85b6644d7e1b4cf9,rec_81baca137ffa49fea0f0,/mnt/d/INFANT CRY/data_set_dbl_split/train/belly_pain/dunstan-eairh_5.wav,belly_pain/dunstan-eairh_5.wav,belly_pain,train,3,time_stretch,"{""rate"":0.877835}",136,16021674232934140905,virtual:aug_a1aa85b6644d7e1b4cf9
aug_8b6095c440e735df5113,rec_bc38ab67adac26f034e8,/mnt/d/INFANT CRY/data_set_dbl_split/train/belly_pain/dunstan-eairh_13.wav,belly_pain/dunstan-eairh_13.wav,belly_pain,train,3,time_shift,"{""fraction"":-0.0781032}",137,5753702951274830245,virtual:aug_8b6095c440e735df5113
aug_ee979c4853b425da9bee,rec_975dd89a0e79348933f6,/mnt/d/INFANT CRY/data_set_dbl_split/train/belly_pain/dunstan-eairh_1.wav,belly_pain/dunstan-eairh_1.wav,belly_pain,train,3,gaussian_noise,"{""noise_factor"":0.002508793}",138,10678816143987883911,virtual:aug_ee979c4853b425da9bee
aug_cb0eabaafaa617a094bf,rec_212b93ff5570b7840e1a,/mnt/d/INFANT CRY/data_set_dbl_split/train/belly_pain/419_M_eairh.wav,belly_pain/419_M_eairh.wav,belly_pain,train,3,pitch_shift,"{""steps"":2.086718}",139,16138638069063076559,virtual:aug_cb0eabaafaa617a094bf
aug_2d1a15cafc6dadf58beb,rec_dadefbf45bb8caa60b9e,/mnt/d/INFANT CRY/data_set_dbl_split/train/belly_pain/2269_M_eairh.wav,belly_pain/2269_M_eairh.wav,belly_pain,train,3,pitch_shift,"{""steps"":-1.98506}",140,2146799441353014262,virtual:aug_2d1a15cafc6dadf58beb
aug_ac8ae85de301723b45c8,rec_aef5992e5f42844e0dda,/mnt/d/INFANT CRY/data_set_dbl_split/train/belly_pain/dunstan-eairh_53.wav,belly_pain/dunstan-eairh_53.wav,belly_pain,train,3,time_stretch,"{""rate"":1.207348}",141,10089370382169503506,virtual:aug_ac8ae85de301723b45c8
aug_9d44a47965a03bc9f1e5,rec_0dcb14da74eee37cc249,/mnt/d/INFANT CRY/data_set_dbl_split/train/belly_pain/dunstan-eairh_24.wav,belly_pain/dunstan-eairh_24.wav,belly_pain,train,3,time_stretch,"{""rate"":0.77619}",142,3154538693004350384,virtual:aug_9d44a47965a03bc9f1e5
aug_c125e371a8b6fb3d3b6c,rec_a0848fd98077b24f5820,/mnt/d/INFANT CRY/data_set_dbl_split/train/belly_pain/1462_F_eairh.wav,belly_pain/1462_F_eairh.wav,belly_pain,train,3,gaussian_noise,"{""noise_factor"":0.005293479}",143,913144394584801690,virtual:aug_c125e371a8b6fb3d3b6c
aug_2562ba2db5d699c6ae29,rec_cd47bf189e0812ab4c2a,/mnt/d/INFANT CRY/data_set_dbl_split/train/belly_pain/844_M_eairh.wav,belly_pain/844_M_eairh.wav,belly_pain,train,3,pitch_shift,"{""steps"":0.868645}",144,2032558965455219917,virtual:aug_2562ba2db5d699c6ae29
aug_45f353a53e0bb95a7dc2,rec_d9029df6f0570483478b,/mnt/d/INFANT CRY/data_set_dbl_split/train/belly_pain/393_M_eairh.wav,belly_pain/393_M_eairh.wav,belly_pain,train,3,pitch_shift,"{""steps"":-1.110911}",145,15451869733345308796,virtual:aug_45f353a53e0bb95a7dc2
aug_4d02f36e44b6c710137d,rec_6ac41708a7f3de4ed900,/mnt/d/INFANT CRY/data_set_dbl_split/train/belly_pain/dunstan-eairh_9.wav,belly_pain/dunstan-eairh_9.wav,belly_pain,train,3,time_stretch,"{""rate"":1.090877}",146,3152447581335612616,virtual:aug_4d02f36e44b6c710137d
aug_ebc1d0fcd983ae19e524,rec_2730b77759b8808a6d27,/mnt/d/INFANT CRY/data_set_dbl_split/train/belly_pain/3786_M_eairh.wav,belly_pain/3786_M_eairh.wav,belly_pain,train,3,time_stretch,"{""rate"":0.883302}",147,5245879509311205,virtual:aug_ebc1d0fcd983ae19e524
aug_7aeee95fd5acf3c232d7,rec_25708979c73d741b3abd,/mnt/d/INFANT CRY/data_set_dbl_split/train/belly_pain/2208_M_eairh.wav,belly_pain/2208_M_eairh.wav,belly_pain,train,3,time_shift,"{""fraction"":-0.0910263}",148,15518135758510001460,virtual:aug_7aeee95fd5acf3c232d7
aug_8d0a487489abd85367ce,rec_344f2459aa8a88a9964a,/mnt/d/INFANT CRY/data_set_dbl_split/train/belly_pain/228_M_eairh.wav,belly_pain/228_M_eairh.wav,belly_pain,train,3,gaussian_noise,"{""noise_factor"":0.002264765}",149,10230901890431491327,virtual:aug_8d0a487489abd85367ce
aug_fa5a9a439cfeaba581d0,rec_86e990c657f137ebbf87,/mnt/d/INFANT CRY/data_set_dbl_split/train/belly_pain/dunstan-eairh_20.wav,belly_pain/dunstan-eairh_20.wav,belly_pain,train,3,pitch_shift,"{""steps"":1.872799}",150,8267507563768334969,virtual:aug_fa5a9a439cfeaba581d0
aug_689c896a48bb74625518,rec_fefa338d580873c2cd3e,/mnt/d/INFANT CRY/data_set_dbl_split/train/belly_pain/1190_M_eairh.wav,belly_pain/1190_M_eairh.wav,belly_pain,train,3,pitch_shift,"{""steps"":-2.157057}",151,10740079046740902641,virtual:aug_689c896a48bb74625518
aug_54ec8086c8481de85ae9,rec_6f6b4910a46d0f5c9466,/mnt/d/INFANT CRY/data_set_dbl_split/train/belly_pain/dunstan-eairh_29.wav,belly_pain/dunstan-eairh_29.wav,belly_pain,train,3,time_stretch,"{""rate"":1.208148}",152,4723484164756768987,virtual:aug_54ec8086c8481de85ae9
aug_056d24fe8735a3f2829a,rec_bf373fe9b30b0dd92527,/mnt/d/INFANT CRY/data_set_dbl_split/train/belly_pain/407_M_eairh.wav,belly_pain/407_M_eairh.wav,belly_pain,train,3,time_stretch,"{""rate"":0.785215}",153,14264681787010856315,virtual:aug_056d24fe8735a3f2829a
aug_2905c5c6021d08130256,rec_02cdbe8c0204373d3f9c,/mnt/d/INFANT CRY/data_set_dbl_split/train/belly_pain/dunstan-eairh_44.wav,belly_pain/dunstan-eairh_44.wav,belly_pain,train,3,gaussian_noise,"{""noise_factor"":0.005174274}",154,13556982131179934537,virtual:aug_2905c5c6021d08130256
aug_e64098e248dbcf727333,rec_81fef69644989c4602c2,/mnt/d/INFANT CRY/data_set_dbl_split/train/belly_pain/4745_M_eairh.wav,belly_pain/4745_M_eairh.wav,belly_pain,train,3,pitch_shift,"{""steps"":1.013662}",155,5190452508314900928,virtual:aug_e64098e248dbcf727333
aug_b39e24b0509f1131264f,rec_fac87a465c8472b089f6,/mnt/d/INFANT CRY/data_set_dbl_split/train/belly_pain/2250_F_eairh.wav,belly_pain/2250_F_eairh.wav,belly_pain,train,3,pitch_shift,"{""steps"":-1.14759}",156,1853549416760972477,virtual:aug_b39e24b0509f1131264f
aug_371e44b7876b95905ae6,rec_bb69c12272a7b5c6887b,/mnt/d/INFANT CRY/data_set_dbl_split/train/belly_pain/dunstan-eairh_6.wav,belly_pain/dunstan-eairh_6.wav,belly_pain,train,3,time_stretch,"{""rate"":1.100199}",157,5296334279233633628,virtual:aug_371e44b7876b95905ae6
aug_a99ca937cbf52506cd2e,rec_4fb517e52369af00b8e9,/mnt/d/INFANT CRY/data_set_dbl_split/train/belly_pain/2754_M_eairh.wav,belly_pain/2754_M_eairh.wav,belly_pain,train,3,time_stretch,"{""rate"":0.90095}",158,8556171216669574218,virtual:aug_a99ca937cbf52506cd2e
aug_39476375a1eb79d68b27,rec_4f5f3b672a3334ab6010,/mnt/d/INFANT CRY/data_set_dbl_split/train/belly_pain/4846_F_eairh.wav,belly_pain/4846_F_eairh.wav,belly_pain,train,3,time_shift,"{""fraction"":0.0861469}",159,11471198720459716103,virtual:aug_39476375a1eb79d68b27
aug_0cd22bb7e36a9c870aaf,rec_e6d5a53ef5c2a42cae1f,/mnt/d/INFANT CRY/data_set_dbl_split/train/belly_pain/dunstan-eairh_59.wav,belly_pain/dunstan-eairh_59.wav,belly_pain,train,3,gaussian_noise,"{""noise_factor"":0.002751739}",160,12803402768206528078,virtual:aug_0cd22bb7e36a9c870aaf
aug_911af2dcb8a22bcc09e4,rec_7bfbf6df11a5121ca4c9,/mnt/d/INFANT CRY/data_set_dbl_split/train/belly_pain/934_M_eairh.wav,belly_pain/934_M_eairh.wav,belly_pain,train,3,pitch_shift,"{""steps"":1.852309}",161,2018136555602022292,virtual:aug_911af2dcb8a22bcc09e4
aug_c54cf87b83fd191dda62,rec_ba52e0a6338d8ae240d8,/mnt/d/INFANT CRY/data_set_dbl_split/train/belly_pain/dunstan-eairh_19.wav,belly_pain/dunstan-eairh_19.wav,belly_pain,train,3,pitch_shift,"{""steps"":-1.818694}",162,16425635095004382363,virtual:aug_c54cf87b83fd191dda62
aug_eab9eade557acce5c347,rec_a29eb2fa57b194483f26,/mnt/d/INFANT CRY/data_set_dbl_split/train/belly_pain/2101_M_eairh.wav,belly_pain/2101_M_eairh.wav,belly_pain,train,3,time_stretch,"{""rate"":1.206411}",163,11043651382203063360,virtual:aug_eab9eade557acce5c347
aug_f9f42bdaed55c0bc8cc4,rec_01476f7d02dc9fb5bfc4,/mnt/d/INFANT CRY/data_set_dbl_split/train/belly_pain/1330_M_eairh.wav,belly_pain/1330_M_eairh.wav,belly_pain,train,3,time_stretch,"{""rate"":0.810911}",164,5086879487832466058,virtual:aug_f9f42bdaed55c0bc8cc4
aug_2df711fd22f3bff11987,rec_9ef4cab50c9a56e3bd9a,/mnt/d/INFANT CRY/data_set_dbl_split/train/belly_pain/4758_M_eairh.wav,belly_pain/4758_M_eairh.wav,belly_pain,train,3,gaussian_noise,"{""noise_factor"":0.004346206}",165,12032170903518705213,virtual:aug_2df711fd22f3bff11987
aug_3f9c4dfaa4c8e060742a,rec_b52b02478d157dfacee6,/mnt/d/INFANT CRY/data_set_dbl_split/train/belly_pain/3541_M_eairh.wav,belly_pain/3541_M_eairh.wav,belly_pain,train,3,pitch_shift,"{""steps"":0.884853}",166,882819212513159568,virtual:aug_3f9c4dfaa4c8e060742a
aug_38cbec40989e810b8d02,rec_bd03bef6ee0cbaf1d721,/mnt/d/INFANT CRY/data_set_dbl_split/train/belly_pain/3616_F_eairh.wav,belly_pain/3616_F_eairh.wav,belly_pain,train,3,pitch_shift,"{""steps"":-1.155044}",167,16545393265668487416,virtual:aug_38cbec40989e810b8d02
aug_cdfd9fcc509b5941ba2e,rec_3e28c761181c5229dd97,/mnt/d/INFANT CRY/data_set_dbl_split/train/belly_pain/dunstan-eairh_11.wav,belly_pain/dunstan-eairh_11.wav,belly_pain,train,3,time_stretch,"{""rate"":1.09243}",168,1986146895998275701,virtual:aug_cdfd9fcc509b5941ba2e
aug_7b96ea21331bfb1cf117,rec_dc2883d8ee245da07d43,/mnt/d/INFANT CRY/data_set_dbl_split/train/belly_pain/2243_M_eairh.wav,belly_pain/2243_M_eairh.wav,belly_pain,train,3,time_stretch,"{""rate"":0.900073}",169,3759877951126985771,virtual:aug_7b96ea21331bfb1cf117
aug_ec39dfe4a15ad6a670e9,rec_0213f75c14f4849c2a83,/mnt/d/INFANT CRY/data_set_dbl_split/train/belly_pain/dunstan-eairh_41.wav,belly_pain/dunstan-eairh_41.wav,belly_pain,train,3,time_shift,"{""fraction"":-0.0461341}",170,14340894513914969796,virtual:aug_ec39dfe4a15ad6a670e9
aug_96d8992d523e7bbf6afe,rec_e41629e8492bfc07276b,/mnt/d/INFANT CRY/data_set_dbl_split/train/belly_pain/3151_M_eairh.wav,belly_pain/3151_M_eairh.wav,belly_pain,train,3,gaussian_noise,"{""noise_factor"":0.002465428}",171,6394226689318448377,virtual:aug_96d8992d523e7bbf6afe
aug_5ceb0f989e379336b76b,rec_fba775c7ee6d938c4a28,/mnt/d/INFANT CRY/data_set_dbl_split/train/belly_pain/2566_M_eairh.wav,belly_pain/2566_M_eairh.wav,belly_pain,train,3,pitch_shift,"{""steps"":1.932981}",172,11973015286984576194,virtual:aug_5ceb0f989e379336b76b
aug_8e624f47c6eff573219c,rec_f3b17560413168dbbc98,/mnt/d/INFANT CRY/data_set_dbl_split/train/belly_pain/1197_M_eairh.wav,belly_pain/1197_M_eairh.wav,belly_pain,train,3,pitch_shift,"{""steps"":-1.959819}",173,915176305772694895,virtual:aug_8e624f47c6eff573219c
aug_928d1e821280541ef769,rec_2fbe8d849db8271b15ba,/mnt/d/INFANT CRY/data_set_dbl_split/train/belly_pain/2901_M_eairh.wav,belly_pain/2901_M_eairh.wav,belly_pain,train,3,time_stretch,"{""rate"":1.207332}",174,673792157734679956,virtual:aug_928d1e821280541ef769
aug_c7f2853dc98bae6949d9,rec_5e6be8ab7bbd234bfa10,/mnt/d/INFANT CRY/data_set_dbl_split/train/belly_pain/323_M_eairh.wav,belly_pain/323_M_eairh.wav,belly_pain,train,3,time_stretch,"{""rate"":0.816741}",175,10408749038178565979,virtual:aug_c7f2853dc98bae6949d9
aug_725499e0e5d796f0c5b9,rec_eb97e029b56da724a0bb,/mnt/d/INFANT CRY/data_set_dbl_split/train/belly_pain/838_F_eairh.wav,belly_pain/838_F_eairh.wav,belly_pain,train,3,gaussian_noise,"{""noise_factor"":0.004297605}",176,16875484063561255275,virtual:aug_725499e0e5d796f0c5b9
aug_dcd24da210be927c0a33,rec_dbafcb96ca6a87f36f52,/mnt/d/INFANT CRY/data_set_dbl_split/train/belly_pain/dunstan-eairh_39.wav,belly_pain/dunstan-eairh_39.wav,belly_pain,train,3,pitch_shift,"{""steps"":0.950413}",177,1517560939079490369,virtual:aug_dcd24da210be927c0a33
aug_079072e8d9d8b7832039,rec_6de25635db4018c640cb,/mnt/d/INFANT CRY/data_set_dbl_split/train/belly_pain/3077_F_eairh.wav,belly_pain/3077_F_eairh.wav,belly_pain,train,3,pitch_shift,"{""steps"":-1.137394}",178,9719405893064804980,virtual:aug_079072e8d9d8b7832039
aug_80c64c08a8c6d2f465ef,rec_fae98644f14f54a8f0a4,/mnt/d/INFANT CRY/data_set_dbl_split/train/belly_pain/3889_M_eairh.wav,belly_pain/3889_M_eairh.wav,belly_pain,train,3,time_stretch,"{""rate"":1.093166}",179,16999294330799859567,virtual:aug_80c64c08a8c6d2f465ef
aug_5eedcd81b1bb71ef0241,rec_7c9fa2018ccd9fa62207,/mnt/d/INFANT CRY/data_set_dbl_split/train/belly_pain/3492_F_eairh.wav,belly_pain/3492_F_eairh.wav,belly_pain,train,3,time_stretch,"{""rate"":0.878621}",180,9417631925739926847,virtual:aug_5eedcd81b1bb71ef0241
aug_c5ee5b9c3127f5c339d8,rec_e28be47a3f49c072a427,/mnt/d/INFANT CRY/data_set_dbl_split/train/belly_pain/dunstan-eairh_8.wav,belly_pain/dunstan-eairh_8.wav,belly_pain,train,3,time_shift,"{""fraction"":0.0026936}",181,14076042534701856982,virtual:aug_c5ee5b9c3127f5c339d8
aug_a2f00837a78fd493969c,rec_0c5e583cba7fea6e7572,/mnt/d/INFANT CRY/data_set_dbl_split/train/belly_pain/3688_M_eairh.wav,belly_pain/3688_M_eairh.wav,belly_pain,train,3,gaussian_noise,"{""noise_factor"":0.002253848}",182,5053868450553527989,virtual:aug_a2f00837a78fd493969c
aug_eb2a69d342c71f545b12,rec_cdcf04a52b20c44770ea,/mnt/d/INFANT CRY/data_set_dbl_split/train/belly_pain/2685_F_eairh.wav,belly_pain/2685_F_eairh.wav,belly_pain,train,3,pitch_shift,"{""steps"":2.18029}",183,7863361925264350762,virtual:aug_eb2a69d342c71f545b12
aug_694d88d41399b42ceecf,rec_cd6ec618a07ea9574302,/mnt/d/INFANT CRY/data_set_dbl_split/train/belly_pain/2994_M_eairh.wav,belly_pain/2994_M_eairh.wav,belly_pain,train,3,pitch_shift,"{""steps"":-1.958346}",184,6053009277861745660,virtual:aug_694d88d41399b42ceecf
aug_7e593b593ee62b610023,rec_179925449a09539a329f,/mnt/d/INFANT CRY/data_set_dbl_split/train/belly_pain/dunstan-eairh_50.wav,belly_pain/dunstan-eairh_50.wav,belly_pain,train,3,time_stretch,"{""rate"":1.214978}",185,631262878185330700,virtual:aug_7e593b593ee62b610023
aug_7eb82b924adaf2d40757,rec_e341b409fa744b48140a,/mnt/d/INFANT CRY/data_set_dbl_split/train/belly_pain/2367_M_eairh.wav,belly_pain/2367_M_eairh.wav,belly_pain,train,3,time_stretch,"{""rate"":0.824796}",186,17450559494640718376,virtual:aug_7eb82b924adaf2d40757
aug_c74eb3c33fe5a4184fd0,rec_c3629105ce9cd90cfd02,/mnt/d/INFANT CRY/data_set_dbl_split/train/belly_pain/4186_M_eairh.wav,belly_pain/4186_M_eairh.wav,belly_pain,train,3,gaussian_noise,"{""noise_factor"":0.005002867}",187,3513847202465853365,virtual:aug_c74eb3c33fe5a4184fd0
aug_f2c59c69d7957f278580,rec_0bf28df218daf1ccd7d4,/mnt/d/INFANT CRY/data_set_dbl_split/train/belly_pain/dunstan-eairh_31.wav,belly_pain/dunstan-eairh_31.wav,belly_pain,train,3,pitch_shift,"{""steps"":1.019288}",188,6739882727002720215,virtual:aug_f2c59c69d7957f278580
aug_1e3f297d66b655241642,rec_74b947283511c8751b65,/mnt/d/INFANT CRY/data_set_dbl_split/train/belly_pain/2593_M_eairh.wav,belly_pain/2593_M_eairh.wav,belly_pain,train,3,pitch_shift,"{""steps"":-1.125994}",189,12030943629569181719,virtual:aug_1e3f297d66b655241642
aug_c625d3ea7ad0597e2568,rec_50da61b23db30480db84,/mnt/d/INFANT CRY/data_set_dbl_split/train/belly_pain/4601_M_eairh.wav,belly_pain/4601_M_eairh.wav,belly_pain,train,3,time_stretch,"{""rate"":1.103804}",190,3703734203413843139,virtual:aug_c625d3ea7ad0597e2568
aug_ffd64eb5e91697530582,rec_917b2809b108d84393e1,/mnt/d/INFANT CRY/data_set_dbl_split/train/belly_pain/dunstan-eairh_37.wav,belly_pain/dunstan-eairh_37.wav,belly_pain,train,3,time_stretch,"{""rate"":0.883264}",191,5737370671782610268,virtual:aug_ffd64eb5e91697530582
aug_b31ff5fbf9fa16b7e378,rec_984c63597c96f9a7a5eb,/mnt/d/INFANT CRY/data_set_dbl_split/train/belly_pain/3319_M_eairh.wav,belly_pain/3319_M_eairh.wav,belly_pain,train,3,time_shift,"{""fraction"":-0.0931528}",192,528937725704796043,virtual:aug_b31ff5fbf9fa16b7e378
aug_155ec9971c9575745f61,rec_aee0e27f53394dd9463f,/mnt/d/INFANT CRY/data_set_dbl_split/train/belly_pain/792_M_eairh.wav,belly_pain/792_M_eairh.wav,belly_pain,train,3,gaussian_noise,"{""noise_factor"":0.002415946}",193,2057265372152347524,virtual:aug_155ec9971c9575745f61
aug_9c7563907a43ec20ef2e,rec_a4059f5ca3482bd507f9,/mnt/d/INFANT CRY/data_set_dbl_split/train/belly_pain/2217_M_eairh.wav,belly_pain/2217_M_eairh.wav,belly_pain,train,3,pitch_shift,"{""steps"":2.197876}",194,18107099057855200858,virtual:aug_9c7563907a43ec20ef2e
aug_38a83f8a804c7bd92bed,rec_f08400013ae835c03434,/mnt/d/INFANT CRY/data_set_dbl_split/train/belly_pain/dunstan-eairh_12.wav,belly_pain/dunstan-eairh_12.wav,belly_pain,train,3,pitch_shift,"{""steps"":-2.122976}",195,2217518543909410428,virtual:aug_38a83f8a804c7bd92bed
aug_7c85199dfc19e2cf17ef,rec_49997b84581d28fe47cf,/mnt/d/INFANT CRY/data_set_dbl_split/train/belly_pain/1498_M_eairh.wav,belly_pain/1498_M_eairh.wav,belly_pain,train,3,time_stretch,"{""rate"":1.18585}",196,2466401285334052584,virtual:aug_7c85199dfc19e2cf17ef
aug_0ba4e80ecc02ae189e0b,rec_983c3aa745cbf8ace922,/mnt/d/INFANT CRY/data_set_dbl_split/train/belly_pain/dunstan-eairh_22.wav,belly_pain/dunstan-eairh_22.wav,belly_pain,train,3,time_stretch,"{""rate"":0.786314}",197,10286739329333823450,virtual:aug_0ba4e80ecc02ae189e0b
aug_72172e149ad71a535188,rec_6a612fdb6f32216b009d,/mnt/d/INFANT CRY/data_set_dbl_split/train/belly_pain/dunstan-eairh_60.wav,belly_pain/dunstan-eairh_60.wav,belly_pain,train,3,gaussian_noise,"{""noise_factor"":0.00429041}",198,743456771307324988,virtual:aug_72172e149ad71a535188
aug_f2cdd0cd87d2cedf8fba,rec_45acf6d12a71c4b85dfc,/mnt/d/INFANT CRY/data_set_dbl_split/train/belly_pain/dunstan-eairh_33.wav,belly_pain/dunstan-eairh_33.wav,belly_pain,train,3,pitch_shift,"{""steps"":1.094774}",199,8716377971284227678,virtual:aug_f2cdd0cd87d2cedf8fba
aug_fee5fb4aae5cb03346a4,rec_88e4a7633c64c24b0e2a,/mnt/d/INFANT CRY/data_set_dbl_split/train/belly_pain/1353_M_eairh.wav,belly_pain/1353_M_eairh.wav,belly_pain,train,3,pitch_shift,"{""steps"":-0.825847}",200,5613051160142556916,virtual:aug_fee5fb4aae5cb03346a4
aug_1b65109f7c5cc2e29abe,rec_3be61b78079d39f26682,/mnt/d/INFANT CRY/data_set_dbl_split/train/belly_pain/4847_M_eairh.wav,belly_pain/4847_M_eairh.wav,belly_pain,train,3,time_stretch,"{""rate"":1.100189}",201,5458442098275357863,virtual:aug_1b65109f7c5cc2e29abe
aug_07310deed6325b46bbdc,rec_537385263a6cfc438d37,/mnt/d/INFANT CRY/data_set_dbl_split/train/belly_pain/1084_M_eairh.wav,belly_pain/1084_M_eairh.wav,belly_pain,train,3,time_stretch,"{""rate"":0.878089}",202,16070895303928807274,virtual:aug_07310deed6325b46bbdc
aug_71eece8a99e51adaaad1,rec_fdf6fac981d89bd04593,/mnt/d/INFANT CRY/data_set_dbl_split/train/belly_pain/3344_M_eairh.wav,belly_pain/3344_M_eairh.wav,belly_pain,train,3,time_shift,"{""fraction"":-0.092078}",203,15810432218376207934,virtual:aug_71eece8a99e51adaaad1
aug_bbad39701265dca5ee96,rec_9897d60d93c5b1f8c62b,/mnt/d/INFANT CRY/data_set_dbl_split/train/belly_pain/dunstan-eairh_14.wav,belly_pain/dunstan-eairh_14.wav,belly_pain,train,3,gaussian_noise,"{""noise_factor"":0.002323335}",204,770510662056745029,virtual:aug_bbad39701265dca5ee96
aug_17d0a8151a7c6f2f89fb,rec_a81034a5fda8f72d3ad1,/mnt/d/INFANT CRY/data_set_dbl_split/train/belly_pain/287_F_eairh.wav,belly_pain/287_F_eairh.wav,belly_pain,train,3,pitch_shift,"{""steps"":2.086894}",205,3624185278944160692,virtual:aug_17d0a8151a7c6f2f89fb
aug_c1007e418cf7f8649736,rec_bc25d1ebb8434b66682a,/mnt/d/INFANT CRY/data_set_dbl_split/train/belly_pain/2293_F_eairh.wav,belly_pain/2293_F_eairh.wav,belly_pain,train,3,pitch_shift,"{""steps"":-1.952905}",206,7149350243868488468,virtual:aug_c1007e418cf7f8649736
aug_50eb584e0ba26cfeb17a,rec_9b5466053393e9dbc382,/mnt/d/INFANT CRY/data_set_dbl_split/train/belly_pain/dunstan-eairh_23.wav,belly_pain/dunstan-eairh_23.wav,belly_pain,train,3,time_stretch,"{""rate"":1.188776}",207,1987069915824687529,virtual:aug_50eb584e0ba26cfeb17a
aug_b59e1c8f5e79755ceafd,rec_f727cf87adcf68c78684,/mnt/d/INFANT CRY/data_set_dbl_split/train/belly_pain/1248_M_eairh.wav,belly_pain/1248_M_eairh.wav,belly_pain,train,3,time_stretch,"{""rate"":0.815171}",208,10637165095733303886,virtual:aug_b59e1c8f5e79755ceafd
aug_7850f2106e4c050139e3,rec_519de6d134c08a715f7a,/mnt/d/INFANT CRY/data_set_dbl_split/train/belly_pain/4437_M_eairh.wav,belly_pain/4437_M_eairh.wav,belly_pain,train,3,gaussian_noise,"{""noise_factor"":0.004263837}",209,11210346936072432219,virtual:aug_7850f2106e4c050139e3
aug_84c57535a79c336fcddc,rec_a13b92fdc5317e0a51d9,/mnt/d/INFANT CRY/data_set_dbl_split/train/belly_pain/548_F_eairh.wav,belly_pain/548_F_eairh.wav,belly_pain,train,3,pitch_shift,"{""steps"":1.066355}",210,4704701312606798009,virtual:aug_84c57535a79c336fcddc
aug_faa9db27f61c78ebff7c,rec_50282cf393ad274e3952,/mnt/d/INFANT CRY/data_set_dbl_split/train/belly_pain/dunstan-eairh_32.wav,belly_pain/dunstan-eairh_32.wav,belly_pain,train,3,pitch_shift,"{""steps"":-0.88916}",211,8387626312477843243,virtual:aug_faa9db27f61c78ebff7c
aug_3e7a41e8028fd36346c8,rec_cdb8986fc6e0fa25ec62,/mnt/d/INFANT CRY/data_set_dbl_split/train/belly_pain/2644_M_eairh.wav,belly_pain/2644_M_eairh.wav,belly_pain,train,3,time_stretch,"{""rate"":1.117422}",212,4415922459561767856,virtual:aug_3e7a41e8028fd36346c8
aug_9cd2d46d858648e4ed97,rec_fcc4c169f306104793fd,/mnt/d/INFANT CRY/data_set_dbl_split/train/belly_pain/1588_M_eairh.wav,belly_pain/1588_M_eairh.wav,belly_pain,train,3,time_stretch,"{""rate"":0.905381}",213,1887216600137801507,virtual:aug_9cd2d46d858648e4ed97
aug_ba72c260c79c8fc0c4db,rec_db0170c6e9143b76c98f,/mnt/d/INFANT CRY/data_set_dbl_split/train/belly_pain/1215_M_eairh.wav,belly_pain/1215_M_eairh.wav,belly_pain,train,3,time_shift,"{""fraction"":-0.0834798}",214,5777292127997150769,virtual:aug_ba72c260c79c8fc0c4db
aug_76ecc3e8c8eef7c3cb68,rec_7923b3cade105f0c3c70,/mnt/d/INFANT CRY/data_set_dbl_split/train/belly_pain/2651_F_eairh.wav,belly_pain/2651_F_eairh.wav,belly_pain,train,3,gaussian_noise,"{""noise_factor"":0.0021638}",215,1152900181325415931,virtual:aug_76ecc3e8c8eef7c3cb68
aug_435d2dcbe533d87dedb2,rec_728bae3265a2cb099ec1,/mnt/d/INFANT CRY/data_set_dbl_split/train/belly_pain/dunstan-eairh_38.wav,belly_pain/dunstan-eairh_38.wav,belly_pain,train,3,pitch_shift,"{""steps"":1.973377}",216,8609878493981001180,virtual:aug_435d2dcbe533d87dedb2
aug_9e288063fca003eddf5b,rec_71271d173296dd73b1cc,/mnt/d/INFANT CRY/data_set_dbl_split/train/belly_pain/dunstan-eairh_49.wav,belly_pain/dunstan-eairh_49.wav,belly_pain,train,3,pitch_shift,"{""steps"":-2.00409}",217,6621093740713696458,virtual:aug_9e288063fca003eddf5b
aug_c9e9c2417c56d7922223,rec_b97b97506a926108c4fb,/mnt/d/INFANT CRY/data_set_dbl_split/train/belly_pain/4511_F_eairh.wav,belly_pain/4511_F_eairh.wav,belly_pain,train,3,time_stretch,"{""rate"":1.181949}",218,11400426647388000580,virtual:aug_c9e9c2417c56d7922223
aug_587f7e727f50a7ad0c4e,rec_99c997cbc56d30a6f86a,/mnt/d/INFANT CRY/data_set_dbl_split/train/belly_pain/4463_F_eairh.wav,belly_pain/4463_F_eairh.wav,belly_pain,train,3,time_stretch,"{""rate"":0.796524}",219,15007662195859289106,virtual:aug_587f7e727f50a7ad0c4e
aug_88f7197af2d11cf9654f,rec_bd2fd049120ea1834eaf,/mnt/d/INFANT CRY/data_set_dbl_split/train/belly_pain/3306_M_eairh.wav,belly_pain/3306_M_eairh.wav,belly_pain,train,3,gaussian_noise,"{""noise_factor"":0.005696086}",220,1618224518936979775,virtual:aug_88f7197af2d11cf9654f
aug_4a4c09652ef453642c7e,rec_a5ec4310f567f29fe0e6,/mnt/d/INFANT CRY/data_set_dbl_split/train/belly_pain/3482_M_eairh.wav,belly_pain/3482_M_eairh.wav,belly_pain,train,3,pitch_shift,"{""steps"":0.858456}",221,9987291892178204325,virtual:aug_4a4c09652ef453642c7e
aug_b4691e184fe20e27b8e1,rec_886741e63dcc59e4d15d,/mnt/d/INFANT CRY/data_set_dbl_split/train/belly_pain/dunstan-eairh_2.wav,belly_pain/dunstan-eairh_2.wav,belly_pain,train,3,pitch_shift,"{""steps"":-0.838105}",222,5268892549267869451,virtual:aug_b4691e184fe20e27b8e1
aug_a6133b92ec15d74667ce,rec_43b3fbffb18394a3d9df,/mnt/d/INFANT CRY/data_set_dbl_split/train/belly_pain/dunstan-eairh_52.wav,belly_pain/dunstan-eairh_52.wav,belly_pain,train,3,time_stretch,"{""rate"":1.116278}",223,10025316560970833843,virtual:aug_a6133b92ec15d74667ce
aug_8e682cd383dcc98ca93b,rec_b6b66fb3f3de74db9ab8,/mnt/d/INFANT CRY/data_set_dbl_split/train/belly_pain/3825_M_eairh.wav,belly_pain/3825_M_eairh.wav,belly_pain,train,3,time_stretch,"{""rate"":0.903687}",224,4421218214185373815,virtual:aug_8e682cd383dcc98ca93b
aug_7e76c77c581d03f9cf01,rec_f6e860c75ce7b1ebce05,/mnt/d/INFANT CRY/data_set_dbl_split/train/belly_pain/4711_M_eairh.wav,belly_pain/4711_M_eairh.wav,belly_pain,train,3,time_shift,"{""fraction"":0.0589011}",225,3107472711713126364,virtual:aug_7e76c77c581d03f9cf01
aug_dc963b77e829194abb28,rec_0ddf3d9b53d6a320397d,/mnt/d/INFANT CRY/data_set_dbl_split/train/belly_pain/3326_F_eairh.wav,belly_pain/3326_F_eairh.wav,belly_pain,train,3,gaussian_noise,"{""noise_factor"":0.002356452}",226,3114742964506373503,virtual:aug_dc963b77e829194abb28
aug_c668f17f45a537d821c0,rec_d0cc3e578be11d2ca330,/mnt/d/INFANT CRY/data_set_dbl_split/train/belly_pain/dunstan-eairh_18.wav,belly_pain/dunstan-eairh_18.wav,belly_pain,train,3,pitch_shift,"{""steps"":2.052789}",227,4354587551200174296,virtual:aug_c668f17f45a537d821c0
aug_128e1e2a6f1ad8d55a57,rec_cc6172b8bd33735c82c6,/mnt/d/INFANT CRY/data_set_dbl_split/train/belly_pain/2819_M_eairh.wav,belly_pain/2819_M_eairh.wav,belly_pain,train,3,pitch_shift,"{""steps"":-2.063929}",228,16152981310725027525,virtual:aug_128e1e2a6f1ad8d55a57
aug_80b5d6852df0812b6949,rec_38916b588bfc277e0233,/mnt/d/INFANT CRY/data_set_dbl_split/train/belly_pain/dunstan-eairh_34.wav,belly_pain/dunstan-eairh_34.wav,belly_pain,train,3,time_stretch,"{""rate"":1.224731}",229,13040318621251400826,virtual:aug_80b5d6852df0812b6949
aug_27a324725dc449be925c,rec_204a9c054278b9416f57,/mnt/d/INFANT CRY/data_set_dbl_split/train/belly_pain/dunstan-eairh_17.wav,belly_pain/dunstan-eairh_17.wav,belly_pain,train,3,time_stretch,"{""rate"":0.800219}",230,12552165182855642208,virtual:aug_27a324725dc449be925c
aug_708d304922d9c93c6098,rec_81baca137ffa49fea0f0,/mnt/d/INFANT CRY/data_set_dbl_split/train/belly_pain/dunstan-eairh_5.wav,belly_pain/dunstan-eairh_5.wav,belly_pain,train,3,gaussian_noise,"{""noise_factor"":0.004888413}",231,15304112738807383214,virtual:aug_708d304922d9c93c6098
aug_6e7a4743f7650bff32ea,rec_bc38ab67adac26f034e8,/mnt/d/INFANT CRY/data_set_dbl_split/train/belly_pain/dunstan-eairh_13.wav,belly_pain/dunstan-eairh_13.wav,belly_pain,train,3,pitch_shift,"{""steps"":1.17096}",232,6349011498548328069,virtual:aug_6e7a4743f7650bff32ea
aug_6997f336ad59eb257770,rec_975dd89a0e79348933f6,/mnt/d/INFANT CRY/data_set_dbl_split/train/belly_pain/dunstan-eairh_1.wav,belly_pain/dunstan-eairh_1.wav,belly_pain,train,3,pitch_shift,"{""steps"":-0.84535}",233,11361096309467116780,virtual:aug_6997f336ad59eb257770
aug_9a986144306a0fa0db72,rec_212b93ff5570b7840e1a,/mnt/d/INFANT CRY/data_set_dbl_split/train/belly_pain/419_M_eairh.wav,belly_pain/419_M_eairh.wav,belly_pain,train,3,time_stretch,"{""rate"":1.089556}",234,12041988087724555768,virtual:aug_9a986144306a0fa0db72
aug_6e901b44da3dfa4a9155,rec_dadefbf45bb8caa60b9e,/mnt/d/INFANT CRY/data_set_dbl_split/train/belly_pain/2269_M_eairh.wav,belly_pain/2269_M_eairh.wav,belly_pain,train,3,time_stretch,"{""rate"":0.91329}",235,6797612469668591110,virtual:aug_6e901b44da3dfa4a9155
aug_b27fbe69d9003e447907,rec_aef5992e5f42844e0dda,/mnt/d/INFANT CRY/data_set_dbl_split/train/belly_pain/dunstan-eairh_53.wav,belly_pain/dunstan-eairh_53.wav,belly_pain,train,3,time_shift,"{""fraction"":-0.0504697}",236,6625370168266861483,virtual:aug_b27fbe69d9003e447907
aug_0530246ab61d74be09e9,rec_0dcb14da74eee37cc249,/mnt/d/INFANT CRY/data_set_dbl_split/train/belly_pain/dunstan-eairh_24.wav,belly_pain/dunstan-eairh_24.wav,belly_pain,train,3,gaussian_noise,"{""noise_factor"":0.002574487}",237,9647923484261566288,virtual:aug_0530246ab61d74be09e9
aug_557f1a8b59598a272959,rec_a0848fd98077b24f5820,/mnt/d/INFANT CRY/data_set_dbl_split/train/belly_pain/1462_F_eairh.wav,belly_pain/1462_F_eairh.wav,belly_pain,train,3,pitch_shift,"{""steps"":2.06284}",238,16831961722385456537,virtual:aug_557f1a8b59598a272959
aug_1413f0df579c7877be9b,rec_cd47bf189e0812ab4c2a,/mnt/d/INFANT CRY/data_set_dbl_split/train/belly_pain/844_M_eairh.wav,belly_pain/844_M_eairh.wav,belly_pain,train,3,pitch_shift,"{""steps"":-1.948881}",239,7366821242699094599,virtual:aug_1413f0df579c7877be9b
aug_be8c80df626cf744c4cc,rec_d9029df6f0570483478b,/mnt/d/INFANT CRY/data_set_dbl_split/train/belly_pain/393_M_eairh.wav,belly_pain/393_M_eairh.wav,belly_pain,train,3,time_stretch,"{""rate"":1.1758}",240,17145662792553754606,virtual:aug_be8c80df626cf744c4cc
aug_18a4043eb6198f14e627,rec_6ac41708a7f3de4ed900,/mnt/d/INFANT CRY/data_set_dbl_split/train/belly_pain/dunstan-eairh_9.wav,belly_pain/dunstan-eairh_9.wav,belly_pain,train,3,time_stretch,"{""rate"":0.78505}",241,15055746797474642428,virtual:aug_18a4043eb6198f14e627
aug_a6faed3a8d8036db9bae,rec_2730b77759b8808a6d27,/mnt/d/INFANT CRY/data_set_dbl_split/train/belly_pain/3786_M_eairh.wav,belly_pain/3786_M_eairh.wav,belly_pain,train,3,gaussian_noise,"{""noise_factor"":0.005167836}",242,10932184694423260,virtual:aug_a6faed3a8d8036db9bae
aug_9253ec1f7103385a3d70,rec_25708979c73d741b3abd,/mnt/d/INFANT CRY/data_set_dbl_split/train/belly_pain/2208_M_eairh.wav,belly_pain/2208_M_eairh.wav,belly_pain,train,3,pitch_shift,"{""steps"":0.905942}",243,17059760041283911767,virtual:aug_9253ec1f7103385a3d70
aug_e0fbf6ff6a2339c8b054,rec_344f2459aa8a88a9964a,/mnt/d/INFANT CRY/data_set_dbl_split/train/belly_pain/228_M_eairh.wav,belly_pain/228_M_eairh.wav,belly_pain,train,3,pitch_shift,"{""steps"":-1.13363}",244,14415530921619791114,virtual:aug_e0fbf6ff6a2339c8b054
aug_64e51b4bc8e6db5cb902,rec_86e990c657f137ebbf87,/mnt/d/INFANT CRY/data_set_dbl_split/train/belly_pain/dunstan-eairh_20.wav,belly_pain/dunstan-eairh_20.wav,belly_pain,train,3,time_stretch,"{""rate"":1.109845}",245,214064885845207249,virtual:aug_64e51b4bc8e6db5cb902
aug_a25606ad1d4392fa9ed7,rec_fefa338d580873c2cd3e,/mnt/d/INFANT CRY/data_set_dbl_split/train/belly_pain/1190_M_eairh.wav,belly_pain/1190_M_eairh.wav,belly_pain,train,3,time_stretch,"{""rate"":0.917742}",246,6604120432744359979,virtual:aug_a25606ad1d4392fa9ed7
aug_99ad5336d3f978a1424e,rec_6f6b4910a46d0f5c9466,/mnt/d/INFANT CRY/data_set_dbl_split/train/belly_pain/dunstan-eairh_29.wav,belly_pain/dunstan-eairh_29.wav,belly_pain,train,3,time_shift,"{""fraction"":0.0662777}",247,625486892557498025,virtual:aug_99ad5336d3f978a1424e
aug_0b60f8f331a70601cea0,rec_bf373fe9b30b0dd92527,/mnt/d/INFANT CRY/data_set_dbl_split/train/belly_pain/407_M_eairh.wav,belly_pain/407_M_eairh.wav,belly_pain,train,3,gaussian_noise,"{""noise_factor"":0.002661226}",248,6445245824577498904,virtual:aug_0b60f8f331a70601cea0
aug_f5f921312f749d2840d3,rec_02cdbe8c0204373d3f9c,/mnt/d/INFANT CRY/data_set_dbl_split/train/belly_pain/dunstan-eairh_44.wav,belly_pain/dunstan-eairh_44.wav,belly_pain,train,3,pitch_shift,"{""steps"":1.838957}",249,15447028180869721361,virtual:aug_f5f921312f749d2840d3
aug_4f73d5b8c4246fac5dd3,rec_81fef69644989c4602c2,/mnt/d/INFANT CRY/data_set_dbl_split/train/belly_pain/4745_M_eairh.wav,belly_pain/4745_M_eairh.wav,belly_pain,train,3,pitch_shift,"{""steps"":-1.855477}",250,7851229191261422937,virtual:aug_4f73d5b8c4246fac5dd3
aug_e5d13e736beebf2e552f,rec_fac87a465c8472b089f6,/mnt/d/INFANT CRY/data_set_dbl_split/train/belly_pain/2250_F_eairh.wav,belly_pain/2250_F_eairh.wav,belly_pain,train,3,time_stretch,"{""rate"":1.182153}",251,18376126414264503483,virtual:aug_e5d13e736beebf2e552f
aug_8b0ea0ab74cd8b4dfdad,rec_bb69c12272a7b5c6887b,/mnt/d/INFANT CRY/data_set_dbl_split/train/belly_pain/dunstan-eairh_6.wav,belly_pain/dunstan-eairh_6.wav,belly_pain,train,3,time_stretch,"{""rate"":0.791998}",252,625564218054921888,virtual:aug_8b0ea0ab74cd8b4dfdad
aug_0e819ff2e86fb43d53ad,rec_4fb517e52369af00b8e9,/mnt/d/INFANT CRY/data_set_dbl_split/train/belly_pain/2754_M_eairh.wav,belly_pain/2754_M_eairh.wav,belly_pain,train,3,gaussian_noise,"{""noise_factor"":0.005631385}",253,3500676691516380191,virtual:aug_0e819ff2e86fb43d53ad
aug_5a1dc00be47060dc92ad,rec_4f5f3b672a3334ab6010,/mnt/d/INFANT CRY/data_set_dbl_split/train/belly_pain/4846_F_eairh.wav,belly_pain/4846_F_eairh.wav,belly_pain,train,3,pitch_shift,"{""steps"":0.884516}",254,15065201065789727861,virtual:aug_5a1dc00be47060dc92ad
aug_e2a7d3b0e1bff221d641,rec_e6d5a53ef5c2a42cae1f,/mnt/d/INFANT CRY/data_set_dbl_split/train/belly_pain/dunstan-eairh_59.wav,belly_pain/dunstan-eairh_59.wav,belly_pain,train,3,pitch_shift,"{""steps"":-1.112656}",255,17065592531298347483,virtual:aug_e2a7d3b0e1bff221d641
aug_2ec11de4d3c2abde31e3,rec_7bfbf6df11a5121ca4c9,/mnt/d/INFANT CRY/data_set_dbl_split/train/belly_pain/934_M_eairh.wav,belly_pain/934_M_eairh.wav,belly_pain,train,3,time_stretch,"{""rate"":1.092785}",256,3843378134283370631,virtual:aug_2ec11de4d3c2abde31e3
aug_5def2cba8b2cde54e0b7,rec_ba52e0a6338d8ae240d8,/mnt/d/INFANT CRY/data_set_dbl_split/train/belly_pain/dunstan-eairh_19.wav,belly_pain/dunstan-eairh_19.wav,belly_pain,train,3,time_stretch,"{""rate"":0.919537}",257,2747207194566845364,virtual:aug_5def2cba8b2cde54e0b7
aug_cca6e2a7ed48586347b0,rec_a29eb2fa57b194483f26,/mnt/d/INFANT CRY/data_set_dbl_split/train/belly_pain/2101_M_eairh.wav,belly_pain/2101_M_eairh.wav,belly_pain,train,3,time_shift,"{""fraction"":0.0356528}",258,5533403765858748113,virtual:aug_cca6e2a7ed48586347b0
aug_6b43794c679e45da8e3f,rec_01476f7d02dc9fb5bfc4,/mnt/d/INFANT CRY/data_set_dbl_split/train/belly_pain/1330_M_eairh.wav,belly_pain/1330_M_eairh.wav,belly_pain,train,3,gaussian_noise,"{""noise_factor"":0.002545365}",259,1344240081097321945,virtual:aug_6b43794c679e45da8e3f
aug_489e7906d7da3e1f57dd,rec_9ef4cab50c9a56e3bd9a,/mnt/d/INFANT CRY/data_set_dbl_split/train/belly_pain/4758_M_eairh.wav,belly_pain/4758_M_eairh.wav,belly_pain,train,3,pitch_shift,"{""steps"":1.993994}",260,227518344718393874,virtual:aug_489e7906d7da3e1f57dd
aug_d8d3d92a81d0f530963e,rec_b52b02478d157dfacee6,/mnt/d/INFANT CRY/data_set_dbl_split/train/belly_pain/3541_M_eairh.wav,belly_pain/3541_M_eairh.wav,belly_pain,train,3,pitch_shift,"{""steps"":-2.118538}",261,973825717485682892,virtual:aug_d8d3d92a81d0f530963e
aug_7a10e2f3aa8e6fc7ec65,rec_bd03bef6ee0cbaf1d721,/mnt/d/INFANT CRY/data_set_dbl_split/train/belly_pain/3616_F_eairh.wav,belly_pain/3616_F_eairh.wav,belly_pain,train,3,time_stretch,"{""rate"":1.20936}",262,1547950208300676512,virtual:aug_7a10e2f3aa8e6fc7ec65
aug_030468fa989e4580fd82,rec_3e28c761181c5229dd97,/mnt/d/INFANT CRY/data_set_dbl_split/train/belly_pain/dunstan-eairh_11.wav,belly_pain/dunstan-eairh_11.wav,belly_pain,train,3,time_stretch,"{""rate"":0.804282}",263,10494079535315133630,virtual:aug_030468fa989e4580fd82
aug_3c304d0e471be15ce270,rec_dc2883d8ee245da07d43,/mnt/d/INFANT CRY/data_set_dbl_split/train/belly_pain/2243_M_eairh.wav,belly_pain/2243_M_eairh.wav,belly_pain,train,3,gaussian_noise,"{""noise_factor"":0.004458806}",264,4712664513429381295,virtual:aug_3c304d0e471be15ce270
aug_f578cbd41825d0685218,rec_0213f75c14f4849c2a83,/mnt/d/INFANT CRY/data_set_dbl_split/train/belly_pain/dunstan-eairh_41.wav,belly_pain/dunstan-eairh_41.wav,belly_pain,train,3,pitch_shift,"{""steps"":0.917827}",265,18339188794080180018,virtual:aug_f578cbd41825d0685218
aug_a52f0474d0177d0b3627,rec_e41629e8492bfc07276b,/mnt/d/INFANT CRY/data_set_dbl_split/train/belly_pain/3151_M_eairh.wav,belly_pain/3151_M_eairh.wav,belly_pain,train,3,pitch_shift,"{""steps"":-1.037255}",266,12934858343431129427,virtual:aug_a52f0474d0177d0b3627
aug_a28041d4887552a7d471,rec_fba775c7ee6d938c4a28,/mnt/d/INFANT CRY/data_set_dbl_split/train/belly_pain/2566_M_eairh.wav,belly_pain/2566_M_eairh.wav,belly_pain,train,3,time_stretch,"{""rate"":1.119642}",267,9549150434524377436,virtual:aug_a28041d4887552a7d471
aug_a799615d35ffe866b57d,rec_f3b17560413168dbbc98,/mnt/d/INFANT CRY/data_set_dbl_split/train/belly_pain/1197_M_eairh.wav,belly_pain/1197_M_eairh.wav,belly_pain,train,3,time_stretch,"{""rate"":0.91117}",268,9455297367889779114,virtual:aug_a799615d35ffe866b57d
aug_06bcf13062bf83946c4e,rec_2fbe8d849db8271b15ba,/mnt/d/INFANT CRY/data_set_dbl_split/train/belly_pain/2901_M_eairh.wav,belly_pain/2901_M_eairh.wav,belly_pain,train,3,time_shift,"{""fraction"":-0.0640706}",269,16733663572198684174,virtual:aug_06bcf13062bf83946c4e
aug_2ffb662c8920f27e9f1f,rec_5e6be8ab7bbd234bfa10,/mnt/d/INFANT CRY/data_set_dbl_split/train/belly_pain/323_M_eairh.wav,belly_pain/323_M_eairh.wav,belly_pain,train,3,gaussian_noise,"{""noise_factor"":0.002147851}",270,14699154688811881455,virtual:aug_2ffb662c8920f27e9f1f
aug_742eaf8962cca5299d20,rec_eb97e029b56da724a0bb,/mnt/d/INFANT CRY/data_set_dbl_split/train/belly_pain/838_F_eairh.wav,belly_pain/838_F_eairh.wav,belly_pain,train,3,pitch_shift,"{""steps"":2.098916}",271,2280103197754788197,virtual:aug_742eaf8962cca5299d20
aug_df40e814a38c118e6a8d,rec_dbafcb96ca6a87f36f52,/mnt/d/INFANT CRY/data_set_dbl_split/train/belly_pain/dunstan-eairh_39.wav,belly_pain/dunstan-eairh_39.wav,belly_pain,train,3,pitch_shift,"{""steps"":-1.891803}",272,4767053449202416044,virtual:aug_df40e814a38c118e6a8d
aug_598e6a679a1714972c43,rec_6de25635db4018c640cb,/mnt/d/INFANT CRY/data_set_dbl_split/train/belly_pain/3077_F_eairh.wav,belly_pain/3077_F_eairh.wav,belly_pain,train,3,time_stretch,"{""rate"":1.19649}",273,18429675564678915915,virtual:aug_598e6a679a1714972c43
aug_480820ad06abcb3794e6,rec_fae98644f14f54a8f0a4,/mnt/d/INFANT CRY/data_set_dbl_split/train/belly_pain/3889_M_eairh.wav,belly_pain/3889_M_eairh.wav,belly_pain,train,3,time_stretch,"{""rate"":0.794201}",274,9529688015180164579,virtual:aug_480820ad06abcb3794e6
aug_4a5118c18da4d42dc7a9,rec_7c9fa2018ccd9fa62207,/mnt/d/INFANT CRY/data_set_dbl_split/train/belly_pain/3492_F_eairh.wav,belly_pain/3492_F_eairh.wav,belly_pain,train,3,gaussian_noise,"{""noise_factor"":0.005047933}",275,8789630511813198508,virtual:aug_4a5118c18da4d42dc7a9
aug_c54dd3a60d461d372917,rec_e28be47a3f49c072a427,/mnt/d/INFANT CRY/data_set_dbl_split/train/belly_pain/dunstan-eairh_8.wav,belly_pain/dunstan-eairh_8.wav,belly_pain,train,3,pitch_shift,"{""steps"":1.020024}",276,13654028017542185056,virtual:aug_c54dd3a60d461d372917
aug_8d8826145144c7b4722b,rec_0c5e583cba7fea6e7572,/mnt/d/INFANT CRY/data_set_dbl_split/train/belly_pain/3688_M_eairh.wav,belly_pain/3688_M_eairh.wav,belly_pain,train,3,pitch_shift,"{""steps"":-0.925581}",277,8597799426968373236,virtual:aug_8d8826145144c7b4722b
aug_6eac5a0e42e1791023f2,rec_cdcf04a52b20c44770ea,/mnt/d/INFANT CRY/data_set_dbl_split/train/belly_pain/2685_F_eairh.wav,belly_pain/2685_F_eairh.wav,belly_pain,train,3,time_stretch,"{""rate"":1.100306}",278,15486661715136884721,virtual:aug_6eac5a0e42e1791023f2
aug_ce31a87241c87bf69c23,rec_cd6ec618a07ea9574302,/mnt/d/INFANT CRY/data_set_dbl_split/train/belly_pain/2994_M_eairh.wav,belly_pain/2994_M_eairh.wav,belly_pain,train,3,time_stretch,"{""rate"":0.891893}",279,12102973040797851170,virtual:aug_ce31a87241c87bf69c23
aug_1d8758cf6d90e1dbd24d,rec_179925449a09539a329f,/mnt/d/INFANT CRY/data_set_dbl_split/train/belly_pain/dunstan-eairh_50.wav,belly_pain/dunstan-eairh_50.wav,belly_pain,train,3,time_shift,"{""fraction"":-0.0580238}",280,3244670891882439835,virtual:aug_1d8758cf6d90e1dbd24d
aug_b24a5a8a37ed9138c0a7,rec_e341b409fa744b48140a,/mnt/d/INFANT CRY/data_set_dbl_split/train/belly_pain/2367_M_eairh.wav,belly_pain/2367_M_eairh.wav,belly_pain,train,3,gaussian_noise,"{""noise_factor"":0.002330557}",281,7370585678427946210,virtual:aug_b24a5a8a37ed9138c0a7
aug_839eabd783f55d03a1ea,rec_c3629105ce9cd90cfd02,/mnt/d/INFANT CRY/data_set_dbl_split/train/belly_pain/4186_M_eairh.wav,belly_pain/4186_M_eairh.wav,belly_pain,train,3,pitch_shift,"{""steps"":2.187758}",282,1176225187725929927,virtual:aug_839eabd783f55d03a1ea
aug_369943a6ab40ce81d529,rec_0bf28df218daf1ccd7d4,/mnt/d/INFANT CRY/data_set_dbl_split/train/belly_pain/dunstan-eairh_31.wav,belly_pain/dunstan-eairh_31.wav,belly_pain,train,3,pitch_shift,"{""steps"":-1.930247}",283,10051915719438215522,virtual:aug_369943a6ab40ce81d529
aug_8f369f223858dc3b9179,rec_74b947283511c8751b65,/mnt/d/INFANT CRY/data_set_dbl_split/train/belly_pain/2593_M_eairh.wav,belly_pain/2593_M_eairh.wav,belly_pain,train,3,time_stretch,"{""rate"":1.19969}",284,10621790011093268638,virtual:aug_8f369f223858dc3b9179
aug_8765b5b1026ee8b9273e,rec_50da61b23db30480db84,/mnt/d/INFANT CRY/data_set_dbl_split/train/belly_pain/4601_M_eairh.wav,belly_pain/4601_M_eairh.wav,belly_pain,train,3,time_stretch,"{""rate"":0.795913}",285,152638944546676869,virtual:aug_8765b5b1026ee8b9273e
aug_6cedbe96e41330d15073,rec_917b2809b108d84393e1,/mnt/d/INFANT CRY/data_set_dbl_split/train/belly_pain/dunstan-eairh_37.wav,belly_pain/dunstan-eairh_37.wav,belly_pain,train,3,gaussian_noise,"{""noise_factor"":0.005469395}",286,6640500344974706584,virtual:aug_6cedbe96e41330d15073
aug_27691cbb11c671e4da8c,rec_984c63597c96f9a7a5eb,/mnt/d/INFANT CRY/data_set_dbl_split/train/belly_pain/3319_M_eairh.wav,belly_pain/3319_M_eairh.wav,belly_pain,train,3,pitch_shift,"{""steps"":0.921228}",287,308836628300315727,virtual:aug_27691cbb11c671e4da8c
aug_665c1da55757c671b50f,rec_aee0e27f53394dd9463f,/mnt/d/INFANT CRY/data_set_dbl_split/train/belly_pain/792_M_eairh.wav,belly_pain/792_M_eairh.wav,belly_pain,train,3,pitch_shift,"{""steps"":-0.846815}",288,9192211101534470693,virtual:aug_665c1da55757c671b50f
aug_71e92e846c9820464082,rec_a4059f5ca3482bd507f9,/mnt/d/INFANT CRY/data_set_dbl_split/train/belly_pain/2217_M_eairh.wav,belly_pain/2217_M_eairh.wav,belly_pain,train,3,time_stretch,"{""rate"":1.109489}",289,2695745959952641267,virtual:aug_71e92e846c9820464082
aug_50cab4d9a5c127b1d0c0,rec_f08400013ae835c03434,/mnt/d/INFANT CRY/data_set_dbl_split/train/belly_pain/dunstan-eairh_12.wav,belly_pain/dunstan-eairh_12.wav,belly_pain,train,3,time_stretch,"{""rate"":0.911671}",290,11211359808714828701,virtual:aug_50cab4d9a5c127b1d0c0
aug_359e296ec5b57d4599b3,rec_49997b84581d28fe47cf,/mnt/d/INFANT CRY/data_set_dbl_split/train/belly_pain/1498_M_eairh.wav,belly_pain/1498_M_eairh.wav,belly_pain,train,3,time_shift,"{""fraction"":0.0907243}",291,2928389255889713145,virtual:aug_359e296ec5b57d4599b3
aug_0b0961a1e8e376e4d9a2,rec_983c3aa745cbf8ace922,/mnt/d/INFANT CRY/data_set_dbl_split/train/belly_pain/dunstan-eairh_22.wav,belly_pain/dunstan-eairh_22.wav,belly_pain,train,3,gaussian_noise,"{""noise_factor"":0.002289265}",292,4830439881726137244,virtual:aug_0b0961a1e8e376e4d9a2
aug_c72dff0873a88302a8dd,rec_6a612fdb6f32216b009d,/mnt/d/INFANT CRY/data_set_dbl_split/train/belly_pain/dunstan-eairh_60.wav,belly_pain/dunstan-eairh_60.wav,belly_pain,train,3,pitch_shift,"{""steps"":1.947527}",293,6164426720080631233,virtual:aug_c72dff0873a88302a8dd
aug_abc069854bf7b76b3730,rec_45acf6d12a71c4b85dfc,/mnt/d/INFANT CRY/data_set_dbl_split/train/belly_pain/dunstan-eairh_33.wav,belly_pain/dunstan-eairh_33.wav,belly_pain,train,3,pitch_shift,"{""steps"":-1.911319}",294,4700243037186298504,virtual:aug_abc069854bf7b76b3730
aug_5c8e8ba13e294930e3a2,rec_88e4a7633c64c24b0e2a,/mnt/d/INFANT CRY/data_set_dbl_split/train/belly_pain/1353_M_eairh.wav,belly_pain/1353_M_eairh.wav,belly_pain,train,3,time_stretch,"{""rate"":1.195817}",295,1802563572422785915,virtual:aug_5c8e8ba13e294930e3a2
aug_0580c44f8600469847b4,rec_3be61b78079d39f26682,/mnt/d/INFANT CRY/data_set_dbl_split/train/belly_pain/4847_M_eairh.wav,belly_pain/4847_M_eairh.wav,belly_pain,train,3,time_stretch,"{""rate"":0.824747}",296,10003407391990696850,virtual:aug_0580c44f8600469847b4
aug_3d0d06ab2510964b2032,rec_537385263a6cfc438d37,/mnt/d/INFANT CRY/data_set_dbl_split/train/belly_pain/1084_M_eairh.wav,belly_pain/1084_M_eairh.wav,belly_pain,train,3,gaussian_noise,"{""noise_factor"":0.004798686}",297,4531814863493209284,virtual:aug_3d0d06ab2510964b2032
aug_e56d258570a7815c48fe,rec_fdf6fac981d89bd04593,/mnt/d/INFANT CRY/data_set_dbl_split/train/belly_pain/3344_M_eairh.wav,belly_pain/3344_M_eairh.wav,belly_pain,train,3,pitch_shift,"{""steps"":0.947104}",298,6374569704728200871,virtual:aug_e56d258570a7815c48fe
aug_797313d1ab184724094f,rec_9897d60d93c5b1f8c62b,/mnt/d/INFANT CRY/data_set_dbl_split/train/belly_pain/dunstan-eairh_14.wav,belly_pain/dunstan-eairh_14.wav,belly_pain,train,3,pitch_shift,"{""steps"":-1.110986}",299,13885276027859132288,virtual:aug_797313d1ab184724094f
aug_40a54f8c3e0c06a8b449,rec_a81034a5fda8f72d3ad1,/mnt/d/INFANT CRY/data_set_dbl_split/train/belly_pain/287_F_eairh.wav,belly_pain/287_F_eairh.wav,belly_pain,train,3,time_stretch,"{""rate"":1.121974}",300,4300469357858904829,virtual:aug_40a54f8c3e0c06a8b449
aug_efe498faff56e19673ab,rec_bc25d1ebb8434b66682a,/mnt/d/INFANT CRY/data_set_dbl_split/train/belly_pain/2293_F_eairh.wav,belly_pain/2293_F_eairh.wav,belly_pain,train,3,time_stretch,"{""rate"":0.884153}",301,3689243576215616611,virtual:aug_efe498faff56e19673ab
aug_0890af237d9141f53b38,rec_9b5466053393e9dbc382,/mnt/d/INFANT CRY/data_set_dbl_split/train/belly_pain/dunstan-eairh_23.wav,belly_pain/dunstan-eairh_23.wav,belly_pain,train,3,time_shift,"{""fraction"":-0.0371519}",302,1246189398432517729,virtual:aug_0890af237d9141f53b38
aug_1a476d0038e1bb6da2ae,rec_f727cf87adcf68c78684,/mnt/d/INFANT CRY/data_set_dbl_split/train/belly_pain/1248_M_eairh.wav,belly_pain/1248_M_eairh.wav,belly_pain,train,3,gaussian_noise,"{""noise_factor"":0.002767295}",303,10823309502129772413,virtual:aug_1a476d0038e1bb6da2ae
aug_f4b38cb092b237e73c5b,rec_519de6d134c08a715f7a,/mnt/d/INFANT CRY/data_set_dbl_split/train/belly_pain/4437_M_eairh.wav,belly_pain/4437_M_eairh.wav,belly_pain,train,3,pitch_shift,"{""steps"":1.814253}",304,16922561701255744766,virtual:aug_f4b38cb092b237e73c5b
aug_21a23793e9c6c4981032,rec_a13b92fdc5317e0a51d9,/mnt/d/INFANT CRY/data_set_dbl_split/train/belly_pain/548_F_eairh.wav,belly_pain/548_F_eairh.wav,belly_pain,train,3,pitch_shift,"{""steps"":-2.107653}",305,15392324319633957828,virtual:aug_21a23793e9c6c4981032
aug_9d050cebc34039152167,rec_50282cf393ad274e3952,/mnt/d/INFANT CRY/data_set_dbl_split/train/belly_pain/dunstan-eairh_32.wav,belly_pain/dunstan-eairh_32.wav,belly_pain,train,3,time_stretch,"{""rate"":1.19129}",306,15185342193963583946,virtual:aug_9d050cebc34039152167
aug_4a9aa956b06dd597c120,rec_cdb8986fc6e0fa25ec62,/mnt/d/INFANT CRY/data_set_dbl_split/train/belly_pain/2644_M_eairh.wav,belly_pain/2644_M_eairh.wav,belly_pain,train,3,time_stretch,"{""rate"":0.81958}",307,15742499381357067121,virtual:aug_4a9aa956b06dd597c120
aug_386e4f4db46991d73cf8,rec_fcc4c169f306104793fd,/mnt/d/INFANT CRY/data_set_dbl_split/train/belly_pain/1588_M_eairh.wav,belly_pain/1588_M_eairh.wav,belly_pain,train,3,gaussian_noise,"{""noise_factor"":0.005580134}",308,4047256023938584840,virtual:aug_386e4f4db46991d73cf8
aug_a2a5f3082d2a3074b1b6,rec_db0170c6e9143b76c98f,/mnt/d/INFANT CRY/data_set_dbl_split/train/belly_pain/1215_M_eairh.wav,belly_pain/1215_M_eairh.wav,belly_pain,train,3,pitch_shift,"{""steps"":0.977975}",309,9705851456599449698,virtual:aug_a2a5f3082d2a3074b1b6
aug_0b338a82da5f05df62b1,rec_7923b3cade105f0c3c70,/mnt/d/INFANT CRY/data_set_dbl_split/train/belly_pain/2651_F_eairh.wav,belly_pain/2651_F_eairh.wav,belly_pain,train,3,pitch_shift,"{""steps"":-1.165016}",310,18266892315446703684,virtual:aug_0b338a82da5f05df62b1
aug_c80c149f39d2f25cac86,rec_728bae3265a2cb099ec1,/mnt/d/INFANT CRY/data_set_dbl_split/train/belly_pain/dunstan-eairh_38.wav,belly_pain/dunstan-eairh_38.wav,belly_pain,train,3,time_stretch,"{""rate"":1.082919}",311,1752035907194381647,virtual:aug_c80c149f39d2f25cac86
aug_2719484fd5cae923d4e3,rec_71271d173296dd73b1cc,/mnt/d/INFANT CRY/data_set_dbl_split/train/belly_pain/dunstan-eairh_49.wav,belly_pain/dunstan-eairh_49.wav,belly_pain,train,3,time_stretch,"{""rate"":0.907842}",312,519442422673354392,virtual:aug_2719484fd5cae923d4e3
aug_8982e0b4bcc91cf139c3,rec_b97b97506a926108c4fb,/mnt/d/INFANT CRY/data_set_dbl_split/train/belly_pain/4511_F_eairh.wav,belly_pain/4511_F_eairh.wav,belly_pain,train,3,time_shift,"{""fraction"":-0.0403556}",313,4240927225434639281,virtual:aug_8982e0b4bcc91cf139c3
aug_11139b5ff3482c5bc2e6,rec_99c997cbc56d30a6f86a,/mnt/d/INFANT CRY/data_set_dbl_split/train/belly_pain/4463_F_eairh.wav,belly_pain/4463_F_eairh.wav,belly_pain,train,3,gaussian_noise,"{""noise_factor"":0.002560501}",314,3447704090290651018,virtual:aug_11139b5ff3482c5bc2e6
aug_66d44ec163c7cc034a7e,rec_bd2fd049120ea1834eaf,/mnt/d/INFANT CRY/data_set_dbl_split/train/belly_pain/3306_M_eairh.wav,belly_pain/3306_M_eairh.wav,belly_pain,train,3,pitch_shift,"{""steps"":2.007735}",315,8800953491588975697,virtual:aug_66d44ec163c7cc034a7e
aug_198d646ee8ba947738ed,rec_a5ec4310f567f29fe0e6,/mnt/d/INFANT CRY/data_set_dbl_split/train/belly_pain/3482_M_eairh.wav,belly_pain/3482_M_eairh.wav,belly_pain,train,3,pitch_shift,"{""steps"":-1.944282}",316,272805245913800015,virtual:aug_198d646ee8ba947738ed
aug_92c6bc1c08e8baab8268,rec_886741e63dcc59e4d15d,/mnt/d/INFANT CRY/data_set_dbl_split/train/belly_pain/dunstan-eairh_2.wav,belly_pain/dunstan-eairh_2.wav,belly_pain,train,3,time_stretch,"{""rate"":1.21641}",317,12857547597832595384,virtual:aug_92c6bc1c08e8baab8268
aug_9726076fbd33ad4707b4,rec_43b3fbffb18394a3d9df,/mnt/d/INFANT CRY/data_set_dbl_split/train/belly_pain/dunstan-eairh_52.wav,belly_pain/dunstan-eairh_52.wav,belly_pain,train,3,time_stretch,"{""rate"":0.795752}",318,9832879869241405116,virtual:aug_9726076fbd33ad4707b4
aug_498d1822968936e4f792,rec_0db4402c199757600dc5,/mnt/d/INFANT CRY/data_set_dbl_split/train/burping/dunstan-eh_9.wav,burping/dunstan-eh_9.wav,burping,train,3,gaussian_noise,"{""noise_factor"":0.004294173}",0,6896615909159448840,virtual:aug_498d1822968936e4f792
aug_f5231fabfab0ca734d2c,rec_ab271c0dd4cc9e6e5493,/mnt/d/INFANT CRY/data_set_dbl_split/train/burping/1189_M_eh.wav,burping/1189_M_eh.wav,burping,train,3,pitch_shift,"{""steps"":1.095987}",1,9503079548363283467,virtual:aug_f5231fabfab0ca734d2c
aug_e7a379c9076778db06f6,rec_63a5ffd4b62830708b3e,/mnt/d/INFANT CRY/data_set_dbl_split/train/burping/4129_M_eh.wav,burping/4129_M_eh.wav,burping,train,3,pitch_shift,"{""steps"":-1.169296}",2,15011627095885217048,virtual:aug_e7a379c9076778db06f6
aug_8ab52cf62b22af15e039,rec_06e84e6f511e879851ca,/mnt/d/INFANT CRY/data_set_dbl_split/train/burping/1677_M_eh.wav,burping/1677_M_eh.wav,burping,train,3,time_stretch,"{""rate"":1.101744}",3,16706318895626958962,virtual:aug_8ab52cf62b22af15e039
aug_3f1547a82746139cb31e,rec_553ed1bbae89167723a4,/mnt/d/INFANT CRY/data_set_dbl_split/train/burping/479_M_eh.wav,burping/479_M_eh.wav,burping,train,3,time_stretch,"{""rate"":0.897603}",4,7761389900824410519,virtual:aug_3f1547a82746139cb31e
aug_12b6da15ab976048b35c,rec_d09abe4d0ed175d6bc7b,/mnt/d/INFANT CRY/data_set_dbl_split/train/burping/1404_F_eh.wav,burping/1404_F_eh.wav,burping,train,3,time_shift,"{""fraction"":-0.0485792}",5,16453948840142552242,virtual:aug_12b6da15ab976048b35c
aug_740a97d9159230b2ce2e,rec_8b1d545801964600f8e5,/mnt/d/INFANT CRY/data_set_dbl_split/train/burping/534_M_eh.wav,burping/534_M_eh.wav,burping,train,3,gaussian_noise,"{""noise_factor"":0.002578212}",6,15023545580352501059,virtual:aug_740a97d9159230b2ce2e
aug_1b6991800d9607dfaf1c,rec_e64ed0451cdefb147b9a,/mnt/d/INFANT CRY/data_set_dbl_split/train/burping/2458_M_eh.wav,burping/2458_M_eh.wav,burping,train,3,pitch_shift,"{""steps"":1.811996}",7,6144065968912121166,virtual:aug_1b6991800d9607dfaf1c
aug_40aeae4018ddf3a6822b,rec_8c5fd3a4d20e6ed75f42,/mnt/d/INFANT CRY/data_set_dbl_split/train/burping/2870_F_eh.wav,burping/2870_F_eh.wav,burping,train,3,pitch_shift,"{""steps"":-2.005114}",8,6641294343094778110,virtual:aug_40aeae4018ddf3a6822b
aug_d5f67d2f5db75e6b8ca5,rec_d08ebcb453ffbec561de,/mnt/d/INFANT CRY/data_set_dbl_split/train/burping/1990_M_eh.wav,burping/1990_M_eh.wav,burping,train,3,time_stretch,"{""rate"":1.216661}",9,17004943193344998599,virtual:aug_d5f67d2f5db75e6b8ca5
aug_6ec1a84cad8d7dd9ec0b,rec_dc82cc7fca4fce70a058,/mnt/d/INFANT CRY/data_set_dbl_split/train/burping/4894_M_eh.wav,burping/4894_M_eh.wav,burping,train,3,time_stretch,"{""rate"":0.813585}",10,4467445746422154635,virtual:aug_6ec1a84cad8d7dd9ec0b
aug_07ba2be53e41bd537032,rec_ff477dacfaa3059546f6,/mnt/d/INFANT CRY/data_set_dbl_split/train/burping/4846_M_eh.wav,burping/4846_M_eh.wav,burping,train,3,gaussian_noise,"{""noise_factor"":0.004892326}",11,6335053676084516202,virtual:aug_07ba2be53e41bd537032
aug_6a4201d694f684677ada,rec_1ce241cf7686f94b3a25,/mnt/d/INFANT CRY/data_set_dbl_split/train/burping/000124_M_eh.wav,burping/000124_M_eh.wav,burping,train,3,pitch_shift,"{""steps"":1.164958}",12,15379880783403916550,virtual:aug_6a4201d694f684677ada
aug_2f6f1c5e4daa8bada50f,rec_f270ae8ed465b729fd80,/mnt/d/INFANT CRY/data_set_dbl_split/train/burping/dunstan-eh_18.wav,burping/dunstan-eh_18.wav,burping,train,3,pitch_shift,"{""steps"":-1.050928}",13,8264918120379134172,virtual:aug_2f6f1c5e4daa8bada50f
aug_bf400df3a88a51a5dd12,rec_829c72de849282995758,/mnt/d/INFANT CRY/data_set_dbl_split/train/burping/dunstan-eh_68.wav,burping/dunstan-eh_68.wav,burping,train,3,time_stretch,"{""rate"":1.107945}",14,14315816253061957418,virtual:aug_bf400df3a88a51a5dd12
aug_031d6f7978cea38751c0,rec_c65736eefe0e47e5bb86,/mnt/d/INFANT CRY/data_set_dbl_split/train/burping/1807_M_eh.wav,burping/1807_M_eh.wav,burping,train,3,time_stretch,"{""rate"":0.905754}",15,12460539556677052195,virtual:aug_031d6f7978cea38751c0
aug_6e339bd80fa249c57747,rec_3dff757b4adba1651a52,/mnt/d/INFANT CRY/data_set_dbl_split/train/burping/1280_M_eh.wav,burping/1280_M_eh.wav,burping,train,3,time_shift,"{""fraction"":0.0607508}",16,4102079031301835680,virtual:aug_6e339bd80fa249c57747
aug_655d8cc7ec96dd476499,rec_f2be0c0fdf45d429dfda,/mnt/d/INFANT CRY/data_set_dbl_split/train/burping/3680_M_eh.wav,burping/3680_M_eh.wav,burping,train,3,gaussian_noise,"{""noise_factor"":0.002262569}",17,11933158632260110903,virtual:aug_655d8cc7ec96dd476499
aug_3de5bac851da2034a75c,rec_c2ca957db2b55f01ab5b,/mnt/d/INFANT CRY/data_set_dbl_split/train/burping/642_M_eh.wav,burping/642_M_eh.wav,burping,train,3,pitch_shift,"{""steps"":1.902674}",18,16894689563371135981,virtual:aug_3de5bac851da2034a75c
aug_365565ba65cf9721884d,rec_adbe9b64dc28a2d959a6,/mnt/d/INFANT CRY/data_set_dbl_split/train/burping/2793_M_eh.wav,burping/2793_M_eh.wav,burping,train,3,pitch_shift,"{""steps"":-2.002325}",19,14266326369970421424,virtual:aug_365565ba65cf9721884d
aug_0aff866bb76b4917f221,rec_d024232db85b2dd5abc3,/mnt/d/INFANT CRY/data_set_dbl_split/train/burping/3773_M_eh.wav,burping/3773_M_eh.wav,burping,train,3,time_stretch,"{""rate"":1.201981}",20,13564504556774150057,virtual:aug_0aff866bb76b4917f221
aug_9ea8f1ba31e260f049a8,rec_7d9becd3a9a4b0da6a50,/mnt/d/INFANT CRY/data_set_dbl_split/train/burping/2117_M_eh.wav,burping/2117_M_eh.wav,burping,train,3,time_stretch,"{""rate"":0.779086}",21,17791130311592761226,virtual:aug_9ea8f1ba31e260f049a8
aug_cdf790927bfb88a2a8de,rec_04d8723e876919f7d0c5,/mnt/d/INFANT CRY/data_set_dbl_split/train/burping/1860_M_eh.wav,burping/1860_M_eh.wav,burping,train,3,gaussian_noise,"{""noise_factor"":0.004506954}",22,13310646797689594696,virtual:aug_cdf790927bfb88a2a8de
aug_05997b6a9036614e460a,rec_af2b5d80db9b39b769a8,/mnt/d/INFANT CRY/data_set_dbl_split/train/burping/3675_M_eh.wav,burping/3675_M_eh.wav,burping,train,3,pitch_shift,"{""steps"":0.924155}",23,11719594325165401499,virtual:aug_05997b6a9036614e460a
aug_ea1c6053427441cc1897,rec_ec599e0cd6f23f0d78c2,/mnt/d/INFANT CRY/data_set_dbl_split/train/burping/3663_F_eh.wav,burping/3663_F_eh.wav,burping,train,3,pitch_shift,"{""steps"":-0.971335}",24,343579994975621302,virtual:aug_ea1c6053427441cc1897
aug_804fa089520373b2b5df,rec_8fa03b0b1122bc99fa71,/mnt/d/INFANT CRY/data_set_dbl_split/train/burping/3335_M_eh.wav,burping/3335_M_eh.wav,burping,train,3,time_stretch,"{""rate"":1.115271}",25,6894290078524877899,virtual:aug_804fa089520373b2b5df
aug_22af378666542f0fb2a3,rec_8f1e43e0b3db4c9b7bd1,/mnt/d/INFANT CRY/data_set_dbl_split/train/burping/3009_M_eh.wav,burping/3009_M_eh.wav,burping,train,3,time_stretch,"{""rate"":0.919069}",26,11816611902203968327,virtual:aug_22af378666542f0fb2a3
aug_636e072eecc1b6112e93,rec_3b0dbc0e1235864017ad,/mnt/d/INFANT CRY/data_set_dbl_split/train/burping/3731_M_eh.wav,burping/3731_M_eh.wav,burping,train,3,time_shift,"{""fraction"":0.0177788}",27,16140538191321117148,virtual:aug_636e072eecc1b6112e93
aug_ee51f161becd1ccd1dfe,rec_fa20854f3b7e4dba152c,/mnt/d/INFANT CRY/data_set_dbl_split/train/burping/2026_M_eh.wav,burping/2026_M_eh.wav,burping,train,3,gaussian_noise,"{""noise_factor"":0.002300293}",28,2737406907674798692,virtual:aug_ee51f161becd1ccd1dfe
aug_b97cc25ef0b548229502,rec_80aa4905086476d9ee4e,/mnt/d/INFANT CRY/data_set_dbl_split/train/burping/3368_M_eh.wav,burping/3368_M_eh.wav,burping,train,3,pitch_shift,"{""steps"":1.846864}",29,8616440766850318405,virtual:aug_b97cc25ef0b548229502
aug_675c5980de47b5fe51aa,rec_9f874a669b1439b8ba43,/mnt/d/INFANT CRY/data_set_dbl_split/train/burping/335_M_eh.wav,burping/335_M_eh.wav,burping,train,3,pitch_shift,"{""steps"":-2.009698}",30,8312677526523592937,virtual:aug_675c5980de47b5fe51aa
aug_cafd310389047e56106e,rec_d9fc0f1da80ad4b55ac5,/mnt/d/INFANT CRY/data_set_dbl_split/train/burping/2631_M_eh.wav,burping/2631_M_eh.wav,burping,train,3,time_stretch,"{""rate"":1.189452}",31,15454236928622088832,virtual:aug_cafd310389047e56106e
aug_97d0403bfbc7e8103012,rec_a61b1c034874488205af,/mnt/d/INFANT CRY/data_set_dbl_split/train/burping/801_F_eh.wav,burping/801_F_eh.wav,burping,train,3,time_stretch,"{""rate"":0.816676}",32,6849436286863200183,virtual:aug_97d0403bfbc7e8103012
aug_a22b570fbaa82bf527af,rec_9a232059ad8ce3d58fa8,/mnt/d/INFANT CRY/data_set_dbl_split/train/burping/3429_M_eh.wav,burping/3429_M_eh.wav,burping,train,3,gaussian_noise,"{""noise_factor"":0.005497008}",33,11313344364826153589,virtual:aug_a22b570fbaa82bf527af
aug_34ecdc3aa6f69dabd29a,rec_410db454b737f8edd207,/mnt/d/INFANT CRY/data_set_dbl_split/train/burping/dunstan-eh_36.wav,burping/dunstan-eh_36.wav,burping,train,3,pitch_shift,"{""steps"":1.071872}",34,16984096511504127832,virtual:aug_34ecdc3aa6f69dabd29a
aug_9864d6536e23d6a3761f,rec_dcac3876bf6880c602d4,/mnt/d/INFANT CRY/data_set_dbl_split/train/burping/3754_M_eh.wav,burping/3754_M_eh.wav,burping,train,3,pitch_shift,"{""steps"":-0.890678}",35,16436201381470328945,virtual:aug_9864d6536e23d6a3761f
aug_946031c52ca10751f894,rec_0243d0e4f1276ccf9ce1,/mnt/d/INFANT CRY/data_set_dbl_split/train/burping/4389_F_eh.wav,burping/4389_F_eh.wav,burping,train,3,time_stretch,"{""rate"":1.076396}",36,5803522011619738946,virtual:aug_946031c52ca10751f894
aug_12419bb3badfc8d7fb13,rec_246e21d1f4b12af163dd,/mnt/d/INFANT CRY/data_set_dbl_split/train/burping/3706_M_eh.wav,burping/3706_M_eh.wav,burping,train,3,time_stretch,"{""rate"":0.912766}",37,2495589967371945676,virtual:aug_12419bb3badfc8d7fb13
aug_16be7715d42f9e6f4f65,rec_09745ee499f542515c18,/mnt/d/INFANT CRY/data_set_dbl_split/train/burping/223_M_eh.wav,burping/223_M_eh.wav,burping,train,3,time_shift,"{""fraction"":-0.0603216}",38,2749013832935354130,virtual:aug_16be7715d42f9e6f4f65
aug_66e9f6b07e62ff3bea74,rec_69a30e7d7377d2349a7e,/mnt/d/INFANT CRY/data_set_dbl_split/train/burping/3070_M_eh.wav,burping/3070_M_eh.wav,burping,train,3,gaussian_noise,"{""noise_factor"":0.002265276}",39,12760511321102733657,virtual:aug_66e9f6b07e62ff3bea74
aug_f0b05dd727ed5d76f18a,rec_8c0c8f04ded4a4ce7a12,/mnt/d/INFANT CRY/data_set_dbl_split/train/burping/1999_M_eh.wav,burping/1999_M_eh.wav,burping,train,3,pitch_shift,"{""steps"":2.060352}",40,161643446928200973,virtual:aug_f0b05dd727ed5d76f18a
aug_eff532836a6fd7b52745,rec_4c788d6451459c6d7475,/mnt/d/INFANT CRY/data_set_dbl_split/train/burping/231_M_eh.wav,burping/231_M_eh.wav,burping,train,3,pitch_shift,"{""steps"":-2.022559}",41,10351186394837129647,virtual:aug_eff532836a6fd7b52745
aug_4596ab15a33da4ca6e83,rec_1ea791cff25abaff0941,/mnt/d/INFANT CRY/data_set_dbl_split/train/burping/2111_M_eh.wav,burping/2111_M_eh.wav,burping,train,3,time_stretch,"{""rate"":1.217049}",42,10863178318458029466,virtual:aug_4596ab15a33da4ca6e83
aug_2a78a797b7fb006e9226,rec_fbef8f5e2003e3f7e55d,/mnt/d/INFANT CRY/data_set_dbl_split/train/burping/3163_F_eh.wav,burping/3163_F_eh.wav,burping,train,3,time_stretch,"{""rate"":0.818723}",43,12399591005321420639,virtual:aug_2a78a797b7fb006e9226
aug_5455661a3ff28e3cfe08,rec_398f102ae45404e1b33a,/mnt/d/INFANT CRY/data_set_dbl_split/train/burping/3948_M_eh.wav,burping/3948_M_eh.wav,burping,train,3,gaussian_noise,"{""noise_factor"":0.004550622}",44,1596543136234815338,virtual:aug_5455661a3ff28e3cfe08
aug_cc1bc222bf42a236bc08,rec_b7dc41a5877cdafcdeba,/mnt/d/INFANT CRY/data_set_dbl_split/train/burping/3849_M_eh.wav,burping/3849_M_eh.wav,burping,train,3,pitch_shift,"{""steps"":1.166974}",45,11488755452211523095,virtual:aug_cc1bc222bf42a236bc08
aug_b27819394294a4ef872a,rec_0c8740c205058cc13c73,/mnt/d/INFANT CRY/data_set_dbl_split/train/burping/4473_M_eh.wav,burping/4473_M_eh.wav,burping,train,3,pitch_shift,"{""steps"":-1.1927}",46,17099837013310982877,virtual:aug_b27819394294a4ef872a
aug_c037ebdcdd38a6459272,rec_f563132c4a35d9e664db,/mnt/d/INFANT CRY/data_set_dbl_split/train/burping/3471_M_eh.wav,burping/3471_M_eh.wav,burping,train,3,time_stretch,"{""rate"":1.081209}",47,18117073254778616267,virtual:aug_c037ebdcdd38a6459272
aug_c005ede7b961a7a3a986,rec_85edc8f84763e4037032,/mnt/d/INFANT CRY/data_set_dbl_split/train/burping/1679_F_eh.wav,burping/1679_F_eh.wav,burping,train,3,time_stretch,"{""rate"":0.893866}",48,11662538388873304565,virtual:aug_c005ede7b961a7a3a986
aug_2d636554bbb23ea08507,rec_24a396b9d014a05587a9,/mnt/d/INFANT CRY/data_set_dbl_split/train/burping/222_F_eh.wav,burping/222_F_eh.wav,burping,train,3,time_shift,"{""fraction"":0.0340567}",49,12421979168147404153,virtual:aug_2d636554bbb23ea08507
aug_80f3c56aacc46d3884e9,rec_5a2f75276513a19a7ebb,/mnt/d/INFANT CRY/data_set_dbl_split/train/burping/4216_M_eh.wav,burping/4216_M_eh.wav,burping,train,3,gaussian_noise,"{""noise_factor"":0.002773234}",50,13664932232922990297,virtual:aug_80f3c56aacc46d3884e9
aug_594f59eda3ca3871afde,rec_6b454294a8664471f946,/mnt/d/INFANT CRY/data_set_dbl_split/train/burping/3153_F_eh.wav,burping/3153_F_eh.wav,burping,train,3,pitch_shift,"{""steps"":2.112055}",51,13415899522679112574,virtual:aug_594f59eda3ca3871afde
aug_cef4ccf4e773ebccc074,rec_6283b5f850c67ab736d9,/mnt/d/INFANT CRY/data_set_dbl_split/train/burping/4480_M_eh.wav,burping/4480_M_eh.wav,burping,train,3,pitch_shift,"{""steps"":-2.036765}",52,6990386435552265104,virtual:aug_cef4ccf4e773ebccc074
aug_ecb07e17968ca4e93ffd,rec_059855a7dd9bebe2345c,/mnt/d/INFANT CRY/data_set_dbl_split/train/burping/dunstan-eh_42.wav,burping/dunstan-eh_42.wav,burping,train,3,time_stretch,"{""rate"":1.182114}",53,8043729611272713288,virtual:aug_ecb07e17968ca4e93ffd
aug_75f8bc51341d98177b69,rec_4bf2222acdcc1b555881,/mnt/d/INFANT CRY/data_set_dbl_split/train/burping/537_M_eh.wav,burping/537_M_eh.wav,burping,train,3,time_stretch,"{""rate"":0.792063}",54,17791524541583354198,virtual:aug_75f8bc51341d98177b69
aug_6fe048759ab7b942448b,rec_043172ca45e2593c9187,/mnt/d/INFANT CRY/data_set_dbl_split/train/burping/894_M_eh.wav,burping/894_M_eh.wav,burping,train,3,gaussian_noise,"{""noise_factor"":0.004315403}",55,11499306963016190328,virtual:aug_6fe048759ab7b942448b
aug_84856c64b26e19190e5b,rec_a24e5a4c484b184c3af7,/mnt/d/INFANT CRY/data_set_dbl_split/train/burping/2164_M_eh.wav,burping/2164_M_eh.wav,burping,train,3,pitch_shift,"{""steps"":0.872098}",56,13124855658900586581,virtual:aug_84856c64b26e19190e5b
aug_938f0eba528708eb1b9c,rec_180d2118e85a66b32a32,/mnt/d/INFANT CRY/data_set_dbl_split/train/burping/805_M_eh.wav,burping/805_M_eh.wav,burping,train,3,pitch_shift,"{""steps"":-1.069646}",57,1142503282193510683,virtual:aug_938f0eba528708eb1b9c
aug_a493eb5f9f76aaccc025,rec_b1a98f3097eab9df6ff7,/mnt/d/INFANT CRY/data_set_dbl_split/train/burping/3608_M_eh.wav,burping/3608_M_eh.wav,burping,train,3,time_stretch,"{""rate"":1.091766}",58,1705288183822085294,virtual:aug_a493eb5f9f76aaccc025
aug_3683263bef2511a1c42f,rec_a4ddbf82a26d73b83cc6,/mnt/d/INFANT CRY/data_set_dbl_split/train/burping/dunstan-eh_12.wav,burping/dunstan-eh_12.wav,burping,train,3,time_stretch,"{""rate"":0.899431}",59,8469238120876188277,virtual:aug_3683263bef2511a1c42f
aug_2bd2662013fd5905fa2e,rec_165d844150d1c38e7964,/mnt/d/INFANT CRY/data_set_dbl_split/train/burping/dunstan-eh_4.wav,burping/dunstan-eh_4.wav,burping,train,3,time_shift,"{""fraction"":0.0997974}",60,11905544054045308243,virtual:aug_2bd2662013fd5905fa2e
aug_19a7981937f9aabc5a1a,rec_010c54dba3c33a235f36,/mnt/d/INFANT CRY/data_set_dbl_split/train/burping/dunstan-eh_56.wav,burping/dunstan-eh_56.wav,burping,train,3,gaussian_noise,"{""noise_factor"":0.002742956}",61,6367783579993791744,virtual:aug_19a7981937f9aabc5a1a
aug_ec5565927491b8a45c15,rec_51b8c1e6675046875e68,/mnt/d/INFANT CRY/data_set_dbl_split/train/burping/3156_F_eh.wav,burping/3156_F_eh.wav,burping,train,3,pitch_shift,"{""steps"":1.804108}",62,13754387590343615963,virtual:aug_ec5565927491b8a45c15
aug_265c36b6a2bff31038bc,rec_d138f7e7049b5fee47f8,/mnt/d/INFANT CRY/data_set_dbl_split/train/burping/4177_M_eh.wav,burping/4177_M_eh.wav,burping,train,3,pitch_shift,"{""steps"":-2.05209}",63,10064067426918367702,virtual:aug_265c36b6a2bff31038bc
aug_fe87cafbc272e170305a,rec_1050c2655280d54aa3a4,/mnt/d/INFANT CRY/data_set_dbl_split/train/burping/225_F_eh.wav,burping/225_F_eh.wav,burping,train,3,time_stretch,"{""rate"":1.175013}",64,17974046894453741933,virtual:aug_fe87cafbc272e170305a
aug_0ebf4909d42ac6da757f,rec_1bbceca863aee49901ac,/mnt/d/INFANT CRY/data_set_dbl_split/train/burping/1661_M_eh.wav,burping/1661_M_eh.wav,burping,train,3,time_stretch,"{""rate"":0.791822}",65,8528228583067923910,virtual:aug_0ebf4909d42ac6da757f
aug_1d859a8b161101398d8d,rec_e0bd95966c0c5da7f134,/mnt/d/INFANT CRY/data_set_dbl_split/train/burping/4468_F_eh.wav,burping/4468_F_eh.wav,burping,train,3,gaussian_noise,"{""noise_factor"":0.005359472}",66,13250336883351444506,virtual:aug_1d859a8b161101398d8d
aug_756df414331990308431,rec_f951c9cb890a00ed11b1,/mnt/d/INFANT CRY/data_set_dbl_split/train/burping/383_M_eh.wav,burping/383_M_eh.wav,burping,train,3,pitch_shift,"{""steps"":0.817392}",67,12603853480067953285,virtual:aug_756df414331990308431
aug_d93bd9a98ea249921c91,rec_9bc21230f02ca1056bac,/mnt/d/INFANT CRY/data_set_dbl_split/train/burping/4881_M_eh.wav,burping/4881_M_eh.wav,burping,train,3,pitch_shift,"{""steps"":-0.832308}",68,14024409481133826568,virtual:aug_d93bd9a98ea249921c91
aug_16ff2c249f40e2494b88,rec_88affcb3e287f0433132,/mnt/d/INFANT CRY/data_set_dbl_split/train/burping/1717_F_eh.wav,burping/1717_F_eh.wav,burping,train,3,time_stretch,"{""rate"":1.102491}",69,8803444144831081810,virtual:aug_16ff2c249f40e2494b88
aug_5882f49e51910190877b,rec_27fce64936b1b90d7277,/mnt/d/INFANT CRY/data_set_dbl_split/train/burping/dunstan-eh_57.wav,burping/dunstan-eh_57.wav,burping,train,3,time_stretch,"{""rate"":0.914461}",70,14939168896461141754,virtual:aug_5882f49e51910190877b
aug_1fd433b0b75dbb3d70c2,rec_02274f883a160366ffcc,/mnt/d/INFANT CRY/data_set_dbl_split/train/burping/1650_M_eh.wav,burping/1650_M_eh.wav,burping,train,3,time_shift,"{""fraction"":0.0583015}",71,312730693839952819,virtual:aug_1fd433b0b75dbb3d70c2
aug_115f009602f3d756b052,rec_c6008b28a57b1ad0c4a6,/mnt/d/INFANT CRY/data_set_dbl_split/train/burping/2312_M_eh.wav,burping/2312_M_eh.wav,burping,train,3,gaussian_noise,"{""noise_factor"":0.002762585}",72,16897719913783602214,virtual:aug_115f009602f3d756b052
aug_f22b04f980cc4bac6851,rec_38acc274e71f1ffa3d26,/mnt/d/INFANT CRY/data_set_dbl_split/train/burping/2083_M_eh.wav,burping/2083_M_eh.wav,burping,train,3,pitch_shift,"{""steps"":2.01315}",73,14815825535556906311,virtual:aug_f22b04f980cc4bac6851
aug_58ee73cd8892f527853c,rec_cbd1060a831248d1b42f,/mnt/d/INFANT CRY/data_set_dbl_split/train/burping/1862_M_eh.wav,burping/1862_M_eh.wav,burping,train,3,pitch_shift,"{""steps"":-1.862282}",74,8846250838206950833,virtual:aug_58ee73cd8892f527853c
aug_cf731ac74145a47aa233,rec_eee5eed2ae78b50ca38d,/mnt/d/INFANT CRY/data_set_dbl_split/train/burping/1060_M_eh.wav,burping/1060_M_eh.wav,burping,train,3,time_stretch,"{""rate"":1.22373}",75,4421754675504138420,virtual:aug_cf731ac74145a47aa233
aug_c26dff9f966c36288ac4,rec_1b2cfce0d8829eddad7e,/mnt/d/INFANT CRY/data_set_dbl_split/train/burping/1480_F_eh.wav,burping/1480_F_eh.wav,burping,train,3,time_stretch,"{""rate"":0.785987}",76,9452221343939225433,virtual:aug_c26dff9f966c36288ac4
aug_1070d9f1861f1db62600,rec_126e90d799b24e11f498,/mnt/d/INFANT CRY/data_set_dbl_split/train/burping/1891_M_eh.wav,burping/1891_M_eh.wav,burping,train,3,gaussian_noise,"{""noise_factor"":0.005462535}",77,15222764825380365246,virtual:aug_1070d9f1861f1db62600
aug_1a874ca51b7626a817ba,rec_02ded2dafd9c65710523,/mnt/d/INFANT CRY/data_set_dbl_split/train/burping/3414_M_eh.wav,burping/3414_M_eh.wav,burping,train,3,pitch_shift,"{""steps"":1.109861}",78,13443329333577417074,virtual:aug_1a874ca51b7626a817ba
aug_7e33a9a3ae9ba315ec16,rec_aef16fe4b73818181ee3,/mnt/d/INFANT CRY/data_set_dbl_split/train/burping/1173_M_eh.wav,burping/1173_M_eh.wav,burping,train,3,pitch_shift,"{""steps"":-1.024968}",79,10233264505534469024,virtual:aug_7e33a9a3ae9ba315ec16
aug_4e8bae21c703eb9d1f3d,rec_68fb76bcaf4df28e1d35,/mnt/d/INFANT CRY/data_set_dbl_split/train/burping/dunstan-eh_29.wav,burping/dunstan-eh_29.wav,burping,train,3,time_stretch,"{""rate"":1.123575}",80,14590647013651119773,virtual:aug_4e8bae21c703eb9d1f3d
aug_7aaa52b277a36563cb43,rec_3c97921405d8a84e3340,/mnt/d/INFANT CRY/data_set_dbl_split/train/burping/109_F_eh.wav,burping/109_F_eh.wav,burping,train,3,time_stretch,"{""rate"":0.913792}",81,15836309293474419795,virtual:aug_7aaa52b277a36563cb43
aug_0c3a9bb8842db21ed407,rec_a9a6a0ec78c393f1423a,/mnt/d/INFANT CRY/data_set_dbl_split/train/burping/3987_M_eh.wav,burping/3987_M_eh.wav,burping,train,3,time_shift,"{""fraction"":0.0237051}",82,201324453933814824,virtual:aug_0c3a9bb8842db21ed407
aug_81a3da5b844825fcaf03,rec_1fa454041cb2b6209768,/mnt/d/INFANT CRY/data_set_dbl_split/train/burping/691_M_eh.wav,burping/691_M_eh.wav,burping,train,3,gaussian_noise,"{""noise_factor"":0.002449151}",83,5680358057356725426,virtual:aug_81a3da5b844825fcaf03
aug_0eccaf607066171c8c88,rec_c2d0c914aa634399fe02,/mnt/d/INFANT CRY/data_set_dbl_split/train/burping/3681_M_eh.wav,burping/3681_M_eh.wav,burping,train,3,pitch_shift,"{""steps"":2.191367}",84,5996205222463075133,virtual:aug_0eccaf607066171c8c88
aug_362b069e122339837e14,rec_fd4381d8731ddf4435b8,/mnt/d/INFANT CRY/data_set_dbl_split/train/burping/dunstan-eh_25.wav,burping/dunstan-eh_25.wav,burping,train,3,pitch_shift,"{""steps"":-2.022727}",85,17977289098889811632,virtual:aug_362b069e122339837e14
aug_7baa9a341f255618d64b,rec_e4598b934b1a48c6adb8,/mnt/d/INFANT CRY/data_set_dbl_split/train/burping/4298_F_eh.wav,burping/4298_F_eh.wav,burping,train,3,time_stretch,"{""rate"":1.18525}",86,17411600597391027392,virtual:aug_7baa9a341f255618d64b
aug_1a1cebbbee013dd3d474,rec_259890ff0ea96f64d45f,/mnt/d/INFANT CRY/data_set_dbl_split/train/burping/2265_M_eh.wav,burping/2265_M_eh.wav,burping,train,3,time_stretch,"{""rate"":0.80275}",87,5628960394558541326,virtual:aug_1a1cebbbee013dd3d474
aug_d7a8df81dd601089ecb4,rec_04dc1bc529be34e2194f,/mnt/d/INFANT CRY/data_set_dbl_split/train/burping/3977_F_eh.wav,burping/3977_F_eh.wav,burping,train,3,gaussian_noise,"{""noise_factor"":0.004722366}",88,11199504995578572841,virtual:aug_d7a8df81dd601089ecb4
aug_d72842cb88abab8db0e2,rec_b5c186f6a11ea24233fb,/mnt/d/INFANT CRY/data_set_dbl_split/train/burping/2272_M_eh.wav,burping/2272_M_eh.wav,burping,train,3,pitch_shift,"{""steps"":0.955702}",89,16945197116340120948,virtual:aug_d72842cb88abab8db0e2
aug_d2e67ee66eb9dcdfedc8,rec_bec84197dab7554371b2,/mnt/d/INFANT CRY/data_set_dbl_split/train/burping/1546_M_eh.wav,burping/1546_M_eh.wav,burping,train,3,pitch_shift,"{""steps"":-0.905971}",90,6872590014425921758,virtual:aug_d2e67ee66eb9dcdfedc8
aug_474695afd16bbac0f249,rec_5e12d4152f25c8285f27,/mnt/d/INFANT CRY/data_set_dbl_split/train/burping/000543_M_heh.wav,burping/000543_M_heh.wav,burping,train,3,time_stretch,"{""rate"":1.123859}",91,13770727105266766458,virtual:aug_474695afd16bbac0f249
aug_d64d857c11c5584adb87,rec_28f10489f167e0cf28ed,/mnt/d/INFANT CRY/data_set_dbl_split/train/burping/3269_F_eh.wav,burping/3269_F_eh.wav,burping,train,3,time_stretch,"{""rate"":0.90924}",92,13434418477450522276,virtual:aug_d64d857c11c5584adb87
aug_8f942b4f6881c37657bc,rec_9d65a63ce58da021c946,/mnt/d/INFANT CRY/data_set_dbl_split/train/burping/45_M_eh.wav,burping/45_M_eh.wav,burping,train,3,time_shift,"{""fraction"":-0.0972911}",93,3305079891379302628,virtual:aug_8f942b4f6881c37657bc
aug_11265f9799fe9d248cca,rec_6bfb452e0fb288f7e4b1,/mnt/d/INFANT CRY/data_set_dbl_split/train/burping/915_F_eh.wav,burping/915_F_eh.wav,burping,train,3,gaussian_noise,"{""noise_factor"":0.002345129}",94,12146896834483509221,virtual:aug_11265f9799fe9d248cca
aug_107ff559bd81aa641cf4,rec_e5053874909e75e7cdae,/mnt/d/INFANT CRY/data_set_dbl_split/train/burping/819_F_eh.wav,burping/819_F_eh.wav,burping,train,3,pitch_shift,"{""steps"":1.842017}",95,13736583840365459605,virtual:aug_107ff559bd81aa641cf4
aug_1f279d107bf5287602c2,rec_8b38bc4b5e01d884ed1b,/mnt/d/INFANT CRY/data_set_dbl_split/train/burping/2238_M_eh.wav,burping/2238_M_eh.wav,burping,train,3,pitch_shift,"{""steps"":-2.107843}",96,452170128097947279,virtual:aug_1f279d107bf5287602c2
aug_cd046e455e530c6f155e,rec_e890ba788c3dcf653f72,/mnt/d/INFANT CRY/data_set_dbl_split/train/burping/3429_F_eh.wav,burping/3429_F_eh.wav,burping,train,3,time_stretch,"{""rate"":1.176529}",97,5671333963492571628,virtual:aug_cd046e455e530c6f155e
aug_08e44e3e108aae932d5b,rec_565dd3342f1ac221607e,/mnt/d/INFANT CRY/data_set_dbl_split/train/burping/392_M_eh.wav,burping/392_M_eh.wav,burping,train,3,time_stretch,"{""rate"":0.797801}",98,17424347318355092980,virtual:aug_08e44e3e108aae932d5b
aug_0b18f4c6aa41dff1b0d4,rec_fe2bd084cd57ea19b335,/mnt/d/INFANT CRY/data_set_dbl_split/train/burping/1294_F_eh.wav,burping/1294_F_eh.wav,burping,train,3,gaussian_noise,"{""noise_factor"":0.004854997}",99,5582789838339215402,virtual:aug_0b18f4c6aa41dff1b0d4
aug_c357df769bd7b41077f0,rec_33873b0c0a625be21a8e,/mnt/d/INFANT CRY/data_set_dbl_split/train/burping/4655_M_eh.wav,burping/4655_M_eh.wav,burping,train,3,pitch_shift,"{""steps"":1.062916}",100,5236136127741326603,virtual:aug_c357df769bd7b41077f0
aug_d8bc00675cfe81c87084,rec_9a29e2de6a245ee391e5,/mnt/d/INFANT CRY/data_set_dbl_split/train/burping/1117_M_eh.wav,burping/1117_M_eh.wav,burping,train,3,pitch_shift,"{""steps"":-0.913979}",101,6625990557855411798,virtual:aug_d8bc00675cfe81c87084
aug_9fe20319028849050038,rec_fef045ea86ed1d26ca57,/mnt/d/INFANT CRY/data_set_dbl_split/train/burping/855_M_eh.wav,burping/855_M_eh.wav,burping,train,3,time_stretch,"{""rate"":1.076436}",102,15885772640145456404,virtual:aug_9fe20319028849050038
aug_36296f40d5279d0c4a12,rec_10d0435f16610463b458,/mnt/d/INFANT CRY/data_set_dbl_split/train/burping/1280_F_eh.wav,burping/1280_F_eh.wav,burping,train,3,time_stretch,"{""rate"":0.901722}",103,178707270449770720,virtual:aug_36296f40d5279d0c4a12
aug_367f1dd39d92c08bc51b,rec_abb08076329044d38a78,/mnt/d/INFANT CRY/data_set_dbl_split/train/burping/1899_M_eh.wav,burping/1899_M_eh.wav,burping,train,3,time_shift,"{""fraction"":0.0334327}",104,14333345389926891562,virtual:aug_367f1dd39d92c08bc51b
aug_ce8aa000a9c2ff4b461f,rec_4f3aebbda6b4c987c96d,/mnt/d/INFANT CRY/data_set_dbl_split/train/burping/4643_M_eh.wav,burping/4643_M_eh.wav,burping,train,3,gaussian_noise,"{""noise_factor"":0.002669349}",105,7656635626619802872,virtual:aug_ce8aa000a9c2ff4b461f
aug_6a6de812d56638b8ae6b,rec_a0ecc47442b70c870666,/mnt/d/INFANT CRY/data_set_dbl_split/train/burping/1447_M_eh.wav,burping/1447_M_eh.wav,burping,train,3,pitch_shift,"{""steps"":1.826408}",106,10372442704896686229,virtual:aug_6a6de812d56638b8ae6b
aug_9d9d3f0fc4c76d70a503,rec_01751ebd954ebf0cc37a,/mnt/d/INFANT CRY/data_set_dbl_split/train/burping/2911_M_eh.wav,burping/2911_M_eh.wav,burping,train,3,pitch_shift,"{""steps"":-1.952885}",107,7437351409184226635,virtual:aug_9d9d3f0fc4c76d70a503
aug_607f505aaa4a849f3c07,rec_d88b00f668e179d44ac0,/mnt/d/INFANT CRY/data_set_dbl_split/train/burping/2546_F_eh.wav,burping/2546_F_eh.wav,burping,train,3,time_stretch,"{""rate"":1.212481}",108,13143681330388813293,virtual:aug_607f505aaa4a849f3c07
aug_510a5fd99d51b4a35a0e,rec_e4a56aeebd6a02551e95,/mnt/d/INFANT CRY/data_set_dbl_split/train/burping/290_F_eh.wav,burping/290_F_eh.wav,burping,train,3,time_stretch,"{""rate"":0.780622}",109,5591620460334512042,virtual:aug_510a5fd99d51b4a35a0e
aug_d4244a1f3437d27af59d,rec_aa640949ec798068cbcb,/mnt/d/INFANT CRY/data_set_dbl_split/train/burping/1836_M_eh.wav,burping/1836_M_eh.wav,burping,train,3,gaussian_noise,"{""noise_factor"":0.005257497}",110,12375352546700045316,virtual:aug_d4244a1f3437d27af59d
aug_1088d6945310583044c5,rec_f00e486b5bb01e917fd5,/mnt/d/INFANT CRY/data_set_dbl_split/train/burping/2759_M_eh.wav,burping/2759_M_eh.wav,burping,train,3,pitch_shift,"{""steps"":0.928392}",111,9565386560710370988,virtual:aug_1088d6945310583044c5
aug_3c7d7163962305d286e4,rec_4a0912eaadfeb8697716,/mnt/d/INFANT CRY/data_set_dbl_split/train/burping/2284_M_eh.wav,burping/2284_M_eh.wav,burping,train,3,pitch_shift,"{""steps"":-1.006835}",112,11227732101430727044,virtual:aug_3c7d7163962305d286e4
aug_eb10e306920c4daa4f8a,rec_bdbf83ffad21ba24d2b2,/mnt/d/INFANT CRY/data_set_dbl_split/train/burping/4698_M_eh.wav,burping/4698_M_eh.wav,burping,train,3,time_stretch,"{""rate"":1.086526}",113,14036688808773393136,virtual:aug_eb10e306920c4daa4f8a
aug_0c961c35184d6a7fcb2c,rec_c7455d306ae46d35e2fd,/mnt/d/INFANT CRY/data_set_dbl_split/train/burping/3192_M_eh.wav,burping/3192_M_eh.wav,burping,train,3,time_stretch,"{""rate"":0.909983}",114,10935996284160625647,virtual:aug_0c961c35184d6a7fcb2c
aug_ae066de4264a0113e355,rec_c38fa1511dbf3ebaa184,/mnt/d/INFANT CRY/data_set_dbl_split/train/burping/1869_M_eh.wav,burping/1869_M_eh.wav,burping,train,3,time_shift,"{""fraction"":0.0737744}",115,18410424707738054125,virtual:aug_ae066de4264a0113e355
aug_910bc67d06ad661fd434,rec_af793bcc7a84612776fa,/mnt/d/INFANT CRY/data_set_dbl_split/train/burping/3777_M_eh.wav,burping/3777_M_eh.wav,burping,train,3,gaussian_noise,"{""noise_factor"":0.002283418}",116,1734618524745775503,virtual:aug_910bc67d06ad661fd434
aug_38e71bfb98991f02df88,rec_647be7ff75e4bcb282e3,/mnt/d/INFANT CRY/data_set_dbl_split/train/burping/2159_M_eh.wav,burping/2159_M_eh.wav,burping,train,3,pitch_shift,"{""steps"":1.991548}",117,4107823993100308534,virtual:aug_38e71bfb98991f02df88
aug_60539aaeed6837633242,rec_7f5f72cffacee5752ddb,/mnt/d/INFANT CRY/data_set_dbl_split/train/burping/3331_M_eh.wav,burping/3331_M_eh.wav,burping,train,3,pitch_shift,"{""steps"":-2.029882}",118,14264340931746572320,virtual:aug_60539aaeed6837633242
aug_c28eda2fe9c1ec2b704d,rec_27340d45ad612cfb12c4,/mnt/d/INFANT CRY/data_set_dbl_split/train/burping/2170_M_eh.wav,burping/2170_M_eh.wav,burping,train,3,time_stretch,"{""rate"":1.215915}",119,6412334780077744805,virtual:aug_c28eda2fe9c1ec2b704d
aug_8180798af9caab39609d,rec_296b5aff467704fad7f9,/mnt/d/INFANT CRY/data_set_dbl_split/train/burping/4544_F_eh.wav,burping/4544_F_eh.wav,burping,train,3,time_stretch,"{""rate"":0.823513}",120,3635380874666191159,virtual:aug_8180798af9caab39609d
aug_26d2d98b607738783b95,rec_583b16956c6c814d67fe,/mnt/d/INFANT CRY/data_set_dbl_split/train/burping/3033_M_eh.wav,burping/3033_M_eh.wav,burping,train,3,gaussian_noise,"{""noise_factor"":0.005530897}",121,11390775364705011260,virtual:aug_26d2d98b607738783b95
aug_5b7c8b9be219b89d5068,rec_162b0019dde6878e5658,/mnt/d/INFANT CRY/data_set_dbl_split/train/burping/2808_M_eh.wav,burping/2808_M_eh.wav,burping,train,3,pitch_shift,"{""steps"":0.869208}",122,11692630948420530029,virtual:aug_5b7c8b9be219b89d5068
aug_e098dec4a71d20340c7b,rec_ae241ae526411ad2be05,/mnt/d/INFANT CRY/data_set_dbl_split/train/burping/3233_M_eh.wav,burping/3233_M_eh.wav,burping,train,3,pitch_shift,"{""steps"":-0.936877}",123,17262062958817978425,virtual:aug_e098dec4a71d20340c7b
aug_cbf193e2754509673ad2,rec_858f3231bf9c42fefa83,/mnt/d/INFANT CRY/data_set_dbl_split/train/burping/1882_M_eh.wav,burping/1882_M_eh.wav,burping,train,3,time_stretch,"{""rate"":1.082376}",124,15093433240173234345,virtual:aug_cbf193e2754509673ad2
aug_853660d73e3fa4bf8f3e,rec_9e6e29b19c03296b74f8,/mnt/d/INFANT CRY/data_set_dbl_split/train/burping/2321_M_eh.wav,burping/2321_M_eh.wav,burping,train,3,time_stretch,"{""rate"":0.890377}",125,17380024220766114140,virtual:aug_853660d73e3fa4bf8f3e
aug_ce6fe6956dc6a10c8951,rec_76c476f521e31ec4c31a,/mnt/d/INFANT CRY/data_set_dbl_split/train/burping/2203_F_eh.wav,burping/2203_F_eh.wav,burping,train,3,time_shift,"{""fraction"":0.0792273}",126,12098501285743769459,virtual:aug_ce6fe6956dc6a10c8951
aug_3759782429ee57da7ada,rec_812a143c52108fd80d82,/mnt/d/INFANT CRY/data_set_dbl_split/train/burping/2106_M_eh.wav,burping/2106_M_eh.wav,burping,train,3,gaussian_noise,"{""noise_factor"":0.002481069}",127,4000907374495191169,virtual:aug_3759782429ee57da7ada
aug_275440e9f914975dfa9e,rec_8fe70388ea5471625aba,/mnt/d/INFANT CRY/data_set_dbl_split/train/burping/2053_M_eh.wav,burping/2053_M_eh.wav,burping,train,3,pitch_shift,"{""steps"":2.086538}",128,7341980604647851197,virtual:aug_275440e9f914975dfa9e
aug_4c81134594d6235c28d6,rec_8c0705fd9b6663835196,/mnt/d/INFANT CRY/data_set_dbl_split/train/burping/1501_M_eh.wav,burping/1501_M_eh.wav,burping,train,3,pitch_shift,"{""steps"":-1.985321}",129,16510883793169193997,virtual:aug_4c81134594d6235c28d6
aug_422eaf6f75372bd5e8fb,rec_595c7bd988437435705e,/mnt/d/INFANT CRY/data_set_dbl_split/train/burping/3187_M_eh.wav,burping/3187_M_eh.wav,burping,train,3,time_stretch,"{""rate"":1.18325}",130,9628514163452400718,virtual:aug_422eaf6f75372bd5e8fb
aug_0cd9a4edb1627a0745b4,rec_ce6d33d9d80a390b5de1,/mnt/d/INFANT CRY/data_set_dbl_split/train/burping/4580_M_eh.wav,burping/4580_M_eh.wav,burping,train,3,time_stretch,"{""rate"":0.816213}",131,12186529127096911916,virtual:aug_0cd9a4edb1627a0745b4
aug_270f85f2af03efc8f9d9,rec_c1b61b57a04c76f19527,/mnt/d/INFANT CRY/data_set_dbl_split/train/burping/1246_M_eh.wav,burping/1246_M_eh.wav,burping,train,3,gaussian_noise,"{""noise_factor"":0.00441086}",132,2240262826962131703,virtual:aug_270f85f2af03efc8f9d9
aug_5013a3bf2e50d85f3ce8,rec_459bb2953e87065146b1,/mnt/d/INFANT CRY/data_set_dbl_split/train/burping/1959_M_eh.wav,burping/1959_M_eh.wav,burping,train,3,pitch_shift,"{""steps"":1.140833}",133,4190674104062462610,virtual:aug_5013a3bf2e50d85f3ce8
aug_05027074595bfa24b80d,rec_c2521e9b1d58c3fbb0cb,/mnt/d/INFANT CRY/data_set_dbl_split/train/burping/1103_M_eh.wav,burping/1103_M_eh.wav,burping,train,3,pitch_shift,"{""steps"":-0.957937}",134,17245577382990124281,virtual:aug_05027074595bfa24b80d
aug_12a77c54a6f2495ea1f6,rec_0db4402c199757600dc5,/mnt/d/INFANT CRY/data_set_dbl_split/train/burping/dunstan-eh_9.wav,burping/dunstan-eh_9.wav,burping,train,3,time_stretch,"{""rate"":1.082931}",135,1988475681394124983,virtual:aug_12a77c54a6f2495ea1f6
aug_324e1878942e0a1920f9,rec_ab271c0dd4cc9e6e5493,/mnt/d/INFANT CRY/data_set_dbl_split/train/burping/1189_M_eh.wav,burping/1189_M_eh.wav,burping,train,3,time_stretch,"{""rate"":0.875522}",136,639379341235154701,virtual:aug_324e1878942e0a1920f9
aug_f97cabab41ae093feea0,rec_63a5ffd4b62830708b3e,/mnt/d/INFANT CRY/data_set_dbl_split/train/burping/4129_M_eh.wav,burping/4129_M_eh.wav,burping,train,3,time_shift,"{""fraction"":0.0706811}",137,3215349941908129631,virtual:aug_f97cabab41ae093feea0
aug_e4048f8d348d17753e2e,rec_06e84e6f511e879851ca,/mnt/d/INFANT CRY/data_set_dbl_split/train/burping/1677_M_eh.wav,burping/1677_M_eh.wav,burping,train,3,gaussian_noise,"{""noise_factor"":0.002698129}",138,3011428460411881405,virtual:aug_e4048f8d348d17753e2e
aug_0fe5a3eb6062fe8e0370,rec_553ed1bbae89167723a4,/mnt/d/INFANT CRY/data_set_dbl_split/train/burping/479_M_eh.wav,burping/479_M_eh.wav,burping,train,3,pitch_shift,"{""steps"":1.801732}",139,17647276524896890298,virtual:aug_0fe5a3eb6062fe8e0370
aug_e8728d94e52a096b9129,rec_d09abe4d0ed175d6bc7b,/mnt/d/INFANT CRY/data_set_dbl_split/train/burping/1404_F_eh.wav,burping/1404_F_eh.wav,burping,train,3,pitch_shift,"{""steps"":-2.127093}",140,13804613385088795918,virtual:aug_e8728d94e52a096b9129
aug_20f2ecf49ff3797b1027,rec_8b1d545801964600f8e5,/mnt/d/INFANT CRY/data_set_dbl_split/train/burping/534_M_eh.wav,burping/534_M_eh.wav,burping,train,3,time_stretch,"{""rate"":1.181221}",141,6725912250183243333,virtual:aug_20f2ecf49ff3797b1027
aug_082182908e222c6fef6e,rec_e64ed0451cdefb147b9a,/mnt/d/INFANT CRY/data_set_dbl_split/train/burping/2458_M_eh.wav,burping/2458_M_eh.wav,burping,train,3,time_stretch,"{""rate"":0.799513}",142,11995898116486469286,virtual:aug_082182908e222c6fef6e
aug_31c26c510e5a5192b91a,rec_8c5fd3a4d20e6ed75f42,/mnt/d/INFANT CRY/data_set_dbl_split/train/burping/2870_F_eh.wav,burping/2870_F_eh.wav,burping,train,3,gaussian_noise,"{""noise_factor"":0.005314138}",143,13744380763656559787,virtual:aug_31c26c510e5a5192b91a
aug_f3dbed90656d8bd20de1,rec_d08ebcb453ffbec561de,/mnt/d/INFANT CRY/data_set_dbl_split/train/burping/1990_M_eh.wav,burping/1990_M_eh.wav,burping,train,3,pitch_shift,"{""steps"":0.860152}",144,17181094542600428642,virtual:aug_f3dbed90656d8bd20de1
aug_1bb8233beeaa725746ea,rec_dc82cc7fca4fce70a058,/mnt/d/INFANT CRY/data_set_dbl_split/train/burping/4894_M_eh.wav,burping/4894_M_eh.wav,burping,train,3,pitch_shift,"{""steps"":-1.126097}",145,4615236477329636680,virtual:aug_1bb8233beeaa725746ea
aug_a81d1eeb2acf25eb4ee6,rec_ff477dacfaa3059546f6,/mnt/d/INFANT CRY/data_set_dbl_split/train/burping/4846_M_eh.wav,burping/4846_M_eh.wav,burping,train,3,time_stretch,"{""rate"":1.094777}",146,12876441919791923597,virtual:aug_a81d1eeb2acf25eb4ee6
aug_08c8848631f483b2ad39,rec_1ce241cf7686f94b3a25,/mnt/d/INFANT CRY/data_set_dbl_split/train/burping/000124_M_eh.wav,burping/000124_M_eh.wav,burping,train,3,time_stretch,"{""rate"":0.886112}",147,8605711028439190173,virtual:aug_08c8848631f483b2ad39
aug_fa9f73abee2831e8bbc3,rec_f270ae8ed465b729fd80,/mnt/d/INFANT CRY/data_set_dbl_split/train/burping/dunstan-eh_18.wav,burping/dunstan-eh_18.wav,burping,train,3,time_shift,"{""fraction"":-0.0783057}",148,821630863001025394,virtual:aug_fa9f73abee2831e8bbc3
aug_2dc23beeba5419054d93,rec_829c72de849282995758,/mnt/d/INFANT CRY/data_set_dbl_split/train/burping/dunstan-eh_68.wav,burping/dunstan-eh_68.wav,burping,train,3,gaussian_noise,"{""noise_factor"":0.002767325}",149,13521819739975860248,virtual:aug_2dc23beeba5419054d93
aug_cd01466d82b3cd9c05f8,rec_c65736eefe0e47e5bb86,/mnt/d/INFANT CRY/data_set_dbl_split/train/burping/1807_M_eh.wav,burping/1807_M_eh.wav,burping,train,3,pitch_shift,"{""steps"":2.058287}",150,14605021948869599769,virtual:aug_cd01466d82b3cd9c05f8
aug_45b06f10919a3527270f,rec_3dff757b4adba1651a52,/mnt/d/INFANT CRY/data_set_dbl_split/train/burping/1280_M_eh.wav,burping/1280_M_eh.wav,burping,train,3,pitch_shift,"{""steps"":-2.066212}",151,14270662799867790255,virtual:aug_45b06f10919a3527270f
aug_11b4641859cac7a58a2c,rec_f2be0c0fdf45d429dfda,/mnt/d/INFANT CRY/data_set_dbl_split/train/burping/3680_M_eh.wav,burping/3680_M_eh.wav,burping,train,3,time_stretch,"{""rate"":1.198443}",152,8975453834372639779,virtual:aug_11b4641859cac7a58a2c
aug_975d62a6d920266d3362,rec_c2ca957db2b55f01ab5b,/mnt/d/INFANT CRY/data_set_dbl_split/train/burping/642_M_eh.wav,burping/642_M_eh.wav,burping,train,3,time_stretch,"{""rate"":0.795513}",153,11927480187447401178,virtual:aug_975d62a6d920266d3362
aug_6fd702b6a1669aef79c5,rec_adbe9b64dc28a2d959a6,/mnt/d/INFANT CRY/data_set_dbl_split/train/burping/2793_M_eh.wav,burping/2793_M_eh.wav,burping,train,3,gaussian_noise,"{""noise_factor"":0.004303211}",154,12304096544682966017,virtual:aug_6fd702b6a1669aef79c5
aug_72241b84f8602fa750ce,rec_d024232db85b2dd5abc3,/mnt/d/INFANT CRY/data_set_dbl_split/train/burping/3773_M_eh.wav,burping/3773_M_eh.wav,burping,train,3,pitch_shift,"{""steps"":1.120125}",155,6016814869091688340,virtual:aug_72241b84f8602fa750ce
aug_925050a72b96ead87acf,rec_7d9becd3a9a4b0da6a50,/mnt/d/INFANT CRY/data_set_dbl_split/train/burping/2117_M_eh.wav,burping/2117_M_eh.wav,burping,train,3,pitch_shift,"{""steps"":-0.930355}",156,3687198664445977945,virtual:aug_925050a72b96ead87acf
aug_3b0c43ba48d1af5c3d84,rec_04d8723e876919f7d0c5,/mnt/d/INFANT CRY/data_set_dbl_split/train/burping/1860_M_eh.wav,burping/1860_M_eh.wav,burping,train,3,time_stretch,"{""rate"":1.110601}",157,10856565310705423558,virtual:aug_3b0c43ba48d1af5c3d84
aug_1da15e347f5f740b98fa,rec_af2b5d80db9b39b769a8,/mnt/d/INFANT CRY/data_set_dbl_split/train/burping/3675_M_eh.wav,burping/3675_M_eh.wav,burping,train,3,time_stretch,"{""rate"":0.907916}",158,5805626539746595089,virtual:aug_1da15e347f5f740b98fa
aug_5f692c56e14ffba712f6,rec_ec599e0cd6f23f0d78c2,/mnt/d/INFANT CRY/data_set_dbl_split/train/burping/3663_F_eh.wav,burping/3663_F_eh.wav,burping,train,3,time_shift,"{""fraction"":0.0292462}",159,10140827505731532444,virtual:aug_5f692c56e14ffba712f6
aug_f298bf44ba645a5acee1,rec_8fa03b0b1122bc99fa71,/mnt/d/INFANT CRY/data_set_dbl_split/train/burping/3335_M_eh.wav,burping/3335_M_eh.wav,burping,train,3,gaussian_noise,"{""noise_factor"":0.002789434}",160,11262314181180744208,virtual:aug_f298bf44ba645a5acee1
aug_839842b2e9c2d0c27fbe,rec_8f1e43e0b3db4c9b7bd1,/mnt/d/INFANT CRY/data_set_dbl_split/train/burping/3009_M_eh.wav,burping/3009_M_eh.wav,burping,train,3,pitch_shift,"{""steps"":2.037125}",161,16663583788451299148,virtual:aug_839842b2e9c2d0c27fbe
aug_ec107c0c6788efbb15a0,rec_3b0dbc0e1235864017ad,/mnt/d/INFANT CRY/data_set_dbl_split/train/burping/3731_M_eh.wav,burping/3731_M_eh.wav,burping,train,3,pitch_shift,"{""steps"":-2.127674}",162,2617510113688249982,virtual:aug_ec107c0c6788efbb15a0
aug_2b7cba12b00b53daf597,rec_fa20854f3b7e4dba152c,/mnt/d/INFANT CRY/data_set_dbl_split/train/burping/2026_M_eh.wav,burping/2026_M_eh.wav,burping,train,3,time_stretch,"{""rate"":1.18733}",163,2514957195493654997,virtual:aug_2b7cba12b00b53daf597
aug_db55462c422e7c8f8845,rec_80aa4905086476d9ee4e,/mnt/d/INFANT CRY/data_set_dbl_split/train/burping/3368_M_eh.wav,burping/3368_M_eh.wav,burping,train,3,time_stretch,"{""rate"":0.797617}",164,2516693689908516758,virtual:aug_db55462c422e7c8f8845
aug_9ce176dadc5a714266ec,rec_9f874a669b1439b8ba43,/mnt/d/INFANT CRY/data_set_dbl_split/train/burping/335_M_eh.wav,burping/335_M_eh.wav,burping,train,3,gaussian_noise,"{""noise_factor"":0.004839264}",165,8475415022828848451,virtual:aug_9ce176dadc5a714266ec
aug_33e98f7fa169ef86d329,rec_d9fc0f1da80ad4b55ac5,/mnt/d/INFANT CRY/data_set_dbl_split/train/burping/2631_M_eh.wav,burping/2631_M_eh.wav,burping,train,3,pitch_shift,"{""steps"":0.839528}",166,5344395869082813408,virtual:aug_33e98f7fa169ef86d329
aug_c3153e5de1004ec344ba,rec_a61b1c034874488205af,/mnt/d/INFANT CRY/data_set_dbl_split/train/burping/801_F_eh.wav,burping/801_F_eh.wav,burping,train,3,pitch_shift,"{""steps"":-0.924388}",167,389086982857173950,virtual:aug_c3153e5de1004ec344ba
aug_9d58b8754864b62c947e,rec_9a232059ad8ce3d58fa8,/mnt/d/INFANT CRY/data_set_dbl_split/train/burping/3429_M_eh.wav,burping/3429_M_eh.wav,burping,train,3,time_stretch,"{""rate"":1.09011}",168,11327967381208525559,virtual:aug_9d58b8754864b62c947e
aug_babb47db41b15a56dbf7,rec_410db454b737f8edd207,/mnt/d/INFANT CRY/data_set_dbl_split/train/burping/dunstan-eh_36.wav,burping/dunstan-eh_36.wav,burping,train,3,time_stretch,"{""rate"":0.904152}",169,14419437050964767886,virtual:aug_babb47db41b15a56dbf7
aug_ff1121e0673a93b7fecd,rec_dcac3876bf6880c602d4,/mnt/d/INFANT CRY/data_set_dbl_split/train/burping/3754_M_eh.wav,burping/3754_M_eh.wav,burping,train,3,time_shift,"{""fraction"":-0.0372431}",170,7898546809739624268,virtual:aug_ff1121e0673a93b7fecd
aug_0eb3ab8681253e1de698,rec_0243d0e4f1276ccf9ce1,/mnt/d/INFANT CRY/data_set_dbl_split/train/burping/4389_F_eh.wav,burping/4389_F_eh.wav,burping,train,3,gaussian_noise,"{""noise_factor"":0.002257483}",171,2084116507549090821,virtual:aug_0eb3ab8681253e1de698
aug_e440cf24f5a28cdfbf48,rec_246e21d1f4b12af163dd,/mnt/d/INFANT CRY/data_set_dbl_split/train/burping/3706_M_eh.wav,burping/3706_M_eh.wav,burping,train,3,pitch_shift,"{""steps"":2.09945}",172,12020895108271065884,virtual:aug_e440cf24f5a28cdfbf48
aug_7688bd9ab1343c23424f,rec_09745ee499f542515c18,/mnt/d/INFANT CRY/data_set_dbl_split/train/burping/223_M_eh.wav,burping/223_M_eh.wav,burping,train,3,pitch_shift,"{""steps"":-2.139101}",173,11358151201335107392,virtual:aug_7688bd9ab1343c23424f
aug_25e22649ec2755e1a9bc,rec_69a30e7d7377d2349a7e,/mnt/d/INFANT CRY/data_set_dbl_split/train/burping/3070_M_eh.wav,burping/3070_M_eh.wav,burping,train,3,time_stretch,"{""rate"":1.202607}",174,5898431032874907375,virtual:aug_25e22649ec2755e1a9bc
aug_cd2e083e2988b861fb0d,rec_8c0c8f04ded4a4ce7a12,/mnt/d/INFANT CRY/data_set_dbl_split/train/burping/1999_M_eh.wav,burping/1999_M_eh.wav,burping,train,3,time_stretch,"{""rate"":0.801749}",175,18202519270914454970,virtual:aug_cd2e083e2988b861fb0d
aug_8d9e25cc6b19697a0e66,rec_4c788d6451459c6d7475,/mnt/d/INFANT CRY/data_set_dbl_split/train/burping/231_M_eh.wav,burping/231_M_eh.wav,burping,train,3,gaussian_noise,"{""noise_factor"":0.004777645}",176,10954419414569359776,virtual:aug_8d9e25cc6b19697a0e66
aug_dd5e7ac5b3f3673c19e3,rec_1ea791cff25abaff0941,/mnt/d/INFANT CRY/data_set_dbl_split/train/burping/2111_M_eh.wav,burping/2111_M_eh.wav,burping,train,3,pitch_shift,"{""steps"":0.81702}",177,11734075082630335710,virtual:aug_dd5e7ac5b3f3673c19e3
aug_b2d8e6c768313f33265b,rec_fbef8f5e2003e3f7e55d,/mnt/d/INFANT CRY/data_set_dbl_split/train/burping/3163_F_eh.wav,burping/3163_F_eh.wav,burping,train,3,pitch_shift,"{""steps"":-0.877707}",178,4501115793716796244,virtual:aug_b2d8e6c768313f33265b
aug_0d96e1ac5d40e398ec67,rec_398f102ae45404e1b33a,/mnt/d/INFANT CRY/data_set_dbl_split/train/burping/3948_M_eh.wav,burping/3948_M_eh.wav,burping,train,3,time_stretch,"{""rate"":1.118337}",179,15781053772352316732,virtual:aug_0d96e1ac5d40e398ec67
aug_03c08599c5213474c34d,rec_b7dc41a5877cdafcdeba,/mnt/d/INFANT CRY/data_set_dbl_split/train/burping/3849_M_eh.wav,burping/3849_M_eh.wav,burping,train,3,time_stretch,"{""rate"":0.881713}",180,3577998021322938793,virtual:aug_03c08599c5213474c34d
aug_10f756499ad744681d89,rec_0c8740c205058cc13c73,/mnt/d/INFANT CRY/data_set_dbl_split/train/burping/4473_M_eh.wav,burping/4473_M_eh.wav,burping,train,3,time_shift,"{""fraction"":0.0565259}",181,7039965499108561545,virtual:aug_10f756499ad744681d89
aug_5e0779fdb25c3cae101b,rec_f563132c4a35d9e664db,/mnt/d/INFANT CRY/data_set_dbl_split/train/burping/3471_M_eh.wav,burping/3471_M_eh.wav,burping,train,3,gaussian_noise,"{""noise_factor"":0.002571549}",182,7070716169821117622,virtual:aug_5e0779fdb25c3cae101b
aug_9a8417a80c7f7adea1f1,rec_85edc8f84763e4037032,/mnt/d/INFANT CRY/data_set_dbl_split/train/burping/1679_F_eh.wav,burping/1679_F_eh.wav,burping,train,3,pitch_shift,"{""steps"":1.850355}",183,18270354907998898761,virtual:aug_9a8417a80c7f7adea1f1
aug_200d4aecffddb8d8d10a,rec_24a396b9d014a05587a9,/mnt/d/INFANT CRY/data_set_dbl_split/train/burping/222_F_eh.wav,burping/222_F_eh.wav,burping,train,3,pitch_shift,"{""steps"":-2.101878}",184,1090884427743773797,virtual:aug_200d4aecffddb8d8d10a
aug_25c15983ad2f40876288,rec_5a2f75276513a19a7ebb,/mnt/d/INFANT CRY/data_set_dbl_split/train/burping/4216_M_eh.wav,burping/4216_M_eh.wav,burping,train,3,time_stretch,"{""rate"":1.192884}",185,9614820016674538640,virtual:aug_25c15983ad2f40876288
aug_b44fcfdc966e722e40eb,rec_6b454294a8664471f946,/mnt/d/INFANT CRY/data_set_dbl_split/train/burping/3153_F_eh.wav,burping/3153_F_eh.wav,burping,train,3,time_stretch,"{""rate"":0.812406}",186,3191627232242896560,virtual:aug_b44fcfdc966e722e40eb
aug_3f54318f11aa8f19a081,rec_6283b5f850c67ab736d9,/mnt/d/INFANT CRY/data_set_dbl_split/train/burping/4480_M_eh.wav,burping/4480_M_eh.wav,burping,train,3,gaussian_noise,"{""noise_factor"":0.004892747}",187,15215621896286990307,virtual:aug_3f54318f11aa8f19a081
aug_d5246fe4f5a8f0529cc8,rec_059855a7dd9bebe2345c,/mnt/d/INFANT CRY/data_set_dbl_split/train/burping/dunstan-eh_42.wav,burping/dunstan-eh_42.wav,burping,train,3,pitch_shift,"{""steps"":0.812387}",188,16202484935840797943,virtual:aug_d5246fe4f5a8f0529cc8
aug_5011de29b37ec11cf969,rec_4bf2222acdcc1b555881,/mnt/d/INFANT CRY/data_set_dbl_split/train/burping/537_M_eh.wav,burping/537_M_eh.wav,burping,train,3,pitch_shift,"{""steps"":-0.954422}",189,15644162931545528534,virtual:aug_5011de29b37ec11cf969
aug_fba32962163d4a3a448d,rec_043172ca45e2593c9187,/mnt/d/INFANT CRY/data_set_dbl_split/train/burping/894_M_eh.wav,burping/894_M_eh.wav,burping,train,3,time_stretch,"{""rate"":1.118273}",190,16626089384705714593,virtual:aug_fba32962163d4a3a448d
aug_54ebba7e39f1ca551cc5,rec_a24e5a4c484b184c3af7,/mnt/d/INFANT CRY/data_set_dbl_split/train/burping/2164_M_eh.wav,burping/2164_M_eh.wav,burping,train,3,time_stretch,"{""rate"":0.878678}",191,17568046755276464052,virtual:aug_54ebba7e39f1ca551cc5
aug_94dac313e3b2573d703c,rec_180d2118e85a66b32a32,/mnt/d/INFANT CRY/data_set_dbl_split/train/burping/805_M_eh.wav,burping/805_M_eh.wav,burping,train,3,time_shift,"{""fraction"":0.0937642}",192,3827061514583688233,virtual:aug_94dac313e3b2573d703c
aug_7bebf27b4ec13b7186c1,rec_b1a98f3097eab9df6ff7,/mnt/d/INFANT CRY/data_set_dbl_split/train/burping/3608_M_eh.wav,burping/3608_M_eh.wav,burping,train,3,gaussian_noise,"{""noise_factor"":0.00214564}",193,9807938428396521883,virtual:aug_7bebf27b4ec13b7186c1
aug_a3d6ad025b19503d49a7,rec_a4ddbf82a26d73b83cc6,/mnt/d/INFANT CRY/data_set_dbl_split/train/burping/dunstan-eh_12.wav,burping/dunstan-eh_12.wav,burping,train,3,pitch_shift,"{""steps"":2.162678}",194,18104905355733447839,virtual:aug_a3d6ad025b19503d49a7
aug_33eea7efd408ae132d78,rec_165d844150d1c38e7964,/mnt/d/INFANT CRY/data_set_dbl_split/train/burping/dunstan-eh_4.wav,burping/dunstan-eh_4.wav,burping,train,3,pitch_shift,"{""steps"":-1.848347}",195,14198411723425869339,virtual:aug_33eea7efd408ae132d78
aug_b317992b8092d41208a1,rec_010c54dba3c33a235f36,/mnt/d/INFANT CRY/data_set_dbl_split/train/burping/dunstan-eh_56.wav,burping/dunstan-eh_56.wav,burping,train,3,time_stretch,"{""rate"":1.207867}",196,12401807228652913611,virtual:aug_b317992b8092d41208a1
aug_0868f9d6958a316c5b26,rec_51b8c1e6675046875e68,/mnt/d/INFANT CRY/data_set_dbl_split/train/burping/3156_F_eh.wav,burping/3156_F_eh.wav,burping,train,3,time_stretch,"{""rate"":0.802306}",197,12331859263619963890,virtual:aug_0868f9d6958a316c5b26
aug_bbdc3b2805cea28b8844,rec_d138f7e7049b5fee47f8,/mnt/d/INFANT CRY/data_set_dbl_split/train/burping/4177_M_eh.wav,burping/4177_M_eh.wav,burping,train,3,gaussian_noise,"{""noise_factor"":0.004271288}",198,377521702296244896,virtual:aug_bbdc3b2805cea28b8844
aug_3424f5e5aa61a8080133,rec_1050c2655280d54aa3a4,/mnt/d/INFANT CRY/data_set_dbl_split/train/burping/225_F_eh.wav,burping/225_F_eh.wav,burping,train,3,pitch_shift,"{""steps"":1.188463}",199,72771650075557471,virtual:aug_3424f5e5aa61a8080133
aug_3a24f42f8b5ffd055d6f,rec_1bbceca863aee49901ac,/mnt/d/INFANT CRY/data_set_dbl_split/train/burping/1661_M_eh.wav,burping/1661_M_eh.wav,burping,train,3,pitch_shift,"{""steps"":-1.132702}",200,10717230206680564161,virtual:aug_3a24f42f8b5ffd055d6f
aug_37c9057f4544a397dcbb,rec_e0bd95966c0c5da7f134,/mnt/d/INFANT CRY/data_set_dbl_split/train/burping/4468_F_eh.wav,burping/4468_F_eh.wav,burping,train,3,time_stretch,"{""rate"":1.086598}",201,11309741175004603801,virtual:aug_37c9057f4544a397dcbb
aug_c08ab1c2208b0f9e547c,rec_f951c9cb890a00ed11b1,/mnt/d/INFANT CRY/data_set_dbl_split/train/burping/383_M_eh.wav,burping/383_M_eh.wav,burping,train,3,time_stretch,"{""rate"":0.918875}",202,3610620289393248494,virtual:aug_c08ab1c2208b0f9e547c
aug_cc24d189616a32fbd559,rec_9bc21230f02ca1056bac,/mnt/d/INFANT CRY/data_set_dbl_split/train/burping/4881_M_eh.wav,burping/4881_M_eh.wav,burping,train,3,time_shift,"{""fraction"":-0.0819692}",203,9366044322573735703,virtual:aug_cc24d189616a32fbd559
aug_b47f284dfd42b126fd3d,rec_88affcb3e287f0433132,/mnt/d/INFANT CRY/data_set_dbl_split/train/burping/1717_F_eh.wav,burping/1717_F_eh.wav,burping,train,3,gaussian_noise,"{""noise_factor"":0.002598687}",204,6698404178227942027,virtual:aug_b47f284dfd42b126fd3d
aug_2dfb9c095e4a3df022d9,rec_27fce64936b1b90d7277,/mnt/d/INFANT CRY/data_set_dbl_split/train/burping/dunstan-eh_57.wav,burping/dunstan-eh_57.wav,burping,train,3,pitch_shift,"{""steps"":2.17658}",205,2641511420945950131,virtual:aug_2dfb9c095e4a3df022d9
aug_85c163282daf3d7d758d,rec_02274f883a160366ffcc,/mnt/d/INFANT CRY/data_set_dbl_split/train/burping/1650_M_eh.wav,burping/1650_M_eh.wav,burping,train,3,pitch_shift,"{""steps"":-2.003227}",206,4893976863642640568,virtual:aug_85c163282daf3d7d758d
aug_dcd393036c74d244b6a8,rec_c6008b28a57b1ad0c4a6,/mnt/d/INFANT CRY/data_set_dbl_split/train/burping/2312_M_eh.wav,burping/2312_M_eh.wav,burping,train,3,time_stretch,"{""rate"":1.188309}",207,83168525401924916,virtual:aug_dcd393036c74d244b6a8
aug_fad1e8e679a1d6b826b1,rec_38acc274e71f1ffa3d26,/mnt/d/INFANT CRY/data_set_dbl_split/train/burping/2083_M_eh.wav,burping/2083_M_eh.wav,burping,train,3,time_stretch,"{""rate"":0.807956}",208,10995495553060282141,virtual:aug_fad1e8e679a1d6b826b1
aug_3ab132a6daf75fd221bc,rec_cbd1060a831248d1b42f,/mnt/d/INFANT CRY/data_set_dbl_split/train/burping/1862_M_eh.wav,burping/1862_M_eh.wav,burping,train,3,gaussian_noise,"{""noise_factor"":0.004863153}",209,6343598669285745236,virtual:aug_3ab132a6daf75fd221bc
aug_fbce54df6188553ce093,rec_eee5eed2ae78b50ca38d,/mnt/d/INFANT CRY/data_set_dbl_split/train/burping/1060_M_eh.wav,burping/1060_M_eh.wav,burping,train,3,pitch_shift,"{""steps"":1.166986}",210,13298539699181405310,virtual:aug_fbce54df6188553ce093
aug_b0854cad1aa39ddf04e1,rec_1b2cfce0d8829eddad7e,/mnt/d/INFANT CRY/data_set_dbl_split/train/burping/1480_F_eh.wav,burping/1480_F_eh.wav,burping,train,3,pitch_shift,"{""steps"":-0.999306}",211,152100353473923607,virtual:aug_b0854cad1aa39ddf04e1
aug_0493a3903367e5d4855a,rec_126e90d799b24e11f498,/mnt/d/INFANT CRY/data_set_dbl_split/train/burping/1891_M_eh.wav,burping/1891_M_eh.wav,burping,train,3,time_stretch,"{""rate"":1.092636}",212,8414741236971175947,virtual:aug_0493a3903367e5d4855a
aug_845897259c5ced4a8d59,rec_02ded2dafd9c65710523,/mnt/d/INFANT CRY/data_set_dbl_split/train/burping/3414_M_eh.wav,burping/3414_M_eh.wav,burping,train,3,time_stretch,"{""rate"":0.908375}",213,12540610653584594467,virtual:aug_845897259c5ced4a8d59
aug_943750a7953d57158246,rec_aef16fe4b73818181ee3,/mnt/d/INFANT CRY/data_set_dbl_split/train/burping/1173_M_eh.wav,burping/1173_M_eh.wav,burping,train,3,time_shift,"{""fraction"":0.0175793}",214,6141234509385021171,virtual:aug_943750a7953d57158246
aug_273f7967e039f8a7dd09,rec_68fb76bcaf4df28e1d35,/mnt/d/INFANT CRY/data_set_dbl_split/train/burping/dunstan-eh_29.wav,burping/dunstan-eh_29.wav,burping,train,3,gaussian_noise,"{""noise_factor"":0.002412701}",215,18029807276497402983,virtual:aug_273f7967e039f8a7dd09
aug_e39daf5c258b04257c27,rec_3c97921405d8a84e3340,/mnt/d/INFANT CRY/data_set_dbl_split/train/burping/109_F_eh.wav,burping/109_F_eh.wav,burping,train,3,pitch_shift,"{""steps"":1.846993}",216,14182066230319021932,virtual:aug_e39daf5c258b04257c27
aug_e2a3e0c8ed42cc9d1a1b,rec_a9a6a0ec78c393f1423a,/mnt/d/INFANT CRY/data_set_dbl_split/train/burping/3987_M_eh.wav,burping/3987_M_eh.wav,burping,train,3,pitch_shift,"{""steps"":-2.0221}",217,3396880956307186869,virtual:aug_e2a3e0c8ed42cc9d1a1b
aug_b2289ef29246b27ce85d,rec_1fa454041cb2b6209768,/mnt/d/INFANT CRY/data_set_dbl_split/train/burping/691_M_eh.wav,burping/691_M_eh.wav,burping,train,3,time_stretch,"{""rate"":1.210548}",218,16223623949665401050,virtual:aug_b2289ef29246b27ce85d
aug_80dee51da157cd45f7f0,rec_c2d0c914aa634399fe02,/mnt/d/INFANT CRY/data_set_dbl_split/train/burping/3681_M_eh.wav,burping/3681_M_eh.wav,burping,train,3,time_stretch,"{""rate"":0.780341}",219,15176394600805494971,virtual:aug_80dee51da157cd45f7f0
aug_829a0183dc5695fc6ee0,rec_fd4381d8731ddf4435b8,/mnt/d/INFANT CRY/data_set_dbl_split/train/burping/dunstan-eh_25.wav,burping/dunstan-eh_25.wav,burping,train,3,gaussian_noise,"{""noise_factor"":0.00556691}",220,1252821006762447488,virtual:aug_829a0183dc5695fc6ee0
aug_53603ed78520ae702c53,rec_e4598b934b1a48c6adb8,/mnt/d/INFANT CRY/data_set_dbl_split/train/burping/4298_F_eh.wav,burping/4298_F_eh.wav,burping,train,3,pitch_shift,"{""steps"":1.151385}",221,3564262362523170151,virtual:aug_53603ed78520ae702c53
aug_1293d26764f92d41f568,rec_259890ff0ea96f64d45f,/mnt/d/INFANT CRY/data_set_dbl_split/train/burping/2265_M_eh.wav,burping/2265_M_eh.wav,burping,train,3,pitch_shift,"{""steps"":-1.115098}",222,9266312731751049318,virtual:aug_1293d26764f92d41f568
aug_4e4768ce47ec81527960,rec_04dc1bc529be34e2194f,/mnt/d/INFANT CRY/data_set_dbl_split/train/burping/3977_F_eh.wav,burping/3977_F_eh.wav,burping,train,3,time_stretch,"{""rate"":1.076142}",223,16607806449639865766,virtual:aug_4e4768ce47ec81527960
aug_597674e7aa69736b52c8,rec_b5c186f6a11ea24233fb,/mnt/d/INFANT CRY/data_set_dbl_split/train/burping/2272_M_eh.wav,burping/2272_M_eh.wav,burping,train,3,time_stretch,"{""rate"":0.914687}",224,16851146282362968280,virtual:aug_597674e7aa69736b52c8
aug_4203925ff16eea94a313,rec_bec84197dab7554371b2,/mnt/d/INFANT CRY/data_set_dbl_split/train/burping/1546_M_eh.wav,burping/1546_M_eh.wav,burping,train,3,time_shift,"{""fraction"":0.0451042}",225,14694875722616176539,virtual:aug_4203925ff16eea94a313
aug_b5f1fc59fcc1c4697e8a,rec_5e12d4152f25c8285f27,/mnt/d/INFANT CRY/data_set_dbl_split/train/burping/000543_M_heh.wav,burping/000543_M_heh.wav,burping,train,3,gaussian_noise,"{""noise_factor"":0.002329326}",226,9566877500818002770,virtual:aug_b5f1fc59fcc1c4697e8a
aug_d4e879b181f85aff128b,rec_28f10489f167e0cf28ed,/mnt/d/INFANT CRY/data_set_dbl_split/train/burping/3269_F_eh.wav,burping/3269_F_eh.wav,burping,train,3,pitch_shift,"{""steps"":1.811961}",227,5013861592938813120,virtual:aug_d4e879b181f85aff128b
aug_661886a2b57e7d086349,rec_9d65a63ce58da021c946,/mnt/d/INFANT CRY/data_set_dbl_split/train/burping/45_M_eh.wav,burping/45_M_eh.wav,burping,train,3,pitch_shift,"{""steps"":-2.069687}",228,212919403653576126,virtual:aug_661886a2b57e7d086349
aug_073bab784eeba503d05f,rec_6bfb452e0fb288f7e4b1,/mnt/d/INFANT CRY/data_set_dbl_split/train/burping/915_F_eh.wav,burping/915_F_eh.wav,burping,train,3,time_stretch,"{""rate"":1.205047}",229,1751014312642618790,virtual:aug_073bab784eeba503d05f
aug_9c6f81f0bd60549790b7,rec_e5053874909e75e7cdae,/mnt/d/INFANT CRY/data_set_dbl_split/train/burping/819_F_eh.wav,burping/819_F_eh.wav,burping,train,3,time_stretch,"{""rate"":0.807818}",230,7460522217218596256,virtual:aug_9c6f81f0bd60549790b7
aug_e53ac9965846ec1b6c92,rec_8b38bc4b5e01d884ed1b,/mnt/d/INFANT CRY/data_set_dbl_split/train/burping/2238_M_eh.wav,burping/2238_M_eh.wav,burping,train,3,gaussian_noise,"{""noise_factor"":0.005070139}",231,2117044252291101610,virtual:aug_e53ac9965846ec1b6c92
aug_2c45075c0dbb27a91eba,rec_e890ba788c3dcf653f72,/mnt/d/INFANT CRY/data_set_dbl_split/train/burping/3429_F_eh.wav,burping/3429_F_eh.wav,burping,train,3,pitch_shift,"{""steps"":1.073059}",232,220501167659100614,virtual:aug_2c45075c0dbb27a91eba
aug_cbdb147806ef91d95002,rec_565dd3342f1ac221607e,/mnt/d/INFANT CRY/data_set_dbl_split/train/burping/392_M_eh.wav,burping/392_M_eh.wav,burping,train,3,pitch_shift,"{""steps"":-0.905037}",233,16122514155060782632,virtual:aug_cbdb147806ef91d95002
aug_8fc223f4f35ce60ae764,rec_fe2bd084cd57ea19b335,/mnt/d/INFANT CRY/data_set_dbl_split/train/burping/1294_F_eh.wav,burping/1294_F_eh.wav,burping,train,3,time_stretch,"{""rate"":1.08637}",234,15126063564957586470,virtual:aug_8fc223f4f35ce60ae764
aug_10d0df3bfc0e6f5218e6,rec_33873b0c0a625be21a8e,/mnt/d/INFANT CRY/data_set_dbl_split/train/burping/4655_M_eh.wav,burping/4655_M_eh.wav,burping,train,3,time_stretch,"{""rate"":0.903318}",235,17873858213416342034,virtual:aug_10d0df3bfc0e6f5218e6
aug_70b326951d156a88684b,rec_9a29e2de6a245ee391e5,/mnt/d/INFANT CRY/data_set_dbl_split/train/burping/1117_M_eh.wav,burping/1117_M_eh.wav,burping,train,3,time_shift,"{""fraction"":0.0643722}",236,8581963165726078017,virtual:aug_70b326951d156a88684b
aug_2db874938bf427a134b5,rec_fef045ea86ed1d26ca57,/mnt/d/INFANT CRY/data_set_dbl_split/train/burping/855_M_eh.wav,burping/855_M_eh.wav,burping,train,3,gaussian_noise,"{""noise_factor"":0.002586699}",237,4257204605853480432,virtual:aug_2db874938bf427a134b5
aug_4eaa2806919958372c5f,rec_10d0435f16610463b458,/mnt/d/INFANT CRY/data_set_dbl_split/train/burping/1280_F_eh.wav,burping/1280_F_eh.wav,burping,train,3,pitch_shift,"{""steps"":2.027111}",238,1300966726471680957,virtual:aug_4eaa2806919958372c5f
aug_cb3d26659702b24828cb,rec_abb08076329044d38a78,/mnt/d/INFANT CRY/data_set_dbl_split/train/burping/1899_M_eh.wav,burping/1899_M_eh.wav,burping,train,3,pitch_shift,"{""steps"":-1.973427}",239,16059323427259646086,virtual:aug_cb3d26659702b24828cb
aug_cbd07cb7475969df8ff7,rec_4f3aebbda6b4c987c96d,/mnt/d/INFANT CRY/data_set_dbl_split/train/burping/4643_M_eh.wav,burping/4643_M_eh.wav,burping,train,3,time_stretch,"{""rate"":1.175957}",240,9997409953432693967,virtual:aug_cbd07cb7475969df8ff7
aug_12dbe6603b3d55903ae9,rec_a0ecc47442b70c870666,/mnt/d/INFANT CRY/data_set_dbl_split/train/burping/1447_M_eh.wav,burping/1447_M_eh.wav,burping,train,3,time_stretch,"{""rate"":0.81289}",241,14706349860317432822,virtual:aug_12dbe6603b3d55903ae9
aug_4718cf2576dcc2e9237e,rec_01751ebd954ebf0cc37a,/mnt/d/INFANT CRY/data_set_dbl_split/train/burping/2911_M_eh.wav,burping/2911_M_eh.wav,burping,train,3,gaussian_noise,"{""noise_factor"":0.004337415}",242,14689839587993714705,virtual:aug_4718cf2576dcc2e9237e
aug_7ac506b203b6f6a2dff2,rec_d88b00f668e179d44ac0,/mnt/d/INFANT CRY/data_set_dbl_split/train/burping/2546_F_eh.wav,burping/2546_F_eh.wav,burping,train,3,pitch_shift,"{""steps"":1.03409}",243,11893783887380561290,virtual:aug_7ac506b203b6f6a2dff2
aug_d3b6f285586efdd59c8a,rec_e4a56aeebd6a02551e95,/mnt/d/INFANT CRY/data_set_dbl_split/train/burping/290_F_eh.wav,burping/290_F_eh.wav,burping,train,3,pitch_shift,"{""steps"":-1.116404}",244,7307549458648942017,virtual:aug_d3b6f285586efdd59c8a
aug_ad3f59781c6584a59505,rec_aa640949ec798068cbcb,/mnt/d/INFANT CRY/data_set_dbl_split/train/burping/1836_M_eh.wav,burping/1836_M_eh.wav,burping,train,3,time_stretch,"{""rate"":1.087206}",245,2327178952411662654,virtual:aug_ad3f59781c6584a59505
aug_815aa8c1dfc7fdfbac1f,rec_f00e486b5bb01e917fd5,/mnt/d/INFANT CRY/data_set_dbl_split/train/burping/2759_M_eh.wav,burping/2759_M_eh.wav,burping,train,3,time_stretch,"{""rate"":0.888271}",246,1087096159058922034,virtual:aug_815aa8c1dfc7fdfbac1f
aug_1b935d7e297b19ea62fb,rec_4a0912eaadfeb8697716,/mnt/d/INFANT CRY/data_set_dbl_split/train/burping/2284_M_eh.wav,burping/2284_M_eh.wav,burping,train,3,time_shift,"{""fraction"":-0.0105649}",247,2962517299547994041,virtual:aug_1b935d7e297b19ea62fb
aug_5c628db62162ad7d6ec5,rec_bdbf83ffad21ba24d2b2,/mnt/d/INFANT CRY/data_set_dbl_split/train/burping/4698_M_eh.wav,burping/4698_M_eh.wav,burping,train,3,gaussian_noise,"{""noise_factor"":0.002436275}",248,15110924914074613365,virtual:aug_5c628db62162ad7d6ec5
aug_1074452426d267e4e259,rec_c7455d306ae46d35e2fd,/mnt/d/INFANT CRY/data_set_dbl_split/train/burping/3192_M_eh.wav,burping/3192_M_eh.wav,burping,train,3,pitch_shift,"{""steps"":2.014582}",249,5212050494633793786,virtual:aug_1074452426d267e4e259
aug_0e3daecd0a4a72308ace,rec_c38fa1511dbf3ebaa184,/mnt/d/INFANT CRY/data_set_dbl_split/train/burping/1869_M_eh.wav,burping/1869_M_eh.wav,burping,train,3,pitch_shift,"{""steps"":-1.944095}",250,2861399748902120636,virtual:aug_0e3daecd0a4a72308ace
aug_6f2313bda1eabfde842d,rec_af793bcc7a84612776fa,/mnt/d/INFANT CRY/data_set_dbl_split/train/burping/3777_M_eh.wav,burping/3777_M_eh.wav,burping,train,3,time_stretch,"{""rate"":1.220381}",251,16891836084241283994,virtual:aug_6f2313bda1eabfde842d
aug_9ee3146ff0dadced531b,rec_647be7ff75e4bcb282e3,/mnt/d/INFANT CRY/data_set_dbl_split/train/burping/2159_M_eh.wav,burping/2159_M_eh.wav,burping,train,3,time_stretch,"{""rate"":0.795909}",252,6936895917499491111,virtual:aug_9ee3146ff0dadced531b
aug_d2251fe128308800013c,rec_7f5f72cffacee5752ddb,/mnt/d/INFANT CRY/data_set_dbl_split/train/burping/3331_M_eh.wav,burping/3331_M_eh.wav,burping,train,3,gaussian_noise,"{""noise_factor"":0.005213947}",253,2549242022526110413,virtual:aug_d2251fe128308800013c
aug_2d7ce3fe2d3824afa5cd,rec_27340d45ad612cfb12c4,/mnt/d/INFANT CRY/data_set_dbl_split/train/burping/2170_M_eh.wav,burping/2170_M_eh.wav,burping,train,3,pitch_shift,"{""steps"":0.903449}",254,16362474190761815764,virtual:aug_2d7ce3fe2d3824afa5cd
aug_6b835cf3cb2b51358d09,rec_296b5aff467704fad7f9,/mnt/d/INFANT CRY/data_set_dbl_split/train/burping/4544_F_eh.wav,burping/4544_F_eh.wav,burping,train,3,pitch_shift,"{""steps"":-1.143447}",255,5875417824955274282,virtual:aug_6b835cf3cb2b51358d09
aug_7849e85d5531dfedb990,rec_583b16956c6c814d67fe,/mnt/d/INFANT CRY/data_set_dbl_split/train/burping/3033_M_eh.wav,burping/3033_M_eh.wav,burping,train,3,time_stretch,"{""rate"":1.098022}",256,5130739207669346360,virtual:aug_7849e85d5531dfedb990
aug_821dd82794bc1ba50d25,rec_162b0019dde6878e5658,/mnt/d/INFANT CRY/data_set_dbl_split/train/burping/2808_M_eh.wav,burping/2808_M_eh.wav,burping,train,3,time_stretch,"{""rate"":0.905438}",257,6170625658486102720,virtual:aug_821dd82794bc1ba50d25
aug_b133bcd84c24297f052f,rec_ae241ae526411ad2be05,/mnt/d/INFANT CRY/data_set_dbl_split/train/burping/3233_M_eh.wav,burping/3233_M_eh.wav,burping,train,3,time_shift,"{""fraction"":-0.074013}",258,15035562597418665531,virtual:aug_b133bcd84c24297f052f
aug_b123656a2f5941341928,rec_858f3231bf9c42fefa83,/mnt/d/INFANT CRY/data_set_dbl_split/train/burping/1882_M_eh.wav,burping/1882_M_eh.wav,burping,train,3,gaussian_noise,"{""noise_factor"":0.002415655}",259,14692670318342841626,virtual:aug_b123656a2f5941341928
aug_33a09bfbd29d7f922e87,rec_9e6e29b19c03296b74f8,/mnt/d/INFANT CRY/data_set_dbl_split/train/burping/2321_M_eh.wav,burping/2321_M_eh.wav,burping,train,3,pitch_shift,"{""steps"":1.971168}",260,10303016437694520422,virtual:aug_33a09bfbd29d7f922e87
aug_364b79771ede30026d04,rec_76c476f521e31ec4c31a,/mnt/d/INFANT CRY/data_set_dbl_split/train/burping/2203_F_eh.wav,burping/2203_F_eh.wav,burping,train,3,pitch_shift,"{""steps"":-2.035949}",261,18085744517080612881,virtual:aug_364b79771ede30026d04
aug_c55dc93fc909e8ece7f5,rec_812a143c52108fd80d82,/mnt/d/INFANT CRY/data_set_dbl_split/train/burping/2106_M_eh.wav,burping/2106_M_eh.wav,burping,train,3,time_stretch,"{""rate"":1.190337}",262,16409943526967012191,virtual:aug_c55dc93fc909e8ece7f5
aug_cd4c06b5163712708143,rec_8fe70388ea5471625aba,/mnt/d/INFANT CRY/data_set_dbl_split/train/burping/2053_M_eh.wav,burping/2053_M_eh.wav,burping,train,3,time_stretch,"{""rate"":0.818271}",263,11286253107769008736,virtual:aug_cd4c06b5163712708143
aug_8759111a7de98b7e91c2,rec_8c0705fd9b6663835196,/mnt/d/INFANT CRY/data_set_dbl_split/train/burping/1501_M_eh.wav,burping/1501_M_eh.wav,burping,train,3,gaussian_noise,"{""noise_factor"":0.004376697}",264,7105670030993220187,virtual:aug_8759111a7de98b7e91c2
aug_849a2fd6388cdd559391,rec_595c7bd988437435705e,/mnt/d/INFANT CRY/data_set_dbl_split/train/burping/3187_M_eh.wav,burping/3187_M_eh.wav,burping,train,3,pitch_shift,"{""steps"":1.145453}",265,11852679504117651291,virtual:aug_849a2fd6388cdd559391
aug_9a89f4ca9206e6bc7595,rec_ce6d33d9d80a390b5de1,/mnt/d/INFANT CRY/data_set_dbl_split/train/burping/4580_M_eh.wav,burping/4580_M_eh.wav,burping,train,3,pitch_shift,"{""steps"":-0.921129}",266,3674280888839183910,virtual:aug_9a89f4ca9206e6bc7595
aug_6eb2c8304e9160cc0922,rec_c1b61b57a04c76f19527,/mnt/d/INFANT CRY/data_set_dbl_split/train/burping/1246_M_eh.wav,burping/1246_M_eh.wav,burping,train,3,time_stretch,"{""rate"":1.105494}",267,9525904551897041517,virtual:aug_6eb2c8304e9160cc0922
aug_fe0563e24bf2718bd0ab,rec_459bb2953e87065146b1,/mnt/d/INFANT CRY/data_set_dbl_split/train/burping/1959_M_eh.wav,burping/1959_M_eh.wav,burping,train,3,time_stretch,"{""rate"":0.918597}",268,4878148402780879905,virtual:aug_fe0563e24bf2718bd0ab
aug_8c9c76d4753fda0691cf,rec_c2521e9b1d58c3fbb0cb,/mnt/d/INFANT CRY/data_set_dbl_split/train/burping/1103_M_eh.wav,burping/1103_M_eh.wav,burping,train,3,time_shift,"{""fraction"":-0.0029706}",269,13517161543483472132,virtual:aug_8c9c76d4753fda0691cf
aug_2e6f1710c5059aa4dd02,rec_0db4402c199757600dc5,/mnt/d/INFANT CRY/data_set_dbl_split/train/burping/dunstan-eh_9.wav,burping/dunstan-eh_9.wav,burping,train,3,gaussian_noise,"{""noise_factor"":0.002152431}",270,15261024432736738705,virtual:aug_2e6f1710c5059aa4dd02
aug_08edbf0e667cae7e3653,rec_ab271c0dd4cc9e6e5493,/mnt/d/INFANT CRY/data_set_dbl_split/train/burping/1189_M_eh.wav,burping/1189_M_eh.wav,burping,train,3,pitch_shift,"{""steps"":2.121778}",271,5654352555190397495,virtual:aug_08edbf0e667cae7e3653
aug_720de7a0e0381782c28d,rec_63a5ffd4b62830708b3e,/mnt/d/INFANT CRY/data_set_dbl_split/train/burping/4129_M_eh.wav,burping/4129_M_eh.wav,burping,train,3,pitch_shift,"{""steps"":-1.829198}",272,16110354937438597527,virtual:aug_720de7a0e0381782c28d
aug_45bfd00bf4a587c56f2b,rec_06e84e6f511e879851ca,/mnt/d/INFANT CRY/data_set_dbl_split/train/burping/1677_M_eh.wav,burping/1677_M_eh.wav,burping,train,3,time_stretch,"{""rate"":1.181887}",273,14050561260793951430,virtual:aug_45bfd00bf4a587c56f2b
aug_ffa6b5a97aa14c80c265,rec_553ed1bbae89167723a4,/mnt/d/INFANT CRY/data_set_dbl_split/train/burping/479_M_eh.wav,burping/479_M_eh.wav,burping,train,3,time_stretch,"{""rate"":0.809758}",274,11973077561063627790,virtual:aug_ffa6b5a97aa14c80c265
aug_3e15d32be2e2b5f7c3ce,rec_d09abe4d0ed175d6bc7b,/mnt/d/INFANT CRY/data_set_dbl_split/train/burping/1404_F_eh.wav,burping/1404_F_eh.wav,burping,train,3,gaussian_noise,"{""noise_factor"":0.005164735}",275,13094458033353245782,virtual:aug_3e15d32be2e2b5f7c3ce
aug_4db47a3de0067a23c6fe,rec_8b1d545801964600f8e5,/mnt/d/INFANT CRY/data_set_dbl_split/train/burping/534_M_eh.wav,burping/534_M_eh.wav,burping,train,3,pitch_shift,"{""steps"":1.180996}",276,3778644177494963203,virtual:aug_4db47a3de0067a23c6fe
aug_ae05d9ace2fa9966b0a4,rec_e64ed0451cdefb147b9a,/mnt/d/INFANT CRY/data_set_dbl_split/train/burping/2458_M_eh.wav,burping/2458_M_eh.wav,burping,train,3,pitch_shift,"{""steps"":-0.95795}",277,10038315275771550573,virtual:aug_ae05d9ace2fa9966b0a4
aug_7c390d2495cfd437fd4a,rec_8c5fd3a4d20e6ed75f42,/mnt/d/INFANT CRY/data_set_dbl_split/train/burping/2870_F_eh.wav,burping/2870_F_eh.wav,burping,train,3,time_stretch,"{""rate"":1.082542}",278,1514664279602306723,virtual:aug_7c390d2495cfd437fd4a
aug_cb5dbae6b610fb1578cb,rec_3ea9d39bb4edc68fdf50,/mnt/d/INFANT CRY/data_set_dbl_split/train/discomfort/3719_M_heh.wav,discomfort/3719_M_heh.wav,discomfort,train,3,gaussian_noise,"{""noise_factor"":0.004700454}",0,17946582478008692121,virtual:aug_cb5dbae6b610fb1578cb
aug_fbb83c53614534f64c89,rec_8531260c58ed47ae96f8,/mnt/d/INFANT CRY/data_set_dbl_split/train/discomfort/2588_F_heh.wav,discomfort/2588_F_heh.wav,discomfort,train,3,pitch_shift,"{""steps"":1.155928}",1,3598658616482339243,virtual:aug_fbb83c53614534f64c89
aug_5146a1d2a0c53295bbf8,rec_823255df478a0f9da394,/mnt/d/INFANT CRY/data_set_dbl_split/train/discomfort/2948_M_heh.wav,discomfort/2948_M_heh.wav,discomfort,train,3,pitch_shift,"{""steps"":-1.071405}",2,6535604422811444095,virtual:aug_5146a1d2a0c53295bbf8
aug_0ec314fce5e1341da005,rec_00aeffb9aa41099dc5e5,/mnt/d/INFANT CRY/data_set_dbl_split/train/discomfort/4084_M_heh.wav,discomfort/4084_M_heh.wav,discomfort,train,3,time_stretch,"{""rate"":1.081872}",3,7979311022418133029,virtual:aug_0ec314fce5e1341da005
aug_5a9b7b38f3f96f045365,rec_02ea82f3316cb050f905,/mnt/d/INFANT CRY/data_set_dbl_split/train/discomfort/1826_F_heh.wav,discomfort/1826_F_heh.wav,discomfort,train,3,time_stretch,"{""rate"":0.904954}",4,14404891432314508049,virtual:aug_5a9b7b38f3f96f045365
aug_b6289d48fb2790a670da,rec_8c9bd93d6cae8287536e,/mnt/d/INFANT CRY/data_set_dbl_split/train/discomfort/2802_M_heh.wav,discomfort/2802_M_heh.wav,discomfort,train,3,time_shift,"{""fraction"":-0.0545836}",5,5877446440484677284,virtual:aug_b6289d48fb2790a670da
aug_9c2bfdffa73982029282,rec_0aa9e91ac3fcb2b11225,/mnt/d/INFANT CRY/data_set_dbl_split/train/discomfort/4177_M_heh.wav,discomfort/4177_M_heh.wav,discomfort,train,3,gaussian_noise,"{""noise_factor"":0.002593947}",6,4121195595238982392,virtual:aug_9c2bfdffa73982029282
aug_fe8a3e1034bc1246119d,rec_cf665a8d5d04d0e150ed,/mnt/d/INFANT CRY/data_set_dbl_split/train/discomfort/3643_M_heh.wav,discomfort/3643_M_heh.wav,discomfort,train,3,pitch_shift,"{""steps"":2.075568}",7,6611180907621428672,virtual:aug_fe8a3e1034bc1246119d
aug_b8429eddd14a9830c064,rec_af6446fc5d9db7acb66b,/mnt/d/INFANT CRY/data_set_dbl_split/train/discomfort/2409_M_heh.wav,discomfort/2409_M_heh.wav,discomfort,train,3,pitch_shift,"{""steps"":-2.182099}",8,11707966840711662152,virtual:aug_b8429eddd14a9830c064
aug_1d1404e80f9ffa12ba13,rec_542e505927d446598565,/mnt/d/INFANT CRY/data_set_dbl_split/train/discomfort/3815_F_heh.wav,discomfort/3815_F_heh.wav,discomfort,train,3,time_stretch,"{""rate"":1.193192}",9,5723221925356875196,virtual:aug_1d1404e80f9ffa12ba13
aug_784c8b8a89e330148665,rec_8e8cba3c6a2d7b965e01,/mnt/d/INFANT CRY/data_set_dbl_split/train/discomfort/4203_M_heh.wav,discomfort/4203_M_heh.wav,discomfort,train,3,time_stretch,"{""rate"":0.805542}",10,5625426768066801471,virtual:aug_784c8b8a89e330148665
aug_88b81d1a5c148d26982e,rec_bb84d05c8dfb27a04662,/mnt/d/INFANT CRY/data_set_dbl_split/train/discomfort/507_M_heh.wav,discomfort/507_M_heh.wav,discomfort,train,3,gaussian_noise,"{""noise_factor"":0.00558508}",11,16909920857935487032,virtual:aug_88b81d1a5c148d26982e
aug_bf64c27e9f8cdf4288e4,rec_2c14edaf86afba716162,/mnt/d/INFANT CRY/data_set_dbl_split/train/discomfort/dunstan-heh_17.wav,discomfort/dunstan-heh_17.wav,discomfort,train,3,pitch_shift,"{""steps"":1.103766}",12,13769788046049863079,virtual:aug_bf64c27e9f8cdf4288e4
aug_0fc300a7e55d92b2ccf7,rec_9362bfdd724c2e4f3f5f,/mnt/d/INFANT CRY/data_set_dbl_split/train/discomfort/dunstan-heh_21.wav,discomfort/dunstan-heh_21.wav,discomfort,train,3,pitch_shift,"{""steps"":-0.820793}",13,8731823767136710460,virtual:aug_0fc300a7e55d92b2ccf7
aug_39edc0cb6692258f203f,rec_09d3a8609a2587658b70,/mnt/d/INFANT CRY/data_set_dbl_split/train/discomfort/4818_M_heh.wav,discomfort/4818_M_heh.wav,discomfort,train,3,time_stretch,"{""rate"":1.095441}",14,7331061094532446129,virtual:aug_39edc0cb6692258f203f
aug_2b4f9f4b1fe7cd306970,rec_428d00d3f563fd3b0b6f,/mnt/d/INFANT CRY/data_set_dbl_split/train/discomfort/dunstan-heh_4.wav,discomfort/dunstan-heh_4.wav,discomfort,train,3,time_stretch,"{""rate"":0.896572}",15,10140215235993675821,virtual:aug_2b4f9f4b1fe7cd306970
aug_64179b80f9f2dc2d3c2b,rec_130b876cf3e8042dbaaf,/mnt/d/INFANT CRY/data_set_dbl_split/train/discomfort/dunstan-heh_5.wav,discomfort/dunstan-heh_5.wav,discomfort,train,3,time_shift,"{""fraction"":0.0128344}",16,14167118225830341040,virtual:aug_64179b80f9f2dc2d3c2b
aug_b6d346b086d403c03fea,rec_0d4c7e9d16ffe8d1bbff,/mnt/d/INFANT CRY/data_set_dbl_split/train/discomfort/3468_F_heh.wav,discomfort/3468_F_heh.wav,discomfort,train,3,gaussian_noise,"{""noise_factor"":0.002658004}",17,2683690021880253584,virtual:aug_b6d346b086d403c03fea
aug_1826feced45378900409,rec_1e1cf13b4d1b84eb706c,/mnt/d/INFANT CRY/data_set_dbl_split/train/discomfort/dunstan-heh_37.wav,discomfort/dunstan-heh_37.wav,discomfort,train,3,pitch_shift,"{""steps"":2.038126}",18,3660804509299714441,virtual:aug_1826feced45378900409
aug_1b13bfb9074a952141cf,rec_128a836f9d7c0c3800f8,/mnt/d/INFANT CRY/data_set_dbl_split/train/discomfort/3009_M_heh.wav,discomfort/3009_M_heh.wav,discomfort,train,3,pitch_shift,"{""steps"":-1.988956}",19,1412549394579918506,virtual:aug_1b13bfb9074a952141cf
aug_9ddf28842b5516c08bf2,rec_c66c61c76109180f4ea4,/mnt/d/INFANT CRY/data_set_dbl_split/train/discomfort/592_M_heh.wav,discomfort/592_M_heh.wav,discomfort,train,3,time_stretch,"{""rate"":1.182882}",20,12118111611673588092,virtual:aug_9ddf28842b5516c08bf2
aug_1226d2c6435923fcdd48,rec_0655eee816f825bf3d59,/mnt/d/INFANT CRY/data_set_dbl_split/train/discomfort/2814_F_heh.wav,discomfort/2814_F_heh.wav,discomfort,train,3,time_stretch,"{""rate"":0.78662}",21,37378992951516965,virtual:aug_1226d2c6435923fcdd48
aug_b9e7c2fb2f7fd44447ed,rec_535c552a0776b718850f,/mnt/d/INFANT CRY/data_set_dbl_split/train/discomfort/1266_M_heh.wav,discomfort/1266_M_heh.wav,discomfort,train,3,gaussian_noise,"{""noise_factor"":0.004958046}",22,9876965180633459575,virtual:aug_b9e7c2fb2f7fd44447ed
aug_1006721d8fea2ca98d60,rec_3f52b4d2fc987b097465,/mnt/d/INFANT CRY/data_set_dbl_split/train/discomfort/362_M_heh.wav,discomfort/362_M_heh.wav,discomfort,train,3,pitch_shift,"{""steps"":1.02471}",23,3589079238333323559,virtual:aug_1006721d8fea2ca98d60
aug_b79f80f74939ab690cb3,rec_f764034287a4370b136d,/mnt/d/INFANT CRY/data_set_dbl_split/train/discomfort/4290_F_heh.wav,discomfort/4290_F_heh.wav,discomfort,train,3,pitch_shift,"{""steps"":-0.99091}",24,773573669626213142,virtual:aug_b79f80f74939ab690cb3
aug_c29aa937a13ed58a3381,rec_43d212cc278f3fa7f39d,/mnt/d/INFANT CRY/data_set_dbl_split/train/discomfort/2128_M_heh.wav,discomfort/2128_M_heh.wav,discomfort,train,3,time_stretch,"{""rate"":1.082804}",25,8131215092506215229,virtual:aug_c29aa937a13ed58a3381
aug_321d51d932885ebf2c9a,rec_8d9f61ce303defbfc361,/mnt/d/INFANT CRY/data_set_dbl_split/train/discomfort/3409_M_heh.wav,discomfort/3409_M_heh.wav,discomfort,train,3,time_stretch,"{""rate"":0.878983}",26,17295579221644816608,virtual:aug_321d51d932885ebf2c9a
aug_f57432acd63de6fe3471,rec_158ce180cdd2526ffa91,/mnt/d/INFANT CRY/data_set_dbl_split/train/discomfort/2895_M_heh.wav,discomfort/2895_M_heh.wav,discomfort,train,3,time_shift,"{""fraction"":-0.0383717}",27,15831516551792161526,virtual:aug_f57432acd63de6fe3471
aug_9caa164f5ef9c3007116,rec_9bd40eced9885796e2fa,/mnt/d/INFANT CRY/data_set_dbl_split/train/discomfort/4424_F_heh.wav,discomfort/4424_F_heh.wav,discomfort,train,3,gaussian_noise,"{""noise_factor"":0.002765436}",28,12992877476350593680,virtual:aug_9caa164f5ef9c3007116
aug_959704d636f892b2fbd3,rec_aeb79fc9b0c45b64f93c,/mnt/d/INFANT CRY/data_set_dbl_split/train/discomfort/4790_M_heh.wav,discomfort/4790_M_heh.wav,discomfort,train,3,pitch_shift,"{""steps"":1.902476}",29,10352927119978793345,virtual:aug_959704d636f892b2fbd3
aug_8d2c77f11d89f39ec842,rec_0added8756718f697995,/mnt/d/INFANT CRY/data_set_dbl_split/train/discomfort/2085_M_heh.wav,discomfort/2085_M_heh.wav,discomfort,train,3,pitch_shift,"{""steps"":-1.991954}",30,12291650426397384193,virtual:aug_8d2c77f11d89f39ec842
aug_d313f8f53d79cba5bb2a,rec_85dab9312e9b8aabaa62,/mnt/d/INFANT CRY/data_set_dbl_split/train/discomfort/4756_F_heh.wav,discomfort/4756_F_heh.wav,discomfort,train,3,time_stretch,"{""rate"":1.179528}",31,5606944678959580540,virtual:aug_d313f8f53d79cba5bb2a
aug_36c7d292ae344d49112e,rec_47ad8a2ec8f931f1904d,/mnt/d/INFANT CRY/data_set_dbl_split/train/discomfort/dunstan-heh_13.wav,discomfort/dunstan-heh_13.wav,discomfort,train,3,time_stretch,"{""rate"":0.816077}",32,220664332292386231,virtual:aug_36c7d292ae344d49112e
aug_d173f96a6d27d6e967bd,rec_324edc9ef55f934ac4b2,/mnt/d/INFANT CRY/data_set_dbl_split/train/discomfort/2431_M_heh.wav,discomfort/2431_M_heh.wav,discomfort,train,3,gaussian_noise,"{""noise_factor"":0.004949643}",33,4214438486308702178,virtual:aug_d173f96a6d27d6e967bd
aug_e44f99825d4f641d465c,rec_6bbd0237afd88cf9b3c1,/mnt/d/INFANT CRY/data_set_dbl_split/train/discomfort/3795_M_heh.wav,discomfort/3795_M_heh.wav,discomfort,train,3,pitch_shift,"{""steps"":0.910034}",34,10052302499806677704,virtual:aug_e44f99825d4f641d465c
aug_330580366580368eec86,rec_c95f02818a4bfa9ef8b9,/mnt/d/INFANT CRY/data_set_dbl_split/train/discomfort/4041_M_heh.wav,discomfort/4041_M_heh.wav,discomfort,train,3,pitch_shift,"{""steps"":-0.971528}",35,4281186443847790597,virtual:aug_330580366580368eec86
aug_d6ff1b377eb6dec0a3b8,rec_f4d972ce5aa401717524,/mnt/d/INFANT CRY/data_set_dbl_split/train/discomfort/dunstan-heh_56.wav,discomfort/dunstan-heh_56.wav,discomfort,train,3,time_stretch,"{""rate"":1.119237}",36,6619725498856625222,virtual:aug_d6ff1b377eb6dec0a3b8
aug_d97652a040e658ac11c8,rec_a6a97d51ada1af8e637e,/mnt/d/INFANT CRY/data_set_dbl_split/train/discomfort/3989_M_heh.wav,discomfort/3989_M_heh.wav,discomfort,train,3,time_stretch,"{""rate"":0.884209}",37,7761792554458028015,virtual:aug_d97652a040e658ac11c8
aug_1d15afdd411f545bb8c7,rec_d252f8e43bac8a94460c,/mnt/d/INFANT CRY/data_set_dbl_split/train/discomfort/1656_M_heh.wav,discomfort/1656_M_heh.wav,discomfort,train,3,time_shift,"{""fraction"":-0.0497232}",38,2095223935668482206,virtual:aug_1d15afdd411f545bb8c7
aug_471b704d883463122fd4,rec_fecba998d290d42023e8,/mnt/d/INFANT CRY/data_set_dbl_split/train/discomfort/2928_M_heh.wav,discomfort/2928_M_heh.wav,discomfort,train,3,gaussian_noise,"{""noise_factor"":0.002234745}",39,4537166384797078433,virtual:aug_471b704d883463122fd4
aug_44df1f5607797f11dd34,rec_170a61ba4bff3a2d5277,/mnt/d/INFANT CRY/data_set_dbl_split/train/discomfort/2526_M_heh.wav,discomfort/2526_M_heh.wav,discomfort,train,3,pitch_shift,"{""steps"":2.035682}",40,15042503557337602854,virtual:aug_44df1f5607797f11dd34
aug_011f504081f461aa9d15,rec_36666c11c2fd31a59262,/mnt/d/INFANT CRY/data_set_dbl_split/train/discomfort/86_F_heh.wav,discomfort/86_F_heh.wav,discomfort,train,3,pitch_shift,"{""steps"":-2.141736}",41,7362420528489331604,virtual:aug_011f504081f461aa9d15
aug_dde85d306ebce93e06ab,rec_6ad89027638c1a776894,/mnt/d/INFANT CRY/data_set_dbl_split/train/discomfort/4228_M_heh.wav,discomfort/4228_M_heh.wav,discomfort,train,3,time_stretch,"{""rate"":1.202399}",42,15170165165823354012,virtual:aug_dde85d306ebce93e06ab
aug_059dcea3d5992104d5b2,rec_6078ad0e8ea8a14799ba,/mnt/d/INFANT CRY/data_set_dbl_split/train/discomfort/4825_M_heh.wav,discomfort/4825_M_heh.wav,discomfort,train,3,time_stretch,"{""rate"":0.799295}",43,8597201357400473454,virtual:aug_059dcea3d5992104d5b2
aug_848013e61161e5f649e9,rec_970de6b0b559a331bcc5,/mnt/d/INFANT CRY/data_set_dbl_split/train/discomfort/4977_M_heh.wav,discomfort/4977_M_heh.wav,discomfort,train,3,gaussian_noise,"{""noise_factor"":0.004335222}",44,11335734457583903320,virtual:aug_848013e61161e5f649e9
aug_c956274f37c65adaa4a5,rec_b68a18d4d619ff02538e,/mnt/d/INFANT CRY/data_set_dbl_split/train/discomfort/1534_M_heh.wav,discomfort/1534_M_heh.wav,discomfort,train,3,pitch_shift,"{""steps"":0.875997}",45,11693871842575531798,virtual:aug_c956274f37c65adaa4a5
aug_d07b02032c69dd1b33eb,rec_6456e2ce88a30a623868,/mnt/d/INFANT CRY/data_set_dbl_split/train/discomfort/dunstan-heh_39.wav,discomfort/dunstan-heh_39.wav,discomfort,train,3,pitch_shift,"{""steps"":-1.062931}",46,2288294100804428009,virtual:aug_d07b02032c69dd1b33eb
aug_fb55da09c8690e81aca1,rec_98b16899c96800087607,/mnt/d/INFANT CRY/data_set_dbl_split/train/discomfort/1231_M_heh.wav,discomfort/1231_M_heh.wav,discomfort,train,3,time_stretch,"{""rate"":1.098361}",47,10497648225850372767,virtual:aug_fb55da09c8690e81aca1
aug_196e89339e54f891967a,rec_333243a7285e8e47127f,/mnt/d/INFANT CRY/data_set_dbl_split/train/discomfort/dunstan-heh_1.wav,discomfort/dunstan-heh_1.wav,discomfort,train,3,time_stretch,"{""rate"":0.879571}",48,14868589978723442489,virtual:aug_196e89339e54f891967a
aug_56e480726ef06168dfd5,rec_60d4a3b0d92ddce6aa04,/mnt/d/INFANT CRY/data_set_dbl_split/train/discomfort/2345_M_heh.wav,discomfort/2345_M_heh.wav,discomfort,train,3,time_shift,"{""fraction"":-0.0802779}",49,10026689786747958904,virtual:aug_56e480726ef06168dfd5
aug_291f853d0b65ea6de874,rec_a6c2687f77e0cf79aef3,/mnt/d/INFANT CRY/data_set_dbl_split/train/discomfort/3175_F_heh.wav,discomfort/3175_F_heh.wav,discomfort,train,3,gaussian_noise,"{""noise_factor"":0.002270387}",50,7252086514489612726,virtual:aug_291f853d0b65ea6de874
aug_45dd9612af246c1571c2,rec_3ceb873c0c1383aaf2d1,/mnt/d/INFANT CRY/data_set_dbl_split/train/discomfort/1860_M_heh.wav,discomfort/1860_M_heh.wav,discomfort,train,3,pitch_shift,"{""steps"":1.953435}",51,12993928161877172627,virtual:aug_45dd9612af246c1571c2
aug_30571dd721f6857b8fef,rec_52da117b101c516c1c42,/mnt/d/INFANT CRY/data_set_dbl_split/train/discomfort/4262_M_heh.wav,discomfort/4262_M_heh.wav,discomfort,train,3,pitch_shift,"{""steps"":-1.805394}",52,17083006755246684663,virtual:aug_30571dd721f6857b8fef
aug_3528fa59d3d9f4b15e98,rec_9185eef7e2aecebfb720,/mnt/d/INFANT CRY/data_set_dbl_split/train/discomfort/735_M_heh.wav,discomfort/735_M_heh.wav,discomfort,train,3,time_stretch,"{""rate"":1.191024}",53,16197724987752810294,virtual:aug_3528fa59d3d9f4b15e98
aug_16bb2cb66b871977c906,rec_122140d62463d7d58e24,/mnt/d/INFANT CRY/data_set_dbl_split/train/discomfort/3369_F_heh.wav,discomfort/3369_F_heh.wav,discomfort,train,3,time_stretch,"{""rate"":0.789252}",54,10414880942776006983,virtual:aug_16bb2cb66b871977c906
aug_501dc91b263a5b80ed3a,rec_7d53ec14d0de07ba9f29,/mnt/d/INFANT CRY/data_set_dbl_split/train/discomfort/3083_M_heh.wav,discomfort/3083_M_heh.wav,discomfort,train,3,gaussian_noise,"{""noise_factor"":0.004867914}",55,16060442043452042128,virtual:aug_501dc91b263a5b80ed3a
aug_bb251d00ea6a649dc90b,rec_d4374ee440aee747b757,/mnt/d/INFANT CRY/data_set_dbl_split/train/discomfort/dunstan-heh_11.wav,discomfort/dunstan-heh_11.wav,discomfort,train,3,pitch_shift,"{""steps"":1.198536}",56,6101125703163204595,virtual:aug_bb251d00ea6a649dc90b
aug_45df4fd92a0bf781f2e5,rec_aafac0f86f7d823eb681,/mnt/d/INFANT CRY/data_set_dbl_split/train/discomfort/2856_M_heh.wav,discomfort/2856_M_heh.wav,discomfort,train,3,pitch_shift,"{""steps"":-1.149464}",57,4141064468150289077,virtual:aug_45df4fd92a0bf781f2e5
aug_c8a4faeb89c90bcb303b,rec_1f3d7360241859021509,/mnt/d/INFANT CRY/data_set_dbl_split/train/discomfort/1192_M_heh.wav,discomfort/1192_M_heh.wav,discomfort,train,3,time_stretch,"{""rate"":1.103286}",58,4568556118096484466,virtual:aug_c8a4faeb89c90bcb303b
aug_1856d864b982493cd6c6,rec_01d818a8f633482ae893,/mnt/d/INFANT CRY/data_set_dbl_split/train/discomfort/2800_M_heh.wav,discomfort/2800_M_heh.wav,discomfort,train,3,time_stretch,"{""rate"":0.87758}",59,5741452120692308688,virtual:aug_1856d864b982493cd6c6
aug_bd3de2999402162578c8,rec_5dd030b8afd73faf7e6d,/mnt/d/INFANT CRY/data_set_dbl_split/train/discomfort/dunstan-heh_48.wav,discomfort/dunstan-heh_48.wav,discomfort,train,3,time_shift,"{""fraction"":-0.0215847}",60,12467739295931009493,virtual:aug_bd3de2999402162578c8
aug_eb20487fd70f3a9bba17,rec_3d99f5ba8607ab46d834,/mnt/d/INFANT CRY/data_set_dbl_split/train/discomfort/dunstan-heh_6.wav,discomfort/dunstan-heh_6.wav,discomfort,train,3,gaussian_noise,"{""noise_factor"":0.002534429}",61,6991393646087931871,virtual:aug_eb20487fd70f3a9bba17
aug_dccf687911bb24d6b1da,rec_c28fa0cb46f2cf6051d8,/mnt/d/INFANT CRY/data_set_dbl_split/train/discomfort/dunstan-heh_18.wav,discomfort/dunstan-heh_18.wav,discomfort,train,3,pitch_shift,"{""steps"":2.09649}",62,3583096796131540860,virtual:aug_dccf687911bb24d6b1da
aug_c0628e7d9112e6775db5,rec_16c3c32dab93b50e898e,/mnt/d/INFANT CRY/data_set_dbl_split/train/discomfort/812_F_heh.wav,discomfort/812_F_heh.wav,discomfort,train,3,pitch_shift,"{""steps"":-1.980646}",63,7420048288626447123,virtual:aug_c0628e7d9112e6775db5
aug_5b5e38bf83924d80b93d,rec_6eb0928d100be618ab76,/mnt/d/INFANT CRY/data_set_dbl_split/train/discomfort/3451_M_heh.wav,discomfort/3451_M_heh.wav,discomfort,train,3,time_stretch,"{""rate"":1.212426}",64,17519839817801647124,virtual:aug_5b5e38bf83924d80b93d
aug_042c6e2aa0d42e69fcd4,rec_76a42152121fc3becc5b,/mnt/d/INFANT CRY/data_set_dbl_split/train/discomfort/3729_M_heh.wav,discomfort/3729_M_heh.wav,discomfort,train,3,time_stretch,"{""rate"":0.817357}",65,11728722970056824099,virtual:aug_042c6e2aa0d42e69fcd4
aug_b0500ccb180b0269f746,rec_371bb1b9e4f734680eb6,/mnt/d/INFANT CRY/data_set_dbl_split/train/discomfort/3298_M_heh.wav,discomfort/3298_M_heh.wav,discomfort,train,3,gaussian_noise,"{""noise_factor"":0.005077905}",66,11330117472611066626,virtual:aug_b0500ccb180b0269f746
aug_2d91162dec476f2dd712,rec_51daa75d6cee602ab3c8,/mnt/d/INFANT CRY/data_set_dbl_split/train/discomfort/dunstan-heh_29.wav,discomfort/dunstan-heh_29.wav,discomfort,train,3,pitch_shift,"{""steps"":0.859195}",67,9411925039126068201,virtual:aug_2d91162dec476f2dd712
aug_fcb73866fb1c903033e9,rec_c30ffcebec910157af48,/mnt/d/INFANT CRY/data_set_dbl_split/train/discomfort/1196_M_heh.wav,discomfort/1196_M_heh.wav,discomfort,train,3,pitch_shift,"{""steps"":-1.018106}",68,4163649418604274097,virtual:aug_fcb73866fb1c903033e9
aug_d6cbc6926c2968a0cf24,rec_6750c27eac310fed8c87,/mnt/d/INFANT CRY/data_set_dbl_split/train/discomfort/203_F_heh.wav,discomfort/203_F_heh.wav,discomfort,train,3,time_stretch,"{""rate"":1.11989}",69,16856118579512515079,virtual:aug_d6cbc6926c2968a0cf24
aug_28fcf9f9c96ed5b8a402,rec_37d2c4c05305ba71470e,/mnt/d/INFANT CRY/data_set_dbl_split/train/discomfort/902_M_heh.wav,discomfort/902_M_heh.wav,discomfort,train,3,time_stretch,"{""rate"":0.912598}",70,4738521914747326544,virtual:aug_28fcf9f9c96ed5b8a402
aug_912fdd68266233f50a8a,rec_f4d28e0fc9542a590b34,/mnt/d/INFANT CRY/data_set_dbl_split/train/discomfort/3844_M_heh.wav,discomfort/3844_M_heh.wav,discomfort,train,3,time_shift,"{""fraction"":-0.0783366}",71,10198848747482705652,virtual:aug_912fdd68266233f50a8a
aug_3e8fb3035efc3b4b9935,rec_c5ca2cddf85a72e0dc56,/mnt/d/INFANT CRY/data_set_dbl_split/train/discomfort/4782_M_heh.wav,discomfort/4782_M_heh.wav,discomfort,train,3,gaussian_noise,"{""noise_factor"":0.002388443}",72,18067764178727056442,virtual:aug_3e8fb3035efc3b4b9935
aug_bfcb96020a01b0251e35,rec_33f6d238ac51ca9e5758,/mnt/d/INFANT CRY/data_set_dbl_split/train/discomfort/3623_F_heh.wav,discomfort/3623_F_heh.wav,discomfort,train,3,pitch_shift,"{""steps"":2.108782}",73,14918038783076089572,virtual:aug_bfcb96020a01b0251e35
aug_081295f1ea0ead2dd153,rec_b4327cfdcef8a6d08926,/mnt/d/INFANT CRY/data_set_dbl_split/train/discomfort/4422_M_heh.wav,discomfort/4422_M_heh.wav,discomfort,train,3,pitch_shift,"{""steps"":-2.134364}",74,17749463131640006764,virtual:aug_081295f1ea0ead2dd153
aug_86b5d3566fe2b5150ecd,rec_3ea9d39bb4edc68fdf50,/mnt/d/INFANT CRY/data_set_dbl_split/train/discomfort/3719_M_heh.wav,discomfort/3719_M_heh.wav,discomfort,train,3,time_stretch,"{""rate"":1.210475}",75,6050858175504182006,virtual:aug_86b5d3566fe2b5150ecd
aug_003a76dbd5f309ba69f5,rec_8531260c58ed47ae96f8,/mnt/d/INFANT CRY/data_set_dbl_split/train/discomfort/2588_F_heh.wav,discomfort/2588_F_heh.wav,discomfort,train,3,time_stretch,"{""rate"":0.808483}",76,9499752853476151908,virtual:aug_003a76dbd5f309ba69f5
aug_d8d3a4d5a17ae9b8699e,rec_823255df478a0f9da394,/mnt/d/INFANT CRY/data_set_dbl_split/train/discomfort/2948_M_heh.wav,discomfort/2948_M_heh.wav,discomfort,train,3,gaussian_noise,"{""noise_factor"":0.005442757}",77,16238685086125671932,virtual:aug_d8d3a4d5a17ae9b8699e
aug_3ea5340514c6330b0129,rec_00aeffb9aa41099dc5e5,/mnt/d/INFANT CRY/data_set_dbl_split/train/discomfort/4084_M_heh.wav,discomfort/4084_M_heh.wav,discomfort,train,3,pitch_shift,"{""steps"":1.072927}",78,5638226097842137198,virtual:aug_3ea5340514c6330b0129
aug_7be8be85c523aa1739d0,rec_02ea82f3316cb050f905,/mnt/d/INFANT CRY/data_set_dbl_split/train/discomfort/1826_F_heh.wav,discomfort/1826_F_heh.wav,discomfort,train,3,pitch_shift,"{""steps"":-1.075265}",79,711861359140888443,virtual:aug_7be8be85c523aa1739d0
aug_1c155a9060306194694b,rec_8c9bd93d6cae8287536e,/mnt/d/INFANT CRY/data_set_dbl_split/train/discomfort/2802_M_heh.wav,discomfort/2802_M_heh.wav,discomfort,train,3,time_stretch,"{""rate"":1.123229}",80,5006503593053896467,virtual:aug_1c155a9060306194694b
aug_98af5d774849d697dbfd,rec_0aa9e91ac3fcb2b11225,/mnt/d/INFANT CRY/data_set_dbl_split/train/discomfort/4177_M_heh.wav,discomfort/4177_M_heh.wav,discomfort,train,3,time_stretch,"{""rate"":0.912487}",81,10237759718143856968,virtual:aug_98af5d774849d697dbfd
aug_1a087ec8379ed6561e2e,rec_cf665a8d5d04d0e150ed,/mnt/d/INFANT CRY/data_set_dbl_split/train/discomfort/3643_M_heh.wav,discomfort/3643_M_heh.wav,discomfort,train,3,time_shift,"{""fraction"":-0.0372594}",82,3622484307032162770,virtual:aug_1a087ec8379ed6561e2e
aug_99eacd6ec52d60174841,rec_af6446fc5d9db7acb66b,/mnt/d/INFANT CRY/data_set_dbl_split/train/discomfort/2409_M_heh.wav,discomfort/2409_M_heh.wav,discomfort,train,3,gaussian_noise,"{""noise_factor"":0.002727404}",83,17836559334551729152,virtual:aug_99eacd6ec52d60174841
aug_43c13bb03944386fbf0a,rec_542e505927d446598565,/mnt/d/INFANT CRY/data_set_dbl_split/train/discomfort/3815_F_heh.wav,discomfort/3815_F_heh.wav,discomfort,train,3,pitch_shift,"{""steps"":2.073882}",84,10749388231404391182,virtual:aug_43c13bb03944386fbf0a
aug_1434a45c86259e91b9dd,rec_8e8cba3c6a2d7b965e01,/mnt/d/INFANT CRY/data_set_dbl_split/train/discomfort/4203_M_heh.wav,discomfort/4203_M_heh.wav,discomfort,train,3,pitch_shift,"{""steps"":-2.166795}",85,5814583036824585983,virtual:aug_1434a45c86259e91b9dd
aug_572429bf504ccd41ea1f,rec_bb84d05c8dfb27a04662,/mnt/d/INFANT CRY/data_set_dbl_split/train/discomfort/507_M_heh.wav,discomfort/507_M_heh.wav,discomfort,train,3,time_stretch,"{""rate"":1.178168}",86,3948901104320994735,virtual:aug_572429bf504ccd41ea1f
aug_39c80145897aeb4a1495,rec_2c14edaf86afba716162,/mnt/d/INFANT CRY/data_set_dbl_split/train/discomfort/dunstan-heh_17.wav,discomfort/dunstan-heh_17.wav,discomfort,train,3,time_stretch,"{""rate"":0.779983}",87,2502847094477267653,virtual:aug_39c80145897aeb4a1495
aug_be2e2c14c2b161b23b23,rec_9362bfdd724c2e4f3f5f,/mnt/d/INFANT CRY/data_set_dbl_split/train/discomfort/dunstan-heh_21.wav,discomfort/dunstan-heh_21.wav,discomfort,train,3,gaussian_noise,"{""noise_factor"":0.005251364}",88,9328585789089796607,virtual:aug_be2e2c14c2b161b23b23
aug_d97336448e6eb40eb698,rec_09d3a8609a2587658b70,/mnt/d/INFANT CRY/data_set_dbl_split/train/discomfort/4818_M_heh.wav,discomfort/4818_M_heh.wav,discomfort,train,3,pitch_shift,"{""steps"":1.052823}",89,10952371097901296270,virtual:aug_d97336448e6eb40eb698
aug_919b7c909ac934edfa74,rec_428d00d3f563fd3b0b6f,/mnt/d/INFANT CRY/data_set_dbl_split/train/discomfort/dunstan-heh_4.wav,discomfort/dunstan-heh_4.wav,discomfort,train,3,pitch_shift,"{""steps"":-0.989045}",90,11601911414223750382,virtual:aug_919b7c909ac934edfa74
aug_d2f432141c418626523c,rec_130b876cf3e8042dbaaf,/mnt/d/INFANT CRY/data_set_dbl_split/train/discomfort/dunstan-heh_5.wav,discomfort/dunstan-heh_5.wav,discomfort,train,3,time_stretch,"{""rate"":1.115689}",91,4625664161376045806,virtual:aug_d2f432141c418626523c
aug_aab4fc9f4703eedf4114,rec_0d4c7e9d16ffe8d1bbff,/mnt/d/INFANT CRY/data_set_dbl_split/train/discomfort/3468_F_heh.wav,discomfort/3468_F_heh.wav,discomfort,train,3,time_stretch,"{""rate"":0.896409}",92,2162070762155298728,virtual:aug_aab4fc9f4703eedf4114
aug_436d24c12b54c9a3c4ce,rec_1e1cf13b4d1b84eb706c,/mnt/d/INFANT CRY/data_set_dbl_split/train/discomfort/dunstan-heh_37.wav,discomfort/dunstan-heh_37.wav,discomfort,train,3,time_shift,"{""fraction"":-0.0720668}",93,12384894104949349178,virtual:aug_436d24c12b54c9a3c4ce
aug_4338ce1842705cba617d,rec_128a836f9d7c0c3800f8,/mnt/d/INFANT CRY/data_set_dbl_split/train/discomfort/3009_M_heh.wav,discomfort/3009_M_heh.wav,discomfort,train,3,gaussian_noise,"{""noise_factor"":0.002318361}",94,2009027371966183413,virtual:aug_4338ce1842705cba617d
aug_f2a2a82c1735a1964950,rec_c66c61c76109180f4ea4,/mnt/d/INFANT CRY/data_set_dbl_split/train/discomfort/592_M_heh.wav,discomfort/592_M_heh.wav,discomfort,train,3,pitch_shift,"{""steps"":2.076658}",95,7643862470783837633,virtual:aug_f2a2a82c1735a1964950
aug_b0bf4dd38f0677a3db26,rec_0655eee816f825bf3d59,/mnt/d/INFANT CRY/data_set_dbl_split/train/discomfort/2814_F_heh.wav,discomfort/2814_F_heh.wav,discomfort,train,3,pitch_shift,"{""steps"":-1.966095}",96,3939978840736811281,virtual:aug_b0bf4dd38f0677a3db26
aug_36efcc4b0a6a39a3b61e,rec_535c552a0776b718850f,/mnt/d/INFANT CRY/data_set_dbl_split/train/discomfort/1266_M_heh.wav,discomfort/1266_M_heh.wav,discomfort,train,3,time_stretch,"{""rate"":1.180221}",97,11130053596813566057,virtual:aug_36efcc4b0a6a39a3b61e
aug_aef94c71dd6675706ff8,rec_3f52b4d2fc987b097465,/mnt/d/INFANT CRY/data_set_dbl_split/train/discomfort/362_M_heh.wav,discomfort/362_M_heh.wav,discomfort,train,3,time_stretch,"{""rate"":0.802408}",98,6846111773506197483,virtual:aug_aef94c71dd6675706ff8
aug_2c9376e8cb139d48f6c2,rec_f764034287a4370b136d,/mnt/d/INFANT CRY/data_set_dbl_split/train/discomfort/4290_F_heh.wav,discomfort/4290_F_heh.wav,discomfort,train,3,gaussian_noise,"{""noise_factor"":0.005157778}",99,16586936222909296268,virtual:aug_2c9376e8cb139d48f6c2
aug_139bd8d1f81929603374,rec_43d212cc278f3fa7f39d,/mnt/d/INFANT CRY/data_set_dbl_split/train/discomfort/2128_M_heh.wav,discomfort/2128_M_heh.wav,discomfort,train,3,pitch_shift,"{""steps"":1.144975}",100,6652258068785457815,virtual:aug_139bd8d1f81929603374
aug_97b103462b698545ba19,rec_8d9f61ce303defbfc361,/mnt/d/INFANT CRY/data_set_dbl_split/train/discomfort/3409_M_heh.wav,discomfort/3409_M_heh.wav,discomfort,train,3,pitch_shift,"{""steps"":-0.993295}",101,6447284517854847866,virtual:aug_97b103462b698545ba19
aug_938468777225f084fe67,rec_158ce180cdd2526ffa91,/mnt/d/INFANT CRY/data_set_dbl_split/train/discomfort/2895_M_heh.wav,discomfort/2895_M_heh.wav,discomfort,train,3,time_stretch,"{""rate"":1.093303}",102,2475783991982460172,virtual:aug_938468777225f084fe67
aug_b220ca5cde4b75738299,rec_9bd40eced9885796e2fa,/mnt/d/INFANT CRY/data_set_dbl_split/train/discomfort/4424_F_heh.wav,discomfort/4424_F_heh.wav,discomfort,train,3,time_stretch,"{""rate"":0.92302}",103,14101993611315370784,virtual:aug_b220ca5cde4b75738299
aug_c06ea35007d7e2e10f53,rec_aeb79fc9b0c45b64f93c,/mnt/d/INFANT CRY/data_set_dbl_split/train/discomfort/4790_M_heh.wav,discomfort/4790_M_heh.wav,discomfort,train,3,time_shift,"{""fraction"":-0.0209343}",104,12561102609629492692,virtual:aug_c06ea35007d7e2e10f53
aug_ab8cf6c3e1053b447b91,rec_0added8756718f697995,/mnt/d/INFANT CRY/data_set_dbl_split/train/discomfort/2085_M_heh.wav,discomfort/2085_M_heh.wav,discomfort,train,3,gaussian_noise,"{""noise_factor"":0.00221444}",105,13795692749361500215,virtual:aug_ab8cf6c3e1053b447b91
aug_0bdaf423d50d4cda9947,rec_85dab9312e9b8aabaa62,/mnt/d/INFANT CRY/data_set_dbl_split/train/discomfort/4756_F_heh.wav,discomfort/4756_F_heh.wav,discomfort,train,3,pitch_shift,"{""steps"":2.167421}",106,3730823281613119706,virtual:aug_0bdaf423d50d4cda9947
aug_e01ac623b4bbd5286dfe,rec_47ad8a2ec8f931f1904d,/mnt/d/INFANT CRY/data_set_dbl_split/train/discomfort/dunstan-heh_13.wav,discomfort/dunstan-heh_13.wav,discomfort,train,3,pitch_shift,"{""steps"":-2.075271}",107,16381689140735107661,virtual:aug_e01ac623b4bbd5286dfe
aug_47831c9a9f83f61623ef,rec_324edc9ef55f934ac4b2,/mnt/d/INFANT CRY/data_set_dbl_split/train/discomfort/2431_M_heh.wav,discomfort/2431_M_heh.wav,discomfort,train,3,time_stretch,"{""rate"":1.180536}",108,13253604968096999100,virtual:aug_47831c9a9f83f61623ef
aug_c92825bc4542c4d515aa,rec_6bbd0237afd88cf9b3c1,/mnt/d/INFANT CRY/data_set_dbl_split/train/discomfort/3795_M_heh.wav,discomfort/3795_M_heh.wav,discomfort,train,3,time_stretch,"{""rate"":0.791603}",109,10788013137270829811,virtual:aug_c92825bc4542c4d515aa
aug_825fe3f94ff35dbaed47,rec_c95f02818a4bfa9ef8b9,/mnt/d/INFANT CRY/data_set_dbl_split/train/discomfort/4041_M_heh.wav,discomfort/4041_M_heh.wav,discomfort,train,3,gaussian_noise,"{""noise_factor"":0.005417575}",110,6571616630695368745,virtual:aug_825fe3f94ff35dbaed47
aug_da30671ea2f6a3faca19,rec_f4d972ce5aa401717524,/mnt/d/INFANT CRY/data_set_dbl_split/train/discomfort/dunstan-heh_56.wav,discomfort/dunstan-heh_56.wav,discomfort,train,3,pitch_shift,"{""steps"":1.049805}",111,1614365254821085499,virtual:aug_da30671ea2f6a3faca19
aug_07a77e22401ca162e926,rec_a6a97d51ada1af8e637e,/mnt/d/INFANT CRY/data_set_dbl_split/train/discomfort/3989_M_heh.wav,discomfort/3989_M_heh.wav,discomfort,train,3,pitch_shift,"{""steps"":-1.081017}",112,2489961239554074348,virtual:aug_07a77e22401ca162e926
aug_32c294e0dbcadf1e82df,rec_d252f8e43bac8a94460c,/mnt/d/INFANT CRY/data_set_dbl_split/train/discomfort/1656_M_heh.wav,discomfort/1656_M_heh.wav,discomfort,train,3,time_stretch,"{""rate"":1.119418}",113,10066812739828459808,virtual:aug_32c294e0dbcadf1e82df
aug_a9cc197becf23044fb7a,rec_fecba998d290d42023e8,/mnt/d/INFANT CRY/data_set_dbl_split/train/discomfort/2928_M_heh.wav,discomfort/2928_M_heh.wav,discomfort,train,3,time_stretch,"{""rate"":0.887741}",114,9113513466484407696,virtual:aug_a9cc197becf23044fb7a
aug_5aaa53b334dd0b3bf8a0,rec_170a61ba4bff3a2d5277,/mnt/d/INFANT CRY/data_set_dbl_split/train/discomfort/2526_M_heh.wav,discomfort/2526_M_heh.wav,discomfort,train,3,time_shift,"{""fraction"":-0.0049795}",115,5967565789554863486,virtual:aug_5aaa53b334dd0b3bf8a0
aug_ede4808d9c35490086e4,rec_36666c11c2fd31a59262,/mnt/d/INFANT CRY/data_set_dbl_split/train/discomfort/86_F_heh.wav,discomfort/86_F_heh.wav,discomfort,train,3,gaussian_noise,"{""noise_factor"":0.002719225}",116,17601486658872785149,virtual:aug_ede4808d9c35490086e4
aug_1881509a54ccf2e17258,rec_6ad89027638c1a776894,/mnt/d/INFANT CRY/data_set_dbl_split/train/discomfort/4228_M_heh.wav,discomfort/4228_M_heh.wav,discomfort,train,3,pitch_shift,"{""steps"":1.943827}",117,13605446556296783052,virtual:aug_1881509a54ccf2e17258
aug_32271819de1d80ef04f5,rec_6078ad0e8ea8a14799ba,/mnt/d/INFANT CRY/data_set_dbl_split/train/discomfort/4825_M_heh.wav,discomfort/4825_M_heh.wav,discomfort,train,3,pitch_shift,"{""steps"":-1.878516}",118,3378660066037800851,virtual:aug_32271819de1d80ef04f5
aug_19837393aa4142a05c28,rec_970de6b0b559a331bcc5,/mnt/d/INFANT CRY/data_set_dbl_split/train/discomfort/4977_M_heh.wav,discomfort/4977_M_heh.wav,discomfort,train,3,time_stretch,"{""rate"":1.218996}",119,17578286738789445269,virtual:aug_19837393aa4142a05c28
aug_bde72f02ed88aac01a75,rec_b68a18d4d619ff02538e,/mnt/d/INFANT CRY/data_set_dbl_split/train/discomfort/1534_M_heh.wav,discomfort/1534_M_heh.wav,discomfort,train,3,time_stretch,"{""rate"":0.810791}",120,13257536118349228879,virtual:aug_bde72f02ed88aac01a75
aug_55d8066e0ac4d4249971,rec_6456e2ce88a30a623868,/mnt/d/INFANT CRY/data_set_dbl_split/train/discomfort/dunstan-heh_39.wav,discomfort/dunstan-heh_39.wav,discomfort,train,3,gaussian_noise,"{""noise_factor"":0.005361389}",121,11218651995285703591,virtual:aug_55d8066e0ac4d4249971
aug_210fcc98f16d5a9e2efa,rec_98b16899c96800087607,/mnt/d/INFANT CRY/data_set_dbl_split/train/discomfort/1231_M_heh.wav,discomfort/1231_M_heh.wav,discomfort,train,3,pitch_shift,"{""steps"":1.027781}",122,1432459072683289055,virtual:aug_210fcc98f16d5a9e2efa
aug_45372394e13174cdeb6e,rec_333243a7285e8e47127f,/mnt/d/INFANT CRY/data_set_dbl_split/train/discomfort/dunstan-heh_1.wav,discomfort/dunstan-heh_1.wav,discomfort,train,3,pitch_shift,"{""steps"":-1.043616}",123,16690764037530582318,virtual:aug_45372394e13174cdeb6e
aug_5d702936727f9112b6e7,rec_60d4a3b0d92ddce6aa04,/mnt/d/INFANT CRY/data_set_dbl_split/train/discomfort/2345_M_heh.wav,discomfort/2345_M_heh.wav,discomfort,train,3,time_stretch,"{""rate"":1.112777}",124,14788145178781934474,virtual:aug_5d702936727f9112b6e7
aug_51f112a6ef193956fb8c,rec_a6c2687f77e0cf79aef3,/mnt/d/INFANT CRY/data_set_dbl_split/train/discomfort/3175_F_heh.wav,discomfort/3175_F_heh.wav,discomfort,train,3,time_stretch,"{""rate"":0.897051}",125,7195401455077448936,virtual:aug_51f112a6ef193956fb8c
aug_0104c7b47746a49ebc36,rec_3ceb873c0c1383aaf2d1,/mnt/d/INFANT CRY/data_set_dbl_split/train/discomfort/1860_M_heh.wav,discomfort/1860_M_heh.wav,discomfort,train,3,time_shift,"{""fraction"":-0.0737098}",126,10840334149349119320,virtual:aug_0104c7b47746a49ebc36
aug_0fefbb2f6abc9f84d01a,rec_52da117b101c516c1c42,/mnt/d/INFANT CRY/data_set_dbl_split/train/discomfort/4262_M_heh.wav,discomfort/4262_M_heh.wav,discomfort,train,3,gaussian_noise,"{""noise_factor"":0.002849805}",127,15901222815627783371,virtual:aug_0fefbb2f6abc9f84d01a
aug_9846847f96e8e84a52d4,rec_9185eef7e2aecebfb720,/mnt/d/INFANT CRY/data_set_dbl_split/train/discomfort/735_M_heh.wav,discomfort/735_M_heh.wav,discomfort,train,3,pitch_shift,"{""steps"":2.152852}",128,541767113045027869,virtual:aug_9846847f96e8e84a52d4
aug_a1b90c1537ada5d1ad72,rec_122140d62463d7d58e24,/mnt/d/INFANT CRY/data_set_dbl_split/train/discomfort/3369_F_heh.wav,discomfort/3369_F_heh.wav,discomfort,train,3,pitch_shift,"{""steps"":-2.139817}",129,17176153695787836119,virtual:aug_a1b90c1537ada5d1ad72
aug_10ea1b925a3c3468f1fb,rec_7d53ec14d0de07ba9f29,/mnt/d/INFANT CRY/data_set_dbl_split/train/discomfort/3083_M_heh.wav,discomfort/3083_M_heh.wav,discomfort,train,3,time_stretch,"{""rate"":1.196337}",130,10437716535627126611,virtual:aug_10ea1b925a3c3468f1fb
aug_5e3212696de88f53ec4d,rec_d4374ee440aee747b757,/mnt/d/INFANT CRY/data_set_dbl_split/train/discomfort/dunstan-heh_11.wav,discomfort/dunstan-heh_11.wav,discomfort,train,3,time_stretch,"{""rate"":0.819667}",131,891288214284935546,virtual:aug_5e3212696de88f53ec4d
aug_47061a45ee5bb6148bbf,rec_aafac0f86f7d823eb681,/mnt/d/INFANT CRY/data_set_dbl_split/train/discomfort/2856_M_heh.wav,discomfort/2856_M_heh.wav,discomfort,train,3,gaussian_noise,"{""noise_factor"":0.005386025}",132,12650254839411830580,virtual:aug_47061a45ee5bb6148bbf
aug_4a68e486896226a4807a,rec_1f3d7360241859021509,/mnt/d/INFANT CRY/data_set_dbl_split/train/discomfort/1192_M_heh.wav,discomfort/1192_M_heh.wav,discomfort,train,3,pitch_shift,"{""steps"":1.092613}",133,11704655318850655461,virtual:aug_4a68e486896226a4807a
aug_d8c47ed4a56251326d22,rec_01d818a8f633482ae893,/mnt/d/INFANT CRY/data_set_dbl_split/train/discomfort/2800_M_heh.wav,discomfort/2800_M_heh.wav,discomfort,train,3,pitch_shift,"{""steps"":-1.110444}",134,14767498046536824541,virtual:aug_d8c47ed4a56251326d22
aug_f8b788b0129c8972b6ed,rec_5dd030b8afd73faf7e6d,/mnt/d/INFANT CRY/data_set_dbl_split/train/discomfort/dunstan-heh_48.wav,discomfort/dunstan-heh_48.wav,discomfort,train,3,time_stretch,"{""rate"":1.118368}",135,5153410831150413415,virtual:aug_f8b788b0129c8972b6ed
aug_6f1816369c81b1693fbc,rec_3d99f5ba8607ab46d834,/mnt/d/INFANT CRY/data_set_dbl_split/train/discomfort/dunstan-heh_6.wav,discomfort/dunstan-heh_6.wav,discomfort,train,3,time_stretch,"{""rate"":0.912962}",136,7439125039269878734,virtual:aug_6f1816369c81b1693fbc
aug_7da00adc272ca0f8642a,rec_c28fa0cb46f2cf6051d8,/mnt/d/INFANT CRY/data_set_dbl_split/train/discomfort/dunstan-heh_18.wav,discomfort/dunstan-heh_18.wav,discomfort,train,3,time_shift,"{""fraction"":-0.0823383}",137,12772369810051273357,virtual:aug_7da00adc272ca0f8642a
aug_6efeff6e4a124d8dfbf1,rec_16c3c32dab93b50e898e,/mnt/d/INFANT CRY/data_set_dbl_split/train/discomfort/812_F_heh.wav,discomfort/812_F_heh.wav,discomfort,train,3,gaussian_noise,"{""noise_factor"":0.002421074}",138,5262082417686295464,virtual:aug_6efeff6e4a124d8dfbf1
aug_3f7408e9e7f3b21ee7de,rec_6eb0928d100be618ab76,/mnt/d/INFANT CRY/data_set_dbl_split/train/discomfort/3451_M_heh.wav,discomfort/3451_M_heh.wav,discomfort,train,3,pitch_shift,"{""steps"":2.169449}",139,17377372321484399138,virtual:aug_3f7408e9e7f3b21ee7de
aug_81292eb4d2a3b51f3826,rec_76a42152121fc3becc5b,/mnt/d/INFANT CRY/data_set_dbl_split/train/discomfort/3729_M_heh.wav,discomfort/3729_M_heh.wav,discomfort,train,3,pitch_shift,"{""steps"":-2.164389}",140,17154878385647289037,virtual:aug_81292eb4d2a3b51f3826
aug_f0efbfb19dd4bd11a445,rec_371bb1b9e4f734680eb6,/mnt/d/INFANT CRY/data_set_dbl_split/train/discomfort/3298_M_heh.wav,discomfort/3298_M_heh.wav,discomfort,train,3,time_stretch,"{""rate"":1.19126}",141,6107732718775080327,virtual:aug_f0efbfb19dd4bd11a445
aug_c48c797e932bd01c687a,rec_51daa75d6cee602ab3c8,/mnt/d/INFANT CRY/data_set_dbl_split/train/discomfort/dunstan-heh_29.wav,discomfort/dunstan-heh_29.wav,discomfort,train,3,time_stretch,"{""rate"":0.820993}",142,10707256437984637608,virtual:aug_c48c797e932bd01c687a
aug_a036c3100cb344d689a5,rec_c30ffcebec910157af48,/mnt/d/INFANT CRY/data_set_dbl_split/train/discomfort/1196_M_heh.wav,discomfort/1196_M_heh.wav,discomfort,train,3,gaussian_noise,"{""noise_factor"":0.004972791}",143,14609428881444011261,virtual:aug_a036c3100cb344d689a5
aug_b4ddd84c0db041256206,rec_6750c27eac310fed8c87,/mnt/d/INFANT CRY/data_set_dbl_split/train/discomfort/203_F_heh.wav,discomfort/203_F_heh.wav,discomfort,train,3,pitch_shift,"{""steps"":1.009028}",144,17380377997548371735,virtual:aug_b4ddd84c0db041256206
aug_3064d94ee7566a9d498c,rec_37d2c4c05305ba71470e,/mnt/d/INFANT CRY/data_set_dbl_split/train/discomfort/902_M_heh.wav,discomfort/902_M_heh.wav,discomfort,train,3,pitch_shift,"{""steps"":-1.17766}",145,1886389363870976158,virtual:aug_3064d94ee7566a9d498c
aug_b5063600a6dc2331d3c3,rec_f4d28e0fc9542a590b34,/mnt/d/INFANT CRY/data_set_dbl_split/train/discomfort/3844_M_heh.wav,discomfort/3844_M_heh.wav,discomfort,train,3,time_stretch,"{""rate"":1.077751}",146,2437689645606730366,virtual:aug_b5063600a6dc2331d3c3
aug_db43ebc9b5588342ba23,rec_c5ca2cddf85a72e0dc56,/mnt/d/INFANT CRY/data_set_dbl_split/train/discomfort/4782_M_heh.wav,discomfort/4782_M_heh.wav,discomfort,train,3,time_stretch,"{""rate"":0.901779}",147,2532329497306278005,virtual:aug_db43ebc9b5588342ba23
aug_a85cac11f4806701c3ee,rec_33f6d238ac51ca9e5758,/mnt/d/INFANT CRY/data_set_dbl_split/train/discomfort/3623_F_heh.wav,discomfort/3623_F_heh.wav,discomfort,train,3,time_shift,"{""fraction"":-0.0978517}",148,1269593797545643333,virtual:aug_a85cac11f4806701c3ee
aug_adefb774a9e52aa859fc,rec_b4327cfdcef8a6d08926,/mnt/d/INFANT CRY/data_set_dbl_split/train/discomfort/4422_M_heh.wav,discomfort/4422_M_heh.wav,discomfort,train,3,gaussian_noise,"{""noise_factor"":0.002180582}",149,17965468100257928615,virtual:aug_adefb774a9e52aa859fc
aug_db8e4880ad69e0427d0d,rec_3ea9d39bb4edc68fdf50,/mnt/d/INFANT CRY/data_set_dbl_split/train/discomfort/3719_M_heh.wav,discomfort/3719_M_heh.wav,discomfort,train,3,pitch_shift,"{""steps"":1.951558}",150,2717191619036052172,virtual:aug_db8e4880ad69e0427d0d
aug_c07066b734b790a1e55d,rec_8531260c58ed47ae96f8,/mnt/d/INFANT CRY/data_set_dbl_split/train/discomfort/2588_F_heh.wav,discomfort/2588_F_heh.wav,discomfort,train,3,pitch_shift,"{""steps"":-1.830599}",151,16703097216708769296,virtual:aug_c07066b734b790a1e55d
aug_a318fd0873083ceb661e,rec_823255df478a0f9da394,/mnt/d/INFANT CRY/data_set_dbl_split/train/discomfort/2948_M_heh.wav,discomfort/2948_M_heh.wav,discomfort,train,3,time_stretch,"{""rate"":1.222726}",152,513871175110104616,virtual:aug_a318fd0873083ceb661e
aug_68879fdd17fa58f55469,rec_00aeffb9aa41099dc5e5,/mnt/d/INFANT CRY/data_set_dbl_split/train/discomfort/4084_M_heh.wav,discomfort/4084_M_heh.wav,discomfort,train,3,time_stretch,"{""rate"":0.791737}",153,14208990127714741433,virtual:aug_68879fdd17fa58f55469
aug_b179558ef8ccacba5b96,rec_02ea82f3316cb050f905,/mnt/d/INFANT CRY/data_set_dbl_split/train/discomfort/1826_F_heh.wav,discomfort/1826_F_heh.wav,discomfort,train,3,gaussian_noise,"{""noise_factor"":0.0043765}",154,9536510091036992077,virtual:aug_b179558ef8ccacba5b96
aug_df4a0334d3a9c3b25784,rec_8c9bd93d6cae8287536e,/mnt/d/INFANT CRY/data_set_dbl_split/train/discomfort/2802_M_heh.wav,discomfort/2802_M_heh.wav,discomfort,train,3,pitch_shift,"{""steps"":1.074158}",155,13928315945183154553,virtual:aug_df4a0334d3a9c3b25784
aug_b6f5dd4f5905426baa8a,rec_0aa9e91ac3fcb2b11225,/mnt/d/INFANT CRY/data_set_dbl_split/train/discomfort/4177_M_heh.wav,discomfort/4177_M_heh.wav,discomfort,train,3,pitch_shift,"{""steps"":-0.953209}",156,13808966189470931191,virtual:aug_b6f5dd4f5905426baa8a
aug_f7eee361eb2618016bac,rec_cf665a8d5d04d0e150ed,/mnt/d/INFANT CRY/data_set_dbl_split/train/discomfort/3643_M_heh.wav,discomfort/3643_M_heh.wav,discomfort,train,3,time_stretch,"{""rate"":1.094891}",157,4178183755644238899,virtual:aug_f7eee361eb2618016bac
aug_2e3e50e6f9ddd644fdfc,rec_af6446fc5d9db7acb66b,/mnt/d/INFANT CRY/data_set_dbl_split/train/discomfort/2409_M_heh.wav,discomfort/2409_M_heh.wav,discomfort,train,3,time_stretch,"{""rate"":0.906537}",158,17633790430635969791,virtual:aug_2e3e50e6f9ddd644fdfc
aug_f21138bfdb5f9a20f539,rec_542e505927d446598565,/mnt/d/INFANT CRY/data_set_dbl_split/train/discomfort/3815_F_heh.wav,discomfort/3815_F_heh.wav,discomfort,train,3,time_shift,"{""fraction"":-0.0479391}",159,15969270340412961380,virtual:aug_f21138bfdb5f9a20f539
aug_a73da3ce7258b4b2b7c0,rec_8e8cba3c6a2d7b965e01,/mnt/d/INFANT CRY/data_set_dbl_split/train/discomfort/4203_M_heh.wav,discomfort/4203_M_heh.wav,discomfort,train,3,gaussian_noise,"{""noise_factor"":0.002698553}",160,2238786286216612730,virtual:aug_a73da3ce7258b4b2b7c0
aug_54824a17aa1f3e97eb1b,rec_bb84d05c8dfb27a04662,/mnt/d/INFANT CRY/data_set_dbl_split/train/discomfort/507_M_heh.wav,discomfort/507_M_heh.wav,discomfort,train,3,pitch_shift,"{""steps"":2.114329}",161,1703335459481309712,virtual:aug_54824a17aa1f3e97eb1b
aug_550bf4c44ce6afd85d7d,rec_2c14edaf86afba716162,/mnt/d/INFANT CRY/data_set_dbl_split/train/discomfort/dunstan-heh_17.wav,discomfort/dunstan-heh_17.wav,discomfort,train,3,pitch_shift,"{""steps"":-2.155878}",162,7928401951095080967,virtual:aug_550bf4c44ce6afd85d7d
aug_3735a06704bd4a44a581,rec_9362bfdd724c2e4f3f5f,/mnt/d/INFANT CRY/data_set_dbl_split/train/discomfort/dunstan-heh_21.wav,discomfort/dunstan-heh_21.wav,discomfort,train,3,time_stretch,"{""rate"":1.211429}",163,6912545270984031012,virtual:aug_3735a06704bd4a44a581
aug_e03a3caaea159ffc034b,rec_09d3a8609a2587658b70,/mnt/d/INFANT CRY/data_set_dbl_split/train/discomfort/4818_M_heh.wav,discomfort/4818_M_heh.wav,discomfort,train,3,time_stretch,"{""rate"":0.817127}",164,17591218056508707742,virtual:aug_e03a3caaea159ffc034b
aug_8ecc879ee82bbb224c7d,rec_428d00d3f563fd3b0b6f,/mnt/d/INFANT CRY/data_set_dbl_split/train/discomfort/dunstan-heh_4.wav,discomfort/dunstan-heh_4.wav,discomfort,train,3,gaussian_noise,"{""noise_factor"":0.004622268}",165,8467119730416392812,virtual:aug_8ecc879ee82bbb224c7d
aug_1fd186c2260346c5b8e7,rec_130b876cf3e8042dbaaf,/mnt/d/INFANT CRY/data_set_dbl_split/train/discomfort/dunstan-heh_5.wav,discomfort/dunstan-heh_5.wav,discomfort,train,3,pitch_shift,"{""steps"":1.063262}",166,9923248590740600505,virtual:aug_1fd186c2260346c5b8e7
aug_66720a8573e900936ee0,rec_0d4c7e9d16ffe8d1bbff,/mnt/d/INFANT CRY/data_set_dbl_split/train/discomfort/3468_F_heh.wav,discomfort/3468_F_heh.wav,discomfort,train,3,pitch_shift,"{""steps"":-0.801704}",167,10798303522562550513,virtual:aug_66720a8573e900936ee0
aug_5e50a7f26b6a52f8c9e0,rec_1e1cf13b4d1b84eb706c,/mnt/d/INFANT CRY/data_set_dbl_split/train/discomfort/dunstan-heh_37.wav,discomfort/dunstan-heh_37.wav,discomfort,train,3,time_stretch,"{""rate"":1.119194}",168,6097295379738127978,virtual:aug_5e50a7f26b6a52f8c9e0
aug_6f8e81bac55ab7498c46,rec_128a836f9d7c0c3800f8,/mnt/d/INFANT CRY/data_set_dbl_split/train/discomfort/3009_M_heh.wav,discomfort/3009_M_heh.wav,discomfort,train,3,time_stretch,"{""rate"":0.88144}",169,14088008344430301153,virtual:aug_6f8e81bac55ab7498c46
aug_3ecd90022dcbb052bba8,rec_c66c61c76109180f4ea4,/mnt/d/INFANT CRY/data_set_dbl_split/train/discomfort/592_M_heh.wav,discomfort/592_M_heh.wav,discomfort,train,3,time_shift,"{""fraction"":-0.0667118}",170,16662867064524262738,virtual:aug_3ecd90022dcbb052bba8
aug_4efff1e4f2cc2bf68b7d,rec_0655eee816f825bf3d59,/mnt/d/INFANT CRY/data_set_dbl_split/train/discomfort/2814_F_heh.wav,discomfort/2814_F_heh.wav,discomfort,train,3,gaussian_noise,"{""noise_factor"":0.002224693}",171,16201183298580851880,virtual:aug_4efff1e4f2cc2bf68b7d
aug_29c13dd75c1bc6a66efa,rec_535c552a0776b718850f,/mnt/d/INFANT CRY/data_set_dbl_split/train/discomfort/1266_M_heh.wav,discomfort/1266_M_heh.wav,discomfort,train,3,pitch_shift,"{""steps"":1.904674}",172,4873953574230639936,virtual:aug_29c13dd75c1bc6a66efa
aug_1b5808d91e942f8843e0,rec_3f52b4d2fc987b097465,/mnt/d/INFANT CRY/data_set_dbl_split/train/discomfort/362_M_heh.wav,discomfort/362_M_heh.wav,discomfort,train,3,pitch_shift,"{""steps"":-1.964886}",173,2338571426792582504,virtual:aug_1b5808d91e942f8843e0
aug_90ef3360ebd7eacad516,rec_f764034287a4370b136d,/mnt/d/INFANT CRY/data_set_dbl_split/train/discomfort/4290_F_heh.wav,discomfort/4290_F_heh.wav,discomfort,train,3,time_stretch,"{""rate"":1.187014}",174,8645097772058705387,virtual:aug_90ef3360ebd7eacad516
aug_8c868cb97ade8012b92b,rec_43d212cc278f3fa7f39d,/mnt/d/INFANT CRY/data_set_dbl_split/train/discomfort/2128_M_heh.wav,discomfort/2128_M_heh.wav,discomfort,train,3,time_stretch,"{""rate"":0.796975}",175,7705186978303280434,virtual:aug_8c868cb97ade8012b92b
aug_f6a3163f870682754b42,rec_8d9f61ce303defbfc361,/mnt/d/INFANT CRY/data_set_dbl_split/train/discomfort/3409_M_heh.wav,discomfort/3409_M_heh.wav,discomfort,train,3,gaussian_noise,"{""noise_factor"":0.004532556}",176,5166374421225389752,virtual:aug_f6a3163f870682754b42
aug_2fe29f69fbbb753e40a1,rec_158ce180cdd2526ffa91,/mnt/d/INFANT CRY/data_set_dbl_split/train/discomfort/2895_M_heh.wav,discomfort/2895_M_heh.wav,discomfort,train,3,pitch_shift,"{""steps"":0.801048}",177,117641571963860409,virtual:aug_2fe29f69fbbb753e40a1
aug_a31938d3a4a9e4d05a4b,rec_9bd40eced9885796e2fa,/mnt/d/INFANT CRY/data_set_dbl_split/train/discomfort/4424_F_heh.wav,discomfort/4424_F_heh.wav,discomfort,train,3,pitch_shift,"{""steps"":-1.147761}",178,13890023591908477124,virtual:aug_a31938d3a4a9e4d05a4b
aug_b079557aac8dffd10947,rec_aeb79fc9b0c45b64f93c,/mnt/d/INFANT CRY/data_set_dbl_split/train/discomfort/4790_M_heh.wav,discomfort/4790_M_heh.wav,discomfort,train,3,time_stretch,"{""rate"":1.077206}",179,7432838800379723224,virtual:aug_b079557aac8dffd10947
aug_bd76039d1343bcc9eb58,rec_0added8756718f697995,/mnt/d/INFANT CRY/data_set_dbl_split/train/discomfort/2085_M_heh.wav,discomfort/2085_M_heh.wav,discomfort,train,3,time_stretch,"{""rate"":0.876744}",180,1391555941670859177,virtual:aug_bd76039d1343bcc9eb58
aug_b5ac29748e7c133834a4,rec_85dab9312e9b8aabaa62,/mnt/d/INFANT CRY/data_set_dbl_split/train/discomfort/4756_F_heh.wav,discomfort/4756_F_heh.wav,discomfort,train,3,time_shift,"{""fraction"":0.0446147}",181,11292104485492493586,virtual:aug_b5ac29748e7c133834a4
aug_2e77dd89e156ade1abc8,rec_47ad8a2ec8f931f1904d,/mnt/d/INFANT CRY/data_set_dbl_split/train/discomfort/dunstan-heh_13.wav,discomfort/dunstan-heh_13.wav,discomfort,train,3,gaussian_noise,"{""noise_factor"":0.002677382}",182,6605426393091695094,virtual:aug_2e77dd89e156ade1abc8
aug_9fb1ba7d97a47434ffff,rec_324edc9ef55f934ac4b2,/mnt/d/INFANT CRY/data_set_dbl_split/train/discomfort/2431_M_heh.wav,discomfort/2431_M_heh.wav,discomfort,train,3,pitch_shift,"{""steps"":1.966163}",183,15523576996573228434,virtual:aug_9fb1ba7d97a47434ffff
aug_4e46f7bdc13b7ec48f87,rec_6bbd0237afd88cf9b3c1,/mnt/d/INFANT CRY/data_set_dbl_split/train/discomfort/3795_M_heh.wav,discomfort/3795_M_heh.wav,discomfort,train,3,pitch_shift,"{""steps"":-2.083059}",184,678770693237258667,virtual:aug_4e46f7bdc13b7ec48f87
aug_c4376f0c7a6486a0a177,rec_c95f02818a4bfa9ef8b9,/mnt/d/INFANT CRY/data_set_dbl_split/train/discomfort/4041_M_heh.wav,discomfort/4041_M_heh.wav,discomfort,train,3,time_stretch,"{""rate"":1.187833}",185,6684579032169276599,virtual:aug_c4376f0c7a6486a0a177
aug_0378bfa75962cfebb79f,rec_f4d972ce5aa401717524,/mnt/d/INFANT CRY/data_set_dbl_split/train/discomfort/dunstan-heh_56.wav,discomfort/dunstan-heh_56.wav,discomfort,train,3,time_stretch,"{""rate"":0.796509}",186,12002696351706053460,virtual:aug_0378bfa75962cfebb79f
aug_0fcbd27d8fcb0a3331d6,rec_a6a97d51ada1af8e637e,/mnt/d/INFANT CRY/data_set_dbl_split/train/discomfort/3989_M_heh.wav,discomfort/3989_M_heh.wav,discomfort,train,3,gaussian_noise,"{""noise_factor"":0.005664712}",187,8221085122859754335,virtual:aug_0fcbd27d8fcb0a3331d6
aug_fe62432ee34795288068,rec_d252f8e43bac8a94460c,/mnt/d/INFANT CRY/data_set_dbl_split/train/discomfort/1656_M_heh.wav,discomfort/1656_M_heh.wav,discomfort,train,3,pitch_shift,"{""steps"":0.807717}",188,16727666318089528085,virtual:aug_fe62432ee34795288068
aug_dcbf5aeae3a075d20f3d,rec_fecba998d290d42023e8,/mnt/d/INFANT CRY/data_set_dbl_split/train/discomfort/2928_M_heh.wav,discomfort/2928_M_heh.wav,discomfort,train,3,pitch_shift,"{""steps"":-1.169334}",189,8810214569882806547,virtual:aug_dcbf5aeae3a075d20f3d
aug_316ca3151cd74a2be99e,rec_170a61ba4bff3a2d5277,/mnt/d/INFANT CRY/data_set_dbl_split/train/discomfort/2526_M_heh.wav,discomfort/2526_M_heh.wav,discomfort,train,3,time_stretch,"{""rate"":1.116366}",190,9653742481273313933,virtual:aug_316ca3151cd74a2be99e
aug_1a899ec4fcfb02ecea9c,rec_36666c11c2fd31a59262,/mnt/d/INFANT CRY/data_set_dbl_split/train/discomfort/86_F_heh.wav,discomfort/86_F_heh.wav,discomfort,train,3,time_stretch,"{""rate"":0.922847}",191,17953891853913584817,virtual:aug_1a899ec4fcfb02ecea9c
aug_1cd491dc4e2f62acb302,rec_6ad89027638c1a776894,/mnt/d/INFANT CRY/data_set_dbl_split/train/discomfort/4228_M_heh.wav,discomfort/4228_M_heh.wav,discomfort,train,3,time_shift,"{""fraction"":-0.0657661}",192,5605425080282823875,virtual:aug_1cd491dc4e2f62acb302
aug_edb665022d0fcae0b509,rec_6078ad0e8ea8a14799ba,/mnt/d/INFANT CRY/data_set_dbl_split/train/discomfort/4825_M_heh.wav,discomfort/4825_M_heh.wav,discomfort,train,3,gaussian_noise,"{""noise_factor"":0.002363182}",193,8576934011538935069,virtual:aug_edb665022d0fcae0b509
aug_d304dbcb0941c06b80db,rec_970de6b0b559a331bcc5,/mnt/d/INFANT CRY/data_set_dbl_split/train/discomfort/4977_M_heh.wav,discomfort/4977_M_heh.wav,discomfort,train,3,pitch_shift,"{""steps"":1.833199}",194,2572590762583408754,virtual:aug_d304dbcb0941c06b80db
aug_5c98aa9a87061d617d57,rec_b68a18d4d619ff02538e,/mnt/d/INFANT CRY/data_set_dbl_split/train/discomfort/1534_M_heh.wav,discomfort/1534_M_heh.wav,discomfort,train,3,pitch_shift,"{""steps"":-2.104405}",195,953531995167818458,virtual:aug_5c98aa9a87061d617d57
aug_f563168430548b3e8dbc,rec_6456e2ce88a30a623868,/mnt/d/INFANT CRY/data_set_dbl_split/train/discomfort/dunstan-heh_39.wav,discomfort/dunstan-heh_39.wav,discomfort,train,3,time_stretch,"{""rate"":1.178544}",196,13743964695518648474,virtual:aug_f563168430548b3e8dbc
aug_d59b51e9244105c54727,rec_98b16899c96800087607,/mnt/d/INFANT CRY/data_set_dbl_split/train/discomfort/1231_M_heh.wav,discomfort/1231_M_heh.wav,discomfort,train,3,time_stretch,"{""rate"":0.776536}",197,9935513631932950601,virtual:aug_d59b51e9244105c54727
aug_ffcce2f55726cc18f69e,rec_333243a7285e8e47127f,/mnt/d/INFANT CRY/data_set_dbl_split/train/discomfort/dunstan-heh_1.wav,discomfort/dunstan-heh_1.wav,discomfort,train,3,gaussian_noise,"{""noise_factor"":0.005385285}",198,17449479057485891638,virtual:aug_ffcce2f55726cc18f69e
aug_d627a7492f7a2bf35c41,rec_60d4a3b0d92ddce6aa04,/mnt/d/INFANT CRY/data_set_dbl_split/train/discomfort/2345_M_heh.wav,discomfort/2345_M_heh.wav,discomfort,train,3,pitch_shift,"{""steps"":0.873679}",199,15795696518229262336,virtual:aug_d627a7492f7a2bf35c41
aug_bf082386568a242cb39b,rec_a6c2687f77e0cf79aef3,/mnt/d/INFANT CRY/data_set_dbl_split/train/discomfort/3175_F_heh.wav,discomfort/3175_F_heh.wav,discomfort,train,3,pitch_shift,"{""steps"":-1.021018}",200,7891365652513533678,virtual:aug_bf082386568a242cb39b
aug_11e04007e42bcff0a92b,rec_3ceb873c0c1383aaf2d1,/mnt/d/INFANT CRY/data_set_dbl_split/train/discomfort/1860_M_heh.wav,discomfort/1860_M_heh.wav,discomfort,train,3,time_stretch,"{""rate"":1.077873}",201,3840081053025332893,virtual:aug_11e04007e42bcff0a92b
aug_530351bd1496974ce1b9,rec_52da117b101c516c1c42,/mnt/d/INFANT CRY/data_set_dbl_split/train/discomfort/4262_M_heh.wav,discomfort/4262_M_heh.wav,discomfort,train,3,time_stretch,"{""rate"":0.916964}",202,7275472551711916150,virtual:aug_530351bd1496974ce1b9
aug_53606e3905248913501e,rec_9185eef7e2aecebfb720,/mnt/d/INFANT CRY/data_set_dbl_split/train/discomfort/735_M_heh.wav,discomfort/735_M_heh.wav,discomfort,train,3,time_shift,"{""fraction"":-0.0312704}",203,17938049511832221318,virtual:aug_53606e3905248913501e
aug_69bf5a4cec2629f6b3f7,rec_122140d62463d7d58e24,/mnt/d/INFANT CRY/data_set_dbl_split/train/discomfort/3369_F_heh.wav,discomfort/3369_F_heh.wav,discomfort,train,3,gaussian_noise,"{""noise_factor"":0.002445048}",204,13438693591109462520,virtual:aug_69bf5a4cec2629f6b3f7
aug_54d5c97e3e614f6b78e8,rec_7d53ec14d0de07ba9f29,/mnt/d/INFANT CRY/data_set_dbl_split/train/discomfort/3083_M_heh.wav,discomfort/3083_M_heh.wav,discomfort,train,3,pitch_shift,"{""steps"":2.046655}",205,9385838004647481377,virtual:aug_54d5c97e3e614f6b78e8
aug_1b93353a78e2da5a2e7d,rec_d4374ee440aee747b757,/mnt/d/INFANT CRY/data_set_dbl_split/train/discomfort/dunstan-heh_11.wav,discomfort/dunstan-heh_11.wav,discomfort,train,3,pitch_shift,"{""steps"":-2.002951}",206,6063395444289631522,virtual:aug_1b93353a78e2da5a2e7d
aug_769c677ffc0c06a938cf,rec_aafac0f86f7d823eb681,/mnt/d/INFANT CRY/data_set_dbl_split/train/discomfort/2856_M_heh.wav,discomfort/2856_M_heh.wav,discomfort,train,3,time_stretch,"{""rate"":1.208498}",207,10840445775352802954,virtual:aug_769c677ffc0c06a938cf
aug_a84e7baef2a51ecbd0d1,rec_1f3d7360241859021509,/mnt/d/INFANT CRY/data_set_dbl_split/train/discomfort/1192_M_heh.wav,discomfort/1192_M_heh.wav,discomfort,train,3,time_stretch,"{""rate"":0.793489}",208,13337412249219712844,virtual:aug_a84e7baef2a51ecbd0d1
aug_0c9b7fd35d8ad3bf2846,rec_01d818a8f633482ae893,/mnt/d/INFANT CRY/data_set_dbl_split/train/discomfort/2800_M_heh.wav,discomfort/2800_M_heh.wav,discomfort,train,3,gaussian_noise,"{""noise_factor"":0.005243137}",209,10110406362765196398,virtual:aug_0c9b7fd35d8ad3bf2846
aug_ea2d89173ee6c82e41e0,rec_5dd030b8afd73faf7e6d,/mnt/d/INFANT CRY/data_set_dbl_split/train/discomfort/dunstan-heh_48.wav,discomfort/dunstan-heh_48.wav,discomfort,train,3,pitch_shift,"{""steps"":1.182985}",210,17652492586719520604,virtual:aug_ea2d89173ee6c82e41e0
aug_e9beca7ab5c3e83a27dd,rec_3d99f5ba8607ab46d834,/mnt/d/INFANT CRY/data_set_dbl_split/train/discomfort/dunstan-heh_6.wav,discomfort/dunstan-heh_6.wav,discomfort,train,3,pitch_shift,"{""steps"":-0.947423}",211,2276407520590416634,virtual:aug_e9beca7ab5c3e83a27dd
aug_6db9d22bed165595c175,rec_c28fa0cb46f2cf6051d8,/mnt/d/INFANT CRY/data_set_dbl_split/train/discomfort/dunstan-heh_18.wav,discomfort/dunstan-heh_18.wav,discomfort,train,3,time_stretch,"{""rate"":1.076467}",212,14739314695603754067,virtual:aug_6db9d22bed165595c175
aug_928eb5ccfa10a3b1cdbc,rec_16c3c32dab93b50e898e,/mnt/d/INFANT CRY/data_set_dbl_split/train/discomfort/812_F_heh.wav,discomfort/812_F_heh.wav,discomfort,train,3,time_stretch,"{""rate"":0.906391}",213,14789941212850387502,virtual:aug_928eb5ccfa10a3b1cdbc
aug_9d799e665163187c45da,rec_6eb0928d100be618ab76,/mnt/d/INFANT CRY/data_set_dbl_split/train/discomfort/3451_M_heh.wav,discomfort/3451_M_heh.wav,discomfort,train,3,time_shift,"{""fraction"":0.0169084}",214,15059494383381655097,virtual:aug_9d799e665163187c45da
aug_ec3bb497e6f8cc03d874,rec_76a42152121fc3becc5b,/mnt/d/INFANT CRY/data_set_dbl_split/train/discomfort/3729_M_heh.wav,discomfort/3729_M_heh.wav,discomfort,train,3,gaussian_noise,"{""noise_factor"":0.00242319}",215,17072881254476193080,virtual:aug_ec3bb497e6f8cc03d874
aug_5b7f1fa8fcd4fdac2802,rec_371bb1b9e4f734680eb6,/mnt/d/INFANT CRY/data_set_dbl_split/train/discomfort/3298_M_heh.wav,discomfort/3298_M_heh.wav,discomfort,train,3,pitch_shift,"{""steps"":1.903175}",216,3302458482151107765,virtual:aug_5b7f1fa8fcd4fdac2802
aug_82300c615b617945b1ca,rec_51daa75d6cee602ab3c8,/mnt/d/INFANT CRY/data_set_dbl_split/train/discomfort/dunstan-heh_29.wav,discomfort/dunstan-heh_29.wav,discomfort,train,3,pitch_shift,"{""steps"":-1.829348}",217,4276615829743147256,virtual:aug_82300c615b617945b1ca
aug_dcf4a440669a407a2134,rec_c30ffcebec910157af48,/mnt/d/INFANT CRY/data_set_dbl_split/train/discomfort/1196_M_heh.wav,discomfort/1196_M_heh.wav,discomfort,train,3,time_stretch,"{""rate"":1.221131}",218,7235580240263099363,virtual:aug_dcf4a440669a407a2134
aug_82b40e2eec2b47055fd0,rec_6750c27eac310fed8c87,/mnt/d/INFANT CRY/data_set_dbl_split/train/discomfort/203_F_heh.wav,discomfort/203_F_heh.wav,discomfort,train,3,time_stretch,"{""rate"":0.820143}",219,3800802371096385559,virtual:aug_82b40e2eec2b47055fd0
aug_b1dfb075fb56aec2e320,rec_37d2c4c05305ba71470e,/mnt/d/INFANT CRY/data_set_dbl_split/train/discomfort/902_M_heh.wav,discomfort/902_M_heh.wav,discomfort,train,3,gaussian_noise,"{""noise_factor"":0.004972328}",220,18114908680048764408,virtual:aug_b1dfb075fb56aec2e320
aug_c310e8bd1f06a4458f9e,rec_f4d28e0fc9542a590b34,/mnt/d/INFANT CRY/data_set_dbl_split/train/discomfort/3844_M_heh.wav,discomfort/3844_M_heh.wav,discomfort,train,3,pitch_shift,"{""steps"":0.965081}",221,756570688698353134,virtual:aug_c310e8bd1f06a4458f9e
aug_647538d247b2b41242e4,rec_c5ca2cddf85a72e0dc56,/mnt/d/INFANT CRY/data_set_dbl_split/train/discomfort/4782_M_heh.wav,discomfort/4782_M_heh.wav,discomfort,train,3,pitch_shift,"{""steps"":-0.865516}",222,9892894147273941808,virtual:aug_647538d247b2b41242e4
aug_667f5733af4bc7450b86,rec_33f6d238ac51ca9e5758,/mnt/d/INFANT CRY/data_set_dbl_split/train/discomfort/3623_F_heh.wav,discomfort/3623_F_heh.wav,discomfort,train,3,time_stretch,"{""rate"":1.100896}",223,17276724286918072821,virtual:aug_667f5733af4bc7450b86
aug_4d52e7a574643f2ef0df,rec_b4327cfdcef8a6d08926,/mnt/d/INFANT CRY/data_set_dbl_split/train/discomfort/4422_M_heh.wav,discomfort/4422_M_heh.wav,discomfort,train,3,time_stretch,"{""rate"":0.917382}",224,9371505886439093873,virtual:aug_4d52e7a574643f2ef0df
aug_b6f915c55422acfebca0,rec_3ea9d39bb4edc68fdf50,/mnt/d/INFANT CRY/data_set_dbl_split/train/discomfort/3719_M_heh.wav,discomfort/3719_M_heh.wav,discomfort,train,3,time_shift,"{""fraction"":0.0722117}",225,6269270985030532739,virtual:aug_b6f915c55422acfebca0
aug_04b3743843265747b351,rec_8531260c58ed47ae96f8,/mnt/d/INFANT CRY/data_set_dbl_split/train/discomfort/2588_F_heh.wav,discomfort/2588_F_heh.wav,discomfort,train,3,gaussian_noise,"{""noise_factor"":0.00222072}",226,3337960290153696845,virtual:aug_04b3743843265747b351
aug_73471d167f3652e96d3b,rec_823255df478a0f9da394,/mnt/d/INFANT CRY/data_set_dbl_split/train/discomfort/2948_M_heh.wav,discomfort/2948_M_heh.wav,discomfort,train,3,pitch_shift,"{""steps"":1.880936}",227,7311833593312683235,virtual:aug_73471d167f3652e96d3b
aug_7e5d1b79bc300c35315d,rec_00aeffb9aa41099dc5e5,/mnt/d/INFANT CRY/data_set_dbl_split/train/discomfort/4084_M_heh.wav,discomfort/4084_M_heh.wav,discomfort,train,3,pitch_shift,"{""steps"":-2.120636}",228,17146467624785396918,virtual:aug_7e5d1b79bc300c35315d
aug_35fa0fe6c5ed927786da,rec_02ea82f3316cb050f905,/mnt/d/INFANT CRY/data_set_dbl_split/train/discomfort/1826_F_heh.wav,discomfort/1826_F_heh.wav,discomfort,train,3,time_stretch,"{""rate"":1.179417}",229,8944354870418262246,virtual:aug_35fa0fe6c5ed927786da
aug_86df1d3e75614dbab917,rec_8c9bd93d6cae8287536e,/mnt/d/INFANT CRY/data_set_dbl_split/train/discomfort/2802_M_heh.wav,discomfort/2802_M_heh.wav,discomfort,train,3,time_stretch,"{""rate"":0.776729}",230,7510043916968638304,virtual:aug_86df1d3e75614dbab917
aug_673628578fdd7ac36941,rec_0aa9e91ac3fcb2b11225,/mnt/d/INFANT CRY/data_set_dbl_split/train/discomfort/4177_M_heh.wav,discomfort/4177_M_heh.wav,discomfort,train,3,gaussian_noise,"{""noise_factor"":0.004976119}",231,6128508888492516152,virtual:aug_673628578fdd7ac36941
aug_c29bc485e1a500d0686e,rec_cf665a8d5d04d0e150ed,/mnt/d/INFANT CRY/data_set_dbl_split/train/discomfort/3643_M_heh.wav,discomfort/3643_M_heh.wav,discomfort,train,3,pitch_shift,"{""steps"":1.19774}",232,13869352747024142504,virtual:aug_c29bc485e1a500d0686e
aug_886a89927758bb7481d1,rec_af6446fc5d9db7acb66b,/mnt/d/INFANT CRY/data_set_dbl_split/train/discomfort/2409_M_heh.wav,discomfort/2409_M_heh.wav,discomfort,train,3,pitch_shift,"{""steps"":-0.998168}",233,15195291092781694676,virtual:aug_886a89927758bb7481d1
aug_594c26870c795d703b3e,rec_542e505927d446598565,/mnt/d/INFANT CRY/data_set_dbl_split/train/discomfort/3815_F_heh.wav,discomfort/3815_F_heh.wav,discomfort,train,3,time_stretch,"{""rate"":1.117486}",234,1583777965974665153,virtual:aug_594c26870c795d703b3e
aug_94a9f7e1dc1388e7e625,rec_8e8cba3c6a2d7b965e01,/mnt/d/INFANT CRY/data_set_dbl_split/train/discomfort/4203_M_heh.wav,discomfort/4203_M_heh.wav,discomfort,train,3,time_stretch,"{""rate"":0.88696}",235,8988964677388666330,virtual:aug_94a9f7e1dc1388e7e625
aug_4eb2c715f14f563242ed,rec_bb84d05c8dfb27a04662,/mnt/d/INFANT CRY/data_set_dbl_split/train/discomfort/507_M_heh.wav,discomfort/507_M_heh.wav,discomfort,train,3,time_shift,"{""fraction"":0.0509375}",236,465032588919143808,virtual:aug_4eb2c715f14f563242ed
aug_0438bbcb08eccb138645,rec_2c14edaf86afba716162,/mnt/d/INFANT CRY/data_set_dbl_split/train/discomfort/dunstan-heh_17.wav,discomfort/dunstan-heh_17.wav,discomfort,train,3,gaussian_noise,"{""noise_factor"":0.002524428}",237,2253334107592062285,virtual:aug_0438bbcb08eccb138645
aug_e0a4aee2f23eda530be1,rec_9362bfdd724c2e4f3f5f,/mnt/d/INFANT CRY/data_set_dbl_split/train/discomfort/dunstan-heh_21.wav,discomfort/dunstan-heh_21.wav,discomfort,train,3,pitch_shift,"{""steps"":2.088874}",238,4949493323602220187,virtual:aug_e0a4aee2f23eda530be1
aug_8a679c01f187b6fbebf1,rec_09d3a8609a2587658b70,/mnt/d/INFANT CRY/data_set_dbl_split/train/discomfort/4818_M_heh.wav,discomfort/4818_M_heh.wav,discomfort,train,3,pitch_shift,"{""steps"":-1.899535}",239,13051209264026551467,virtual:aug_8a679c01f187b6fbebf1
aug_ea488bd11df7f5a41fb3,rec_428d00d3f563fd3b0b6f,/mnt/d/INFANT CRY/data_set_dbl_split/train/discomfort/dunstan-heh_4.wav,discomfort/dunstan-heh_4.wav,discomfort,train,3,time_stretch,"{""rate"":1.208164}",240,3843205541482289464,virtual:aug_ea488bd11df7f5a41fb3
aug_340487971b15936b5df2,rec_130b876cf3e8042dbaaf,/mnt/d/INFANT CRY/data_set_dbl_split/train/discomfort/dunstan-heh_5.wav,discomfort/dunstan-heh_5.wav,discomfort,train,3,time_stretch,"{""rate"":0.801381}",241,9768705829530243092,virtual:aug_340487971b15936b5df2
aug_0f730399eee0b87eb8dd,rec_0d4c7e9d16ffe8d1bbff,/mnt/d/INFANT CRY/data_set_dbl_split/train/discomfort/3468_F_heh.wav,discomfort/3468_F_heh.wav,discomfort,train,3,gaussian_noise,"{""noise_factor"":0.004893668}",242,17614354683899901995,virtual:aug_0f730399eee0b87eb8dd
aug_6188297dedeede6a6320,rec_1e1cf13b4d1b84eb706c,/mnt/d/INFANT CRY/data_set_dbl_split/train/discomfort/dunstan-heh_37.wav,discomfort/dunstan-heh_37.wav,discomfort,train,3,pitch_shift,"{""steps"":1.087968}",243,2236218499573077303,virtual:aug_6188297dedeede6a6320
aug_46142e90d5079d15c083,rec_128a836f9d7c0c3800f8,/mnt/d/INFANT CRY/data_set_dbl_split/train/discomfort/3009_M_heh.wav,discomfort/3009_M_heh.wav,discomfort,train,3,pitch_shift,"{""steps"":-0.905722}",244,1077861941275461552,virtual:aug_46142e90d5079d15c083
aug_8587dc0f880d994b0707,rec_c66c61c76109180f4ea4,/mnt/d/INFANT CRY/data_set_dbl_split/train/discomfort/592_M_heh.wav,discomfort/592_M_heh.wav,discomfort,train,3,time_stretch,"{""rate"":1.080215}",245,416080142836308361,virtual:aug_8587dc0f880d994b0707
aug_667b5380716045c44962,rec_0655eee816f825bf3d59,/mnt/d/INFANT CRY/data_set_dbl_split/train/discomfort/2814_F_heh.wav,discomfort/2814_F_heh.wav,discomfort,train,3,time_stretch,"{""rate"":0.907923}",246,14764485028498114871,virtual:aug_667b5380716045c44962
aug_32b71bf726377936c931,rec_535c552a0776b718850f,/mnt/d/INFANT CRY/data_set_dbl_split/train/discomfort/1266_M_heh.wav,discomfort/1266_M_heh.wav,discomfort,train,3,time_shift,"{""fraction"":0.0259169}",247,12525554657156991646,virtual:aug_32b71bf726377936c931
aug_11512d7a01daf36c95ac,rec_3f52b4d2fc987b097465,/mnt/d/INFANT CRY/data_set_dbl_split/train/discomfort/362_M_heh.wav,discomfort/362_M_heh.wav,discomfort,train,3,gaussian_noise,"{""noise_factor"":0.002235532}",248,2820471220504431170,virtual:aug_11512d7a01daf36c95ac
aug_ec0450f1b60a6b679420,rec_f764034287a4370b136d,/mnt/d/INFANT CRY/data_set_dbl_split/train/discomfort/4290_F_heh.wav,discomfort/4290_F_heh.wav,discomfort,train,3,pitch_shift,"{""steps"":2.185366}",249,9074078607472977817,virtual:aug_ec0450f1b60a6b679420
aug_3614117e3b82d2ac87e7,rec_43d212cc278f3fa7f39d,/mnt/d/INFANT CRY/data_set_dbl_split/train/discomfort/2128_M_heh.wav,discomfort/2128_M_heh.wav,discomfort,train,3,pitch_shift,"{""steps"":-1.939182}",250,13771798404455978384,virtual:aug_3614117e3b82d2ac87e7
aug_a6e3a579b1b654046a9d,rec_8d9f61ce303defbfc361,/mnt/d/INFANT CRY/data_set_dbl_split/train/discomfort/3409_M_heh.wav,discomfort/3409_M_heh.wav,discomfort,train,3,time_stretch,"{""rate"":1.203822}",251,620622390563646079,virtual:aug_a6e3a579b1b654046a9d
aug_64a82f3abea923ff764e,rec_158ce180cdd2526ffa91,/mnt/d/INFANT CRY/data_set_dbl_split/train/discomfort/2895_M_heh.wav,discomfort/2895_M_heh.wav,discomfort,train,3,time_stretch,"{""rate"":0.780043}",252,8916597548474305167,virtual:aug_64a82f3abea923ff764e
aug_06db4322a6e1c5531845,rec_9bd40eced9885796e2fa,/mnt/d/INFANT CRY/data_set_dbl_split/train/discomfort/4424_F_heh.wav,discomfort/4424_F_heh.wav,discomfort,train,3,gaussian_noise,"{""noise_factor"":0.00551717}",253,3696261452258832867,virtual:aug_06db4322a6e1c5531845
aug_495fbe7f4fc05a883a99,rec_aeb79fc9b0c45b64f93c,/mnt/d/INFANT CRY/data_set_dbl_split/train/discomfort/4790_M_heh.wav,discomfort/4790_M_heh.wav,discomfort,train,3,pitch_shift,"{""steps"":1.187622}",254,10033672778804211475,virtual:aug_495fbe7f4fc05a883a99
aug_4c467b0bbc5d7ecd448c,rec_0added8756718f697995,/mnt/d/INFANT CRY/data_set_dbl_split/train/discomfort/2085_M_heh.wav,discomfort/2085_M_heh.wav,discomfort,train,3,pitch_shift,"{""steps"":-0.865636}",255,9720657570949522914,virtual:aug_4c467b0bbc5d7ecd448c
aug_f81dc2715033c9e7322a,rec_85dab9312e9b8aabaa62,/mnt/d/INFANT CRY/data_set_dbl_split/train/discomfort/4756_F_heh.wav,discomfort/4756_F_heh.wav,discomfort,train,3,time_stretch,"{""rate"":1.107467}",256,2783405173322260187,virtual:aug_f81dc2715033c9e7322a
aug_44df80d20678feec6d8a,rec_47ad8a2ec8f931f1904d,/mnt/d/INFANT CRY/data_set_dbl_split/train/discomfort/dunstan-heh_13.wav,discomfort/dunstan-heh_13.wav,discomfort,train,3,time_stretch,"{""rate"":0.888337}",257,3703814483902870593,virtual:aug_44df80d20678feec6d8a
aug_db1e4cab53bc9c0eea28,rec_324edc9ef55f934ac4b2,/mnt/d/INFANT CRY/data_set_dbl_split/train/discomfort/2431_M_heh.wav,discomfort/2431_M_heh.wav,discomfort,train,3,time_shift,"{""fraction"":0.0736235}",258,14906682492945220925,virtual:aug_db1e4cab53bc9c0eea28
aug_cc98b965896b35ae9b70,rec_6bbd0237afd88cf9b3c1,/mnt/d/INFANT CRY/data_set_dbl_split/train/discomfort/3795_M_heh.wav,discomfort/3795_M_heh.wav,discomfort,train,3,gaussian_noise,"{""noise_factor"":0.002552164}",259,16888846535455291760,virtual:aug_cc98b965896b35ae9b70
aug_53d9a784fc2c4be8dd5b,rec_c95f02818a4bfa9ef8b9,/mnt/d/INFANT CRY/data_set_dbl_split/train/discomfort/4041_M_heh.wav,discomfort/4041_M_heh.wav,discomfort,train,3,pitch_shift,"{""steps"":1.88149}",260,18128028909276013354,virtual:aug_53d9a784fc2c4be8dd5b
aug_4dd9827bb74ebf808c29,rec_f4d972ce5aa401717524,/mnt/d/INFANT CRY/data_set_dbl_split/train/discomfort/dunstan-heh_56.wav,discomfort/dunstan-heh_56.wav,discomfort,train,3,pitch_shift,"{""steps"":-1.994864}",261,13985194477430612517,virtual:aug_4dd9827bb74ebf808c29
aug_ccf62f2552da28758986,rec_a6a97d51ada1af8e637e,/mnt/d/INFANT CRY/data_set_dbl_split/train/discomfort/3989_M_heh.wav,discomfort/3989_M_heh.wav,discomfort,train,3,time_stretch,"{""rate"":1.219117}",262,3754139878460089718,virtual:aug_ccf62f2552da28758986
aug_8ccdf1fd63bbe452a89a,rec_d252f8e43bac8a94460c,/mnt/d/INFANT CRY/data_set_dbl_split/train/discomfort/1656_M_heh.wav,discomfort/1656_M_heh.wav,discomfort,train,3,time_stretch,"{""rate"":0.821846}",263,6079499939060789102,virtual:aug_8ccdf1fd63bbe452a89a
aug_281932e315ceeec59596,rec_fecba998d290d42023e8,/mnt/d/INFANT CRY/data_set_dbl_split/train/discomfort/2928_M_heh.wav,discomfort/2928_M_heh.wav,discomfort,train,3,gaussian_noise,"{""noise_factor"":0.004448092}",264,380553990391954903,virtual:aug_281932e315ceeec59596
aug_f26c3a4e8431be633f57,rec_170a61ba4bff3a2d5277,/mnt/d/INFANT CRY/data_set_dbl_split/train/discomfort/2526_M_heh.wav,discomfort/2526_M_heh.wav,discomfort,train,3,pitch_shift,"{""steps"":0.820515}",265,13946938480675928099,virtual:aug_f26c3a4e8431be633f57
aug_e26b556aca38d0fd2021,rec_36666c11c2fd31a59262,/mnt/d/INFANT CRY/data_set_dbl_split/train/discomfort/86_F_heh.wav,discomfort/86_F_heh.wav,discomfort,train,3,pitch_shift,"{""steps"":-0.951434}",266,10464637944336781375,virtual:aug_e26b556aca38d0fd2021
aug_7b5f406795a122575f2f,rec_6ad89027638c1a776894,/mnt/d/INFANT CRY/data_set_dbl_split/train/discomfort/4228_M_heh.wav,discomfort/4228_M_heh.wav,discomfort,train,3,time_stretch,"{""rate"":1.105082}",267,11668505510766477426,virtual:aug_7b5f406795a122575f2f
aug_8c3bda863501118f922e,rec_6078ad0e8ea8a14799ba,/mnt/d/INFANT CRY/data_set_dbl_split/train/discomfort/4825_M_heh.wav,discomfort/4825_M_heh.wav,discomfort,train,3,time_stretch,"{""rate"":0.87874}",268,16188067337558741607,virtual:aug_8c3bda863501118f922e
aug_46397c40ba40130df730,rec_970de6b0b559a331bcc5,/mnt/d/INFANT CRY/data_set_dbl_split/train/discomfort/4977_M_heh.wav,discomfort/4977_M_heh.wav,discomfort,train,3,time_shift,"{""fraction"":0.0208252}",269,12016179250656948275,virtual:aug_46397c40ba40130df730
aug_c9a2220d059e04f0b186,rec_b68a18d4d619ff02538e,/mnt/d/INFANT CRY/data_set_dbl_split/train/discomfort/1534_M_heh.wav,discomfort/1534_M_heh.wav,discomfort,train,3,gaussian_noise,"{""noise_factor"":0.002270072}",270,8516668045603362674,virtual:aug_c9a2220d059e04f0b186
aug_d39f12bd82dbce584836,rec_6456e2ce88a30a623868,/mnt/d/INFANT CRY/data_set_dbl_split/train/discomfort/dunstan-heh_39.wav,discomfort/dunstan-heh_39.wav,discomfort,train,3,pitch_shift,"{""steps"":2.072591}",271,17577136479120607927,virtual:aug_d39f12bd82dbce584836
aug_c12d7d86dc2b46e10045,rec_98b16899c96800087607,/mnt/d/INFANT CRY/data_set_dbl_split/train/discomfort/1231_M_heh.wav,discomfort/1231_M_heh.wav,discomfort,train,3,pitch_shift,"{""steps"":-2.00021}",272,11046936689918294298,virtual:aug_c12d7d86dc2b46e10045
aug_1694591596abf9ec158e,rec_333243a7285e8e47127f,/mnt/d/INFANT CRY/data_set_dbl_split/train/discomfort/dunstan-heh_1.wav,discomfort/dunstan-heh_1.wav,discomfort,train,3,time_stretch,"{""rate"":1.216305}",273,11983797240967922326,virtual:aug_1694591596abf9ec158e
aug_6208b40851ad015d1599,rec_60d4a3b0d92ddce6aa04,/mnt/d/INFANT CRY/data_set_dbl_split/train/discomfort/2345_M_heh.wav,discomfort/2345_M_heh.wav,discomfort,train,3,time_stretch,"{""rate"":0.821762}",274,215151644671405096,virtual:aug_6208b40851ad015d1599
aug_847e64becc5d3c2f650e,rec_a6c2687f77e0cf79aef3,/mnt/d/INFANT CRY/data_set_dbl_split/train/discomfort/3175_F_heh.wav,discomfort/3175_F_heh.wav,discomfort,train,3,gaussian_noise,"{""noise_factor"":0.00438426}",275,12764293423682356813,virtual:aug_847e64becc5d3c2f650e
aug_536101c086d288eb599a,rec_3ceb873c0c1383aaf2d1,/mnt/d/INFANT CRY/data_set_dbl_split/train/discomfort/1860_M_heh.wav,discomfort/1860_M_heh.wav,discomfort,train,3,pitch_shift,"{""steps"":0.909095}",276,15392740766948504084,virtual:aug_536101c086d288eb599a
aug_c2dc32c09d26be9e9d09,rec_52da117b101c516c1c42,/mnt/d/INFANT CRY/data_set_dbl_split/train/discomfort/4262_M_heh.wav,discomfort/4262_M_heh.wav,discomfort,train,3,pitch_shift,"{""steps"":-1.135808}",277,2767340205199646986,virtual:aug_c2dc32c09d26be9e9d09
aug_981fef633183b22bd5fc,rec_9185eef7e2aecebfb720,/mnt/d/INFANT CRY/data_set_dbl_split/train/discomfort/735_M_heh.wav,discomfort/735_M_heh.wav,discomfort,train,3,time_stretch,"{""rate"":1.104285}",278,6174236993338967566,virtual:aug_981fef633183b22bd5fc
aug_94d1645eb91941666dbd,rec_122140d62463d7d58e24,/mnt/d/INFANT CRY/data_set_dbl_split/train/discomfort/3369_F_heh.wav,discomfort/3369_F_heh.wav,discomfort,train,3,time_stretch,"{""rate"":0.912944}",279,3201727616014717981,virtual:aug_94d1645eb91941666dbd
aug_6da263c72d5f7d3e727c,rec_7d53ec14d0de07ba9f29,/mnt/d/INFANT CRY/data_set_dbl_split/train/discomfort/3083_M_heh.wav,discomfort/3083_M_heh.wav,discomfort,train,3,time_shift,"{""fraction"":-0.0780086}",280,2500937925233497130,virtual:aug_6da263c72d5f7d3e727c
aug_1436368005ba8b3488d1,rec_d4374ee440aee747b757,/mnt/d/INFANT CRY/data_set_dbl_split/train/discomfort/dunstan-heh_11.wav,discomfort/dunstan-heh_11.wav,discomfort,train,3,gaussian_noise,"{""noise_factor"":0.002490237}",281,4031698818190092183,virtual:aug_1436368005ba8b3488d1
aug_e69f3cd70cb0ca3a6d8a,rec_aafac0f86f7d823eb681,/mnt/d/INFANT CRY/data_set_dbl_split/train/discomfort/2856_M_heh.wav,discomfort/2856_M_heh.wav,discomfort,train,3,pitch_shift,"{""steps"":1.94699}",282,6238585243133291546,virtual:aug_e69f3cd70cb0ca3a6d8a
aug_03366216b94abf16d1a0,rec_1f3d7360241859021509,/mnt/d/INFANT CRY/data_set_dbl_split/train/discomfort/1192_M_heh.wav,discomfort/1192_M_heh.wav,discomfort,train,3,pitch_shift,"{""steps"":-1.863219}",283,16543798087732886486,virtual:aug_03366216b94abf16d1a0
aug_1670e00703033309a688,rec_01d818a8f633482ae893,/mnt/d/INFANT CRY/data_set_dbl_split/train/discomfort/2800_M_heh.wav,discomfort/2800_M_heh.wav,discomfort,train,3,time_stretch,"{""rate"":1.198036}",284,7308236501136790960,virtual:aug_1670e00703033309a688
aug_54beaae194488f367d7a,rec_5dd030b8afd73faf7e6d,/mnt/d/INFANT CRY/data_set_dbl_split/train/discomfort/dunstan-heh_48.wav,discomfort/dunstan-heh_48.wav,discomfort,train,3,time_stretch,"{""rate"":0.799891}",285,2600889328133252797,virtual:aug_54beaae194488f367d7a
aug_da96bffad359de4c66f5,rec_3d99f5ba8607ab46d834,/mnt/d/INFANT CRY/data_set_dbl_split/train/discomfort/dunstan-heh_6.wav,discomfort/dunstan-heh_6.wav,discomfort,train,3,gaussian_noise,"{""noise_factor"":0.005284824}",286,14616925680499169941,virtual:aug_da96bffad359de4c66f5
aug_8622daec2f2a0124bda3,rec_c28fa0cb46f2cf6051d8,/mnt/d/INFANT CRY/data_set_dbl_split/train/discomfort/dunstan-heh_18.wav,discomfort/dunstan-heh_18.wav,discomfort,train,3,pitch_shift,"{""steps"":1.037046}",287,4626811459931953941,virtual:aug_8622daec2f2a0124bda3
aug_d5e815a1edd079855386,rec_16c3c32dab93b50e898e,/mnt/d/INFANT CRY/data_set_dbl_split/train/discomfort/812_F_heh.wav,discomfort/812_F_heh.wav,discomfort,train,3,pitch_shift,"{""steps"":-0.8804}",288,14647462699614583556,virtual:aug_d5e815a1edd079855386
aug_16badad979c82de8c608,rec_6eb0928d100be618ab76,/mnt/d/INFANT CRY/data_set_dbl_split/train/discomfort/3451_M_heh.wav,discomfort/3451_M_heh.wav,discomfort,train,3,time_stretch,"{""rate"":1.116159}",289,49832715100950169,virtual:aug_16badad979c82de8c608
aug_94d4506bcc02af988d3b,rec_76a42152121fc3becc5b,/mnt/d/INFANT CRY/data_set_dbl_split/train/discomfort/3729_M_heh.wav,discomfort/3729_M_heh.wav,discomfort,train,3,time_stretch,"{""rate"":0.923142}",290,16325011724842298888,virtual:aug_94d4506bcc02af988d3b
aug_4084c62fcff91a4b1c51,rec_371bb1b9e4f734680eb6,/mnt/d/INFANT CRY/data_set_dbl_split/train/discomfort/3298_M_heh.wav,discomfort/3298_M_heh.wav,discomfort,train,3,time_shift,"{""fraction"":0.0314386}",291,5861996453395601322,virtual:aug_4084c62fcff91a4b1c51
aug_ad800e02d6ac7492c393,rec_51daa75d6cee602ab3c8,/mnt/d/INFANT CRY/data_set_dbl_split/train/discomfort/dunstan-heh_29.wav,discomfort/dunstan-heh_29.wav,discomfort,train,3,gaussian_noise,"{""noise_factor"":0.002386269}",292,4685277184938048773,virtual:aug_ad800e02d6ac7492c393
aug_8056b6e8c4864f49288c,rec_c30ffcebec910157af48,/mnt/d/INFANT CRY/data_set_dbl_split/train/discomfort/1196_M_heh.wav,discomfort/1196_M_heh.wav,discomfort,train,3,pitch_shift,"{""steps"":1.865068}",293,532474879901971866,virtual:aug_8056b6e8c4864f49288c
aug_6e66b4d78c3953795aa5,rec_6750c27eac310fed8c87,/mnt/d/INFANT CRY/data_set_dbl_split/train/discomfort/203_F_heh.wav,discomfort/203_F_heh.wav,discomfort,train,3,pitch_shift,"{""steps"":-1.995109}",294,5895230969375369541,virtual:aug_6e66b4d78c3953795aa5
aug_0537fba5366cd4b03ba2,rec_37d2c4c05305ba71470e,/mnt/d/INFANT CRY/data_set_dbl_split/train/discomfort/902_M_heh.wav,discomfort/902_M_heh.wav,discomfort,train,3,time_stretch,"{""rate"":1.189291}",295,9384073134923189314,virtual:aug_0537fba5366cd4b03ba2
aug_f4177b2a470dd6d5325c,rec_f4d28e0fc9542a590b34,/mnt/d/INFANT CRY/data_set_dbl_split/train/discomfort/3844_M_heh.wav,discomfort/3844_M_heh.wav,discomfort,train,3,time_stretch,"{""rate"":0.775263}",296,5304116462603799939,virtual:aug_f4177b2a470dd6d5325c
aug_1978763e1dbf248a18a7,rec_c5ca2cddf85a72e0dc56,/mnt/d/INFANT CRY/data_set_dbl_split/train/discomfort/4782_M_heh.wav,discomfort/4782_M_heh.wav,discomfort,train,3,gaussian_noise,"{""noise_factor"":0.00490266}",297,6528359166175092309,virtual:aug_1978763e1dbf248a18a7
aug_87470194c5838dfbdfd6,rec_33f6d238ac51ca9e5758,/mnt/d/INFANT CRY/data_set_dbl_split/train/discomfort/3623_F_heh.wav,discomfort/3623_F_heh.wav,discomfort,train,3,pitch_shift,"{""steps"":0.933126}",298,15348044065075992924,virtual:aug_87470194c5838dfbdfd6
aug_ef0d56220856ccc644f4,rec_b4327cfdcef8a6d08926,/mnt/d/INFANT CRY/data_set_dbl_split/train/discomfort/4422_M_heh.wav,discomfort/4422_M_heh.wav,discomfort,train,3,pitch_shift,"{""steps"":-1.102435}",299,16607938724571356233,virtual:aug_ef0d56220856ccc644f4
aug_9e920ba70f4c996404d4,rec_3ea9d39bb4edc68fdf50,/mnt/d/INFANT CRY/data_set_dbl_split/train/discomfort/3719_M_heh.wav,discomfort/3719_M_heh.wav,discomfort,train,3,time_stretch,"{""rate"":1.091771}",300,6248354237600008630,virtual:aug_9e920ba70f4c996404d4
aug_eb82f6e1cdfe6c06156a,rec_8531260c58ed47ae96f8,/mnt/d/INFANT CRY/data_set_dbl_split/train/discomfort/2588_F_heh.wav,discomfort/2588_F_heh.wav,discomfort,train,3,time_stretch,"{""rate"":0.884952}",301,11035313254667898973,virtual:aug_eb82f6e1cdfe6c06156a
aug_d4306db432ea05bbda35,rec_823255df478a0f9da394,/mnt/d/INFANT CRY/data_set_dbl_split/train/discomfort/2948_M_heh.wav,discomfort/2948_M_heh.wav,discomfort,train,3,time_shift,"{""fraction"":0.0448866}",302,9330794299732235490,virtual:aug_d4306db432ea05bbda35
aug_6a5542523eb80f529875,rec_00aeffb9aa41099dc5e5,/mnt/d/INFANT CRY/data_set_dbl_split/train/discomfort/4084_M_heh.wav,discomfort/4084_M_heh.wav,discomfort,train,3,gaussian_noise,"{""noise_factor"":0.002498814}",303,7174490243569205875,virtual:aug_6a5542523eb80f529875
aug_a1e4e0cfa05b1135f02f,rec_02ea82f3316cb050f905,/mnt/d/INFANT CRY/data_set_dbl_split/train/discomfort/1826_F_heh.wav,discomfort/1826_F_heh.wav,discomfort,train,3,pitch_shift,"{""steps"":1.855927}",304,2926095983801898139,virtual:aug_a1e4e0cfa05b1135f02f
aug_f1ccd6c979da407beb00,rec_8c9bd93d6cae8287536e,/mnt/d/INFANT CRY/data_set_dbl_split/train/discomfort/2802_M_heh.wav,discomfort/2802_M_heh.wav,discomfort,train,3,pitch_shift,"{""steps"":-2.122827}",305,11985495201784905763,virtual:aug_f1ccd6c979da407beb00
aug_6dc276c6dac5553ebd35,rec_0aa9e91ac3fcb2b11225,/mnt/d/INFANT CRY/data_set_dbl_split/train/discomfort/4177_M_heh.wav,discomfort/4177_M_heh.wav,discomfort,train,3,time_stretch,"{""rate"":1.219458}",306,3289547116717210408,virtual:aug_6dc276c6dac5553ebd35
aug_9d4ca1adfb5deabce3df,rec_cf665a8d5d04d0e150ed,/mnt/d/INFANT CRY/data_set_dbl_split/train/discomfort/3643_M_heh.wav,discomfort/3643_M_heh.wav,discomfort,train,3,time_stretch,"{""rate"":0.806647}",307,16626446043567966773,virtual:aug_9d4ca1adfb5deabce3df
aug_2e74dd7b5f91fc584728,rec_af6446fc5d9db7acb66b,/mnt/d/INFANT CRY/data_set_dbl_split/train/discomfort/2409_M_heh.wav,discomfort/2409_M_heh.wav,discomfort,train,3,gaussian_noise,"{""noise_factor"":0.004479132}",308,8491010827980521305,virtual:aug_2e74dd7b5f91fc584728
aug_059f8ccff4f30af2f10f,rec_542e505927d446598565,/mnt/d/INFANT CRY/data_set_dbl_split/train/discomfort/3815_F_heh.wav,discomfort/3815_F_heh.wav,discomfort,train,3,pitch_shift,"{""steps"":0.980573}",309,3323409571775478875,virtual:aug_059f8ccff4f30af2f10f
aug_48366ddaaabecaa901bb,rec_8e8cba3c6a2d7b965e01,/mnt/d/INFANT CRY/data_set_dbl_split/train/discomfort/4203_M_heh.wav,discomfort/4203_M_heh.wav,discomfort,train,3,pitch_shift,"{""steps"":-1.029695}",310,12901431072210992415,virtual:aug_48366ddaaabecaa901bb
aug_490281dfb9cc6ec56c8c,rec_bb84d05c8dfb27a04662,/mnt/d/INFANT CRY/data_set_dbl_split/train/discomfort/507_M_heh.wav,discomfort/507_M_heh.wav,discomfort,train,3,time_stretch,"{""rate"":1.083425}",311,7477343099095365141,virtual:aug_490281dfb9cc6ec56c8c
aug_3a94770e3ce17a152e65,rec_2c14edaf86afba716162,/mnt/d/INFANT CRY/data_set_dbl_split/train/discomfort/dunstan-heh_17.wav,discomfort/dunstan-heh_17.wav,discomfort,train,3,time_stretch,"{""rate"":0.907492}",312,16194378042766375714,virtual:aug_3a94770e3ce17a152e65
aug_aa68ea0de47bd21f2a4b,rec_9362bfdd724c2e4f3f5f,/mnt/d/INFANT CRY/data_set_dbl_split/train/discomfort/dunstan-heh_21.wav,discomfort/dunstan-heh_21.wav,discomfort,train,3,time_shift,"{""fraction"":0.0736108}",313,10845417148352562328,virtual:aug_aa68ea0de47bd21f2a4b
aug_9093328049cbdc2441ed,rec_09d3a8609a2587658b70,/mnt/d/INFANT CRY/data_set_dbl_split/train/discomfort/4818_M_heh.wav,discomfort/4818_M_heh.wav,discomfort,train,3,gaussian_noise,"{""noise_factor"":0.002294572}",314,7063030849654997000,virtual:aug_9093328049cbdc2441ed
aug_70caa750f4f19b603fc8,rec_428d00d3f563fd3b0b6f,/mnt/d/INFANT CRY/data_set_dbl_split/train/discomfort/dunstan-heh_4.wav,discomfort/dunstan-heh_4.wav,discomfort,train,3,pitch_shift,"{""steps"":1.975759}",315,7771240970424410220,virtual:aug_70caa750f4f19b603fc8
aug_24e7c6c513c9ccaf83c6,rec_130b876cf3e8042dbaaf,/mnt/d/INFANT CRY/data_set_dbl_split/train/discomfort/dunstan-heh_5.wav,discomfort/dunstan-heh_5.wav,discomfort,train,3,pitch_shift,"{""steps"":-2.153551}",316,15636044592100038161,virtual:aug_24e7c6c513c9ccaf83c6
aug_fd264300bf5f02a8fba0,rec_0d4c7e9d16ffe8d1bbff,/mnt/d/INFANT CRY/data_set_dbl_split/train/discomfort/3468_F_heh.wav,discomfort/3468_F_heh.wav,discomfort,train,3,time_stretch,"{""rate"":1.181474}",317,4332086310955661905,virtual:aug_fd264300bf5f02a8fba0
aug_70fdc6899ce79141505d,rec_1e1cf13b4d1b84eb706c,/mnt/d/INFANT CRY/data_set_dbl_split/train/discomfort/dunstan-heh_37.wav,discomfort/dunstan-heh_37.wav,discomfort,train,3,time_stretch,"{""rate"":0.817051}",318,14500819697577100170,virtual:aug_70fdc6899ce79141505d
aug_ff77f31b2fe0f39375a0,rec_128a836f9d7c0c3800f8,/mnt/d/INFANT CRY/data_set_dbl_split/train/discomfort/3009_M_heh.wav,discomfort/3009_M_heh.wav,discomfort,train,3,gaussian_noise,"{""noise_factor"":0.005057173}",319,8724735952850258410,virtual:aug_ff77f31b2fe0f39375a0
aug_4d0ab2c45d632702ecd3,rec_c66c61c76109180f4ea4,/mnt/d/INFANT CRY/data_set_dbl_split/train/discomfort/592_M_heh.wav,discomfort/592_M_heh.wav,discomfort,train,3,pitch_shift,"{""steps"":0.849394}",320,13641269752896773869,virtual:aug_4d0ab2c45d632702ecd3
aug_5a25b13ece6efd81525d,rec_0655eee816f825bf3d59,/mnt/d/INFANT CRY/data_set_dbl_split/train/discomfort/2814_F_heh.wav,discomfort/2814_F_heh.wav,discomfort,train,3,pitch_shift,"{""steps"":-1.118122}",321,10813336097914407500,virtual:aug_5a25b13ece6efd81525d
aug_8440dfbf23c1a1c2b6c9,rec_535c552a0776b718850f,/mnt/d/INFANT CRY/data_set_dbl_split/train/discomfort/1266_M_heh.wav,discomfort/1266_M_heh.wav,discomfort,train,3,time_stretch,"{""rate"":1.083012}",322,2112458165898935104,virtual:aug_8440dfbf23c1a1c2b6c9
aug_30a4793165573346b96d,rec_3f52b4d2fc987b097465,/mnt/d/INFANT CRY/data_set_dbl_split/train/discomfort/362_M_heh.wav,discomfort/362_M_heh.wav,discomfort,train,3,time_stretch,"{""rate"":0.879636}",323,3752884498896455620,virtual:aug_30a4793165573346b96d
aug_e7b40c154d9d0e7a3fa5,rec_f764034287a4370b136d,/mnt/d/INFANT CRY/data_set_dbl_split/train/discomfort/4290_F_heh.wav,discomfort/4290_F_heh.wav,discomfort,train,3,time_shift,"{""fraction"":0.0387846}",324,11339089082995677374,virtual:aug_e7b40c154d9d0e7a3fa5
aug_a7cf76dfd7b2943bac4e,rec_43d212cc278f3fa7f39d,/mnt/d/INFANT CRY/data_set_dbl_split/train/discomfort/2128_M_heh.wav,discomfort/2128_M_heh.wav,discomfort,train,3,gaussian_noise,"{""noise_factor"":0.002505159}",325,1072421434271942992,virtual:aug_a7cf76dfd7b2943bac4e
aug_7338c0d9bf9c0dd8ae9b,rec_8d9f61ce303defbfc361,/mnt/d/INFANT CRY/data_set_dbl_split/train/discomfort/3409_M_heh.wav,discomfort/3409_M_heh.wav,discomfort,train,3,pitch_shift,"{""steps"":2.165142}",326,8811687215782243296,virtual:aug_7338c0d9bf9c0dd8ae9b
aug_bf06785b4f3e5c57f00e,rec_158ce180cdd2526ffa91,/mnt/d/INFANT CRY/data_set_dbl_split/train/discomfort/2895_M_heh.wav,discomfort/2895_M_heh.wav,discomfort,train,3,pitch_shift,"{""steps"":-2.103937}",327,13510242726855455967,virtual:aug_bf06785b4f3e5c57f00e
aug_c0f92d9f9d626fdfdb51,rec_9bd40eced9885796e2fa,/mnt/d/INFANT CRY/data_set_dbl_split/train/discomfort/4424_F_heh.wav,discomfort/4424_F_heh.wav,discomfort,train,3,time_stretch,"{""rate"":1.200395}",328,8228067200610039038,virtual:aug_c0f92d9f9d626fdfdb51
aug_a6794858da2e879a9183,rec_aeb79fc9b0c45b64f93c,/mnt/d/INFANT CRY/data_set_dbl_split/train/discomfort/4790_M_heh.wav,discomfort/4790_M_heh.wav,discomfort,train,3,time_stretch,"{""rate"":0.816507}",329,6355137511802071851,virtual:aug_a6794858da2e879a9183
aug_335af17a58dd6e7317b1,rec_0added8756718f697995,/mnt/d/INFANT CRY/data_set_dbl_split/train/discomfort/2085_M_heh.wav,discomfort/2085_M_heh.wav,discomfort,train,3,gaussian_noise,"{""noise_factor"":0.005743138}",330,9222070428460257037,virtual:aug_335af17a58dd6e7317b1
aug_0bf464f1ea202ed493b1,rec_85dab9312e9b8aabaa62,/mnt/d/INFANT CRY/data_set_dbl_split/train/discomfort/4756_F_heh.wav,discomfort/4756_F_heh.wav,discomfort,train,3,pitch_shift,"{""steps"":1.177605}",331,12362656040209417745,virtual:aug_0bf464f1ea202ed493b1
aug_8ecae00828cc17cde851,rec_47ad8a2ec8f931f1904d,/mnt/d/INFANT CRY/data_set_dbl_split/train/discomfort/dunstan-heh_13.wav,discomfort/dunstan-heh_13.wav,discomfort,train,3,pitch_shift,"{""steps"":-1.142925}",332,6892584602484983389,virtual:aug_8ecae00828cc17cde851
aug_fbebe806819ddc284d52,rec_324edc9ef55f934ac4b2,/mnt/d/INFANT CRY/data_set_dbl_split/train/discomfort/2431_M_heh.wav,discomfort/2431_M_heh.wav,discomfort,train,3,time_stretch,"{""rate"":1.075157}",333,2985172379634768044,virtual:aug_fbebe806819ddc284d52
aug_fe17d78d63b93faa4b00,rec_6bbd0237afd88cf9b3c1,/mnt/d/INFANT CRY/data_set_dbl_split/train/discomfort/3795_M_heh.wav,discomfort/3795_M_heh.wav,discomfort,train,3,time_stretch,"{""rate"":0.916644}",334,3227570651871815999,virtual:aug_fe17d78d63b93faa4b00
aug_01e80cac22c7d647baca,rec_c95f02818a4bfa9ef8b9,/mnt/d/INFANT CRY/data_set_dbl_split/train/discomfort/4041_M_heh.wav,discomfort/4041_M_heh.wav,discomfort,train,3,time_shift,"{""fraction"":-0.0329536}",335,12677846666111808726,virtual:aug_01e80cac22c7d647baca
aug_56a7687242671914b234,rec_f4d972ce5aa401717524,/mnt/d/INFANT CRY/data_set_dbl_split/train/discomfort/dunstan-heh_56.wav,discomfort/dunstan-heh_56.wav,discomfort,train,3,gaussian_noise,"{""noise_factor"":0.002704802}",336,14433932415380262975,virtual:aug_56a7687242671914b234
aug_ffd26d214249db949a3a,rec_a6a97d51ada1af8e637e,/mnt/d/INFANT CRY/data_set_dbl_split/train/discomfort/3989_M_heh.wav,discomfort/3989_M_heh.wav,discomfort,train,3,pitch_shift,"{""steps"":1.970342}",337,3486348731022009531,virtual:aug_ffd26d214249db949a3a
aug_4de35513e1dfbb9d4eab,rec_d252f8e43bac8a94460c,/mnt/d/INFANT CRY/data_set_dbl_split/train/discomfort/1656_M_heh.wav,discomfort/1656_M_heh.wav,discomfort,train,3,pitch_shift,"{""steps"":-1.948202}",338,13812008712527821806,virtual:aug_4de35513e1dfbb9d4eab
aug_4f880cc9ee2ebcb75e2a,rec_e0a54a38ab9d7b6d3830,/mnt/d/INFANT CRY/data_set_dbl_split/train/hungry/463_M_neh.wav,hungry/463_M_neh.wav,hungry,train,3,gaussian_noise,"{""noise_factor"":0.004695153}",0,13744764416035658556,virtual:aug_4f880cc9ee2ebcb75e2a
aug_7ab8f6cc604572493ace,rec_db35c613515374caf95f,/mnt/d/INFANT CRY/data_set_dbl_split/train/hungry/dunstan-neh_21.wav,hungry/dunstan-neh_21.wav,hungry,train,3,pitch_shift,"{""steps"":0.991145}",1,316235658427410613,virtual:aug_7ab8f6cc604572493ace
aug_2800a88828a828e388f7,rec_2cfbeb91a2cd57cedc7d,/mnt/d/INFANT CRY/data_set_dbl_split/train/hungry/4300_M_neh.wav,hungry/4300_M_neh.wav,hungry,train,3,pitch_shift,"{""steps"":-0.966533}",2,15531531613524997690,virtual:aug_2800a88828a828e388f7
aug_1f10181de7ede52207ac,rec_3eeb6dcac3167d9919e6,/mnt/d/INFANT CRY/data_set_dbl_split/train/hungry/4221_M_neh.wav,hungry/4221_M_neh.wav,hungry,train,3,time_stretch,"{""rate"":1.09886}",3,11970533034013036414,virtual:aug_1f10181de7ede52207ac
aug_45ac2ecc20901b0688d0,rec_0ebec3765679d0d21c7c,/mnt/d/INFANT CRY/data_set_dbl_split/train/hungry/dunstan-neh_11.wav,hungry/dunstan-neh_11.wav,hungry,train,3,time_stretch,"{""rate"":0.89078}",4,8915321203805652135,virtual:aug_45ac2ecc20901b0688d0
aug_6a99ee7cf9f1ef99511a,rec_7c3c65da7a88a56a3da5,/mnt/d/INFANT CRY/data_set_dbl_split/train/hungry/dunstan-neh_38.wav,hungry/dunstan-neh_38.wav,hungry,train,3,time_shift,"{""fraction"":0.0086149}",5,6205722745764882700,virtual:aug_6a99ee7cf9f1ef99511a
aug_524d67b9d023076dfcd3,rec_877d2010d59db49c24c5,/mnt/d/INFANT CRY/data_set_dbl_split/train/hungry/3844_F_neh.wav,hungry/3844_F_neh.wav,hungry,train,3,gaussian_noise,"{""noise_factor"":0.002287752}",6,16013976195949504687,virtual:aug_524d67b9d023076dfcd3
aug_55d7999da2e441984634,rec_85357352a774e2f015c1,/mnt/d/INFANT CRY/data_set_dbl_split/train/hungry/3809_M_neh.wav,hungry/3809_M_neh.wav,hungry,train,3,pitch_shift,"{""steps"":1.855532}",7,16984110177699926432,virtual:aug_55d7999da2e441984634
aug_de7c2d3b9da03c03a9ac,rec_2ff671b1852890e69b00,/mnt/d/INFANT CRY/data_set_dbl_split/train/hungry/3044_M_neh.wav,hungry/3044_M_neh.wav,hungry,train,3,pitch_shift,"{""steps"":-2.199811}",8,13913403739814165763,virtual:aug_de7c2d3b9da03c03a9ac
aug_c9b0e7acc6733ed4cedf,rec_c5c7cc4019b6615df3ec,/mnt/d/INFANT CRY/data_set_dbl_split/train/hungry/377_F_neh.wav,hungry/377_F_neh.wav,hungry,train,3,time_stretch,"{""rate"":1.213088}",9,5406822237317469997,virtual:aug_c9b0e7acc6733ed4cedf
aug_1e165aa8def47d9b0929,rec_e6f7616af9e95806b13f,/mnt/d/INFANT CRY/data_set_dbl_split/train/hungry/dunstan-neh_37.wav,hungry/dunstan-neh_37.wav,hungry,train,3,time_stretch,"{""rate"":0.799339}",10,16118205354342916594,virtual:aug_1e165aa8def47d9b0929
aug_6248f0c119469857697f,rec_1ead87a594d0546fc079,/mnt/d/INFANT CRY/data_set_dbl_split/train/hungry/dunstan-neh_51.wav,hungry/dunstan-neh_51.wav,hungry,train,3,gaussian_noise,"{""noise_factor"":0.005154531}",11,762739179781343279,virtual:aug_6248f0c119469857697f
aug_6b7fb52644b84b54a84b,rec_35a8fd627f0a52683c6c,/mnt/d/INFANT CRY/data_set_dbl_split/train/hungry/961_M_neh.wav,hungry/961_M_neh.wav,hungry,train,3,pitch_shift,"{""steps"":0.838197}",12,7262173734320660676,virtual:aug_6b7fb52644b84b54a84b
aug_f542cf405cb65acd7600,rec_93a6be1a88f70e583f68,/mnt/d/INFANT CRY/data_set_dbl_split/train/hungry/3384_F_neh.wav,hungry/3384_F_neh.wav,hungry,train,3,pitch_shift,"{""steps"":-1.061249}",13,17264576114157857624,virtual:aug_f542cf405cb65acd7600
aug_5f0fa9bc7fdaa335fc7a,rec_40337147c7cdb9b1f04e,/mnt/d/INFANT CRY/data_set_dbl_split/train/hungry/2515_M_neh.wav,hungry/2515_M_neh.wav,hungry,train,3,time_stretch,"{""rate"":1.105034}",14,9109527577390908254,virtual:aug_5f0fa9bc7fdaa335fc7a
aug_59d51a9ecf5a221a444b,rec_9fda6433c0cfb05ba603,/mnt/d/INFANT CRY/data_set_dbl_split/train/hungry/2790_M_neh.wav,hungry/2790_M_neh.wav,hungry,train,3,time_stretch,"{""rate"":0.886099}",15,1434317543599510580,virtual:aug_59d51a9ecf5a221a444b
aug_ec360f9047fb8151eab4,rec_93046bbf5c1dea64bf5e,/mnt/d/INFANT CRY/data_set_dbl_split/train/hungry/833_M_neh.wav,hungry/833_M_neh.wav,hungry,train,3,time_shift,"{""fraction"":-0.0254497}",16,9459958758277109503,virtual:aug_ec360f9047fb8151eab4
aug_bb3ea5756524cb6e3c68,rec_d478f03cf1d2daecb690,/mnt/d/INFANT CRY/data_set_dbl_split/train/hungry/2011_M_neh.wav,hungry/2011_M_neh.wav,hungry,train,3,gaussian_noise,"{""noise_factor"":0.00245014}",17,8423921736016245869,virtual:aug_bb3ea5756524cb6e3c68
aug_d047fc116d033aabc7d2,rec_e55a34a72fedfd7e840d,/mnt/d/INFANT CRY/data_set_dbl_split/train/hungry/dunstan-neh_12.wav,hungry/dunstan-neh_12.wav,hungry,train,3,pitch_shift,"{""steps"":2.112549}",18,11255992480277554167,virtual:aug_d047fc116d033aabc7d2
aug_865db6c1e15c213f00da,rec_f671c2c6395fe494c784,/mnt/d/INFANT CRY/data_set_dbl_split/train/hungry/2160_F_neh.wav,hungry/2160_F_neh.wav,hungry,train,3,pitch_shift,"{""steps"":-1.868706}",19,15461982588010594398,virtual:aug_865db6c1e15c213f00da
aug_23d1643a34a27c1fe803,rec_8f4ae3b0a43cca27a403,/mnt/d/INFANT CRY/data_set_dbl_split/train/hungry/dunstan-neh_39.wav,hungry/dunstan-neh_39.wav,hungry,train,3,time_stretch,"{""rate"":1.182564}",20,15169471112122680964,virtual:aug_23d1643a34a27c1fe803
aug_310e6023059d4d1d2bd1,rec_82f5f9b88b7fc28f0a7c,/mnt/d/INFANT CRY/data_set_dbl_split/train/hungry/dunstan-neh_6.wav,hungry/dunstan-neh_6.wav,hungry,train,3,time_stretch,"{""rate"":0.802349}",21,13529626462866993503,virtual:aug_310e6023059d4d1d2bd1
aug_69e6417e25e773258a1e,rec_bbd412cfa7ef42afdb4b,/mnt/d/INFANT CRY/data_set_dbl_split/train/hungry/25_M_neh.wav,hungry/25_M_neh.wav,hungry,train,3,gaussian_noise,"{""noise_factor"":0.00549317}",22,13956356504277385090,virtual:aug_69e6417e25e773258a1e
aug_883203eaeb7d264e08cb,rec_d9f72db0ab671c11e601,/mnt/d/INFANT CRY/data_set_dbl_split/train/hungry/3800_M_neh.wav,hungry/3800_M_neh.wav,hungry,train,3,pitch_shift,"{""steps"":1.068899}",23,6532409854528649021,virtual:aug_883203eaeb7d264e08cb
aug_d2cad2d58d23706d4756,rec_674a9d5caada9832f371,/mnt/d/INFANT CRY/data_set_dbl_split/train/hungry/3830_M_neh.wav,hungry/3830_M_neh.wav,hungry,train,3,pitch_shift,"{""steps"":-1.003437}",24,2823832426069424849,virtual:aug_d2cad2d58d23706d4756
aug_cc7cce60480d76fa2765,rec_b6b8af0ffd9a4ace9287,/mnt/d/INFANT CRY/data_set_dbl_split/train/hungry/1122_M_neh.wav,hungry/1122_M_neh.wav,hungry,train,3,time_stretch,"{""rate"":1.093665}",25,13727662854188021052,virtual:aug_cc7cce60480d76fa2765
aug_ce7580204ebebb0957a8,rec_0219106d49c86a8ef26c,/mnt/d/INFANT CRY/data_set_dbl_split/train/hungry/dunstan-neh_72.wav,hungry/dunstan-neh_72.wav,hungry,train,3,time_stretch,"{""rate"":0.918018}",26,11523070192931947731,virtual:aug_ce7580204ebebb0957a8
aug_9c728910183d718d567a,rec_c54b65ed121bcd33064a,/mnt/d/INFANT CRY/data_set_dbl_split/train/hungry/dunstan-neh_33.wav,hungry/dunstan-neh_33.wav,hungry,train,3,time_shift,"{""fraction"":-0.0883177}",27,16392534925810021188,virtual:aug_9c728910183d718d567a
aug_427009e49080dae58719,rec_6a6e66f89a8a4d5d6593,/mnt/d/INFANT CRY/data_set_dbl_split/train/hungry/4908_M_neh.wav,hungry/4908_M_neh.wav,hungry,train,3,gaussian_noise,"{""noise_factor"":0.002328106}",28,12668163156643890470,virtual:aug_427009e49080dae58719
aug_97abba14fc5a4829f722,rec_999b11113921ddf86a11,/mnt/d/INFANT CRY/data_set_dbl_split/train/hungry/4652_M_neh.wav,hungry/4652_M_neh.wav,hungry,train,3,pitch_shift,"{""steps"":1.992822}",29,15792770033061592849,virtual:aug_97abba14fc5a4829f722
aug_810fa3098b658386e14e,rec_882649d0e1d9fb0fbaf3,/mnt/d/INFANT CRY/data_set_dbl_split/train/hungry/dunstan-neh_16.wav,hungry/dunstan-neh_16.wav,hungry,train,3,pitch_shift,"{""steps"":-1.852535}",30,4243557484043475857,virtual:aug_810fa3098b658386e14e
aug_9a101612ddd4392c4378,rec_863f55a8b59a50be7319,/mnt/d/INFANT CRY/data_set_dbl_split/train/hungry/2297_F_neh.wav,hungry/2297_F_neh.wav,hungry,train,3,time_stretch,"{""rate"":1.219008}",31,13687802474384358273,virtual:aug_9a101612ddd4392c4378
aug_ce65ff90446fcba9366a,rec_483da636af8546408bfa,/mnt/d/INFANT CRY/data_set_dbl_split/train/hungry/3844_M_neh.wav,hungry/3844_M_neh.wav,hungry,train,3,time_stretch,"{""rate"":0.816796}",32,1569876606854914062,virtual:aug_ce65ff90446fcba9366a
aug_d0eab92641653e5847b1,rec_563bf3b849e217c99c2b,/mnt/d/INFANT CRY/data_set_dbl_split/train/hungry/dunstan-neh_66.wav,hungry/dunstan-neh_66.wav,hungry,train,3,gaussian_noise,"{""noise_factor"":0.004711369}",33,16267441443166098434,virtual:aug_d0eab92641653e5847b1
aug_9dddfcac0fca3e05bef8,rec_572209fcf4431574a106,/mnt/d/INFANT CRY/data_set_dbl_split/train/hungry/1221_M_neh.wav,hungry/1221_M_neh.wav,hungry,train,3,pitch_shift,"{""steps"":0.958554}",34,17492675784808574165,virtual:aug_9dddfcac0fca3e05bef8
aug_2625566f257a204c5e83,rec_631606b7209247dd5eae,/mnt/d/INFANT CRY/data_set_dbl_split/train/hungry/3514_M_neh.wav,hungry/3514_M_neh.wav,hungry,train,3,pitch_shift,"{""steps"":-1.169426}",35,18074608279537787508,virtual:aug_2625566f257a204c5e83
aug_e64c98a7a67f9727ddce,rec_9305bbcd4444176c69fc,/mnt/d/INFANT CRY/data_set_dbl_split/train/hungry/4717_M_neh.wav,hungry/4717_M_neh.wav,hungry,train,3,time_stretch,"{""rate"":1.10853}",36,3721737818110995037,virtual:aug_e64c98a7a67f9727ddce
aug_a06c367fa7008063ce5d,rec_eb761db33bdc0705f83c,/mnt/d/INFANT CRY/data_set_dbl_split/train/hungry/4202_M_neh.wav,hungry/4202_M_neh.wav,hungry,train,3,time_stretch,"{""rate"":0.878052}",37,3951019361686735092,virtual:aug_a06c367fa7008063ce5d
aug_bd8d9e1b62c17b1b1e1a,rec_bd47283574366dba00f9,/mnt/d/INFANT CRY/data_set_dbl_split/train/hungry/3269_M_neh.wav,hungry/3269_M_neh.wav,hungry,train,3,time_shift,"{""fraction"":0.0997016}",38,4852768887864392840,virtual:aug_bd8d9e1b62c17b1b1e1a
aug_14b373258d381696dc2f,rec_d9b715561d9eec5d8809,/mnt/d/INFANT CRY/data_set_dbl_split/train/hungry/754_M_neh.wav,hungry/754_M_neh.wav,hungry,train,3,gaussian_noise,"{""noise_factor"":0.002608106}",39,7540197457451143447,virtual:aug_14b373258d381696dc2f
aug_c4df39f5935c176057d3,rec_751f261c8b1f00b3e786,/mnt/d/INFANT CRY/data_set_dbl_split/train/hungry/4055_M_neh.wav,hungry/4055_M_neh.wav,hungry,train,3,pitch_shift,"{""steps"":2.029993}",40,10276902577909545721,virtual:aug_c4df39f5935c176057d3
aug_092d5518d4653c466f69,rec_12aab60e9a224840d67b,/mnt/d/INFANT CRY/data_set_dbl_split/train/hungry/3988_M_neh.wav,hungry/3988_M_neh.wav,hungry,train,3,pitch_shift,"{""steps"":-2.138744}",41,17132381557856388432,virtual:aug_092d5518d4653c466f69
aug_99ae874b24c8d7a84f0c,rec_aa120f51f1874bfc4566,/mnt/d/INFANT CRY/data_set_dbl_split/train/hungry/3870_M_neh.wav,hungry/3870_M_neh.wav,hungry,train,3,time_stretch,"{""rate"":1.21049}",42,16348932886344089114,virtual:aug_99ae874b24c8d7a84f0c
aug_cbf8201f3ca604a77d76,rec_8a26e0da4af7d57a6c76,/mnt/d/INFANT CRY/data_set_dbl_split/train/hungry/4541_M_neh.wav,hungry/4541_M_neh.wav,hungry,train,3,time_stretch,"{""rate"":0.821206}",43,15585973913709473808,virtual:aug_cbf8201f3ca604a77d76
aug_bacd2ae227c4ef10def2,rec_19f421ef58c3bf799ef8,/mnt/d/INFANT CRY/data_set_dbl_split/train/hungry/99_M_neh.wav,hungry/99_M_neh.wav,hungry,train,3,gaussian_noise,"{""noise_factor"":0.004773461}",44,1622506366599825379,virtual:aug_bacd2ae227c4ef10def2
aug_5e343c699e331a7f311f,rec_0fd521640fdbb5d41b79,/mnt/d/INFANT CRY/data_set_dbl_split/train/hungry/4306_F_neh.wav,hungry/4306_F_neh.wav,hungry,train,3,pitch_shift,"{""steps"":1.014631}",45,7158767451311842249,virtual:aug_5e343c699e331a7f311f
aug_a4065aa61de9648015e5,rec_3ca5af599f5e2d718692,/mnt/d/INFANT CRY/data_set_dbl_split/train/hungry/303_F_neh.wav,hungry/303_F_neh.wav,hungry,train,3,pitch_shift,"{""steps"":-1.085054}",46,15563276835835312087,virtual:aug_a4065aa61de9648015e5
aug_824cab57cdae09f13415,rec_76cce5732b0faa68e759,/mnt/d/INFANT CRY/data_set_dbl_split/train/hungry/dunstan-neh_41.wav,hungry/dunstan-neh_41.wav,hungry,train,3,time_stretch,"{""rate"":1.108488}",47,1738610227057640497,virtual:aug_824cab57cdae09f13415
aug_da634ea3a7d8a4c5102b,rec_2f44b2a29b63c403f247,/mnt/d/INFANT CRY/data_set_dbl_split/train/hungry/516_M_neh.wav,hungry/516_M_neh.wav,hungry,train,3,time_stretch,"{""rate"":0.887694}",48,14599288889885112554,virtual:aug_da634ea3a7d8a4c5102b
aug_5932110f201ccc350103,rec_72f731ddb6a072d3ab85,/mnt/d/INFANT CRY/data_set_dbl_split/train/hungry/964_M_neh.wav,hungry/964_M_neh.wav,hungry,train,3,time_shift,"{""fraction"":0.0439855}",49,1707689746542135782,virtual:aug_5932110f201ccc350103
aug_de4fd390388d17c9e67e,rec_a8ed319ae2c5af1fb4e7,/mnt/d/INFANT CRY/data_set_dbl_split/train/hungry/848_M_neh.wav,hungry/848_M_neh.wav,hungry,train,3,gaussian_noise,"{""noise_factor"":0.002753491}",50,3320678819974370234,virtual:aug_de4fd390388d17c9e67e
aug_3896e9d035afd856b976,rec_9a989ed48e3e18f22982,/mnt/d/INFANT CRY/data_set_dbl_split/train/hungry/dunstan-neh_70.wav,hungry/dunstan-neh_70.wav,hungry,train,3,pitch_shift,"{""steps"":2.120856}",51,17457931281248674715,virtual:aug_3896e9d035afd856b976
aug_16c98df7bfd734037581,rec_5c7b94899a81eecee357,/mnt/d/INFANT CRY/data_set_dbl_split/train/hungry/2973_M_neh.wav,hungry/2973_M_neh.wav,hungry,train,3,pitch_shift,"{""steps"":-1.857988}",52,5235153065855190962,virtual:aug_16c98df7bfd734037581
aug_8f8c96c630f4f5d7d09f,rec_d8deea50d36d9d56286e,/mnt/d/INFANT CRY/data_set_dbl_split/train/hungry/851_M_neh.wav,hungry/851_M_neh.wav,hungry,train,3,time_stretch,"{""rate"":1.215671}",53,9361738242816513364,virtual:aug_8f8c96c630f4f5d7d09f
aug_923247964b921cccef65,rec_30dd61c9506d4c0ad6d5,/mnt/d/INFANT CRY/data_set_dbl_split/train/hungry/1262_F_neh.wav,hungry/1262_F_neh.wav,hungry,train,3,time_stretch,"{""rate"":0.785724}",54,13763070864795356148,virtual:aug_923247964b921cccef65
aug_22f2c4cbe8ede843acd7,rec_2e0608ae3276e423cd26,/mnt/d/INFANT CRY/data_set_dbl_split/train/hungry/704_M_neh.wav,hungry/704_M_neh.wav,hungry,train,3,gaussian_noise,"{""noise_factor"":0.004941788}",55,7670580526552486534,virtual:aug_22f2c4cbe8ede843acd7
aug_33ea3daa36215d8c071c,rec_1d60bd35a759f5a32057,/mnt/d/INFANT CRY/data_set_dbl_split/train/hungry/dunstan-neh_48.wav,hungry/dunstan-neh_48.wav,hungry,train,3,pitch_shift,"{""steps"":1.104978}",56,15366935333426939938,virtual:aug_33ea3daa36215d8c071c
aug_2f4727e6f2cc5f226c8d,rec_843d0ff9482328148496,/mnt/d/INFANT CRY/data_set_dbl_split/train/hungry/4928_M_neh.wav,hungry/4928_M_neh.wav,hungry,train,3,pitch_shift,"{""steps"":-1.077701}",57,6036525945691978834,virtual:aug_2f4727e6f2cc5f226c8d
aug_7ef954b551c3ac9bef55,rec_d063c5f9742a23575dbd,/mnt/d/INFANT CRY/data_set_dbl_split/train/hungry/dunstan-neh_43.wav,hungry/dunstan-neh_43.wav,hungry,train,3,time_stretch,"{""rate"":1.117598}",58,17844448914589231520,virtual:aug_7ef954b551c3ac9bef55
aug_ae9b91183d54dca5cd01,rec_ad350495db62eea85e85,/mnt/d/INFANT CRY/data_set_dbl_split/train/hungry/1236_M_neh.wav,hungry/1236_M_neh.wav,hungry,train,3,time_stretch,"{""rate"":0.904083}",59,11148863901915736911,virtual:aug_ae9b91183d54dca5cd01
aug_b961768b42ad7a302263,rec_2e6b9cce63bb62c81682,/mnt/d/INFANT CRY/data_set_dbl_split/train/hungry/1127_M_neh.wav,hungry/1127_M_neh.wav,hungry,train,3,time_shift,"{""fraction"":0.0163929}",60,5398697984181313051,virtual:aug_b961768b42ad7a302263
aug_fc35a65b40bbf7cbec60,rec_4aeef63044c75c534d96,/mnt/d/INFANT CRY/data_set_dbl_split/train/hungry/2514_M_neh.wav,hungry/2514_M_neh.wav,hungry,train,3,gaussian_noise,"{""noise_factor"":0.002607124}",61,15538885173066564931,virtual:aug_fc35a65b40bbf7cbec60
aug_eabdc9d8eb1b20d947d0,rec_84a379178d9f921361e0,/mnt/d/INFANT CRY/data_set_dbl_split/train/hungry/1123_F_neh.wav,hungry/1123_F_neh.wav,hungry,train,3,pitch_shift,"{""steps"":2.061351}",62,15068573007145378848,virtual:aug_eabdc9d8eb1b20d947d0
aug_eead98f0aea4e1e2f4ae,rec_67bd9b946343aa8c831e,/mnt/d/INFANT CRY/data_set_dbl_split/train/hungry/1401_F_neh.wav,hungry/1401_F_neh.wav,hungry,train,3,pitch_shift,"{""steps"":-2.014135}",63,12231245554091469775,virtual:aug_eead98f0aea4e1e2f4ae
aug_7155b950b677e387a345,rec_2972e6c8e16512407617,/mnt/d/INFANT CRY/data_set_dbl_split/train/hungry/290_M_neh.wav,hungry/290_M_neh.wav,hungry,train,3,time_stretch,"{""rate"":1.196711}",64,17478661796138657278,virtual:aug_7155b950b677e387a345
aug_31ee55aaf24132d6af75,rec_adb4bfea9da208dd77b4,/mnt/d/INFANT CRY/data_set_dbl_split/train/hungry/2581_F_neh.wav,hungry/2581_F_neh.wav,hungry,train,3,time_stretch,"{""rate"":0.786706}",65,6364258824925440415,virtual:aug_31ee55aaf24132d6af75
aug_993ac3d30ce066745cd0,rec_9cac5ed43c5a7d7d1eff,/mnt/d/INFANT CRY/data_set_dbl_split/train/hungry/1200_M_neh.wav,hungry/1200_M_neh.wav,hungry,train,3,gaussian_noise,"{""noise_factor"":0.004363521}",66,5164743291732212974,virtual:aug_993ac3d30ce066745cd0
aug_73784b57ae4cb591994e,rec_74b7b7b269cccff509b6,/mnt/d/INFANT CRY/data_set_dbl_split/train/hungry/3478_M_neh.wav,hungry/3478_M_neh.wav,hungry,train,3,pitch_shift,"{""steps"":1.036907}",67,12266419431181347181,virtual:aug_73784b57ae4cb591994e
aug_7a29c095a1335cf58884,rec_e4ad00feb28f4c6c7b7c,/mnt/d/INFANT CRY/data_set_dbl_split/train/hungry/4387_M_neh.wav,hungry/4387_M_neh.wav,hungry,train,3,pitch_shift,"{""steps"":-0.944521}",68,5178448629560659654,virtual:aug_7a29c095a1335cf58884
aug_33d02c1d41c649070032,rec_9007bb06e8ab85215018,/mnt/d/INFANT CRY/data_set_dbl_split/train/hungry/dunstan-neh_19.wav,hungry/dunstan-neh_19.wav,hungry,train,3,time_stretch,"{""rate"":1.101839}",69,7952727206477526454,virtual:aug_33d02c1d41c649070032
aug_a3a722b1d7a641ef296f,rec_883b3d09371eb4815a3c,/mnt/d/INFANT CRY/data_set_dbl_split/train/hungry/3782_M_neh.wav,hungry/3782_M_neh.wav,hungry,train,3,time_stretch,"{""rate"":0.924409}",70,7631802672048047481,virtual:aug_a3a722b1d7a641ef296f
aug_7185f49490f036a0cc5c,rec_dd2ecfc5b21bcd086e19,/mnt/d/INFANT CRY/data_set_dbl_split/train/hungry/2245_F_neh.wav,hungry/2245_F_neh.wav,hungry,train,3,time_shift,"{""fraction"":0.0368324}",71,6418144127721561711,virtual:aug_7185f49490f036a0cc5c
aug_9a54805777fd77b599da,rec_0552af17ff94910f260a,/mnt/d/INFANT CRY/data_set_dbl_split/train/hungry/dunstan-neh_7.wav,hungry/dunstan-neh_7.wav,hungry,train,3,gaussian_noise,"{""noise_factor"":0.0027557}",72,4268154620093624707,virtual:aug_9a54805777fd77b599da
aug_21e0381922701058844b,rec_d4767218d9010329825d,/mnt/d/INFANT CRY/data_set_dbl_split/train/hungry/2550_M_neh.wav,hungry/2550_M_neh.wav,hungry,train,3,pitch_shift,"{""steps"":2.119022}",73,7904169148595400492,virtual:aug_21e0381922701058844b
aug_46aa12589bf0a37c98a4,rec_f1ad9019670692fe6b00,/mnt/d/INFANT CRY/data_set_dbl_split/train/hungry/926_M_neh.wav,hungry/926_M_neh.wav,hungry,train,3,pitch_shift,"{""steps"":-1.949074}",74,692643423432836082,virtual:aug_46aa12589bf0a37c98a4
aug_8051ce4f12381ee12676,rec_3f27c431eeb305663abf,/mnt/d/INFANT CRY/data_set_dbl_split/train/hungry/2326_M_neh.wav,hungry/2326_M_neh.wav,hungry,train,3,time_stretch,"{""rate"":1.210809}",75,707921366791392019,virtual:aug_8051ce4f12381ee12676
aug_e78be22876d6c1dcc061,rec_5f1156e4903ab6fe46cc,/mnt/d/INFANT CRY/data_set_dbl_split/train/hungry/2144_M_neh.wav,hungry/2144_M_neh.wav,hungry,train,3,time_stretch,"{""rate"":0.815308}",76,17660666090971959002,virtual:aug_e78be22876d6c1dcc061
aug_b465c00040e9dfe91d3c,rec_dabc4e82a87f09753719,/mnt/d/INFANT CRY/data_set_dbl_split/train/hungry/dunstan-neh_36.wav,hungry/dunstan-neh_36.wav,hungry,train,3,gaussian_noise,"{""noise_factor"":0.005103465}",77,15403762826552294945,virtual:aug_b465c00040e9dfe91d3c
aug_6f234384cd069d7eb218,rec_555a26837bdc5dd6c14e,/mnt/d/INFANT CRY/data_set_dbl_split/train/hungry/dunstan-neh_13.wav,hungry/dunstan-neh_13.wav,hungry,train,3,pitch_shift,"{""steps"":0.834018}",78,8263084162265420742,virtual:aug_6f234384cd069d7eb218
aug_6a0009c2b113f4e8044f,rec_7523b8e66b4d3ccafefe,/mnt/d/INFANT CRY/data_set_dbl_split/train/hungry/354_M_neh.wav,hungry/354_M_neh.wav,hungry,train,3,pitch_shift,"{""steps"":-1.142931}",79,3728118317927780791,virtual:aug_6a0009c2b113f4e8044f
aug_7763278ba8b6df70ed5e,rec_c22b93676c972031c987,/mnt/d/INFANT CRY/data_set_dbl_split/train/hungry/1202_F_neh.wav,hungry/1202_F_neh.wav,hungry,train,3,time_stretch,"{""rate"":1.119299}",80,6077979216240323894,virtual:aug_7763278ba8b6df70ed5e
aug_b0782ea85945c4082b0e,rec_74340a312f1c957be1a5,/mnt/d/INFANT CRY/data_set_dbl_split/train/hungry/1554_M_neh.wav,hungry/1554_M_neh.wav,hungry,train,3,time_stretch,"{""rate"":0.915444}",81,2118732015695544347,virtual:aug_b0782ea85945c4082b0e
aug_d7d3318945403f5d1fbe,rec_4b4785d5ae74ada7c3ec,/mnt/d/INFANT CRY/data_set_dbl_split/train/hungry/dunstan-neh_58.wav,hungry/dunstan-neh_58.wav,hungry,train,3,time_shift,"{""fraction"":0.0612323}",82,3596123426099592691,virtual:aug_d7d3318945403f5d1fbe
aug_35249360ef625cc626b7,rec_dc065ea30d88d9440e77,/mnt/d/INFANT CRY/data_set_dbl_split/train/hungry/dunstan-neh_27.wav,hungry/dunstan-neh_27.wav,hungry,train,3,gaussian_noise,"{""noise_factor"":0.002276792}",83,8643583665909849551,virtual:aug_35249360ef625cc626b7
aug_58d03bf9b6ad50b15beb,rec_372ed40ca92e5e14733f,/mnt/d/INFANT CRY/data_set_dbl_split/train/hungry/2108_M_neh.wav,hungry/2108_M_neh.wav,hungry,train,3,pitch_shift,"{""steps"":2.016952}",84,3028890647365699578,virtual:aug_58d03bf9b6ad50b15beb
aug_63c42271aab3ffc73856,rec_e0b99c082ada88b0aa3b,/mnt/d/INFANT CRY/data_set_dbl_split/train/hungry/4806_F_neh.wav,hungry/4806_F_neh.wav,hungry,train,3,pitch_shift,"{""steps"":-1.996713}",85,9472017726344293805,virtual:aug_63c42271aab3ffc73856
aug_0552f0b641004a95449d,rec_3a395ce757448ae52bb1,/mnt/d/INFANT CRY/data_set_dbl_split/train/hungry/980_F_neh.wav,hungry/980_F_neh.wav,hungry,train,3,time_stretch,"{""rate"":1.217122}",86,10443398775315492712,virtual:aug_0552f0b641004a95449d
aug_44de8460dae3f87671d4,rec_68a3b79ad863329c2fa0,/mnt/d/INFANT CRY/data_set_dbl_split/train/hungry/3168_M_neh.wav,hungry/3168_M_neh.wav,hungry,train,3,time_stretch,"{""rate"":0.787313}",87,11601249770545128463,virtual:aug_44de8460dae3f87671d4
aug_9bf4ed30f7ef461a7db0,rec_005ff6f9034c11225ab6,/mnt/d/INFANT CRY/data_set_dbl_split/train/hungry/1620_M_neh.wav,hungry/1620_M_neh.wav,hungry,train,3,gaussian_noise,"{""noise_factor"":0.005345669}",88,2568085219128152362,virtual:aug_9bf4ed30f7ef461a7db0
aug_27d4ac55494e5e9268a2,rec_eb9ed8eb0009e46de602,/mnt/d/INFANT CRY/data_set_dbl_split/train/hungry/dunstan-neh_60.wav,hungry/dunstan-neh_60.wav,hungry,train,3,pitch_shift,"{""steps"":0.963549}",89,3853737397412419078,virtual:aug_27d4ac55494e5e9268a2
aug_0e9172728df6d6200caf,rec_b0ac810c71cf73db1ee2,/mnt/d/INFANT CRY/data_set_dbl_split/train/hungry/dunstan-neh_15.wav,hungry/dunstan-neh_15.wav,hungry,train,3,pitch_shift,"{""steps"":-1.179822}",90,17617566547416762614,virtual:aug_0e9172728df6d6200caf
aug_10d23917c74114f00c5e,rec_75255312c2aae67afa1a,/mnt/d/INFANT CRY/data_set_dbl_split/train/hungry/2331_M_neh.wav,hungry/2331_M_neh.wav,hungry,train,3,time_stretch,"{""rate"":1.10873}",91,1964563167008700157,virtual:aug_10d23917c74114f00c5e
aug_8c1c4b8090a5ed01b9ec,rec_c4c64bc3a334453f65f3,/mnt/d/INFANT CRY/data_set_dbl_split/train/hungry/1641_M_neh.wav,hungry/1641_M_neh.wav,hungry,train,3,time_stretch,"{""rate"":0.913478}",92,18398526590362798659,virtual:aug_8c1c4b8090a5ed01b9ec
aug_b328b993efef97d49c00,rec_bbeadf4eccca05727d8d,/mnt/d/INFANT CRY/data_set_dbl_split/train/hungry/2984_M_neh.wav,hungry/2984_M_neh.wav,hungry,train,3,time_shift,"{""fraction"":-0.0074663}",93,13321326313148145726,virtual:aug_b328b993efef97d49c00
aug_14b1cbe8bfcafea9042a,rec_116326ebfd88ba6b8be5,/mnt/d/INFANT CRY/data_set_dbl_split/train/hungry/2621_F_neh.wav,hungry/2621_F_neh.wav,hungry,train,3,gaussian_noise,"{""noise_factor"":0.002810339}",94,8021262767132850528,virtual:aug_14b1cbe8bfcafea9042a
aug_e37e3ca234518d2f75c9,rec_87323d3270f1b8f6e507,/mnt/d/INFANT CRY/data_set_dbl_split/train/hungry/2317_M_neh.wav,hungry/2317_M_neh.wav,hungry,train,3,pitch_shift,"{""steps"":1.919471}",95,10073939236870633655,virtual:aug_e37e3ca234518d2f75c9
aug_63ad3941c30ae58c10af,rec_b1207cfc484bb3ba4c5b,/mnt/d/INFANT CRY/data_set_dbl_split/train/hungry/3541_M_neh.wav,hungry/3541_M_neh.wav,hungry,train,3,pitch_shift,"{""steps"":-2.043923}",96,1828041033670490889,virtual:aug_63ad3941c30ae58c10af
aug_a6fdb52cf16df6ed7eba,rec_ad007df31506959b9ddb,/mnt/d/INFANT CRY/data_set_dbl_split/train/hungry/2482_F_neh.wav,hungry/2482_F_neh.wav,hungry,train,3,time_stretch,"{""rate"":1.186698}",97,9792040441091739409,virtual:aug_a6fdb52cf16df6ed7eba
aug_a7bd73d9ae880babeeca,rec_5b29661d9ab4ae4541b2,/mnt/d/INFANT CRY/data_set_dbl_split/train/hungry/1614_M_neh.wav,hungry/1614_M_neh.wav,hungry,train,3,time_stretch,"{""rate"":0.790791}",98,7521800425477726563,virtual:aug_a7bd73d9ae880babeeca
aug_6efd0eb285a6a0d4ce7e,rec_8c41c5b0acdc8a731703,/mnt/d/INFANT CRY/data_set_dbl_split/train/hungry/dunstan-neh_65.wav,hungry/dunstan-neh_65.wav,hungry,train,3,gaussian_noise,"{""noise_factor"":0.005053594}",99,17022014317846805979,virtual:aug_6efd0eb285a6a0d4ce7e
aug_2be5c029ebfa10fdf08b,rec_7d34a6ff4cab4dc795fd,/mnt/d/INFANT CRY/data_set_dbl_split/train/hungry/3451_M_neh.wav,hungry/3451_M_neh.wav,hungry,train,3,pitch_shift,"{""steps"":1.04695}",100,12718268734053566351,virtual:aug_2be5c029ebfa10fdf08b
aug_0d145d9bdce392bc58c4,rec_8038bcb6a3c1394cbc91,/mnt/d/INFANT CRY/data_set_dbl_split/train/hungry/2613_M_neh.wav,hungry/2613_M_neh.wav,hungry,train,3,pitch_shift,"{""steps"":-1.142605}",101,1275866869368914864,virtual:aug_0d145d9bdce392bc58c4
aug_df0dc2d5747b611a7289,rec_54896c135751fc926faf,/mnt/d/INFANT CRY/data_set_dbl_split/train/hungry/804_F_neh.wav,hungry/804_F_neh.wav,hungry,train,3,time_stretch,"{""rate"":1.079673}",102,14893633516787310012,virtual:aug_df0dc2d5747b611a7289
aug_6da5fbcfa547abc3b11c,rec_ec34fb05fcd5397abee1,/mnt/d/INFANT CRY/data_set_dbl_split/train/hungry/2392_M_neh.wav,hungry/2392_M_neh.wav,hungry,train,3,time_stretch,"{""rate"":0.87955}",103,7841298843208362701,virtual:aug_6da5fbcfa547abc3b11c
aug_0a84ec9554be5e4d6c0d,rec_27af923979666dc49a07,/mnt/d/INFANT CRY/data_set_dbl_split/train/hungry/1279_F_neh.wav,hungry/1279_F_neh.wav,hungry,train,3,time_shift,"{""fraction"":-0.0839309}",104,311800261380508924,virtual:aug_0a84ec9554be5e4d6c0d
aug_5043b0f8f6f006d51fd8,rec_06c98458513d1a15c986,/mnt/d/INFANT CRY/data_set_dbl_split/train/hungry/2301_M_neh.wav,hungry/2301_M_neh.wav,hungry,train,3,gaussian_noise,"{""noise_factor"":0.002684202}",105,2886021635471401188,virtual:aug_5043b0f8f6f006d51fd8
aug_250c98527ab9ff602212,rec_7f539cdc99c86f56f54a,/mnt/d/INFANT CRY/data_set_dbl_split/train/hungry/1332_F_neh.wav,hungry/1332_F_neh.wav,hungry,train,3,pitch_shift,"{""steps"":2.053873}",106,18065217278758187911,virtual:aug_250c98527ab9ff602212
aug_472cd1f7f7957e601087,rec_2074b86eecde9140b59b,/mnt/d/INFANT CRY/data_set_dbl_split/train/hungry/dunstan-neh_14.wav,hungry/dunstan-neh_14.wav,hungry,train,3,pitch_shift,"{""steps"":-2.114461}",107,16241233524932013237,virtual:aug_472cd1f7f7957e601087
aug_b753c9cc4e35b0ae6a29,rec_91e53f1ceddf3f56f535,/mnt/d/INFANT CRY/data_set_dbl_split/train/hungry/265_M_neh.wav,hungry/265_M_neh.wav,hungry,train,3,time_stretch,"{""rate"":1.179982}",108,2651034599102283672,virtual:aug_b753c9cc4e35b0ae6a29
aug_ac6b44cfd94b8ed7cc39,rec_1744f789c8836ae844cb,/mnt/d/INFANT CRY/data_set_dbl_split/train/hungry/3469_M_neh.wav,hungry/3469_M_neh.wav,hungry,train,3,time_stretch,"{""rate"":0.816973}",109,13756162895416918948,virtual:aug_ac6b44cfd94b8ed7cc39
aug_6e1f3b2f6c2a123b582f,rec_463180d5d281fe991930,/mnt/d/INFANT CRY/data_set_dbl_split/train/hungry/3701_F_neh.wav,hungry/3701_F_neh.wav,hungry,train,3,gaussian_noise,"{""noise_factor"":0.005149337}",110,7278742727375894031,virtual:aug_6e1f3b2f6c2a123b582f
aug_dc8e274516bacf565292,rec_3089f948268829e76e78,/mnt/d/INFANT CRY/data_set_dbl_split/train/hungry/4171_F_neh.wav,hungry/4171_F_neh.wav,hungry,train,3,pitch_shift,"{""steps"":1.182468}",111,14309825713822491543,virtual:aug_dc8e274516bacf565292
aug_56038672ab37dccdfe31,rec_67cd8ebaa80d4dbd74da,/mnt/d/INFANT CRY/data_set_dbl_split/train/hungry/dunstan-neh_56.wav,hungry/dunstan-neh_56.wav,hungry,train,3,pitch_shift,"{""steps"":-1.101569}",112,5684827515755213129,virtual:aug_56038672ab37dccdfe31
aug_e2f27b1835ca09bc96bd,rec_b9118574ae063823a271,/mnt/d/INFANT CRY/data_set_dbl_split/train/hungry/4927_F_neh.wav,hungry/4927_F_neh.wav,hungry,train,3,time_stretch,"{""rate"":1.100888}",113,177085035816994067,virtual:aug_e2f27b1835ca09bc96bd
aug_ec7ac9ed0096f5e553a5,rec_866de97ef20add08af82,/mnt/d/INFANT CRY/data_set_dbl_split/train/hungry/828_M_neh.wav,hungry/828_M_neh.wav,hungry,train,3,time_stretch,"{""rate"":0.881325}",114,10226737962873539678,virtual:aug_ec7ac9ed0096f5e553a5
aug_35549bcccbdf8d428df9,rec_ccb877ec7dda7cdd6786,/mnt/d/INFANT CRY/data_set_dbl_split/train/hungry/3672_M_neh.wav,hungry/3672_M_neh.wav,hungry,train,3,time_shift,"{""fraction"":-0.0593078}",115,10645507537573364894,virtual:aug_35549bcccbdf8d428df9
aug_1189396bd1499aad162e,rec_3bae5630f154084da71f,/mnt/d/INFANT CRY/data_set_dbl_split/train/hungry/dunstan-neh_29.wav,hungry/dunstan-neh_29.wav,hungry,train,3,gaussian_noise,"{""noise_factor"":0.002148748}",116,8032258862447399552,virtual:aug_1189396bd1499aad162e
aug_252c398b1615886deb69,rec_e0a54a38ab9d7b6d3830,/mnt/d/INFANT CRY/data_set_dbl_split/train/hungry/463_M_neh.wav,hungry/463_M_neh.wav,hungry,train,3,pitch_shift,"{""steps"":1.86935}",117,10406367749656349405,virtual:aug_252c398b1615886deb69
aug_8a53118f41fdd94bf12c,rec_db35c613515374caf95f,/mnt/d/INFANT CRY/data_set_dbl_split/train/hungry/dunstan-neh_21.wav,hungry/dunstan-neh_21.wav,hungry,train,3,pitch_shift,"{""steps"":-1.916419}",118,16429500128006197549,virtual:aug_8a53118f41fdd94bf12c
aug_e104715b3b46170f8a90,rec_2cfbeb91a2cd57cedc7d,/mnt/d/INFANT CRY/data_set_dbl_split/train/hungry/4300_M_neh.wav,hungry/4300_M_neh.wav,hungry,train,3,time_stretch,"{""rate"":1.211668}",119,854120676657371941,virtual:aug_e104715b3b46170f8a90
aug_f95753e0ddc0d97e5146,rec_3eeb6dcac3167d9919e6,/mnt/d/INFANT CRY/data_set_dbl_split/train/hungry/4221_M_neh.wav,hungry/4221_M_neh.wav,hungry,train,3,time_stretch,"{""rate"":0.778365}",120,4295039908236448410,virtual:aug_f95753e0ddc0d97e5146
aug_745a52191094e5b3bb9f,rec_0ebec3765679d0d21c7c,/mnt/d/INFANT CRY/data_set_dbl_split/train/hungry/dunstan-neh_11.wav,hungry/dunstan-neh_11.wav,hungry,train,3,gaussian_noise,"{""noise_factor"":0.005218955}",121,4973720737719728396,virtual:aug_745a52191094e5b3bb9f
aug_21c45a9c322426ed5ce3,rec_7c3c65da7a88a56a3da5,/mnt/d/INFANT CRY/data_set_dbl_split/train/hungry/dunstan-neh_38.wav,hungry/dunstan-neh_38.wav,hungry,train,3,pitch_shift,"{""steps"":0.932315}",122,7740239713852977161,virtual:aug_21c45a9c322426ed5ce3
aug_229fadb42258dcb4f9dd,rec_877d2010d59db49c24c5,/mnt/d/INFANT CRY/data_set_dbl_split/train/hungry/3844_F_neh.wav,hungry/3844_F_neh.wav,hungry,train,3,pitch_shift,"{""steps"":-1.090949}",123,1184580093570317589,virtual:aug_229fadb42258dcb4f9dd
aug_c666617625692c2a7247,rec_85357352a774e2f015c1,/mnt/d/INFANT CRY/data_set_dbl_split/train/hungry/3809_M_neh.wav,hungry/3809_M_neh.wav,hungry,train,3,time_stretch,"{""rate"":1.110142}",124,18026329354249538757,virtual:aug_c666617625692c2a7247
aug_e31b06a4fd6984dd3248,rec_2ff671b1852890e69b00,/mnt/d/INFANT CRY/data_set_dbl_split/train/hungry/3044_M_neh.wav,hungry/3044_M_neh.wav,hungry,train,3,time_stretch,"{""rate"":0.888265}",125,7892042780700902894,virtual:aug_e31b06a4fd6984dd3248
aug_3f8e6e0b68c6841ff9fb,rec_c5c7cc4019b6615df3ec,/mnt/d/INFANT CRY/data_set_dbl_split/train/hungry/377_F_neh.wav,hungry/377_F_neh.wav,hungry,train,3,time_shift,"{""fraction"":0.009285}",126,6959856860063653630,virtual:aug_3f8e6e0b68c6841ff9fb
aug_f5a1bf4bedc7cb0a94a0,rec_e6f7616af9e95806b13f,/mnt/d/INFANT CRY/data_set_dbl_split/train/hungry/dunstan-neh_37.wav,hungry/dunstan-neh_37.wav,hungry,train,3,gaussian_noise,"{""noise_factor"":0.002128333}",127,12175636541796829673,virtual:aug_f5a1bf4bedc7cb0a94a0
aug_384dd9c86f889bbf95c2,rec_1ead87a594d0546fc079,/mnt/d/INFANT CRY/data_set_dbl_split/train/hungry/dunstan-neh_51.wav,hungry/dunstan-neh_51.wav,hungry,train,3,pitch_shift,"{""steps"":1.843057}",128,2573244028758388080,virtual:aug_384dd9c86f889bbf95c2
aug_9087f796d8dec582906f,rec_35a8fd627f0a52683c6c,/mnt/d/INFANT CRY/data_set_dbl_split/train/hungry/961_M_neh.wav,hungry/961_M_neh.wav,hungry,train,3,pitch_shift,"{""steps"":-1.846}",129,1634789912950972352,virtual:aug_9087f796d8dec582906f
aug_28afeefb237c2e9691f2,rec_93a6be1a88f70e583f68,/mnt/d/INFANT CRY/data_set_dbl_split/train/hungry/3384_F_neh.wav,hungry/3384_F_neh.wav,hungry,train,3,time_stretch,"{""rate"":1.190771}",130,14235399517103430304,virtual:aug_28afeefb237c2e9691f2
aug_3a815a4913d63ee49b9d,rec_40337147c7cdb9b1f04e,/mnt/d/INFANT CRY/data_set_dbl_split/train/hungry/2515_M_neh.wav,hungry/2515_M_neh.wav,hungry,train,3,time_stretch,"{""rate"":0.820968}",131,13644818365384025519,virtual:aug_3a815a4913d63ee49b9d
aug_243cd6646dcfe3d6a26b,rec_9fda6433c0cfb05ba603,/mnt/d/INFANT CRY/data_set_dbl_split/train/hungry/2790_M_neh.wav,hungry/2790_M_neh.wav,hungry,train,3,gaussian_noise,"{""noise_factor"":0.005157636}",132,203027269449068610,virtual:aug_243cd6646dcfe3d6a26b
aug_5b1bab0ef5e51e34389a,rec_93046bbf5c1dea64bf5e,/mnt/d/INFANT CRY/data_set_dbl_split/train/hungry/833_M_neh.wav,hungry/833_M_neh.wav,hungry,train,3,pitch_shift,"{""steps"":0.935304}",133,3952105912991720491,virtual:aug_5b1bab0ef5e51e34389a
aug_dc4172b6bd4cc4f0e90f,rec_d478f03cf1d2daecb690,/mnt/d/INFANT CRY/data_set_dbl_split/train/hungry/2011_M_neh.wav,hungry/2011_M_neh.wav,hungry,train,3,pitch_shift,"{""steps"":-1.080991}",134,831235314491032011,virtual:aug_dc4172b6bd4cc4f0e90f
aug_223e720e8a99d9adb6c0,rec_e55a34a72fedfd7e840d,/mnt/d/INFANT CRY/data_set_dbl_split/train/hungry/dunstan-neh_12.wav,hungry/dunstan-neh_12.wav,hungry,train,3,time_stretch,"{""rate"":1.096723}",135,12131052108540947304,virtual:aug_223e720e8a99d9adb6c0
aug_0a5e07e7978f97840ee1,rec_f671c2c6395fe494c784,/mnt/d/INFANT CRY/data_set_dbl_split/train/hungry/2160_F_neh.wav,hungry/2160_F_neh.wav,hungry,train,3,time_stretch,"{""rate"":0.880998}",136,6493064247507213387,virtual:aug_0a5e07e7978f97840ee1
aug_5341301097bd09a4baa9,rec_8f4ae3b0a43cca27a403,/mnt/d/INFANT CRY/data_set_dbl_split/train/hungry/dunstan-neh_39.wav,hungry/dunstan-neh_39.wav,hungry,train,3,time_shift,"{""fraction"":0.076884}",137,5578246963417991752,virtual:aug_5341301097bd09a4baa9
aug_6cea189f69160024a204,rec_82f5f9b88b7fc28f0a7c,/mnt/d/INFANT CRY/data_set_dbl_split/train/hungry/dunstan-neh_6.wav,hungry/dunstan-neh_6.wav,hungry,train,3,gaussian_noise,"{""noise_factor"":0.002298118}",138,15411202011120355505,virtual:aug_6cea189f69160024a204
aug_e41de8c66d876823eeea,rec_bbd412cfa7ef42afdb4b,/mnt/d/INFANT CRY/data_set_dbl_split/train/hungry/25_M_neh.wav,hungry/25_M_neh.wav,hungry,train,3,pitch_shift,"{""steps"":2.170098}",139,7351985610299602945,virtual:aug_e41de8c66d876823eeea
aug_434431790cf55083497c,rec_d9f72db0ab671c11e601,/mnt/d/INFANT CRY/data_set_dbl_split/train/hungry/3800_M_neh.wav,hungry/3800_M_neh.wav,hungry,train,3,pitch_shift,"{""steps"":-1.887465}",140,16187998673743652433,virtual:aug_434431790cf55083497c
aug_9c028d175a07747ddb32,rec_674a9d5caada9832f371,/mnt/d/INFANT CRY/data_set_dbl_split/train/hungry/3830_M_neh.wav,hungry/3830_M_neh.wav,hungry,train,3,time_stretch,"{""rate"":1.177947}",141,6646116713468825177,virtual:aug_9c028d175a07747ddb32
aug_83869a00099657925240,rec_b6b8af0ffd9a4ace9287,/mnt/d/INFANT CRY/data_set_dbl_split/train/hungry/1122_M_neh.wav,hungry/1122_M_neh.wav,hungry,train,3,time_stretch,"{""rate"":0.82107}",142,1589871030700632608,virtual:aug_83869a00099657925240
aug_7b71b140288939c47d9e,rec_0219106d49c86a8ef26c,/mnt/d/INFANT CRY/data_set_dbl_split/train/hungry/dunstan-neh_72.wav,hungry/dunstan-neh_72.wav,hungry,train,3,gaussian_noise,"{""noise_factor"":0.004631606}",143,10090744144794289442,virtual:aug_7b71b140288939c47d9e
aug_a258e0db72720fcc26f0,rec_c54b65ed121bcd33064a,/mnt/d/INFANT CRY/data_set_dbl_split/train/hungry/dunstan-neh_33.wav,hungry/dunstan-neh_33.wav,hungry,train,3,pitch_shift,"{""steps"":0.898014}",144,3888247595206769318,virtual:aug_a258e0db72720fcc26f0
aug_5406e71e40d99b2488e0,rec_6a6e66f89a8a4d5d6593,/mnt/d/INFANT CRY/data_set_dbl_split/train/hungry/4908_M_neh.wav,hungry/4908_M_neh.wav,hungry,train,3,pitch_shift,"{""steps"":-1.005382}",145,14514285970835827192,virtual:aug_5406e71e40d99b2488e0
aug_ecc9afef7f9cd75c80a0,rec_999b11113921ddf86a11,/mnt/d/INFANT CRY/data_set_dbl_split/train/hungry/4652_M_neh.wav,hungry/4652_M_neh.wav,hungry,train,3,time_stretch,"{""rate"":1.081411}",146,10948848669500919544,virtual:aug_ecc9afef7f9cd75c80a0
aug_14f0ffc49da476c29408,rec_882649d0e1d9fb0fbaf3,/mnt/d/INFANT CRY/data_set_dbl_split/train/hungry/dunstan-neh_16.wav,hungry/dunstan-neh_16.wav,hungry,train,3,time_stretch,"{""rate"":0.908054}",147,4094032748903470197,virtual:aug_14f0ffc49da476c29408
aug_46600b890ef72133d2d2,rec_863f55a8b59a50be7319,/mnt/d/INFANT CRY/data_set_dbl_split/train/hungry/2297_F_neh.wav,hungry/2297_F_neh.wav,hungry,train,3,time_shift,"{""fraction"":0.0892404}",148,13666493338754226853,virtual:aug_46600b890ef72133d2d2
aug_fef054c6f033d0e51f73,rec_483da636af8546408bfa,/mnt/d/INFANT CRY/data_set_dbl_split/train/hungry/3844_M_neh.wav,hungry/3844_M_neh.wav,hungry,train,3,gaussian_noise,"{""noise_factor"":0.002267851}",149,13698510164963926520,virtual:aug_fef054c6f033d0e51f73
aug_98ac35d862294458d709,rec_563bf3b849e217c99c2b,/mnt/d/INFANT CRY/data_set_dbl_split/train/hungry/dunstan-neh_66.wav,hungry/dunstan-neh_66.wav,hungry,train,3,pitch_shift,"{""steps"":1.860397}",150,10818209139231025753,virtual:aug_98ac35d862294458d709
aug_5255fb90dd05ef6f1a9f,rec_572209fcf4431574a106,/mnt/d/INFANT CRY/data_set_dbl_split/train/hungry/1221_M_neh.wav,hungry/1221_M_neh.wav,hungry,train,3,pitch_shift,"{""steps"":-1.995549}",151,4867338065774377012,virtual:aug_5255fb90dd05ef6f1a9f
aug_7dc2f5f178abe8c52794,rec_631606b7209247dd5eae,/mnt/d/INFANT CRY/data_set_dbl_split/train/hungry/3514_M_neh.wav,hungry/3514_M_neh.wav,hungry,train,3,time_stretch,"{""rate"":1.216092}",152,15812101838295222942,virtual:aug_7dc2f5f178abe8c52794
aug_94489b072afee0c687c2,rec_9305bbcd4444176c69fc,/mnt/d/INFANT CRY/data_set_dbl_split/train/hungry/4717_M_neh.wav,hungry/4717_M_neh.wav,hungry,train,3,time_stretch,"{""rate"":0.807279}",153,16451530202154296106,virtual:aug_94489b072afee0c687c2
aug_9821b0a859f4c904a06a,rec_eb761db33bdc0705f83c,/mnt/d/INFANT CRY/data_set_dbl_split/train/hungry/4202_M_neh.wav,hungry/4202_M_neh.wav,hungry,train,3,gaussian_noise,"{""noise_factor"":0.005333286}",154,11755604443817021395,virtual:aug_9821b0a859f4c904a06a
aug_829e11440263cc9c0980,rec_bd47283574366dba00f9,/mnt/d/INFANT CRY/data_set_dbl_split/train/hungry/3269_M_neh.wav,hungry/3269_M_neh.wav,hungry,train,3,pitch_shift,"{""steps"":1.024063}",155,7794473344927190667,virtual:aug_829e11440263cc9c0980
aug_926352fa7bb8f6f538b3,rec_d9b715561d9eec5d8809,/mnt/d/INFANT CRY/data_set_dbl_split/train/hungry/754_M_neh.wav,hungry/754_M_neh.wav,hungry,train,3,pitch_shift,"{""steps"":-0.967746}",156,16352880818463704476,virtual:aug_926352fa7bb8f6f538b3
aug_3a100e408492b0c49895,rec_751f261c8b1f00b3e786,/mnt/d/INFANT CRY/data_set_dbl_split/train/hungry/4055_M_neh.wav,hungry/4055_M_neh.wav,hungry,train,3,time_stretch,"{""rate"":1.112683}",157,5484351788774205398,virtual:aug_3a100e408492b0c49895
aug_de6958e589ba0dc1837c,rec_12aab60e9a224840d67b,/mnt/d/INFANT CRY/data_set_dbl_split/train/hungry/3988_M_neh.wav,hungry/3988_M_neh.wav,hungry,train,3,time_stretch,"{""rate"":0.899854}",158,8457155339766597809,virtual:aug_de6958e589ba0dc1837c
aug_4ec10296e89cb18c39de,rec_aa120f51f1874bfc4566,/mnt/d/INFANT CRY/data_set_dbl_split/train/hungry/3870_M_neh.wav,hungry/3870_M_neh.wav,hungry,train,3,time_shift,"{""fraction"":-0.0791156}",159,15798031727031240330,virtual:aug_4ec10296e89cb18c39de
aug_5c44194660fd9044a76a,rec_8a26e0da4af7d57a6c76,/mnt/d/INFANT CRY/data_set_dbl_split/train/hungry/4541_M_neh.wav,hungry/4541_M_neh.wav,hungry,train,3,gaussian_noise,"{""noise_factor"":0.002366552}",160,4319822529994861098,virtual:aug_5c44194660fd9044a76a
aug_aa7e35e5973f22b87bf7,rec_19f421ef58c3bf799ef8,/mnt/d/INFANT CRY/data_set_dbl_split/train/hungry/99_M_neh.wav,hungry/99_M_neh.wav,hungry,train,3,pitch_shift,"{""steps"":1.954354}",161,3709413590110253678,virtual:aug_aa7e35e5973f22b87bf7
aug_959a843c9e265b59e052,rec_0fd521640fdbb5d41b79,/mnt/d/INFANT CRY/data_set_dbl_split/train/hungry/4306_F_neh.wav,hungry/4306_F_neh.wav,hungry,train,3,pitch_shift,"{""steps"":-2.13245}",162,3770017373948930600,virtual:aug_959a843c9e265b59e052
aug_8c228fb38bf1595f5f89,rec_3ca5af599f5e2d718692,/mnt/d/INFANT CRY/data_set_dbl_split/train/hungry/303_F_neh.wav,hungry/303_F_neh.wav,hungry,train,3,time_stretch,"{""rate"":1.194942}",163,14463237711216873058,virtual:aug_8c228fb38bf1595f5f89
aug_2cb4a988a081e3ef807a,rec_76cce5732b0faa68e759,/mnt/d/INFANT CRY/data_set_dbl_split/train/hungry/dunstan-neh_41.wav,hungry/dunstan-neh_41.wav,hungry,train,3,time_stretch,"{""rate"":0.807649}",164,7209756976302185546,virtual:aug_2cb4a988a081e3ef807a
aug_e013c0fa6e2a5cb5e4f2,rec_2f44b2a29b63c403f247,/mnt/d/INFANT CRY/data_set_dbl_split/train/hungry/516_M_neh.wav,hungry/516_M_neh.wav,hungry,train,3,gaussian_noise,"{""noise_factor"":0.004467752}",165,7304921489859355173,virtual:aug_e013c0fa6e2a5cb5e4f2
aug_3322de7b8039b9e294f2,rec_72f731ddb6a072d3ab85,/mnt/d/INFANT CRY/data_set_dbl_split/train/hungry/964_M_neh.wav,hungry/964_M_neh.wav,hungry,train,3,pitch_shift,"{""steps"":0.823331}",166,12697579503315422314,virtual:aug_3322de7b8039b9e294f2
aug_b274f0497a519ba98661,rec_a8ed319ae2c5af1fb4e7,/mnt/d/INFANT CRY/data_set_dbl_split/train/hungry/848_M_neh.wav,hungry/848_M_neh.wav,hungry,train,3,pitch_shift,"{""steps"":-0.811947}",167,6301460519876749682,virtual:aug_b274f0497a519ba98661
aug_7ba1fa290c56a98294b7,rec_9a989ed48e3e18f22982,/mnt/d/INFANT CRY/data_set_dbl_split/train/hungry/dunstan-neh_70.wav,hungry/dunstan-neh_70.wav,hungry,train,3,time_stretch,"{""rate"":1.078705}",168,9060363965428369629,virtual:aug_7ba1fa290c56a98294b7
aug_e81ba38a21f3c90ffee5,rec_5c7b94899a81eecee357,/mnt/d/INFANT CRY/data_set_dbl_split/train/hungry/2973_M_neh.wav,hungry/2973_M_neh.wav,hungry,train,3,time_stretch,"{""rate"":0.875962}",169,571582707794372845,virtual:aug_e81ba38a21f3c90ffee5
aug_539e2c2d798987a72dfc,rec_d8deea50d36d9d56286e,/mnt/d/INFANT CRY/data_set_dbl_split/train/hungry/851_M_neh.wav,hungry/851_M_neh.wav,hungry,train,3,time_shift,"{""fraction"":0.0847865}",170,18179260932289246503,virtual:aug_539e2c2d798987a72dfc
aug_27277ea886e651839c52,rec_30dd61c9506d4c0ad6d5,/mnt/d/INFANT CRY/data_set_dbl_split/train/hungry/1262_F_neh.wav,hungry/1262_F_neh.wav,hungry,train,3,gaussian_noise,"{""noise_factor"":0.00262816}",171,9301962255917527864,virtual:aug_27277ea886e651839c52
aug_9c5b1d9592887f3fb148,rec_2e0608ae3276e423cd26,/mnt/d/INFANT CRY/data_set_dbl_split/train/hungry/704_M_neh.wav,hungry/704_M_neh.wav,hungry,train,3,pitch_shift,"{""steps"":2.118831}",172,15909198101762797535,virtual:aug_9c5b1d9592887f3fb148
aug_f506015d29f8069c9592,rec_1d60bd35a759f5a32057,/mnt/d/INFANT CRY/data_set_dbl_split/train/hungry/dunstan-neh_48.wav,hungry/dunstan-neh_48.wav,hungry,train,3,pitch_shift,"{""steps"":-1.861243}",173,16210899281767262100,virtual:aug_f506015d29f8069c9592
aug_c731040c0e7b6d1866cd,rec_843d0ff9482328148496,/mnt/d/INFANT CRY/data_set_dbl_split/train/hungry/4928_M_neh.wav,hungry/4928_M_neh.wav,hungry,train,3,time_stretch,"{""rate"":1.223375}",174,13492800981057657702,virtual:aug_c731040c0e7b6d1866cd
aug_a928a67c4c0f85ebfc1e,rec_d063c5f9742a23575dbd,/mnt/d/INFANT CRY/data_set_dbl_split/train/hungry/dunstan-neh_43.wav,hungry/dunstan-neh_43.wav,hungry,train,3,time_stretch,"{""rate"":0.786532}",175,15370605730881407029,virtual:aug_a928a67c4c0f85ebfc1e
aug_882f96dfd78a82763440,rec_ad350495db62eea85e85,/mnt/d/INFANT CRY/data_set_dbl_split/train/hungry/1236_M_neh.wav,hungry/1236_M_neh.wav,hungry,train,3,gaussian_noise,"{""noise_factor"":0.004442977}",176,3360858230003038245,virtual:aug_882f96dfd78a82763440
aug_814d1bf595d8550dee11,rec_2e6b9cce63bb62c81682,/mnt/d/INFANT CRY/data_set_dbl_split/train/hungry/1127_M_neh.wav,hungry/1127_M_neh.wav,hungry,train,3,pitch_shift,"{""steps"":1.033319}",177,9250278577091567116,virtual:aug_814d1bf595d8550dee11
aug_62897fca0bf3317626c5,rec_4aeef63044c75c534d96,/mnt/d/INFANT CRY/data_set_dbl_split/train/hungry/2514_M_neh.wav,hungry/2514_M_neh.wav,hungry,train,3,pitch_shift,"{""steps"":-1.130014}",178,17656494352110297032,virtual:aug_62897fca0bf3317626c5
aug_4c7f6706ce80357e4079,rec_84a379178d9f921361e0,/mnt/d/INFANT CRY/data_set_dbl_split/train/hungry/1123_F_neh.wav,hungry/1123_F_neh.wav,hungry,train,3,time_stretch,"{""rate"":1.110326}",179,11326505384842022039,virtual:aug_4c7f6706ce80357e4079
aug_083946a86db901dd5621,rec_67bd9b946343aa8c831e,/mnt/d/INFANT CRY/data_set_dbl_split/train/hungry/1401_F_neh.wav,hungry/1401_F_neh.wav,hungry,train,3,time_stretch,"{""rate"":0.907415}",180,1327341526765392958,virtual:aug_083946a86db901dd5621
aug_2b0b63dbace527286687,rec_2972e6c8e16512407617,/mnt/d/INFANT CRY/data_set_dbl_split/train/hungry/290_M_neh.wav,hungry/290_M_neh.wav,hungry,train,3,time_shift,"{""fraction"":-0.0373219}",181,2204932215531967460,virtual:aug_2b0b63dbace527286687
aug_a19070b3723ce514fede,rec_adb4bfea9da208dd77b4,/mnt/d/INFANT CRY/data_set_dbl_split/train/hungry/2581_F_neh.wav,hungry/2581_F_neh.wav,hungry,train,3,gaussian_noise,"{""noise_factor"":0.002137359}",182,11865640032612886535,virtual:aug_a19070b3723ce514fede
aug_726d5dc3add7274f4db4,rec_9cac5ed43c5a7d7d1eff,/mnt/d/INFANT CRY/data_set_dbl_split/train/hungry/1200_M_neh.wav,hungry/1200_M_neh.wav,hungry,train,3,pitch_shift,"{""steps"":1.866012}",183,18194383826995160011,virtual:aug_726d5dc3add7274f4db4
aug_2a2f4f9f4d60b8424c7d,rec_74b7b7b269cccff509b6,/mnt/d/INFANT CRY/data_set_dbl_split/train/hungry/3478_M_neh.wav,hungry/3478_M_neh.wav,hungry,train,3,pitch_shift,"{""steps"":-2.142035}",184,3942465419086691511,virtual:aug_2a2f4f9f4d60b8424c7d
aug_140e92a3527c39f0c7c5,rec_e4ad00feb28f4c6c7b7c,/mnt/d/INFANT CRY/data_set_dbl_split/train/hungry/4387_M_neh.wav,hungry/4387_M_neh.wav,hungry,train,3,time_stretch,"{""rate"":1.188064}",185,4975928138971508049,virtual:aug_140e92a3527c39f0c7c5
aug_36459f8e0a6d5ed76f42,rec_9007bb06e8ab85215018,/mnt/d/INFANT CRY/data_set_dbl_split/train/hungry/dunstan-neh_19.wav,hungry/dunstan-neh_19.wav,hungry,train,3,time_stretch,"{""rate"":0.783006}",186,11539462043339283593,virtual:aug_36459f8e0a6d5ed76f42
aug_749849cfdff3b4a76ef9,rec_883b3d09371eb4815a3c,/mnt/d/INFANT CRY/data_set_dbl_split/train/hungry/3782_M_neh.wav,hungry/3782_M_neh.wav,hungry,train,3,gaussian_noise,"{""noise_factor"":0.005459495}",187,3669007816917771672,virtual:aug_749849cfdff3b4a76ef9
aug_c05804225c9a99d9f95f,rec_dd2ecfc5b21bcd086e19,/mnt/d/INFANT CRY/data_set_dbl_split/train/hungry/2245_F_neh.wav,hungry/2245_F_neh.wav,hungry,train,3,pitch_shift,"{""steps"":0.926503}",188,16017622865118674403,virtual:aug_c05804225c9a99d9f95f
aug_c87247e9d32ed500a121,rec_0552af17ff94910f260a,/mnt/d/INFANT CRY/data_set_dbl_split/train/hungry/dunstan-neh_7.wav,hungry/dunstan-neh_7.wav,hungry,train,3,pitch_shift,"{""steps"":-1.036776}",189,686794670680847874,virtual:aug_c87247e9d32ed500a121
aug_3fa8622e9d95e1b57f75,rec_d4767218d9010329825d,/mnt/d/INFANT CRY/data_set_dbl_split/train/hungry/2550_M_neh.wav,hungry/2550_M_neh.wav,hungry,train,3,time_stretch,"{""rate"":1.098445}",190,5049155493617650602,virtual:aug_3fa8622e9d95e1b57f75
aug_c11708ea5d7540dc1288,rec_f1ad9019670692fe6b00,/mnt/d/INFANT CRY/data_set_dbl_split/train/hungry/926_M_neh.wav,hungry/926_M_neh.wav,hungry,train,3,time_stretch,"{""rate"":0.896534}",191,14206960143440220731,virtual:aug_c11708ea5d7540dc1288
aug_d15be544811a03a1aeb8,rec_3f27c431eeb305663abf,/mnt/d/INFANT CRY/data_set_dbl_split/train/hungry/2326_M_neh.wav,hungry/2326_M_neh.wav,hungry,train,3,time_shift,"{""fraction"":-0.009128}",192,14741782073350380967,virtual:aug_d15be544811a03a1aeb8
aug_acd3132aa5af464b350d,rec_5f1156e4903ab6fe46cc,/mnt/d/INFANT CRY/data_set_dbl_split/train/hungry/2144_M_neh.wav,hungry/2144_M_neh.wav,hungry,train,3,gaussian_noise,"{""noise_factor"":0.002506627}",193,15915919041896441955,virtual:aug_acd3132aa5af464b350d
aug_fa4c2c4c7403db69e3e8,rec_dabc4e82a87f09753719,/mnt/d/INFANT CRY/data_set_dbl_split/train/hungry/dunstan-neh_36.wav,hungry/dunstan-neh_36.wav,hungry,train,3,pitch_shift,"{""steps"":2.0943}",194,12020906440670178969,virtual:aug_fa4c2c4c7403db69e3e8
aug_7f4ca1f2a005aced6bbb,rec_555a26837bdc5dd6c14e,/mnt/d/INFANT CRY/data_set_dbl_split/train/hungry/dunstan-neh_13.wav,hungry/dunstan-neh_13.wav,hungry,train,3,pitch_shift,"{""steps"":-1.922152}",195,10472879914986515466,virtual:aug_7f4ca1f2a005aced6bbb
aug_3a507732193c85ceeeee,rec_7523b8e66b4d3ccafefe,/mnt/d/INFANT CRY/data_set_dbl_split/train/hungry/354_M_neh.wav,hungry/354_M_neh.wav,hungry,train,3,time_stretch,"{""rate"":1.176874}",196,5911132657990321620,virtual:aug_3a507732193c85ceeeee
aug_579b3948901ffdc3032a,rec_c22b93676c972031c987,/mnt/d/INFANT CRY/data_set_dbl_split/train/hungry/1202_F_neh.wav,hungry/1202_F_neh.wav,hungry,train,3,time_stretch,"{""rate"":0.796819}",197,10951785910198082267,virtual:aug_579b3948901ffdc3032a
aug_92625b74ac43edb71b18,rec_74340a312f1c957be1a5,/mnt/d/INFANT CRY/data_set_dbl_split/train/hungry/1554_M_neh.wav,hungry/1554_M_neh.wav,hungry,train,3,gaussian_noise,"{""noise_factor"":0.005389037}",198,10184510474041651755,virtual:aug_92625b74ac43edb71b18
aug_071322ddb4a9601faa89,rec_4b4785d5ae74ada7c3ec,/mnt/d/INFANT CRY/data_set_dbl_split/train/hungry/dunstan-neh_58.wav,hungry/dunstan-neh_58.wav,hungry,train,3,pitch_shift,"{""steps"":1.028262}",199,3849020323984196999,virtual:aug_071322ddb4a9601faa89
aug_19f2d946a80f2b1ef454,rec_dc065ea30d88d9440e77,/mnt/d/INFANT CRY/data_set_dbl_split/train/hungry/dunstan-neh_27.wav,hungry/dunstan-neh_27.wav,hungry,train,3,pitch_shift,"{""steps"":-0.903073}",200,14909449375187523946,virtual:aug_19f2d946a80f2b1ef454
aug_b0b0bbabcaba31724d91,rec_372ed40ca92e5e14733f,/mnt/d/INFANT CRY/data_set_dbl_split/train/hungry/2108_M_neh.wav,hungry/2108_M_neh.wav,hungry,train,3,time_stretch,"{""rate"":1.123332}",201,1694122734786024160,virtual:aug_b0b0bbabcaba31724d91
aug_d79130e9cd749ab4edf7,rec_e0b99c082ada88b0aa3b,/mnt/d/INFANT CRY/data_set_dbl_split/train/hungry/4806_F_neh.wav,hungry/4806_F_neh.wav,hungry,train,3,time_stretch,"{""rate"":0.919499}",202,10555412114482808125,virtual:aug_d79130e9cd749ab4edf7
aug_2d121aa7fe6aa7529d42,rec_3a395ce757448ae52bb1,/mnt/d/INFANT CRY/data_set_dbl_split/train/hungry/980_F_neh.wav,hungry/980_F_neh.wav,hungry,train,3,time_shift,"{""fraction"":-0.0988645}",203,11327702284877277028,virtual:aug_2d121aa7fe6aa7529d42
aug_b5f9701323f8562d6c4a,rec_68a3b79ad863329c2fa0,/mnt/d/INFANT CRY/data_set_dbl_split/train/hungry/3168_M_neh.wav,hungry/3168_M_neh.wav,hungry,train,3,gaussian_noise,"{""noise_factor"":0.002571327}",204,10663878891897353050,virtual:aug_b5f9701323f8562d6c4a
aug_c29e480d692bcc453ed2,rec_005ff6f9034c11225ab6,/mnt/d/INFANT CRY/data_set_dbl_split/train/hungry/1620_M_neh.wav,hungry/1620_M_neh.wav,hungry,train,3,pitch_shift,"{""steps"":1.967316}",205,15001587032969048948,virtual:aug_c29e480d692bcc453ed2
aug_6c632902469b42ed5589,rec_eb9ed8eb0009e46de602,/mnt/d/INFANT CRY/data_set_dbl_split/train/hungry/dunstan-neh_60.wav,hungry/dunstan-neh_60.wav,hungry,train,3,pitch_shift,"{""steps"":-1.873238}",206,10063609062934742011,virtual:aug_6c632902469b42ed5589
aug_90e90ba219b66d7aa055,rec_b0ac810c71cf73db1ee2,/mnt/d/INFANT CRY/data_set_dbl_split/train/hungry/dunstan-neh_15.wav,hungry/dunstan-neh_15.wav,hungry,train,3,time_stretch,"{""rate"":1.18931}",207,958228365601844574,virtual:aug_90e90ba219b66d7aa055
aug_07a5b9fbcdfc22e46698,rec_75255312c2aae67afa1a,/mnt/d/INFANT CRY/data_set_dbl_split/train/hungry/2331_M_neh.wav,hungry/2331_M_neh.wav,hungry,train,3,time_stretch,"{""rate"":0.793684}",208,12532676322455266918,virtual:aug_07a5b9fbcdfc22e46698
aug_8519abc5e52007c6402c,rec_c4c64bc3a334453f65f3,/mnt/d/INFANT CRY/data_set_dbl_split/train/hungry/1641_M_neh.wav,hungry/1641_M_neh.wav,hungry,train,3,gaussian_noise,"{""noise_factor"":0.004545316}",209,17315035653348118327,virtual:aug_8519abc5e52007c6402c
aug_8765c1bc43cb41a125f5,rec_bbeadf4eccca05727d8d,/mnt/d/INFANT CRY/data_set_dbl_split/train/hungry/2984_M_neh.wav,hungry/2984_M_neh.wav,hungry,train,3,pitch_shift,"{""steps"":0.815695}",210,7037396817486983785,virtual:aug_8765c1bc43cb41a125f5
aug_6b696dc0772972c7f515,rec_116326ebfd88ba6b8be5,/mnt/d/INFANT CRY/data_set_dbl_split/train/hungry/2621_F_neh.wav,hungry/2621_F_neh.wav,hungry,train,3,pitch_shift,"{""steps"":-0.945255}",211,1147876876383546966,virtual:aug_6b696dc0772972c7f515
aug_1526af7ab5ea02a14ea6,rec_87323d3270f1b8f6e507,/mnt/d/INFANT CRY/data_set_dbl_split/train/hungry/2317_M_neh.wav,hungry/2317_M_neh.wav,hungry,train,3,time_stretch,"{""rate"":1.094282}",212,7377228425611423627,virtual:aug_1526af7ab5ea02a14ea6
aug_3c4cecab4eb876a1b0f9,rec_b1207cfc484bb3ba4c5b,/mnt/d/INFANT CRY/data_set_dbl_split/train/hungry/3541_M_neh.wav,hungry/3541_M_neh.wav,hungry,train,3,time_stretch,"{""rate"":0.894182}",213,12643969262459539454,virtual:aug_3c4cecab4eb876a1b0f9
aug_f7c02794cd828955fcca,rec_ad007df31506959b9ddb,/mnt/d/INFANT CRY/data_set_dbl_split/train/hungry/2482_F_neh.wav,hungry/2482_F_neh.wav,hungry,train,3,time_shift,"{""fraction"":-0.0443027}",214,15301111304650812962,virtual:aug_f7c02794cd828955fcca
aug_24d497b2c04803afb9a6,rec_5b29661d9ab4ae4541b2,/mnt/d/INFANT CRY/data_set_dbl_split/train/hungry/1614_M_neh.wav,hungry/1614_M_neh.wav,hungry,train,3,gaussian_noise,"{""noise_factor"":0.0028422}",215,11388360302588325582,virtual:aug_24d497b2c04803afb9a6
aug_cd1a3e842cf71465fa18,rec_8c41c5b0acdc8a731703,/mnt/d/INFANT CRY/data_set_dbl_split/train/hungry/dunstan-neh_65.wav,hungry/dunstan-neh_65.wav,hungry,train,3,pitch_shift,"{""steps"":1.833461}",216,3389018979968772144,virtual:aug_cd1a3e842cf71465fa18
aug_ce705919883e973a572f,rec_7d34a6ff4cab4dc795fd,/mnt/d/INFANT CRY/data_set_dbl_split/train/hungry/3451_M_neh.wav,hungry/3451_M_neh.wav,hungry,train,3,pitch_shift,"{""steps"":-2.009356}",217,7473233746540192967,virtual:aug_ce705919883e973a572f
aug_681e001f95a8c2abb40d,rec_8038bcb6a3c1394cbc91,/mnt/d/INFANT CRY/data_set_dbl_split/train/hungry/2613_M_neh.wav,hungry/2613_M_neh.wav,hungry,train,3,time_stretch,"{""rate"":1.197084}",218,8906726417381288337,virtual:aug_681e001f95a8c2abb40d
aug_dc3baaa744a8c8c9885c,rec_54896c135751fc926faf,/mnt/d/INFANT CRY/data_set_dbl_split/train/hungry/804_F_neh.wav,hungry/804_F_neh.wav,hungry,train,3,time_stretch,"{""rate"":0.795804}",219,15714916394320178650,virtual:aug_dc3baaa744a8c8c9885c
aug_8ced7190f2e633d4ac46,rec_ec34fb05fcd5397abee1,/mnt/d/INFANT CRY/data_set_dbl_split/train/hungry/2392_M_neh.wav,hungry/2392_M_neh.wav,hungry,train,3,gaussian_noise,"{""noise_factor"":0.005090054}",220,10907850895900244329,virtual:aug_8ced7190f2e633d4ac46
aug_a561eef28fe376eae01f,rec_27af923979666dc49a07,/mnt/d/INFANT CRY/data_set_dbl_split/train/hungry/1279_F_neh.wav,hungry/1279_F_neh.wav,hungry,train,3,pitch_shift,"{""steps"":1.022588}",221,4590636047059826591,virtual:aug_a561eef28fe376eae01f
aug_d95b413367f7446125cb,rec_06c98458513d1a15c986,/mnt/d/INFANT CRY/data_set_dbl_split/train/hungry/2301_M_neh.wav,hungry/2301_M_neh.wav,hungry,train,3,pitch_shift,"{""steps"":-1.042024}",222,12489196565943416452,virtual:aug_d95b413367f7446125cb
aug_6ae9f42caf833127a09a,rec_7f539cdc99c86f56f54a,/mnt/d/INFANT CRY/data_set_dbl_split/train/hungry/1332_F_neh.wav,hungry/1332_F_neh.wav,hungry,train,3,time_stretch,"{""rate"":1.077165}",223,5270910569159203311,virtual:aug_6ae9f42caf833127a09a
aug_6d932d91c8fb408ef215,rec_2074b86eecde9140b59b,/mnt/d/INFANT CRY/data_set_dbl_split/train/hungry/dunstan-neh_14.wav,hungry/dunstan-neh_14.wav,hungry,train,3,time_stretch,"{""rate"":0.896615}",224,7139726147457553085,virtual:aug_6d932d91c8fb408ef215
aug_8677abd05c435fad4f9e,rec_91e53f1ceddf3f56f535,/mnt/d/INFANT CRY/data_set_dbl_split/train/hungry/265_M_neh.wav,hungry/265_M_neh.wav,hungry,train,3,time_shift,"{""fraction"":0.005325}",225,16022023696791281548,virtual:aug_8677abd05c435fad4f9e
aug_329a3bb677afe11ee815,rec_1744f789c8836ae844cb,/mnt/d/INFANT CRY/data_set_dbl_split/train/hungry/3469_M_neh.wav,hungry/3469_M_neh.wav,hungry,train,3,gaussian_noise,"{""noise_factor"":0.002281252}",226,8160216163171463379,virtual:aug_329a3bb677afe11ee815
aug_03e0c5ed7bf96a79dc88,rec_463180d5d281fe991930,/mnt/d/INFANT CRY/data_set_dbl_split/train/hungry/3701_F_neh.wav,hungry/3701_F_neh.wav,hungry,train,3,pitch_shift,"{""steps"":1.858862}",227,15817800330672796952,virtual:aug_03e0c5ed7bf96a79dc88
aug_7470962f0821ccf67d4c,rec_3089f948268829e76e78,/mnt/d/INFANT CRY/data_set_dbl_split/train/hungry/4171_F_neh.wav,hungry/4171_F_neh.wav,hungry,train,3,pitch_shift,"{""steps"":-1.822213}",228,13183557368972200753,virtual:aug_7470962f0821ccf67d4c
aug_cb4add4ff80fd7c67aaa,rec_67cd8ebaa80d4dbd74da,/mnt/d/INFANT CRY/data_set_dbl_split/train/hungry/dunstan-neh_56.wav,hungry/dunstan-neh_56.wav,hungry,train,3,time_stretch,"{""rate"":1.175585}",229,16679121255466609665,virtual:aug_cb4add4ff80fd7c67aaa
aug_656efb3473b0c8760b82,rec_b9118574ae063823a271,/mnt/d/INFANT CRY/data_set_dbl_split/train/hungry/4927_F_neh.wav,hungry/4927_F_neh.wav,hungry,train,3,time_stretch,"{""rate"":0.783432}",230,8708420426171713714,virtual:aug_656efb3473b0c8760b82
aug_05d06369f149efe74a78,rec_866de97ef20add08af82,/mnt/d/INFANT CRY/data_set_dbl_split/train/hungry/828_M_neh.wav,hungry/828_M_neh.wav,hungry,train,3,gaussian_noise,"{""noise_factor"":0.005123932}",231,1760926395589044148,virtual:aug_05d06369f149efe74a78
aug_6c7262bcecf5069e3437,rec_ccb877ec7dda7cdd6786,/mnt/d/INFANT CRY/data_set_dbl_split/train/hungry/3672_M_neh.wav,hungry/3672_M_neh.wav,hungry,train,3,pitch_shift,"{""steps"":1.119199}",232,3210059301183923398,virtual:aug_6c7262bcecf5069e3437
aug_b66671bb2a636825d5ab,rec_3bae5630f154084da71f,/mnt/d/INFANT CRY/data_set_dbl_split/train/hungry/dunstan-neh_29.wav,hungry/dunstan-neh_29.wav,hungry,train,3,pitch_shift,"{""steps"":-1.064022}",233,6663003592923824289,virtual:aug_b66671bb2a636825d5ab
aug_8a67a2f89af68ec672d5,rec_e0a54a38ab9d7b6d3830,/mnt/d/INFANT CRY/data_set_dbl_split/train/hungry/463_M_neh.wav,hungry/463_M_neh.wav,hungry,train,3,time_stretch,"{""rate"":1.124159}",234,2623779457913462736,virtual:aug_8a67a2f89af68ec672d5
aug_6eb9f3074037b301b35e,rec_db35c613515374caf95f,/mnt/d/INFANT CRY/data_set_dbl_split/train/hungry/dunstan-neh_21.wav,hungry/dunstan-neh_21.wav,hungry,train,3,time_stretch,"{""rate"":0.90501}",235,3430031127283305611,virtual:aug_6eb9f3074037b301b35e
aug_201ece9ef0a7f8dfe44e,rec_2cfbeb91a2cd57cedc7d,/mnt/d/INFANT CRY/data_set_dbl_split/train/hungry/4300_M_neh.wav,hungry/4300_M_neh.wav,hungry,train,3,time_shift,"{""fraction"":0.0523281}",236,12408560160778866202,virtual:aug_201ece9ef0a7f8dfe44e
aug_09b364b8f89fce873517,rec_3eeb6dcac3167d9919e6,/mnt/d/INFANT CRY/data_set_dbl_split/train/hungry/4221_M_neh.wav,hungry/4221_M_neh.wav,hungry,train,3,gaussian_noise,"{""noise_factor"":0.002723715}",237,13595880620758771510,virtual:aug_09b364b8f89fce873517
aug_6466f9c79bf3aa396fd0,rec_0ebec3765679d0d21c7c,/mnt/d/INFANT CRY/data_set_dbl_split/train/hungry/dunstan-neh_11.wav,hungry/dunstan-neh_11.wav,hungry,train,3,pitch_shift,"{""steps"":1.888041}",238,11423155502399050710,virtual:aug_6466f9c79bf3aa396fd0
aug_bd9d952644fb15ba9dcb,rec_7c3c65da7a88a56a3da5,/mnt/d/INFANT CRY/data_set_dbl_split/train/hungry/dunstan-neh_38.wav,hungry/dunstan-neh_38.wav,hungry,train,3,pitch_shift,"{""steps"":-2.114355}",239,4573801260528531740,virtual:aug_bd9d952644fb15ba9dcb
aug_36dcd002a27378ae322d,rec_877d2010d59db49c24c5,/mnt/d/INFANT CRY/data_set_dbl_split/train/hungry/3844_F_neh.wav,hungry/3844_F_neh.wav,hungry,train,3,time_stretch,"{""rate"":1.189098}",240,13983609974831399277,virtual:aug_36dcd002a27378ae322d
aug_03f550284ebd68db736a,rec_85357352a774e2f015c1,/mnt/d/INFANT CRY/data_set_dbl_split/train/hungry/3809_M_neh.wav,hungry/3809_M_neh.wav,hungry,train,3,time_stretch,"{""rate"":0.77949}",241,2226907773491688668,virtual:aug_03f550284ebd68db736a
aug_fd779c110d463b7e1194,rec_2ff671b1852890e69b00,/mnt/d/INFANT CRY/data_set_dbl_split/train/hungry/3044_M_neh.wav,hungry/3044_M_neh.wav,hungry,train,3,gaussian_noise,"{""noise_factor"":0.005584452}",242,13351678012893231809,virtual:aug_fd779c110d463b7e1194
aug_5e70304fd25672f2f288,rec_c5c7cc4019b6615df3ec,/mnt/d/INFANT CRY/data_set_dbl_split/train/hungry/377_F_neh.wav,hungry/377_F_neh.wav,hungry,train,3,pitch_shift,"{""steps"":0.943262}",243,14194646113255800010,virtual:aug_5e70304fd25672f2f288
aug_1dd965b56d3bac8e3640,rec_e6f7616af9e95806b13f,/mnt/d/INFANT CRY/data_set_dbl_split/train/hungry/dunstan-neh_37.wav,hungry/dunstan-neh_37.wav,hungry,train,3,pitch_shift,"{""steps"":-0.967309}",244,782302712871758500,virtual:aug_1dd965b56d3bac8e3640
aug_11749a9c15507dcbda39,rec_1ead87a594d0546fc079,/mnt/d/INFANT CRY/data_set_dbl_split/train/hungry/dunstan-neh_51.wav,hungry/dunstan-neh_51.wav,hungry,train,3,time_stretch,"{""rate"":1.122337}",245,12521016114094134045,virtual:aug_11749a9c15507dcbda39
aug_b19cf5c9adce8241f461,rec_35a8fd627f0a52683c6c,/mnt/d/INFANT CRY/data_set_dbl_split/train/hungry/961_M_neh.wav,hungry/961_M_neh.wav,hungry,train,3,time_stretch,"{""rate"":0.919398}",246,2885093822497259735,virtual:aug_b19cf5c9adce8241f461
aug_c552147f5b0d2d8a7203,rec_93a6be1a88f70e583f68,/mnt/d/INFANT CRY/data_set_dbl_split/train/hungry/3384_F_neh.wav,hungry/3384_F_neh.wav,hungry,train,3,time_shift,"{""fraction"":0.0291087}",247,7114851472597866595,virtual:aug_c552147f5b0d2d8a7203
aug_38fded3fa22967019ead,rec_40337147c7cdb9b1f04e,/mnt/d/INFANT CRY/data_set_dbl_split/train/hungry/2515_M_neh.wav,hungry/2515_M_neh.wav,hungry,train,3,gaussian_noise,"{""noise_factor"":0.002755392}",248,8136829442522085688,virtual:aug_38fded3fa22967019ead
aug_55fcb92824511f9d02fd,rec_9fda6433c0cfb05ba603,/mnt/d/INFANT CRY/data_set_dbl_split/train/hungry/2790_M_neh.wav,hungry/2790_M_neh.wav,hungry,train,3,pitch_shift,"{""steps"":1.927284}",249,18157203118257898675,virtual:aug_55fcb92824511f9d02fd
aug_f4cb76a7273be7df593c,rec_93046bbf5c1dea64bf5e,/mnt/d/INFANT CRY/data_set_dbl_split/train/hungry/833_M_neh.wav,hungry/833_M_neh.wav,hungry,train,3,pitch_shift,"{""steps"":-1.966258}",250,1409949976491701196,virtual:aug_f4cb76a7273be7df593c
aug_99c65002f042d5c782c4,rec_d478f03cf1d2daecb690,/mnt/d/INFANT CRY/data_set_dbl_split/train/hungry/2011_M_neh.wav,hungry/2011_M_neh.wav,hungry,train,3,time_stretch,"{""rate"":1.193709}",251,5654108116901843951,virtual:aug_99c65002f042d5c782c4
aug_3452287892e3534c756b,rec_e55a34a72fedfd7e840d,/mnt/d/INFANT CRY/data_set_dbl_split/train/hungry/dunstan-neh_12.wav,hungry/dunstan-neh_12.wav,hungry,train,3,time_stretch,"{""rate"":0.80318}",252,6431964830662915145,virtual:aug_3452287892e3534c756b
aug_b50d6e2d0726b11d1745,rec_f671c2c6395fe494c784,/mnt/d/INFANT CRY/data_set_dbl_split/train/hungry/2160_F_neh.wav,hungry/2160_F_neh.wav,hungry,train,3,gaussian_noise,"{""noise_factor"":0.005237541}",253,17327245421387760378,virtual:aug_b50d6e2d0726b11d1745
aug_391c7301dc402f878814,rec_8f4ae3b0a43cca27a403,/mnt/d/INFANT CRY/data_set_dbl_split/train/hungry/dunstan-neh_39.wav,hungry/dunstan-neh_39.wav,hungry,train,3,pitch_shift,"{""steps"":0.822554}",254,5858442327534566177,virtual:aug_391c7301dc402f878814
aug_cdc017380e14317cae73,rec_82f5f9b88b7fc28f0a7c,/mnt/d/INFANT CRY/data_set_dbl_split/train/hungry/dunstan-neh_6.wav,hungry/dunstan-neh_6.wav,hungry,train,3,pitch_shift,"{""steps"":-0.940612}",255,14839496853423428476,virtual:aug_cdc017380e14317cae73
aug_3b41637c2a85b0d5ebd4,rec_bbd412cfa7ef42afdb4b,/mnt/d/INFANT CRY/data_set_dbl_split/train/hungry/25_M_neh.wav,hungry/25_M_neh.wav,hungry,train,3,time_stretch,"{""rate"":1.101131}",256,7962891115051166176,virtual:aug_3b41637c2a85b0d5ebd4
aug_be9f9625c2d260a45d16,rec_d9f72db0ab671c11e601,/mnt/d/INFANT CRY/data_set_dbl_split/train/hungry/3800_M_neh.wav,hungry/3800_M_neh.wav,hungry,train,3,time_stretch,"{""rate"":0.917737}",257,240958760649920654,virtual:aug_be9f9625c2d260a45d16
aug_318c7edc86718caee51b,rec_674a9d5caada9832f371,/mnt/d/INFANT CRY/data_set_dbl_split/train/hungry/3830_M_neh.wav,hungry/3830_M_neh.wav,hungry,train,3,time_shift,"{""fraction"":0.0703183}",258,2059433185463991629,virtual:aug_318c7edc86718caee51b
aug_c142b9c861a875c8fd13,rec_b6b8af0ffd9a4ace9287,/mnt/d/INFANT CRY/data_set_dbl_split/train/hungry/1122_M_neh.wav,hungry/1122_M_neh.wav,hungry,train,3,gaussian_noise,"{""noise_factor"":0.002551694}",259,4105187907560151671,virtual:aug_c142b9c861a875c8fd13
aug_c649d711e0cf3ca44113,rec_0219106d49c86a8ef26c,/mnt/d/INFANT CRY/data_set_dbl_split/train/hungry/dunstan-neh_72.wav,hungry/dunstan-neh_72.wav,hungry,train,3,pitch_shift,"{""steps"":2.14215}",260,5055511838343561953,virtual:aug_c649d711e0cf3ca44113
aug_ddb4c7131745fc03585d,rec_c54b65ed121bcd33064a,/mnt/d/INFANT CRY/data_set_dbl_split/train/hungry/dunstan-neh_33.wav,hungry/dunstan-neh_33.wav,hungry,train,3,pitch_shift,"{""steps"":-1.988593}",261,3674899018316400724,virtual:aug_ddb4c7131745fc03585d
aug_90222c5924d49e473691,rec_6a6e66f89a8a4d5d6593,/mnt/d/INFANT CRY/data_set_dbl_split/train/hungry/4908_M_neh.wav,hungry/4908_M_neh.wav,hungry,train,3,time_stretch,"{""rate"":1.214503}",262,5618605903467301515,virtual:aug_90222c5924d49e473691
aug_b2dd27405aa763c2064d,rec_999b11113921ddf86a11,/mnt/d/INFANT CRY/data_set_dbl_split/train/hungry/4652_M_neh.wav,hungry/4652_M_neh.wav,hungry,train,3,time_stretch,"{""rate"":0.793472}",263,11253858758542494355,virtual:aug_b2dd27405aa763c2064d
aug_62ba707953cf01a0044f,rec_882649d0e1d9fb0fbaf3,/mnt/d/INFANT CRY/data_set_dbl_split/train/hungry/dunstan-neh_16.wav,hungry/dunstan-neh_16.wav,hungry,train,3,gaussian_noise,"{""noise_factor"":0.00504763}",264,13805262575232277443,virtual:aug_62ba707953cf01a0044f
aug_1173ec2afa9c9995e4f2,rec_863f55a8b59a50be7319,/mnt/d/INFANT CRY/data_set_dbl_split/train/hungry/2297_F_neh.wav,hungry/2297_F_neh.wav,hungry,train,3,pitch_shift,"{""steps"":1.041801}",265,9137509854583152101,virtual:aug_1173ec2afa9c9995e4f2
aug_a01546e35ae211107503,rec_483da636af8546408bfa,/mnt/d/INFANT CRY/data_set_dbl_split/train/hungry/3844_M_neh.wav,hungry/3844_M_neh.wav,hungry,train,3,pitch_shift,"{""steps"":-1.189498}",266,18290575926025762046,virtual:aug_a01546e35ae211107503
aug_000b93dcba130d2d5974,rec_563bf3b849e217c99c2b,/mnt/d/INFANT CRY/data_set_dbl_split/train/hungry/dunstan-neh_66.wav,hungry/dunstan-neh_66.wav,hungry,train,3,time_stretch,"{""rate"":1.075444}",267,615304264676844981,virtual:aug_000b93dcba130d2d5974
aug_e4f2094c52501bf138fd,rec_572209fcf4431574a106,/mnt/d/INFANT CRY/data_set_dbl_split/train/hungry/1221_M_neh.wav,hungry/1221_M_neh.wav,hungry,train,3,time_stretch,"{""rate"":0.908176}",268,12884107561129478565,virtual:aug_e4f2094c52501bf138fd
aug_1d54c80045200a05f424,rec_631606b7209247dd5eae,/mnt/d/INFANT CRY/data_set_dbl_split/train/hungry/3514_M_neh.wav,hungry/3514_M_neh.wav,hungry,train,3,time_shift,"{""fraction"":-0.0167729}",269,8954061718007758305,virtual:aug_1d54c80045200a05f424
aug_f1b2af1322550a686244,rec_9305bbcd4444176c69fc,/mnt/d/INFANT CRY/data_set_dbl_split/train/hungry/4717_M_neh.wav,hungry/4717_M_neh.wav,hungry,train,3,gaussian_noise,"{""noise_factor"":0.002457164}",270,13167390904077377630,virtual:aug_f1b2af1322550a686244
aug_867161de56ff1a29aff6,rec_eb761db33bdc0705f83c,/mnt/d/INFANT CRY/data_set_dbl_split/train/hungry/4202_M_neh.wav,hungry/4202_M_neh.wav,hungry,train,3,pitch_shift,"{""steps"":1.946157}",271,5540336928830061429,virtual:aug_867161de56ff1a29aff6
aug_9aeea5c9f7080dd2df6d,rec_bd47283574366dba00f9,/mnt/d/INFANT CRY/data_set_dbl_split/train/hungry/3269_M_neh.wav,hungry/3269_M_neh.wav,hungry,train,3,pitch_shift,"{""steps"":-2.027979}",272,3336475023979095637,virtual:aug_9aeea5c9f7080dd2df6d
aug_f8da5dafb5ce159212b9,rec_d9b715561d9eec5d8809,/mnt/d/INFANT CRY/data_set_dbl_split/train/hungry/754_M_neh.wav,hungry/754_M_neh.wav,hungry,train,3,time_stretch,"{""rate"":1.21955}",273,716465280552397274,virtual:aug_f8da5dafb5ce159212b9
aug_8e23ac8ca044bafd18c6,rec_751f261c8b1f00b3e786,/mnt/d/INFANT CRY/data_set_dbl_split/train/hungry/4055_M_neh.wav,hungry/4055_M_neh.wav,hungry,train,3,time_stretch,"{""rate"":0.777815}",274,17286173908966828153,virtual:aug_8e23ac8ca044bafd18c6
aug_314797a5ab640c187f3b,rec_12aab60e9a224840d67b,/mnt/d/INFANT CRY/data_set_dbl_split/train/hungry/3988_M_neh.wav,hungry/3988_M_neh.wav,hungry,train,3,gaussian_noise,"{""noise_factor"":0.004904215}",275,162736486278394255,virtual:aug_314797a5ab640c187f3b
aug_64c970047c2e064b4723,rec_aa120f51f1874bfc4566,/mnt/d/INFANT CRY/data_set_dbl_split/train/hungry/3870_M_neh.wav,hungry/3870_M_neh.wav,hungry,train,3,pitch_shift,"{""steps"":0.908817}",276,9260232728204327347,virtual:aug_64c970047c2e064b4723
aug_f3d1c11031966efae25d,rec_8a26e0da4af7d57a6c76,/mnt/d/INFANT CRY/data_set_dbl_split/train/hungry/4541_M_neh.wav,hungry/4541_M_neh.wav,hungry,train,3,pitch_shift,"{""steps"":-1.040417}",277,6566239464205715118,virtual:aug_f3d1c11031966efae25d
aug_b858b71f9bdab30290ad,rec_19f421ef58c3bf799ef8,/mnt/d/INFANT CRY/data_set_dbl_split/train/hungry/99_M_neh.wav,hungry/99_M_neh.wav,hungry,train,3,time_stretch,"{""rate"":1.106751}",278,7049004936737247311,virtual:aug_b858b71f9bdab30290ad
aug_32fc0e3099e869e78218,rec_0fd521640fdbb5d41b79,/mnt/d/INFANT CRY/data_set_dbl_split/train/hungry/4306_F_neh.wav,hungry/4306_F_neh.wav,hungry,train,3,time_stretch,"{""rate"":0.876122}",279,4210012540061021675,virtual:aug_32fc0e3099e869e78218
aug_6f2a1a41f5c7bd85c027,rec_3ca5af599f5e2d718692,/mnt/d/INFANT CRY/data_set_dbl_split/train/hungry/303_F_neh.wav,hungry/303_F_neh.wav,hungry,train,3,time_shift,"{""fraction"":-0.0841407}",280,15830561827320657490,virtual:aug_6f2a1a41f5c7bd85c027
aug_16b631d58b58412ac030,rec_76cce5732b0faa68e759,/mnt/d/INFANT CRY/data_set_dbl_split/train/hungry/dunstan-neh_41.wav,hungry/dunstan-neh_41.wav,hungry,train,3,gaussian_noise,"{""noise_factor"":0.002789877}",281,16383541220193223149,virtual:aug_16b631d58b58412ac030
aug_588cf9bd15e8314e4067,rec_2f44b2a29b63c403f247,/mnt/d/INFANT CRY/data_set_dbl_split/train/hungry/516_M_neh.wav,hungry/516_M_neh.wav,hungry,train,3,pitch_shift,"{""steps"":2.082537}",282,13528689692569638775,virtual:aug_588cf9bd15e8314e4067
aug_59b4581171f20b86d0fe,rec_72f731ddb6a072d3ab85,/mnt/d/INFANT CRY/data_set_dbl_split/train/hungry/964_M_neh.wav,hungry/964_M_neh.wav,hungry,train,3,pitch_shift,"{""steps"":-1.878417}",283,8512147382867174328,virtual:aug_59b4581171f20b86d0fe
aug_465ca6506bb0ebb9f2b1,rec_a8ed319ae2c5af1fb4e7,/mnt/d/INFANT CRY/data_set_dbl_split/train/hungry/848_M_neh.wav,hungry/848_M_neh.wav,hungry,train,3,time_stretch,"{""rate"":1.193392}",284,7595179483555674469,virtual:aug_465ca6506bb0ebb9f2b1
aug_2c045471de9e95183c8b,rec_9a989ed48e3e18f22982,/mnt/d/INFANT CRY/data_set_dbl_split/train/hungry/dunstan-neh_70.wav,hungry/dunstan-neh_70.wav,hungry,train,3,time_stretch,"{""rate"":0.790482}",285,6522355096868021730,virtual:aug_2c045471de9e95183c8b
aug_ee7e1ad0c66724fe3e39,rec_5c7b94899a81eecee357,/mnt/d/INFANT CRY/data_set_dbl_split/train/hungry/2973_M_neh.wav,hungry/2973_M_neh.wav,hungry,train,3,gaussian_noise,"{""noise_factor"":0.004790832}",286,3901468015426127578,virtual:aug_ee7e1ad0c66724fe3e39
aug_b533a118d50a0f1d38f3,rec_d8deea50d36d9d56286e,/mnt/d/INFANT CRY/data_set_dbl_split/train/hungry/851_M_neh.wav,hungry/851_M_neh.wav,hungry,train,3,pitch_shift,"{""steps"":0.823079}",287,16470021056053558441,virtual:aug_b533a118d50a0f1d38f3
aug_5679d59ef46514c797eb,rec_30dd61c9506d4c0ad6d5,/mnt/d/INFANT CRY/data_set_dbl_split/train/hungry/1262_F_neh.wav,hungry/1262_F_neh.wav,hungry,train,3,pitch_shift,"{""steps"":-0.882316}",288,10116719611146270694,virtual:aug_5679d59ef46514c797eb
aug_a4da3d0a6fc3d75ea5b8,rec_2e0608ae3276e423cd26,/mnt/d/INFANT CRY/data_set_dbl_split/train/hungry/704_M_neh.wav,hungry/704_M_neh.wav,hungry,train,3,time_stretch,"{""rate"":1.096673}",289,5725648721927653612,virtual:aug_a4da3d0a6fc3d75ea5b8
aug_1629d564eb6f3d7d9e96,rec_1d60bd35a759f5a32057,/mnt/d/INFANT CRY/data_set_dbl_split/train/hungry/dunstan-neh_48.wav,hungry/dunstan-neh_48.wav,hungry,train,3,time_stretch,"{""rate"":0.88275}",290,9458510513737278237,virtual:aug_1629d564eb6f3d7d9e96
aug_dceb087d75741547f614,rec_843d0ff9482328148496,/mnt/d/INFANT CRY/data_set_dbl_split/train/hungry/4928_M_neh.wav,hungry/4928_M_neh.wav,hungry,train,3,time_shift,"{""fraction"":0.0510878}",291,4221145075473646394,virtual:aug_dceb087d75741547f614
aug_c2b7e2d223a35352780a,rec_d063c5f9742a23575dbd,/mnt/d/INFANT CRY/data_set_dbl_split/train/hungry/dunstan-neh_43.wav,hungry/dunstan-neh_43.wav,hungry,train,3,gaussian_noise,"{""noise_factor"":0.002776364}",292,14699619120797845710,virtual:aug_c2b7e2d223a35352780a
aug_01001061429107363911,rec_ad350495db62eea85e85,/mnt/d/INFANT CRY/data_set_dbl_split/train/hungry/1236_M_neh.wav,hungry/1236_M_neh.wav,hungry,train,3,pitch_shift,"{""steps"":1.937022}",293,18313861619196084506,virtual:aug_01001061429107363911
aug_cb216db8875d6eb863b9,rec_2e6b9cce63bb62c81682,/mnt/d/INFANT CRY/data_set_dbl_split/train/hungry/1127_M_neh.wav,hungry/1127_M_neh.wav,hungry,train,3,pitch_shift,"{""steps"":-2.10226}",294,1564124042310081339,virtual:aug_cb216db8875d6eb863b9
aug_a09d79f92a77976d28cd,rec_4aeef63044c75c534d96,/mnt/d/INFANT CRY/data_set_dbl_split/train/hungry/2514_M_neh.wav,hungry/2514_M_neh.wav,hungry,train,3,time_stretch,"{""rate"":1.183434}",295,3273083183577614405,virtual:aug_a09d79f92a77976d28cd
aug_98ea6fc1dfe200831be5,rec_84a379178d9f921361e0,/mnt/d/INFANT CRY/data_set_dbl_split/train/hungry/1123_F_neh.wav,hungry/1123_F_neh.wav,hungry,train,3,time_stretch,"{""rate"":0.821484}",296,13630932311022749591,virtual:aug_98ea6fc1dfe200831be5
