record_id,filepath,label,group_id,fold,predicted_label,score_baby,score_not_baby,sample_kind,model_path,normalizer_path,run_id
rec_fefa338d580873c2cd3e,/mnt/d/INFANT CRY/data_set_dbl_split/train/belly_pain/1190_M_eairh.wav,baby,infant_sha256:1746eae8c464c72b2186a2f22bcb7faf1a39fb2c5e08cf76ff14a0968938cd86,1,baby,0.994533030489345,0.005466969510654953,original,/mnt/d/INFANT CRY/Models_dbl/experiments/runs/20260821T164332Z_490383ff__exp_20260903T170029Z_e0883d24/candidates/stage1_logmel_small_cnn/seed_42/fold_1/attempt_1/model.keras,recorded_in_fold_manifest,20260821T164332Z_490383ff__exp_20260903T170029Z_e0883d24
rec_dc2883d8ee245da07d43,/mnt/d/INFANT CRY/data_set_dbl_split/train/belly_pain/2243_M_eairh.wav,baby,infant_sha256:48a1acab4344409f504f469f020678d7776f3065a0515c5f8140902692bf45e5,1,baby,0.9974681108800961,0.0025318891199038926,original,/mnt/d/INFANT CRY/Models_dbl/experiments/runs/20260821T164332Z_490383ff__exp_20260903T170029Z_e0883d24/candidates/stage1_logmel_small_cnn/seed_42/fold_1/attempt_1/model.keras,recorded_in_fold_manifest,20260821T164332Z_490383ff__exp_20260903T170029Z_e0883d24
rec_bc25d1ebb8434b66682a,/mnt/d/INFANT CRY/data_set_dbl_split/train/belly_pain/2293_F_eairh.wav,baby,infant_sha256:ff50650762c3b1d1842ff03588c477ad4443b96d05b8c4e92e688545e5b4b2a6,1,baby,0.9741318894485524,0.0258681105514475,original,/mnt/d/INFANT CRY/Models_dbl/experiments/runs/20260821T164332Z_490383ff__exp_20260903T170029Z_e0883d24/candidates/stage1_logmel_small_cnn/seed_42/fold_1/attempt_1/model.keras,recorded_in_fold_manifest,20260821T164332Z_490383ff__exp_20260903T170029Z_e0883d24
rec_c7ab84dc1e25a511f089,/mnt/d/INFANT CRY/data_set_dbl_split/train/belly_pain/3054_M_eairh.wav,baby,infant_sha256:6bc38b9d403174682237bddf276b0324d8012977537635873e41d7e975daab8f,1,baby,0.9994824035040163,0.0005175964959837138,original,/mnt/d/INFANT CRY/Models_dbl/experiments/runs/20260821T164332Z_490383ff__exp_20260903T170029Z_e0883d24/candidates/stage1_logmel_small_cnn/seed_42/fold_1/attempt_1/model.keras,recorded_in_fold_manifest,20260821T164332Z_490383ff__exp_20260903T170029Z_e0883d24
rec_0ddf3d9b53d6a320397d,/mnt/d/INFANT CRY/data_set_dbl_split/train/belly_pain/3326_F_eairh.wav,baby,infant_sha256:adcac87f26a49067239153fa1158ad07ba16cc95c27ae12791dd2fec2b1dcc90,1,baby,0.9994446293757066,0.0005553706242934244,original,/mnt/d/INFANT CRY/Models_dbl/experiments/runs/20260821T164332Z_490383ff__exp_20260903T170029Z_e0883d24/candidates/stage1_logmel_small_cnn/seed_42/fold_1/attempt_1/model.keras,recorded_in_fold_manifest,20260821T164332Z_490383ff__exp_20260903T170029Z_e0883d24
rec_a5ec4310f567f29fe0e6,/mnt/d/INFANT CRY/data_set_dbl_split/train/belly_pain/3482_M_eairh.wav,baby,infant_sha256:3c11511aa2aca6cffaf290fbdd2542ea6d350ae044f19f311ba289e0c4b09540,1,baby,0.9684541081122442,0.03154589188775581,original,/mnt/d/INFANT CRY/Models_dbl/experiments/runs/20260821T164332Z_490383ff__exp_20260903T170029Z_e0883d24/candidates/stage1_logmel_small_cnn/seed_42/fold_1/attempt_1/model.keras,recorded_in_fold_manifest,20260821T164332Z_490383ff__exp_20260903T170029Z_e0883d24
rec_2730b77759b8808a6d27,/mnt/d/INFANT CRY/data_set_dbl_split/train/belly_pain/3786_M_eairh.wav,baby,infant_sha256:5ad24efaebed6b3f809e343af4784b8bad8ba5db04c3291efa282967ee103993,1,baby,0.946873569977523,0.05312643002247699,original,/mnt/d/INFANT CRY/Models_dbl/experiments/runs/20260821T164332Z_490383ff__exp_20260903T170029Z_e0883d24/candidates/stage1_logmel_small_cnn/seed_42/fold_1/attempt_1/model.keras,recorded_in_fold_manifest,20260821T164332Z_490383ff__exp_20260903T170029Z_e0883d24
rec_b6b66fb3f3de74db9ab8,/mnt/d/INFANT CRY/data_set_dbl_split/train/belly_pain/3825_M_eairh.wav,baby,infant_sha256:c4dd31085491fcac478954373ed0b61c18481364ceae041793da9518a16b2f64,1,baby,0.9990071882838496,0.000992811716150435,original,/mnt/d/INFANT CRY/Models_dbl/experiments/runs/20260821T164332Z_490383ff__exp_20260903T170029Z_e0883d24/candidates/stage1_logmel_small_cnn/seed_42/fold_1/attempt_1/model.keras,recorded_in_fold_manifest,20260821T164332Z_490383ff__exp_20260903T170029Z_e0883d24
rec_212b93ff5570b7840e1a,/mnt/d/INFANT CRY/data_set_dbl_split/train/belly_pain/419_M_eairh.wav,baby,infant_sha256:8211fc9f4a86ac992f108ee8a1c5e4c625c95e4466c9e977011037937c434a46,1,baby,0.997523187514358,0.002476812485641974,original,/mnt/d/INFANT CRY/Models_dbl/experiments/runs/20260821T164332Z_490383ff__exp_20260903T170029Z_e0883d24/candidates/stage1_logmel_small_cnn/seed_42/fold_1/attempt_1/model.keras,recorded_in_fold_manifest,20260821T164332Z_490383ff__exp_20260903T170029Z_e0883d24
rec_50da61b23db30480db84,/mnt/d/INFANT CRY/data_set_dbl_split/train/belly_pain/4601_M_eairh.wav,baby,infant_sha256:9fde7aede32b5320f792a545ddab382f6ff2f83e44d7609fd5c01e44dd8becfa,1,baby,0.980622467397333,0.0193775326026669,original,/mnt/d/INFANT CRY/Models_dbl/experiments/runs/20260821T164332Z_490383ff__exp_20260903T170029Z_e0883d24/candidates/stage1_logmel_small_cnn/seed_42/fold_1/attempt_1/model.keras,recorded_in_fold_manifest,20260821T164332Z_490383ff__exp_20260903T170029Z_e0883d24
rec_f6e860c75ce7b1ebce05,/mnt/d/INFANT CRY/data_set_dbl_split/train/belly_pain/4711_M_eairh.wav,baby,infant_sha256:4aefb574b66e26210f7814e88826959577ca75e345ee5a9a40c33961fe62eeb2,1,not_baby,0.3840615749359131,0.6159384250640869,original,/mnt/d/INFANT CRY/Models_dbl/experiments/runs/20260821T164332Z_490383ff__exp_20260903T170029Z_e0883d24/candidates/stage1_logmel_small_cnn/seed_42/fold_1/attempt_1/model.keras,recorded_in_fold_manifest,20260821T164332Z_490383ff__exp_20260903T170029Z_e0883d24
rec_f08400013ae835c03434,/mnt/d/INFANT CRY/data_set_dbl_split/train/belly_pain/dunstan-eairh_12.wav,baby,infant_sha256:e33c040d318e88074a5e32071647b074a58253e31f6e75f9d83fdf7dd9b12910,1,baby,0.9995955148511461,0.0004044851488539163,original,/mnt/d/INFANT CRY/Models_dbl/experiments/runs/20260821T164332Z_490383ff__exp_20260903T170029Z_e0883d24/candidates/stage1_logmel_small_cnn/seed_42/fold_1/attempt_1/model.keras,recorded_in_fold_manifest,20260821T164332Z_490383ff__exp_20260903T170029Z_e0883d24
rec_bc38ab67adac26f034e8,/mnt/d/INFANT CRY/data_set_dbl_split/train/belly_pain/dunstan-eairh_13.wav,baby,infant_sha256:531199248551ecacbd79c1e9d0bf08bb29ceff42f6aba4a21120d8d45ee433d8,1,baby,0.9893901409724465,0.010609859027553514,original,/mnt/d/INFANT CRY/Models_dbl/experiments/runs/20260821T164332Z_490383ff__exp_20260903T170029Z_e0883d24/candidates/stage1_logmel_small_cnn/seed_42/fold_1/attempt_1/model.keras,recorded_in_fold_manifest,20260821T164332Z_490383ff__exp_20260903T170029Z_e0883d24
rec_886741e63dcc59e4d15d,/mnt/d/INFANT CRY/data_set_dbl_split/train/belly_pain/dunstan-eairh_2.wav,baby,infant_sha256:25f1e26744ef82ed08155d85bcfef388e18abb2761bf5ac65e793a8ac751e8e4,1,not_baby,0.34315578172075095,0.656844218279249,original,/mnt/d/INFANT CRY/Models_dbl/experiments/runs/20260821T164332Z_490383ff__exp_20260903T170029Z_e0883d24/candidates/stage1_logmel_small_cnn/seed_42/fold_1/attempt_1/model.keras,recorded_in_fold_manifest,20260821T164332Z_490383ff__exp_20260903T170029Z_e0883d24
rec_86e990c657f137ebbf87,/mnt/d/INFANT CRY/data_set_dbl_split/train/belly_pain/dunstan-eairh_20.wav,baby,infant_sha256:59f26d398c8d75cac875d3dadf48b580f1b9b2c69582929bba7a11539183dd17,1,baby,0.999660753026131,0.00033924697386896564,original,/mnt/d/INFANT CRY/Models_dbl/experiments/runs/20260821T164332Z_490383ff__exp_20260903T170029Z_e0883d24/candidates/stage1_logmel_small_cnn/seed_42/fold_1/attempt_1/model.keras,recorded_in_fold_manifest,20260821T164332Z_490383ff__exp_20260903T170029Z_e0883d24
rec_6f6b4910a46d0f5c9466,/mnt/d/INFANT CRY/data_set_dbl_split/train/belly_pain/dunstan-eairh_29.wav,baby,infant_sha256:e44b9fc6ecf405f8ab3ca7aa5c691143ddbd967800c062adaeeed7ae11642588,1,baby,0.663051426410675,0.33694857358932495,original,/mnt/d/INFANT CRY/Models_dbl/experiments/runs/20260821T164332Z_490383ff__exp_20260903T170029Z_e0883d24/candidates/stage1_logmel_small_cnn/seed_42/fold_1/attempt_1/model.keras,recorded_in_fold_manifest,20260821T164332Z_490383ff__exp_20260903T170029Z_e0883d24
rec_38916b588bfc277e0233,/mnt/d/INFANT CRY/data_set_dbl_split/train/belly_pain/dunstan-eairh_34.wav,baby,infant_sha256:a79e79453842b7491c0ec793e4bfe32ddf2796404fd2b2ae15b5811375ac25e2,1,baby,0.8725128433857215,0.12748715661427845,original,/mnt/d/INFANT CRY/Models_dbl/experiments/runs/20260821T164332Z_490383ff__exp_20260903T170029Z_e0883d24/candidates/stage1_logmel_small_cnn/seed_42/fold_1/attempt_1/model.keras,recorded_in_fold_manifest,20260821T164332Z_490383ff__exp_20260903T170029Z_e0883d24
rec_917b2809b108d84393e1,/mnt/d/INFANT CRY/data_set_dbl_split/train/belly_pain/dunstan-eairh_37.wav,baby,infant_sha256:caa05b68e4398b392e93318279ed291d5e98ba1a643d33bf8fd280786153e9d8,1,baby,0.982265809914239,0.01773419008576108,original,/mnt/d/INFANT CRY/Models_dbl/experiments/runs/20260821T164332Z_490383ff__exp_20260903T170029Z_e0883d24/candidates/stage1_logmel_small_cnn/seed_42/fold_1/attempt_1/model.keras,recorded_in_fold_manifest,20260821T164332Z_490383ff__exp_20260903T170029Z_e0883d24
rec_dbafcb96ca6a87f36f52,/mnt/d/INFANT CRY/data_set_dbl_split/train/belly_pain/dunstan-eairh_39.wav,baby,infant_sha256:6cd6f6e5c161e78c32525683a639a9a9ab9c11c14cc48929c93d42be00a0e8fe,1,baby,0.8991057209737172,0.10089427902628273,original,/mnt/d/INFANT CRY/Models_dbl/experiments/runs/20260821T164332Z_490383ff__exp_20260903T170029Z_e0883d24/candidates/stage1_logmel_small_cnn/seed_42/fold_1/attempt_1/model.keras,recorded_in_fold_manifest,20260821T164332Z_490383ff__exp_20260903T170029Z_e0883d24
rec_e6d5a53ef5c2a42cae1f,/mnt/d/INFANT CRY/data_set_dbl_split/train/belly_pain/dunstan-eairh_59.wav,baby,infant_sha256:105bbf74d33a2c7a9b7ecff93a0335ca785aa31aea0c2c322815ffcefd1bfda4,1,not_baby,0.498167023008079,0.501832976991921,original,/mnt/d/INFANT CRY/Models_dbl/experiments/runs/20260821T164332Z_490383ff__exp_20260903T170029Z_e0883d24/candidates/stage1_logmel_small_cnn/seed_42/fold_1/attempt_1/model.keras,recorded_in_fold_manifest,20260821T164332Z_490383ff__exp_20260903T170029Z_e0883d24
rec_b2242a410e34ac87e103,/mnt/d/INFANT CRY/data_set_dbl_split/train/belly_pain/dunstan-eairh_7.wav,baby,infant_sha256:89577d9bb58322056e964be62c92957655aeedb628e052baed1e76ab436b6d54,1,baby,0.9802475322498067,0.01975246775019334,original,/mnt/d/INFANT CRY/Models_dbl/experiments/runs/20260821T164332Z_490383ff__exp_20260903T170029Z_e0883d24/candidates/stage1_logmel_small_cnn/seed_42/fold_1/attempt_1/model.keras,recorded_in_fold_manifest,20260821T164332Z_490383ff__exp_20260903T170029Z_e0883d24
rec_aef16fe4b73818181ee3,/mnt/d/INFANT CRY/data_set_dbl_split/train/burping/1173_M_eh.wav,baby,infant_sha256:56b3f4c1f74778e42892b692b68ea25b91fdd16d905856ba600bab014ed5b35e,1,baby,0.7336396733737186,0.26636032662628134,original,/mnt/d/INFANT CRY/Models_dbl/experiments/runs/20260821T164332Z_490383ff__exp_20260903T170029Z_e0883d24/candidates/stage1_logmel_small_cnn/seed_42/fold_1/attempt_1/model.keras,recorded_in_fold_manifest,20260821T164332Z_490383ff__exp_20260903T170029Z_e0883d24
rec_fe2bd084cd57ea19b335,/mnt/d/INFANT CRY/data_set_dbl_split/train/burping/1294_F_eh.wav,baby,infant_sha256:1fe5f80c9b393a6bbcf6b63364e395138a17ee332bcb992b2a7e6ce80e13b3a2,1,baby,0.8198176744553101,0.18018232554468996,original,/mnt/d/INFANT CRY/Models_dbl/experiments/runs/20260821T164332Z_490383ff__exp_20260903T170029Z_e0883d24/candidates/stage1_logmel_small_cnn/seed_42/fold_1/attempt_1/model.keras,recorded_in_fold_manifest,20260821T164332Z_490383ff__exp_20260903T170029Z_e0883d24
rec_91a8baa5de8351206dc1,/mnt/d/INFANT CRY/data_set_dbl_split/train/burping/1310_M_eh.wav,baby,infant_sha256:d3aaf72c55489f123a502254549835d0a189ab94d1e6633c828eb0a94bcab498,1,baby,0.6564842462539673,0.3435157537460327,original,/mnt/d/INFANT CRY/Models_dbl/experiments/runs/20260821T164332Z_490383ff__exp_20260903T170029Z_e0883d24/candidates/stage1_logmel_small_cnn/seed_42/fold_1/attempt_1/model.keras,recorded_in_fold_manifest,20260821T164332Z_490383ff__exp_20260903T170029Z_e0883d24
rec_aa640949ec798068cbcb,/mnt/d/INFANT CRY/data_set_dbl_split/train/burping/1836_M_eh.wav,baby,infant_sha256:046799fe1455c9c353da7dcc6931cb792a0360340ae23da1bb0c640d8a72ecb4,1,baby,0.5482717915854391,0.4517282084145608,original,/mnt/d/INFANT CRY/Models_dbl/experiments/runs/20260821T164332Z_490383ff__exp_20260903T170029Z_e0883d24/candidates/stage1_logmel_small_cnn/seed_42/fold_1/attempt_1/model.keras,recorded_in_fold_manifest,20260821T164332Z_490383ff__exp_20260903T170029Z_e0883d24
rec_04d8723e876919f7d0c5,/mnt/d/INFANT CRY/data_set_dbl_split/train/burping/1860_M_eh.wav,baby,infant_sha256:fb59ff63dd024c195cabf21ee0317affe6da07c4ccf05e3dc10c7fbff7f4e645,1,baby,0.5816547523942738,0.4183452476057263,original,/mnt/d/INFANT CRY/Models_dbl/experiments/runs/20260821T164332Z_490383ff__exp_20260903T170029Z_e0883d24/candidates/stage1_logmel_small_cnn/seed_42/fold_1/attempt_1/model.keras,recorded_in_fold_manifest,20260821T164332Z_490383ff__exp_20260903T170029Z_e0883d24
rec_76c476f521e31ec4c31a,/mnt/d/INFANT CRY/data_set_dbl_split/train/burping/2203_F_eh.wav,baby,infant_sha256:d64a00b82f94c6a58db89df52afabe99d9464019ba00dc276a690ef602e8eb54,1,baby,0.8463091219731329,0.15369087802686707,original,/mnt/d/INFANT CRY/Models_dbl/experiments/runs/20260821T164332Z_490383ff__exp_20260903T170029Z_e0883d24/candidates/stage1_logmel_small_cnn/seed_42/fold_1/attempt_1/model.keras,recorded_in_fold_manifest,20260821T164332Z_490383ff__exp_20260903T170029Z_e0883d24
rec_583b16956c6c814d67fe,/mnt/d/INFANT CRY/data_set_dbl_split/train/burping/3033_M_eh.wav,baby,infant_sha256:06f9596f8f896e0444e9f3d6dd0e275425df00d2f5fe90e5f9b8c82bbcd823ef,1,baby,0.997064450873037,0.002935549126963085,original,/mnt/d/INFANT CRY/Models_dbl/experiments/runs/20260821T164332Z_490383ff__exp_20260903T170029Z_e0883d24/candidates/stage1_logmel_small_cnn/seed_42/fold_1/attempt_1/model.keras,recorded_in_fold_manifest,20260821T164332Z_490383ff__exp_20260903T170029Z_e0883d24
rec_1eb9fd4af465d3df769d,/mnt/d/INFANT CRY/data_set_dbl_split/train/burping/306_M_eh.wav,baby,infant_sha256:3d1d3a9de22b3dd9a75a28076f0666d9fe8b7e10905539bcd0c8503979d75741,1,baby,0.9117586748564046,0.08824132514359541,original,/mnt/d/INFANT CRY/Models_dbl/experiments/runs/20260821T164332Z_490383ff__exp_20260903T170029Z_e0883d24/candidates/stage1_logmel_small_cnn/seed_42/fold_1/attempt_1/model.keras,recorded_in_fold_manifest,20260821T164332Z_490383ff__exp_20260903T170029Z_e0883d24
rec_fbef8f5e2003e3f7e55d,/mnt/d/INFANT CRY/data_set_dbl_split/train/burping/3163_F_eh.wav,baby,infant_sha256:7d087bf0d392266023ae4c508f2dc7a71c4d08da44dd43ee1ee0856dec82fec4,1,baby,0.8999728158128493,0.1000271841871507,original,/mnt/d/INFANT CRY/Models_dbl/experiments/runs/20260821T164332Z_490383ff__exp_20260903T170029Z_e0883d24/candidates/stage1_logmel_small_cnn/seed_42/fold_1/attempt_1/model.keras,recorded_in_fold_manifest,20260821T164332Z_490383ff__exp_20260903T170029Z_e0883d24
rec_8405ff9deb2601ec3688,/mnt/d/INFANT CRY/data_set_dbl_split/train/burping/3263_F_eh.wav,baby,infant_sha256:d9a8ea049618faa3cf9d1e9b6a9460fd8c31fcd63f9419490102db02085a7680,1,baby,0.6663694977494625,0.3336305022505375,original,/mnt/d/INFANT CRY/Models_dbl/experiments/runs/20260821T164332Z_490383ff__exp_20260903T170029Z_e0883d24/candidates/stage1_logmel_small_cnn/seed_42/fold_1/attempt_1/model.keras,recorded_in_fold_manifest,20260821T164332Z_490383ff__exp_20260903T170029Z_e0883d24
rec_7f5f72cffacee5752ddb,/mnt/d/INFANT CRY/data_set_dbl_split/train/burping/3331_M_eh.wav,baby,infant_sha256:a4aa673b6e979cc927669c90a855494ac2d988782815f0483289b83bd0db52cf,1,baby,0.6136314686050574,0.38636853139494265,original,/mnt/d/INFANT CRY/Models_dbl/experiments/runs/20260821T164332Z_490383ff__exp_20260903T170029Z_e0883d24/candidates/stage1_logmel_small_cnn/seed_42/fold_1/attempt_1/model.keras,recorded_in_fold_manifest,20260821T164332Z_490383ff__exp_20260903T170029Z_e0883d24
rec_76d86ebe51c4717b2eef,/mnt/d/INFANT CRY/data_set_dbl_split/train/burping/3332_M_eh.wav,baby,infant_sha256:86841c08ebd872a14a443438c9a13b68b5c973db8af04f6fc8989540ce8186d3,1,baby,0.9626853179131354,0.03731468208686465,original,/mnt/d/INFANT CRY/Models_dbl/experiments/runs/20260821T164332Z_490383ff__exp_20260903T170029Z_e0883d24/candidates/stage1_logmel_small_cnn/seed_42/fold_1/attempt_1/model.keras,recorded_in_fold_manifest,20260821T164332Z_490383ff__exp_20260903T170029Z_e0883d24
rec_8fa03b0b1122bc99fa71,/mnt/d/INFANT CRY/data_set_dbl_split/train/burping/3335_M_eh.wav,baby,infant_sha256:9810042bbc43ae0a284496ae3a7729759ce40e938323a058c5380776b3d64445,1,baby,0.5338373184204102,0.46616268157958984,original,/mnt/d/INFANT CRY/Models_dbl/experiments/runs/20260821T164332Z_490383ff__exp_20260903T170029Z_e0883d24/candidates/stage1_logmel_small_cnn/seed_42/fold_1/attempt_1/model.keras,recorded_in_fold_manifest,20260821T164332Z_490383ff__exp_20260903T170029Z_e0883d24
rec_9f874a669b1439b8ba43,/mnt/d/INFANT CRY/data_set_dbl_split/train/burping/335_M_eh.wav,baby,infant_sha256:0f86a21f1db9652aa354bb7ef030679964c7ae9e969c2c37259f58e238cbfab8,1,baby,0.66298508644104,0.33701491355895996,original,/mnt/d/INFANT CRY/Models_dbl/experiments/runs/20260821T164332Z_490383ff__exp_20260903T170029Z_e0883d24/candidates/stage1_logmel_small_cnn/seed_42/fold_1/attempt_1/model.keras,recorded_in_fold_manifest,20260821T164332Z_490383ff__exp_20260903T170029Z_e0883d24
rec_02ded2dafd9c65710523,/mnt/d/INFANT CRY/data_set_dbl_split/train/burping/3414_M_eh.wav,baby,infant_sha256:ef935196a5d5c3888adcc945bc943a1aa5a90f1b5d7b937c5033707fbffe3c99,1,baby,0.7715884332122143,0.2284115667877858,original,/mnt/d/INFANT CRY/Models_dbl/experiments/runs/20260821T164332Z_490383ff__exp_20260903T170029Z_e0883d24/candidates/stage1_logmel_small_cnn/seed_42/fold_1/attempt_1/model.keras,recorded_in_fold_manifest,20260821T164332Z_490383ff__exp_20260903T170029Z_e0883d24
rec_f563132c4a35d9e664db,/mnt/d/INFANT CRY/data_set_dbl_split/train/burping/3471_M_eh.wav,baby,infant_sha256:b2ec7b0351dff824ddabca329e242472280f33dd8f5f65800e16544548513933,1,baby,0.9543319024555865,0.04566809754441351,original,/mnt/d/INFANT CRY/Models_dbl/experiments/runs/20260821T164332Z_490383ff__exp_20260903T170029Z_e0883d24/candidates/stage1_logmel_small_cnn/seed_42/fold_1/attempt_1/model.keras,recorded_in_fold_manifest,20260821T164332Z_490383ff__exp_20260903T170029Z_e0883d24
rec_246e21d1f4b12af163dd,/mnt/d/INFANT CRY/data_set_dbl_split/train/burping/3706_M_eh.wav,baby,infant_sha256:bce9bc7dfd7a660cf9bec5d194db7f503ca86d7625a85042471d5287dad455f9,1,baby,0.9749716502149186,0.02502834978508139,original,/mnt/d/INFANT CRY/Models_dbl/experiments/runs/20260821T164332Z_490383ff__exp_20260903T170029Z_e0883d24/candidates/stage1_logmel_small_cnn/seed_42/fold_1/attempt_1/model.keras,recorded_in_fold_manifest,20260821T164332Z_490383ff__exp_20260903T170029Z_e0883d24
rec_c406d6a42a64a393f607,/mnt/d/INFANT CRY/data_set_dbl_split/train/burping/3828_M_eh.wav,baby,infant_sha256:3123ccb415bb317f14720fb25ff9888e1e21ab6799e84817da04a2803f1fa13f,1,baby,0.9543584861262651,0.045641513873734975,original,/mnt/d/INFANT CRY/Models_dbl/experiments/runs/20260821T164332Z_490383ff__exp_20260903T170029Z_e0883d24/candidates/stage1_logmel_small_cnn/seed_42/fold_1/attempt_1/model.keras,recorded_in_fold_manifest,20260821T164332Z_490383ff__exp_20260903T170029Z_e0883d24
rec_a9a6a0ec78c393f1423a,/mnt/d/INFANT CRY/data_set_dbl_split/train/burping/3987_M_eh.wav,baby,infant_sha256:94444e1b0216a7c32e9007e349126949b35e614f1eea198705df18991602efe5,1,baby,0.9720309357176501,0.027969064282349895,original,/mnt/d/INFANT CRY/Models_dbl/experiments/runs/20260821T164332Z_490383ff__exp_20260903T170029Z_e0883d24/candidates/stage1_logmel_small_cnn/seed_42/fold_1/attempt_1/model.keras,recorded_in_fold_manifest,20260821T164332Z_490383ff__exp_20260903T170029Z_e0883d24
rec_63a5ffd4b62830708b3e,/mnt/d/INFANT CRY/data_set_dbl_split/train/burping/4129_M_eh.wav,baby,infant_sha256:b4e2b831a474a89fb230ec4008345665d0e525c2b3f1cd88deb34ba318b95c94,1,baby,0.9351188192099773,0.06488118079002272,original,/mnt/d/INFANT CRY/Models_dbl/experiments/runs/20260821T164332Z_490383ff__exp_20260903T170029Z_e0883d24/candidates/stage1_logmel_small_cnn/seed_42/fold_1/attempt_1/model.keras,recorded_in_fold_manifest,20260821T164332Z_490383ff__exp_20260903T170029Z_e0883d24
rec_5a2f75276513a19a7ebb,/mnt/d/INFANT CRY/data_set_dbl_split/train/burping/4216_M_eh.wav,baby,infant_sha256:90cc1a9dbc30fb4f2e5bd586e1108e3fea89a02d916aa67b1c50dc2d5af9695d,1,baby,0.9727737563110265,0.02722624368897351,original,/mnt/d/INFANT CRY/Models_dbl/experiments/runs/20260821T164332Z_490383ff__exp_20260903T170029Z_e0883d24/candidates/stage1_logmel_small_cnn/seed_42/fold_1/attempt_1/model.keras,recorded_in_fold_manifest,20260821T164332Z_490383ff__exp_20260903T170029Z_e0883d24
rec_7d6aa6a7af750f0245fb,/mnt/d/INFANT CRY/data_set_dbl_split/train/burping/4321_M_eh.wav,baby,infant_sha256:18c8648b23456a9c3f720d089a4e9ef0c68113b3256bb55e7bafb58c04445480,1,baby,0.6524332968930425,0.3475667031069575,original,/mnt/d/INFANT CRY/Models_dbl/experiments/runs/20260821T164332Z_490383ff__exp_20260903T170029Z_e0883d24/candidates/stage1_logmel_small_cnn/seed_42/fold_1/attempt_1/model.keras,recorded_in_fold_manifest,20260821T164332Z_490383ff__exp_20260903T170029Z_e0883d24
rec_e0bd95966c0c5da7f134,/mnt/d/INFANT CRY/data_set_dbl_split/train/burping/4468_F_eh.wav,baby,infant_sha256:403c9ec5f4087764623a7e4b4c2d7a4a66cfe166016a48a66ea16489659ce8fb,1,baby,0.9836420664764954,0.016357933523504554,original,/mnt/d/INFANT CRY/Models_dbl/experiments/runs/20260821T164332Z_490383ff__exp_20260903T170029Z_e0883d24/candidates/stage1_logmel_small_cnn/seed_42/fold_1/attempt_1/model.keras,recorded_in_fold_manifest,20260821T164332Z_490383ff__exp_20260903T170029Z_e0883d24
rec_ce6d33d9d80a390b5de1,/mnt/d/INFANT CRY/data_set_dbl_split/train/burping/4580_M_eh.wav,baby,infant_sha256:55ee6e143b4bfa4dd0988393b59f5b234248ebd11e3d87b2696ce37e4e8c86f9,1,baby,0.9736942304294736,0.02630576957052644,original,/mnt/d/INFANT CRY/Models_dbl/experiments/runs/20260821T164332Z_490383ff__exp_20260903T170029Z_e0883d24/candidates/stage1_logmel_small_cnn/seed_42/fold_1/attempt_1/model.keras,recorded_in_fold_manifest,20260821T164332Z_490383ff__exp_20260903T170029Z_e0883d24
rec_eebb212fc609ed557451,/mnt/d/INFANT CRY/data_set_dbl_split/train/burping/463_M_eh.wav,baby,infant_sha256:8452cb3dab4f2be1640ee40ae1990df62e2df7e806809ea0d2098947d8127898,1,not_baby,0.08729608226871367,0.9127039177312863,original,/mnt/d/INFANT CRY/Models_dbl/experiments/runs/20260821T164332Z_490383ff__exp_20260903T170029Z_e0883d24/candidates/stage1_logmel_small_cnn/seed_42/fold_1/attempt_1/model.keras,recorded_in_fold_manifest,20260821T164332Z_490383ff__exp_20260903T170029Z_e0883d24
rec_4f3aebbda6b4c987c96d,/mnt/d/INFANT CRY/data_set_dbl_split/train/burping/4643_M_eh.wav,baby,infant_sha256:7854d39081314351a6e20ea1b0c0233e5892ed19c4c7652724a78fd2da05ba5a,1,baby,0.7570369243621826,0.24296307563781738,original,/mnt/d/INFANT CRY/Models_dbl/experiments/runs/20260821T164332Z_490383ff__exp_20260903T170029Z_e0883d24/candidates/stage1_logmel_small_cnn/seed_42/fold_1/attempt_1/model.keras,recorded_in_fold_manifest,20260821T164332Z_490383ff__exp_20260903T170029Z_e0883d24
rec_ff477dacfaa3059546f6,/mnt/d/INFANT CRY/data_set_dbl_split/train/burping/4846_M_eh.wav,baby,infant_sha256:5f66982110bb24eafb98ede59e332895a433db72cb7c421b5e2bd602c4786c2b,1,baby,0.8130938401003301,0.18690615989966988,original,/mnt/d/INFANT CRY/Models_dbl/experiments/runs/20260821T164332Z_490383ff__exp_20260903T170029Z_e0883d24/candidates/stage1_logmel_small_cnn/seed_42/fold_1/attempt_1/model.keras,recorded_in_fold_manifest,20260821T164332Z_490383ff__exp_20260903T170029Z_e0883d24
rec_9bc21230f02ca1056bac,/mnt/d/INFANT CRY/data_set_dbl_split/train/burping/4881_M_eh.wav,baby,infant_sha256:2a38639e1773b18e221f7a04b2d7a07e4c44ade412f5e9805f5c07991c4fd5ea,1,not_baby,0.20573738787752147,0.7942626121224785,original,/mnt/d/INFANT CRY/Models_dbl/experiments/runs/20260821T164332Z_490383ff__exp_20260903T170029Z_e0883d24/candidates/stage1_logmel_small_cnn/seed_42/fold_1/attempt_1/model.keras,recorded_in_fold_manifest,20260821T164332Z_490383ff__exp_20260903T170029Z_e0883d24
rec_1fa454041cb2b6209768,/mnt/d/INFANT CRY/data_set_dbl_split/train/burping/691_M_eh.wav,baby,infant_sha256:0c110c55b5a3a49134b0bb8de4c3bfde88523cea2d4e999b30c9c5913f8f3953,1,baby,0.7339559197425842,0.26604408025741577,original,/mnt/d/INFANT CRY/Models_dbl/experiments/runs/20260821T164332Z_490383ff__exp_20260903T170029Z_e0883d24/candidates/stage1_logmel_small_cnn/seed_42/fold_1/attempt_1/model.keras,recorded_in_fold_manifest,20260821T164332Z_490383ff__exp_20260903T170029Z_e0883d24
rec_68fb76bcaf4df28e1d35,/mnt/d/INFANT CRY/data_set_dbl_split/train/burping/dunstan-eh_29.wav,baby,infant_sha256:b9d8f7192623004bc826cbd5966f70e05261eaa1f05e9853e970b6172eeca0f9,1,baby,0.864832771790516,0.13516722820948404,original,/mnt/d/INFANT CRY/Models_dbl/experiments/runs/20260821T164332Z_490383ff__exp_20260903T170029Z_e0883d24/candidates/stage1_logmel_small_cnn/seed_42/fold_1/attempt_1/model.keras,recorded_in_fold_manifest,20260821T164332Z_490383ff__exp_20260903T170029Z_e0883d24
rec_0a4b374c52ad48552c98,/mnt/d/INFANT CRY/data_set_dbl_split/train/burping/dunstan-eh_44.wav,baby,infant_sha256:54a150e31b2678a4358cfef92e5833056bca79932a44ed1668a54df796d68d62,1,baby,0.913442119599407,0.08655788040059295,original,/mnt/d/INFANT CRY/Models_dbl/experiments/runs/20260821T164332Z_490383ff__exp_20260903T170029Z_e0883d24/candidates/stage1_logmel_small_cnn/seed_42/fold_1/attempt_1/model.keras,recorded_in_fold_manifest,20260821T164332Z_490383ff__exp_20260903T170029Z_e0883d24
rec_98b16899c96800087607,/mnt/d/INFANT CRY/data_set_dbl_split/train/discomfort/1231_M_heh.wav,baby,infant_sha256:db2fdd4576a4f8bf68e082337c2bdd15e9a67a44f44d08df17a50b8c9254fbb9,1,baby,0.7253013037055343,0.27469869629446575,original,/mnt/d/INFANT CRY/Models_dbl/experiments/runs/20260821T164332Z_490383ff__exp_20260903T170029Z_e0883d24/candidates/stage1_logmel_small_cnn/seed_42/fold_1/attempt_1/model.keras,recorded_in_fold_manifest,20260821T164332Z_490383ff__exp_20260903T170029Z_e0883d24
rec_96e032ce543e45616669,/mnt/d/INFANT CRY/data_set_dbl_split/train/discomfort/2011_M_heh.wav,baby,infant_sha256:4da42bd1fcd65c8633f47511bb4e730c6942d476bb1f8bd46759c974f375a9be,1,baby,0.9012290835380554,0.09877091646194458,original,/mnt/d/INFANT CRY/Models_dbl/experiments/runs/20260821T164332Z_490383ff__exp_20260903T170029Z_e0883d24/candidates/stage1_logmel_small_cnn/seed_42/fold_1/attempt_1/model.keras,recorded_in_fold_manifest,20260821T164332Z_490383ff__exp_20260903T170029Z_e0883d24
rec_d29795646338e698d6c0,/mnt/d/INFANT CRY/data_set_dbl_split/train/discomfort/2416_M_heh.wav,baby,infant_sha256:5d0c4a7a8074cc72309901c6a548c94a8a37b52c93207fe8be95059bbea343b0,1,baby,0.7938594818115234,0.20614051818847656,original,/mnt/d/INFANT CRY/Models_dbl/experiments/runs/20260821T164332Z_490383ff__exp_20260903T170029Z_e0883d24/candidates/stage1_logmel_small_cnn/seed_42/fold_1/attempt_1/model.keras,recorded_in_fold_manifest,20260821T164332Z_490383ff__exp_20260903T170029Z_e0883d24
rec_91afffc62993be071030,/mnt/d/INFANT CRY/data_set_dbl_split/train/discomfort/2535_M_heh.wav,baby,infant_sha256:b5cd08fe950c9836c3d6cecef2ae7fcedb6b57b2be27ead4014589d7429bcecf,1,baby,0.6022701263427734,0.39772987365722656,original,/mnt/d/INFANT CRY/Models_dbl/experiments/runs/20260821T164332Z_490383ff__exp_20260903T170029Z_e0883d24/candidates/stage1_logmel_small_cnn/seed_42/fold_1/attempt_1/model.keras,recorded_in_fold_manifest,20260821T164332Z_490383ff__exp_20260903T170029Z_e0883d24
rec_128a836f9d7c0c3800f8,/mnt/d/INFANT CRY/data_set_dbl_split/train/discomfort/3009_M_heh.wav,baby,infant_sha256:b77d541510e2984d220f05d4be9efe103523cfe6c66f4f8962bb89c5d52341af,1,baby,0.9825120863633375,0.017487913636662498,original,/mnt/d/INFANT CRY/Models_dbl/experiments/runs/20260821T164332Z_490383ff__exp_20260903T170029Z_e0883d24/candidates/stage1_logmel_small_cnn/seed_42/fold_1/attempt_1/model.keras,recorded_in_fold_manifest,20260821T164332Z_490383ff__exp_20260903T170029Z_e0883d24
rec_7d53ec14d0de07ba9f29,/mnt/d/INFANT CRY/data_set_dbl_split/train/discomfort/3083_M_heh.wav,baby,infant_sha256:6ec2dd4173fb6f1b1894679a79b6b6f650df63be8652798a34b210b6a45a3d31,1,baby,0.9662587766542119,0.03374122334578807,original,/mnt/d/INFANT CRY/Models_dbl/experiments/runs/20260821T164332Z_490383ff__exp_20260903T170029Z_e0883d24/candidates/stage1_logmel_small_cnn/seed_42/fold_1/attempt_1/model.keras,recorded_in_fold_manifest,20260821T164332Z_490383ff__exp_20260903T170029Z_e0883d24
rec_0d4c7e9d16ffe8d1bbff,/mnt/d/INFANT CRY/data_set_dbl_split/train/discomfort/3468_F_heh.wav,baby,infant_sha256:3a4fdffc46deab4f880252a1541a8be359faf7c3051995febfffac7d291b3cdb,1,not_baby,0.4067478533537475,0.5932521466462525,original,/mnt/d/INFANT CRY/Models_dbl/experiments/runs/20260821T164332Z_490383ff__exp_20260903T170029Z_e0883d24/candidates/stage1_logmel_small_cnn/seed_42/fold_1/attempt_1/model.keras,recorded_in_fold_manifest,20260821T164332Z_490383ff__exp_20260903T170029Z_e0883d24
rec_3ea9d39bb4edc68fdf50,/mnt/d/INFANT CRY/data_set_dbl_split/train/discomfort/3719_M_heh.wav,baby,infant_sha256:7ab37ca3b11ec8cc6f87e1a9a12e846a79cc386f61d73920533e1cb84e372052,1,baby,0.8156217446552667,0.1843782553447333,original,/mnt/d/INFANT CRY/Models_dbl/experiments/runs/20260821T164332Z_490383ff__exp_20260903T170029Z_e0883d24/candidates/stage1_logmel_small_cnn/seed_42/fold_1/attempt_1/model.keras,recorded_in_fold_manifest,20260821T164332Z_490383ff__exp_20260903T170029Z_e0883d24
rec_a6a97d51ada1af8e637e,/mnt/d/INFANT CRY/data_set_dbl_split/train/discomfort/3989_M_heh.wav,baby,infant_sha256:f2ee0040bd945697c43f70d5a87227da96fdd4ff6de69223d64d6d93f62d22b1,1,baby,0.9647498906543458,0.0352501093456542,original,/mnt/d/INFANT CRY/Models_dbl/experiments/runs/20260821T164332Z_490383ff__exp_20260903T170029Z_e0883d24/candidates/stage1_logmel_small_cnn/seed_42/fold_1/attempt_1/model.keras,recorded_in_fold_manifest,20260821T164332Z_490383ff__exp_20260903T170029Z_e0883d24
rec_52da117b101c516c1c42,/mnt/d/INFANT CRY/data_set_dbl_split/train/discomfort/4262_M_heh.wav,baby,infant_sha256:4f8314b892b7780174b56ed2d07f4250889669d7debb8efe1550b76d207da153,1,baby,0.8976818189370361,0.10231818106296389,original,/mnt/d/INFANT CRY/Models_dbl/experiments/runs/20260821T164332Z_490383ff__exp_20260903T170029Z_e0883d24/candidates/stage1_logmel_small_cnn/seed_42/fold_1/attempt_1/model.keras,recorded_in_fold_manifest,20260821T164332Z_490383ff__exp_20260903T170029Z_e0883d24
rec_16c3c32dab93b50e898e,/mnt/d/INFANT CRY/data_set_dbl_split/train/discomfort/812_F_heh.wav,baby,infant_sha256:87671ba55146b638213134bb556ac361122f688e43c004b427f08371f3e81e8c,1,baby,0.8688130378723145,0.13118696212768555,original,/mnt/d/INFANT CRY/Models_dbl/experiments/runs/20260821T164332Z_490383ff__exp_20260903T170029Z_e0883d24/candidates/stage1_logmel_small_cnn/seed_42/fold_1/attempt_1/model.keras,recorded_in_fold_manifest,20260821T164332Z_490383ff__exp_20260903T170029Z_e0883d24
rec_37d2c4c05305ba71470e,/mnt/d/INFANT CRY/data_set_dbl_split/train/discomfort/902_M_heh.wav,baby,infant_sha256:002636cbd3c54721b6c92adf876295a4458c1eda18d44f2fb977c361f06a16d4,1,baby,0.9710718700815398,0.02892812991846019,original,/mnt/d/INFANT CRY/Models_dbl/experiments/runs/20260821T164332Z_490383ff__exp_20260903T170029Z_e0883d24/candidates/stage1_logmel_small_cnn/seed_42/fold_1/attempt_1/model.keras,recorded_in_fold_manifest,20260821T164332Z_490383ff__exp_20260903T170029Z_e0883d24
rec_a1bb82b464315dcad4da,/mnt/d/INFANT CRY/data_set_dbl_split/train/discomfort/915_M_heh.wav,baby,infant_sha256:d1a190eef053d567c2ddc53ef7f2901d68ae5c86897c7094230ab57a9eb91175,1,baby,0.7434083597836387,0.25659164021636127,original,/mnt/d/INFANT CRY/Models_dbl/experiments/runs/20260821T164332Z_490383ff__exp_20260903T170029Z_e0883d24/candidates/stage1_logmel_small_cnn/seed_42/fold_1/attempt_1/model.keras,recorded_in_fold_manifest,20260821T164332Z_490383ff__exp_20260903T170029Z_e0883d24
rec_333243a7285e8e47127f,/mnt/d/INFANT CRY/data_set_dbl_split/train/discomfort/dunstan-heh_1.wav,baby,infant_sha256:00715050a9e08341be441187374434b78e7219722de771717149dace749807b7,1,baby,0.7234180950099798,0.2765819049900202,original,/mnt/d/INFANT CRY/Models_dbl/experiments/runs/20260821T164332Z_490383ff__exp_20260903T170029Z_e0883d24/candidates/stage1_logmel_small_cnn/seed_42/fold_1/attempt_1/model.keras,recorded_in_fold_manifest,20260821T164332Z_490383ff__exp_20260903T170029Z_e0883d24
rec_c28fa0cb46f2cf6051d8,/mnt/d/INFANT CRY/data_set_dbl_split/train/discomfort/dunstan-heh_18.wav,baby,infant_sha256:3fe5651b054bb62686baac36b07cf3474eb69ae6cba3af0ba96a618d23940e0f,1,baby,0.9963004640114052,0.0036995359885948226,original,/mnt/d/INFANT CRY/Models_dbl/experiments/runs/20260821T164332Z_490383ff__exp_20260903T170029Z_e0883d24/candidates/stage1_logmel_small_cnn/seed_42/fold_1/attempt_1/model.keras,recorded_in_fold_manifest,20260821T164332Z_490383ff__exp_20260903T170029Z_e0883d24
rec_84a379178d9f921361e0,/mnt/d/INFANT CRY/data_set_dbl_split/train/hungry/1123_F_neh.wav,baby,infant_sha256:2df3246c9980e7de9c9d7107db882aebd08c7f7c5f8a915006bb6d8e2c447541,1,baby,0.9757666500685107,0.0242333499314893,original,/mnt/d/INFANT CRY/Models_dbl/experiments/runs/20260821T164332Z_490383ff__exp_20260903T170029Z_e0883d24/candidates/stage1_logmel_small_cnn/seed_42/fold_1/attempt_1/model.keras,recorded_in_fold_manifest,20260821T164332Z_490383ff__exp_20260903T170029Z_e0883d24
rec_2e6b9cce63bb62c81682,/mnt/d/INFANT CRY/data_set_dbl_split/train/hungry/1127_M_neh.wav,baby,infant_sha256:abf17194995d30ba4cab65658760f8bab3004d430ad8e2cd8e46437ae37e954f,1,baby,0.9803323028397558,0.019667697160244222,original,/mnt/d/INFANT CRY/Models_dbl/experiments/runs/20260821T164332Z_490383ff__exp_20260903T170029Z_e0883d24/candidates/stage1_logmel_small_cnn/seed_42/fold_1/attempt_1/model.keras,recorded_in_fold_manifest,20260821T164332Z_490383ff__exp_20260903T170029Z_e0883d24
rec_ad350495db62eea85e85,/mnt/d/INFANT CRY/data_set_dbl_split/train/hungry/1236_M_neh.wav,baby,infant_sha256:758ece585185de98c98b211430972692820c1b19672319535954691889291b7e,1,baby,0.9968061523732271,0.0031938476267729353,original,/mnt/d/INFANT CRY/Models_dbl/experiments/runs/20260821T164332Z_490383ff__exp_20260903T170029Z_e0883d24/candidates/stage1_logmel_small_cnn/seed_42/fold_1/attempt_1/model.keras,recorded_in_fold_manifest,20260821T164332Z_490383ff__exp_20260903T170029Z_e0883d24
rec_27af923979666dc49a07,/mnt/d/INFANT CRY/data_set_dbl_split/train/hungry/1279_F_neh.wav,baby,infant_sha256:c29b827db0b5c576e6e9f4b0c21c384b8350e9e5acf676eb1b3b50e7aeb029e0,1,baby,0.9683253820058676,0.031674617994132376,original,/mnt/d/INFANT CRY/Models_dbl/experiments/runs/20260821T164332Z_490383ff__exp_20260903T170029Z_e0883d24/candidates/stage1_logmel_small_cnn/seed_42/fold_1/attempt_1/model.keras,recorded_in_fold_manifest,20260821T164332Z_490383ff__exp_20260903T170029Z_e0883d24
rec_ee5e2c9bd7afb52ebe96,/mnt/d/INFANT CRY/data_set_dbl_split/train/hungry/1424_M_neh.wav,baby,infant_sha256:dd638eaf0c53977de02d93da84927065dce780486ed6723bb6bc1f36cbd209ba,1,baby,0.9801017781672171,0.019898221832782875,original,/mnt/d/INFANT CRY/Models_dbl/experiments/runs/20260821T164332Z_490383ff__exp_20260903T170029Z_e0883d24/candidates/stage1_logmel_small_cnn/seed_42/fold_1/attempt_1/model.keras,recorded_in_fold_manifest,20260821T164332Z_490383ff__exp_20260903T170029Z_e0883d24
rec_74340a312f1c957be1a5,/mnt/d/INFANT CRY/data_set_dbl_split/train/hungry/1554_M_neh.wav,baby,infant_sha256:aee47ddc86735693ed5e9aae394a8600d3734efdea9e1f4fdb5526ad75f068fb,1,baby,0.8439418706254564,0.15605812937454352,original,/mnt/d/INFANT CRY/Models_dbl/experiments/runs/20260821T164332Z_490383ff__exp_20260903T170029Z_e0883d24/candidates/stage1_logmel_small_cnn/seed_42/fold_1/attempt_1/model.keras,recorded_in_fold_manifest,20260821T164332Z_490383ff__exp_20260903T170029Z_e0883d24
rec_d478f03cf1d2daecb690,/mnt/d/INFANT CRY/data_set_dbl_split/train/hungry/2011_M_neh.wav,baby,infant_sha256:e572150007280018b3974e96852fa699e4c5015dbf2529ab2a1d63547025588d,1,baby,0.9893248465336194,0.010675153466380639,original,/mnt/d/INFANT CRY/Models_dbl/experiments/runs/20260821T164332Z_490383ff__exp_20260903T170029Z_e0883d24/candidates/stage1_logmel_small_cnn/seed_42/fold_1/attempt_1/model.keras,recorded_in_fold_manifest,20260821T164332Z_490383ff__exp_20260903T170029Z_e0883d24
rec_f671c2c6395fe494c784,/mnt/d/INFANT CRY/data_set_dbl_split/train/hungry/2160_F_neh.wav,baby,infant_sha256:12a4447e7dc1b6d47f37915c5449dfdd132208c35ca819269e09834b1b20b592,1,baby,0.9784352615365435,0.02156473846345647,original,/mnt/d/INFANT CRY/Models_dbl/experiments/runs/20260821T164332Z_490383ff__exp_20260903T170029Z_e0883d24/candidates/stage1_logmel_small_cnn/seed_42/fold_1/attempt_1/model.keras,recorded_in_fold_manifest,20260821T164332Z_490383ff__exp_20260903T170029Z_e0883d24
rec_27d5d632e1e1c98d5156,/mnt/d/INFANT CRY/data_set_dbl_split/train/hungry/2226_M_neh.wav,baby,infant_sha256:87d1bf51e68e970e611483992f1c26f3f63ecd6c89e65939d7ef91262e67df6a,1,baby,0.9861788576135667,0.01382114238643325,original,/mnt/d/INFANT CRY/Models_dbl/experiments/runs/20260821T164332Z_490383ff__exp_20260903T170029Z_e0883d24/candidates/stage1_logmel_small_cnn/seed_42/fold_1/attempt_1/model.keras,recorded_in_fold_manifest,20260821T164332Z_490383ff__exp_20260903T170029Z_e0883d24
rec_adb4bfea9da208dd77b4,/mnt/d/INFANT CRY/data_set_dbl_split/train/hungry/2581_F_neh.wav,baby,infant_sha256:1b87d157f3a826aecc52cda3882f59e3622564d7666e2894b46ccbaa3ce00eab,1,baby,0.8922169472196345,0.10778305278036547,original,/mnt/d/INFANT CRY/Models_dbl/experiments/runs/20260821T164332Z_490383ff__exp_20260903T170029Z_e0883d24/candidates/stage1_logmel_small_cnn/seed_42/fold_1/attempt_1/model.keras,recorded_in_fold_manifest,20260821T164332Z_490383ff__exp_20260903T170029Z_e0883d24
rec_91e53f1ceddf3f56f535,/mnt/d/INFANT CRY/data_set_dbl_split/train/hungry/265_M_neh.wav,baby,infant_sha256:8c43c8217c64082aa0d0e49f111d47a40474adfcce606ddc09a0dfd16b4fb692,1,baby,0.983680529793492,0.01631947020650798,original,/mnt/d/INFANT CRY/Models_dbl/experiments/runs/20260821T164332Z_490383ff__exp_20260903T170029Z_e0883d24/candidates/stage1_logmel_small_cnn/seed_42/fold_1/attempt_1/model.keras,recorded_in_fold_manifest,20260821T164332Z_490383ff__exp_20260903T170029Z_e0883d24
rec_2ff671b1852890e69b00,/mnt/d/INFANT CRY/data_set_dbl_split/train/hungry/3044_M_neh.wav,baby,infant_sha256:8d0fdf323af57b8c4af4a7ab5f64887b7e5d80e580ded94a5d1db06752a80cf6,1,baby,0.9964804018727171,0.003519598127282864,original,/mnt/d/INFANT CRY/Models_dbl/experiments/runs/20260821T164332Z_490383ff__exp_20260903T170029Z_e0883d24/candidates/stage1_logmel_small_cnn/seed_42/fold_1/attempt_1/model.keras,recorded_in_fold_manifest,20260821T164332Z_490383ff__exp_20260903T170029Z_e0883d24
rec_68a3b79ad863329c2fa0,/mnt/d/INFANT CRY/data_set_dbl_split/train/hungry/3168_M_neh.wav,baby,infant_sha256:23bd6cacf2a8821415adaed699b8cb508e75398cf18ffc3abdfc873050ea9634,1,baby,0.9348124792068266,0.0651875207931733,original,/mnt/d/INFANT CRY/Models_dbl/experiments/runs/20260821T164332Z_490383ff__exp_20260903T170029Z_e0883d24/candidates/stage1_logmel_small_cnn/seed_42/fold_1/attempt_1/model.keras,recorded_in_fold_manifest,20260821T164332Z_490383ff__exp_20260903T170029Z_e0883d24
rec_ccb877ec7dda7cdd6786,/mnt/d/INFANT CRY/data_set_dbl_split/train/hungry/3672_M_neh.wav,baby,infant_sha256:eee1477095d89fd242f8ce7d6c04abb7ad5f4ecebea55735db534c93737449a7,1,baby,0.9686515891229674,0.03134841087703254,original,/mnt/d/INFANT CRY/Models_dbl/experiments/runs/20260821T164332Z_490383ff__exp_20260903T170029Z_e0883d24/candidates/stage1_logmel_small_cnn/seed_42/fold_1/attempt_1/model.keras,recorded_in_fold_manifest,20260821T164332Z_490383ff__exp_20260903T170029Z_e0883d24
rec_674a9d5caada9832f371,/mnt/d/INFANT CRY/data_set_dbl_split/train/hungry/3830_M_neh.wav,baby,infant_sha256:53d8cd20665274a85cff520ffabed013b107c504fe2bd36ec720899e396e28e8,1,baby,0.9770353113404097,0.02296468865959035,original,/mnt/d/INFANT CRY/Models_dbl/experiments/runs/20260821T164332Z_490383ff__exp_20260903T170029Z_e0883d24/candidates/stage1_logmel_small_cnn/seed_42/fold_1/attempt_1/model.keras,recorded_in_fold_manifest,20260821T164332Z_490383ff__exp_20260903T170029Z_e0883d24
rec_877d2010d59db49c24c5,/mnt/d/INFANT CRY/data_set_dbl_split/train/hungry/3844_F_neh.wav,baby,infant_sha256:68d4f988286e4bf63ea5d8c8edac72742082b9eefae0345e66a54a231933fff7,1,baby,0.9869147266181862,0.013085273381813744,original,/mnt/d/INFANT CRY/Models_dbl/experiments/runs/20260821T164332Z_490383ff__exp_20260903T170029Z_e0883d24/candidates/stage1_logmel_small_cnn/seed_42/fold_1/attempt_1/model.keras,recorded_in_fold_manifest,20260821T164332Z_490383ff__exp_20260903T170029Z_e0883d24
rec_3fe79ebb70341bbf14f7,/mnt/d/INFANT CRY/data_set_dbl_split/train/hungry/4727_M_neh.wav,baby,infant_sha256:5f29cda36f6c5decdd6314098dd9ec151d3a5ada1bb7bed47dfbf60c95e273e0,1,baby,0.9929050128142667,0.007094987185733333,original,/mnt/d/INFANT CRY/Models_dbl/experiments/runs/20260821T164332Z_490383ff__exp_20260903T170029Z_e0883d24/candidates/stage1_logmel_small_cnn/seed_42/fold_1/attempt_1/model.keras,recorded_in_fold_manifest,20260821T164332Z_490383ff__exp_20260903T170029Z_e0883d24
rec_d9b715561d9eec5d8809,/mnt/d/INFANT CRY/data_set_dbl_split/train/hungry/754_M_neh.wav,baby,infant_sha256:8a2d8e3368ec44df5b67f4889b9449668b8836267cd570096a8adcac13b161e9,1,baby,0.950571539963988,0.04942846003601193,original,/mnt/d/INFANT CRY/Models_dbl/experiments/runs/20260821T164332Z_490383ff__exp_20260903T170029Z_e0883d24/candidates/stage1_logmel_small_cnn/seed_42/fold_1/attempt_1/model.keras,recorded_in_fold_manifest,20260821T164332Z_490383ff__exp_20260903T170029Z_e0883d24
rec_93046bbf5c1dea64bf5e,/mnt/d/INFANT CRY/data_set_dbl_split/train/hungry/833_M_neh.wav,baby,infant_sha256:28e36805810caac46fdb3f5c9098606f303e01dead832b92af1aff97b730a3d9,1,baby,0.996170388124396,0.0038296118756040846,original,/mnt/d/INFANT CRY/Models_dbl/experiments/runs/20260821T164332Z_490383ff__exp_20260903T170029Z_e0883d24/candidates/stage1_logmel_small_cnn/seed_42/fold_1/attempt_1/model.keras,recorded_in_fold_manifest,20260821T164332Z_490383ff__exp_20260903T170029Z_e0883d24
rec_3a395ce757448ae52bb1,/mnt/d/INFANT CRY/data_set_dbl_split/train/hungry/980_F_neh.wav,baby,infant_sha256:a681621804382cd0bf8ef9a2a31572aa5bfb1fe3edce69ab57ce1218ac78cb20,1,baby,0.9673765174146545,0.03262348258534548,original,/mnt/d/INFANT CRY/Models_dbl/experiments/runs/20260821T164332Z_490383ff__exp_20260903T170029Z_e0883d24/candidates/stage1_logmel_small_cnn/seed_42/fold_1/attempt_1/model.keras,recorded_in_fold_manifest,20260821T164332Z_490383ff__exp_20260903T170029Z_e0883d24
rec_9007bb06e8ab85215018,/mnt/d/INFANT CRY/data_set_dbl_split/train/hungry/dunstan-neh_19.wav,baby,infant_sha256:3d06a247d1c62d99e1d22b2a80d2328ba3eec98f15b4cdc31afa9d27c06c5b34,1,baby,0.9951520857005913,0.004847914299408705,original,/mnt/d/INFANT CRY/Models_dbl/experiments/runs/20260821T164332Z_490383ff__exp_20260903T170029Z_e0883d24/candidates/stage1_logmel_small_cnn/seed_42/fold_1/attempt_1/model.keras,recorded_in_fold_manifest,20260821T164332Z_490383ff__exp_20260903T170029Z_e0883d24
rec_4ff6a5878311508cf9b3,/mnt/d/INFANT CRY/data_set_dbl_split/train/hungry/dunstan-neh_23.wav,baby,infant_sha256:522190111196c64e623e20182635621e61d1f04a45b89689bb4ca01464744bde,1,baby,0.9916052176076676,0.008394782392332413,original,/mnt/d/INFANT CRY/Models_dbl/experiments/runs/20260821T164332Z_490383ff__exp_20260903T170029Z_e0883d24/candidates/stage1_logmel_small_cnn/seed_42/fold_1/attempt_1/model.keras,recorded_in_fold_manifest,20260821T164332Z_490383ff__exp_20260903T170029Z_e0883d24
rec_c54b65ed121bcd33064a,/mnt/d/INFANT CRY/data_set_dbl_split/train/hungry/dunstan-neh_33.wav,baby,infant_sha256:91ae2dba9c5f69c983f836726b9316dcc545e8015e6254994b8f3a0a19dcad3b,1,baby,0.9748888124699385,0.025111187530061464,original,/mnt/d/INFANT CRY/Models_dbl/experiments/runs/20260821T164332Z_490383ff__exp_20260903T170029Z_e0883d24/candidates/stage1_logmel_small_cnn/seed_42/fold_1/attempt_1/model.keras,recorded_in_fold_manifest,20260821T164332Z_490383ff__exp_20260903T170029Z_e0883d24
rec_1d60bd35a759f5a32057,/mnt/d/INFANT CRY/data_set_dbl_split/train/hungry/dunstan-neh_48.wav,baby,infant_sha256:061e07251a9b90483e6a50ace29b6307d27750576c97882c9cc260f1833bc6e7,1,baby,0.9919784124492392,0.008021587550760736,original,/mnt/d/INFANT CRY/Models_dbl/experiments/runs/20260821T164332Z_490383ff__exp_20260903T170029Z_e0883d24/candidates/stage1_logmel_small_cnn/seed_42/fold_1/attempt_1/model.keras,recorded_in_fold_manifest,20260821T164332Z_490383ff__exp_20260903T170029Z_e0883d24
rec_8c41c5b0acdc8a731703,/mnt/d/INFANT CRY/data_set_dbl_split/train/hungry/dunstan-neh_65.wav,baby,infant_sha256:c392c74a0367839564d5a5daf80187583c745200d319ddd985f20a619c10309a,1,baby,0.9750965146804553,0.0249034853195447,original,/mnt/d/INFANT CRY/Models_dbl/experiments/runs/20260821T164332Z_490383ff__exp_20260903T170029Z_e0883d24/candidates/stage1_logmel_small_cnn/seed_42/fold_1/attempt_1/model.keras,recorded_in_fold_manifest,20260821T164332Z_490383ff__exp_20260903T170029Z_e0883d24
rec_0219106d49c86a8ef26c,/mnt/d/INFANT CRY/data_set_dbl_split/train/hungry/dunstan-neh_72.wav,baby,infant_sha256:a2dd62708e8e8b59ec70782bf8929321f46959a750f49c9c8cdbec91ef496435,1,baby,0.9638727178064932,0.03612728219350676,original,/mnt/d/INFANT CRY/Models_dbl/experiments/runs/20260821T164332Z_490383ff__exp_20260903T170029Z_e0883d24/candidates/stage1_logmel_small_cnn/seed_42/fold_1/attempt_1/model.keras,recorded_in_fold_manifest,20260821T164332Z_490383ff__exp_20260903T170029Z_e0883d24
rec_f762e9be1b2e746236f8,/mnt/d/INFANT CRY/data_set_dbl_split/train/tired/1147_M_owh.wav,baby,infant_sha256:7e1326e4b9942c8b7e7c05727d0eea0a539c0253f8c8cc2c2e018f67b99232a6,1,baby,0.9940795677343592,0.005920432265640708,original,/mnt/d/INFANT CRY/Models_dbl/experiments/runs/20260821T164332Z_490383ff__exp_20260903T170029Z_e0883d24/candidates/stage1_logmel_small_cnn/seed_42/fold_1/attempt_1/model.keras,recorded_in_fold_manifest,20260821T164332Z_490383ff__exp_20260903T170029Z_e0883d24
rec_eaa84801d321692db46e,/mnt/d/INFANT CRY/data_set_dbl_split/train/tired/1170_M_owh.wav,baby,infant_sha256:e0fef5edea1b0180e8b42ffd453909a07da1cbebc28c7f5ec2675bad1af58e68,1,baby,0.9870769658799393,0.012923034120060729,original,/mnt/d/INFANT CRY/Models_dbl/experiments/runs/20260821T164332Z_490383ff__exp_20260903T170029Z_e0883d24/candidates/stage1_logmel_small_cnn/seed_42/fold_1/attempt_1/model.keras,recorded_in_fold_manifest,20260821T164332Z_490383ff__exp_20260903T170029Z_e0883d24
rec_920039d8b9a5e7875e77,/mnt/d/INFANT CRY/data_set_dbl_split/train/tired/1217_M_owh.wav,baby,infant_sha256:93563cca6a27a1559877d06c8df8861e887f58fc18799b26d38fed090b1f880e,1,baby,0.9750466037992532,0.02495339620074679,original,/mnt/d/INFANT CRY/Models_dbl/experiments/runs/20260821T164332Z_490383ff__exp_20260903T170029Z_e0883d24/candidates/stage1_logmel_small_cnn/seed_42/fold_1/attempt_1/model.keras,recorded_in_fold_manifest,20260821T164332Z_490383ff__exp_20260903T170029Z_e0883d24
rec_cdd398141f846ccd0027,/mnt/d/INFANT CRY/data_set_dbl_split/train/tired/124_M_owh.wav,baby,infant_sha256:a445b6527812ffd4338ac7ba41859c3c820b008e362098bb366f4eaf83e73972,1,baby,0.9993852712007889,0.0006147287992110818,original,/mnt/d/INFANT CRY/Models_dbl/experiments/runs/20260821T164332Z_490383ff__exp_20260903T170029Z_e0883d24/candidates/stage1_logmel_small_cnn/seed_42/fold_1/attempt_1/model.keras,recorded_in_fold_manifest,20260821T164332Z_490383ff__exp_20260903T170029Z_e0883d24
rec_39f1a5fdeca0303b5c72,/mnt/d/INFANT CRY/data_set_dbl_split/train/tired/1265_F_owh.wav,baby,infant_sha256:32bbecb7e9bff08fca82c0a40a3d1902178613f821eabe90f41fd122d286898c,1,baby,0.9491422423869211,0.05085775761307889,original,/mnt/d/INFANT CRY/Models_dbl/experiments/runs/20260821T164332Z_490383ff__exp_20260903T170029Z_e0883d24/candidates/stage1_logmel_small_cnn/seed_42/fold_1/attempt_1/model.keras,recorded_in_fold_manifest,20260821T164332Z_490383ff__exp_20260903T170029Z_e0883d24
rec_7e5566a7008783e46843,/mnt/d/INFANT CRY/data_set_dbl_split/train/tired/1267_F_owh.wav,baby,infant_sha256:d8c8790706ecec824591249265c91ae6aa1c434d3ecaca445448bcb5cbc0617c,1,baby,0.9922049530721647,0.007795046927835268,original,/mnt/d/INFANT CRY/Models_dbl/experiments/runs/20260821T164332Z_490383ff__exp_20260903T170029Z_e0883d24/candidates/stage1_logmel_small_cnn/seed_42/fold_1/attempt_1/model.keras,recorded_in_fold_manifest,20260821T164332Z_490383ff__exp_20260903T170029Z_e0883d24
rec_8da7ea2cb2103f154e91,/mnt/d/INFANT CRY/data_set_dbl_split/train/tired/1278_M_owh.wav,baby,infant_sha256:417ca087709adbf6b2d79c6c2d56e6089ada87fa923b8d45c0987d3b8c90ed82,1,baby,0.9845930924782594,0.01540690752174062,original,/mnt/d/INFANT CRY/Models_dbl/experiments/runs/20260821T164332Z_490383ff__exp_20260903T170029Z_e0883d24/candidates/stage1_logmel_small_cnn/seed_42/fold_1/attempt_1/model.keras,recorded_in_fold_manifest,20260821T164332Z_490383ff__exp_20260903T170029Z_e0883d24
rec_3b0e1c3df64b104e9758,/mnt/d/INFANT CRY/data_set_dbl_split/train/tired/1309_M_owh.wav,baby,infant_sha256:7ef758599353e5db2c34f3948c942b982109ba5276b57307db98fcce7c407f81,1,baby,0.9998716700135957,0.00012832998640434956,original,/mnt/d/INFANT CRY/Models_dbl/experiments/runs/20260821T164332Z_490383ff__exp_20260903T170029Z_e0883d24/candidates/stage1_logmel_small_cnn/seed_42/fold_1/attempt_1/model.keras,recorded_in_fold_manifest,20260821T164332Z_490383ff__exp_20260903T170029Z_e0883d24
rec_73f413eb948676a3d2f7,/mnt/d/INFANT CRY/data_set_dbl_split/train/tired/1358_M_owh.wav,baby,infant_sha256:fa4a1a253054b215cdb18121512ec4abb63ab58efe8f200cad103edb913928e1,1,baby,0.7999558806432521,0.20004411935674787,original,/mnt/d/INFANT CRY/Models_dbl/experiments/runs/20260821T164332Z_490383ff__exp_20260903T170029Z_e0883d24/candidates/stage1_logmel_small_cnn/seed_42/fold_1/attempt_1/model.keras,recorded_in_fold_manifest,20260821T164332Z_490383ff__exp_20260903T170029Z_e0883d24
rec_c64fbb96929b07a4346a,/mnt/d/INFANT CRY/data_set_dbl_split/train/tired/1379_M_owh.wav,baby,infant_sha256:e246f40ab4f749ae2ed10524db24ceae0afe007ab6792795240585ef792879e4,1,baby,0.961946549299565,0.038053450700435,original,/mnt/d/INFANT CRY/Models_dbl/experiments/runs/20260821T164332Z_490383ff__exp_20260903T170029Z_e0883d24/candidates/stage1_logmel_small_cnn/seed_42/fold_1/attempt_1/model.keras,recorded_in_fold_manifest,20260821T164332Z_490383ff__exp_20260903T170029Z_e0883d24
rec_18d9850a2ad7c58b08a3,/mnt/d/INFANT CRY/data_set_dbl_split/train/tired/1396_M_owh.wav,baby,infant_sha256:aa5d1025d45eaf0a2068b46220c5c8e7be2dde8404668c9ecbf0356015f5ce44,1,baby,0.9958487957777435,0.004151204222256406,original,/mnt/d/INFANT CRY/Models_dbl/experiments/runs/20260821T164332Z_490383ff__exp_20260903T170029Z_e0883d24/candidates/stage1_logmel_small_cnn/seed_42/fold_1/attempt_1/model.keras,recorded_in_fold_manifest,20260821T164332Z_490383ff__exp_20260903T170029Z_e0883d24
rec_50b2ed438c8020b31cf4,/mnt/d/INFANT CRY/data_set_dbl_split/train/tired/1457_F_owh.wav,baby,infant_sha256:1213009504564102efa5ef07e57890bf4fcad1b434ccca98bade29b5a419a124,1,baby,0.9798424067653256,0.020157593234674344,original,/mnt/d/INFANT CRY/Models_dbl/experiments/runs/20260821T164332Z_490383ff__exp_20260903T170029Z_e0883d24/candidates/stage1_logmel_small_cnn/seed_42/fold_1/attempt_1/model.keras,recorded_in_fold_manifest,20260821T164332Z_490383ff__exp_20260903T170029Z_e0883d24
rec_2ad0e9a29a95e4bb2599,/mnt/d/INFANT CRY/data_set_dbl_split/train/tired/154_M_owh.wav,baby,infant_sha256:76803fa1d5fa92ae76b9114c410411c7860108e0d6c3563deaaf29617dbd7dd6,1,baby,0.959785419698533,0.04021458030146696,original,/mnt/d/INFANT CRY/Models_dbl/experiments/runs/20260821T164332Z_490383ff__exp_20260903T170029Z_e0883d24/candidates/stage1_logmel_small_cnn/seed_42/fold_1/attempt_1/model.keras,recorded_in_fold_manifest,20260821T164332Z_490383ff__exp_20260903T170029Z_e0883d24
rec_97abc6fb120e8165a753,/mnt/d/INFANT CRY/data_set_dbl_split/train/tired/1645_M_owh.wav,baby,infant_sha256:de67c6a2f07915a16a7e1f4bc55f2aeed74a1594398abeff927c2d7ec34f5a14,1,baby,0.8724207152065528,0.12757928479344718,original,/mnt/d/INFANT CRY/Models_dbl/experiments/runs/20260821T164332Z_490383ff__exp_20260903T170029Z_e0883d24/candidates/stage1_logmel_small_cnn/seed_42/fold_1/attempt_1/model.keras,recorded_in_fold_manifest,20260821T164332Z_490383ff__exp_20260903T170029Z_e0883d24
rec_d4bba21d40cf89469609,/mnt/d/INFANT CRY/data_set_dbl_split/train/tired/1662_M_owh.wav,baby,infant_sha256:3f33f888d5cd511267e18e297989aa1ed86adedfe69e16be6d1374bd61e84ffe,1,baby,0.9912911644286558,0.008708835571344165,original,/mnt/d/INFANT CRY/Models_dbl/experiments/runs/20260821T164332Z_490383ff__exp_20260903T170029Z_e0883d24/candidates/stage1_logmel_small_cnn/seed_42/fold_1/attempt_1/model.keras,recorded_in_fold_manifest,20260821T164332Z_490383ff__exp_20260903T170029Z_e0883d24
rec_afb181f3cad6d35b6e54,/mnt/d/INFANT CRY/data_set_dbl_split/train/tired/1671_F_owh.wav,baby,infant_sha256:88cfcdea27c0a8d8263f1423cd30259d20a1f48e1910f80745987f618424fb86,1,baby,0.9726710971745839,0.027328902825416067,original,/mnt/d/INFANT CRY/Models_dbl/experiments/runs/20260821T164332Z_490383ff__exp_20260903T170029Z_e0883d24/candidates/stage1_logmel_small_cnn/seed_42/fold_1/attempt_1/model.keras,recorded_in_fold_manifest,20260821T164332Z_490383ff__exp_20260903T170029Z_e0883d24
rec_97cf07c2c7b61a716812,/mnt/d/INFANT CRY/data_set_dbl_split/train/tired/1713_F_owh.wav,baby,infant_sha256:ccb1f46f0f7cb13188b168570d0515229ad6a7eda7735e90615b37024171361a,1,baby,0.9838435576569768,0.016156442343023103,original,/mnt/d/INFANT CRY/Models_dbl/experiments/runs/20260821T164332Z_490383ff__exp_20260903T170029Z_e0883d24/candidates/stage1_logmel_small_cnn/seed_42/fold_1/attempt_1/model.keras,recorded_in_fold_manifest,20260821T164332Z_490383ff__exp_20260903T170029Z_e0883d24
rec_5c4bc98793403aaca178,/mnt/d/INFANT CRY/data_set_dbl_split/train/tired/1723_M_owh.wav,baby,infant_sha256:c941ad4906b69b9c0d8aa0c8ea5c41dc93de3fc2930a0767efe3eeac233a3f86,1,baby,0.9660644675204824,0.033935532479517645,original,/mnt/d/INFANT CRY/Models_dbl/experiments/runs/20260821T164332Z_490383ff__exp_20260903T170029Z_e0883d24/candidates/stage1_logmel_small_cnn/seed_42/fold_1/attempt_1/model.keras,recorded_in_fold_manifest,20260821T164332Z_490383ff__exp_20260903T170029Z_e0883d24
rec_4312f6399d816c181f2e,/mnt/d/INFANT CRY/data_set_dbl_split/train/tired/1827_M_owh.wav,baby,infant_sha256:13fc7b6cbf332e0aed9e92289b9d909f98e7d5ea35f3cdb015577b54971188e4,1,baby,0.9829567927148102,0.017043207285189817,original,/mnt/d/INFANT CRY/Models_dbl/experiments/runs/20260821T164332Z_490383ff__exp_20260903T170029Z_e0883d24/candidates/stage1_logmel_small_cnn/seed_42/fold_1/attempt_1/model.keras,recorded_in_fold_manifest,20260821T164332Z_490383ff__exp_20260903T170029Z_e0883d24
rec_6ec687220bbd68b07f36,/mnt/d/INFANT CRY/data_set_dbl_split/train/tired/1903_M_owh.wav,baby,infant_sha256:34b8c6fba1bc6899eed85b3944d365a555366c6ce47f3d80b99025dbb7dbdbc1,1,baby,0.9180794749093173,0.08192052509068269,original,/mnt/d/INFANT CRY/Models_dbl/experiments/runs/20260821T164332Z_490383ff__exp_20260903T170029Z_e0883d24/candidates/stage1_logmel_small_cnn/seed_42/fold_1/attempt_1/model.keras,recorded_in_fold_manifest,20260821T164332Z_490383ff__exp_20260903T170029Z_e0883d24
rec_882f5933f85be627e548,/mnt/d/INFANT CRY/data_set_dbl_split/train/tired/1904_F_owh.wav,baby,infant_sha256:43e0181db45cc9daf83f61a13bc048513bdb8c694425e8fe60aa19e9e157c40e,1,baby,0.9879496949220647,0.012050305077935301,original,/mnt/d/INFANT CRY/Models_dbl/experiments/runs/20260821T164332Z_490383ff__exp_20260903T170029Z_e0883d24/candidates/stage1_logmel_small_cnn/seed_42/fold_1/attempt_1/model.keras,recorded_in_fold_manifest,20260821T164332Z_490383ff__exp_20260903T170029Z_e0883d24
rec_2b922f2faded71c72c8d,/mnt/d/INFANT CRY/data_set_dbl_split/train/tired/1962_F_owh.wav,baby,infant_sha256:7c402f6eaf7eacf34a7a035992baa53153bfbb1d404b69cad026a6b6eda53b07,1,baby,0.9905066320560403,0.00949336794395974,original,/mnt/d/INFANT CRY/Models_dbl/experiments/runs/20260821T164332Z_490383ff__exp_20260903T170029Z_e0883d24/candidates/stage1_logmel_small_cnn/seed_42/fold_1/attempt_1/model.keras,recorded_in_fold_manifest,20260821T164332Z_490383ff__exp_20260903T170029Z_e0883d24
rec_e25b8259cdfa135f6d37,/mnt/d/INFANT CRY/data_set_dbl_split/train/tired/1966_M_owh.wav,baby,infant_sha256:606e993011f06c0de67168b072a471e7ee759f0c122e40fbde65ec0de01f66c1,1,baby,0.9248784780502319,0.07512152194976807,original,/mnt/d/INFANT CRY/Models_dbl/experiments/runs/20260821T164332Z_490383ff__exp_20260903T170029Z_e0883d24/candidates/stage1_logmel_small_cnn/seed_42/fold_1/attempt_1/model.keras,recorded_in_fold_manifest,20260821T164332Z_490383ff__exp_20260903T170029Z_e0883d24
rec_d8f46d0aefd75c57521d,/mnt/d/INFANT CRY/data_set_dbl_split/train/tired/1967_M_owh.wav,baby,infant_sha256:a1fd490caf9755db6a02941d9ff4839435cea0c67261bc09190187c0d39f24f9,1,baby,0.9975955966208643,0.0024044033791357257,original,/mnt/d/INFANT CRY/Models_dbl/experiments/runs/20260821T164332Z_490383ff__exp_20260903T170029Z_e0883d24/candidates/stage1_logmel_small_cnn/seed_42/fold_1/attempt_1/model.keras,recorded_in_fold_manifest,20260821T164332Z_490383ff__exp_20260903T170029Z_e0883d24
rec_04fda5e943f557aa9f78,/mnt/d/INFANT CRY/data_set_dbl_split/train/tired/2002_F_owh.wav,baby,infant_sha256:83779ba78a12a370cf86f605765ab77692c1d52db6c56f623ed1bea132e13b6c,1,baby,0.990961702793044,0.00903829720695604,original,/mnt/d/INFANT CRY/Models_dbl/experiments/runs/20260821T164332Z_490383ff__exp_20260903T170029Z_e0883d24/candidates/stage1_logmel_small_cnn/seed_42/fold_1/attempt_1/model.keras,recorded_in_fold_manifest,20260821T164332Z_490383ff__exp_20260903T170029Z_e0883d24
rec_c60e0a539b432d54ee6a,/mnt/d/INFANT CRY/data_set_dbl_split/train/tired/203_M_owh.wav,baby,infant_sha256:8e143891078d2017a40f88ae993d2f0db5d40e8da20b5029846de40ec106aa4a,1,baby,0.9640055787115666,0.035994421288433436,original,/mnt/d/INFANT CRY/Models_dbl/experiments/runs/20260821T164332Z_490383ff__exp_20260903T170029Z_e0883d24/candidates/stage1_logmel_small_cnn/seed_42/fold_1/attempt_1/model.keras,recorded_in_fold_manifest,20260821T164332Z_490383ff__exp_20260903T170029Z_e0883d24
rec_c03e13db9fc0f11f1b58,/mnt/d/INFANT CRY/data_set_dbl_split/train/tired/2089_M_owh.wav,baby,infant_sha256:f8c88bb1e23d33e4b72106611135e45839969c40ab8a87b76489683795c0476b,1,baby,0.9949610854148797,0.005038914585120303,original,/mnt/d/INFANT CRY/Models_dbl/experiments/runs/20260821T164332Z_490383ff__exp_20260903T170029Z_e0883d24/candidates/stage1_logmel_small_cnn/seed_42/fold_1/attempt_1/model.keras,recorded_in_fold_manifest,20260821T164332Z_490383ff__exp_20260903T170029Z_e0883d24
rec_2d173a763ed8abad8191,/mnt/d/INFANT CRY/data_set_dbl_split/train/tired/2098_M_owh.wav,baby,infant_sha256:d421f1c3762a6172cdde9438e88f209c25e902542a551d64cab1aa83638b5382,1,baby,0.9949378215331086,0.005062178466891383,original,/mnt/d/INFANT CRY/Models_dbl/experiments/runs/20260821T164332Z_490383ff__exp_20260903T170029Z_e0883d24/candidates/stage1_logmel_small_cnn/seed_42/fold_1/attempt_1/model.keras,recorded_in_fold_manifest,20260821T164332Z_490383ff__exp_20260903T170029Z_e0883d24
rec_79dbb5f5c1e2a3c82bf3,/mnt/d/INFANT CRY/data_set_dbl_split/train/tired/209_M_owh.wav,baby,infant_sha256:f639bc7724e766d223785650fe3b60bf4d921a5036cdc56010b88eca55162ee6,1,baby,0.6579501432791309,0.342049856720869,original,/mnt/d/INFANT CRY/Models_dbl/experiments/runs/20260821T164332Z_490383ff__exp_20260903T170029Z_e0883d24/candidates/stage1_logmel_small_cnn/seed_42/fold_1/attempt_1/model.keras,recorded_in_fold_manifest,20260821T164332Z_490383ff__exp_20260903T170029Z_e0883d24
rec_cc7bf851b717582daedd,/mnt/d/INFANT CRY/data_set_dbl_split/train/tired/2104_M_owh.wav,baby,infant_sha256:3e297f55ca497c1d745a97131ae14c16bb04c757dc0b3fa3ef26e9622bfa9c61,1,baby,0.9458508699969963,0.05414913000300366,original,/mnt/d/INFANT CRY/Models_dbl/experiments/runs/20260821T164332Z_490383ff__exp_20260903T170029Z_e0883d24/candidates/stage1_logmel_small_cnn/seed_42/fold_1/attempt_1/model.keras,recorded_in_fold_manifest,20260821T164332Z_490383ff__exp_20260903T170029Z_e0883d24
rec_89524fba889339fcfdc7,/mnt/d/INFANT CRY/data_set_dbl_split/train/tired/2130_M_owh.wav,baby,infant_sha256:e782c28dec02304259fa6ee04f4e949a924fdcd76fd245031e3262200bc9acfd,1,baby,0.929782246417636,0.07021775358236408,original,/mnt/d/INFANT CRY/Models_dbl/experiments/runs/20260821T164332Z_490383ff__exp_20260903T170029Z_e0883d24/candidates/stage1_logmel_small_cnn/seed_42/fold_1/attempt_1/model.keras,recorded_in_fold_manifest,20260821T164332Z_490383ff__exp_20260903T170029Z_e0883d24
rec_616aef89848784ec9cbd,/mnt/d/INFANT CRY/data_set_dbl_split/train/tired/2133_M_owh.wav,baby,infant_sha256:cf68284c6bdb101cb7567927573f9d2581cf2a5de2ed7fc398cbfb087c633682,1,baby,0.9527670670094559,0.04723293299054404,original,/mnt/d/INFANT CRY/Models_dbl/experiments/runs/20260821T164332Z_490383ff__exp_20260903T170029Z_e0883d24/candidates/stage1_logmel_small_cnn/seed_42/fold_1/attempt_1/model.keras,recorded_in_fold_manifest,20260821T164332Z_490383ff__exp_20260903T170029Z_e0883d24
rec_e5c044e03bcf701cd871,/mnt/d/INFANT CRY/data_set_dbl_split/train/tired/2147_M_owh.wav,baby,infant_sha256:0d42a94a4d77e1b28991089e4cc8ec6d78479cc83d00abd0c1db75cf5dd0c0fb,1,baby,0.9974708262181853,0.002529173781814736,original,/mnt/d/INFANT CRY/Models_dbl/experiments/runs/20260821T164332Z_490383ff__exp_20260903T170029Z_e0883d24/candidates/stage1_logmel_small_cnn/seed_42/fold_1/attempt_1/model.keras,recorded_in_fold_manifest,20260821T164332Z_490383ff__exp_20260903T170029Z_e0883d24
rec_724e6fe49f03565ecc56,/mnt/d/INFANT CRY/data_set_dbl_split/train/tired/2221_M_owh.wav,baby,infant_sha256:7288a64c43494a9bb1478d459996ff6bae480a0975b1806b0aeb8806fb0298e9,1,baby,0.9966395849717883,0.003360415028211759,original,/mnt/d/INFANT CRY/Models_dbl/experiments/runs/20260821T164332Z_490383ff__exp_20260903T170029Z_e0883d24/candidates/stage1_logmel_small_cnn/seed_42/fold_1/attempt_1/model.keras,recorded_in_fold_manifest,20260821T164332Z_490383ff__exp_20260903T170029Z_e0883d24
rec_752d61792b951ffa2071,/mnt/d/INFANT CRY/data_set_dbl_split/train/tired/222_M_owh.wav,baby,infant_sha256:2b806d8ab20724d8c2ae668ba94a20b324f696a9981be20fb3945fd0aa13f356,1,baby,0.9672312412221686,0.032768758777831385,original,/mnt/d/INFANT CRY/Models_dbl/experiments/runs/20260821T164332Z_490383ff__exp_20260903T170029Z_e0883d24/candidates/stage1_logmel_small_cnn/seed_42/fold_1/attempt_1/model.keras,recorded_in_fold_manifest,20260821T164332Z_490383ff__exp_20260903T170029Z_e0883d24
rec_1fd97cb04c810c35ae47,/mnt/d/INFANT CRY/data_set_dbl_split/train/tired/2262_M_owh.wav,baby,infant_sha256:a5719d02d3c3a3184510bfbbe447853046b1b5a5a374582abbe86df2ca27cce7,1,baby,0.999462629861461,0.0005373701385390589,original,/mnt/d/INFANT CRY/Models_dbl/experiments/runs/20260821T164332Z_490383ff__exp_20260903T170029Z_e0883d24/candidates/stage1_logmel_small_cnn/seed_42/fold_1/attempt_1/model.keras,recorded_in_fold_manifest,20260821T164332Z_490383ff__exp_20260903T170029Z_e0883d24
rec_f41948bd07dd16eabe09,/mnt/d/INFANT CRY/data_set_dbl_split/train/tired/2341_M_owh.wav,baby,infant_sha256:d28d9e4c68256b66210d99120ecff1421d8c760a14741adbe91f3c36c092cb5b,1,baby,0.9975673347289999,0.0024326652710000346,original,/mnt/d/INFANT CRY/Models_dbl/experiments/runs/20260821T164332Z_490383ff__exp_20260903T170029Z_e0883d24/candidates/stage1_logmel_small_cnn/seed_42/fold_1/attempt_1/model.keras,recorded_in_fold_manifest,20260821T164332Z_490383ff__exp_20260903T170029Z_e0883d24
rec_1b6634529dffa814cb2a,/mnt/d/INFANT CRY/data_set_dbl_split/train/tired/2365_M_owh.wav,baby,infant_sha256:222cd810288c773f42dfe0cd96d3c5c324e616abb4acf0a82bc7b1ee867793a8,1,baby,0.9993011275294761,0.0006988724705239224,original,/mnt/d/INFANT CRY/Models_dbl/experiments/runs/20260821T164332Z_490383ff__exp_20260903T170029Z_e0883d24/candidates/stage1_logmel_small_cnn/seed_42/fold_1/attempt_1/model.keras,recorded_in_fold_manifest,20260821T164332Z_490383ff__exp_20260903T170029Z_e0883d24
rec_c7a297118c0560b9622b,/mnt/d/INFANT CRY/data_set_dbl_split/train/tired/2383_M_owh.wav,baby,infant_sha256:e890be316d48690a0edd0d16abf611bc6c7c3abfa157c2576038ae8ae46dac72,1,baby,0.9845142749661316,0.015485725033868407,original,/mnt/d/INFANT CRY/Models_dbl/experiments/runs/20260821T164332Z_490383ff__exp_20260903T170029Z_e0883d24/candidates/stage1_logmel_small_cnn/seed_42/fold_1/attempt_1/model.keras,recorded_in_fold_manifest,20260821T164332Z_490383ff__exp_20260903T170029Z_e0883d24
rec_24d4780f22f304fe4bd6,/mnt/d/INFANT CRY/data_set_dbl_split/train/tired/2395_M_owh.wav,baby,infant_sha256:9acd5ab9fb07854fb7ebaf51fff9e0d6d5f46b6c112848208e006411f39bb058,1,baby,0.9429994890652883,0.05700051093471176,original,/mnt/d/INFANT CRY/Models_dbl/experiments/runs/20260821T164332Z_490383ff__exp_20260903T170029Z_e0883d24/candidates/stage1_logmel_small_cnn/seed_42/fold_1/attempt_1/model.keras,recorded_in_fold_manifest,20260821T164332Z_490383ff__exp_20260903T170029Z_e0883d24
rec_2f1866a231731af201e0,/mnt/d/INFANT CRY/data_set_dbl_split/train/tired/2450_M_owh.wav,baby,infant_sha256:c6b75b743c2258c550f4fc3a51abd6342b3b732613a25896372a05546bb6c4ed,1,baby,0.9805525571161335,0.019447442883866413,original,/mnt/d/INFANT CRY/Models_dbl/experiments/runs/20260821T164332Z_490383ff__exp_20260903T170029Z_e0883d24/candidates/stage1_logmel_small_cnn/seed_42/fold_1/attempt_1/model.keras,recorded_in_fold_manifest,20260821T164332Z_490383ff__exp_20260903T170029Z_e0883d24
rec_38a7153fe5890f34dbc3,/mnt/d/INFANT CRY/data_set_dbl_split/train/tired/2473_F_owh.wav,baby,infant_sha256:99e3d5b8d5f9ff9ca0121cfbebaf2a006f3f4307fa7a73d21afddf06e8f1c438,1,baby,0.7200303292283514,0.2799696707716486,original,/mnt/d/INFANT CRY/Models_dbl/experiments/runs/20260821T164332Z_490383ff__exp_20260903T170029Z_e0883d24/candidates/stage1_logmel_small_cnn/seed_42/fold_1/attempt_1/model.keras,recorded_in_fold_manifest,20260821T164332Z_490383ff__exp_20260903T170029Z_e0883d24
rec_c7a85c1f7fa8fac8faef,/mnt/d/INFANT CRY/data_set_dbl_split/train/tired/2666_M_owh.wav,baby,infant_sha256:f4740346f5ef5342eb49e6ee63a50419ed4633871c733f32191a8acc58552c73,1,baby,0.9200987562573983,0.07990124374260171,original,/mnt/d/INFANT CRY/Models_dbl/experiments/runs/20260821T164332Z_490383ff__exp_20260903T170029Z_e0883d24/candidates/stage1_logmel_small_cnn/seed_42/fold_1/attempt_1/model.keras,recorded_in_fold_manifest,20260821T164332Z_490383ff__exp_20260903T170029Z_e0883d24
rec_bc7689f26425376051ee,/mnt/d/INFANT CRY/data_set_dbl_split/train/tired/2773_M_owh.wav,baby,infant_sha256:e6a0ee2aaffe074ab228666c8062eef378b22ab04b69baa33517a829f10793e0,1,baby,0.9855253504796542,0.014474649520345774,original,/mnt/d/INFANT CRY/Models_dbl/experiments/runs/20260821T164332Z_490383ff__exp_20260903T170029Z_e0883d24/candidates/stage1_logmel_small_cnn/seed_42/fold_1/attempt_1/model.keras,recorded_in_fold_manifest,20260821T164332Z_490383ff__exp_20260903T170029Z_e0883d24
rec_a52ee3580e2eaa5c7c3f,/mnt/d/INFANT CRY/data_set_dbl_split/train/tired/2776_M_owh.wav,baby,infant_sha256:73e3931690a7c36a99c44b36f641ed200f067b20330f1acc44c5734827f61586,1,baby,0.931546800348559,0.06845319965144098,original,/mnt/d/INFANT CRY/Models_dbl/experiments/runs/20260821T164332Z_490383ff__exp_20260903T170029Z_e0883d24/candidates/stage1_logmel_small_cnn/seed_42/fold_1/attempt_1/model.keras,recorded_in_fold_manifest,20260821T164332Z_490383ff__exp_20260903T170029Z_e0883d24
rec_49430004f3a3e1dc0885,/mnt/d/INFANT CRY/data_set_dbl_split/train/tired/2814_M_owh.wav,baby,infant_sha256:01ce5e374d2099e7d22183d22ba637818129bc9cbb5b7dd256236e2c64748fc3,1,baby,0.9997246633928535,0.00027533660714650684,original,/mnt/d/INFANT CRY/Models_dbl/experiments/runs/20260821T164332Z_490383ff__exp_20260903T170029Z_e0883d24/candidates/stage1_logmel_small_cnn/seed_42/fold_1/attempt_1/model.keras,recorded_in_fold_manifest,20260821T164332Z_490383ff__exp_20260903T170029Z_e0883d24
rec_42d0b57afb248a9ec117,/mnt/d/INFANT CRY/data_set_dbl_split/train/tired/287_M_owh.wav,baby,infant_sha256:4c13f1b8bfc47bf5d36cdcf6143a62b9024806a1125f6bca63f63534fde4ed4f,1,baby,0.9936126110489681,0.006387388951031881,original,/mnt/d/INFANT CRY/Models_dbl/experiments/runs/20260821T164332Z_490383ff__exp_20260903T170029Z_e0883d24/candidates/stage1_logmel_small_cnn/seed_42/fold_1/attempt_1/model.keras,recorded_in_fold_manifest,20260821T164332Z_490383ff__exp_20260903T170029Z_e0883d24
rec_1c7e39d96927984d4d6f,/mnt/d/INFANT CRY/data_set_dbl_split/train/tired/2886_M_owh.wav,baby,infant_sha256:46a2055827fb3a90f0163d6526f0255e74ee2a0387f7f4d7d71eacf57c2e217a,1,baby,0.9969522420164283,0.0030477579835716793,original,/mnt/d/INFANT CRY/Models_dbl/experiments/runs/20260821T164332Z_490383ff__exp_20260903T170029Z_e0883d24/candidates/stage1_logmel_small_cnn/seed_42/fold_1/attempt_1/model.keras,recorded_in_fold_manifest,20260821T164332Z_490383ff__exp_20260903T170029Z_e0883d24
rec_0ea4430c30791cec7f65,/mnt/d/INFANT CRY/data_set_dbl_split/train/tired/2890_M_owh.wav,baby,infant_sha256:75b1ec2068e1040204de53247ab092a4136c71db060ff952c6cc0fb9fbcfe342,1,baby,0.987196769075207,0.012803230924793012,original,/mnt/d/INFANT CRY/Models_dbl/experiments/runs/20260821T164332Z_490383ff__exp_20260903T170029Z_e0883d24/candidates/stage1_logmel_small_cnn/seed_42/fold_1/attempt_1/model.keras,recorded_in_fold_manifest,20260821T164332Z_490383ff__exp_20260903T170029Z_e0883d24
rec_67f2f67f11de85836fbf,/mnt/d/INFANT CRY/data_set_dbl_split/train/tired/2933_M_owh.wav,baby,infant_sha256:065d478c6b1cef8b88b573906d3d9afa561e438186fdbeb4ba3a6bd3035241eb,1,baby,0.9985830805931565,0.0014169194068435426,original,/mnt/d/INFANT CRY/Models_dbl/experiments/runs/20260821T164332Z_490383ff__exp_20260903T170029Z_e0883d24/candidates/stage1_logmel_small_cnn/seed_42/fold_1/attempt_1/model.keras,recorded_in_fold_manifest,20260821T164332Z_490383ff__exp_20260903T170029Z_e0883d24
rec_8015717db2b99a0f188f,/mnt/d/INFANT CRY/data_set_dbl_split/train/tired/2937_F_owh.wav,baby,infant_sha256:a9f58baf55f7e15e7f1ccf6b462d55dfae5a8a983f391679fa513bc2f12bdd13,1,baby,0.9977673482654902,0.002232651734509841,original,/mnt/d/INFANT CRY/Models_dbl/experiments/runs/20260821T164332Z_490383ff__exp_20260903T170029Z_e0883d24/candidates/stage1_logmel_small_cnn/seed_42/fold_1/attempt_1/model.keras,recorded_in_fold_manifest,20260821T164332Z_490383ff__exp_20260903T170029Z_e0883d24
rec_e26abf964087dae92623,/mnt/d/INFANT CRY/data_set_dbl_split/train/tired/2991_M_owh.wav,baby,infant_sha256:4776ed062c41b5a299b91fe786e5b2683a040b63adc70b52a2b07fbde3d63408,1,baby,0.983070355224044,0.016929644775956036,original,/mnt/d/INFANT CRY/Models_dbl/experiments/runs/20260821T164332Z_490383ff__exp_20260903T170029Z_e0883d24/candidates/stage1_logmel_small_cnn/seed_42/fold_1/attempt_1/model.keras,recorded_in_fold_manifest,20260821T164332Z_490383ff__exp_20260903T170029Z_e0883d24
rec_3d80de6b25878c755eb3,/mnt/d/INFANT CRY/data_set_dbl_split/train/tired/3000_M_owh.wav,baby,infant_sha256:6f99988b5aad21265fa029808ad7b47ef8ee334f0005df62fcf0f7f03dc0be78,1,baby,0.9948674445016624,0.005132555498337632,original,/mnt/d/INFANT CRY/Models_dbl/experiments/runs/20260821T164332Z_490383ff__exp_20260903T170029Z_e0883d24/candidates/stage1_logmel_small_cnn/seed_42/fold_1/attempt_1/model.keras,recorded_in_fold_manifest,20260821T164332Z_490383ff__exp_20260903T170029Z_e0883d24
rec_cea741eee726c573f835,/mnt/d/INFANT CRY/data_set_dbl_split/train/tired/3039_M_owh.wav,baby,infant_sha256:b8416f32dd2450d924895191068594d34e5c963310aeb9f8cfb5e0d8bb40d92d,1,baby,0.8372734535553022,0.16272654644469778,original,/mnt/d/INFANT CRY/Models_dbl/experiments/runs/20260821T164332Z_490383ff__exp_20260903T170029Z_e0883d24/candidates/stage1_logmel_small_cnn/seed_42/fold_1/attempt_1/model.keras,recorded_in_fold_manifest,20260821T164332Z_490383ff__exp_20260903T170029Z_e0883d24
rec_e3e0a3a5bb5cbb3cd5a1,/mnt/d/INFANT CRY/data_set_dbl_split/train/tired/3068_M_owh.wav,baby,infant_sha256:d50072e0f47329a55888d026c6ba95b6611740a36a118469289a532c7ac2472a,1,baby,0.9986311804952929,0.0013688195047071431,original,/mnt/d/INFANT CRY/Models_dbl/experiments/runs/20260821T164332Z_490383ff__exp_20260903T170029Z_e0883d24/candidates/stage1_logmel_small_cnn/seed_42/fold_1/attempt_1/model.keras,recorded_in_fold_manifest,20260821T164332Z_490383ff__exp_20260903T170029Z_e0883d24
rec_c7f20a59a25680b1fe26,/mnt/d/INFANT CRY/data_set_dbl_split/train/tired/3129_F_owh.wav,baby,infant_sha256:770eef33e5c1b78fca3e21e56b3813cdadc6953fc2674d8f3dc63f4d41d80db1,1,baby,0.9956752049993145,0.004324795000685458,original,/mnt/d/INFANT CRY/Models_dbl/experiments/runs/20260821T164332Z_490383ff__exp_20260903T170029Z_e0883d24/candidates/stage1_logmel_small_cnn/seed_42/fold_1/attempt_1/model.keras,recorded_in_fold_manifest,20260821T164332Z_490383ff__exp_20260903T170029Z_e0883d24
rec_d7bffc68a844008a7914,/mnt/d/INFANT CRY/data_set_dbl_split/train/tired/3215_M_owh.wav,baby,infant_sha256:49ebff472f9f6e4036a9429e3b819179b29c38301b5386b1e5ceb896810fe22c,1,baby,0.9651352095221339,0.034864790477866,original,/mnt/d/INFANT CRY/Models_dbl/experiments/runs/20260821T164332Z_490383ff__exp_20260903T170029Z_e0883d24/candidates/stage1_logmel_small_cnn/seed_42/fold_1/attempt_1/model.keras,recorded_in_fold_manifest,20260821T164332Z_490383ff__exp_20260903T170029Z_e0883d24
rec_7b71574db6f83c21b607,/mnt/d/INFANT CRY/data_set_dbl_split/train/tired/3233_M_owh.wav,baby,infant_sha256:8f8a67b96e7a0e2c16862b650bfd3ae65eff643b3b5c904ff0b3cdd96ad89e0d,1,baby,0.9987567634125102,0.0012432365874898486,original,/mnt/d/INFANT CRY/Models_dbl/experiments/runs/20260821T164332Z_490383ff__exp_20260903T170029Z_e0883d24/candidates/stage1_logmel_small_cnn/seed_42/fold_1/attempt_1/model.keras,recorded_in_fold_manifest,20260821T164332Z_490383ff__exp_20260903T170029Z_e0883d24
rec_110fc470a62dbc1cedd9,/mnt/d/INFANT CRY/data_set_dbl_split/train/tired/3394_F_owh.wav,baby,infant_sha256:14a371ffb77c009312ae4068427a255aeb81b17904c82e811ef27fcc55b54ee4,1,baby,0.9761881141347055,0.023811885865294508,original,/mnt/d/INFANT CRY/Models_dbl/experiments/runs/20260821T164332Z_490383ff__exp_20260903T170029Z_e0883d24/candidates/stage1_logmel_small_cnn/seed_42/fold_1/attempt_1/model.keras,recorded_in_fold_manifest,20260821T164332Z_490383ff__exp_20260903T170029Z_e0883d24
rec_f375b2649ce9aa11749b,/mnt/d/INFANT CRY/data_set_dbl_split/train/tired/3465_M_owh.wav,baby,infant_sha256:5bf2c9d3a61dba0f4826ed7aa856809ab53efe2353894b6790fe48476b0e31f9,1,baby,0.990126024821319,0.009873975178681037,original,/mnt/d/INFANT CRY/Models_dbl/experiments/runs/20260821T164332Z_490383ff__exp_20260903T170029Z_e0883d24/candidates/stage1_logmel_small_cnn/seed_42/fold_1/attempt_1/model.keras,recorded_in_fold_manifest,20260821T164332Z_490383ff__exp_20260903T170029Z_e0883d24
rec_81c98f329bf4d0cca973,/mnt/d/INFANT CRY/data_set_dbl_split/train/tired/34_M_owh.wav,baby,infant_sha256:a954cb312721a72aa60a1d2b137c88958c1cca078246fd8103ff7728ad2a367e,1,baby,0.9938749583048633,0.006125041695136673,original,/mnt/d/INFANT CRY/Models_dbl/experiments/runs/20260821T164332Z_490383ff__exp_20260903T170029Z_e0883d24/candidates/stage1_logmel_small_cnn/seed_42/fold_1/attempt_1/model.keras,recorded_in_fold_manifest,20260821T164332Z_490383ff__exp_20260903T170029Z_e0883d24
rec_1afbccae7952244c5251,/mnt/d/INFANT CRY/data_set_dbl_split/train/tired/3522_M_owh.wav,baby,infant_sha256:74f6e85cf6acba50c9b10f0fba04895ac3d52884d3ddfa02d62c66cd1c192c9d,1,baby,0.9486983489148195,0.05130165108518042,original,/mnt/d/INFANT CRY/Models_dbl/experiments/runs/20260821T164332Z_490383ff__exp_20260903T170029Z_e0883d24/candidates/stage1_logmel_small_cnn/seed_42/fold_1/attempt_1/model.keras,recorded_in_fold_manifest,20260821T164332Z_490383ff__exp_20260903T170029Z_e0883d24
rec_5a31135cf8c6114428e6,/mnt/d/INFANT CRY/data_set_dbl_split/train/tired/3555_M_owh.wav,baby,infant_sha256:bea948d72dd8ae1f14defeebd184817052e44abad0a2a8fbee783cbb8392ada7,1,baby,0.9958624496619118,0.0041375503380881975,original,/mnt/d/INFANT CRY/Models_dbl/experiments/runs/20260821T164332Z_490383ff__exp_20260903T170029Z_e0883d24/candidates/stage1_logmel_small_cnn/seed_42/fold_1/attempt_1/model.keras,recorded_in_fold_manifest,20260821T164332Z_490383ff__exp_20260903T170029Z_e0883d24
rec_c02cf443d6e111dcd85c,/mnt/d/INFANT CRY/data_set_dbl_split/train/tired/3624_M_owh.wav,baby,infant_sha256:19f47f32edfb64a0e988ff9aac4528d967add20877325e7b398b875062ecf66a,1,baby,0.9976725544400415,0.0023274455599584212,original,/mnt/d/INFANT CRY/Models_dbl/experiments/runs/20260821T164332Z_490383ff__exp_20260903T170029Z_e0883d24/candidates/stage1_logmel_small_cnn/seed_42/fold_1/attempt_1/model.keras,recorded_in_fold_manifest,20260821T164332Z_490383ff__exp_20260903T170029Z_e0883d24
rec_9852e0ecf4d7ba755522,/mnt/d/INFANT CRY/data_set_dbl_split/train/tired/362_M_owh.wav,baby,infant_sha256:59621ab4e346f2fd9f7468dab75e0b20837d5874eef2276c50a1fb8b3596470a,1,baby,0.9570231855470094,0.04297681445299062,original,/mnt/d/INFANT CRY/Models_dbl/experiments/runs/20260821T164332Z_490383ff__exp_20260903T170029Z_e0883d24/candidates/stage1_logmel_small_cnn/seed_42/fold_1/attempt_1/model.keras,recorded_in_fold_manifest,20260821T164332Z_490383ff__exp_20260903T170029Z_e0883d24
rec_aafa3341c5fa1ecbe434,/mnt/d/INFANT CRY/data_set_dbl_split/train/tired/3689_M_owh.wav,baby,infant_sha256:afcf4d0fc581ae87291f8e7297b29fef884faf9251b0e9b8314a6916b57b3bd7,1,baby,0.9752663446610148,0.02473365533898514,original,/mnt/d/INFANT CRY/Models_dbl/experiments/runs/20260821T164332Z_490383ff__exp_20260903T170029Z_e0883d24/candidates/stage1_logmel_small_cnn/seed_42/fold_1/attempt_1/model.keras,recorded_in_fold_manifest,20260821T164332Z_490383ff__exp_20260903T170029Z_e0883d24
rec_2e52e335fb3467063123,/mnt/d/INFANT CRY/data_set_dbl_split/train/tired/36_F_owh.wav,baby,infant_sha256:b94fb7c9d83168a7e5996a4de89fe0907010619c0deceb1cb3d1791fb3df2cce,1,baby,0.9916276654705126,0.008372334529487383,original,/mnt/d/INFANT CRY/Models_dbl/experiments/runs/20260821T164332Z_490383ff__exp_20260903T170029Z_e0883d24/candidates/stage1_logmel_small_cnn/seed_42/fold_1/attempt_1/model.keras,recorded_in_fold_manifest,20260821T164332Z_490383ff__exp_20260903T170029Z_e0883d24
rec_5429422754517263ee73,/mnt/d/INFANT CRY/data_set_dbl_split/train/tired/3705_M_owh.wav,baby,infant_sha256:9ed94cfd8ea664ed4bd338f0770933dc141ed5857241df45fa204c78e759d40d,1,baby,0.8124449485937529,0.18755505140624712,original,/mnt/d/INFANT CRY/Models_dbl/experiments/runs/20260821T164332Z_490383ff__exp_20260903T170029Z_e0883d24/candidates/stage1_logmel_small_cnn/seed_42/fold_1/attempt_1/model.keras,recorded_in_fold_manifest,20260821T164332Z_490383ff__exp_20260903T170029Z_e0883d24
rec_e560517a502372f48d7b,/mnt/d/INFANT CRY/data_set_dbl_split/train/tired/3850_M_owh.wav,baby,infant_sha256:eb26dcbcb0246fdf1bb26cfbe2bae62fab869edd702c94255e395dcdf695965f,1,baby,0.9956898700610609,0.004310129938939131,original,/mnt/d/INFANT CRY/Models_dbl/experiments/runs/20260821T164332Z_490383ff__exp_20260903T170029Z_e0883d24/candidates/stage1_logmel_small_cnn/seed_42/fold_1/attempt_1/model.keras,recorded_in_fold_manifest,20260821T164332Z_490383ff__exp_20260903T170029Z_e0883d24
rec_cee3339aa4945b0f7472,/mnt/d/INFANT CRY/data_set_dbl_split/train/tired/3928_M_owh.wav,baby,infant_sha256:ee420968afaa724d046623a75b93edff34279477f51268484f1c17b30a9ed733,1,baby,0.7546658999522642,0.24533410004773587,original,/mnt/d/INFANT CRY/Models_dbl/experiments/runs/20260821T164332Z_490383ff__exp_20260903T170029Z_e0883d24/candidates/stage1_logmel_small_cnn/seed_42/fold_1/attempt_1/model.keras,recorded_in_fold_manifest,20260821T164332Z_490383ff__exp_20260903T170029Z_e0883d24
rec_68e42d397f27be46fa63,/mnt/d/INFANT CRY/data_set_dbl_split/train/tired/3948_F_owh.wav,baby,infant_sha256:cbd83c6e74adab9f08449af15b91ab4d337f2b18301b7438d6a6035c63cbe188,1,baby,0.9946787772735244,0.005321222726475594,original,/mnt/d/INFANT CRY/Models_dbl/experiments/runs/20260821T164332Z_490383ff__exp_20260903T170029Z_e0883d24/candidates/stage1_logmel_small_cnn/seed_42/fold_1/attempt_1/model.keras,recorded_in_fold_manifest,20260821T164332Z_490383ff__exp_20260903T170029Z_e0883d24
rec_80d0108bf83efc0ee1a0,/mnt/d/INFANT CRY/data_set_dbl_split/train/tired/3956_M_owh.wav,baby,infant_sha256:0adc32c6160d0945dd65128a645310a0fcd8faf6bc73097c5c10fc3a382df09a,1,baby,0.9945533446960495,0.0054466553039505365,original,/mnt/d/INFANT CRY/Models_dbl/experiments/runs/20260821T164332Z_490383ff__exp_20260903T170029Z_e0883d24/candidates/stage1_logmel_small_cnn/seed_42/fold_1/attempt_1/model.keras,recorded_in_fold_manifest,20260821T164332Z_490383ff__exp_20260903T170029Z_e0883d24
rec_c09f5006c02cc948ec08,/mnt/d/INFANT CRY/data_set_dbl_split/train/tired/4002_M_owh.wav,baby,infant_sha256:1dc64b5f587d6e98db8deb9c7a11e282e8241c5f11ef7d41ebf2e323471106e4,1,baby,0.9576277208151498,0.04237227918485015,original,/mnt/d/INFANT CRY/Models_dbl/experiments/runs/20260821T164332Z_490383ff__exp_20260903T170029Z_e0883d24/candidates/stage1_logmel_small_cnn/seed_42/fold_1/attempt_1/model.keras,recorded_in_fold_manifest,20260821T164332Z_490383ff__exp_20260903T170029Z_e0883d24
rec_8afa1d21029efff478e7,/mnt/d/INFANT CRY/data_set_dbl_split/train/tired/4005_M_owh.wav,baby,infant_sha256:df7975cb75a261d842d2999bece606d627ec4ddd2f3225966d034b540f062cea,1,baby,0.9199874216312508,0.08001257836874925,original,/mnt/d/INFANT CRY/Models_dbl/experiments/runs/20260821T164332Z_490383ff__exp_20260903T170029Z_e0883d24/candidates/stage1_logmel_small_cnn/seed_42/fold_1/attempt_1/model.keras,recorded_in_fold_manifest,20260821T164332Z_490383ff__exp_20260903T170029Z_e0883d24
rec_35fc36f8380c094f4acc,/mnt/d/INFANT CRY/data_set_dbl_split/train/tired/4013_M_owh.wav,baby,infant_sha256:9e9dc439e87b4cde095edc77cd977e9c24e6990787b3bc37bd9f52fb553aed99,1,baby,0.8476068251191553,0.15239317488084472,original,/mnt/d/INFANT CRY/Models_dbl/experiments/runs/20260821T164332Z_490383ff__exp_20260903T170029Z_e0883d24/candidates/stage1_logmel_small_cnn/seed_42/fold_1/attempt_1/model.keras,recorded_in_fold_manifest,20260821T164332Z_490383ff__exp_20260903T170029Z_e0883d24
rec_4e6e8efcece15b1f1e7c,/mnt/d/INFANT CRY/data_set_dbl_split/train/tired/4027_M_owh.wav,baby,infant_sha256:3557687be92a55421ae2fbb9c0f8415688e1febeccceb7486a6379acec3a2754,1,baby,0.9941253625075319,0.005874637492468068,original,/mnt/d/INFANT CRY/Models_dbl/experiments/runs/20260821T164332Z_490383ff__exp_20260903T170029Z_e0883d24/candidates/stage1_logmel_small_cnn/seed_42/fold_1/attempt_1/model.keras,recorded_in_fold_manifest,20260821T164332Z_490383ff__exp_20260903T170029Z_e0883d24
rec_b4e1323c441bd956089e,/mnt/d/INFANT CRY/data_set_dbl_split/train/tired/4103_F_owh.wav,baby,infant_sha256:2e07cfa7f8967b2feec2ec16319d0f3ca32b9c2dd93a399024f72724f6400d1f,1,baby,0.9962052109176771,0.003794789082322919,original,/mnt/d/INFANT CRY/Models_dbl/experiments/runs/20260821T164332Z_490383ff__exp_20260903T170029Z_e0883d24/candidates/stage1_logmel_small_cnn/seed_42/fold_1/attempt_1/model.keras,recorded_in_fold_manifest,20260821T164332Z_490383ff__exp_20260903T170029Z_e0883d24
rec_0f1fcdcd25df08eea493,/mnt/d/INFANT CRY/data_set_dbl_split/train/tired/4201_M_owh.wav,baby,infant_sha256:e9acf5e28766ce86732acf259817d4c447e6eb3a83b5d2fa700a28316bce3787,1,baby,0.8650783896446228,0.1349216103553772,original,/mnt/d/INFANT CRY/Models_dbl/experiments/runs/20260821T164332Z_490383ff__exp_20260903T170029Z_e0883d24/candidates/stage1_logmel_small_cnn/seed_42/fold_1/attempt_1/model.keras,recorded_in_fold_manifest,20260821T164332Z_490383ff__exp_20260903T170029Z_e0883d24
rec_20f80be143796621563d,/mnt/d/INFANT CRY/data_set_dbl_split/train/tired/4246_M_owh.wav,baby,infant_sha256:856326832837f6e312661814190d9e5d1f8941e778b1413ce1e78b5262d0af28,1,baby,0.9830540225416208,0.01694597745837924,original,/mnt/d/INFANT CRY/Models_dbl/experiments/runs/20260821T164332Z_490383ff__exp_20260903T170029Z_e0883d24/candidates/stage1_logmel_small_cnn/seed_42/fold_1/attempt_1/model.keras,recorded_in_fold_manifest,20260821T164332Z_490383ff__exp_20260903T170029Z_e0883d24
rec_fd54c500166186ce8c7c,/mnt/d/INFANT CRY/data_set_dbl_split/train/tired/4256_F_owh.wav,baby,infant_sha256:4c62a5f308a8871d173b55373cd079c2961f643290d448c47fa0191e760e6dcf,1,baby,0.972261266317873,0.02773873368212693,original,/mnt/d/INFANT CRY/Models_dbl/experiments/runs/20260821T164332Z_490383ff__exp_20260903T170029Z_e0883d24/candidates/stage1_logmel_small_cnn/seed_42/fold_1/attempt_1/model.keras,recorded_in_fold_manifest,20260821T164332Z_490383ff__exp_20260903T170029Z_e0883d24
rec_1fafbe2e464ceb868d2f,/mnt/d/INFANT CRY/data_set_dbl_split/train/tired/4283_M_owh.wav,baby,infant_sha256:8f09456255a0bbd5549c4d13817408ce71a050eebaeee20e75fdcc6b5d332e76,1,baby,0.9826030731201172,0.017396926879882812,original,/mnt/d/INFANT CRY/Models_dbl/experiments/runs/20260821T164332Z_490383ff__exp_20260903T170029Z_e0883d24/candidates/stage1_logmel_small_cnn/seed_42/fold_1/attempt_1/model.keras,recorded_in_fold_manifest,20260821T164332Z_490383ff__exp_20260903T170029Z_e0883d24
rec_116a54085a97e5e34e00,/mnt/d/INFANT CRY/data_set_dbl_split/train/tired/4380_M_owh.wav,baby,infant_sha256:699f3614c78492ce1cab6aa710695221c86ce0b3321e21214442e71963de3f13,1,baby,0.9711447773288046,0.028855222671195443,original,/mnt/d/INFANT CRY/Models_dbl/experiments/runs/20260821T164332Z_490383ff__exp_20260903T170029Z_e0883d24/candidates/stage1_logmel_small_cnn/seed_42/fold_1/attempt_1/model.keras,recorded_in_fold_manifest,20260821T164332Z_490383ff__exp_20260903T170029Z_e0883d24
rec_77fdfcc3851cb5479103,/mnt/d/INFANT CRY/data_set_dbl_split/train/tired/4419_F_owh.wav,baby,infant_sha256:09e178ead89126c3459dcfcf370e8fe10b0877f709e5da73917cdab8d07bcf50,1,baby,0.9879699892273446,0.012030010772655378,original,/mnt/d/INFANT CRY/Models_dbl/experiments/runs/20260821T164332Z_490383ff__exp_20260903T170029Z_e0883d24/candidates/stage1_logmel_small_cnn/seed_42/fold_1/attempt_1/model.keras,recorded_in_fold_manifest,20260821T164332Z_490383ff__exp_20260903T170029Z_e0883d24
rec_af54927ffe347838f910,/mnt/d/INFANT CRY/data_set_dbl_split/train/tired/4476_M_owh.wav,baby,infant_sha256:798f1630a874a4de7a12d31e084f4acd5f3056d48e8c3dcc4b4a39ce06b34183,1,baby,0.976123970841712,0.023876029158288,original,/mnt/d/INFANT CRY/Models_dbl/experiments/runs/20260821T164332Z_490383ff__exp_20260903T170029Z_e0883d24/candidates/stage1_logmel_small_cnn/seed_42/fold_1/attempt_1/model.keras,recorded_in_fold_manifest,20260821T164332Z_490383ff__exp_20260903T170029Z_e0883d24
rec_ade3c68b785f0daa2d1c,/mnt/d/INFANT CRY/data_set_dbl_split/train/tired/4488_F_owh.wav,baby,infant_sha256:d0b00d377bcea7744ddac752a73cbd0058fb2be33a968465097f858db8c026a7,1,baby,0.9677244280617769,0.032275571938223065,original,/mnt/d/INFANT CRY/Models_dbl/experiments/runs/20260821T164332Z_490383ff__exp_20260903T170029Z_e0883d24/candidates/stage1_logmel_small_cnn/seed_42/fold_1/attempt_1/model.keras,recorded_in_fold_manifest,20260821T164332Z_490383ff__exp_20260903T170029Z_e0883d24
rec_2bfb930445b5d56c66df,/mnt/d/INFANT CRY/data_set_dbl_split/train/tired/450_M_owh.wav,baby,infant_sha256:c946c11850b19145b6fd401231115418ae6e4cec5777ec0e22f47e4f00b65fae,1,baby,0.8459911346435547,0.1540088653564453,original,/mnt/d/INFANT CRY/Models_dbl/experiments/runs/20260821T164332Z_490383ff__exp_20260903T170029Z_e0883d24/candidates/stage1_logmel_small_cnn/seed_42/fold_1/attempt_1/model.keras,recorded_in_fold_manifest,20260821T164332Z_490383ff__exp_20260903T170029Z_e0883d24
rec_bce82d3a688f323db743,/mnt/d/INFANT CRY/data_set_dbl_split/train/tired/456_M_owh.wav,baby,infant_sha256:95597ad55e9d5a9982ee329885a9d90bac353ebc4f0d7b387f68b66dedaff5b3,1,baby,0.8735827728261216,0.12641722717387838,original,/mnt/d/INFANT CRY/Models_dbl/experiments/runs/20260821T164332Z_490383ff__exp_20260903T170029Z_e0883d24/candidates/stage1_logmel_small_cnn/seed_42/fold_1/attempt_1/model.keras,recorded_in_fold_manifest,20260821T164332Z_490383ff__exp_20260903T170029Z_e0883d24
rec_56bcb737efb664774311,/mnt/d/INFANT CRY/data_set_dbl_split/train/tired/4589_M_owh.wav,baby,infant_sha256:224f5367a81bf8563f36f99787d5ee384ca8a4c282169e547a1a642ae64e80dd,1,baby,0.9657977007523693,0.0342022992476307,original,/mnt/d/INFANT CRY/Models_dbl/experiments/runs/20260821T164332Z_490383ff__exp_20260903T170029Z_e0883d24/candidates/stage1_logmel_small_cnn/seed_42/fold_1/attempt_1/model.keras,recorded_in_fold_manifest,20260821T164332Z_490383ff__exp_20260903T170029Z_e0883d24
rec_1b847cfb573f21d20e31,/mnt/d/INFANT CRY/data_set_dbl_split/train/tired/4599_M_owh.wav,baby,infant_sha256:80496141a8ddb8f4b696031db4b6792b003c53008af8409e20cb865619c1c704,1,baby,0.5673319359223881,0.43266806407761194,original,/mnt/d/INFANT CRY/Models_dbl/experiments/runs/20260821T164332Z_490383ff__exp_20260903T170029Z_e0883d24/candidates/stage1_logmel_small_cnn/seed_42/fold_1/attempt_1/model.keras,recorded_in_fold_manifest,20260821T164332Z_490383ff__exp_20260903T170029Z_e0883d24
rec_46d890753523706a7c09,/mnt/d/INFANT CRY/data_set_dbl_split/train/tired/4607_M_owh.wav,baby,infant_sha256:b35f1a8a0722f2c9dfd514bc3cb05e9c8f6ca017c524b6ff561415dd6fc43ec7,1,baby,0.9435609090001068,0.05643909099989317,original,/mnt/d/INFANT CRY/Models_dbl/experiments/runs/20260821T164332Z_490383ff__exp_20260903T170029Z_e0883d24/candidates/stage1_logmel_small_cnn/seed_42/fold_1/attempt_1/model.keras,recorded_in_fold_manifest,20260821T164332Z_490383ff__exp_20260903T170029Z_e0883d24
rec_44ddd4328a39ff32984a,/mnt/d/INFANT CRY/data_set_dbl_split/train/tired/4620_M_owh.wav,baby,infant_sha256:f3d04528b4745f867c93cc0a2b6b7000347770464bc6f325ac4fd800713f0f6d,1,baby,0.99889192983471,0.0011080701652900406,original,/mnt/d/INFANT CRY/Models_dbl/experiments/runs/20260821T164332Z_490383ff__exp_20260903T170029Z_e0883d24/candidates/stage1_logmel_small_cnn/seed_42/fold_1/attempt_1/model.keras,recorded_in_fold_manifest,20260821T164332Z_490383ff__exp_20260903T170029Z_e0883d24
rec_b9b5a078b977d898dcd0,/mnt/d/INFANT CRY/data_set_dbl_split/train/tired/4633_M_owh.wav,baby,infant_sha256:658d3e452916cfd7175a88280c341de53df59f6050865a0bdd899860083652ee,1,baby,0.8834299375671111,0.1165700624328889,original,/mnt/d/INFANT CRY/Models_dbl/experiments/runs/20260821T164332Z_490383ff__exp_20260903T170029Z_e0883d24/candidates/stage1_logmel_small_cnn/seed_42/fold_1/attempt_1/model.keras,recorded_in_fold_manifest,20260821T164332Z_490383ff__exp_20260903T170029Z_e0883d24
rec_34bfab5d0ccf9bb47126,/mnt/d/INFANT CRY/data_set_dbl_split/train/tired/4662_M_owh.wav,baby,infant_sha256:9d0ed106d054a3bcb0c5cf37d3c34f40aac26f4ee13ce0f545d3cb897eb5aef8,1,baby,0.9652969965753668,0.03470300342463313,original,/mnt/d/INFANT CRY/Models_dbl/experiments/runs/20260821T164332Z_490383ff__exp_20260903T170029Z_e0883d24/candidates/stage1_logmel_small_cnn/seed_42/fold_1/attempt_1/model.keras,recorded_in_fold_manifest,20260821T164332Z_490383ff__exp_20260903T170029Z_e0883d24
rec_b159b9c31b0ccbc89a85,/mnt/d/INFANT CRY/data_set_dbl_split/train/tired/4714_M_owh.wav,baby,infant_sha256:68216418b1a62e5ea2d6a1c340ec1c705da964adabb0fbc2c1ebcfb72244dca2,1,baby,0.7221329808235168,0.27786701917648315,original,/mnt/d/INFANT CRY/Models_dbl/experiments/runs/20260821T164332Z_490383ff__exp_20260903T170029Z_e0883d24/candidates/stage1_logmel_small_cnn/seed_42/fold_1/attempt_1/model.keras,recorded_in_fold_manifest,20260821T164332Z_490383ff__exp_20260903T170029Z_e0883d24
rec_ee5c8dfe7aa9ead67c37,/mnt/d/INFANT CRY/data_set_dbl_split/train/tired/4797_M_owh.wav,baby,infant_sha256:eca9b35b9812e3240de0a34bd1a43d901641cd82f490d32199e26ae6810f386d,1,baby,0.7965573191129762,0.20344268088702383,original,/mnt/d/INFANT CRY/Models_dbl/experiments/runs/20260821T164332Z_490383ff__exp_20260903T170029Z_e0883d24/candidates/stage1_logmel_small_cnn/seed_42/fold_1/attempt_1/model.keras,recorded_in_fold_manifest,20260821T164332Z_490383ff__exp_20260903T170029Z_e0883d24
rec_9e605026a45828597e95,/mnt/d/INFANT CRY/data_set_dbl_split/train/tired/4881_F_owh.wav,baby,infant_sha256:5de1a7f9cb4f03323f7234e53ee6268c2bdefaabc2b8fcb727d0fc48ce639594,1,baby,0.9366067229238128,0.06339327707618726,original,/mnt/d/INFANT CRY/Models_dbl/experiments/runs/20260821T164332Z_490383ff__exp_20260903T170029Z_e0883d24/candidates/stage1_logmel_small_cnn/seed_42/fold_1/attempt_1/model.keras,recorded_in_fold_manifest,20260821T164332Z_490383ff__exp_20260903T170029Z_e0883d24
rec_aa622ce0d0bae1228e63,/mnt/d/INFANT CRY/data_set_dbl_split/train/tired/491_M_owh.wav,baby,infant_sha256:f02101e72012844b36cd37f78a95ead77560fc486c4fdadaaa0aeefa9df2145d,1,baby,0.9998084856382987,0.00019151436170128375,original,/mnt/d/INFANT CRY/Models_dbl/experiments/runs/20260821T164332Z_490383ff__exp_20260903T170029Z_e0883d24/candidates/stage1_logmel_small_cnn/seed_42/fold_1/attempt_1/model.keras,recorded_in_fold_manifest,20260821T164332Z_490383ff__exp_20260903T170029Z_e0883d24
rec_77d382cebd6165bd1f4e,/mnt/d/INFANT CRY/data_set_dbl_split/train/tired/4955_M_owh.wav,baby,infant_sha256:025521accf6116286bafe7f2404267c426e8b6ff6fda60add4c7ea87ad6d25a6,1,baby,0.8731197584700621,0.12688024152993796,original,/mnt/d/INFANT CRY/Models_dbl/experiments/runs/20260821T164332Z_490383ff__exp_20260903T170029Z_e0883d24/candidates/stage1_logmel_small_cnn/seed_42/fold_1/attempt_1/model.keras,recorded_in_fold_manifest,20260821T164332Z_490383ff__exp_20260903T170029Z_e0883d24
rec_373f9639161a4a42a13d,/mnt/d/INFANT CRY/data_set_dbl_split/train/tired/497_M_owh.wav,baby,infant_sha256:f138fc7acfc6d0d1cbefe73b824f2e4ec611f1a99b65d434bc8831e2dbf103ac,1,baby,0.9445660252893033,0.05543397471069667,original,/mnt/d/INFANT CRY/Models_dbl/experiments/runs/20260821T164332Z_490383ff__exp_20260903T170029Z_e0883d24/candidates/stage1_logmel_small_cnn/seed_42/fold_1/attempt_1/model.keras,recorded_in_fold_manifest,20260821T164332Z_490383ff__exp_20260903T170029Z_e0883d24
rec_6d06f9fdf3356c1f82d2,/mnt/d/INFANT CRY/data_set_dbl_split/train/tired/4996_F_owh.wav,baby,infant_sha256:2ffe93bc17f65c7d1cd327c87adfe3421d806cadf8da1ccfba6d290952ff35b8,1,baby,0.998786003945279,0.0012139960547209437,original,/mnt/d/INFANT CRY/Models_dbl/experiments/runs/20260821T164332Z_490383ff__exp_20260903T170029Z_e0883d24/candidates/stage1_logmel_small_cnn/seed_42/fold_1/attempt_1/model.keras,recorded_in_fold_manifest,20260821T164332Z_490383ff__exp_20260903T170029Z_e0883d24
rec_3a4f0fe4fd6a0cff506f,/mnt/d/INFANT CRY/data_set_dbl_split/train/tired/503_F_owh.wav,baby,infant_sha256:58bc77e2ace62286950d0b59e42f42eca4760fe8525cee04c7bdf5fcdaf12bfc,1,baby,0.9827008451039985,0.017299154896001583,original,/mnt/d/INFANT CRY/Models_dbl/experiments/runs/20260821T164332Z_490383ff__exp_20260903T170029Z_e0883d24/candidates/stage1_logmel_small_cnn/seed_42/fold_1/attempt_1/model.keras,recorded_in_fold_manifest,20260821T164332Z_490383ff__exp_20260903T170029Z_e0883d24
rec_578dbf3689ea01a8a6ab,/mnt/d/INFANT CRY/data_set_dbl_split/train/tired/54_M_owh.wav,baby,infant_sha256:428861112eb922c73c46f326bed68f90f74f4df57e230d60d8a37385551ffb37,1,baby,0.9447803429205163,0.05521965707948378,original,/mnt/d/INFANT CRY/Models_dbl/experiments/runs/20260821T164332Z_490383ff__exp_20260903T170029Z_e0883d24/candidates/stage1_logmel_small_cnn/seed_42/fold_1/attempt_1/model.keras,recorded_in_fold_manifest,20260821T164332Z_490383ff__exp_20260903T170029Z_e0883d24
rec_e8e60bd502127d987557,/mnt/d/INFANT CRY/data_set_dbl_split/train/tired/603_F_owh.wav,baby,infant_sha256:281ba594cd900deaabd7976040fe9701748192e469408e542b4b6982a80ffc91,1,baby,0.9980110996652861,0.0019889003347138366,original,/mnt/d/INFANT CRY/Models_dbl/experiments/runs/20260821T164332Z_490383ff__exp_20260903T170029Z_e0883d24/candidates/stage1_logmel_small_cnn/seed_42/fold_1/attempt_1/model.keras,recorded_in_fold_manifest,20260821T164332Z_490383ff__exp_20260903T170029Z_e0883d24
rec_62b412afc0f37e27404c,/mnt/d/INFANT CRY/data_set_dbl_split/train/tired/620_M_owh.wav,baby,infant_sha256:c17775ae85e14e1da649fe72c0d805cf9e384cd97646ec494306065e232d5ecf,1,baby,0.7062450051307678,0.2937549948692322,original,/mnt/d/INFANT CRY/Models_dbl/experiments/runs/20260821T164332Z_490383ff__exp_20260903T170029Z_e0883d24/candidates/stage1_logmel_small_cnn/seed_42/fold_1/attempt_1/model.keras,recorded_in_fold_manifest,20260821T164332Z_490383ff__exp_20260903T170029Z_e0883d24
rec_e8f5a7e1fa39a9b50c9c,/mnt/d/INFANT CRY/data_set_dbl_split/train/tired/795_M_owh.wav,baby,infant_sha256:64c36ebd3c1854465f1a6199af818a14948f503008aa2223879a83f48952c263,1,baby,0.8594196522581785,0.14058034774182154,original,/mnt/d/INFANT CRY/Models_dbl/experiments/runs/20260821T164332Z_490383ff__exp_20260903T170029Z_e0883d24/candidates/stage1_logmel_small_cnn/seed_42/fold_1/attempt_1/model.keras,recorded_in_fold_manifest,20260821T164332Z_490383ff__exp_20260903T170029Z_e0883d24
rec_1b733202df78607bb041,/mnt/d/INFANT CRY/data_set_dbl_split/train/tired/81_M_owh.wav,baby,infant_sha256:494c1d3687de3b8a886def4cfd2697177f66b615d83e77698e8d76547b745f39,1,baby,0.9849833763531871,0.015016623646812874,original,/mnt/d/INFANT CRY/Models_dbl/experiments/runs/20260821T164332Z_490383ff__exp_20260903T170029Z_e0883d24/candidates/stage1_logmel_small_cnn/seed_42/fold_1/attempt_1/model.keras,recorded_in_fold_manifest,20260821T164332Z_490383ff__exp_20260903T170029Z_e0883d24
rec_1c86fe7fe16836fae2c5,/mnt/d/INFANT CRY/data_set_dbl_split/train/tired/852_F_owh.wav,baby,infant_sha256:159e7f55830a8b469a58ec1436ceba4c0f382e289e97a02be729334dc6a237d8,1,baby,0.9983257003147653,0.001674299685234699,original,/mnt/d/INFANT CRY/Models_dbl/experiments/runs/20260821T164332Z_490383ff__exp_20260903T170029Z_e0883d24/candidates/stage1_logmel_small_cnn/seed_42/fold_1/attempt_1/model.keras,recorded_in_fold_manifest,20260821T164332Z_490383ff__exp_20260903T170029Z_e0883d24
rec_4276b7de08d410c31454,/mnt/d/INFANT CRY/data_set_dbl_split/train/tired/921_M_owh.wav,baby,infant_sha256:ebbe537a9e89a51a565d2057ec05f3b1603782772cc10a7300859ebf1ae3496e,1,baby,0.9982809444019398,0.001719055598060184,original,/mnt/d/INFANT CRY/Models_dbl/experiments/runs/20260821T164332Z_490383ff__exp_20260903T170029Z_e0883d24/candidates/stage1_logmel_small_cnn/seed_42/fold_1/attempt_1/model.keras,recorded_in_fold_manifest,20260821T164332Z_490383ff__exp_20260903T170029Z_e0883d24
rec_e21c7b8e66dd449a938b,/mnt/d/INFANT CRY/data_set_dbl_split/train/tired/931_M_owh.wav,baby,infant_sha256:6264b9695cac65ecac7c2e607eb0dc97a2be3d48949ce9b492229416c8847a7e,1,baby,0.947023801900269,0.05297619809973092,original,/mnt/d/INFANT CRY/Models_dbl/experiments/runs/20260821T164332Z_490383ff__exp_20260903T170029Z_e0883d24/candidates/stage1_logmel_small_cnn/seed_42/fold_1/attempt_1/model.keras,recorded_in_fold_manifest,20260821T164332Z_490383ff__exp_20260903T170029Z_e0883d24
rec_8d5f2d47c0474322ccc8,/mnt/d/INFANT CRY/data_set_dbl_split/train/tired/949_M_owh.wav,baby,infant_sha256:6c3b6654b154c4672acc21795efa55d28935ea5809f57e6cb214ea2f942e95b3,1,baby,0.9799133447938287,0.020086655206171283,original,/mnt/d/INFANT CRY/Models_dbl/experiments/runs/20260821T164332Z_490383ff__exp_20260903T170029Z_e0883d24/candidates/stage1_logmel_small_cnn/seed_42/fold_1/attempt_1/model.keras,recorded_in_fold_manifest,20260821T164332Z_490383ff__exp_20260903T170029Z_e0883d24
rec_f9fb47e8a3ed0a22c4ad,/mnt/d/INFANT CRY/data_set_dbl_split/train/tired/dunstan-owh_12.wav,baby,infant_sha256:2c1b4785158659189577572996f6ffab051d254ac8485a4d8cdbc67164bf58eb,1,baby,0.7251195475387843,0.27488045246121573,original,/mnt/d/INFANT CRY/Models_dbl/experiments/runs/20260821T164332Z_490383ff__exp_20260903T170029Z_e0883d24/candidates/stage1_logmel_small_cnn/seed_42/fold_1/attempt_1/model.keras,recorded_in_fold_manifest,20260821T164332Z_490383ff__exp_20260903T170029Z_e0883d24
rec_19ca95fa0e9cc6f77602,/mnt/d/INFANT CRY/data_set_dbl_split/train/tired/dunstan-owh_17.wav,baby,infant_sha256:fc20ee4bb80a46bf47ac95699cfcdad0d159f9cefdb9c60b6f483257b1120947,1,baby,0.9903834748099444,0.009616525190055632,original,/mnt/d/INFANT CRY/Models_dbl/experiments/runs/20260821T164332Z_490383ff__exp_20260903T170029Z_e0883d24/candidates/stage1_logmel_small_cnn/seed_42/fold_1/attempt_1/model.keras,recorded_in_fold_manifest,20260821T164332Z_490383ff__exp_20260903T170029Z_e0883d24
rec_8177f9e186a5ddb0be27,/mnt/d/INFANT CRY/data_set_dbl_split/train/tired/dunstan-owh_3.wav,baby,infant_sha256:80a99d09e972dee78e2ec62264dad6e714f4288492508b7ecd9e72cee50a668f,1,baby,0.9958455557954285,0.00415444420457145,original,/mnt/d/INFANT CRY/Models_dbl/experiments/runs/20260821T164332Z_490383ff__exp_20260903T170029Z_e0883d24/candidates/stage1_logmel_small_cnn/seed_42/fold_1/attempt_1/model.keras,recorded_in_fold_manifest,20260821T164332Z_490383ff__exp_20260903T170029Z_e0883d24
rec_c20da6d7a956a73d1bd5,/mnt/d/INFANT CRY/data_set_dbl_split/train/tired/dunstan-owh_36.wav,baby,infant_sha256:3715fcb5ae3b7024b9de09df29d788cb1888e6bb19317fc31f2faf3ed20280e6,1,baby,0.9936286908853013,0.006371309114698694,original,/mnt/d/INFANT CRY/Models_dbl/experiments/runs/20260821T164332Z_490383ff__exp_20260903T170029Z_e0883d24/candidates/stage1_logmel_small_cnn/seed_42/fold_1/attempt_1/model.keras,recorded_in_fold_manifest,20260821T164332Z_490383ff__exp_20260903T170029Z_e0883d24
rec_ad8e77f8cb1fddd992f6,/mnt/d/INFANT CRY/data_set_dbl_split/train/tired/dunstan-owh_7.wav,baby,infant_sha256:fd9110c1e747f43e6901ae141296f3843e8161a0fc9c078e01601228f7df9656,1,baby,0.9986664801269542,0.0013335198730457165,original,/mnt/d/INFANT CRY/Models_dbl/experiments/runs/20260821T164332Z_490383ff__exp_20260903T170029Z_e0883d24/candidates/stage1_logmel_small_cnn/seed_42/fold_1/attempt_1/model.keras,recorded_in_fold_manifest,20260821T164332Z_490383ff__exp_20260903T170029Z_e0883d24
rec_90ff81a514cc71351efc,/mnt/d/INFANT CRY/data_set_dbl_split/train/tired/dunstan-owh_71.wav,baby,infant_sha256:bf9bd3fc4bcff70e01899a30429991ceae8ae6a2c70534fc1170a87194656bee,1,baby,0.9718370691048335,0.028162930895166534,original,/mnt/d/INFANT CRY/Models_dbl/experiments/runs/20260821T164332Z_490383ff__exp_20260903T170029Z_e0883d24/candidates/stage1_logmel_small_cnn/seed_42/fold_1/attempt_1/model.keras,recorded_in_fold_manifest,20260821T164332Z_490383ff__exp_20260903T170029Z_e0883d24
rec_6aee9beea238e83aa7a9,/mnt/d/INFANT CRY/data_set_dbl_split/train/tired/dunstan-owh_75.wav,baby,infant_sha256:38be5d3ea66904c7b69e69fa7e897ab0206c2b7d027152cfa84c05ca70d452d0,1,baby,0.995063423014568,0.004936576985432028,original,/mnt/d/INFANT CRY/Models_dbl/experiments/runs/20260821T164332Z_490383ff__exp_20260903T170029Z_e0883d24/candidates/stage1_logmel_small_cnn/seed_42/fold_1/attempt_1/model.keras,recorded_in_fold_manifest,20260821T164332Z_490383ff__exp_20260903T170029Z_e0883d24
rec_32de9e44bf2fa1c66efc,/mnt/d/INFANT CRY/data_set_dbl_split/train/tired/dunstan-owh_8.wav,baby,infant_sha256:c81a807ba4029869fa0f95c308dd9d3610f660492e2e58f489b975b64d988e7e,1,baby,0.9790957600772966,0.02090423992270336,original,/mnt/d/INFANT CRY/Models_dbl/experiments/runs/20260821T164332Z_490383ff__exp_20260903T170029Z_e0883d24/candidates/stage1_logmel_small_cnn/seed_42/fold_1/attempt_1/model.keras,recorded_in_fold_manifest,20260821T164332Z_490383ff__exp_20260903T170029Z_e0883d24
rec_aec869bbe88cbdefe91d,/mnt/d/INFANT CRY/data_set_dbl_split/train/not_baby/1-100038-A-14.wav,not_baby,esc50_source:100038,1,not_baby,0.45326944907125527,0.5467305509287447,original,/mnt/d/INFANT CRY/Models_dbl/experiments/runs/20260821T164332Z_490383ff__exp_20260903T170029Z_e0883d24/candidates/stage1_logmel_small_cnn/seed_42/fold_1/attempt_1/model.keras,recorded_in_fold_manifest,20260821T164332Z_490383ff__exp_20260903T170029Z_e0883d24
rec_59153ace7e677bdcf73f,/mnt/d/INFANT CRY/data_set_dbl_split/train/not_baby/1-11687-A-47.wav,not_baby,esc50_source:11687,1,not_baby,0.005764672359614301,0.9942353276403857,original,/mnt/d/INFANT CRY/Models_dbl/experiments/runs/20260821T164332Z_490383ff__exp_20260903T170029Z_e0883d24/candidates/stage1_logmel_small_cnn/seed_42/fold_1/attempt_1/model.keras,recorded_in_fold_manifest,20260821T164332Z_490383ff__exp_20260903T170029Z_e0883d24
rec_734152d668a87338b23b,/mnt/d/INFANT CRY/data_set_dbl_split/train/not_baby/1-118206-A-31.wav,not_baby,esc50_source:118206,1,not_baby,0.01782968115030726,0.9821703188496927,original,/mnt/d/INFANT CRY/Models_dbl/experiments/runs/20260821T164332Z_490383ff__exp_20260903T170029Z_e0883d24/candidates/stage1_logmel_small_cnn/seed_42/fold_1/attempt_1/model.keras,recorded_in_fold_manifest,20260821T164332Z_490383ff__exp_20260903T170029Z_e0883d24
rec_ed1d9d09bd4947beac70,/mnt/d/INFANT CRY/data_set_dbl_split/train/not_baby/1-13613-A-37.wav,not_baby,esc50_source:13613,1,not_baby,0.02035068370793779,0.9796493162920622,original,/mnt/d/INFANT CRY/Models_dbl/experiments/runs/20260821T164332Z_490383ff__exp_20260903T170029Z_e0883d24/candidates/stage1_logmel_small_cnn/seed_42/fold_1/attempt_1/model.keras,recorded_in_fold_manifest,20260821T164332Z_490383ff__exp_20260903T170029Z_e0883d24
rec_bc63c935a401d0f2e2de,/mnt/d/INFANT CRY/data_set_dbl_split/train/not_baby/1-17367-A-10.wav,not_baby,esc50_source:17367,1,not_baby,0.010625602945764178,0.9893743970542358,original,/mnt/d/INFANT CRY/Models_dbl/experiments/runs/20260821T164332Z_490383ff__exp_20260903T170029Z_e0883d24/candidates/stage1_logmel_small_cnn/seed_42/fold_1/attempt_1/model.keras,recorded_in_fold_manifest,20260821T164332Z_490383ff__exp_20260903T170029Z_e0883d24
rec_439f8be981581539e1f9,/mnt/d/INFANT CRY/data_set_dbl_split/train/not_baby/1-18757-A-4.wav,not_baby,esc50_source:18757,1,not_baby,0.1813370463451303,0.8186629536548697,original,/mnt/d/INFANT CRY/Models_dbl/experiments/runs/20260821T164332Z_490383ff__exp_20260903T170029Z_e0883d24/candidates/stage1_logmel_small_cnn/seed_42/fold_1/attempt_1/model.keras,recorded_in_fold_manifest,20260821T164332Z_490383ff__exp_20260903T170029Z_e0883d24
rec_3a2c09a2e6829af3a8e6,/mnt/d/INFANT CRY/data_set_dbl_split/train/not_baby/1-21935-A-38.wav,not_baby,esc50_source:21935,1,not_baby,0.021815975680992507,0.9781840243190075,original,/mnt/d/INFANT CRY/Models_dbl/experiments/runs/20260821T164332Z_490383ff__exp_20260903T170029Z_e0883d24/candidates/stage1_logmel_small_cnn/seed_42/fold_1/attempt_1/model.keras,recorded_in_fold_manifest,20260821T164332Z_490383ff__exp_20260903T170029Z_e0883d24
rec_62e0e19ff35a6aa87196,/mnt/d/INFANT CRY/data_set_dbl_split/train/not_baby/1-223162-A-25.wav,not_baby,esc50_source:223162,1,not_baby,0.40967467965634585,0.5903253203436541,original,/mnt/d/INFANT CRY/Models_dbl/experiments/runs/20260821T164332Z_490383ff__exp_20260903T170029Z_e0883d24/candidates/stage1_logmel_small_cnn/seed_42/fold_1/attempt_1/model.keras,recorded_in_fold_manifest,20260821T164332Z_490383ff__exp_20260903T170029Z_e0883d24
rec_85be1ab194a757f98bea,/mnt/d/INFANT CRY/data_set_dbl_split/train/not_baby/1-26188-A-30.wav,not_baby,esc50_source:26188,1,not_baby,0.002206825832163587,0.9977931741678364,original,/mnt/d/INFANT CRY/Models_dbl/experiments/runs/20260821T164332Z_490383ff__exp_20260903T170029Z_e0883d24/candidates/stage1_logmel_small_cnn/seed_42/fold_1/attempt_1/model.keras,recorded_in_fold_manifest,20260821T164332Z_490383ff__exp_20260903T170029Z_e0883d24
rec_b2521e246c66c75d4a86,/mnt/d/INFANT CRY/data_set_dbl_split/train/not_baby/1-27166-A-35.wav,not_baby,esc50_source:27166,1,not_baby,0.014737384146756571,0.9852626158532434,original,/mnt/d/INFANT CRY/Models_dbl/experiments/runs/20260821T164332Z_490383ff__exp_20260903T170029Z_e0883d24/candidates/stage1_logmel_small_cnn/seed_42/fold_1/attempt_1/model.keras,recorded_in_fold_manifest,20260821T164332Z_490383ff__exp_20260903T170029Z_e0883d24
rec_527ebc190ef5c9814c48,/mnt/d/INFANT CRY/data_set_dbl_split/train/not_baby/1-30214-A-18.wav,not_baby,esc50_source:30214,1,not_baby,0.018459751926962257,0.9815402480730377,original,/mnt/d/INFANT CRY/Models_dbl/experiments/runs/20260821T164332Z_490383ff__exp_20260903T170029Z_e0883d24/candidates/stage1_logmel_small_cnn/seed_42/fold_1/attempt_1/model.keras,recorded_in_fold_manifest,20260821T164332Z_490383ff__exp_20260903T170029Z_e0883d24
rec_c1a0a1bf016383d9e3d1,/mnt/d/INFANT CRY/data_set_dbl_split/train/not_baby/1-31748-A-21.wav,not_baby,esc50_source:31748,1,baby,0.7062784222877496,0.29372157771225044,original,/mnt/d/INFANT CRY/Models_dbl/experiments/runs/20260821T164332Z_490383ff__exp_20260903T170029Z_e0883d24/candidates/stage1_logmel_small_cnn/seed_42/fold_1/attempt_1/model.keras,recorded_in_fold_manifest,20260821T164332Z_490383ff__exp_20260903T170029Z_e0883d24
rec_73a9e9f96a67fc369045,/mnt/d/INFANT CRY/data_set_dbl_split/train/not_baby/1-36393-A-23.wav,not_baby,esc50_source:36393,1,baby,0.6184711683707733,0.3815288316292267,original,/mnt/d/INFANT CRY/Models_dbl/experiments/runs/20260821T164332Z_490383ff__exp_20260903T170029Z_e0883d24/candidates/stage1_logmel_small_cnn/seed_42/fold_1/attempt_1/model.keras,recorded_in_fold_manifest,20260821T164332Z_490383ff__exp_20260903T170029Z_e0883d24
rec_207f061dd89a3df41727,/mnt/d/INFANT CRY/data_set_dbl_split/train/not_baby/1-36400-A-23.wav,not_baby,esc50_source:36400,1,not_baby,0.43690560570077913,0.5630943942992209,original,/mnt/d/INFANT CRY/Models_dbl/experiments/runs/20260821T164332Z_490383ff__exp_20260903T170029Z_e0883d24/candidates/stage1_logmel_small_cnn/seed_42/fold_1/attempt_1/model.keras,recorded_in_fold_manifest,20260821T164332Z_490383ff__exp_20260903T170029Z_e0883d24
rec_39b21339c55908d99618,/mnt/d/INFANT CRY/data_set_dbl_split/train/not_baby/1-38559-A-14.wav,not_baby,esc50_source:38559,1,not_baby,0.124787409794612,0.875212590205388,original,/mnt/d/INFANT CRY/Models_dbl/experiments/runs/20260821T164332Z_490383ff__exp_20260903T170029Z_e0883d24/candidates/stage1_logmel_small_cnn/seed_42/fold_1/attempt_1/model.keras,recorded_in_fold_manifest,20260821T164332Z_490383ff__exp_20260903T170029Z_e0883d24
rec_0a2d83649fe6fc09d58a,/mnt/d/INFANT CRY/data_set_dbl_split/train/not_baby/1-39923-A-1.wav,not_baby,esc50_source:39923,1,baby,0.9078918437619449,0.09210815623805509,original,/mnt/d/INFANT CRY/Models_dbl/experiments/runs/20260821T164332Z_490383ff__exp_20260903T170029Z_e0883d24/candidates/stage1_logmel_small_cnn/seed_42/fold_1/attempt_1/model.keras,recorded_in_fold_manifest,20260821T164332Z_490383ff__exp_20260903T170029Z_e0883d24
rec_f2576a499068277f711c,/mnt/d/INFANT CRY/data_set_dbl_split/train/not_baby/1-40967-A-28.wav,not_baby,esc50_source:40967,1,not_baby,0.1099005739435297,0.8900994260564703,original,/mnt/d/INFANT CRY/Models_dbl/experiments/runs/20260821T164332Z_490383ff__exp_20260903T170029Z_e0883d24/candidates/stage1_logmel_small_cnn/seed_42/fold_1/attempt_1/model.keras,recorded_in_fold_manifest,20260821T164332Z_490383ff__exp_20260903T170029Z_e0883d24
rec_3fb0454c96d0e103a261,/mnt/d/INFANT CRY/data_set_dbl_split/train/not_baby/1-43382-A-1.wav,not_baby,esc50_source:43382,1,baby,0.9115441237789961,0.08845587622100391,original,/mnt/d/INFANT CRY/Models_dbl/experiments/runs/20260821T164332Z_490383ff__exp_20260903T170029Z_e0883d24/candidates/stage1_logmel_small_cnn/seed_42/fold_1/attempt_1/model.keras,recorded_in_fold_manifest,20260821T164332Z_490383ff__exp_20260903T170029Z_e0883d24
rec_86979075a9092186eeb3,/mnt/d/INFANT CRY/data_set_dbl_split/train/not_baby/1-45645-A-31.wav,not_baby,esc50_source:45645,1,not_baby,0.006990606050053189,0.9930093939499468,original,/mnt/d/INFANT CRY/Models_dbl/experiments/runs/20260821T164332Z_490383ff__exp_20260903T170029Z_e0883d24/candidates/stage1_logmel_small_cnn/seed_42/fold_1/attempt_1/model.keras,recorded_in_fold_manifest,20260821T164332Z_490383ff__exp_20260903T170029Z_e0883d24
rec_cffa63b30798ac3f6ea2,/mnt/d/INFANT CRY/data_set_dbl_split/train/not_baby/1-47923-A-28.wav,not_baby,esc50_source:47923,1,not_baby,0.0729062375617219,0.9270937624382781,original,/mnt/d/INFANT CRY/Models_dbl/experiments/runs/20260821T164332Z_490383ff__exp_20260903T170029Z_e0883d24/candidates/stage1_logmel_small_cnn/seed_42/fold_1/attempt_1/model.keras,recorded_in_fold_manifest,20260821T164332Z_490383ff__exp_20260903T170029Z_e0883d24
rec_97bca158437a8d1272ed,/mnt/d/INFANT CRY/data_set_dbl_split/train/not_baby/1-50060-A-10.wav,not_baby,esc50_source:50060,1,baby,0.5507111981299162,0.44928880187008374,original,/mnt/d/INFANT CRY/Models_dbl/experiments/runs/20260821T164332Z_490383ff__exp_20260903T170029Z_e0883d24/candidates/stage1_logmel_small_cnn/seed_42/fold_1/attempt_1/model.keras,recorded_in_fold_manifest,20260821T164332Z_490383ff__exp_20260903T170029Z_e0883d24
rec_14bb53e78dee895a801e,/mnt/d/INFANT CRY/data_set_dbl_split/train/not_baby/1-50661-A-44.wav,not_baby,esc50_source:50661,1,not_baby,0.0032693709267331834,0.9967306290732668,original,/mnt/d/INFANT CRY/Models_dbl/experiments/runs/20260821T164332Z_490383ff__exp_20260903T170029Z_e0883d24/candidates/stage1_logmel_small_cnn/seed_42/fold_1/attempt_1/model.keras,recorded_in_fold_manifest,20260821T164332Z_490383ff__exp_20260903T170029Z_e0883d24
rec_bfe39cab9367e980a87a,/mnt/d/INFANT CRY/data_set_dbl_split/train/not_baby/1-51147-A-25.wav,not_baby,esc50_source:51147,1,not_baby,0.0098377217218452,0.9901622782781548,original,/mnt/d/INFANT CRY/Models_dbl/experiments/runs/20260821T164332Z_490383ff__exp_20260903T170029Z_e0883d24/candidates/stage1_logmel_small_cnn/seed_42/fold_1/attempt_1/model.keras,recorded_in_fold_manifest,20260821T164332Z_490383ff__exp_20260903T170029Z_e0883d24
rec_e0667f9dfbbaca59d749,/mnt/d/INFANT CRY/data_set_dbl_split/train/not_baby/1-53444-A-28.wav,not_baby,esc50_source:53444,1,not_baby,0.020598211451317294,0.9794017885486827,original,/mnt/d/INFANT CRY/Models_dbl/experiments/runs/20260821T164332Z_490383ff__exp_20260903T170029Z_e0883d24/candidates/stage1_logmel_small_cnn/seed_42/fold_1/attempt_1/model.keras,recorded_in_fold_manifest,20260821T164332Z_490383ff__exp_20260903T170029Z_e0883d24
rec_2aa52f4d362ca51a608c,/mnt/d/INFANT CRY/data_set_dbl_split/train/not_baby/1-60460-A-36.wav,not_baby,esc50_source:60460,1,not_baby,0.006257940616427285,0.9937420593835727,original,/mnt/d/INFANT CRY/Models_dbl/experiments/runs/20260821T164332Z_490383ff__exp_20260903T170029Z_e0883d24/candidates/stage1_logmel_small_cnn/seed_42/fold_1/attempt_1/model.keras,recorded_in_fold_manifest,20260821T164332Z_490383ff__exp_20260903T170029Z_e0883d24
rec_ee9d55ae2b84a4f9617d,/mnt/d/INFANT CRY/data_set_dbl_split/train/not_baby/1-61261-A-44.wav,not_baby,esc50_source:61261,1,not_baby,0.008359098604566824,0.9916409013954331,original,/mnt/d/INFANT CRY/Models_dbl/experiments/runs/20260821T164332Z_490383ff__exp_20260903T170029Z_e0883d24/candidates/stage1_logmel_small_cnn/seed_42/fold_1/attempt_1/model.keras,recorded_in_fold_manifest,20260821T164332Z_490383ff__exp_20260903T170029Z_e0883d24
rec_09c822a8a9b3a59af070,/mnt/d/INFANT CRY/data_set_dbl_split/train/not_baby/1-62594-A-32.wav,not_baby,esc50_source:62594,1,not_baby,0.0029033097453562925,0.9970966902546438,original,/mnt/d/INFANT CRY/Models_dbl/experiments/runs/20260821T164332Z_490383ff__exp_20260903T170029Z_e0883d24/candidates/stage1_logmel_small_cnn/seed_42/fold_1/attempt_1/model.keras,recorded_in_fold_manifest,20260821T164332Z_490383ff__exp_20260903T170029Z_e0883d24
rec_f960cc2e94388a2f2776,/mnt/d/INFANT CRY/data_set_dbl_split/train/not_baby/1-69760-A-16.wav,not_baby,esc50_source:69760,1,not_baby,0.006865331785902923,0.9931346682140971,original,/mnt/d/INFANT CRY/Models_dbl/experiments/runs/20260821T164332Z_490383ff__exp_20260903T170029Z_e0883d24/candidates/stage1_logmel_small_cnn/seed_42/fold_1/attempt_1/model.keras,recorded_in_fold_manifest,20260821T164332Z_490383ff__exp_20260903T170029Z_e0883d24
rec_26fcef82a8e5d458012f,/mnt/d/INFANT CRY/data_set_dbl_split/train/not_baby/1-72229-A-6.wav,not_baby,esc50_source:72229,1,baby,0.7617833500834801,0.23821664991651997,original,/mnt/d/INFANT CRY/Models_dbl/experiments/runs/20260821T164332Z_490383ff__exp_20260903T170029Z_e0883d24/candidates/stage1_logmel_small_cnn/seed_42/fold_1/attempt_1/model.keras,recorded_in_fold_manifest,20260821T164332Z_490383ff__exp_20260903T170029Z_e0883d24
rec_0c46771cca75e1bd7db7,/mnt/d/INFANT CRY/data_set_dbl_split/train/not_baby/1-72229-B-6.wav,not_baby,esc50_source:72229,1,baby,0.7447061164589559,0.2552938835410441,original,/mnt/d/INFANT CRY/Models_dbl/experiments/runs/20260821T164332Z_490383ff__exp_20260903T170029Z_e0883d24/candidates/stage1_logmel_small_cnn/seed_42/fold_1/attempt_1/model.keras,recorded_in_fold_manifest,20260821T164332Z_490383ff__exp_20260903T170029Z_e0883d24
rec_ff2fb374325db2c86655,/mnt/d/INFANT CRY/data_set_dbl_split/train/not_baby/1-79146-A-29.wav,not_baby,esc50_source:79146,1,not_baby,0.02751039552977677,0.9724896044702233,original,/mnt/d/INFANT CRY/Models_dbl/experiments/runs/20260821T164332Z_490383ff__exp_20260903T170029Z_e0883d24/candidates/stage1_logmel_small_cnn/seed_42/fold_1/attempt_1/model.keras,recorded_in_fold_manifest,20260821T164332Z_490383ff__exp_20260903T170029Z_e0883d24
rec_309fec9cc93532964a91,/mnt/d/INFANT CRY/data_set_dbl_split/train/not_baby/1-80841-A-13.wav,not_baby,esc50_source:80841,1,not_baby,0.10233619445324668,0.8976638055467533,original,/mnt/d/INFANT CRY/Models_dbl/experiments/runs/20260821T164332Z_490383ff__exp_20260903T170029Z_e0883d24/candidates/stage1_logmel_small_cnn/seed_42/fold_1/attempt_1/model.keras,recorded_in_fold_manifest,20260821T164332Z_490383ff__exp_20260903T170029Z_e0883d24
rec_07e829a44a9edac9f913,/mnt/d/INFANT CRY/data_set_dbl_split/train/not_baby/1-82817-A-30.wav,not_baby,esc50_source:82817,1,not_baby,0.3225086533275648,0.6774913466724352,original,/mnt/d/INFANT CRY/Models_dbl/experiments/runs/20260821T164332Z_490383ff__exp_20260903T170029Z_e0883d24/candidates/stage1_logmel_small_cnn/seed_42/fold_1/attempt_1/model.keras,recorded_in_fold_manifest,20260821T164332Z_490383ff__exp_20260903T170029Z_e0883d24
rec_15c1e6e200a57b883875,/mnt/d/INFANT CRY/data_set_dbl_split/train/not_baby/1-84393-A-32.wav,not_baby,esc50_source:84393,1,not_baby,0.00033641033166064273,0.9996635896683393,original,/mnt/d/INFANT CRY/Models_dbl/experiments/runs/20260821T164332Z_490383ff__exp_20260903T170029Z_e0883d24/candidates/stage1_logmel_small_cnn/seed_42/fold_1/attempt_1/model.keras,recorded_in_fold_manifest,20260821T164332Z_490383ff__exp_20260903T170029Z_e0883d24
rec_a07589f32cf910608dcb,/mnt/d/INFANT CRY/data_set_dbl_split/train/not_baby/1-85168-A-39.wav,not_baby,esc50_source:85168,1,baby,0.5527430608051103,0.4472569391948897,original,/mnt/d/INFANT CRY/Models_dbl/experiments/runs/20260821T164332Z_490383ff__exp_20260903T170029Z_e0883d24/candidates/stage1_logmel_small_cnn/seed_42/fold_1/attempt_1/model.keras,recorded_in_fold_manifest,20260821T164332Z_490383ff__exp_20260903T170029Z_e0883d24
rec_7b1f660ed47fdff607d2,/mnt/d/INFANT CRY/data_set_dbl_split/train/not_baby/1-88409-A-45.wav,not_baby,esc50_source:88409,1,not_baby,0.04638771150162508,0.9536122884983749,original,/mnt/d/INFANT CRY/Models_dbl/experiments/runs/20260821T164332Z_490383ff__exp_20260903T170029Z_e0883d24/candidates/stage1_logmel_small_cnn/seed_42/fold_1/attempt_1/model.keras,recorded_in_fold_manifest,20260821T164332Z_490383ff__exp_20260903T170029Z_e0883d24
rec_2c693d6a2e60a1881b7e,/mnt/d/INFANT CRY/data_set_dbl_split/train/not_baby/1-88409-B-45.wav,not_baby,esc50_source:88409,1,not_baby,0.009311064293876377,0.9906889357061236,original,/mnt/d/INFANT CRY/Models_dbl/experiments/runs/20260821T164332Z_490383ff__exp_20260903T170029Z_e0883d24/candidates/stage1_logmel_small_cnn/seed_42/fold_1/attempt_1/model.keras,recorded_in_fold_manifest,20260821T164332Z_490383ff__exp_20260903T170029Z_e0883d24
rec_e6ccd7de49f50721e435,/mnt/d/INFANT CRY/data_set_dbl_split/train/not_baby/1-91359-A-11.wav,not_baby,esc50_source:91359,1,not_baby,0.004169796449800517,0.9958302035501995,original,/mnt/d/INFANT CRY/Models_dbl/experiments/runs/20260821T164332Z_490383ff__exp_20260903T170029Z_e0883d24/candidates/stage1_logmel_small_cnn/seed_42/fold_1/attempt_1/model.keras,recorded_in_fold_manifest,20260821T164332Z_490383ff__exp_20260903T170029Z_e0883d24
rec_d211538bab3eafdb7c2b,/mnt/d/INFANT CRY/data_set_dbl_split/train/not_baby/1-91359-B-11.wav,not_baby,esc50_source:91359,1,not_baby,0.007244222412891055,0.992755777587109,original,/mnt/d/INFANT CRY/Models_dbl/experiments/runs/20260821T164332Z_490383ff__exp_20260903T170029Z_e0883d24/candidates/stage1_logmel_small_cnn/seed_42/fold_1/attempt_1/model.keras,recorded_in_fold_manifest,20260821T164332Z_490383ff__exp_20260903T170029Z_e0883d24
rec_bb9ad5ece6140af171c6,/mnt/d/INFANT CRY/data_set_dbl_split/train/not_baby/1-96890-A-37.wav,not_baby,esc50_source:96890,1,not_baby,0.008313575929867728,0.9916864240701323,original,/mnt/d/INFANT CRY/Models_dbl/experiments/runs/20260821T164332Z_490383ff__exp_20260903T170029Z_e0883d24/candidates/stage1_logmel_small_cnn/seed_42/fold_1/attempt_1/model.keras,recorded_in_fold_manifest,20260821T164332Z_490383ff__exp_20260903T170029Z_e0883d24
rec_af0acd3efc28631add1c,/mnt/d/INFANT CRY/data_set_dbl_split/train/not_baby/2-102852-A-11.wav,not_baby,esc50_source:102852,1,not_baby,0.004926899255318783,0.9950731007446812,original,/mnt/d/INFANT CRY/Models_dbl/experiments/runs/20260821T164332Z_490383ff__exp_20260903T170029Z_e0883d24/candidates/stage1_logmel_small_cnn/seed_42/fold_1/attempt_1/model.keras,recorded_in_fold_manifest,20260821T164332Z_490383ff__exp_20260903T170029Z_e0883d24
rec_22b01434975d61c39a94,/mnt/d/INFANT CRY/data_set_dbl_split/train/not_baby/2-103423-A-3.wav,not_baby,esc50_source:103423,1,baby,0.507940917733853,0.492059082266147,original,/mnt/d/INFANT CRY/Models_dbl/experiments/runs/20260821T164332Z_490383ff__exp_20260903T170029Z_e0883d24/candidates/stage1_logmel_small_cnn/seed_42/fold_1/attempt_1/model.keras,recorded_in_fold_manifest,20260821T164332Z_490383ff__exp_20260903T170029Z_e0883d24
rec_b038fb59b25a63ea375d,/mnt/d/INFANT CRY/data_set_dbl_split/train/not_baby/2-104168-A-32.wav,not_baby,esc50_source:104168,1,not_baby,0.0014342593290725624,0.9985657406709274,original,/mnt/d/INFANT CRY/Models_dbl/experiments/runs/20260821T164332Z_490383ff__exp_20260903T170029Z_e0883d24/candidates/stage1_logmel_small_cnn/seed_42/fold_1/attempt_1/model.keras,recorded_in_fold_manifest,20260821T164332Z_490383ff__exp_20260903T170029Z_e0883d24
rec_11caf7528a5a15fe21f7,/mnt/d/INFANT CRY/data_set_dbl_split/train/not_baby/2-106487-A-44.wav,not_baby,esc50_source:106487,1,not_baby,0.010432594224015981,0.989567405775984,original,/mnt/d/INFANT CRY/Models_dbl/experiments/runs/20260821T164332Z_490383ff__exp_20260903T170029Z_e0883d24/candidates/stage1_logmel_small_cnn/seed_42/fold_1/attempt_1/model.keras,recorded_in_fold_manifest,20260821T164332Z_490383ff__exp_20260903T170029Z_e0883d24
rec_99e95dcd7a5877539d57,/mnt/d/INFANT CRY/data_set_dbl_split/train/not_baby/2-109505-A-21.wav,not_baby,esc50_source:109505,1,baby,0.511778712272644,0.48822128772735596,original,/mnt/d/INFANT CRY/Models_dbl/experiments/runs/20260821T164332Z_490383ff__exp_20260903T170029Z_e0883d24/candidates/stage1_logmel_small_cnn/seed_42/fold_1/attempt_1/model.keras,recorded_in_fold_manifest,20260821T164332Z_490383ff__exp_20260903T170029Z_e0883d24
rec_cf8c6f11e10e77c1243c,/mnt/d/INFANT CRY/data_set_dbl_split/train/not_baby/2-117616-A-48.wav,not_baby,esc50_source:117616,1,not_baby,0.028093740626877854,0.9719062593731221,original,/mnt/d/INFANT CRY/Models_dbl/experiments/runs/20260821T164332Z_490383ff__exp_20260903T170029Z_e0883d24/candidates/stage1_logmel_small_cnn/seed_42/fold_1/attempt_1/model.keras,recorded_in_fold_manifest,20260821T164332Z_490383ff__exp_20260903T170029Z_e0883d24
rec_996f278529156c3de746,/mnt/d/INFANT CRY/data_set_dbl_split/train/not_baby/2-119139-A-31.wav,not_baby,esc50_source:119139,1,not_baby,0.2383522164330547,0.7616477835669453,original,/mnt/d/INFANT CRY/Models_dbl/experiments/runs/20260821T164332Z_490383ff__exp_20260903T170029Z_e0883d24/candidates/stage1_logmel_small_cnn/seed_42/fold_1/attempt_1/model.keras,recorded_in_fold_manifest,20260821T164332Z_490383ff__exp_20260903T170029Z_e0883d24
rec_7578d42a10351945236c,/mnt/d/INFANT CRY/data_set_dbl_split/train/not_baby/2-120218-A-30.wav,not_baby,esc50_source:120218,1,not_baby,0.002415802963586212,0.9975841970364138,original,/mnt/d/INFANT CRY/Models_dbl/experiments/runs/20260821T164332Z_490383ff__exp_20260903T170029Z_e0883d24/candidates/stage1_logmel_small_cnn/seed_42/fold_1/attempt_1/model.keras,recorded_in_fold_manifest,20260821T164332Z_490383ff__exp_20260903T170029Z_e0883d24
rec_5aa32a2960df86d09f60,/mnt/d/INFANT CRY/data_set_dbl_split/train/not_baby/2-120218-B-30.wav,not_baby,esc50_source:120218,1,not_baby,0.0006762674760712227,0.9993237325239288,original,/mnt/d/INFANT CRY/Models_dbl/experiments/runs/20260821T164332Z_490383ff__exp_20260903T170029Z_e0883d24/candidates/stage1_logmel_small_cnn/seed_42/fold_1/attempt_1/model.keras,recorded_in_fold_manifest,20260821T164332Z_490383ff__exp_20260903T170029Z_e0883d24
rec_bce68ea5a3b5e4f900bd,/mnt/d/INFANT CRY/data_set_dbl_split/train/not_baby/2-120587-A-6.wav,not_baby,esc50_source:120587,1,not_baby,0.246440663721601,0.753559336278399,original,/mnt/d/INFANT CRY/Models_dbl/experiments/runs/20260821T164332Z_490383ff__exp_20260903T170029Z_e0883d24/candidates/stage1_logmel_small_cnn/seed_42/fold_1/attempt_1/model.keras,recorded_in_fold_manifest,20260821T164332Z_490383ff__exp_20260903T170029Z_e0883d24
rec_e21bb20b360c9019378d,/mnt/d/INFANT CRY/data_set_dbl_split/train/not_baby/2-121978-A-29.wav,not_baby,esc50_source:121978,1,not_baby,0.022925147573229415,0.9770748524267706,original,/mnt/d/INFANT CRY/Models_dbl/experiments/runs/20260821T164332Z_490383ff__exp_20260903T170029Z_e0883d24/candidates/stage1_logmel_small_cnn/seed_42/fold_1/attempt_1/model.keras,recorded_in_fold_manifest,20260821T164332Z_490383ff__exp_20260903T170029Z_e0883d24
rec_face3895a2b0a1353dcf,/mnt/d/INFANT CRY/data_set_dbl_split/train/not_baby/2-122763-A-29.wav,not_baby,esc50_source:122763,1,not_baby,0.00546304287660724,0.9945369571233927,original,/mnt/d/INFANT CRY/Models_dbl/experiments/runs/20260821T164332Z_490383ff__exp_20260903T170029Z_e0883d24/candidates/stage1_logmel_small_cnn/seed_42/fold_1/attempt_1/model.keras,recorded_in_fold_manifest,20260821T164332Z_490383ff__exp_20260903T170029Z_e0883d24
rec_aaca54a54c608638b878,/mnt/d/INFANT CRY/data_set_dbl_split/train/not_baby/2-122763-B-29.wav,not_baby,esc50_source:122763,1,not_baby,0.010734990079179553,0.9892650099208204,original,/mnt/d/INFANT CRY/Models_dbl/experiments/runs/20260821T164332Z_490383ff__exp_20260903T170029Z_e0883d24/candidates/stage1_logmel_small_cnn/seed_42/fold_1/attempt_1/model.keras,recorded_in_fold_manifest,20260821T164332Z_490383ff__exp_20260903T170029Z_e0883d24
rec_5af017496292cc3a5fd5,/mnt/d/INFANT CRY/data_set_dbl_split/train/not_baby/2-123712-A-33.wav,not_baby,esc50_source:123712,1,not_baby,0.009953010345290845,0.9900469896547092,original,/mnt/d/INFANT CRY/Models_dbl/experiments/runs/20260821T164332Z_490383ff__exp_20260903T170029Z_e0883d24/candidates/stage1_logmel_small_cnn/seed_42/fold_1/attempt_1/model.keras,recorded_in_fold_manifest,20260821T164332Z_490383ff__exp_20260903T170029Z_e0883d24
rec_7afbb0ff0668e8f483d5,/mnt/d/INFANT CRY/data_set_dbl_split/train/not_baby/2-126433-A-17.wav,not_baby,esc50_source:126433,1,not_baby,0.046359420612044074,0.9536405793879559,original,/mnt/d/INFANT CRY/Models_dbl/experiments/runs/20260821T164332Z_490383ff__exp_20260903T170029Z_e0883d24/candidates/stage1_logmel_small_cnn/seed_42/fold_1/attempt_1/model.keras,recorded_in_fold_manifest,20260821T164332Z_490383ff__exp_20260903T170029Z_e0883d24
rec_8e17d1631501262257bc,/mnt/d/INFANT CRY/data_set_dbl_split/train/not_baby/2-127109-A-6.wav,not_baby,esc50_source:127109,1,not_baby,0.23031206085812955,0.7696879391418705,original,/mnt/d/INFANT CRY/Models_dbl/experiments/runs/20260821T164332Z_490383ff__exp_20260903T170029Z_e0883d24/candidates/stage1_logmel_small_cnn/seed_42/fold_1/attempt_1/model.keras,recorded_in_fold_manifest,20260821T164332Z_490383ff__exp_20260903T170029Z_e0883d24
rec_ae5b6ff7868d597cf117,/mnt/d/INFANT CRY/data_set_dbl_split/train/not_baby/2-130979-A-21.wav,not_baby,esc50_source:130979,1,baby,0.8257313370704651,0.1742686629295349,original,/mnt/d/INFANT CRY/Models_dbl/experiments/runs/20260821T164332Z_490383ff__exp_20260903T170029Z_e0883d24/candidates/stage1_logmel_small_cnn/seed_42/fold_1/attempt_1/model.keras,recorded_in_fold_manifest,20260821T164332Z_490383ff__exp_20260903T170029Z_e0883d24
rec_c576ccd059b7575ffe0b,/mnt/d/INFANT CRY/data_set_dbl_split/train/not_baby/2-134049-A-6.wav,not_baby,esc50_source:134049,1,baby,0.6034595190447712,0.39654048095522876,original,/mnt/d/INFANT CRY/Models_dbl/experiments/runs/20260821T164332Z_490383ff__exp_20260903T170029Z_e0883d24/candidates/stage1_logmel_small_cnn/seed_42/fold_1/attempt_1/model.keras,recorded_in_fold_manifest,20260821T164332Z_490383ff__exp_20260903T170029Z_e0883d24
rec_f0c068e479cfe35e2498,/mnt/d/INFANT CRY/data_set_dbl_split/train/not_baby/2-140147-A-38.wav,not_baby,esc50_source:140147,1,not_baby,0.050332150228348,0.949667849771652,original,/mnt/d/INFANT CRY/Models_dbl/experiments/runs/20260821T164332Z_490383ff__exp_20260903T170029Z_e0883d24/candidates/stage1_logmel_small_cnn/seed_42/fold_1/attempt_1/model.keras,recorded_in_fold_manifest,20260821T164332Z_490383ff__exp_20260903T170029Z_e0883d24
rec_c2c43bed95334561d4e6,/mnt/d/INFANT CRY/data_set_dbl_split/train/not_baby/2-144031-A-34.wav,not_baby,esc50_source:144031,1,baby,0.6037361858048328,0.39626381419516715,original,/mnt/d/INFANT CRY/Models_dbl/experiments/runs/20260821T164332Z_490383ff__exp_20260903T170029Z_e0883d24/candidates/stage1_logmel_small_cnn/seed_42/fold_1/attempt_1/model.keras,recorded_in_fold_manifest,20260821T164332Z_490383ff__exp_20260903T170029Z_e0883d24
rec_8f185da2809a5a45c873,/mnt/d/INFANT CRY/data_set_dbl_split/train/not_baby/2-152895-A-31.wav,not_baby,esc50_source:152895,1,not_baby,0.019470375393896837,0.9805296246061032,original,/mnt/d/INFANT CRY/Models_dbl/experiments/runs/20260821T164332Z_490383ff__exp_20260903T170029Z_e0883d24/candidates/stage1_logmel_small_cnn/seed_42/fold_1/attempt_1/model.keras,recorded_in_fold_manifest,20260821T164332Z_490383ff__exp_20260903T170029Z_e0883d24
rec_3430a4996274e63a17c2,/mnt/d/INFANT CRY/data_set_dbl_split/train/not_baby/2-152964-A-31.wav,not_baby,esc50_source:152964,1,not_baby,0.22237128019332886,0.7776287198066711,original,/mnt/d/INFANT CRY/Models_dbl/experiments/runs/20260821T164332Z_490383ff__exp_20260903T170029Z_e0883d24/candidates/stage1_logmel_small_cnn/seed_42/fold_1/attempt_1/model.keras,recorded_in_fold_manifest,20260821T164332Z_490383ff__exp_20260903T170029Z_e0883d24
rec_e2176df0332480657bd8,/mnt/d/INFANT CRY/data_set_dbl_split/train/not_baby/2-157488-A-6.wav,not_baby,esc50_source:157488,1,not_baby,0.07471853494644165,0.9252814650535583,original,/mnt/d/INFANT CRY/Models_dbl/experiments/runs/20260821T164332Z_490383ff__exp_20260903T170029Z_e0883d24/candidates/stage1_logmel_small_cnn/seed_42/fold_1/attempt_1/model.keras,recorded_in_fold_manifest,20260821T164332Z_490383ff__exp_20260903T170029Z_e0883d24
rec_a4546bc0d06497da2c35,/mnt/d/INFANT CRY/data_set_dbl_split/train/not_baby/2-160128-A-7.wav,not_baby,esc50_source:160128,1,not_baby,0.11850262952201869,0.8814973704779813,original,/mnt/d/INFANT CRY/Models_dbl/experiments/runs/20260821T164332Z_490383ff__exp_20260903T170029Z_e0883d24/candidates/stage1_logmel_small_cnn/seed_42/fold_1/attempt_1/model.keras,recorded_in_fold_manifest,20260821T164332Z_490383ff__exp_20260903T170029Z_e0883d24
rec_74dc05d838e1c99f8b55,/mnt/d/INFANT CRY/data_set_dbl_split/train/not_baby/2-188822-A-40.wav,not_baby,esc50_source:188822,1,not_baby,0.030692273922407667,0.9693077260775923,original,/mnt/d/INFANT CRY/Models_dbl/experiments/runs/20260821T164332Z_490383ff__exp_20260903T170029Z_e0883d24/candidates/stage1_logmel_small_cnn/seed_42/fold_1/attempt_1/model.keras,recorded_in_fold_manifest,20260821T164332Z_490383ff__exp_20260903T170029Z_e0883d24
rec_ddec653c78f1550cf80d,/mnt/d/INFANT CRY/data_set_dbl_split/train/not_baby/2-188822-B-40.wav,not_baby,esc50_source:188822,1,not_baby,0.009781890612536329,0.9902181093874637,original,/mnt/d/INFANT CRY/Models_dbl/experiments/runs/20260821T164332Z_490383ff__exp_20260903T170029Z_e0883d24/candidates/stage1_logmel_small_cnn/seed_42/fold_1/attempt_1/model.keras,recorded_in_fold_manifest,20260821T164332Z_490383ff__exp_20260903T170029Z_e0883d24
rec_8dc9b71eb0f678c78245,/mnt/d/INFANT CRY/data_set_dbl_split/train/not_baby/2-188822-C-40.wav,not_baby,esc50_source:188822,1,not_baby,0.0024988080776559914,0.997501191922344,original,/mnt/d/INFANT CRY/Models_dbl/experiments/runs/20260821T164332Z_490383ff__exp_20260903T170029Z_e0883d24/candidates/stage1_logmel_small_cnn/seed_42/fold_1/attempt_1/model.keras,recorded_in_fold_manifest,20260821T164332Z_490383ff__exp_20260903T170029Z_e0883d24
rec_97952f9fbe4a0375b598,/mnt/d/INFANT CRY/data_set_dbl_split/train/not_baby/2-188822-D-40.wav,not_baby,esc50_source:188822,1,not_baby,0.0035139018344509275,0.9964860981655491,original,/mnt/d/INFANT CRY/Models_dbl/experiments/runs/20260821T164332Z_490383ff__exp_20260903T170029Z_e0883d24/candidates/stage1_logmel_small_cnn/seed_42/fold_1/attempt_1/model.keras,recorded_in_fold_manifest,20260821T164332Z_490383ff__exp_20260903T170029Z_e0883d24
rec_27c09c244e623559d3ee,/mnt/d/INFANT CRY/data_set_dbl_split/train/not_baby/2-209475-A-25.wav,not_baby,esc50_source:209475,1,not_baby,0.015760014626235504,0.9842399853737644,original,/mnt/d/INFANT CRY/Models_dbl/experiments/runs/20260821T164332Z_490383ff__exp_20260903T170029Z_e0883d24/candidates/stage1_logmel_small_cnn/seed_42/fold_1/attempt_1/model.keras,recorded_in_fold_manifest,20260821T164332Z_490383ff__exp_20260903T170029Z_e0883d24
rec_ce7bc6d63a301c5900cb,/mnt/d/INFANT CRY/data_set_dbl_split/train/not_baby/2-25293-A-22.wav,not_baby,esc50_source:25293,1,not_baby,0.02213550160377006,0.9778644983962299,original,/mnt/d/INFANT CRY/Models_dbl/experiments/runs/20260821T164332Z_490383ff__exp_20260903T170029Z_e0883d24/candidates/stage1_logmel_small_cnn/seed_42/fold_1/attempt_1/model.keras,recorded_in_fold_manifest,20260821T164332Z_490383ff__exp_20260903T170029Z_e0883d24
rec_c4171d7887942112522d,/mnt/d/INFANT CRY/data_set_dbl_split/train/not_baby/2-28314-A-12.wav,not_baby,esc50_source:28314,1,not_baby,0.0026825325807839206,0.9973174674192161,original,/mnt/d/INFANT CRY/Models_dbl/experiments/runs/20260821T164332Z_490383ff__exp_20260903T170029Z_e0883d24/candidates/stage1_logmel_small_cnn/seed_42/fold_1/attempt_1/model.keras,recorded_in_fold_manifest,20260821T164332Z_490383ff__exp_20260903T170029Z_e0883d24
rec_bd45c4f38745a5fbefb6,/mnt/d/INFANT CRY/data_set_dbl_split/train/not_baby/2-28314-B-12.wav,not_baby,esc50_source:28314,1,not_baby,0.025009539816848406,0.9749904601831516,original,/mnt/d/INFANT CRY/Models_dbl/experiments/runs/20260821T164332Z_490383ff__exp_20260903T170029Z_e0883d24/candidates/stage1_logmel_small_cnn/seed_42/fold_1/attempt_1/model.keras,recorded_in_fold_manifest,20260821T164332Z_490383ff__exp_20260903T170029Z_e0883d24
rec_c2b3fb5abdc72ad46249,/mnt/d/INFANT CRY/data_set_dbl_split/train/not_baby/2-32834-A-4.wav,not_baby,esc50_source:32834,1,not_baby,0.017481450714448885,0.9825185492855512,original,/mnt/d/INFANT CRY/Models_dbl/experiments/runs/20260821T164332Z_490383ff__exp_20260903T170029Z_e0883d24/candidates/stage1_logmel_small_cnn/seed_42/fold_1/attempt_1/model.keras,recorded_in_fold_manifest,20260821T164332Z_490383ff__exp_20260903T170029Z_e0883d24
rec_6d16235919d2e606b205,/mnt/d/INFANT CRY/data_set_dbl_split/train/not_baby/2-52789-A-4.wav,not_baby,esc50_source:52789,1,not_baby,0.14473577902508442,0.8552642209749156,original,/mnt/d/INFANT CRY/Models_dbl/experiments/runs/20260821T164332Z_490383ff__exp_20260903T170029Z_e0883d24/candidates/stage1_logmel_small_cnn/seed_42/fold_1/attempt_1/model.keras,recorded_in_fold_manifest,20260821T164332Z_490383ff__exp_20260903T170029Z_e0883d24
rec_a9a9cc0677eadf4f5e6a,/mnt/d/INFANT CRY/data_set_dbl_split/train/not_baby/2-54086-A-43.wav,not_baby,esc50_source:54086,1,not_baby,0.24961327018658697,0.750386729813413,original,/mnt/d/INFANT CRY/Models_dbl/experiments/runs/20260821T164332Z_490383ff__exp_20260903T170029Z_e0883d24/candidates/stage1_logmel_small_cnn/seed_42/fold_1/attempt_1/model.keras,recorded_in_fold_manifest,20260821T164332Z_490383ff__exp_20260903T170029Z_e0883d24
rec_ec9ad2b216eeea36d1f3,/mnt/d/INFANT CRY/data_set_dbl_split/train/not_baby/2-54962-A-23.wav,not_baby,esc50_source:54962,1,not_baby,0.2269110083580017,0.7730889916419983,original,/mnt/d/INFANT CRY/Models_dbl/experiments/runs/20260821T164332Z_490383ff__exp_20260903T170029Z_e0883d24/candidates/stage1_logmel_small_cnn/seed_42/fold_1/attempt_1/model.keras,recorded_in_fold_manifest,20260821T164332Z_490383ff__exp_20260903T170029Z_e0883d24
rec_694679415437bdc9524a,/mnt/d/INFANT CRY/data_set_dbl_split/train/not_baby/2-56926-A-46.wav,not_baby,esc50_source:56926,1,not_baby,0.046869327663739815,0.9531306723362601,original,/mnt/d/INFANT CRY/Models_dbl/experiments/runs/20260821T164332Z_490383ff__exp_20260903T170029Z_e0883d24/candidates/stage1_logmel_small_cnn/seed_42/fold_1/attempt_1/model.keras,recorded_in_fold_manifest,20260821T164332Z_490383ff__exp_20260903T170029Z_e0883d24
rec_4ec0e5744fb06c3e6930,/mnt/d/INFANT CRY/data_set_dbl_split/train/not_baby/2-57191-A-46.wav,not_baby,esc50_source:57191,1,baby,0.5590294432929324,0.4409705567070676,original,/mnt/d/INFANT CRY/Models_dbl/experiments/runs/20260821T164332Z_490383ff__exp_20260903T170029Z_e0883d24/candidates/stage1_logmel_small_cnn/seed_42/fold_1/attempt_1/model.keras,recorded_in_fold_manifest,20260821T164332Z_490383ff__exp_20260903T170029Z_e0883d24
rec_f7efd17900e809ea0635,/mnt/d/INFANT CRY/data_set_dbl_split/train/not_baby/2-59241-A-35.wav,not_baby,esc50_source:59241,1,not_baby,0.005357792043904218,0.9946422079560958,original,/mnt/d/INFANT CRY/Models_dbl/experiments/runs/20260821T164332Z_490383ff__exp_20260903T170029Z_e0883d24/candidates/stage1_logmel_small_cnn/seed_42/fold_1/attempt_1/model.keras,recorded_in_fold_manifest,20260821T164332Z_490383ff__exp_20260903T170029Z_e0883d24
rec_602b3325860ba9abe8c9,/mnt/d/INFANT CRY/data_set_dbl_split/train/not_baby/2-60795-A-26.wav,not_baby,esc50_source:60795,1,not_baby,0.280235431187289,0.719764568812711,original,/mnt/d/INFANT CRY/Models_dbl/experiments/runs/20260821T164332Z_490383ff__exp_20260903T170029Z_e0883d24/candidates/stage1_logmel_small_cnn/seed_42/fold_1/attempt_1/model.keras,recorded_in_fold_manifest,20260821T164332Z_490383ff__exp_20260903T170029Z_e0883d24
rec_2ab4d13d4ace21dd8f3b,/mnt/d/INFANT CRY/data_set_dbl_split/train/not_baby/2-64332-A-18.wav,not_baby,esc50_source:64332,1,not_baby,0.010986005232317506,0.9890139947676825,original,/mnt/d/INFANT CRY/Models_dbl/experiments/runs/20260821T164332Z_490383ff__exp_20260903T170029Z_e0883d24/candidates/stage1_logmel_small_cnn/seed_42/fold_1/attempt_1/model.keras,recorded_in_fold_manifest,20260821T164332Z_490383ff__exp_20260903T170029Z_e0883d24
rec_c92301dec96f4b61208e,/mnt/d/INFANT CRY/data_set_dbl_split/train/not_baby/2-66205-A-23.wav,not_baby,esc50_source:66205,1,not_baby,0.20664697885513306,0.7933530211448669,original,/mnt/d/INFANT CRY/Models_dbl/experiments/runs/20260821T164332Z_490383ff__exp_20260903T170029Z_e0883d24/candidates/stage1_logmel_small_cnn/seed_42/fold_1/attempt_1/model.keras,recorded_in_fold_manifest,20260821T164332Z_490383ff__exp_20260903T170029Z_e0883d24
rec_d3d590e68ba8c762624e,/mnt/d/INFANT CRY/data_set_dbl_split/train/not_baby/2-70366-A-33.wav,not_baby,esc50_source:70366,1,baby,0.6013531268046238,0.3986468731953762,original,/mnt/d/INFANT CRY/Models_dbl/experiments/runs/20260821T164332Z_490383ff__exp_20260903T170029Z_e0883d24/candidates/stage1_logmel_small_cnn/seed_42/fold_1/attempt_1/model.keras,recorded_in_fold_manifest,20260821T164332Z_490383ff__exp_20260903T170029Z_e0883d24
rec_3d696a5226a446b023ea,/mnt/d/INFANT CRY/data_set_dbl_split/train/not_baby/2-70939-A-42.wav,not_baby,esc50_source:70939,1,baby,0.999968490517244,3.1509482756034576e-05,original,/mnt/d/INFANT CRY/Models_dbl/experiments/runs/20260821T164332Z_490383ff__exp_20260903T170029Z_e0883d24/candidates/stage1_logmel_small_cnn/seed_42/fold_1/attempt_1/model.keras,recorded_in_fold_manifest,20260821T164332Z_490383ff__exp_20260903T170029Z_e0883d24
rec_dbee464043868f7e6ea5,/mnt/d/INFANT CRY/data_set_dbl_split/train/not_baby/2-72970-A-10.wav,not_baby,esc50_source:72970,1,not_baby,0.007922220139753876,0.9920777798602461,original,/mnt/d/INFANT CRY/Models_dbl/experiments/runs/20260821T164332Z_490383ff__exp_20260903T170029Z_e0883d24/candidates/stage1_logmel_small_cnn/seed_42/fold_1/attempt_1/model.keras,recorded_in_fold_manifest,20260821T164332Z_490383ff__exp_20260903T170029Z_e0883d24
rec_48296cbd2c02dbdf1979,/mnt/d/INFANT CRY/data_set_dbl_split/train/not_baby/2-74977-A-18.wav,not_baby,esc50_source:74977,1,not_baby,0.010774921505433454,0.9892250784945665,original,/mnt/d/INFANT CRY/Models_dbl/experiments/runs/20260821T164332Z_490383ff__exp_20260903T170029Z_e0883d24/candidates/stage1_logmel_small_cnn/seed_42/fold_1/attempt_1/model.keras,recorded_in_fold_manifest,20260821T164332Z_490383ff__exp_20260903T170029Z_e0883d24
rec_818d15daffb7880f2871,/mnt/d/INFANT CRY/data_set_dbl_split/train/not_baby/2-76868-A-6.wav,not_baby,esc50_source:76868,1,not_baby,0.4191873842719977,0.5808126157280024,original,/mnt/d/INFANT CRY/Models_dbl/experiments/runs/20260821T164332Z_490383ff__exp_20260903T170029Z_e0883d24/candidates/stage1_logmel_small_cnn/seed_42/fold_1/attempt_1/model.keras,recorded_in_fold_manifest,20260821T164332Z_490383ff__exp_20260903T170029Z_e0883d24
rec_f6664fd458f1383dd755,/mnt/d/INFANT CRY/data_set_dbl_split/train/not_baby/2-81970-A-7.wav,not_baby,esc50_source:81970,1,baby,0.8503444448216094,0.1496555551783906,original,/mnt/d/INFANT CRY/Models_dbl/experiments/runs/20260821T164332Z_490383ff__exp_20260903T170029Z_e0883d24/candidates/stage1_logmel_small_cnn/seed_42/fold_1/attempt_1/model.keras,recorded_in_fold_manifest,20260821T164332Z_490383ff__exp_20260903T170029Z_e0883d24
rec_1847cba23393e585c833,/mnt/d/INFANT CRY/data_set_dbl_split/train/not_baby/2-81970-B-7.wav,not_baby,esc50_source:81970,1,baby,0.8233539602178895,0.17664603978211044,original,/mnt/d/INFANT CRY/Models_dbl/experiments/runs/20260821T164332Z_490383ff__exp_20260903T170029Z_e0883d24/candidates/stage1_logmel_small_cnn/seed_42/fold_1/attempt_1/model.keras,recorded_in_fold_manifest,20260821T164332Z_490383ff__exp_20260903T170029Z_e0883d24
rec_1c804486f856350af902,/mnt/d/INFANT CRY/data_set_dbl_split/train/not_baby/2-81970-C-7.wav,not_baby,esc50_source:81970,1,baby,0.8600223019702508,0.13997769802974924,original,/mnt/d/INFANT CRY/Models_dbl/experiments/runs/20260821T164332Z_490383ff__exp_20260903T170029Z_e0883d24/candidates/stage1_logmel_small_cnn/seed_42/fold_1/attempt_1/model.keras,recorded_in_fold_manifest,20260821T164332Z_490383ff__exp_20260903T170029Z_e0883d24
rec_a329cddebb97662e0286,/mnt/d/INFANT CRY/data_set_dbl_split/train/not_baby/2-84943-A-18.wav,not_baby,esc50_source:84943,1,not_baby,0.03458198801928794,0.9654180119807121,original,/mnt/d/INFANT CRY/Models_dbl/experiments/runs/20260821T164332Z_490383ff__exp_20260903T170029Z_e0883d24/candidates/stage1_logmel_small_cnn/seed_42/fold_1/attempt_1/model.keras,recorded_in_fold_manifest,20260821T164332Z_490383ff__exp_20260903T170029Z_e0883d24
rec_c2d6245159adecbb709e,/mnt/d/INFANT CRY/data_set_dbl_split/train/not_baby/2-85945-A-18.wav,not_baby,esc50_source:85945,1,not_baby,0.01530956029346744,0.9846904397065326,original,/mnt/d/INFANT CRY/Models_dbl/experiments/runs/20260821T164332Z_490383ff__exp_20260903T170029Z_e0883d24/candidates/stage1_logmel_small_cnn/seed_42/fold_1/attempt_1/model.keras,recorded_in_fold_manifest,20260821T164332Z_490383ff__exp_20260903T170029Z_e0883d24
rec_38370422e0cfaafcfc5c,/mnt/d/INFANT CRY/data_set_dbl_split/train/not_baby/2-87780-A-33.wav,not_baby,esc50_source:87780,1,not_baby,0.03470300342463313,0.9652969965753668,original,/mnt/d/INFANT CRY/Models_dbl/experiments/runs/20260821T164332Z_490383ff__exp_20260903T170029Z_e0883d24/candidates/stage1_logmel_small_cnn/seed_42/fold_1/attempt_1/model.keras,recorded_in_fold_manifest,20260821T164332Z_490383ff__exp_20260903T170029Z_e0883d24
rec_224419176cc0017275a0,/mnt/d/INFANT CRY/data_set_dbl_split/train/not_baby/2-93030-A-21.wav,not_baby,esc50_source:93030,1,not_baby,0.046251815673929,0.953748184326071,original,/mnt/d/INFANT CRY/Models_dbl/experiments/runs/20260821T164332Z_490383ff__exp_20260903T170029Z_e0883d24/candidates/stage1_logmel_small_cnn/seed_42/fold_1/attempt_1/model.keras,recorded_in_fold_manifest,20260821T164332Z_490383ff__exp_20260903T170029Z_e0883d24
rec_49aa05a14e57c1646b3d,/mnt/d/INFANT CRY/data_set_dbl_split/train/not_baby/2-95258-A-1.wav,not_baby,esc50_source:95258,1,not_baby,0.06974927907617443,0.9302507209238255,original,/mnt/d/INFANT CRY/Models_dbl/experiments/runs/20260821T164332Z_490383ff__exp_20260903T170029Z_e0883d24/candidates/stage1_logmel_small_cnn/seed_42/fold_1/attempt_1/model.keras,recorded_in_fold_manifest,20260821T164332Z_490383ff__exp_20260903T170029Z_e0883d24
rec_085d0eb0088983425bff,/mnt/d/INFANT CRY/data_set_dbl_split/train/not_baby/2-95258-B-1.wav,not_baby,esc50_source:95258,1,not_baby,0.03944398168891805,0.960556018311082,original,/mnt/d/INFANT CRY/Models_dbl/experiments/runs/20260821T164332Z_490383ff__exp_20260903T170029Z_e0883d24/candidates/stage1_logmel_small_cnn/seed_42/fold_1/attempt_1/model.keras,recorded_in_fold_manifest,20260821T164332Z_490383ff__exp_20260903T170029Z_e0883d24
rec_34ec08f297a298371082,/mnt/d/INFANT CRY/data_set_dbl_split/train/not_baby/2-96033-A-13.wav,not_baby,esc50_source:96033,1,not_baby,0.027245297622005678,0.9727547023779943,original,/mnt/d/INFANT CRY/Models_dbl/experiments/runs/20260821T164332Z_490383ff__exp_20260903T170029Z_e0883d24/candidates/stage1_logmel_small_cnn/seed_42/fold_1/attempt_1/model.keras,recorded_in_fold_manifest,20260821T164332Z_490383ff__exp_20260903T170029Z_e0883d24
rec_0b3ddcb30b55c1f9298d,/mnt/d/INFANT CRY/data_set_dbl_split/train/not_baby/2-99795-A-32.wav,not_baby,esc50_source:99795,1,not_baby,0.0006740141331055967,0.9993259858668944,original,/mnt/d/INFANT CRY/Models_dbl/experiments/runs/20260821T164332Z_490383ff__exp_20260903T170029Z_e0883d24/candidates/stage1_logmel_small_cnn/seed_42/fold_1/attempt_1/model.keras,recorded_in_fold_manifest,20260821T164332Z_490383ff__exp_20260903T170029Z_e0883d24
rec_4da3a92532b41971f790,/mnt/d/INFANT CRY/data_set_dbl_split/train/not_baby/3-100024-A-27.wav,not_baby,esc50_source:100024,1,not_baby,0.002308616160872385,0.9976913838391276,original,/mnt/d/INFANT CRY/Models_dbl/experiments/runs/20260821T164332Z_490383ff__exp_20260903T170029Z_e0883d24/candidates/stage1_logmel_small_cnn/seed_42/fold_1/attempt_1/model.keras,recorded_in_fold_manifest,20260821T164332Z_490383ff__exp_20260903T170029Z_e0883d24
rec_6b727c683a5c8f67b17a,/mnt/d/INFANT CRY/data_set_dbl_split/train/not_baby/3-100024-B-27.wav,not_baby,esc50_source:100024,1,not_baby,0.0028738641820972195,0.9971261358179028,original,/mnt/d/INFANT CRY/Models_dbl/experiments/runs/20260821T164332Z_490383ff__exp_20260903T170029Z_e0883d24/candidates/stage1_logmel_small_cnn/seed_42/fold_1/attempt_1/model.keras,recorded_in_fold_manifest,20260821T164332Z_490383ff__exp_20260903T170029Z_e0883d24
rec_7b0c3c0adf6ba119f2d6,/mnt/d/INFANT CRY/data_set_dbl_split/train/not_baby/3-103401-A-33.wav,not_baby,esc50_source:103401,1,not_baby,0.039330285775108,0.960669714224892,original,/mnt/d/INFANT CRY/Models_dbl/experiments/runs/20260821T164332Z_490383ff__exp_20260903T170029Z_e0883d24/candidates/stage1_logmel_small_cnn/seed_42/fold_1/attempt_1/model.keras,recorded_in_fold_manifest,20260821T164332Z_490383ff__exp_20260903T170029Z_e0883d24
rec_2c8eb61e36fecfaffc95,/mnt/d/INFANT CRY/data_set_dbl_split/train/not_baby/3-103401-B-33.wav,not_baby,esc50_source:103401,1,not_baby,0.003500355129940544,0.9964996448700595,original,/mnt/d/INFANT CRY/Models_dbl/experiments/runs/20260821T164332Z_490383ff__exp_20260903T170029Z_e0883d24/candidates/stage1_logmel_small_cnn/seed_42/fold_1/attempt_1/model.keras,recorded_in_fold_manifest,20260821T164332Z_490383ff__exp_20260903T170029Z_e0883d24
rec_591afe07ae920df7e9dc,/mnt/d/INFANT CRY/data_set_dbl_split/train/not_baby/3-103401-C-33.wav,not_baby,esc50_source:103401,1,not_baby,0.003364269574482899,0.9966357304255171,original,/mnt/d/INFANT CRY/Models_dbl/experiments/runs/20260821T164332Z_490383ff__exp_20260903T170029Z_e0883d24/candidates/stage1_logmel_small_cnn/seed_42/fold_1/attempt_1/model.keras,recorded_in_fold_manifest,20260821T164332Z_490383ff__exp_20260903T170029Z_e0883d24
rec_3fa8f0827ed75aefe545,/mnt/d/INFANT CRY/data_set_dbl_split/train/not_baby/3-103401-D-33.wav,not_baby,esc50_source:103401,1,not_baby,0.003953991001364754,0.9960460089986353,original,/mnt/d/INFANT CRY/Models_dbl/experiments/runs/20260821T164332Z_490383ff__exp_20260903T170029Z_e0883d24/candidates/stage1_logmel_small_cnn/seed_42/fold_1/attempt_1/model.keras,recorded_in_fold_manifest,20260821T164332Z_490383ff__exp_20260903T170029Z_e0883d24
rec_6ba795a1c4f0e3ff6416,/mnt/d/INFANT CRY/data_set_dbl_split/train/not_baby/3-105236-A-7.wav,not_baby,esc50_source:105236,1,not_baby,0.18339319253872047,0.8166068074612796,original,/mnt/d/INFANT CRY/Models_dbl/experiments/runs/20260821T164332Z_490383ff__exp_20260903T170029Z_e0883d24/candidates/stage1_logmel_small_cnn/seed_42/fold_1/attempt_1/model.keras,recorded_in_fold_manifest,20260821T164332Z_490383ff__exp_20260903T170029Z_e0883d24
rec_69e849b96f0766ded187,/mnt/d/INFANT CRY/data_set_dbl_split/train/not_baby/3-107123-A-26.wav,not_baby,esc50_source:107123,1,baby,0.6587552631643258,0.34124473683567424,original,/mnt/d/INFANT CRY/Models_dbl/experiments/runs/20260821T164332Z_490383ff__exp_20260903T170029Z_e0883d24/candidates/stage1_logmel_small_cnn/seed_42/fold_1/attempt_1/model.keras,recorded_in_fold_manifest,20260821T164332Z_490383ff__exp_20260903T170029Z_e0883d24
rec_ef5f23764c64cd11a6a8,/mnt/d/INFANT CRY/data_set_dbl_split/train/not_baby/3-108451-A-17.wav,not_baby,esc50_source:108451,1,not_baby,0.012359221224166782,0.9876407787758332,original,/mnt/d/INFANT CRY/Models_dbl/experiments/runs/20260821T164332Z_490383ff__exp_20260903T170029Z_e0883d24/candidates/stage1_logmel_small_cnn/seed_42/fold_1/attempt_1/model.keras,recorded_in_fold_manifest,20260821T164332Z_490383ff__exp_20260903T170029Z_e0883d24
rec_f8dfd8da759e9f4abd37,/mnt/d/INFANT CRY/data_set_dbl_split/train/not_baby/3-108451-B-17.wav,not_baby,esc50_source:108451,1,not_baby,0.015266992500101502,0.9847330074998984,original,/mnt/d/INFANT CRY/Models_dbl/experiments/runs/20260821T164332Z_490383ff__exp_20260903T170029Z_e0883d24/candidates/stage1_logmel_small_cnn/seed_42/fold_1/attempt_1/model.keras,recorded_in_fold_manifest,20260821T164332Z_490383ff__exp_20260903T170029Z_e0883d24
rec_a830845b33d30ec1f946,/mnt/d/INFANT CRY/data_set_dbl_split/train/not_baby/3-110913-A-7.wav,not_baby,esc50_source:110913,1,not_baby,0.08635210310185032,0.9136478968981496,original,/mnt/d/INFANT CRY/Models_dbl/experiments/runs/20260821T164332Z_490383ff__exp_20260903T170029Z_e0883d24/candidates/stage1_logmel_small_cnn/seed_42/fold_1/attempt_1/model.keras,recorded_in_fold_manifest,20260821T164332Z_490383ff__exp_20260903T170029Z_e0883d24
rec_b020da989e4df5eb95b6,/mnt/d/INFANT CRY/data_set_dbl_split/train/not_baby/3-110913-B-7.wav,not_baby,esc50_source:110913,1,not_baby,0.08765455296743932,0.9123454470325607,original,/mnt/d/INFANT CRY/Models_dbl/experiments/runs/20260821T164332Z_490383ff__exp_20260903T170029Z_e0883d24/candidates/stage1_logmel_small_cnn/seed_42/fold_1/attempt_1/model.keras,recorded_in_fold_manifest,20260821T164332Z_490383ff__exp_20260903T170029Z_e0883d24
rec_a1bd0df3a8e53e49f020,/mnt/d/INFANT CRY/data_set_dbl_split/train/not_baby/3-110913-C-7.wav,not_baby,esc50_source:110913,1,not_baby,0.10404684829572296,0.895953151704277,original,/mnt/d/INFANT CRY/Models_dbl/experiments/runs/20260821T164332Z_490383ff__exp_20260903T170029Z_e0883d24/candidates/stage1_logmel_small_cnn/seed_42/fold_1/attempt_1/model.keras,recorded_in_fold_manifest,20260821T164332Z_490383ff__exp_20260903T170029Z_e0883d24
rec_98dfc159b93e6804829a,/mnt/d/INFANT CRY/data_set_dbl_split/train/not_baby/3-110913-D-7.wav,not_baby,esc50_source:110913,1,not_baby,0.17525395044329542,0.8247460495567046,original,/mnt/d/INFANT CRY/Models_dbl/experiments/runs/20260821T164332Z_490383ff__exp_20260903T170029Z_e0883d24/candidates/stage1_logmel_small_cnn/seed_42/fold_1/attempt_1/model.keras,recorded_in_fold_manifest,20260821T164332Z_490383ff__exp_20260903T170029Z_e0883d24
rec_322c0518ecbd03780869,/mnt/d/INFANT CRY/data_set_dbl_split/train/not_baby/3-112522-A-27.wav,not_baby,esc50_source:112522,1,not_baby,0.005262229878388913,0.9947377701216111,original,/mnt/d/INFANT CRY/Models_dbl/experiments/runs/20260821T164332Z_490383ff__exp_20260903T170029Z_e0883d24/candidates/stage1_logmel_small_cnn/seed_42/fold_1/attempt_1/model.keras,recorded_in_fold_manifest,20260821T164332Z_490383ff__exp_20260903T170029Z_e0883d24
rec_97cee48b626fc1259984,/mnt/d/INFANT CRY/data_set_dbl_split/train/not_baby/3-115387-A-47.wav,not_baby,esc50_source:115387,1,not_baby,0.007179260288307175,0.9928207397116928,original,/mnt/d/INFANT CRY/Models_dbl/experiments/runs/20260821T164332Z_490383ff__exp_20260903T170029Z_e0883d24/candidates/stage1_logmel_small_cnn/seed_42/fold_1/attempt_1/model.keras,recorded_in_fold_manifest,20260821T164332Z_490383ff__exp_20260903T170029Z_e0883d24
rec_eea939e24f7896414bd7,/mnt/d/INFANT CRY/data_set_dbl_split/train/not_baby/3-115387-B-47.wav,not_baby,esc50_source:115387,1,not_baby,0.006724893645948551,0.9932751063540515,original,/mnt/d/INFANT CRY/Models_dbl/experiments/runs/20260821T164332Z_490383ff__exp_20260903T170029Z_e0883d24/candidates/stage1_logmel_small_cnn/seed_42/fold_1/attempt_1/model.keras,recorded_in_fold_manifest,20260821T164332Z_490383ff__exp_20260903T170029Z_e0883d24
rec_def9c4212c406185aadf,/mnt/d/INFANT CRY/data_set_dbl_split/train/not_baby/3-115387-C-47.wav,not_baby,esc50_source:115387,1,not_baby,0.020287067918330143,0.9797129320816699,original,/mnt/d/INFANT CRY/Models_dbl/experiments/runs/20260821T164332Z_490383ff__exp_20260903T170029Z_e0883d24/candidates/stage1_logmel_small_cnn/seed_42/fold_1/attempt_1/model.keras,recorded_in_fold_manifest,20260821T164332Z_490383ff__exp_20260903T170029Z_e0883d24
rec_1baca4c69026c972406e,/mnt/d/INFANT CRY/data_set_dbl_split/train/not_baby/3-117883-A-37.wav,not_baby,esc50_source:117883,1,not_baby,0.020362104689573002,0.979637895310427,original,/mnt/d/INFANT CRY/Models_dbl/experiments/runs/20260821T164332Z_490383ff__exp_20260903T170029Z_e0883d24/candidates/stage1_logmel_small_cnn/seed_42/fold_1/attempt_1/model.keras,recorded_in_fold_manifest,20260821T164332Z_490383ff__exp_20260903T170029Z_e0883d24
rec_6ddaa520a463243174f3,/mnt/d/INFANT CRY/data_set_dbl_split/train/not_baby/3-118658-A-41.wav,not_baby,esc50_source:118658,1,not_baby,0.004547397966057833,0.9954526020339421,original,/mnt/d/INFANT CRY/Models_dbl/experiments/runs/20260821T164332Z_490383ff__exp_20260903T170029Z_e0883d24/candidates/stage1_logmel_small_cnn/seed_42/fold_1/attempt_1/model.keras,recorded_in_fold_manifest,20260821T164332Z_490383ff__exp_20260903T170029Z_e0883d24
rec_ed877a27d02a7e1aa70b,/mnt/d/INFANT CRY/data_set_dbl_split/train/not_baby/3-118658-B-41.wav,not_baby,esc50_source:118658,1,not_baby,0.01495663020921386,0.9850433697907861,original,/mnt/d/INFANT CRY/Models_dbl/experiments/runs/20260821T164332Z_490383ff__exp_20260903T170029Z_e0883d24/candidates/stage1_logmel_small_cnn/seed_42/fold_1/attempt_1/model.keras,recorded_in_fold_manifest,20260821T164332Z_490383ff__exp_20260903T170029Z_e0883d24
rec_62c498d4f52b4ed52dd1,/mnt/d/INFANT CRY/data_set_dbl_split/train/not_baby/3-128512-A-47.wav,not_baby,esc50_source:128512,1,not_baby,0.007006916406751215,0.9929930835932488,original,/mnt/d/INFANT CRY/Models_dbl/experiments/runs/20260821T164332Z_490383ff__exp_20260903T170029Z_e0883d24/candidates/stage1_logmel_small_cnn/seed_42/fold_1/attempt_1/model.keras,recorded_in_fold_manifest,20260821T164332Z_490383ff__exp_20260903T170029Z_e0883d24
rec_b66fc1817faba0a82757,/mnt/d/INFANT CRY/data_set_dbl_split/train/not_baby/3-128512-B-47.wav,not_baby,esc50_source:128512,1,not_baby,0.049093621799841114,0.9509063782001589,original,/mnt/d/INFANT CRY/Models_dbl/experiments/runs/20260821T164332Z_490383ff__exp_20260903T170029Z_e0883d24/candidates/stage1_logmel_small_cnn/seed_42/fold_1/attempt_1/model.keras,recorded_in_fold_manifest,20260821T164332Z_490383ff__exp_20260903T170029Z_e0883d24
rec_65feea339842c48fdb84,/mnt/d/INFANT CRY/data_set_dbl_split/train/not_baby/3-132830-A-32.wav,not_baby,esc50_source:132830,1,not_baby,0.0021448571113858233,0.9978551428886142,original,/mnt/d/INFANT CRY/Models_dbl/experiments/runs/20260821T164332Z_490383ff__exp_20260903T170029Z_e0883d24/candidates/stage1_logmel_small_cnn/seed_42/fold_1/attempt_1/model.keras,recorded_in_fold_manifest,20260821T164332Z_490383ff__exp_20260903T170029Z_e0883d24
rec_0adb24464f885944d145,/mnt/d/INFANT CRY/data_set_dbl_split/train/not_baby/3-134049-A-1.wav,not_baby,esc50_source:134049,1,baby,0.9443562873098776,0.05564371269012238,original,/mnt/d/INFANT CRY/Models_dbl/experiments/runs/20260821T164332Z_490383ff__exp_20260903T170029Z_e0883d24/candidates/stage1_logmel_small_cnn/seed_42/fold_1/attempt_1/model.keras,recorded_in_fold_manifest,20260821T164332Z_490383ff__exp_20260903T170029Z_e0883d24
rec_5c071d5824e91ac844a4,/mnt/d/INFANT CRY/data_set_dbl_split/train/not_baby/3-135650-A-45.wav,not_baby,esc50_source:135650,1,not_baby,0.05283175172663845,0.9471682482733615,original,/mnt/d/INFANT CRY/Models_dbl/experiments/runs/20260821T164332Z_490383ff__exp_20260903T170029Z_e0883d24/candidates/stage1_logmel_small_cnn/seed_42/fold_1/attempt_1/model.keras,recorded_in_fold_manifest,20260821T164332Z_490383ff__exp_20260903T170029Z_e0883d24
rec_e39ceaad22aeb140062c,/mnt/d/INFANT CRY/data_set_dbl_split/train/not_baby/3-135650-B-45.wav,not_baby,esc50_source:135650,1,not_baby,0.0372852898250828,0.9627147101749172,original,/mnt/d/INFANT CRY/Models_dbl/experiments/runs/20260821T164332Z_490383ff__exp_20260903T170029Z_e0883d24/candidates/stage1_logmel_small_cnn/seed_42/fold_1/attempt_1/model.keras,recorded_in_fold_manifest,20260821T164332Z_490383ff__exp_20260903T170029Z_e0883d24
rec_c93daa85a1a136f95904,/mnt/d/INFANT CRY/data_set_dbl_split/train/not_baby/3-138212-A-45.wav,not_baby,esc50_source:138212,1,not_baby,0.006603295413992068,0.9933967045860079,original,/mnt/d/INFANT CRY/Models_dbl/experiments/runs/20260821T164332Z_490383ff__exp_20260903T170029Z_e0883d24/candidates/stage1_logmel_small_cnn/seed_42/fold_1/attempt_1/model.keras,recorded_in_fold_manifest,20260821T164332Z_490383ff__exp_20260903T170029Z_e0883d24
rec_0decac0b55f8bcf62d0f,/mnt/d/INFANT CRY/data_set_dbl_split/train/not_baby/3-139109-A-46.wav,not_baby,esc50_source:139109,1,not_baby,0.01552279362929435,0.9844772063707057,original,/mnt/d/INFANT CRY/Models_dbl/experiments/runs/20260821T164332Z_490383ff__exp_20260903T170029Z_e0883d24/candidates/stage1_logmel_small_cnn/seed_42/fold_1/attempt_1/model.keras,recorded_in_fold_manifest,20260821T164332Z_490383ff__exp_20260903T170029Z_e0883d24
rec_bb15c0cde0f114d62c02,/mnt/d/INFANT CRY/data_set_dbl_split/train/not_baby/3-142006-A-10.wav,not_baby,esc50_source:142006,1,not_baby,0.008754734840454838,0.9912452651595451,original,/mnt/d/INFANT CRY/Models_dbl/experiments/runs/20260821T164332Z_490383ff__exp_20260903T170029Z_e0883d24/candidates/stage1_logmel_small_cnn/seed_42/fold_1/attempt_1/model.keras,recorded_in_fold_manifest,20260821T164332Z_490383ff__exp_20260903T170029Z_e0883d24
rec_ccafd5b06dadc3c3bbf9,/mnt/d/INFANT CRY/data_set_dbl_split/train/not_baby/3-142601-A-21.wav,not_baby,esc50_source:142601,1,baby,0.5270222582525688,0.47297774174743124,original,/mnt/d/INFANT CRY/Models_dbl/experiments/runs/20260821T164332Z_490383ff__exp_20260903T170029Z_e0883d24/candidates/stage1_logmel_small_cnn/seed_42/fold_1/attempt_1/model.keras,recorded_in_fold_manifest,20260821T164332Z_490383ff__exp_20260903T170029Z_e0883d24
rec_4ad105cff4ca9a7d9201,/mnt/d/INFANT CRY/data_set_dbl_split/train/not_baby/3-143119-A-21.wav,not_baby,esc50_source:143119,1,baby,0.7778661598801386,0.22213384011986137,original,/mnt/d/INFANT CRY/Models_dbl/experiments/runs/20260821T164332Z_490383ff__exp_20260903T170029Z_e0883d24/candidates/stage1_logmel_small_cnn/seed_42/fold_1/attempt_1/model.keras,recorded_in_fold_manifest,20260821T164332Z_490383ff__exp_20260903T170029Z_e0883d24
rec_7837c9ab542a3c22431d,/mnt/d/INFANT CRY/data_set_dbl_split/train/not_baby/3-144259-A-29.wav,not_baby,esc50_source:144259,1,not_baby,0.007557147693933416,0.9924428523060665,original,/mnt/d/INFANT CRY/Models_dbl/experiments/runs/20260821T164332Z_490383ff__exp_20260903T170029Z_e0883d24/candidates/stage1_logmel_small_cnn/seed_42/fold_1/attempt_1/model.keras,recorded_in_fold_manifest,20260821T164332Z_490383ff__exp_20260903T170029Z_e0883d24
rec_023bbf0d96d592fc07ba,/mnt/d/INFANT CRY/data_set_dbl_split/train/not_baby/3-145387-A-29.wav,not_baby,esc50_source:145387,1,not_baby,0.0074135961561073785,0.9925864038438926,original,/mnt/d/INFANT CRY/Models_dbl/experiments/runs/20260821T164332Z_490383ff__exp_20260903T170029Z_e0883d24/candidates/stage1_logmel_small_cnn/seed_42/fold_1/attempt_1/model.keras,recorded_in_fold_manifest,20260821T164332Z_490383ff__exp_20260903T170029Z_e0883d24
rec_848fc602b692aa35f2a7,/mnt/d/INFANT CRY/data_set_dbl_split/train/not_baby/3-145487-A-24.wav,not_baby,esc50_source:145487,1,not_baby,0.4432465003953427,0.5567534996046573,original,/mnt/d/INFANT CRY/Models_dbl/experiments/runs/20260821T164332Z_490383ff__exp_20260903T170029Z_e0883d24/candidates/stage1_logmel_small_cnn/seed_42/fold_1/attempt_1/model.keras,recorded_in_fold_manifest,20260821T164332Z_490383ff__exp_20260903T170029Z_e0883d24
rec_d1bf1068e3822bf6dc39,/mnt/d/INFANT CRY/data_set_dbl_split/train/not_baby/3-145774-A-12.wav,not_baby,esc50_source:145774,1,not_baby,0.0037981633524444185,0.9962018366475556,original,/mnt/d/INFANT CRY/Models_dbl/experiments/runs/20260821T164332Z_490383ff__exp_20260903T170029Z_e0883d24/candidates/stage1_logmel_small_cnn/seed_42/fold_1/attempt_1/model.keras,recorded_in_fold_manifest,20260821T164332Z_490383ff__exp_20260903T170029Z_e0883d24
rec_86dae88c40871587f7bb,/mnt/d/INFANT CRY/data_set_dbl_split/train/not_baby/3-146964-A-5.wav,not_baby,esc50_source:146964,1,not_baby,0.2125311141847572,0.7874688858152428,original,/mnt/d/INFANT CRY/Models_dbl/experiments/runs/20260821T164332Z_490383ff__exp_20260903T170029Z_e0883d24/candidates/stage1_logmel_small_cnn/seed_42/fold_1/attempt_1/model.keras,recorded_in_fold_manifest,20260821T164332Z_490383ff__exp_20260903T170029Z_e0883d24
rec_d62c294a65206a2bf4dd,/mnt/d/INFANT CRY/data_set_dbl_split/train/not_baby/3-147342-A-34.wav,not_baby,esc50_source:147342,1,not_baby,0.3188588429177497,0.6811411570822503,original,/mnt/d/INFANT CRY/Models_dbl/experiments/runs/20260821T164332Z_490383ff__exp_20260903T170029Z_e0883d24/candidates/stage1_logmel_small_cnn/seed_42/fold_1/attempt_1/model.keras,recorded_in_fold_manifest,20260821T164332Z_490383ff__exp_20260903T170029Z_e0883d24
rec_02deca40499976ca5400,/mnt/d/INFANT CRY/data_set_dbl_split/train/not_baby/3-149189-A-1.wav,not_baby,esc50_source:149189,1,baby,0.6388788413667333,0.36112115863326666,original,/mnt/d/INFANT CRY/Models_dbl/experiments/runs/20260821T164332Z_490383ff__exp_20260903T170029Z_e0883d24/candidates/stage1_logmel_small_cnn/seed_42/fold_1/attempt_1/model.keras,recorded_in_fold_manifest,20260821T164332Z_490383ff__exp_20260903T170029Z_e0883d24
rec_195991f21b0c4bab4daa,/mnt/d/INFANT CRY/data_set_dbl_split/train/not_baby/3-151206-A-23.wav,not_baby,esc50_source:151206,1,not_baby,0.02407925086829714,0.9759207491317029,original,/mnt/d/INFANT CRY/Models_dbl/experiments/runs/20260821T164332Z_490383ff__exp_20260903T170029Z_e0883d24/candidates/stage1_logmel_small_cnn/seed_42/fold_1/attempt_1/model.keras,recorded_in_fold_manifest,20260821T164332Z_490383ff__exp_20260903T170029Z_e0883d24
rec_7f527ba19fdecbb7587e,/mnt/d/INFANT CRY/data_set_dbl_split/train/not_baby/3-151273-A-35.wav,not_baby,esc50_source:151273,1,not_baby,0.004464209740819751,0.9955357902591803,original,/mnt/d/INFANT CRY/Models_dbl/experiments/runs/20260821T164332Z_490383ff__exp_20260903T170029Z_e0883d24/candidates/stage1_logmel_small_cnn/seed_42/fold_1/attempt_1/model.keras,recorded_in_fold_manifest,20260821T164332Z_490383ff__exp_20260903T170029Z_e0883d24
rec_3cef2c45f11ddda6f25b,/mnt/d/INFANT CRY/data_set_dbl_split/train/not_baby/3-153444-A-32.wav,not_baby,esc50_source:153444,1,not_baby,0.0028720293782508433,0.9971279706217492,original,/mnt/d/INFANT CRY/Models_dbl/experiments/runs/20260821T164332Z_490383ff__exp_20260903T170029Z_e0883d24/candidates/stage1_logmel_small_cnn/seed_42/fold_1/attempt_1/model.keras,recorded_in_fold_manifest,20260821T164332Z_490383ff__exp_20260903T170029Z_e0883d24
rec_989ae147e57398c2c0f1,/mnt/d/INFANT CRY/data_set_dbl_split/train/not_baby/3-154781-A-32.wav,not_baby,esc50_source:154781,1,not_baby,0.0035932729701050117,0.996406727029895,original,/mnt/d/INFANT CRY/Models_dbl/experiments/runs/20260821T164332Z_490383ff__exp_20260903T170029Z_e0883d24/candidates/stage1_logmel_small_cnn/seed_42/fold_1/attempt_1/model.keras,recorded_in_fold_manifest,20260821T164332Z_490383ff__exp_20260903T170029Z_e0883d24
rec_e9d8504af2c5902de4c4,/mnt/d/INFANT CRY/data_set_dbl_split/train/not_baby/3-155577-A-14.wav,not_baby,esc50_source:155577,1,not_baby,0.04254827386825501,0.957451726131745,original,/mnt/d/INFANT CRY/Models_dbl/experiments/runs/20260821T164332Z_490383ff__exp_20260903T170029Z_e0883d24/candidates/stage1_logmel_small_cnn/seed_42/fold_1/attempt_1/model.keras,recorded_in_fold_manifest,20260821T164332Z_490383ff__exp_20260903T170029Z_e0883d24
rec_1d53a0df701a8b7052de,/mnt/d/INFANT CRY/data_set_dbl_split/train/not_baby/3-155584-A-14.wav,not_baby,esc50_source:155584,1,not_baby,0.0421652376248457,0.9578347623751543,original,/mnt/d/INFANT CRY/Models_dbl/experiments/runs/20260821T164332Z_490383ff__exp_20260903T170029Z_e0883d24/candidates/stage1_logmel_small_cnn/seed_42/fold_1/attempt_1/model.keras,recorded_in_fold_manifest,20260821T164332Z_490383ff__exp_20260903T170029Z_e0883d24
rec_9263362c47f59185be68,/mnt/d/INFANT CRY/data_set_dbl_split/train/not_baby/3-158476-A-12.wav,not_baby,esc50_source:158476,1,not_baby,0.01915610635881138,0.9808438936411886,original,/mnt/d/INFANT CRY/Models_dbl/experiments/runs/20260821T164332Z_490383ff__exp_20260903T170029Z_e0883d24/candidates/stage1_logmel_small_cnn/seed_42/fold_1/attempt_1/model.keras,recorded_in_fold_manifest,20260821T164332Z_490383ff__exp_20260903T170029Z_e0883d24
rec_67be7f75e838c953276c,/mnt/d/INFANT CRY/data_set_dbl_split/train/not_baby/3-161500-A-17.wav,not_baby,esc50_source:161500,1,not_baby,0.006230089604590809,0.9937699103954092,original,/mnt/d/INFANT CRY/Models_dbl/experiments/runs/20260821T164332Z_490383ff__exp_20260903T170029Z_e0883d24/candidates/stage1_logmel_small_cnn/seed_42/fold_1/attempt_1/model.keras,recorded_in_fold_manifest,20260821T164332Z_490383ff__exp_20260903T170029Z_e0883d24
rec_3e6a0b867e23afe8d357,/mnt/d/INFANT CRY/data_set_dbl_split/train/not_baby/3-163607-A-13.wav,not_baby,esc50_source:163607,1,not_baby,0.042511811125407535,0.9574881888745924,original,/mnt/d/INFANT CRY/Models_dbl/experiments/runs/20260821T164332Z_490383ff__exp_20260903T170029Z_e0883d24/candidates/stage1_logmel_small_cnn/seed_42/fold_1/attempt_1/model.keras,recorded_in_fold_manifest,20260821T164332Z_490383ff__exp_20260903T170029Z_e0883d24
rec_713541ed60557635040c,/mnt/d/INFANT CRY/data_set_dbl_split/train/not_baby/3-163607-B-13.wav,not_baby,esc50_source:163607,1,not_baby,0.00714652990658976,0.9928534700934102,original,/mnt/d/INFANT CRY/Models_dbl/experiments/runs/20260821T164332Z_490383ff__exp_20260903T170029Z_e0883d24/candidates/stage1_logmel_small_cnn/seed_42/fold_1/attempt_1/model.keras,recorded_in_fold_manifest,20260821T164332Z_490383ff__exp_20260903T170029Z_e0883d24
rec_93df184dc22bbfcb183f,/mnt/d/INFANT CRY/data_set_dbl_split/train/not_baby/3-164120-A-11.wav,not_baby,esc50_source:164120,1,not_baby,0.005935973802907864,0.9940640261970921,original,/mnt/d/INFANT CRY/Models_dbl/experiments/runs/20260821T164332Z_490383ff__exp_20260903T170029Z_e0883d24/candidates/stage1_logmel_small_cnn/seed_42/fold_1/attempt_1/model.keras,recorded_in_fold_manifest,20260821T164332Z_490383ff__exp_20260903T170029Z_e0883d24
rec_34af26019d43ef949fc9,/mnt/d/INFANT CRY/data_set_dbl_split/train/not_baby/3-166546-A-34.wav,not_baby,esc50_source:166546,1,not_baby,0.010129789416137203,0.9898702105838628,original,/mnt/d/INFANT CRY/Models_dbl/experiments/runs/20260821T164332Z_490383ff__exp_20260903T170029Z_e0883d24/candidates/stage1_logmel_small_cnn/seed_42/fold_1/attempt_1/model.keras,recorded_in_fold_manifest,20260821T164332Z_490383ff__exp_20260903T170029Z_e0883d24
rec_d4ce08701039e1374daa,/mnt/d/INFANT CRY/data_set_dbl_split/train/not_baby/3-166546-B-34.wav,not_baby,esc50_source:166546,1,not_baby,0.028871736775225323,0.9711282632247746,original,/mnt/d/INFANT CRY/Models_dbl/experiments/runs/20260821T164332Z_490383ff__exp_20260903T170029Z_e0883d24/candidates/stage1_logmel_small_cnn/seed_42/fold_1/attempt_1/model.keras,recorded_in_fold_manifest,20260821T164332Z_490383ff__exp_20260903T170029Z_e0883d24
rec_fea6ce593b3dbea2459d,/mnt/d/INFANT CRY/data_set_dbl_split/train/not_baby/3-170851-A-31.wav,not_baby,esc50_source:170851,1,not_baby,3.0631363354300856e-05,0.9999693686366457,original,/mnt/d/INFANT CRY/Models_dbl/experiments/runs/20260821T164332Z_490383ff__exp_20260903T170029Z_e0883d24/candidates/stage1_logmel_small_cnn/seed_42/fold_1/attempt_1/model.keras,recorded_in_fold_manifest,20260821T164332Z_490383ff__exp_20260903T170029Z_e0883d24
rec_b5ae4deae4906055e68c,/mnt/d/INFANT CRY/data_set_dbl_split/train/not_baby/3-172881-A-48.wav,not_baby,esc50_source:172881,1,not_baby,0.010575298180523149,0.9894247018194768,original,/mnt/d/INFANT CRY/Models_dbl/experiments/runs/20260821T164332Z_490383ff__exp_20260903T170029Z_e0883d24/candidates/stage1_logmel_small_cnn/seed_42/fold_1/attempt_1/model.keras,recorded_in_fold_manifest,20260821T164332Z_490383ff__exp_20260903T170029Z_e0883d24
rec_cbbbdba773e50330ab83,/mnt/d/INFANT CRY/data_set_dbl_split/train/not_baby/3-181132-A-14.wav,not_baby,esc50_source:181132,1,not_baby,0.09356970270298642,0.9064302972970135,original,/mnt/d/INFANT CRY/Models_dbl/experiments/runs/20260821T164332Z_490383ff__exp_20260903T170029Z_e0883d24/candidates/stage1_logmel_small_cnn/seed_42/fold_1/attempt_1/model.keras,recorded_in_fold_manifest,20260821T164332Z_490383ff__exp_20260903T170029Z_e0883d24
rec_b7828a0902bd62e6a2f5,/mnt/d/INFANT CRY/data_set_dbl_split/train/not_baby/3-182025-A-30.wav,not_baby,esc50_source:182025,1,not_baby,0.1309935917108296,0.8690064082891704,original,/mnt/d/INFANT CRY/Models_dbl/experiments/runs/20260821T164332Z_490383ff__exp_20260903T170029Z_e0883d24/candidates/stage1_logmel_small_cnn/seed_42/fold_1/attempt_1/model.keras,recorded_in_fold_manifest,20260821T164332Z_490383ff__exp_20260903T170029Z_e0883d24
rec_b563bad6214703d29b79,/mnt/d/INFANT CRY/data_set_dbl_split/train/not_baby/3-185313-A-31.wav,not_baby,esc50_source:185313,1,not_baby,0.0033409453937312747,0.9966590546062687,original,/mnt/d/INFANT CRY/Models_dbl/experiments/runs/20260821T164332Z_490383ff__exp_20260903T170029Z_e0883d24/candidates/stage1_logmel_small_cnn/seed_42/fold_1/attempt_1/model.keras,recorded_in_fold_manifest,20260821T164332Z_490383ff__exp_20260903T170029Z_e0883d24
rec_74471163c5cf08baa8d9,/mnt/d/INFANT CRY/data_set_dbl_split/train/not_baby/3-188726-A-35.wav,not_baby,esc50_source:188726,1,not_baby,0.008171750562667572,0.9918282494373324,original,/mnt/d/INFANT CRY/Models_dbl/experiments/runs/20260821T164332Z_490383ff__exp_20260903T170029Z_e0883d24/candidates/stage1_logmel_small_cnn/seed_42/fold_1/attempt_1/model.keras,recorded_in_fold_manifest,20260821T164332Z_490383ff__exp_20260903T170029Z_e0883d24
rec_83f230ff69bd10905c3b,/mnt/d/INFANT CRY/data_set_dbl_split/train/not_baby/3-193767-A-47.wav,not_baby,esc50_source:193767,1,not_baby,0.005820147157526335,0.9941798528424737,original,/mnt/d/INFANT CRY/Models_dbl/experiments/runs/20260821T164332Z_490383ff__exp_20260903T170029Z_e0883d24/candidates/stage1_logmel_small_cnn/seed_42/fold_1/attempt_1/model.keras,recorded_in_fold_manifest,20260821T164332Z_490383ff__exp_20260903T170029Z_e0883d24
rec_4e49e06bdd34913f8bc2,/mnt/d/INFANT CRY/data_set_dbl_split/train/not_baby/3-203377-A-39.wav,not_baby,esc50_source:203377,1,baby,0.620222110158864,0.37977788984113603,original,/mnt/d/INFANT CRY/Models_dbl/experiments/runs/20260821T164332Z_490383ff__exp_20260903T170029Z_e0883d24/candidates/stage1_logmel_small_cnn/seed_42/fold_1/attempt_1/model.keras,recorded_in_fold_manifest,20260821T164332Z_490383ff__exp_20260903T170029Z_e0883d24
rec_9b9c3477fa605d6d710a,/mnt/d/INFANT CRY/data_set_dbl_split/train/not_baby/3-20861-A-8.wav,not_baby,esc50_source:20861,1,not_baby,0.014922204357736437,0.9850777956422636,original,/mnt/d/INFANT CRY/Models_dbl/experiments/runs/20260821T164332Z_490383ff__exp_20260903T170029Z_e0883d24/candidates/stage1_logmel_small_cnn/seed_42/fold_1/attempt_1/model.keras,recorded_in_fold_manifest,20260821T164332Z_490383ff__exp_20260903T170029Z_e0883d24
rec_35c4edcff81ff294ea56,/mnt/d/INFANT CRY/data_set_dbl_split/train/not_baby/3-216281-A-39.wav,not_baby,esc50_source:216281,1,baby,0.5735794730907836,0.42642052690921645,original,/mnt/d/INFANT CRY/Models_dbl/experiments/runs/20260821T164332Z_490383ff__exp_20260903T170029Z_e0883d24/candidates/stage1_logmel_small_cnn/seed_42/fold_1/attempt_1/model.keras,recorded_in_fold_manifest,20260821T164332Z_490383ff__exp_20260903T170029Z_e0883d24
rec_314d4be5c798187b2a64,/mnt/d/INFANT CRY/data_set_dbl_split/train/not_baby/3-257858-A-2.wav,not_baby,esc50_source:257858,1,not_baby,0.02087668069329684,0.9791233193067032,original,/mnt/d/INFANT CRY/Models_dbl/experiments/runs/20260821T164332Z_490383ff__exp_20260903T170029Z_e0883d24/candidates/stage1_logmel_small_cnn/seed_42/fold_1/attempt_1/model.keras,recorded_in_fold_manifest,20260821T164332Z_490383ff__exp_20260903T170029Z_e0883d24
rec_f7dc55f15d84b1816378,/mnt/d/INFANT CRY/data_set_dbl_split/train/not_baby/3-51909-A-42.wav,not_baby,esc50_source:51909,1,not_baby,0.11187363999422997,0.88812636000577,original,/mnt/d/INFANT CRY/Models_dbl/experiments/runs/20260821T164332Z_490383ff__exp_20260903T170029Z_e0883d24/candidates/stage1_logmel_small_cnn/seed_42/fold_1/attempt_1/model.keras,recorded_in_fold_manifest,20260821T164332Z_490383ff__exp_20260903T170029Z_e0883d24
rec_4da08d7250369bcbca5d,/mnt/d/INFANT CRY/data_set_dbl_split/train/not_baby/3-51909-B-42.wav,not_baby,esc50_source:51909,1,not_baby,0.15295716313826277,0.8470428368617372,original,/mnt/d/INFANT CRY/Models_dbl/experiments/runs/20260821T164332Z_490383ff__exp_20260903T170029Z_e0883d24/candidates/stage1_logmel_small_cnn/seed_42/fold_1/attempt_1/model.keras,recorded_in_fold_manifest,20260821T164332Z_490383ff__exp_20260903T170029Z_e0883d24
rec_2f82d93cb934789c39d0,/mnt/d/INFANT CRY/data_set_dbl_split/train/not_baby/3-58772-A-42.wav,not_baby,esc50_source:58772,1,not_baby,0.049255957120718806,0.9507440428792812,original,/mnt/d/INFANT CRY/Models_dbl/experiments/runs/20260821T164332Z_490383ff__exp_20260903T170029Z_e0883d24/candidates/stage1_logmel_small_cnn/seed_42/fold_1/attempt_1/model.keras,recorded_in_fold_manifest,20260821T164332Z_490383ff__exp_20260903T170029Z_e0883d24
rec_946387d6f28b9a40addc,/mnt/d/INFANT CRY/data_set_dbl_split/train/not_baby/3-68630-A-40.wav,not_baby,esc50_source:68630,1,not_baby,0.002442577903845081,0.9975574220961549,original,/mnt/d/INFANT CRY/Models_dbl/experiments/runs/20260821T164332Z_490383ff__exp_20260903T170029Z_e0883d24/candidates/stage1_logmel_small_cnn/seed_42/fold_1/attempt_1/model.keras,recorded_in_fold_manifest,20260821T164332Z_490383ff__exp_20260903T170029Z_e0883d24
rec_5895a871d133bf4af47b,/mnt/d/INFANT CRY/data_set_dbl_split/train/not_baby/3-68630-B-40.wav,not_baby,esc50_source:68630,1,not_baby,0.005501319112349537,0.9944986808876505,original,/mnt/d/INFANT CRY/Models_dbl/experiments/runs/20260821T164332Z_490383ff__exp_20260903T170029Z_e0883d24/candidates/stage1_logmel_small_cnn/seed_42/fold_1/attempt_1/model.keras,recorded_in_fold_manifest,20260821T164332Z_490383ff__exp_20260903T170029Z_e0883d24
rec_2d63db7cee684016c304,/mnt/d/INFANT CRY/data_set_dbl_split/train/not_baby/3-68630-C-40.wav,not_baby,esc50_source:68630,1,not_baby,0.007620823939441588,0.9923791760605584,original,/mnt/d/INFANT CRY/Models_dbl/experiments/runs/20260821T164332Z_490383ff__exp_20260903T170029Z_e0883d24/candidates/stage1_logmel_small_cnn/seed_42/fold_1/attempt_1/model.keras,recorded_in_fold_manifest,20260821T164332Z_490383ff__exp_20260903T170029Z_e0883d24
rec_1b01f868ffa47af734e0,/mnt/d/INFANT CRY/data_set_dbl_split/train/not_baby/3-98193-A-46.wav,not_baby,esc50_source:98193,1,not_baby,0.1513447039029703,0.8486552960970297,original,/mnt/d/INFANT CRY/Models_dbl/experiments/runs/20260821T164332Z_490383ff__exp_20260903T170029Z_e0883d24/candidates/stage1_logmel_small_cnn/seed_42/fold_1/attempt_1/model.keras,recorded_in_fold_manifest,20260821T164332Z_490383ff__exp_20260903T170029Z_e0883d24
rec_e460b7a9b2a50dbea8af,/mnt/d/INFANT CRY/data_set_dbl_split/train/not_baby/4-125070-A-19.wav,not_baby,esc50_source:125070,1,not_baby,0.11421409568883122,0.8857859043111688,original,/mnt/d/INFANT CRY/Models_dbl/experiments/runs/20260821T164332Z_490383ff__exp_20260903T170029Z_e0883d24/candidates/stage1_logmel_small_cnn/seed_42/fold_1/attempt_1/model.keras,recorded_in_fold_manifest,20260821T164332Z_490383ff__exp_20260903T170029Z_e0883d24
rec_95f767c2e45dbf68ba2c,/mnt/d/INFANT CRY/data_set_dbl_split/train/not_baby/4-126532-A-18.wav,not_baby,esc50_source:126532,1,not_baby,0.018669219096420844,0.9813307809035792,original,/mnt/d/INFANT CRY/Models_dbl/experiments/runs/20260821T164332Z_490383ff__exp_20260903T170029Z_e0883d24/candidates/stage1_logmel_small_cnn/seed_42/fold_1/attempt_1/model.keras,recorded_in_fold_manifest,20260821T164332Z_490383ff__exp_20260903T170029Z_e0883d24
rec_2048b98f455efeb1664c,/mnt/d/INFANT CRY/data_set_dbl_split/train/not_baby/4-128659-A-33.wav,not_baby,esc50_source:128659,1,not_baby,0.004604470671275854,0.9953955293287241,original,/mnt/d/INFANT CRY/Models_dbl/experiments/runs/20260821T164332Z_490383ff__exp_20260903T170029Z_e0883d24/candidates/stage1_logmel_small_cnn/seed_42/fold_1/attempt_1/model.keras,recorded_in_fold_manifest,20260821T164332Z_490383ff__exp_20260903T170029Z_e0883d24
rec_9611d59701987a2fa7e4,/mnt/d/INFANT CRY/data_set_dbl_split/train/not_baby/4-132383-A-2.wav,not_baby,esc50_source:132383,1,not_baby,0.008328001604944402,0.9916719983950556,original,/mnt/d/INFANT CRY/Models_dbl/experiments/runs/20260821T164332Z_490383ff__exp_20260903T170029Z_e0883d24/candidates/stage1_logmel_small_cnn/seed_42/fold_1/attempt_1/model.keras,recorded_in_fold_manifest,20260821T164332Z_490383ff__exp_20260903T170029Z_e0883d24
rec_3de95d27480c1e3a46cc,/mnt/d/INFANT CRY/data_set_dbl_split/train/not_baby/4-132383-B-2.wav,not_baby,esc50_source:132383,1,not_baby,0.14278948307037354,0.8572105169296265,original,/mnt/d/INFANT CRY/Models_dbl/experiments/runs/20260821T164332Z_490383ff__exp_20260903T170029Z_e0883d24/candidates/stage1_logmel_small_cnn/seed_42/fold_1/attempt_1/model.keras,recorded_in_fold_manifest,20260821T164332Z_490383ff__exp_20260903T170029Z_e0883d24
rec_a2fb9930f875dc14ed46,/mnt/d/INFANT CRY/data_set_dbl_split/train/not_baby/4-141365-A-18.wav,not_baby,esc50_source:141365,1,not_baby,0.03529072736974874,0.9647092726302513,original,/mnt/d/INFANT CRY/Models_dbl/experiments/runs/20260821T164332Z_490383ff__exp_20260903T170029Z_e0883d24/candidates/stage1_logmel_small_cnn/seed_42/fold_1/attempt_1/model.keras,recorded_in_fold_manifest,20260821T164332Z_490383ff__exp_20260903T170029Z_e0883d24
rec_3ee03e87ff7889119e7e,/mnt/d/INFANT CRY/data_set_dbl_split/train/not_baby/4-156227-A-9.wav,not_baby,esc50_source:156227,1,not_baby,0.011168121370643491,0.9888318786293565,original,/mnt/d/INFANT CRY/Models_dbl/experiments/runs/20260821T164332Z_490383ff__exp_20260903T170029Z_e0883d24/candidates/stage1_logmel_small_cnn/seed_42/fold_1/attempt_1/model.keras,recorded_in_fold_manifest,20260821T164332Z_490383ff__exp_20260903T170029Z_e0883d24
rec_d52142b3d73694211f9a,/mnt/d/INFANT CRY/data_set_dbl_split/train/not_baby/4-156844-A-21.wav,not_baby,esc50_source:156844,1,not_baby,0.023225878039677243,0.9767741219603228,original,/mnt/d/INFANT CRY/Models_dbl/experiments/runs/20260821T164332Z_490383ff__exp_20260903T170029Z_e0883d24/candidates/stage1_logmel_small_cnn/seed_42/fold_1/attempt_1/model.keras,recorded_in_fold_manifest,20260821T164332Z_490383ff__exp_20260903T170029Z_e0883d24
rec_0482a9ae05790178487f,/mnt/d/INFANT CRY/data_set_dbl_split/train/not_baby/4-156993-A-19.wav,not_baby,esc50_source:156993,1,not_baby,0.039087710434930895,0.9609122895650691,original,/mnt/d/INFANT CRY/Models_dbl/experiments/runs/20260821T164332Z_490383ff__exp_20260903T170029Z_e0883d24/candidates/stage1_logmel_small_cnn/seed_42/fold_1/attempt_1/model.keras,recorded_in_fold_manifest,20260821T164332Z_490383ff__exp_20260903T170029Z_e0883d24
rec_5e83bcd97bf6afde0809,/mnt/d/INFANT CRY/data_set_dbl_split/train/not_baby/4-161100-A-47.wav,not_baby,esc50_source:161100,1,not_baby,0.01014848346591684,0.9898515165340832,original,/mnt/d/INFANT CRY/Models_dbl/experiments/runs/20260821T164332Z_490383ff__exp_20260903T170029Z_e0883d24/candidates/stage1_logmel_small_cnn/seed_42/fold_1/attempt_1/model.keras,recorded_in_fold_manifest,20260821T164332Z_490383ff__exp_20260903T170029Z_e0883d24
rec_7e7c745288728e89493b,/mnt/d/INFANT CRY/data_set_dbl_split/train/not_baby/4-165606-A-45.wav,not_baby,esc50_source:165606,1,not_baby,0.009842553722311504,0.9901574462776885,original,/mnt/d/INFANT CRY/Models_dbl/experiments/runs/20260821T164332Z_490383ff__exp_20260903T170029Z_e0883d24/candidates/stage1_logmel_small_cnn/seed_42/fold_1/attempt_1/model.keras,recorded_in_fold_manifest,20260821T164332Z_490383ff__exp_20260903T170029Z_e0883d24
rec_fc8c59152bc5207c408d,/mnt/d/INFANT CRY/data_set_dbl_split/train/not_baby/4-165845-A-45.wav,not_baby,esc50_source:165845,1,not_baby,0.007916439413090491,0.9920835605869095,original,/mnt/d/INFANT CRY/Models_dbl/experiments/runs/20260821T164332Z_490383ff__exp_20260903T170029Z_e0883d24/candidates/stage1_logmel_small_cnn/seed_42/fold_1/attempt_1/model.keras,recorded_in_fold_manifest,20260821T164332Z_490383ff__exp_20260903T170029Z_e0883d24
rec_54900be847851a1d6638,/mnt/d/INFANT CRY/data_set_dbl_split/train/not_baby/4-165845-B-45.wav,not_baby,esc50_source:165845,1,not_baby,0.017213956069625544,0.9827860439303745,original,/mnt/d/INFANT CRY/Models_dbl/experiments/runs/20260821T164332Z_490383ff__exp_20260903T170029Z_e0883d24/candidates/stage1_logmel_small_cnn/seed_42/fold_1/attempt_1/model.keras,recorded_in_fold_manifest,20260821T164332Z_490383ff__exp_20260903T170029Z_e0883d24
rec_ff9264d36c179fe49c7e,/mnt/d/INFANT CRY/data_set_dbl_split/train/not_baby/4-168446-A-45.wav,not_baby,esc50_source:168446,1,not_baby,0.012023891019965469,0.9879761089800345,original,/mnt/d/INFANT CRY/Models_dbl/experiments/runs/20260821T164332Z_490383ff__exp_20260903T170029Z_e0883d24/candidates/stage1_logmel_small_cnn/seed_42/fold_1/attempt_1/model.keras,recorded_in_fold_manifest,20260821T164332Z_490383ff__exp_20260903T170029Z_e0883d24
rec_07792229db86c173f151,/mnt/d/INFANT CRY/data_set_dbl_split/train/not_baby/4-171652-A-44.wav,not_baby,esc50_source:171652,1,not_baby,0.006686713770704061,0.9933132862292959,original,/mnt/d/INFANT CRY/Models_dbl/experiments/runs/20260821T164332Z_490383ff__exp_20260903T170029Z_e0883d24/candidates/stage1_logmel_small_cnn/seed_42/fold_1/attempt_1/model.keras,recorded_in_fold_manifest,20260821T164332Z_490383ff__exp_20260903T170029Z_e0883d24
rec_f9c3543c8b543e07af4d,/mnt/d/INFANT CRY/data_set_dbl_split/train/not_baby/4-172366-A-37.wav,not_baby,esc50_source:172366,1,not_baby,0.10552777155261041,0.8944722284473896,original,/mnt/d/INFANT CRY/Models_dbl/experiments/runs/20260821T164332Z_490383ff__exp_20260903T170029Z_e0883d24/candidates/stage1_logmel_small_cnn/seed_42/fold_1/attempt_1/model.keras,recorded_in_fold_manifest,20260821T164332Z_490383ff__exp_20260903T170029Z_e0883d24
rec_e59ca153b7be581d1ea5,/mnt/d/INFANT CRY/data_set_dbl_split/train/not_baby/4-172377-A-17.wav,not_baby,esc50_source:172377,1,not_baby,0.09351515769958496,0.906484842300415,original,/mnt/d/INFANT CRY/Models_dbl/experiments/runs/20260821T164332Z_490383ff__exp_20260903T170029Z_e0883d24/candidates/stage1_logmel_small_cnn/seed_42/fold_1/attempt_1/model.keras,recorded_in_fold_manifest,20260821T164332Z_490383ff__exp_20260903T170029Z_e0883d24
rec_f8372839b2a00b6289c0,/mnt/d/INFANT CRY/data_set_dbl_split/train/not_baby/4-175025-A-34.wav,not_baby,esc50_source:175025,1,not_baby,0.19210666418075562,0.8078933358192444,original,/mnt/d/INFANT CRY/Models_dbl/experiments/runs/20260821T164332Z_490383ff__exp_20260903T170029Z_e0883d24/candidates/stage1_logmel_small_cnn/seed_42/fold_1/attempt_1/model.keras,recorded_in_fold_manifest,20260821T164332Z_490383ff__exp_20260903T170029Z_e0883d24
rec_040594880bdb1f67b130,/mnt/d/INFANT CRY/data_set_dbl_split/train/not_baby/4-176631-A-43.wav,not_baby,esc50_source:176631,1,not_baby,0.009638912903972618,0.9903610870960273,original,/mnt/d/INFANT CRY/Models_dbl/experiments/runs/20260821T164332Z_490383ff__exp_20260903T170029Z_e0883d24/candidates/stage1_logmel_small_cnn/seed_42/fold_1/attempt_1/model.keras,recorded_in_fold_manifest,20260821T164332Z_490383ff__exp_20260903T170029Z_e0883d24
rec_d710c64a20d393fb78be,/mnt/d/INFANT CRY/data_set_dbl_split/train/not_baby/4-177835-A-24.wav,not_baby,esc50_source:177835,1,baby,0.6407757997512817,0.35922420024871826,original,/mnt/d/INFANT CRY/Models_dbl/experiments/runs/20260821T164332Z_490383ff__exp_20260903T170029Z_e0883d24/candidates/stage1_logmel_small_cnn/seed_42/fold_1/attempt_1/model.keras,recorded_in_fold_manifest,20260821T164332Z_490383ff__exp_20260903T170029Z_e0883d24
rec_3855ae718e11039796e1,/mnt/d/INFANT CRY/data_set_dbl_split/train/not_baby/4-181708-A-32.wav,not_baby,esc50_source:181708,1,not_baby,0.001678256022455218,0.9983217439775448,original,/mnt/d/INFANT CRY/Models_dbl/experiments/runs/20260821T164332Z_490383ff__exp_20260903T170029Z_e0883d24/candidates/stage1_logmel_small_cnn/seed_42/fold_1/attempt_1/model.keras,recorded_in_fold_manifest,20260821T164332Z_490383ff__exp_20260903T170029Z_e0883d24
rec_8aa8129182edab78171d,/mnt/d/INFANT CRY/data_set_dbl_split/train/not_baby/4-181999-A-36.wav,not_baby,esc50_source:181999,1,not_baby,0.025671845158533126,0.9743281548414668,original,/mnt/d/INFANT CRY/Models_dbl/experiments/runs/20260821T164332Z_490383ff__exp_20260903T170029Z_e0883d24/candidates/stage1_logmel_small_cnn/seed_42/fold_1/attempt_1/model.keras,recorded_in_fold_manifest,20260821T164332Z_490383ff__exp_20260903T170029Z_e0883d24
rec_fe77585a9a8f025f9584,/mnt/d/INFANT CRY/data_set_dbl_split/train/not_baby/4-182041-A-30.wav,not_baby,esc50_source:182041,1,not_baby,0.1874338984489441,0.8125661015510559,original,/mnt/d/INFANT CRY/Models_dbl/experiments/runs/20260821T164332Z_490383ff__exp_20260903T170029Z_e0883d24/candidates/stage1_logmel_small_cnn/seed_42/fold_1/attempt_1/model.keras,recorded_in_fold_manifest,20260821T164332Z_490383ff__exp_20260903T170029Z_e0883d24
rec_08fd1c7b4f4fb738131c,/mnt/d/INFANT CRY/data_set_dbl_split/train/not_baby/4-182613-A-11.wav,not_baby,esc50_source:182613,1,not_baby,0.009885851846217281,0.9901141481537827,original,/mnt/d/INFANT CRY/Models_dbl/experiments/runs/20260821T164332Z_490383ff__exp_20260903T170029Z_e0883d24/candidates/stage1_logmel_small_cnn/seed_42/fold_1/attempt_1/model.keras,recorded_in_fold_manifest,20260821T164332Z_490383ff__exp_20260903T170029Z_e0883d24
rec_193aefe4b372ba881c36,/mnt/d/INFANT CRY/data_set_dbl_split/train/not_baby/4-182613-B-11.wav,not_baby,esc50_source:182613,1,not_baby,0.011190740999846746,0.9888092590001533,original,/mnt/d/INFANT CRY/Models_dbl/experiments/runs/20260821T164332Z_490383ff__exp_20260903T170029Z_e0883d24/candidates/stage1_logmel_small_cnn/seed_42/fold_1/attempt_1/model.keras,recorded_in_fold_manifest,20260821T164332Z_490383ff__exp_20260903T170029Z_e0883d24
rec_b12501c89c39c40fdd58,/mnt/d/INFANT CRY/data_set_dbl_split/train/not_baby/4-183992-A-0.wav,not_baby,esc50_source:183992,1,not_baby,0.04564473252444493,0.9543552674755551,original,/mnt/d/INFANT CRY/Models_dbl/experiments/runs/20260821T164332Z_490383ff__exp_20260903T170029Z_e0883d24/candidates/stage1_logmel_small_cnn/seed_42/fold_1/attempt_1/model.keras,recorded_in_fold_manifest,20260821T164332Z_490383ff__exp_20260903T170029Z_e0883d24
rec_3c1d614c8ad5bceec5ed,/mnt/d/INFANT CRY/data_set_dbl_split/train/not_baby/4-185613-A-32.wav,not_baby,esc50_source:185613,1,not_baby,0.002956803434813037,0.9970431965651869,original,/mnt/d/INFANT CRY/Models_dbl/experiments/runs/20260821T164332Z_490383ff__exp_20260903T170029Z_e0883d24/candidates/stage1_logmel_small_cnn/seed_42/fold_1/attempt_1/model.keras,recorded_in_fold_manifest,20260821T164332Z_490383ff__exp_20260903T170029Z_e0883d24
rec_d5ce87dc22c3c5cd9d7d,/mnt/d/INFANT CRY/data_set_dbl_split/train/not_baby/4-186935-A-44.wav,not_baby,esc50_source:186935,1,not_baby,0.0061112776504703556,0.9938887223495296,original,/mnt/d/INFANT CRY/Models_dbl/experiments/runs/20260821T164332Z_490383ff__exp_20260903T170029Z_e0883d24/candidates/stage1_logmel_small_cnn/seed_42/fold_1/attempt_1/model.keras,recorded_in_fold_manifest,20260821T164332Z_490383ff__exp_20260903T170029Z_e0883d24
rec_2434789f14d352f37e69,/mnt/d/INFANT CRY/data_set_dbl_split/train/not_baby/4-186940-A-44.wav,not_baby,esc50_source:186940,1,not_baby,0.006090217409480828,0.9939097825905192,original,/mnt/d/INFANT CRY/Models_dbl/experiments/runs/20260821T164332Z_490383ff__exp_20260903T170029Z_e0883d24/candidates/stage1_logmel_small_cnn/seed_42/fold_1/attempt_1/model.keras,recorded_in_fold_manifest,20260821T164332Z_490383ff__exp_20260903T170029Z_e0883d24
rec_87a010fcfd6fe656e6a6,/mnt/d/INFANT CRY/data_set_dbl_split/train/not_baby/4-188003-A-34.wav,not_baby,esc50_source:188003,1,not_baby,0.19602067476480195,0.8039793252351981,original,/mnt/d/INFANT CRY/Models_dbl/experiments/runs/20260821T164332Z_490383ff__exp_20260903T170029Z_e0883d24/candidates/stage1_logmel_small_cnn/seed_42/fold_1/attempt_1/model.keras,recorded_in_fold_manifest,20260821T164332Z_490383ff__exp_20260903T170029Z_e0883d24
rec_cbca81d5f2fcca109fe2,/mnt/d/INFANT CRY/data_set_dbl_split/train/not_baby/4-189828-A-22.wav,not_baby,esc50_source:189828,1,not_baby,0.026335439987433554,0.9736645600125664,original,/mnt/d/INFANT CRY/Models_dbl/experiments/runs/20260821T164332Z_490383ff__exp_20260903T170029Z_e0883d24/candidates/stage1_logmel_small_cnn/seed_42/fold_1/attempt_1/model.keras,recorded_in_fold_manifest,20260821T164332Z_490383ff__exp_20260903T170029Z_e0883d24
rec_9921c2ab1d6961be9266,/mnt/d/INFANT CRY/data_set_dbl_split/train/not_baby/4-189838-A-22.wav,not_baby,esc50_source:189838,1,not_baby,0.009118151197119019,0.990881848802881,original,/mnt/d/INFANT CRY/Models_dbl/experiments/runs/20260821T164332Z_490383ff__exp_20260903T170029Z_e0883d24/candidates/stage1_logmel_small_cnn/seed_42/fold_1/attempt_1/model.keras,recorded_in_fold_manifest,20260821T164332Z_490383ff__exp_20260903T170029Z_e0883d24
rec_ffed934911e330513e61,/mnt/d/INFANT CRY/data_set_dbl_split/train/not_baby/4-191687-A-0.wav,not_baby,esc50_source:191687,1,not_baby,0.0528052798272556,0.9471947201727444,original,/mnt/d/INFANT CRY/Models_dbl/experiments/runs/20260821T164332Z_490383ff__exp_20260903T170029Z_e0883d24/candidates/stage1_logmel_small_cnn/seed_42/fold_1/attempt_1/model.keras,recorded_in_fold_manifest,20260821T164332Z_490383ff__exp_20260903T170029Z_e0883d24
rec_c1c09f87a1e6a37fc327,/mnt/d/INFANT CRY/data_set_dbl_split/train/not_baby/4-192068-A-31.wav,not_baby,esc50_source:192068,1,not_baby,0.0020111116020862384,0.9979888883979138,original,/mnt/d/INFANT CRY/Models_dbl/experiments/runs/20260821T164332Z_490383ff__exp_20260903T170029Z_e0883d24/candidates/stage1_logmel_small_cnn/seed_42/fold_1/attempt_1/model.keras,recorded_in_fold_manifest,20260821T164332Z_490383ff__exp_20260903T170029Z_e0883d24
rec_93b0855907a1f26851b6,/mnt/d/INFANT CRY/data_set_dbl_split/train/not_baby/4-195805-A-13.wav,not_baby,esc50_source:195805,1,not_baby,0.03230419466159987,0.9676958053384002,original,/mnt/d/INFANT CRY/Models_dbl/experiments/runs/20260821T164332Z_490383ff__exp_20260903T170029Z_e0883d24/candidates/stage1_logmel_small_cnn/seed_42/fold_1/attempt_1/model.keras,recorded_in_fold_manifest,20260821T164332Z_490383ff__exp_20260903T170029Z_e0883d24
rec_80cc4552ebebb88de4cc,/mnt/d/INFANT CRY/data_set_dbl_split/train/not_baby/4-198841-A-37.wav,not_baby,esc50_source:198841,1,not_baby,0.04938390644064232,0.9506160935593577,original,/mnt/d/INFANT CRY/Models_dbl/experiments/runs/20260821T164332Z_490383ff__exp_20260903T170029Z_e0883d24/candidates/stage1_logmel_small_cnn/seed_42/fold_1/attempt_1/model.keras,recorded_in_fold_manifest,20260821T164332Z_490383ff__exp_20260903T170029Z_e0883d24
rec_9882972a53cb7c67b542,/mnt/d/INFANT CRY/data_set_dbl_split/train/not_baby/4-198965-A-38.wav,not_baby,esc50_source:198965,1,not_baby,0.00904113846486784,0.9909588615351321,original,/mnt/d/INFANT CRY/Models_dbl/experiments/runs/20260821T164332Z_490383ff__exp_20260903T170029Z_e0883d24/candidates/stage1_logmel_small_cnn/seed_42/fold_1/attempt_1/model.keras,recorded_in_fold_manifest,20260821T164332Z_490383ff__exp_20260903T170029Z_e0883d24
rec_eb35188bfb303f846868,/mnt/d/INFANT CRY/data_set_dbl_split/train/not_baby/4-201988-A-44.wav,not_baby,esc50_source:201988,1,not_baby,0.007781555946828053,0.9922184440531719,original,/mnt/d/INFANT CRY/Models_dbl/experiments/runs/20260821T164332Z_490383ff__exp_20260903T170029Z_e0883d24/candidates/stage1_logmel_small_cnn/seed_42/fold_1/attempt_1/model.keras,recorded_in_fold_manifest,20260821T164332Z_490383ff__exp_20260903T170029Z_e0883d24
rec_766b69f9c17c2f5dda38,/mnt/d/INFANT CRY/data_set_dbl_split/train/not_baby/4-204119-A-39.wav,not_baby,esc50_source:204119,1,not_baby,0.48613515413613045,0.5138648458638695,original,/mnt/d/INFANT CRY/Models_dbl/experiments/runs/20260821T164332Z_490383ff__exp_20260903T170029Z_e0883d24/candidates/stage1_logmel_small_cnn/seed_42/fold_1/attempt_1/model.keras,recorded_in_fold_manifest,20260821T164332Z_490383ff__exp_20260903T170029Z_e0883d24
rec_4e10bbe257ff044cd6d3,/mnt/d/INFANT CRY/data_set_dbl_split/train/not_baby/4-204123-A-39.wav,not_baby,esc50_source:204123,1,baby,0.616617166005542,0.3833828339944581,original,/mnt/d/INFANT CRY/Models_dbl/experiments/runs/20260821T164332Z_490383ff__exp_20260903T170029Z_e0883d24/candidates/stage1_logmel_small_cnn/seed_42/fold_1/attempt_1/model.keras,recorded_in_fold_manifest,20260821T164332Z_490383ff__exp_20260903T170029Z_e0883d24
rec_9a27acf379a904a13c2e,/mnt/d/INFANT CRY/data_set_dbl_split/train/not_baby/4-204777-A-39.wav,not_baby,esc50_source:204777,1,not_baby,0.02122127771661327,0.9787787222833867,original,/mnt/d/INFANT CRY/Models_dbl/experiments/runs/20260821T164332Z_490383ff__exp_20260903T170029Z_e0883d24/candidates/stage1_logmel_small_cnn/seed_42/fold_1/attempt_1/model.keras,recorded_in_fold_manifest,20260821T164332Z_490383ff__exp_20260903T170029Z_e0883d24
rec_63e0f0787264f5cd9eed,/mnt/d/INFANT CRY/data_set_dbl_split/train/not_baby/4-204777-B-39.wav,not_baby,esc50_source:204777,1,not_baby,0.02828753163144181,0.9717124683685582,original,/mnt/d/INFANT CRY/Models_dbl/experiments/runs/20260821T164332Z_490383ff__exp_20260903T170029Z_e0883d24/candidates/stage1_logmel_small_cnn/seed_42/fold_1/attempt_1/model.keras,recorded_in_fold_manifest,20260821T164332Z_490383ff__exp_20260903T170029Z_e0883d24
rec_76736e4b18e836525e79,/mnt/d/INFANT CRY/data_set_dbl_split/train/not_baby/4-204777-C-39.wav,not_baby,esc50_source:204777,1,not_baby,0.043489919731881634,0.9565100802681183,original,/mnt/d/INFANT CRY/Models_dbl/experiments/runs/20260821T164332Z_490383ff__exp_20260903T170029Z_e0883d24/candidates/stage1_logmel_small_cnn/seed_42/fold_1/attempt_1/model.keras,recorded_in_fold_manifest,20260821T164332Z_490383ff__exp_20260903T170029Z_e0883d24
rec_06cd9016f467f593798e,/mnt/d/INFANT CRY/data_set_dbl_split/train/not_baby/4-205526-A-23.wav,not_baby,esc50_source:205526,1,not_baby,0.0792343273473653,0.9207656726526348,original,/mnt/d/INFANT CRY/Models_dbl/experiments/runs/20260821T164332Z_490383ff__exp_20260903T170029Z_e0883d24/candidates/stage1_logmel_small_cnn/seed_42/fold_1/attempt_1/model.keras,recorded_in_fold_manifest,20260821T164332Z_490383ff__exp_20260903T170029Z_e0883d24
rec_2bae58fab6256a572199,/mnt/d/INFANT CRY/data_set_dbl_split/train/not_baby/4-205526-B-23.wav,not_baby,esc50_source:205526,1,not_baby,0.0615093426645395,0.9384906573354606,original,/mnt/d/INFANT CRY/Models_dbl/experiments/runs/20260821T164332Z_490383ff__exp_20260903T170029Z_e0883d24/candidates/stage1_logmel_small_cnn/seed_42/fold_1/attempt_1/model.keras,recorded_in_fold_manifest,20260821T164332Z_490383ff__exp_20260903T170029Z_e0883d24
rec_f79982a8ddbfdfce59cb,/mnt/d/INFANT CRY/data_set_dbl_split/train/not_baby/4-253649-A-6.wav,not_baby,esc50_source:253649,1,not_baby,0.4216081844801793,0.5783918155198208,original,/mnt/d/INFANT CRY/Models_dbl/experiments/runs/20260821T164332Z_490383ff__exp_20260903T170029Z_e0883d24/candidates/stage1_logmel_small_cnn/seed_42/fold_1/attempt_1/model.keras,recorded_in_fold_manifest,20260821T164332Z_490383ff__exp_20260903T170029Z_e0883d24
rec_09c7d0f04445a4db9f25,/mnt/d/INFANT CRY/data_set_dbl_split/train/not_baby/4-67358-A-42.wav,not_baby,esc50_source:67358,1,not_baby,0.46753682292888094,0.532463177071119,original,/mnt/d/INFANT CRY/Models_dbl/experiments/runs/20260821T164332Z_490383ff__exp_20260903T170029Z_e0883d24/candidates/stage1_logmel_small_cnn/seed_42/fold_1/attempt_1/model.keras,recorded_in_fold_manifest,20260821T164332Z_490383ff__exp_20260903T170029Z_e0883d24
rec_057f3affbfa9fc792533,/mnt/d/INFANT CRY/data_set_dbl_split/train/not_baby/4-80761-A-42.wav,not_baby,esc50_source:80761,1,not_baby,0.08743355618641278,0.9125664438135872,original,/mnt/d/INFANT CRY/Models_dbl/experiments/runs/20260821T164332Z_490383ff__exp_20260903T170029Z_e0883d24/candidates/stage1_logmel_small_cnn/seed_42/fold_1/attempt_1/model.keras,recorded_in_fold_manifest,20260821T164332Z_490383ff__exp_20260903T170029Z_e0883d24
rec_33631efb86c8d9588422,/mnt/d/INFANT CRY/data_set_dbl_split/train/not_baby/5-117122-A-42.wav,not_baby,esc50_source:117122,1,baby,0.5774264851891833,0.4225735148108168,original,/mnt/d/INFANT CRY/Models_dbl/experiments/runs/20260821T164332Z_490383ff__exp_20260903T170029Z_e0883d24/candidates/stage1_logmel_small_cnn/seed_42/fold_1/attempt_1/model.keras,recorded_in_fold_manifest,20260821T164332Z_490383ff__exp_20260903T170029Z_e0883d24
rec_815cb9ea4633c27a4827,/mnt/d/INFANT CRY/data_set_dbl_split/train/not_baby/5-160551-A-42.wav,not_baby,esc50_source:160551,1,not_baby,0.08365492148749881,0.9163450785125011,original,/mnt/d/INFANT CRY/Models_dbl/experiments/runs/20260821T164332Z_490383ff__exp_20260903T170029Z_e0883d24/candidates/stage1_logmel_small_cnn/seed_42/fold_1/attempt_1/model.keras,recorded_in_fold_manifest,20260821T164332Z_490383ff__exp_20260903T170029Z_e0883d24
rec_2bd139976b96053ecd2f,/mnt/d/INFANT CRY/data_set_dbl_split/train/not_baby/5-169983-A-5.wav,not_baby,esc50_source:169983,1,not_baby,0.11567585342639466,0.8843241465736054,original,/mnt/d/INFANT CRY/Models_dbl/experiments/runs/20260821T164332Z_490383ff__exp_20260903T170029Z_e0883d24/candidates/stage1_logmel_small_cnn/seed_42/fold_1/attempt_1/model.keras,recorded_in_fold_manifest,20260821T164332Z_490383ff__exp_20260903T170029Z_e0883d24
rec_13e85599374bc87581b8,/mnt/d/INFANT CRY/data_set_dbl_split/train/not_baby/5-171118-A-26.wav,not_baby,esc50_source:171118,1,not_baby,0.1025535598016745,0.8974464401983255,original,/mnt/d/INFANT CRY/Models_dbl/experiments/runs/20260821T164332Z_490383ff__exp_20260903T170029Z_e0883d24/candidates/stage1_logmel_small_cnn/seed_42/fold_1/attempt_1/model.keras,recorded_in_fold_manifest,20260821T164332Z_490383ff__exp_20260903T170029Z_e0883d24
rec_60e19379e26e370a04b0,/mnt/d/INFANT CRY/data_set_dbl_split/train/not_baby/5-179294-A-46.wav,not_baby,esc50_source:179294,1,not_baby,0.005451973084857575,0.9945480269151424,original,/mnt/d/INFANT CRY/Models_dbl/experiments/runs/20260821T164332Z_490383ff__exp_20260903T170029Z_e0883d24/candidates/stage1_logmel_small_cnn/seed_42/fold_1/attempt_1/model.keras,recorded_in_fold_manifest,20260821T164332Z_490383ff__exp_20260903T170029Z_e0883d24
rec_68a8a85ad3a130251a41,/mnt/d/INFANT CRY/data_set_dbl_split/train/not_baby/5-179860-A-43.wav,not_baby,esc50_source:179860,1,not_baby,0.48501029521288247,0.5149897047871175,original,/mnt/d/INFANT CRY/Models_dbl/experiments/runs/20260821T164332Z_490383ff__exp_20260903T170029Z_e0883d24/candidates/stage1_logmel_small_cnn/seed_42/fold_1/attempt_1/model.keras,recorded_in_fold_manifest,20260821T164332Z_490383ff__exp_20260903T170029Z_e0883d24
rec_071ee1c7e1e6d7fc858c,/mnt/d/INFANT CRY/data_set_dbl_split/train/not_baby/5-179865-A-43.wav,not_baby,esc50_source:179865,1,not_baby,0.22036246122009936,0.7796375387799006,original,/mnt/d/INFANT CRY/Models_dbl/experiments/runs/20260821T164332Z_490383ff__exp_20260903T170029Z_e0883d24/candidates/stage1_logmel_small_cnn/seed_42/fold_1/attempt_1/model.keras,recorded_in_fold_manifest,20260821T164332Z_490383ff__exp_20260903T170029Z_e0883d24
rec_8796c759650d1e9dbdd7,/mnt/d/INFANT CRY/data_set_dbl_split/train/not_baby/5-180156-A-43.wav,not_baby,esc50_source:180156,1,not_baby,0.009549364020703851,0.9904506359792962,original,/mnt/d/INFANT CRY/Models_dbl/experiments/runs/20260821T164332Z_490383ff__exp_20260903T170029Z_e0883d24/candidates/stage1_logmel_small_cnn/seed_42/fold_1/attempt_1/model.keras,recorded_in_fold_manifest,20260821T164332Z_490383ff__exp_20260903T170029Z_e0883d24
rec_8ae8d01bd66c2eff3c12,/mnt/d/INFANT CRY/data_set_dbl_split/train/not_baby/5-180156-B-43.wav,not_baby,esc50_source:180156,1,not_baby,0.01463844594422476,0.9853615540557752,original,/mnt/d/INFANT CRY/Models_dbl/experiments/runs/20260821T164332Z_490383ff__exp_20260903T170029Z_e0883d24/candidates/stage1_logmel_small_cnn/seed_42/fold_1/attempt_1/model.keras,recorded_in_fold_manifest,20260821T164332Z_490383ff__exp_20260903T170029Z_e0883d24
rec_9fb771f627109c95343e,/mnt/d/INFANT CRY/data_set_dbl_split/train/not_baby/5-180156-C-43.wav,not_baby,esc50_source:180156,1,not_baby,0.01060985349890554,0.9893901465010945,original,/mnt/d/INFANT CRY/Models_dbl/experiments/runs/20260821T164332Z_490383ff__exp_20260903T170029Z_e0883d24/candidates/stage1_logmel_small_cnn/seed_42/fold_1/attempt_1/model.keras,recorded_in_fold_manifest,20260821T164332Z_490383ff__exp_20260903T170029Z_e0883d24
rec_dca24cd2ee83351fac6e,/mnt/d/INFANT CRY/data_set_dbl_split/train/not_baby/5-188365-A-36.wav,not_baby,esc50_source:188365,1,not_baby,0.023184859126242217,0.9768151408737578,original,/mnt/d/INFANT CRY/Models_dbl/experiments/runs/20260821T164332Z_490383ff__exp_20260903T170029Z_e0883d24/candidates/stage1_logmel_small_cnn/seed_42/fold_1/attempt_1/model.keras,recorded_in_fold_manifest,20260821T164332Z_490383ff__exp_20260903T170029Z_e0883d24
rec_5da766856a50ce50d8d9,/mnt/d/INFANT CRY/data_set_dbl_split/train/not_baby/5-194932-A-7.wav,not_baby,esc50_source:194932,1,not_baby,0.2109676246777605,0.7890323753222395,original,/mnt/d/INFANT CRY/Models_dbl/experiments/runs/20260821T164332Z_490383ff__exp_20260903T170029Z_e0883d24/candidates/stage1_logmel_small_cnn/seed_42/fold_1/attempt_1/model.keras,recorded_in_fold_manifest,20260821T164332Z_490383ff__exp_20260903T170029Z_e0883d24
rec_479b9cbd7122dcdb9fd7,/mnt/d/INFANT CRY/data_set_dbl_split/train/not_baby/5-195518-A-7.wav,not_baby,esc50_source:195518,1,not_baby,0.18364793062210083,0.8163520693778992,original,/mnt/d/INFANT CRY/Models_dbl/experiments/runs/20260821T164332Z_490383ff__exp_20260903T170029Z_e0883d24/candidates/stage1_logmel_small_cnn/seed_42/fold_1/attempt_1/model.keras,recorded_in_fold_manifest,20260821T164332Z_490383ff__exp_20260903T170029Z_e0883d24
rec_3e1b194e7d6c886f59c0,/mnt/d/INFANT CRY/data_set_dbl_split/train/not_baby/5-197913-A-18.wav,not_baby,esc50_source:197913,1,not_baby,0.021370562390533157,0.9786294376094669,original,/mnt/d/INFANT CRY/Models_dbl/experiments/runs/20260821T164332Z_490383ff__exp_20260903T170029Z_e0883d24/candidates/stage1_logmel_small_cnn/seed_42/fold_1/attempt_1/model.keras,recorded_in_fold_manifest,20260821T164332Z_490383ff__exp_20260903T170029Z_e0883d24
rec_1f1cd8661971043fc402,/mnt/d/INFANT CRY/data_set_dbl_split/train/not_baby/5-201274-A-21.wav,not_baby,esc50_source:201274,1,baby,0.6606347757767074,0.33936522422329257,original,/mnt/d/INFANT CRY/Models_dbl/experiments/runs/20260821T164332Z_490383ff__exp_20260903T170029Z_e0883d24/candidates/stage1_logmel_small_cnn/seed_42/fold_1/attempt_1/model.keras,recorded_in_fold_manifest,20260821T164332Z_490383ff__exp_20260903T170029Z_e0883d24
rec_9e9e2b4fec92c2647d44,/mnt/d/INFANT CRY/data_set_dbl_split/train/not_baby/5-202898-A-10.wav,not_baby,esc50_source:202898,1,not_baby,0.010785843617353788,0.9892141563826462,original,/mnt/d/INFANT CRY/Models_dbl/experiments/runs/20260821T164332Z_490383ff__exp_20260903T170029Z_e0883d24/candidates/stage1_logmel_small_cnn/seed_42/fold_1/attempt_1/model.keras,recorded_in_fold_manifest,20260821T164332Z_490383ff__exp_20260903T170029Z_e0883d24
rec_3ad3e77b9884db57df68,/mnt/d/INFANT CRY/data_set_dbl_split/train/not_baby/5-207811-A-35.wav,not_baby,esc50_source:207811,1,not_baby,0.009039006386480702,0.9909609936135193,original,/mnt/d/INFANT CRY/Models_dbl/experiments/runs/20260821T164332Z_490383ff__exp_20260903T170029Z_e0883d24/candidates/stage1_logmel_small_cnn/seed_42/fold_1/attempt_1/model.keras,recorded_in_fold_manifest,20260821T164332Z_490383ff__exp_20260903T170029Z_e0883d24
rec_6ca4a16be4d7945fadd8,/mnt/d/INFANT CRY/data_set_dbl_split/train/not_baby/5-207811-B-35.wav,not_baby,esc50_source:207811,1,not_baby,0.01612724069377083,0.9838727593062292,original,/mnt/d/INFANT CRY/Models_dbl/experiments/runs/20260821T164332Z_490383ff__exp_20260903T170029Z_e0883d24/candidates/stage1_logmel_small_cnn/seed_42/fold_1/attempt_1/model.keras,recorded_in_fold_manifest,20260821T164332Z_490383ff__exp_20260903T170029Z_e0883d24
rec_32a5094052e769323610,/mnt/d/INFANT CRY/data_set_dbl_split/train/not_baby/5-210612-A-37.wav,not_baby,esc50_source:210612,1,not_baby,0.30962475211546564,0.6903752478845344,original,/mnt/d/INFANT CRY/Models_dbl/experiments/runs/20260821T164332Z_490383ff__exp_20260903T170029Z_e0883d24/candidates/stage1_logmel_small_cnn/seed_42/fold_1/attempt_1/model.keras,recorded_in_fold_manifest,20260821T164332Z_490383ff__exp_20260903T170029Z_e0883d24
rec_3ff5191bbc9893524769,/mnt/d/INFANT CRY/data_set_dbl_split/train/not_baby/5-211408-A-37.wav,not_baby,esc50_source:211408,1,not_baby,0.01719077638110273,0.9828092236188972,original,/mnt/d/INFANT CRY/Models_dbl/experiments/runs/20260821T164332Z_490383ff__exp_20260903T170029Z_e0883d24/candidates/stage1_logmel_small_cnn/seed_42/fold_1/attempt_1/model.keras,recorded_in_fold_manifest,20260821T164332Z_490383ff__exp_20260903T170029Z_e0883d24
rec_8885012932943303736b,/mnt/d/INFANT CRY/data_set_dbl_split/train/not_baby/5-212181-A-38.wav,not_baby,esc50_source:212181,1,not_baby,0.010500177897515563,0.9894998221024844,original,/mnt/d/INFANT CRY/Models_dbl/experiments/runs/20260821T164332Z_490383ff__exp_20260903T170029Z_e0883d24/candidates/stage1_logmel_small_cnn/seed_42/fold_1/attempt_1/model.keras,recorded_in_fold_manifest,20260821T164332Z_490383ff__exp_20260903T170029Z_e0883d24
rec_77306d2d2aa525265f31,/mnt/d/INFANT CRY/data_set_dbl_split/train/not_baby/5-213836-A-9.wav,not_baby,esc50_source:213836,1,not_baby,0.03743460527401957,0.9625653947259805,original,/mnt/d/INFANT CRY/Models_dbl/experiments/runs/20260821T164332Z_490383ff__exp_20260903T170029Z_e0883d24/candidates/stage1_logmel_small_cnn/seed_42/fold_1/attempt_1/model.keras,recorded_in_fold_manifest,20260821T164332Z_490383ff__exp_20260903T170029Z_e0883d24
rec_3368cfc75201fdd9ca87,/mnt/d/INFANT CRY/data_set_dbl_split/train/not_baby/5-213836-B-9.wav,not_baby,esc50_source:213836,1,not_baby,0.03029858885415859,0.9697014111458414,original,/mnt/d/INFANT CRY/Models_dbl/experiments/runs/20260821T164332Z_490383ff__exp_20260903T170029Z_e0883d24/candidates/stage1_logmel_small_cnn/seed_42/fold_1/attempt_1/model.keras,recorded_in_fold_manifest,20260821T164332Z_490383ff__exp_20260903T170029Z_e0883d24
rec_ec7e252e40ebe397255e,/mnt/d/INFANT CRY/data_set_dbl_split/train/not_baby/5-213836-C-9.wav,not_baby,esc50_source:213836,1,not_baby,0.020640995451604516,0.9793590045483955,original,/mnt/d/INFANT CRY/Models_dbl/experiments/runs/20260821T164332Z_490383ff__exp_20260903T170029Z_e0883d24/candidates/stage1_logmel_small_cnn/seed_42/fold_1/attempt_1/model.keras,recorded_in_fold_manifest,20260821T164332Z_490383ff__exp_20260903T170029Z_e0883d24
rec_da85e4746dc12d820cce,/mnt/d/INFANT CRY/data_set_dbl_split/train/not_baby/5-213836-D-9.wav,not_baby,esc50_source:213836,1,not_baby,0.03729446535381553,0.9627055346461845,original,/mnt/d/INFANT CRY/Models_dbl/experiments/runs/20260821T164332Z_490383ff__exp_20260903T170029Z_e0883d24/candidates/stage1_logmel_small_cnn/seed_42/fold_1/attempt_1/model.keras,recorded_in_fold_manifest,20260821T164332Z_490383ff__exp_20260903T170029Z_e0883d24
rec_2e0260550ab777e67d9d,/mnt/d/INFANT CRY/data_set_dbl_split/train/not_baby/5-214362-A-17.wav,not_baby,esc50_source:214362,1,not_baby,0.004641515471796548,0.9953584845282034,original,/mnt/d/INFANT CRY/Models_dbl/experiments/runs/20260821T164332Z_490383ff__exp_20260903T170029Z_e0883d24/candidates/stage1_logmel_small_cnn/seed_42/fold_1/attempt_1/model.keras,recorded_in_fold_manifest,20260821T164332Z_490383ff__exp_20260903T170029Z_e0883d24
rec_3ba41543a52ff3df276b,/mnt/d/INFANT CRY/data_set_dbl_split/train/not_baby/5-215447-A-47.wav,not_baby,esc50_source:215447,1,not_baby,0.036732769134165004,0.963267230865835,original,/mnt/d/INFANT CRY/Models_dbl/experiments/runs/20260821T164332Z_490383ff__exp_20260903T170029Z_e0883d24/candidates/stage1_logmel_small_cnn/seed_42/fold_1/attempt_1/model.keras,recorded_in_fold_manifest,20260821T164332Z_490383ff__exp_20260903T170029Z_e0883d24
rec_3ae2952e44ec3f39bd30,/mnt/d/INFANT CRY/data_set_dbl_split/train/not_baby/5-215634-A-17.wav,not_baby,esc50_source:215634,1,not_baby,0.019246437765331578,0.9807535622346685,original,/mnt/d/INFANT CRY/Models_dbl/experiments/runs/20260821T164332Z_490383ff__exp_20260903T170029Z_e0883d24/candidates/stage1_logmel_small_cnn/seed_42/fold_1/attempt_1/model.keras,recorded_in_fold_manifest,20260821T164332Z_490383ff__exp_20260903T170029Z_e0883d24
rec_fc2cd58aea69ef295377,/mnt/d/INFANT CRY/data_set_dbl_split/train/not_baby/5-218494-A-22.wav,not_baby,esc50_source:218494,1,not_baby,0.1732341750403747,0.8267658249596253,original,/mnt/d/INFANT CRY/Models_dbl/experiments/runs/20260821T164332Z_490383ff__exp_20260903T170029Z_e0883d24/candidates/stage1_logmel_small_cnn/seed_42/fold_1/attempt_1/model.keras,recorded_in_fold_manifest,20260821T164332Z_490383ff__exp_20260903T170029Z_e0883d24
rec_e1c640b29ee329274b8f,/mnt/d/INFANT CRY/data_set_dbl_split/train/not_baby/5-219242-A-37.wav,not_baby,esc50_source:219242,1,not_baby,0.22230628795344495,0.777693712046555,original,/mnt/d/INFANT CRY/Models_dbl/experiments/runs/20260821T164332Z_490383ff__exp_20260903T170029Z_e0883d24/candidates/stage1_logmel_small_cnn/seed_42/fold_1/attempt_1/model.keras,recorded_in_fold_manifest,20260821T164332Z_490383ff__exp_20260903T170029Z_e0883d24
rec_b3bf311da3807af98997,/mnt/d/INFANT CRY/data_set_dbl_split/train/not_baby/5-219242-B-37.wav,not_baby,esc50_source:219242,1,not_baby,0.28050480128839017,0.7194951987116098,original,/mnt/d/INFANT CRY/Models_dbl/experiments/runs/20260821T164332Z_490383ff__exp_20260903T170029Z_e0883d24/candidates/stage1_logmel_small_cnn/seed_42/fold_1/attempt_1/model.keras,recorded_in_fold_manifest,20260821T164332Z_490383ff__exp_20260903T170029Z_e0883d24
rec_6bd2b51e39846d0abb1a,/mnt/d/INFANT CRY/data_set_dbl_split/train/not_baby/5-221568-A-22.wav,not_baby,esc50_source:221568,1,not_baby,0.008624120751963978,0.991375879248036,original,/mnt/d/INFANT CRY/Models_dbl/experiments/runs/20260821T164332Z_490383ff__exp_20260903T170029Z_e0883d24/candidates/stage1_logmel_small_cnn/seed_42/fold_1/attempt_1/model.keras,recorded_in_fold_manifest,20260821T164332Z_490383ff__exp_20260903T170029Z_e0883d24
rec_71f8c180aab6cea959e8,/mnt/d/INFANT CRY/data_set_dbl_split/train/not_baby/5-222894-A-32.wav,not_baby,esc50_source:222894,1,not_baby,0.0017023440862642101,0.9982976559137358,original,/mnt/d/INFANT CRY/Models_dbl/experiments/runs/20260821T164332Z_490383ff__exp_20260903T170029Z_e0883d24/candidates/stage1_logmel_small_cnn/seed_42/fold_1/attempt_1/model.keras,recorded_in_fold_manifest,20260821T164332Z_490383ff__exp_20260903T170029Z_e0883d24
rec_6ea2d99580d9c7bd7994,/mnt/d/INFANT CRY/data_set_dbl_split/train/not_baby/5-231762-A-0.wav,not_baby,esc50_source:231762,1,baby,0.7446855154446075,0.2553144845553925,original,/mnt/d/INFANT CRY/Models_dbl/experiments/runs/20260821T164332Z_490383ff__exp_20260903T170029Z_e0883d24/candidates/stage1_logmel_small_cnn/seed_42/fold_1/attempt_1/model.keras,recorded_in_fold_manifest,20260821T164332Z_490383ff__exp_20260903T170029Z_e0883d24
rec_e7caa8d8074782526a25,/mnt/d/INFANT CRY/data_set_dbl_split/train/not_baby/5-233019-A-31.wav,not_baby,esc50_source:233019,1,not_baby,0.02015841189742384,0.9798415881025762,original,/mnt/d/INFANT CRY/Models_dbl/experiments/runs/20260821T164332Z_490383ff__exp_20260903T170029Z_e0883d24/candidates/stage1_logmel_small_cnn/seed_42/fold_1/attempt_1/model.keras,recorded_in_fold_manifest,20260821T164332Z_490383ff__exp_20260903T170029Z_e0883d24
rec_5d08b26b59bd5684d21e,/mnt/d/INFANT CRY/data_set_dbl_split/train/not_baby/5-233607-A-39.wav,not_baby,esc50_source:233607,1,baby,0.5585875511169434,0.44141244888305664,original,/mnt/d/INFANT CRY/Models_dbl/experiments/runs/20260821T164332Z_490383ff__exp_20260903T170029Z_e0883d24/candidates/stage1_logmel_small_cnn/seed_42/fold_1/attempt_1/model.keras,recorded_in_fold_manifest,20260821T164332Z_490383ff__exp_20260903T170029Z_e0883d24
rec_dcaa27d1e41ad1dd46cf,/mnt/d/INFANT CRY/data_set_dbl_split/train/not_baby/5-234855-A-25.wav,not_baby,esc50_source:234855,1,not_baby,0.013200901808305354,0.9867990981916946,original,/mnt/d/INFANT CRY/Models_dbl/experiments/runs/20260821T164332Z_490383ff__exp_20260903T170029Z_e0883d24/candidates/stage1_logmel_small_cnn/seed_42/fold_1/attempt_1/model.keras,recorded_in_fold_manifest,20260821T164332Z_490383ff__exp_20260903T170029Z_e0883d24
rec_3b7fae6a4a225f2fbcca,/mnt/d/INFANT CRY/data_set_dbl_split/train/not_baby/5-235874-A-28.wav,not_baby,esc50_source:235874,1,not_baby,0.04141489262078357,0.9585851073792164,original,/mnt/d/INFANT CRY/Models_dbl/experiments/runs/20260821T164332Z_490383ff__exp_20260903T170029Z_e0883d24/candidates/stage1_logmel_small_cnn/seed_42/fold_1/attempt_1/model.keras,recorded_in_fold_manifest,20260821T164332Z_490383ff__exp_20260903T170029Z_e0883d24
rec_352b4163060dd9f73337,/mnt/d/INFANT CRY/data_set_dbl_split/train/not_baby/5-237795-A-34.wav,not_baby,esc50_source:237795,1,not_baby,0.0039061683628442683,0.9960938316371557,original,/mnt/d/INFANT CRY/Models_dbl/experiments/runs/20260821T164332Z_490383ff__exp_20260903T170029Z_e0883d24/candidates/stage1_logmel_small_cnn/seed_42/fold_1/attempt_1/model.keras,recorded_in_fold_manifest,20260821T164332Z_490383ff__exp_20260903T170029Z_e0883d24
rec_406b2b1ea703723eb86b,/mnt/d/INFANT CRY/data_set_dbl_split/train/not_baby/5-238926-A-31.wav,not_baby,esc50_source:238926,1,not_baby,0.01135654178115966,0.9886434582188404,original,/mnt/d/INFANT CRY/Models_dbl/experiments/runs/20260821T164332Z_490383ff__exp_20260903T170029Z_e0883d24/candidates/stage1_logmel_small_cnn/seed_42/fold_1/attempt_1/model.keras,recorded_in_fold_manifest,20260821T164332Z_490383ff__exp_20260903T170029Z_e0883d24
rec_fadaa8c5e0b9721ee8f4,/mnt/d/INFANT CRY/data_set_dbl_split/train/not_baby/5-242490-A-14.wav,not_baby,esc50_source:242490,1,not_baby,0.49861386410080577,0.5013861358991942,original,/mnt/d/INFANT CRY/Models_dbl/experiments/runs/20260821T164332Z_490383ff__exp_20260903T170029Z_e0883d24/candidates/stage1_logmel_small_cnn/seed_42/fold_1/attempt_1/model.keras,recorded_in_fold_manifest,20260821T164332Z_490383ff__exp_20260903T170029Z_e0883d24
rec_5987304a1e024a4a4fb0,/mnt/d/INFANT CRY/data_set_dbl_split/train/not_baby/5-243036-A-29.wav,not_baby,esc50_source:243036,1,not_baby,0.02112349075547999,0.97887650924452,original,/mnt/d/INFANT CRY/Models_dbl/experiments/runs/20260821T164332Z_490383ff__exp_20260903T170029Z_e0883d24/candidates/stage1_logmel_small_cnn/seed_42/fold_1/attempt_1/model.keras,recorded_in_fold_manifest,20260821T164332Z_490383ff__exp_20260903T170029Z_e0883d24
rec_1363c73e06cd87700522,/mnt/d/INFANT CRY/data_set_dbl_split/train/not_baby/5-243635-A-29.wav,not_baby,esc50_source:243635,1,not_baby,0.07454406525600005,0.9254559347439999,original,/mnt/d/INFANT CRY/Models_dbl/experiments/runs/20260821T164332Z_490383ff__exp_20260903T170029Z_e0883d24/candidates/stage1_logmel_small_cnn/seed_42/fold_1/attempt_1/model.keras,recorded_in_fold_manifest,20260821T164332Z_490383ff__exp_20260903T170029Z_e0883d24
rec_75fb5303641c8e3dff2e,/mnt/d/INFANT CRY/data_set_dbl_split/train/not_baby/5-244315-A-6.wav,not_baby,esc50_source:244315,1,not_baby,0.49241864681243896,0.507581353187561,original,/mnt/d/INFANT CRY/Models_dbl/experiments/runs/20260821T164332Z_490383ff__exp_20260903T170029Z_e0883d24/candidates/stage1_logmel_small_cnn/seed_42/fold_1/attempt_1/model.keras,recorded_in_fold_manifest,20260821T164332Z_490383ff__exp_20260903T170029Z_e0883d24
rec_41bd1578855fd008a80b,/mnt/d/INFANT CRY/data_set_dbl_split/train/not_baby/5-244315-B-6.wav,not_baby,esc50_source:244315,1,not_baby,0.16586757949191958,0.8341324205080805,original,/mnt/d/INFANT CRY/Models_dbl/experiments/runs/20260821T164332Z_490383ff__exp_20260903T170029Z_e0883d24/candidates/stage1_logmel_small_cnn/seed_42/fold_1/attempt_1/model.keras,recorded_in_fold_manifest,20260821T164332Z_490383ff__exp_20260903T170029Z_e0883d24
rec_5901c5f6479638d6012f,/mnt/d/INFANT CRY/data_set_dbl_split/train/not_baby/5-244315-C-6.wav,not_baby,esc50_source:244315,1,not_baby,0.08896727048630065,0.9110327295136993,original,/mnt/d/INFANT CRY/Models_dbl/experiments/runs/20260821T164332Z_490383ff__exp_20260903T170029Z_e0883d24/candidates/stage1_logmel_small_cnn/seed_42/fold_1/attempt_1/model.keras,recorded_in_fold_manifest,20260821T164332Z_490383ff__exp_20260903T170029Z_e0883d24
rec_bc778c8ab27f76fe6a72,/mnt/d/INFANT CRY/data_set_dbl_split/train/not_baby/5-244933-A-34.wav,not_baby,esc50_source:244933,1,not_baby,0.02783589287633309,0.9721641071236669,original,/mnt/d/INFANT CRY/Models_dbl/experiments/runs/20260821T164332Z_490383ff__exp_20260903T170029Z_e0883d24/candidates/stage1_logmel_small_cnn/seed_42/fold_1/attempt_1/model.keras,recorded_in_fold_manifest,20260821T164332Z_490383ff__exp_20260903T170029Z_e0883d24
rec_12b6ab7696cc9d5ae1d2,/mnt/d/INFANT CRY/data_set_dbl_split/train/not_baby/5-249748-A-28.wav,not_baby,esc50_source:249748,1,not_baby,0.023628131611412688,0.9763718683885874,original,/mnt/d/INFANT CRY/Models_dbl/experiments/runs/20260821T164332Z_490383ff__exp_20260903T170029Z_e0883d24/candidates/stage1_logmel_small_cnn/seed_42/fold_1/attempt_1/model.keras,recorded_in_fold_manifest,20260821T164332Z_490383ff__exp_20260903T170029Z_e0883d24
rec_fd035c6e2081bbb73c90,/mnt/d/INFANT CRY/data_set_dbl_split/train/not_baby/5-250753-A-34.wav,not_baby,esc50_source:250753,1,not_baby,0.3228266046746609,0.6771733953253392,original,/mnt/d/INFANT CRY/Models_dbl/experiments/runs/20260821T164332Z_490383ff__exp_20260903T170029Z_e0883d24/candidates/stage1_logmel_small_cnn/seed_42/fold_1/attempt_1/model.keras,recorded_in_fold_manifest,20260821T164332Z_490383ff__exp_20260903T170029Z_e0883d24
rec_ba6ba03456f6685c5349,/mnt/d/INFANT CRY/data_set_dbl_split/train/not_baby/5-251489-A-24.wav,not_baby,esc50_source:251489,1,baby,0.5489586591720581,0.4510413408279419,original,/mnt/d/INFANT CRY/Models_dbl/experiments/runs/20260821T164332Z_490383ff__exp_20260903T170029Z_e0883d24/candidates/stage1_logmel_small_cnn/seed_42/fold_1/attempt_1/model.keras,recorded_in_fold_manifest,20260821T164332Z_490383ff__exp_20260903T170029Z_e0883d24
rec_5ec455b1f4bac2e24ef7,/mnt/d/INFANT CRY/data_set_dbl_split/train/not_baby/5-251962-A-47.wav,not_baby,esc50_source:251962,1,not_baby,0.005299220128131925,0.9947007798718681,original,/mnt/d/INFANT CRY/Models_dbl/experiments/runs/20260821T164332Z_490383ff__exp_20260903T170029Z_e0883d24/candidates/stage1_logmel_small_cnn/seed_42/fold_1/attempt_1/model.keras,recorded_in_fold_manifest,20260821T164332Z_490383ff__exp_20260903T170029Z_e0883d24
rec_afa37b36506828a50efa,/mnt/d/INFANT CRY/data_set_dbl_split/train/not_baby/5-257349-A-15.wav,not_baby,esc50_source:257349,1,not_baby,0.0475872229964493,0.9524127770035506,original,/mnt/d/INFANT CRY/Models_dbl/experiments/runs/20260821T164332Z_490383ff__exp_20260903T170029Z_e0883d24/candidates/stage1_logmel_small_cnn/seed_42/fold_1/attempt_1/model.keras,recorded_in_fold_manifest,20260821T164332Z_490383ff__exp_20260903T170029Z_e0883d24
rec_b104e2a7052a4c6ee68f,/mnt/d/INFANT CRY/data_set_dbl_split/train/not_baby/5-260433-A-39.wav,not_baby,esc50_source:260433,1,baby,0.5967009663581848,0.4032990336418152,original,/mnt/d/INFANT CRY/Models_dbl/experiments/runs/20260821T164332Z_490383ff__exp_20260903T170029Z_e0883d24/candidates/stage1_logmel_small_cnn/seed_42/fold_1/attempt_1/model.keras,recorded_in_fold_manifest,20260821T164332Z_490383ff__exp_20260903T170029Z_e0883d24
rec_4d6eebe1442b288a42e7,/mnt/d/INFANT CRY/data_set_dbl_split/train/not_baby/5-261439-A-15.wav,not_baby,esc50_source:261439,1,not_baby,0.049233117917313066,0.9507668820826869,original,/mnt/d/INFANT CRY/Models_dbl/experiments/runs/20260821T164332Z_490383ff__exp_20260903T170029Z_e0883d24/candidates/stage1_logmel_small_cnn/seed_42/fold_1/attempt_1/model.keras,recorded_in_fold_manifest,20260821T164332Z_490383ff__exp_20260903T170029Z_e0883d24
rec_ff4bbe6a127cde5961a8,/mnt/d/INFANT CRY/data_set_dbl_split/train/not_baby/5-263775-A-26.wav,not_baby,esc50_source:263775,1,not_baby,0.06613707148211768,0.9338629285178823,original,/mnt/d/INFANT CRY/Models_dbl/experiments/runs/20260821T164332Z_490383ff__exp_20260903T170029Z_e0883d24/candidates/stage1_logmel_small_cnn/seed_42/fold_1/attempt_1/model.keras,recorded_in_fold_manifest,20260821T164332Z_490383ff__exp_20260903T170029Z_e0883d24
rec_8488e655dc827145a65e,/mnt/d/INFANT CRY/data_set_dbl_split/train/not_baby/5-263775-B-26.wav,not_baby,esc50_source:263775,1,not_baby,0.13335900207398835,0.8666409979260117,original,/mnt/d/INFANT CRY/Models_dbl/experiments/runs/20260821T164332Z_490383ff__exp_20260903T170029Z_e0883d24/candidates/stage1_logmel_small_cnn/seed_42/fold_1/attempt_1/model.keras,recorded_in_fold_manifest,20260821T164332Z_490383ff__exp_20260903T170029Z_e0883d24
rec_27dfd78be7f02178554b,/mnt/d/INFANT CRY/data_set_dbl_split/train/not_baby/5-9032-A-0.wav,not_baby,esc50_source:9032,1,not_baby,0.1134245727486781,0.8865754272513219,original,/mnt/d/INFANT CRY/Models_dbl/experiments/runs/20260821T164332Z_490383ff__exp_20260903T170029Z_e0883d24/candidates/stage1_logmel_small_cnn/seed_42/fold_1/attempt_1/model.keras,recorded_in_fold_manifest,20260821T164332Z_490383ff__exp_20260903T170029Z_e0883d24
