record_id,filepath,label,group_id,fold,predicted_label,score_baby,score_not_baby,sample_kind,model_path,normalizer_path,run_id
rec_5d81264429765a29a2c1,/mnt/d/INFANT CRY/data_set_dbl_split/train/belly_pain/1370_M_eairh.wav,baby,infant_sha256:c32711ad200dc7027dd5338e9b0ddd2f9df3c900401403a05c065062a61d864c,4,baby,0.9766404931132265,0.023359506886773476,original,/mnt/d/INFANT CRY/Models_dbl/experiments/runs/20260821T164332Z_490383ff__exp_20260903T170029Z_e0883d24/candidates/stage1_mfcc_svm/seed_42/fold_4/attempt_1/model.joblib,recorded_in_fold_manifest,20260821T164332Z_490383ff__exp_20260903T170029Z_e0883d24
rec_a0848fd98077b24f5820,/mnt/d/INFANT CRY/data_set_dbl_split/train/belly_pain/1462_F_eairh.wav,baby,infant_sha256:bc7f1705b53f89d2f844c2b2e146e20500f74b0e2f5797429d88e6752b744c94,4,baby,0.9920076933549133,0.007992306645086574,original,/mnt/d/INFANT CRY/Models_dbl/experiments/runs/20260821T164332Z_490383ff__exp_20260903T170029Z_e0883d24/candidates/stage1_mfcc_svm/seed_42/fold_4/attempt_1/model.joblib,recorded_in_fold_manifest,20260821T164332Z_490383ff__exp_20260903T170029Z_e0883d24
rec_8cea211c8ae2584daf02,/mnt/d/INFANT CRY/data_set_dbl_split/train/belly_pain/1516_M_eairh.wav,baby,infant_sha256:5a1c58c4d3cad2859ad8b8a664619b615cf9ab17a0142a7808ed3a8139d9df80,4,baby,0.9781267377432386,0.021873262256761433,original,/mnt/d/INFANT CRY/Models_dbl/experiments/runs/20260821T164332Z_490383ff__exp_20260903T170029Z_e0883d24/candidates/stage1_mfcc_svm/seed_42/fold_4/attempt_1/model.joblib,recorded_in_fold_manifest,20260821T164332Z_490383ff__exp_20260903T170029Z_e0883d24
rec_4540c986f8cce2bafa2c,/mnt/d/INFANT CRY/data_set_dbl_split/train/belly_pain/1554_M_eairh.wav,baby,infant_sha256:3bf9b0054fbf35ef0935161c2c32d4c300cab9512aa7404b5fd272e75712be36,4,baby,0.9810003780040435,0.018999621995956506,original,/mnt/d/INFANT CRY/Models_dbl/experiments/runs/20260821T164332Z_490383ff__exp_20260903T170029Z_e0883d24/candidates/stage1_mfcc_svm/seed_42/fold_4/attempt_1/model.joblib,recorded_in_fold_manifest,20260821T164332Z_490383ff__exp_20260903T170029Z_e0883d24
rec_25708979c73d741b3abd,/mnt/d/INFANT CRY/data_set_dbl_split/train/belly_pain/2208_M_eairh.wav,baby,infant_sha256:8cc303d1f42d72122fb01853eff2298b55aaba55b1699ef89090090d0592dff4,4,baby,0.9973398862151934,0.002660113784806623,original,/mnt/d/INFANT CRY/Models_dbl/experiments/runs/20260821T164332Z_490383ff__exp_20260903T170029Z_e0883d24/candidates/stage1_mfcc_svm/seed_42/fold_4/attempt_1/model.joblib,recorded_in_fold_manifest,20260821T164332Z_490383ff__exp_20260903T170029Z_e0883d24
rec_e341b409fa744b48140a,/mnt/d/INFANT CRY/data_set_dbl_split/train/belly_pain/2367_M_eairh.wav,baby,infant_sha256:e3ce17f21b22673c82f4a63dd7117b0410f98a3745647c7ff5c35cec64ca57d5,4,baby,0.9955736742857763,0.004426325714223755,original,/mnt/d/INFANT CRY/Models_dbl/experiments/runs/20260821T164332Z_490383ff__exp_20260903T170029Z_e0883d24/candidates/stage1_mfcc_svm/seed_42/fold_4/attempt_1/model.joblib,recorded_in_fold_manifest,20260821T164332Z_490383ff__exp_20260903T170029Z_e0883d24
rec_cdb8986fc6e0fa25ec62,/mnt/d/INFANT CRY/data_set_dbl_split/train/belly_pain/2644_M_eairh.wav,baby,infant_sha256:dac08aca9292c458d761c4609a442799c7b15db598cdbab878fe6ffbe63bf790,4,baby,0.999036532737227,0.0009634672627729798,original,/mnt/d/INFANT CRY/Models_dbl/experiments/runs/20260821T164332Z_490383ff__exp_20260903T170029Z_e0883d24/candidates/stage1_mfcc_svm/seed_42/fold_4/attempt_1/model.joblib,recorded_in_fold_manifest,20260821T164332Z_490383ff__exp_20260903T170029Z_e0883d24
rec_7923b3cade105f0c3c70,/mnt/d/INFANT CRY/data_set_dbl_split/train/belly_pain/2651_F_eairh.wav,baby,infant_sha256:0ea883b38b491020d9ed5473b20e4d3c18724477f44de85ff4b5848720bf92fc,4,baby,0.9996943005493488,0.00030569945065109347,original,/mnt/d/INFANT CRY/Models_dbl/experiments/runs/20260821T164332Z_490383ff__exp_20260903T170029Z_e0883d24/candidates/stage1_mfcc_svm/seed_42/fold_4/attempt_1/model.joblib,recorded_in_fold_manifest,20260821T164332Z_490383ff__exp_20260903T170029Z_e0883d24
rec_f3c9e9d220dc2e97e90a,/mnt/d/INFANT CRY/data_set_dbl_split/train/belly_pain/2760_F_eairh.wav,baby,infant_sha256:1d7b10517ef1207ede8aa83b2afbded6e7b52087bc5f8bf069726ecd560fc7d8,4,baby,0.9769571414266416,0.023042858573358374,original,/mnt/d/INFANT CRY/Models_dbl/experiments/runs/20260821T164332Z_490383ff__exp_20260903T170029Z_e0883d24/candidates/stage1_mfcc_svm/seed_42/fold_4/attempt_1/model.joblib,recorded_in_fold_manifest,20260821T164332Z_490383ff__exp_20260903T170029Z_e0883d24
rec_1b0acd4606aae95bef48,/mnt/d/INFANT CRY/data_set_dbl_split/train/belly_pain/2987_F_eairh.wav,baby,infant_sha256:88411a1a41bf5d311007d0c5c10d0e3b54fdf7360d6bcbed043399e29139460f,4,baby,0.9716430937597278,0.028356906240272185,original,/mnt/d/INFANT CRY/Models_dbl/experiments/runs/20260821T164332Z_490383ff__exp_20260903T170029Z_e0883d24/candidates/stage1_mfcc_svm/seed_42/fold_4/attempt_1/model.joblib,recorded_in_fold_manifest,20260821T164332Z_490383ff__exp_20260903T170029Z_e0883d24
rec_df6f22b942b4fbdceea0,/mnt/d/INFANT CRY/data_set_dbl_split/train/belly_pain/318_M_eairh.wav,baby,infant_sha256:95eed985c356955c07b482e5659cab0643f279898a6991cfaac93754be289e19,4,baby,0.9996612979645616,0.00033870203543848263,original,/mnt/d/INFANT CRY/Models_dbl/experiments/runs/20260821T164332Z_490383ff__exp_20260903T170029Z_e0883d24/candidates/stage1_mfcc_svm/seed_42/fold_4/attempt_1/model.joblib,recorded_in_fold_manifest,20260821T164332Z_490383ff__exp_20260903T170029Z_e0883d24
rec_9516de195d0ec83f4725,/mnt/d/INFANT CRY/data_set_dbl_split/train/belly_pain/3195_M_eairh.wav,baby,infant_sha256:12a874a78d402677bd05a62326e9310b0d77e378d85c52c8d497825962e99254,4,baby,0.9904554981747307,0.009544501825269378,original,/mnt/d/INFANT CRY/Models_dbl/experiments/runs/20260821T164332Z_490383ff__exp_20260903T170029Z_e0883d24/candidates/stage1_mfcc_svm/seed_42/fold_4/attempt_1/model.joblib,recorded_in_fold_manifest,20260821T164332Z_490383ff__exp_20260903T170029Z_e0883d24
rec_d9029df6f0570483478b,/mnt/d/INFANT CRY/data_set_dbl_split/train/belly_pain/393_M_eairh.wav,baby,infant_sha256:7fc1097a27220b94856281c508b616d41bfb8dd6ad6a0d539b1eb7f3a0370bc1,4,baby,0.998179508124793,0.001820491875207084,original,/mnt/d/INFANT CRY/Models_dbl/experiments/runs/20260821T164332Z_490383ff__exp_20260903T170029Z_e0883d24/candidates/stage1_mfcc_svm/seed_42/fold_4/attempt_1/model.joblib,recorded_in_fold_manifest,20260821T164332Z_490383ff__exp_20260903T170029Z_e0883d24
rec_c3629105ce9cd90cfd02,/mnt/d/INFANT CRY/data_set_dbl_split/train/belly_pain/4186_M_eairh.wav,baby,infant_sha256:755ceb576cd3b8a108b048923e3c5eb915f2cd55aa609144f4cd19a60567f40a,4,baby,0.9958104647279075,0.004189535272092563,original,/mnt/d/INFANT CRY/Models_dbl/experiments/runs/20260821T164332Z_490383ff__exp_20260903T170029Z_e0883d24/candidates/stage1_mfcc_svm/seed_42/fold_4/attempt_1/model.joblib,recorded_in_fold_manifest,20260821T164332Z_490383ff__exp_20260903T170029Z_e0883d24
rec_b9167ff33ed6aa5cabea,/mnt/d/INFANT CRY/data_set_dbl_split/train/belly_pain/4452_F_eairh.wav,baby,infant_sha256:ad37ffb4a0340f29fcd027ef23dcaf57df1f5e84e60aca62382a04203e9cc029,4,baby,0.9872391176358098,0.012760882364190242,original,/mnt/d/INFANT CRY/Models_dbl/experiments/runs/20260821T164332Z_490383ff__exp_20260903T170029Z_e0883d24/candidates/stage1_mfcc_svm/seed_42/fold_4/attempt_1/model.joblib,recorded_in_fold_manifest,20260821T164332Z_490383ff__exp_20260903T170029Z_e0883d24
rec_9ef4cab50c9a56e3bd9a,/mnt/d/INFANT CRY/data_set_dbl_split/train/belly_pain/4758_M_eairh.wav,baby,infant_sha256:6abb97ac4d37d03d1277901393045a5f5274608adbefee365cb7a327490e276c,4,baby,0.9920313467144832,0.007968653285516809,original,/mnt/d/INFANT CRY/Models_dbl/experiments/runs/20260821T164332Z_490383ff__exp_20260903T170029Z_e0883d24/candidates/stage1_mfcc_svm/seed_42/fold_4/attempt_1/model.joblib,recorded_in_fold_manifest,20260821T164332Z_490383ff__exp_20260903T170029Z_e0883d24
rec_3be61b78079d39f26682,/mnt/d/INFANT CRY/data_set_dbl_split/train/belly_pain/4847_M_eairh.wav,baby,infant_sha256:868c2fb96217b0fcf2b26aad46903424a659f3f3fb13b31f51b575c00f83d63b,4,baby,0.9138011368533514,0.08619886314664861,original,/mnt/d/INFANT CRY/Models_dbl/experiments/runs/20260821T164332Z_490383ff__exp_20260903T170029Z_e0883d24/candidates/stage1_mfcc_svm/seed_42/fold_4/attempt_1/model.joblib,recorded_in_fold_manifest,20260821T164332Z_490383ff__exp_20260903T170029Z_e0883d24
rec_cd47bf189e0812ab4c2a,/mnt/d/INFANT CRY/data_set_dbl_split/train/belly_pain/844_M_eairh.wav,baby,infant_sha256:f7e2a0300ed3165e0e727f4e733612f041bf62e75ca33465234e7be03244b62e,4,baby,0.9963254731466802,0.0036745268533198002,original,/mnt/d/INFANT CRY/Models_dbl/experiments/runs/20260821T164332Z_490383ff__exp_20260903T170029Z_e0883d24/candidates/stage1_mfcc_svm/seed_42/fold_4/attempt_1/model.joblib,recorded_in_fold_manifest,20260821T164332Z_490383ff__exp_20260903T170029Z_e0883d24
rec_7bfbf6df11a5121ca4c9,/mnt/d/INFANT CRY/data_set_dbl_split/train/belly_pain/934_M_eairh.wav,baby,infant_sha256:2843200837b6eecfb90e6f9c0f4b54d96a60916332b2d36f448644f338617af5,4,baby,0.9898503305169783,0.010149669483021706,original,/mnt/d/INFANT CRY/Models_dbl/experiments/runs/20260821T164332Z_490383ff__exp_20260903T170029Z_e0883d24/candidates/stage1_mfcc_svm/seed_42/fold_4/attempt_1/model.joblib,recorded_in_fold_manifest,20260821T164332Z_490383ff__exp_20260903T170029Z_e0883d24
rec_45acf6d12a71c4b85dfc,/mnt/d/INFANT CRY/data_set_dbl_split/train/belly_pain/dunstan-eairh_33.wav,baby,infant_sha256:c68c4a2f7d9cc0be0e06472701e4f759c919430fa77d4357b8fda882df7b5d0b,4,baby,0.9986341693890155,0.001365830610984465,original,/mnt/d/INFANT CRY/Models_dbl/experiments/runs/20260821T164332Z_490383ff__exp_20260903T170029Z_e0883d24/candidates/stage1_mfcc_svm/seed_42/fold_4/attempt_1/model.joblib,recorded_in_fold_manifest,20260821T164332Z_490383ff__exp_20260903T170029Z_e0883d24
rec_728bae3265a2cb099ec1,/mnt/d/INFANT CRY/data_set_dbl_split/train/belly_pain/dunstan-eairh_38.wav,baby,infant_sha256:63fe695c20c8cc11273c8e724c8b5657f60d370c68c8b7e926a7a47135d0d054,4,baby,0.9581104709651732,0.04188952903482689,original,/mnt/d/INFANT CRY/Models_dbl/experiments/runs/20260821T164332Z_490383ff__exp_20260903T170029Z_e0883d24/candidates/stage1_mfcc_svm/seed_42/fold_4/attempt_1/model.joblib,recorded_in_fold_manifest,20260821T164332Z_490383ff__exp_20260903T170029Z_e0883d24
rec_0213f75c14f4849c2a83,/mnt/d/INFANT CRY/data_set_dbl_split/train/belly_pain/dunstan-eairh_41.wav,baby,infant_sha256:2bf1cb1c9014983a5943ebaa89403ffee8c77ddf008d8a37808b8e93e38ab7aa,4,baby,0.9984063052566785,0.0015936947433215119,original,/mnt/d/INFANT CRY/Models_dbl/experiments/runs/20260821T164332Z_490383ff__exp_20260903T170029Z_e0883d24/candidates/stage1_mfcc_svm/seed_42/fold_4/attempt_1/model.joblib,recorded_in_fold_manifest,20260821T164332Z_490383ff__exp_20260903T170029Z_e0883d24
rec_81baca137ffa49fea0f0,/mnt/d/INFANT CRY/data_set_dbl_split/train/belly_pain/dunstan-eairh_5.wav,baby,infant_sha256:bf6a23507fbf66aebed91ab5f3b1830d1f908e667924f3fd4a25c6acdde1a102,4,baby,0.9395934963200363,0.060406503679963676,original,/mnt/d/INFANT CRY/Models_dbl/experiments/runs/20260821T164332Z_490383ff__exp_20260903T170029Z_e0883d24/candidates/stage1_mfcc_svm/seed_42/fold_4/attempt_1/model.joblib,recorded_in_fold_manifest,20260821T164332Z_490383ff__exp_20260903T170029Z_e0883d24
rec_bb69c12272a7b5c6887b,/mnt/d/INFANT CRY/data_set_dbl_split/train/belly_pain/dunstan-eairh_6.wav,baby,infant_sha256:eee269b78944d18f059d2badd31092d8e24127d77cf2065938ab82fe7e5f495b,4,baby,0.9872108411556094,0.012789158844390473,original,/mnt/d/INFANT CRY/Models_dbl/experiments/runs/20260821T164332Z_490383ff__exp_20260903T170029Z_e0883d24/candidates/stage1_mfcc_svm/seed_42/fold_4/attempt_1/model.joblib,recorded_in_fold_manifest,20260821T164332Z_490383ff__exp_20260903T170029Z_e0883d24
rec_6a612fdb6f32216b009d,/mnt/d/INFANT CRY/data_set_dbl_split/train/belly_pain/dunstan-eairh_60.wav,baby,infant_sha256:8db3cf09ca0a752877596ab97f4a23986894c7f42497770fdce5008c47c23f52,4,baby,0.9917457622024944,0.0082542377975056,original,/mnt/d/INFANT CRY/Models_dbl/experiments/runs/20260821T164332Z_490383ff__exp_20260903T170029Z_e0883d24/candidates/stage1_mfcc_svm/seed_42/fold_4/attempt_1/model.joblib,recorded_in_fold_manifest,20260821T164332Z_490383ff__exp_20260903T170029Z_e0883d24
rec_5e12d4152f25c8285f27,/mnt/d/INFANT CRY/data_set_dbl_split/train/burping/000543_M_heh.wav,baby,infant_sha256:a93f0447a59e9c48a424f88454cd316bcfd5ac540a1e396b6d0dc1d53aed6cc3,4,baby,0.9764315722120291,0.023568427787970886,original,/mnt/d/INFANT CRY/Models_dbl/experiments/runs/20260821T164332Z_490383ff__exp_20260903T170029Z_e0883d24/candidates/stage1_mfcc_svm/seed_42/fold_4/attempt_1/model.joblib,recorded_in_fold_manifest,20260821T164332Z_490383ff__exp_20260903T170029Z_e0883d24
rec_eee5eed2ae78b50ca38d,/mnt/d/INFANT CRY/data_set_dbl_split/train/burping/1060_M_eh.wav,baby,infant_sha256:b5b08a59f94ee4ef84d59f148f0fc5aa5f1d375608abe26b452c7c9903e23cc9,4,baby,0.8693337334907235,0.13066626650927657,original,/mnt/d/INFANT CRY/Models_dbl/experiments/runs/20260821T164332Z_490383ff__exp_20260903T170029Z_e0883d24/candidates/stage1_mfcc_svm/seed_42/fold_4/attempt_1/model.joblib,recorded_in_fold_manifest,20260821T164332Z_490383ff__exp_20260903T170029Z_e0883d24
rec_c2521e9b1d58c3fbb0cb,/mnt/d/INFANT CRY/data_set_dbl_split/train/burping/1103_M_eh.wav,baby,infant_sha256:043afd1e09436b8202e38eea31537a9cd228b808b637523e00e6d061c99cfff3,4,baby,0.9832046179980172,0.016795382001982807,original,/mnt/d/INFANT CRY/Models_dbl/experiments/runs/20260821T164332Z_490383ff__exp_20260903T170029Z_e0883d24/candidates/stage1_mfcc_svm/seed_42/fold_4/attempt_1/model.joblib,recorded_in_fold_manifest,20260821T164332Z_490383ff__exp_20260903T170029Z_e0883d24
rec_c1b61b57a04c76f19527,/mnt/d/INFANT CRY/data_set_dbl_split/train/burping/1246_M_eh.wav,baby,infant_sha256:32620368c68b955f167e134faecbdb6fad366acb02fb95b1d6ef2bc7121b8ab8,4,baby,0.9959472183523757,0.004052781647624322,original,/mnt/d/INFANT CRY/Models_dbl/experiments/runs/20260821T164332Z_490383ff__exp_20260903T170029Z_e0883d24/candidates/stage1_mfcc_svm/seed_42/fold_4/attempt_1/model.joblib,recorded_in_fold_manifest,20260821T164332Z_490383ff__exp_20260903T170029Z_e0883d24
rec_d09abe4d0ed175d6bc7b,/mnt/d/INFANT CRY/data_set_dbl_split/train/burping/1404_F_eh.wav,baby,infant_sha256:de06e0e73d61344d19f59f297fe1f8d97a3e89656616c4c61cd21b101bccdf3a,4,baby,0.998358308481469,0.0016416915185310992,original,/mnt/d/INFANT CRY/Models_dbl/experiments/runs/20260821T164332Z_490383ff__exp_20260903T170029Z_e0883d24/candidates/stage1_mfcc_svm/seed_42/fold_4/attempt_1/model.joblib,recorded_in_fold_manifest,20260821T164332Z_490383ff__exp_20260903T170029Z_e0883d24
rec_9445293072e9382ce647,/mnt/d/INFANT CRY/data_set_dbl_split/train/burping/1460_M_eh.wav,baby,infant_sha256:76ead9148c54c2974a13926c73ba0f5766829f3571ea2d1cf10c9fb8298b68a3,4,baby,0.9095835106882817,0.09041648931171821,original,/mnt/d/INFANT CRY/Models_dbl/experiments/runs/20260821T164332Z_490383ff__exp_20260903T170029Z_e0883d24/candidates/stage1_mfcc_svm/seed_42/fold_4/attempt_1/model.joblib,recorded_in_fold_manifest,20260821T164332Z_490383ff__exp_20260903T170029Z_e0883d24
rec_85edc8f84763e4037032,/mnt/d/INFANT CRY/data_set_dbl_split/train/burping/1679_F_eh.wav,baby,infant_sha256:f0858a4710608ee21bdc743b4e403bbb1032ff518b0f5e8671976beeee31978a,4,baby,0.9981777065427948,0.0018222934572051416,original,/mnt/d/INFANT CRY/Models_dbl/experiments/runs/20260821T164332Z_490383ff__exp_20260903T170029Z_e0883d24/candidates/stage1_mfcc_svm/seed_42/fold_4/attempt_1/model.joblib,recorded_in_fold_manifest,20260821T164332Z_490383ff__exp_20260903T170029Z_e0883d24
rec_88affcb3e287f0433132,/mnt/d/INFANT CRY/data_set_dbl_split/train/burping/1717_F_eh.wav,baby,infant_sha256:34fb77ef9c7344b86ad777b177c1ce6a0f571d77bf62e1248c0394b70480eacd,4,not_baby,0.22552759102705014,0.7744724089729499,original,/mnt/d/INFANT CRY/Models_dbl/experiments/runs/20260821T164332Z_490383ff__exp_20260903T170029Z_e0883d24/candidates/stage1_mfcc_svm/seed_42/fold_4/attempt_1/model.joblib,recorded_in_fold_manifest,20260821T164332Z_490383ff__exp_20260903T170029Z_e0883d24
rec_c65736eefe0e47e5bb86,/mnt/d/INFANT CRY/data_set_dbl_split/train/burping/1807_M_eh.wav,baby,infant_sha256:43eb4085c750d52aa9df7e983ce33739be37568e44b8570056012298527aee09,4,baby,0.8044937653784564,0.1955062346215436,original,/mnt/d/INFANT CRY/Models_dbl/experiments/runs/20260821T164332Z_490383ff__exp_20260903T170029Z_e0883d24/candidates/stage1_mfcc_svm/seed_42/fold_4/attempt_1/model.joblib,recorded_in_fold_manifest,20260821T164332Z_490383ff__exp_20260903T170029Z_e0883d24
rec_d44661adfd4d790a00cd,/mnt/d/INFANT CRY/data_set_dbl_split/train/burping/1964_M_eh.wav,baby,infant_sha256:b33b67715d913003c362ae912895fe0bc05642ce11fa443d76f9084da2aa761a,4,baby,0.9931607992970547,0.006839200702945395,original,/mnt/d/INFANT CRY/Models_dbl/experiments/runs/20260821T164332Z_490383ff__exp_20260903T170029Z_e0883d24/candidates/stage1_mfcc_svm/seed_42/fold_4/attempt_1/model.joblib,recorded_in_fold_manifest,20260821T164332Z_490383ff__exp_20260903T170029Z_e0883d24
rec_d08ebcb453ffbec561de,/mnt/d/INFANT CRY/data_set_dbl_split/train/burping/1990_M_eh.wav,baby,infant_sha256:47d1e0d6676a8b168f5757752bc6eef20f5b89f215a3f376de99b20a4811a861,4,baby,0.999811751564951,0.00018824843504915452,original,/mnt/d/INFANT CRY/Models_dbl/experiments/runs/20260821T164332Z_490383ff__exp_20260903T170029Z_e0883d24/candidates/stage1_mfcc_svm/seed_42/fold_4/attempt_1/model.joblib,recorded_in_fold_manifest,20260821T164332Z_490383ff__exp_20260903T170029Z_e0883d24
rec_8fe70388ea5471625aba,/mnt/d/INFANT CRY/data_set_dbl_split/train/burping/2053_M_eh.wav,baby,infant_sha256:c143881a0599f10f2afb772ad9f2ad47d107955a72634c23f4bb2bbf196009cc,4,baby,0.9202394575596089,0.07976054244039117,original,/mnt/d/INFANT CRY/Models_dbl/experiments/runs/20260821T164332Z_490383ff__exp_20260903T170029Z_e0883d24/candidates/stage1_mfcc_svm/seed_42/fold_4/attempt_1/model.joblib,recorded_in_fold_manifest,20260821T164332Z_490383ff__exp_20260903T170029Z_e0883d24
rec_38acc274e71f1ffa3d26,/mnt/d/INFANT CRY/data_set_dbl_split/train/burping/2083_M_eh.wav,baby,infant_sha256:5c1e20a2ffd2b137dfcbe341b7852a78dab4eecae01554c7058ea9acbe4a839c,4,baby,0.9985765404443259,0.0014234595556741347,original,/mnt/d/INFANT CRY/Models_dbl/experiments/runs/20260821T164332Z_490383ff__exp_20260903T170029Z_e0883d24/candidates/stage1_mfcc_svm/seed_42/fold_4/attempt_1/model.joblib,recorded_in_fold_manifest,20260821T164332Z_490383ff__exp_20260903T170029Z_e0883d24
rec_a24e5a4c484b184c3af7,/mnt/d/INFANT CRY/data_set_dbl_split/train/burping/2164_M_eh.wav,baby,infant_sha256:91643e5f8b8ab898163a24915f2c646f5b2e367530d953229b28f76b0a392302,4,baby,0.9962893893568593,0.0037106106431407876,original,/mnt/d/INFANT CRY/Models_dbl/experiments/runs/20260821T164332Z_490383ff__exp_20260903T170029Z_e0883d24/candidates/stage1_mfcc_svm/seed_42/fold_4/attempt_1/model.joblib,recorded_in_fold_manifest,20260821T164332Z_490383ff__exp_20260903T170029Z_e0883d24
rec_24a396b9d014a05587a9,/mnt/d/INFANT CRY/data_set_dbl_split/train/burping/222_F_eh.wav,baby,infant_sha256:4bcf51a0605ddc642cf05b94b9997e56a5473adc6d2134e213164a6c9d27d2fe,4,baby,0.9803821815696013,0.01961781843039874,original,/mnt/d/INFANT CRY/Models_dbl/experiments/runs/20260821T164332Z_490383ff__exp_20260903T170029Z_e0883d24/candidates/stage1_mfcc_svm/seed_42/fold_4/attempt_1/model.joblib,recorded_in_fold_manifest,20260821T164332Z_490383ff__exp_20260903T170029Z_e0883d24
rec_09745ee499f542515c18,/mnt/d/INFANT CRY/data_set_dbl_split/train/burping/223_M_eh.wav,baby,infant_sha256:d4b18d84279dcaec99f8d818e4ad3c3e7e4ebdc51f02f3a0a923801f36c162bd,4,baby,0.9765052048049048,0.023494795195095286,original,/mnt/d/INFANT CRY/Models_dbl/experiments/runs/20260821T164332Z_490383ff__exp_20260903T170029Z_e0883d24/candidates/stage1_mfcc_svm/seed_42/fold_4/attempt_1/model.joblib,recorded_in_fold_manifest,20260821T164332Z_490383ff__exp_20260903T170029Z_e0883d24
rec_1050c2655280d54aa3a4,/mnt/d/INFANT CRY/data_set_dbl_split/train/burping/225_F_eh.wav,baby,infant_sha256:15a22cf6fd6a4735a8e4e42bec2d8ef66d872b919545e8daa654a5e2a0c754cc,4,baby,0.5951858308777586,0.4048141691222415,original,/mnt/d/INFANT CRY/Models_dbl/experiments/runs/20260821T164332Z_490383ff__exp_20260903T170029Z_e0883d24/candidates/stage1_mfcc_svm/seed_42/fold_4/attempt_1/model.joblib,recorded_in_fold_manifest,20260821T164332Z_490383ff__exp_20260903T170029Z_e0883d24
rec_259890ff0ea96f64d45f,/mnt/d/INFANT CRY/data_set_dbl_split/train/burping/2265_M_eh.wav,baby,infant_sha256:49519859a57e732f9864b613d926947d333ab7327ac5dde851df20e460ea54c7,4,baby,0.800785550217242,0.1992144497827579,original,/mnt/d/INFANT CRY/Models_dbl/experiments/runs/20260821T164332Z_490383ff__exp_20260903T170029Z_e0883d24/candidates/stage1_mfcc_svm/seed_42/fold_4/attempt_1/model.joblib,recorded_in_fold_manifest,20260821T164332Z_490383ff__exp_20260903T170029Z_e0883d24
rec_4a0912eaadfeb8697716,/mnt/d/INFANT CRY/data_set_dbl_split/train/burping/2284_M_eh.wav,baby,infant_sha256:010de557783b5d66821845d3ab2eac2ca8721b5873a99db0babf82cca5640bf2,4,baby,0.997355842359658,0.0026441576403420193,original,/mnt/d/INFANT CRY/Models_dbl/experiments/runs/20260821T164332Z_490383ff__exp_20260903T170029Z_e0883d24/candidates/stage1_mfcc_svm/seed_42/fold_4/attempt_1/model.joblib,recorded_in_fold_manifest,20260821T164332Z_490383ff__exp_20260903T170029Z_e0883d24
rec_4c788d6451459c6d7475,/mnt/d/INFANT CRY/data_set_dbl_split/train/burping/231_M_eh.wav,baby,infant_sha256:9df0342c632353f910fc3c55758b7c20172f7388e7bff6a6c17fa9791e420f34,4,baby,0.9996083798798352,0.0003916201201648295,original,/mnt/d/INFANT CRY/Models_dbl/experiments/runs/20260821T164332Z_490383ff__exp_20260903T170029Z_e0883d24/candidates/stage1_mfcc_svm/seed_42/fold_4/attempt_1/model.joblib,recorded_in_fold_manifest,20260821T164332Z_490383ff__exp_20260903T170029Z_e0883d24
rec_9e6e29b19c03296b74f8,/mnt/d/INFANT CRY/data_set_dbl_split/train/burping/2321_M_eh.wav,baby,infant_sha256:949ab7fe9cb4bafefcb0953a215eb8832497d974eba846ba1dd080a4410f1415,4,baby,0.5858609511263719,0.4141390488736282,original,/mnt/d/INFANT CRY/Models_dbl/experiments/runs/20260821T164332Z_490383ff__exp_20260903T170029Z_e0883d24/candidates/stage1_mfcc_svm/seed_42/fold_4/attempt_1/model.joblib,recorded_in_fold_manifest,20260821T164332Z_490383ff__exp_20260903T170029Z_e0883d24
rec_4cb288cfddc38ac25391,/mnt/d/INFANT CRY/data_set_dbl_split/train/burping/2369_M_eh.wav,baby,infant_sha256:0e344753ff8aecfdd5b9aff44935e0e1b0a7f5027f094457c6cf200b8dc8c49b,4,baby,0.9983301333495787,0.0016698666504214013,original,/mnt/d/INFANT CRY/Models_dbl/experiments/runs/20260821T164332Z_490383ff__exp_20260903T170029Z_e0883d24/candidates/stage1_mfcc_svm/seed_42/fold_4/attempt_1/model.joblib,recorded_in_fold_manifest,20260821T164332Z_490383ff__exp_20260903T170029Z_e0883d24
rec_f00e486b5bb01e917fd5,/mnt/d/INFANT CRY/data_set_dbl_split/train/burping/2759_M_eh.wav,baby,infant_sha256:b79daea5be33161defb0a37388176e57691b76d37e5253dee0f5c8b76bbc52ba,4,baby,0.9854345219492145,0.014565478050785419,original,/mnt/d/INFANT CRY/Models_dbl/experiments/runs/20260821T164332Z_490383ff__exp_20260903T170029Z_e0883d24/candidates/stage1_mfcc_svm/seed_42/fold_4/attempt_1/model.joblib,recorded_in_fold_manifest,20260821T164332Z_490383ff__exp_20260903T170029Z_e0883d24
rec_c34b88121001eab934e2,/mnt/d/INFANT CRY/data_set_dbl_split/train/burping/2915_M_eh.wav,baby,infant_sha256:7a80df0c8b61c87167c7e72f30ff7b5c789f3381a5e03e589e301a7257075bde,4,baby,0.7705959695450719,0.22940403045492808,original,/mnt/d/INFANT CRY/Models_dbl/experiments/runs/20260821T164332Z_490383ff__exp_20260903T170029Z_e0883d24/candidates/stage1_mfcc_svm/seed_42/fold_4/attempt_1/model.joblib,recorded_in_fold_manifest,20260821T164332Z_490383ff__exp_20260903T170029Z_e0883d24
rec_30ab2bd552cfc2d7e12b,/mnt/d/INFANT CRY/data_set_dbl_split/train/burping/3184_M_eh.wav,baby,infant_sha256:74e17cc1655bb5991612f017cbc8fdcc41590242aaa4bb82867fe967a972c1d1,4,baby,0.999835932999434,0.00016406700056594204,original,/mnt/d/INFANT CRY/Models_dbl/experiments/runs/20260821T164332Z_490383ff__exp_20260903T170029Z_e0883d24/candidates/stage1_mfcc_svm/seed_42/fold_4/attempt_1/model.joblib,recorded_in_fold_manifest,20260821T164332Z_490383ff__exp_20260903T170029Z_e0883d24
rec_595c7bd988437435705e,/mnt/d/INFANT CRY/data_set_dbl_split/train/burping/3187_M_eh.wav,baby,infant_sha256:a897fe9f7b33005e7557fc8aaaaffb7852be82e44c3c15ba10334bbcd9245fa1,4,baby,0.5801114394693765,0.4198885605306236,original,/mnt/d/INFANT CRY/Models_dbl/experiments/runs/20260821T164332Z_490383ff__exp_20260903T170029Z_e0883d24/candidates/stage1_mfcc_svm/seed_42/fold_4/attempt_1/model.joblib,recorded_in_fold_manifest,20260821T164332Z_490383ff__exp_20260903T170029Z_e0883d24
rec_e3f5a660e3b815100438,/mnt/d/INFANT CRY/data_set_dbl_split/train/burping/3350_M_eh.wav,baby,infant_sha256:fbe257930001cde02f4e7569e9aff08008219a16d6d4755ebacb01b7c2a08c28,4,baby,0.9108414963493365,0.08915850365066341,original,/mnt/d/INFANT CRY/Models_dbl/experiments/runs/20260821T164332Z_490383ff__exp_20260903T170029Z_e0883d24/candidates/stage1_mfcc_svm/seed_42/fold_4/attempt_1/model.joblib,recorded_in_fold_manifest,20260821T164332Z_490383ff__exp_20260903T170029Z_e0883d24
rec_80aa4905086476d9ee4e,/mnt/d/INFANT CRY/data_set_dbl_split/train/burping/3368_M_eh.wav,baby,infant_sha256:19745f1da8c6a7b8a7b34b17aa3139dee7e9ea316f8ca6e322a37ba613f91ee0,4,baby,0.8835053455546448,0.1164946544453553,original,/mnt/d/INFANT CRY/Models_dbl/experiments/runs/20260821T164332Z_490383ff__exp_20260903T170029Z_e0883d24/candidates/stage1_mfcc_svm/seed_42/fold_4/attempt_1/model.joblib,recorded_in_fold_manifest,20260821T164332Z_490383ff__exp_20260903T170029Z_e0883d24
rec_fbd8c164275be77b1eeb,/mnt/d/INFANT CRY/data_set_dbl_split/train/burping/3420_M_eh.wav,baby,infant_sha256:9bf814e9f9e17ae5e8d256d180824b9604a1162c6a7620bec7be570a3f42daae,4,not_baby,0.004306856192488469,0.9956931438075115,original,/mnt/d/INFANT CRY/Models_dbl/experiments/runs/20260821T164332Z_490383ff__exp_20260903T170029Z_e0883d24/candidates/stage1_mfcc_svm/seed_42/fold_4/attempt_1/model.joblib,recorded_in_fold_manifest,20260821T164332Z_490383ff__exp_20260903T170029Z_e0883d24
rec_3b0dbc0e1235864017ad,/mnt/d/INFANT CRY/data_set_dbl_split/train/burping/3731_M_eh.wav,baby,infant_sha256:54cf23478385684edb55accc5ab28619920026a6ee9f5a371a29c7f8eeeb7473,4,baby,0.9999597928716192,4.020712838078784e-05,original,/mnt/d/INFANT CRY/Models_dbl/experiments/runs/20260821T164332Z_490383ff__exp_20260903T170029Z_e0883d24/candidates/stage1_mfcc_svm/seed_42/fold_4/attempt_1/model.joblib,recorded_in_fold_manifest,20260821T164332Z_490383ff__exp_20260903T170029Z_e0883d24
rec_af793bcc7a84612776fa,/mnt/d/INFANT CRY/data_set_dbl_split/train/burping/3777_M_eh.wav,baby,infant_sha256:6f3b48b39988f145c4696c6b9758225720c28d11848a234638dd4f0c4717ecc0,4,baby,0.9996434496920932,0.00035655030790676293,original,/mnt/d/INFANT CRY/Models_dbl/experiments/runs/20260821T164332Z_490383ff__exp_20260903T170029Z_e0883d24/candidates/stage1_mfcc_svm/seed_42/fold_4/attempt_1/model.joblib,recorded_in_fold_manifest,20260821T164332Z_490383ff__exp_20260903T170029Z_e0883d24
rec_b7dc41a5877cdafcdeba,/mnt/d/INFANT CRY/data_set_dbl_split/train/burping/3849_M_eh.wav,baby,infant_sha256:a4a3aa4b637ea93d6bc271cca14dbbff0e1580902efc83d58bef98f532889100,4,baby,0.9994239579990373,0.0005760420009627113,original,/mnt/d/INFANT CRY/Models_dbl/experiments/runs/20260821T164332Z_490383ff__exp_20260903T170029Z_e0883d24/candidates/stage1_mfcc_svm/seed_42/fold_4/attempt_1/model.joblib,recorded_in_fold_manifest,20260821T164332Z_490383ff__exp_20260903T170029Z_e0883d24
rec_d138f7e7049b5fee47f8,/mnt/d/INFANT CRY/data_set_dbl_split/train/burping/4177_M_eh.wav,baby,infant_sha256:b91a8cf0542b8416810f29431f1060797d119b847eb699a5909e82f53442dc1f,4,baby,0.9784145003877377,0.02158549961226227,original,/mnt/d/INFANT CRY/Models_dbl/experiments/runs/20260821T164332Z_490383ff__exp_20260903T170029Z_e0883d24/candidates/stage1_mfcc_svm/seed_42/fold_4/attempt_1/model.joblib,recorded_in_fold_manifest,20260821T164332Z_490383ff__exp_20260903T170029Z_e0883d24
rec_d87509cfc191a34d274c,/mnt/d/INFANT CRY/data_set_dbl_split/train/burping/4290_M_eh.wav,baby,infant_sha256:a3301c86fa3f13c571f42aba0ea2d8e3848dd4b7a9f06996868c366ce6b68d35,4,baby,0.8187949957624582,0.18120500423754177,original,/mnt/d/INFANT CRY/Models_dbl/experiments/runs/20260821T164332Z_490383ff__exp_20260903T170029Z_e0883d24/candidates/stage1_mfcc_svm/seed_42/fold_4/attempt_1/model.joblib,recorded_in_fold_manifest,20260821T164332Z_490383ff__exp_20260903T170029Z_e0883d24
rec_0243d0e4f1276ccf9ce1,/mnt/d/INFANT CRY/data_set_dbl_split/train/burping/4389_F_eh.wav,baby,infant_sha256:181e00480b9c2b8a57df730dffa10f12034422ae67a8249c6bc99dc888d4f167,4,baby,0.8872210589465263,0.11277894105347384,original,/mnt/d/INFANT CRY/Models_dbl/experiments/runs/20260821T164332Z_490383ff__exp_20260903T170029Z_e0883d24/candidates/stage1_mfcc_svm/seed_42/fold_4/attempt_1/model.joblib,recorded_in_fold_manifest,20260821T164332Z_490383ff__exp_20260903T170029Z_e0883d24
rec_9d65a63ce58da021c946,/mnt/d/INFANT CRY/data_set_dbl_split/train/burping/45_M_eh.wav,baby,infant_sha256:e78f3437c973f6a8dc0a565871b79baca577d4560cdeecd1fea1c038e4b9ceef,4,baby,0.9975113432933289,0.0024886567066710486,original,/mnt/d/INFANT CRY/Models_dbl/experiments/runs/20260821T164332Z_490383ff__exp_20260903T170029Z_e0883d24/candidates/stage1_mfcc_svm/seed_42/fold_4/attempt_1/model.joblib,recorded_in_fold_manifest,20260821T164332Z_490383ff__exp_20260903T170029Z_e0883d24
rec_bdbf83ffad21ba24d2b2,/mnt/d/INFANT CRY/data_set_dbl_split/train/burping/4698_M_eh.wav,baby,infant_sha256:155f3be11f7782f83fb7fb80f0cc8a587578f7d1f3064e337c2b3bcf584bc438,4,baby,0.9993887786297122,0.0006112213702878365,original,/mnt/d/INFANT CRY/Models_dbl/experiments/runs/20260821T164332Z_490383ff__exp_20260903T170029Z_e0883d24/candidates/stage1_mfcc_svm/seed_42/fold_4/attempt_1/model.joblib,recorded_in_fold_manifest,20260821T164332Z_490383ff__exp_20260903T170029Z_e0883d24
rec_c2ca957db2b55f01ab5b,/mnt/d/INFANT CRY/data_set_dbl_split/train/burping/642_M_eh.wav,baby,infant_sha256:23b34e86fce8d96b17c8c45042054f2b7d6ea07a404af4a377cbd2192cfd8908,4,baby,0.9109564361609029,0.08904356383909708,original,/mnt/d/INFANT CRY/Models_dbl/experiments/runs/20260821T164332Z_490383ff__exp_20260903T170029Z_e0883d24/candidates/stage1_mfcc_svm/seed_42/fold_4/attempt_1/model.joblib,recorded_in_fold_manifest,20260821T164332Z_490383ff__exp_20260903T170029Z_e0883d24
rec_e5053874909e75e7cdae,/mnt/d/INFANT CRY/data_set_dbl_split/train/burping/819_F_eh.wav,baby,infant_sha256:ee109c1bc2c0e3ca65d71e0080a127ae18b5b3c44db96992cd584863c7b33d31,4,baby,0.7521328824834905,0.24786711751650947,original,/mnt/d/INFANT CRY/Models_dbl/experiments/runs/20260821T164332Z_490383ff__exp_20260903T170029Z_e0883d24/candidates/stage1_mfcc_svm/seed_42/fold_4/attempt_1/model.joblib,recorded_in_fold_manifest,20260821T164332Z_490383ff__exp_20260903T170029Z_e0883d24
rec_321aefb0aa457ba0707e,/mnt/d/INFANT CRY/data_set_dbl_split/train/burping/901_M_eh.wav,baby,infant_sha256:2b3a74021ee1c28f193da545001bbab3dc713e22ad445c7c51f49596dd027ac0,4,baby,0.999933269129872,6.673087012803116e-05,original,/mnt/d/INFANT CRY/Models_dbl/experiments/runs/20260821T164332Z_490383ff__exp_20260903T170029Z_e0883d24/candidates/stage1_mfcc_svm/seed_42/fold_4/attempt_1/model.joblib,recorded_in_fold_manifest,20260821T164332Z_490383ff__exp_20260903T170029Z_e0883d24
rec_6bfb452e0fb288f7e4b1,/mnt/d/INFANT CRY/data_set_dbl_split/train/burping/915_F_eh.wav,baby,infant_sha256:b05ce357bf654d5a0f2cfc8a438b56a79d0a3b2349c07440fe0bc42683d31b6d,4,baby,0.9993029264361517,0.0006970735638482532,original,/mnt/d/INFANT CRY/Models_dbl/experiments/runs/20260821T164332Z_490383ff__exp_20260903T170029Z_e0883d24/candidates/stage1_mfcc_svm/seed_42/fold_4/attempt_1/model.joblib,recorded_in_fold_manifest,20260821T164332Z_490383ff__exp_20260903T170029Z_e0883d24
rec_535c552a0776b718850f,/mnt/d/INFANT CRY/data_set_dbl_split/train/discomfort/1266_M_heh.wav,baby,infant_sha256:4de53b96c3e650367c41444167d23f140af9e239fd1daa3b9ca868a77eaf15f3,4,baby,0.9993593070727002,0.0006406929272998473,original,/mnt/d/INFANT CRY/Models_dbl/experiments/runs/20260821T164332Z_490383ff__exp_20260903T170029Z_e0883d24/candidates/stage1_mfcc_svm/seed_42/fold_4/attempt_1/model.joblib,recorded_in_fold_manifest,20260821T164332Z_490383ff__exp_20260903T170029Z_e0883d24
rec_d252f8e43bac8a94460c,/mnt/d/INFANT CRY/data_set_dbl_split/train/discomfort/1656_M_heh.wav,baby,infant_sha256:2d848ed246ce0bbc52c77810dde65402d740a28d3c2f568da7d8f8b14b25d85d,4,baby,0.9990989456519968,0.000901054348003168,original,/mnt/d/INFANT CRY/Models_dbl/experiments/runs/20260821T164332Z_490383ff__exp_20260903T170029Z_e0883d24/candidates/stage1_mfcc_svm/seed_42/fold_4/attempt_1/model.joblib,recorded_in_fold_manifest,20260821T164332Z_490383ff__exp_20260903T170029Z_e0883d24
rec_ea8217cfae981608c5cf,/mnt/d/INFANT CRY/data_set_dbl_split/train/discomfort/1775_M_heh.wav,baby,infant_sha256:37dc8527e41905a6926e2195f5c6267b21b3195ee53eac8a25d476c7c5faede5,4,baby,0.968008302338493,0.031991697661507,original,/mnt/d/INFANT CRY/Models_dbl/experiments/runs/20260821T164332Z_490383ff__exp_20260903T170029Z_e0883d24/candidates/stage1_mfcc_svm/seed_42/fold_4/attempt_1/model.joblib,recorded_in_fold_manifest,20260821T164332Z_490383ff__exp_20260903T170029Z_e0883d24
rec_0added8756718f697995,/mnt/d/INFANT CRY/data_set_dbl_split/train/discomfort/2085_M_heh.wav,baby,infant_sha256:ec86f05fb2a7012c4915257f5a1c633abe892cf688de5f9a6aeeeaf252371456,4,baby,0.9987364153166564,0.0012635846833436559,original,/mnt/d/INFANT CRY/Models_dbl/experiments/runs/20260821T164332Z_490383ff__exp_20260903T170029Z_e0883d24/candidates/stage1_mfcc_svm/seed_42/fold_4/attempt_1/model.joblib,recorded_in_fold_manifest,20260821T164332Z_490383ff__exp_20260903T170029Z_e0883d24
rec_dffa4febe3cb777a6ec2,/mnt/d/INFANT CRY/data_set_dbl_split/train/discomfort/2332_M_heh.wav,baby,infant_sha256:51450ac6379ec6f461adf5619bea39cb8804f41d4da5a87191de5788c2672f4a,4,baby,0.999641074948164,0.0003589250518360214,original,/mnt/d/INFANT CRY/Models_dbl/experiments/runs/20260821T164332Z_490383ff__exp_20260903T170029Z_e0883d24/candidates/stage1_mfcc_svm/seed_42/fold_4/attempt_1/model.joblib,recorded_in_fold_manifest,20260821T164332Z_490383ff__exp_20260903T170029Z_e0883d24
rec_8531260c58ed47ae96f8,/mnt/d/INFANT CRY/data_set_dbl_split/train/discomfort/2588_F_heh.wav,baby,infant_sha256:68e34d3e9f5daacd74f7690c8ef8cbbfaa740282ebad4724d2e4e82ac5b8871e,4,baby,0.9895526951038072,0.010447304896192871,original,/mnt/d/INFANT CRY/Models_dbl/experiments/runs/20260821T164332Z_490383ff__exp_20260903T170029Z_e0883d24/candidates/stage1_mfcc_svm/seed_42/fold_4/attempt_1/model.joblib,recorded_in_fold_manifest,20260821T164332Z_490383ff__exp_20260903T170029Z_e0883d24
rec_01d818a8f633482ae893,/mnt/d/INFANT CRY/data_set_dbl_split/train/discomfort/2800_M_heh.wav,baby,infant_sha256:577e4ca2a1c7eb943e1555e686ce35aa8e50856af3fe081dfcc01cbfd5ba21c1,4,baby,0.9996524310973008,0.0003475689026992573,original,/mnt/d/INFANT CRY/Models_dbl/experiments/runs/20260821T164332Z_490383ff__exp_20260903T170029Z_e0883d24/candidates/stage1_mfcc_svm/seed_42/fold_4/attempt_1/model.joblib,recorded_in_fold_manifest,20260821T164332Z_490383ff__exp_20260903T170029Z_e0883d24
rec_8c9bd93d6cae8287536e,/mnt/d/INFANT CRY/data_set_dbl_split/train/discomfort/2802_M_heh.wav,baby,infant_sha256:4efe9f28271af4aa2335ad0d0a4d2265b9d3cc81a61c9fa22e85d47eab68d021,4,baby,0.9597298203883222,0.040270179611677795,original,/mnt/d/INFANT CRY/Models_dbl/experiments/runs/20260821T164332Z_490383ff__exp_20260903T170029Z_e0883d24/candidates/stage1_mfcc_svm/seed_42/fold_4/attempt_1/model.joblib,recorded_in_fold_manifest,20260821T164332Z_490383ff__exp_20260903T170029Z_e0883d24
rec_aafac0f86f7d823eb681,/mnt/d/INFANT CRY/data_set_dbl_split/train/discomfort/2856_M_heh.wav,baby,infant_sha256:cdc6b19e4e2c5240563ed06e6895bd1503b81c33f5681a20732f3cdee5a32dd4,4,not_baby,0.05379755947344622,0.9462024405265538,original,/mnt/d/INFANT CRY/Models_dbl/experiments/runs/20260821T164332Z_490383ff__exp_20260903T170029Z_e0883d24/candidates/stage1_mfcc_svm/seed_42/fold_4/attempt_1/model.joblib,recorded_in_fold_manifest,20260821T164332Z_490383ff__exp_20260903T170029Z_e0883d24
rec_122140d62463d7d58e24,/mnt/d/INFANT CRY/data_set_dbl_split/train/discomfort/3369_F_heh.wav,baby,infant_sha256:88d0ec15b3b514a68aeaa59a7f13ac8345fb53344df594fd304818a7a678c609,4,baby,0.9919543932747593,0.008045606725240668,original,/mnt/d/INFANT CRY/Models_dbl/experiments/runs/20260821T164332Z_490383ff__exp_20260903T170029Z_e0883d24/candidates/stage1_mfcc_svm/seed_42/fold_4/attempt_1/model.joblib,recorded_in_fold_manifest,20260821T164332Z_490383ff__exp_20260903T170029Z_e0883d24
rec_7025af523ff923b12389,/mnt/d/INFANT CRY/data_set_dbl_split/train/discomfort/3499_M_heh.wav,baby,infant_sha256:9391e6b4981baf0c7cc0eb55a6693fa200dd85022b84f4f63362a77db6ef7943,4,baby,0.9999957020209703,4.297979029600727e-06,original,/mnt/d/INFANT CRY/Models_dbl/experiments/runs/20260821T164332Z_490383ff__exp_20260903T170029Z_e0883d24/candidates/stage1_mfcc_svm/seed_42/fold_4/attempt_1/model.joblib,recorded_in_fold_manifest,20260821T164332Z_490383ff__exp_20260903T170029Z_e0883d24
rec_3f52b4d2fc987b097465,/mnt/d/INFANT CRY/data_set_dbl_split/train/discomfort/362_M_heh.wav,baby,infant_sha256:4029023bb9052e9d6c91c7676f152ef5dbadd23c9630f3e7aec5861ca37c3afb,4,not_baby,0.10663016600326398,0.893369833996736,original,/mnt/d/INFANT CRY/Models_dbl/experiments/runs/20260821T164332Z_490383ff__exp_20260903T170029Z_e0883d24/candidates/stage1_mfcc_svm/seed_42/fold_4/attempt_1/model.joblib,recorded_in_fold_manifest,20260821T164332Z_490383ff__exp_20260903T170029Z_e0883d24
rec_cf665a8d5d04d0e150ed,/mnt/d/INFANT CRY/data_set_dbl_split/train/discomfort/3643_M_heh.wav,baby,infant_sha256:e1a1b6217794024bd5a9374699ccd793a9875328aa589c5e2d0338fef8112cd7,4,baby,0.97523191249476,0.0247680875052399,original,/mnt/d/INFANT CRY/Models_dbl/experiments/runs/20260821T164332Z_490383ff__exp_20260903T170029Z_e0883d24/candidates/stage1_mfcc_svm/seed_42/fold_4/attempt_1/model.joblib,recorded_in_fold_manifest,20260821T164332Z_490383ff__exp_20260903T170029Z_e0883d24
rec_542e505927d446598565,/mnt/d/INFANT CRY/data_set_dbl_split/train/discomfort/3815_F_heh.wav,baby,infant_sha256:c973a8f3fb5306b502e6466a974ed76fb33ec00f1adcc37cf482b2c083905fe3,4,baby,0.9988948957993554,0.0011051042006445732,original,/mnt/d/INFANT CRY/Models_dbl/experiments/runs/20260821T164332Z_490383ff__exp_20260903T170029Z_e0883d24/candidates/stage1_mfcc_svm/seed_42/fold_4/attempt_1/model.joblib,recorded_in_fold_manifest,20260821T164332Z_490383ff__exp_20260903T170029Z_e0883d24
rec_8e8cba3c6a2d7b965e01,/mnt/d/INFANT CRY/data_set_dbl_split/train/discomfort/4203_M_heh.wav,baby,infant_sha256:ae269682a93c68792187ee79296f17a3ed5158bb641ee5d377bb2d61ce909d2b,4,baby,0.9525144138654309,0.04748558613456911,original,/mnt/d/INFANT CRY/Models_dbl/experiments/runs/20260821T164332Z_490383ff__exp_20260903T170029Z_e0883d24/candidates/stage1_mfcc_svm/seed_42/fold_4/attempt_1/model.joblib,recorded_in_fold_manifest,20260821T164332Z_490383ff__exp_20260903T170029Z_e0883d24
rec_6078ad0e8ea8a14799ba,/mnt/d/INFANT CRY/data_set_dbl_split/train/discomfort/4825_M_heh.wav,baby,infant_sha256:d1571e04f856e5f068d834f08291a0971afeb98f4a617495f2552e6e614b2d71,4,baby,0.9994656361311212,0.0005343638688788498,original,/mnt/d/INFANT CRY/Models_dbl/experiments/runs/20260821T164332Z_490383ff__exp_20260903T170029Z_e0883d24/candidates/stage1_mfcc_svm/seed_42/fold_4/attempt_1/model.joblib,recorded_in_fold_manifest,20260821T164332Z_490383ff__exp_20260903T170029Z_e0883d24
rec_bb84d05c8dfb27a04662,/mnt/d/INFANT CRY/data_set_dbl_split/train/discomfort/507_M_heh.wav,baby,infant_sha256:d04330d3482f96ec7a31fe2c1216d6e7ebf7bbfed78fd170836b8427ad3343b7,4,baby,0.999803049749465,0.00019695025053510795,original,/mnt/d/INFANT CRY/Models_dbl/experiments/runs/20260821T164332Z_490383ff__exp_20260903T170029Z_e0883d24/candidates/stage1_mfcc_svm/seed_42/fold_4/attempt_1/model.joblib,recorded_in_fold_manifest,20260821T164332Z_490383ff__exp_20260903T170029Z_e0883d24
rec_b2b046ee6befacc1736f,/mnt/d/INFANT CRY/data_set_dbl_split/train/discomfort/595_M_heh.wav,baby,infant_sha256:836317646e5c06c623d6c0550deadf12333f0fccd489042da5bb95a187d602c4,4,baby,0.9985288383234739,0.0014711616765260874,original,/mnt/d/INFANT CRY/Models_dbl/experiments/runs/20260821T164332Z_490383ff__exp_20260903T170029Z_e0883d24/candidates/stage1_mfcc_svm/seed_42/fold_4/attempt_1/model.joblib,recorded_in_fold_manifest,20260821T164332Z_490383ff__exp_20260903T170029Z_e0883d24
rec_9362bfdd724c2e4f3f5f,/mnt/d/INFANT CRY/data_set_dbl_split/train/discomfort/dunstan-heh_21.wav,baby,infant_sha256:5627d07320b1fe0e838b9565b872e8f77af65ab78f41b4775e8a273cf034e9c2,4,baby,0.9963673622097191,0.0036326377902809546,original,/mnt/d/INFANT CRY/Models_dbl/experiments/runs/20260821T164332Z_490383ff__exp_20260903T170029Z_e0883d24/candidates/stage1_mfcc_svm/seed_42/fold_4/attempt_1/model.joblib,recorded_in_fold_manifest,20260821T164332Z_490383ff__exp_20260903T170029Z_e0883d24
rec_5dd030b8afd73faf7e6d,/mnt/d/INFANT CRY/data_set_dbl_split/train/discomfort/dunstan-heh_48.wav,baby,infant_sha256:d6a95efef2a5e14826871997882a4700ad02b4a9c82d3cfc5bff31164dc36414,4,baby,0.9996927440361902,0.00030725596380967913,original,/mnt/d/INFANT CRY/Models_dbl/experiments/runs/20260821T164332Z_490383ff__exp_20260903T170029Z_e0883d24/candidates/stage1_mfcc_svm/seed_42/fold_4/attempt_1/model.joblib,recorded_in_fold_manifest,20260821T164332Z_490383ff__exp_20260903T170029Z_e0883d24
rec_35a314bcf50ccf77f9b4,/mnt/d/INFANT CRY/data_set_dbl_split/train/hungry/1136_M_neh.wav,baby,infant_sha256:78e4082dec5bbf0b02ca347585814f331b1b87f01310a3b0d344f6237ad1e127,4,baby,0.9985715959866304,0.0014284040133696566,original,/mnt/d/INFANT CRY/Models_dbl/experiments/runs/20260821T164332Z_490383ff__exp_20260903T170029Z_e0883d24/candidates/stage1_mfcc_svm/seed_42/fold_4/attempt_1/model.joblib,recorded_in_fold_manifest,20260821T164332Z_490383ff__exp_20260903T170029Z_e0883d24
rec_67bd9b946343aa8c831e,/mnt/d/INFANT CRY/data_set_dbl_split/train/hungry/1401_F_neh.wav,baby,infant_sha256:5ffc0956ffe25ec309316ad7123e98c4afa62f826c12c30a9539843e89942fed,4,baby,0.9999051414167728,9.485858322718141e-05,original,/mnt/d/INFANT CRY/Models_dbl/experiments/runs/20260821T164332Z_490383ff__exp_20260903T170029Z_e0883d24/candidates/stage1_mfcc_svm/seed_42/fold_4/attempt_1/model.joblib,recorded_in_fold_manifest,20260821T164332Z_490383ff__exp_20260903T170029Z_e0883d24
rec_f897edc91aad92f1f4d4,/mnt/d/INFANT CRY/data_set_dbl_split/train/hungry/1521_F_neh.wav,baby,infant_sha256:0c604a79abbc46d0bdabb207c066d493647b023587ee22a1254f7e438d5a4524,4,baby,0.9892337046167834,0.010766295383216629,original,/mnt/d/INFANT CRY/Models_dbl/experiments/runs/20260821T164332Z_490383ff__exp_20260903T170029Z_e0883d24/candidates/stage1_mfcc_svm/seed_42/fold_4/attempt_1/model.joblib,recorded_in_fold_manifest,20260821T164332Z_490383ff__exp_20260903T170029Z_e0883d24
rec_ea7d0967f9ac5dec1709,/mnt/d/INFANT CRY/data_set_dbl_split/train/hungry/1770_M_neh.wav,baby,infant_sha256:63681776040e65d9d78c1439027554032307635589f4d80bab2540f4ba3bf12a,4,baby,0.9981875657380563,0.0018124342619437123,original,/mnt/d/INFANT CRY/Models_dbl/experiments/runs/20260821T164332Z_490383ff__exp_20260903T170029Z_e0883d24/candidates/stage1_mfcc_svm/seed_42/fold_4/attempt_1/model.joblib,recorded_in_fold_manifest,20260821T164332Z_490383ff__exp_20260903T170029Z_e0883d24
rec_3f27c431eeb305663abf,/mnt/d/INFANT CRY/data_set_dbl_split/train/hungry/2326_M_neh.wav,baby,infant_sha256:c92bbb70edcce9a3f7a82e28dad8031ad04a089d4c75e6327001141737216bac,4,not_baby,0.039966075789311106,0.9600339242106889,original,/mnt/d/INFANT CRY/Models_dbl/experiments/runs/20260821T164332Z_490383ff__exp_20260903T170029Z_e0883d24/candidates/stage1_mfcc_svm/seed_42/fold_4/attempt_1/model.joblib,recorded_in_fold_manifest,20260821T164332Z_490383ff__exp_20260903T170029Z_e0883d24
rec_d4767218d9010329825d,/mnt/d/INFANT CRY/data_set_dbl_split/train/hungry/2550_M_neh.wav,baby,infant_sha256:4d4befbd03bf30816d9c767fb97f501e0e1eeed542a6f189abbabaa240af0000,4,baby,0.9965583098397566,0.0034416901602434672,original,/mnt/d/INFANT CRY/Models_dbl/experiments/runs/20260821T164332Z_490383ff__exp_20260903T170029Z_e0883d24/candidates/stage1_mfcc_svm/seed_42/fold_4/attempt_1/model.joblib,recorded_in_fold_manifest,20260821T164332Z_490383ff__exp_20260903T170029Z_e0883d24
rec_9fda6433c0cfb05ba603,/mnt/d/INFANT CRY/data_set_dbl_split/train/hungry/2790_M_neh.wav,baby,infant_sha256:6d1dc506e0f2320780b1567d419d21247d55f87bf41609c3f418ac158ddd00e4,4,baby,0.9988745554174207,0.0011254445825794048,original,/mnt/d/INFANT CRY/Models_dbl/experiments/runs/20260821T164332Z_490383ff__exp_20260903T170029Z_e0883d24/candidates/stage1_mfcc_svm/seed_42/fold_4/attempt_1/model.joblib,recorded_in_fold_manifest,20260821T164332Z_490383ff__exp_20260903T170029Z_e0883d24
rec_bbeadf4eccca05727d8d,/mnt/d/INFANT CRY/data_set_dbl_split/train/hungry/2984_M_neh.wav,baby,infant_sha256:7af22f70272db9d107cc11d5d627a127d6d1a71d48373b873058a88b6828d0cd,4,baby,0.9997992122738301,0.00020078772616998156,original,/mnt/d/INFANT CRY/Models_dbl/experiments/runs/20260821T164332Z_490383ff__exp_20260903T170029Z_e0883d24/candidates/stage1_mfcc_svm/seed_42/fold_4/attempt_1/model.joblib,recorded_in_fold_manifest,20260821T164332Z_490383ff__exp_20260903T170029Z_e0883d24
rec_9cf4fb751fdcfd3e5fa1,/mnt/d/INFANT CRY/data_set_dbl_split/train/hungry/3146_F_neh.wav,baby,infant_sha256:2c2f2457b793e1d3de6a92ccda04d6dcea998cc76fa4eead1a5dbd7e2dbdc0f4,4,baby,0.9983167513251828,0.0016832486748172243,original,/mnt/d/INFANT CRY/Models_dbl/experiments/runs/20260821T164332Z_490383ff__exp_20260903T170029Z_e0883d24/candidates/stage1_mfcc_svm/seed_42/fold_4/attempt_1/model.joblib,recorded_in_fold_manifest,20260821T164332Z_490383ff__exp_20260903T170029Z_e0883d24
rec_883b3d09371eb4815a3c,/mnt/d/INFANT CRY/data_set_dbl_split/train/hungry/3782_M_neh.wav,baby,infant_sha256:e042b88b67afe86ae310967738f17d39d13ebca955e6222cda2bba79022d4a10,4,baby,0.9988681263233865,0.001131873676613497,original,/mnt/d/INFANT CRY/Models_dbl/experiments/runs/20260821T164332Z_490383ff__exp_20260903T170029Z_e0883d24/candidates/stage1_mfcc_svm/seed_42/fold_4/attempt_1/model.joblib,recorded_in_fold_manifest,20260821T164332Z_490383ff__exp_20260903T170029Z_e0883d24
rec_d9f72db0ab671c11e601,/mnt/d/INFANT CRY/data_set_dbl_split/train/hungry/3800_M_neh.wav,baby,infant_sha256:532f1ad8aa41cbdda10f1a2dded06af106b8c33512e5316cf0ece3d088320c88,4,baby,0.9977667328175185,0.0022332671824814927,original,/mnt/d/INFANT CRY/Models_dbl/experiments/runs/20260821T164332Z_490383ff__exp_20260903T170029Z_e0883d24/candidates/stage1_mfcc_svm/seed_42/fold_4/attempt_1/model.joblib,recorded_in_fold_manifest,20260821T164332Z_490383ff__exp_20260903T170029Z_e0883d24
rec_aa120f51f1874bfc4566,/mnt/d/INFANT CRY/data_set_dbl_split/train/hungry/3870_M_neh.wav,baby,infant_sha256:d1ae7d952aa0ad9b990b7666bf75fb88bf77a70c1809fb2b552c73bf33a7babb,4,baby,0.999317815058255,0.0006821849417449425,original,/mnt/d/INFANT CRY/Models_dbl/experiments/runs/20260821T164332Z_490383ff__exp_20260903T170029Z_e0883d24/candidates/stage1_mfcc_svm/seed_42/fold_4/attempt_1/model.joblib,recorded_in_fold_manifest,20260821T164332Z_490383ff__exp_20260903T170029Z_e0883d24
rec_eb761db33bdc0705f83c,/mnt/d/INFANT CRY/data_set_dbl_split/train/hungry/4202_M_neh.wav,baby,infant_sha256:888125bf2f46f3cbda0081f238a05815341f965042bdd4c506a2a77280860a37,4,baby,0.5528167056337872,0.4471832943662129,original,/mnt/d/INFANT CRY/Models_dbl/experiments/runs/20260821T164332Z_490383ff__exp_20260903T170029Z_e0883d24/candidates/stage1_mfcc_svm/seed_42/fold_4/attempt_1/model.joblib,recorded_in_fold_manifest,20260821T164332Z_490383ff__exp_20260903T170029Z_e0883d24
rec_2cfbeb91a2cd57cedc7d,/mnt/d/INFANT CRY/data_set_dbl_split/train/hungry/4300_M_neh.wav,baby,infant_sha256:98457ab2ac6fc706aa37632ffe6ed460d107a5a3a920040de75ed0d38b1af922,4,baby,0.9974408928780509,0.0025591071219490153,original,/mnt/d/INFANT CRY/Models_dbl/experiments/runs/20260821T164332Z_490383ff__exp_20260903T170029Z_e0883d24/candidates/stage1_mfcc_svm/seed_42/fold_4/attempt_1/model.joblib,recorded_in_fold_manifest,20260821T164332Z_490383ff__exp_20260903T170029Z_e0883d24
rec_0fd521640fdbb5d41b79,/mnt/d/INFANT CRY/data_set_dbl_split/train/hungry/4306_F_neh.wav,baby,infant_sha256:7c7af8ace0608c1ffd3645e704d9fac65045d77d0665461320f78a16a4b59c56,4,baby,0.9965727532395944,0.003427246760405675,original,/mnt/d/INFANT CRY/Models_dbl/experiments/runs/20260821T164332Z_490383ff__exp_20260903T170029Z_e0883d24/candidates/stage1_mfcc_svm/seed_42/fold_4/attempt_1/model.joblib,recorded_in_fold_manifest,20260821T164332Z_490383ff__exp_20260903T170029Z_e0883d24
rec_b9118574ae063823a271,/mnt/d/INFANT CRY/data_set_dbl_split/train/hungry/4927_F_neh.wav,baby,infant_sha256:a67a58764a2e17d9d04d857fdee398285de2a50e1f923495de9fb953e750be0a,4,baby,0.9999628064621847,3.7193537815305434e-05,original,/mnt/d/INFANT CRY/Models_dbl/experiments/runs/20260821T164332Z_490383ff__exp_20260903T170029Z_e0883d24/candidates/stage1_mfcc_svm/seed_42/fold_4/attempt_1/model.joblib,recorded_in_fold_manifest,20260821T164332Z_490383ff__exp_20260903T170029Z_e0883d24
rec_843d0ff9482328148496,/mnt/d/INFANT CRY/data_set_dbl_split/train/hungry/4928_M_neh.wav,baby,infant_sha256:64c3a79bc435dc1c61fc310bb1b64a6c26973ed7a60e8439ba42780d68479141,4,baby,0.988816375909672,0.011183624090327995,original,/mnt/d/INFANT CRY/Models_dbl/experiments/runs/20260821T164332Z_490383ff__exp_20260903T170029Z_e0883d24/candidates/stage1_mfcc_svm/seed_42/fold_4/attempt_1/model.joblib,recorded_in_fold_manifest,20260821T164332Z_490383ff__exp_20260903T170029Z_e0883d24
rec_54896c135751fc926faf,/mnt/d/INFANT CRY/data_set_dbl_split/train/hungry/804_F_neh.wav,baby,infant_sha256:009ea17f6cad014895e26e30d5005d967b6086657eb4401c74c8ba681df306d9,4,baby,0.9987023518493664,0.001297648150633632,original,/mnt/d/INFANT CRY/Models_dbl/experiments/runs/20260821T164332Z_490383ff__exp_20260903T170029Z_e0883d24/candidates/stage1_mfcc_svm/seed_42/fold_4/attempt_1/model.joblib,recorded_in_fold_manifest,20260821T164332Z_490383ff__exp_20260903T170029Z_e0883d24
rec_a8ed319ae2c5af1fb4e7,/mnt/d/INFANT CRY/data_set_dbl_split/train/hungry/848_M_neh.wav,baby,infant_sha256:6ca563faf33cf29200ef17f12ef123da55e6efff40fb02f6c4f72b5e8b07892f,4,baby,0.9898038719436534,0.010196128056346706,original,/mnt/d/INFANT CRY/Models_dbl/experiments/runs/20260821T164332Z_490383ff__exp_20260903T170029Z_e0883d24/candidates/stage1_mfcc_svm/seed_42/fold_4/attempt_1/model.joblib,recorded_in_fold_manifest,20260821T164332Z_490383ff__exp_20260903T170029Z_e0883d24
rec_882649d0e1d9fb0fbaf3,/mnt/d/INFANT CRY/data_set_dbl_split/train/hungry/dunstan-neh_16.wav,baby,infant_sha256:f9ee0e6716e9067458baa3782da80c38e92a23f9c97112eb95e9afc5fa9a0be8,4,baby,0.9998918256653083,0.0001081743346917509,original,/mnt/d/INFANT CRY/Models_dbl/experiments/runs/20260821T164332Z_490383ff__exp_20260903T170029Z_e0883d24/candidates/stage1_mfcc_svm/seed_42/fold_4/attempt_1/model.joblib,recorded_in_fold_manifest,20260821T164332Z_490383ff__exp_20260903T170029Z_e0883d24
rec_6e37e8a77e8237f8a1e7,/mnt/d/INFANT CRY/data_set_dbl_split/train/hungry/dunstan-neh_18.wav,baby,infant_sha256:8d47568a4c91f9c64fcf6d2e35693aa5d73ce674cd2f908d8af56c879ec4e9ca,4,baby,0.9999840725425004,1.592745749957666e-05,original,/mnt/d/INFANT CRY/Models_dbl/experiments/runs/20260821T164332Z_490383ff__exp_20260903T170029Z_e0883d24/candidates/stage1_mfcc_svm/seed_42/fold_4/attempt_1/model.joblib,recorded_in_fold_manifest,20260821T164332Z_490383ff__exp_20260903T170029Z_e0883d24
rec_07bbcb1c1339e971458e,/mnt/d/INFANT CRY/data_set_dbl_split/train/hungry/dunstan-neh_2.wav,baby,infant_sha256:9e29bfaff786131f185aa3430b399cd86489c9d105de4c30aee2bea7ad92682f,4,baby,0.9999553989779758,4.460102202414279e-05,original,/mnt/d/INFANT CRY/Models_dbl/experiments/runs/20260821T164332Z_490383ff__exp_20260903T170029Z_e0883d24/candidates/stage1_mfcc_svm/seed_42/fold_4/attempt_1/model.joblib,recorded_in_fold_manifest,20260821T164332Z_490383ff__exp_20260903T170029Z_e0883d24
rec_84297140893c78309e78,/mnt/d/INFANT CRY/data_set_dbl_split/train/hungry/dunstan-neh_34.wav,baby,infant_sha256:293cc00f791b928ca588039a5c7fcf3227d54de23274e0ccf3710b5d44ab8b8f,4,baby,0.999129222259834,0.0008707777401660252,original,/mnt/d/INFANT CRY/Models_dbl/experiments/runs/20260821T164332Z_490383ff__exp_20260903T170029Z_e0883d24/candidates/stage1_mfcc_svm/seed_42/fold_4/attempt_1/model.joblib,recorded_in_fold_manifest,20260821T164332Z_490383ff__exp_20260903T170029Z_e0883d24
rec_8f4ae3b0a43cca27a403,/mnt/d/INFANT CRY/data_set_dbl_split/train/hungry/dunstan-neh_39.wav,baby,infant_sha256:10b87be6ec30b8983df637c55cf1eb56e731c180c6c36278b732422e5b8342ed,4,baby,0.9999588832030262,4.1116796973813344e-05,original,/mnt/d/INFANT CRY/Models_dbl/experiments/runs/20260821T164332Z_490383ff__exp_20260903T170029Z_e0883d24/candidates/stage1_mfcc_svm/seed_42/fold_4/attempt_1/model.joblib,recorded_in_fold_manifest,20260821T164332Z_490383ff__exp_20260903T170029Z_e0883d24
rec_1ead87a594d0546fc079,/mnt/d/INFANT CRY/data_set_dbl_split/train/hungry/dunstan-neh_51.wav,baby,infant_sha256:ade8aa7e3f4fabc4d3e211c665dd14721924a46cc2e29c35a074d8ad9907d9d7,4,baby,0.9996904848440723,0.0003095151559277046,original,/mnt/d/INFANT CRY/Models_dbl/experiments/runs/20260821T164332Z_490383ff__exp_20260903T170029Z_e0883d24/candidates/stage1_mfcc_svm/seed_42/fold_4/attempt_1/model.joblib,recorded_in_fold_manifest,20260821T164332Z_490383ff__exp_20260903T170029Z_e0883d24
rec_67cd8ebaa80d4dbd74da,/mnt/d/INFANT CRY/data_set_dbl_split/train/hungry/dunstan-neh_56.wav,baby,infant_sha256:c77c51072e5129cdd2a139d7ffbce339d7f426c87ce9698777a9b33b7c31e13e,4,baby,0.9988633686752854,0.001136631324714694,original,/mnt/d/INFANT CRY/Models_dbl/experiments/runs/20260821T164332Z_490383ff__exp_20260903T170029Z_e0883d24/candidates/stage1_mfcc_svm/seed_42/fold_4/attempt_1/model.joblib,recorded_in_fold_manifest,20260821T164332Z_490383ff__exp_20260903T170029Z_e0883d24
rec_cbccd8fd251b87fe11d5,/mnt/d/INFANT CRY/data_set_dbl_split/train/hungry/dunstan-neh_62.wav,baby,infant_sha256:f417c5929d46454e7ebf7f9f2cf14eb389ec4b6b032933ffd4f811752d0cb99b,4,baby,0.9999049471604923,9.50528395077013e-05,original,/mnt/d/INFANT CRY/Models_dbl/experiments/runs/20260821T164332Z_490383ff__exp_20260903T170029Z_e0883d24/candidates/stage1_mfcc_svm/seed_42/fold_4/attempt_1/model.joblib,recorded_in_fold_manifest,20260821T164332Z_490383ff__exp_20260903T170029Z_e0883d24
rec_74009090eeaa4cb18f98,/mnt/d/INFANT CRY/data_set_dbl_split/train/tired/1120_M_owh.wav,baby,infant_sha256:f1ec3592795c90404f517a1e0a939a1cf0ddc8f601138bfdfaa15c8dc65c641a,4,baby,0.9993516537718787,0.0006483462281212642,original,/mnt/d/INFANT CRY/Models_dbl/experiments/runs/20260821T164332Z_490383ff__exp_20260903T170029Z_e0883d24/candidates/stage1_mfcc_svm/seed_42/fold_4/attempt_1/model.joblib,recorded_in_fold_manifest,20260821T164332Z_490383ff__exp_20260903T170029Z_e0883d24
rec_87a7a199ee910aba5bc8,/mnt/d/INFANT CRY/data_set_dbl_split/train/tired/1140_M_owh.wav,baby,infant_sha256:fbc4d648a9646ce6cf9ac05ecbfda208040a0cd00b844856068c8f50a37afeb5,4,baby,0.9681200339803573,0.03187996601964277,original,/mnt/d/INFANT CRY/Models_dbl/experiments/runs/20260821T164332Z_490383ff__exp_20260903T170029Z_e0883d24/candidates/stage1_mfcc_svm/seed_42/fold_4/attempt_1/model.joblib,recorded_in_fold_manifest,20260821T164332Z_490383ff__exp_20260903T170029Z_e0883d24
rec_950b0753ed9a03701514,/mnt/d/INFANT CRY/data_set_dbl_split/train/tired/1348_M_owh.wav,baby,infant_sha256:42824cdefd03ef8782931e59d8346ea9f994b845eab24ca34330ef0f674d2d60,4,baby,0.999925375710165,7.462428983500086e-05,original,/mnt/d/INFANT CRY/Models_dbl/experiments/runs/20260821T164332Z_490383ff__exp_20260903T170029Z_e0883d24/candidates/stage1_mfcc_svm/seed_42/fold_4/attempt_1/model.joblib,recorded_in_fold_manifest,20260821T164332Z_490383ff__exp_20260903T170029Z_e0883d24
rec_a5039b5021ec851f2bf6,/mnt/d/INFANT CRY/data_set_dbl_split/train/tired/1476_M_owh.wav,baby,infant_sha256:7e088c0581ed3ddc44e84ae69ddb3a47a4677ad85890b945cde6678230b4eeee,4,baby,0.9206811157438958,0.07931888425610423,original,/mnt/d/INFANT CRY/Models_dbl/experiments/runs/20260821T164332Z_490383ff__exp_20260903T170029Z_e0883d24/candidates/stage1_mfcc_svm/seed_42/fold_4/attempt_1/model.joblib,recorded_in_fold_manifest,20260821T164332Z_490383ff__exp_20260903T170029Z_e0883d24
rec_4f9fc53284b79df94f38,/mnt/d/INFANT CRY/data_set_dbl_split/train/tired/1491_M_owh.wav,baby,infant_sha256:5bb3a46c4d3068bfa2d0e48ae20eaf46dda6d2a49a87b9ebc28c301345e48e37,4,baby,0.9996995915168314,0.0003004084831685934,original,/mnt/d/INFANT CRY/Models_dbl/experiments/runs/20260821T164332Z_490383ff__exp_20260903T170029Z_e0883d24/candidates/stage1_mfcc_svm/seed_42/fold_4/attempt_1/model.joblib,recorded_in_fold_manifest,20260821T164332Z_490383ff__exp_20260903T170029Z_e0883d24
rec_47309942b1070056b9ed,/mnt/d/INFANT CRY/data_set_dbl_split/train/tired/1505_M_owh.wav,baby,infant_sha256:62623fbcabe3221e5187068b470c0ac0e7ff35a2e2aac0965b1cf2d1b5ee07c7,4,baby,0.9690013441510079,0.030998655848992175,original,/mnt/d/INFANT CRY/Models_dbl/experiments/runs/20260821T164332Z_490383ff__exp_20260903T170029Z_e0883d24/candidates/stage1_mfcc_svm/seed_42/fold_4/attempt_1/model.joblib,recorded_in_fold_manifest,20260821T164332Z_490383ff__exp_20260903T170029Z_e0883d24
rec_2303bec8201142fee34f,/mnt/d/INFANT CRY/data_set_dbl_split/train/tired/1551_F_owh.wav,baby,infant_sha256:e2e51405c4f5541282f428081bb9d47504a570f53c08642a9e2c6ac62ae9ffcb,4,baby,0.9998121391453195,0.00018786085468052834,original,/mnt/d/INFANT CRY/Models_dbl/experiments/runs/20260821T164332Z_490383ff__exp_20260903T170029Z_e0883d24/candidates/stage1_mfcc_svm/seed_42/fold_4/attempt_1/model.joblib,recorded_in_fold_manifest,20260821T164332Z_490383ff__exp_20260903T170029Z_e0883d24
rec_9661a763b41403859d51,/mnt/d/INFANT CRY/data_set_dbl_split/train/tired/1556_M_owh.wav,baby,infant_sha256:a77945030575a70ae41e870baba365f768fba06e4672debe070feef61e8376ac,4,baby,0.9985130535449476,0.0014869464550524242,original,/mnt/d/INFANT CRY/Models_dbl/experiments/runs/20260821T164332Z_490383ff__exp_20260903T170029Z_e0883d24/candidates/stage1_mfcc_svm/seed_42/fold_4/attempt_1/model.joblib,recorded_in_fold_manifest,20260821T164332Z_490383ff__exp_20260903T170029Z_e0883d24
rec_fa1666c430c4c24731a7,/mnt/d/INFANT CRY/data_set_dbl_split/train/tired/1725_M_owh.wav,baby,infant_sha256:7dd152087fcefcc9f9b93c1caa89373a516088657d3ba41aeea69aa16f15b989,4,baby,0.9989693676225795,0.0010306323774206198,original,/mnt/d/INFANT CRY/Models_dbl/experiments/runs/20260821T164332Z_490383ff__exp_20260903T170029Z_e0883d24/candidates/stage1_mfcc_svm/seed_42/fold_4/attempt_1/model.joblib,recorded_in_fold_manifest,20260821T164332Z_490383ff__exp_20260903T170029Z_e0883d24
rec_fa3414ff2d6d5d170b65,/mnt/d/INFANT CRY/data_set_dbl_split/train/tired/1774_M_owh.wav,baby,infant_sha256:3fa6e2666c394674d2d2df336892f446c715268127f45952bdf38e2bc99b35a3,4,baby,0.9999091889301466,9.081106985338304e-05,original,/mnt/d/INFANT CRY/Models_dbl/experiments/runs/20260821T164332Z_490383ff__exp_20260903T170029Z_e0883d24/candidates/stage1_mfcc_svm/seed_42/fold_4/attempt_1/model.joblib,recorded_in_fold_manifest,20260821T164332Z_490383ff__exp_20260903T170029Z_e0883d24
rec_a86214024c23c1eb4af8,/mnt/d/INFANT CRY/data_set_dbl_split/train/tired/179_F_owh.wav,baby,infant_sha256:46ee40b16449e56dab56057a22f996c840e1be02aa67c9d2e97bda8770443971,4,baby,0.9991487032308477,0.000851296769152347,original,/mnt/d/INFANT CRY/Models_dbl/experiments/runs/20260821T164332Z_490383ff__exp_20260903T170029Z_e0883d24/candidates/stage1_mfcc_svm/seed_42/fold_4/attempt_1/model.joblib,recorded_in_fold_manifest,20260821T164332Z_490383ff__exp_20260903T170029Z_e0883d24
rec_cdca1935e390a0d6b1bb,/mnt/d/INFANT CRY/data_set_dbl_split/train/tired/1865_M_owh.wav,baby,infant_sha256:e5ba0360ab4414b6412e0a5f9d59ce24b1fb71b38dd77ea8addfd620854b28e9,4,baby,0.9985985481815478,0.0014014518184522096,original,/mnt/d/INFANT CRY/Models_dbl/experiments/runs/20260821T164332Z_490383ff__exp_20260903T170029Z_e0883d24/candidates/stage1_mfcc_svm/seed_42/fold_4/attempt_1/model.joblib,recorded_in_fold_manifest,20260821T164332Z_490383ff__exp_20260903T170029Z_e0883d24
rec_19e3c637f4eccbf04858,/mnt/d/INFANT CRY/data_set_dbl_split/train/tired/1972_M_owh.wav,baby,infant_sha256:0593ce11789b5e1e41471525625f663b573e6508299df09a38c68e2a878547e4,4,baby,0.987912872723257,0.012087127276742996,original,/mnt/d/INFANT CRY/Models_dbl/experiments/runs/20260821T164332Z_490383ff__exp_20260903T170029Z_e0883d24/candidates/stage1_mfcc_svm/seed_42/fold_4/attempt_1/model.joblib,recorded_in_fold_manifest,20260821T164332Z_490383ff__exp_20260903T170029Z_e0883d24
rec_7beed2f33fe7b4e9f141,/mnt/d/INFANT CRY/data_set_dbl_split/train/tired/1989_M_owh.wav,baby,infant_sha256:9ebbcc850d7d261dae088310b870f32fc5c2f0acbf388dc1047d11c8694688e5,4,baby,0.9986228180496832,0.0013771819503168238,original,/mnt/d/INFANT CRY/Models_dbl/experiments/runs/20260821T164332Z_490383ff__exp_20260903T170029Z_e0883d24/candidates/stage1_mfcc_svm/seed_42/fold_4/attempt_1/model.joblib,recorded_in_fold_manifest,20260821T164332Z_490383ff__exp_20260903T170029Z_e0883d24
rec_3fbc9c99d39c09d4bf5d,/mnt/d/INFANT CRY/data_set_dbl_split/train/tired/2074_M_owh.wav,baby,infant_sha256:fd8e259c60f0a8eff045c1a65c4f84eb53a359c67032c113fba9c5ea4bf734e8,4,baby,0.9991339816593469,0.0008660183406530375,original,/mnt/d/INFANT CRY/Models_dbl/experiments/runs/20260821T164332Z_490383ff__exp_20260903T170029Z_e0883d24/candidates/stage1_mfcc_svm/seed_42/fold_4/attempt_1/model.joblib,recorded_in_fold_manifest,20260821T164332Z_490383ff__exp_20260903T170029Z_e0883d24
rec_e9b13a34e140c3af34e3,/mnt/d/INFANT CRY/data_set_dbl_split/train/tired/2103_M_owh.wav,baby,infant_sha256:05a6d18a4bec28f9dcf857d6bffc78fca612a8ea78d7e52930ae985016dfc087,4,not_baby,0.44732140774894535,0.5526785922510546,original,/mnt/d/INFANT CRY/Models_dbl/experiments/runs/20260821T164332Z_490383ff__exp_20260903T170029Z_e0883d24/candidates/stage1_mfcc_svm/seed_42/fold_4/attempt_1/model.joblib,recorded_in_fold_manifest,20260821T164332Z_490383ff__exp_20260903T170029Z_e0883d24
rec_ad7a8d3d686c4a2b571d,/mnt/d/INFANT CRY/data_set_dbl_split/train/tired/2135_M_owh.wav,baby,infant_sha256:3082f84df9b6206b8ef6e7749417e62b26a16543dacd215a79fd123402ccdf2a,4,baby,0.9825568767255244,0.01744312327447562,original,/mnt/d/INFANT CRY/Models_dbl/experiments/runs/20260821T164332Z_490383ff__exp_20260903T170029Z_e0883d24/candidates/stage1_mfcc_svm/seed_42/fold_4/attempt_1/model.joblib,recorded_in_fold_manifest,20260821T164332Z_490383ff__exp_20260903T170029Z_e0883d24
rec_55c25b068de75a47c841,/mnt/d/INFANT CRY/data_set_dbl_split/train/tired/2146_M_owh.wav,baby,infant_sha256:e7620a449aa208526d666c22fe3df87d65e5c83c359c88aac4e0c99b310076fa,4,baby,0.9967397295811242,0.003260270418875841,original,/mnt/d/INFANT CRY/Models_dbl/experiments/runs/20260821T164332Z_490383ff__exp_20260903T170029Z_e0883d24/candidates/stage1_mfcc_svm/seed_42/fold_4/attempt_1/model.joblib,recorded_in_fold_manifest,20260821T164332Z_490383ff__exp_20260903T170029Z_e0883d24
rec_9fb599f6770b54b0dbf5,/mnt/d/INFANT CRY/data_set_dbl_split/train/tired/2215_M_owh.wav,baby,infant_sha256:09d2b7623a4612206b1024981b7c234cf4196ea5113dd6ab7bbd0d5b381dc427,4,baby,0.9758895303534231,0.02411046964657683,original,/mnt/d/INFANT CRY/Models_dbl/experiments/runs/20260821T164332Z_490383ff__exp_20260903T170029Z_e0883d24/candidates/stage1_mfcc_svm/seed_42/fold_4/attempt_1/model.joblib,recorded_in_fold_manifest,20260821T164332Z_490383ff__exp_20260903T170029Z_e0883d24
rec_645d2e516bdc0a583b5e,/mnt/d/INFANT CRY/data_set_dbl_split/train/tired/2234_M_owh.wav,baby,infant_sha256:aa0d2bd701e4775bc00120e49ccd80193931f1bf5028a6ad1cfaf33d393bbd6c,4,baby,0.9963701952565804,0.0036298047434195338,original,/mnt/d/INFANT CRY/Models_dbl/experiments/runs/20260821T164332Z_490383ff__exp_20260903T170029Z_e0883d24/candidates/stage1_mfcc_svm/seed_42/fold_4/attempt_1/model.joblib,recorded_in_fold_manifest,20260821T164332Z_490383ff__exp_20260903T170029Z_e0883d24
rec_bb979998a38c7d43cc11,/mnt/d/INFANT CRY/data_set_dbl_split/train/tired/2245_M_owh.wav,baby,infant_sha256:0b2111ed62475576e69fbc0defcdd39b28784c1af2ea26d43fbffad8d68e9c87,4,baby,0.9999955917502767,4.408249723282446e-06,original,/mnt/d/INFANT CRY/Models_dbl/experiments/runs/20260821T164332Z_490383ff__exp_20260903T170029Z_e0883d24/candidates/stage1_mfcc_svm/seed_42/fold_4/attempt_1/model.joblib,recorded_in_fold_manifest,20260821T164332Z_490383ff__exp_20260903T170029Z_e0883d24
rec_cba9e2293ee5fcc657a7,/mnt/d/INFANT CRY/data_set_dbl_split/train/tired/2266_M_owh.wav,baby,infant_sha256:34686bfc9b7b9c2b9e72a44fc9aab78f5aed4dd889ca1a7726ae43a3aab3ec63,4,baby,0.998494634077784,0.0015053659222160065,original,/mnt/d/INFANT CRY/Models_dbl/experiments/runs/20260821T164332Z_490383ff__exp_20260903T170029Z_e0883d24/candidates/stage1_mfcc_svm/seed_42/fold_4/attempt_1/model.joblib,recorded_in_fold_manifest,20260821T164332Z_490383ff__exp_20260903T170029Z_e0883d24
rec_8507dc9189bc37ede147,/mnt/d/INFANT CRY/data_set_dbl_split/train/tired/2279_M_owh.wav,baby,infant_sha256:7737658c872e33b2c80fe069acaa26e11c3dece985dd8c9feb1ddf4b03cdd420,4,baby,0.9582543903833964,0.04174560961660352,original,/mnt/d/INFANT CRY/Models_dbl/experiments/runs/20260821T164332Z_490383ff__exp_20260903T170029Z_e0883d24/candidates/stage1_mfcc_svm/seed_42/fold_4/attempt_1/model.joblib,recorded_in_fold_manifest,20260821T164332Z_490383ff__exp_20260903T170029Z_e0883d24
rec_340664eb0492fc2ddab1,/mnt/d/INFANT CRY/data_set_dbl_split/train/tired/2290_M_owh.wav,baby,infant_sha256:b9c0e85367f53498d78b1478a6db801875c3592808706c11b71fcc01e7bf25f1,4,baby,0.9994799821065492,0.0005200178934508268,original,/mnt/d/INFANT CRY/Models_dbl/experiments/runs/20260821T164332Z_490383ff__exp_20260903T170029Z_e0883d24/candidates/stage1_mfcc_svm/seed_42/fold_4/attempt_1/model.joblib,recorded_in_fold_manifest,20260821T164332Z_490383ff__exp_20260903T170029Z_e0883d24
rec_722376ba07089a6d9131,/mnt/d/INFANT CRY/data_set_dbl_split/train/tired/2295_M_owh.wav,baby,infant_sha256:2e6018056002643c7c71f8d880c0b6442ab75fbb7227cf839b05ba881d7c08f4,4,baby,0.9670455217572532,0.03295447824274684,original,/mnt/d/INFANT CRY/Models_dbl/experiments/runs/20260821T164332Z_490383ff__exp_20260903T170029Z_e0883d24/candidates/stage1_mfcc_svm/seed_42/fold_4/attempt_1/model.joblib,recorded_in_fold_manifest,20260821T164332Z_490383ff__exp_20260903T170029Z_e0883d24
rec_df785e795ad502503b81,/mnt/d/INFANT CRY/data_set_dbl_split/train/tired/2340_M_owh.wav,baby,infant_sha256:b3b413ba2465559e880193d5fa218c696b1ae9ba25b16c1cdeaccf6993183573,4,baby,0.9957871115588205,0.0042128884411796064,original,/mnt/d/INFANT CRY/Models_dbl/experiments/runs/20260821T164332Z_490383ff__exp_20260903T170029Z_e0883d24/candidates/stage1_mfcc_svm/seed_42/fold_4/attempt_1/model.joblib,recorded_in_fold_manifest,20260821T164332Z_490383ff__exp_20260903T170029Z_e0883d24
rec_6276518614ba6d8ec017,/mnt/d/INFANT CRY/data_set_dbl_split/train/tired/237_F_owh.wav,baby,infant_sha256:fd90cb5ad5c78efef615593c37f61e25d83a20537c4632a4484443e7754500bc,4,baby,0.9806885540533619,0.019311445946638115,original,/mnt/d/INFANT CRY/Models_dbl/experiments/runs/20260821T164332Z_490383ff__exp_20260903T170029Z_e0883d24/candidates/stage1_mfcc_svm/seed_42/fold_4/attempt_1/model.joblib,recorded_in_fold_manifest,20260821T164332Z_490383ff__exp_20260903T170029Z_e0883d24
rec_6daa9db650506e5efc32,/mnt/d/INFANT CRY/data_set_dbl_split/train/tired/238_M_owh.wav,baby,infant_sha256:8f12807c8fef9c5e99cfb772f11d8ec2d141a33174c46eeacd7087fbf8ff612c,4,not_baby,0.32522028697455246,0.6747797130254475,original,/mnt/d/INFANT CRY/Models_dbl/experiments/runs/20260821T164332Z_490383ff__exp_20260903T170029Z_e0883d24/candidates/stage1_mfcc_svm/seed_42/fold_4/attempt_1/model.joblib,recorded_in_fold_manifest,20260821T164332Z_490383ff__exp_20260903T170029Z_e0883d24
rec_f86684c7658d6ac079e3,/mnt/d/INFANT CRY/data_set_dbl_split/train/tired/2436_M_owh.wav,baby,infant_sha256:e420b623a31fe93cbffdc276365aaa68c908cd2e249f238a95eed60dded9de8e,4,baby,0.999964606581962,3.539341803804533e-05,original,/mnt/d/INFANT CRY/Models_dbl/experiments/runs/20260821T164332Z_490383ff__exp_20260903T170029Z_e0883d24/candidates/stage1_mfcc_svm/seed_42/fold_4/attempt_1/model.joblib,recorded_in_fold_manifest,20260821T164332Z_490383ff__exp_20260903T170029Z_e0883d24
rec_f74a9bf0edfbbeb47c5f,/mnt/d/INFANT CRY/data_set_dbl_split/train/tired/2497_M_owh.wav,baby,infant_sha256:1a929053c7eaf6b742b2b1d9f9d4c3e94f62268992ba087fe8b9780f875b3249,4,baby,0.980447562015764,0.01955243798423605,original,/mnt/d/INFANT CRY/Models_dbl/experiments/runs/20260821T164332Z_490383ff__exp_20260903T170029Z_e0883d24/candidates/stage1_mfcc_svm/seed_42/fold_4/attempt_1/model.joblib,recorded_in_fold_manifest,20260821T164332Z_490383ff__exp_20260903T170029Z_e0883d24
rec_90c2b7344379b421742e,/mnt/d/INFANT CRY/data_set_dbl_split/train/tired/2513_M_owh.wav,baby,infant_sha256:3bed97043b4998eabb7a292f1691fd7cde77f02c14da55862e1ea409a95323d4,4,baby,0.9996826813555996,0.00031731864440047317,original,/mnt/d/INFANT CRY/Models_dbl/experiments/runs/20260821T164332Z_490383ff__exp_20260903T170029Z_e0883d24/candidates/stage1_mfcc_svm/seed_42/fold_4/attempt_1/model.joblib,recorded_in_fold_manifest,20260821T164332Z_490383ff__exp_20260903T170029Z_e0883d24
rec_1062d47347e6b23f7cf2,/mnt/d/INFANT CRY/data_set_dbl_split/train/tired/2524_M_owh.wav,baby,infant_sha256:84ead58174f737ca67c9ff6a93be731c82703538dcbf0c94cbc4607932b010b1,4,baby,0.9996424772439138,0.00035752275608613894,original,/mnt/d/INFANT CRY/Models_dbl/experiments/runs/20260821T164332Z_490383ff__exp_20260903T170029Z_e0883d24/candidates/stage1_mfcc_svm/seed_42/fold_4/attempt_1/model.joblib,recorded_in_fold_manifest,20260821T164332Z_490383ff__exp_20260903T170029Z_e0883d24
rec_0fc1470007a39b69db4e,/mnt/d/INFANT CRY/data_set_dbl_split/train/tired/2544_M_owh.wav,baby,infant_sha256:f326205eebcf5881c8bd1ced5c7a0283c68837fe827234745516696667226364,4,baby,0.9923216287955441,0.007678371204455896,original,/mnt/d/INFANT CRY/Models_dbl/experiments/runs/20260821T164332Z_490383ff__exp_20260903T170029Z_e0883d24/candidates/stage1_mfcc_svm/seed_42/fold_4/attempt_1/model.joblib,recorded_in_fold_manifest,20260821T164332Z_490383ff__exp_20260903T170029Z_e0883d24
rec_1831634593c56a2fa480,/mnt/d/INFANT CRY/data_set_dbl_split/train/tired/2557_M_owh.wav,baby,infant_sha256:72af335fd5467a7974a062624c90eab79b407c2ae72043db7b8435189354cd42,4,baby,0.9999730744030699,2.6925596930121165e-05,original,/mnt/d/INFANT CRY/Models_dbl/experiments/runs/20260821T164332Z_490383ff__exp_20260903T170029Z_e0883d24/candidates/stage1_mfcc_svm/seed_42/fold_4/attempt_1/model.joblib,recorded_in_fold_manifest,20260821T164332Z_490383ff__exp_20260903T170029Z_e0883d24
rec_42ba1c8f4c28816ef111,/mnt/d/INFANT CRY/data_set_dbl_split/train/tired/2630_M_owh.wav,baby,infant_sha256:837b80fc5b84f72260b0d6615a621036ec7dab3fc3158d96c49188ab5e7cdc5a,4,baby,0.9999157360927513,8.426390724866366e-05,original,/mnt/d/INFANT CRY/Models_dbl/experiments/runs/20260821T164332Z_490383ff__exp_20260903T170029Z_e0883d24/candidates/stage1_mfcc_svm/seed_42/fold_4/attempt_1/model.joblib,recorded_in_fold_manifest,20260821T164332Z_490383ff__exp_20260903T170029Z_e0883d24
rec_b4d96bf4d8d7b262ae32,/mnt/d/INFANT CRY/data_set_dbl_split/train/tired/2652_M_owh.wav,baby,infant_sha256:a170a046cd6b048713dc900604247f6e9c9fceec9dbb65a02f001fc0653d0b21,4,baby,0.9839118182762787,0.01608818172372134,original,/mnt/d/INFANT CRY/Models_dbl/experiments/runs/20260821T164332Z_490383ff__exp_20260903T170029Z_e0883d24/candidates/stage1_mfcc_svm/seed_42/fold_4/attempt_1/model.joblib,recorded_in_fold_manifest,20260821T164332Z_490383ff__exp_20260903T170029Z_e0883d24
rec_a549fbbadfeefdc53ee5,/mnt/d/INFANT CRY/data_set_dbl_split/train/tired/2688_M_owh.wav,baby,infant_sha256:af2076a70ea438a53e1e1df819b5bae820944cc7fd72f8822dfeb37e5362fc2d,4,baby,0.9971797810390859,0.0028202189609141115,original,/mnt/d/INFANT CRY/Models_dbl/experiments/runs/20260821T164332Z_490383ff__exp_20260903T170029Z_e0883d24/candidates/stage1_mfcc_svm/seed_42/fold_4/attempt_1/model.joblib,recorded_in_fold_manifest,20260821T164332Z_490383ff__exp_20260903T170029Z_e0883d24
rec_312d854f59876c97469f,/mnt/d/INFANT CRY/data_set_dbl_split/train/tired/2863_M_owh.wav,baby,infant_sha256:cace740b6e766b311da6615fa141a74637e8e2d2fb44c8043dcb3447bd0e081d,4,baby,0.9691611987642502,0.030838801235749724,original,/mnt/d/INFANT CRY/Models_dbl/experiments/runs/20260821T164332Z_490383ff__exp_20260903T170029Z_e0883d24/candidates/stage1_mfcc_svm/seed_42/fold_4/attempt_1/model.joblib,recorded_in_fold_manifest,20260821T164332Z_490383ff__exp_20260903T170029Z_e0883d24
rec_fc0862157e74a109e0eb,/mnt/d/INFANT CRY/data_set_dbl_split/train/tired/2906_M_owh.wav,baby,infant_sha256:5aa22936711e4e0a80e0d9055f4966f5b50afc8613680bfdac2233e8a9ef4429,4,baby,0.9983856975038031,0.001614302496196894,original,/mnt/d/INFANT CRY/Models_dbl/experiments/runs/20260821T164332Z_490383ff__exp_20260903T170029Z_e0883d24/candidates/stage1_mfcc_svm/seed_42/fold_4/attempt_1/model.joblib,recorded_in_fold_manifest,20260821T164332Z_490383ff__exp_20260903T170029Z_e0883d24
rec_bc90a552ca4d3a543123,/mnt/d/INFANT CRY/data_set_dbl_split/train/tired/2992_M_owh.wav,baby,infant_sha256:52e3bfbf5ccbe6410d188e4986c3e5ebfdea741f5b489e155f227b0959fb98a6,4,baby,0.9999869339224112,1.3066077588772436e-05,original,/mnt/d/INFANT CRY/Models_dbl/experiments/runs/20260821T164332Z_490383ff__exp_20260903T170029Z_e0883d24/candidates/stage1_mfcc_svm/seed_42/fold_4/attempt_1/model.joblib,recorded_in_fold_manifest,20260821T164332Z_490383ff__exp_20260903T170029Z_e0883d24
rec_4693ab9c0b99847a7b71,/mnt/d/INFANT CRY/data_set_dbl_split/train/tired/3001_M_owh.wav,baby,infant_sha256:ea0fe0adef549066cca493fc047fca58b2035ef849a478d6a5d936ccd93124fa,4,baby,0.9999519948250961,4.800517490393024e-05,original,/mnt/d/INFANT CRY/Models_dbl/experiments/runs/20260821T164332Z_490383ff__exp_20260903T170029Z_e0883d24/candidates/stage1_mfcc_svm/seed_42/fold_4/attempt_1/model.joblib,recorded_in_fold_manifest,20260821T164332Z_490383ff__exp_20260903T170029Z_e0883d24
rec_1b930daa6ed7f795ac7b,/mnt/d/INFANT CRY/data_set_dbl_split/train/tired/3033_M_owh.wav,baby,infant_sha256:b95dcbf651731e67f368ef422134c43a1ef1eb232a40f583a401756c92466a80,4,baby,0.9998646202072661,0.000135379792733907,original,/mnt/d/INFANT CRY/Models_dbl/experiments/runs/20260821T164332Z_490383ff__exp_20260903T170029Z_e0883d24/candidates/stage1_mfcc_svm/seed_42/fold_4/attempt_1/model.joblib,recorded_in_fold_manifest,20260821T164332Z_490383ff__exp_20260903T170029Z_e0883d24
rec_b36f237f7b4978acb1db,/mnt/d/INFANT CRY/data_set_dbl_split/train/tired/3060_F_owh.wav,baby,infant_sha256:8b90d0322263315ddac8d906018750137862c3cbdf55c3fa1e0ea8afa11a8e13,4,baby,0.9961898657199924,0.0038101342800076553,original,/mnt/d/INFANT CRY/Models_dbl/experiments/runs/20260821T164332Z_490383ff__exp_20260903T170029Z_e0883d24/candidates/stage1_mfcc_svm/seed_42/fold_4/attempt_1/model.joblib,recorded_in_fold_manifest,20260821T164332Z_490383ff__exp_20260903T170029Z_e0883d24
rec_7a20cf0829b4f9dc62d2,/mnt/d/INFANT CRY/data_set_dbl_split/train/tired/3119_M_owh.wav,baby,infant_sha256:5efdbb630cb124871f88f24e3a2c90b0c0bbfca367e06a0b28bdfae6d211add5,4,baby,0.999814038543684,0.00018596145631600216,original,/mnt/d/INFANT CRY/Models_dbl/experiments/runs/20260821T164332Z_490383ff__exp_20260903T170029Z_e0883d24/candidates/stage1_mfcc_svm/seed_42/fold_4/attempt_1/model.joblib,recorded_in_fold_manifest,20260821T164332Z_490383ff__exp_20260903T170029Z_e0883d24
rec_f19355b8f788e236fa53,/mnt/d/INFANT CRY/data_set_dbl_split/train/tired/3154_F_owh.wav,baby,infant_sha256:089302d470c664d700220b2be1eb79e952454c93d04463bdb440b5767f6d06b6,4,baby,0.9976973797991454,0.002302620200854636,original,/mnt/d/INFANT CRY/Models_dbl/experiments/runs/20260821T164332Z_490383ff__exp_20260903T170029Z_e0883d24/candidates/stage1_mfcc_svm/seed_42/fold_4/attempt_1/model.joblib,recorded_in_fold_manifest,20260821T164332Z_490383ff__exp_20260903T170029Z_e0883d24
rec_6d343491c6f14803a68d,/mnt/d/INFANT CRY/data_set_dbl_split/train/tired/3209_M_owh.wav,baby,infant_sha256:38eb324f6fd5382ba752ef574b8662fd749475390dc40b3dea858cf261805af6,4,baby,0.99998446328246,1.553671754000788e-05,original,/mnt/d/INFANT CRY/Models_dbl/experiments/runs/20260821T164332Z_490383ff__exp_20260903T170029Z_e0883d24/candidates/stage1_mfcc_svm/seed_42/fold_4/attempt_1/model.joblib,recorded_in_fold_manifest,20260821T164332Z_490383ff__exp_20260903T170029Z_e0883d24
rec_fded9f738d44034dab18,/mnt/d/INFANT CRY/data_set_dbl_split/train/tired/3260_F_owh.wav,baby,infant_sha256:1444a31e68c98343054fc1637e413b98c868e987765569faf8c62b31d4566a89,4,baby,0.9991069421562004,0.0008930578437996298,original,/mnt/d/INFANT CRY/Models_dbl/experiments/runs/20260821T164332Z_490383ff__exp_20260903T170029Z_e0883d24/candidates/stage1_mfcc_svm/seed_42/fold_4/attempt_1/model.joblib,recorded_in_fold_manifest,20260821T164332Z_490383ff__exp_20260903T170029Z_e0883d24
rec_cf8492163aee5801b3b9,/mnt/d/INFANT CRY/data_set_dbl_split/train/tired/3284_M_owh.wav,baby,infant_sha256:d2fdd41a47900aeed4aa88eb3bbd59ee6333653cacc3b1715a57cc42982cd259,4,baby,0.9999499603748625,5.003962513752117e-05,original,/mnt/d/INFANT CRY/Models_dbl/experiments/runs/20260821T164332Z_490383ff__exp_20260903T170029Z_e0883d24/candidates/stage1_mfcc_svm/seed_42/fold_4/attempt_1/model.joblib,recorded_in_fold_manifest,20260821T164332Z_490383ff__exp_20260903T170029Z_e0883d24
rec_7c04ee696339c5e73fe9,/mnt/d/INFANT CRY/data_set_dbl_split/train/tired/3292_M_owh.wav,baby,infant_sha256:9094d679323536ed3c412ec94b6fa714247ac0b160dd6a177c45cf4b7f982530,4,baby,0.9833675146958575,0.01663248530414251,original,/mnt/d/INFANT CRY/Models_dbl/experiments/runs/20260821T164332Z_490383ff__exp_20260903T170029Z_e0883d24/candidates/stage1_mfcc_svm/seed_42/fold_4/attempt_1/model.joblib,recorded_in_fold_manifest,20260821T164332Z_490383ff__exp_20260903T170029Z_e0883d24
rec_693b5660dfb3691e5e4b,/mnt/d/INFANT CRY/data_set_dbl_split/train/tired/3338_F_owh.wav,baby,infant_sha256:3e12d76e3e8c27a43383fc9d22e2d51c8932db73786c03253f688f6c8d423114,4,baby,0.9999961221276771,3.877872322938672e-06,original,/mnt/d/INFANT CRY/Models_dbl/experiments/runs/20260821T164332Z_490383ff__exp_20260903T170029Z_e0883d24/candidates/stage1_mfcc_svm/seed_42/fold_4/attempt_1/model.joblib,recorded_in_fold_manifest,20260821T164332Z_490383ff__exp_20260903T170029Z_e0883d24
rec_0f7deb66984dba6ba94e,/mnt/d/INFANT CRY/data_set_dbl_split/train/tired/3360_M_owh.wav,baby,infant_sha256:a5e466da578257bf99c56362b5383e6c81bc4ac7495c9f58d1ff3665bc0ea0ba,4,baby,0.9999829042217656,1.7095778234475545e-05,original,/mnt/d/INFANT CRY/Models_dbl/experiments/runs/20260821T164332Z_490383ff__exp_20260903T170029Z_e0883d24/candidates/stage1_mfcc_svm/seed_42/fold_4/attempt_1/model.joblib,recorded_in_fold_manifest,20260821T164332Z_490383ff__exp_20260903T170029Z_e0883d24
rec_250efc7c921cf59ce4bd,/mnt/d/INFANT CRY/data_set_dbl_split/train/tired/3386_F_owh.wav,baby,infant_sha256:898e2c61d00690ab8a6d7161231d622e603512c6ba504b92ebfd8757f527d901,4,baby,0.9825617781341549,0.017438221865845094,original,/mnt/d/INFANT CRY/Models_dbl/experiments/runs/20260821T164332Z_490383ff__exp_20260903T170029Z_e0883d24/candidates/stage1_mfcc_svm/seed_42/fold_4/attempt_1/model.joblib,recorded_in_fold_manifest,20260821T164332Z_490383ff__exp_20260903T170029Z_e0883d24
rec_1fe72510e3bd2d618096,/mnt/d/INFANT CRY/data_set_dbl_split/train/tired/3481_M_owh.wav,baby,infant_sha256:75bb33c39477d94b35eddc6038124e265b6ef9c5049b37ee576f483a0b2e3974,4,baby,0.9967394262261611,0.0032605737738390216,original,/mnt/d/INFANT CRY/Models_dbl/experiments/runs/20260821T164332Z_490383ff__exp_20260903T170029Z_e0883d24/candidates/stage1_mfcc_svm/seed_42/fold_4/attempt_1/model.joblib,recorded_in_fold_manifest,20260821T164332Z_490383ff__exp_20260903T170029Z_e0883d24
rec_048ba98d01f4f76692ca,/mnt/d/INFANT CRY/data_set_dbl_split/train/tired/3544_M_owh.wav,baby,infant_sha256:b68d23123bf661860d8f847bc6cae73ace6dff71a903e420e7de18a908ed3034,4,baby,0.9986511412770468,0.0013488587229532397,original,/mnt/d/INFANT CRY/Models_dbl/experiments/runs/20260821T164332Z_490383ff__exp_20260903T170029Z_e0883d24/candidates/stage1_mfcc_svm/seed_42/fold_4/attempt_1/model.joblib,recorded_in_fold_manifest,20260821T164332Z_490383ff__exp_20260903T170029Z_e0883d24
rec_617d85ed5a4643582919,/mnt/d/INFANT CRY/data_set_dbl_split/train/tired/3547_M_owh.wav,baby,infant_sha256:8ca8c3da54a36acfd6971eebae2352b5652fad5b706765ddaace6e85b72bbf1a,4,baby,0.9997691598852076,0.00023084011479234683,original,/mnt/d/INFANT CRY/Models_dbl/experiments/runs/20260821T164332Z_490383ff__exp_20260903T170029Z_e0883d24/candidates/stage1_mfcc_svm/seed_42/fold_4/attempt_1/model.joblib,recorded_in_fold_manifest,20260821T164332Z_490383ff__exp_20260903T170029Z_e0883d24
rec_985a6fa6818a2b4febc2,/mnt/d/INFANT CRY/data_set_dbl_split/train/tired/3592_M_owh.wav,baby,infant_sha256:db8c86c1dc4998b330d3eaee1265710288e3af45611ccfa8bd04a2235c1448a8,4,baby,0.9999182852923106,8.171470768943839e-05,original,/mnt/d/INFANT CRY/Models_dbl/experiments/runs/20260821T164332Z_490383ff__exp_20260903T170029Z_e0883d24/candidates/stage1_mfcc_svm/seed_42/fold_4/attempt_1/model.joblib,recorded_in_fold_manifest,20260821T164332Z_490383ff__exp_20260903T170029Z_e0883d24
rec_3cd4d9b26dd63eaa41a9,/mnt/d/INFANT CRY/data_set_dbl_split/train/tired/3604_M_owh.wav,baby,infant_sha256:43099f7b1787f1b3eaa6a6b3fc5391f1247563f6ca2e4120cd71fab674cc0196,4,baby,0.9999343823159331,6.561768406696153e-05,original,/mnt/d/INFANT CRY/Models_dbl/experiments/runs/20260821T164332Z_490383ff__exp_20260903T170029Z_e0883d24/candidates/stage1_mfcc_svm/seed_42/fold_4/attempt_1/model.joblib,recorded_in_fold_manifest,20260821T164332Z_490383ff__exp_20260903T170029Z_e0883d24
rec_48951fef0bfcff5b8170,/mnt/d/INFANT CRY/data_set_dbl_split/train/tired/3615_M_owh.wav,baby,infant_sha256:68d22280f169328d0f01abb50a9c98940e4cd8bc88a9f8d3c14ce6e5ff19570e,4,baby,0.9972100489158404,0.002789951084159626,original,/mnt/d/INFANT CRY/Models_dbl/experiments/runs/20260821T164332Z_490383ff__exp_20260903T170029Z_e0883d24/candidates/stage1_mfcc_svm/seed_42/fold_4/attempt_1/model.joblib,recorded_in_fold_manifest,20260821T164332Z_490383ff__exp_20260903T170029Z_e0883d24
rec_71d519834ec9f81ad9a3,/mnt/d/INFANT CRY/data_set_dbl_split/train/tired/3636_M_owh.wav,baby,infant_sha256:ee548efb01fdb6a7b248f5e7da3e33497c10412d49abeb0356da7b601cbd5e63,4,baby,0.9999310687859838,6.893121401625214e-05,original,/mnt/d/INFANT CRY/Models_dbl/experiments/runs/20260821T164332Z_490383ff__exp_20260903T170029Z_e0883d24/candidates/stage1_mfcc_svm/seed_42/fold_4/attempt_1/model.joblib,recorded_in_fold_manifest,20260821T164332Z_490383ff__exp_20260903T170029Z_e0883d24
rec_c89d13e7865172880545,/mnt/d/INFANT CRY/data_set_dbl_split/train/tired/3643_M_owh.wav,baby,infant_sha256:ccaa137525c5c4deb8848e64257f8357d887b0c35f8d13d923edea27919a3474,4,baby,0.9996802494105917,0.00031975058940836087,original,/mnt/d/INFANT CRY/Models_dbl/experiments/runs/20260821T164332Z_490383ff__exp_20260903T170029Z_e0883d24/candidates/stage1_mfcc_svm/seed_42/fold_4/attempt_1/model.joblib,recorded_in_fold_manifest,20260821T164332Z_490383ff__exp_20260903T170029Z_e0883d24
rec_bede2a92e493faf3344f,/mnt/d/INFANT CRY/data_set_dbl_split/train/tired/3650_M_owh.wav,baby,infant_sha256:864e8f886cb6a1266393bc8d0fe98892ee9e7b418142711abc16b8b39e4a208c,4,baby,0.9999316986653932,6.83013346068148e-05,original,/mnt/d/INFANT CRY/Models_dbl/experiments/runs/20260821T164332Z_490383ff__exp_20260903T170029Z_e0883d24/candidates/stage1_mfcc_svm/seed_42/fold_4/attempt_1/model.joblib,recorded_in_fold_manifest,20260821T164332Z_490383ff__exp_20260903T170029Z_e0883d24
rec_c338c1bd041cd37e7d9e,/mnt/d/INFANT CRY/data_set_dbl_split/train/tired/3686_M_owh.wav,baby,infant_sha256:2572450d80dba98e512552d91c15f229633356c4d163f88b2b785bdd8912a7cf,4,baby,0.9999760473172449,2.39526827551149e-05,original,/mnt/d/INFANT CRY/Models_dbl/experiments/runs/20260821T164332Z_490383ff__exp_20260903T170029Z_e0883d24/candidates/stage1_mfcc_svm/seed_42/fold_4/attempt_1/model.joblib,recorded_in_fold_manifest,20260821T164332Z_490383ff__exp_20260903T170029Z_e0883d24
rec_c48dde2faccdf332a004,/mnt/d/INFANT CRY/data_set_dbl_split/train/tired/370_F_owh.wav,baby,infant_sha256:d3ff68dd4ed3af6dbfc1694880b18a73110a44fd178d295fb2e3b6331d8630e5,4,baby,0.999969449803173,3.055019682697797e-05,original,/mnt/d/INFANT CRY/Models_dbl/experiments/runs/20260821T164332Z_490383ff__exp_20260903T170029Z_e0883d24/candidates/stage1_mfcc_svm/seed_42/fold_4/attempt_1/model.joblib,recorded_in_fold_manifest,20260821T164332Z_490383ff__exp_20260903T170029Z_e0883d24
rec_33375a1af4ff1d4fdca9,/mnt/d/INFANT CRY/data_set_dbl_split/train/tired/3750_M_owh.wav,baby,infant_sha256:5edf1a4bb1c4024fac850dfbbcd4a0c7c86cdb0ced0498cda24c160fd27cada2,4,baby,0.9980685813843972,0.0019314186156028086,original,/mnt/d/INFANT CRY/Models_dbl/experiments/runs/20260821T164332Z_490383ff__exp_20260903T170029Z_e0883d24/candidates/stage1_mfcc_svm/seed_42/fold_4/attempt_1/model.joblib,recorded_in_fold_manifest,20260821T164332Z_490383ff__exp_20260903T170029Z_e0883d24
rec_6268ac4871b6d802a209,/mnt/d/INFANT CRY/data_set_dbl_split/train/tired/3758_F_owh.wav,baby,infant_sha256:e8b0673d5a8302ef5787770fd06e3c911ab9ed82eaa2f992cd7d6d1901a1c9ae,4,baby,0.9999928721283784,7.1278716216242254e-06,original,/mnt/d/INFANT CRY/Models_dbl/experiments/runs/20260821T164332Z_490383ff__exp_20260903T170029Z_e0883d24/candidates/stage1_mfcc_svm/seed_42/fold_4/attempt_1/model.joblib,recorded_in_fold_manifest,20260821T164332Z_490383ff__exp_20260903T170029Z_e0883d24
rec_da2e61468838f77116cd,/mnt/d/INFANT CRY/data_set_dbl_split/train/tired/3805_M_owh.wav,baby,infant_sha256:8215de6736573416f3cdd6351d82beadf4a1aaada65d1c2cab46e0cbde9ff528,4,baby,0.9989352530139592,0.0010647469860408357,original,/mnt/d/INFANT CRY/Models_dbl/experiments/runs/20260821T164332Z_490383ff__exp_20260903T170029Z_e0883d24/candidates/stage1_mfcc_svm/seed_42/fold_4/attempt_1/model.joblib,recorded_in_fold_manifest,20260821T164332Z_490383ff__exp_20260903T170029Z_e0883d24
rec_e05eee5b1e7d58aee74f,/mnt/d/INFANT CRY/data_set_dbl_split/train/tired/3892_M_owh.wav,baby,infant_sha256:3628167edd91ec95782e7dccd3a5aecfb0142284fec66e001bfaaccd0f3c669f,4,baby,0.9979823874080102,0.0020176125919897946,original,/mnt/d/INFANT CRY/Models_dbl/experiments/runs/20260821T164332Z_490383ff__exp_20260903T170029Z_e0883d24/candidates/stage1_mfcc_svm/seed_42/fold_4/attempt_1/model.joblib,recorded_in_fold_manifest,20260821T164332Z_490383ff__exp_20260903T170029Z_e0883d24
rec_d2499f5fa514f271b318,/mnt/d/INFANT CRY/data_set_dbl_split/train/tired/4011_M_owh.wav,baby,infant_sha256:9a19544c44f2c9112be374afcb643b49e9584362acdb1bf7eca64412dea70ee5,4,baby,0.9989558230521135,0.001044176947886547,original,/mnt/d/INFANT CRY/Models_dbl/experiments/runs/20260821T164332Z_490383ff__exp_20260903T170029Z_e0883d24/candidates/stage1_mfcc_svm/seed_42/fold_4/attempt_1/model.joblib,recorded_in_fold_manifest,20260821T164332Z_490383ff__exp_20260903T170029Z_e0883d24
rec_1c3a8befa18e3f2bc2e2,/mnt/d/INFANT CRY/data_set_dbl_split/train/tired/4172_F_owh.wav,baby,infant_sha256:65cc0faa0d975cb936f4809d4b3a7929dc726b6c7a53b89a483b3144cd73dbaa,4,baby,0.9997749154886625,0.00022508451133758937,original,/mnt/d/INFANT CRY/Models_dbl/experiments/runs/20260821T164332Z_490383ff__exp_20260903T170029Z_e0883d24/candidates/stage1_mfcc_svm/seed_42/fold_4/attempt_1/model.joblib,recorded_in_fold_manifest,20260821T164332Z_490383ff__exp_20260903T170029Z_e0883d24
rec_9974b4477bbeef0092e4,/mnt/d/INFANT CRY/data_set_dbl_split/train/tired/4272_M_owh.wav,baby,infant_sha256:53ec0276bdc29fdbac36446ade58fefbb3d7466fc49d819e391cfd7794bf6328,4,baby,0.9983734518226807,0.001626548177319339,original,/mnt/d/INFANT CRY/Models_dbl/experiments/runs/20260821T164332Z_490383ff__exp_20260903T170029Z_e0883d24/candidates/stage1_mfcc_svm/seed_42/fold_4/attempt_1/model.joblib,recorded_in_fold_manifest,20260821T164332Z_490383ff__exp_20260903T170029Z_e0883d24
rec_11e707cc06b710853ba4,/mnt/d/INFANT CRY/data_set_dbl_split/train/tired/4324_F_owh.wav,baby,infant_sha256:f4dfac3259b5fac00126d1f0e45a9a4d1ae8e0c646630c0d27d0832b13e78c5a,4,baby,0.9995869658727595,0.00041303412724044523,original,/mnt/d/INFANT CRY/Models_dbl/experiments/runs/20260821T164332Z_490383ff__exp_20260903T170029Z_e0883d24/candidates/stage1_mfcc_svm/seed_42/fold_4/attempt_1/model.joblib,recorded_in_fold_manifest,20260821T164332Z_490383ff__exp_20260903T170029Z_e0883d24
rec_263e95bdf9b45638bb27,/mnt/d/INFANT CRY/data_set_dbl_split/train/tired/432_F_owh.wav,baby,infant_sha256:fb4b5fea56cc5f677b0caaa673675eaf934389984305e80a5082c350c0aa0bb1,4,not_baby,0.4118978888103145,0.5881021111896856,original,/mnt/d/INFANT CRY/Models_dbl/experiments/runs/20260821T164332Z_490383ff__exp_20260903T170029Z_e0883d24/candidates/stage1_mfcc_svm/seed_42/fold_4/attempt_1/model.joblib,recorded_in_fold_manifest,20260821T164332Z_490383ff__exp_20260903T170029Z_e0883d24
rec_6883498825c32e7e15df,/mnt/d/INFANT CRY/data_set_dbl_split/train/tired/4334_F_owh.wav,baby,infant_sha256:590ce0f43a35f542138750212340fd0d18288ae68c86306bbc12b5ad1cd49626,4,baby,0.9999492033914421,5.079660855789442e-05,original,/mnt/d/INFANT CRY/Models_dbl/experiments/runs/20260821T164332Z_490383ff__exp_20260903T170029Z_e0883d24/candidates/stage1_mfcc_svm/seed_42/fold_4/attempt_1/model.joblib,recorded_in_fold_manifest,20260821T164332Z_490383ff__exp_20260903T170029Z_e0883d24
rec_e2c02ee3ff7bc71fc059,/mnt/d/INFANT CRY/data_set_dbl_split/train/tired/4426_M_owh.wav,baby,infant_sha256:d56e640542066f38215bc373c6cd2aa6b1dca18e32f27103b58237cfb6dc393b,4,baby,0.9786211383251194,0.0213788616748806,original,/mnt/d/INFANT CRY/Models_dbl/experiments/runs/20260821T164332Z_490383ff__exp_20260903T170029Z_e0883d24/candidates/stage1_mfcc_svm/seed_42/fold_4/attempt_1/model.joblib,recorded_in_fold_manifest,20260821T164332Z_490383ff__exp_20260903T170029Z_e0883d24
rec_2d7b26e538714292eb4a,/mnt/d/INFANT CRY/data_set_dbl_split/train/tired/4467_M_owh.wav,baby,infant_sha256:6c34e99f003b09986af692652723c507cbd3c53ece284dc7effa05249482c20f,4,baby,0.9989965811250382,0.0010034188749618335,original,/mnt/d/INFANT CRY/Models_dbl/experiments/runs/20260821T164332Z_490383ff__exp_20260903T170029Z_e0883d24/candidates/stage1_mfcc_svm/seed_42/fold_4/attempt_1/model.joblib,recorded_in_fold_manifest,20260821T164332Z_490383ff__exp_20260903T170029Z_e0883d24
rec_95c169f810ee8691f646,/mnt/d/INFANT CRY/data_set_dbl_split/train/tired/4478_M_owh.wav,baby,infant_sha256:4812784a670b5db0534ff3f2bd9e726ecf796102f06c8148b2f5ebd754f871c8,4,baby,0.5448574641602575,0.45514253583974257,original,/mnt/d/INFANT CRY/Models_dbl/experiments/runs/20260821T164332Z_490383ff__exp_20260903T170029Z_e0883d24/candidates/stage1_mfcc_svm/seed_42/fold_4/attempt_1/model.joblib,recorded_in_fold_manifest,20260821T164332Z_490383ff__exp_20260903T170029Z_e0883d24
rec_1dc86a88f619dc329d0a,/mnt/d/INFANT CRY/data_set_dbl_split/train/tired/4542_M_owh.wav,baby,infant_sha256:3d779e369b772ac269fb8e4c450a42342a4a5976d5f2fcb3b35e9ae81719964d,4,baby,0.9983307423715422,0.0016692576284577376,original,/mnt/d/INFANT CRY/Models_dbl/experiments/runs/20260821T164332Z_490383ff__exp_20260903T170029Z_e0883d24/candidates/stage1_mfcc_svm/seed_42/fold_4/attempt_1/model.joblib,recorded_in_fold_manifest,20260821T164332Z_490383ff__exp_20260903T170029Z_e0883d24
rec_00fb21fcc5074d6fdb5e,/mnt/d/INFANT CRY/data_set_dbl_split/train/tired/4562_M_owh.wav,baby,infant_sha256:58de5f5db07f4128aef184c78d95e747f9996611880ce8790b34e84c68e41c44,4,baby,0.99995154354361,4.8456456389929075e-05,original,/mnt/d/INFANT CRY/Models_dbl/experiments/runs/20260821T164332Z_490383ff__exp_20260903T170029Z_e0883d24/candidates/stage1_mfcc_svm/seed_42/fold_4/attempt_1/model.joblib,recorded_in_fold_manifest,20260821T164332Z_490383ff__exp_20260903T170029Z_e0883d24
rec_12747cef979d624075a6,/mnt/d/INFANT CRY/data_set_dbl_split/train/tired/461_M_owh.wav,baby,infant_sha256:126f0ff0f0efe794af6ddb1d48b2987093f2728659e3a66e95b7bb06a5ea0538,4,baby,0.9990672673858059,0.0009327326141942145,original,/mnt/d/INFANT CRY/Models_dbl/experiments/runs/20260821T164332Z_490383ff__exp_20260903T170029Z_e0883d24/candidates/stage1_mfcc_svm/seed_42/fold_4/attempt_1/model.joblib,recorded_in_fold_manifest,20260821T164332Z_490383ff__exp_20260903T170029Z_e0883d24
rec_355d44738a3cd884e41c,/mnt/d/INFANT CRY/data_set_dbl_split/train/tired/4645_M_owh.wav,baby,infant_sha256:817f42283fbc11374f4336546c587e2412f6c846f534393ae1b9e414e64a9327,4,baby,0.9988632681295837,0.0011367318704163145,original,/mnt/d/INFANT CRY/Models_dbl/experiments/runs/20260821T164332Z_490383ff__exp_20260903T170029Z_e0883d24/candidates/stage1_mfcc_svm/seed_42/fold_4/attempt_1/model.joblib,recorded_in_fold_manifest,20260821T164332Z_490383ff__exp_20260903T170029Z_e0883d24
rec_779a15db4f4658575d1e,/mnt/d/INFANT CRY/data_set_dbl_split/train/tired/4750_M_owh.wav,baby,infant_sha256:6f8b42b2e8e0675ce89f04a4a6f05b8d7abc477eeac0efc3327b39b997764bb0,4,baby,0.9998783998262237,0.0001216001737763402,original,/mnt/d/INFANT CRY/Models_dbl/experiments/runs/20260821T164332Z_490383ff__exp_20260903T170029Z_e0883d24/candidates/stage1_mfcc_svm/seed_42/fold_4/attempt_1/model.joblib,recorded_in_fold_manifest,20260821T164332Z_490383ff__exp_20260903T170029Z_e0883d24
rec_b4cf3fb29438e3698467,/mnt/d/INFANT CRY/data_set_dbl_split/train/tired/4810_F_owh.wav,baby,infant_sha256:32fd0932bf3488da60f8c69ecb89e44eff2b32194f5e2121b458cc185d0ce854,4,baby,0.8518839345637004,0.1481160654362997,original,/mnt/d/INFANT CRY/Models_dbl/experiments/runs/20260821T164332Z_490383ff__exp_20260903T170029Z_e0883d24/candidates/stage1_mfcc_svm/seed_42/fold_4/attempt_1/model.joblib,recorded_in_fold_manifest,20260821T164332Z_490383ff__exp_20260903T170029Z_e0883d24
rec_47687240794223f7bd4d,/mnt/d/INFANT CRY/data_set_dbl_split/train/tired/4857_F_owh.wav,baby,infant_sha256:ab4de8b4e2d926d3b4294ce6a82af1ba7259d2a15277598d47fa76c424bef1b5,4,baby,0.9890680970195505,0.010931902980449536,original,/mnt/d/INFANT CRY/Models_dbl/experiments/runs/20260821T164332Z_490383ff__exp_20260903T170029Z_e0883d24/candidates/stage1_mfcc_svm/seed_42/fold_4/attempt_1/model.joblib,recorded_in_fold_manifest,20260821T164332Z_490383ff__exp_20260903T170029Z_e0883d24
rec_714a26b32e56f2dca6f0,/mnt/d/INFANT CRY/data_set_dbl_split/train/tired/4920_M_owh.wav,baby,infant_sha256:802f569f1a75e5db07e7eb339d5618e8c8a6d514f29b7fdd22378cadfa10c17f,4,baby,0.9996553027618602,0.00034469723813983607,original,/mnt/d/INFANT CRY/Models_dbl/experiments/runs/20260821T164332Z_490383ff__exp_20260903T170029Z_e0883d24/candidates/stage1_mfcc_svm/seed_42/fold_4/attempt_1/model.joblib,recorded_in_fold_manifest,20260821T164332Z_490383ff__exp_20260903T170029Z_e0883d24
rec_d4c9e257eeadb5ae0aff,/mnt/d/INFANT CRY/data_set_dbl_split/train/tired/553_M_owh.wav,baby,infant_sha256:4723bac8c4d31af2d959573bb8073791530e21d71918eaa91750992c8899e685,4,baby,0.9997665916519974,0.0002334083480024602,original,/mnt/d/INFANT CRY/Models_dbl/experiments/runs/20260821T164332Z_490383ff__exp_20260903T170029Z_e0883d24/candidates/stage1_mfcc_svm/seed_42/fold_4/attempt_1/model.joblib,recorded_in_fold_manifest,20260821T164332Z_490383ff__exp_20260903T170029Z_e0883d24
rec_1cdf21146bf8e23eee07,/mnt/d/INFANT CRY/data_set_dbl_split/train/tired/629_F_owh.wav,baby,infant_sha256:df2c16a68e5d4497edba5bc9e3a0e0d19a039a9c91a688c82f62ff495537dc4f,4,baby,0.9964045271658727,0.003595472834127326,original,/mnt/d/INFANT CRY/Models_dbl/experiments/runs/20260821T164332Z_490383ff__exp_20260903T170029Z_e0883d24/candidates/stage1_mfcc_svm/seed_42/fold_4/attempt_1/model.joblib,recorded_in_fold_manifest,20260821T164332Z_490383ff__exp_20260903T170029Z_e0883d24
rec_f0237c7bc85ed44d1c5c,/mnt/d/INFANT CRY/data_set_dbl_split/train/tired/649_M_owh.wav,baby,infant_sha256:23b0b176c958d340a42705bae202fe9de4f6bba8ffc05364e8e80258c5875e2a,4,baby,0.995332421978416,0.004667578021584023,original,/mnt/d/INFANT CRY/Models_dbl/experiments/runs/20260821T164332Z_490383ff__exp_20260903T170029Z_e0883d24/candidates/stage1_mfcc_svm/seed_42/fold_4/attempt_1/model.joblib,recorded_in_fold_manifest,20260821T164332Z_490383ff__exp_20260903T170029Z_e0883d24
rec_881aaca9321592ada989,/mnt/d/INFANT CRY/data_set_dbl_split/train/tired/725_M_owh.wav,baby,infant_sha256:20864c6ada4fac3655f8907cd0701136058a047637d34eb56f5237d452772fe4,4,baby,0.999763217192085,0.00023678280791490373,original,/mnt/d/INFANT CRY/Models_dbl/experiments/runs/20260821T164332Z_490383ff__exp_20260903T170029Z_e0883d24/candidates/stage1_mfcc_svm/seed_42/fold_4/attempt_1/model.joblib,recorded_in_fold_manifest,20260821T164332Z_490383ff__exp_20260903T170029Z_e0883d24
rec_8c8c6149d8b72a83e73f,/mnt/d/INFANT CRY/data_set_dbl_split/train/tired/731_M_owh.wav,baby,infant_sha256:1ee1b23da52bfbb3e84db221528ccb4092c18c171e8bdd5273bc4935eefa7259,4,baby,0.9988948672451449,0.001105132754855115,original,/mnt/d/INFANT CRY/Models_dbl/experiments/runs/20260821T164332Z_490383ff__exp_20260903T170029Z_e0883d24/candidates/stage1_mfcc_svm/seed_42/fold_4/attempt_1/model.joblib,recorded_in_fold_manifest,20260821T164332Z_490383ff__exp_20260903T170029Z_e0883d24
rec_6534da1f1641adc23b7b,/mnt/d/INFANT CRY/data_set_dbl_split/train/tired/784_M_owh.wav,baby,infant_sha256:c24716c41a35cb6ba6cf75486a8ec2094fe3684eec8c78cf5cf8c534c4bc449a,4,baby,0.9958592025640894,0.0041407974359105315,original,/mnt/d/INFANT CRY/Models_dbl/experiments/runs/20260821T164332Z_490383ff__exp_20260903T170029Z_e0883d24/candidates/stage1_mfcc_svm/seed_42/fold_4/attempt_1/model.joblib,recorded_in_fold_manifest,20260821T164332Z_490383ff__exp_20260903T170029Z_e0883d24
rec_1a94772b4370c02dfd42,/mnt/d/INFANT CRY/data_set_dbl_split/train/tired/792_M_owh.wav,baby,infant_sha256:4a4e69cb5d86b5c00e2bf94a208b4b4363f9f78f46509f02db9ec887c508eaef,4,baby,0.9990740016335099,0.0009259983664901644,original,/mnt/d/INFANT CRY/Models_dbl/experiments/runs/20260821T164332Z_490383ff__exp_20260903T170029Z_e0883d24/candidates/stage1_mfcc_svm/seed_42/fold_4/attempt_1/model.joblib,recorded_in_fold_manifest,20260821T164332Z_490383ff__exp_20260903T170029Z_e0883d24
rec_b4d2ffa0d09f146f825e,/mnt/d/INFANT CRY/data_set_dbl_split/train/tired/968_M_owh.wav,baby,infant_sha256:d99c560cc52242c24cd8db127abfdec32efd74796dfd0e8daa16734b37bb6ecf,4,baby,0.994477252067101,0.005522747932898944,original,/mnt/d/INFANT CRY/Models_dbl/experiments/runs/20260821T164332Z_490383ff__exp_20260903T170029Z_e0883d24/candidates/stage1_mfcc_svm/seed_42/fold_4/attempt_1/model.joblib,recorded_in_fold_manifest,20260821T164332Z_490383ff__exp_20260903T170029Z_e0883d24
rec_3d5ed19aca9da009e092,/mnt/d/INFANT CRY/data_set_dbl_split/train/tired/988_M_owh.wav,baby,infant_sha256:c465a437d180cf90d69a9a1cc2c11910e6420892fd9144f4562bf328a78d8324,4,baby,0.9859154158829393,0.014084584117060681,original,/mnt/d/INFANT CRY/Models_dbl/experiments/runs/20260821T164332Z_490383ff__exp_20260903T170029Z_e0883d24/candidates/stage1_mfcc_svm/seed_42/fold_4/attempt_1/model.joblib,recorded_in_fold_manifest,20260821T164332Z_490383ff__exp_20260903T170029Z_e0883d24
rec_d8f9daf02522d0d90587,/mnt/d/INFANT CRY/data_set_dbl_split/train/tired/dunstan-owh_1.wav,baby,infant_sha256:26272410b0177a999355952d7e91ddf786e32be4620a8734b595aa8183504008,4,baby,0.9979817920425834,0.0020182079574165967,original,/mnt/d/INFANT CRY/Models_dbl/experiments/runs/20260821T164332Z_490383ff__exp_20260903T170029Z_e0883d24/candidates/stage1_mfcc_svm/seed_42/fold_4/attempt_1/model.joblib,recorded_in_fold_manifest,20260821T164332Z_490383ff__exp_20260903T170029Z_e0883d24
rec_201ae050b07f61deddd3,/mnt/d/INFANT CRY/data_set_dbl_split/train/tired/dunstan-owh_21.wav,baby,infant_sha256:a18dd1c42245bf9f06e61714cece4a5177b621d5024aba3752bd9111c9b41677,4,baby,0.9993236954353782,0.0006763045646217642,original,/mnt/d/INFANT CRY/Models_dbl/experiments/runs/20260821T164332Z_490383ff__exp_20260903T170029Z_e0883d24/candidates/stage1_mfcc_svm/seed_42/fold_4/attempt_1/model.joblib,recorded_in_fold_manifest,20260821T164332Z_490383ff__exp_20260903T170029Z_e0883d24
rec_289ca3cc71bf3a313b04,/mnt/d/INFANT CRY/data_set_dbl_split/train/tired/dunstan-owh_34.wav,baby,infant_sha256:d717f1e04a5f14106707ff0e90ed36e8b068850932d50cbc8d9529ee625df827,4,baby,0.9955147034900681,0.004485296509931948,original,/mnt/d/INFANT CRY/Models_dbl/experiments/runs/20260821T164332Z_490383ff__exp_20260903T170029Z_e0883d24/candidates/stage1_mfcc_svm/seed_42/fold_4/attempt_1/model.joblib,recorded_in_fold_manifest,20260821T164332Z_490383ff__exp_20260903T170029Z_e0883d24
rec_4cbaef32706c295eb376,/mnt/d/INFANT CRY/data_set_dbl_split/train/not_baby/1-137296-A-16.wav,not_baby,esc50_source:137296,4,not_baby,6.17425426357689e-12,0.9999999999938257,original,/mnt/d/INFANT CRY/Models_dbl/experiments/runs/20260821T164332Z_490383ff__exp_20260903T170029Z_e0883d24/candidates/stage1_mfcc_svm/seed_42/fold_4/attempt_1/model.joblib,recorded_in_fold_manifest,20260821T164332Z_490383ff__exp_20260903T170029Z_e0883d24
rec_7bc604429f5249695477,/mnt/d/INFANT CRY/data_set_dbl_split/train/not_baby/1-17124-A-43.wav,not_baby,esc50_source:17124,4,baby,0.5396998218711893,0.46030017812881086,original,/mnt/d/INFANT CRY/Models_dbl/experiments/runs/20260821T164332Z_490383ff__exp_20260903T170029Z_e0883d24/candidates/stage1_mfcc_svm/seed_42/fold_4/attempt_1/model.joblib,recorded_in_fold_manifest,20260821T164332Z_490383ff__exp_20260903T170029Z_e0883d24
rec_b13a4d5654209ef9bad4,/mnt/d/INFANT CRY/data_set_dbl_split/train/not_baby/1-18631-A-23.wav,not_baby,esc50_source:18631,4,not_baby,6.723564261944501e-08,0.9999999327643574,original,/mnt/d/INFANT CRY/Models_dbl/experiments/runs/20260821T164332Z_490383ff__exp_20260903T170029Z_e0883d24/candidates/stage1_mfcc_svm/seed_42/fold_4/attempt_1/model.joblib,recorded_in_fold_manifest,20260821T164332Z_490383ff__exp_20260903T170029Z_e0883d24
rec_1c97969c11165650d878,/mnt/d/INFANT CRY/data_set_dbl_split/train/not_baby/1-19111-A-24.wav,not_baby,esc50_source:19111,4,not_baby,0.13069191594216065,0.8693080840578394,original,/mnt/d/INFANT CRY/Models_dbl/experiments/runs/20260821T164332Z_490383ff__exp_20260903T170029Z_e0883d24/candidates/stage1_mfcc_svm/seed_42/fold_4/attempt_1/model.joblib,recorded_in_fold_manifest,20260821T164332Z_490383ff__exp_20260903T170029Z_e0883d24
rec_f56369af549c07f430b3,/mnt/d/INFANT CRY/data_set_dbl_split/train/not_baby/1-21189-A-10.wav,not_baby,esc50_source:21189,4,not_baby,0.015794033036210825,0.9842059669637893,original,/mnt/d/INFANT CRY/Models_dbl/experiments/runs/20260821T164332Z_490383ff__exp_20260903T170029Z_e0883d24/candidates/stage1_mfcc_svm/seed_42/fold_4/attempt_1/model.joblib,recorded_in_fold_manifest,20260821T164332Z_490383ff__exp_20260903T170029Z_e0883d24
rec_f821e4fb904018a5a981,/mnt/d/INFANT CRY/data_set_dbl_split/train/not_baby/1-23996-A-35.wav,not_baby,esc50_source:23996,4,not_baby,2.7192265603195397e-08,0.9999999728077344,original,/mnt/d/INFANT CRY/Models_dbl/experiments/runs/20260821T164332Z_490383ff__exp_20260903T170029Z_e0883d24/candidates/stage1_mfcc_svm/seed_42/fold_4/attempt_1/model.joblib,recorded_in_fold_manifest,20260821T164332Z_490383ff__exp_20260903T170029Z_e0883d24
rec_cd26c4f5badafe26c329,/mnt/d/INFANT CRY/data_set_dbl_split/train/not_baby/1-23996-B-35.wav,not_baby,esc50_source:23996,4,not_baby,6.646341462752613e-10,0.9999999993353659,original,/mnt/d/INFANT CRY/Models_dbl/experiments/runs/20260821T164332Z_490383ff__exp_20260903T170029Z_e0883d24/candidates/stage1_mfcc_svm/seed_42/fold_4/attempt_1/model.joblib,recorded_in_fold_manifest,20260821T164332Z_490383ff__exp_20260903T170029Z_e0883d24
rec_c15a624f11a62037e57e,/mnt/d/INFANT CRY/data_set_dbl_split/train/not_baby/1-25781-A-48.wav,not_baby,esc50_source:25781,4,not_baby,0.328607411718778,0.6713925882812221,original,/mnt/d/INFANT CRY/Models_dbl/experiments/runs/20260821T164332Z_490383ff__exp_20260903T170029Z_e0883d24/candidates/stage1_mfcc_svm/seed_42/fold_4/attempt_1/model.joblib,recorded_in_fold_manifest,20260821T164332Z_490383ff__exp_20260903T170029Z_e0883d24
rec_4354ccf07db20b1b7f30,/mnt/d/INFANT CRY/data_set_dbl_split/train/not_baby/1-26176-A-43.wav,not_baby,esc50_source:26176,4,not_baby,0.1926439179877084,0.8073560820122916,original,/mnt/d/INFANT CRY/Models_dbl/experiments/runs/20260821T164332Z_490383ff__exp_20260903T170029Z_e0883d24/candidates/stage1_mfcc_svm/seed_42/fold_4/attempt_1/model.joblib,recorded_in_fold_manifest,20260821T164332Z_490383ff__exp_20260903T170029Z_e0883d24
rec_924593df69cc6203c067,/mnt/d/INFANT CRY/data_set_dbl_split/train/not_baby/1-26177-A-43.wav,not_baby,esc50_source:26177,4,baby,0.5627625182389383,0.4372374817610618,original,/mnt/d/INFANT CRY/Models_dbl/experiments/runs/20260821T164332Z_490383ff__exp_20260903T170029Z_e0883d24/candidates/stage1_mfcc_svm/seed_42/fold_4/attempt_1/model.joblib,recorded_in_fold_manifest,20260821T164332Z_490383ff__exp_20260903T170029Z_e0883d24
rec_a4e5b8a8a52ca324349c,/mnt/d/INFANT CRY/data_set_dbl_split/train/not_baby/1-27724-A-1.wav,not_baby,esc50_source:27724,4,not_baby,0.01132323933480042,0.9886767606651996,original,/mnt/d/INFANT CRY/Models_dbl/experiments/runs/20260821T164332Z_490383ff__exp_20260903T170029Z_e0883d24/candidates/stage1_mfcc_svm/seed_42/fold_4/attempt_1/model.joblib,recorded_in_fold_manifest,20260821T164332Z_490383ff__exp_20260903T170029Z_e0883d24
rec_c7b211a00c314708ef5b,/mnt/d/INFANT CRY/data_set_dbl_split/train/not_baby/1-28808-A-43.wav,not_baby,esc50_source:28808,4,not_baby,0.005668637150842116,0.9943313628491579,original,/mnt/d/INFANT CRY/Models_dbl/experiments/runs/20260821T164332Z_490383ff__exp_20260903T170029Z_e0883d24/candidates/stage1_mfcc_svm/seed_42/fold_4/attempt_1/model.joblib,recorded_in_fold_manifest,20260821T164332Z_490383ff__exp_20260903T170029Z_e0883d24
rec_55a29c2440fc4ab2bbe9,/mnt/d/INFANT CRY/data_set_dbl_split/train/not_baby/1-30344-A-0.wav,not_baby,esc50_source:30344,4,not_baby,0.010535002948288295,0.9894649970517118,original,/mnt/d/INFANT CRY/Models_dbl/experiments/runs/20260821T164332Z_490383ff__exp_20260903T170029Z_e0883d24/candidates/stage1_mfcc_svm/seed_42/fold_4/attempt_1/model.joblib,recorded_in_fold_manifest,20260821T164332Z_490383ff__exp_20260903T170029Z_e0883d24
rec_c920f8e16e3947a7eeae,/mnt/d/INFANT CRY/data_set_dbl_split/train/not_baby/1-32579-A-29.wav,not_baby,esc50_source:32579,4,not_baby,2.5716501622072204e-12,0.9999999999974284,original,/mnt/d/INFANT CRY/Models_dbl/experiments/runs/20260821T164332Z_490383ff__exp_20260903T170029Z_e0883d24/candidates/stage1_mfcc_svm/seed_42/fold_4/attempt_1/model.joblib,recorded_in_fold_manifest,20260821T164332Z_490383ff__exp_20260903T170029Z_e0883d24
rec_aacded6c4d74b4ac37c3,/mnt/d/INFANT CRY/data_set_dbl_split/train/not_baby/1-34495-A-14.wav,not_baby,esc50_source:34495,4,not_baby,6.331541936250972e-07,0.9999993668458065,original,/mnt/d/INFANT CRY/Models_dbl/experiments/runs/20260821T164332Z_490383ff__exp_20260903T170029Z_e0883d24/candidates/stage1_mfcc_svm/seed_42/fold_4/attempt_1/model.joblib,recorded_in_fold_manifest,20260821T164332Z_490383ff__exp_20260903T170029Z_e0883d24
rec_ca01bed5ff17a336bf6c,/mnt/d/INFANT CRY/data_set_dbl_split/train/not_baby/1-39835-A-9.wav,not_baby,esc50_source:39835,4,not_baby,0.03585361906705371,0.9641463809329464,original,/mnt/d/INFANT CRY/Models_dbl/experiments/runs/20260821T164332Z_490383ff__exp_20260903T170029Z_e0883d24/candidates/stage1_mfcc_svm/seed_42/fold_4/attempt_1/model.joblib,recorded_in_fold_manifest,20260821T164332Z_490383ff__exp_20260903T170029Z_e0883d24
rec_5ec243377490c6adb682,/mnt/d/INFANT CRY/data_set_dbl_split/train/not_baby/1-39835-B-9.wav,not_baby,esc50_source:39835,4,not_baby,2.5779989356458103e-06,0.9999974220010643,original,/mnt/d/INFANT CRY/Models_dbl/experiments/runs/20260821T164332Z_490383ff__exp_20260903T170029Z_e0883d24/candidates/stage1_mfcc_svm/seed_42/fold_4/attempt_1/model.joblib,recorded_in_fold_manifest,20260821T164332Z_490383ff__exp_20260903T170029Z_e0883d24
rec_289c964aa6a5352d3ba3,/mnt/d/INFANT CRY/data_set_dbl_split/train/not_baby/1-40154-A-46.wav,not_baby,esc50_source:40154,4,not_baby,0.0774153877128537,0.9225846122871464,original,/mnt/d/INFANT CRY/Models_dbl/experiments/runs/20260821T164332Z_490383ff__exp_20260903T170029Z_e0883d24/candidates/stage1_mfcc_svm/seed_42/fold_4/attempt_1/model.joblib,recorded_in_fold_manifest,20260821T164332Z_490383ff__exp_20260903T170029Z_e0883d24
rec_67f48837bd615c2db559,/mnt/d/INFANT CRY/data_set_dbl_split/train/not_baby/1-41615-A-34.wav,not_baby,esc50_source:41615,4,not_baby,4.644282571943975e-06,0.999995355717428,original,/mnt/d/INFANT CRY/Models_dbl/experiments/runs/20260821T164332Z_490383ff__exp_20260903T170029Z_e0883d24/candidates/stage1_mfcc_svm/seed_42/fold_4/attempt_1/model.joblib,recorded_in_fold_manifest,20260821T164332Z_490383ff__exp_20260903T170029Z_e0883d24
rec_b48d4376a4686985ba0c,/mnt/d/INFANT CRY/data_set_dbl_split/train/not_baby/1-44831-A-1.wav,not_baby,esc50_source:44831,4,not_baby,2.0203885858588547e-06,0.9999979796114141,original,/mnt/d/INFANT CRY/Models_dbl/experiments/runs/20260821T164332Z_490383ff__exp_20260903T170029Z_e0883d24/candidates/stage1_mfcc_svm/seed_42/fold_4/attempt_1/model.joblib,recorded_in_fold_manifest,20260821T164332Z_490383ff__exp_20260903T170029Z_e0883d24
rec_928310da0912c7d15eef,/mnt/d/INFANT CRY/data_set_dbl_split/train/not_baby/1-47273-A-21.wav,not_baby,esc50_source:47273,4,not_baby,0.004409059096997223,0.9955909409030028,original,/mnt/d/INFANT CRY/Models_dbl/experiments/runs/20260821T164332Z_490383ff__exp_20260903T170029Z_e0883d24/candidates/stage1_mfcc_svm/seed_42/fold_4/attempt_1/model.joblib,recorded_in_fold_manifest,20260821T164332Z_490383ff__exp_20260903T170029Z_e0883d24
rec_ad8d4c32c507f52ccb2a,/mnt/d/INFANT CRY/data_set_dbl_split/train/not_baby/1-48413-A-38.wav,not_baby,esc50_source:48413,4,not_baby,3.869505419417952e-07,0.9999996130494581,original,/mnt/d/INFANT CRY/Models_dbl/experiments/runs/20260821T164332Z_490383ff__exp_20260903T170029Z_e0883d24/candidates/stage1_mfcc_svm/seed_42/fold_4/attempt_1/model.joblib,recorded_in_fold_manifest,20260821T164332Z_490383ff__exp_20260903T170029Z_e0883d24
rec_518c78da2255a2dfc3f8,/mnt/d/INFANT CRY/data_set_dbl_split/train/not_baby/1-50454-A-44.wav,not_baby,esc50_source:50454,4,not_baby,1.0811414628842064e-10,0.9999999998918858,original,/mnt/d/INFANT CRY/Models_dbl/experiments/runs/20260821T164332Z_490383ff__exp_20260903T170029Z_e0883d24/candidates/stage1_mfcc_svm/seed_42/fold_4/attempt_1/model.joblib,recorded_in_fold_manifest,20260821T164332Z_490383ff__exp_20260903T170029Z_e0883d24
rec_c0b900c0f9fe5981f519,/mnt/d/INFANT CRY/data_set_dbl_split/train/not_baby/1-51035-A-16.wav,not_baby,esc50_source:51035,4,not_baby,2.258303981623622e-08,0.9999999774169602,original,/mnt/d/INFANT CRY/Models_dbl/experiments/runs/20260821T164332Z_490383ff__exp_20260903T170029Z_e0883d24/candidates/stage1_mfcc_svm/seed_42/fold_4/attempt_1/model.joblib,recorded_in_fold_manifest,20260821T164332Z_490383ff__exp_20260903T170029Z_e0883d24
rec_ea5ffc51ad9297af7241,/mnt/d/INFANT CRY/data_set_dbl_split/train/not_baby/1-53467-A-47.wav,not_baby,esc50_source:53467,4,not_baby,1.689423957173352e-06,0.9999983105760428,original,/mnt/d/INFANT CRY/Models_dbl/experiments/runs/20260821T164332Z_490383ff__exp_20260903T170029Z_e0883d24/candidates/stage1_mfcc_svm/seed_42/fold_4/attempt_1/model.joblib,recorded_in_fold_manifest,20260821T164332Z_490383ff__exp_20260903T170029Z_e0883d24
rec_f258d898253a88970876,/mnt/d/INFANT CRY/data_set_dbl_split/train/not_baby/1-54505-A-21.wav,not_baby,esc50_source:54505,4,baby,0.7926470894553321,0.20735291054466795,original,/mnt/d/INFANT CRY/Models_dbl/experiments/runs/20260821T164332Z_490383ff__exp_20260903T170029Z_e0883d24/candidates/stage1_mfcc_svm/seed_42/fold_4/attempt_1/model.joblib,recorded_in_fold_manifest,20260821T164332Z_490383ff__exp_20260903T170029Z_e0883d24
rec_1c4585fcd660e3ae33ae,/mnt/d/INFANT CRY/data_set_dbl_split/train/not_baby/1-56311-A-10.wav,not_baby,esc50_source:56311,4,not_baby,0.011229034001590879,0.9887709659984091,original,/mnt/d/INFANT CRY/Models_dbl/experiments/runs/20260821T164332Z_490383ff__exp_20260903T170029Z_e0883d24/candidates/stage1_mfcc_svm/seed_42/fold_4/attempt_1/model.joblib,recorded_in_fold_manifest,20260821T164332Z_490383ff__exp_20260903T170029Z_e0883d24
rec_f19868473e22984646bc,/mnt/d/INFANT CRY/data_set_dbl_split/train/not_baby/1-57163-A-38.wav,not_baby,esc50_source:57163,4,not_baby,0.004835825645489948,0.9951641743545101,original,/mnt/d/INFANT CRY/Models_dbl/experiments/runs/20260821T164332Z_490383ff__exp_20260903T170029Z_e0883d24/candidates/stage1_mfcc_svm/seed_42/fold_4/attempt_1/model.joblib,recorded_in_fold_manifest,20260821T164332Z_490383ff__exp_20260903T170029Z_e0883d24
rec_ad39269525c2878ccbfb,/mnt/d/INFANT CRY/data_set_dbl_split/train/not_baby/1-58923-A-27.wav,not_baby,esc50_source:58923,4,not_baby,0.025795543016380658,0.9742044569836193,original,/mnt/d/INFANT CRY/Models_dbl/experiments/runs/20260821T164332Z_490383ff__exp_20260903T170029Z_e0883d24/candidates/stage1_mfcc_svm/seed_42/fold_4/attempt_1/model.joblib,recorded_in_fold_manifest,20260821T164332Z_490383ff__exp_20260903T170029Z_e0883d24
rec_4df4432057f0c63aee38,/mnt/d/INFANT CRY/data_set_dbl_split/train/not_baby/1-58923-B-27.wav,not_baby,esc50_source:58923,4,not_baby,0.08112140867754788,0.9188785913224521,original,/mnt/d/INFANT CRY/Models_dbl/experiments/runs/20260821T164332Z_490383ff__exp_20260903T170029Z_e0883d24/candidates/stage1_mfcc_svm/seed_42/fold_4/attempt_1/model.joblib,recorded_in_fold_manifest,20260821T164332Z_490383ff__exp_20260903T170029Z_e0883d24
rec_d1f3a6da9f90d64c443e,/mnt/d/INFANT CRY/data_set_dbl_split/train/not_baby/1-63871-A-10.wav,not_baby,esc50_source:63871,4,not_baby,7.488632132763697e-07,0.9999992511367867,original,/mnt/d/INFANT CRY/Models_dbl/experiments/runs/20260821T164332Z_490383ff__exp_20260903T170029Z_e0883d24/candidates/stage1_mfcc_svm/seed_42/fold_4/attempt_1/model.joblib,recorded_in_fold_manifest,20260821T164332Z_490383ff__exp_20260903T170029Z_e0883d24
rec_e7a705372f08a47c7b5c,/mnt/d/INFANT CRY/data_set_dbl_split/train/not_baby/1-65483-A-13.wav,not_baby,esc50_source:65483,4,not_baby,0.003250019509693772,0.9967499804903063,original,/mnt/d/INFANT CRY/Models_dbl/experiments/runs/20260821T164332Z_490383ff__exp_20260903T170029Z_e0883d24/candidates/stage1_mfcc_svm/seed_42/fold_4/attempt_1/model.joblib,recorded_in_fold_manifest,20260821T164332Z_490383ff__exp_20260903T170029Z_e0883d24
rec_8fabaa5ee15f2d91a6cc,/mnt/d/INFANT CRY/data_set_dbl_split/train/not_baby/1-67152-A-17.wav,not_baby,esc50_source:67152,4,not_baby,1.5543876669487828e-05,0.9999844561233305,original,/mnt/d/INFANT CRY/Models_dbl/experiments/runs/20260821T164332Z_490383ff__exp_20260903T170029Z_e0883d24/candidates/stage1_mfcc_svm/seed_42/fold_4/attempt_1/model.joblib,recorded_in_fold_manifest,20260821T164332Z_490383ff__exp_20260903T170029Z_e0883d24
rec_fc56c020e0c3c4357708,/mnt/d/INFANT CRY/data_set_dbl_split/train/not_baby/1-69165-A-34.wav,not_baby,esc50_source:69165,4,not_baby,4.969383850480124e-06,0.9999950306161495,original,/mnt/d/INFANT CRY/Models_dbl/experiments/runs/20260821T164332Z_490383ff__exp_20260903T170029Z_e0883d24/candidates/stage1_mfcc_svm/seed_42/fold_4/attempt_1/model.joblib,recorded_in_fold_manifest,20260821T164332Z_490383ff__exp_20260903T170029Z_e0883d24
rec_0b2e69f0800f0c75c35c,/mnt/d/INFANT CRY/data_set_dbl_split/train/not_baby/1-74517-A-37.wav,not_baby,esc50_source:74517,4,not_baby,0.0045578932868589415,0.995442106713141,original,/mnt/d/INFANT CRY/Models_dbl/experiments/runs/20260821T164332Z_490383ff__exp_20260903T170029Z_e0883d24/candidates/stage1_mfcc_svm/seed_42/fold_4/attempt_1/model.joblib,recorded_in_fold_manifest,20260821T164332Z_490383ff__exp_20260903T170029Z_e0883d24
rec_6b87549be92f65fea808,/mnt/d/INFANT CRY/data_set_dbl_split/train/not_baby/1-80785-A-7.wav,not_baby,esc50_source:80785,4,not_baby,1.2593639525293166e-09,0.999999998740636,original,/mnt/d/INFANT CRY/Models_dbl/experiments/runs/20260821T164332Z_490383ff__exp_20260903T170029Z_e0883d24/candidates/stage1_mfcc_svm/seed_42/fold_4/attempt_1/model.joblib,recorded_in_fold_manifest,20260821T164332Z_490383ff__exp_20260903T170029Z_e0883d24
rec_24dbccd025b150ae89fa,/mnt/d/INFANT CRY/data_set_dbl_split/train/not_baby/1-80840-A-13.wav,not_baby,esc50_source:80840,4,not_baby,5.8013671800666005e-11,0.9999999999419864,original,/mnt/d/INFANT CRY/Models_dbl/experiments/runs/20260821T164332Z_490383ff__exp_20260903T170029Z_e0883d24/candidates/stage1_mfcc_svm/seed_42/fold_4/attempt_1/model.joblib,recorded_in_fold_manifest,20260821T164332Z_490383ff__exp_20260903T170029Z_e0883d24
rec_2b8f6d3b46d7f89b57d8,/mnt/d/INFANT CRY/data_set_dbl_split/train/not_baby/1-87565-A-29.wav,not_baby,esc50_source:87565,4,not_baby,5.330947334248525e-12,0.999999999994669,original,/mnt/d/INFANT CRY/Models_dbl/experiments/runs/20260821T164332Z_490383ff__exp_20260903T170029Z_e0883d24/candidates/stage1_mfcc_svm/seed_42/fold_4/attempt_1/model.joblib,recorded_in_fold_manifest,20260821T164332Z_490383ff__exp_20260903T170029Z_e0883d24
rec_6e5f2a333d6f884e7587,/mnt/d/INFANT CRY/data_set_dbl_split/train/not_baby/1-88574-A-8.wav,not_baby,esc50_source:88574,4,not_baby,1.2472952711176736e-07,0.9999998752704728,original,/mnt/d/INFANT CRY/Models_dbl/experiments/runs/20260821T164332Z_490383ff__exp_20260903T170029Z_e0883d24/candidates/stage1_mfcc_svm/seed_42/fold_4/attempt_1/model.joblib,recorded_in_fold_manifest,20260821T164332Z_490383ff__exp_20260903T170029Z_e0883d24
rec_819344856e3a8ddf039e,/mnt/d/INFANT CRY/data_set_dbl_split/train/not_baby/1-977-A-39.wav,not_baby,esc50_source:977,4,not_baby,0.0035829301374027027,0.9964170698625973,original,/mnt/d/INFANT CRY/Models_dbl/experiments/runs/20260821T164332Z_490383ff__exp_20260903T170029Z_e0883d24/candidates/stage1_mfcc_svm/seed_42/fold_4/attempt_1/model.joblib,recorded_in_fold_manifest,20260821T164332Z_490383ff__exp_20260903T170029Z_e0883d24
rec_cfbad00fefbcf87ab640,/mnt/d/INFANT CRY/data_set_dbl_split/train/not_baby/2-104877-A-3.wav,not_baby,esc50_source:104877,4,not_baby,0.0563791148081871,0.9436208851918129,original,/mnt/d/INFANT CRY/Models_dbl/experiments/runs/20260821T164332Z_490383ff__exp_20260903T170029Z_e0883d24/candidates/stage1_mfcc_svm/seed_42/fold_4/attempt_1/model.joblib,recorded_in_fold_manifest,20260821T164332Z_490383ff__exp_20260903T170029Z_e0883d24
rec_54ba6147d25b54e297fa,/mnt/d/INFANT CRY/data_set_dbl_split/train/not_baby/2-106015-A-44.wav,not_baby,esc50_source:106015,4,not_baby,2.9226864358292224e-08,0.9999999707731356,original,/mnt/d/INFANT CRY/Models_dbl/experiments/runs/20260821T164332Z_490383ff__exp_20260903T170029Z_e0883d24/candidates/stage1_mfcc_svm/seed_42/fold_4/attempt_1/model.joblib,recorded_in_fold_manifest,20260821T164332Z_490383ff__exp_20260903T170029Z_e0883d24
rec_6d4f955c3489ce47205d,/mnt/d/INFANT CRY/data_set_dbl_split/train/not_baby/2-106015-B-44.wav,not_baby,esc50_source:106015,4,not_baby,4.380763579411683e-09,0.9999999956192365,original,/mnt/d/INFANT CRY/Models_dbl/experiments/runs/20260821T164332Z_490383ff__exp_20260903T170029Z_e0883d24/candidates/stage1_mfcc_svm/seed_42/fold_4/attempt_1/model.joblib,recorded_in_fold_manifest,20260821T164332Z_490383ff__exp_20260903T170029Z_e0883d24
rec_7be9c21e26833b1d7f29,/mnt/d/INFANT CRY/data_set_dbl_split/train/not_baby/2-107228-A-44.wav,not_baby,esc50_source:107228,4,not_baby,3.000000899999981e-14,0.99999999999997,original,/mnt/d/INFANT CRY/Models_dbl/experiments/runs/20260821T164332Z_490383ff__exp_20260903T170029Z_e0883d24/candidates/stage1_mfcc_svm/seed_42/fold_4/attempt_1/model.joblib,recorded_in_fold_manifest,20260821T164332Z_490383ff__exp_20260903T170029Z_e0883d24
rec_eddfcf233e0fba691c2c,/mnt/d/INFANT CRY/data_set_dbl_split/train/not_baby/2-107228-B-44.wav,not_baby,esc50_source:107228,4,not_baby,4.177654558231615e-14,0.9999999999999583,original,/mnt/d/INFANT CRY/Models_dbl/experiments/runs/20260821T164332Z_490383ff__exp_20260903T170029Z_e0883d24/candidates/stage1_mfcc_svm/seed_42/fold_4/attempt_1/model.joblib,recorded_in_fold_manifest,20260821T164332Z_490383ff__exp_20260903T170029Z_e0883d24
rec_6152f1ac5ad7421ac928,/mnt/d/INFANT CRY/data_set_dbl_split/train/not_baby/2-108767-A-9.wav,not_baby,esc50_source:108767,4,not_baby,1.5968464320611854e-08,0.9999999840315357,original,/mnt/d/INFANT CRY/Models_dbl/experiments/runs/20260821T164332Z_490383ff__exp_20260903T170029Z_e0883d24/candidates/stage1_mfcc_svm/seed_42/fold_4/attempt_1/model.joblib,recorded_in_fold_manifest,20260821T164332Z_490383ff__exp_20260903T170029Z_e0883d24
rec_3495ea5c3e9bef1df64a,/mnt/d/INFANT CRY/data_set_dbl_split/train/not_baby/2-108767-B-9.wav,not_baby,esc50_source:108767,4,not_baby,4.817365686948093e-09,0.9999999951826344,original,/mnt/d/INFANT CRY/Models_dbl/experiments/runs/20260821T164332Z_490383ff__exp_20260903T170029Z_e0883d24/candidates/stage1_mfcc_svm/seed_42/fold_4/attempt_1/model.joblib,recorded_in_fold_manifest,20260821T164332Z_490383ff__exp_20260903T170029Z_e0883d24
rec_46906814c6defeefa783,/mnt/d/INFANT CRY/data_set_dbl_split/train/not_baby/2-108767-C-9.wav,not_baby,esc50_source:108767,4,not_baby,1.3376220020747838e-07,0.9999998662377998,original,/mnt/d/INFANT CRY/Models_dbl/experiments/runs/20260821T164332Z_490383ff__exp_20260903T170029Z_e0883d24/candidates/stage1_mfcc_svm/seed_42/fold_4/attempt_1/model.joblib,recorded_in_fold_manifest,20260821T164332Z_490383ff__exp_20260903T170029Z_e0883d24
rec_17c7a98b92c35323e7ed,/mnt/d/INFANT CRY/data_set_dbl_split/train/not_baby/2-112213-A-39.wav,not_baby,esc50_source:112213,4,not_baby,9.388261062746121e-07,0.9999990611738938,original,/mnt/d/INFANT CRY/Models_dbl/experiments/runs/20260821T164332Z_490383ff__exp_20260903T170029Z_e0883d24/candidates/stage1_mfcc_svm/seed_42/fold_4/attempt_1/model.joblib,recorded_in_fold_manifest,20260821T164332Z_490383ff__exp_20260903T170029Z_e0883d24
rec_210fb96e9f18d5c90e16,/mnt/d/INFANT CRY/data_set_dbl_split/train/not_baby/2-112213-B-39.wav,not_baby,esc50_source:112213,4,not_baby,2.6438782781337615e-07,0.9999997356121723,original,/mnt/d/INFANT CRY/Models_dbl/experiments/runs/20260821T164332Z_490383ff__exp_20260903T170029Z_e0883d24/candidates/stage1_mfcc_svm/seed_42/fold_4/attempt_1/model.joblib,recorded_in_fold_manifest,20260821T164332Z_490383ff__exp_20260903T170029Z_e0883d24
rec_69422298a01dcc37280f,/mnt/d/INFANT CRY/data_set_dbl_split/train/not_baby/2-114609-A-28.wav,not_baby,esc50_source:114609,4,not_baby,1.6083891655999255e-09,0.9999999983916108,original,/mnt/d/INFANT CRY/Models_dbl/experiments/runs/20260821T164332Z_490383ff__exp_20260903T170029Z_e0883d24/candidates/stage1_mfcc_svm/seed_42/fold_4/attempt_1/model.joblib,recorded_in_fold_manifest,20260821T164332Z_490383ff__exp_20260903T170029Z_e0883d24
rec_e092e55b18b03b3c6ea7,/mnt/d/INFANT CRY/data_set_dbl_split/train/not_baby/2-114609-B-28.wav,not_baby,esc50_source:114609,4,not_baby,2.9448071325398753e-06,0.9999970551928674,original,/mnt/d/INFANT CRY/Models_dbl/experiments/runs/20260821T164332Z_490383ff__exp_20260903T170029Z_e0883d24/candidates/stage1_mfcc_svm/seed_42/fold_4/attempt_1/model.joblib,recorded_in_fold_manifest,20260821T164332Z_490383ff__exp_20260903T170029Z_e0883d24
rec_f8640598042ff91188e6,/mnt/d/INFANT CRY/data_set_dbl_split/train/not_baby/2-117330-A-28.wav,not_baby,esc50_source:117330,4,not_baby,1.705020730458842e-13,0.9999999999998296,original,/mnt/d/INFANT CRY/Models_dbl/experiments/runs/20260821T164332Z_490383ff__exp_20260903T170029Z_e0883d24/candidates/stage1_mfcc_svm/seed_42/fold_4/attempt_1/model.joblib,recorded_in_fold_manifest,20260821T164332Z_490383ff__exp_20260903T170029Z_e0883d24
rec_d3609a988d8d5c0e1c6c,/mnt/d/INFANT CRY/data_set_dbl_split/train/not_baby/2-117617-A-48.wav,not_baby,esc50_source:117617,4,not_baby,1.4371859074312454e-07,0.9999998562814093,original,/mnt/d/INFANT CRY/Models_dbl/experiments/runs/20260821T164332Z_490383ff__exp_20260903T170029Z_e0883d24/candidates/stage1_mfcc_svm/seed_42/fold_4/attempt_1/model.joblib,recorded_in_fold_manifest,20260821T164332Z_490383ff__exp_20260903T170029Z_e0883d24
rec_0c89856387d8c1c7b9a1,/mnt/d/INFANT CRY/data_set_dbl_split/train/not_baby/2-118104-A-21.wav,not_baby,esc50_source:118104,4,not_baby,0.1194256961040893,0.8805743038959107,original,/mnt/d/INFANT CRY/Models_dbl/experiments/runs/20260821T164332Z_490383ff__exp_20260903T170029Z_e0883d24/candidates/stage1_mfcc_svm/seed_42/fold_4/attempt_1/model.joblib,recorded_in_fold_manifest,20260821T164332Z_490383ff__exp_20260903T170029Z_e0883d24
rec_3f02405f0d15535c49da,/mnt/d/INFANT CRY/data_set_dbl_split/train/not_baby/2-119748-A-38.wav,not_baby,esc50_source:119748,4,not_baby,0.013896054079351851,0.9861039459206481,original,/mnt/d/INFANT CRY/Models_dbl/experiments/runs/20260821T164332Z_490383ff__exp_20260903T170029Z_e0883d24/candidates/stage1_mfcc_svm/seed_42/fold_4/attempt_1/model.joblib,recorded_in_fold_manifest,20260821T164332Z_490383ff__exp_20260903T170029Z_e0883d24
rec_8d5413cf599e7d3bd2e2,/mnt/d/INFANT CRY/data_set_dbl_split/train/not_baby/2-124564-A-15.wav,not_baby,esc50_source:124564,4,not_baby,4.585756270791801e-12,0.9999999999954143,original,/mnt/d/INFANT CRY/Models_dbl/experiments/runs/20260821T164332Z_490383ff__exp_20260903T170029Z_e0883d24/candidates/stage1_mfcc_svm/seed_42/fold_4/attempt_1/model.joblib,recorded_in_fold_manifest,20260821T164332Z_490383ff__exp_20260903T170029Z_e0883d24
rec_45bc757d8ea0d3479da5,/mnt/d/INFANT CRY/data_set_dbl_split/train/not_baby/2-124662-A-11.wav,not_baby,esc50_source:124662,4,not_baby,8.847674395505796e-10,0.9999999991152326,original,/mnt/d/INFANT CRY/Models_dbl/experiments/runs/20260821T164332Z_490383ff__exp_20260903T170029Z_e0883d24/candidates/stage1_mfcc_svm/seed_42/fold_4/attempt_1/model.joblib,recorded_in_fold_manifest,20260821T164332Z_490383ff__exp_20260903T170029Z_e0883d24
rec_95f0f5f9daff1532fcdb,/mnt/d/INFANT CRY/data_set_dbl_split/train/not_baby/2-126756-A-29.wav,not_baby,esc50_source:126756,4,not_baby,4.2142823633890906e-08,0.9999999578571763,original,/mnt/d/INFANT CRY/Models_dbl/experiments/runs/20260821T164332Z_490383ff__exp_20260903T170029Z_e0883d24/candidates/stage1_mfcc_svm/seed_42/fold_4/attempt_1/model.joblib,recorded_in_fold_manifest,20260821T164332Z_490383ff__exp_20260903T170029Z_e0883d24
rec_ef1573d6898dcd053ca8,/mnt/d/INFANT CRY/data_set_dbl_split/train/not_baby/2-130978-A-21.wav,not_baby,esc50_source:130978,4,not_baby,0.013578842438957834,0.9864211575610422,original,/mnt/d/INFANT CRY/Models_dbl/experiments/runs/20260821T164332Z_490383ff__exp_20260903T170029Z_e0883d24/candidates/stage1_mfcc_svm/seed_42/fold_4/attempt_1/model.joblib,recorded_in_fold_manifest,20260821T164332Z_490383ff__exp_20260903T170029Z_e0883d24
rec_a28d2592ce77dcbd5bb2,/mnt/d/INFANT CRY/data_set_dbl_split/train/not_baby/2-135649-A-45.wav,not_baby,esc50_source:135649,4,not_baby,2.2625567226440157e-10,0.9999999997737444,original,/mnt/d/INFANT CRY/Models_dbl/experiments/runs/20260821T164332Z_490383ff__exp_20260903T170029Z_e0883d24/candidates/stage1_mfcc_svm/seed_42/fold_4/attempt_1/model.joblib,recorded_in_fold_manifest,20260821T164332Z_490383ff__exp_20260903T170029Z_e0883d24
rec_b55705f3ac8c6cd6fc78,/mnt/d/INFANT CRY/data_set_dbl_split/train/not_baby/2-135649-B-45.wav,not_baby,esc50_source:135649,4,not_baby,7.463399908441785e-07,0.9999992536600092,original,/mnt/d/INFANT CRY/Models_dbl/experiments/runs/20260821T164332Z_490383ff__exp_20260903T170029Z_e0883d24/candidates/stage1_mfcc_svm/seed_42/fold_4/attempt_1/model.joblib,recorded_in_fold_manifest,20260821T164332Z_490383ff__exp_20260903T170029Z_e0883d24
rec_c994f8c68b214123328f,/mnt/d/INFANT CRY/data_set_dbl_split/train/not_baby/2-135649-C-45.wav,not_baby,esc50_source:135649,4,not_baby,1.7065779134431445e-08,0.9999999829342209,original,/mnt/d/INFANT CRY/Models_dbl/experiments/runs/20260821T164332Z_490383ff__exp_20260903T170029Z_e0883d24/candidates/stage1_mfcc_svm/seed_42/fold_4/attempt_1/model.joblib,recorded_in_fold_manifest,20260821T164332Z_490383ff__exp_20260903T170029Z_e0883d24
rec_7348a0bcb6e762034526,/mnt/d/INFANT CRY/data_set_dbl_split/train/not_baby/2-138465-A-43.wav,not_baby,esc50_source:138465,4,not_baby,2.841905023888093e-10,0.9999999997158096,original,/mnt/d/INFANT CRY/Models_dbl/experiments/runs/20260821T164332Z_490383ff__exp_20260903T170029Z_e0883d24/candidates/stage1_mfcc_svm/seed_42/fold_4/attempt_1/model.joblib,recorded_in_fold_manifest,20260821T164332Z_490383ff__exp_20260903T170029Z_e0883d24
rec_166d18bcc727b4c75b6d,/mnt/d/INFANT CRY/data_set_dbl_split/train/not_baby/2-141584-A-38.wav,not_baby,esc50_source:141584,4,not_baby,0.003185531144904744,0.9968144688550953,original,/mnt/d/INFANT CRY/Models_dbl/experiments/runs/20260821T164332Z_490383ff__exp_20260903T170029Z_e0883d24/candidates/stage1_mfcc_svm/seed_42/fold_4/attempt_1/model.joblib,recorded_in_fold_manifest,20260821T164332Z_490383ff__exp_20260903T170029Z_e0883d24
rec_74c6cf42970a6b5d203e,/mnt/d/INFANT CRY/data_set_dbl_split/train/not_baby/2-144137-A-43.wav,not_baby,esc50_source:144137,4,not_baby,0.013619844776770635,0.9863801552232293,original,/mnt/d/INFANT CRY/Models_dbl/experiments/runs/20260821T164332Z_490383ff__exp_20260903T170029Z_e0883d24/candidates/stage1_mfcc_svm/seed_42/fold_4/attempt_1/model.joblib,recorded_in_fold_manifest,20260821T164332Z_490383ff__exp_20260903T170029Z_e0883d24
rec_441f3dace9dd94c8954f,/mnt/d/INFANT CRY/data_set_dbl_split/train/not_baby/2-160888-A-47.wav,not_baby,esc50_source:160888,4,not_baby,2.589089511091259e-07,0.9999997410910489,original,/mnt/d/INFANT CRY/Models_dbl/experiments/runs/20260821T164332Z_490383ff__exp_20260903T170029Z_e0883d24/candidates/stage1_mfcc_svm/seed_42/fold_4/attempt_1/model.joblib,recorded_in_fold_manifest,20260821T164332Z_490383ff__exp_20260903T170029Z_e0883d24
rec_5c8acf0ba9f5ff1c09ec,/mnt/d/INFANT CRY/data_set_dbl_split/train/not_baby/2-173607-A-39.wav,not_baby,esc50_source:173607,4,not_baby,0.00801628890911205,0.991983711090888,original,/mnt/d/INFANT CRY/Models_dbl/experiments/runs/20260821T164332Z_490383ff__exp_20260903T170029Z_e0883d24/candidates/stage1_mfcc_svm/seed_42/fold_4/attempt_1/model.joblib,recorded_in_fold_manifest,20260821T164332Z_490383ff__exp_20260903T170029Z_e0883d24
rec_6b29a78366abc191f459,/mnt/d/INFANT CRY/data_set_dbl_split/train/not_baby/2-182508-A-8.wav,not_baby,esc50_source:182508,4,not_baby,5.083934270147228e-06,0.9999949160657299,original,/mnt/d/INFANT CRY/Models_dbl/experiments/runs/20260821T164332Z_490383ff__exp_20260903T170029Z_e0883d24/candidates/stage1_mfcc_svm/seed_42/fold_4/attempt_1/model.joblib,recorded_in_fold_manifest,20260821T164332Z_490383ff__exp_20260903T170029Z_e0883d24
rec_774afecf689f1aae61fa,/mnt/d/INFANT CRY/data_set_dbl_split/train/not_baby/2-182508-B-8.wav,not_baby,esc50_source:182508,4,not_baby,1.0266987636182994e-07,0.9999998973301236,original,/mnt/d/INFANT CRY/Models_dbl/experiments/runs/20260821T164332Z_490383ff__exp_20260903T170029Z_e0883d24/candidates/stage1_mfcc_svm/seed_42/fold_4/attempt_1/model.joblib,recorded_in_fold_manifest,20260821T164332Z_490383ff__exp_20260903T170029Z_e0883d24
rec_406fe507cc2938a29779,/mnt/d/INFANT CRY/data_set_dbl_split/train/not_baby/2-196688-A-8.wav,not_baby,esc50_source:196688,4,not_baby,0.004689571992430724,0.9953104280075693,original,/mnt/d/INFANT CRY/Models_dbl/experiments/runs/20260821T164332Z_490383ff__exp_20260903T170029Z_e0883d24/candidates/stage1_mfcc_svm/seed_42/fold_4/attempt_1/model.joblib,recorded_in_fold_manifest,20260821T164332Z_490383ff__exp_20260903T170029Z_e0883d24
rec_3aa32db4cf256eaf737f,/mnt/d/INFANT CRY/data_set_dbl_split/train/not_baby/2-205966-A-16.wav,not_baby,esc50_source:205966,4,not_baby,1.168513474931574e-10,0.9999999998831487,original,/mnt/d/INFANT CRY/Models_dbl/experiments/runs/20260821T164332Z_490383ff__exp_20260903T170029Z_e0883d24/candidates/stage1_mfcc_svm/seed_42/fold_4/attempt_1/model.joblib,recorded_in_fold_manifest,20260821T164332Z_490383ff__exp_20260903T170029Z_e0883d24
rec_f27aed70dfd69405d885,/mnt/d/INFANT CRY/data_set_dbl_split/train/not_baby/2-209473-A-25.wav,not_baby,esc50_source:209473,4,not_baby,1.2706433235814677e-12,0.9999999999987293,original,/mnt/d/INFANT CRY/Models_dbl/experiments/runs/20260821T164332Z_490383ff__exp_20260903T170029Z_e0883d24/candidates/stage1_mfcc_svm/seed_42/fold_4/attempt_1/model.joblib,recorded_in_fold_manifest,20260821T164332Z_490383ff__exp_20260903T170029Z_e0883d24
rec_60c9e726595a957d08f2,/mnt/d/INFANT CRY/data_set_dbl_split/train/not_baby/2-37806-A-40.wav,not_baby,esc50_source:37806,4,not_baby,2.7373983913080297e-07,0.9999997262601608,original,/mnt/d/INFANT CRY/Models_dbl/experiments/runs/20260821T164332Z_490383ff__exp_20260903T170029Z_e0883d24/candidates/stage1_mfcc_svm/seed_42/fold_4/attempt_1/model.joblib,recorded_in_fold_manifest,20260821T164332Z_490383ff__exp_20260903T170029Z_e0883d24
rec_ea104647515c7b1b78ec,/mnt/d/INFANT CRY/data_set_dbl_split/train/not_baby/2-37806-B-40.wav,not_baby,esc50_source:37806,4,not_baby,3.84080907774602e-09,0.999999996159191,original,/mnt/d/INFANT CRY/Models_dbl/experiments/runs/20260821T164332Z_490383ff__exp_20260903T170029Z_e0883d24/candidates/stage1_mfcc_svm/seed_42/fold_4/attempt_1/model.joblib,recorded_in_fold_manifest,20260821T164332Z_490383ff__exp_20260903T170029Z_e0883d24
rec_9139e3649183a899d812,/mnt/d/INFANT CRY/data_set_dbl_split/train/not_baby/2-37806-C-40.wav,not_baby,esc50_source:37806,4,not_baby,9.362806459184626e-07,0.9999990637193541,original,/mnt/d/INFANT CRY/Models_dbl/experiments/runs/20260821T164332Z_490383ff__exp_20260903T170029Z_e0883d24/candidates/stage1_mfcc_svm/seed_42/fold_4/attempt_1/model.joblib,recorded_in_fold_manifest,20260821T164332Z_490383ff__exp_20260903T170029Z_e0883d24
rec_4db24351eee4c5363149,/mnt/d/INFANT CRY/data_set_dbl_split/train/not_baby/2-37806-D-40.wav,not_baby,esc50_source:37806,4,not_baby,1.254512520796585e-07,0.999999874548748,original,/mnt/d/INFANT CRY/Models_dbl/experiments/runs/20260821T164332Z_490383ff__exp_20260903T170029Z_e0883d24/candidates/stage1_mfcc_svm/seed_42/fold_4/attempt_1/model.joblib,recorded_in_fold_manifest,20260821T164332Z_490383ff__exp_20260903T170029Z_e0883d24
rec_f4ca880dfba57131d276,/mnt/d/INFANT CRY/data_set_dbl_split/train/not_baby/2-51173-A-35.wav,not_baby,esc50_source:51173,4,not_baby,1.3532389140489716e-06,0.999998646761086,original,/mnt/d/INFANT CRY/Models_dbl/experiments/runs/20260821T164332Z_490383ff__exp_20260903T170029Z_e0883d24/candidates/stage1_mfcc_svm/seed_42/fold_4/attempt_1/model.joblib,recorded_in_fold_manifest,20260821T164332Z_490383ff__exp_20260903T170029Z_e0883d24
rec_b0397e0946a57a4fa642,/mnt/d/INFANT CRY/data_set_dbl_split/train/not_baby/2-59566-A-46.wav,not_baby,esc50_source:59566,4,not_baby,0.06403329250597634,0.9359667074940236,original,/mnt/d/INFANT CRY/Models_dbl/experiments/runs/20260821T164332Z_490383ff__exp_20260903T170029Z_e0883d24/candidates/stage1_mfcc_svm/seed_42/fold_4/attempt_1/model.joblib,recorded_in_fold_manifest,20260821T164332Z_490383ff__exp_20260903T170029Z_e0883d24
rec_09d386b0cbcdc2780f11,/mnt/d/INFANT CRY/data_set_dbl_split/train/not_baby/2-60791-A-26.wav,not_baby,esc50_source:60791,4,not_baby,1.9014951565983833e-05,0.9999809850484339,original,/mnt/d/INFANT CRY/Models_dbl/experiments/runs/20260821T164332Z_490383ff__exp_20260903T170029Z_e0883d24/candidates/stage1_mfcc_svm/seed_42/fold_4/attempt_1/model.joblib,recorded_in_fold_manifest,20260821T164332Z_490383ff__exp_20260903T170029Z_e0883d24
rec_58b320dced3a551f72ed,/mnt/d/INFANT CRY/data_set_dbl_split/train/not_baby/2-60900-A-22.wav,not_baby,esc50_source:60900,4,not_baby,1.607129952096915e-05,0.999983928700479,original,/mnt/d/INFANT CRY/Models_dbl/experiments/runs/20260821T164332Z_490383ff__exp_20260903T170029Z_e0883d24/candidates/stage1_mfcc_svm/seed_42/fold_4/attempt_1/model.joblib,recorded_in_fold_manifest,20260821T164332Z_490383ff__exp_20260903T170029Z_e0883d24
rec_00c7b93c5c41265115b4,/mnt/d/INFANT CRY/data_set_dbl_split/train/not_baby/2-62226-A-26.wav,not_baby,esc50_source:62226,4,not_baby,0.13389474242104124,0.8661052575789587,original,/mnt/d/INFANT CRY/Models_dbl/experiments/runs/20260821T164332Z_490383ff__exp_20260903T170029Z_e0883d24/candidates/stage1_mfcc_svm/seed_42/fold_4/attempt_1/model.joblib,recorded_in_fold_manifest,20260821T164332Z_490383ff__exp_20260903T170029Z_e0883d24
rec_22995e5b648c8730623f,/mnt/d/INFANT CRY/data_set_dbl_split/train/not_baby/2-65484-A-18.wav,not_baby,esc50_source:65484,4,not_baby,0.007813062092315888,0.9921869379076841,original,/mnt/d/INFANT CRY/Models_dbl/experiments/runs/20260821T164332Z_490383ff__exp_20260903T170029Z_e0883d24/candidates/stage1_mfcc_svm/seed_42/fold_4/attempt_1/model.joblib,recorded_in_fold_manifest,20260821T164332Z_490383ff__exp_20260903T170029Z_e0883d24
rec_30d0382e04e25e7520f0,/mnt/d/INFANT CRY/data_set_dbl_split/train/not_baby/2-67422-A-18.wav,not_baby,esc50_source:67422,4,not_baby,0.006335606089298408,0.9936643939107016,original,/mnt/d/INFANT CRY/Models_dbl/experiments/runs/20260821T164332Z_490383ff__exp_20260903T170029Z_e0883d24/candidates/stage1_mfcc_svm/seed_42/fold_4/attempt_1/model.joblib,recorded_in_fold_manifest,20260821T164332Z_490383ff__exp_20260903T170029Z_e0883d24
rec_71f2511f2a6ca3d8b42b,/mnt/d/INFANT CRY/data_set_dbl_split/train/not_baby/2-70344-A-33.wav,not_baby,esc50_source:70344,4,not_baby,2.541924927630529e-06,0.9999974580750725,original,/mnt/d/INFANT CRY/Models_dbl/experiments/runs/20260821T164332Z_490383ff__exp_20260903T170029Z_e0883d24/candidates/stage1_mfcc_svm/seed_42/fold_4/attempt_1/model.joblib,recorded_in_fold_manifest,20260821T164332Z_490383ff__exp_20260903T170029Z_e0883d24
rec_870ed73640784f4790c0,/mnt/d/INFANT CRY/data_set_dbl_split/train/not_baby/2-72268-A-6.wav,not_baby,esc50_source:72268,4,not_baby,0.3823681091520555,0.6176318908479445,original,/mnt/d/INFANT CRY/Models_dbl/experiments/runs/20260821T164332Z_490383ff__exp_20260903T170029Z_e0883d24/candidates/stage1_mfcc_svm/seed_42/fold_4/attempt_1/model.joblib,recorded_in_fold_manifest,20260821T164332Z_490383ff__exp_20260903T170029Z_e0883d24
rec_0e60ceee1c17f0ea6c17,/mnt/d/INFANT CRY/data_set_dbl_split/train/not_baby/2-76408-A-22.wav,not_baby,esc50_source:76408,4,not_baby,0.05668955368888407,0.9433104463111159,original,/mnt/d/INFANT CRY/Models_dbl/experiments/runs/20260821T164332Z_490383ff__exp_20260903T170029Z_e0883d24/candidates/stage1_mfcc_svm/seed_42/fold_4/attempt_1/model.joblib,recorded_in_fold_manifest,20260821T164332Z_490383ff__exp_20260903T170029Z_e0883d24
rec_1bf58f9839b0dddfc9c4,/mnt/d/INFANT CRY/data_set_dbl_split/train/not_baby/2-76408-B-22.wav,not_baby,esc50_source:76408,4,not_baby,0.02040295686430049,0.9795970431356995,original,/mnt/d/INFANT CRY/Models_dbl/experiments/runs/20260821T164332Z_490383ff__exp_20260903T170029Z_e0883d24/candidates/stage1_mfcc_svm/seed_42/fold_4/attempt_1/model.joblib,recorded_in_fold_manifest,20260821T164332Z_490383ff__exp_20260903T170029Z_e0883d24
rec_5e06ddcd40401c62d433,/mnt/d/INFANT CRY/data_set_dbl_split/train/not_baby/2-76408-C-22.wav,not_baby,esc50_source:76408,4,not_baby,0.020023720771653635,0.9799762792283464,original,/mnt/d/INFANT CRY/Models_dbl/experiments/runs/20260821T164332Z_490383ff__exp_20260903T170029Z_e0883d24/candidates/stage1_mfcc_svm/seed_42/fold_4/attempt_1/model.joblib,recorded_in_fold_manifest,20260821T164332Z_490383ff__exp_20260903T170029Z_e0883d24
rec_5af9d73cf812c0f062f6,/mnt/d/INFANT CRY/data_set_dbl_split/train/not_baby/2-76408-D-22.wav,not_baby,esc50_source:76408,4,not_baby,0.025103917230105875,0.9748960827698941,original,/mnt/d/INFANT CRY/Models_dbl/experiments/runs/20260821T164332Z_490383ff__exp_20260903T170029Z_e0883d24/candidates/stage1_mfcc_svm/seed_42/fold_4/attempt_1/model.joblib,recorded_in_fold_manifest,20260821T164332Z_490383ff__exp_20260903T170029Z_e0883d24
rec_70cb484ab72e9690f837,/mnt/d/INFANT CRY/data_set_dbl_split/train/not_baby/2-77945-A-41.wav,not_baby,esc50_source:77945,4,not_baby,4.480504318269592e-06,0.9999955194956818,original,/mnt/d/INFANT CRY/Models_dbl/experiments/runs/20260821T164332Z_490383ff__exp_20260903T170029Z_e0883d24/candidates/stage1_mfcc_svm/seed_42/fold_4/attempt_1/model.joblib,recorded_in_fold_manifest,20260821T164332Z_490383ff__exp_20260903T170029Z_e0883d24
rec_d96c857c047e010efc52,/mnt/d/INFANT CRY/data_set_dbl_split/train/not_baby/2-77945-B-41.wav,not_baby,esc50_source:77945,4,not_baby,0.006067346395967238,0.9939326536040327,original,/mnt/d/INFANT CRY/Models_dbl/experiments/runs/20260821T164332Z_490383ff__exp_20260903T170029Z_e0883d24/candidates/stage1_mfcc_svm/seed_42/fold_4/attempt_1/model.joblib,recorded_in_fold_manifest,20260821T164332Z_490383ff__exp_20260903T170029Z_e0883d24
rec_e1df2833c1b10bd5bef7,/mnt/d/INFANT CRY/data_set_dbl_split/train/not_baby/2-78781-A-47.wav,not_baby,esc50_source:78781,4,not_baby,4.1894878464409e-08,0.9999999581051215,original,/mnt/d/INFANT CRY/Models_dbl/experiments/runs/20260821T164332Z_490383ff__exp_20260903T170029Z_e0883d24/candidates/stage1_mfcc_svm/seed_42/fold_4/attempt_1/model.joblib,recorded_in_fold_manifest,20260821T164332Z_490383ff__exp_20260903T170029Z_e0883d24
rec_6135e77231aa6fcb78a1,/mnt/d/INFANT CRY/data_set_dbl_split/train/not_baby/2-79775-A-26.wav,not_baby,esc50_source:79775,4,baby,0.9149954643281242,0.08500453567187582,original,/mnt/d/INFANT CRY/Models_dbl/experiments/runs/20260821T164332Z_490383ff__exp_20260903T170029Z_e0883d24/candidates/stage1_mfcc_svm/seed_42/fold_4/attempt_1/model.joblib,recorded_in_fold_manifest,20260821T164332Z_490383ff__exp_20260903T170029Z_e0883d24
rec_e1c3a4982e945f3b2db2,/mnt/d/INFANT CRY/data_set_dbl_split/train/not_baby/2-81731-A-10.wav,not_baby,esc50_source:81731,4,not_baby,1.82369512529894e-05,0.999981763048747,original,/mnt/d/INFANT CRY/Models_dbl/experiments/runs/20260821T164332Z_490383ff__exp_20260903T170029Z_e0883d24/candidates/stage1_mfcc_svm/seed_42/fold_4/attempt_1/model.joblib,recorded_in_fold_manifest,20260821T164332Z_490383ff__exp_20260903T170029Z_e0883d24
rec_337634e45dba9c4dda8a,/mnt/d/INFANT CRY/data_set_dbl_split/train/not_baby/2-82367-A-10.wav,not_baby,esc50_source:82367,4,not_baby,4.655488771733916e-08,0.9999999534451123,original,/mnt/d/INFANT CRY/Models_dbl/experiments/runs/20260821T164332Z_490383ff__exp_20260903T170029Z_e0883d24/candidates/stage1_mfcc_svm/seed_42/fold_4/attempt_1/model.joblib,recorded_in_fold_manifest,20260821T164332Z_490383ff__exp_20260903T170029Z_e0883d24
rec_df6ee47c1a28bb8efbd8,/mnt/d/INFANT CRY/data_set_dbl_split/train/not_baby/2-83688-A-34.wav,not_baby,esc50_source:83688,4,not_baby,5.950976720171141e-07,0.999999404902328,original,/mnt/d/INFANT CRY/Models_dbl/experiments/runs/20260821T164332Z_490383ff__exp_20260903T170029Z_e0883d24/candidates/stage1_mfcc_svm/seed_42/fold_4/attempt_1/model.joblib,recorded_in_fold_manifest,20260821T164332Z_490383ff__exp_20260903T170029Z_e0883d24
rec_290b2545eb7345a5ca54,/mnt/d/INFANT CRY/data_set_dbl_split/train/not_baby/2-83934-A-5.wav,not_baby,esc50_source:83934,4,not_baby,6.247910000705846e-07,0.999999375209,original,/mnt/d/INFANT CRY/Models_dbl/experiments/runs/20260821T164332Z_490383ff__exp_20260903T170029Z_e0883d24/candidates/stage1_mfcc_svm/seed_42/fold_4/attempt_1/model.joblib,recorded_in_fold_manifest,20260821T164332Z_490383ff__exp_20260903T170029Z_e0883d24
rec_4da1839e0d95fbdcba01,/mnt/d/INFANT CRY/data_set_dbl_split/train/not_baby/2-83934-B-5.wav,not_baby,esc50_source:83934,4,not_baby,0.007067888169488509,0.9929321118305114,original,/mnt/d/INFANT CRY/Models_dbl/experiments/runs/20260821T164332Z_490383ff__exp_20260903T170029Z_e0883d24/candidates/stage1_mfcc_svm/seed_42/fold_4/attempt_1/model.joblib,recorded_in_fold_manifest,20260821T164332Z_490383ff__exp_20260903T170029Z_e0883d24
rec_23ec75d9170923face37,/mnt/d/INFANT CRY/data_set_dbl_split/train/not_baby/2-84965-A-23.wav,not_baby,esc50_source:84965,4,not_baby,0.15051660645017223,0.8494833935498277,original,/mnt/d/INFANT CRY/Models_dbl/experiments/runs/20260821T164332Z_490383ff__exp_20260903T170029Z_e0883d24/candidates/stage1_mfcc_svm/seed_42/fold_4/attempt_1/model.joblib,recorded_in_fold_manifest,20260821T164332Z_490383ff__exp_20260903T170029Z_e0883d24
rec_00944588bb996cc44276,/mnt/d/INFANT CRY/data_set_dbl_split/train/not_baby/2-85471-A-34.wav,not_baby,esc50_source:85471,4,not_baby,2.647067416139506e-07,0.9999997352932584,original,/mnt/d/INFANT CRY/Models_dbl/experiments/runs/20260821T164332Z_490383ff__exp_20260903T170029Z_e0883d24/candidates/stage1_mfcc_svm/seed_42/fold_4/attempt_1/model.joblib,recorded_in_fold_manifest,20260821T164332Z_490383ff__exp_20260903T170029Z_e0883d24
rec_de63d1a85b5d026e1117,/mnt/d/INFANT CRY/data_set_dbl_split/train/not_baby/2-87799-A-24.wav,not_baby,esc50_source:87799,4,not_baby,2.091652821436102e-07,0.9999997908347179,original,/mnt/d/INFANT CRY/Models_dbl/experiments/runs/20260821T164332Z_490383ff__exp_20260903T170029Z_e0883d24/candidates/stage1_mfcc_svm/seed_42/fold_4/attempt_1/model.joblib,recorded_in_fold_manifest,20260821T164332Z_490383ff__exp_20260903T170029Z_e0883d24
rec_f12a671306981b7eb079,/mnt/d/INFANT CRY/data_set_dbl_split/train/not_baby/2-95035-A-1.wav,not_baby,esc50_source:95035,4,not_baby,0.010789040592041799,0.9892109594079581,original,/mnt/d/INFANT CRY/Models_dbl/experiments/runs/20260821T164332Z_490383ff__exp_20260903T170029Z_e0883d24/candidates/stage1_mfcc_svm/seed_42/fold_4/attempt_1/model.joblib,recorded_in_fold_manifest,20260821T164332Z_490383ff__exp_20260903T170029Z_e0883d24
rec_ae5c72b63b1fa06e2ace,/mnt/d/INFANT CRY/data_set_dbl_split/train/not_baby/2-96904-A-27.wav,not_baby,esc50_source:96904,4,not_baby,0.009638491308989854,0.9903615086910103,original,/mnt/d/INFANT CRY/Models_dbl/experiments/runs/20260821T164332Z_490383ff__exp_20260903T170029Z_e0883d24/candidates/stage1_mfcc_svm/seed_42/fold_4/attempt_1/model.joblib,recorded_in_fold_manifest,20260821T164332Z_490383ff__exp_20260903T170029Z_e0883d24
rec_7df53e995646aac09b94,/mnt/d/INFANT CRY/data_set_dbl_split/train/not_baby/2-98866-A-47.wav,not_baby,esc50_source:98866,4,not_baby,0.05055052483184415,0.9494494751681558,original,/mnt/d/INFANT CRY/Models_dbl/experiments/runs/20260821T164332Z_490383ff__exp_20260903T170029Z_e0883d24/candidates/stage1_mfcc_svm/seed_42/fold_4/attempt_1/model.joblib,recorded_in_fold_manifest,20260821T164332Z_490383ff__exp_20260903T170029Z_e0883d24
rec_b7059b8ad9a9b7c70139,/mnt/d/INFANT CRY/data_set_dbl_split/train/not_baby/3-102583-A-49.wav,not_baby,esc50_source:102583,4,not_baby,1.387493902076573e-09,0.9999999986125061,original,/mnt/d/INFANT CRY/Models_dbl/experiments/runs/20260821T164332Z_490383ff__exp_20260903T170029Z_e0883d24/candidates/stage1_mfcc_svm/seed_42/fold_4/attempt_1/model.joblib,recorded_in_fold_manifest,20260821T164332Z_490383ff__exp_20260903T170029Z_e0883d24
rec_5bf96e24dfcb02168aed,/mnt/d/INFANT CRY/data_set_dbl_split/train/not_baby/3-102583-B-49.wav,not_baby,esc50_source:102583,4,not_baby,1.7265931781140823e-05,0.9999827340682189,original,/mnt/d/INFANT CRY/Models_dbl/experiments/runs/20260821T164332Z_490383ff__exp_20260903T170029Z_e0883d24/candidates/stage1_mfcc_svm/seed_42/fold_4/attempt_1/model.joblib,recorded_in_fold_manifest,20260821T164332Z_490383ff__exp_20260903T170029Z_e0883d24
rec_b08d664acb784423b647,/mnt/d/INFANT CRY/data_set_dbl_split/train/not_baby/3-102583-C-49.wav,not_baby,esc50_source:102583,4,not_baby,2.1482098656967878e-08,0.9999999785179013,original,/mnt/d/INFANT CRY/Models_dbl/experiments/runs/20260821T164332Z_490383ff__exp_20260903T170029Z_e0883d24/candidates/stage1_mfcc_svm/seed_42/fold_4/attempt_1/model.joblib,recorded_in_fold_manifest,20260821T164332Z_490383ff__exp_20260903T170029Z_e0883d24
rec_4c6c08085e111b24c664,/mnt/d/INFANT CRY/data_set_dbl_split/train/not_baby/3-103050-A-19.wav,not_baby,esc50_source:103050,4,not_baby,5.303025705758009e-11,0.9999999999469698,original,/mnt/d/INFANT CRY/Models_dbl/experiments/runs/20260821T164332Z_490383ff__exp_20260903T170029Z_e0883d24/candidates/stage1_mfcc_svm/seed_42/fold_4/attempt_1/model.joblib,recorded_in_fold_manifest,20260821T164332Z_490383ff__exp_20260903T170029Z_e0883d24
rec_50718917526c85c0ebe4,/mnt/d/INFANT CRY/data_set_dbl_split/train/not_baby/3-103597-A-25.wav,not_baby,esc50_source:103597,4,not_baby,8.643446515684491e-11,0.9999999999135656,original,/mnt/d/INFANT CRY/Models_dbl/experiments/runs/20260821T164332Z_490383ff__exp_20260903T170029Z_e0883d24/candidates/stage1_mfcc_svm/seed_42/fold_4/attempt_1/model.joblib,recorded_in_fold_manifest,20260821T164332Z_490383ff__exp_20260903T170029Z_e0883d24
rec_bf89c1ed6f275dd36e1d,/mnt/d/INFANT CRY/data_set_dbl_split/train/not_baby/3-103598-A-25.wav,not_baby,esc50_source:103598,4,not_baby,6.934276242773264e-12,0.9999999999930658,original,/mnt/d/INFANT CRY/Models_dbl/experiments/runs/20260821T164332Z_490383ff__exp_20260903T170029Z_e0883d24/candidates/stage1_mfcc_svm/seed_42/fold_4/attempt_1/model.joblib,recorded_in_fold_manifest,20260821T164332Z_490383ff__exp_20260903T170029Z_e0883d24
rec_d7ead02dd052767858b3,/mnt/d/INFANT CRY/data_set_dbl_split/train/not_baby/3-108160-A-23.wav,not_baby,esc50_source:108160,4,not_baby,1.94896786948044e-09,0.9999999980510321,original,/mnt/d/INFANT CRY/Models_dbl/experiments/runs/20260821T164332Z_490383ff__exp_20260903T170029Z_e0883d24/candidates/stage1_mfcc_svm/seed_42/fold_4/attempt_1/model.joblib,recorded_in_fold_manifest,20260821T164332Z_490383ff__exp_20260903T170029Z_e0883d24
rec_c2c7249b5a6ea041a435,/mnt/d/INFANT CRY/data_set_dbl_split/train/not_baby/3-110536-A-26.wav,not_baby,esc50_source:110536,4,baby,0.7070849301577161,0.292915069842284,original,/mnt/d/INFANT CRY/Models_dbl/experiments/runs/20260821T164332Z_490383ff__exp_20260903T170029Z_e0883d24/candidates/stage1_mfcc_svm/seed_42/fold_4/attempt_1/model.joblib,recorded_in_fold_manifest,20260821T164332Z_490383ff__exp_20260903T170029Z_e0883d24
rec_ba9ee4ea8713a9bde89c,/mnt/d/INFANT CRY/data_set_dbl_split/train/not_baby/3-115382-A-44.wav,not_baby,esc50_source:115382,4,not_baby,2.7663733798381573e-06,0.9999972336266202,original,/mnt/d/INFANT CRY/Models_dbl/experiments/runs/20260821T164332Z_490383ff__exp_20260903T170029Z_e0883d24/candidates/stage1_mfcc_svm/seed_42/fold_4/attempt_1/model.joblib,recorded_in_fold_manifest,20260821T164332Z_490383ff__exp_20260903T170029Z_e0883d24
rec_21f4e815faa9ac8cbe54,/mnt/d/INFANT CRY/data_set_dbl_split/train/not_baby/3-118487-A-26.wav,not_baby,esc50_source:118487,4,not_baby,0.0044974480394909646,0.9955025519605091,original,/mnt/d/INFANT CRY/Models_dbl/experiments/runs/20260821T164332Z_490383ff__exp_20260903T170029Z_e0883d24/candidates/stage1_mfcc_svm/seed_42/fold_4/attempt_1/model.joblib,recorded_in_fold_manifest,20260821T164332Z_490383ff__exp_20260903T170029Z_e0883d24
rec_c89d3c25521a33e9ee9d,/mnt/d/INFANT CRY/data_set_dbl_split/train/not_baby/3-119120-A-48.wav,not_baby,esc50_source:119120,4,not_baby,6.68682693319513e-10,0.9999999993313173,original,/mnt/d/INFANT CRY/Models_dbl/experiments/runs/20260821T164332Z_490383ff__exp_20260903T170029Z_e0883d24/candidates/stage1_mfcc_svm/seed_42/fold_4/attempt_1/model.joblib,recorded_in_fold_manifest,20260821T164332Z_490383ff__exp_20260903T170029Z_e0883d24
rec_65995960892734451cbf,/mnt/d/INFANT CRY/data_set_dbl_split/train/not_baby/3-119120-B-48.wav,not_baby,esc50_source:119120,4,not_baby,1.5652007758634427e-06,0.9999984347992241,original,/mnt/d/INFANT CRY/Models_dbl/experiments/runs/20260821T164332Z_490383ff__exp_20260903T170029Z_e0883d24/candidates/stage1_mfcc_svm/seed_42/fold_4/attempt_1/model.joblib,recorded_in_fold_manifest,20260821T164332Z_490383ff__exp_20260903T170029Z_e0883d24
rec_4eaa4835994d166c9221,/mnt/d/INFANT CRY/data_set_dbl_split/train/not_baby/3-119120-C-48.wav,not_baby,esc50_source:119120,4,not_baby,8.585498335228539e-11,0.999999999914145,original,/mnt/d/INFANT CRY/Models_dbl/experiments/runs/20260821T164332Z_490383ff__exp_20260903T170029Z_e0883d24/candidates/stage1_mfcc_svm/seed_42/fold_4/attempt_1/model.joblib,recorded_in_fold_manifest,20260821T164332Z_490383ff__exp_20260903T170029Z_e0883d24
rec_097399038ed5854a853a,/mnt/d/INFANT CRY/data_set_dbl_split/train/not_baby/3-119120-D-48.wav,not_baby,esc50_source:119120,4,not_baby,5.250298694706756e-06,0.9999947497013053,original,/mnt/d/INFANT CRY/Models_dbl/experiments/runs/20260821T164332Z_490383ff__exp_20260903T170029Z_e0883d24/candidates/stage1_mfcc_svm/seed_42/fold_4/attempt_1/model.joblib,recorded_in_fold_manifest,20260821T164332Z_490383ff__exp_20260903T170029Z_e0883d24
rec_7980c1568d515f39d62b,/mnt/d/INFANT CRY/data_set_dbl_split/train/not_baby/3-119120-E-48.wav,not_baby,esc50_source:119120,4,not_baby,1.025163741970806e-06,0.9999989748362581,original,/mnt/d/INFANT CRY/Models_dbl/experiments/runs/20260821T164332Z_490383ff__exp_20260903T170029Z_e0883d24/candidates/stage1_mfcc_svm/seed_42/fold_4/attempt_1/model.joblib,recorded_in_fold_manifest,20260821T164332Z_490383ff__exp_20260903T170029Z_e0883d24
rec_0bed62224bb8ed45c199,/mnt/d/INFANT CRY/data_set_dbl_split/train/not_baby/3-122110-A-46.wav,not_baby,esc50_source:122110,4,not_baby,2.6499284012293356e-08,0.999999973500716,original,/mnt/d/INFANT CRY/Models_dbl/experiments/runs/20260821T164332Z_490383ff__exp_20260903T170029Z_e0883d24/candidates/stage1_mfcc_svm/seed_42/fold_4/attempt_1/model.joblib,recorded_in_fold_manifest,20260821T164332Z_490383ff__exp_20260903T170029Z_e0883d24
rec_13e4170f85b5b2d3a426,/mnt/d/INFANT CRY/data_set_dbl_split/train/not_baby/3-125548-A-32.wav,not_baby,esc50_source:125548,4,not_baby,2.3576946427806955e-07,0.9999997642305358,original,/mnt/d/INFANT CRY/Models_dbl/experiments/runs/20260821T164332Z_490383ff__exp_20260903T170029Z_e0883d24/candidates/stage1_mfcc_svm/seed_42/fold_4/attempt_1/model.joblib,recorded_in_fold_manifest,20260821T164332Z_490383ff__exp_20260903T170029Z_e0883d24
rec_b471bb86484aa1e07f52,/mnt/d/INFANT CRY/data_set_dbl_split/train/not_baby/3-126391-A-27.wav,not_baby,esc50_source:126391,4,not_baby,9.295419193238417e-08,0.9999999070458081,original,/mnt/d/INFANT CRY/Models_dbl/experiments/runs/20260821T164332Z_490383ff__exp_20260903T170029Z_e0883d24/candidates/stage1_mfcc_svm/seed_42/fold_4/attempt_1/model.joblib,recorded_in_fold_manifest,20260821T164332Z_490383ff__exp_20260903T170029Z_e0883d24
rec_3ae32aad6cb4b8ed1817,/mnt/d/INFANT CRY/data_set_dbl_split/train/not_baby/3-126391-B-27.wav,not_baby,esc50_source:126391,4,not_baby,6.599052308642919e-09,0.9999999934009477,original,/mnt/d/INFANT CRY/Models_dbl/experiments/runs/20260821T164332Z_490383ff__exp_20260903T170029Z_e0883d24/candidates/stage1_mfcc_svm/seed_42/fold_4/attempt_1/model.joblib,recorded_in_fold_manifest,20260821T164332Z_490383ff__exp_20260903T170029Z_e0883d24
rec_9b6a40fc9837060588e4,/mnt/d/INFANT CRY/data_set_dbl_split/train/not_baby/3-127890-A-9.wav,not_baby,esc50_source:127890,4,not_baby,0.004042923635619907,0.9959570763643801,original,/mnt/d/INFANT CRY/Models_dbl/experiments/runs/20260821T164332Z_490383ff__exp_20260903T170029Z_e0883d24/candidates/stage1_mfcc_svm/seed_42/fold_4/attempt_1/model.joblib,recorded_in_fold_manifest,20260821T164332Z_490383ff__exp_20260903T170029Z_e0883d24
rec_6451af4941f3e04e5001,/mnt/d/INFANT CRY/data_set_dbl_split/train/not_baby/3-127890-B-9.wav,not_baby,esc50_source:127890,4,not_baby,7.4623747187572795e-06,0.9999925376252813,original,/mnt/d/INFANT CRY/Models_dbl/experiments/runs/20260821T164332Z_490383ff__exp_20260903T170029Z_e0883d24/candidates/stage1_mfcc_svm/seed_42/fold_4/attempt_1/model.joblib,recorded_in_fold_manifest,20260821T164332Z_490383ff__exp_20260903T170029Z_e0883d24
rec_46b41d091417f78625a4,/mnt/d/INFANT CRY/data_set_dbl_split/train/not_baby/3-127890-C-9.wav,not_baby,esc50_source:127890,4,not_baby,8.291355769655254e-06,0.9999917086442304,original,/mnt/d/INFANT CRY/Models_dbl/experiments/runs/20260821T164332Z_490383ff__exp_20260903T170029Z_e0883d24/candidates/stage1_mfcc_svm/seed_42/fold_4/attempt_1/model.joblib,recorded_in_fold_manifest,20260821T164332Z_490383ff__exp_20260903T170029Z_e0883d24
rec_a61ff444601ab87bf51d,/mnt/d/INFANT CRY/data_set_dbl_split/train/not_baby/3-129678-A-13.wav,not_baby,esc50_source:129678,4,not_baby,0.013818571250643619,0.9861814287493564,original,/mnt/d/INFANT CRY/Models_dbl/experiments/runs/20260821T164332Z_490383ff__exp_20260903T170029Z_e0883d24/candidates/stage1_mfcc_svm/seed_42/fold_4/attempt_1/model.joblib,recorded_in_fold_manifest,20260821T164332Z_490383ff__exp_20260903T170029Z_e0883d24
rec_67b0bd5be37daf0d8163,/mnt/d/INFANT CRY/data_set_dbl_split/train/not_baby/3-132601-A-24.wav,not_baby,esc50_source:132601,4,not_baby,4.112214201259172e-06,0.9999958877857987,original,/mnt/d/INFANT CRY/Models_dbl/experiments/runs/20260821T164332Z_490383ff__exp_20260903T170029Z_e0883d24/candidates/stage1_mfcc_svm/seed_42/fold_4/attempt_1/model.joblib,recorded_in_fold_manifest,20260821T164332Z_490383ff__exp_20260903T170029Z_e0883d24
rec_387b2ec36673507f0b45,/mnt/d/INFANT CRY/data_set_dbl_split/train/not_baby/3-133977-A-29.wav,not_baby,esc50_source:133977,4,not_baby,0.004323503692554427,0.9956764963074456,original,/mnt/d/INFANT CRY/Models_dbl/experiments/runs/20260821T164332Z_490383ff__exp_20260903T170029Z_e0883d24/candidates/stage1_mfcc_svm/seed_42/fold_4/attempt_1/model.joblib,recorded_in_fold_manifest,20260821T164332Z_490383ff__exp_20260903T170029Z_e0883d24
rec_93e61bf4644c75f5d442,/mnt/d/INFANT CRY/data_set_dbl_split/train/not_baby/3-136288-A-0.wav,not_baby,esc50_source:136288,4,not_baby,2.1306970235766235e-08,0.9999999786930298,original,/mnt/d/INFANT CRY/Models_dbl/experiments/runs/20260821T164332Z_490383ff__exp_20260903T170029Z_e0883d24/candidates/stage1_mfcc_svm/seed_42/fold_4/attempt_1/model.joblib,recorded_in_fold_manifest,20260821T164332Z_490383ff__exp_20260903T170029Z_e0883d24
rec_ea6286e08fca6b8d1418,/mnt/d/INFANT CRY/data_set_dbl_split/train/not_baby/3-139331-A-27.wav,not_baby,esc50_source:139331,4,not_baby,0.06903348743206804,0.930966512567932,original,/mnt/d/INFANT CRY/Models_dbl/experiments/runs/20260821T164332Z_490383ff__exp_20260903T170029Z_e0883d24/candidates/stage1_mfcc_svm/seed_42/fold_4/attempt_1/model.joblib,recorded_in_fold_manifest,20260821T164332Z_490383ff__exp_20260903T170029Z_e0883d24
rec_85a35fe4318da13cea89,/mnt/d/INFANT CRY/data_set_dbl_split/train/not_baby/3-140774-A-10.wav,not_baby,esc50_source:140774,4,not_baby,1.073392310646261e-11,0.9999999999892661,original,/mnt/d/INFANT CRY/Models_dbl/experiments/runs/20260821T164332Z_490383ff__exp_20260903T170029Z_e0883d24/candidates/stage1_mfcc_svm/seed_42/fold_4/attempt_1/model.joblib,recorded_in_fold_manifest,20260821T164332Z_490383ff__exp_20260903T170029Z_e0883d24
rec_84c64c3a1a6124b60f77,/mnt/d/INFANT CRY/data_set_dbl_split/train/not_baby/3-141684-A-21.wav,not_baby,esc50_source:141684,4,not_baby,0.005005562468398943,0.9949944375316011,original,/mnt/d/INFANT CRY/Models_dbl/experiments/runs/20260821T164332Z_490383ff__exp_20260903T170029Z_e0883d24/candidates/stage1_mfcc_svm/seed_42/fold_4/attempt_1/model.joblib,recorded_in_fold_manifest,20260821T164332Z_490383ff__exp_20260903T170029Z_e0883d24
rec_69e7902b816f7535f5cc,/mnt/d/INFANT CRY/data_set_dbl_split/train/not_baby/3-143929-A-10.wav,not_baby,esc50_source:143929,4,not_baby,1.3366758730672382e-11,0.9999999999866332,original,/mnt/d/INFANT CRY/Models_dbl/experiments/runs/20260821T164332Z_490383ff__exp_20260903T170029Z_e0883d24/candidates/stage1_mfcc_svm/seed_42/fold_4/attempt_1/model.joblib,recorded_in_fold_manifest,20260821T164332Z_490383ff__exp_20260903T170029Z_e0883d24
rec_f15bd057e1cf9719b867,/mnt/d/INFANT CRY/data_set_dbl_split/train/not_baby/3-144692-A-21.wav,not_baby,esc50_source:144692,4,not_baby,0.008036638983558917,0.991963361016441,original,/mnt/d/INFANT CRY/Models_dbl/experiments/runs/20260821T164332Z_490383ff__exp_20260903T170029Z_e0883d24/candidates/stage1_mfcc_svm/seed_42/fold_4/attempt_1/model.joblib,recorded_in_fold_manifest,20260821T164332Z_490383ff__exp_20260903T170029Z_e0883d24
rec_8c80546998e4e5b9651b,/mnt/d/INFANT CRY/data_set_dbl_split/train/not_baby/3-145719-A-17.wav,not_baby,esc50_source:145719,4,not_baby,1.7366689620273684e-07,0.9999998263331038,original,/mnt/d/INFANT CRY/Models_dbl/experiments/runs/20260821T164332Z_490383ff__exp_20260903T170029Z_e0883d24/candidates/stage1_mfcc_svm/seed_42/fold_4/attempt_1/model.joblib,recorded_in_fold_manifest,20260821T164332Z_490383ff__exp_20260903T170029Z_e0883d24
rec_c9820e69140a097027b5,/mnt/d/INFANT CRY/data_set_dbl_split/train/not_baby/3-148330-A-21.wav,not_baby,esc50_source:148330,4,not_baby,0.02180303619347853,0.9781969638065214,original,/mnt/d/INFANT CRY/Models_dbl/experiments/runs/20260821T164332Z_490383ff__exp_20260903T170029Z_e0883d24/candidates/stage1_mfcc_svm/seed_42/fold_4/attempt_1/model.joblib,recorded_in_fold_manifest,20260821T164332Z_490383ff__exp_20260903T170029Z_e0883d24
rec_6b89ed4967e10708cd7f,/mnt/d/INFANT CRY/data_set_dbl_split/train/not_baby/3-149042-A-24.wav,not_baby,esc50_source:149042,4,not_baby,0.05483244829904698,0.945167551700953,original,/mnt/d/INFANT CRY/Models_dbl/experiments/runs/20260821T164332Z_490383ff__exp_20260903T170029Z_e0883d24/candidates/stage1_mfcc_svm/seed_42/fold_4/attempt_1/model.joblib,recorded_in_fold_manifest,20260821T164332Z_490383ff__exp_20260903T170029Z_e0883d24
rec_6c2bab4b25159cf1a93a,/mnt/d/INFANT CRY/data_set_dbl_split/train/not_baby/3-149465-A-22.wav,not_baby,esc50_source:149465,4,not_baby,1.5450842336279482e-06,0.9999984549157664,original,/mnt/d/INFANT CRY/Models_dbl/experiments/runs/20260821T164332Z_490383ff__exp_20260903T170029Z_e0883d24/candidates/stage1_mfcc_svm/seed_42/fold_4/attempt_1/model.joblib,recorded_in_fold_manifest,20260821T164332Z_490383ff__exp_20260903T170029Z_e0883d24
rec_34415300707f3cef117c,/mnt/d/INFANT CRY/data_set_dbl_split/train/not_baby/3-151255-A-28.wav,not_baby,esc50_source:151255,4,not_baby,5.446299949428793e-09,0.9999999945537,original,/mnt/d/INFANT CRY/Models_dbl/experiments/runs/20260821T164332Z_490383ff__exp_20260903T170029Z_e0883d24/candidates/stage1_mfcc_svm/seed_42/fold_4/attempt_1/model.joblib,recorded_in_fold_manifest,20260821T164332Z_490383ff__exp_20260903T170029Z_e0883d24
rec_c3912eda62b55f107733,/mnt/d/INFANT CRY/data_set_dbl_split/train/not_baby/3-151557-A-28.wav,not_baby,esc50_source:151557,4,not_baby,3.380628112034388e-11,0.9999999999661937,original,/mnt/d/INFANT CRY/Models_dbl/experiments/runs/20260821T164332Z_490383ff__exp_20260903T170029Z_e0883d24/candidates/stage1_mfcc_svm/seed_42/fold_4/attempt_1/model.joblib,recorded_in_fold_manifest,20260821T164332Z_490383ff__exp_20260903T170029Z_e0883d24
rec_59ea8887e71c604376ec,/mnt/d/INFANT CRY/data_set_dbl_split/train/not_baby/3-151557-B-28.wav,not_baby,esc50_source:151557,4,not_baby,8.84947799729765e-06,0.9999911505220027,original,/mnt/d/INFANT CRY/Models_dbl/experiments/runs/20260821T164332Z_490383ff__exp_20260903T170029Z_e0883d24/candidates/stage1_mfcc_svm/seed_42/fold_4/attempt_1/model.joblib,recorded_in_fold_manifest,20260821T164332Z_490383ff__exp_20260903T170029Z_e0883d24
rec_fcf2a020055ad37bce96,/mnt/d/INFANT CRY/data_set_dbl_split/train/not_baby/3-153057-A-43.wav,not_baby,esc50_source:153057,4,not_baby,0.2088832269819511,0.791116773018049,original,/mnt/d/INFANT CRY/Models_dbl/experiments/runs/20260821T164332Z_490383ff__exp_20260903T170029Z_e0883d24/candidates/stage1_mfcc_svm/seed_42/fold_4/attempt_1/model.joblib,recorded_in_fold_manifest,20260821T164332Z_490383ff__exp_20260903T170029Z_e0883d24
rec_7bc8e184caebcc7b89ad,/mnt/d/INFANT CRY/data_set_dbl_split/train/not_baby/3-155578-A-14.wav,not_baby,esc50_source:155578,4,not_baby,0.005146331243700536,0.9948536687562995,original,/mnt/d/INFANT CRY/Models_dbl/experiments/runs/20260821T164332Z_490383ff__exp_20260903T170029Z_e0883d24/candidates/stage1_mfcc_svm/seed_42/fold_4/attempt_1/model.joblib,recorded_in_fold_manifest,20260821T164332Z_490383ff__exp_20260903T170029Z_e0883d24
rec_85919f540f70771efd7a,/mnt/d/INFANT CRY/data_set_dbl_split/train/not_baby/3-155583-A-14.wav,not_baby,esc50_source:155583,4,not_baby,0.18304579470845622,0.8169542052915438,original,/mnt/d/INFANT CRY/Models_dbl/experiments/runs/20260821T164332Z_490383ff__exp_20260903T170029Z_e0883d24/candidates/stage1_mfcc_svm/seed_42/fold_4/attempt_1/model.joblib,recorded_in_fold_manifest,20260821T164332Z_490383ff__exp_20260903T170029Z_e0883d24
rec_c637d5b6709e3797a811,/mnt/d/INFANT CRY/data_set_dbl_split/train/not_baby/3-156391-A-35.wav,not_baby,esc50_source:156391,4,not_baby,7.680221549615741e-07,0.999999231977845,original,/mnt/d/INFANT CRY/Models_dbl/experiments/runs/20260821T164332Z_490383ff__exp_20260903T170029Z_e0883d24/candidates/stage1_mfcc_svm/seed_42/fold_4/attempt_1/model.joblib,recorded_in_fold_manifest,20260821T164332Z_490383ff__exp_20260903T170029Z_e0883d24
rec_fa7c99c44aabc40408e5,/mnt/d/INFANT CRY/data_set_dbl_split/train/not_baby/3-156907-A-15.wav,not_baby,esc50_source:156907,4,not_baby,0.010588233668231308,0.9894117663317686,original,/mnt/d/INFANT CRY/Models_dbl/experiments/runs/20260821T164332Z_490383ff__exp_20260903T170029Z_e0883d24/candidates/stage1_mfcc_svm/seed_42/fold_4/attempt_1/model.joblib,recorded_in_fold_manifest,20260821T164332Z_490383ff__exp_20260903T170029Z_e0883d24
rec_79083c7d106305945d51,/mnt/d/INFANT CRY/data_set_dbl_split/train/not_baby/3-157187-A-12.wav,not_baby,esc50_source:157187,4,not_baby,4.1156834621086175e-10,0.9999999995884317,original,/mnt/d/INFANT CRY/Models_dbl/experiments/runs/20260821T164332Z_490383ff__exp_20260903T170029Z_e0883d24/candidates/stage1_mfcc_svm/seed_42/fold_4/attempt_1/model.joblib,recorded_in_fold_manifest,20260821T164332Z_490383ff__exp_20260903T170029Z_e0883d24
rec_10bc88fd61c6e06b4dc0,/mnt/d/INFANT CRY/data_set_dbl_split/train/not_baby/3-157695-A-0.wav,not_baby,esc50_source:157695,4,not_baby,0.024265404178841442,0.9757345958211586,original,/mnt/d/INFANT CRY/Models_dbl/experiments/runs/20260821T164332Z_490383ff__exp_20260903T170029Z_e0883d24/candidates/stage1_mfcc_svm/seed_42/fold_4/attempt_1/model.joblib,recorded_in_fold_manifest,20260821T164332Z_490383ff__exp_20260903T170029Z_e0883d24
rec_16a5606ceb93bda35403,/mnt/d/INFANT CRY/data_set_dbl_split/train/not_baby/3-162786-A-13.wav,not_baby,esc50_source:162786,4,not_baby,5.462558950496449e-07,0.9999994537441049,original,/mnt/d/INFANT CRY/Models_dbl/experiments/runs/20260821T164332Z_490383ff__exp_20260903T170029Z_e0883d24/candidates/stage1_mfcc_svm/seed_42/fold_4/attempt_1/model.joblib,recorded_in_fold_manifest,20260821T164332Z_490383ff__exp_20260903T170029Z_e0883d24
rec_6b6336d96f8ade8e7189,/mnt/d/INFANT CRY/data_set_dbl_split/train/not_baby/3-164593-A-15.wav,not_baby,esc50_source:164593,4,not_baby,5.957261116097955e-06,0.9999940427388839,original,/mnt/d/INFANT CRY/Models_dbl/experiments/runs/20260821T164332Z_490383ff__exp_20260903T170029Z_e0883d24/candidates/stage1_mfcc_svm/seed_42/fold_4/attempt_1/model.joblib,recorded_in_fold_manifest,20260821T164332Z_490383ff__exp_20260903T170029Z_e0883d24
rec_72f73b985c3d0bf8e6a6,/mnt/d/INFANT CRY/data_set_dbl_split/train/not_baby/3-166125-A-23.wav,not_baby,esc50_source:166125,4,not_baby,2.327007639677325e-11,0.99999999997673,original,/mnt/d/INFANT CRY/Models_dbl/experiments/runs/20260821T164332Z_490383ff__exp_20260903T170029Z_e0883d24/candidates/stage1_mfcc_svm/seed_42/fold_4/attempt_1/model.joblib,recorded_in_fold_manifest,20260821T164332Z_490383ff__exp_20260903T170029Z_e0883d24
rec_9be93bdd9173ed123269,/mnt/d/INFANT CRY/data_set_dbl_split/train/not_baby/3-166125-B-23.wav,not_baby,esc50_source:166125,4,not_baby,1.53803387140011e-10,0.9999999998461966,original,/mnt/d/INFANT CRY/Models_dbl/experiments/runs/20260821T164332Z_490383ff__exp_20260903T170029Z_e0883d24/candidates/stage1_mfcc_svm/seed_42/fold_4/attempt_1/model.joblib,recorded_in_fold_manifest,20260821T164332Z_490383ff__exp_20260903T170029Z_e0883d24
rec_bbe37cc18053f3ee91d8,/mnt/d/INFANT CRY/data_set_dbl_split/train/not_baby/3-171012-A-38.wav,not_baby,esc50_source:171012,4,not_baby,3.5657280115624977e-06,0.9999964342719885,original,/mnt/d/INFANT CRY/Models_dbl/experiments/runs/20260821T164332Z_490383ff__exp_20260903T170029Z_e0883d24/candidates/stage1_mfcc_svm/seed_42/fold_4/attempt_1/model.joblib,recorded_in_fold_manifest,20260821T164332Z_490383ff__exp_20260903T170029Z_e0883d24
rec_5b8a838f9072fb34b349,/mnt/d/INFANT CRY/data_set_dbl_split/train/not_baby/3-171937-A-34.wav,not_baby,esc50_source:171937,4,not_baby,1.2559954165550657e-05,0.9999874400458344,original,/mnt/d/INFANT CRY/Models_dbl/experiments/runs/20260821T164332Z_490383ff__exp_20260903T170029Z_e0883d24/candidates/stage1_mfcc_svm/seed_42/fold_4/attempt_1/model.joblib,recorded_in_fold_manifest,20260821T164332Z_490383ff__exp_20260903T170029Z_e0883d24
rec_64536faa5b27c9110c8f,/mnt/d/INFANT CRY/data_set_dbl_split/train/not_baby/3-177083-A-22.wav,not_baby,esc50_source:177083,4,not_baby,2.366112559549826e-07,0.9999997633887441,original,/mnt/d/INFANT CRY/Models_dbl/experiments/runs/20260821T164332Z_490383ff__exp_20260903T170029Z_e0883d24/candidates/stage1_mfcc_svm/seed_42/fold_4/attempt_1/model.joblib,recorded_in_fold_manifest,20260821T164332Z_490383ff__exp_20260903T170029Z_e0883d24
rec_1fa41a61a7f76ae788bf,/mnt/d/INFANT CRY/data_set_dbl_split/train/not_baby/3-180977-A-0.wav,not_baby,esc50_source:180977,4,not_baby,0.03398842605094221,0.9660115739490579,original,/mnt/d/INFANT CRY/Models_dbl/experiments/runs/20260821T164332Z_490383ff__exp_20260903T170029Z_e0883d24/candidates/stage1_mfcc_svm/seed_42/fold_4/attempt_1/model.joblib,recorded_in_fold_manifest,20260821T164332Z_490383ff__exp_20260903T170029Z_e0883d24
rec_b588743d4702ef7bd43a,/mnt/d/INFANT CRY/data_set_dbl_split/train/not_baby/3-185456-A-29.wav,not_baby,esc50_source:185456,4,not_baby,9.052124236195081e-11,0.9999999999094787,original,/mnt/d/INFANT CRY/Models_dbl/experiments/runs/20260821T164332Z_490383ff__exp_20260903T170029Z_e0883d24/candidates/stage1_mfcc_svm/seed_42/fold_4/attempt_1/model.joblib,recorded_in_fold_manifest,20260821T164332Z_490383ff__exp_20260903T170029Z_e0883d24
rec_792dec9d0aacb2d05fc8,/mnt/d/INFANT CRY/data_set_dbl_split/train/not_baby/3-197435-A-22.wav,not_baby,esc50_source:197435,4,not_baby,4.6087338019494395e-07,0.9999995391266198,original,/mnt/d/INFANT CRY/Models_dbl/experiments/runs/20260821T164332Z_490383ff__exp_20260903T170029Z_e0883d24/candidates/stage1_mfcc_svm/seed_42/fold_4/attempt_1/model.joblib,recorded_in_fold_manifest,20260821T164332Z_490383ff__exp_20260903T170029Z_e0883d24
rec_7f89e73a09e17258944a,/mnt/d/INFANT CRY/data_set_dbl_split/train/not_baby/3-197435-B-22.wav,not_baby,esc50_source:197435,4,not_baby,3.274289273682378e-06,0.9999967257107264,original,/mnt/d/INFANT CRY/Models_dbl/experiments/runs/20260821T164332Z_490383ff__exp_20260903T170029Z_e0883d24/candidates/stage1_mfcc_svm/seed_42/fold_4/attempt_1/model.joblib,recorded_in_fold_manifest,20260821T164332Z_490383ff__exp_20260903T170029Z_e0883d24
rec_8c31d63ca6b6eb1f8e64,/mnt/d/INFANT CRY/data_set_dbl_split/train/not_baby/3-203375-A-39.wav,not_baby,esc50_source:203375,4,not_baby,1.4353327937894157e-05,0.9999856466720621,original,/mnt/d/INFANT CRY/Models_dbl/experiments/runs/20260821T164332Z_490383ff__exp_20260903T170029Z_e0883d24/candidates/stage1_mfcc_svm/seed_42/fold_4/attempt_1/model.joblib,recorded_in_fold_manifest,20260821T164332Z_490383ff__exp_20260903T170029Z_e0883d24
rec_b1ac350ad6ec958bf8f6,/mnt/d/INFANT CRY/data_set_dbl_split/train/not_baby/3-216284-A-39.wav,not_baby,esc50_source:216284,4,not_baby,0.0175042954513922,0.9824957045486078,original,/mnt/d/INFANT CRY/Models_dbl/experiments/runs/20260821T164332Z_490383ff__exp_20260903T170029Z_e0883d24/candidates/stage1_mfcc_svm/seed_42/fold_4/attempt_1/model.joblib,recorded_in_fold_manifest,20260821T164332Z_490383ff__exp_20260903T170029Z_e0883d24
rec_37bb79019eed1f6194c4,/mnt/d/INFANT CRY/data_set_dbl_split/train/not_baby/3-233151-A-2.wav,not_baby,esc50_source:233151,4,baby,0.9518830281305743,0.04811697186942573,original,/mnt/d/INFANT CRY/Models_dbl/experiments/runs/20260821T164332Z_490383ff__exp_20260903T170029Z_e0883d24/candidates/stage1_mfcc_svm/seed_42/fold_4/attempt_1/model.joblib,recorded_in_fold_manifest,20260821T164332Z_490383ff__exp_20260903T170029Z_e0883d24
rec_727bcd604ed51de6f31f,/mnt/d/INFANT CRY/data_set_dbl_split/train/not_baby/3-246513-A-16.wav,not_baby,esc50_source:246513,4,not_baby,4.146551728092558e-11,0.9999999999585345,original,/mnt/d/INFANT CRY/Models_dbl/experiments/runs/20260821T164332Z_490383ff__exp_20260903T170029Z_e0883d24/candidates/stage1_mfcc_svm/seed_42/fold_4/attempt_1/model.joblib,recorded_in_fold_manifest,20260821T164332Z_490383ff__exp_20260903T170029Z_e0883d24
rec_46f9492bd7fe67f24f01,/mnt/d/INFANT CRY/data_set_dbl_split/train/not_baby/3-246513-B-16.wav,not_baby,esc50_source:246513,4,not_baby,1.1616224600378693e-09,0.9999999988383776,original,/mnt/d/INFANT CRY/Models_dbl/experiments/runs/20260821T164332Z_490383ff__exp_20260903T170029Z_e0883d24/candidates/stage1_mfcc_svm/seed_42/fold_4/attempt_1/model.joblib,recorded_in_fold_manifest,20260821T164332Z_490383ff__exp_20260903T170029Z_e0883d24
rec_7e7606041af06d8a4c97,/mnt/d/INFANT CRY/data_set_dbl_split/train/not_baby/3-51731-A-42.wav,not_baby,esc50_source:51731,4,not_baby,0.010435757543054563,0.9895642424569454,original,/mnt/d/INFANT CRY/Models_dbl/experiments/runs/20260821T164332Z_490383ff__exp_20260903T170029Z_e0883d24/candidates/stage1_mfcc_svm/seed_42/fold_4/attempt_1/model.joblib,recorded_in_fold_manifest,20260821T164332Z_490383ff__exp_20260903T170029Z_e0883d24
rec_5bb5fb92a8c1b429d4f4,/mnt/d/INFANT CRY/data_set_dbl_split/train/not_baby/3-51731-B-42.wav,not_baby,esc50_source:51731,4,not_baby,0.02289461675418339,0.9771053832458166,original,/mnt/d/INFANT CRY/Models_dbl/experiments/runs/20260821T164332Z_490383ff__exp_20260903T170029Z_e0883d24/candidates/stage1_mfcc_svm/seed_42/fold_4/attempt_1/model.joblib,recorded_in_fold_manifest,20260821T164332Z_490383ff__exp_20260903T170029Z_e0883d24
rec_8f5de6bc2a3931992832,/mnt/d/INFANT CRY/data_set_dbl_split/train/not_baby/3-70962-A-4.wav,not_baby,esc50_source:70962,4,not_baby,1.3839085974917491e-09,0.9999999986160915,original,/mnt/d/INFANT CRY/Models_dbl/experiments/runs/20260821T164332Z_490383ff__exp_20260903T170029Z_e0883d24/candidates/stage1_mfcc_svm/seed_42/fold_4/attempt_1/model.joblib,recorded_in_fold_manifest,20260821T164332Z_490383ff__exp_20260903T170029Z_e0883d24
rec_97921a32d686f5af2ec0,/mnt/d/INFANT CRY/data_set_dbl_split/train/not_baby/3-70962-B-4.wav,not_baby,esc50_source:70962,4,not_baby,4.151225729225525e-10,0.9999999995848774,original,/mnt/d/INFANT CRY/Models_dbl/experiments/runs/20260821T164332Z_490383ff__exp_20260903T170029Z_e0883d24/candidates/stage1_mfcc_svm/seed_42/fold_4/attempt_1/model.joblib,recorded_in_fold_manifest,20260821T164332Z_490383ff__exp_20260903T170029Z_e0883d24
rec_9f1c95ad1ee2a01b6053,/mnt/d/INFANT CRY/data_set_dbl_split/train/not_baby/3-70962-C-4.wav,not_baby,esc50_source:70962,4,not_baby,0.00261108948190127,0.9973889105180987,original,/mnt/d/INFANT CRY/Models_dbl/experiments/runs/20260821T164332Z_490383ff__exp_20260903T170029Z_e0883d24/candidates/stage1_mfcc_svm/seed_42/fold_4/attempt_1/model.joblib,recorded_in_fold_manifest,20260821T164332Z_490383ff__exp_20260903T170029Z_e0883d24
rec_ce4d1aa930c3fde4a061,/mnt/d/INFANT CRY/data_set_dbl_split/train/not_baby/3-92637-A-18.wav,not_baby,esc50_source:92637,4,not_baby,0.0030732747164504922,0.9969267252835495,original,/mnt/d/INFANT CRY/Models_dbl/experiments/runs/20260821T164332Z_490383ff__exp_20260903T170029Z_e0883d24/candidates/stage1_mfcc_svm/seed_42/fold_4/attempt_1/model.joblib,recorded_in_fold_manifest,20260821T164332Z_490383ff__exp_20260903T170029Z_e0883d24
rec_acfb08dfbb6c84bc50b1,/mnt/d/INFANT CRY/data_set_dbl_split/train/not_baby/3-94355-A-33.wav,not_baby,esc50_source:94355,4,not_baby,0.45127778519859646,0.5487222148014036,original,/mnt/d/INFANT CRY/Models_dbl/experiments/runs/20260821T164332Z_490383ff__exp_20260903T170029Z_e0883d24/candidates/stage1_mfcc_svm/seed_42/fold_4/attempt_1/model.joblib,recorded_in_fold_manifest,20260821T164332Z_490383ff__exp_20260903T170029Z_e0883d24
rec_9fda0367706525a11b9f,/mnt/d/INFANT CRY/data_set_dbl_split/train/not_baby/3-96606-A-49.wav,not_baby,esc50_source:96606,4,not_baby,0.14290432798741187,0.8570956720125881,original,/mnt/d/INFANT CRY/Models_dbl/experiments/runs/20260821T164332Z_490383ff__exp_20260903T170029Z_e0883d24/candidates/stage1_mfcc_svm/seed_42/fold_4/attempt_1/model.joblib,recorded_in_fold_manifest,20260821T164332Z_490383ff__exp_20260903T170029Z_e0883d24
rec_03182f0916e88e93b4a7,/mnt/d/INFANT CRY/data_set_dbl_split/train/not_baby/3-96606-B-49.wav,not_baby,esc50_source:96606,4,baby,0.7169141088654735,0.2830858911345266,original,/mnt/d/INFANT CRY/Models_dbl/experiments/runs/20260821T164332Z_490383ff__exp_20260903T170029Z_e0883d24/candidates/stage1_mfcc_svm/seed_42/fold_4/attempt_1/model.joblib,recorded_in_fold_manifest,20260821T164332Z_490383ff__exp_20260903T170029Z_e0883d24
rec_2e1964644c7d7ab6645b,/mnt/d/INFANT CRY/data_set_dbl_split/train/not_baby/3-98869-A-46.wav,not_baby,esc50_source:98869,4,not_baby,0.0431403541275752,0.9568596458724248,original,/mnt/d/INFANT CRY/Models_dbl/experiments/runs/20260821T164332Z_490383ff__exp_20260903T170029Z_e0883d24/candidates/stage1_mfcc_svm/seed_42/fold_4/attempt_1/model.joblib,recorded_in_fold_manifest,20260821T164332Z_490383ff__exp_20260903T170029Z_e0883d24
rec_4f29f541e8fd25d0b3c9,/mnt/d/INFANT CRY/data_set_dbl_split/train/not_baby/4-107120-A-33.wav,not_baby,esc50_source:107120,4,baby,0.99238993393869,0.007610066061310039,original,/mnt/d/INFANT CRY/Models_dbl/experiments/runs/20260821T164332Z_490383ff__exp_20260903T170029Z_e0883d24/candidates/stage1_mfcc_svm/seed_42/fold_4/attempt_1/model.joblib,recorded_in_fold_manifest,20260821T164332Z_490383ff__exp_20260903T170029Z_e0883d24
rec_9ec9ac2d622705814c92,/mnt/d/INFANT CRY/data_set_dbl_split/train/not_baby/4-120160-A-5.wav,not_baby,esc50_source:120160,4,baby,0.9960086086403903,0.00399139135960967,original,/mnt/d/INFANT CRY/Models_dbl/experiments/runs/20260821T164332Z_490383ff__exp_20260903T170029Z_e0883d24/candidates/stage1_mfcc_svm/seed_42/fold_4/attempt_1/model.joblib,recorded_in_fold_manifest,20260821T164332Z_490383ff__exp_20260903T170029Z_e0883d24
rec_2653c887f44b0178fca0,/mnt/d/INFANT CRY/data_set_dbl_split/train/not_baby/4-121532-A-42.wav,not_baby,esc50_source:121532,4,not_baby,0.04906922970561728,0.9509307702943828,original,/mnt/d/INFANT CRY/Models_dbl/experiments/runs/20260821T164332Z_490383ff__exp_20260903T170029Z_e0883d24/candidates/stage1_mfcc_svm/seed_42/fold_4/attempt_1/model.joblib,recorded_in_fold_manifest,20260821T164332Z_490383ff__exp_20260903T170029Z_e0883d24
rec_4368193a625b62330f42,/mnt/d/INFANT CRY/data_set_dbl_split/train/not_baby/4-123680-A-18.wav,not_baby,esc50_source:123680,4,not_baby,0.012386694199206587,0.9876133058007934,original,/mnt/d/INFANT CRY/Models_dbl/experiments/runs/20260821T164332Z_490383ff__exp_20260903T170029Z_e0883d24/candidates/stage1_mfcc_svm/seed_42/fold_4/attempt_1/model.joblib,recorded_in_fold_manifest,20260821T164332Z_490383ff__exp_20260903T170029Z_e0883d24
rec_636904ff9e72c00b4a27,/mnt/d/INFANT CRY/data_set_dbl_split/train/not_baby/4-143118-A-7.wav,not_baby,esc50_source:143118,4,not_baby,3.1476706426691673e-11,0.9999999999685233,original,/mnt/d/INFANT CRY/Models_dbl/experiments/runs/20260821T164332Z_490383ff__exp_20260903T170029Z_e0883d24/candidates/stage1_mfcc_svm/seed_42/fold_4/attempt_1/model.joblib,recorded_in_fold_manifest,20260821T164332Z_490383ff__exp_20260903T170029Z_e0883d24
rec_229b962b5a301b9dc956,/mnt/d/INFANT CRY/data_set_dbl_split/train/not_baby/4-143118-B-7.wav,not_baby,esc50_source:143118,4,not_baby,8.328055120546323e-12,0.999999999991672,original,/mnt/d/INFANT CRY/Models_dbl/experiments/runs/20260821T164332Z_490383ff__exp_20260903T170029Z_e0883d24/candidates/stage1_mfcc_svm/seed_42/fold_4/attempt_1/model.joblib,recorded_in_fold_manifest,20260821T164332Z_490383ff__exp_20260903T170029Z_e0883d24
rec_7fd8956d0b8b6eecf5ca,/mnt/d/INFANT CRY/data_set_dbl_split/train/not_baby/4-146200-A-36.wav,not_baby,esc50_source:146200,4,not_baby,3.505916121205906e-10,0.9999999996494083,original,/mnt/d/INFANT CRY/Models_dbl/experiments/runs/20260821T164332Z_490383ff__exp_20260903T170029Z_e0883d24/candidates/stage1_mfcc_svm/seed_42/fold_4/attempt_1/model.joblib,recorded_in_fold_manifest,20260821T164332Z_490383ff__exp_20260903T170029Z_e0883d24
rec_e99f706408b090c4c5da,/mnt/d/INFANT CRY/data_set_dbl_split/train/not_baby/4-154405-A-27.wav,not_baby,esc50_source:154405,4,not_baby,8.553910252393989e-08,0.9999999144608975,original,/mnt/d/INFANT CRY/Models_dbl/experiments/runs/20260821T164332Z_490383ff__exp_20260903T170029Z_e0883d24/candidates/stage1_mfcc_svm/seed_42/fold_4/attempt_1/model.joblib,recorded_in_fold_manifest,20260821T164332Z_490383ff__exp_20260903T170029Z_e0883d24
rec_ed6acfa4c40a37125f3c,/mnt/d/INFANT CRY/data_set_dbl_split/train/not_baby/4-154405-B-27.wav,not_baby,esc50_source:154405,4,not_baby,6.042936291083995e-10,0.9999999993957064,original,/mnt/d/INFANT CRY/Models_dbl/experiments/runs/20260821T164332Z_490383ff__exp_20260903T170029Z_e0883d24/candidates/stage1_mfcc_svm/seed_42/fold_4/attempt_1/model.joblib,recorded_in_fold_manifest,20260821T164332Z_490383ff__exp_20260903T170029Z_e0883d24
rec_b4c7310e7754a6845468,/mnt/d/INFANT CRY/data_set_dbl_split/train/not_baby/4-154793-A-4.wav,not_baby,esc50_source:154793,4,not_baby,0.05168834495130394,0.9483116550486961,original,/mnt/d/INFANT CRY/Models_dbl/experiments/runs/20260821T164332Z_490383ff__exp_20260903T170029Z_e0883d24/candidates/stage1_mfcc_svm/seed_42/fold_4/attempt_1/model.joblib,recorded_in_fold_manifest,20260821T164332Z_490383ff__exp_20260903T170029Z_e0883d24
rec_d8e8f98500b1ee565ae3,/mnt/d/INFANT CRY/data_set_dbl_split/train/not_baby/4-155670-A-26.wav,not_baby,esc50_source:155670,4,not_baby,8.85613073895e-07,0.9999991143869261,original,/mnt/d/INFANT CRY/Models_dbl/experiments/runs/20260821T164332Z_490383ff__exp_20260903T170029Z_e0883d24/candidates/stage1_mfcc_svm/seed_42/fold_4/attempt_1/model.joblib,recorded_in_fold_manifest,20260821T164332Z_490383ff__exp_20260903T170029Z_e0883d24
rec_bf786a6f2fbbb2068245,/mnt/d/INFANT CRY/data_set_dbl_split/train/not_baby/4-160036-A-33.wav,not_baby,esc50_source:160036,4,not_baby,0.003877432913653127,0.9961225670863469,original,/mnt/d/INFANT CRY/Models_dbl/experiments/runs/20260821T164332Z_490383ff__exp_20260903T170029Z_e0883d24/candidates/stage1_mfcc_svm/seed_42/fold_4/attempt_1/model.joblib,recorded_in_fold_manifest,20260821T164332Z_490383ff__exp_20260903T170029Z_e0883d24
rec_f215122474b9759efcf3,/mnt/d/INFANT CRY/data_set_dbl_split/train/not_baby/4-160036-B-33.wav,not_baby,esc50_source:160036,4,not_baby,0.006923997546810142,0.9930760024531898,original,/mnt/d/INFANT CRY/Models_dbl/experiments/runs/20260821T164332Z_490383ff__exp_20260903T170029Z_e0883d24/candidates/stage1_mfcc_svm/seed_42/fold_4/attempt_1/model.joblib,recorded_in_fold_manifest,20260821T164332Z_490383ff__exp_20260903T170029Z_e0883d24
rec_9ad39fc846a149c110be,/mnt/d/INFANT CRY/data_set_dbl_split/train/not_baby/4-161103-A-47.wav,not_baby,esc50_source:161103,4,not_baby,1.2666305294017297e-05,0.9999873336947059,original,/mnt/d/INFANT CRY/Models_dbl/experiments/runs/20260821T164332Z_490383ff__exp_20260903T170029Z_e0883d24/candidates/stage1_mfcc_svm/seed_42/fold_4/attempt_1/model.joblib,recorded_in_fold_manifest,20260821T164332Z_490383ff__exp_20260903T170029Z_e0883d24
rec_f48f6bb7cb8f4f9b494c,/mnt/d/INFANT CRY/data_set_dbl_split/train/not_baby/4-163697-A-13.wav,not_baby,esc50_source:163697,4,not_baby,0.3056658784431779,0.6943341215568222,original,/mnt/d/INFANT CRY/Models_dbl/experiments/runs/20260821T164332Z_490383ff__exp_20260903T170029Z_e0883d24/candidates/stage1_mfcc_svm/seed_42/fold_4/attempt_1/model.joblib,recorded_in_fold_manifest,20260821T164332Z_490383ff__exp_20260903T170029Z_e0883d24
rec_f805b38455c0b76bc4b7,/mnt/d/INFANT CRY/data_set_dbl_split/train/not_baby/4-164859-A-1.wav,not_baby,esc50_source:164859,4,not_baby,0.02737248259103233,0.9726275174089677,original,/mnt/d/INFANT CRY/Models_dbl/experiments/runs/20260821T164332Z_490383ff__exp_20260903T170029Z_e0883d24/candidates/stage1_mfcc_svm/seed_42/fold_4/attempt_1/model.joblib,recorded_in_fold_manifest,20260821T164332Z_490383ff__exp_20260903T170029Z_e0883d24
rec_e37222ff11bbd74ff6e7,/mnt/d/INFANT CRY/data_set_dbl_split/train/not_baby/4-168155-A-15.wav,not_baby,esc50_source:168155,4,not_baby,2.6741954442200474e-11,0.9999999999732581,original,/mnt/d/INFANT CRY/Models_dbl/experiments/runs/20260821T164332Z_490383ff__exp_20260903T170029Z_e0883d24/candidates/stage1_mfcc_svm/seed_42/fold_4/attempt_1/model.joblib,recorded_in_fold_manifest,20260821T164332Z_490383ff__exp_20260903T170029Z_e0883d24
rec_b11f6546ffcc16039a4f,/mnt/d/INFANT CRY/data_set_dbl_split/train/not_baby/4-169726-A-24.wav,not_baby,esc50_source:169726,4,not_baby,0.05216303571017972,0.9478369642898202,original,/mnt/d/INFANT CRY/Models_dbl/experiments/runs/20260821T164332Z_490383ff__exp_20260903T170029Z_e0883d24/candidates/stage1_mfcc_svm/seed_42/fold_4/attempt_1/model.joblib,recorded_in_fold_manifest,20260821T164332Z_490383ff__exp_20260903T170029Z_e0883d24
rec_fc9a5831b6274f302c93,/mnt/d/INFANT CRY/data_set_dbl_split/train/not_baby/4-170247-A-12.wav,not_baby,esc50_source:170247,4,not_baby,2.6041156159729694e-13,0.9999999999997397,original,/mnt/d/INFANT CRY/Models_dbl/experiments/runs/20260821T164332Z_490383ff__exp_20260903T170029Z_e0883d24/candidates/stage1_mfcc_svm/seed_42/fold_4/attempt_1/model.joblib,recorded_in_fold_manifest,20260821T164332Z_490383ff__exp_20260903T170029Z_e0883d24
rec_1ae35edfb30196deb0e6,/mnt/d/INFANT CRY/data_set_dbl_split/train/not_baby/4-170247-B-12.wav,not_baby,esc50_source:170247,4,not_baby,3.000000899999981e-14,0.99999999999997,original,/mnt/d/INFANT CRY/Models_dbl/experiments/runs/20260821T164332Z_490383ff__exp_20260903T170029Z_e0883d24/candidates/stage1_mfcc_svm/seed_42/fold_4/attempt_1/model.joblib,recorded_in_fold_manifest,20260821T164332Z_490383ff__exp_20260903T170029Z_e0883d24
rec_8bdde489bd65013cc4ae,/mnt/d/INFANT CRY/data_set_dbl_split/train/not_baby/4-171396-A-24.wav,not_baby,esc50_source:171396,4,not_baby,8.584995990913863e-07,0.9999991415004009,original,/mnt/d/INFANT CRY/Models_dbl/experiments/runs/20260821T164332Z_490383ff__exp_20260903T170029Z_e0883d24/candidates/stage1_mfcc_svm/seed_42/fold_4/attempt_1/model.joblib,recorded_in_fold_manifest,20260821T164332Z_490383ff__exp_20260903T170029Z_e0883d24
rec_fee07fcb614873176bf6,/mnt/d/INFANT CRY/data_set_dbl_split/train/not_baby/4-172732-A-36.wav,not_baby,esc50_source:172732,4,not_baby,4.544865444265513e-06,0.9999954551345558,original,/mnt/d/INFANT CRY/Models_dbl/experiments/runs/20260821T164332Z_490383ff__exp_20260903T170029Z_e0883d24/candidates/stage1_mfcc_svm/seed_42/fold_4/attempt_1/model.joblib,recorded_in_fold_manifest,20260821T164332Z_490383ff__exp_20260903T170029Z_e0883d24
rec_d4da66b04622ce920383,/mnt/d/INFANT CRY/data_set_dbl_split/train/not_baby/4-172736-A-36.wav,not_baby,esc50_source:172736,4,not_baby,0.003460401902962215,0.9965395980970377,original,/mnt/d/INFANT CRY/Models_dbl/experiments/runs/20260821T164332Z_490383ff__exp_20260903T170029Z_e0883d24/candidates/stage1_mfcc_svm/seed_42/fold_4/attempt_1/model.joblib,recorded_in_fold_manifest,20260821T164332Z_490383ff__exp_20260903T170029Z_e0883d24
rec_231f2ecb94d8f2836eb6,/mnt/d/INFANT CRY/data_set_dbl_split/train/not_baby/4-172736-B-36.wav,not_baby,esc50_source:172736,4,not_baby,0.005992509779211056,0.9940074902207889,original,/mnt/d/INFANT CRY/Models_dbl/experiments/runs/20260821T164332Z_490383ff__exp_20260903T170029Z_e0883d24/candidates/stage1_mfcc_svm/seed_42/fold_4/attempt_1/model.joblib,recorded_in_fold_manifest,20260821T164332Z_490383ff__exp_20260903T170029Z_e0883d24
rec_b8a0350f263d87d388ec,/mnt/d/INFANT CRY/data_set_dbl_split/train/not_baby/4-175845-A-43.wav,not_baby,esc50_source:175845,4,not_baby,0.006120257935011357,0.9938797420649887,original,/mnt/d/INFANT CRY/Models_dbl/experiments/runs/20260821T164332Z_490383ff__exp_20260903T170029Z_e0883d24/candidates/stage1_mfcc_svm/seed_42/fold_4/attempt_1/model.joblib,recorded_in_fold_manifest,20260821T164332Z_490383ff__exp_20260903T170029Z_e0883d24
rec_e9a1ef510618a6ea429b,/mnt/d/INFANT CRY/data_set_dbl_split/train/not_baby/4-175846-A-43.wav,not_baby,esc50_source:175846,4,not_baby,0.022977171529748295,0.9770228284702517,original,/mnt/d/INFANT CRY/Models_dbl/experiments/runs/20260821T164332Z_490383ff__exp_20260903T170029Z_e0883d24/candidates/stage1_mfcc_svm/seed_42/fold_4/attempt_1/model.joblib,recorded_in_fold_manifest,20260821T164332Z_490383ff__exp_20260903T170029Z_e0883d24
rec_57a203f62c8a63159f78,/mnt/d/INFANT CRY/data_set_dbl_split/train/not_baby/4-178402-A-43.wav,not_baby,esc50_source:178402,4,not_baby,0.05467042597326168,0.9453295740267383,original,/mnt/d/INFANT CRY/Models_dbl/experiments/runs/20260821T164332Z_490383ff__exp_20260903T170029Z_e0883d24/candidates/stage1_mfcc_svm/seed_42/fold_4/attempt_1/model.joblib,recorded_in_fold_manifest,20260821T164332Z_490383ff__exp_20260903T170029Z_e0883d24
rec_c4551817e1872add7afa,/mnt/d/INFANT CRY/data_set_dbl_split/train/not_baby/4-179984-A-38.wav,not_baby,esc50_source:179984,4,not_baby,0.04055354245322839,0.9594464575467716,original,/mnt/d/INFANT CRY/Models_dbl/experiments/runs/20260821T164332Z_490383ff__exp_20260903T170029Z_e0883d24/candidates/stage1_mfcc_svm/seed_42/fold_4/attempt_1/model.joblib,recorded_in_fold_manifest,20260821T164332Z_490383ff__exp_20260903T170029Z_e0883d24
rec_ca44f081061853b7b9ac,/mnt/d/INFANT CRY/data_set_dbl_split/train/not_baby/4-180453-A-17.wav,not_baby,esc50_source:180453,4,not_baby,5.662342206818487e-09,0.9999999943376577,original,/mnt/d/INFANT CRY/Models_dbl/experiments/runs/20260821T164332Z_490383ff__exp_20260903T170029Z_e0883d24/candidates/stage1_mfcc_svm/seed_42/fold_4/attempt_1/model.joblib,recorded_in_fold_manifest,20260821T164332Z_490383ff__exp_20260903T170029Z_e0883d24
rec_e4cde04afa0e7500c89f,/mnt/d/INFANT CRY/data_set_dbl_split/train/not_baby/4-181286-A-10.wav,not_baby,esc50_source:181286,4,not_baby,4.905711491109982e-10,0.9999999995094289,original,/mnt/d/INFANT CRY/Models_dbl/experiments/runs/20260821T164332Z_490383ff__exp_20260903T170029Z_e0883d24/candidates/stage1_mfcc_svm/seed_42/fold_4/attempt_1/model.joblib,recorded_in_fold_manifest,20260821T164332Z_490383ff__exp_20260903T170029Z_e0883d24
rec_595633a18586c5ef7a47,/mnt/d/INFANT CRY/data_set_dbl_split/train/not_baby/4-183487-A-1.wav,not_baby,esc50_source:183487,4,not_baby,1.2341933694494395e-07,0.9999998765806631,original,/mnt/d/INFANT CRY/Models_dbl/experiments/runs/20260821T164332Z_490383ff__exp_20260903T170029Z_e0883d24/candidates/stage1_mfcc_svm/seed_42/fold_4/attempt_1/model.joblib,recorded_in_fold_manifest,20260821T164332Z_490383ff__exp_20260903T170029Z_e0883d24
rec_e8b4dae91c59084e0545,/mnt/d/INFANT CRY/data_set_dbl_split/train/not_baby/4-184434-A-21.wav,not_baby,esc50_source:184434,4,not_baby,0.3519956949575253,0.6480043050424746,original,/mnt/d/INFANT CRY/Models_dbl/experiments/runs/20260821T164332Z_490383ff__exp_20260903T170029Z_e0883d24/candidates/stage1_mfcc_svm/seed_42/fold_4/attempt_1/model.joblib,recorded_in_fold_manifest,20260821T164332Z_490383ff__exp_20260903T170029Z_e0883d24
rec_805c9855777f9b96a963,/mnt/d/INFANT CRY/data_set_dbl_split/train/not_baby/4-186936-A-44.wav,not_baby,esc50_source:186936,4,not_baby,2.82267183410502e-07,0.9999997177328166,original,/mnt/d/INFANT CRY/Models_dbl/experiments/runs/20260821T164332Z_490383ff__exp_20260903T170029Z_e0883d24/candidates/stage1_mfcc_svm/seed_42/fold_4/attempt_1/model.joblib,recorded_in_fold_manifest,20260821T164332Z_490383ff__exp_20260903T170029Z_e0883d24
rec_97e3fc48f9685a340dbe,/mnt/d/INFANT CRY/data_set_dbl_split/train/not_baby/4-186938-A-44.wav,not_baby,esc50_source:186938,4,not_baby,7.442991076833524e-08,0.9999999255700893,original,/mnt/d/INFANT CRY/Models_dbl/experiments/runs/20260821T164332Z_490383ff__exp_20260903T170029Z_e0883d24/candidates/stage1_mfcc_svm/seed_42/fold_4/attempt_1/model.joblib,recorded_in_fold_manifest,20260821T164332Z_490383ff__exp_20260903T170029Z_e0883d24
rec_7ba4812db6bbc2d119f7,/mnt/d/INFANT CRY/data_set_dbl_split/train/not_baby/4-188191-A-29.wav,not_baby,esc50_source:188191,4,baby,0.6381383040006041,0.3618616959993959,original,/mnt/d/INFANT CRY/Models_dbl/experiments/runs/20260821T164332Z_490383ff__exp_20260903T170029Z_e0883d24/candidates/stage1_mfcc_svm/seed_42/fold_4/attempt_1/model.joblib,recorded_in_fold_manifest,20260821T164332Z_490383ff__exp_20260903T170029Z_e0883d24
rec_b992e2522025cf59514f,/mnt/d/INFANT CRY/data_set_dbl_split/train/not_baby/4-188191-B-29.wav,not_baby,esc50_source:188191,4,not_baby,0.4305464362346389,0.5694535637653612,original,/mnt/d/INFANT CRY/Models_dbl/experiments/runs/20260821T164332Z_490383ff__exp_20260903T170029Z_e0883d24/candidates/stage1_mfcc_svm/seed_42/fold_4/attempt_1/model.joblib,recorded_in_fold_manifest,20260821T164332Z_490383ff__exp_20260903T170029Z_e0883d24
rec_a2fc7e5fe599a44ec9ac,/mnt/d/INFANT CRY/data_set_dbl_split/train/not_baby/4-188191-C-29.wav,not_baby,esc50_source:188191,4,not_baby,0.07300249991001281,0.9269975000899873,original,/mnt/d/INFANT CRY/Models_dbl/experiments/runs/20260821T164332Z_490383ff__exp_20260903T170029Z_e0883d24/candidates/stage1_mfcc_svm/seed_42/fold_4/attempt_1/model.joblib,recorded_in_fold_manifest,20260821T164332Z_490383ff__exp_20260903T170029Z_e0883d24
rec_57c6377325c02455d53a,/mnt/d/INFANT CRY/data_set_dbl_split/train/not_baby/4-189833-A-22.wav,not_baby,esc50_source:189833,4,not_baby,2.355932199594974e-06,0.9999976440678005,original,/mnt/d/INFANT CRY/Models_dbl/experiments/runs/20260821T164332Z_490383ff__exp_20260903T170029Z_e0883d24/candidates/stage1_mfcc_svm/seed_42/fold_4/attempt_1/model.joblib,recorded_in_fold_manifest,20260821T164332Z_490383ff__exp_20260903T170029Z_e0883d24
rec_969974282e4df520d51a,/mnt/d/INFANT CRY/data_set_dbl_split/train/not_baby/4-191297-A-28.wav,not_baby,esc50_source:191297,4,not_baby,2.428510856572352e-12,0.9999999999975715,original,/mnt/d/INFANT CRY/Models_dbl/experiments/runs/20260821T164332Z_490383ff__exp_20260903T170029Z_e0883d24/candidates/stage1_mfcc_svm/seed_42/fold_4/attempt_1/model.joblib,recorded_in_fold_manifest,20260821T164332Z_490383ff__exp_20260903T170029Z_e0883d24
rec_fe84554240aa689c15fc,/mnt/d/INFANT CRY/data_set_dbl_split/train/not_baby/4-195451-A-44.wav,not_baby,esc50_source:195451,4,not_baby,7.149931504516206e-10,0.9999999992850069,original,/mnt/d/INFANT CRY/Models_dbl/experiments/runs/20260821T164332Z_490383ff__exp_20260903T170029Z_e0883d24/candidates/stage1_mfcc_svm/seed_42/fold_4/attempt_1/model.joblib,recorded_in_fold_manifest,20260821T164332Z_490383ff__exp_20260903T170029Z_e0883d24
rec_b82b9205fb6caad5afec,/mnt/d/INFANT CRY/data_set_dbl_split/train/not_baby/4-204683-A-31.wav,not_baby,esc50_source:204683,4,not_baby,3.3747645937149696e-06,0.9999966252354063,original,/mnt/d/INFANT CRY/Models_dbl/experiments/runs/20260821T164332Z_490383ff__exp_20260903T170029Z_e0883d24/candidates/stage1_mfcc_svm/seed_42/fold_4/attempt_1/model.joblib,recorded_in_fold_manifest,20260821T164332Z_490383ff__exp_20260903T170029Z_e0883d24
rec_45e0654d42d0201867a5,/mnt/d/INFANT CRY/data_set_dbl_split/train/not_baby/4-213915-A-3.wav,not_baby,esc50_source:213915,4,not_baby,0.0046615860713756395,0.9953384139286244,original,/mnt/d/INFANT CRY/Models_dbl/experiments/runs/20260821T164332Z_490383ff__exp_20260903T170029Z_e0883d24/candidates/stage1_mfcc_svm/seed_42/fold_4/attempt_1/model.joblib,recorded_in_fold_manifest,20260821T164332Z_490383ff__exp_20260903T170029Z_e0883d24
rec_873a69af7754562eff2d,/mnt/d/INFANT CRY/data_set_dbl_split/train/not_baby/4-213915-B-3.wav,not_baby,esc50_source:213915,4,not_baby,0.005660950267372744,0.9943390497326273,original,/mnt/d/INFANT CRY/Models_dbl/experiments/runs/20260821T164332Z_490383ff__exp_20260903T170029Z_e0883d24/candidates/stage1_mfcc_svm/seed_42/fold_4/attempt_1/model.joblib,recorded_in_fold_manifest,20260821T164332Z_490383ff__exp_20260903T170029Z_e0883d24
rec_8c67b39e4b8272561e15,/mnt/d/INFANT CRY/data_set_dbl_split/train/not_baby/4-213915-C-3.wav,not_baby,esc50_source:213915,4,not_baby,0.02540921387881318,0.9745907861211868,original,/mnt/d/INFANT CRY/Models_dbl/experiments/runs/20260821T164332Z_490383ff__exp_20260903T170029Z_e0883d24/candidates/stage1_mfcc_svm/seed_42/fold_4/attempt_1/model.joblib,recorded_in_fold_manifest,20260821T164332Z_490383ff__exp_20260903T170029Z_e0883d24
rec_be192108e47f119fa49b,/mnt/d/INFANT CRY/data_set_dbl_split/train/not_baby/4-232495-A-6.wav,not_baby,esc50_source:232495,4,not_baby,0.07603497092326743,0.9239650290767326,original,/mnt/d/INFANT CRY/Models_dbl/experiments/runs/20260821T164332Z_490383ff__exp_20260903T170029Z_e0883d24/candidates/stage1_mfcc_svm/seed_42/fold_4/attempt_1/model.joblib,recorded_in_fold_manifest,20260821T164332Z_490383ff__exp_20260903T170029Z_e0883d24
rec_8c1f28d4b735a68ff845,/mnt/d/INFANT CRY/data_set_dbl_split/train/not_baby/4-250869-A-2.wav,not_baby,esc50_source:250869,4,not_baby,7.465839194626717e-11,0.9999999999253415,original,/mnt/d/INFANT CRY/Models_dbl/experiments/runs/20260821T164332Z_490383ff__exp_20260903T170029Z_e0883d24/candidates/stage1_mfcc_svm/seed_42/fold_4/attempt_1/model.joblib,recorded_in_fold_manifest,20260821T164332Z_490383ff__exp_20260903T170029Z_e0883d24
rec_33fd5adda50d26cb67a2,/mnt/d/INFANT CRY/data_set_dbl_split/train/not_baby/4-250869-B-2.wav,not_baby,esc50_source:250869,4,not_baby,4.4816551996589345e-06,0.9999955183448004,original,/mnt/d/INFANT CRY/Models_dbl/experiments/runs/20260821T164332Z_490383ff__exp_20260903T170029Z_e0883d24/candidates/stage1_mfcc_svm/seed_42/fold_4/attempt_1/model.joblib,recorded_in_fold_manifest,20260821T164332Z_490383ff__exp_20260903T170029Z_e0883d24
rec_3b67180997b07ec580a0,/mnt/d/INFANT CRY/data_set_dbl_split/train/not_baby/4-250869-C-2.wav,not_baby,esc50_source:250869,4,not_baby,0.010089663707648218,0.9899103362923517,original,/mnt/d/INFANT CRY/Models_dbl/experiments/runs/20260821T164332Z_490383ff__exp_20260903T170029Z_e0883d24/candidates/stage1_mfcc_svm/seed_42/fold_4/attempt_1/model.joblib,recorded_in_fold_manifest,20260821T164332Z_490383ff__exp_20260903T170029Z_e0883d24
rec_283ddd2ba0976a9e2d52,/mnt/d/INFANT CRY/data_set_dbl_split/train/not_baby/4-255371-A-47.wav,not_baby,esc50_source:255371,4,not_baby,1.148567471257721e-08,0.9999999885143253,original,/mnt/d/INFANT CRY/Models_dbl/experiments/runs/20260821T164332Z_490383ff__exp_20260903T170029Z_e0883d24/candidates/stage1_mfcc_svm/seed_42/fold_4/attempt_1/model.joblib,recorded_in_fold_manifest,20260821T164332Z_490383ff__exp_20260903T170029Z_e0883d24
rec_c2c78c777fd5cc2236c7,/mnt/d/INFANT CRY/data_set_dbl_split/train/not_baby/4-261068-A-30.wav,not_baby,esc50_source:261068,4,not_baby,6.229477145385597e-11,0.9999999999377053,original,/mnt/d/INFANT CRY/Models_dbl/experiments/runs/20260821T164332Z_490383ff__exp_20260903T170029Z_e0883d24/candidates/stage1_mfcc_svm/seed_42/fold_4/attempt_1/model.joblib,recorded_in_fold_manifest,20260821T164332Z_490383ff__exp_20260903T170029Z_e0883d24
rec_f21f7f0815ab06a2114c,/mnt/d/INFANT CRY/data_set_dbl_split/train/not_baby/5-103421-A-2.wav,not_baby,esc50_source:103421,4,not_baby,0.30790717730209316,0.6920928226979067,original,/mnt/d/INFANT CRY/Models_dbl/experiments/runs/20260821T164332Z_490383ff__exp_20260903T170029Z_e0883d24/candidates/stage1_mfcc_svm/seed_42/fold_4/attempt_1/model.joblib,recorded_in_fold_manifest,20260821T164332Z_490383ff__exp_20260903T170029Z_e0883d24
rec_6695a055bf1c7038adf7,/mnt/d/INFANT CRY/data_set_dbl_split/train/not_baby/5-117118-A-42.wav,not_baby,esc50_source:117118,4,not_baby,0.017089684853607352,0.9829103151463926,original,/mnt/d/INFANT CRY/Models_dbl/experiments/runs/20260821T164332Z_490383ff__exp_20260903T170029Z_e0883d24/candidates/stage1_mfcc_svm/seed_42/fold_4/attempt_1/model.joblib,recorded_in_fold_manifest,20260821T164332Z_490383ff__exp_20260903T170029Z_e0883d24
rec_11fe6f26c5220d63404e,/mnt/d/INFANT CRY/data_set_dbl_split/train/not_baby/5-133989-A-42.wav,not_baby,esc50_source:133989,4,not_baby,0.020502833576692026,0.979497166423308,original,/mnt/d/INFANT CRY/Models_dbl/experiments/runs/20260821T164332Z_490383ff__exp_20260903T170029Z_e0883d24/candidates/stage1_mfcc_svm/seed_42/fold_4/attempt_1/model.joblib,recorded_in_fold_manifest,20260821T164332Z_490383ff__exp_20260903T170029Z_e0883d24
rec_e3c41c8a037578199138,/mnt/d/INFANT CRY/data_set_dbl_split/train/not_baby/5-133989-B-42.wav,not_baby,esc50_source:133989,4,not_baby,0.06976223517321754,0.9302377648267826,original,/mnt/d/INFANT CRY/Models_dbl/experiments/runs/20260821T164332Z_490383ff__exp_20260903T170029Z_e0883d24/candidates/stage1_mfcc_svm/seed_42/fold_4/attempt_1/model.joblib,recorded_in_fold_manifest,20260821T164332Z_490383ff__exp_20260903T170029Z_e0883d24
rec_67eb1156e7f745d7d2a2,/mnt/d/INFANT CRY/data_set_dbl_split/train/not_baby/5-147297-A-27.wav,not_baby,esc50_source:147297,4,not_baby,1.3795510397987116e-07,0.999999862044896,original,/mnt/d/INFANT CRY/Models_dbl/experiments/runs/20260821T164332Z_490383ff__exp_20260903T170029Z_e0883d24/candidates/stage1_mfcc_svm/seed_42/fold_4/attempt_1/model.joblib,recorded_in_fold_manifest,20260821T164332Z_490383ff__exp_20260903T170029Z_e0883d24
rec_c008b5bc2ab6a3d7848c,/mnt/d/INFANT CRY/data_set_dbl_split/train/not_baby/5-177614-A-5.wav,not_baby,esc50_source:177614,4,not_baby,0.1582782364348392,0.8417217635651608,original,/mnt/d/INFANT CRY/Models_dbl/experiments/runs/20260821T164332Z_490383ff__exp_20260903T170029Z_e0883d24/candidates/stage1_mfcc_svm/seed_42/fold_4/attempt_1/model.joblib,recorded_in_fold_manifest,20260821T164332Z_490383ff__exp_20260903T170029Z_e0883d24
rec_6c121492a9e2bdd1509d,/mnt/d/INFANT CRY/data_set_dbl_split/train/not_baby/5-178997-A-24.wav,not_baby,esc50_source:178997,4,not_baby,1.4110242760516586e-08,0.9999999858897572,original,/mnt/d/INFANT CRY/Models_dbl/experiments/runs/20260821T164332Z_490383ff__exp_20260903T170029Z_e0883d24/candidates/stage1_mfcc_svm/seed_42/fold_4/attempt_1/model.joblib,recorded_in_fold_manifest,20260821T164332Z_490383ff__exp_20260903T170029Z_e0883d24
rec_400238b81589b05f5e4f,/mnt/d/INFANT CRY/data_set_dbl_split/train/not_baby/5-182010-A-36.wav,not_baby,esc50_source:182010,4,baby,0.6657646991589573,0.3342353008410427,original,/mnt/d/INFANT CRY/Models_dbl/experiments/runs/20260821T164332Z_490383ff__exp_20260903T170029Z_e0883d24/candidates/stage1_mfcc_svm/seed_42/fold_4/attempt_1/model.joblib,recorded_in_fold_manifest,20260821T164332Z_490383ff__exp_20260903T170029Z_e0883d24
rec_0051d74e5b8b9f55136e,/mnt/d/INFANT CRY/data_set_dbl_split/train/not_baby/5-184323-A-42.wav,not_baby,esc50_source:184323,4,not_baby,0.008669318543866537,0.9913306814561335,original,/mnt/d/INFANT CRY/Models_dbl/experiments/runs/20260821T164332Z_490383ff__exp_20260903T170029Z_e0883d24/candidates/stage1_mfcc_svm/seed_42/fold_4/attempt_1/model.joblib,recorded_in_fold_manifest,20260821T164332Z_490383ff__exp_20260903T170029Z_e0883d24
rec_a334b49e4c5a0dcb971f,/mnt/d/INFANT CRY/data_set_dbl_split/train/not_baby/5-187979-A-21.wav,not_baby,esc50_source:187979,4,not_baby,0.1366088858808384,0.8633911141191616,original,/mnt/d/INFANT CRY/Models_dbl/experiments/runs/20260821T164332Z_490383ff__exp_20260903T170029Z_e0883d24/candidates/stage1_mfcc_svm/seed_42/fold_4/attempt_1/model.joblib,recorded_in_fold_manifest,20260821T164332Z_490383ff__exp_20260903T170029Z_e0883d24
rec_3beaccac8cec674f7ab2,/mnt/d/INFANT CRY/data_set_dbl_split/train/not_baby/5-188716-A-46.wav,not_baby,esc50_source:188716,4,not_baby,0.013036849478256441,0.9869631505217435,original,/mnt/d/INFANT CRY/Models_dbl/experiments/runs/20260821T164332Z_490383ff__exp_20260903T170029Z_e0883d24/candidates/stage1_mfcc_svm/seed_42/fold_4/attempt_1/model.joblib,recorded_in_fold_manifest,20260821T164332Z_490383ff__exp_20260903T170029Z_e0883d24
rec_8cc04ee9785d67fa2824,/mnt/d/INFANT CRY/data_set_dbl_split/train/not_baby/5-188945-A-45.wav,not_baby,esc50_source:188945,4,not_baby,4.077775992260907e-09,0.9999999959222241,original,/mnt/d/INFANT CRY/Models_dbl/experiments/runs/20260821T164332Z_490383ff__exp_20260903T170029Z_e0883d24/candidates/stage1_mfcc_svm/seed_42/fold_4/attempt_1/model.joblib,recorded_in_fold_manifest,20260821T164332Z_490383ff__exp_20260903T170029Z_e0883d24
rec_48cb2b68784934ba59c7,/mnt/d/INFANT CRY/data_set_dbl_split/train/not_baby/5-193473-A-12.wav,not_baby,esc50_source:193473,4,not_baby,6.189354960030672e-10,0.9999999993810645,original,/mnt/d/INFANT CRY/Models_dbl/experiments/runs/20260821T164332Z_490383ff__exp_20260903T170029Z_e0883d24/candidates/stage1_mfcc_svm/seed_42/fold_4/attempt_1/model.joblib,recorded_in_fold_manifest,20260821T164332Z_490383ff__exp_20260903T170029Z_e0883d24
rec_1ab5bd0a68e01210c520,/mnt/d/INFANT CRY/data_set_dbl_split/train/not_baby/5-193473-B-12.wav,not_baby,esc50_source:193473,4,not_baby,2.8455501408600008e-11,0.9999999999715445,original,/mnt/d/INFANT CRY/Models_dbl/experiments/runs/20260821T164332Z_490383ff__exp_20260903T170029Z_e0883d24/candidates/stage1_mfcc_svm/seed_42/fold_4/attempt_1/model.joblib,recorded_in_fold_manifest,20260821T164332Z_490383ff__exp_20260903T170029Z_e0883d24
rec_46d4bc4a312f1bdd88ce,/mnt/d/INFANT CRY/data_set_dbl_split/train/not_baby/5-194892-A-10.wav,not_baby,esc50_source:194892,4,not_baby,8.640876453613143e-11,0.9999999999135912,original,/mnt/d/INFANT CRY/Models_dbl/experiments/runs/20260821T164332Z_490383ff__exp_20260903T170029Z_e0883d24/candidates/stage1_mfcc_svm/seed_42/fold_4/attempt_1/model.joblib,recorded_in_fold_manifest,20260821T164332Z_490383ff__exp_20260903T170029Z_e0883d24
rec_0dca39abce6fbadc1e8b,/mnt/d/INFANT CRY/data_set_dbl_split/train/not_baby/5-194899-A-3.wav,not_baby,esc50_source:194899,4,not_baby,0.004316863487267881,0.9956831365127321,original,/mnt/d/INFANT CRY/Models_dbl/experiments/runs/20260821T164332Z_490383ff__exp_20260903T170029Z_e0883d24/candidates/stage1_mfcc_svm/seed_42/fold_4/attempt_1/model.joblib,recorded_in_fold_manifest,20260821T164332Z_490383ff__exp_20260903T170029Z_e0883d24
rec_26d1b1eed4f2f9895c95,/mnt/d/INFANT CRY/data_set_dbl_split/train/not_baby/5-194899-B-3.wav,not_baby,esc50_source:194899,4,not_baby,0.027280176897156144,0.9727198231028439,original,/mnt/d/INFANT CRY/Models_dbl/experiments/runs/20260821T164332Z_490383ff__exp_20260903T170029Z_e0883d24/candidates/stage1_mfcc_svm/seed_42/fold_4/attempt_1/model.joblib,recorded_in_fold_manifest,20260821T164332Z_490383ff__exp_20260903T170029Z_e0883d24
rec_3332f6d9ed78b5cfb74a,/mnt/d/INFANT CRY/data_set_dbl_split/train/not_baby/5-194899-C-3.wav,not_baby,esc50_source:194899,4,not_baby,0.17170063420048504,0.828299365799515,original,/mnt/d/INFANT CRY/Models_dbl/experiments/runs/20260821T164332Z_490383ff__exp_20260903T170029Z_e0883d24/candidates/stage1_mfcc_svm/seed_42/fold_4/attempt_1/model.joblib,recorded_in_fold_manifest,20260821T164332Z_490383ff__exp_20260903T170029Z_e0883d24
rec_647e286b752788b71c2b,/mnt/d/INFANT CRY/data_set_dbl_split/train/not_baby/5-194899-D-3.wav,not_baby,esc50_source:194899,4,not_baby,0.004676475746653228,0.9953235242533468,original,/mnt/d/INFANT CRY/Models_dbl/experiments/runs/20260821T164332Z_490383ff__exp_20260903T170029Z_e0883d24/candidates/stage1_mfcc_svm/seed_42/fold_4/attempt_1/model.joblib,recorded_in_fold_manifest,20260821T164332Z_490383ff__exp_20260903T170029Z_e0883d24
rec_9d2640c7328d58ce7d52,/mnt/d/INFANT CRY/data_set_dbl_split/train/not_baby/5-198321-A-10.wav,not_baby,esc50_source:198321,4,not_baby,1.1857683953719684e-08,0.999999988142316,original,/mnt/d/INFANT CRY/Models_dbl/experiments/runs/20260821T164332Z_490383ff__exp_20260903T170029Z_e0883d24/candidates/stage1_mfcc_svm/seed_42/fold_4/attempt_1/model.joblib,recorded_in_fold_manifest,20260821T164332Z_490383ff__exp_20260903T170029Z_e0883d24
rec_ec8c29e19a2af6f08864,/mnt/d/INFANT CRY/data_set_dbl_split/train/not_baby/5-200339-A-1.wav,not_baby,esc50_source:200339,4,not_baby,0.04978511337376689,0.9502148866262332,original,/mnt/d/INFANT CRY/Models_dbl/experiments/runs/20260821T164332Z_490383ff__exp_20260903T170029Z_e0883d24/candidates/stage1_mfcc_svm/seed_42/fold_4/attempt_1/model.joblib,recorded_in_fold_manifest,20260821T164332Z_490383ff__exp_20260903T170029Z_e0883d24
rec_abf0f8d8fb7bd9529522,/mnt/d/INFANT CRY/data_set_dbl_split/train/not_baby/5-201194-A-38.wav,not_baby,esc50_source:201194,4,not_baby,9.866285537918539e-13,0.9999999999990135,original,/mnt/d/INFANT CRY/Models_dbl/experiments/runs/20260821T164332Z_490383ff__exp_20260903T170029Z_e0883d24/candidates/stage1_mfcc_svm/seed_42/fold_4/attempt_1/model.joblib,recorded_in_fold_manifest,20260821T164332Z_490383ff__exp_20260903T170029Z_e0883d24
rec_b7fac225724da878e2a2,/mnt/d/INFANT CRY/data_set_dbl_split/train/not_baby/5-201664-A-18.wav,not_baby,esc50_source:201664,4,not_baby,0.002845031643173292,0.9971549683568267,original,/mnt/d/INFANT CRY/Models_dbl/experiments/runs/20260821T164332Z_490383ff__exp_20260903T170029Z_e0883d24/candidates/stage1_mfcc_svm/seed_42/fold_4/attempt_1/model.joblib,recorded_in_fold_manifest,20260821T164332Z_490383ff__exp_20260903T170029Z_e0883d24
rec_3c89c568fbcab31f9688,/mnt/d/INFANT CRY/data_set_dbl_split/train/not_baby/5-202540-A-18.wav,not_baby,esc50_source:202540,4,not_baby,2.5416307242507904e-06,0.9999974583692758,original,/mnt/d/INFANT CRY/Models_dbl/experiments/runs/20260821T164332Z_490383ff__exp_20260903T170029Z_e0883d24/candidates/stage1_mfcc_svm/seed_42/fold_4/attempt_1/model.joblib,recorded_in_fold_manifest,20260821T164332Z_490383ff__exp_20260903T170029Z_e0883d24
rec_1b3be3b60a61508722e2,/mnt/d/INFANT CRY/data_set_dbl_split/train/not_baby/5-203739-A-10.wav,not_baby,esc50_source:203739,4,not_baby,1.8493706982917234e-08,0.999999981506293,original,/mnt/d/INFANT CRY/Models_dbl/experiments/runs/20260821T164332Z_490383ff__exp_20260903T170029Z_e0883d24/candidates/stage1_mfcc_svm/seed_42/fold_4/attempt_1/model.joblib,recorded_in_fold_manifest,20260821T164332Z_490383ff__exp_20260903T170029Z_e0883d24
rec_60f62b6997c136c3725a,/mnt/d/INFANT CRY/data_set_dbl_split/train/not_baby/5-204604-A-24.wav,not_baby,esc50_source:204604,4,baby,0.5400738333492755,0.45992616665072455,original,/mnt/d/INFANT CRY/Models_dbl/experiments/runs/20260821T164332Z_490383ff__exp_20260903T170029Z_e0883d24/candidates/stage1_mfcc_svm/seed_42/fold_4/attempt_1/model.joblib,recorded_in_fold_manifest,20260821T164332Z_490383ff__exp_20260903T170029Z_e0883d24
rec_7f8e1cba8d85a49fc50f,/mnt/d/INFANT CRY/data_set_dbl_split/train/not_baby/5-207681-A-24.wav,not_baby,esc50_source:207681,4,not_baby,0.19469400105227752,0.8053059989477226,original,/mnt/d/INFANT CRY/Models_dbl/experiments/runs/20260821T164332Z_490383ff__exp_20260903T170029Z_e0883d24/candidates/stage1_mfcc_svm/seed_42/fold_4/attempt_1/model.joblib,recorded_in_fold_manifest,20260821T164332Z_490383ff__exp_20260903T170029Z_e0883d24
rec_9d37e6a99fe5f31a7678,/mnt/d/INFANT CRY/data_set_dbl_split/train/not_baby/5-209833-A-38.wav,not_baby,esc50_source:209833,4,not_baby,0.032386844043355734,0.9676131559566443,original,/mnt/d/INFANT CRY/Models_dbl/experiments/runs/20260821T164332Z_490383ff__exp_20260903T170029Z_e0883d24/candidates/stage1_mfcc_svm/seed_42/fold_4/attempt_1/model.joblib,recorded_in_fold_manifest,20260821T164332Z_490383ff__exp_20260903T170029Z_e0883d24
rec_32ad68d7334e44702b5a,/mnt/d/INFANT CRY/data_set_dbl_split/train/not_baby/5-209989-A-22.wav,not_baby,esc50_source:209989,4,not_baby,1.5283383943403573e-07,0.9999998471661605,original,/mnt/d/INFANT CRY/Models_dbl/experiments/runs/20260821T164332Z_490383ff__exp_20260903T170029Z_e0883d24/candidates/stage1_mfcc_svm/seed_42/fold_4/attempt_1/model.joblib,recorded_in_fold_manifest,20260821T164332Z_490383ff__exp_20260903T170029Z_e0883d24
rec_d978d043f628afc3d57c,/mnt/d/INFANT CRY/data_set_dbl_split/train/not_baby/5-212734-A-17.wav,not_baby,esc50_source:212734,4,not_baby,0.020624074430225875,0.979375925569774,original,/mnt/d/INFANT CRY/Models_dbl/experiments/runs/20260821T164332Z_490383ff__exp_20260903T170029Z_e0883d24/candidates/stage1_mfcc_svm/seed_42/fold_4/attempt_1/model.joblib,recorded_in_fold_manifest,20260821T164332Z_490383ff__exp_20260903T170029Z_e0883d24
rec_21011e1cf5ba2e822db9,/mnt/d/INFANT CRY/data_set_dbl_split/train/not_baby/5-215445-A-47.wav,not_baby,esc50_source:215445,4,not_baby,5.640019558613742e-07,0.9999994359980442,original,/mnt/d/INFANT CRY/Models_dbl/experiments/runs/20260821T164332Z_490383ff__exp_20260903T170029Z_e0883d24/candidates/stage1_mfcc_svm/seed_42/fold_4/attempt_1/model.joblib,recorded_in_fold_manifest,20260821T164332Z_490383ff__exp_20260903T170029Z_e0883d24
rec_bfceeeb546eea41c90fd,/mnt/d/INFANT CRY/data_set_dbl_split/train/not_baby/5-215449-A-47.wav,not_baby,esc50_source:215449,4,not_baby,1.1989269240556938e-06,0.9999988010730759,original,/mnt/d/INFANT CRY/Models_dbl/experiments/runs/20260821T164332Z_490383ff__exp_20260903T170029Z_e0883d24/candidates/stage1_mfcc_svm/seed_42/fold_4/attempt_1/model.joblib,recorded_in_fold_manifest,20260821T164332Z_490383ff__exp_20260903T170029Z_e0883d24
rec_a434efc8c4ffd89fde13,/mnt/d/INFANT CRY/data_set_dbl_split/train/not_baby/5-216368-A-28.wav,not_baby,esc50_source:216368,4,not_baby,3.441048630855452e-06,0.9999965589513692,original,/mnt/d/INFANT CRY/Models_dbl/experiments/runs/20260821T164332Z_490383ff__exp_20260903T170029Z_e0883d24/candidates/stage1_mfcc_svm/seed_42/fold_4/attempt_1/model.joblib,recorded_in_fold_manifest,20260821T164332Z_490383ff__exp_20260903T170029Z_e0883d24
rec_3b4aff740cfc5cfa395e,/mnt/d/INFANT CRY/data_set_dbl_split/train/not_baby/5-218980-A-30.wav,not_baby,esc50_source:218980,4,not_baby,0.010165966851334588,0.9898340331486655,original,/mnt/d/INFANT CRY/Models_dbl/experiments/runs/20260821T164332Z_490383ff__exp_20260903T170029Z_e0883d24/candidates/stage1_mfcc_svm/seed_42/fold_4/attempt_1/model.joblib,recorded_in_fold_manifest,20260821T164332Z_490383ff__exp_20260903T170029Z_e0883d24
rec_295472ade0ddf7502615,/mnt/d/INFANT CRY/data_set_dbl_split/train/not_baby/5-219318-A-31.wav,not_baby,esc50_source:219318,4,not_baby,9.620399628311491e-13,0.999999999999038,original,/mnt/d/INFANT CRY/Models_dbl/experiments/runs/20260821T164332Z_490383ff__exp_20260903T170029Z_e0883d24/candidates/stage1_mfcc_svm/seed_42/fold_4/attempt_1/model.joblib,recorded_in_fold_manifest,20260821T164332Z_490383ff__exp_20260903T170029Z_e0883d24
rec_515f689770b26a0d7d6c,/mnt/d/INFANT CRY/data_set_dbl_split/train/not_baby/5-220939-A-27.wav,not_baby,esc50_source:220939,4,not_baby,0.07991446645672304,0.9200855335432769,original,/mnt/d/INFANT CRY/Models_dbl/experiments/runs/20260821T164332Z_490383ff__exp_20260903T170029Z_e0883d24/candidates/stage1_mfcc_svm/seed_42/fold_4/attempt_1/model.joblib,recorded_in_fold_manifest,20260821T164332Z_490383ff__exp_20260903T170029Z_e0883d24
rec_5f73d1f92b73232b9f04,/mnt/d/INFANT CRY/data_set_dbl_split/train/not_baby/5-221567-A-22.wav,not_baby,esc50_source:221567,4,not_baby,9.60218060716306e-07,0.9999990397819393,original,/mnt/d/INFANT CRY/Models_dbl/experiments/runs/20260821T164332Z_490383ff__exp_20260903T170029Z_e0883d24/candidates/stage1_mfcc_svm/seed_42/fold_4/attempt_1/model.joblib,recorded_in_fold_manifest,20260821T164332Z_490383ff__exp_20260903T170029Z_e0883d24
rec_59fce8b8594a0e94e2dc,/mnt/d/INFANT CRY/data_set_dbl_split/train/not_baby/5-223103-A-31.wav,not_baby,esc50_source:223103,4,not_baby,3.000000899999981e-14,0.99999999999997,original,/mnt/d/INFANT CRY/Models_dbl/experiments/runs/20260821T164332Z_490383ff__exp_20260903T170029Z_e0883d24/candidates/stage1_mfcc_svm/seed_42/fold_4/attempt_1/model.joblib,recorded_in_fold_manifest,20260821T164332Z_490383ff__exp_20260903T170029Z_e0883d24
rec_6e6c2aec032b1588b1ef,/mnt/d/INFANT CRY/data_set_dbl_split/train/not_baby/5-223317-A-31.wav,not_baby,esc50_source:223317,4,not_baby,3.886769015420932e-10,0.9999999996113231,original,/mnt/d/INFANT CRY/Models_dbl/experiments/runs/20260821T164332Z_490383ff__exp_20260903T170029Z_e0883d24/candidates/stage1_mfcc_svm/seed_42/fold_4/attempt_1/model.joblib,recorded_in_fold_manifest,20260821T164332Z_490383ff__exp_20260903T170029Z_e0883d24
rec_db1d71bc1614ff08c331,/mnt/d/INFANT CRY/data_set_dbl_split/train/not_baby/5-233312-A-28.wav,not_baby,esc50_source:233312,4,not_baby,6.449911929885374e-07,0.999999355008807,original,/mnt/d/INFANT CRY/Models_dbl/experiments/runs/20260821T164332Z_490383ff__exp_20260903T170029Z_e0883d24/candidates/stage1_mfcc_svm/seed_42/fold_4/attempt_1/model.joblib,recorded_in_fold_manifest,20260821T164332Z_490383ff__exp_20260903T170029Z_e0883d24
rec_8f81053c9b06e81c36c6,/mnt/d/INFANT CRY/data_set_dbl_split/train/not_baby/5-234145-A-28.wav,not_baby,esc50_source:234145,4,not_baby,6.371386341217587e-09,0.9999999936286137,original,/mnt/d/INFANT CRY/Models_dbl/experiments/runs/20260821T164332Z_490383ff__exp_20260903T170029Z_e0883d24/candidates/stage1_mfcc_svm/seed_42/fold_4/attempt_1/model.joblib,recorded_in_fold_manifest,20260821T164332Z_490383ff__exp_20260903T170029Z_e0883d24
rec_c14d46d42e4fbb74fcde,/mnt/d/INFANT CRY/data_set_dbl_split/train/not_baby/5-234923-A-32.wav,not_baby,esc50_source:234923,4,not_baby,3.3847003514978777e-08,0.9999999661529965,original,/mnt/d/INFANT CRY/Models_dbl/experiments/runs/20260821T164332Z_490383ff__exp_20260903T170029Z_e0883d24/candidates/stage1_mfcc_svm/seed_42/fold_4/attempt_1/model.joblib,recorded_in_fold_manifest,20260821T164332Z_490383ff__exp_20260903T170029Z_e0883d24
rec_fe060f7b335be7d6ab99,/mnt/d/INFANT CRY/data_set_dbl_split/train/not_baby/5-235956-A-47.wav,not_baby,esc50_source:235956,4,not_baby,2.6534621296455285e-11,0.9999999999734653,original,/mnt/d/INFANT CRY/Models_dbl/experiments/runs/20260821T164332Z_490383ff__exp_20260903T170029Z_e0883d24/candidates/stage1_mfcc_svm/seed_42/fold_4/attempt_1/model.joblib,recorded_in_fold_manifest,20260821T164332Z_490383ff__exp_20260903T170029Z_e0883d24
rec_73d27b47d79eb889eeca,/mnt/d/INFANT CRY/data_set_dbl_split/train/not_baby/5-241846-A-15.wav,not_baby,esc50_source:241846,4,not_baby,6.350161161076904e-08,0.9999999364983885,original,/mnt/d/INFANT CRY/Models_dbl/experiments/runs/20260821T164332Z_490383ff__exp_20260903T170029Z_e0883d24/candidates/stage1_mfcc_svm/seed_42/fold_4/attempt_1/model.joblib,recorded_in_fold_manifest,20260821T164332Z_490383ff__exp_20260903T170029Z_e0883d24
rec_5064c36f4a93332bebec,/mnt/d/INFANT CRY/data_set_dbl_split/train/not_baby/5-243450-A-14.wav,not_baby,esc50_source:243450,4,not_baby,0.014845943304174191,0.9851540566958258,original,/mnt/d/INFANT CRY/Models_dbl/experiments/runs/20260821T164332Z_490383ff__exp_20260903T170029Z_e0883d24/candidates/stage1_mfcc_svm/seed_42/fold_4/attempt_1/model.joblib,recorded_in_fold_manifest,20260821T164332Z_490383ff__exp_20260903T170029Z_e0883d24
rec_22e457abf0c8c6beea5a,/mnt/d/INFANT CRY/data_set_dbl_split/train/not_baby/5-244178-A-32.wav,not_baby,esc50_source:244178,4,not_baby,9.310015871878611e-07,0.9999990689984128,original,/mnt/d/INFANT CRY/Models_dbl/experiments/runs/20260821T164332Z_490383ff__exp_20260903T170029Z_e0883d24/candidates/stage1_mfcc_svm/seed_42/fold_4/attempt_1/model.joblib,recorded_in_fold_manifest,20260821T164332Z_490383ff__exp_20260903T170029Z_e0883d24
rec_f4e7ee191342cd1d117e,/mnt/d/INFANT CRY/data_set_dbl_split/train/not_baby/5-244459-A-28.wav,not_baby,esc50_source:244459,4,not_baby,2.560112917026044e-11,0.9999999999743989,original,/mnt/d/INFANT CRY/Models_dbl/experiments/runs/20260821T164332Z_490383ff__exp_20260903T170029Z_e0883d24/candidates/stage1_mfcc_svm/seed_42/fold_4/attempt_1/model.joblib,recorded_in_fold_manifest,20260821T164332Z_490383ff__exp_20260903T170029Z_e0883d24
rec_fc73c2e789958079cf65,/mnt/d/INFANT CRY/data_set_dbl_split/train/not_baby/5-250258-A-49.wav,not_baby,esc50_source:250258,4,not_baby,0.0729694044606035,0.9270305955393965,original,/mnt/d/INFANT CRY/Models_dbl/experiments/runs/20260821T164332Z_490383ff__exp_20260903T170029Z_e0883d24/candidates/stage1_mfcc_svm/seed_42/fold_4/attempt_1/model.joblib,recorded_in_fold_manifest,20260821T164332Z_490383ff__exp_20260903T170029Z_e0883d24
rec_7a56b6bdaf3f5d3ec672,/mnt/d/INFANT CRY/data_set_dbl_split/train/not_baby/5-251957-A-47.wav,not_baby,esc50_source:251957,4,not_baby,0.02134868320801088,0.9786513167919891,original,/mnt/d/INFANT CRY/Models_dbl/experiments/runs/20260821T164332Z_490383ff__exp_20260903T170029Z_e0883d24/candidates/stage1_mfcc_svm/seed_42/fold_4/attempt_1/model.joblib,recorded_in_fold_manifest,20260821T164332Z_490383ff__exp_20260903T170029Z_e0883d24
rec_5fc1a7636f1e2e102130,/mnt/d/INFANT CRY/data_set_dbl_split/train/not_baby/5-251963-A-47.wav,not_baby,esc50_source:251963,4,baby,0.5905452957893396,0.40945470421066044,original,/mnt/d/INFANT CRY/Models_dbl/experiments/runs/20260821T164332Z_490383ff__exp_20260903T170029Z_e0883d24/candidates/stage1_mfcc_svm/seed_42/fold_4/attempt_1/model.joblib,recorded_in_fold_manifest,20260821T164332Z_490383ff__exp_20260903T170029Z_e0883d24
rec_19da8ba336a3eb20078b,/mnt/d/INFANT CRY/data_set_dbl_split/train/not_baby/5-253101-A-49.wav,not_baby,esc50_source:253101,4,not_baby,6.330149902312769e-06,0.9999936698500977,original,/mnt/d/INFANT CRY/Models_dbl/experiments/runs/20260821T164332Z_490383ff__exp_20260903T170029Z_e0883d24/candidates/stage1_mfcc_svm/seed_42/fold_4/attempt_1/model.joblib,recorded_in_fold_manifest,20260821T164332Z_490383ff__exp_20260903T170029Z_e0883d24
rec_4a2cdd6740806f922812,/mnt/d/INFANT CRY/data_set_dbl_split/train/not_baby/5-253101-B-49.wav,not_baby,esc50_source:253101,4,not_baby,0.0034077593611777724,0.9965922406388222,original,/mnt/d/INFANT CRY/Models_dbl/experiments/runs/20260821T164332Z_490383ff__exp_20260903T170029Z_e0883d24/candidates/stage1_mfcc_svm/seed_42/fold_4/attempt_1/model.joblib,recorded_in_fold_manifest,20260821T164332Z_490383ff__exp_20260903T170029Z_e0883d24
rec_8e6a2d01a2deb6766b78,/mnt/d/INFANT CRY/data_set_dbl_split/train/not_baby/5-253101-C-49.wav,not_baby,esc50_source:253101,4,not_baby,8.01475860790122e-07,0.9999991985241392,original,/mnt/d/INFANT CRY/Models_dbl/experiments/runs/20260821T164332Z_490383ff__exp_20260903T170029Z_e0883d24/candidates/stage1_mfcc_svm/seed_42/fold_4/attempt_1/model.joblib,recorded_in_fold_manifest,20260821T164332Z_490383ff__exp_20260903T170029Z_e0883d24
rec_f4b01a603d3cf26bd973,/mnt/d/INFANT CRY/data_set_dbl_split/train/not_baby/5-259169-A-5.wav,not_baby,esc50_source:259169,4,not_baby,0.011084371819157217,0.9889156281808429,original,/mnt/d/INFANT CRY/Models_dbl/experiments/runs/20260821T164332Z_490383ff__exp_20260903T170029Z_e0883d24/candidates/stage1_mfcc_svm/seed_42/fold_4/attempt_1/model.joblib,recorded_in_fold_manifest,20260821T164332Z_490383ff__exp_20260903T170029Z_e0883d24
rec_a3fc2d04963a05ab6f0b,/mnt/d/INFANT CRY/data_set_dbl_split/train/not_baby/5-260011-A-34.wav,not_baby,esc50_source:260011,4,not_baby,0.10633995440897057,0.8936600455910295,original,/mnt/d/INFANT CRY/Models_dbl/experiments/runs/20260821T164332Z_490383ff__exp_20260903T170029Z_e0883d24/candidates/stage1_mfcc_svm/seed_42/fold_4/attempt_1/model.joblib,recorded_in_fold_manifest,20260821T164332Z_490383ff__exp_20260903T170029Z_e0883d24
rec_b50c521bff7dc3572e49,/mnt/d/INFANT CRY/data_set_dbl_split/train/not_baby/5-263491-A-25.wav,not_baby,esc50_source:263491,4,not_baby,6.545696398979667e-08,0.999999934543036,original,/mnt/d/INFANT CRY/Models_dbl/experiments/runs/20260821T164332Z_490383ff__exp_20260903T170029Z_e0883d24/candidates/stage1_mfcc_svm/seed_42/fold_4/attempt_1/model.joblib,recorded_in_fold_manifest,20260821T164332Z_490383ff__exp_20260903T170029Z_e0883d24
rec_e3054531fa9bd347a15d,/mnt/d/INFANT CRY/data_set_dbl_split/train/not_baby/5-51149-A-25.wav,not_baby,esc50_source:51149,4,not_baby,1.0118362445973371e-08,0.9999999898816375,original,/mnt/d/INFANT CRY/Models_dbl/experiments/runs/20260821T164332Z_490383ff__exp_20260903T170029Z_e0883d24/candidates/stage1_mfcc_svm/seed_42/fold_4/attempt_1/model.joblib,recorded_in_fold_manifest,20260821T164332Z_490383ff__exp_20260903T170029Z_e0883d24
