precision,recall,threshold
0.4309210526315789,1.0,0.00648261643297675
0.4310983134512546,1.0,0.006497411725729045
0.4312757201646091,1.0,0.006681559157282019
0.43145327295183206,1.0,0.0067794761178338004
0.4316309719934102,1.0,0.006792723670039663
0.4318088174701277,1.0,0.006964956170224233
0.4319868095630668,1.0,0.0070143591711412205
0.43216494845360826,1.0,0.0074972990841756
0.43234323432343236,1.0,0.007536679743843068
0.4325216673545192,1.0,0.007546976558375067
0.43270024772914945,1.0,0.00792538010990672
0.432878975629905,1.0,0.008052352305911522
0.43305785123966944,1.0,0.008052901237365491
0.43323687474162875,1.0,0.008150645901311378
0.4334160463192721,1.0,0.008164620224647342
0.4335953661563922,1.0,0.008179591587763671
0.4337748344370861,1.0,0.008207934763328395
0.4339544513457557,1.0,0.00823314290934801
0.43413421706710853,1.0,0.008257669050623563
0.4343141317861583,1.0,0.008281331663603553
0.43449419568822556,1.0,0.008304570515389452
0.4346744089589382,1.0,0.008345923705196821
0.4348547717842324,1.0,0.008406758308410645
0.4350352843503528,1.0,0.00840902420840317
0.43521594684385384,1.0,0.008436012604578718
0.4353967594515995,1.0,0.008437289738506687
0.43557772236076475,1.0,0.008525305898424478
0.4357588357588358,1.0,0.008584705872888513
0.43594009983361065,1.0,0.008693864650035878
0.43612151477320016,1.0,0.00873023508235307
0.4363030807660283,1.0,0.008731635010917121
0.436484798000833,1.0,0.008739579045718433
0.43666666666666665,1.0,0.008740643620632892
0.436848686952897,1.0,0.008769056571937817
0.4370308590492077,1.0,0.008775201389118246
0.43721318314559865,1.0,0.008797189963669173
0.4373956594323873,1.0,0.00883108707023441
0.43757828810020877,1.0,0.008875709192374893
0.4377610693400167,1.0,0.008893201044823964
0.437944003343084,1.0,0.00890731680009785
0.43812709030100333,1.0,0.008907771345783879
0.438310330405688,1.0,0.008942293509787909
0.4384937238493724,1.0,0.008944352515607289
0.43867727082461283,1.0,0.008967172788728946
0.4388609715242881,1.0,0.008999157797535783
0.43904482614160034,1.0,0.009032379350360581
0.4392288348700754,1.0,0.009048844460101053
0.4394129979035639,1.0,0.009119616017485262
0.4395973154362416,1.0,0.009179809702977531
0.43978178766261017,1.0,0.009212476738007805
0.4399664147774979,1.0,0.009222880791137951
0.4401511969760605,1.0,0.009245238991560661
0.4403361344537815,1.0,0.009258731414935025
0.4405212274064733,1.0,0.009329988124314143
0.44070647603027757,1.0,0.009349736272241184
0.44089188052166595,1.0,0.00935589529094022
0.44107744107744107,1.0,0.009366210949291598
0.44126315789473686,1.0,0.00936888762257172
0.44144903117101936,1.0,0.00947452790740052
0.4416350611040877,1.0,0.009480804487490788
0.4418212478920742,1.0,0.009499750819062796
0.4420075917334458,1.0,0.009531426358882843
0.4421940928270042,1.0,0.009583565665337634
0.44238075137188687,1.0,0.009617814355511022
0.44256756756756754,1.0,0.009656759248769634
0.4427545416138572,1.0,0.009657247153884219
0.4429416737109045,1.0,0.009671070820125405
0.4431289640591966,1.0,0.009676537845971112
0.4433164128595601,1.0,0.009688371846573642
0.4435040203131612,1.0,0.00969740719504931
0.4436917866215072,1.0,0.009746076179670915
0.44387971198644643,1.0,0.009760246748480668
0.4440677966101695,1.0,0.009787300218765988
0.44425604069520985,1.0,0.009799647263619503
0.4444444444444444,1.0,0.009812774118384767
0.4446330080610946,1.0,0.009845230985122237
0.44482173174872663,1.0,0.009873028881374854
0.44501061571125267,1.0,0.009885179929907749
0.44519966015293116,1.0,0.009891468514796425
0.445388865278368,1.0,0.00993003179950776
0.445578231292517,1.0,0.009931710872435832
0.44576775840068056,1.0,0.009959627976227466
0.4459574468085106,1.0,0.009983198222900105
0.44614729672200937,1.0,0.009983919010814912
0.4463373083475298,1.0,0.009988676971636594
0.4465274818917767,1.0,0.009991207700566647
0.44671781756180734,1.0,0.010036698302920604
0.44690831556503197,1.0,0.010037025231109414
0.447098976109215,1.0,0.01004220497987051
0.4472897994024755,1.0,0.010063796013614464
0.4474807856532878,1.0,0.010089386968681039
0.4476719350704827,1.0,0.010112553214388207
0.4478632478632479,1.0,0.010119361369413675
0.4480547242411287,1.0,0.010133051077531393
0.4482463644140291,1.0,0.010137213261871612
0.44843816859221225,1.0,0.010144440778448234
0.4486301369863014,1.0,0.010161228086045013
0.4488222698072805,1.0,0.010164576402747117
0.4490145672664953,1.0,0.010165482456520722
0.44920702957565367,1.0,0.010178445847871198
0.44939965694682676,1.0,0.010193719993803911
0.4495924495924496,1.0,0.010194604551771359
0.4497854077253219,1.0,0.010202330403957287
0.44997853155860884,1.0,0.010225904050342037
0.45017182130584193,1.0,0.010257485293995165
0.4503652771809196,1.0,0.010261010263923441
0.45055889939810834,1.0,0.0103224515914917
0.450752688172043,1.0,0.010328196679982434
0.4509466437177281,1.0,0.010331955153448867
0.4511407662505381,1.0,0.010354729658590528
0.45133505598621876,1.0,0.010381978198550235
0.4515295131408876,1.0,0.010403320348312263
0.4517241379310345,1.0,0.010414082362985567
0.45191893057352306,1.0,0.010431368631256054
0.45211389128559104,1.0,0.010432540448785332
0.4523090202848511,1.0,0.010437045518529857
0.4525043177892919,1.0,0.010456423479677079
0.4526997840172786,1.0,0.010473018453607232
0.452895419187554,1.0,0.010482045480169736
0.4530912235192391,1.0,0.010538674498398806
0.4532871972318339,1.0,0.010556120858033483
0.4534833405452185,1.0,0.010557704966192238
0.4536796536796537,1.0,0.010559537966269445
0.4538761368557817,1.0,0.010560365059364203
0.4540727902946274,1.0,0.010581406129004605
0.4542696142175986,1.0,0.010585011263740488
0.45446660884648743,1.0,0.01062372848046787
0.4546637744034707,1.0,0.01062437002195375
0.4548611111111111,1.0,0.010626991993008346
0.4550586191923578,1.0,0.010645427334622926
0.45525629887054736,1.0,0.01067657937092853
0.4554541503694046,1.0,0.01070501787354769
0.45565217391304347,1.0,0.01073103590345589
0.4558503697259678,1.0,0.01076126282892886
0.4560487380330722,1.0,0.010761989140261106
0.456247279059643,1.0,0.01078893228189748
0.4564459930313589,1.0,0.010812051790505851
0.45664488017429194,1.0,0.010821220495238586
0.45684394071490847,1.0,0.010824119934278651
0.4570431748800698,1.0,0.010826923195129406
0.4572425828970332,1.0,0.010866673966869916
0.45744216499345264,1.0,0.01089522919839316
0.4576419213973799,1.0,0.010909239974891804
0.45784185233726515,1.0,0.010910748243433781
0.458041958041958,1.0,0.01092204419010746
0.45824223874070835,1.0,0.010924794945186268
0.4584426946631671,1.0,0.010945728803038533
0.4586433260393873,1.0,0.010984570115344826
0.45884413309982486,1.0,0.010999790750454848
0.4590451160753395,1.0,0.01102723506859092
0.45924627519719546,1.0,0.011094095164734693
0.4594476106970627,1.0,0.011117026375487839
0.45964912280701753,1.0,0.011121273961736566
0.4598508117595437,1.0,0.011131525960628386
0.46005267778753295,1.0,0.011145506601423263
0.46025472112428634,1.0,0.011201752871356573
0.46045694200351495,1.0,0.011206200450716545
0.46065934065934067,1.0,0.011234937507844472
0.4608619173262973,1.0,0.011235753555654173
0.4610646722393313,1.0,0.011260487390916512
0.4612676056338028,1.0,0.01126243065210389
0.4614707177454866,1.0,0.011280359679310844
0.4616740088105727,1.0,0.011285264755607993
0.4618774790656677,1.0,0.011305622840714624
0.4620811287477954,1.0,0.011357237701238705
0.4622849580943979,1.0,0.011410204374877614
0.4624889673433363,1.0,0.011418872587319565
0.46269315673289185,1.0,0.011423857281114511
0.4628975265017668,1.0,0.011435823323349636
0.4631020768890853,1.0,0.011459674387359169
0.46330680813439434,1.0,0.01147337217088345
0.46351172047766476,1.0,0.01148681912093255
0.46371681415929206,1.0,0.011492835507634745
0.4639220894200974,1.0,0.011519676930608472
0.4641275465013286,1.0,0.011534427582686343
0.46433318564466103,1.0,0.011541943524176706
0.4645390070921986,1.0,0.011543896668802012
0.4647450110864745,1.0,0.011547405978203262
0.4649511978704525,1.0,0.011554870367073143
0.46515756768752775,1.0,0.011595782626898232
0.46536412078152756,1.0,0.011605269199947935
0.46557085739671256,1.0,0.011612812295073523
0.4657777777777778,1.0,0.011622324184974548
0.4659848821698533,1.0,0.011632121438908424
0.46619217081850534,1.0,0.011689450286976428
0.46639964396973743,1.0,0.011701917782076826
0.4666073018699911,1.0,0.011714562948265119
0.466815144766147,1.0,0.011729683199895806
0.46702317290552586,1.0,0.011746947598890646
0.4672313865358894,1.0,0.011753641726597172
0.46743978590544155,1.0,0.011757746864456544
0.4676483712628291,1.0,0.0117828001437109
0.46785714285714286,1.0,0.011800452539304531
0.4680661009379187,1.0,0.01180718326223187
0.4682752457551385,1.0,0.011849073362096956
0.4684845775592311,1.0,0.011860009327009355
0.46869409660107336,1.0,0.011871548913880986
0.46890380313199104,1.0,0.01187578339189864
0.4691136974037601,1.0,0.011877636445198892
0.4693237796686073,1.0,0.011881778826285556
0.46953405017921146,1.0,0.011909477501433174
0.46974450918870464,1.0,0.011958010405614894
0.46995515695067264,1.0,0.011958332146246262
0.47016599371915657,1.0,0.011960828387195675
0.4703770197486535,1.0,0.011970964857257021
0.47058823529411764,1.0,0.012006682760727213
0.47079964061096136,1.0,0.012009053860137963
0.4710112359550562,1.0,0.012019796498451696
0.4712230215827338,1.0,0.012037726658097997
0.47143499775078723,1.0,0.012054864473840549
0.47164716471647167,1.0,0.01205528426506837
0.47185952273750564,1.0,0.012073459081214929
0.4720720720720721,1.0,0.012073492923668414
0.4722848129788193,1.0,0.012076934552106485
0.47249774571686204,1.0,0.012085846726570856
0.4727108705457826,1.0,0.012088307078187574
0.4729241877256318,1.0,0.012099633800707783
0.47313769751693,1.0,0.01210882487649862
0.47335140018066846,1.0,0.012130611852206766
0.47356529597831,1.0,0.012134120049090983
0.47377938517179025,1.0,0.012141386492103693
0.4739936680235188,1.0,0.012190664618504472
0.47420814479638007,1.0,0.012193714575125178
0.47442281575373474,1.0,0.012201734716244403
0.4746376811594203,1.0,0.012218568792678347
0.4748527412777526,1.0,0.01225022713910259
0.47506799637352676,1.0,0.012256720365867549
0.47528344671201816,1.0,0.012269513287271489
0.47549909255898365,1.0,0.012281231861533395
0.47571493418066274,1.0,0.012284906924280532
0.47593097184377836,1.0,0.012302415052627686
0.4761472058155384,1.0,0.012326721790808539
0.4763636363636364,1.0,0.012379039399242878
0.47658026375625284,1.0,0.012388253103142484
0.4767970882620564,1.0,0.012402320719592448
0.47701411015020484,1.0,0.012402958155776647
0.4772313296903461,1.0,0.0124105115698952
0.4774487471526196,1.0,0.012427260474234758
0.47766636280765723,1.0,0.012435597587634208
0.4778841769265846,1.0,0.012442498108635245
0.4781021897810219,1.0,0.012444466901321515
0.47832040164308537,1.0,0.01245173481131201
0.4785388127853881,1.0,0.012456691371453029
0.47875742348104156,1.0,0.012464988196310445
0.4789762340036563,1.0,0.01246891548843851
0.4791952446273434,1.0,0.012475651166025267
0.4794144556267155,1.0,0.012496430194071862
0.4796338672768879,1.0,0.012511967693001003
0.47985347985347987,1.0,0.012521150486950343
0.4800732936326157,1.0,0.012534009628710811
0.48029330889092575,1.0,0.012573009286599181
0.4805135259055479,1.0,0.012589880159768349
0.48073394495412847,1.0,0.012600317409629861
0.4809545663148233,1.0,0.012612128157050347
0.48117539026629935,1.0,0.012625643865897844
0.4813964170877354,1.0,0.012643788339594448
0.48161764705882354,1.0,0.012646305527912427
0.48183908045977014,1.0,0.012670478347838009
0.48206071757129715,1.0,0.012670848849028133
0.48228255867464337,1.0,0.012675652162398658
0.48250460405156537,1.0,0.012678671014224279
0.482726853984339,1.0,0.01270343068508003
0.48294930875576036,1.0,0.012711890866600892
0.4831719686491471,1.0,0.012713577105107114
0.4833948339483395,1.0,0.012729454169113546
0.4836179049377019,1.0,0.012732930386566144
0.4838411819021237,1.0,0.012739555696666238
0.4840646651270208,1.0,0.012745422536659081
0.48428835489833644,1.0,0.012780667270738011
0.4845122515025428,1.0,0.012792790918233474
0.484736355226642,1.0,0.012823985137380452
0.48496066635816754,1.0,0.012830566316861674
0.48518518518518516,1.0,0.012854293563408862
0.4854099119962946,1.0,0.012861629531765421
0.4856348470806302,1.0,0.012866000744026215
0.4858599907278628,1.0,0.012870259487105462
0.48608534322820035,1.0,0.012924147601297063
0.4863109048723898,1.0,0.012933128746113305
0.48653667595171773,1.0,0.012951598830912316
0.48676265675801206,1.0,0.01295845152623423
0.48698884758364314,1.0,0.012959769116339918
0.4872152487215249,1.0,0.012966565111533136
0.4874418604651163,1.0,0.01297648033294873
0.48766868310842254,1.0,0.012984019014686701
0.48789571694599626,1.0,0.012985944747924805
0.488122962272939,1.0,0.012989055220160016
0.48835041938490215,1.0,0.012995438432397421
0.4885780885780886,1.0,0.013003098935857682
0.48880597014925375,1.0,0.013020109382878595
0.48903406439570696,1.0,0.01302733688520652
0.4892623716153128,1.0,0.013032500571419948
0.48949089210649227,1.0,0.01304128713008247
0.4897196261682243,1.0,0.013041385198307755
0.4899485741000468,1.0,0.01309347152709961
0.490177736202058,1.0,0.013108860417054596
0.4904071127749181,1.0,0.013116654057490282
0.49063670411985016,1.0,0.013119839757684625
0.49086651053864166,1.0,0.013129041577059148
0.49109653233364575,1.0,0.013129108671009318
0.49132676980778245,1.0,0.013129912023322761
0.4915572232645403,1.0,0.013146462678053123
0.4917878930079775,1.0,0.013146710287433989
0.492018779342723,1.0,0.013146772784787823
0.4922498825739784,1.0,0.013156957826339022
0.4924812030075188,1.0,0.0132007278539037
0.4927127409496944,1.0,0.013214631227649154
0.4929444967074318,1.0,0.013218529555059358
0.49317647058823527,1.0,0.013229069467445549
0.4934086629001883,1.0,0.013237482651857653
0.4936410739519548,1.0,0.01324135156977796
0.4938737040527804,1.0,0.013319281489049602
0.4941065535124941,1.0,0.013322973301264173
0.49433962264150944,1.0,0.01332474661326135
0.49457291175082585,1.0,0.013326942126337163
0.4948064211520302,1.0,0.013330653235518455
0.49504015115729805,1.0,0.013335734208353335
0.4952741020793951,1.0,0.013347069993883808
0.4955082742316785,1.0,0.013389881750158525
0.4957426679280984,1.0,0.013390101791697036
0.49597728348319925,1.0,0.013393573562753003
0.4962121212121212,1.0,0.013411891364882095
0.4964471814306016,1.0,0.013417444823292386
0.4966824644549763,1.0,0.013425867335817975
0.4969179706021811,1.0,0.013430636744593593
0.4971537001897533,1.0,0.013447233363031316
0.4973896535358329,1.0,0.013448884034306056
0.4976258309591643,1.0,0.013453933773715123
0.4978622327790974,1.0,0.013455914508907872
0.49809885931558934,1.0,0.01349397902298397
0.4983357108892059,1.0,0.013503986171841866
0.49857278782112274,1.0,0.013554222891611727
0.4988100904331271,1.0,0.013562214396606398
0.4990476190476191,1.0,0.01361401439967816
0.49928537398761313,1.0,0.013617818992073946
0.49952335557673977,1.0,0.013623135042637392
0.49976156413924655,1.0,0.013630397516262549
0.5,1.0,0.013636277247727065
0.5002386634844869,1.0,0.01363808570248804
0.5004775549188156,1.0,0.013652250269271686
0.5007166746297181,1.0,0.013654292548397284
0.5009560229445507,1.0,0.013660060419925344
0.501195600191296,1.0,0.013674316953261042
0.5014354066985646,1.0,0.013679297104532095
0.501675442795596,1.0,0.013703611309263177
0.5019157088122606,1.0,0.01371584210122411
0.5021562050790609,1.0,0.013722894638249595
0.5023969319271333,1.0,0.013730272955462919
0.5026378896882494,1.0,0.01373755931854248
0.5028790786948176,1.0,0.01374276145606329
0.5031204992798848,1.0,0.013750951074780872
0.5033621517771374,1.0,0.013784560650353042
0.5036040365209035,1.0,0.0137925111271162
0.5038461538461538,1.0,0.013793521650652077
0.5040885040885041,1.0,0.013805813066064668
0.5043310875842156,1.0,0.013823203845495013
0.5045739046701974,1.0,0.013826583859806662
0.5048169556840078,1.0,0.013888207716948604
0.5050602409638554,1.0,0.013900549552326124
0.5053037608486017,1.0,0.013905204314544636
0.5055475156777617,1.0,0.01391411837837165
0.5057915057915058,1.0,0.013961013372344825
0.5060357315306615,1.0,0.013963960717339984
0.506280193236715,1.0,0.01396552963680128
0.5065248912518124,1.0,0.013970803313283585
0.5067698259187621,1.0,0.013980509687251393
0.5070149975810353,1.0,0.013990800170047958
0.5072604065827686,1.0,0.013991123071527353
0.5075060532687651,1.0,0.01399826911650437
0.5077519379844961,1.0,0.014000828443098946
0.5079980610761028,1.0,0.014038261078440625
0.5082444228903976,1.0,0.014046038147767047
0.5084910237748665,1.0,0.014062610075049388
0.5087378640776699,1.0,0.014091026720342589
0.5089849441476445,1.0,0.014091489784540437
0.5092322643343051,1.0,0.014104240588383119
0.5094798249878464,1.0,0.014106137914499717
0.5097276264591439,1.0,0.014119121627374111
0.5099756690997567,1.0,0.014155919655146428
0.5102239532619279,1.0,0.01415744466058745
0.5104724792985874,1.0,0.014162902654321387
0.5107212475633528,1.0,0.014164546794835505
0.5109702584105315,1.0,0.014181335179313982
0.511219512195122,1.0,0.01418183588744487
0.511469009272816,1.0,0.01418261526559852
0.51171875,1.0,0.014192700386047363
0.5119687347337567,1.0,0.014195763103506084
0.512218963831867,1.0,0.014198158378403764
0.5124694376528117,1.0,0.014205988549463408
0.512720156555773,1.0,0.01422351598739624
0.5129711209006363,1.0,0.01422805053075752
0.5132223310479922,1.0,0.014249532921458209
0.5134737873591376,1.0,0.014252943307500899
0.5137254901960784,1.0,0.014267060359702212
0.5139774399215301,1.0,0.014276659461849505
0.5142296368989205,1.0,0.01427676673679976
0.5144820814923907,1.0,0.014286667600776971
0.5147347740667977,1.0,0.01429742299289654
0.514987714987715,1.0,0.01431164188121682
0.5152409046214356,1.0,0.014313735387781308
0.5154943433349729,1.0,0.014354683717309358
0.515748031496063,1.0,0.014372327672842458
0.5160019694731659,1.0,0.014374829293235044
0.516256157635468,1.0,0.014380409120601095
0.5165105963528832,1.0,0.014382403611809083
0.5167652859960552,1.0,0.014394751810665832
0.5170202269363592,1.0,0.014395955896392629
0.5172754195459033,1.0,0.01439857476941064
0.5175308641975309,1.0,0.014412485599982948
0.5177865612648221,1.0,0.014412947750766831
0.5180425111220959,1.0,0.014413009250030757
0.5182987141444114,1.0,0.014441799153960641
0.5185551707075705,1.0,0.014446521689154043
0.5188118811881188,1.0,0.014457415571662621
0.5190688459633482,1.0,0.014482616515003651
0.5193260654112983,1.0,0.01448265770835412
0.5195835399107586,1.0,0.01449965426420669
0.5198412698412699,1.0,0.014520805651847036
0.5200992555831265,1.0,0.014530573419161193
0.5203574975173784,1.0,0.014533701260657495
0.5206159960258321,1.0,0.014557870561698945
0.5208747514910537,1.0,0.01455834281002145
0.5211337642963699,1.0,0.014559942957759966
0.5213930348258706,1.0,0.014569243986074112
0.5216525634644101,1.0,0.014594301798854795
0.5219123505976095,1.0,0.014611014089346824
0.5221723966118585,1.0,0.014639987360685475
0.522432701894317,1.0,0.014644348639293514
0.5226932668329177,1.0,0.014649668135413843
0.5229540918163673,1.0,0.014657386455762686
0.5232151772341488,1.0,0.014673717210637649
0.5234765234765235,1.0,0.014683364861739875
0.5237381309345327,1.0,0.01468364824505711
0.524,1.0,0.014685966402723634
0.5242621310655328,1.0,0.014686324990516855
0.5245245245245245,1.0,0.014700621804613526
0.5247871807711567,1.0,0.014726683716873582
0.5250501002004008,1.0,0.014728878077500115
0.5253132832080201,1.0,0.014784103176831622
0.5255767301905717,1.0,0.014787186102425897
0.5258404415454089,1.0,0.014796429374574604
0.5261044176706827,1.0,0.014816725267809949
0.526368658965344,1.0,0.014845527122857215
0.5266331658291458,1.0,0.014846434037490537
0.5268979386626446,1.0,0.014847473891294816
0.5271629778672032,1.0,0.014871547777590317
0.5274282838449924,1.0,0.014876389485019436
0.527693856998993,1.0,0.014876733350887524
0.5279596977329974,1.0,0.014883045051682572
0.5282258064516129,1.0,0.014883450357197833
0.5284921835602622,1.0,0.014885987668094732
0.5287588294651867,1.0,0.014896760512539249
0.5290257445734478,1.0,0.014897956304746359
0.5292929292929293,1.0,0.014937554888774561
0.5295603840323395,1.0,0.014940880822462942
0.5298281092012134,1.0,0.01495885020769659
0.530096105209914,1.0,0.014962391677011688
0.5303643724696356,1.0,0.014966566754227596
0.5306329113924051,1.0,0.014974772930145264
0.5309017223910841,1.0,0.014978078682192373
0.5311708058793715,1.0,0.014995713424952718
0.5314401622718052,1.0,0.015003519775496712
0.5317097919837646,1.0,0.015022662062517182
0.531979695431472,1.0,0.015043838222454864
0.5322498730319959,1.0,0.015049497911540878
0.532520325203252,1.0,0.015054475347833983
0.5327910523640061,1.0,0.015059120860587971
0.5330620549338759,1.0,0.015059594906471385
0.5333333333333333,1.0,0.015064086372224225
0.5336048879837068,1.0,0.015076905039641111
0.5338767193071828,1.0,0.015080586768342206
0.5341488277268094,1.0,0.015096594716740026
0.5344212136664966,1.0,0.015107531736364433
0.5346938775510204,1.0,0.015109312520999695
0.5349668198060235,1.0,0.015117936866195461
0.5352400408580184,1.0,0.015121004204342306
0.5355135411343894,1.0,0.015141532065407307
0.5357873210633947,1.0,0.01514599964746646
0.5360613810741688,1.0,0.015165401411648348
0.5363357215967247,1.0,0.015168108385088482
0.536610343061956,1.0,0.015173564509573197
0.5368852459016393,1.0,0.01517712703040662
0.5371604305484367,1.0,0.015185838492406036
0.5374358974358975,1.0,0.015194798426146005
0.5377116469984607,1.0,0.015202093122179816
0.5379876796714579,1.0,0.015210904531509535
0.5382639958911145,1.0,0.01521253219995232
0.538540596094553,1.0,0.015214162609475581
0.5388174807197943,1.0,0.015225354525352439
0.5390946502057613,1.0,0.015226083547816596
0.5393721049922799,1.0,0.01522800005822256
0.5396498455200824,1.0,0.015240369393006655
0.5399278722308088,1.0,0.015269429870731556
0.5402061855670103,1.0,0.015270396377515736
0.5404847859721505,1.0,0.015323858080199216
0.5407636738906089,1.0,0.015330040452882254
0.541042849767682,1.0,0.01533286846866108
0.5413223140495868,1.0,0.01533299776541269
0.5416020671834625,1.0,0.01535051694270416
0.5418821096173733,1.0,0.015356276584766567
0.5421624418003104,1.0,0.015370789858899545
0.5424430641821946,1.0,0.01537756828152198
0.5427239772138788,1.0,0.01538056318577274
0.5430051813471503,1.0,0.015384976680460495
0.543286677034733,1.0,0.015391312195554847
0.5435684647302904,1.0,0.01540240966404777
0.5438505448884277,1.0,0.015412304035347716
0.5441329179646937,1.0,0.015434680535336361
0.5444155844155845,1.0,0.015440476853588903
0.5446985446985447,1.0,0.015465077065518404
0.5449817992719709,1.0,0.015485544386136875
0.5452653485952134,1.0,0.015494953667801391
0.5455491931285789,1.0,0.015495563467610428
0.5458333333333333,1.0,0.015515188073119277
0.546117769671704,1.0,0.01551931913922949
0.5464025026068822,1.0,0.015523667511139018
0.5466875326030256,1.0,0.015526059040261268
0.5469728601252609,1.0,0.015530656849622836
0.5472584856396867,1.0,0.015531686640911766
0.5475444096133751,1.0,0.015537876346374371
0.5478306325143754,1.0,0.015540409080589868
0.5481171548117155,1.0,0.01554157550167496
0.5484039769754055,1.0,0.01555250974989507
0.5486910994764398,1.0,0.015555669702583772
0.5489785227867994,1.0,0.015558152020887629
0.549266247379455,1.0,0.0155590295664926
0.5495542737283692,1.0,0.015568321483759275
0.5498426023084995,1.0,0.015571390658884453
0.5501312335958005,1.0,0.015585336311653156
0.5504201680672269,1.0,0.015593605784052857
0.5507094062007357,1.0,0.015598495185777174
0.5509989484752892,1.0,0.015604588624586416
0.5512887953708574,1.0,0.015605701833538575
0.5515789473684211,1.0,0.015611732931105281
0.5518694049499737,1.0,0.015615593467478527
0.5521601685985248,1.0,0.015624040825054277
0.5524512387981023,1.0,0.015629367640867253
0.5527426160337553,1.0,0.015631595946750707
0.5530343007915567,1.0,0.01564704911892959
0.5533262935586061,1.0,0.015648107366391675
0.5536185948230322,1.0,0.01565870962691163
0.5539112050739958,1.0,0.015668838749264516
0.5542041248016922,1.0,0.015687561940865145
0.5544973544973545,1.0,0.01569161872339321
0.5547908946532557,1.0,0.015719903428034254
0.5550847457627118,1.0,0.01572438844318348
0.5553789083200847,1.0,0.015732613883932666
0.5556733828207847,1.0,0.015742265274460064
0.5559681697612732,1.0,0.01574349126210766
0.5562632696390658,1.0,0.01574479250277122
0.556558682952735,1.0,0.015748252344194035
0.5568544102019128,1.0,0.015750453110791044
0.557150451887294,1.0,0.015761199386040085
0.5574468085106383,1.0,0.01576540193748244
0.5577434805747739,1.0,0.015771521049736725
0.5580404685835996,1.0,0.01577736324525267
0.5583377730420884,1.0,0.015808945433372936
0.55863539445629,1.0,0.015810813342497895
0.5589333333333333,1.0,0.015814606041406817
0.5592315901814301,1.0,0.01583280656640106
0.5595301655098772,1.0,0.015841241984968044
0.5598290598290598,1.0,0.015855952388527137
0.5601282736504543,1.0,0.01585674835821568
0.560427807486631,1.0,0.01586069509646492
0.5607276618512573,1.0,0.015867649621576885
0.5610278372591007,1.0,0.015879349516864594
0.561328334226031,1.0,0.015880736034756603
0.5616291532690246,1.0,0.015881540224176757
0.5619302949061662,1.0,0.015891916931480787
0.5622317596566524,1.0,0.015898048877716064
0.5625335480407944,1.0,0.01589898972081566
0.5628356605800214,1.0,0.01590117398162105
0.5631380977968834,1.0,0.015908412753853296
0.5634408602150538,1.0,0.015910728169971244
0.563743948359333,1.0,0.015912130237935033
0.5640473627556513,1.0,0.015923051667757107
0.5643511039310716,1.0,0.01592773015783677
0.5646551724137931,1.0,0.015928201496066163
0.5649595687331537,1.0,0.015930569185125455
0.5652642934196332,1.0,0.01593125144740342
0.565569347004857,1.0,0.015936163740153508
0.5658747300215983,1.0,0.015946493740863633
0.5661804430037818,1.0,0.015948648604639883
0.5664864864864865,1.0,0.015949352862714847
0.5667928610059492,1.0,0.01595560958634243
0.5670995670995671,1.0,0.015959548040697047
0.5674066053059015,1.0,0.01596682897197764
0.5677139761646804,1.0,0.015974166722741594
0.5680216802168022,1.0,0.015974638061199746
0.5683297180043384,1.0,0.015983500824023937
0.5686380900705371,1.0,0.015984272971368486
0.5689467969598263,1.0,0.01599828277535003
0.5692558392178164,1.0,0.01600400394210228
0.5695652173913044,1.0,0.01601337836690272
0.5698749320282762,1.0,0.016019463539123535
0.5701849836779108,1.0,0.016025417550025303
0.5704953728905825,1.0,0.016030636222197584
0.5708061002178649,1.0,0.01603266915569446
0.571117166212534,1.0,0.01603432254640277
0.5714285714285714,1.0,0.016039860200966618
0.5717403164211675,1.0,0.016040584699906928
0.5720524017467249,1.0,0.016044784516596623
0.5723648279628618,1.0,0.01604482762640792
0.5726775956284152,1.0,0.016047629044790634
0.5729907053034445,1.0,0.01605354823221963
0.5733041575492341,1.0,0.01605375182868921
0.5736179529282978,1.0,0.016057339103952243
0.5739320920043811,1.0,0.016068512663628045
0.5742465753424657,1.0,0.01606864836735299
0.5745614035087719,1.0,0.016069176603377748
0.5748765770707625,1.0,0.016071997223675312
0.575192096597146,1.0,0.016079674268089938
0.5755079626578803,1.0,0.01608024099140372
0.5758241758241758,1.0,0.016083296448302628
0.5761407366684992,1.0,0.01609202900837459
0.5764576457645765,1.0,0.016097173334616025
0.5767749036873968,1.0,0.016098016003440203
0.5770925110132159,1.0,0.01610060108157699
0.5774104683195592,1.0,0.01610279083251953
0.577728776185226,1.0,0.016103938941833627
0.5780474351902923,1.0,0.016106138815853276
0.5783664459161147,1.0,0.01610980314916249
0.5786858089453341,1.0,0.016111140980695517
0.5790055248618785,1.0,0.016118429240917505
0.5793255942509674,1.0,0.01611897397395891
0.5796460176991151,1.0,0.016129655162702344
0.5799667957941339,1.0,0.016130268573760986
0.5802879291251384,1.0,0.016131720114879896
0.5806094182825485,1.0,0.016169045542118395
0.5809312638580931,1.0,0.016169454480759123
0.5812534664448142,1.0,0.016169528745618403
0.58157602663707,1.0,0.01617197253595405
0.5818989450305386,1.0,0.01617201844434502
0.5822222222222222,1.0,0.016174157750018434
0.5825458588104503,1.0,0.016179150844356744
0.5828698553948832,1.0,0.01618444090119685
0.5831942125765164,1.0,0.016188352817644094
0.5835189309576837,1.0,0.016191101961169317
0.5838440111420613,1.0,0.016192448178313026
0.5841694537346711,1.0,0.01620235537708691
0.5844952593418851,1.0,0.01620902916527109
0.5848214285714286,1.0,0.016221056576759606
0.5851479620323842,1.0,0.016223431498979705
0.5854748603351956,1.0,0.016223924929556016
0.5858021240916713,1.0,0.016235306617091497
0.5861297539149888,1.0,0.01623761470660123
0.5864577504196978,1.0,0.01624761912503413
0.5867861142217246,1.0,0.016251879509153272
0.5871148459383754,1.0,0.01625476985011881
0.5874439461883408,1.0,0.016259916974748812
0.5877734155916994,1.0,0.01626008382536502
0.5881032547699214,1.0,0.0162755672366581
0.5884334643458731,1.0,0.016279888196433136
0.5887640449438202,1.0,0.01628626675530548
0.5890949971894323,1.0,0.01628728283735884
0.5894263217097863,1.0,0.016290407931253463
0.5897580191333709,1.0,0.01629961916709408
0.5900900900900901,1.0,0.016301384347503858
0.5904225352112676,1.0,0.016304711213990717
0.5907553551296505,1.0,0.01631150431137169
0.5910885504794134,1.0,0.01631316494008407
0.5914221218961625,1.0,0.016317489567850115
0.5917560700169395,1.0,0.016318590794846335
0.592090395480226,1.0,0.016320091904397843
0.5924250989259469,1.0,0.01633412928443606
0.5927601809954751,1.0,0.016335807375554574
0.5930956423316356,1.0,0.016336442872255216
0.5934314835787089,1.0,0.016336527269440685
0.5937677053824363,1.0,0.0163438759888466
0.5941043083900227,1.0,0.016348185961681912
0.5944412932501418,1.0,0.016348797523438978
0.5947786606129398,1.0,0.016352311507715798
0.5951164111300398,1.0,0.016353708065183985
0.5954545454545455,1.0,0.016358793756889926
0.595793064241046,1.0,0.01636037364951083
0.59613196814562,1.0,0.016360575424659487
0.5964712578258395,1.0,0.016360910091296824
0.5968109339407744,1.0,0.016363106302251525
0.5971509971509972,1.0,0.016364625732955485
0.5974914481185861,1.0,0.01636969212749716
0.5978322875071307,1.0,0.016371161233519352
0.5981735159817352,1.0,0.016376879615306542
0.5985151342090235,1.0,0.016379538006644098
0.5988571428571429,1.0,0.016382972969812518
0.599199542595769,1.0,0.0163929883818352
0.5995423340961098,1.0,0.016393971492058148
0.5998855180309102,1.0,0.016409058796240564
0.6002290950744559,1.0,0.016410337121064746
0.6005730659025788,1.0,0.016411434675625326
0.6009174311926605,1.0,0.016421029191268335
0.6012621916236374,1.0,0.01642576727095784
0.6016073478760046,1.0,0.01642767743072803
0.6019529006318208,1.0,0.01643031102739506
0.6022988505747127,1.0,0.016430837329646092
0.6026451983898793,1.0,0.01643230729328899
0.6029919447640967,1.0,0.01643583777112121
0.6033390903857225,1.0,0.016439476338719942
0.6036866359447005,1.0,0.016444219913764303
0.6040345821325649,1.0,0.016447003140384536
0.6043829296424452,1.0,0.016448175932888477
0.604731679169071,1.0,0.0164508764619988
0.605080831408776,1.0,0.016453082685186565
0.6054303870595031,1.0,0.016461634609845933
0.6057803468208093,1.0,0.016471528980639062
0.6061307113938693,1.0,0.016474446926197754
0.6064814814814815,1.0,0.016479222625767412
0.6068326577880718,1.0,0.01648137205693979
0.6071842410196987,1.0,0.016483142726374526
0.6075362318840579,1.0,0.016483900249847413
0.6078886310904872,1.0,0.01648825858330531
0.608241439349971,1.0,0.016489227046748614
0.6085946573751452,1.0,0.01649418522400216
0.6089482858803021,1.0,0.01650524970543942
0.6093023255813953,1.0,0.0165108643814558
0.6096567771960442,1.0,0.01651294406406998
0.610011641443539,1.0,0.016520203007074633
0.6103669190448456,1.0,0.016526191934162618
0.6107226107226107,1.0,0.016526866888927672
0.6110787172011661,1.0,0.016536651209996363
0.6114352392065344,1.0,0.01653675942822791
0.6117921774664331,1.0,0.016541405772801977
0.6121495327102804,1.0,0.01654154513226062
0.6125073056691993,1.0,0.016551723857891967
0.6128654970760234,1.0,0.016553199319525792
0.6132241076653013,1.0,0.016556624261451422
0.6135831381733021,1.0,0.016561019363651976
0.6139425893380199,1.0,0.016564645243390914
0.6143024618991794,1.0,0.01656548520380513
0.6146627565982404,1.0,0.016566969824589113
0.6150234741784038,1.0,0.01657131180486139
0.6153846153846154,1.0,0.016577054844087957
0.6157461809635723,1.0,0.016579908539843008
0.6161081716637272,1.0,0.016582895255642705
0.6164705882352941,1.0,0.01659015137958764
0.616833431430253,1.0,0.016605476257689742
0.6171967020023557,1.0,0.016607228604677213
0.6175604007071303,1.0,0.01661194103500291
0.6179245283018868,1.0,0.016613310110122095
0.6182890855457227,1.0,0.016618330563254256
0.6186540731995277,1.0,0.016622528681494723
0.6184288245717661,0.9990458015267175,0.016626607440859743
0.6187943262411347,0.9990458015267175,0.016628462511515944
0.6191602602010644,0.9990458015267175,0.016629530891288578
0.6195266272189349,0.9990458015267175,0.016633781137888725
0.6198934280639432,0.9990458015267175,0.01663421752721427
0.620260663507109,0.9990458015267175,0.01663602680628712
0.6206283343212804,0.9990458015267175,0.01663770405462344
0.6209964412811388,0.9990458015267175,0.016640334825505768
0.6213649851632047,0.9990458015267175,0.016642970251313755
0.6217339667458432,0.9990458015267175,0.01664905274881501
0.6221033868092691,0.9990458015267175,0.016655323065230595
0.6224732461355529,0.9990458015267175,0.016655354356655896
0.6228435455086259,0.9990458015267175,0.01666281493395732
0.6232142857142857,0.9990458015267175,0.01666572556517522
0.6235854675402025,0.9990458015267175,0.016673419065547094
0.6239570917759237,0.9990458015267175,0.01667414447305221
0.6243291592128801,0.9990458015267175,0.016680316719929034
0.6247016706443914,0.9990458015267175,0.01668507127595614
0.6250746268656716,0.9990458015267175,0.01668908592880123
0.6254480286738351,0.9990458015267175,0.016690390899552016
0.625821876867902,0.9990458015267175,0.016690939167411947
0.6261961722488039,0.9990458015267175,0.01669303098298502
0.6265709156193896,0.9990458015267175,0.016702424548166717
0.6269461077844312,0.9990458015267175,0.016702886733050967
0.6273217495506291,0.9990458015267175,0.01670346080111051
0.6276978417266187,0.9990458015267175,0.016705793544215614
0.6280743851229754,0.9990458015267175,0.016712914965529947
0.6284513805522209,0.9990458015267175,0.01672351909769595
0.6288288288288288,0.9990458015267175,0.01672660022431277
0.6292067307692307,0.9990458015267175,0.016727133837619403
0.629585087191822,0.9990458015267175,0.0167345083299696
0.6299638989169675,0.9990458015267175,0.016736546874236344
0.6303431667670079,0.9990458015267175,0.01673978200830438
0.630722891566265,0.9990458015267175,0.016741781094316913
0.6311030741410488,0.9990458015267175,0.016741790251622875
0.6314837153196623,0.9990458015267175,0.016745912962791067
0.631864815932408,0.9990458015267175,0.016752147641446592
0.6322463768115942,0.9990458015267175,0.016756869228300855
0.6326283987915408,0.9990458015267175,0.016757356221417885
0.6330108827085853,0.9990458015267175,0.0167592717282881
0.6333938294010889,0.9990458015267175,0.016763367133513847
0.6337772397094431,0.9990458015267175,0.016764490464695428
0.6341611144760751,0.9990458015267175,0.016766378499880632
0.6345454545454545,0.9990458015267175,0.016768202435496486
0.6349302607640994,0.9990458015267175,0.016774618591982794
0.6353155339805825,0.9990458015267175,0.016776472830071235
0.6357012750455373,0.9990458015267175,0.016782452439654216
0.6360874848116647,0.9990458015267175,0.016786159085402434
0.6364741641337386,0.9990458015267175,0.016786465264982866
0.6368613138686131,0.9990458015267175,0.01678963813147091
0.6372489348752283,0.9990458015267175,0.016793219904386883
0.6376370280146163,0.9990458015267175,0.016793871892771806
0.6380255941499086,0.9990458015267175,0.016798629276390618
0.6384146341463415,0.9990458015267175,0.016800763884138366
0.6388041488712629,0.9990458015267175,0.01680860422670193
0.6391941391941391,0.9990458015267175,0.01680865750787254
0.6395846059865608,0.9990458015267175,0.016811544169550077
0.6399755501222494,0.9990458015267175,0.016822581188152424
0.6403669724770642,0.9990458015267175,0.016823100145462344
0.6407588739290085,0.9990458015267175,0.016830435179457395
0.6411512553582364,0.9990458015267175,0.016832591106450027
0.6415441176470589,0.9990458015267175,0.016833374119984226
0.6419374616799509,0.9990458015267175,0.016840743948036165
0.6423312883435582,0.9990458015267175,0.01684094940362946
0.6427255985267035,0.9990458015267175,0.01684338953148511
0.6431203931203932,0.9990458015267175,0.016845578421907006
0.6435156730178242,0.9990458015267175,0.016846208435270085
0.6439114391143912,0.9990458015267175,0.016848769603814654
0.6443076923076924,0.9990458015267175,0.01685292993705079
0.6447044334975369,0.9990458015267175,0.01685993215393161
0.6451016635859519,0.9990458015267175,0.01686580737664098
0.6454993834771886,0.9990458015267175,0.016877171540274623
0.6458975940777298,0.9990458015267175,0.016879300001398288
0.645679012345679,0.9980916030534351,0.01689271736458329
0.6460778258184064,0.9980916030534351,0.01689451383554105
0.646477132262052,0.9980916030534351,0.016904084547179635
0.6468769325912183,0.9980916030534351,0.016907367288446776
0.6472772277227723,0.9980916030534351,0.016908666780371222
0.6476780185758514,0.9980916030534351,0.016913342401856737
0.6480793060718711,0.9980916030534351,0.01693255624796677
0.6484810911345319,0.9980916030534351,0.016938216858072452
0.6488833746898263,0.9980916030534351,0.01693913106976642
0.6492861576660459,0.9980916030534351,0.016941305313040708
0.6496894409937888,0.9980916030534351,0.016944888916071918
0.6500932256059664,0.9980916030534351,0.016947667351274412
0.650497512437811,0.9980916030534351,0.01695185451454466
0.6509023024268824,0.9980916030534351,0.01695687128068765
0.651307596513076,0.9980916030534351,0.016964512481336437
0.6517133956386293,0.9980916030534351,0.016974738845056504
0.6521197007481296,0.9980916030534351,0.016979634761810303
0.6525265127885215,0.9980916030534351,0.016981328313907418
0.6529338327091136,0.9980916030534351,0.01698670289898784
0.6533416614615865,0.9980916030534351,0.016989601554484646
0.65375,0.9980916030534351,0.016994524937061873
0.6541588492808005,0.9980916030534351,0.01701714622380471
0.6545682102628285,0.9980916030534351,0.017024039207456158
0.6549780839073263,0.9980916030534351,0.017024429990661238
0.6553884711779449,0.9980916030534351,0.017030567438321334
0.6557993730407523,0.9980916030534351,0.017039588695189945
0.6562107904642409,0.9980916030534351,0.017045100801631605
0.6566227244193346,0.9980916030534351,0.017046748575761998
0.657035175879397,0.9980916030534351,0.017050431247314847
0.6574481458202388,0.9980916030534351,0.017050512007992624
0.6578616352201258,0.9980916030534351,0.017077895358518568
0.658275645059786,0.9980916030534351,0.01707794296022994
0.6586901763224181,0.9980916030534351,0.01708692678404254
0.6591052299936988,0.9980916030534351,0.0170903234366328
0.6595208070617906,0.9980916030534351,0.017092509481744067
0.6599369085173502,0.9980916030534351,0.01709541912457214
0.6603535353535354,0.9980916030534351,0.017096228770194732
0.660770688566014,0.9980916030534351,0.017096250739805377
0.661188369152971,0.9980916030534351,0.01709820670824113
0.661606578115117,0.9980916030534351,0.017106647578627936
0.6620253164556962,0.9980916030534351,0.017107521509671753
0.662444585180494,0.9980916030534351,0.01711191577628412
0.6628643852978454,0.9980916030534351,0.017112516295047044
0.663284717818643,0.9980916030534351,0.017118675921239113
0.6637055837563451,0.9980916030534351,0.017119568160168235
0.6641269841269841,0.9980916030534351,0.01712456660672613
0.6645489199491741,0.9980916030534351,0.01713142948469947
0.6649713922441195,0.9980916030534351,0.01715415166963349
0.6653944020356234,0.9980916030534351,0.017155882035031475
0.6658179503500955,0.9980916030534351,0.017156393655280225
0.6662420382165605,0.9980916030534351,0.017162594368817848
0.6666666666666666,0.9980916030534351,0.017164251507165437
0.6670918367346939,0.9980916030534351,0.017183294679813967
0.6675175494575623,0.9980916030534351,0.017184623482021422
0.6679438058748404,0.9980916030534351,0.017190851655397972
0.668370607028754,0.9980916030534351,0.017193355856350675
0.6687979539641944,0.9980916030534351,0.01720276972865197
0.6692258477287268,0.9980916030534351,0.0172085680751447
0.6696542893725992,0.9980916030534351,0.017210204859496106
0.6700832799487508,0.9980916030534351,0.017210856628333923
0.6705128205128205,0.9980916030534351,0.017215456364645828
0.6709429121231558,0.9980916030534351,0.0172221853935869
0.6713735558408216,0.9980916030534351,0.017232583033266337
0.6718047527296083,0.9980916030534351,0.01724342558653026
0.6722365038560412,0.9980916030534351,0.01724604269922746
0.6726688102893891,0.9980916030534351,0.017254215055223836
0.6731016731016731,0.9980916030534351,0.01725482105624864
0.6735350933676755,0.9980916030534351,0.017258954940712667
0.6739690721649485,0.9980916030534351,0.01726078987121582
0.6744036105738234,0.9980916030534351,0.017268289874784973
0.6748387096774193,0.9980916030534351,0.01727104919201844
0.6752743705616526,0.9980916030534351,0.0172729675234674
0.6757105943152455,0.9980916030534351,0.017275880829141877
0.676147382029735,0.9980916030534351,0.017284836169355163
0.6765847347994826,0.9980916030534351,0.017293010357957602
0.6770226537216828,0.9980916030534351,0.017295119285306526
0.677461139896373,0.9980916030534351,0.01729520737727563
0.677900194426442,0.9980916030534351,0.01729601072499162
0.6783398184176395,0.9980916030534351,0.017296519710379384
0.6787800129785854,0.9980916030534351,0.017297623711261197
0.6792207792207792,0.9980916030534351,0.017303395178377118
0.6796621182586094,0.9980916030534351,0.017307749179264056
0.6801040312093628,0.9980916030534351,0.017314384630859617
0.6805465191932336,0.9980916030534351,0.017318717232115415
0.6809895833333334,0.9980916030534351,0.017325640522416426
0.6814332247557003,0.9980916030534351,0.017326038653516
0.681877444589309,0.9980916030534351,0.017333461542914694
0.6823222439660795,0.9980916030534351,0.017349964944923267
0.6827676240208878,0.9980916030534351,0.01735066269357498
0.6832135858915741,0.9980916030534351,0.017351093772582538
0.6836601307189543,0.9980916030534351,0.017354086817238636
0.684107259646828,0.9980916030534351,0.017354891997195185
0.6845549738219895,0.9980916030534351,0.017357501550698602
0.685003274394237,0.9980916030534351,0.017361821574416344
0.6854521625163827,0.9980916030534351,0.017363878452141168
0.6859016393442623,0.9980916030534351,0.017371811360980826
0.6863517060367454,0.9980916030534351,0.017380118370056152
0.6868023637557452,0.9980916030534351,0.017398589282186537
0.6872536136662286,0.9980916030534351,0.01740081503059785
0.6877054569362262,0.9980916030534351,0.01740229026065527
0.6881578947368421,0.9980916030534351,0.017402771002586748
0.6886109282422647,0.9980916030534351,0.017411826210863564
0.689064558629776,0.9980916030534351,0.01741910242987893
0.6895187870797627,0.9980916030534351,0.017422840258819464
0.6899736147757256,0.9980916030534351,0.017430393577211892
0.6904290429042904,0.9980916030534351,0.017433643341064453
0.6908850726552179,0.9980916030534351,0.01744533579252146
0.6913417052214144,0.9980916030534351,0.01744562204451416
0.6917989417989417,0.9980916030534351,0.017450820459602546
0.6922567835870285,0.9980916030534351,0.017453324894954353
0.6927152317880795,0.9980916030534351,0.017458703954250872
0.6931742876076872,0.9980916030534351,0.01746192809553616
0.6936339522546419,0.9980916030534351,0.017464434109955563
0.6940942269409422,0.9980916030534351,0.01746886785601986
0.6945551128818062,0.9980916030534351,0.017483327993688343
0.695016611295681,0.9980916030534351,0.017489463612123238
0.6954787234042553,0.9980916030534351,0.017497603827953553
0.6959414504324684,0.9980916030534351,0.017500765491271275
0.6964047936085219,0.9980916030534351,0.017502316255243226
0.6968687541638907,0.9980916030534351,0.017503857612609863
0.6973333333333334,0.9980916030534351,0.017511272378924227
0.6977985323549033,0.9980916030534351,0.017521686721431562
0.69826435246996,0.9980916030534351,0.017528492630859975
0.6987307949231797,0.9980916030534351,0.01754151206278002
0.6991978609625669,0.9980916030534351,0.017570108698907752
0.6996655518394649,0.9980916030534351,0.017582096552448644
0.7001338688085676,0.9980916030534351,0.017587836897327888
0.7006028131279304,0.9980916030534351,0.017588843905136115
0.7010723860589813,0.9980916030534351,0.017591051888399212
0.7015425888665325,0.9980916030534351,0.017596556693155165
0.702013422818792,0.9980916030534351,0.01760227037070913
0.7024848891873741,0.9980916030534351,0.0176191494640478
0.7029569892473119,0.9980916030534351,0.017620989888710994
0.703429724277068,0.9980916030534351,0.01762154384923687
0.7039030955585465,0.9980916030534351,0.01762458080589855
0.7043771043771043,0.9980916030534351,0.017635161155658743
0.7048517520215634,0.9980916030534351,0.017638828145445148
0.7053270397842212,0.9980916030534351,0.017656269571453997
0.7058029689608637,0.9980916030534351,0.017659165359865846
0.7062795408507765,0.9980916030534351,0.01765923123094896
0.7067567567567568,0.9980916030534351,0.01766920272695049
0.7072346179851251,0.9980916030534351,0.01766962284238764
0.7077131258457375,0.9980916030534351,0.01767190062711707
0.7081922816519973,0.9980916030534351,0.017673819730466018
0.7086720867208672,0.9980916030534351,0.017676627691455483
0.7091525423728814,0.9980916030534351,0.0176776621510098
0.7096336499321574,0.9980916030534351,0.0176798884257695
0.7101154107264087,0.9980916030534351,0.01768491639668882
0.7105978260869565,0.9980916030534351,0.017695126033296982
0.7110808973487424,0.9980916030534351,0.017697794659585042
0.7115646258503401,0.9980916030534351,0.01771085539563424
0.7120490129339687,0.9980916030534351,0.01771935218879659
0.7125340599455041,0.9980916030534351,0.01772050037034881
0.7130197682344922,0.9980916030534351,0.01772473961873572
0.713506139154161,0.9980916030534351,0.017739157396812994
0.7139931740614335,0.9980916030534351,0.01775264662846427
0.7144808743169399,0.9980916030534351,0.01775358826718315
0.7149692412850308,0.9980916030534351,0.017772471962575122
0.7154582763337893,0.9980916030534351,0.017778700118258408
0.7159479808350445,0.9980916030534351,0.017787045828670876
0.7164383561643836,0.9980916030534351,0.017794701605467818
0.7169294037011652,0.9980916030534351,0.017796762155020518
0.7174211248285323,0.9980916030534351,0.017796802403932693
0.7179135209334249,0.9980916030534351,0.017820892888719016
0.7184065934065934,0.9980916030534351,0.017830183895585907
0.7189003436426117,0.9980916030534351,0.01784961500996365
0.71939477303989,0.9980916030534351,0.017855827763070972
0.7198898830006882,0.9980916030534351,0.01785622091435481
0.7203856749311295,0.9980916030534351,0.01789215626286378
0.7208821502412129,0.9980916030534351,0.01789530692522545
0.7213793103448276,0.9980916030534351,0.01789607004709868
0.7218771566597654,0.9980916030534351,0.017896346881213387
0.7223756906077348,0.9980916030534351,0.017899900141361353
0.7228749136143746,0.9980916030534351,0.017903613922197442
0.7233748271092669,0.9980916030534351,0.017905030866470995
0.7238754325259515,0.9980916030534351,0.017905063793770493
0.724376731301939,0.9980916030534351,0.017914130255306616
0.7248787248787248,0.9980916030534351,0.01792241347205406
0.7253814147018031,0.9980916030534351,0.01792262887123185
0.7258848022206801,0.9980916030534351,0.017946516459837903
0.7263888888888889,0.9980916030534351,0.017949382970321132
0.7268936761640028,0.9980916030534351,0.017955838874993257
0.7273991655076495,0.9980916030534351,0.017960397024814122
0.7279053583855254,0.9980916030534351,0.017972679239631542
0.7284122562674095,0.9980916030534351,0.01797287192900288
0.7289198606271777,0.9980916030534351,0.01798240318485803
0.7294281729428173,0.9980916030534351,0.017987397928142978
0.729937194696441,0.9980916030534351,0.017995220012873785
0.7304469273743017,0.9980916030534351,0.018001626219682224
0.7309573724668065,0.9980916030534351,0.018004815604923424
0.7314685314685314,0.9980916030534351,0.018005507838216948
0.7319804058782365,0.9980916030534351,0.018009190522647864
0.7324929971988795,0.9980916030534351,0.01801597081982883
0.7330063069376314,0.9980916030534351,0.018018529087581173
0.7335203366058906,0.9980916030534351,0.018020440849378885
0.7340350877192983,0.9980916030534351,0.01802849511237598
0.7345505617977528,0.9980916030534351,0.01802924587479527
0.7350667603654252,0.9980916030534351,0.01803563196278423
0.7355836849507735,0.9980916030534351,0.018035980445406784
0.7361013370865588,0.9980916030534351,0.01804560681143658
0.7366197183098592,0.9980916030534351,0.01804742346181311
0.7371388301620859,0.9980916030534351,0.018052376134232575
0.7376586741889986,0.9980916030534351,0.01805460011942499
0.7381792519407199,0.9980916030534351,0.018057728825317414
0.7387005649717514,0.9980916030534351,0.01805909790318824
0.7392226148409894,0.9980916030534351,0.01807267388261227
0.7397454031117398,0.9980916030534351,0.018074617059150592
0.7402689313517339,0.9980916030534351,0.01807962277175682
0.7407932011331445,0.9980916030534351,0.01807968162506285
0.741318214032601,0.9980916030534351,0.018092561715385636
0.7418439716312056,0.9980916030534351,0.018101116271480398
0.7423704755145494,0.9980916030534351,0.018129761581386728
0.7428977272727273,0.9980916030534351,0.018134919419840367
0.7434257285003554,0.9980916030534351,0.018150715732131464
0.7439544807965861,0.9980916030534351,0.018153978274990157
0.7444839857651245,0.9980916030534351,0.01815632222657061
0.7450142450142451,0.9980916030534351,0.018157081374127915
0.7455452601568069,0.9980916030534351,0.0181693434715271
0.746077032810271,0.9980916030534351,0.0181709070769561
0.7466095645967167,0.9980916030534351,0.018174698000100485
0.7471428571428571,0.9980916030534351,0.018183135918563666
0.7476769120800572,0.9980916030534351,0.018189540302283504
0.748211731044349,0.9980916030534351,0.018202959747421876
0.7487473156764496,0.9980916030534351,0.018205283243591493
0.7492836676217765,0.9980916030534351,0.018213194202877474
0.749820788530466,0.9980916030534351,0.018230904097455414
0.7503586800573888,0.9980916030534351,0.01823097175888694
0.750897343862168,0.9980916030534351,0.018234856290855583
0.7514367816091954,0.9980916030534351,0.018246595489548812
0.7519769949676491,0.9980916030534351,0.018247070498018717
0.7525179856115108,0.9980916030534351,0.018253278523911048
0.7530597552195825,0.9980916030534351,0.018266235763098153
0.7536023054755043,0.9980916030534351,0.018266688828170053
0.7541456380677721,0.9980916030534351,0.018269632488069787
0.7546897546897547,0.9980916030534351,0.018269755354592698
0.7552346570397112,0.9980916030534351,0.01827182140248249
0.7557803468208093,0.9980916030534351,0.018285622990556274
0.7563268257411424,0.9980916030534351,0.01829614009859268
0.7568740955137482,0.9980916030534351,0.01829718080605836
0.7574221578566256,0.9980916030534351,0.018306410383402062
0.7579710144927536,0.9980916030534351,0.01831228089530609
0.7585206671501088,0.9980916030534351,0.018314616447628385
0.7590711175616836,0.9980916030534351,0.018317938587643256
0.7596223674655047,0.9980916030534351,0.01832675202434325
0.7601744186046512,0.9980916030534351,0.018351046949565034
0.7607272727272727,0.9980916030534351,0.01835225184172861
0.7612809315866085,0.9980916030534351,0.018357922331124724
0.7618353969410051,0.9980916030534351,0.01835941244716917
0.7623906705539358,0.9980916030534351,0.01837257885439919
0.7629467541940189,0.9980916030534351,0.018374720964807887
0.7635036496350365,0.9980916030534351,0.01837496121181103
0.7640613586559533,0.9980916030534351,0.0183887031914487
0.7646198830409356,0.9980916030534351,0.01839271315806336
0.7651792245793709,0.9980916030534351,0.01842036057069092
0.7657393850658858,0.9980916030534351,0.018435453343626833
0.7663003663003664,0.9980916030534351,0.018438611660414495
0.7668621700879765,0.9980916030534351,0.018440002678558245
0.7674247982391783,0.9980916030534351,0.018440213672674906
0.7679882525697503,0.9980916030534351,0.018445711926477253
0.7685525349008082,0.9980916030534351,0.01844737244387585
0.7691176470588236,0.9980916030534351,0.018476632111853693
0.7696835908756439,0.9980916030534351,0.018489367395996405
0.7702503681885126,0.9980916030534351,0.01848951292631918
0.7708179808400885,0.9980916030534351,0.0184942710544128
0.7713864306784661,0.9980916030534351,0.018509651982905106
0.7719557195571956,0.9980916030534351,0.018510171971189118
0.7725258493353028,0.9980916030534351,0.018521825955286304
0.7730968218773097,0.9980916030534351,0.01852649450302124
0.7736686390532544,0.9980916030534351,0.01854191637596862
0.7742413027387121,0.9980916030534351,0.01854209081076644
0.7748148148148148,0.9980916030534351,0.01854621267184108
0.7753891771682728,0.9980916030534351,0.018554037333164155
0.7759643916913946,0.9980916030534351,0.018565885860963804
0.7765404602821084,0.9980916030534351,0.018573470275301707
0.7771173848439822,0.9980916030534351,0.018576241337647983
0.7776951672862453,0.9980916030534351,0.01858244936063656
0.7782738095238095,0.9980916030534351,0.018585567469833465
0.7788533134772897,0.9980916030534351,0.018596339070229204
0.7794336810730254,0.9980916030534351,0.018604197023902768
0.7800149142431022,0.9980916030534351,0.018607734914971984
0.7805970149253731,0.9980916030534351,0.018611550331115723
0.7811799850634802,0.9980916030534351,0.018613946594228246
0.7817638266068759,0.9980916030534351,0.018614210604448855
0.7823485415108452,0.9980916030534351,0.01863059639829946
0.7829341317365269,0.9980916030534351,0.018635033450422677
0.7835205992509363,0.9980916030534351,0.018640904346286083
0.7841079460269865,0.9980916030534351,0.018650536140857703
0.7846961740435109,0.9980916030534351,0.018656738679298516
0.7852852852852853,0.9980916030534351,0.018658619721580665
0.7858752817430503,0.9980916030534351,0.018664666096507302
0.7864661654135339,0.9980916030534351,0.018667815287910058
0.7870579382994732,0.9980916030534351,0.01867081928243892
0.7876506024096386,0.9980916030534351,0.018681204398825126
0.7882441597588545,0.9980916030534351,0.018683336257561977
0.7888386123680241,0.9980916030534351,0.018683396975822632
0.789433962264151,0.9980916030534351,0.01868676408146891
0.7900302114803626,0.9980916030534351,0.018691412129701043
0.7906273620559335,0.9980916030534351,0.01869702227729426
0.7912254160363086,0.9980916030534351,0.018698038498502153
0.7918243754731265,0.9980916030534351,0.018701608179047247
0.7924242424242425,0.9980916030534351,0.018704643647229704
0.7930250189537529,0.9980916030534351,0.018713093596954136
0.7936267071320182,0.9980916030534351,0.01873329957078026
0.7942293090356871,0.9980916030534351,0.018735757272092226
0.7948328267477204,0.9980916030534351,0.018744563020492537
0.7954372623574144,0.9980916030534351,0.018767017521578493
0.7960426179604262,0.9980916030534351,0.018772506631831477
0.7966488956587966,0.9980916030534351,0.018772631324153206
0.7972560975609756,0.9980916030534351,0.018775554898443302
0.7978642257818459,0.9980916030534351,0.01877769040813244
0.7984732824427481,0.9980916030534351,0.018779472356117027
0.799083269671505,0.9980916030534351,0.018786193767960754
0.7996941896024465,0.9980916030534351,0.018806370500653157
0.8003060443764346,0.9980916030534351,0.018821634772903505
0.8009188361408882,0.9980916030534351,0.01882583928908717
0.8015325670498085,0.9980916030534351,0.018840617168206314
0.8021472392638037,0.9980916030534351,0.018849439778555632
0.8027628549501151,0.9980916030534351,0.018849992668163208
0.8033794162826421,0.9980916030534351,0.018856547351407692
0.8039969254419678,0.9980916030534351,0.018857467006344084
0.8046153846153846,0.9980916030534351,0.018869317786990292
0.8052347959969207,0.9980916030534351,0.018876804917901984
0.8058551617873652,0.9980916030534351,0.018880354486708495
0.8064764841942945,0.9980916030534351,0.018886980441405635
0.8070987654320988,0.9980916030534351,0.018887219284037977
0.8077220077220078,0.9980916030534351,0.01888736407784239
0.8083462132921174,0.9980916030534351,0.018890265305004025
0.8089713843774169,0.9980916030534351,0.018890540272757623
0.8095975232198143,0.9980916030534351,0.018908078657011763
0.8102246320681642,0.9980916030534351,0.0189250568428516
0.8108527131782945,0.9980916030534351,0.01893434054798672
0.8114817688130334,0.9980916030534351,0.01894655880172726
0.812111801242236,0.9980916030534351,0.01895158864978178
0.8127428127428128,0.9980916030534351,0.018958161607143215
0.8133748055987559,0.9980916030534351,0.018966375650979538
0.8140077821011673,0.9980916030534351,0.018975088892405147
0.8146417445482866,0.9980916030534351,0.018981099128723145
0.8152766952455183,0.9980916030534351,0.018982525985622875
0.8159126365054602,0.9980916030534351,0.018991077990886722
0.8165495706479313,0.9980916030534351,0.018996572581968164
0.8171875,0.9980916030534351,0.019005475601191587
0.8178264268960125,0.9980916030534351,0.019026638211407553
0.8184663536776213,0.9980916030534351,0.01904170608939647
0.8191072826938136,0.9980916030534351,0.019063667315110593
0.8197492163009404,0.9980916030534351,0.019069983580614607
0.8203921568627451,0.9980916030534351,0.01909166688273352
0.8210361067503925,0.9980916030534351,0.01910316030590944
0.821681068342498,0.9980916030534351,0.01912666760043556
0.8223270440251572,0.9980916030534351,0.019136221473448418
0.8229740361919748,0.9980916030534351,0.019137691492538623
0.8236220472440945,0.9980916030534351,0.019137928084117097
0.8242710795902285,0.9980916030534351,0.019159112625247943
0.8249211356466877,0.9980916030534351,0.019160731085476616
0.8255722178374112,0.9980916030534351,0.01917010066080276
0.8262243285939969,0.9980916030534351,0.019170800616738957
0.8268774703557312,0.9980916030534351,0.019170917999094383
0.8275316455696202,0.9980916030534351,0.019176237428011278
0.8281868566904196,0.9980916030534351,0.019194063553556854
0.8288431061806656,0.9980916030534351,0.019194751405872363
0.8295003965107058,0.9980916030534351,0.019213220392574188
0.8301587301587302,0.9980916030534351,0.01921650892741857
0.8308181096108023,0.9980916030534351,0.01922561679587433
0.8314785373608903,0.9980916030534351,0.019237155202238756
0.8321400159108989,0.9980916030534351,0.019263494975084384
0.8328025477707006,0.9980916030534351,0.019274971948378416
0.8334661354581673,0.9980916030534351,0.019291587030205226
0.8341307814992025,0.9980916030534351,0.01930453700216625
0.8347964884277733,0.9980916030534351,0.01931214515247914
0.8354632587859425,0.9980916030534351,0.01932629269831973
0.8361310951239008,0.9980916030534351,0.01935354548120702
0.8368,0.9980916030534351,0.019357540818847052
0.8374699759807847,0.9980916030534351,0.01938704992548274
0.8381410256410257,0.9980916030534351,0.01939022242818606
0.838813151563753,0.9980916030534351,0.019394920235736284
0.8394863563402889,0.9980916030534351,0.019404772596788508
0.8401606425702811,0.9980916030534351,0.019413474874893297
0.8408360128617364,0.9980916030534351,0.019423788304866543
0.8415124698310539,0.9980916030534351,0.01942517017046636
0.8421900161030595,0.9980916030534351,0.01943910785714933
0.8428686543110395,0.9980916030534351,0.019445360374270207
0.8435483870967742,0.9980916030534351,0.019475951500595338
0.8442292171105731,0.9980916030534351,0.01949988699890547
0.8449111470113085,0.9980916030534351,0.019500762805365408
0.8455941794664511,0.9980916030534351,0.019508066283028102
0.8462783171521036,0.9980916030534351,0.019512916674363272
0.8469635627530364,0.9980916030534351,0.019514878148822707
0.8476499189627229,0.9980916030534351,0.019524263472612657
0.8483373884833739,0.9980916030534351,0.019534270409952943
0.849025974025974,0.9980916030534351,0.01953522956300389
0.8497156783103168,0.9980916030534351,0.01954404922377843
0.8504065040650407,0.9980916030534351,0.019552915044873127
0.8510984540276648,0.9980916030534351,0.019577615768181424
0.8517915309446255,0.9980916030534351,0.019578221453213814
0.8524857375713122,0.9980916030534351,0.019590397236847763
0.8531810766721044,0.9980916030534351,0.019602797487315592
0.8538775510204082,0.9980916030534351,0.019630581725555114
0.8545751633986928,0.9980916030534351,0.01964101619082359
0.8552739165985282,0.9980916030534351,0.01965080596116341
0.855973813420622,0.9980916030534351,0.019690195501953642
0.8566748566748567,0.9980916030534351,0.019725055740539083
0.8573770491803279,0.9980916030534351,0.019774481948829917
0.8580803937653815,0.9980916030534351,0.019793557907207857
0.8587848932676518,0.9980916030534351,0.01983431287665361
0.8594905505341003,0.9980916030534351,0.01986497458045366
0.8601973684210527,0.9980916030534351,0.01988444339204163
0.8609053497942387,0.9980916030534351,0.01990496016932607
0.8616144975288303,0.9980916030534351,0.019906402820730376
0.8623248145094806,0.9980916030534351,0.01993585728180568
0.863036303630363,0.9980916030534351,0.01994564887288076
0.8637489677952106,0.9980916030534351,0.019946159757774026
0.8644628099173554,0.9980916030534351,0.019967704416283833
0.8651778329197684,0.9980916030534351,0.01997209023866214
0.8658940397350994,0.9980916030534351,0.01998279835999978
0.8666114333057167,0.9980916030534351,0.019986352733733892
0.867330016583748,0.9980916030534351,0.020020264759282307
0.8680497925311204,0.9980916030534351,0.02003323912422424
0.8687707641196013,0.9980916030534351,0.020058136806974873
0.8694929343308395,0.9980916030534351,0.020073598138576756
0.870216306156406,0.9980916030534351,0.020077745538744328
0.8709408825978351,0.9980916030534351,0.020090057518801538
0.8716666666666667,0.9980916030534351,0.020102837267965856
0.872393661384487,0.9980916030534351,0.020119262596899945
0.8731218697829716,0.9980916030534351,0.02013112512096414
0.8738512949039264,0.9980916030534351,0.020139385239847585
0.8745819397993311,0.9980916030534351,0.020188460560214703
0.8753138075313808,0.9980916030534351,0.020201125323355884
0.8760469011725294,0.9980916030534351,0.02023121654298256
0.8767812238055323,0.9980916030534351,0.0202417884640953
0.87751677852349,0.9980916030534351,0.0202969118086024
0.8782535684298909,0.9980916030534351,0.020342789135661964
0.8789915966386554,0.9980916030534351,0.020373967227957045
0.87973086627418,0.9980916030534351,0.02039009636657869
0.8804713804713805,0.9980916030534351,0.020445511655625345
0.8812131423757371,0.9980916030534351,0.020533110410974276
0.8819561551433389,0.9980916030534351,0.02055786520777731
0.8827004219409282,0.9980916030534351,0.020569929661509306
0.8834459459459459,0.9980916030534351,0.02065282147985717
0.8841927303465765,0.9980916030534351,0.020709602818010837
0.8849407783417935,0.9980916030534351,0.020712615883513138
0.8856900931414056,0.9980916030534351,0.020728282784881313
0.8864406779661017,0.9980916030534351,0.020756851649766584
0.8871925360474979,0.9980916030534351,0.02076110729116753
0.8879456706281834,0.9980916030534351,0.020765067970817782
0.8887000849617672,0.9980916030534351,0.02078435740342685
0.8894557823129252,0.9980916030534351,0.02079736150516428
0.8902127659574468,0.9980916030534351,0.02080991072632572
0.8909710391822828,0.9980916030534351,0.02090413597134414
0.8917306052855924,0.9980916030534351,0.020927846431732178
0.8924914675767918,0.9980916030534351,0.021002864973688955
0.8932536293766012,0.9980916030534351,0.021020320588155075
0.8940170940170941,0.9980916030534351,0.021048977657422755
0.8939264328485885,0.9971374045801527,0.021111788188830412
0.8946917808219178,0.9971374045801527,0.02112097698502596
0.895458440445587,0.9971374045801527,0.02116617132662535
0.8962264150943396,0.9971374045801527,0.02118416954517996
0.8969957081545065,0.9971374045801527,0.021205678266202236
0.897766323024055,0.9971374045801527,0.021251814083631474
0.8985382631126397,0.9971374045801527,0.02126420582483254
0.8993115318416524,0.9971374045801527,0.021419532437477018
0.9000861326442722,0.9971374045801527,0.021425632161303457
0.9008620689655172,0.9971374045801527,0.02147460220356197
0.9016393442622951,0.9971374045801527,0.02153179349829949
0.9024179620034543,0.9971374045801527,0.021584205490233044
0.9031979256698358,0.9971374045801527,0.02178593623918418
0.9039792387543253,0.9971374045801527,0.021811286434389933
0.9047619047619048,0.9971374045801527,0.02182783518307218
0.9055459272097054,0.9971374045801527,0.02188424434297242
0.9063313096270599,0.9971374045801527,0.021890667586848114
0.9071180555555556,0.9971374045801527,0.02193308423124393
0.9079061685490878,0.9971374045801527,0.02198565734933572
0.908695652173913,0.9971374045801527,0.022008575990987777
0.9094865100087032,0.9971374045801527,0.022105186518872187
0.9102787456445993,0.9971374045801527,0.022133881349864683
0.9110723626852659,0.9971374045801527,0.022249767349569433
0.9118673647469459,0.9971374045801527,0.022288368812826934
0.9126637554585153,0.9971374045801527,0.022360718419196717
0.9134615384615384,0.9971374045801527,0.02241739381801168
0.9142607174103237,0.9971374045801527,0.02241757032635405
0.9150612959719789,0.9971374045801527,0.022504963483772355
0.915863277826468,0.9971374045801527,0.022573098876671475
0.9166666666666666,0.9971374045801527,0.02260512659733113
0.9174714661984197,0.9971374045801527,0.02261117215381949
0.9182776801405975,0.9971374045801527,0.022672665941140313
0.9190853122251539,0.9971374045801527,0.023083455244861918
0.9198943661971831,0.9971374045801527,0.023571330614921997
0.920704845814978,0.9971374045801527,0.023638541420630658
0.9215167548500882,0.9971374045801527,0.023699850550289468
0.9223300970873787,0.9971374045801527,0.023752680269560594
0.9231448763250883,0.9971374045801527,0.02387335643526102
0.9239610963748894,0.9971374045801527,0.023912857950707623
0.9247787610619469,0.9971374045801527,0.023950963498623266
0.9255978742249779,0.9971374045801527,0.024093486907187555
0.9264184397163121,0.9971374045801527,0.02427548715318281
0.927240461401952,0.9971374045801527,0.024648928070400956
0.9280639431616341,0.9971374045801527,0.024729705083158176
0.9288888888888889,0.9971374045801527,0.025224093566009263
0.9297153024911032,0.9971374045801527,0.025365845806351654
0.9305431878895815,0.9971374045801527,0.025469467720507285
0.9313725490196079,0.9971374045801527,0.02550255678238728
0.9322033898305084,0.9971374045801527,0.025517019519011766
0.9330357142857143,0.9971374045801527,0.026218542333914314
0.9338695263628239,0.9971374045801527,0.026624311059240003
0.9347048300536672,0.9971374045801527,0.026710468557366685
0.9355416293643688,0.9971374045801527,0.026746012649630325
0.9363799283154122,0.9971374045801527,0.027211705780269137
0.9372197309417041,0.9971374045801527,0.02722210779165356
0.9380610412926391,0.9971374045801527,0.027255672453797005
0.9389038634321654,0.9971374045801527,0.02726346779224283
0.939748201438849,0.9971374045801527,0.027291352081809297
0.9405940594059405,0.9971374045801527,0.027298183247318277
0.9414414414414415,0.9971374045801527,0.0273491289116572
0.9422903516681695,0.9971374045801527,0.027363388914960953
0.9431407942238267,0.9971374045801527,0.02770661764427992
0.9439927732610659,0.9971374045801527,0.027706639376730183
0.9448462929475587,0.9971374045801527,0.0281175881860918
0.9457013574660633,0.9971374045801527,0.028287226492281405
0.9456521739130435,0.9961832061068703,0.028816717980028154
0.9465095194922938,0.9961832061068703,0.030015791914945307
0.9473684210526315,0.9961832061068703,0.030017263981255204
0.9482288828337875,0.9961832061068703,0.03098619525701071
0.9490909090909091,0.9961832061068703,0.031079409749619535
0.9499545040946314,0.9961832061068703,0.031319667003896094
0.9508196721311475,0.9961832061068703,0.0314644557792535
0.9516864175022789,0.9961832061068703,0.031818088262595565
0.9525547445255474,0.9961832061068703,0.03279585727159839
0.9534246575342465,0.9961832061068703,0.03418680407802776
0.9542961608775137,0.9961832061068703,0.03455290814664557
0.9551692589204026,0.9961832061068703,0.03466899641351407
0.9560439560439561,0.9961832061068703,0.035588085651397705
0.9569202566452796,0.9961832061068703,0.0412363970325753
0.9568807339449541,0.9952290076335878,0.04137459988241643
0.9577594123048668,0.9952290076335878,0.0432100652452534
0.9586397058823529,0.9952290076335878,0.04344291563954671
0.9595216191352346,0.9952290076335878,0.044652815177107875
0.9604051565377533,0.9952290076335878,0.04516344637628013
0.9612903225806452,0.9952290076335878,0.04549626007107578
0.9621771217712177,0.9952290076335878,0.046000196844336434
0.9630655586334257,0.9952290076335878,0.046383541941336204
0.9639556377079482,0.9952290076335878,0.051097322826430085
0.9648473635522664,0.9952290076335878,0.05802842094865676
0.9657407407407408,0.9952290076335878,0.06302613019943237
0.9666357738646896,0.9952290076335878,0.0650691947299722
0.9675324675324676,0.9952290076335878,0.07344306643382806
0.968430826369545,0.9952290076335878,0.07962893753967387
0.9693308550185874,0.9952290076335878,0.08044722916028586
0.9702325581395349,0.9952290076335878,0.08430616000979006
0.9711359404096834,0.9952290076335878,0.08828564382876354
0.9720410065237651,0.9952290076335878,0.08837138400525087
0.9729477611940298,0.9952290076335878,0.10077888443485733
0.972922502334267,0.9942748091603053,0.10574594455200269
0.9738317757009346,0.9942748091603053,0.11571014586306999
0.9747427502338635,0.9942748091603053,0.1330081145162514
0.9747191011235955,0.9933206106870229,0.1470933175277703
0.9746954076850984,0.9923664122137404,0.14949607849121094
0.975609756097561,0.9923664122137404,0.15905110775010448
0.9765258215962441,0.9923664122137404,0.1799687987575293
0.9774436090225563,0.9923664122137404,0.21349074800340093
0.9783631232361242,0.9923664122137404,0.24683830877656665
0.9792843691148776,0.9923664122137404,0.36881782505459115
0.9802073515551367,0.9923664122137404,0.3737344741821289
0.9811320754716981,0.9923664122137404,0.38040487111821386
0.9820585457979226,0.9923664122137404,0.4402174949645996
0.9829867674858223,0.9923664122137404,0.5047041773796082
0.9829706717123936,0.9914122137404581,0.5144323553314103
0.9829545454545454,0.9904580152671756,0.5147867356177191
0.9838862559241706,0.9904580152671756,0.5579299760481722
0.9838709677419355,0.9895038167938931,0.5683430602652747
0.9838556505223172,0.9885496183206107,0.5773277878761292
0.9838403041825095,0.9875954198473282,0.5802158117294312
0.9847764034253093,0.9875954198473282,0.5869772609167475
0.9847619047619047,0.9866412213740458,0.6112377875305541
0.9857006673021925,0.9866412213740458,0.6164620290077942
0.9866412213740458,0.9866412213740458,0.6241765804343397
0.9866284622731614,0.9856870229007634,0.6643225948714436
0.9875717017208413,0.9856870229007634,0.6905948129473571
0.9875598086124402,0.9847328244274809,0.7284351153114369
0.9885057471264368,0.9847328244274809,0.7315410375595093
0.9894534995206136,0.9847328244274809,0.7682356376507499
0.989443378119002,0.9837786259541985,0.7715597748756409
0.989433237271854,0.982824427480916,0.7770086046607585
0.989423076923077,0.9818702290076335,0.7976622462620997
0.9894128970163619,0.9809160305343512,0.8121857047080994
0.9903660886319846,0.9809160305343512,0.8478520295553816
0.9903567984570878,0.9799618320610687,0.8592762351036072
0.9903474903474904,0.9790076335877863,0.8777825832366943
0.9903381642512077,0.9780534351145038,0.882626984041125
0.9903288201160542,0.9770992366412213,0.8932100864288185
0.9912875121006777,0.9770992366412213,0.8968126372927738
0.9912790697674418,0.976145038167939,0.9015278287345754
0.991270611057226,0.9751908396946565,0.9037315586109295
0.9912621359223301,0.9742366412213741,0.9084650413463271
0.9912536443148688,0.9732824427480916,0.9106233987397968
0.9922178988326849,0.9732824427480916,0.9131475414887803
0.9922103213242454,0.9723282442748091,0.9134055171890814
0.9922027290448343,0.9713740458015268,0.9159218277615717
0.9921951219512195,0.9704198473282443,0.9161075080601123
0.9921875,0.9694656488549618,0.9204569548708912
0.9921798631476051,0.9685114503816794,0.9287465533987714
0.9921722113502935,0.9675572519083969,0.9287858466984951
0.9921645445641528,0.9666030534351145,0.9297944626273374
0.9921568627450981,0.9656488549618321,0.9312967658042908
0.9921491658488715,0.9646946564885496,0.9316394190245953
0.9931237721021611,0.9646946564885496,0.9319328804602158
0.9931170108161259,0.9637404580152672,0.9320090760294004
0.9931102362204725,0.9627862595419847,0.9324331462785685
0.993103448275862,0.9618320610687023,0.9350254326680578
0.9930966469428008,0.9608778625954199,0.9362435480392508
0.9930898321816387,0.9599236641221374,0.9364314428132565
0.9930830039525692,0.958969465648855,0.937162132943805
0.9930761622156281,0.9580152671755725,0.9378076931507542
0.9930693069306931,0.9570610687022901,0.9378207009381265
0.9930624380574826,0.9561068702290076,0.9392636874427842
0.9930555555555556,0.9551526717557252,0.9406727236709811
0.9930486593843099,0.9541984732824428,0.9443711427367223
0.9930417495029821,0.9532442748091603,0.9458970078128541
0.9930348258706467,0.9522900763358778,0.9496525909829305
0.9930278884462151,0.9513358778625954,0.9507833784008374
0.9930209371884346,0.950381679389313,0.9514382523517629
0.9930139720558883,0.9494274809160306,0.9536394200576648
0.993006993006993,0.9484732824427481,0.9539638347447081
0.993,0.9475190839694656,0.9542263497427685
0.992992992992993,0.9465648854961832,0.9548284802701819
0.9929859719438878,0.9456106870229007,0.9552907249855628
0.9929789368104313,0.9446564885496184,0.9555019113720603
0.9929718875502008,0.9437022900763359,0.9565882371839356
0.992964824120603,0.9427480916030534,0.9572023846178003
0.9929577464788732,0.941793893129771,0.9575674676532666
0.9929506545820745,0.9408396946564885,0.9591221309166035
0.9929435483870968,0.9398854961832062,0.960777643921888
0.992936427850656,0.9389312977099237,0.9610557985777765
0.9929292929292929,0.9379770992366412,0.9613973355085055
0.9929221435793731,0.9370229007633588,0.9617122887289309
0.992914979757085,0.9360687022900763,0.9618754100240645
0.9929078014184397,0.9351145038167938,0.9619542265957564
0.9929006085192698,0.9341603053435115,0.9622895229118636
0.9928934010152284,0.933206106870229,0.9624174322408855
0.9928861788617886,0.9322519083969466,0.9625543248367944
0.9928789420142421,0.9312977099236641,0.9630838776094299
0.9928716904276986,0.9303435114503816,0.9635516821676552
0.9928644240570846,0.9293893129770993,0.9635859024123933
0.9928571428571429,0.9284351145038168,0.964138166719459
0.992849846782431,0.9274809160305344,0.9642027487405975
0.9928425357873211,0.9265267175572519,0.9642474019369207
0.9928352098259979,0.9255725190839694,0.9643124162347537
0.992827868852459,0.924618320610687,0.9644681394932445
0.9928205128205129,0.9236641221374046,0.9650257322551301
0.9928131416837782,0.9227099236641222,0.9651852866896816
0.9928057553956835,0.9217557251908397,0.9656736938200898
0.992798353909465,0.9208015267175572,0.9662354044327038
0.9927909371781668,0.9198473282442748,0.9663468111270682
0.9938144329896907,0.9198473282442748,0.9663608002188742
0.9938080495356038,0.9188931297709924,0.9663692964784245
0.993801652892562,0.9179389312977099,0.9664937221762027
0.9937952430196484,0.9169847328244275,0.9665909049439838
0.9937888198757764,0.916030534351145,0.966803214702082
0.9937823834196892,0.9150763358778626,0.9670213696725156
0.9937759336099585,0.9141221374045801,0.9671211406385388
0.9937694704049844,0.9131679389312977,0.9671252314257565
0.9937629937629938,0.9122137404580153,0.9675722158237257
0.9937565036420395,0.9112595419847328,0.9677954063766903
0.99375,0.9103053435114504,0.9678810327862934
0.9937434827945777,0.9093511450381679,0.9678941657511642
0.9937369519832986,0.9083969465648855,0.9681424842141666
0.9947753396029259,0.9083969465648855,0.9682068950091969
0.9947698744769874,0.9074427480916031,0.9682411335056766
0.9947643979057592,0.9064885496183206,0.9684810746663929
0.9947589098532494,0.9055343511450382,0.9685841816139634
0.9947534102833159,0.9045801526717557,0.9688813866839071
0.9947478991596639,0.9036259541984732,0.9695801608505451
0.9947423764458465,0.9026717557251909,0.9696743668927693
0.9947368421052631,0.9017175572519084,0.9699683225526226
0.9947312961011591,0.9007633587786259,0.9700450048211402
0.9947257383966245,0.8998091603053435,0.9702960288908185
0.9947201689545935,0.898854961832061,0.9704877933028447
0.9947145877378436,0.8979007633587787,0.9705004764385556
0.9947089947089947,0.8969465648854962,0.9706805655157398
0.9947033898305084,0.8959923664122137,0.9708812218701817
0.9946977730646872,0.8950381679389313,0.9714438916326471
0.994692144373673,0.8940839694656488,0.9715528506255762
0.9946865037194474,0.8931297709923665,0.9716336129905484
0.9946808510638298,0.892175572519084,0.9716531706724552
0.9946751863684771,0.8912213740458015,0.9716774804399896
0.9946695095948828,0.8902671755725191,0.9716986869022446
0.9946638207043756,0.8893129770992366,0.9718926188249216
0.9946581196581197,0.8883587786259542,0.9719696497530513
0.9946524064171123,0.8874045801526718,0.9719921945114761
0.9946466809421841,0.8864503816793893,0.9720732461056868
0.9946409431939979,0.8854961832061069,0.9721770719632624
0.9946351931330472,0.8845419847328244,0.9722787377231262
0.9946294307196563,0.8835877862595419,0.9723174805820927
0.9946236559139785,0.8826335877862596,0.9723238348960876
0.9956942949407965,0.8826335877862596,0.9725444190058653
0.9956896551724138,0.8816793893129771,0.9725475381987568
0.9956850053937433,0.8807251908396947,0.9725909992182981
0.9956803455723542,0.8797709923664122,0.972737411782561
0.9956756756756757,0.8788167938931297,0.9727458194741748
0.9956709956709957,0.8778625954198473,0.9727566258456334
0.9956663055254604,0.8769083969465649,0.9728390159614201
0.9956616052060737,0.8759541984732825,0.9729249316271364
0.995656894679696,0.875,0.9730079844618131
0.9956521739130435,0.8740458015267175,0.9730384386071504
0.9956474428726877,0.8730916030534351,0.97306029719967
0.9956427015250545,0.8721374045801527,0.9731696789720858
0.9956379498364231,0.8711832061068703,0.9734391388774079
0.9956331877729258,0.8702290076335878,0.9734468926901451
0.9956284153005465,0.8692748091603053,0.9734929312783435
0.9956236323851203,0.8683206106870229,0.9735309932599814
0.9956188389923329,0.8673664122137404,0.9735466892284156
0.9956140350877193,0.8664122137404581,0.9737533043209579
0.995609220636663,0.8654580152671756,0.973770730643256
0.9956043956043956,0.8645038167938931,0.9738509999647159
0.9955995599559956,0.8635496183206107,0.9738970323760245
0.9955947136563876,0.8625954198473282,0.9739027147712734
0.9955898566703418,0.8616412213740458,0.9740134894890902
0.9955849889624724,0.8606870229007634,0.9741075108775538
0.9955801104972376,0.8597328244274809,0.9741323084955319
0.995575221238938,0.8587786259541985,0.9741453437679881
0.9955703211517165,0.857824427480916,0.9741928341528273
0.9955654101995566,0.8568702290076335,0.9742724986213492
0.9955604883462819,0.8559160305343512,0.9742881743608622
0.9955555555555555,0.8549618320610687,0.9743202619052012
0.9955506117908788,0.8540076335877863,0.974445344832624
0.9955456570155902,0.8530534351145038,0.9745220197068185
0.9955406911928651,0.8520992366412213,0.9745306169998885
0.9955357142857143,0.851145038167939,0.9745511176638966
0.9955307262569832,0.8501908396946565,0.974601272097529
0.9955257270693513,0.8492366412213741,0.9746671010379853
0.9955207166853304,0.8482824427480916,0.974696067078916
0.9955156950672646,0.8473282442748091,0.9747198190843954
0.9955106621773289,0.8463740458015268,0.974743848215201
0.9955056179775281,0.8454198473282443,0.9747938495598848
0.9955005624296963,0.8444656488549618,0.9749017179435855
0.9954954954954955,0.8435114503816794,0.9749559959853366
0.9954904171364148,0.8425572519083969,0.9749843656557791
0.9954853273137697,0.8416030534351145,0.9750215516880492
0.9954802259887006,0.8406488549618321,0.9750217646809437
0.995475113122172,0.8396946564885496,0.9750882151049621
0.9954699886749717,0.8387404580152672,0.9751643716752891
0.9954648526077098,0.8377862595419847,0.9752584946715992
0.9954597048808173,0.8368320610687023,0.975276223025721
0.9954545454545455,0.8358778625954199,0.9753673581837923
0.9954493742889647,0.8349236641221374,0.9753836444364686
0.9954441913439636,0.833969465648855,0.9754102811461854
0.9954389965792474,0.8330152671755725,0.9754698963413937
0.9954337899543378,0.8320610687022901,0.9755192235490809
0.9954285714285714,0.8311068702290076,0.9756094944186132
0.9954233409610984,0.8301526717557252,0.9756267644999362
0.995418098510882,0.8291984732824428,0.9756581060036891
0.9954128440366973,0.8282442748091603,0.9756793943160422
0.9954075774971297,0.8272900763358778,0.9757375935257433
0.9954022988505747,0.8263358778625954,0.9757660245688883
0.9953970080552359,0.825381679389313,0.9757906776372517
0.9953917050691244,0.8244274809160306,0.9758493427707201
0.9953863898500577,0.8234732824427481,0.9758760387592541
0.9953810623556582,0.8225190839694656,0.9758761834164991
0.9953757225433526,0.8215648854961832,0.9759340340789446
0.9953703703703703,0.8206106870229007,0.9759407875821557
0.9953650057937428,0.8196564885496184,0.9759502123876542
0.9953596287703016,0.8187022900763359,0.975951585112379
0.9953542392566783,0.8177480916030534,0.9759566020403481
0.9953488372093023,0.816793893129771,0.9759871349327048
0.9953434225844005,0.8158396946564885,0.9760222238907384
0.9953379953379954,0.8148854961832062,0.9760367383364968
0.9953325554259043,0.8139312977099237,0.9761010949904038
0.9953271028037384,0.8129770992366412,0.9761198417575616
0.9953216374269006,0.8120229007633588,0.9761526239162314
0.9953161592505855,0.8110687022900763,0.9761580137893743
0.9953106682297772,0.8101145038167938,0.9761711955070496
0.9953051643192489,0.8091603053435115,0.9761747449099001
0.9952996474735605,0.808206106870229,0.9762317720098751
0.9952941176470588,0.8072519083969466,0.9763024089707645
0.9952885747938751,0.8062977099236641,0.9763134103709582
0.9952830188679245,0.8053435114503816,0.9764183509199855
0.9952774498229043,0.8043893129770993,0.9764628032549352
0.9952718676122931,0.8034351145038168,0.9765502091316608
0.9952662721893492,0.8024809160305344,0.9765673461662111
0.995260663507109,0.8015267175572519,0.9765693613877307
0.9952550415183867,0.8005725190839694,0.9766231720710741
0.995249406175772,0.799618320610687,0.976626415763458
0.995243757431629,0.7986641221374046,0.9766731949213259
0.9952380952380953,0.7977099236641222,0.9766832266938843
0.9952324195470799,0.7967557251908397,0.9766912546989412
0.9952267303102625,0.7958015267175572,0.9767234962160184
0.995221027479092,0.7948473282442748,0.9767342068596839
0.9952153110047847,0.7938931297709924,0.976737107474952
0.9952095808383233,0.7929389312977099,0.9767603587450946
0.9952038369304557,0.7919847328244275,0.9767659993541055
0.9951980792316927,0.791030534351145,0.9767980448201553
0.9951923076923077,0.7900763358778626,0.9769448924659506
0.9951865222623345,0.7891221374045801,0.9769469331358165
0.9951807228915662,0.7881679389312977,0.9770332629440348
0.9951749095295537,0.7872137404580153,0.9770425412499526
0.9951690821256038,0.7862595419847328,0.9770607511523031
0.9951632406287787,0.7853053435114504,0.9770822019975838
0.9951573849878934,0.7843511450381679,0.977090470663529
0.9951515151515151,0.7833969465648855,0.9771212380365344
0.9951456310679612,0.7824427480916031,0.9771515026373613
0.9951397326852977,0.7814885496183206,0.9771979068943186
0.9951338199513382,0.7805343511450382,0.9772271204500254
0.9951278928136419,0.7795801526717557,0.9772326568640617
0.9951219512195122,0.7786259541984732,0.9772725496441271
0.9951159951159951,0.7776717557251909,0.9772954492150299
0.9951100244498777,0.7767175572519084,0.9773047707367329
0.9951040391676866,0.7757633587786259,0.9773383541059565
0.9950980392156863,0.7748091603053435,0.9774082685365781
0.9950920245398773,0.773854961832061,0.9774214557283041
0.995085995085995,0.7729007633587787,0.9774233534991551
0.995079950799508,0.7719465648854962,0.9774306726014641
0.9950738916256158,0.7709923664122137,0.9774367681852404
0.9950678175092479,0.7700381679389313,0.9774670978456639
0.9950617283950617,0.7690839694656488,0.9774871577786709
0.9950556242274413,0.7681297709923665,0.9775047898292542
0.995049504950495,0.767175572519084,0.9775092984134243
0.9950433705080545,0.7662213740458015,0.9775382030256574
0.9950372208436724,0.7652671755725191,0.9775543444769701
0.9950310559006211,0.7643129770992366,0.9775547872011946
0.9950248756218906,0.7633587786259542,0.9775970323265373
0.9950186799501868,0.7624045801526718,0.9776011468678435
0.9950124688279302,0.7614503816793893,0.9776073061763968
0.9950062421972534,0.7604961832061069,0.9776269743755631
0.995,0.7595419847328244,0.9776471043575353
0.9949937421777222,0.7585877862595419,0.9776632931480302
0.9949874686716792,0.7576335877862596,0.9776681206343639
0.9949811794228356,0.7566793893129771,0.9776753910700375
0.9949748743718593,0.7557251908396947,0.9776817177770359
0.9949685534591195,0.7547709923664122,0.9777104276748568
0.9949622166246851,0.7538167938931297,0.9777291872412519
0.9949558638083228,0.7528625954198473,0.977752266493156
0.9949494949494949,0.7519083969465649,0.9777809058627367
0.9949431099873578,0.7509541984732825,0.9778491367904373
0.9949367088607595,0.75,0.9778580847728641
0.9949302915082383,0.7490458015267175,0.9778787342961354
0.9949238578680203,0.7480916030534351,0.9779063772864797
0.9949174078780177,0.7471374045801527,0.9779156032561437
0.9949109414758269,0.7461832061068703,0.977935950298963
0.9949044585987261,0.7452290076335878,0.9779601529210035
0.9948979591836735,0.7442748091603053,0.9779719096087442
0.9948914431673053,0.7433206106870229,0.9779858716687208
0.9948849104859335,0.7423664122137404,0.9781057561345653
0.9948783610755442,0.7414122137404581,0.9781375022431603
0.9948717948717949,0.7404580152671756,0.9781588917211507
0.9948652118100129,0.7395038167938931,0.9781630817458608
0.9948586118251928,0.7385496183206107,0.9781709422711761
0.9948519948519948,0.7375954198473282,0.9781925337290307
0.9948453608247423,0.7366412213740458,0.9782011636484566
0.9948387096774194,0.7356870229007634,0.9782032375795894
0.9948320413436692,0.7347328244274809,0.9782118870184711
0.9948253557567918,0.7337786259541985,0.9782453179359436
0.9948186528497409,0.732824427480916,0.9782556173105651
0.9948119325551232,0.7318702290076335,0.9782741410735287
0.9948051948051948,0.7309160305343512,0.9782795109579813
0.9947984395318595,0.7299618320610687,0.9782841101543437
0.9947916666666666,0.7290076335877863,0.9782846770456647
0.9947848761408083,0.7280534351145038,0.9782848090103391
0.9947780678851175,0.7270992366412213,0.9783044080057235
0.996078431372549,0.7270992366412213,0.9783067057825647
0.9960732984293194,0.726145038167939,0.9783120720231425
0.9960681520314548,0.7251908396946565,0.9783173981740586
0.9960629921259843,0.7242366412213741,0.9783175356059348
0.9960578186596584,0.7232824427480916,0.9783219549309916
0.9960526315789474,0.7223282442748091,0.9783366444767402
0.9960474308300395,0.7213740458015268,0.9783588806528354
0.996042216358839,0.7204198473282443,0.9783994591921548
0.9960369881109643,0.7194656488549618,0.9784336558561109
0.996031746031746,0.7185114503816794,0.9784767305052857
0.9960264900662251,0.7175572519083969,0.9784861711926184
0.9960212201591512,0.7166030534351145,0.9784982946291312
0.9960159362549801,0.7156488549618321,0.9785049643402193
0.9960106382978723,0.7146946564885496,0.9785483291790297
0.996005326231691,0.7137404580152672,0.9785743951797485
0.996,0.7127862595419847,0.9785861640897562
0.9959946595460614,0.7118320610687023,0.9785946704197628
0.9959893048128342,0.7108778625954199,0.9786063000698698
0.9959839357429718,0.7099236641221374,0.9786080353480564
0.9959785522788204,0.708969465648855,0.9786536183165362
0.9959731543624161,0.7080152671755725,0.9786707685986848
0.9959677419354839,0.7070610687022901,0.9786772527444181
0.9959623149394348,0.7061068702290076,0.9786908207277043
0.9959568733153639,0.7051526717557252,0.978694108650855
0.9959514170040485,0.7041984732824428,0.9787179432174142
0.995945945945946,0.7032442748091603,0.978718890154279
0.9959404600811907,0.7022900763358778,0.978728027340726
0.9959349593495935,0.7013358778625954,0.9787458454839656
0.9959294436906377,0.700381679389313,0.9787466385749466
0.9959239130434783,0.6994274809160306,0.9787479274441329
0.9959183673469387,0.6984732824427481,0.9787581112795787
0.9959128065395095,0.6975190839694656,0.9787701532411042
0.9959072305593452,0.6965648854961832,0.9787832079231482
0.9959016393442623,0.6956106870229007,0.978816375452036
0.9958960328317373,0.6946564885496184,0.978823180759677
0.9958904109589041,0.6937022900763359,0.9788499893872994
0.9958847736625515,0.6927480916030534,0.9788580956193361
0.9958791208791209,0.691793893129771,0.978899562220451
0.9958734525447043,0.6908396946564885,0.9789324147532623
0.9958677685950413,0.6898854961832062,0.9789397047539077
0.9958620689655172,0.6889312977099237,0.9789425267981385
0.9958563535911602,0.6879770992366412,0.9789485809442832
0.995850622406639,0.6870229007633588,0.9789507376522265
0.9958448753462604,0.6860687022900763,0.9789896279167136
0.9958391123439667,0.6851145038167938,0.9790079156007805
0.9958333333333333,0.6841603053435115,0.979058653740327
0.9958275382475661,0.683206106870229,0.979060452245922
0.9958217270194986,0.6822519083969466,0.9790881312604551
0.99581589958159,0.6812977099236641,0.9791071834405236
0.9958100558659218,0.6803435114503816,0.9791234068471544
0.9958041958041958,0.6793893129770993,0.9791269162263216
0.9957983193277311,0.6784351145038168,0.9791526070720176
0.9957924263674615,0.6774809160305344,0.9791618494394995
0.9957865168539326,0.6765267175572519,0.9791752477174569
0.9957805907172996,0.6755725190839694,0.9791757032509545
0.995774647887324,0.674618320610687,0.9791826496364625
0.995768688293371,0.6736641221374046,0.9791856280447926
0.9957627118644068,0.6727099236641222,0.9791895844213743
0.9957567185289957,0.6717557251908397,0.9792264608738342
0.9957507082152974,0.6708015267175572,0.9792294192185623
0.9957446808510638,0.6698473282442748,0.9793283635177721
0.9957386363636364,0.6688931297709924,0.9793377105023285
0.9957325746799431,0.6679389312977099,0.9793718584917541
0.9957264957264957,0.6669847328244275,0.9793900342601355
0.9957203994293866,0.666030534351145,0.9793956589879956
0.9957142857142857,0.6650763358778626,0.9793962185491087
0.9957081545064378,0.6641221374045801,0.9794013737369661
0.995702005730659,0.6631679389312977,0.9794344689103287
0.9956958393113343,0.6622137404580153,0.9794661615625221
0.9956896551724138,0.6612595419847328,0.9794736832948892
0.99568345323741,0.6603053435114504,0.9794992074743504
0.9956772334293948,0.6593511450381679,0.979522027533009
0.9956709956709957,0.6583969465648855,0.97953883604246
0.9956647398843931,0.6574427480916031,0.9795622497198722
0.9956584659913169,0.6564885496183206,0.9795770845848097
0.9956521739130435,0.6555343511450382,0.9796242142230706
0.9956458635703919,0.6545801526717557,0.9796315401207241
0.9956395348837209,0.6536259541984732,0.9796446835522917
0.9956331877729258,0.6526717557251909,0.9797003518523524
0.9956268221574344,0.6517175572519084,0.9797148716619687
0.9956204379562044,0.6507633587786259,0.9797255561082251
0.9956140350877193,0.6498091603053435,0.9797287619848876
0.9956076134699854,0.648854961832061,0.9797611729308062
0.9956011730205279,0.6479007633587787,0.9798054226835035
0.9955947136563876,0.6469465648854962,0.9798239816290432
0.9955882352941177,0.6459923664122137,0.9798346988918372
0.9955817378497791,0.6450381679389313,0.9798651921668763
0.995575221238938,0.6440839694656488,0.9798667905415158
0.9955686853766618,0.6431297709923665,0.9798768582514817
0.9955621301775148,0.642175572519084,0.9798977217032487
0.9955555555555555,0.6412213740458015,0.9799097204896258
0.9955489614243324,0.6402671755725191,0.9799233571773965
0.9955423476968797,0.6393129770992366,0.9799710512161255
0.9955357142857143,0.6383587786259542,0.9800017129256715
0.9955290611028316,0.6374045801526718,0.9800078224395117
0.9955223880597015,0.6364503816793893,0.980030495301457
0.9955156950672646,0.6354961832061069,0.9800313011945134
0.9955089820359282,0.6345419847328244,0.9800637869158407
0.9955022488755623,0.6335877862595419,0.980070826378084
0.9954954954954955,0.6326335877862596,0.980111268084491
0.9954887218045113,0.6316793893129771,0.9801412206513039
0.9954819277108434,0.6307251908396947,0.9801550233693321
0.995475113122172,0.6297709923664122,0.9801821507848731
0.9954682779456193,0.6288167938931297,0.9802002061601801
0.9954614220877458,0.6278625954198473,0.9802266231522219
0.9954545454545455,0.6269083969465649,0.9802684151371255
0.9954476479514416,0.6259541984732825,0.9802906069753968
0.9954407294832827,0.625,0.9803354210597888
0.9954337899543378,0.6240458015267175,0.9803513222005001
0.9954268292682927,0.6230916030534351,0.9803529375202079
0.9954198473282443,0.6221374045801527,0.9803563356399536
0.9954128440366973,0.6211832061068703,0.9803570022473894
0.9954058192955589,0.6202290076335878,0.98037167777276
0.995398773006135,0.6192748091603053,0.9803779264736023
0.9953917050691244,0.6183206106870229,0.9803925521818009
0.9953846153846154,0.6173664122137404,0.9804527668240223
0.9953775038520801,0.6164122137404581,0.980483370737885
0.9953703703703703,0.6154580152671756,0.9805113143570198
0.9953632148377125,0.6145038167938931,0.9805113600156354
0.9953560371517027,0.6135496183206107,0.9805145366603648
0.9953488372093023,0.6125954198473282,0.9805320878207961
0.9953416149068323,0.6116412213740458,0.9805346624449564
0.995334370139969,0.6106870229007634,0.9805395055260786
0.9953271028037384,0.6097328244274809,0.9805663477056462
0.9953198127925117,0.6087786259541985,0.9805705705030008
0.9953125,0.607824427480916,0.9805925609629479
0.9953051643192489,0.6068702290076335,0.9806022004763093
0.9952978056426333,0.6059160305343512,0.9806155215358456
0.9952904238618524,0.6049618320610687,0.9806474033863731
0.9952830188679245,0.6040076335877863,0.9806559876083737
0.9952755905511811,0.6030534351145038,0.980666729230432
0.9952681388012619,0.6020992366412213,0.9806674408328785
0.995260663507109,0.601145038167939,0.9806787243769485
0.995253164556962,0.6001908396946565,0.9806797486158465
0.9952456418383518,0.5992366412213741,0.9807448113129061
0.9952380952380953,0.5982824427480916,0.9807525130994244
0.9952305246422893,0.5973282442748091,0.9807632924058981
0.9968152866242038,0.5973282442748091,0.9807738442546015
0.9968102073365231,0.5963740458015268,0.98081196267914
0.9968051118210862,0.5954198473282443,0.9808414809092327
0.9968,0.5944656488549618,0.980860240614863
0.9967948717948718,0.5935114503816794,0.9808605507408602
0.9967897271268058,0.5925572519083969,0.9808938667700529
0.9967845659163987,0.5916030534351145,0.9808972532724808
0.9967793880837359,0.5906488549618321,0.9808998770153217
0.9967741935483871,0.5896946564885496,0.9809002035829996
0.9967689822294022,0.5887404580152672,0.980917356481791
0.9967637540453075,0.5877862595419847,0.9809395462994649
0.9967585089141004,0.5868320610687023,0.9810023691524747
0.9967532467532467,0.5858778625954199,0.981011829150378
0.9967479674796748,0.5849236641221374,0.9810175859145165
0.996742671009772,0.583969465648855,0.9810269742114739
0.9967373572593801,0.5830152671755725,0.9810426988731609
0.9967320261437909,0.5820610687022901,0.9810589928688334
0.9967266775777414,0.5811068702290076,0.9810776187559784
0.9967213114754099,0.5801526717557252,0.9811069800891674
0.9967159277504105,0.5791984732824428,0.9811074057575799
0.9967105263157895,0.5782442748091603,0.981118966807075
0.9967051070840197,0.5772900763358778,0.9811263219361247
0.9966996699669967,0.5763358778625954,0.9811617926032107
0.996694214876033,0.575381679389313,0.9811716024884678
0.9966887417218543,0.5744274809160306,0.9811788274435611
0.9966832504145937,0.5734732824427481,0.981179597942964
0.9966777408637874,0.5725190839694656,0.9811903699345611
0.9966722129783694,0.5715648854961832,0.9812041751591796
0.9966666666666667,0.5706106870229007,0.9812436864361039
0.996661101836394,0.5696564885496184,0.981255067267987
0.9966555183946488,0.5687022900763359,0.9812569325787743
0.9966499162479062,0.5677480916030534,0.9812620318728016
0.9966442953020134,0.566793893129771,0.9812672320989376
0.9966386554621849,0.5658396946564885,0.9812706544409768
0.9966329966329966,0.5648854961832062,0.9812874987938908
0.9966273187183811,0.5639312977099237,0.981289267539978
0.9966216216216216,0.5629770992366412,0.9812971134193886
0.9966159052453468,0.5620229007633588,0.9813049179720341
0.9966101694915255,0.5610687022900763,0.981314010064851
0.9966044142614601,0.5601145038167938,0.9813247783985154
0.9965986394557823,0.5591603053435115,0.9813392224315778
0.9965928449744463,0.558206106870229,0.9813420699436808
0.9965870307167235,0.5572519083969466,0.9813582776399613
0.9965811965811966,0.5562977099236641,0.9813724536887007
0.9965753424657534,0.5553435114503816,0.9813744959803636
0.9965694682675815,0.5543893129770993,0.9813975721163214
0.9965635738831615,0.5534351145038168,0.9813985246818485
0.9965576592082617,0.5524809160305344,0.981400467871119
0.996551724137931,0.5515267175572519,0.9814029343170986
0.9965457685664939,0.5505725190839694,0.9814215935074597
0.9965397923875432,0.549618320610687,0.9814235659448762
0.9965337954939342,0.5486641221374046,0.9814314289951698
0.9965277777777778,0.5477099236641222,0.9814415767943213
0.9965217391304347,0.5467557251908397,0.9814455351879687
0.9965156794425087,0.5458015267175572,0.9814588409262545
0.9965095986038395,0.5448473282442748,0.981460542762334
0.9965034965034965,0.5438931297709924,0.9814894078648176
0.9964973730297724,0.5429389312977099,0.981491907603677
0.9964912280701754,0.5419847328244275,0.9814936233412318
0.9964850615114236,0.541030534351145,0.9815123428567024
0.9964788732394366,0.5400763358778626,0.981514493382239
0.9964726631393298,0.5391221374045801,0.9815168848808516
0.9964664310954063,0.5381679389312977,0.9815202465078262
0.9964601769911504,0.5372137404580153,0.9815421755325543
0.9964539007092199,0.5362595419847328,0.981555574879049
0.9964476021314387,0.5353053435114504,0.9815583532584204
0.99644128113879,0.5343511450381679,0.9815671176988783
0.9964349376114082,0.5333969465648855,0.981570769307344
0.9964285714285714,0.5324427480916031,0.981573975159858
0.9964221824686941,0.5314885496183206,0.9815757640293152
0.996415770609319,0.5305343511450382,0.9815821409959945
0.9964093357271095,0.5295801526717557,0.9815886609397347
0.9964028776978417,0.5286259541984732,0.9816001489117716
0.9963963963963964,0.5276717557251909,0.9816059561595876
0.9963898916967509,0.5267175572519084,0.9816087180855488
0.9963833634719711,0.5257633587786259,0.981609248309983
0.9963768115942029,0.5248091603053435,0.9816216533892854
0.9963702359346642,0.523854961832061,0.9816222227425211
0.9963636363636363,0.5229007633587787,0.9816291240823537
0.9963570127504554,0.5219465648854962,0.9816378932788262
0.9963503649635036,0.5209923664122137,0.9816452063655532
0.9963436928702011,0.5200381679389313,0.9816498749061564
0.9963369963369964,0.5190839694656488,0.9816669426827438
0.9963302752293578,0.5181297709923665,0.9816736608149791
0.9963235294117647,0.517175572519084,0.9816859061028333
0.996316758747698,0.5162213740458015,0.9816884636170231
0.996309963099631,0.5152671755725191,0.9816895631915931
0.9963031423290203,0.5143129770992366,0.98169950362951
0.9962962962962963,0.5133587786259542,0.9817261816470312
0.9962894248608535,0.5124045801526718,0.9817328756531216
0.9962825278810409,0.5114503816793893,0.9817346784213978
0.9962756052141527,0.5104961832061069,0.9817363096902989
0.996268656716418,0.5095419847328244,0.9817556014800646
0.9962616822429906,0.5085877862595419,0.9817648464277025
0.9962546816479401,0.5076335877862596,0.9817676427048854
0.9962476547842402,0.5066793893129771,0.9817711407474023
0.9962406015037594,0.5057251908396947,0.9817749243569096
0.9962335216572504,0.5047709923664122,0.9817843034877355
0.9962264150943396,0.5038167938931297,0.9817860612818666
0.996219281663516,0.5028625954198473,0.9817928635262219
0.9962121212121212,0.5019083969465649,0.9817944179895867
0.9981024667931688,0.5019083969465649,0.9818145468154346
0.9980988593155894,0.5009541984732825,0.9818255828184963
0.9980952380952381,0.5,0.9818260249085751
0.9980916030534351,0.49904580152671757,0.9818401051522825
0.9980879541108987,0.49809160305343514,0.9818541711016247
0.9980842911877394,0.49713740458015265,0.9818612355401017
0.9980806142034548,0.4961832061068702,0.9818636398433962
0.9980769230769231,0.4952290076335878,0.9818651391038808
0.9980732177263969,0.49427480916030536,0.9818680856683945
0.9980694980694981,0.4933206106870229,0.9818686678319833
0.9980657640232108,0.49236641221374045,0.9818738018953548
0.998062015503876,0.491412213740458,0.9818855864062939
0.9980582524271845,0.4904580152671756,0.9818918697490697
0.9980544747081712,0.48950381679389315,0.9819044891443164
0.9980506822612085,0.48854961832061067,0.981908059936317
0.998046875,0.48759541984732824,0.981909739089444
0.9980430528375733,0.4866412213740458,0.9819290857448224
0.9980392156862745,0.4856870229007634,0.9819327746690135
0.9980353634577603,0.4847328244274809,0.9819343861481344
0.9980314960629921,0.48377862595419846,0.9819347382890001
0.9980276134122288,0.48282442748091603,0.9819376121148194
0.9980237154150198,0.4818702290076336,0.9819376377208379
0.998019801980198,0.48091603053435117,0.9819386575633392
0.998015873015873,0.4799618320610687,0.981941206683459
0.9980119284294234,0.47900763358778625,0.9819439484970727
0.99800796812749,0.4780534351145038,0.9819493246422704
0.998003992015968,0.4770992366412214,0.981957740193653
0.998,0.4761450381679389,0.9819709914691632
0.9979959919839679,0.4751908396946565,0.9819941805789227
0.9979919678714859,0.47423664122137404,0.9820007187984522
0.9979879275653923,0.4732824427480916,0.9820013550855093
0.9979838709677419,0.4723282442748092,0.9820127688388163
0.997979797979798,0.4713740458015267,0.9820201294767549
0.9979757085020243,0.47041984732824427,0.9820494330129428
0.9979716024340771,0.46946564885496184,0.9820505234293562
0.9979674796747967,0.4685114503816794,0.982055650188385
0.9979633401221996,0.4675572519083969,0.98206349712013
0.9979591836734694,0.4666030534351145,0.9820679839315268
0.9979550102249489,0.46564885496183206,0.982069813383005
0.9979508196721312,0.46469465648854963,0.982071123616497
0.997946611909651,0.4637404580152672,0.9820785017877678
0.9979423868312757,0.4627862595419847,0.982078778928011
0.9979381443298969,0.4618320610687023,0.9820833023249488
0.9979338842975206,0.46087786259541985,0.9820852235462837
0.9979296066252588,0.4599236641221374,0.982092022895813
0.9979253112033195,0.45896946564885494,0.9820955385026656
0.997920997920998,0.4580152671755725,0.9821007536804065
0.9979166666666667,0.4570610687022901,0.9821043409348508
0.9979123173277662,0.45610687022900764,0.982111011166956
0.997907949790795,0.4551526717557252,0.9821321763033906
0.9979035639412998,0.4541984732824427,0.9821384337263315
0.9978991596638656,0.4532442748091603,0.982142348274814
0.9978947368421053,0.45229007633587787,0.9821445905337312
0.9978902953586498,0.45133587786259544,0.9821476000362381
0.9978858350951374,0.45038167938931295,0.9821601619812864
0.9978813559322034,0.4494274809160305,0.9821627260442248
0.9978768577494692,0.4484732824427481,0.982166684499632
0.997872340425532,0.44751908396946566,0.9821741507785458
0.997867803837953,0.44656488549618323,0.9821767310103695
0.9978632478632479,0.44561068702290074,0.9821792263205708
0.9978586723768736,0.4446564885496183,0.9821842488083286
0.9978540772532188,0.4437022900763359,0.9821879688470126
0.9978494623655914,0.44274809160305345,0.9821883374517072
0.9978448275862069,0.44179389312977096,0.982201914504994
0.9978401727861771,0.44083969465648853,0.9822033973031885
0.9978354978354979,0.4398854961832061,0.982207131502432
0.9978308026030369,0.4389312977099237,0.9822075374663783
0.9978260869565218,0.43797709923664124,0.9822122308282222
0.9978213507625272,0.43702290076335876,0.9822133779525757
0.9978165938864629,0.4360687022900763,0.9822182611047493
0.9978118161925602,0.4351145038167939,0.9822227073792108
0.9978070175438597,0.43416030534351147,0.9822260379212694
0.9978021978021978,0.43320610687022904,0.9822414572289667
0.9977973568281938,0.43225190839694655,0.982242147641866
0.9977924944812362,0.4312977099236641,0.9822433938507447
0.9977876106194691,0.4303435114503817,0.9822501704846537
0.9977827050997783,0.42938931297709926,0.982260301444833
0.9977777777777778,0.42843511450381677,0.9822636667491204
0.9977728285077951,0.42748091603053434,0.982269854654721
0.9977678571428571,0.4265267175572519,0.9822711502632446
0.9977628635346756,0.4255725190839695,0.9822724213137776
0.9977578475336323,0.42461832061068705,0.9822740730041569
0.9977528089887641,0.42366412213740456,0.9822766882898833
0.9977477477477478,0.42270992366412213,0.9822874866522148
0.9977426636568849,0.4217557251908397,0.9822885642508367
0.997737556561086,0.4208015267175573,0.9822908197975226
0.9977324263038548,0.4198473282442748,0.9822939312726426
0.9977272727272727,0.41889312977099236,0.982304325492081
0.9977220956719818,0.4179389312977099,0.982314909502895
0.997716894977169,0.4169847328244275,0.9823212367435967
0.9977116704805492,0.41603053435114506,0.9823229414919029
0.9977064220183486,0.4150763358778626,0.9823249230828629
0.9977011494252873,0.41412213740458015,0.9823281911362438
0.9976958525345622,0.4131679389312977,0.9823311311143714
0.9976905311778291,0.4122137404580153,0.9823367467590474
0.9976851851851852,0.4112595419847328,0.9823379388519273
0.9976798143851509,0.41030534351145037,0.9823480972581295
0.9976744186046511,0.40935114503816794,0.9823521459366007
0.9976689976689976,0.4083969465648855,0.9823557679596034
0.9976635514018691,0.4074427480916031,0.9823897543661877
0.9976580796252927,0.4064885496183206,0.982401390349808
0.9976525821596244,0.40553435114503816,0.9824031957389114
0.9976470588235294,0.40458015267175573,0.9824032856703049
0.9976415094339622,0.4036259541984733,0.9824055864631193
0.9976359338061466,0.4026717557251908,0.9824063430247446
0.9976303317535545,0.4017175572519084,0.9824092040475926
0.997624703087886,0.40076335877862596,0.9824095909535349
0.9976190476190476,0.3998091603053435,0.9824196908049034
0.9976133651551312,0.3988549618320611,0.9824221620438006
0.9976076555023924,0.3979007633587786,0.9824264433811518
0.9976019184652278,0.3969465648854962,0.9824336199919839
0.9975961538461539,0.39599236641221375,0.9824377656510268
0.9975903614457832,0.3950381679389313,0.9824396262045246
0.9975845410628019,0.39408396946564883,0.982439921351146
0.9975786924939467,0.3931297709923664,0.9824483935770668
0.9975728155339806,0.39217557251908397,0.9824534160527545
0.9975669099756691,0.39122137404580154,0.9824541815016195
0.9975609756097561,0.3902671755725191,0.9824591378373042
0.9975550122249389,0.3893129770992366,0.982461504768867
0.9975490196078431,0.3883587786259542,0.982464987458009
0.9975429975429976,0.38740458015267176,0.9824686581112279
0.9975369458128078,0.38645038167938933,0.9824718796369736
0.9975308641975309,0.38549618320610685,0.9824747681099399
0.9975247524752475,0.3845419847328244,0.9824991189595345
0.9975186104218362,0.383587786259542,0.9825099230832272
0.9975124378109452,0.38263358778625955,0.9825245353709623
0.9975062344139651,0.3816793893129771,0.9825258694228174
0.9975,0.38072519083969464,0.982528380138417
0.9974937343358395,0.3797709923664122,0.9825309690121332
0.9974874371859297,0.3788167938931298,0.982536550676314
0.9974811083123426,0.37786259541984735,0.9825403204099125
0.9974747474747475,0.37690839694656486,0.9825407862663269
0.9974683544303797,0.37595419847328243,0.9825420800567937
0.9974619289340102,0.375,0.982544705531825
0.9974554707379135,0.37404580152671757,0.982545881943282
0.9974489795918368,0.37309160305343514,0.9825544182187907
0.9974424552429667,0.37213740458015265,0.9825573032830622
0.9974358974358974,0.3711832061068702,0.9825605237638677
0.9974293059125964,0.3702290076335878,0.9825607106891393
0.9974226804123711,0.36927480916030536,0.9825621145389547
0.9974160206718347,0.3683206106870229,0.9825653590605248
0.9974093264248705,0.36736641221374045,0.9825662594117133
0.9974025974025974,0.366412213740458,0.9825707169489071
0.9973958333333334,0.3654580152671756,0.9825747499327203
0.9973890339425587,0.36450381679389315,0.9825761391414414
0.9973821989528796,0.36354961832061067,0.9825772972524005
0.9973753280839895,0.36259541984732824,0.9825922214143268
0.9973684210526316,0.3616412213740458,0.9825923040192003
0.9973614775725593,0.3606870229007634,0.9825982312950413
0.9973544973544973,0.3597328244274809,0.9826047211240833
0.9973474801061007,0.35877862595419846,0.9826068318732337
0.9973404255319149,0.35782442748091603,0.9826145969494443
0.9973333333333333,0.3568702290076336,0.9826187169910982
0.9973262032085561,0.35591603053435117,0.9826236348922855
0.9973190348525469,0.3549618320610687,0.9826286646813118
0.9973118279569892,0.35400763358778625,0.9826348350745824
0.9973045822102425,0.3530534351145038,0.9826418637273618
0.9972972972972973,0.3520992366412214,0.9826429533226628
0.997289972899729,0.3511450381679389,0.9826533601030222
0.9972826086956522,0.3501908396946565,0.9826599597457414
0.997275204359673,0.34923664122137404,0.9826601056134319
0.9972677595628415,0.3482824427480916,0.9826618616033692
0.9972602739726028,0.3473282442748092,0.9826627384029186
0.9972527472527473,0.3463740458015267,0.9826829049059358
0.9972451790633609,0.34541984732824427,0.9826938235379619
0.9972375690607734,0.34446564885496184,0.9826944726663132
1.0,0.34446564885496184,0.9826962231660296
1.0,0.3435114503816794,0.9826975849208409
1.0,0.3425572519083969,0.9826983242041468
1.0,0.3416030534351145,0.9827088209121378
1.0,0.34064885496183206,0.9827160945093195
1.0,0.33969465648854963,0.9827364280443612
1.0,0.3387404580152672,0.9827400921867088
1.0,0.3377862595419847,0.9827419767675967
1.0,0.3368320610687023,0.9827457279727086
1.0,0.33587786259541985,0.9827593050191072
1.0,0.3349236641221374,0.9827651070300363
1.0,0.33396946564885494,0.9827653253126347
1.0,0.3330152671755725,0.9827737789921951
1.0,0.3320610687022901,0.9827802675498039
1.0,0.33110687022900764,0.9827844720211134
1.0,0.3301526717557252,0.982785570754414
1.0,0.3291984732824427,0.982789697898272
1.0,0.3282442748091603,0.9827915952891737
1.0,0.32729007633587787,0.9827918099100501
1.0,0.32633587786259544,0.9827969001025192
1.0,0.32538167938931295,0.9827991164579954
1.0,0.3244274809160305,0.9828048073834328
1.0,0.3234732824427481,0.9828213416679898
1.0,0.32251908396946566,0.9828278064294932
1.0,0.32156488549618323,0.9828456703246462
1.0,0.32061068702290074,0.9828465324643041
1.0,0.3196564885496183,0.9828725182580058
1.0,0.3187022900763359,0.9828776304214751
1.0,0.31774809160305345,0.9828823749932514
1.0,0.31679389312977096,0.9828857274994788
1.0,0.31583969465648853,0.9828894954075551
1.0,0.3148854961832061,0.9828898896509343
1.0,0.3139312977099237,0.982894386650103
1.0,0.31297709923664124,0.9828955411078112
1.0,0.31202290076335876,0.9829046138298739
1.0,0.3110687022900763,0.9829122322399733
1.0,0.3101145038167939,0.9829210309449983
1.0,0.30916030534351147,0.9829230969682898
1.0,0.30820610687022904,0.9829261449415407
1.0,0.30725190839694655,0.9829349233021842
1.0,0.3062977099236641,0.982942694893427
1.0,0.3053435114503817,0.9829518070804651
1.0,0.30438931297709926,0.9829520784550773
1.0,0.30343511450381677,0.982957111893781
1.0,0.30248091603053434,0.9829605781176665
1.0,0.3015267175572519,0.9829658160027211
1.0,0.3005725190839695,0.9829809647370484
1.0,0.29961832061068705,0.9829916888973843
1.0,0.29866412213740456,0.983014147032632
1.0,0.29770992366412213,0.9830195619004454
1.0,0.2967557251908397,0.9830207236850333
1.0,0.2958015267175573,0.983025586643568
1.0,0.2948473282442748,0.9830343281932314
1.0,0.29389312977099236,0.9830408655738798
1.0,0.2929389312977099,0.9830485747148043
1.0,0.2919847328244275,0.9830610613832744
1.0,0.29103053435114506,0.9830722221012848
1.0,0.2900763358778626,0.9830766090406704
1.0,0.28912213740458015,0.983081042766571
1.0,0.2881679389312977,0.9830868317416819
1.0,0.2872137404580153,0.9831209677164743
1.0,0.2862595419847328,0.9831265477532933
1.0,0.28530534351145037,0.983135633296254
1.0,0.28435114503816794,0.9831357433493776
1.0,0.2833969465648855,0.9831362348363991
1.0,0.2824427480916031,0.9831378624741747
1.0,0.2814885496183206,0.9831388584457667
1.0,0.28053435114503816,0.9831411582157459
1.0,0.27958015267175573,0.9831593201466535
1.0,0.2786259541984733,0.9831653650260462
1.0,0.2776717557251908,0.9831762828351511
1.0,0.2767175572519084,0.9831793436450054
1.0,0.27576335877862596,0.983184035930097
1.0,0.2748091603053435,0.9831982914267825
1.0,0.2738549618320611,0.9832060328762995
1.0,0.2729007633587786,0.9832065215320124
1.0,0.2719465648854962,0.9832113450148534
1.0,0.27099236641221375,0.9832231091059878
1.0,0.2700381679389313,0.9832267826170163
1.0,0.26908396946564883,0.9832358699938242
1.0,0.2681297709923664,0.983250224557245
1.0,0.26717557251908397,0.9832566618590366
1.0,0.26622137404580154,0.9832856132334888
1.0,0.2652671755725191,0.9832869143819332
1.0,0.2643129770992366,0.9832892867432641
1.0,0.2633587786259542,0.9832908631012544
1.0,0.26240458015267176,0.9832983814483177
1.0,0.26145038167938933,0.9833085115699176
1.0,0.26049618320610685,0.9833165398809205
1.0,0.2595419847328244,0.9833595880931563
1.0,0.258587786259542,0.98336236569998
1.0,0.25763358778625955,0.9833752164912799
1.0,0.2566793893129771,0.9833817959727905
1.0,0.25572519083969464,0.983391407815335
1.0,0.2547709923664122,0.9833922038144397
1.0,0.2538167938931298,0.983399288450542
1.0,0.25286259541984735,0.9834172844016442
1.0,0.25190839694656486,0.9834327899250401
1.0,0.25095419847328243,0.9834367513085819
1.0,0.25,0.9834485072334269
1.0,0.24904580152671757,0.983455831277431
1.0,0.2480916030534351,0.9834633268078853
1.0,0.24713740458015268,0.9834633964179301
1.0,0.24618320610687022,0.98346346616745
1.0,0.2452290076335878,0.9834721015135042
1.0,0.24427480916030533,0.9834741492069257
1.0,0.2433206106870229,0.9834971043217198
1.0,0.24236641221374045,0.9835147784388454
1.0,0.24141221374045801,0.9835337390621745
1.0,0.24045801526717558,0.9835399407586827
1.0,0.23950381679389313,0.9835447962148427
1.0,0.2385496183206107,0.9835455893952126
1.0,0.23759541984732824,0.9835473490739912
1.0,0.2366412213740458,0.9835485999202095
1.0,0.23568702290076335,0.9835504586562651
1.0,0.23473282442748092,0.9835553563775329
1.0,0.23377862595419846,0.9835731167292643
1.0,0.23282442748091603,0.9835745645821783
1.0,0.2318702290076336,0.9835922057259343
1.0,0.23091603053435114,0.9835977912195562
1.0,0.2299618320610687,0.9836295999454141
1.0,0.22900763358778625,0.9836311816692552
1.0,0.22805343511450382,0.9836332623354439
1.0,0.22709923664122136,0.9836495142500739
1.0,0.22614503816793893,0.9836786609220205
1.0,0.22519083969465647,0.9836893970873772
1.0,0.22423664122137404,0.9836931604811587
1.0,0.22328244274809161,0.983698593665119
1.0,0.22232824427480916,0.9837289049438463
1.0,0.22137404580152673,0.9837367654272245
1.0,0.22041984732824427,0.9837641770975525
1.0,0.21946564885496184,0.9837754057269881
1.0,0.21851145038167938,0.9837927341859581
1.0,0.21755725190839695,0.9838033309848794
1.0,0.21660305343511452,0.9838089887957517
1.0,0.21564885496183206,0.9838158378323633
1.0,0.21469465648854963,0.9838206969611862
1.0,0.21374045801526717,0.9838394807180927
1.0,0.21278625954198474,0.9838436704056184
1.0,0.21183206106870228,0.9838828554438374
1.0,0.21087786259541985,0.9839162964412804
1.0,0.2099236641221374,0.983922928092567
1.0,0.20896946564885496,0.9839373945697367
1.0,0.20801526717557253,0.9839401666645404
1.0,0.20706106870229007,0.9839466553642355
1.0,0.20610687022900764,0.9839577601555156
1.0,0.20515267175572519,0.9839712665835181
1.0,0.20419847328244276,0.9839765384063519
1.0,0.2032442748091603,0.9840384061906811
1.0,0.20229007633587787,0.9840517850560668
1.0,0.2013358778625954,0.9840557960144649
1.0,0.20038167938931298,0.9840634254092946
1.0,0.19942748091603055,0.984098301459956
1.0,0.1984732824427481,0.9840990121644174
1.0,0.19751908396946566,0.984104473795186
1.0,0.1965648854961832,0.9841342513404735
1.0,0.19561068702290077,0.9841588772243219
1.0,0.1946564885496183,0.9841650962720555
1.0,0.19370229007633588,0.9841899275779724
1.0,0.19274809160305342,0.9842143058776855
1.0,0.191793893129771,0.9842228440079517
1.0,0.19083969465648856,0.9842397267889895
1.0,0.1898854961832061,0.9842504702918442
1.0,0.18893129770992367,0.984280745786012
1.0,0.18797709923664122,0.9842852363016694
1.0,0.18702290076335878,0.9843697896283604
1.0,0.18606870229007633,0.9843929923381727
1.0,0.1851145038167939,0.984423652070799
1.0,0.18416030534351144,0.9844423083132849
1.0,0.183206106870229,0.98449333906617
1.0,0.18225190839694658,0.9844966209818596
1.0,0.18129770992366412,0.9845119412160533
1.0,0.1803435114503817,0.9845343195429012
1.0,0.17938931297709923,0.9845516635862958
1.0,0.1784351145038168,0.9845842719078064
1.0,0.17748091603053434,0.9846016407009611
1.0,0.1765267175572519,0.9846179274411757
1.0,0.17557251908396945,0.9846232551794932
1.0,0.17461832061068702,0.9846306534915292
1.0,0.1736641221374046,0.9846627024528092
1.0,0.17270992366412213,0.984666210870577
1.0,0.1717557251908397,0.9846959884364379
1.0,0.17080152671755724,0.9847567328989917
1.0,0.16984732824427481,0.9848983636198045
1.0,0.16889312977099236,0.984911534411428
1.0,0.16793893129770993,0.9849595399993671
1.0,0.16698473282442747,0.984972333921046
1.0,0.16603053435114504,0.9849977218080949
1.0,0.1650763358778626,0.9850544856112116
1.0,0.16412213740458015,0.985063047579532
1.0,0.16316793893129772,0.985077949657721
1.0,0.16221374045801526,0.9850891828250169
1.0,0.16125954198473283,0.9851248044120191
1.0,0.16030534351145037,0.9851287309787056
1.0,0.15935114503816794,0.9852184258733017
1.0,0.15839694656488548,0.9852204533853293
1.0,0.15744274809160305,0.9852287760141969
1.0,0.15648854961832062,0.9852365530627748
1.0,0.15553435114503816,0.9853039420593677
1.0,0.15458015267175573,0.9853521411551148
1.0,0.15362595419847327,0.9853807174306609
1.0,0.15267175572519084,0.9854545400528746
1.0,0.15171755725190839,0.9855074020831533
1.0,0.15076335877862596,0.985508164093997
1.0,0.14980916030534353,0.9855311861174721
1.0,0.14885496183206107,0.9856208333976877
1.0,0.14790076335877864,0.985635247563134
1.0,0.14694656488549618,0.9856632388594122
1.0,0.14599236641221375,0.9856711066725519
1.0,0.1450381679389313,0.9857053655732805
1.0,0.14408396946564886,0.985708785136496
1.0,0.1431297709923664,0.9857090950277042
1.0,0.14217557251908397,0.985721543151554
1.0,0.14122137404580154,0.9858466477863811
1.0,0.14026717557251908,0.9858864398913616
1.0,0.13931297709923665,0.9859104046310067
1.0,0.1383587786259542,0.9859325758019103
1.0,0.13740458015267176,0.9859815578838032
1.0,0.1364503816793893,0.9860437375513714
1.0,0.13549618320610687,0.9860532247049614
1.0,0.13454198473282442,0.9861411818735958
1.0,0.13358778625954199,0.986246105334736
1.0,0.13263358778625955,0.9862871058805779
1.0,0.1316793893129771,0.9863004739562076
1.0,0.13072519083969467,0.9863645564045757
1.0,0.1297709923664122,0.9863754217982189
1.0,0.12881679389312978,0.9863820599613501
1.0,0.12786259541984732,0.9864038330041265
1.0,0.1269083969465649,0.986480957740328
1.0,0.12595419847328243,0.9864998247362817
1.0,0.125,0.9865769304072557
1.0,0.12404580152671756,0.9865827065449299
1.0,0.12309160305343511,0.9865865312300428
1.0,0.12213740458015267,0.9866240823979444
1.0,0.12118320610687022,0.9866378867858193
1.0,0.12022900763358779,0.9866381525258646
1.0,0.11927480916030535,0.9866838456452358
1.0,0.1183206106870229,0.9867001431920517
1.0,0.11736641221374046,0.9867889248326833
1.0,0.11641221374045801,0.9868578233421204
1.0,0.11545801526717557,0.9868580773851272
1.0,0.11450381679389313,0.9869662854175887
1.0,0.11354961832061068,0.9869833507305641
1.0,0.11259541984732824,0.9870918658233181
1.0,0.11164122137404581,0.9871827134121509
1.0,0.11068702290076336,0.9872324834478081
1.0,0.10973282442748092,0.9872413892061289
1.0,0.10877862595419847,0.9873274097429438
1.0,0.10782442748091603,0.9873380550667116
1.0,0.10687022900763359,0.9874900816826958
1.0,0.10591603053435114,0.9876541817261804
1.0,0.1049618320610687,0.9876718977338151
1.0,0.10400763358778627,0.9877084778798397
1.0,0.10305343511450382,0.9878706690890426
1.0,0.10209923664122138,0.9879263639450073
1.0,0.10114503816793893,0.987935949970845
1.0,0.10019083969465649,0.9879661414057215
1.0,0.09923664122137404,0.9879694123003084
1.0,0.0982824427480916,0.987985654924292
1.0,0.09732824427480916,0.9879887453686188
1.0,0.09637404580152671,0.988004375383209
1.0,0.09541984732824428,0.9880073134936869
1.0,0.09446564885496184,0.9880585470111273
1.0,0.09351145038167939,0.9881388839524652
1.0,0.09255725190839695,0.9882717701002813
1.0,0.0916030534351145,0.9882898726467644
1.0,0.09064885496183206,0.9882905584491753
1.0,0.08969465648854962,0.9883267614802005
1.0,0.08874045801526717,0.9885038972842519
1.0,0.08778625954198473,0.9885139941697177
1.0,0.0868320610687023,0.9886036112538313
1.0,0.08587786259541985,0.9886474726631599
1.0,0.08492366412213741,0.9888435418001648
1.0,0.08396946564885496,0.9888584125698583
1.0,0.08301526717557252,0.9888905194691334
1.0,0.08206106870229007,0.988911767273347
1.0,0.08110687022900763,0.988919550614881
1.0,0.08015267175572519,0.9890882950479383
1.0,0.07919847328244274,0.989102613059088
1.0,0.07824427480916031,0.9891269007068656
1.0,0.07729007633587787,0.9891793819999265
1.0,0.07633587786259542,0.98923236896653
1.0,0.07538167938931298,0.9893067368569962
1.0,0.07442748091603053,0.9893156308481761
1.0,0.07347328244274809,0.9893374995889608
1.0,0.07251908396946564,0.9893418040231741
1.0,0.0715648854961832,0.9893584887178016
1.0,0.07061068702290077,0.9893629667843932
1.0,0.06965648854961833,0.9893861760260289
1.0,0.06870229007633588,0.9894065417534776
1.0,0.06774809160305344,0.9894170960924261
1.0,0.06679389312977099,0.9894299599288959
1.0,0.06583969465648855,0.9894370089422905
1.0,0.0648854961832061,0.9894464436923317
1.0,0.06393129770992366,0.9894643837685811
1.0,0.06297709923664122,0.989503843885782
1.0,0.06202290076335878,0.9895380947360547
1.0,0.061068702290076333,0.9895536669168233
1.0,0.060114503816793896,0.9895621356836484
1.0,0.05916030534351145,0.9895680648137337
1.0,0.05820610687022901,0.9895806779580848
1.0,0.05725190839694656,0.9895947701583306
1.0,0.05629770992366412,0.989619178871489
1.0,0.05534351145038168,0.9896707159952234
1.0,0.05438931297709924,0.9897625894879909
1.0,0.05343511450381679,0.9898002983395082
1.0,0.05248091603053435,0.9898082530980238
1.0,0.05152671755725191,0.9898181907954544
1.0,0.05057251908396947,0.9899133035378818
1.0,0.04961832061068702,0.9900863118610274
1.0,0.04866412213740458,0.9900996829244453
1.0,0.04770992366412214,0.990101673852337
1.0,0.046755725190839696,0.9901119596364816
1.0,0.04580152671755725,0.9901339319522127
1.0,0.04484732824427481,0.9902546418428481
1.0,0.04389312977099236,0.9903080134828877
1.0,0.042938931297709926,0.9903486107034143
1.0,0.04198473282442748,0.9903933156834733
1.0,0.04103053435114504,0.9904145288307689
1.0,0.04007633587786259,0.9905639017650266
1.0,0.039122137404580155,0.9905782784780091
1.0,0.03816793893129771,0.9905935577628948
1.0,0.03721374045801527,0.9905976302524004
1.0,0.03625954198473282,0.9906312398900864
1.0,0.035305343511450385,0.990638871494137
1.0,0.03435114503816794,0.9906696468667362
1.0,0.033396946564885496,0.9907441938262175
1.0,0.03244274809160305,0.9907534816295952
1.0,0.03148854961832061,0.9907680292255435
1.0,0.030534351145038167,0.9907895381979059
1.0,0.029580152671755726,0.9907914741516901
1.0,0.02862595419847328,0.9908574924852415
1.0,0.02767175572519084,0.9909737252424453
1.0,0.026717557251908396,0.9910219228647674
1.0,0.025763358778625955,0.9910221815884936
1.0,0.02480916030534351,0.9910323189930821
1.0,0.02385496183206107,0.9911741282024713
1.0,0.022900763358778626,0.9911850547120605
1.0,0.02194656488549618,0.9912378293495775
1.0,0.02099236641221374,0.9912583721212053
1.0,0.020038167938931296,0.9913126372778891
1.0,0.019083969465648856,0.9913775412011314
1.0,0.01812977099236641,0.9914355735559635
1.0,0.01717557251908397,0.9914657894169446
1.0,0.016221374045801526,0.9914734169645777
1.0,0.015267175572519083,0.9914921009199963
1.0,0.01431297709923664,0.9917253459039681
1.0,0.013358778625954198,0.9918277272878473
1.0,0.012404580152671756,0.9920461963396215
1.0,0.011450381679389313,0.9920696962756275
1.0,0.01049618320610687,0.992134352984797
1.0,0.009541984732824428,0.99217074370257
1.0,0.008587786259541985,0.9921844518467224
1.0,0.007633587786259542,0.9922670269188617
1.0,0.006679389312977099,0.9923301597919729
1.0,0.0057251908396946565,0.9923592080427065
1.0,0.004770992366412214,0.9923637116625921
1.0,0.003816793893129771,0.9924122381528746
1.0,0.0028625954198473282,0.9928093922102543
1.0,0.0019083969465648854,0.9928762718565746
1.0,0.0009541984732824427,0.9929634808483299
1.0,0.0,nan
