sample_id,original_record_id,original_filepath,original_relative_path,label,partition,fold,augmentation_type,augmentation_params,augmentation_index,seed,output_reference
aug_77bcea35cb350d0124c1,rec_2fbe8d849db8271b15ba,D:\INFANT CRY\data_set_dbl_split\train\belly_pain\2901_M_eairh.wav,belly_pain/2901_M_eairh.wav,belly_pain,train,2,gaussian_noise,"{""noise_factor"":0.00527719}",0,8733499070140188711,virtual:aug_77bcea35cb350d0124c1
aug_0ac0290c85ecb7cfcf0f,rec_5d81264429765a29a2c1,D:\INFANT CRY\data_set_dbl_split\train\belly_pain\1370_M_eairh.wav,belly_pain/1370_M_eairh.wav,belly_pain,train,2,pitch_shift,"{""steps"":0.984478}",1,16734816842218024881,virtual:aug_0ac0290c85ecb7cfcf0f
aug_497494fd3bfe80984a3c,rec_9ef4cab50c9a56e3bd9a,D:\INFANT CRY\data_set_dbl_split\train\belly_pain\4758_M_eairh.wav,belly_pain/4758_M_eairh.wav,belly_pain,train,2,pitch_shift,"{""steps"":-1.141289}",2,12645239157975733208,virtual:aug_497494fd3bfe80984a3c
aug_d227f96e07f76449e6a8,rec_f3c9e9d220dc2e97e90a,D:\INFANT CRY\data_set_dbl_split\train\belly_pain\2760_F_eairh.wav,belly_pain/2760_F_eairh.wav,belly_pain,train,2,time_stretch,"{""rate"":1.105854}",3,6020667097543097187,virtual:aug_d227f96e07f76449e6a8
aug_6b0fabb65169071825a1,rec_e41629e8492bfc07276b,D:\INFANT CRY\data_set_dbl_split\train\belly_pain\3151_M_eairh.wav,belly_pain/3151_M_eairh.wav,belly_pain,train,2,time_stretch,"{""rate"":0.887886}",4,9402483809158414133,virtual:aug_6b0fabb65169071825a1
aug_f74d1d281566ab182b20,rec_b9167ff33ed6aa5cabea,D:\INFANT CRY\data_set_dbl_split\train\belly_pain\4452_F_eairh.wav,belly_pain/4452_F_eairh.wav,belly_pain,train,2,time_shift,"{""fraction"":-0.071048}",5,3886547747480360460,virtual:aug_f74d1d281566ab182b20
aug_d220d2d3774ed35038aa,rec_7c9fa2018ccd9fa62207,D:\INFANT CRY\data_set_dbl_split\train\belly_pain\3492_F_eairh.wav,belly_pain/3492_F_eairh.wav,belly_pain,train,2,gaussian_noise,"{""noise_factor"":0.002721069}",6,12466268612774576161,virtual:aug_d220d2d3774ed35038aa
aug_dfd8e7b652c52999746a,rec_cd6ec618a07ea9574302,D:\INFANT CRY\data_set_dbl_split\train\belly_pain\2994_M_eairh.wav,belly_pain/2994_M_eairh.wav,belly_pain,train,2,pitch_shift,"{""steps"":2.039732}",7,9516298654218012337,virtual:aug_dfd8e7b652c52999746a
aug_ccc6584cd0baccdbb3ae,rec_71271d173296dd73b1cc,D:\INFANT CRY\data_set_dbl_split\train\belly_pain\dunstan-eairh_49.wav,belly_pain/dunstan-eairh_49.wav,belly_pain,train,2,pitch_shift,"{""steps"":-2.170425}",8,7231778684863558926,virtual:aug_ccc6584cd0baccdbb3ae
aug_cd99fb3f27df6ddc97cf,rec_50da61b23db30480db84,D:\INFANT CRY\data_set_dbl_split\train\belly_pain\4601_M_eairh.wav,belly_pain/4601_M_eairh.wav,belly_pain,train,2,time_stretch,"{""rate"":1.19746}",9,14361751564507102156,virtual:aug_cd99fb3f27df6ddc97cf
aug_aa35e830d499bdb5d31c,rec_886741e63dcc59e4d15d,D:\INFANT CRY\data_set_dbl_split\train\belly_pain\dunstan-eairh_2.wav,belly_pain/dunstan-eairh_2.wav,belly_pain,train,2,time_stretch,"{""rate"":0.815942}",10,8676391901402156665,virtual:aug_aa35e830d499bdb5d31c
aug_7ad44c8b79083a6bef77,rec_212b93ff5570b7840e1a,D:\INFANT CRY\data_set_dbl_split\train\belly_pain\419_M_eairh.wav,belly_pain/419_M_eairh.wav,belly_pain,train,2,gaussian_noise,"{""noise_factor"":0.005019362}",11,15627528912856614830,virtual:aug_7ad44c8b79083a6bef77
aug_08f3a9b0f18f6056599d,rec_bc25d1ebb8434b66682a,D:\INFANT CRY\data_set_dbl_split\train\belly_pain\2293_F_eairh.wav,belly_pain/2293_F_eairh.wav,belly_pain,train,2,pitch_shift,"{""steps"":1.106304}",12,6458268667257524164,virtual:aug_08f3a9b0f18f6056599d
aug_2cdf0918dd25a1b0138f,rec_519de6d134c08a715f7a,D:\INFANT CRY\data_set_dbl_split\train\belly_pain\4437_M_eairh.wav,belly_pain/4437_M_eairh.wav,belly_pain,train,2,pitch_shift,"{""steps"":-1.078617}",13,6362767259644056018,virtual:aug_2cdf0918dd25a1b0138f
aug_9636bc526fc533129dc1,rec_f08400013ae835c03434,D:\INFANT CRY\data_set_dbl_split\train\belly_pain\dunstan-eairh_12.wav,belly_pain/dunstan-eairh_12.wav,belly_pain,train,2,time_stretch,"{""rate"":1.099909}",14,16340482405763500490,virtual:aug_9636bc526fc533129dc1
aug_3395d15b791ed28b505c,rec_74b947283511c8751b65,D:\INFANT CRY\data_set_dbl_split\train\belly_pain\2593_M_eairh.wav,belly_pain/2593_M_eairh.wav,belly_pain,train,2,time_stretch,"{""rate"":0.907935}",15,15883762281785719124,virtual:aug_3395d15b791ed28b505c
aug_f4b6ef58c36ace8f084a,rec_b2242a410e34ac87e103,D:\INFANT CRY\data_set_dbl_split\train\belly_pain\dunstan-eairh_7.wav,belly_pain/dunstan-eairh_7.wav,belly_pain,train,2,time_shift,"{""fraction"":0.0799175}",16,18209084595174228044,virtual:aug_f4b6ef58c36ace8f084a
aug_53f5af12917798a20045,rec_07826f6464f9e0639207,D:\INFANT CRY\data_set_dbl_split\train\belly_pain\dunstan-eairh_3.wav,belly_pain/dunstan-eairh_3.wav,belly_pain,train,2,gaussian_noise,"{""noise_factor"":0.002485857}",17,9543380403747753825,virtual:aug_53f5af12917798a20045
aug_be8be3fb508fa4f7fa6b,rec_8edd741f68bb4fc40004,D:\INFANT CRY\data_set_dbl_split\train\belly_pain\446_M_eairh.wav,belly_pain/446_M_eairh.wav,belly_pain,train,2,pitch_shift,"{""steps"":1.909121}",18,2079289741309000904,virtual:aug_be8be3fb508fa4f7fa6b
aug_b2f38be626eec9f99616,rec_cdcf04a52b20c44770ea,D:\INFANT CRY\data_set_dbl_split\train\belly_pain\2685_F_eairh.wav,belly_pain/2685_F_eairh.wav,belly_pain,train,2,pitch_shift,"{""steps"":-2.011075}",19,1032794504874961319,virtual:aug_b2f38be626eec9f99616
aug_3ae615da9438d2e98dcd,rec_a81034a5fda8f72d3ad1,D:\INFANT CRY\data_set_dbl_split\train\belly_pain\287_F_eairh.wav,belly_pain/287_F_eairh.wav,belly_pain,train,2,time_stretch,"{""rate"":1.184042}",20,13221405746435665417,virtual:aug_3ae615da9438d2e98dcd
aug_d9725240f4bbaee30619,rec_344f2459aa8a88a9964a,D:\INFANT CRY\data_set_dbl_split\train\belly_pain\228_M_eairh.wav,belly_pain/228_M_eairh.wav,belly_pain,train,2,time_stretch,"{""rate"":0.817381}",21,11871050474790215061,virtual:aug_d9725240f4bbaee30619
aug_8222ceb1851e8e070ecb,rec_a4059f5ca3482bd507f9,D:\INFANT CRY\data_set_dbl_split\train\belly_pain\2217_M_eairh.wav,belly_pain/2217_M_eairh.wav,belly_pain,train,2,gaussian_noise,"{""noise_factor"":0.005473741}",22,5011171384316580384,virtual:aug_8222ceb1851e8e070ecb
aug_3b6eab19a2a261e188e0,rec_bf373fe9b30b0dd92527,D:\INFANT CRY\data_set_dbl_split\train\belly_pain\407_M_eairh.wav,belly_pain/407_M_eairh.wav,belly_pain,train,2,pitch_shift,"{""steps"":1.035435}",23,174785258396030488,virtual:aug_3b6eab19a2a261e188e0
aug_a85323722abf55b62faa,rec_b52b02478d157dfacee6,D:\INFANT CRY\data_set_dbl_split\train\belly_pain\3541_M_eairh.wav,belly_pain/3541_M_eairh.wav,belly_pain,train,2,pitch_shift,"{""steps"":-1.062696}",24,15369279976754285834,virtual:aug_a85323722abf55b62faa
aug_57fed9080ed0254e9e4b,rec_38916b588bfc277e0233,D:\INFANT CRY\data_set_dbl_split\train\belly_pain\dunstan-eairh_34.wav,belly_pain/dunstan-eairh_34.wav,belly_pain,train,2,time_stretch,"{""rate"":1.093024}",25,828483277003071259,virtual:aug_57fed9080ed0254e9e4b
aug_303e43d37b6a4455e87d,rec_c3629105ce9cd90cfd02,D:\INFANT CRY\data_set_dbl_split\train\belly_pain\4186_M_eairh.wav,belly_pain/4186_M_eairh.wav,belly_pain,train,2,time_stretch,"{""rate"":0.898399}",26,10530778441285214814,virtual:aug_303e43d37b6a4455e87d
aug_05115d97e24d45f84391,rec_aef5992e5f42844e0dda,D:\INFANT CRY\data_set_dbl_split\train\belly_pain\dunstan-eairh_53.wav,belly_pain/dunstan-eairh_53.wav,belly_pain,train,2,time_shift,"{""fraction"":-0.096678}",27,12312548214253349556,virtual:aug_05115d97e24d45f84391
aug_e59f140752bebbbbf577,rec_774e95ea65e8ccac1202,D:\INFANT CRY\data_set_dbl_split\train\belly_pain\4684_M_eairh.wav,belly_pain/4684_M_eairh.wav,belly_pain,train,2,gaussian_noise,"{""noise_factor"":0.002485914}",28,9846893413865848721,virtual:aug_e59f140752bebbbbf577
aug_554732c0aacfa742cd26,rec_dbafcb96ca6a87f36f52,D:\INFANT CRY\data_set_dbl_split\train\belly_pain\dunstan-eairh_39.wav,belly_pain/dunstan-eairh_39.wav,belly_pain,train,2,pitch_shift,"{""steps"":1.95108}",29,13184038181623463400,virtual:aug_554732c0aacfa742cd26
aug_3701f1d83b2e703f6589,rec_ba52e0a6338d8ae240d8,D:\INFANT CRY\data_set_dbl_split\train\belly_pain\dunstan-eairh_19.wav,belly_pain/dunstan-eairh_19.wav,belly_pain,train,2,pitch_shift,"{""steps"":-1.865123}",30,13563262657457725965,virtual:aug_3701f1d83b2e703f6589
aug_4ffda01531854a9a109a,rec_c7ab84dc1e25a511f089,D:\INFANT CRY\data_set_dbl_split\train\belly_pain\3054_M_eairh.wav,belly_pain/3054_M_eairh.wav,belly_pain,train,2,time_stretch,"{""rate"":1.195639}",31,17635459081204119380,virtual:aug_4ffda01531854a9a109a
aug_6eaa3fae7b6dd5898faa,rec_9fe218fb42a48370949d,D:\INFANT CRY\data_set_dbl_split\train\belly_pain\476_M_eairh.wav,belly_pain/476_M_eairh.wav,belly_pain,train,2,time_stretch,"{""rate"":0.820439}",32,14884249791420059239,virtual:aug_6eaa3fae7b6dd5898faa
aug_658723c1b8a2f70b7dfe,rec_81fef69644989c4602c2,D:\INFANT CRY\data_set_dbl_split\train\belly_pain\4745_M_eairh.wav,belly_pain/4745_M_eairh.wav,belly_pain,train,2,gaussian_noise,"{""noise_factor"":0.005295907}",33,2055123947037767635,virtual:aug_658723c1b8a2f70b7dfe
aug_6e1dac2f3eabb9dfb4b7,rec_6ddf02f097374f28d75a,D:\INFANT CRY\data_set_dbl_split\train\belly_pain\dunstan-eairh_4.wav,belly_pain/dunstan-eairh_4.wav,belly_pain,train,2,pitch_shift,"{""steps"":0.842358}",34,3847117720458448224,virtual:aug_6e1dac2f3eabb9dfb4b7
aug_c0c57b15bcc1e326493f,rec_a5ec4310f567f29fe0e6,D:\INFANT CRY\data_set_dbl_split\train\belly_pain\3482_M_eairh.wav,belly_pain/3482_M_eairh.wav,belly_pain,train,2,pitch_shift,"{""steps"":-1.009216}",35,11569942221723628640,virtual:aug_c0c57b15bcc1e326493f
aug_184db688d74e8105fecd,rec_020faabb65976146dcf3,D:\INFANT CRY\data_set_dbl_split\train\belly_pain\2210_M_eairh.wav,belly_pain/2210_M_eairh.wav,belly_pain,train,2,time_stretch,"{""rate"":1.120151}",36,3531695953087571369,virtual:aug_184db688d74e8105fecd
aug_c1d57e75ab10c054f80b,rec_dc2883d8ee245da07d43,D:\INFANT CRY\data_set_dbl_split\train\belly_pain\2243_M_eairh.wav,belly_pain/2243_M_eairh.wav,belly_pain,train,2,time_stretch,"{""rate"":0.900567}",37,17502407829034686607,virtual:aug_c1d57e75ab10c054f80b
aug_3be12e95e74df3bd9bbd,rec_fcc4c169f306104793fd,D:\INFANT CRY\data_set_dbl_split\train\belly_pain\1588_M_eairh.wav,belly_pain/1588_M_eairh.wav,belly_pain,train,2,time_shift,"{""fraction"":0.0007186}",38,10796376183681215213,virtual:aug_3be12e95e74df3bd9bbd
aug_996d2d072a06099a4e69,rec_0bf28df218daf1ccd7d4,D:\INFANT CRY\data_set_dbl_split\train\belly_pain\dunstan-eairh_31.wav,belly_pain/dunstan-eairh_31.wav,belly_pain,train,2,gaussian_noise,"{""noise_factor"":0.002312217}",39,18238728464369556138,virtual:aug_996d2d072a06099a4e69
aug_c217a8b3cd11acfa1367,rec_cdb8986fc6e0fa25ec62,D:\INFANT CRY\data_set_dbl_split\train\belly_pain\2644_M_eairh.wav,belly_pain/2644_M_eairh.wav,belly_pain,train,2,pitch_shift,"{""steps"":1.949167}",40,2876774504912898969,virtual:aug_c217a8b3cd11acfa1367
aug_c328c566ff53e1a58a8d,rec_975dd89a0e79348933f6,D:\INFANT CRY\data_set_dbl_split\train\belly_pain\dunstan-eairh_1.wav,belly_pain/dunstan-eairh_1.wav,belly_pain,train,2,pitch_shift,"{""steps"":-2.175362}",41,4134704731464581767,virtual:aug_c328c566ff53e1a58a8d
aug_c8d2b3c1553bbe8dc672,rec_ab7a13884b2d82c96982,D:\INFANT CRY\data_set_dbl_split\train\belly_pain\3858_M_eairh.wav,belly_pain/3858_M_eairh.wav,belly_pain,train,2,time_stretch,"{""rate"":1.190547}",42,15429946014293735874,virtual:aug_c8d2b3c1553bbe8dc672
aug_03a3ccd6ee01798ce8ad,rec_3be61b78079d39f26682,D:\INFANT CRY\data_set_dbl_split\train\belly_pain\4847_M_eairh.wav,belly_pain/4847_M_eairh.wav,belly_pain,train,2,time_stretch,"{""rate"":0.802997}",43,2946518092022876019,virtual:aug_03a3ccd6ee01798ce8ad
aug_c7e95af508833be9e8b4,rec_88e4a7633c64c24b0e2a,D:\INFANT CRY\data_set_dbl_split\train\belly_pain\1353_M_eairh.wav,belly_pain/1353_M_eairh.wav,belly_pain,train,2,gaussian_noise,"{""noise_factor"":0.004302321}",44,2192431548623233233,virtual:aug_c7e95af508833be9e8b4
aug_69a36fbf12a18e34dc9c,rec_d9029df6f0570483478b,D:\INFANT CRY\data_set_dbl_split\train\belly_pain\393_M_eairh.wav,belly_pain/393_M_eairh.wav,belly_pain,train,2,pitch_shift,"{""steps"":0.901506}",45,2163292189014364997,virtual:aug_69a36fbf12a18e34dc9c
aug_bae4b34470ef7f52a1ef,rec_bc38ab67adac26f034e8,D:\INFANT CRY\data_set_dbl_split\train\belly_pain\dunstan-eairh_13.wav,belly_pain/dunstan-eairh_13.wav,belly_pain,train,2,pitch_shift,"{""steps"":-1.08077}",46,11603810933892716393,virtual:aug_bae4b34470ef7f52a1ef
aug_a6d6c39ec0a85815ca8c,rec_e28be47a3f49c072a427,D:\INFANT CRY\data_set_dbl_split\train\belly_pain\dunstan-eairh_8.wav,belly_pain/dunstan-eairh_8.wav,belly_pain,train,2,time_stretch,"{""rate"":1.104977}",47,9945771912987905914,virtual:aug_a6d6c39ec0a85815ca8c
aug_aaff5aedb0f70a805c82,rec_aee0e27f53394dd9463f,D:\INFANT CRY\data_set_dbl_split\train\belly_pain\792_M_eairh.wav,belly_pain/792_M_eairh.wav,belly_pain,train,2,time_stretch,"{""rate"":0.916427}",48,5980455775530493735,virtual:aug_aaff5aedb0f70a805c82
aug_d9d3685993dd6bcd8d65,rec_6a612fdb6f32216b009d,D:\INFANT CRY\data_set_dbl_split\train\belly_pain\dunstan-eairh_60.wav,belly_pain/dunstan-eairh_60.wav,belly_pain,train,2,time_shift,"{""fraction"":-0.084833}",49,9486497191706132031,virtual:aug_d9d3685993dd6bcd8d65
aug_21a4987130ca56a77dd1,rec_9516de195d0ec83f4725,D:\INFANT CRY\data_set_dbl_split\train\belly_pain\3195_M_eairh.wav,belly_pain/3195_M_eairh.wav,belly_pain,train,2,gaussian_noise,"{""noise_factor"":0.002171281}",50,2706181612600564539,virtual:aug_21a4987130ca56a77dd1
aug_8c87efb38d971d0535ca,rec_3c400a3cd8526f5968e2,D:\INFANT CRY\data_set_dbl_split\train\belly_pain\1321_F_eairh.wav,belly_pain/1321_F_eairh.wav,belly_pain,train,2,pitch_shift,"{""steps"":2.132287}",51,2543878433730811939,virtual:aug_8c87efb38d971d0535ca
aug_0023913756414f0ab252,rec_9b5466053393e9dbc382,D:\INFANT CRY\data_set_dbl_split\train\belly_pain\dunstan-eairh_23.wav,belly_pain/dunstan-eairh_23.wav,belly_pain,train,2,pitch_shift,"{""steps"":-2.183248}",52,8483181010258632833,virtual:aug_0023913756414f0ab252
aug_e294618bb17cff2ec10b,rec_cd47bf189e0812ab4c2a,D:\INFANT CRY\data_set_dbl_split\train\belly_pain\844_M_eairh.wav,belly_pain/844_M_eairh.wav,belly_pain,train,2,time_stretch,"{""rate"":1.195488}",53,14793742167421389699,virtual:aug_e294618bb17cff2ec10b
aug_daa53198460ca55509d3,rec_eb97e029b56da724a0bb,D:\INFANT CRY\data_set_dbl_split\train\belly_pain\838_F_eairh.wav,belly_pain/838_F_eairh.wav,belly_pain,train,2,time_stretch,"{""rate"":0.799291}",54,2967112161665506377,virtual:aug_daa53198460ca55509d3
aug_6d82693236ecb8cee9a1,rec_d433c8ac12980d0cc901,D:\INFANT CRY\data_set_dbl_split\train\belly_pain\3619_M_eairh.wav,belly_pain/3619_M_eairh.wav,belly_pain,train,2,gaussian_noise,"{""noise_factor"":0.00436027}",55,9744928182624059756,virtual:aug_6d82693236ecb8cee9a1
aug_497cb65c38f3747ba846,rec_a0848fd98077b24f5820,D:\INFANT CRY\data_set_dbl_split\train\belly_pain\1462_F_eairh.wav,belly_pain/1462_F_eairh.wav,belly_pain,train,2,pitch_shift,"{""steps"":0.93997}",56,4199175506792723085,virtual:aug_497cb65c38f3747ba846
aug_323c4c839b9fab0ec1f1,rec_f3b17560413168dbbc98,D:\INFANT CRY\data_set_dbl_split\train\belly_pain\1197_M_eairh.wav,belly_pain/1197_M_eairh.wav,belly_pain,train,2,pitch_shift,"{""steps"":-0.955753}",57,7934774205803788761,virtual:aug_323c4c839b9fab0ec1f1
aug_54bc048e7a2920ed0ee3,rec_6de25635db4018c640cb,D:\INFANT CRY\data_set_dbl_split\train\belly_pain\3077_F_eairh.wav,belly_pain/3077_F_eairh.wav,belly_pain,train,2,time_stretch,"{""rate"":1.100088}",58,1168436021134994836,virtual:aug_54bc048e7a2920ed0ee3
aug_3b609053883c684f2890,rec_df6f22b942b4fbdceea0,D:\INFANT CRY\data_set_dbl_split\train\belly_pain\318_M_eairh.wav,belly_pain/318_M_eairh.wav,belly_pain,train,2,time_stretch,"{""rate"":0.883386}",59,6975468546988099730,virtual:aug_3b609053883c684f2890
aug_83620f68319ed4976045,rec_02cdbe8c0204373d3f9c,D:\INFANT CRY\data_set_dbl_split\train\belly_pain\dunstan-eairh_44.wav,belly_pain/dunstan-eairh_44.wav,belly_pain,train,2,time_shift,"{""fraction"":-0.0058814}",60,18314464916282029250,virtual:aug_83620f68319ed4976045
aug_ba22b05ec25e1ef9730c,rec_db0170c6e9143b76c98f,D:\INFANT CRY\data_set_dbl_split\train\belly_pain\1215_M_eairh.wav,belly_pain/1215_M_eairh.wav,belly_pain,train,2,gaussian_noise,"{""noise_factor"":0.002318151}",61,3077794866743246010,virtual:aug_ba22b05ec25e1ef9730c
aug_b3b7ec7a552864cde504,rec_db04a08c8cb045de0940,D:\INFANT CRY\data_set_dbl_split\train\belly_pain\4896_M_eairh.wav,belly_pain/4896_M_eairh.wav,belly_pain,train,2,pitch_shift,"{""steps"":1.982252}",62,16561040310838086652,virtual:aug_b3b7ec7a552864cde504
aug_e51058ccd702dc38a802,rec_fac87a465c8472b089f6,D:\INFANT CRY\data_set_dbl_split\train\belly_pain\2250_F_eairh.wav,belly_pain/2250_F_eairh.wav,belly_pain,train,2,pitch_shift,"{""steps"":-2.16703}",63,790653371049067531,virtual:aug_e51058ccd702dc38a802
aug_b37d7302ee04c1767a90,rec_6ac41708a7f3de4ed900,D:\INFANT CRY\data_set_dbl_split\train\belly_pain\dunstan-eairh_9.wav,belly_pain/dunstan-eairh_9.wav,belly_pain,train,2,time_stretch,"{""rate"":1.208738}",64,5087128572756843575,virtual:aug_b37d7302ee04c1767a90
aug_dd8cb268a45a39ae3962,rec_2730b77759b8808a6d27,D:\INFANT CRY\data_set_dbl_split\train\belly_pain\3786_M_eairh.wav,belly_pain/3786_M_eairh.wav,belly_pain,train,2,time_stretch,"{""rate"":0.775911}",65,17045399929095416004,virtual:aug_dd8cb268a45a39ae3962
aug_8a08403a169e38b08886,rec_4771cea23a26a41b1167,D:\INFANT CRY\data_set_dbl_split\train\belly_pain\216_M_eairh.wav,belly_pain/216_M_eairh.wav,belly_pain,train,2,gaussian_noise,"{""noise_factor"":0.005444335}",66,15867278265308408018,virtual:aug_8a08403a169e38b08886
aug_d7a3bc602feae7ccec38,rec_917b2809b108d84393e1,D:\INFANT CRY\data_set_dbl_split\train\belly_pain\dunstan-eairh_37.wav,belly_pain/dunstan-eairh_37.wav,belly_pain,train,2,pitch_shift,"{""steps"":0.878854}",67,3082726262141363806,virtual:aug_d7a3bc602feae7ccec38
aug_17bc87739eba1677885d,rec_b6b66fb3f3de74db9ab8,D:\INFANT CRY\data_set_dbl_split\train\belly_pain\3825_M_eairh.wav,belly_pain/3825_M_eairh.wav,belly_pain,train,2,pitch_shift,"{""steps"":-1.104318}",68,12153515365185594354,virtual:aug_17bc87739eba1677885d
aug_ca66ee9dcc389939a263,rec_bd03bef6ee0cbaf1d721,D:\INFANT CRY\data_set_dbl_split\train\belly_pain\3616_F_eairh.wav,belly_pain/3616_F_eairh.wav,belly_pain,train,2,time_stretch,"{""rate"":1.092334}",69,2315289435704443491,virtual:aug_ca66ee9dcc389939a263
aug_22df710924d353a63799,rec_0c6c903753d565dac519,D:\INFANT CRY\data_set_dbl_split\train\belly_pain\3505_M_eairh.wav,belly_pain/3505_M_eairh.wav,belly_pain,train,2,time_stretch,"{""rate"":0.898959}",70,2876450254141483638,virtual:aug_22df710924d353a63799
aug_953440064ab34f2b403d,rec_fdf6fac981d89bd04593,D:\INFANT CRY\data_set_dbl_split\train\belly_pain\3344_M_eairh.wav,belly_pain/3344_M_eairh.wav,belly_pain,train,2,time_shift,"{""fraction"":-0.0423714}",71,7296634009980460812,virtual:aug_953440064ab34f2b403d
aug_67f14f484f74a690a6e2,rec_537385263a6cfc438d37,D:\INFANT CRY\data_set_dbl_split\train\belly_pain\1084_M_eairh.wav,belly_pain/1084_M_eairh.wav,belly_pain,train,2,gaussian_noise,"{""noise_factor"":0.002622984}",72,9317336228433945616,virtual:aug_67f14f484f74a690a6e2
aug_9ca9b9bf033e3431c638,rec_3e28c761181c5229dd97,D:\INFANT CRY\data_set_dbl_split\train\belly_pain\dunstan-eairh_11.wav,belly_pain/dunstan-eairh_11.wav,belly_pain,train,2,pitch_shift,"{""steps"":1.974315}",73,17045636586224368080,virtual:aug_9ca9b9bf033e3431c638
aug_d0d1d32dabce3547e743,rec_49997b84581d28fe47cf,D:\INFANT CRY\data_set_dbl_split\train\belly_pain\1498_M_eairh.wav,belly_pain/1498_M_eairh.wav,belly_pain,train,2,pitch_shift,"{""steps"":-2.125853}",74,10843434831889068821,virtual:aug_d0d1d32dabce3547e743
aug_65109b4e423aa6c4c775,rec_9897d60d93c5b1f8c62b,D:\INFANT CRY\data_set_dbl_split\train\belly_pain\dunstan-eairh_14.wav,belly_pain/dunstan-eairh_14.wav,belly_pain,train,2,time_stretch,"{""rate"":1.176313}",75,12616587770781608627,virtual:aug_65109b4e423aa6c4c775
aug_f43f7109b6b7b433d2c8,rec_4540c986f8cce2bafa2c,D:\INFANT CRY\data_set_dbl_split\train\belly_pain\1554_M_eairh.wav,belly_pain/1554_M_eairh.wav,belly_pain,train,2,time_stretch,"{""rate"":0.808888}",76,5772775635171521834,virtual:aug_f43f7109b6b7b433d2c8
aug_f49ee20733a14b36fa36,rec_e6d5a53ef5c2a42cae1f,D:\INFANT CRY\data_set_dbl_split\train\belly_pain\dunstan-eairh_59.wav,belly_pain/dunstan-eairh_59.wav,belly_pain,train,2,gaussian_noise,"{""noise_factor"":0.00523585}",77,3635722284213952134,virtual:aug_f49ee20733a14b36fa36
aug_d56446c006189a47bc18,rec_0dcb14da74eee37cc249,D:\INFANT CRY\data_set_dbl_split\train\belly_pain\dunstan-eairh_24.wav,belly_pain/dunstan-eairh_24.wav,belly_pain,train,2,pitch_shift,"{""steps"":0.964436}",78,11427218357812225141,virtual:aug_d56446c006189a47bc18
aug_c4a7d5a7e00fc999a0e8,rec_e341b409fa744b48140a,D:\INFANT CRY\data_set_dbl_split\train\belly_pain\2367_M_eairh.wav,belly_pain/2367_M_eairh.wav,belly_pain,train,2,pitch_shift,"{""steps"":-1.123998}",79,7710519438405789686,virtual:aug_c4a7d5a7e00fc999a0e8
aug_69087932c24977b3a62c,rec_45acf6d12a71c4b85dfc,D:\INFANT CRY\data_set_dbl_split\train\belly_pain\dunstan-eairh_33.wav,belly_pain/dunstan-eairh_33.wav,belly_pain,train,2,time_stretch,"{""rate"":1.084119}",80,8342349347452980990,virtual:aug_69087932c24977b3a62c
aug_1aa917018b799e6706f4,rec_8cea211c8ae2584daf02,D:\INFANT CRY\data_set_dbl_split\train\belly_pain\1516_M_eairh.wav,belly_pain/1516_M_eairh.wav,belly_pain,train,2,time_stretch,"{""rate"":0.910524}",81,5932803815433721228,virtual:aug_1aa917018b799e6706f4
aug_72f00dc0a6a0ef202c85,rec_0213f75c14f4849c2a83,D:\INFANT CRY\data_set_dbl_split\train\belly_pain\dunstan-eairh_41.wav,belly_pain/dunstan-eairh_41.wav,belly_pain,train,2,time_shift,"{""fraction"":-0.0266535}",82,2160423069675032554,virtual:aug_72f00dc0a6a0ef202c85
aug_173e7b0e752b61faa5db,rec_204a9c054278b9416f57,D:\INFANT CRY\data_set_dbl_split\train\belly_pain\dunstan-eairh_17.wav,belly_pain/dunstan-eairh_17.wav,belly_pain,train,2,gaussian_noise,"{""noise_factor"":0.002466578}",83,11425058758613421027,virtual:aug_173e7b0e752b61faa5db
aug_251b18d0b21a64bcc576,rec_f6e860c75ce7b1ebce05,D:\INFANT CRY\data_set_dbl_split\train\belly_pain\4711_M_eairh.wav,belly_pain/4711_M_eairh.wav,belly_pain,train,2,pitch_shift,"{""steps"":1.842132}",84,8710234005267166731,virtual:aug_251b18d0b21a64bcc576
aug_42a5a85f7868b23cf47f,rec_fae98644f14f54a8f0a4,D:\INFANT CRY\data_set_dbl_split\train\belly_pain\3889_M_eairh.wav,belly_pain/3889_M_eairh.wav,belly_pain,train,2,pitch_shift,"{""steps"":-1.909564}",85,6894420978767989492,virtual:aug_42a5a85f7868b23cf47f
aug_5775ae5543d2c9a2ea1f,rec_fefa338d580873c2cd3e,D:\INFANT CRY\data_set_dbl_split\train\belly_pain\1190_M_eairh.wav,belly_pain/1190_M_eairh.wav,belly_pain,train,2,time_stretch,"{""rate"":1.218184}",86,5007318669560165185,virtual:aug_5775ae5543d2c9a2ea1f
aug_a39be85c8c99f72870d4,rec_fba775c7ee6d938c4a28,D:\INFANT CRY\data_set_dbl_split\train\belly_pain\2566_M_eairh.wav,belly_pain/2566_M_eairh.wav,belly_pain,train,2,time_stretch,"{""rate"":0.792407}",87,4784931426286908456,virtual:aug_a39be85c8c99f72870d4
aug_62293c5ec2cde439fa5e,rec_0c5e583cba7fea6e7572,D:\INFANT CRY\data_set_dbl_split\train\belly_pain\3688_M_eairh.wav,belly_pain/3688_M_eairh.wav,belly_pain,train,2,gaussian_noise,"{""noise_factor"":0.004707907}",88,4900004588659066013,virtual:aug_62293c5ec2cde439fa5e
aug_6d8e7b28f044745b55e5,rec_984c63597c96f9a7a5eb,D:\INFANT CRY\data_set_dbl_split\train\belly_pain\3319_M_eairh.wav,belly_pain/3319_M_eairh.wav,belly_pain,train,2,pitch_shift,"{""steps"":1.113799}",89,2168733878297693529,virtual:aug_6d8e7b28f044745b55e5
aug_af6a0b362f001147e4e6,rec_1b0acd4606aae95bef48,D:\INFANT CRY\data_set_dbl_split\train\belly_pain\2987_F_eairh.wav,belly_pain/2987_F_eairh.wav,belly_pain,train,2,pitch_shift,"{""steps"":-0.974892}",90,14533898505635140836,virtual:aug_af6a0b362f001147e4e6
aug_a63c415f87a118a99a65,rec_6f6b4910a46d0f5c9466,D:\INFANT CRY\data_set_dbl_split\train\belly_pain\dunstan-eairh_29.wav,belly_pain/dunstan-eairh_29.wav,belly_pain,train,2,time_stretch,"{""rate"":1.117549}",91,7668949227142976073,virtual:aug_a63c415f87a118a99a65
aug_7c4f7e1fefe6456b835a,rec_50282cf393ad274e3952,D:\INFANT CRY\data_set_dbl_split\train\belly_pain\dunstan-eairh_32.wav,belly_pain/dunstan-eairh_32.wav,belly_pain,train,2,time_stretch,"{""rate"":0.917426}",92,8139064244839200975,virtual:aug_7c4f7e1fefe6456b835a
aug_e38150ca9c2e6f85e17b,rec_2fbe8d849db8271b15ba,D:\INFANT CRY\data_set_dbl_split\train\belly_pain\2901_M_eairh.wav,belly_pain/2901_M_eairh.wav,belly_pain,train,2,time_shift,"{""fraction"":0.0829808}",93,11030423723870724836,virtual:aug_e38150ca9c2e6f85e17b
aug_add68bff9009b3ea005c,rec_5d81264429765a29a2c1,D:\INFANT CRY\data_set_dbl_split\train\belly_pain\1370_M_eairh.wav,belly_pain/1370_M_eairh.wav,belly_pain,train,2,gaussian_noise,"{""noise_factor"":0.002547843}",94,7021433044100318087,virtual:aug_add68bff9009b3ea005c
aug_69f3fa4341e86e49a6c7,rec_9ef4cab50c9a56e3bd9a,D:\INFANT CRY\data_set_dbl_split\train\belly_pain\4758_M_eairh.wav,belly_pain/4758_M_eairh.wav,belly_pain,train,2,pitch_shift,"{""steps"":2.00646}",95,3559687641752442828,virtual:aug_69f3fa4341e86e49a6c7
aug_ae65cd64ceebefd506fd,rec_f3c9e9d220dc2e97e90a,D:\INFANT CRY\data_set_dbl_split\train\belly_pain\2760_F_eairh.wav,belly_pain/2760_F_eairh.wav,belly_pain,train,2,pitch_shift,"{""steps"":-1.937862}",96,208581825299733907,virtual:aug_ae65cd64ceebefd506fd
aug_cb5bb23b0fe60cb82b7d,rec_e41629e8492bfc07276b,D:\INFANT CRY\data_set_dbl_split\train\belly_pain\3151_M_eairh.wav,belly_pain/3151_M_eairh.wav,belly_pain,train,2,time_stretch,"{""rate"":1.222627}",97,5494936125208049834,virtual:aug_cb5bb23b0fe60cb82b7d
aug_14c8494a3ae6d342e099,rec_b9167ff33ed6aa5cabea,D:\INFANT CRY\data_set_dbl_split\train\belly_pain\4452_F_eairh.wav,belly_pain/4452_F_eairh.wav,belly_pain,train,2,time_stretch,"{""rate"":0.795553}",98,2484166333113329704,virtual:aug_14c8494a3ae6d342e099
aug_20da075f8e2c89b1e615,rec_7c9fa2018ccd9fa62207,D:\INFANT CRY\data_set_dbl_split\train\belly_pain\3492_F_eairh.wav,belly_pain/3492_F_eairh.wav,belly_pain,train,2,gaussian_noise,"{""noise_factor"":0.005327085}",99,14247941610734284729,virtual:aug_20da075f8e2c89b1e615
aug_000aa2f7e02825fb0bc4,rec_cd6ec618a07ea9574302,D:\INFANT CRY\data_set_dbl_split\train\belly_pain\2994_M_eairh.wav,belly_pain/2994_M_eairh.wav,belly_pain,train,2,pitch_shift,"{""steps"":0.974525}",100,15321191511437317004,virtual:aug_000aa2f7e02825fb0bc4
aug_3349857d26b12991f6b0,rec_71271d173296dd73b1cc,D:\INFANT CRY\data_set_dbl_split\train\belly_pain\dunstan-eairh_49.wav,belly_pain/dunstan-eairh_49.wav,belly_pain,train,2,pitch_shift,"{""steps"":-1.160744}",101,14730047385260366330,virtual:aug_3349857d26b12991f6b0
aug_9771347e9e8f916c5db0,rec_50da61b23db30480db84,D:\INFANT CRY\data_set_dbl_split\train\belly_pain\4601_M_eairh.wav,belly_pain/4601_M_eairh.wav,belly_pain,train,2,time_stretch,"{""rate"":1.096472}",102,6909923546164570884,virtual:aug_9771347e9e8f916c5db0
aug_04c91797ff17f23df0a1,rec_886741e63dcc59e4d15d,D:\INFANT CRY\data_set_dbl_split\train\belly_pain\dunstan-eairh_2.wav,belly_pain/dunstan-eairh_2.wav,belly_pain,train,2,time_stretch,"{""rate"":0.901862}",103,9789545671567722836,virtual:aug_04c91797ff17f23df0a1
aug_ff4b6f586806a533fb95,rec_212b93ff5570b7840e1a,D:\INFANT CRY\data_set_dbl_split\train\belly_pain\419_M_eairh.wav,belly_pain/419_M_eairh.wav,belly_pain,train,2,time_shift,"{""fraction"":0.0010286}",104,4949863041068472779,virtual:aug_ff4b6f586806a533fb95
aug_24321a1881dc0c41ea64,rec_bc25d1ebb8434b66682a,D:\INFANT CRY\data_set_dbl_split\train\belly_pain\2293_F_eairh.wav,belly_pain/2293_F_eairh.wav,belly_pain,train,2,gaussian_noise,"{""noise_factor"":0.002177052}",105,10506891646174826798,virtual:aug_24321a1881dc0c41ea64
aug_9c8894e9110aaa9d87c2,rec_519de6d134c08a715f7a,D:\INFANT CRY\data_set_dbl_split\train\belly_pain\4437_M_eairh.wav,belly_pain/4437_M_eairh.wav,belly_pain,train,2,pitch_shift,"{""steps"":1.831829}",106,3956783369987515575,virtual:aug_9c8894e9110aaa9d87c2
aug_3b040848291a79cbe349,rec_f08400013ae835c03434,D:\INFANT CRY\data_set_dbl_split\train\belly_pain\dunstan-eairh_12.wav,belly_pain/dunstan-eairh_12.wav,belly_pain,train,2,pitch_shift,"{""steps"":-2.029624}",107,6831303012165358641,virtual:aug_3b040848291a79cbe349
aug_0d82bbc105985da205cd,rec_74b947283511c8751b65,D:\INFANT CRY\data_set_dbl_split\train\belly_pain\2593_M_eairh.wav,belly_pain/2593_M_eairh.wav,belly_pain,train,2,time_stretch,"{""rate"":1.177232}",108,17901662339566597225,virtual:aug_0d82bbc105985da205cd
aug_ebc1cdddffe07df8aeff,rec_b2242a410e34ac87e103,D:\INFANT CRY\data_set_dbl_split\train\belly_pain\dunstan-eairh_7.wav,belly_pain/dunstan-eairh_7.wav,belly_pain,train,2,time_stretch,"{""rate"":0.822466}",109,15652739372115179707,virtual:aug_ebc1cdddffe07df8aeff
aug_3ede40feccd7e4d45ee1,rec_07826f6464f9e0639207,D:\INFANT CRY\data_set_dbl_split\train\belly_pain\dunstan-eairh_3.wav,belly_pain/dunstan-eairh_3.wav,belly_pain,train,2,gaussian_noise,"{""noise_factor"":0.004576232}",110,16374109029708196773,virtual:aug_3ede40feccd7e4d45ee1
aug_0051a53d396081079fa9,rec_8edd741f68bb4fc40004,D:\INFANT CRY\data_set_dbl_split\train\belly_pain\446_M_eairh.wav,belly_pain/446_M_eairh.wav,belly_pain,train,2,pitch_shift,"{""steps"":1.015525}",111,14758380159895815046,virtual:aug_0051a53d396081079fa9
aug_54c032b3a63fabf2a50b,rec_cdcf04a52b20c44770ea,D:\INFANT CRY\data_set_dbl_split\train\belly_pain\2685_F_eairh.wav,belly_pain/2685_F_eairh.wav,belly_pain,train,2,pitch_shift,"{""steps"":-0.908697}",112,15039217670548432091,virtual:aug_54c032b3a63fabf2a50b
aug_458c94cd017b45b7812c,rec_a81034a5fda8f72d3ad1,D:\INFANT CRY\data_set_dbl_split\train\belly_pain\287_F_eairh.wav,belly_pain/287_F_eairh.wav,belly_pain,train,2,time_stretch,"{""rate"":1.099814}",113,6410636791603127506,virtual:aug_458c94cd017b45b7812c
aug_6e7d9fa7d5616029bbce,rec_344f2459aa8a88a9964a,D:\INFANT CRY\data_set_dbl_split\train\belly_pain\228_M_eairh.wav,belly_pain/228_M_eairh.wav,belly_pain,train,2,time_stretch,"{""rate"":0.920513}",114,17241823241020968669,virtual:aug_6e7d9fa7d5616029bbce
aug_6da4c4f692eaa2800b12,rec_a4059f5ca3482bd507f9,D:\INFANT CRY\data_set_dbl_split\train\belly_pain\2217_M_eairh.wav,belly_pain/2217_M_eairh.wav,belly_pain,train,2,time_shift,"{""fraction"":-0.0099183}",115,18011051920740317240,virtual:aug_6da4c4f692eaa2800b12
aug_64d292f95a7eb07bb04e,rec_bf373fe9b30b0dd92527,D:\INFANT CRY\data_set_dbl_split\train\belly_pain\407_M_eairh.wav,belly_pain/407_M_eairh.wav,belly_pain,train,2,gaussian_noise,"{""noise_factor"":0.002126104}",116,15402405417419847599,virtual:aug_64d292f95a7eb07bb04e
aug_c07ccc39d454bc8813d1,rec_b52b02478d157dfacee6,D:\INFANT CRY\data_set_dbl_split\train\belly_pain\3541_M_eairh.wav,belly_pain/3541_M_eairh.wav,belly_pain,train,2,pitch_shift,"{""steps"":1.946271}",117,633808663312515879,virtual:aug_c07ccc39d454bc8813d1
aug_17c68bf845965905aa03,rec_38916b588bfc277e0233,D:\INFANT CRY\data_set_dbl_split\train\belly_pain\dunstan-eairh_34.wav,belly_pain/dunstan-eairh_34.wav,belly_pain,train,2,pitch_shift,"{""steps"":-1.873082}",118,14299571588326813204,virtual:aug_17c68bf845965905aa03
aug_0b1617a7c1cde4e1fb18,rec_c3629105ce9cd90cfd02,D:\INFANT CRY\data_set_dbl_split\train\belly_pain\4186_M_eairh.wav,belly_pain/4186_M_eairh.wav,belly_pain,train,2,time_stretch,"{""rate"":1.20889}",119,3781460297901278894,virtual:aug_0b1617a7c1cde4e1fb18
aug_7f8c2f5c03f6ab858aab,rec_aef5992e5f42844e0dda,D:\INFANT CRY\data_set_dbl_split\train\belly_pain\dunstan-eairh_53.wav,belly_pain/dunstan-eairh_53.wav,belly_pain,train,2,time_stretch,"{""rate"":0.780224}",120,16333086973235857151,virtual:aug_7f8c2f5c03f6ab858aab
aug_61afc2f723823f3e96be,rec_774e95ea65e8ccac1202,D:\INFANT CRY\data_set_dbl_split\train\belly_pain\4684_M_eairh.wav,belly_pain/4684_M_eairh.wav,belly_pain,train,2,gaussian_noise,"{""noise_factor"":0.005475744}",121,14869061990931651063,virtual:aug_61afc2f723823f3e96be
aug_064f82a081965bdba44c,rec_dbafcb96ca6a87f36f52,D:\INFANT CRY\data_set_dbl_split\train\belly_pain\dunstan-eairh_39.wav,belly_pain/dunstan-eairh_39.wav,belly_pain,train,2,pitch_shift,"{""steps"":0.986815}",122,3547788984613913918,virtual:aug_064f82a081965bdba44c
aug_f7e65f784f153977c75a,rec_ba52e0a6338d8ae240d8,D:\INFANT CRY\data_set_dbl_split\train\belly_pain\dunstan-eairh_19.wav,belly_pain/dunstan-eairh_19.wav,belly_pain,train,2,pitch_shift,"{""steps"":-1.174973}",123,11418432659534070941,virtual:aug_f7e65f784f153977c75a
aug_6bae1d56c6efe2b713f0,rec_c7ab84dc1e25a511f089,D:\INFANT CRY\data_set_dbl_split\train\belly_pain\3054_M_eairh.wav,belly_pain/3054_M_eairh.wav,belly_pain,train,2,time_stretch,"{""rate"":1.114708}",124,753765874114305519,virtual:aug_6bae1d56c6efe2b713f0
aug_9110c6c19273c48cbbf0,rec_9fe218fb42a48370949d,D:\INFANT CRY\data_set_dbl_split\train\belly_pain\476_M_eairh.wav,belly_pain/476_M_eairh.wav,belly_pain,train,2,time_stretch,"{""rate"":0.923622}",125,1207424309352187984,virtual:aug_9110c6c19273c48cbbf0
aug_b14b62eb106e196bc441,rec_81fef69644989c4602c2,D:\INFANT CRY\data_set_dbl_split\train\belly_pain\4745_M_eairh.wav,belly_pain/4745_M_eairh.wav,belly_pain,train,2,time_shift,"{""fraction"":-0.0346801}",126,11375367767635928619,virtual:aug_b14b62eb106e196bc441
aug_8235b59664422fdcd7d7,rec_6ddf02f097374f28d75a,D:\INFANT CRY\data_set_dbl_split\train\belly_pain\dunstan-eairh_4.wav,belly_pain/dunstan-eairh_4.wav,belly_pain,train,2,gaussian_noise,"{""noise_factor"":0.002749147}",127,7604650162522229507,virtual:aug_8235b59664422fdcd7d7
aug_6987d1067dcef14b76f1,rec_a5ec4310f567f29fe0e6,D:\INFANT CRY\data_set_dbl_split\train\belly_pain\3482_M_eairh.wav,belly_pain/3482_M_eairh.wav,belly_pain,train,2,pitch_shift,"{""steps"":2.042109}",128,384204794856883705,virtual:aug_6987d1067dcef14b76f1
aug_06bf507e5a8d2215316c,rec_020faabb65976146dcf3,D:\INFANT CRY\data_set_dbl_split\train\belly_pain\2210_M_eairh.wav,belly_pain/2210_M_eairh.wav,belly_pain,train,2,pitch_shift,"{""steps"":-1.914494}",129,5675052373978945706,virtual:aug_06bf507e5a8d2215316c
aug_4af254b31f69976e6af9,rec_dc2883d8ee245da07d43,D:\INFANT CRY\data_set_dbl_split\train\belly_pain\2243_M_eairh.wav,belly_pain/2243_M_eairh.wav,belly_pain,train,2,time_stretch,"{""rate"":1.221584}",130,9051556422477088119,virtual:aug_4af254b31f69976e6af9
aug_9700e6462e5968f1e12e,rec_fcc4c169f306104793fd,D:\INFANT CRY\data_set_dbl_split\train\belly_pain\1588_M_eairh.wav,belly_pain/1588_M_eairh.wav,belly_pain,train,2,time_stretch,"{""rate"":0.804285}",131,14690895657386566697,virtual:aug_9700e6462e5968f1e12e
aug_f2521792d75040e2f179,rec_0bf28df218daf1ccd7d4,D:\INFANT CRY\data_set_dbl_split\train\belly_pain\dunstan-eairh_31.wav,belly_pain/dunstan-eairh_31.wav,belly_pain,train,2,gaussian_noise,"{""noise_factor"":0.004559504}",132,10387425315804508752,virtual:aug_f2521792d75040e2f179
aug_a86b9edb9828ec62d928,rec_cdb8986fc6e0fa25ec62,D:\INFANT CRY\data_set_dbl_split\train\belly_pain\2644_M_eairh.wav,belly_pain/2644_M_eairh.wav,belly_pain,train,2,pitch_shift,"{""steps"":0.829755}",133,16570431345113407644,virtual:aug_a86b9edb9828ec62d928
aug_67ff286e89630c676385,rec_975dd89a0e79348933f6,D:\INFANT CRY\data_set_dbl_split\train\belly_pain\dunstan-eairh_1.wav,belly_pain/dunstan-eairh_1.wav,belly_pain,train,2,pitch_shift,"{""steps"":-0.816946}",134,13727517549007618596,virtual:aug_67ff286e89630c676385
aug_5fbadecef4f1513fb776,rec_ab7a13884b2d82c96982,D:\INFANT CRY\data_set_dbl_split\train\belly_pain\3858_M_eairh.wav,belly_pain/3858_M_eairh.wav,belly_pain,train,2,time_stretch,"{""rate"":1.111731}",135,773552779543825265,virtual:aug_5fbadecef4f1513fb776
aug_282fe4cb9acc542d8e0a,rec_3be61b78079d39f26682,D:\INFANT CRY\data_set_dbl_split\train\belly_pain\4847_M_eairh.wav,belly_pain/4847_M_eairh.wav,belly_pain,train,2,time_stretch,"{""rate"":0.908703}",136,11547834717953392553,virtual:aug_282fe4cb9acc542d8e0a
aug_feb7956e111f1f6b3b93,rec_88e4a7633c64c24b0e2a,D:\INFANT CRY\data_set_dbl_split\train\belly_pain\1353_M_eairh.wav,belly_pain/1353_M_eairh.wav,belly_pain,train,2,time_shift,"{""fraction"":-0.0981565}",137,12659241981947651841,virtual:aug_feb7956e111f1f6b3b93
aug_2c16585b4c9fd3ddf5f3,rec_d9029df6f0570483478b,D:\INFANT CRY\data_set_dbl_split\train\belly_pain\393_M_eairh.wav,belly_pain/393_M_eairh.wav,belly_pain,train,2,gaussian_noise,"{""noise_factor"":0.002557064}",138,12178515814914475575,virtual:aug_2c16585b4c9fd3ddf5f3
aug_e04b532918f78c2fbdde,rec_bc38ab67adac26f034e8,D:\INFANT CRY\data_set_dbl_split\train\belly_pain\dunstan-eairh_13.wav,belly_pain/dunstan-eairh_13.wav,belly_pain,train,2,pitch_shift,"{""steps"":1.949979}",139,9382300444170808319,virtual:aug_e04b532918f78c2fbdde
aug_1afe4e08d9a1889fbf59,rec_e28be47a3f49c072a427,D:\INFANT CRY\data_set_dbl_split\train\belly_pain\dunstan-eairh_8.wav,belly_pain/dunstan-eairh_8.wav,belly_pain,train,2,pitch_shift,"{""steps"":-2.15435}",140,5714793188044854913,virtual:aug_1afe4e08d9a1889fbf59
aug_cf177a50838e26286ed0,rec_aee0e27f53394dd9463f,D:\INFANT CRY\data_set_dbl_split\train\belly_pain\792_M_eairh.wav,belly_pain/792_M_eairh.wav,belly_pain,train,2,time_stretch,"{""rate"":1.18125}",141,1919276018180944717,virtual:aug_cf177a50838e26286ed0
aug_db577822eed366d441f6,rec_6a612fdb6f32216b009d,D:\INFANT CRY\data_set_dbl_split\train\belly_pain\dunstan-eairh_60.wav,belly_pain/dunstan-eairh_60.wav,belly_pain,train,2,time_stretch,"{""rate"":0.789764}",142,10037323451721835909,virtual:aug_db577822eed366d441f6
aug_4b11f659e2825cecf55c,rec_9516de195d0ec83f4725,D:\INFANT CRY\data_set_dbl_split\train\belly_pain\3195_M_eairh.wav,belly_pain/3195_M_eairh.wav,belly_pain,train,2,gaussian_noise,"{""noise_factor"":0.004581429}",143,13266351521564688126,virtual:aug_4b11f659e2825cecf55c
aug_e69c886175ee5e198920,rec_3c400a3cd8526f5968e2,D:\INFANT CRY\data_set_dbl_split\train\belly_pain\1321_F_eairh.wav,belly_pain/1321_F_eairh.wav,belly_pain,train,2,pitch_shift,"{""steps"":1.141901}",144,18161183222568642386,virtual:aug_e69c886175ee5e198920
aug_b814478df239e59bd39c,rec_9b5466053393e9dbc382,D:\INFANT CRY\data_set_dbl_split\train\belly_pain\dunstan-eairh_23.wav,belly_pain/dunstan-eairh_23.wav,belly_pain,train,2,pitch_shift,"{""steps"":-1.002008}",145,14121721105598753088,virtual:aug_b814478df239e59bd39c
aug_d815805de4f13427ac24,rec_cd47bf189e0812ab4c2a,D:\INFANT CRY\data_set_dbl_split\train\belly_pain\844_M_eairh.wav,belly_pain/844_M_eairh.wav,belly_pain,train,2,time_stretch,"{""rate"":1.096784}",146,12025602234445868485,virtual:aug_d815805de4f13427ac24
aug_df6fc4bfb7aceab81e9f,rec_eb97e029b56da724a0bb,D:\INFANT CRY\data_set_dbl_split\train\belly_pain\838_F_eairh.wav,belly_pain/838_F_eairh.wav,belly_pain,train,2,time_stretch,"{""rate"":0.905912}",147,2045759586466924248,virtual:aug_df6fc4bfb7aceab81e9f
aug_4df2c7933ef48ae044ec,rec_d433c8ac12980d0cc901,D:\INFANT CRY\data_set_dbl_split\train\belly_pain\3619_M_eairh.wav,belly_pain/3619_M_eairh.wav,belly_pain,train,2,time_shift,"{""fraction"":-0.0764201}",148,12170604460655821520,virtual:aug_4df2c7933ef48ae044ec
aug_6de8fa167cb892ec1fc7,rec_a0848fd98077b24f5820,D:\INFANT CRY\data_set_dbl_split\train\belly_pain\1462_F_eairh.wav,belly_pain/1462_F_eairh.wav,belly_pain,train,2,gaussian_noise,"{""noise_factor"":0.002625254}",149,3138996922044296049,virtual:aug_6de8fa167cb892ec1fc7
aug_378c6af024d4707ba60f,rec_f3b17560413168dbbc98,D:\INFANT CRY\data_set_dbl_split\train\belly_pain\1197_M_eairh.wav,belly_pain/1197_M_eairh.wav,belly_pain,train,2,pitch_shift,"{""steps"":1.929548}",150,2262467346513388013,virtual:aug_378c6af024d4707ba60f
aug_3f9b3c20bf680fb62592,rec_6de25635db4018c640cb,D:\INFANT CRY\data_set_dbl_split\train\belly_pain\3077_F_eairh.wav,belly_pain/3077_F_eairh.wav,belly_pain,train,2,pitch_shift,"{""steps"":-2.153293}",151,9535673678459018589,virtual:aug_3f9b3c20bf680fb62592
aug_2fbca1a543a11637c258,rec_df6f22b942b4fbdceea0,D:\INFANT CRY\data_set_dbl_split\train\belly_pain\318_M_eairh.wav,belly_pain/318_M_eairh.wav,belly_pain,train,2,time_stretch,"{""rate"":1.194421}",152,4831473316895181148,virtual:aug_2fbca1a543a11637c258
aug_2cdd1ce1683058b35e75,rec_02cdbe8c0204373d3f9c,D:\INFANT CRY\data_set_dbl_split\train\belly_pain\dunstan-eairh_44.wav,belly_pain/dunstan-eairh_44.wav,belly_pain,train,2,time_stretch,"{""rate"":0.798675}",153,1405161658948148085,virtual:aug_2cdd1ce1683058b35e75
aug_21aa36f9fbff8147bf9e,rec_db0170c6e9143b76c98f,D:\INFANT CRY\data_set_dbl_split\train\belly_pain\1215_M_eairh.wav,belly_pain/1215_M_eairh.wav,belly_pain,train,2,gaussian_noise,"{""noise_factor"":0.005290839}",154,7653331741993476467,virtual:aug_21aa36f9fbff8147bf9e
aug_bde09c82b7156c410af9,rec_db04a08c8cb045de0940,D:\INFANT CRY\data_set_dbl_split\train\belly_pain\4896_M_eairh.wav,belly_pain/4896_M_eairh.wav,belly_pain,train,2,pitch_shift,"{""steps"":1.198616}",155,16328828777357240800,virtual:aug_bde09c82b7156c410af9
aug_10ae47897856363fb01a,rec_fac87a465c8472b089f6,D:\INFANT CRY\data_set_dbl_split\train\belly_pain\2250_F_eairh.wav,belly_pain/2250_F_eairh.wav,belly_pain,train,2,pitch_shift,"{""steps"":-0.957992}",156,6758166406883329475,virtual:aug_10ae47897856363fb01a
aug_e382d646a37f15034457,rec_6ac41708a7f3de4ed900,D:\INFANT CRY\data_set_dbl_split\train\belly_pain\dunstan-eairh_9.wav,belly_pain/dunstan-eairh_9.wav,belly_pain,train,2,time_stretch,"{""rate"":1.124672}",157,15910010199592794526,virtual:aug_e382d646a37f15034457
aug_11f0e59f1ce599d350eb,rec_2730b77759b8808a6d27,D:\INFANT CRY\data_set_dbl_split\train\belly_pain\3786_M_eairh.wav,belly_pain/3786_M_eairh.wav,belly_pain,train,2,time_stretch,"{""rate"":0.917081}",158,14661673624096486458,virtual:aug_11f0e59f1ce599d350eb
aug_b0e8b3b6eee6f878cfbd,rec_4771cea23a26a41b1167,D:\INFANT CRY\data_set_dbl_split\train\belly_pain\216_M_eairh.wav,belly_pain/216_M_eairh.wav,belly_pain,train,2,time_shift,"{""fraction"":-0.089364}",159,251775145449874489,virtual:aug_b0e8b3b6eee6f878cfbd
aug_8cd860f3887f47901c0a,rec_917b2809b108d84393e1,D:\INFANT CRY\data_set_dbl_split\train\belly_pain\dunstan-eairh_37.wav,belly_pain/dunstan-eairh_37.wav,belly_pain,train,2,gaussian_noise,"{""noise_factor"":0.002508429}",160,13147065413879146117,virtual:aug_8cd860f3887f47901c0a
aug_e56e22678ece29070fc4,rec_b6b66fb3f3de74db9ab8,D:\INFANT CRY\data_set_dbl_split\train\belly_pain\3825_M_eairh.wav,belly_pain/3825_M_eairh.wav,belly_pain,train,2,pitch_shift,"{""steps"":2.132338}",161,14236418652100146251,virtual:aug_e56e22678ece29070fc4
aug_2596a63c6f31f6fc1089,rec_bd03bef6ee0cbaf1d721,D:\INFANT CRY\data_set_dbl_split\train\belly_pain\3616_F_eairh.wav,belly_pain/3616_F_eairh.wav,belly_pain,train,2,pitch_shift,"{""steps"":-1.849762}",162,3401356008256468681,virtual:aug_2596a63c6f31f6fc1089
aug_abeacfedb0a7581a6320,rec_0c6c903753d565dac519,D:\INFANT CRY\data_set_dbl_split\train\belly_pain\3505_M_eairh.wav,belly_pain/3505_M_eairh.wav,belly_pain,train,2,time_stretch,"{""rate"":1.216227}",163,15091158833306848827,virtual:aug_abeacfedb0a7581a6320
aug_06b95fea2dc95b6d79ad,rec_fdf6fac981d89bd04593,D:\INFANT CRY\data_set_dbl_split\train\belly_pain\3344_M_eairh.wav,belly_pain/3344_M_eairh.wav,belly_pain,train,2,time_stretch,"{""rate"":0.783381}",164,10022914522080298277,virtual:aug_06b95fea2dc95b6d79ad
aug_15d3d34d756f5b8b0e4e,rec_537385263a6cfc438d37,D:\INFANT CRY\data_set_dbl_split\train\belly_pain\1084_M_eairh.wav,belly_pain/1084_M_eairh.wav,belly_pain,train,2,gaussian_noise,"{""noise_factor"":0.004457075}",165,7883182058430839055,virtual:aug_15d3d34d756f5b8b0e4e
aug_a06953479be879820f1a,rec_3e28c761181c5229dd97,D:\INFANT CRY\data_set_dbl_split\train\belly_pain\dunstan-eairh_11.wav,belly_pain/dunstan-eairh_11.wav,belly_pain,train,2,pitch_shift,"{""steps"":1.036944}",166,7835618421746529326,virtual:aug_a06953479be879820f1a
aug_f589ec00908c679858e4,rec_49997b84581d28fe47cf,D:\INFANT CRY\data_set_dbl_split\train\belly_pain\1498_M_eairh.wav,belly_pain/1498_M_eairh.wav,belly_pain,train,2,pitch_shift,"{""steps"":-0.886484}",167,14690748148395106885,virtual:aug_f589ec00908c679858e4
aug_1bbe3ae48cb4b13dd95e,rec_9897d60d93c5b1f8c62b,D:\INFANT CRY\data_set_dbl_split\train\belly_pain\dunstan-eairh_14.wav,belly_pain/dunstan-eairh_14.wav,belly_pain,train,2,time_stretch,"{""rate"":1.093252}",168,8154076080904949731,virtual:aug_1bbe3ae48cb4b13dd95e
aug_cf7a7b430a43dc98f4e2,rec_4540c986f8cce2bafa2c,D:\INFANT CRY\data_set_dbl_split\train\belly_pain\1554_M_eairh.wav,belly_pain/1554_M_eairh.wav,belly_pain,train,2,time_stretch,"{""rate"":0.877828}",169,732138577264233566,virtual:aug_cf7a7b430a43dc98f4e2
aug_064c3830ed541ff570e3,rec_e6d5a53ef5c2a42cae1f,D:\INFANT CRY\data_set_dbl_split\train\belly_pain\dunstan-eairh_59.wav,belly_pain/dunstan-eairh_59.wav,belly_pain,train,2,time_shift,"{""fraction"":-0.0545103}",170,5279589096631088192,virtual:aug_064c3830ed541ff570e3
aug_c65f3c153effbde8e8b5,rec_0dcb14da74eee37cc249,D:\INFANT CRY\data_set_dbl_split\train\belly_pain\dunstan-eairh_24.wav,belly_pain/dunstan-eairh_24.wav,belly_pain,train,2,gaussian_noise,"{""noise_factor"":0.002742071}",171,13621347720922912164,virtual:aug_c65f3c153effbde8e8b5
aug_348d1bf50693b7588d0e,rec_e341b409fa744b48140a,D:\INFANT CRY\data_set_dbl_split\train\belly_pain\2367_M_eairh.wav,belly_pain/2367_M_eairh.wav,belly_pain,train,2,pitch_shift,"{""steps"":2.143286}",172,4308125272575650948,virtual:aug_348d1bf50693b7588d0e
aug_b16e665bd57c19da80a9,rec_45acf6d12a71c4b85dfc,D:\INFANT CRY\data_set_dbl_split\train\belly_pain\dunstan-eairh_33.wav,belly_pain/dunstan-eairh_33.wav,belly_pain,train,2,pitch_shift,"{""steps"":-1.989274}",173,2988036840329496377,virtual:aug_b16e665bd57c19da80a9
aug_9f3fa109233943435edc,rec_8cea211c8ae2584daf02,D:\INFANT CRY\data_set_dbl_split\train\belly_pain\1516_M_eairh.wav,belly_pain/1516_M_eairh.wav,belly_pain,train,2,time_stretch,"{""rate"":1.215029}",174,12839149757885947038,virtual:aug_9f3fa109233943435edc
aug_bd5d106441225c35914e,rec_0213f75c14f4849c2a83,D:\INFANT CRY\data_set_dbl_split\train\belly_pain\dunstan-eairh_41.wav,belly_pain/dunstan-eairh_41.wav,belly_pain,train,2,time_stretch,"{""rate"":0.792835}",175,2569198553558094476,virtual:aug_bd5d106441225c35914e
aug_ef81749e8a96182ff33f,rec_204a9c054278b9416f57,D:\INFANT CRY\data_set_dbl_split\train\belly_pain\dunstan-eairh_17.wav,belly_pain/dunstan-eairh_17.wav,belly_pain,train,2,gaussian_noise,"{""noise_factor"":0.005351487}",176,7290228228810230662,virtual:aug_ef81749e8a96182ff33f
aug_429123667f940773851e,rec_f6e860c75ce7b1ebce05,D:\INFANT CRY\data_set_dbl_split\train\belly_pain\4711_M_eairh.wav,belly_pain/4711_M_eairh.wav,belly_pain,train,2,pitch_shift,"{""steps"":1.127101}",177,3423687572917527197,virtual:aug_429123667f940773851e
aug_737b743531a007b765a4,rec_fae98644f14f54a8f0a4,D:\INFANT CRY\data_set_dbl_split\train\belly_pain\3889_M_eairh.wav,belly_pain/3889_M_eairh.wav,belly_pain,train,2,pitch_shift,"{""steps"":-1.124626}",178,12216235469181832557,virtual:aug_737b743531a007b765a4
aug_d2ea96b759b310eeb3ce,rec_fefa338d580873c2cd3e,D:\INFANT CRY\data_set_dbl_split\train\belly_pain\1190_M_eairh.wav,belly_pain/1190_M_eairh.wav,belly_pain,train,2,time_stretch,"{""rate"":1.123802}",179,18420095315265563675,virtual:aug_d2ea96b759b310eeb3ce
aug_7af5eb9b6f74743fc450,rec_fba775c7ee6d938c4a28,D:\INFANT CRY\data_set_dbl_split\train\belly_pain\2566_M_eairh.wav,belly_pain/2566_M_eairh.wav,belly_pain,train,2,time_stretch,"{""rate"":0.880162}",180,10103851588646202367,virtual:aug_7af5eb9b6f74743fc450
aug_820d4af891a17a19c40a,rec_0c5e583cba7fea6e7572,D:\INFANT CRY\data_set_dbl_split\train\belly_pain\3688_M_eairh.wav,belly_pain/3688_M_eairh.wav,belly_pain,train,2,time_shift,"{""fraction"":-0.0704737}",181,325903303928135976,virtual:aug_820d4af891a17a19c40a
aug_744f218159dc02ea5620,rec_984c63597c96f9a7a5eb,D:\INFANT CRY\data_set_dbl_split\train\belly_pain\3319_M_eairh.wav,belly_pain/3319_M_eairh.wav,belly_pain,train,2,gaussian_noise,"{""noise_factor"":0.002430532}",182,3910649348664048911,virtual:aug_744f218159dc02ea5620
aug_26700c3f39bdb1193d01,rec_1b0acd4606aae95bef48,D:\INFANT CRY\data_set_dbl_split\train\belly_pain\2987_F_eairh.wav,belly_pain/2987_F_eairh.wav,belly_pain,train,2,pitch_shift,"{""steps"":2.069578}",183,7106730677520319329,virtual:aug_26700c3f39bdb1193d01
aug_a9e520132c744473ff2d,rec_6f6b4910a46d0f5c9466,D:\INFANT CRY\data_set_dbl_split\train\belly_pain\dunstan-eairh_29.wav,belly_pain/dunstan-eairh_29.wav,belly_pain,train,2,pitch_shift,"{""steps"":-1.858473}",184,17815552650802571127,virtual:aug_a9e520132c744473ff2d
aug_47103bbf7b32fdd22414,rec_50282cf393ad274e3952,D:\INFANT CRY\data_set_dbl_split\train\belly_pain\dunstan-eairh_32.wav,belly_pain/dunstan-eairh_32.wav,belly_pain,train,2,time_stretch,"{""rate"":1.212864}",185,16561743316726264755,virtual:aug_47103bbf7b32fdd22414
aug_72f2cec6801af0b1d0b2,rec_2fbe8d849db8271b15ba,D:\INFANT CRY\data_set_dbl_split\train\belly_pain\2901_M_eairh.wav,belly_pain/2901_M_eairh.wav,belly_pain,train,2,time_stretch,"{""rate"":0.791456}",186,16864511412109080308,virtual:aug_72f2cec6801af0b1d0b2
aug_39f0d9bb98b0abbd1c24,rec_5d81264429765a29a2c1,D:\INFANT CRY\data_set_dbl_split\train\belly_pain\1370_M_eairh.wav,belly_pain/1370_M_eairh.wav,belly_pain,train,2,gaussian_noise,"{""noise_factor"":0.005301503}",187,6641995430790939237,virtual:aug_39f0d9bb98b0abbd1c24
aug_12c027d08ce42eac11da,rec_9ef4cab50c9a56e3bd9a,D:\INFANT CRY\data_set_dbl_split\train\belly_pain\4758_M_eairh.wav,belly_pain/4758_M_eairh.wav,belly_pain,train,2,pitch_shift,"{""steps"":1.188479}",188,18444822146370686353,virtual:aug_12c027d08ce42eac11da
aug_655aff67bf1d2b26ec52,rec_f3c9e9d220dc2e97e90a,D:\INFANT CRY\data_set_dbl_split\train\belly_pain\2760_F_eairh.wav,belly_pain/2760_F_eairh.wav,belly_pain,train,2,pitch_shift,"{""steps"":-0.836168}",189,14169263992157203913,virtual:aug_655aff67bf1d2b26ec52
aug_8548b9e04be17979f057,rec_e41629e8492bfc07276b,D:\INFANT CRY\data_set_dbl_split\train\belly_pain\3151_M_eairh.wav,belly_pain/3151_M_eairh.wav,belly_pain,train,2,time_stretch,"{""rate"":1.111668}",190,16997831449642833198,virtual:aug_8548b9e04be17979f057
aug_198d16eaa3b9a35d8c3b,rec_b9167ff33ed6aa5cabea,D:\INFANT CRY\data_set_dbl_split\train\belly_pain\4452_F_eairh.wav,belly_pain/4452_F_eairh.wav,belly_pain,train,2,time_stretch,"{""rate"":0.883691}",191,7703108313870145766,virtual:aug_198d16eaa3b9a35d8c3b
aug_e5e2a5e276494da539bd,rec_7c9fa2018ccd9fa62207,D:\INFANT CRY\data_set_dbl_split\train\belly_pain\3492_F_eairh.wav,belly_pain/3492_F_eairh.wav,belly_pain,train,2,time_shift,"{""fraction"":0.0033377}",192,12258936236601036958,virtual:aug_e5e2a5e276494da539bd
aug_33098e89a4690c1e897e,rec_cd6ec618a07ea9574302,D:\INFANT CRY\data_set_dbl_split\train\belly_pain\2994_M_eairh.wav,belly_pain/2994_M_eairh.wav,belly_pain,train,2,gaussian_noise,"{""noise_factor"":0.002341592}",193,12907446774975759136,virtual:aug_33098e89a4690c1e897e
aug_0c4dd14250df87150487,rec_71271d173296dd73b1cc,D:\INFANT CRY\data_set_dbl_split\train\belly_pain\dunstan-eairh_49.wav,belly_pain/dunstan-eairh_49.wav,belly_pain,train,2,pitch_shift,"{""steps"":2.17252}",194,13897376430712303306,virtual:aug_0c4dd14250df87150487
aug_614a2031f7c7837ec4e8,rec_50da61b23db30480db84,D:\INFANT CRY\data_set_dbl_split\train\belly_pain\4601_M_eairh.wav,belly_pain/4601_M_eairh.wav,belly_pain,train,2,pitch_shift,"{""steps"":-1.888698}",195,6685703582773923157,virtual:aug_614a2031f7c7837ec4e8
aug_6b2ddff156ec0b785d0d,rec_886741e63dcc59e4d15d,D:\INFANT CRY\data_set_dbl_split\train\belly_pain\dunstan-eairh_2.wav,belly_pain/dunstan-eairh_2.wav,belly_pain,train,2,time_stretch,"{""rate"":1.202459}",196,13947832698287628500,virtual:aug_6b2ddff156ec0b785d0d
aug_188b6604e99b0c6a9824,rec_212b93ff5570b7840e1a,D:\INFANT CRY\data_set_dbl_split\train\belly_pain\419_M_eairh.wav,belly_pain/419_M_eairh.wav,belly_pain,train,2,time_stretch,"{""rate"":0.795435}",197,4387055763007898857,virtual:aug_188b6604e99b0c6a9824
aug_c4319edc78a5a2d58276,rec_bc25d1ebb8434b66682a,D:\INFANT CRY\data_set_dbl_split\train\belly_pain\2293_F_eairh.wav,belly_pain/2293_F_eairh.wav,belly_pain,train,2,gaussian_noise,"{""noise_factor"":0.004399757}",198,13296570249643056585,virtual:aug_c4319edc78a5a2d58276
aug_b0a7a958b1ba48efe54d,rec_519de6d134c08a715f7a,D:\INFANT CRY\data_set_dbl_split\train\belly_pain\4437_M_eairh.wav,belly_pain/4437_M_eairh.wav,belly_pain,train,2,pitch_shift,"{""steps"":1.077367}",199,9535938172869022588,virtual:aug_b0a7a958b1ba48efe54d
aug_9ffac1665718e00a35fd,rec_f08400013ae835c03434,D:\INFANT CRY\data_set_dbl_split\train\belly_pain\dunstan-eairh_12.wav,belly_pain/dunstan-eairh_12.wav,belly_pain,train,2,pitch_shift,"{""steps"":-1.131956}",200,15326568270383999726,virtual:aug_9ffac1665718e00a35fd
aug_7d5db2cfc08958f93d49,rec_74b947283511c8751b65,D:\INFANT CRY\data_set_dbl_split\train\belly_pain\2593_M_eairh.wav,belly_pain/2593_M_eairh.wav,belly_pain,train,2,time_stretch,"{""rate"":1.096708}",201,17734229502070408747,virtual:aug_7d5db2cfc08958f93d49
aug_74c8d0af732c7b78b763,rec_b2242a410e34ac87e103,D:\INFANT CRY\data_set_dbl_split\train\belly_pain\dunstan-eairh_7.wav,belly_pain/dunstan-eairh_7.wav,belly_pain,train,2,time_stretch,"{""rate"":0.881819}",202,17955156169777535829,virtual:aug_74c8d0af732c7b78b763
aug_f7108c72b2772d209003,rec_07826f6464f9e0639207,D:\INFANT CRY\data_set_dbl_split\train\belly_pain\dunstan-eairh_3.wav,belly_pain/dunstan-eairh_3.wav,belly_pain,train,2,time_shift,"{""fraction"":0.0049699}",203,8133715774584067876,virtual:aug_f7108c72b2772d209003
aug_49ece5dd41574fa73321,rec_8edd741f68bb4fc40004,D:\INFANT CRY\data_set_dbl_split\train\belly_pain\446_M_eairh.wav,belly_pain/446_M_eairh.wav,belly_pain,train,2,gaussian_noise,"{""noise_factor"":0.002858337}",204,4919045571935449046,virtual:aug_49ece5dd41574fa73321
aug_6645a1a4a4d117c9f186,rec_cdcf04a52b20c44770ea,D:\INFANT CRY\data_set_dbl_split\train\belly_pain\2685_F_eairh.wav,belly_pain/2685_F_eairh.wav,belly_pain,train,2,pitch_shift,"{""steps"":2.087412}",205,8127837032952159889,virtual:aug_6645a1a4a4d117c9f186
aug_4a489187222b6b25c6d0,rec_a81034a5fda8f72d3ad1,D:\INFANT CRY\data_set_dbl_split\train\belly_pain\287_F_eairh.wav,belly_pain/287_F_eairh.wav,belly_pain,train,2,pitch_shift,"{""steps"":-2.174609}",206,3579270564656668322,virtual:aug_4a489187222b6b25c6d0
aug_fe9f03c4d1a185495b19,rec_344f2459aa8a88a9964a,D:\INFANT CRY\data_set_dbl_split\train\belly_pain\228_M_eairh.wav,belly_pain/228_M_eairh.wav,belly_pain,train,2,time_stretch,"{""rate"":1.201746}",207,15052352398682334307,virtual:aug_fe9f03c4d1a185495b19
aug_eb7dde26f84ba8985998,rec_a4059f5ca3482bd507f9,D:\INFANT CRY\data_set_dbl_split\train\belly_pain\2217_M_eairh.wav,belly_pain/2217_M_eairh.wav,belly_pain,train,2,time_stretch,"{""rate"":0.818258}",208,12082426523734191799,virtual:aug_eb7dde26f84ba8985998
aug_69e4a6ba54f40a78cc40,rec_bf373fe9b30b0dd92527,D:\INFANT CRY\data_set_dbl_split\train\belly_pain\407_M_eairh.wav,belly_pain/407_M_eairh.wav,belly_pain,train,2,gaussian_noise,"{""noise_factor"":0.005749066}",209,12856519279699879596,virtual:aug_69e4a6ba54f40a78cc40
aug_f2e31eddc8abb9df6f5e,rec_b52b02478d157dfacee6,D:\INFANT CRY\data_set_dbl_split\train\belly_pain\3541_M_eairh.wav,belly_pain/3541_M_eairh.wav,belly_pain,train,2,pitch_shift,"{""steps"":1.157949}",210,6704059758083271758,virtual:aug_f2e31eddc8abb9df6f5e
aug_e78ebe182ba9620d49c6,rec_38916b588bfc277e0233,D:\INFANT CRY\data_set_dbl_split\train\belly_pain\dunstan-eairh_34.wav,belly_pain/dunstan-eairh_34.wav,belly_pain,train,2,pitch_shift,"{""steps"":-0.836763}",211,3257125876574866026,virtual:aug_e78ebe182ba9620d49c6
aug_b7e55cb0bc6d0ac3bb93,rec_c3629105ce9cd90cfd02,D:\INFANT CRY\data_set_dbl_split\train\belly_pain\4186_M_eairh.wav,belly_pain/4186_M_eairh.wav,belly_pain,train,2,time_stretch,"{""rate"":1.097989}",212,14409806275097563742,virtual:aug_b7e55cb0bc6d0ac3bb93
aug_08134de31fc4143aa9f4,rec_aef5992e5f42844e0dda,D:\INFANT CRY\data_set_dbl_split\train\belly_pain\dunstan-eairh_53.wav,belly_pain/dunstan-eairh_53.wav,belly_pain,train,2,time_stretch,"{""rate"":0.881437}",213,17704392278239768165,virtual:aug_08134de31fc4143aa9f4
aug_86c0ddb31f868956e5a8,rec_774e95ea65e8ccac1202,D:\INFANT CRY\data_set_dbl_split\train\belly_pain\4684_M_eairh.wav,belly_pain/4684_M_eairh.wav,belly_pain,train,2,time_shift,"{""fraction"":0.0706515}",214,14725431834305040376,virtual:aug_86c0ddb31f868956e5a8
aug_ecd42f0138fefb4806ce,rec_dbafcb96ca6a87f36f52,D:\INFANT CRY\data_set_dbl_split\train\belly_pain\dunstan-eairh_39.wav,belly_pain/dunstan-eairh_39.wav,belly_pain,train,2,gaussian_noise,"{""noise_factor"":0.002161549}",215,11080410931405687795,virtual:aug_ecd42f0138fefb4806ce
aug_7183643ac1c0b58c5bde,rec_ba52e0a6338d8ae240d8,D:\INFANT CRY\data_set_dbl_split\train\belly_pain\dunstan-eairh_19.wav,belly_pain/dunstan-eairh_19.wav,belly_pain,train,2,pitch_shift,"{""steps"":2.076333}",216,816077184494810446,virtual:aug_7183643ac1c0b58c5bde
aug_5e02dae4ac611ba6f891,rec_c7ab84dc1e25a511f089,D:\INFANT CRY\data_set_dbl_split\train\belly_pain\3054_M_eairh.wav,belly_pain/3054_M_eairh.wav,belly_pain,train,2,pitch_shift,"{""steps"":-1.91856}",217,16546426204519277884,virtual:aug_5e02dae4ac611ba6f891
aug_edc04d3b76b751b68acf,rec_9fe218fb42a48370949d,D:\INFANT CRY\data_set_dbl_split\train\belly_pain\476_M_eairh.wav,belly_pain/476_M_eairh.wav,belly_pain,train,2,time_stretch,"{""rate"":1.197162}",218,18233959642416554801,virtual:aug_edc04d3b76b751b68acf
aug_35004bd2f2dc7542805c,rec_81fef69644989c4602c2,D:\INFANT CRY\data_set_dbl_split\train\belly_pain\4745_M_eairh.wav,belly_pain/4745_M_eairh.wav,belly_pain,train,2,time_stretch,"{""rate"":0.810098}",219,14980947558629851088,virtual:aug_35004bd2f2dc7542805c
aug_d45302ab525dc91ee432,rec_6ddf02f097374f28d75a,D:\INFANT CRY\data_set_dbl_split\train\belly_pain\dunstan-eairh_4.wav,belly_pain/dunstan-eairh_4.wav,belly_pain,train,2,gaussian_noise,"{""noise_factor"":0.005576997}",220,8063808079901054563,virtual:aug_d45302ab525dc91ee432
aug_61096a7d1358e852ea77,rec_a5ec4310f567f29fe0e6,D:\INFANT CRY\data_set_dbl_split\train\belly_pain\3482_M_eairh.wav,belly_pain/3482_M_eairh.wav,belly_pain,train,2,pitch_shift,"{""steps"":0.880009}",221,17348361727955166690,virtual:aug_61096a7d1358e852ea77
aug_e9a81a173a629a3c6658,rec_020faabb65976146dcf3,D:\INFANT CRY\data_set_dbl_split\train\belly_pain\2210_M_eairh.wav,belly_pain/2210_M_eairh.wav,belly_pain,train,2,pitch_shift,"{""steps"":-0.907066}",222,15115773935707315851,virtual:aug_e9a81a173a629a3c6658
aug_60642cc81061274ce5ea,rec_dc2883d8ee245da07d43,D:\INFANT CRY\data_set_dbl_split\train\belly_pain\2243_M_eairh.wav,belly_pain/2243_M_eairh.wav,belly_pain,train,2,time_stretch,"{""rate"":1.112317}",223,16907454068532403805,virtual:aug_60642cc81061274ce5ea
aug_f84040cc56ea57099436,rec_fcc4c169f306104793fd,D:\INFANT CRY\data_set_dbl_split\train\belly_pain\1588_M_eairh.wav,belly_pain/1588_M_eairh.wav,belly_pain,train,2,time_stretch,"{""rate"":0.894838}",224,11905730990063141166,virtual:aug_f84040cc56ea57099436
aug_6a7d88e9d2121b9ee443,rec_0bf28df218daf1ccd7d4,D:\INFANT CRY\data_set_dbl_split\train\belly_pain\dunstan-eairh_31.wav,belly_pain/dunstan-eairh_31.wav,belly_pain,train,2,time_shift,"{""fraction"":0.0694502}",225,3944865622138759971,virtual:aug_6a7d88e9d2121b9ee443
aug_64c794602889646dfd0d,rec_cdb8986fc6e0fa25ec62,D:\INFANT CRY\data_set_dbl_split\train\belly_pain\2644_M_eairh.wav,belly_pain/2644_M_eairh.wav,belly_pain,train,2,gaussian_noise,"{""noise_factor"":0.002691166}",226,15825462484920497963,virtual:aug_64c794602889646dfd0d
aug_fdcf7b484f2b3430edf7,rec_975dd89a0e79348933f6,D:\INFANT CRY\data_set_dbl_split\train\belly_pain\dunstan-eairh_1.wav,belly_pain/dunstan-eairh_1.wav,belly_pain,train,2,pitch_shift,"{""steps"":2.159501}",227,10161430791358033486,virtual:aug_fdcf7b484f2b3430edf7
aug_c14e318076a095935e5e,rec_ab7a13884b2d82c96982,D:\INFANT CRY\data_set_dbl_split\train\belly_pain\3858_M_eairh.wav,belly_pain/3858_M_eairh.wav,belly_pain,train,2,pitch_shift,"{""steps"":-1.815132}",228,3817516942441793646,virtual:aug_c14e318076a095935e5e
aug_bdea7ddc33e70b5a351f,rec_3be61b78079d39f26682,D:\INFANT CRY\data_set_dbl_split\train\belly_pain\4847_M_eairh.wav,belly_pain/4847_M_eairh.wav,belly_pain,train,2,time_stretch,"{""rate"":1.191193}",229,14554443758229222060,virtual:aug_bdea7ddc33e70b5a351f
aug_fc614e6629d35ac74c22,rec_88e4a7633c64c24b0e2a,D:\INFANT CRY\data_set_dbl_split\train\belly_pain\1353_M_eairh.wav,belly_pain/1353_M_eairh.wav,belly_pain,train,2,time_stretch,"{""rate"":0.809485}",230,13966544545534352439,virtual:aug_fc614e6629d35ac74c22
aug_0d27a8edce5de0fe2d57,rec_d9029df6f0570483478b,D:\INFANT CRY\data_set_dbl_split\train\belly_pain\393_M_eairh.wav,belly_pain/393_M_eairh.wav,belly_pain,train,2,gaussian_noise,"{""noise_factor"":0.005179386}",231,18189927378005325355,virtual:aug_0d27a8edce5de0fe2d57
aug_3673ce1801b88c06e445,rec_bc38ab67adac26f034e8,D:\INFANT CRY\data_set_dbl_split\train\belly_pain\dunstan-eairh_13.wav,belly_pain/dunstan-eairh_13.wav,belly_pain,train,2,pitch_shift,"{""steps"":0.934294}",232,13703770082480693817,virtual:aug_3673ce1801b88c06e445
aug_9d1cf836a02a066f0fa6,rec_e28be47a3f49c072a427,D:\INFANT CRY\data_set_dbl_split\train\belly_pain\dunstan-eairh_8.wav,belly_pain/dunstan-eairh_8.wav,belly_pain,train,2,pitch_shift,"{""steps"":-0.861361}",233,14974658674289977633,virtual:aug_9d1cf836a02a066f0fa6
aug_fd28ec1e054e09c9f0bd,rec_aee0e27f53394dd9463f,D:\INFANT CRY\data_set_dbl_split\train\belly_pain\792_M_eairh.wav,belly_pain/792_M_eairh.wav,belly_pain,train,2,time_stretch,"{""rate"":1.07512}",234,8340653499986017598,virtual:aug_fd28ec1e054e09c9f0bd
aug_dab6979e12d8497ae745,rec_6a612fdb6f32216b009d,D:\INFANT CRY\data_set_dbl_split\train\belly_pain\dunstan-eairh_60.wav,belly_pain/dunstan-eairh_60.wav,belly_pain,train,2,time_stretch,"{""rate"":0.921507}",235,18055342193358381126,virtual:aug_dab6979e12d8497ae745
aug_0a0c41ccbe4121c20950,rec_9516de195d0ec83f4725,D:\INFANT CRY\data_set_dbl_split\train\belly_pain\3195_M_eairh.wav,belly_pain/3195_M_eairh.wav,belly_pain,train,2,time_shift,"{""fraction"":-0.0226257}",236,9687633513052660756,virtual:aug_0a0c41ccbe4121c20950
aug_8d7543e574af1fb3c297,rec_3c400a3cd8526f5968e2,D:\INFANT CRY\data_set_dbl_split\train\belly_pain\1321_F_eairh.wav,belly_pain/1321_F_eairh.wav,belly_pain,train,2,gaussian_noise,"{""noise_factor"":0.002180802}",237,12018479858396331293,virtual:aug_8d7543e574af1fb3c297
aug_7fabf25ad29f3977aeb2,rec_9b5466053393e9dbc382,D:\INFANT CRY\data_set_dbl_split\train\belly_pain\dunstan-eairh_23.wav,belly_pain/dunstan-eairh_23.wav,belly_pain,train,2,pitch_shift,"{""steps"":1.966159}",238,8918606013665398426,virtual:aug_7fabf25ad29f3977aeb2
aug_a6844dda689e1d6e8b0c,rec_cd47bf189e0812ab4c2a,D:\INFANT CRY\data_set_dbl_split\train\belly_pain\844_M_eairh.wav,belly_pain/844_M_eairh.wav,belly_pain,train,2,pitch_shift,"{""steps"":-1.974051}",239,1112778784397715127,virtual:aug_a6844dda689e1d6e8b0c
aug_4d7c7cd639859c657681,rec_eb97e029b56da724a0bb,D:\INFANT CRY\data_set_dbl_split\train\belly_pain\838_F_eairh.wav,belly_pain/838_F_eairh.wav,belly_pain,train,2,time_stretch,"{""rate"":1.185973}",240,4929060459298774555,virtual:aug_4d7c7cd639859c657681
aug_2d0c52a7c0df3a0d05e5,rec_d433c8ac12980d0cc901,D:\INFANT CRY\data_set_dbl_split\train\belly_pain\3619_M_eairh.wav,belly_pain/3619_M_eairh.wav,belly_pain,train,2,time_stretch,"{""rate"":0.785098}",241,1944228028350021903,virtual:aug_2d0c52a7c0df3a0d05e5
aug_ef516a743491e4387cc7,rec_a0848fd98077b24f5820,D:\INFANT CRY\data_set_dbl_split\train\belly_pain\1462_F_eairh.wav,belly_pain/1462_F_eairh.wav,belly_pain,train,2,gaussian_noise,"{""noise_factor"":0.004824335}",242,1520826844994417574,virtual:aug_ef516a743491e4387cc7
aug_d73526b8c74fdbfc840b,rec_f3b17560413168dbbc98,D:\INFANT CRY\data_set_dbl_split\train\belly_pain\1197_M_eairh.wav,belly_pain/1197_M_eairh.wav,belly_pain,train,2,pitch_shift,"{""steps"":0.884661}",243,7001587551252511102,virtual:aug_d73526b8c74fdbfc840b
aug_4e4a6465f1169dd57c21,rec_6de25635db4018c640cb,D:\INFANT CRY\data_set_dbl_split\train\belly_pain\3077_F_eairh.wav,belly_pain/3077_F_eairh.wav,belly_pain,train,2,pitch_shift,"{""steps"":-0.924807}",244,12397717120132170533,virtual:aug_4e4a6465f1169dd57c21
aug_5e5f7f288def93122c46,rec_df6f22b942b4fbdceea0,D:\INFANT CRY\data_set_dbl_split\train\belly_pain\318_M_eairh.wav,belly_pain/318_M_eairh.wav,belly_pain,train,2,time_stretch,"{""rate"":1.12276}",245,5569843296502855634,virtual:aug_5e5f7f288def93122c46
aug_9f987bca5b0d2328f1da,rec_02cdbe8c0204373d3f9c,D:\INFANT CRY\data_set_dbl_split\train\belly_pain\dunstan-eairh_44.wav,belly_pain/dunstan-eairh_44.wav,belly_pain,train,2,time_stretch,"{""rate"":0.900228}",246,1592795503824104993,virtual:aug_9f987bca5b0d2328f1da
aug_ac130ccf04026ba02067,rec_db0170c6e9143b76c98f,D:\INFANT CRY\data_set_dbl_split\train\belly_pain\1215_M_eairh.wav,belly_pain/1215_M_eairh.wav,belly_pain,train,2,time_shift,"{""fraction"":-0.0287283}",247,12318879626927120536,virtual:aug_ac130ccf04026ba02067
aug_0fa000ef2ebbbf636a0c,rec_db04a08c8cb045de0940,D:\INFANT CRY\data_set_dbl_split\train\belly_pain\4896_M_eairh.wav,belly_pain/4896_M_eairh.wav,belly_pain,train,2,gaussian_noise,"{""noise_factor"":0.002336772}",248,11267972965407146587,virtual:aug_0fa000ef2ebbbf636a0c
aug_9117ac223f64a0ef0cf0,rec_fac87a465c8472b089f6,D:\INFANT CRY\data_set_dbl_split\train\belly_pain\2250_F_eairh.wav,belly_pain/2250_F_eairh.wav,belly_pain,train,2,pitch_shift,"{""steps"":1.871419}",249,3363969319014664254,virtual:aug_9117ac223f64a0ef0cf0
aug_9cd4f0f6227efe722b20,rec_6ac41708a7f3de4ed900,D:\INFANT CRY\data_set_dbl_split\train\belly_pain\dunstan-eairh_9.wav,belly_pain/dunstan-eairh_9.wav,belly_pain,train,2,pitch_shift,"{""steps"":-1.97641}",250,3515445285038545627,virtual:aug_9cd4f0f6227efe722b20
aug_c430dc5b765d2705fdff,rec_2730b77759b8808a6d27,D:\INFANT CRY\data_set_dbl_split\train\belly_pain\3786_M_eairh.wav,belly_pain/3786_M_eairh.wav,belly_pain,train,2,time_stretch,"{""rate"":1.202336}",251,13204037347811181766,virtual:aug_c430dc5b765d2705fdff
aug_6101c24be1b09996f70e,rec_4771cea23a26a41b1167,D:\INFANT CRY\data_set_dbl_split\train\belly_pain\216_M_eairh.wav,belly_pain/216_M_eairh.wav,belly_pain,train,2,time_stretch,"{""rate"":0.811217}",252,11548875166266588745,virtual:aug_6101c24be1b09996f70e
aug_438509d60fc11ecbd74c,rec_917b2809b108d84393e1,D:\INFANT CRY\data_set_dbl_split\train\belly_pain\dunstan-eairh_37.wav,belly_pain/dunstan-eairh_37.wav,belly_pain,train,2,gaussian_noise,"{""noise_factor"":0.005395772}",253,2634835745553239161,virtual:aug_438509d60fc11ecbd74c
aug_3c8df696fba19b60d369,rec_b6b66fb3f3de74db9ab8,D:\INFANT CRY\data_set_dbl_split\train\belly_pain\3825_M_eairh.wav,belly_pain/3825_M_eairh.wav,belly_pain,train,2,pitch_shift,"{""steps"":1.035137}",254,17662015162082830737,virtual:aug_3c8df696fba19b60d369
aug_9afbaf08689e2e3fba85,rec_bd03bef6ee0cbaf1d721,D:\INFANT CRY\data_set_dbl_split\train\belly_pain\3616_F_eairh.wav,belly_pain/3616_F_eairh.wav,belly_pain,train,2,pitch_shift,"{""steps"":-0.839318}",255,14355919456783580906,virtual:aug_9afbaf08689e2e3fba85
aug_19fe3a8e1b3314500a6e,rec_0c6c903753d565dac519,D:\INFANT CRY\data_set_dbl_split\train\belly_pain\3505_M_eairh.wav,belly_pain/3505_M_eairh.wav,belly_pain,train,2,time_stretch,"{""rate"":1.115948}",256,4935261335981299625,virtual:aug_19fe3a8e1b3314500a6e
aug_83ffd21bf022a0b6894d,rec_fdf6fac981d89bd04593,D:\INFANT CRY\data_set_dbl_split\train\belly_pain\3344_M_eairh.wav,belly_pain/3344_M_eairh.wav,belly_pain,train,2,time_stretch,"{""rate"":0.921644}",257,17097856560625779425,virtual:aug_83ffd21bf022a0b6894d
aug_bd145378b0fe2841e9c9,rec_537385263a6cfc438d37,D:\INFANT CRY\data_set_dbl_split\train\belly_pain\1084_M_eairh.wav,belly_pain/1084_M_eairh.wav,belly_pain,train,2,time_shift,"{""fraction"":-0.0629623}",258,2318666305401471412,virtual:aug_bd145378b0fe2841e9c9
aug_97bad42fdbb53e4da689,rec_3e28c761181c5229dd97,D:\INFANT CRY\data_set_dbl_split\train\belly_pain\dunstan-eairh_11.wav,belly_pain/dunstan-eairh_11.wav,belly_pain,train,2,gaussian_noise,"{""noise_factor"":0.002617599}",259,14181087254384929511,virtual:aug_97bad42fdbb53e4da689
aug_6e34c8655220cb85d700,rec_49997b84581d28fe47cf,D:\INFANT CRY\data_set_dbl_split\train\belly_pain\1498_M_eairh.wav,belly_pain/1498_M_eairh.wav,belly_pain,train,2,pitch_shift,"{""steps"":1.867903}",260,17056505029159989730,virtual:aug_6e34c8655220cb85d700
aug_ac989d7e81ecf923e9bc,rec_9897d60d93c5b1f8c62b,D:\INFANT CRY\data_set_dbl_split\train\belly_pain\dunstan-eairh_14.wav,belly_pain/dunstan-eairh_14.wav,belly_pain,train,2,pitch_shift,"{""steps"":-1.946955}",261,2797607165926264156,virtual:aug_ac989d7e81ecf923e9bc
aug_106ddbd5ec50b3b57462,rec_4540c986f8cce2bafa2c,D:\INFANT CRY\data_set_dbl_split\train\belly_pain\1554_M_eairh.wav,belly_pain/1554_M_eairh.wav,belly_pain,train,2,time_stretch,"{""rate"":1.211048}",262,16826351616542012428,virtual:aug_106ddbd5ec50b3b57462
aug_8a8b5687633fe681bd76,rec_e6d5a53ef5c2a42cae1f,D:\INFANT CRY\data_set_dbl_split\train\belly_pain\dunstan-eairh_59.wav,belly_pain/dunstan-eairh_59.wav,belly_pain,train,2,time_stretch,"{""rate"":0.809037}",263,8580002204391250517,virtual:aug_8a8b5687633fe681bd76
aug_d7b1c5aaa294ca66f764,rec_0dcb14da74eee37cc249,D:\INFANT CRY\data_set_dbl_split\train\belly_pain\dunstan-eairh_24.wav,belly_pain/dunstan-eairh_24.wav,belly_pain,train,2,gaussian_noise,"{""noise_factor"":0.004708656}",264,16475409327688660244,virtual:aug_d7b1c5aaa294ca66f764
aug_bcd589af901e8c9c5e77,rec_e341b409fa744b48140a,D:\INFANT CRY\data_set_dbl_split\train\belly_pain\2367_M_eairh.wav,belly_pain/2367_M_eairh.wav,belly_pain,train,2,pitch_shift,"{""steps"":1.008954}",265,7318588016066863189,virtual:aug_bcd589af901e8c9c5e77
aug_f8f95db39e7ad971607a,rec_45acf6d12a71c4b85dfc,D:\INFANT CRY\data_set_dbl_split\train\belly_pain\dunstan-eairh_33.wav,belly_pain/dunstan-eairh_33.wav,belly_pain,train,2,pitch_shift,"{""steps"":-1.110479}",266,16814383475771188346,virtual:aug_f8f95db39e7ad971607a
aug_3f8e78cfce234a13d243,rec_8cea211c8ae2584daf02,D:\INFANT CRY\data_set_dbl_split\train\belly_pain\1516_M_eairh.wav,belly_pain/1516_M_eairh.wav,belly_pain,train,2,time_stretch,"{""rate"":1.089735}",267,1654667230039206683,virtual:aug_3f8e78cfce234a13d243
aug_96417f9a4f707827bdb1,rec_0213f75c14f4849c2a83,D:\INFANT CRY\data_set_dbl_split\train\belly_pain\dunstan-eairh_41.wav,belly_pain/dunstan-eairh_41.wav,belly_pain,train,2,time_stretch,"{""rate"":0.919182}",268,18339760156700932888,virtual:aug_96417f9a4f707827bdb1
aug_de4f4f12da95d28681c4,rec_204a9c054278b9416f57,D:\INFANT CRY\data_set_dbl_split\train\belly_pain\dunstan-eairh_17.wav,belly_pain/dunstan-eairh_17.wav,belly_pain,train,2,time_shift,"{""fraction"":0.0645806}",269,2165659063321588630,virtual:aug_de4f4f12da95d28681c4
aug_8e60df580e55922fa2b1,rec_f6e860c75ce7b1ebce05,D:\INFANT CRY\data_set_dbl_split\train\belly_pain\4711_M_eairh.wav,belly_pain/4711_M_eairh.wav,belly_pain,train,2,gaussian_noise,"{""noise_factor"":0.002807747}",270,7836084694353393793,virtual:aug_8e60df580e55922fa2b1
aug_8e1e8590be8974560f8c,rec_fae98644f14f54a8f0a4,D:\INFANT CRY\data_set_dbl_split\train\belly_pain\3889_M_eairh.wav,belly_pain/3889_M_eairh.wav,belly_pain,train,2,pitch_shift,"{""steps"":2.030631}",271,17260100955133514748,virtual:aug_8e1e8590be8974560f8c
aug_d9e3c47bd61aaec1fe58,rec_fefa338d580873c2cd3e,D:\INFANT CRY\data_set_dbl_split\train\belly_pain\1190_M_eairh.wav,belly_pain/1190_M_eairh.wav,belly_pain,train,2,pitch_shift,"{""steps"":-1.825447}",272,7203980293219715740,virtual:aug_d9e3c47bd61aaec1fe58
aug_fae2700ef7d977dd9a3f,rec_fba775c7ee6d938c4a28,D:\INFANT CRY\data_set_dbl_split\train\belly_pain\2566_M_eairh.wav,belly_pain/2566_M_eairh.wav,belly_pain,train,2,time_stretch,"{""rate"":1.219134}",273,9621186279065558220,virtual:aug_fae2700ef7d977dd9a3f
aug_b12c9b83337e743e8b47,rec_0c5e583cba7fea6e7572,D:\INFANT CRY\data_set_dbl_split\train\belly_pain\3688_M_eairh.wav,belly_pain/3688_M_eairh.wav,belly_pain,train,2,time_stretch,"{""rate"":0.813724}",274,5526176461271227806,virtual:aug_b12c9b83337e743e8b47
aug_1d22b3f99e98f44cf3ca,rec_984c63597c96f9a7a5eb,D:\INFANT CRY\data_set_dbl_split\train\belly_pain\3319_M_eairh.wav,belly_pain/3319_M_eairh.wav,belly_pain,train,2,gaussian_noise,"{""noise_factor"":0.005744345}",275,15720768505268833754,virtual:aug_1d22b3f99e98f44cf3ca
aug_e25b7471c1e5dbc57a44,rec_1b0acd4606aae95bef48,D:\INFANT CRY\data_set_dbl_split\train\belly_pain\2987_F_eairh.wav,belly_pain/2987_F_eairh.wav,belly_pain,train,2,pitch_shift,"{""steps"":0.952051}",276,8498683161446114705,virtual:aug_e25b7471c1e5dbc57a44
aug_4f46909996fa79c978f5,rec_6f6b4910a46d0f5c9466,D:\INFANT CRY\data_set_dbl_split\train\belly_pain\dunstan-eairh_29.wav,belly_pain/dunstan-eairh_29.wav,belly_pain,train,2,pitch_shift,"{""steps"":-0.944654}",277,6627316810808264472,virtual:aug_4f46909996fa79c978f5
aug_0f7358fc380e7afface4,rec_50282cf393ad274e3952,D:\INFANT CRY\data_set_dbl_split\train\belly_pain\dunstan-eairh_32.wav,belly_pain/dunstan-eairh_32.wav,belly_pain,train,2,time_stretch,"{""rate"":1.096786}",278,18378827370824934251,virtual:aug_0f7358fc380e7afface4
aug_38ffaf264a180bede725,rec_2fbe8d849db8271b15ba,D:\INFANT CRY\data_set_dbl_split\train\belly_pain\2901_M_eairh.wav,belly_pain/2901_M_eairh.wav,belly_pain,train,2,time_stretch,"{""rate"":0.895446}",279,2585079646369804204,virtual:aug_38ffaf264a180bede725
aug_5c925f8e0d1e752829bd,rec_5d81264429765a29a2c1,D:\INFANT CRY\data_set_dbl_split\train\belly_pain\1370_M_eairh.wav,belly_pain/1370_M_eairh.wav,belly_pain,train,2,time_shift,"{""fraction"":0.082505}",280,6373743119790618843,virtual:aug_5c925f8e0d1e752829bd
aug_1c762094bd19c81d9707,rec_9ef4cab50c9a56e3bd9a,D:\INFANT CRY\data_set_dbl_split\train\belly_pain\4758_M_eairh.wav,belly_pain/4758_M_eairh.wav,belly_pain,train,2,gaussian_noise,"{""noise_factor"":0.002377962}",281,4785265603260790697,virtual:aug_1c762094bd19c81d9707
aug_7a9355e5568d0f3da22d,rec_f3c9e9d220dc2e97e90a,D:\INFANT CRY\data_set_dbl_split\train\belly_pain\2760_F_eairh.wav,belly_pain/2760_F_eairh.wav,belly_pain,train,2,pitch_shift,"{""steps"":1.814932}",282,11670799431929515751,virtual:aug_7a9355e5568d0f3da22d
aug_191feb78ae05facb96d8,rec_e41629e8492bfc07276b,D:\INFANT CRY\data_set_dbl_split\train\belly_pain\3151_M_eairh.wav,belly_pain/3151_M_eairh.wav,belly_pain,train,2,pitch_shift,"{""steps"":-1.866075}",283,13954334280995645307,virtual:aug_191feb78ae05facb96d8
aug_11b9f354ba6e28f598b0,rec_b9167ff33ed6aa5cabea,D:\INFANT CRY\data_set_dbl_split\train\belly_pain\4452_F_eairh.wav,belly_pain/4452_F_eairh.wav,belly_pain,train,2,time_stretch,"{""rate"":1.178875}",284,49647393497337200,virtual:aug_11b9f354ba6e28f598b0
aug_515cc7eb1f143baac6b2,rec_7c9fa2018ccd9fa62207,D:\INFANT CRY\data_set_dbl_split\train\belly_pain\3492_F_eairh.wav,belly_pain/3492_F_eairh.wav,belly_pain,train,2,time_stretch,"{""rate"":0.817603}",285,10993005493930775272,virtual:aug_515cc7eb1f143baac6b2
aug_8f8de4b65e16d5e99e93,rec_cd6ec618a07ea9574302,D:\INFANT CRY\data_set_dbl_split\train\belly_pain\2994_M_eairh.wav,belly_pain/2994_M_eairh.wav,belly_pain,train,2,gaussian_noise,"{""noise_factor"":0.005538615}",286,1620647509371379425,virtual:aug_8f8de4b65e16d5e99e93
aug_388c4ee80906bfb7c347,rec_71271d173296dd73b1cc,D:\INFANT CRY\data_set_dbl_split\train\belly_pain\dunstan-eairh_49.wav,belly_pain/dunstan-eairh_49.wav,belly_pain,train,2,pitch_shift,"{""steps"":0.844595}",287,18442074204312233712,virtual:aug_388c4ee80906bfb7c347
aug_94e6ae16e73778bc70fe,rec_50da61b23db30480db84,D:\INFANT CRY\data_set_dbl_split\train\belly_pain\4601_M_eairh.wav,belly_pain/4601_M_eairh.wav,belly_pain,train,2,pitch_shift,"{""steps"":-0.985346}",288,15144561236470614039,virtual:aug_94e6ae16e73778bc70fe
aug_b1bae39752b2f90776f0,rec_886741e63dcc59e4d15d,D:\INFANT CRY\data_set_dbl_split\train\belly_pain\dunstan-eairh_2.wav,belly_pain/dunstan-eairh_2.wav,belly_pain,train,2,time_stretch,"{""rate"":1.11737}",289,7723661089380956922,virtual:aug_b1bae39752b2f90776f0
aug_bc3db5d9e57204e0c0f0,rec_212b93ff5570b7840e1a,D:\INFANT CRY\data_set_dbl_split\train\belly_pain\419_M_eairh.wav,belly_pain/419_M_eairh.wav,belly_pain,train,2,time_stretch,"{""rate"":0.900786}",290,9886978917623278204,virtual:aug_bc3db5d9e57204e0c0f0
aug_02f821b0865f938f7c74,rec_bc25d1ebb8434b66682a,D:\INFANT CRY\data_set_dbl_split\train\belly_pain\2293_F_eairh.wav,belly_pain/2293_F_eairh.wav,belly_pain,train,2,time_shift,"{""fraction"":0.0624148}",291,8952808528524058552,virtual:aug_02f821b0865f938f7c74
aug_6b2c78f7474de0f8d63e,rec_519de6d134c08a715f7a,D:\INFANT CRY\data_set_dbl_split\train\belly_pain\4437_M_eairh.wav,belly_pain/4437_M_eairh.wav,belly_pain,train,2,gaussian_noise,"{""noise_factor"":0.002478947}",292,2588629074428664332,virtual:aug_6b2c78f7474de0f8d63e
aug_5c239cda0043b447c618,rec_f08400013ae835c03434,D:\INFANT CRY\data_set_dbl_split\train\belly_pain\dunstan-eairh_12.wav,belly_pain/dunstan-eairh_12.wav,belly_pain,train,2,pitch_shift,"{""steps"":1.825895}",293,3144341165743164373,virtual:aug_5c239cda0043b447c618
aug_d0116abe56fbf02c56c3,rec_74b947283511c8751b65,D:\INFANT CRY\data_set_dbl_split\train\belly_pain\2593_M_eairh.wav,belly_pain/2593_M_eairh.wav,belly_pain,train,2,pitch_shift,"{""steps"":-1.879812}",294,10583989719947511490,virtual:aug_d0116abe56fbf02c56c3
aug_578f2e8210bde96e4951,rec_b2242a410e34ac87e103,D:\INFANT CRY\data_set_dbl_split\train\belly_pain\dunstan-eairh_7.wav,belly_pain/dunstan-eairh_7.wav,belly_pain,train,2,time_stretch,"{""rate"":1.223815}",295,8336455682401617337,virtual:aug_578f2e8210bde96e4951
aug_3002de6cac7c203a2608,rec_07826f6464f9e0639207,D:\INFANT CRY\data_set_dbl_split\train\belly_pain\dunstan-eairh_3.wav,belly_pain/dunstan-eairh_3.wav,belly_pain,train,2,time_stretch,"{""rate"":0.81839}",296,16321893370869240554,virtual:aug_3002de6cac7c203a2608
aug_277dcdf4625a9863f98d,rec_8edd741f68bb4fc40004,D:\INFANT CRY\data_set_dbl_split\train\belly_pain\446_M_eairh.wav,belly_pain/446_M_eairh.wav,belly_pain,train,2,gaussian_noise,"{""noise_factor"":0.005257905}",297,15724147551978489377,virtual:aug_277dcdf4625a9863f98d
aug_2dc09e48adb5298cda5b,rec_cdcf04a52b20c44770ea,D:\INFANT CRY\data_set_dbl_split\train\belly_pain\2685_F_eairh.wav,belly_pain/2685_F_eairh.wav,belly_pain,train,2,pitch_shift,"{""steps"":0.894236}",298,13281880293866387114,virtual:aug_2dc09e48adb5298cda5b
aug_a3441120c3ba5f6eac98,rec_a81034a5fda8f72d3ad1,D:\INFANT CRY\data_set_dbl_split\train\belly_pain\287_F_eairh.wav,belly_pain/287_F_eairh.wav,belly_pain,train,2,pitch_shift,"{""steps"":-0.931024}",299,8184831705506030116,virtual:aug_a3441120c3ba5f6eac98
aug_b72005e2c3924e67c2d8,rec_344f2459aa8a88a9964a,D:\INFANT CRY\data_set_dbl_split\train\belly_pain\228_M_eairh.wav,belly_pain/228_M_eairh.wav,belly_pain,train,2,time_stretch,"{""rate"":1.097269}",300,6113788570477512776,virtual:aug_b72005e2c3924e67c2d8
aug_0934fe347d8cf1fa89b3,rec_a4059f5ca3482bd507f9,D:\INFANT CRY\data_set_dbl_split\train\belly_pain\2217_M_eairh.wav,belly_pain/2217_M_eairh.wav,belly_pain,train,2,time_stretch,"{""rate"":0.921976}",301,2439211687975931992,virtual:aug_0934fe347d8cf1fa89b3
aug_14877f13a9003d30e276,rec_bf373fe9b30b0dd92527,D:\INFANT CRY\data_set_dbl_split\train\belly_pain\407_M_eairh.wav,belly_pain/407_M_eairh.wav,belly_pain,train,2,time_shift,"{""fraction"":-0.0066277}",302,949536125192709304,virtual:aug_14877f13a9003d30e276
aug_e77aeaeb0c819def15bb,rec_b52b02478d157dfacee6,D:\INFANT CRY\data_set_dbl_split\train\belly_pain\3541_M_eairh.wav,belly_pain/3541_M_eairh.wav,belly_pain,train,2,gaussian_noise,"{""noise_factor"":0.002168546}",303,8367290670243605046,virtual:aug_e77aeaeb0c819def15bb
aug_857fb38e8a549bdf7371,rec_38916b588bfc277e0233,D:\INFANT CRY\data_set_dbl_split\train\belly_pain\dunstan-eairh_34.wav,belly_pain/dunstan-eairh_34.wav,belly_pain,train,2,pitch_shift,"{""steps"":1.818204}",304,6335580653380843409,virtual:aug_857fb38e8a549bdf7371
aug_d996626e755de21577ba,rec_c3629105ce9cd90cfd02,D:\INFANT CRY\data_set_dbl_split\train\belly_pain\4186_M_eairh.wav,belly_pain/4186_M_eairh.wav,belly_pain,train,2,pitch_shift,"{""steps"":-1.981592}",305,7257001758891295259,virtual:aug_d996626e755de21577ba
aug_a7ce9e9262ef4b7d871e,rec_aef5992e5f42844e0dda,D:\INFANT CRY\data_set_dbl_split\train\belly_pain\dunstan-eairh_53.wav,belly_pain/dunstan-eairh_53.wav,belly_pain,train,2,time_stretch,"{""rate"":1.184113}",306,10395403680628183503,virtual:aug_a7ce9e9262ef4b7d871e
aug_8ac11aee9740bf72952c,rec_774e95ea65e8ccac1202,D:\INFANT CRY\data_set_dbl_split\train\belly_pain\4684_M_eairh.wav,belly_pain/4684_M_eairh.wav,belly_pain,train,2,time_stretch,"{""rate"":0.801681}",307,10015046597168986839,virtual:aug_8ac11aee9740bf72952c
aug_6862262a68585d35613d,rec_dbafcb96ca6a87f36f52,D:\INFANT CRY\data_set_dbl_split\train\belly_pain\dunstan-eairh_39.wav,belly_pain/dunstan-eairh_39.wav,belly_pain,train,2,gaussian_noise,"{""noise_factor"":0.004878576}",308,11503063955699163265,virtual:aug_6862262a68585d35613d
aug_cae1bcaa0aabd871b9e9,rec_ba52e0a6338d8ae240d8,D:\INFANT CRY\data_set_dbl_split\train\belly_pain\dunstan-eairh_19.wav,belly_pain/dunstan-eairh_19.wav,belly_pain,train,2,pitch_shift,"{""steps"":1.046917}",309,8234649024021169426,virtual:aug_cae1bcaa0aabd871b9e9
aug_7e3ca614f6328320b7bf,rec_c7ab84dc1e25a511f089,D:\INFANT CRY\data_set_dbl_split\train\belly_pain\3054_M_eairh.wav,belly_pain/3054_M_eairh.wav,belly_pain,train,2,pitch_shift,"{""steps"":-0.947525}",310,5324081759076224969,virtual:aug_7e3ca614f6328320b7bf
aug_b606ed82da1a12f53b62,rec_9fe218fb42a48370949d,D:\INFANT CRY\data_set_dbl_split\train\belly_pain\476_M_eairh.wav,belly_pain/476_M_eairh.wav,belly_pain,train,2,time_stretch,"{""rate"":1.106902}",311,3485081827615824536,virtual:aug_b606ed82da1a12f53b62
aug_923556a3b041de0b91b4,rec_81fef69644989c4602c2,D:\INFANT CRY\data_set_dbl_split\train\belly_pain\4745_M_eairh.wav,belly_pain/4745_M_eairh.wav,belly_pain,train,2,time_stretch,"{""rate"":0.901514}",312,13239534645334886527,virtual:aug_923556a3b041de0b91b4
aug_de4ec0e74d271c758837,rec_6ddf02f097374f28d75a,D:\INFANT CRY\data_set_dbl_split\train\belly_pain\dunstan-eairh_4.wav,belly_pain/dunstan-eairh_4.wav,belly_pain,train,2,time_shift,"{""fraction"":-0.0605395}",313,815616452883145516,virtual:aug_de4ec0e74d271c758837
aug_a1fbed2d09788b5c3e00,rec_33873b0c0a625be21a8e,D:\INFANT CRY\data_set_dbl_split\train\burping\4655_M_eh.wav,burping/4655_M_eh.wav,burping,train,2,gaussian_noise,"{""noise_factor"":0.005494278}",0,14775097512915835493,virtual:aug_a1fbed2d09788b5c3e00
aug_389305114bb85ef633eb,rec_c65736eefe0e47e5bb86,D:\INFANT CRY\data_set_dbl_split\train\burping\1807_M_eh.wav,burping/1807_M_eh.wav,burping,train,2,pitch_shift,"{""steps"":1.188768}",1,13887734565192552801,virtual:aug_389305114bb85ef633eb
aug_c0df99b219a41f735bfc,rec_4f3aebbda6b4c987c96d,D:\INFANT CRY\data_set_dbl_split\train\burping\4643_M_eh.wav,burping/4643_M_eh.wav,burping,train,2,pitch_shift,"{""steps"":-0.976576}",2,14246298511240388343,virtual:aug_c0df99b219a41f735bfc
aug_4d4df49963366e80e3ba,rec_6b454294a8664471f946,D:\INFANT CRY\data_set_dbl_split\train\burping\3153_F_eh.wav,burping/3153_F_eh.wav,burping,train,2,time_stretch,"{""rate"":1.097821}",3,5285175983649283418,virtual:aug_4d4df49963366e80e3ba
aug_5d3964cbb55ac620e408,rec_410db454b737f8edd207,D:\INFANT CRY\data_set_dbl_split\train\burping\dunstan-eh_36.wav,burping/dunstan-eh_36.wav,burping,train,2,time_stretch,"{""rate"":0.903097}",4,8092504277173955303,virtual:aug_5d3964cbb55ac620e408
aug_181816229b277fc6b0ed,rec_a3b246b844a903219afc,D:\INFANT CRY\data_set_dbl_split\train\burping\336_F_eh.wav,burping/336_F_eh.wav,burping,train,2,time_shift,"{""fraction"":-0.0454782}",5,18095675233603065959,virtual:aug_181816229b277fc6b0ed
aug_7835a2c7d80ea030e807,rec_76d86ebe51c4717b2eef,D:\INFANT CRY\data_set_dbl_split\train\burping\3332_M_eh.wav,burping/3332_M_eh.wav,burping,train,2,gaussian_noise,"{""noise_factor"":0.002375817}",6,16970498519435965275,virtual:aug_7835a2c7d80ea030e807
aug_6dcf8d87be366e22130d,rec_08e93b1ae68a5813da75,D:\INFANT CRY\data_set_dbl_split\train\burping\3641_M_eh.wav,burping/3641_M_eh.wav,burping,train,2,pitch_shift,"{""steps"":1.80135}",7,10254078450711962305,virtual:aug_6dcf8d87be366e22130d
aug_1f761f33944736c506c2,rec_1b2cfce0d8829eddad7e,D:\INFANT CRY\data_set_dbl_split\train\burping\1480_F_eh.wav,burping/1480_F_eh.wav,burping,train,2,pitch_shift,"{""steps"":-2.049192}",8,5940418741189367852,virtual:aug_1f761f33944736c506c2
aug_4269cf7b8bbe1e768839,rec_fbd8c164275be77b1eeb,D:\INFANT CRY\data_set_dbl_split\train\burping\3420_M_eh.wav,burping/3420_M_eh.wav,burping,train,2,time_stretch,"{""rate"":1.212702}",9,3147871773510716981,virtual:aug_4269cf7b8bbe1e768839
aug_e9635f3a7d239ae85f5b,rec_1b0eec91879fb66550c3,D:\INFANT CRY\data_set_dbl_split\train\burping\151_F_eh.wav,burping/151_F_eh.wav,burping,train,2,time_stretch,"{""rate"":0.789236}",10,16230863862495014982,virtual:aug_e9635f3a7d239ae85f5b
aug_34cb50a533df042dae66,rec_7b7948d30dc8ee511ce2,D:\INFANT CRY\data_set_dbl_split\train\burping\1772_M_eh.wav,burping/1772_M_eh.wav,burping,train,2,gaussian_noise,"{""noise_factor"":0.004867456}",11,11335809315388584813,virtual:aug_34cb50a533df042dae66
aug_18fe2b6176539ce0acc8,rec_8b1d545801964600f8e5,D:\INFANT CRY\data_set_dbl_split\train\burping\534_M_eh.wav,burping/534_M_eh.wav,burping,train,2,pitch_shift,"{""steps"":0.860111}",12,4511392989759453031,virtual:aug_18fe2b6176539ce0acc8
aug_e764f65ad0b077a614f1,rec_d09abe4d0ed175d6bc7b,D:\INFANT CRY\data_set_dbl_split\train\burping\1404_F_eh.wav,burping/1404_F_eh.wav,burping,train,2,pitch_shift,"{""steps"":-1.00321}",13,129234280286766959,virtual:aug_e764f65ad0b077a614f1
aug_aebd18a469fc8c79d8fc,rec_b5c186f6a11ea24233fb,D:\INFANT CRY\data_set_dbl_split\train\burping\2272_M_eh.wav,burping/2272_M_eh.wav,burping,train,2,time_stretch,"{""rate"":1.103369}",14,7350759252194263747,virtual:aug_aebd18a469fc8c79d8fc
aug_506abaa22c30489b675a,rec_c6008b28a57b1ad0c4a6,D:\INFANT CRY\data_set_dbl_split\train\burping\2312_M_eh.wav,burping/2312_M_eh.wav,burping,train,2,time_stretch,"{""rate"":0.89053}",15,17309950320116132012,virtual:aug_506abaa22c30489b675a
aug_25f45f5fd3efdca6bffd,rec_d08ebcb453ffbec561de,D:\INFANT CRY\data_set_dbl_split\train\burping\1990_M_eh.wav,burping/1990_M_eh.wav,burping,train,2,time_shift,"{""fraction"":-0.0964442}",16,10874024382532556546,virtual:aug_25f45f5fd3efdca6bffd
aug_476788f44288927a15db,rec_63a5ffd4b62830708b3e,D:\INFANT CRY\data_set_dbl_split\train\burping\4129_M_eh.wav,burping/4129_M_eh.wav,burping,train,2,gaussian_noise,"{""noise_factor"":0.002864469}",17,10331102726332476953,virtual:aug_476788f44288927a15db
aug_94ab52e1be2d1812855c,rec_812a143c52108fd80d82,D:\INFANT CRY\data_set_dbl_split\train\burping\2106_M_eh.wav,burping/2106_M_eh.wav,burping,train,2,pitch_shift,"{""steps"":1.994094}",18,15373325797222158234,virtual:aug_94ab52e1be2d1812855c
aug_002eafd2f590367704c1,rec_6bfb452e0fb288f7e4b1,D:\INFANT CRY\data_set_dbl_split\train\burping\915_F_eh.wav,burping/915_F_eh.wav,burping,train,2,pitch_shift,"{""steps"":-2.064808}",19,12439077866717677694,virtual:aug_002eafd2f590367704c1
aug_7d4853ba0753721e9ebb,rec_c406d6a42a64a393f607,D:\INFANT CRY\data_set_dbl_split\train\burping\3828_M_eh.wav,burping/3828_M_eh.wav,burping,train,2,time_stretch,"{""rate"":1.194712}",20,8735995715561475088,virtual:aug_7d4853ba0753721e9ebb
aug_d6bb97c442a4c5f685a3,rec_0c8740c205058cc13c73,D:\INFANT CRY\data_set_dbl_split\train\burping\4473_M_eh.wav,burping/4473_M_eh.wav,burping,train,2,time_stretch,"{""rate"":0.79078}",21,4957455547188125797,virtual:aug_d6bb97c442a4c5f685a3
aug_ea7dc87c3dc500cf7c1b,rec_a61b1c034874488205af,D:\INFANT CRY\data_set_dbl_split\train\burping\801_F_eh.wav,burping/801_F_eh.wav,burping,train,2,gaussian_noise,"{""noise_factor"":0.005527303}",22,18265637971847411223,virtual:aug_ea7dc87c3dc500cf7c1b
aug_6c9b6f3d95d7835036fa,rec_296b5aff467704fad7f9,D:\INFANT CRY\data_set_dbl_split\train\burping\4544_F_eh.wav,burping/4544_F_eh.wav,burping,train,2,pitch_shift,"{""steps"":0.813449}",23,15241898693237413848,virtual:aug_6c9b6f3d95d7835036fa
aug_487d1c77d9db387d621f,rec_8f1e43e0b3db4c9b7bd1,D:\INFANT CRY\data_set_dbl_split\train\burping\3009_M_eh.wav,burping/3009_M_eh.wav,burping,train,2,pitch_shift,"{""steps"":-0.8806}",24,6119961182808848769,virtual:aug_487d1c77d9db387d621f
aug_250e5429bbc4a098e1a3,rec_27fce64936b1b90d7277,D:\INFANT CRY\data_set_dbl_split\train\burping\dunstan-eh_57.wav,burping/dunstan-eh_57.wav,burping,train,2,time_stretch,"{""rate"":1.102542}",25,17864900715424882646,virtual:aug_250e5429bbc4a098e1a3
aug_08e51e584d7215e43e5d,rec_858f3231bf9c42fefa83,D:\INFANT CRY\data_set_dbl_split\train\burping\1882_M_eh.wav,burping/1882_M_eh.wav,burping,train,2,time_stretch,"{""rate"":0.909207}",26,3268673243650506588,virtual:aug_08e51e584d7215e43e5d
aug_123fc475b4f4e08f1b6f,rec_259890ff0ea96f64d45f,D:\INFANT CRY\data_set_dbl_split\train\burping\2265_M_eh.wav,burping/2265_M_eh.wav,burping,train,2,time_shift,"{""fraction"":0.0197179}",27,1676078148280866981,virtual:aug_123fc475b4f4e08f1b6f
aug_2d5ca6fcfe56cc117872,rec_fe2bd084cd57ea19b335,D:\INFANT CRY\data_set_dbl_split\train\burping\1294_F_eh.wav,burping/1294_F_eh.wav,burping,train,2,gaussian_noise,"{""noise_factor"":0.002478885}",28,4189562445607485117,virtual:aug_2d5ca6fcfe56cc117872
aug_4249647ee1df86f23d81,rec_01751ebd954ebf0cc37a,D:\INFANT CRY\data_set_dbl_split\train\burping\2911_M_eh.wav,burping/2911_M_eh.wav,burping,train,2,pitch_shift,"{""steps"":2.04048}",29,8629836696548154508,virtual:aug_4249647ee1df86f23d81
aug_d4d2124e0c56bf2f3773,rec_5a2f75276513a19a7ebb,D:\INFANT CRY\data_set_dbl_split\train\burping\4216_M_eh.wav,burping/4216_M_eh.wav,burping,train,2,pitch_shift,"{""steps"":-1.892596}",30,17358387732271225887,virtual:aug_d4d2124e0c56bf2f3773
aug_2db0b0f6a75c5ecdfd74,rec_1bbceca863aee49901ac,D:\INFANT CRY\data_set_dbl_split\train\burping\1661_M_eh.wav,burping/1661_M_eh.wav,burping,train,2,time_stretch,"{""rate"":1.181646}",31,9331905422569855290,virtual:aug_2db0b0f6a75c5ecdfd74
aug_ad2e56fe38872ae95259,rec_1ea791cff25abaff0941,D:\INFANT CRY\data_set_dbl_split\train\burping\2111_M_eh.wav,burping/2111_M_eh.wav,burping,train,2,time_stretch,"{""rate"":0.804101}",32,16557282006289256456,virtual:aug_ad2e56fe38872ae95259
aug_8154c51ed409d1ae4d48,rec_fbef8f5e2003e3f7e55d,D:\INFANT CRY\data_set_dbl_split\train\burping\3163_F_eh.wav,burping/3163_F_eh.wav,burping,train,2,gaussian_noise,"{""noise_factor"":0.005492215}",33,3865944256118125357,virtual:aug_8154c51ed409d1ae4d48
aug_5c7ca8551df52c4974d6,rec_c02402c6d2a894138d12,D:\INFANT CRY\data_set_dbl_split\train\burping\2563_M_eh.wav,burping/2563_M_eh.wav,burping,train,2,pitch_shift,"{""steps"":0.928677}",34,4232153767575198420,virtual:aug_5c7ca8551df52c4974d6
aug_867b4847683a21d9e152,rec_647be7ff75e4bcb282e3,D:\INFANT CRY\data_set_dbl_split\train\burping\2159_M_eh.wav,burping/2159_M_eh.wav,burping,train,2,pitch_shift,"{""steps"":-0.849228}",35,11025148764430089023,virtual:aug_867b4847683a21d9e152
aug_8cc92005ea49c39e0188,rec_f563132c4a35d9e664db,D:\INFANT CRY\data_set_dbl_split\train\burping\3471_M_eh.wav,burping/3471_M_eh.wav,burping,train,2,time_stretch,"{""rate"":1.08292}",36,2568343554386172758,virtual:aug_8cc92005ea49c39e0188
aug_e27adc93ccd1e0f794bd,rec_c34b88121001eab934e2,D:\INFANT CRY\data_set_dbl_split\train\burping\2915_M_eh.wav,burping/2915_M_eh.wav,burping,train,2,time_stretch,"{""rate"":0.911636}",37,15507861926710255259,virtual:aug_e27adc93ccd1e0f794bd
aug_b992d5476b3915df570d,rec_f270ae8ed465b729fd80,D:\INFANT CRY\data_set_dbl_split\train\burping\dunstan-eh_18.wav,burping/dunstan-eh_18.wav,burping,train,2,time_shift,"{""fraction"":0.0636622}",38,9597458287571776533,virtual:aug_b992d5476b3915df570d
aug_f10545a9b80a5ffd55a8,rec_dc82cc7fca4fce70a058,D:\INFANT CRY\data_set_dbl_split\train\burping\4894_M_eh.wav,burping/4894_M_eh.wav,burping,train,2,gaussian_noise,"{""noise_factor"":0.002549561}",39,1296745854905029338,virtual:aug_f10545a9b80a5ffd55a8
aug_54f7b5633f4f69874290,rec_3b0dbc0e1235864017ad,D:\INFANT CRY\data_set_dbl_split\train\burping\3731_M_eh.wav,burping/3731_M_eh.wav,burping,train,2,pitch_shift,"{""steps"":2.070937}",40,5422779070542612751,virtual:aug_54f7b5633f4f69874290
aug_f2d10b52f55c2938d24c,rec_4cb288cfddc38ac25391,D:\INFANT CRY\data_set_dbl_split\train\burping\2369_M_eh.wav,burping/2369_M_eh.wav,burping,train,2,pitch_shift,"{""steps"":-2.106018}",41,5698664156523791448,virtual:aug_f2d10b52f55c2938d24c
aug_bbace6a4c7ee972b84ff,rec_c22dd02b85a1df5c8c4e,D:\INFANT CRY\data_set_dbl_split\train\burping\dunstan-eh_65.wav,burping/dunstan-eh_65.wav,burping,train,2,time_stretch,"{""rate"":1.218784}",42,16440330812309648474,virtual:aug_bbace6a4c7ee972b84ff
aug_8b28a2d892a2a0da0ef6,rec_aef16fe4b73818181ee3,D:\INFANT CRY\data_set_dbl_split\train\burping\1173_M_eh.wav,burping/1173_M_eh.wav,burping,train,2,time_stretch,"{""rate"":0.793766}",43,17335160430403132727,virtual:aug_8b28a2d892a2a0da0ef6
aug_b556451b284ef9fadfe4,rec_27340d45ad612cfb12c4,D:\INFANT CRY\data_set_dbl_split\train\burping\2170_M_eh.wav,burping/2170_M_eh.wav,burping,train,2,gaussian_noise,"{""noise_factor"":0.005642781}",44,6373330225930781211,virtual:aug_b556451b284ef9fadfe4
aug_7c17c53e8c6336630d08,rec_68fb76bcaf4df28e1d35,D:\INFANT CRY\data_set_dbl_split\train\burping\dunstan-eh_29.wav,burping/dunstan-eh_29.wav,burping,train,2,pitch_shift,"{""steps"":0.908554}",45,9897500994810105890,virtual:aug_7c17c53e8c6336630d08
aug_4a09efd06dda9f88a7b3,rec_fd4381d8731ddf4435b8,D:\INFANT CRY\data_set_dbl_split\train\burping\dunstan-eh_25.wav,burping/dunstan-eh_25.wav,burping,train,2,pitch_shift,"{""steps"":-0.888203}",46,10848794545076449605,virtual:aug_4a09efd06dda9f88a7b3
aug_a825f5519452e7b72e90,rec_246e21d1f4b12af163dd,D:\INFANT CRY\data_set_dbl_split\train\burping\3706_M_eh.wav,burping/3706_M_eh.wav,burping,train,2,time_stretch,"{""rate"":1.104128}",47,10760008199917864143,virtual:aug_a825f5519452e7b72e90
aug_7f202b48d7843967bc4c,rec_8c5fd3a4d20e6ed75f42,D:\INFANT CRY\data_set_dbl_split\train\burping\2870_F_eh.wav,burping/2870_F_eh.wav,burping,train,2,time_stretch,"{""rate"":0.886054}",48,9031342325562030480,virtual:aug_7f202b48d7843967bc4c
aug_327adae20f56b5af7eaf,rec_4a0912eaadfeb8697716,D:\INFANT CRY\data_set_dbl_split\train\burping\2284_M_eh.wav,burping/2284_M_eh.wav,burping,train,2,time_shift,"{""fraction"":-0.016329}",49,5057801272182027274,virtual:aug_327adae20f56b5af7eaf
aug_abab6c016339d69ead13,rec_51b8c1e6675046875e68,D:\INFANT CRY\data_set_dbl_split\train\burping\3156_F_eh.wav,burping/3156_F_eh.wav,burping,train,2,gaussian_noise,"{""noise_factor"":0.002305563}",50,6286955120111909655,virtual:aug_abab6c016339d69ead13
aug_763b46dcf88702670bb7,rec_0243d0e4f1276ccf9ce1,D:\INFANT CRY\data_set_dbl_split\train\burping\4389_F_eh.wav,burping/4389_F_eh.wav,burping,train,2,pitch_shift,"{""steps"":2.147182}",51,16065067258502478624,virtual:aug_763b46dcf88702670bb7
aug_a6b88a7c050336116e08,rec_9bc21230f02ca1056bac,D:\INFANT CRY\data_set_dbl_split\train\burping\4881_M_eh.wav,burping/4881_M_eh.wav,burping,train,2,pitch_shift,"{""steps"":-1.853172}",52,9753661734488734401,virtual:aug_a6b88a7c050336116e08
aug_d3a29b17aede62c4db10,rec_8cede20c0b7f85203c3e,D:\INFANT CRY\data_set_dbl_split\train\burping\799_M_eh.wav,burping/799_M_eh.wav,burping,train,2,time_stretch,"{""rate"":1.209124}",53,12669901847903572917,virtual:aug_d3a29b17aede62c4db10
aug_2d3973639544a8897532,rec_5e12d4152f25c8285f27,D:\INFANT CRY\data_set_dbl_split\train\burping\000543_M_heh.wav,burping/000543_M_heh.wav,burping,train,2,time_stretch,"{""rate"":0.791685}",54,9751881956881953106,virtual:aug_2d3973639544a8897532
aug_0bfae0c1db97ca5fd017,rec_91a8baa5de8351206dc1,D:\INFANT CRY\data_set_dbl_split\train\burping\1310_M_eh.wav,burping/1310_M_eh.wav,burping,train,2,gaussian_noise,"{""noise_factor"":0.005112361}",55,5108253821449209830,virtual:aug_0bfae0c1db97ca5fd017
aug_369c50ba1aef4a344b17,rec_d9fc0f1da80ad4b55ac5,D:\INFANT CRY\data_set_dbl_split\train\burping\2631_M_eh.wav,burping/2631_M_eh.wav,burping,train,2,pitch_shift,"{""steps"":0.808767}",56,10401312680156435895,virtual:aug_369c50ba1aef4a344b17
aug_1d916622dc883ce6cecd,rec_8c0705fd9b6663835196,D:\INFANT CRY\data_set_dbl_split\train\burping\1501_M_eh.wav,burping/1501_M_eh.wav,burping,train,2,pitch_shift,"{""steps"":-0.938717}",57,6659151470727459608,virtual:aug_1d916622dc883ce6cecd
aug_70267c94ba62c6e5d3df,rec_d44661adfd4d790a00cd,D:\INFANT CRY\data_set_dbl_split\train\burping\1964_M_eh.wav,burping/1964_M_eh.wav,burping,train,2,time_stretch,"{""rate"":1.121844}",58,11030541196501514704,virtual:aug_70267c94ba62c6e5d3df
aug_57f29bf11bf083abbede,rec_c1b61b57a04c76f19527,D:\INFANT CRY\data_set_dbl_split\train\burping\1246_M_eh.wav,burping/1246_M_eh.wav,burping,train,2,time_stretch,"{""rate"":0.885001}",59,11103805463331937018,virtual:aug_57f29bf11bf083abbede
aug_2c948f67e62a7cbc775a,rec_e64ed0451cdefb147b9a,D:\INFANT CRY\data_set_dbl_split\train\burping\2458_M_eh.wav,burping/2458_M_eh.wav,burping,train,2,time_shift,"{""fraction"":0.0859726}",60,16829687316665872080,virtual:aug_2c948f67e62a7cbc775a
aug_7dbefb8802f81c0ca2d3,rec_30cbe93e75857a181f3d,D:\INFANT CRY\data_set_dbl_split\train\burping\128_M_eh.wav,burping/128_M_eh.wav,burping,train,2,gaussian_noise,"{""noise_factor"":0.00268834}",61,7447396990984957180,virtual:aug_7dbefb8802f81c0ca2d3
aug_f985d2719f3487ae368e,rec_80aa4905086476d9ee4e,D:\INFANT CRY\data_set_dbl_split\train\burping\3368_M_eh.wav,burping/3368_M_eh.wav,burping,train,2,pitch_shift,"{""steps"":1.893492}",62,14050870798904549204,virtual:aug_f985d2719f3487ae368e
aug_307dd3861aeffc18286e,rec_a24e5a4c484b184c3af7,D:\INFANT CRY\data_set_dbl_split\train\burping\2164_M_eh.wav,burping/2164_M_eh.wav,burping,train,2,pitch_shift,"{""steps"":-1.974246}",63,8374048503849464061,virtual:aug_307dd3861aeffc18286e
aug_795a6dbe1638d1a0d698,rec_ff477dacfaa3059546f6,D:\INFANT CRY\data_set_dbl_split\train\burping\4846_M_eh.wav,burping/4846_M_eh.wav,burping,train,2,time_stretch,"{""rate"":1.207689}",64,16420122497587058236,virtual:aug_795a6dbe1638d1a0d698
aug_7b27c8eda4e1cba648ae,rec_a0ecc47442b70c870666,D:\INFANT CRY\data_set_dbl_split\train\burping\1447_M_eh.wav,burping/1447_M_eh.wav,burping,train,2,time_stretch,"{""rate"":0.819045}",65,13291815727003265372,virtual:aug_7b27c8eda4e1cba648ae
aug_317b981f2b6ad906da81,rec_583b16956c6c814d67fe,D:\INFANT CRY\data_set_dbl_split\train\burping\3033_M_eh.wav,burping/3033_M_eh.wav,burping,train,2,gaussian_noise,"{""noise_factor"":0.005593616}",66,14199168047868897674,virtual:aug_317b981f2b6ad906da81
aug_ade38edb33fc9b7d4586,rec_e0bd95966c0c5da7f134,D:\INFANT CRY\data_set_dbl_split\train\burping\4468_F_eh.wav,burping/4468_F_eh.wav,burping,train,2,pitch_shift,"{""steps"":1.193217}",67,15076305546202917272,virtual:aug_ade38edb33fc9b7d4586
aug_b7c77abc63ec6c3f69ab,rec_bdbf83ffad21ba24d2b2,D:\INFANT CRY\data_set_dbl_split\train\burping\4698_M_eh.wav,burping/4698_M_eh.wav,burping,train,2,pitch_shift,"{""steps"":-1.083802}",68,1336903727691531140,virtual:aug_b7c77abc63ec6c3f69ab
aug_5765109d8d1c8cfe9749,rec_6283b5f850c67ab736d9,D:\INFANT CRY\data_set_dbl_split\train\burping\4480_M_eh.wav,burping/4480_M_eh.wav,burping,train,2,time_stretch,"{""rate"":1.10872}",69,12217499601472070659,virtual:aug_5765109d8d1c8cfe9749
aug_b91e60c209c0fa2c2138,rec_dcac3876bf6880c602d4,D:\INFANT CRY\data_set_dbl_split\train\burping\3754_M_eh.wav,burping/3754_M_eh.wav,burping,train,2,time_stretch,"{""rate"":0.906019}",70,7064575551269008698,virtual:aug_b91e60c209c0fa2c2138
aug_ac009882e74413492b53,rec_ce25498c6756bcb99abd,D:\INFANT CRY\data_set_dbl_split\train\burping\1228_M_eh.wav,burping/1228_M_eh.wav,burping,train,2,time_shift,"{""fraction"":-0.0427608}",71,12860752524869257805,virtual:aug_ac009882e74413492b53
aug_55b2f63fab12cc972929,rec_1eb9fd4af465d3df769d,D:\INFANT CRY\data_set_dbl_split\train\burping\306_M_eh.wav,burping/306_M_eh.wav,burping,train,2,gaussian_noise,"{""noise_factor"":0.002608599}",72,12866901843046405896,virtual:aug_55b2f63fab12cc972929
aug_59c468649e0c38d97f47,rec_04d8723e876919f7d0c5,D:\INFANT CRY\data_set_dbl_split\train\burping\1860_M_eh.wav,burping/1860_M_eh.wav,burping,train,2,pitch_shift,"{""steps"":2.074829}",73,16736292407222235020,virtual:aug_59c468649e0c38d97f47
aug_5fd96fd2d34c8e4aea6b,rec_06e84e6f511e879851ca,D:\INFANT CRY\data_set_dbl_split\train\burping\1677_M_eh.wav,burping/1677_M_eh.wav,burping,train,2,pitch_shift,"{""steps"":-2.153031}",74,7391019371981309366,virtual:aug_5fd96fd2d34c8e4aea6b
aug_a6ee1ca66fa86c70c5b6,rec_8c0c8f04ded4a4ce7a12,D:\INFANT CRY\data_set_dbl_split\train\burping\1999_M_eh.wav,burping/1999_M_eh.wav,burping,train,2,time_stretch,"{""rate"":1.213115}",75,11578795463401873103,virtual:aug_a6ee1ca66fa86c70c5b6
aug_d67aaf6b11eec2b31cfb,rec_c2d0c914aa634399fe02,D:\INFANT CRY\data_set_dbl_split\train\burping\3681_M_eh.wav,burping/3681_M_eh.wav,burping,train,2,time_stretch,"{""rate"":0.823308}",76,15164709609039290937,virtual:aug_d67aaf6b11eec2b31cfb
aug_fb57633ced1174638a43,rec_a4ddbf82a26d73b83cc6,D:\INFANT CRY\data_set_dbl_split\train\burping\dunstan-eh_12.wav,burping/dunstan-eh_12.wav,burping,train,2,gaussian_noise,"{""noise_factor"":0.004753114}",77,16443536972817088759,virtual:aug_fb57633ced1174638a43
aug_00b3b075aa7cee1b1f08,rec_30ab2bd552cfc2d7e12b,D:\INFANT CRY\data_set_dbl_split\train\burping\3184_M_eh.wav,burping/3184_M_eh.wav,burping,train,2,pitch_shift,"{""steps"":1.168414}",78,15619942711878458871,virtual:aug_00b3b075aa7cee1b1f08
aug_80d29607c9249da28523,rec_85edc8f84763e4037032,D:\INFANT CRY\data_set_dbl_split\train\burping\1679_F_eh.wav,burping/1679_F_eh.wav,burping,train,2,pitch_shift,"{""steps"":-0.860677}",79,17830648964501094197,virtual:aug_80d29607c9249da28523
aug_e5650ffd3d226f8383eb,rec_ec599e0cd6f23f0d78c2,D:\INFANT CRY\data_set_dbl_split\train\burping\3663_F_eh.wav,burping/3663_F_eh.wav,burping,train,2,time_stretch,"{""rate"":1.106474}",80,10873424206882172082,virtual:aug_e5650ffd3d226f8383eb
aug_fa37d5519f262b3075f2,rec_3c97921405d8a84e3340,D:\INFANT CRY\data_set_dbl_split\train\burping\109_F_eh.wav,burping/109_F_eh.wav,burping,train,2,time_stretch,"{""rate"":0.921661}",81,557770111066099238,virtual:aug_fa37d5519f262b3075f2
aug_29fbb989151e565021ce,rec_1050c2655280d54aa3a4,D:\INFANT CRY\data_set_dbl_split\train\burping\225_F_eh.wav,burping/225_F_eh.wav,burping,train,2,time_shift,"{""fraction"":-0.0172181}",82,16712393505170798314,virtual:aug_29fbb989151e565021ce
aug_c3df5470495a59a80cb3,rec_cb791979b42c6631a24b,D:\INFANT CRY\data_set_dbl_split\train\burping\919_M_eh.wav,burping/919_M_eh.wav,burping,train,2,gaussian_noise,"{""noise_factor"":0.00256189}",83,534879828372975481,virtual:aug_c3df5470495a59a80cb3
aug_028dad4a78898eafe4f8,rec_695acf24f6b621bf6938,D:\INFANT CRY\data_set_dbl_split\train\burping\2185_M_eh.wav,burping/2185_M_eh.wav,burping,train,2,pitch_shift,"{""steps"":1.843052}",84,15563099005944191651,virtual:aug_028dad4a78898eafe4f8
aug_52fdb72d115a05296a8f,rec_f4fd052ddfb5de0888a3,D:\INFANT CRY\data_set_dbl_split\train\burping\2638_F_eh.wav,burping/2638_F_eh.wav,burping,train,2,pitch_shift,"{""steps"":-2.158477}",85,12137288347417757137,virtual:aug_52fdb72d115a05296a8f
aug_3fd2ce6dde792f72b3ad,rec_9e6e29b19c03296b74f8,D:\INFANT CRY\data_set_dbl_split\train\burping\2321_M_eh.wav,burping/2321_M_eh.wav,burping,train,2,time_stretch,"{""rate"":1.185497}",86,5539240249187050811,virtual:aug_3fd2ce6dde792f72b3ad
aug_f9ced2c9c6db21427af6,rec_8405ff9deb2601ec3688,D:\INFANT CRY\data_set_dbl_split\train\burping\3263_F_eh.wav,burping/3263_F_eh.wav,burping,train,2,time_stretch,"{""rate"":0.802961}",87,5424394444060454071,virtual:aug_f9ced2c9c6db21427af6
aug_a1428c23756cdbe22c90,rec_b7dc41a5877cdafcdeba,D:\INFANT CRY\data_set_dbl_split\train\burping\3849_M_eh.wav,burping/3849_M_eh.wav,burping,train,2,gaussian_noise,"{""noise_factor"":0.005097037}",88,2210268576349200462,virtual:aug_a1428c23756cdbe22c90
aug_b9bc1cd8063b0610e758,rec_52dddcd2a42250d2ad7f,D:\INFANT CRY\data_set_dbl_split\train\burping\737_M_eh.wav,burping/737_M_eh.wav,burping,train,2,pitch_shift,"{""steps"":0.811515}",89,13467141340478572858,virtual:aug_b9bc1cd8063b0610e758
aug_834e214ee9287e224194,rec_fef045ea86ed1d26ca57,D:\INFANT CRY\data_set_dbl_split\train\burping\855_M_eh.wav,burping/855_M_eh.wav,burping,train,2,pitch_shift,"{""steps"":-0.975439}",90,12934055245909063431,virtual:aug_834e214ee9287e224194
aug_c52472629ff0f75e8e36,rec_10d0435f16610463b458,D:\INFANT CRY\data_set_dbl_split\train\burping\1280_F_eh.wav,burping/1280_F_eh.wav,burping,train,2,time_stretch,"{""rate"":1.107821}",91,13679867913000374758,virtual:aug_c52472629ff0f75e8e36
aug_bafc31f8d894234d7ac5,rec_28f10489f167e0cf28ed,D:\INFANT CRY\data_set_dbl_split\train\burping\3269_F_eh.wav,burping/3269_F_eh.wav,burping,train,2,time_stretch,"{""rate"":0.875069}",92,15517250741925007127,virtual:aug_bafc31f8d894234d7ac5
aug_318231781d33935bba7e,rec_af793bcc7a84612776fa,D:\INFANT CRY\data_set_dbl_split\train\burping\3777_M_eh.wav,burping/3777_M_eh.wav,burping,train,2,time_shift,"{""fraction"":-0.0629462}",93,16831410608696485249,virtual:aug_318231781d33935bba7e
aug_e2db2889b05ad8d5b3b9,rec_398f102ae45404e1b33a,D:\INFANT CRY\data_set_dbl_split\train\burping\3948_M_eh.wav,burping/3948_M_eh.wav,burping,train,2,gaussian_noise,"{""noise_factor"":0.002552427}",94,7718405224208150034,virtual:aug_e2db2889b05ad8d5b3b9
aug_7892ef029d6a3b450985,rec_09745ee499f542515c18,D:\INFANT CRY\data_set_dbl_split\train\burping\223_M_eh.wav,burping/223_M_eh.wav,burping,train,2,pitch_shift,"{""steps"":2.014171}",95,15359852933831997261,virtual:aug_7892ef029d6a3b450985
aug_0bef4a9c74b55f430b5e,rec_98dbc8f48996f1a11dcf,D:\INFANT CRY\data_set_dbl_split\train\burping\739_M_eh.wav,burping/739_M_eh.wav,burping,train,2,pitch_shift,"{""steps"":-1.895962}",96,2764430494653180825,virtual:aug_0bef4a9c74b55f430b5e
aug_f1595e9640bcc0db5121,rec_76c476f521e31ec4c31a,D:\INFANT CRY\data_set_dbl_split\train\burping\2203_F_eh.wav,burping/2203_F_eh.wav,burping,train,2,time_stretch,"{""rate"":1.209199}",97,4294098647012635304,virtual:aug_f1595e9640bcc0db5121
aug_23c7e53e6c3e317d1620,rec_1113b5c1927b463e6187,D:\INFANT CRY\data_set_dbl_split\train\burping\1928_M_eh.wav,burping/1928_M_eh.wav,burping,train,2,time_stretch,"{""rate"":0.78684}",98,7888178740142686159,virtual:aug_23c7e53e6c3e317d1620
aug_06b8fc714f1f50b46df7,rec_a9a6a0ec78c393f1423a,D:\INFANT CRY\data_set_dbl_split\train\burping\3987_M_eh.wav,burping/3987_M_eh.wav,burping,train,2,gaussian_noise,"{""noise_factor"":0.004561478}",99,2509665396674720715,virtual:aug_06b8fc714f1f50b46df7
aug_cf25261cfa26140f05cb,rec_8e1af1b14f5eefa2208e,D:\INFANT CRY\data_set_dbl_split\train\burping\103_M_eh.wav,burping/103_M_eh.wav,burping,train,2,pitch_shift,"{""steps"":0.977478}",100,885254431136398510,virtual:aug_cf25261cfa26140f05cb
aug_0f378ad22552be43659b,rec_0a4b374c52ad48552c98,D:\INFANT CRY\data_set_dbl_split\train\burping\dunstan-eh_44.wav,burping/dunstan-eh_44.wav,burping,train,2,pitch_shift,"{""steps"":-0.820806}",101,7064111118447014507,virtual:aug_0f378ad22552be43659b
aug_a06d79b765ab29106c76,rec_ae241ae526411ad2be05,D:\INFANT CRY\data_set_dbl_split\train\burping\3233_M_eh.wav,burping/3233_M_eh.wav,burping,train,2,time_stretch,"{""rate"":1.081738}",102,6938531480696653805,virtual:aug_a06d79b765ab29106c76
aug_f435e7976d5e7819f3b0,rec_3dff757b4adba1651a52,D:\INFANT CRY\data_set_dbl_split\train\burping\1280_M_eh.wav,burping/1280_M_eh.wav,burping,train,2,time_stretch,"{""rate"":0.908714}",103,17084197530305524243,virtual:aug_f435e7976d5e7819f3b0
aug_4985a49ec0fe24e296c5,rec_c38fa1511dbf3ebaa184,D:\INFANT CRY\data_set_dbl_split\train\burping\1869_M_eh.wav,burping/1869_M_eh.wav,burping,train,2,time_shift,"{""fraction"":0.0141254}",104,14300510514921914414,virtual:aug_4985a49ec0fe24e296c5
aug_a1fc0ac231b95dd7ba36,rec_88affcb3e287f0433132,D:\INFANT CRY\data_set_dbl_split\train\burping\1717_F_eh.wav,burping/1717_F_eh.wav,burping,train,2,gaussian_noise,"{""noise_factor"":0.00273555}",105,15245528919924822949,virtual:aug_a1fc0ac231b95dd7ba36
aug_51c2c7bdfb02ab61a40f,rec_e58eee6343a66a9607b3,D:\INFANT CRY\data_set_dbl_split\train\burping\67_M_eh.wav,burping/67_M_eh.wav,burping,train,2,pitch_shift,"{""steps"":2.126489}",106,15073256179495593577,virtual:aug_51c2c7bdfb02ab61a40f
aug_bb388061f55e54fcebe4,rec_9f874a669b1439b8ba43,D:\INFANT CRY\data_set_dbl_split\train\burping\335_M_eh.wav,burping/335_M_eh.wav,burping,train,2,pitch_shift,"{""steps"":-1.875699}",107,15814916174433660234,virtual:aug_bb388061f55e54fcebe4
aug_13ee74b6a659f00af3ec,rec_f2be0c0fdf45d429dfda,D:\INFANT CRY\data_set_dbl_split\train\burping\3680_M_eh.wav,burping/3680_M_eh.wav,burping,train,2,time_stretch,"{""rate"":1.18028}",108,3112441238200283385,virtual:aug_13ee74b6a659f00af3ec
aug_51106d78e26a8b442c27,rec_abb08076329044d38a78,D:\INFANT CRY\data_set_dbl_split\train\burping\1899_M_eh.wav,burping/1899_M_eh.wav,burping,train,2,time_stretch,"{""rate"":0.802265}",109,3740382286018974696,virtual:aug_51106d78e26a8b442c27
aug_80f2d2801b725d92dc01,rec_595c7bd988437435705e,D:\INFANT CRY\data_set_dbl_split\train\burping\3187_M_eh.wav,burping/3187_M_eh.wav,burping,train,2,gaussian_noise,"{""noise_factor"":0.005169628}",110,4649787231917314157,virtual:aug_80f2d2801b725d92dc01
aug_1bdfd86d12bc2cf48fcd,rec_8b38bc4b5e01d884ed1b,D:\INFANT CRY\data_set_dbl_split\train\burping\2238_M_eh.wav,burping/2238_M_eh.wav,burping,train,2,pitch_shift,"{""steps"":0.800788}",111,17893215120287240389,virtual:aug_1bdfd86d12bc2cf48fcd
aug_8c009a58d7e04a0a72f0,rec_b1a98f3097eab9df6ff7,D:\INFANT CRY\data_set_dbl_split\train\burping\3608_M_eh.wav,burping/3608_M_eh.wav,burping,train,2,pitch_shift,"{""steps"":-0.859232}",112,16653445054535190524,virtual:aug_8c009a58d7e04a0a72f0
aug_0c402076246556f7c797,rec_fc9986972c06dede6fb5,D:\INFANT CRY\data_set_dbl_split\train\burping\366_M_eh.wav,burping/366_M_eh.wav,burping,train,2,time_stretch,"{""rate"":1.110486}",113,13445593626071046089,virtual:aug_0c402076246556f7c797
aug_fc5707428c29699eee04,rec_180d2118e85a66b32a32,D:\INFANT CRY\data_set_dbl_split\train\burping\805_M_eh.wav,burping/805_M_eh.wav,burping,train,2,time_stretch,"{""rate"":0.892337}",114,4592294219471765493,virtual:aug_fc5707428c29699eee04
aug_ca26e46ccae7cc270910,rec_9a232059ad8ce3d58fa8,D:\INFANT CRY\data_set_dbl_split\train\burping\3429_M_eh.wav,burping/3429_M_eh.wav,burping,train,2,time_shift,"{""fraction"":-0.0713139}",115,13740505264304261920,virtual:aug_ca26e46ccae7cc270910
aug_a57ed0c8625ef482f82e,rec_165d844150d1c38e7964,D:\INFANT CRY\data_set_dbl_split\train\burping\dunstan-eh_4.wav,burping/dunstan-eh_4.wav,burping,train,2,gaussian_noise,"{""noise_factor"":0.002790716}",116,7337223160807534509,virtual:aug_a57ed0c8625ef482f82e
aug_7beb61b57f9da08c474d,rec_bd56e50f20a08c95889b,D:\INFANT CRY\data_set_dbl_split\train\burping\dunstan-eh_6.wav,burping/dunstan-eh_6.wav,burping,train,2,pitch_shift,"{""steps"":1.963976}",117,15937490320729812352,virtual:aug_7beb61b57f9da08c474d
aug_a5416612486c351787a5,rec_829c72de849282995758,D:\INFANT CRY\data_set_dbl_split\train\burping\dunstan-eh_68.wav,burping/dunstan-eh_68.wav,burping,train,2,pitch_shift,"{""steps"":-2.022172}",118,3481882278402538801,virtual:aug_a5416612486c351787a5
aug_22122f73f84304557e04,rec_8fa03b0b1122bc99fa71,D:\INFANT CRY\data_set_dbl_split\train\burping\3335_M_eh.wav,burping/3335_M_eh.wav,burping,train,2,time_stretch,"{""rate"":1.180373}",119,15410840700546442005,virtual:aug_22122f73f84304557e04
aug_23897c42cf2b5d900519,rec_aa640949ec798068cbcb,D:\INFANT CRY\data_set_dbl_split\train\burping\1836_M_eh.wav,burping/1836_M_eh.wav,burping,train,2,time_stretch,"{""rate"":0.809333}",120,18104247383611950220,virtual:aug_23897c42cf2b5d900519
aug_c7ab0139621d56ad554d,rec_321aefb0aa457ba0707e,D:\INFANT CRY\data_set_dbl_split\train\burping\901_M_eh.wav,burping/901_M_eh.wav,burping,train,2,gaussian_noise,"{""noise_factor"":0.004547615}",121,14469243345080302622,virtual:aug_c7ab0139621d56ad554d
aug_bdea04cc7bc6784dd497,rec_eebb212fc609ed557451,D:\INFANT CRY\data_set_dbl_split\train\burping\463_M_eh.wav,burping/463_M_eh.wav,burping,train,2,pitch_shift,"{""steps"":1.073461}",122,14931552592862290160,virtual:aug_bdea04cc7bc6784dd497
aug_7c2d245af8fbc1273906,rec_d87509cfc191a34d274c,D:\INFANT CRY\data_set_dbl_split\train\burping\4290_M_eh.wav,burping/4290_M_eh.wav,burping,train,2,pitch_shift,"{""steps"":-1.084866}",123,14197982228620050312,virtual:aug_7c2d245af8fbc1273906
aug_fa9e3110b5f1d56a9969,rec_8fe70388ea5471625aba,D:\INFANT CRY\data_set_dbl_split\train\burping\2053_M_eh.wav,burping/2053_M_eh.wav,burping,train,2,time_stretch,"{""rate"":1.08189}",124,9481428418873028675,virtual:aug_fa9e3110b5f1d56a9969
aug_3c8655e3c5f76cf25838,rec_e1b10e6688978884e8d9,D:\INFANT CRY\data_set_dbl_split\train\burping\dunstan-eh_67.wav,burping/dunstan-eh_67.wav,burping,train,2,time_stretch,"{""rate"":0.875753}",125,3435320064007113675,virtual:aug_3c8655e3c5f76cf25838
aug_657212bc2ca46f7afa53,rec_043172ca45e2593c9187,D:\INFANT CRY\data_set_dbl_split\train\burping\894_M_eh.wav,burping/894_M_eh.wav,burping,train,2,time_shift,"{""fraction"":0.0816012}",126,16595185091042180027,virtual:aug_657212bc2ca46f7afa53
aug_66de22faa5426758410c,rec_02274f883a160366ffcc,D:\INFANT CRY\data_set_dbl_split\train\burping\1650_M_eh.wav,burping/1650_M_eh.wav,burping,train,2,gaussian_noise,"{""noise_factor"":0.002697217}",127,11748399914735133659,virtual:aug_66de22faa5426758410c
aug_9ddb4dd05b6a602124ed,rec_126e90d799b24e11f498,D:\INFANT CRY\data_set_dbl_split\train\burping\1891_M_eh.wav,burping/1891_M_eh.wav,burping,train,2,pitch_shift,"{""steps"":2.113605}",128,5235683166742354272,virtual:aug_9ddb4dd05b6a602124ed
aug_fea083f7100b8c42176e,rec_02ded2dafd9c65710523,D:\INFANT CRY\data_set_dbl_split\train\burping\3414_M_eh.wav,burping/3414_M_eh.wav,burping,train,2,pitch_shift,"{""steps"":-1.924076}",129,7521512017352045527,virtual:aug_fea083f7100b8c42176e
aug_9ba1ce5e3ad98efa337e,rec_9445293072e9382ce647,D:\INFANT CRY\data_set_dbl_split\train\burping\1460_M_eh.wav,burping/1460_M_eh.wav,burping,train,2,time_stretch,"{""rate"":1.17929}",130,4709897503254341159,virtual:aug_9ba1ce5e3ad98efa337e
aug_a3237da284bd7c89b840,rec_d88b00f668e179d44ac0,D:\INFANT CRY\data_set_dbl_split\train\burping\2546_F_eh.wav,burping/2546_F_eh.wav,burping,train,2,time_stretch,"{""rate"":0.822008}",131,10911985430786637841,virtual:aug_a3237da284bd7c89b840
aug_199458bee18422ae7c37,rec_c486f7a4a819eb438fe8,D:\INFANT CRY\data_set_dbl_split\train\burping\2959_M_eh.wav,burping/2959_M_eh.wav,burping,train,2,gaussian_noise,"{""noise_factor"":0.00560466}",132,17257802263676731231,virtual:aug_199458bee18422ae7c37
aug_d683217558a9269c46cd,rec_adbe9b64dc28a2d959a6,D:\INFANT CRY\data_set_dbl_split\train\burping\2793_M_eh.wav,burping/2793_M_eh.wav,burping,train,2,pitch_shift,"{""steps"":1.00198}",133,625036873669903862,virtual:aug_d683217558a9269c46cd
aug_c83bf336b590f10e179b,rec_e3f5a660e3b815100438,D:\INFANT CRY\data_set_dbl_split\train\burping\3350_M_eh.wav,burping/3350_M_eh.wav,burping,train,2,pitch_shift,"{""steps"":-0.904088}",134,12862429042597967608,virtual:aug_c83bf336b590f10e179b
aug_43f1ffb003714cb7b6f4,rec_f951c9cb890a00ed11b1,D:\INFANT CRY\data_set_dbl_split\train\burping\383_M_eh.wav,burping/383_M_eh.wav,burping,train,2,time_stretch,"{""rate"":1.110279}",135,16055676582651827828,virtual:aug_43f1ffb003714cb7b6f4
aug_433b2abd35f6534972da,rec_7d6aa6a7af750f0245fb,D:\INFANT CRY\data_set_dbl_split\train\burping\4321_M_eh.wav,burping/4321_M_eh.wav,burping,train,2,time_stretch,"{""rate"":0.906499}",136,2507831181844483552,virtual:aug_433b2abd35f6534972da
aug_1d04886cc8f9ab7d4d62,rec_5a1f57001a9a5cb17ad8,D:\INFANT CRY\data_set_dbl_split\train\burping\127_F_eh.wav,burping/127_F_eh.wav,burping,train,2,time_shift,"{""fraction"":0.0477376}",137,9522958923434482360,virtual:aug_1d04886cc8f9ab7d4d62
aug_b2f058691ecbd91899e1,rec_6e8b01d0c6ea27bce163,D:\INFANT CRY\data_set_dbl_split\train\burping\dunstan-eh_35.wav,burping/dunstan-eh_35.wav,burping,train,2,gaussian_noise,"{""noise_factor"":0.002541029}",138,17963815396062648957,virtual:aug_b2f058691ecbd91899e1
aug_a66fe3ee40586e17f8dc,rec_cbd1060a831248d1b42f,D:\INFANT CRY\data_set_dbl_split\train\burping\1862_M_eh.wav,burping/1862_M_eh.wav,burping,train,2,pitch_shift,"{""steps"":1.996865}",139,6266210962921745245,virtual:aug_a66fe3ee40586e17f8dc
aug_c65138d8809980c71722,rec_e5053874909e75e7cdae,D:\INFANT CRY\data_set_dbl_split\train\burping\819_F_eh.wav,burping/819_F_eh.wav,burping,train,2,pitch_shift,"{""steps"":-2.05321}",140,32335700245548202,virtual:aug_c65138d8809980c71722
aug_b6a2a04c777d7f22bb11,rec_33873b0c0a625be21a8e,D:\INFANT CRY\data_set_dbl_split\train\burping\4655_M_eh.wav,burping/4655_M_eh.wav,burping,train,2,time_stretch,"{""rate"":1.193387}",141,9944374489803853774,virtual:aug_b6a2a04c777d7f22bb11
aug_c5b431db10641615c49b,rec_c65736eefe0e47e5bb86,D:\INFANT CRY\data_set_dbl_split\train\burping\1807_M_eh.wav,burping/1807_M_eh.wav,burping,train,2,time_stretch,"{""rate"":0.798033}",142,16364814994214718567,virtual:aug_c5b431db10641615c49b
aug_73347aa5616971b024f6,rec_4f3aebbda6b4c987c96d,D:\INFANT CRY\data_set_dbl_split\train\burping\4643_M_eh.wav,burping/4643_M_eh.wav,burping,train,2,gaussian_noise,"{""noise_factor"":0.004530257}",143,2493124351449131628,virtual:aug_73347aa5616971b024f6
aug_f634e8deb36d96a45a93,rec_6b454294a8664471f946,D:\INFANT CRY\data_set_dbl_split\train\burping\3153_F_eh.wav,burping/3153_F_eh.wav,burping,train,2,pitch_shift,"{""steps"":0.850105}",144,13598820208647979927,virtual:aug_f634e8deb36d96a45a93
aug_7751749a45876ca83a44,rec_410db454b737f8edd207,D:\INFANT CRY\data_set_dbl_split\train\burping\dunstan-eh_36.wav,burping/dunstan-eh_36.wav,burping,train,2,pitch_shift,"{""steps"":-1.006839}",145,5375490556753145189,virtual:aug_7751749a45876ca83a44
aug_f7ae0853820fa84c1a96,rec_a3b246b844a903219afc,D:\INFANT CRY\data_set_dbl_split\train\burping\336_F_eh.wav,burping/336_F_eh.wav,burping,train,2,time_stretch,"{""rate"":1.122661}",146,13465611049833956262,virtual:aug_f7ae0853820fa84c1a96
aug_942759150e6d7c9ba26a,rec_76d86ebe51c4717b2eef,D:\INFANT CRY\data_set_dbl_split\train\burping\3332_M_eh.wav,burping/3332_M_eh.wav,burping,train,2,time_stretch,"{""rate"":0.896225}",147,117680192784001685,virtual:aug_942759150e6d7c9ba26a
aug_d2b84418bab25c119351,rec_08e93b1ae68a5813da75,D:\INFANT CRY\data_set_dbl_split\train\burping\3641_M_eh.wav,burping/3641_M_eh.wav,burping,train,2,time_shift,"{""fraction"":-0.0714524}",148,10047859269256643651,virtual:aug_d2b84418bab25c119351
aug_6645ee643f61c51e9950,rec_1b2cfce0d8829eddad7e,D:\INFANT CRY\data_set_dbl_split\train\burping\1480_F_eh.wav,burping/1480_F_eh.wav,burping,train,2,gaussian_noise,"{""noise_factor"":0.002866416}",149,5362111126417332348,virtual:aug_6645ee643f61c51e9950
aug_f1fabdc44df3aa299734,rec_fbd8c164275be77b1eeb,D:\INFANT CRY\data_set_dbl_split\train\burping\3420_M_eh.wav,burping/3420_M_eh.wav,burping,train,2,pitch_shift,"{""steps"":1.936428}",150,18441774337396766826,virtual:aug_f1fabdc44df3aa299734
aug_4f29f910df1be24c38dc,rec_1b0eec91879fb66550c3,D:\INFANT CRY\data_set_dbl_split\train\burping\151_F_eh.wav,burping/151_F_eh.wav,burping,train,2,pitch_shift,"{""steps"":-1.926174}",151,1555831509485370351,virtual:aug_4f29f910df1be24c38dc
aug_af8bc1e733ce1f484500,rec_7b7948d30dc8ee511ce2,D:\INFANT CRY\data_set_dbl_split\train\burping\1772_M_eh.wav,burping/1772_M_eh.wav,burping,train,2,time_stretch,"{""rate"":1.215165}",152,4605440725107683970,virtual:aug_af8bc1e733ce1f484500
aug_ea333eb954acc1125aa1,rec_8b1d545801964600f8e5,D:\INFANT CRY\data_set_dbl_split\train\burping\534_M_eh.wav,burping/534_M_eh.wav,burping,train,2,time_stretch,"{""rate"":0.795222}",153,1396632619902863379,virtual:aug_ea333eb954acc1125aa1
aug_245df96cc5c4a75fbfd6,rec_d09abe4d0ed175d6bc7b,D:\INFANT CRY\data_set_dbl_split\train\burping\1404_F_eh.wav,burping/1404_F_eh.wav,burping,train,2,gaussian_noise,"{""noise_factor"":0.004916542}",154,8762045436037260680,virtual:aug_245df96cc5c4a75fbfd6
aug_8783794d3e4208a813b5,rec_b5c186f6a11ea24233fb,D:\INFANT CRY\data_set_dbl_split\train\burping\2272_M_eh.wav,burping/2272_M_eh.wav,burping,train,2,pitch_shift,"{""steps"":0.928022}",155,10429217777611903700,virtual:aug_8783794d3e4208a813b5
aug_2e4e7ae027e0f08ad039,rec_c6008b28a57b1ad0c4a6,D:\INFANT CRY\data_set_dbl_split\train\burping\2312_M_eh.wav,burping/2312_M_eh.wav,burping,train,2,pitch_shift,"{""steps"":-0.965137}",156,3275998417508166516,virtual:aug_2e4e7ae027e0f08ad039
aug_f4af0703d4afc00877d7,rec_d08ebcb453ffbec561de,D:\INFANT CRY\data_set_dbl_split\train\burping\1990_M_eh.wav,burping/1990_M_eh.wav,burping,train,2,time_stretch,"{""rate"":1.086803}",157,15349865500055977842,virtual:aug_f4af0703d4afc00877d7
aug_e3b04635a2da83011650,rec_63a5ffd4b62830708b3e,D:\INFANT CRY\data_set_dbl_split\train\burping\4129_M_eh.wav,burping/4129_M_eh.wav,burping,train,2,time_stretch,"{""rate"":0.924665}",158,13830166172194311180,virtual:aug_e3b04635a2da83011650
aug_a6edf782ff952893c8c8,rec_812a143c52108fd80d82,D:\INFANT CRY\data_set_dbl_split\train\burping\2106_M_eh.wav,burping/2106_M_eh.wav,burping,train,2,time_shift,"{""fraction"":0.0410851}",159,16976825668118290377,virtual:aug_a6edf782ff952893c8c8
aug_ed254a299d5312b55920,rec_6bfb452e0fb288f7e4b1,D:\INFANT CRY\data_set_dbl_split\train\burping\915_F_eh.wav,burping/915_F_eh.wav,burping,train,2,gaussian_noise,"{""noise_factor"":0.002126213}",160,15377924521946911252,virtual:aug_ed254a299d5312b55920
aug_897cda12000eb4c6e42b,rec_c406d6a42a64a393f607,D:\INFANT CRY\data_set_dbl_split\train\burping\3828_M_eh.wav,burping/3828_M_eh.wav,burping,train,2,pitch_shift,"{""steps"":1.963202}",161,8529461419762541665,virtual:aug_897cda12000eb4c6e42b
aug_959ebfb96c075b8454e5,rec_0c8740c205058cc13c73,D:\INFANT CRY\data_set_dbl_split\train\burping\4473_M_eh.wav,burping/4473_M_eh.wav,burping,train,2,pitch_shift,"{""steps"":-2.01813}",162,7183358062488108661,virtual:aug_959ebfb96c075b8454e5
aug_b77f855e8e6991533436,rec_a61b1c034874488205af,D:\INFANT CRY\data_set_dbl_split\train\burping\801_F_eh.wav,burping/801_F_eh.wav,burping,train,2,time_stretch,"{""rate"":1.193437}",163,4465743529852308074,virtual:aug_b77f855e8e6991533436
aug_4b4f079d2506faf1568f,rec_296b5aff467704fad7f9,D:\INFANT CRY\data_set_dbl_split\train\burping\4544_F_eh.wav,burping/4544_F_eh.wav,burping,train,2,time_stretch,"{""rate"":0.812821}",164,15354960500041121863,virtual:aug_4b4f079d2506faf1568f
aug_5c9a719c2038da292979,rec_8f1e43e0b3db4c9b7bd1,D:\INFANT CRY\data_set_dbl_split\train\burping\3009_M_eh.wav,burping/3009_M_eh.wav,burping,train,2,gaussian_noise,"{""noise_factor"":0.004721335}",165,11273103662751856799,virtual:aug_5c9a719c2038da292979
aug_30d0d922715766c72d9a,rec_27fce64936b1b90d7277,D:\INFANT CRY\data_set_dbl_split\train\burping\dunstan-eh_57.wav,burping/dunstan-eh_57.wav,burping,train,2,pitch_shift,"{""steps"":1.025472}",166,5990022771699362096,virtual:aug_30d0d922715766c72d9a
aug_ea4aca4ae451a2e370bf,rec_858f3231bf9c42fefa83,D:\INFANT CRY\data_set_dbl_split\train\burping\1882_M_eh.wav,burping/1882_M_eh.wav,burping,train,2,pitch_shift,"{""steps"":-1.195848}",167,16295095488979356867,virtual:aug_ea4aca4ae451a2e370bf
aug_a23dcf71dac6d2865497,rec_259890ff0ea96f64d45f,D:\INFANT CRY\data_set_dbl_split\train\burping\2265_M_eh.wav,burping/2265_M_eh.wav,burping,train,2,time_stretch,"{""rate"":1.112555}",168,16735516887381106226,virtual:aug_a23dcf71dac6d2865497
aug_1fd6142ac8bc6f22fdd5,rec_fe2bd084cd57ea19b335,D:\INFANT CRY\data_set_dbl_split\train\burping\1294_F_eh.wav,burping/1294_F_eh.wav,burping,train,2,time_stretch,"{""rate"":0.923511}",169,15283667970000874451,virtual:aug_1fd6142ac8bc6f22fdd5
aug_f255f5d291e817109079,rec_01751ebd954ebf0cc37a,D:\INFANT CRY\data_set_dbl_split\train\burping\2911_M_eh.wav,burping/2911_M_eh.wav,burping,train,2,time_shift,"{""fraction"":-0.0612359}",170,4155322493728738994,virtual:aug_f255f5d291e817109079
aug_1a15d28d009eee0eba2e,rec_5a2f75276513a19a7ebb,D:\INFANT CRY\data_set_dbl_split\train\burping\4216_M_eh.wav,burping/4216_M_eh.wav,burping,train,2,gaussian_noise,"{""noise_factor"":0.002834109}",171,8467009921299368636,virtual:aug_1a15d28d009eee0eba2e
aug_7cad944b38eb1867e625,rec_1bbceca863aee49901ac,D:\INFANT CRY\data_set_dbl_split\train\burping\1661_M_eh.wav,burping/1661_M_eh.wav,burping,train,2,pitch_shift,"{""steps"":2.146267}",172,9583805839386115996,virtual:aug_7cad944b38eb1867e625
aug_26cec1f6f49b383766c6,rec_1ea791cff25abaff0941,D:\INFANT CRY\data_set_dbl_split\train\burping\2111_M_eh.wav,burping/2111_M_eh.wav,burping,train,2,pitch_shift,"{""steps"":-2.142353}",173,5739109783549611089,virtual:aug_26cec1f6f49b383766c6
aug_12b8ac2647b68d237fc1,rec_fbef8f5e2003e3f7e55d,D:\INFANT CRY\data_set_dbl_split\train\burping\3163_F_eh.wav,burping/3163_F_eh.wav,burping,train,2,time_stretch,"{""rate"":1.188923}",174,9089538194242563281,virtual:aug_12b8ac2647b68d237fc1
aug_dd5bb14b3c21073b9e13,rec_c02402c6d2a894138d12,D:\INFANT CRY\data_set_dbl_split\train\burping\2563_M_eh.wav,burping/2563_M_eh.wav,burping,train,2,time_stretch,"{""rate"":0.808349}",175,2099316632414207229,virtual:aug_dd5bb14b3c21073b9e13
aug_fa6b40b20503cb83f269,rec_647be7ff75e4bcb282e3,D:\INFANT CRY\data_set_dbl_split\train\burping\2159_M_eh.wav,burping/2159_M_eh.wav,burping,train,2,gaussian_noise,"{""noise_factor"":0.004552408}",176,16597094263192216666,virtual:aug_fa6b40b20503cb83f269
aug_1163b007fa6652413fd7,rec_f563132c4a35d9e664db,D:\INFANT CRY\data_set_dbl_split\train\burping\3471_M_eh.wav,burping/3471_M_eh.wav,burping,train,2,pitch_shift,"{""steps"":0.894997}",177,17118065248034823193,virtual:aug_1163b007fa6652413fd7
aug_10a38406627237b36c2a,rec_c34b88121001eab934e2,D:\INFANT CRY\data_set_dbl_split\train\burping\2915_M_eh.wav,burping/2915_M_eh.wav,burping,train,2,pitch_shift,"{""steps"":-1.118809}",178,16144308500810785070,virtual:aug_10a38406627237b36c2a
aug_639e8f8df5ecd1de44fb,rec_f270ae8ed465b729fd80,D:\INFANT CRY\data_set_dbl_split\train\burping\dunstan-eh_18.wav,burping/dunstan-eh_18.wav,burping,train,2,time_stretch,"{""rate"":1.082395}",179,9067918725739690206,virtual:aug_639e8f8df5ecd1de44fb
aug_436bb1f26403d17aaae7,rec_dc82cc7fca4fce70a058,D:\INFANT CRY\data_set_dbl_split\train\burping\4894_M_eh.wav,burping/4894_M_eh.wav,burping,train,2,time_stretch,"{""rate"":0.904145}",180,5002147828732121827,virtual:aug_436bb1f26403d17aaae7
aug_088bde5f627b684cf2ae,rec_3b0dbc0e1235864017ad,D:\INFANT CRY\data_set_dbl_split\train\burping\3731_M_eh.wav,burping/3731_M_eh.wav,burping,train,2,time_shift,"{""fraction"":-0.0662493}",181,12720132273802789374,virtual:aug_088bde5f627b684cf2ae
aug_5a8da2483118cc6b867a,rec_4cb288cfddc38ac25391,D:\INFANT CRY\data_set_dbl_split\train\burping\2369_M_eh.wav,burping/2369_M_eh.wav,burping,train,2,gaussian_noise,"{""noise_factor"":0.002482011}",182,6707409494203525845,virtual:aug_5a8da2483118cc6b867a
aug_3ec0a073b5e6afa8089c,rec_c22dd02b85a1df5c8c4e,D:\INFANT CRY\data_set_dbl_split\train\burping\dunstan-eh_65.wav,burping/dunstan-eh_65.wav,burping,train,2,pitch_shift,"{""steps"":1.890638}",183,8706939995786673585,virtual:aug_3ec0a073b5e6afa8089c
aug_e71f48897b881c7c98e8,rec_aef16fe4b73818181ee3,D:\INFANT CRY\data_set_dbl_split\train\burping\1173_M_eh.wav,burping/1173_M_eh.wav,burping,train,2,pitch_shift,"{""steps"":-1.882283}",184,5346589775169352744,virtual:aug_e71f48897b881c7c98e8
aug_3eba5586a423b7f60922,rec_27340d45ad612cfb12c4,D:\INFANT CRY\data_set_dbl_split\train\burping\2170_M_eh.wav,burping/2170_M_eh.wav,burping,train,2,time_stretch,"{""rate"":1.205564}",185,361036449932700727,virtual:aug_3eba5586a423b7f60922
aug_eeb5fadf1bd326046614,rec_68fb76bcaf4df28e1d35,D:\INFANT CRY\data_set_dbl_split\train\burping\dunstan-eh_29.wav,burping/dunstan-eh_29.wav,burping,train,2,time_stretch,"{""rate"":0.778218}",186,13808552966100980976,virtual:aug_eeb5fadf1bd326046614
aug_599e882641d3b3ba6244,rec_fd4381d8731ddf4435b8,D:\INFANT CRY\data_set_dbl_split\train\burping\dunstan-eh_25.wav,burping/dunstan-eh_25.wav,burping,train,2,gaussian_noise,"{""noise_factor"":0.004716008}",187,10901072928470053654,virtual:aug_599e882641d3b3ba6244
aug_47382ee9a0003cc37451,rec_246e21d1f4b12af163dd,D:\INFANT CRY\data_set_dbl_split\train\burping\3706_M_eh.wav,burping/3706_M_eh.wav,burping,train,2,pitch_shift,"{""steps"":1.148157}",188,9065709762669626481,virtual:aug_47382ee9a0003cc37451
aug_e6765e57cac1438215cb,rec_8c5fd3a4d20e6ed75f42,D:\INFANT CRY\data_set_dbl_split\train\burping\2870_F_eh.wav,burping/2870_F_eh.wav,burping,train,2,pitch_shift,"{""steps"":-1.098358}",189,15310965607423711666,virtual:aug_e6765e57cac1438215cb
aug_a0e8730e58b83c94793f,rec_4a0912eaadfeb8697716,D:\INFANT CRY\data_set_dbl_split\train\burping\2284_M_eh.wav,burping/2284_M_eh.wav,burping,train,2,time_stretch,"{""rate"":1.121413}",190,7237296513847960933,virtual:aug_a0e8730e58b83c94793f
aug_5834afe3e2f8ae054e0d,rec_51b8c1e6675046875e68,D:\INFANT CRY\data_set_dbl_split\train\burping\3156_F_eh.wav,burping/3156_F_eh.wav,burping,train,2,time_stretch,"{""rate"":0.913886}",191,9668521594751516178,virtual:aug_5834afe3e2f8ae054e0d
aug_bb3d3b52cd4f0989269b,rec_0243d0e4f1276ccf9ce1,D:\INFANT CRY\data_set_dbl_split\train\burping\4389_F_eh.wav,burping/4389_F_eh.wav,burping,train,2,time_shift,"{""fraction"":-0.0149297}",192,3649036480254787491,virtual:aug_bb3d3b52cd4f0989269b
aug_f314ce9d25b805afa8f5,rec_9bc21230f02ca1056bac,D:\INFANT CRY\data_set_dbl_split\train\burping\4881_M_eh.wav,burping/4881_M_eh.wav,burping,train,2,gaussian_noise,"{""noise_factor"":0.002305579}",193,864867337141551375,virtual:aug_f314ce9d25b805afa8f5
aug_1482f6b95d8e76d0e007,rec_8cede20c0b7f85203c3e,D:\INFANT CRY\data_set_dbl_split\train\burping\799_M_eh.wav,burping/799_M_eh.wav,burping,train,2,pitch_shift,"{""steps"":1.85087}",194,15433143074844436932,virtual:aug_1482f6b95d8e76d0e007
aug_1f02eae29fe23161b18a,rec_5e12d4152f25c8285f27,D:\INFANT CRY\data_set_dbl_split\train\burping\000543_M_heh.wav,burping/000543_M_heh.wav,burping,train,2,pitch_shift,"{""steps"":-1.834234}",195,1917156055477229562,virtual:aug_1f02eae29fe23161b18a
aug_16edb04c99790a776ead,rec_91a8baa5de8351206dc1,D:\INFANT CRY\data_set_dbl_split\train\burping\1310_M_eh.wav,burping/1310_M_eh.wav,burping,train,2,time_stretch,"{""rate"":1.222412}",196,12061987690904513860,virtual:aug_16edb04c99790a776ead
aug_e2713f9cad086126ac4c,rec_d9fc0f1da80ad4b55ac5,D:\INFANT CRY\data_set_dbl_split\train\burping\2631_M_eh.wav,burping/2631_M_eh.wav,burping,train,2,time_stretch,"{""rate"":0.79012}",197,16511230556726428668,virtual:aug_e2713f9cad086126ac4c
aug_fe3311bd97bb9d3ad98a,rec_8c0705fd9b6663835196,D:\INFANT CRY\data_set_dbl_split\train\burping\1501_M_eh.wav,burping/1501_M_eh.wav,burping,train,2,gaussian_noise,"{""noise_factor"":0.005363009}",198,13871067138422135323,virtual:aug_fe3311bd97bb9d3ad98a
aug_ba41beb868dad0b36cb7,rec_d44661adfd4d790a00cd,D:\INFANT CRY\data_set_dbl_split\train\burping\1964_M_eh.wav,burping/1964_M_eh.wav,burping,train,2,pitch_shift,"{""steps"":0.981575}",199,3536228561992102682,virtual:aug_ba41beb868dad0b36cb7
aug_7db00cb5caeb54c2bdce,rec_c1b61b57a04c76f19527,D:\INFANT CRY\data_set_dbl_split\train\burping\1246_M_eh.wav,burping/1246_M_eh.wav,burping,train,2,pitch_shift,"{""steps"":-0.884029}",200,1981920848827365043,virtual:aug_7db00cb5caeb54c2bdce
aug_c92fcf9f312b80998c7f,rec_e64ed0451cdefb147b9a,D:\INFANT CRY\data_set_dbl_split\train\burping\2458_M_eh.wav,burping/2458_M_eh.wav,burping,train,2,time_stretch,"{""rate"":1.095848}",201,15930222140171576347,virtual:aug_c92fcf9f312b80998c7f
aug_53f1fd2490cb6fec7d8d,rec_30cbe93e75857a181f3d,D:\INFANT CRY\data_set_dbl_split\train\burping\128_M_eh.wav,burping/128_M_eh.wav,burping,train,2,time_stretch,"{""rate"":0.924322}",202,1918153067350953580,virtual:aug_53f1fd2490cb6fec7d8d
aug_d97b16f1ff7a9b08bfbf,rec_80aa4905086476d9ee4e,D:\INFANT CRY\data_set_dbl_split\train\burping\3368_M_eh.wav,burping/3368_M_eh.wav,burping,train,2,time_shift,"{""fraction"":0.0890368}",203,13865978451301252703,virtual:aug_d97b16f1ff7a9b08bfbf
aug_4c55e7b258886ba54033,rec_a24e5a4c484b184c3af7,D:\INFANT CRY\data_set_dbl_split\train\burping\2164_M_eh.wav,burping/2164_M_eh.wav,burping,train,2,gaussian_noise,"{""noise_factor"":0.002481356}",204,13260269314429392159,virtual:aug_4c55e7b258886ba54033
aug_6a3f446648ad8cf3a77c,rec_ff477dacfaa3059546f6,D:\INFANT CRY\data_set_dbl_split\train\burping\4846_M_eh.wav,burping/4846_M_eh.wav,burping,train,2,pitch_shift,"{""steps"":2.036137}",205,416026723584346834,virtual:aug_6a3f446648ad8cf3a77c
aug_0d4677b23bea5578f7fa,rec_a0ecc47442b70c870666,D:\INFANT CRY\data_set_dbl_split\train\burping\1447_M_eh.wav,burping/1447_M_eh.wav,burping,train,2,pitch_shift,"{""steps"":-2.166657}",206,12909005084940271614,virtual:aug_0d4677b23bea5578f7fa
aug_52bbdece92b3a34ac0d5,rec_583b16956c6c814d67fe,D:\INFANT CRY\data_set_dbl_split\train\burping\3033_M_eh.wav,burping/3033_M_eh.wav,burping,train,2,time_stretch,"{""rate"":1.206221}",207,8904654589900848898,virtual:aug_52bbdece92b3a34ac0d5
aug_631e8cdc1004650c548a,rec_e0bd95966c0c5da7f134,D:\INFANT CRY\data_set_dbl_split\train\burping\4468_F_eh.wav,burping/4468_F_eh.wav,burping,train,2,time_stretch,"{""rate"":0.813871}",208,12918850234174065082,virtual:aug_631e8cdc1004650c548a
aug_06689f7cb26f6df2b7e1,rec_bdbf83ffad21ba24d2b2,D:\INFANT CRY\data_set_dbl_split\train\burping\4698_M_eh.wav,burping/4698_M_eh.wav,burping,train,2,gaussian_noise,"{""noise_factor"":0.004461659}",209,3150320495307973720,virtual:aug_06689f7cb26f6df2b7e1
aug_06adfe2fdf4dbe1a542a,rec_6283b5f850c67ab736d9,D:\INFANT CRY\data_set_dbl_split\train\burping\4480_M_eh.wav,burping/4480_M_eh.wav,burping,train,2,pitch_shift,"{""steps"":1.116659}",210,1107511953743393805,virtual:aug_06adfe2fdf4dbe1a542a
aug_d998be20690acd5b76d7,rec_dcac3876bf6880c602d4,D:\INFANT CRY\data_set_dbl_split\train\burping\3754_M_eh.wav,burping/3754_M_eh.wav,burping,train,2,pitch_shift,"{""steps"":-1.181197}",211,5623729075946147653,virtual:aug_d998be20690acd5b76d7
aug_e9c0c297151578c521f1,rec_ce25498c6756bcb99abd,D:\INFANT CRY\data_set_dbl_split\train\burping\1228_M_eh.wav,burping/1228_M_eh.wav,burping,train,2,time_stretch,"{""rate"":1.091608}",212,15763148940158215267,virtual:aug_e9c0c297151578c521f1
aug_ad451c1188ee54bb8e35,rec_1eb9fd4af465d3df769d,D:\INFANT CRY\data_set_dbl_split\train\burping\306_M_eh.wav,burping/306_M_eh.wav,burping,train,2,time_stretch,"{""rate"":0.910768}",213,15856729719610885932,virtual:aug_ad451c1188ee54bb8e35
aug_fa01605e2fff5944e7b8,rec_04d8723e876919f7d0c5,D:\INFANT CRY\data_set_dbl_split\train\burping\1860_M_eh.wav,burping/1860_M_eh.wav,burping,train,2,time_shift,"{""fraction"":-0.054486}",214,7889513152782153640,virtual:aug_fa01605e2fff5944e7b8
aug_74ea6eb4c50617ce1e1b,rec_06e84e6f511e879851ca,D:\INFANT CRY\data_set_dbl_split\train\burping\1677_M_eh.wav,burping/1677_M_eh.wav,burping,train,2,gaussian_noise,"{""noise_factor"":0.002247815}",215,13667715891026217059,virtual:aug_74ea6eb4c50617ce1e1b
aug_e58e22b304dfcf7b45ed,rec_8c0c8f04ded4a4ce7a12,D:\INFANT CRY\data_set_dbl_split\train\burping\1999_M_eh.wav,burping/1999_M_eh.wav,burping,train,2,pitch_shift,"{""steps"":1.950635}",216,14832610534891412959,virtual:aug_e58e22b304dfcf7b45ed
aug_7aa7a53ea0fc838d5756,rec_c2d0c914aa634399fe02,D:\INFANT CRY\data_set_dbl_split\train\burping\3681_M_eh.wav,burping/3681_M_eh.wav,burping,train,2,pitch_shift,"{""steps"":-2.165891}",217,8512090429350369226,virtual:aug_7aa7a53ea0fc838d5756
aug_ed3400ba1fd21228bdcb,rec_a4ddbf82a26d73b83cc6,D:\INFANT CRY\data_set_dbl_split\train\burping\dunstan-eh_12.wav,burping/dunstan-eh_12.wav,burping,train,2,time_stretch,"{""rate"":1.217113}",218,1819371565897263702,virtual:aug_ed3400ba1fd21228bdcb
aug_1f4ece6ffdc35d5ec505,rec_30ab2bd552cfc2d7e12b,D:\INFANT CRY\data_set_dbl_split\train\burping\3184_M_eh.wav,burping/3184_M_eh.wav,burping,train,2,time_stretch,"{""rate"":0.824051}",219,5461682519460755802,virtual:aug_1f4ece6ffdc35d5ec505
aug_9cb449ec28945e97fbbe,rec_85edc8f84763e4037032,D:\INFANT CRY\data_set_dbl_split\train\burping\1679_F_eh.wav,burping/1679_F_eh.wav,burping,train,2,gaussian_noise,"{""noise_factor"":0.004722052}",220,9462644220014695341,virtual:aug_9cb449ec28945e97fbbe
aug_494b9bae1ac1ded2c17e,rec_ec599e0cd6f23f0d78c2,D:\INFANT CRY\data_set_dbl_split\train\burping\3663_F_eh.wav,burping/3663_F_eh.wav,burping,train,2,pitch_shift,"{""steps"":1.157004}",221,14519842499948097650,virtual:aug_494b9bae1ac1ded2c17e
aug_8feb313d3b552f3dd824,rec_3c97921405d8a84e3340,D:\INFANT CRY\data_set_dbl_split\train\burping\109_F_eh.wav,burping/109_F_eh.wav,burping,train,2,pitch_shift,"{""steps"":-0.804815}",222,3766322919966690873,virtual:aug_8feb313d3b552f3dd824
aug_df2add9584cd00ccb505,rec_1050c2655280d54aa3a4,D:\INFANT CRY\data_set_dbl_split\train\burping\225_F_eh.wav,burping/225_F_eh.wav,burping,train,2,time_stretch,"{""rate"":1.120193}",223,14663144825688821763,virtual:aug_df2add9584cd00ccb505
aug_b5714f12abf334b6b145,rec_cb791979b42c6631a24b,D:\INFANT CRY\data_set_dbl_split\train\burping\919_M_eh.wav,burping/919_M_eh.wav,burping,train,2,time_stretch,"{""rate"":0.894516}",224,8760812299314118091,virtual:aug_b5714f12abf334b6b145
aug_0a847cbab755f8d50da1,rec_695acf24f6b621bf6938,D:\INFANT CRY\data_set_dbl_split\train\burping\2185_M_eh.wav,burping/2185_M_eh.wav,burping,train,2,time_shift,"{""fraction"":-0.0578153}",225,9170294642975001806,virtual:aug_0a847cbab755f8d50da1
aug_87f9d30bf7d2aff63a70,rec_f4fd052ddfb5de0888a3,D:\INFANT CRY\data_set_dbl_split\train\burping\2638_F_eh.wav,burping/2638_F_eh.wav,burping,train,2,gaussian_noise,"{""noise_factor"":0.002389455}",226,13372128169019672975,virtual:aug_87f9d30bf7d2aff63a70
aug_bac43e1f871aa1e97a72,rec_9e6e29b19c03296b74f8,D:\INFANT CRY\data_set_dbl_split\train\burping\2321_M_eh.wav,burping/2321_M_eh.wav,burping,train,2,pitch_shift,"{""steps"":2.044918}",227,9439119852293673376,virtual:aug_bac43e1f871aa1e97a72
aug_25702d9985e78d2a1e22,rec_8405ff9deb2601ec3688,D:\INFANT CRY\data_set_dbl_split\train\burping\3263_F_eh.wav,burping/3263_F_eh.wav,burping,train,2,pitch_shift,"{""steps"":-1.952516}",228,4615424675084816081,virtual:aug_25702d9985e78d2a1e22
aug_908d67d38f053aea0bee,rec_b7dc41a5877cdafcdeba,D:\INFANT CRY\data_set_dbl_split\train\burping\3849_M_eh.wav,burping/3849_M_eh.wav,burping,train,2,time_stretch,"{""rate"":1.183363}",229,11092905658126769868,virtual:aug_908d67d38f053aea0bee
aug_d09e6faf0705c43c0903,rec_52dddcd2a42250d2ad7f,D:\INFANT CRY\data_set_dbl_split\train\burping\737_M_eh.wav,burping/737_M_eh.wav,burping,train,2,time_stretch,"{""rate"":0.780843}",230,1098415533997635057,virtual:aug_d09e6faf0705c43c0903
aug_38d4a5bfa50550cf12a2,rec_fef045ea86ed1d26ca57,D:\INFANT CRY\data_set_dbl_split\train\burping\855_M_eh.wav,burping/855_M_eh.wav,burping,train,2,gaussian_noise,"{""noise_factor"":0.004807598}",231,2241181683899242813,virtual:aug_38d4a5bfa50550cf12a2
aug_62ece2670ab89558298c,rec_10d0435f16610463b458,D:\INFANT CRY\data_set_dbl_split\train\burping\1280_F_eh.wav,burping/1280_F_eh.wav,burping,train,2,pitch_shift,"{""steps"":0.95502}",232,17763486542995204540,virtual:aug_62ece2670ab89558298c
aug_f636a182fa5eb38f0e6f,rec_28f10489f167e0cf28ed,D:\INFANT CRY\data_set_dbl_split\train\burping\3269_F_eh.wav,burping/3269_F_eh.wav,burping,train,2,pitch_shift,"{""steps"":-1.138692}",233,4182655842537961139,virtual:aug_f636a182fa5eb38f0e6f
aug_029553f5cca2b0145b44,rec_af793bcc7a84612776fa,D:\INFANT CRY\data_set_dbl_split\train\burping\3777_M_eh.wav,burping/3777_M_eh.wav,burping,train,2,time_stretch,"{""rate"":1.078163}",234,224712347963438729,virtual:aug_029553f5cca2b0145b44
aug_43cbdf68aab7dc7b4dc2,rec_398f102ae45404e1b33a,D:\INFANT CRY\data_set_dbl_split\train\burping\3948_M_eh.wav,burping/3948_M_eh.wav,burping,train,2,time_stretch,"{""rate"":0.911436}",235,12778375664667206279,virtual:aug_43cbdf68aab7dc7b4dc2
aug_5cba4150b02da152abf6,rec_09745ee499f542515c18,D:\INFANT CRY\data_set_dbl_split\train\burping\223_M_eh.wav,burping/223_M_eh.wav,burping,train,2,time_shift,"{""fraction"":-0.0298325}",236,7181296073054869650,virtual:aug_5cba4150b02da152abf6
aug_c942f0b41b0fadc3848f,rec_98dbc8f48996f1a11dcf,D:\INFANT CRY\data_set_dbl_split\train\burping\739_M_eh.wav,burping/739_M_eh.wav,burping,train,2,gaussian_noise,"{""noise_factor"":0.002261861}",237,16753341132808153415,virtual:aug_c942f0b41b0fadc3848f
aug_8934a0f79cf36c32e620,rec_76c476f521e31ec4c31a,D:\INFANT CRY\data_set_dbl_split\train\burping\2203_F_eh.wav,burping/2203_F_eh.wav,burping,train,2,pitch_shift,"{""steps"":1.931226}",238,9680648589350656011,virtual:aug_8934a0f79cf36c32e620
aug_130a42477494a3fd9e9c,rec_1113b5c1927b463e6187,D:\INFANT CRY\data_set_dbl_split\train\burping\1928_M_eh.wav,burping/1928_M_eh.wav,burping,train,2,pitch_shift,"{""steps"":-2.157631}",239,12990544331017917477,virtual:aug_130a42477494a3fd9e9c
aug_b46a22a419e577ef481b,rec_a9a6a0ec78c393f1423a,D:\INFANT CRY\data_set_dbl_split\train\burping\3987_M_eh.wav,burping/3987_M_eh.wav,burping,train,2,time_stretch,"{""rate"":1.193035}",240,11836016785870997737,virtual:aug_b46a22a419e577ef481b
aug_1349e4ac66651b22cca2,rec_8e1af1b14f5eefa2208e,D:\INFANT CRY\data_set_dbl_split\train\burping\103_M_eh.wav,burping/103_M_eh.wav,burping,train,2,time_stretch,"{""rate"":0.800519}",241,11286775047672078100,virtual:aug_1349e4ac66651b22cca2
aug_be1bff7df5581f171f79,rec_0a4b374c52ad48552c98,D:\INFANT CRY\data_set_dbl_split\train\burping\dunstan-eh_44.wav,burping/dunstan-eh_44.wav,burping,train,2,gaussian_noise,"{""noise_factor"":0.004613222}",242,558731448185023890,virtual:aug_be1bff7df5581f171f79
aug_ee52f03eecd519cf9b42,rec_ae241ae526411ad2be05,D:\INFANT CRY\data_set_dbl_split\train\burping\3233_M_eh.wav,burping/3233_M_eh.wav,burping,train,2,pitch_shift,"{""steps"":1.000109}",243,1283297987842665199,virtual:aug_ee52f03eecd519cf9b42
aug_e36e7570b96fe15f0c2b,rec_3dff757b4adba1651a52,D:\INFANT CRY\data_set_dbl_split\train\burping\1280_M_eh.wav,burping/1280_M_eh.wav,burping,train,2,pitch_shift,"{""steps"":-0.881932}",244,148188797718613285,virtual:aug_e36e7570b96fe15f0c2b
aug_e8adb79131abb94e2521,rec_c38fa1511dbf3ebaa184,D:\INFANT CRY\data_set_dbl_split\train\burping\1869_M_eh.wav,burping/1869_M_eh.wav,burping,train,2,time_stretch,"{""rate"":1.077069}",245,5926219649728621589,virtual:aug_e8adb79131abb94e2521
aug_22bc4ee2794e1051b6e0,rec_88affcb3e287f0433132,D:\INFANT CRY\data_set_dbl_split\train\burping\1717_F_eh.wav,burping/1717_F_eh.wav,burping,train,2,time_stretch,"{""rate"":0.882366}",246,8407231402357086673,virtual:aug_22bc4ee2794e1051b6e0
aug_45dcc1dc422df122f1f6,rec_e58eee6343a66a9607b3,D:\INFANT CRY\data_set_dbl_split\train\burping\67_M_eh.wav,burping/67_M_eh.wav,burping,train,2,time_shift,"{""fraction"":-0.0357302}",247,7996752783363778966,virtual:aug_45dcc1dc422df122f1f6
aug_9e742c5c188f02e798c1,rec_9f874a669b1439b8ba43,D:\INFANT CRY\data_set_dbl_split\train\burping\335_M_eh.wav,burping/335_M_eh.wav,burping,train,2,gaussian_noise,"{""noise_factor"":0.002127376}",248,5561751526868496041,virtual:aug_9e742c5c188f02e798c1
aug_d1dd0f403fce7ef48e37,rec_f2be0c0fdf45d429dfda,D:\INFANT CRY\data_set_dbl_split\train\burping\3680_M_eh.wav,burping/3680_M_eh.wav,burping,train,2,pitch_shift,"{""steps"":1.916387}",249,18325786410981494823,virtual:aug_d1dd0f403fce7ef48e37
aug_43014b516aa1585f15b5,rec_abb08076329044d38a78,D:\INFANT CRY\data_set_dbl_split\train\burping\1899_M_eh.wav,burping/1899_M_eh.wav,burping,train,2,pitch_shift,"{""steps"":-2.155878}",250,11692520264319580133,virtual:aug_43014b516aa1585f15b5
aug_79d280f8fd0a4cf60564,rec_595c7bd988437435705e,D:\INFANT CRY\data_set_dbl_split\train\burping\3187_M_eh.wav,burping/3187_M_eh.wav,burping,train,2,time_stretch,"{""rate"":1.194494}",251,17130212423044899001,virtual:aug_79d280f8fd0a4cf60564
aug_e706fd2d612ed0be22a1,rec_8b38bc4b5e01d884ed1b,D:\INFANT CRY\data_set_dbl_split\train\burping\2238_M_eh.wav,burping/2238_M_eh.wav,burping,train,2,time_stretch,"{""rate"":0.824294}",252,6008331861017777398,virtual:aug_e706fd2d612ed0be22a1
aug_f8f9f8cd0eaa2d2da1cc,rec_b1a98f3097eab9df6ff7,D:\INFANT CRY\data_set_dbl_split\train\burping\3608_M_eh.wav,burping/3608_M_eh.wav,burping,train,2,gaussian_noise,"{""noise_factor"":0.005421821}",253,9335334297385153959,virtual:aug_f8f9f8cd0eaa2d2da1cc
aug_d59c5b8c9be735b176c7,rec_fc9986972c06dede6fb5,D:\INFANT CRY\data_set_dbl_split\train\burping\366_M_eh.wav,burping/366_M_eh.wav,burping,train,2,pitch_shift,"{""steps"":0.951661}",254,3654900274142987222,virtual:aug_d59c5b8c9be735b176c7
aug_ad5a4df7638b82d5a043,rec_180d2118e85a66b32a32,D:\INFANT CRY\data_set_dbl_split\train\burping\805_M_eh.wav,burping/805_M_eh.wav,burping,train,2,pitch_shift,"{""steps"":-1.149383}",255,10742453166130740650,virtual:aug_ad5a4df7638b82d5a043
aug_f82f343f7c9c300f9eda,rec_9a232059ad8ce3d58fa8,D:\INFANT CRY\data_set_dbl_split\train\burping\3429_M_eh.wav,burping/3429_M_eh.wav,burping,train,2,time_stretch,"{""rate"":1.120469}",256,14663778021529141104,virtual:aug_f82f343f7c9c300f9eda
aug_87403d120ea09b369b16,rec_165d844150d1c38e7964,D:\INFANT CRY\data_set_dbl_split\train\burping\dunstan-eh_4.wav,burping/dunstan-eh_4.wav,burping,train,2,time_stretch,"{""rate"":0.889417}",257,6229746671906085308,virtual:aug_87403d120ea09b369b16
aug_1373631d37c24c5c2422,rec_bd56e50f20a08c95889b,D:\INFANT CRY\data_set_dbl_split\train\burping\dunstan-eh_6.wav,burping/dunstan-eh_6.wav,burping,train,2,time_shift,"{""fraction"":0.0696613}",258,9973698527898422136,virtual:aug_1373631d37c24c5c2422
aug_6ced346db828a528d574,rec_829c72de849282995758,D:\INFANT CRY\data_set_dbl_split\train\burping\dunstan-eh_68.wav,burping/dunstan-eh_68.wav,burping,train,2,gaussian_noise,"{""noise_factor"":0.002335838}",259,5199498326269668924,virtual:aug_6ced346db828a528d574
aug_3fa99e7139faff0ee598,rec_8fa03b0b1122bc99fa71,D:\INFANT CRY\data_set_dbl_split\train\burping\3335_M_eh.wav,burping/3335_M_eh.wav,burping,train,2,pitch_shift,"{""steps"":2.005736}",260,1618845330111644703,virtual:aug_3fa99e7139faff0ee598
aug_fafb9e2684656e586965,rec_aa640949ec798068cbcb,D:\INFANT CRY\data_set_dbl_split\train\burping\1836_M_eh.wav,burping/1836_M_eh.wav,burping,train,2,pitch_shift,"{""steps"":-1.963996}",261,2422254906668778119,virtual:aug_fafb9e2684656e586965
aug_d5ee6a46ec2537fc5a5a,rec_321aefb0aa457ba0707e,D:\INFANT CRY\data_set_dbl_split\train\burping\901_M_eh.wav,burping/901_M_eh.wav,burping,train,2,time_stretch,"{""rate"":1.223938}",262,5002446947334542164,virtual:aug_d5ee6a46ec2537fc5a5a
aug_f1ec36d2772d74af0d18,rec_eebb212fc609ed557451,D:\INFANT CRY\data_set_dbl_split\train\burping\463_M_eh.wav,burping/463_M_eh.wav,burping,train,2,time_stretch,"{""rate"":0.783531}",263,1802171380411043665,virtual:aug_f1ec36d2772d74af0d18
aug_d10a6a2edbe7d7d111d4,rec_d87509cfc191a34d274c,D:\INFANT CRY\data_set_dbl_split\train\burping\4290_M_eh.wav,burping/4290_M_eh.wav,burping,train,2,gaussian_noise,"{""noise_factor"":0.004902232}",264,4875124272333815347,virtual:aug_d10a6a2edbe7d7d111d4
aug_107043ab535f6e314f5c,rec_8fe70388ea5471625aba,D:\INFANT CRY\data_set_dbl_split\train\burping\2053_M_eh.wav,burping/2053_M_eh.wav,burping,train,2,pitch_shift,"{""steps"":1.078769}",265,11048417869870042859,virtual:aug_107043ab535f6e314f5c
aug_b2291969a331e1bf1c17,rec_130b876cf3e8042dbaaf,D:\INFANT CRY\data_set_dbl_split\train\discomfort\dunstan-heh_5.wav,discomfort/dunstan-heh_5.wav,discomfort,train,2,gaussian_noise,"{""noise_factor"":0.005055782}",0,2441298662173103559,virtual:aug_b2291969a331e1bf1c17
aug_4add0080dff23c9b0147,rec_a6a97d51ada1af8e637e,D:\INFANT CRY\data_set_dbl_split\train\discomfort\3989_M_heh.wav,discomfort/3989_M_heh.wav,discomfort,train,2,pitch_shift,"{""steps"":0.941691}",1,2915546461264566105,virtual:aug_4add0080dff23c9b0147
aug_608cd5ec580ce500e609,rec_c30ffcebec910157af48,D:\INFANT CRY\data_set_dbl_split\train\discomfort\1196_M_heh.wav,discomfort/1196_M_heh.wav,discomfort,train,2,pitch_shift,"{""steps"":-0.967082}",2,3610293145082757925,virtual:aug_608cd5ec580ce500e609
aug_9e8eabbd4d1ce25cab32,rec_01d818a8f633482ae893,D:\INFANT CRY\data_set_dbl_split\train\discomfort\2800_M_heh.wav,discomfort/2800_M_heh.wav,discomfort,train,2,time_stretch,"{""rate"":1.077564}",3,14186929066520792369,virtual:aug_9e8eabbd4d1ce25cab32
aug_05b06f66b4a771e41df9,rec_0655eee816f825bf3d59,D:\INFANT CRY\data_set_dbl_split\train\discomfort\2814_F_heh.wav,discomfort/2814_F_heh.wav,discomfort,train,2,time_stretch,"{""rate"":0.897544}",4,4038759614347676791,virtual:aug_05b06f66b4a771e41df9
aug_35f2db29958077a02e87,rec_3f52b4d2fc987b097465,D:\INFANT CRY\data_set_dbl_split\train\discomfort\362_M_heh.wav,discomfort/362_M_heh.wav,discomfort,train,2,time_shift,"{""fraction"":-0.029544}",5,2084373706866548137,virtual:aug_35f2db29958077a02e87
aug_6d0e4621b61829ffa343,rec_158ce180cdd2526ffa91,D:\INFANT CRY\data_set_dbl_split\train\discomfort\2895_M_heh.wav,discomfort/2895_M_heh.wav,discomfort,train,2,gaussian_noise,"{""noise_factor"":0.002612208}",6,17822126368698149002,virtual:aug_6d0e4621b61829ffa343
aug_f6a685801b2ac7b22012,rec_270278ab42fbf19a6468,D:\INFANT CRY\data_set_dbl_split\train\discomfort\3715_M_heh.wav,discomfort/3715_M_heh.wav,discomfort,train,2,pitch_shift,"{""steps"":2.174863}",7,1382303041924796171,virtual:aug_f6a685801b2ac7b22012
aug_162e64445bed4a116d02,rec_6bbd0237afd88cf9b3c1,D:\INFANT CRY\data_set_dbl_split\train\discomfort\3795_M_heh.wav,discomfort/3795_M_heh.wav,discomfort,train,2,pitch_shift,"{""steps"":-2.132908}",8,1348005417225341146,virtual:aug_162e64445bed4a116d02
aug_885d086afe48722c01a3,rec_96e032ce543e45616669,D:\INFANT CRY\data_set_dbl_split\train\discomfort\2011_M_heh.wav,discomfort/2011_M_heh.wav,discomfort,train,2,time_stretch,"{""rate"":1.217633}",9,2446348345441344514,virtual:aug_885d086afe48722c01a3
aug_05db6d09f2bb38619b1b,rec_91afffc62993be071030,D:\INFANT CRY\data_set_dbl_split\train\discomfort\2535_M_heh.wav,discomfort/2535_M_heh.wav,discomfort,train,2,time_stretch,"{""rate"":0.795193}",10,17950845664473061098,virtual:aug_05db6d09f2bb38619b1b
aug_eedb15c5a53a0307c22d,rec_3ea9d39bb4edc68fdf50,D:\INFANT CRY\data_set_dbl_split\train\discomfort\3719_M_heh.wav,discomfort/3719_M_heh.wav,discomfort,train,2,gaussian_noise,"{""noise_factor"":0.004607782}",11,1317707331542695568,virtual:aug_eedb15c5a53a0307c22d
aug_9ebfcecefd0da8d02352,rec_c95f02818a4bfa9ef8b9,D:\INFANT CRY\data_set_dbl_split\train\discomfort\4041_M_heh.wav,discomfort/4041_M_heh.wav,discomfort,train,2,pitch_shift,"{""steps"":0.867872}",12,14398091426537438406,virtual:aug_9ebfcecefd0da8d02352
aug_7a68397c248dfd45a1a7,rec_812b51427c3184c41a51,D:\INFANT CRY\data_set_dbl_split\train\discomfort\3305_M_heh.wav,discomfort/3305_M_heh.wav,discomfort,train,2,pitch_shift,"{""steps"":-1.000376}",13,4242779393931302903,virtual:aug_7a68397c248dfd45a1a7
aug_67e40272fabf9977bc3c,rec_47ad8a2ec8f931f1904d,D:\INFANT CRY\data_set_dbl_split\train\discomfort\dunstan-heh_13.wav,discomfort/dunstan-heh_13.wav,discomfort,train,2,time_stretch,"{""rate"":1.098625}",14,3900822150937215245,virtual:aug_67e40272fabf9977bc3c
aug_24d0353f0538618b40c4,rec_8531260c58ed47ae96f8,D:\INFANT CRY\data_set_dbl_split\train\discomfort\2588_F_heh.wav,discomfort/2588_F_heh.wav,discomfort,train,2,time_stretch,"{""rate"":0.92111}",15,8530403825134384065,virtual:aug_24d0353f0538618b40c4
aug_96397977cf38147879db,rec_b2b046ee6befacc1736f,D:\INFANT CRY\data_set_dbl_split\train\discomfort\595_M_heh.wav,discomfort/595_M_heh.wav,discomfort,train,2,time_shift,"{""fraction"":-0.0147263}",16,8248931560590055129,virtual:aug_96397977cf38147879db
aug_6bfe990a87304f1e9515,rec_5dd030b8afd73faf7e6d,D:\INFANT CRY\data_set_dbl_split\train\discomfort\dunstan-heh_48.wav,discomfort/dunstan-heh_48.wav,discomfort,train,2,gaussian_noise,"{""noise_factor"":0.002415673}",17,3612758971692880815,virtual:aug_6bfe990a87304f1e9515
aug_220d08d89ff1d8113431,rec_8d9f61ce303defbfc361,D:\INFANT CRY\data_set_dbl_split\train\discomfort\3409_M_heh.wav,discomfort/3409_M_heh.wav,discomfort,train,2,pitch_shift,"{""steps"":1.873588}",18,9980705570595883425,virtual:aug_220d08d89ff1d8113431
aug_97ded09788d96cf86cfa,rec_36666c11c2fd31a59262,D:\INFANT CRY\data_set_dbl_split\train\discomfort\86_F_heh.wav,discomfort/86_F_heh.wav,discomfort,train,2,pitch_shift,"{""steps"":-2.00279}",19,8925139115473437185,virtual:aug_97ded09788d96cf86cfa
aug_48ef833c87a67f798019,rec_c5ca2cddf85a72e0dc56,D:\INFANT CRY\data_set_dbl_split\train\discomfort\4782_M_heh.wav,discomfort/4782_M_heh.wav,discomfort,train,2,time_stretch,"{""rate"":1.211083}",20,10848285731352047507,virtual:aug_48ef833c87a67f798019
aug_a43f8dc7848930df91ab,rec_aafac0f86f7d823eb681,D:\INFANT CRY\data_set_dbl_split\train\discomfort\2856_M_heh.wav,discomfort/2856_M_heh.wav,discomfort,train,2,time_stretch,"{""rate"":0.791613}",21,16274887477308052627,virtual:aug_a43f8dc7848930df91ab
aug_62be3eed4ea2f9432d20,rec_37d2c4c05305ba71470e,D:\INFANT CRY\data_set_dbl_split\train\discomfort\902_M_heh.wav,discomfort/902_M_heh.wav,discomfort,train,2,gaussian_noise,"{""noise_factor"":0.005673719}",22,13351261491183906043,virtual:aug_62be3eed4ea2f9432d20
aug_cfeb0ebcd1cdee7c1131,rec_43d212cc278f3fa7f39d,D:\INFANT CRY\data_set_dbl_split\train\discomfort\2128_M_heh.wav,discomfort/2128_M_heh.wav,discomfort,train,2,pitch_shift,"{""steps"":0.975093}",23,5168916979390040330,virtual:aug_cfeb0ebcd1cdee7c1131
aug_51ed8797c217465175af,rec_6eb0928d100be618ab76,D:\INFANT CRY\data_set_dbl_split\train\discomfort\3451_M_heh.wav,discomfort/3451_M_heh.wav,discomfort,train,2,pitch_shift,"{""steps"":-0.863401}",24,2677222494474974684,virtual:aug_51ed8797c217465175af
aug_cfae76dd8e7c09c1eaf9,rec_9362bfdd724c2e4f3f5f,D:\INFANT CRY\data_set_dbl_split\train\discomfort\dunstan-heh_21.wav,discomfort/dunstan-heh_21.wav,discomfort,train,2,time_stretch,"{""rate"":1.084259}",25,14526321421661424106,virtual:aug_cfae76dd8e7c09c1eaf9
aug_c1901af192efd3db2ed9,rec_9185eef7e2aecebfb720,D:\INFANT CRY\data_set_dbl_split\train\discomfort\735_M_heh.wav,discomfort/735_M_heh.wav,discomfort,train,2,time_stretch,"{""rate"":0.879362}",26,219151632408001892,virtual:aug_c1901af192efd3db2ed9
aug_2253e93d93dfb7d19dfa,rec_fecba998d290d42023e8,D:\INFANT CRY\data_set_dbl_split\train\discomfort\2928_M_heh.wav,discomfort/2928_M_heh.wav,discomfort,train,2,time_shift,"{""fraction"":0.0115126}",27,14853648565903955401,virtual:aug_2253e93d93dfb7d19dfa
aug_fb3790db8df06aba29db,rec_6078ad0e8ea8a14799ba,D:\INFANT CRY\data_set_dbl_split\train\discomfort\4825_M_heh.wav,discomfort/4825_M_heh.wav,discomfort,train,2,gaussian_noise,"{""noise_factor"":0.00282739}",28,16090107076356581169,virtual:aug_fb3790db8df06aba29db
aug_e789a2604ed2e45e6dc0,rec_f4d28e0fc9542a590b34,D:\INFANT CRY\data_set_dbl_split\train\discomfort\3844_M_heh.wav,discomfort/3844_M_heh.wav,discomfort,train,2,pitch_shift,"{""steps"":2.084044}",29,9846339875660972848,virtual:aug_e789a2604ed2e45e6dc0
aug_bcfa6e95983758615148,rec_6ad89027638c1a776894,D:\INFANT CRY\data_set_dbl_split\train\discomfort\4228_M_heh.wav,discomfort/4228_M_heh.wav,discomfort,train,2,pitch_shift,"{""steps"":-2.010878}",30,14590805584135805037,virtual:aug_bcfa6e95983758615148
aug_b7e138f71b650a6351c7,rec_d252f8e43bac8a94460c,D:\INFANT CRY\data_set_dbl_split\train\discomfort\1656_M_heh.wav,discomfort/1656_M_heh.wav,discomfort,train,2,time_stretch,"{""rate"":1.196183}",31,17088257342960554057,virtual:aug_b7e138f71b650a6351c7
aug_40e4daa7deee829a2bbf,rec_52da117b101c516c1c42,D:\INFANT CRY\data_set_dbl_split\train\discomfort\4262_M_heh.wav,discomfort/4262_M_heh.wav,discomfort,train,2,time_stretch,"{""rate"":0.78297}",32,4471858889075360128,virtual:aug_40e4daa7deee829a2bbf
aug_86f6be473afc2ee8c5a5,rec_b68a18d4d619ff02538e,D:\INFANT CRY\data_set_dbl_split\train\discomfort\1534_M_heh.wav,discomfort/1534_M_heh.wav,discomfort,train,2,gaussian_noise,"{""noise_factor"":0.005035201}",33,7523010716859385958,virtual:aug_86f6be473afc2ee8c5a5
aug_6675916416fdba98d72e,rec_1e1cf13b4d1b84eb706c,D:\INFANT CRY\data_set_dbl_split\train\discomfort\dunstan-heh_37.wav,discomfort/dunstan-heh_37.wav,discomfort,train,2,pitch_shift,"{""steps"":1.047912}",34,15049592963827329279,virtual:aug_6675916416fdba98d72e
aug_ea8a8e19a3c7953a9afa,rec_86e6760be24886dd3199,D:\INFANT CRY\data_set_dbl_split\train\discomfort\4712_M_heh.wav,discomfort/4712_M_heh.wav,discomfort,train,2,pitch_shift,"{""steps"":-1.105754}",35,1221424434620081578,virtual:aug_ea8a8e19a3c7953a9afa
aug_5e32e288971f3285cf75,rec_dffa4febe3cb777a6ec2,D:\INFANT CRY\data_set_dbl_split\train\discomfort\2332_M_heh.wav,discomfort/2332_M_heh.wav,discomfort,train,2,time_stretch,"{""rate"":1.118895}",36,3849497573093612552,virtual:aug_5e32e288971f3285cf75
aug_bd2ca86a5c656c960340,rec_a1bb82b464315dcad4da,D:\INFANT CRY\data_set_dbl_split\train\discomfort\915_M_heh.wav,discomfort/915_M_heh.wav,discomfort,train,2,time_stretch,"{""rate"":0.881988}",37,17854239924681021217,virtual:aug_bd2ca86a5c656c960340
aug_9b6e09083ac0e2ae0ccf,rec_75f5e44678bb0fbe8f9d,D:\INFANT CRY\data_set_dbl_split\train\discomfort\2436_M_heh.wav,discomfort/2436_M_heh.wav,discomfort,train,2,time_shift,"{""fraction"":0.0625846}",38,12142658857074111137,virtual:aug_9b6e09083ac0e2ae0ccf
aug_7a2b2a21c9a46692ed32,rec_51daa75d6cee602ab3c8,D:\INFANT CRY\data_set_dbl_split\train\discomfort\dunstan-heh_29.wav,discomfort/dunstan-heh_29.wav,discomfort,train,2,gaussian_noise,"{""noise_factor"":0.002313526}",39,14357507864919276566,virtual:aug_7a2b2a21c9a46692ed32
aug_cb185145f4bf9a318432,rec_cf665a8d5d04d0e150ed,D:\INFANT CRY\data_set_dbl_split\train\discomfort\3643_M_heh.wav,discomfort/3643_M_heh.wav,discomfort,train,2,pitch_shift,"{""steps"":2.079452}",40,10054644906460165999,virtual:aug_cb185145f4bf9a318432
aug_3ca1738f23d5733221b2,rec_16c3c32dab93b50e898e,D:\INFANT CRY\data_set_dbl_split\train\discomfort\812_F_heh.wav,discomfort/812_F_heh.wav,discomfort,train,2,pitch_shift,"{""steps"":-2.008021}",41,13915815622880298426,virtual:aug_3ca1738f23d5733221b2
aug_09f8a47d90db55ad207c,rec_60d4a3b0d92ddce6aa04,D:\INFANT CRY\data_set_dbl_split\train\discomfort\2345_M_heh.wav,discomfort/2345_M_heh.wav,discomfort,train,2,time_stretch,"{""rate"":1.193564}",42,3725108240131897366,virtual:aug_09f8a47d90db55ad207c
aug_c153ffbce7d0692fc207,rec_e03c385467424eb08738,D:\INFANT CRY\data_set_dbl_split\train\discomfort\dunstan-heh_8.wav,discomfort/dunstan-heh_8.wav,discomfort,train,2,time_stretch,"{""rate"":0.793052}",43,7238315389788121896,virtual:aug_c153ffbce7d0692fc207
aug_4b5b1f4e55496ff98971,rec_128a836f9d7c0c3800f8,D:\INFANT CRY\data_set_dbl_split\train\discomfort\3009_M_heh.wav,discomfort/3009_M_heh.wav,discomfort,train,2,gaussian_noise,"{""noise_factor"":0.004909327}",44,13072062721395888552,virtual:aug_4b5b1f4e55496ff98971
aug_597a0d6242ce5cafeb2b,rec_29ecf264fe494eea58fb,D:\INFANT CRY\data_set_dbl_split\train\discomfort\3984_F_heh.wav,discomfort/3984_F_heh.wav,discomfort,train,2,pitch_shift,"{""steps"":0.866815}",45,12598693078369661254,virtual:aug_597a0d6242ce5cafeb2b
aug_c49515b78ec6a04ce246,rec_0added8756718f697995,D:\INFANT CRY\data_set_dbl_split\train\discomfort\2085_M_heh.wav,discomfort/2085_M_heh.wav,discomfort,train,2,pitch_shift,"{""steps"":-1.01637}",46,5668453891603902966,virtual:aug_c49515b78ec6a04ce246
aug_4aaa510967486dc28c9a,rec_85dab9312e9b8aabaa62,D:\INFANT CRY\data_set_dbl_split\train\discomfort\4756_F_heh.wav,discomfort/4756_F_heh.wav,discomfort,train,2,time_stretch,"{""rate"":1.100181}",47,6969471362278992856,virtual:aug_4aaa510967486dc28c9a
aug_f3f0d4ff70eac5f8a1cc,rec_02ea82f3316cb050f905,D:\INFANT CRY\data_set_dbl_split\train\discomfort\1826_F_heh.wav,discomfort/1826_F_heh.wav,discomfort,train,2,time_stretch,"{""rate"":0.903335}",48,11783699012404247671,virtual:aug_f3f0d4ff70eac5f8a1cc
aug_9f296b9a7b2f21056ff9,rec_4358c2c84f657df97471,D:\INFANT CRY\data_set_dbl_split\train\discomfort\1800_M_heh.wav,discomfort/1800_M_heh.wav,discomfort,train,2,time_shift,"{""fraction"":-0.0596219}",49,2707824352186062266,virtual:aug_9f296b9a7b2f21056ff9
aug_9e1495b62290c3333090,rec_a6c2687f77e0cf79aef3,D:\INFANT CRY\data_set_dbl_split\train\discomfort\3175_F_heh.wav,discomfort/3175_F_heh.wav,discomfort,train,2,gaussian_noise,"{""noise_factor"":0.002734254}",50,5834560767841939701,virtual:aug_9e1495b62290c3333090
aug_05414563fd385cba81f3,rec_ea8217cfae981608c5cf,D:\INFANT CRY\data_set_dbl_split\train\discomfort\1775_M_heh.wav,discomfort/1775_M_heh.wav,discomfort,train,2,pitch_shift,"{""steps"":2.153211}",51,9086870232017251156,virtual:aug_05414563fd385cba81f3
aug_50b5e78be186b30711b9,rec_98b16899c96800087607,D:\INFANT CRY\data_set_dbl_split\train\discomfort\1231_M_heh.wav,discomfort/1231_M_heh.wav,discomfort,train,2,pitch_shift,"{""steps"":-2.079094}",52,5053042527981950275,virtual:aug_50b5e78be186b30711b9
aug_36ec15fe832b93d1040e,rec_b4327cfdcef8a6d08926,D:\INFANT CRY\data_set_dbl_split\train\discomfort\4422_M_heh.wav,discomfort/4422_M_heh.wav,discomfort,train,2,time_stretch,"{""rate"":1.223159}",53,545138199964202053,virtual:aug_36ec15fe832b93d1040e
aug_d29d42b902100006c397,rec_f4d972ce5aa401717524,D:\INFANT CRY\data_set_dbl_split\train\discomfort\dunstan-heh_56.wav,discomfort/dunstan-heh_56.wav,discomfort,train,2,time_stretch,"{""rate"":0.794979}",54,9487747993123468220,virtual:aug_d29d42b902100006c397
aug_f492aa42050cb3e1312b,rec_324edc9ef55f934ac4b2,D:\INFANT CRY\data_set_dbl_split\train\discomfort\2431_M_heh.wav,discomfort/2431_M_heh.wav,discomfort,train,2,gaussian_noise,"{""noise_factor"":0.005671043}",55,7308517579187028590,virtual:aug_f492aa42050cb3e1312b
aug_bae3bc979bc037f76945,rec_535c552a0776b718850f,D:\INFANT CRY\data_set_dbl_split\train\discomfort\1266_M_heh.wav,discomfort/1266_M_heh.wav,discomfort,train,2,pitch_shift,"{""steps"":0.801219}",56,17747504976702463881,virtual:aug_bae3bc979bc037f76945
aug_d2afac6b54695e20ecea,rec_76a42152121fc3becc5b,D:\INFANT CRY\data_set_dbl_split\train\discomfort\3729_M_heh.wav,discomfort/3729_M_heh.wav,discomfort,train,2,pitch_shift,"{""steps"":-1.015615}",57,12257000685260872335,virtual:aug_d2afac6b54695e20ecea
aug_632734fddb75e3ca5572,rec_a7a1cff4c1b04c4a0a73,D:\INFANT CRY\data_set_dbl_split\train\discomfort\3992_M_heh.wav,discomfort/3992_M_heh.wav,discomfort,train,2,time_stretch,"{""rate"":1.086661}",58,1325624480333546529,virtual:aug_632734fddb75e3ca5572
aug_23c90a3ed5df01f4de4c,rec_122140d62463d7d58e24,D:\INFANT CRY\data_set_dbl_split\train\discomfort\3369_F_heh.wav,discomfort/3369_F_heh.wav,discomfort,train,2,time_stretch,"{""rate"":0.882436}",59,11963283589703397040,virtual:aug_23c90a3ed5df01f4de4c
aug_2335130b4c321aa9c2ba,rec_3ceb873c0c1383aaf2d1,D:\INFANT CRY\data_set_dbl_split\train\discomfort\1860_M_heh.wav,discomfort/1860_M_heh.wav,discomfort,train,2,time_shift,"{""fraction"":0.0715253}",60,2184135330043717199,virtual:aug_2335130b4c321aa9c2ba
aug_183bb95a97efed948114,rec_428d00d3f563fd3b0b6f,D:\INFANT CRY\data_set_dbl_split\train\discomfort\dunstan-heh_4.wav,discomfort/dunstan-heh_4.wav,discomfort,train,2,gaussian_noise,"{""noise_factor"":0.002460419}",61,7932526444248660809,virtual:aug_183bb95a97efed948114
aug_8a65b28ecc76f73ecf82,rec_d29795646338e698d6c0,D:\INFANT CRY\data_set_dbl_split\train\discomfort\2416_M_heh.wav,discomfort/2416_M_heh.wav,discomfort,train,2,pitch_shift,"{""steps"":1.809112}",62,15612231272572084533,virtual:aug_8a65b28ecc76f73ecf82
aug_4a66d7b8afbec20fa2fa,rec_545a14847418aadce545,D:\INFANT CRY\data_set_dbl_split\train\discomfort\4253_M_heh.wav,discomfort/4253_M_heh.wav,discomfort,train,2,pitch_shift,"{""steps"":-1.96342}",63,9526388180520297441,virtual:aug_4a66d7b8afbec20fa2fa
aug_627fb1803baf196f1b9e,rec_35ee8ab5d6dd0b87c748,D:\INFANT CRY\data_set_dbl_split\train\discomfort\dunstan-heh_34.wav,discomfort/dunstan-heh_34.wav,discomfort,train,2,time_stretch,"{""rate"":1.177279}",64,12551376074445349576,virtual:aug_627fb1803baf196f1b9e
aug_1e86d25a0a518f78f060,rec_823255df478a0f9da394,D:\INFANT CRY\data_set_dbl_split\train\discomfort\2948_M_heh.wav,discomfort/2948_M_heh.wav,discomfort,train,2,time_stretch,"{""rate"":0.811847}",65,11829380123815962002,virtual:aug_1e86d25a0a518f78f060
aug_dc327f35c8d2cac10e08,rec_db0d984635fb9d6ef729,D:\INFANT CRY\data_set_dbl_split\train\discomfort\dunstan-heh_10.wav,discomfort/dunstan-heh_10.wav,discomfort,train,2,gaussian_noise,"{""noise_factor"":0.005190139}",66,9715348140900776054,virtual:aug_dc327f35c8d2cac10e08
aug_0faaafdb2915949f01dd,rec_333243a7285e8e47127f,D:\INFANT CRY\data_set_dbl_split\train\discomfort\dunstan-heh_1.wav,discomfort/dunstan-heh_1.wav,discomfort,train,2,pitch_shift,"{""steps"":1.110852}",67,2644138533644520535,virtual:aug_0faaafdb2915949f01dd
aug_87534c1a1ff508d1d7a7,rec_9bd40eced9885796e2fa,D:\INFANT CRY\data_set_dbl_split\train\discomfort\4424_F_heh.wav,discomfort/4424_F_heh.wav,discomfort,train,2,pitch_shift,"{""steps"":-1.130306}",68,11970411715323251069,virtual:aug_87534c1a1ff508d1d7a7
aug_35c2337768cc0e9c46a9,rec_8e8cba3c6a2d7b965e01,D:\INFANT CRY\data_set_dbl_split\train\discomfort\4203_M_heh.wav,discomfort/4203_M_heh.wav,discomfort,train,2,time_stretch,"{""rate"":1.113914}",69,15750640544935442476,virtual:aug_35c2337768cc0e9c46a9
aug_a02b65e67643d666db5f,rec_8c9bd93d6cae8287536e,D:\INFANT CRY\data_set_dbl_split\train\discomfort\2802_M_heh.wav,discomfort/2802_M_heh.wav,discomfort,train,2,time_stretch,"{""rate"":0.915127}",70,5647696473127453692,virtual:aug_a02b65e67643d666db5f
aug_5d38f70290813585fe2e,rec_c3478edae2c382b946fe,D:\INFANT CRY\data_set_dbl_split\train\discomfort\1189_F_heh.wav,discomfort/1189_F_heh.wav,discomfort,train,2,time_shift,"{""fraction"":0.006512}",71,474051730585994674,virtual:aug_5d38f70290813585fe2e
aug_3234fe2b351ad269922a,rec_4c06d158e10c7b910785,D:\INFANT CRY\data_set_dbl_split\train\discomfort\2612_M_heh.wav,discomfort/2612_M_heh.wav,discomfort,train,2,gaussian_noise,"{""noise_factor"":0.002846297}",72,8645704579348988731,virtual:aug_3234fe2b351ad269922a
aug_82ebd1c7bed5518c0d44,rec_f764034287a4370b136d,D:\INFANT CRY\data_set_dbl_split\train\discomfort\4290_F_heh.wav,discomfort/4290_F_heh.wav,discomfort,train,2,pitch_shift,"{""steps"":2.1781}",73,1544735234473771330,virtual:aug_82ebd1c7bed5518c0d44
aug_b9811302fc30c7ef7716,rec_542e505927d446598565,D:\INFANT CRY\data_set_dbl_split\train\discomfort\3815_F_heh.wav,discomfort/3815_F_heh.wav,discomfort,train,2,pitch_shift,"{""steps"":-2.032157}",74,13475143243714739896,virtual:aug_b9811302fc30c7ef7716
aug_0b943644faa06290edc4,rec_6456e2ce88a30a623868,D:\INFANT CRY\data_set_dbl_split\train\discomfort\dunstan-heh_39.wav,discomfort/dunstan-heh_39.wav,discomfort,train,2,time_stretch,"{""rate"":1.197707}",75,14286513888424623864,virtual:aug_0b943644faa06290edc4
aug_3493534855e0d5119512,rec_aeb79fc9b0c45b64f93c,D:\INFANT CRY\data_set_dbl_split\train\discomfort\4790_M_heh.wav,discomfort/4790_M_heh.wav,discomfort,train,2,time_stretch,"{""rate"":0.821434}",76,9530401887017101232,virtual:aug_3493534855e0d5119512
aug_6960ec072201bdb1c094,rec_970de6b0b559a331bcc5,D:\INFANT CRY\data_set_dbl_split\train\discomfort\4977_M_heh.wav,discomfort/4977_M_heh.wav,discomfort,train,2,gaussian_noise,"{""noise_factor"":0.00546583}",77,312438917348912454,virtual:aug_6960ec072201bdb1c094
aug_7c1b4e989b22c562101d,rec_a446a8a4d062af8dda1b,D:\INFANT CRY\data_set_dbl_split\train\discomfort\dunstan-heh_15.wav,discomfort/dunstan-heh_15.wav,discomfort,train,2,pitch_shift,"{""steps"":0.974289}",78,978447894373370038,virtual:aug_7c1b4e989b22c562101d
aug_8e01455e53d9a31b1d19,rec_33f6d238ac51ca9e5758,D:\INFANT CRY\data_set_dbl_split\train\discomfort\3623_F_heh.wav,discomfort/3623_F_heh.wav,discomfort,train,2,pitch_shift,"{""steps"":-1.156362}",79,3644124544749048947,virtual:aug_8e01455e53d9a31b1d19
aug_6f720aa07f94c30d5778,rec_c66c61c76109180f4ea4,D:\INFANT CRY\data_set_dbl_split\train\discomfort\592_M_heh.wav,discomfort/592_M_heh.wav,discomfort,train,2,time_stretch,"{""rate"":1.111156}",80,4134403118165725710,virtual:aug_6f720aa07f94c30d5778
aug_741585f94932d56d2483,rec_7025af523ff923b12389,D:\INFANT CRY\data_set_dbl_split\train\discomfort\3499_M_heh.wav,discomfort/3499_M_heh.wav,discomfort,train,2,time_stretch,"{""rate"":0.904114}",81,2118289487018721585,virtual:aug_741585f94932d56d2483
aug_f1d20b05ca217ff1145f,rec_c28fa0cb46f2cf6051d8,D:\INFANT CRY\data_set_dbl_split\train\discomfort\dunstan-heh_18.wav,discomfort/dunstan-heh_18.wav,discomfort,train,2,time_shift,"{""fraction"":0.0637037}",82,1799971199682337562,virtual:aug_f1d20b05ca217ff1145f
aug_bd6d1af6df1021e519b2,rec_130b876cf3e8042dbaaf,D:\INFANT CRY\data_set_dbl_split\train\discomfort\dunstan-heh_5.wav,discomfort/dunstan-heh_5.wav,discomfort,train,2,gaussian_noise,"{""noise_factor"":0.002840365}",83,4538703338770752211,virtual:aug_bd6d1af6df1021e519b2
aug_63084f22e63dcf857029,rec_a6a97d51ada1af8e637e,D:\INFANT CRY\data_set_dbl_split\train\discomfort\3989_M_heh.wav,discomfort/3989_M_heh.wav,discomfort,train,2,pitch_shift,"{""steps"":1.851729}",84,14074249679551828013,virtual:aug_63084f22e63dcf857029
aug_434b5439ccc487deb1bf,rec_c30ffcebec910157af48,D:\INFANT CRY\data_set_dbl_split\train\discomfort\1196_M_heh.wav,discomfort/1196_M_heh.wav,discomfort,train,2,pitch_shift,"{""steps"":-2.171241}",85,7646480321160769552,virtual:aug_434b5439ccc487deb1bf
aug_357ab963f9de7571283a,rec_01d818a8f633482ae893,D:\INFANT CRY\data_set_dbl_split\train\discomfort\2800_M_heh.wav,discomfort/2800_M_heh.wav,discomfort,train,2,time_stretch,"{""rate"":1.182248}",86,7826932695831133734,virtual:aug_357ab963f9de7571283a
aug_0670fc904a52a43a15fe,rec_0655eee816f825bf3d59,D:\INFANT CRY\data_set_dbl_split\train\discomfort\2814_F_heh.wav,discomfort/2814_F_heh.wav,discomfort,train,2,time_stretch,"{""rate"":0.811193}",87,10437321996513924548,virtual:aug_0670fc904a52a43a15fe
aug_8e23ccc60db292a6c344,rec_3f52b4d2fc987b097465,D:\INFANT CRY\data_set_dbl_split\train\discomfort\362_M_heh.wav,discomfort/362_M_heh.wav,discomfort,train,2,gaussian_noise,"{""noise_factor"":0.005236239}",88,8290889802871388788,virtual:aug_8e23ccc60db292a6c344
aug_912600340381d3ddc685,rec_158ce180cdd2526ffa91,D:\INFANT CRY\data_set_dbl_split\train\discomfort\2895_M_heh.wav,discomfort/2895_M_heh.wav,discomfort,train,2,pitch_shift,"{""steps"":0.834525}",89,17449868793244491234,virtual:aug_912600340381d3ddc685
aug_3749bd33e81f8367a16e,rec_270278ab42fbf19a6468,D:\INFANT CRY\data_set_dbl_split\train\discomfort\3715_M_heh.wav,discomfort/3715_M_heh.wav,discomfort,train,2,pitch_shift,"{""steps"":-0.926739}",90,16215022016407281047,virtual:aug_3749bd33e81f8367a16e
aug_57be6326fcafba7de6dd,rec_6bbd0237afd88cf9b3c1,D:\INFANT CRY\data_set_dbl_split\train\discomfort\3795_M_heh.wav,discomfort/3795_M_heh.wav,discomfort,train,2,time_stretch,"{""rate"":1.103179}",91,2711536480108424367,virtual:aug_57be6326fcafba7de6dd
aug_407d89d281b2123bafd3,rec_96e032ce543e45616669,D:\INFANT CRY\data_set_dbl_split\train\discomfort\2011_M_heh.wav,discomfort/2011_M_heh.wav,discomfort,train,2,time_stretch,"{""rate"":0.920562}",92,5238499164398347980,virtual:aug_407d89d281b2123bafd3
aug_6fe9af99ab6c0b50d3de,rec_91afffc62993be071030,D:\INFANT CRY\data_set_dbl_split\train\discomfort\2535_M_heh.wav,discomfort/2535_M_heh.wav,discomfort,train,2,time_shift,"{""fraction"":0.0607484}",93,12474546447204476870,virtual:aug_6fe9af99ab6c0b50d3de
aug_ec06342ecedc78ea3af0,rec_3ea9d39bb4edc68fdf50,D:\INFANT CRY\data_set_dbl_split\train\discomfort\3719_M_heh.wav,discomfort/3719_M_heh.wav,discomfort,train,2,gaussian_noise,"{""noise_factor"":0.002760141}",94,11320434507643113466,virtual:aug_ec06342ecedc78ea3af0
aug_61c5f5cbb417a7710fe6,rec_c95f02818a4bfa9ef8b9,D:\INFANT CRY\data_set_dbl_split\train\discomfort\4041_M_heh.wav,discomfort/4041_M_heh.wav,discomfort,train,2,pitch_shift,"{""steps"":2.08489}",95,10805476213632897428,virtual:aug_61c5f5cbb417a7710fe6
aug_d7c73a8068b10090e799,rec_812b51427c3184c41a51,D:\INFANT CRY\data_set_dbl_split\train\discomfort\3305_M_heh.wav,discomfort/3305_M_heh.wav,discomfort,train,2,pitch_shift,"{""steps"":-2.037248}",96,8147333540359527730,virtual:aug_d7c73a8068b10090e799
aug_9f2156ffc5f6da456053,rec_47ad8a2ec8f931f1904d,D:\INFANT CRY\data_set_dbl_split\train\discomfort\dunstan-heh_13.wav,discomfort/dunstan-heh_13.wav,discomfort,train,2,time_stretch,"{""rate"":1.224911}",97,7205940631300991456,virtual:aug_9f2156ffc5f6da456053
aug_715cc7e19965c6d9cc30,rec_8531260c58ed47ae96f8,D:\INFANT CRY\data_set_dbl_split\train\discomfort\2588_F_heh.wav,discomfort/2588_F_heh.wav,discomfort,train,2,time_stretch,"{""rate"":0.807964}",98,6669486764259020622,virtual:aug_715cc7e19965c6d9cc30
aug_adbd5607a1523bf75767,rec_b2b046ee6befacc1736f,D:\INFANT CRY\data_set_dbl_split\train\discomfort\595_M_heh.wav,discomfort/595_M_heh.wav,discomfort,train,2,gaussian_noise,"{""noise_factor"":0.004724859}",99,12535898806399131322,virtual:aug_adbd5607a1523bf75767
aug_bd3f899d8ebc77e0527d,rec_5dd030b8afd73faf7e6d,D:\INFANT CRY\data_set_dbl_split\train\discomfort\dunstan-heh_48.wav,discomfort/dunstan-heh_48.wav,discomfort,train,2,pitch_shift,"{""steps"":1.079367}",100,13893474355918479068,virtual:aug_bd3f899d8ebc77e0527d
aug_7ecd53021345c1302d3b,rec_8d9f61ce303defbfc361,D:\INFANT CRY\data_set_dbl_split\train\discomfort\3409_M_heh.wav,discomfort/3409_M_heh.wav,discomfort,train,2,pitch_shift,"{""steps"":-0.812176}",101,12280639606462830040,virtual:aug_7ecd53021345c1302d3b
aug_d3c7984a792100f6daac,rec_36666c11c2fd31a59262,D:\INFANT CRY\data_set_dbl_split\train\discomfort\86_F_heh.wav,discomfort/86_F_heh.wav,discomfort,train,2,time_stretch,"{""rate"":1.10808}",102,1485676768453279233,virtual:aug_d3c7984a792100f6daac
aug_b5dcd0eb1661f1d7046a,rec_c5ca2cddf85a72e0dc56,D:\INFANT CRY\data_set_dbl_split\train\discomfort\4782_M_heh.wav,discomfort/4782_M_heh.wav,discomfort,train,2,time_stretch,"{""rate"":0.88656}",103,9615546315087311596,virtual:aug_b5dcd0eb1661f1d7046a
aug_cc94cff5493088e7ca69,rec_aafac0f86f7d823eb681,D:\INFANT CRY\data_set_dbl_split\train\discomfort\2856_M_heh.wav,discomfort/2856_M_heh.wav,discomfort,train,2,time_shift,"{""fraction"":-0.0682839}",104,5631096424750970154,virtual:aug_cc94cff5493088e7ca69
aug_c9db59c8ee8c38b1bfb6,rec_37d2c4c05305ba71470e,D:\INFANT CRY\data_set_dbl_split\train\discomfort\902_M_heh.wav,discomfort/902_M_heh.wav,discomfort,train,2,gaussian_noise,"{""noise_factor"":0.002813586}",105,4567429698206254172,virtual:aug_c9db59c8ee8c38b1bfb6
aug_b4f7c92a952a3e088090,rec_43d212cc278f3fa7f39d,D:\INFANT CRY\data_set_dbl_split\train\discomfort\2128_M_heh.wav,discomfort/2128_M_heh.wav,discomfort,train,2,pitch_shift,"{""steps"":1.986736}",106,6869065906718123866,virtual:aug_b4f7c92a952a3e088090
aug_7a7d7d83b055bb9882eb,rec_6eb0928d100be618ab76,D:\INFANT CRY\data_set_dbl_split\train\discomfort\3451_M_heh.wav,discomfort/3451_M_heh.wav,discomfort,train,2,pitch_shift,"{""steps"":-2.013734}",107,5862840852156937872,virtual:aug_7a7d7d83b055bb9882eb
aug_cce4779b9053b2892cfc,rec_9362bfdd724c2e4f3f5f,D:\INFANT CRY\data_set_dbl_split\train\discomfort\dunstan-heh_21.wav,discomfort/dunstan-heh_21.wav,discomfort,train,2,time_stretch,"{""rate"":1.203991}",108,10509628230121403205,virtual:aug_cce4779b9053b2892cfc
aug_80471067e3e49cc4ce93,rec_9185eef7e2aecebfb720,D:\INFANT CRY\data_set_dbl_split\train\discomfort\735_M_heh.wav,discomfort/735_M_heh.wav,discomfort,train,2,time_stretch,"{""rate"":0.798845}",109,6887500798720249246,virtual:aug_80471067e3e49cc4ce93
aug_cabf5d5c28a7af7443c5,rec_fecba998d290d42023e8,D:\INFANT CRY\data_set_dbl_split\train\discomfort\2928_M_heh.wav,discomfort/2928_M_heh.wav,discomfort,train,2,gaussian_noise,"{""noise_factor"":0.00521278}",110,16176122819055665968,virtual:aug_cabf5d5c28a7af7443c5
aug_c103eb8270d15d5059d9,rec_6078ad0e8ea8a14799ba,D:\INFANT CRY\data_set_dbl_split\train\discomfort\4825_M_heh.wav,discomfort/4825_M_heh.wav,discomfort,train,2,pitch_shift,"{""steps"":0.872996}",111,4152632571097005614,virtual:aug_c103eb8270d15d5059d9
aug_06584c14639e7f8d0c50,rec_f4d28e0fc9542a590b34,D:\INFANT CRY\data_set_dbl_split\train\discomfort\3844_M_heh.wav,discomfort/3844_M_heh.wav,discomfort,train,2,pitch_shift,"{""steps"":-1.18533}",112,11729683677354766722,virtual:aug_06584c14639e7f8d0c50
aug_f359059e7c9eab2a0749,rec_6ad89027638c1a776894,D:\INFANT CRY\data_set_dbl_split\train\discomfort\4228_M_heh.wav,discomfort/4228_M_heh.wav,discomfort,train,2,time_stretch,"{""rate"":1.1207}",113,8271052262178808746,virtual:aug_f359059e7c9eab2a0749
aug_390245b154660463199e,rec_d252f8e43bac8a94460c,D:\INFANT CRY\data_set_dbl_split\train\discomfort\1656_M_heh.wav,discomfort/1656_M_heh.wav,discomfort,train,2,time_stretch,"{""rate"":0.891537}",114,18147326016838985633,virtual:aug_390245b154660463199e
aug_f84994f2c37442701e0e,rec_52da117b101c516c1c42,D:\INFANT CRY\data_set_dbl_split\train\discomfort\4262_M_heh.wav,discomfort/4262_M_heh.wav,discomfort,train,2,time_shift,"{""fraction"":0.0838443}",115,14551360910366101628,virtual:aug_f84994f2c37442701e0e
aug_7bec636208d2c2efdfd2,rec_b68a18d4d619ff02538e,D:\INFANT CRY\data_set_dbl_split\train\discomfort\1534_M_heh.wav,discomfort/1534_M_heh.wav,discomfort,train,2,gaussian_noise,"{""noise_factor"":0.002807182}",116,5164242311764724145,virtual:aug_7bec636208d2c2efdfd2
aug_7d68f6bdd5b40e4627a8,rec_1e1cf13b4d1b84eb706c,D:\INFANT CRY\data_set_dbl_split\train\discomfort\dunstan-heh_37.wav,discomfort/dunstan-heh_37.wav,discomfort,train,2,pitch_shift,"{""steps"":2.1737}",117,15890702375757953481,virtual:aug_7d68f6bdd5b40e4627a8
aug_ebb290992a808638db5e,rec_86e6760be24886dd3199,D:\INFANT CRY\data_set_dbl_split\train\discomfort\4712_M_heh.wav,discomfort/4712_M_heh.wav,discomfort,train,2,pitch_shift,"{""steps"":-1.881993}",118,2198310621944065656,virtual:aug_ebb290992a808638db5e
aug_c976251fd7f0b72a4c0f,rec_dffa4febe3cb777a6ec2,D:\INFANT CRY\data_set_dbl_split\train\discomfort\2332_M_heh.wav,discomfort/2332_M_heh.wav,discomfort,train,2,time_stretch,"{""rate"":1.217288}",119,2856080310930974428,virtual:aug_c976251fd7f0b72a4c0f
aug_94fcc31c392c85ee55eb,rec_a1bb82b464315dcad4da,D:\INFANT CRY\data_set_dbl_split\train\discomfort\915_M_heh.wav,discomfort/915_M_heh.wav,discomfort,train,2,time_stretch,"{""rate"":0.8086}",120,2611214419117230209,virtual:aug_94fcc31c392c85ee55eb
aug_b605d0b9dd6037315cd6,rec_75f5e44678bb0fbe8f9d,D:\INFANT CRY\data_set_dbl_split\train\discomfort\2436_M_heh.wav,discomfort/2436_M_heh.wav,discomfort,train,2,gaussian_noise,"{""noise_factor"":0.004583673}",121,14908154700952868007,virtual:aug_b605d0b9dd6037315cd6
aug_ca345098b18ed17a3c7e,rec_51daa75d6cee602ab3c8,D:\INFANT CRY\data_set_dbl_split\train\discomfort\dunstan-heh_29.wav,discomfort/dunstan-heh_29.wav,discomfort,train,2,pitch_shift,"{""steps"":1.183209}",122,16019822582140760249,virtual:aug_ca345098b18ed17a3c7e
aug_e89dcd76ab8aa65ea183,rec_cf665a8d5d04d0e150ed,D:\INFANT CRY\data_set_dbl_split\train\discomfort\3643_M_heh.wav,discomfort/3643_M_heh.wav,discomfort,train,2,pitch_shift,"{""steps"":-0.809054}",123,1939604220453963223,virtual:aug_e89dcd76ab8aa65ea183
aug_e78393c2c9d9f79b341c,rec_16c3c32dab93b50e898e,D:\INFANT CRY\data_set_dbl_split\train\discomfort\812_F_heh.wav,discomfort/812_F_heh.wav,discomfort,train,2,time_stretch,"{""rate"":1.085247}",124,7720657707202252734,virtual:aug_e78393c2c9d9f79b341c
aug_07cbbc95b82d16c84be3,rec_60d4a3b0d92ddce6aa04,D:\INFANT CRY\data_set_dbl_split\train\discomfort\2345_M_heh.wav,discomfort/2345_M_heh.wav,discomfort,train,2,time_stretch,"{""rate"":0.903082}",125,5879078658822795977,virtual:aug_07cbbc95b82d16c84be3
aug_f1330560adb7df26e35b,rec_e03c385467424eb08738,D:\INFANT CRY\data_set_dbl_split\train\discomfort\dunstan-heh_8.wav,discomfort/dunstan-heh_8.wav,discomfort,train,2,time_shift,"{""fraction"":-0.0094929}",126,16790980668550305626,virtual:aug_f1330560adb7df26e35b
aug_cd3a2b96852be795a66d,rec_128a836f9d7c0c3800f8,D:\INFANT CRY\data_set_dbl_split\train\discomfort\3009_M_heh.wav,discomfort/3009_M_heh.wav,discomfort,train,2,gaussian_noise,"{""noise_factor"":0.002399979}",127,1539467461897699423,virtual:aug_cd3a2b96852be795a66d
aug_786d1cc7aecc0219a490,rec_29ecf264fe494eea58fb,D:\INFANT CRY\data_set_dbl_split\train\discomfort\3984_F_heh.wav,discomfort/3984_F_heh.wav,discomfort,train,2,pitch_shift,"{""steps"":2.066823}",128,2932085403722149032,virtual:aug_786d1cc7aecc0219a490
aug_ff34ead9864918885a81,rec_0added8756718f697995,D:\INFANT CRY\data_set_dbl_split\train\discomfort\2085_M_heh.wav,discomfort/2085_M_heh.wav,discomfort,train,2,pitch_shift,"{""steps"":-2.17651}",129,16526806588499516612,virtual:aug_ff34ead9864918885a81
aug_df9ed7ce2a2bb257ec07,rec_85dab9312e9b8aabaa62,D:\INFANT CRY\data_set_dbl_split\train\discomfort\4756_F_heh.wav,discomfort/4756_F_heh.wav,discomfort,train,2,time_stretch,"{""rate"":1.191232}",130,6440874024571355274,virtual:aug_df9ed7ce2a2bb257ec07
aug_d282797c6f993c9cf72f,rec_02ea82f3316cb050f905,D:\INFANT CRY\data_set_dbl_split\train\discomfort\1826_F_heh.wav,discomfort/1826_F_heh.wav,discomfort,train,2,time_stretch,"{""rate"":0.780501}",131,12527052238377473106,virtual:aug_d282797c6f993c9cf72f
aug_d23927e2642d8bec904a,rec_4358c2c84f657df97471,D:\INFANT CRY\data_set_dbl_split\train\discomfort\1800_M_heh.wav,discomfort/1800_M_heh.wav,discomfort,train,2,gaussian_noise,"{""noise_factor"":0.005536644}",132,16391505551533240104,virtual:aug_d23927e2642d8bec904a
aug_eb29e4f86e393c2ab30e,rec_a6c2687f77e0cf79aef3,D:\INFANT CRY\data_set_dbl_split\train\discomfort\3175_F_heh.wav,discomfort/3175_F_heh.wav,discomfort,train,2,pitch_shift,"{""steps"":1.063807}",133,7177770918680786158,virtual:aug_eb29e4f86e393c2ab30e
aug_23ae11f6655ee4459032,rec_ea8217cfae981608c5cf,D:\INFANT CRY\data_set_dbl_split\train\discomfort\1775_M_heh.wav,discomfort/1775_M_heh.wav,discomfort,train,2,pitch_shift,"{""steps"":-1.047204}",134,522562571674283955,virtual:aug_23ae11f6655ee4459032
aug_f41546d10d596e798ea0,rec_98b16899c96800087607,D:\INFANT CRY\data_set_dbl_split\train\discomfort\1231_M_heh.wav,discomfort/1231_M_heh.wav,discomfort,train,2,time_stretch,"{""rate"":1.107829}",135,5206970176466949756,virtual:aug_f41546d10d596e798ea0
aug_a87fa9413937db125103,rec_b4327cfdcef8a6d08926,D:\INFANT CRY\data_set_dbl_split\train\discomfort\4422_M_heh.wav,discomfort/4422_M_heh.wav,discomfort,train,2,time_stretch,"{""rate"":0.904793}",136,16654196135539663584,virtual:aug_a87fa9413937db125103
aug_db4f75e91ea3d85eabe6,rec_f4d972ce5aa401717524,D:\INFANT CRY\data_set_dbl_split\train\discomfort\dunstan-heh_56.wav,discomfort/dunstan-heh_56.wav,discomfort,train,2,time_shift,"{""fraction"":-0.0895594}",137,13989424923943935783,virtual:aug_db4f75e91ea3d85eabe6
aug_9f5e7dbc5bb0425d1b00,rec_324edc9ef55f934ac4b2,D:\INFANT CRY\data_set_dbl_split\train\discomfort\2431_M_heh.wav,discomfort/2431_M_heh.wav,discomfort,train,2,gaussian_noise,"{""noise_factor"":0.002543046}",138,409347014198940239,virtual:aug_9f5e7dbc5bb0425d1b00
aug_2d4132ff4366a6e60ae8,rec_535c552a0776b718850f,D:\INFANT CRY\data_set_dbl_split\train\discomfort\1266_M_heh.wav,discomfort/1266_M_heh.wav,discomfort,train,2,pitch_shift,"{""steps"":1.816242}",139,18071240727071189209,virtual:aug_2d4132ff4366a6e60ae8
aug_bde1355f38f4be3b1404,rec_76a42152121fc3becc5b,D:\INFANT CRY\data_set_dbl_split\train\discomfort\3729_M_heh.wav,discomfort/3729_M_heh.wav,discomfort,train,2,pitch_shift,"{""steps"":-1.830047}",140,10472593244150804014,virtual:aug_bde1355f38f4be3b1404
aug_145cb35d3c7a2b4290d1,rec_a7a1cff4c1b04c4a0a73,D:\INFANT CRY\data_set_dbl_split\train\discomfort\3992_M_heh.wav,discomfort/3992_M_heh.wav,discomfort,train,2,time_stretch,"{""rate"":1.203271}",141,24145256077594282,virtual:aug_145cb35d3c7a2b4290d1
aug_d2972c33b5d1c0be8184,rec_122140d62463d7d58e24,D:\INFANT CRY\data_set_dbl_split\train\discomfort\3369_F_heh.wav,discomfort/3369_F_heh.wav,discomfort,train,2,time_stretch,"{""rate"":0.80366}",142,4043764577201858688,virtual:aug_d2972c33b5d1c0be8184
aug_2cc22189c9ff772e23fb,rec_3ceb873c0c1383aaf2d1,D:\INFANT CRY\data_set_dbl_split\train\discomfort\1860_M_heh.wav,discomfort/1860_M_heh.wav,discomfort,train,2,gaussian_noise,"{""noise_factor"":0.005029236}",143,10627421754749501420,virtual:aug_2cc22189c9ff772e23fb
aug_1f6a582196d64a66738b,rec_428d00d3f563fd3b0b6f,D:\INFANT CRY\data_set_dbl_split\train\discomfort\dunstan-heh_4.wav,discomfort/dunstan-heh_4.wav,discomfort,train,2,pitch_shift,"{""steps"":1.080419}",144,1846318668564575698,virtual:aug_1f6a582196d64a66738b
aug_4a3e6241c4fe6e4ccfc2,rec_d29795646338e698d6c0,D:\INFANT CRY\data_set_dbl_split\train\discomfort\2416_M_heh.wav,discomfort/2416_M_heh.wav,discomfort,train,2,pitch_shift,"{""steps"":-1.183707}",145,17640265872120772092,virtual:aug_4a3e6241c4fe6e4ccfc2
aug_fd8f21e013f4fa0a6e7c,rec_545a14847418aadce545,D:\INFANT CRY\data_set_dbl_split\train\discomfort\4253_M_heh.wav,discomfort/4253_M_heh.wav,discomfort,train,2,time_stretch,"{""rate"":1.107458}",146,1707351346183486931,virtual:aug_fd8f21e013f4fa0a6e7c
aug_f1cbc4df0b60b0356a08,rec_35ee8ab5d6dd0b87c748,D:\INFANT CRY\data_set_dbl_split\train\discomfort\dunstan-heh_34.wav,discomfort/dunstan-heh_34.wav,discomfort,train,2,time_stretch,"{""rate"":0.916262}",147,7707861251842775660,virtual:aug_f1cbc4df0b60b0356a08
aug_4cca9a9a0fa351159140,rec_823255df478a0f9da394,D:\INFANT CRY\data_set_dbl_split\train\discomfort\2948_M_heh.wav,discomfort/2948_M_heh.wav,discomfort,train,2,time_shift,"{""fraction"":-0.0841054}",148,16040434886450718766,virtual:aug_4cca9a9a0fa351159140
aug_97360f5160a27a19cb7f,rec_db0d984635fb9d6ef729,D:\INFANT CRY\data_set_dbl_split\train\discomfort\dunstan-heh_10.wav,discomfort/dunstan-heh_10.wav,discomfort,train,2,gaussian_noise,"{""noise_factor"":0.002179541}",149,10942252298688562128,virtual:aug_97360f5160a27a19cb7f
aug_8bee9fabde59e36ae9a5,rec_333243a7285e8e47127f,D:\INFANT CRY\data_set_dbl_split\train\discomfort\dunstan-heh_1.wav,discomfort/dunstan-heh_1.wav,discomfort,train,2,pitch_shift,"{""steps"":1.853859}",150,4534409312459918596,virtual:aug_8bee9fabde59e36ae9a5
aug_9b27a1d8bf74bc9adb2e,rec_9bd40eced9885796e2fa,D:\INFANT CRY\data_set_dbl_split\train\discomfort\4424_F_heh.wav,discomfort/4424_F_heh.wav,discomfort,train,2,pitch_shift,"{""steps"":-2.035636}",151,2842655896179204887,virtual:aug_9b27a1d8bf74bc9adb2e
aug_345b80d68484deb647eb,rec_8e8cba3c6a2d7b965e01,D:\INFANT CRY\data_set_dbl_split\train\discomfort\4203_M_heh.wav,discomfort/4203_M_heh.wav,discomfort,train,2,time_stretch,"{""rate"":1.189885}",152,3167966796258187121,virtual:aug_345b80d68484deb647eb
aug_2a356f9978730222519a,rec_8c9bd93d6cae8287536e,D:\INFANT CRY\data_set_dbl_split\train\discomfort\2802_M_heh.wav,discomfort/2802_M_heh.wav,discomfort,train,2,time_stretch,"{""rate"":0.813591}",153,16269754698857312048,virtual:aug_2a356f9978730222519a
aug_c4b8f4a11a62e0960c5c,rec_c3478edae2c382b946fe,D:\INFANT CRY\data_set_dbl_split\train\discomfort\1189_F_heh.wav,discomfort/1189_F_heh.wav,discomfort,train,2,gaussian_noise,"{""noise_factor"":0.005349474}",154,1122877128866442097,virtual:aug_c4b8f4a11a62e0960c5c
aug_12eee80995793c23da09,rec_4c06d158e10c7b910785,D:\INFANT CRY\data_set_dbl_split\train\discomfort\2612_M_heh.wav,discomfort/2612_M_heh.wav,discomfort,train,2,pitch_shift,"{""steps"":0.926605}",155,14778393578943843398,virtual:aug_12eee80995793c23da09
aug_2a2accd2a8defa9b3432,rec_f764034287a4370b136d,D:\INFANT CRY\data_set_dbl_split\train\discomfort\4290_F_heh.wav,discomfort/4290_F_heh.wav,discomfort,train,2,pitch_shift,"{""steps"":-0.925076}",156,3694512944805435808,virtual:aug_2a2accd2a8defa9b3432
aug_e6691e65500538c01b13,rec_542e505927d446598565,D:\INFANT CRY\data_set_dbl_split\train\discomfort\3815_F_heh.wav,discomfort/3815_F_heh.wav,discomfort,train,2,time_stretch,"{""rate"":1.096148}",157,12836445703786181000,virtual:aug_e6691e65500538c01b13
aug_495fbfe61d30a863b734,rec_6456e2ce88a30a623868,D:\INFANT CRY\data_set_dbl_split\train\discomfort\dunstan-heh_39.wav,discomfort/dunstan-heh_39.wav,discomfort,train,2,time_stretch,"{""rate"":0.895546}",158,9531063217069938982,virtual:aug_495fbfe61d30a863b734
aug_af7925eddf5eeef4a5ac,rec_aeb79fc9b0c45b64f93c,D:\INFANT CRY\data_set_dbl_split\train\discomfort\4790_M_heh.wav,discomfort/4790_M_heh.wav,discomfort,train,2,time_shift,"{""fraction"":0.0376306}",159,7229594455679283171,virtual:aug_af7925eddf5eeef4a5ac
aug_9e734d8ea78872db2935,rec_970de6b0b559a331bcc5,D:\INFANT CRY\data_set_dbl_split\train\discomfort\4977_M_heh.wav,discomfort/4977_M_heh.wav,discomfort,train,2,gaussian_noise,"{""noise_factor"":0.002221398}",160,6789824079960413487,virtual:aug_9e734d8ea78872db2935
aug_06cda26f4480213e55a4,rec_a446a8a4d062af8dda1b,D:\INFANT CRY\data_set_dbl_split\train\discomfort\dunstan-heh_15.wav,discomfort/dunstan-heh_15.wav,discomfort,train,2,pitch_shift,"{""steps"":2.188734}",161,7859381573031833623,virtual:aug_06cda26f4480213e55a4
aug_e9fd29fae7de995a4b59,rec_33f6d238ac51ca9e5758,D:\INFANT CRY\data_set_dbl_split\train\discomfort\3623_F_heh.wav,discomfort/3623_F_heh.wav,discomfort,train,2,pitch_shift,"{""steps"":-2.088121}",162,2622784616880654733,virtual:aug_e9fd29fae7de995a4b59
aug_0600de6f3d2eb12cdb1a,rec_c66c61c76109180f4ea4,D:\INFANT CRY\data_set_dbl_split\train\discomfort\592_M_heh.wav,discomfort/592_M_heh.wav,discomfort,train,2,time_stretch,"{""rate"":1.203106}",163,5286870525973198096,virtual:aug_0600de6f3d2eb12cdb1a
aug_80c8b0dad27fd94edbc8,rec_7025af523ff923b12389,D:\INFANT CRY\data_set_dbl_split\train\discomfort\3499_M_heh.wav,discomfort/3499_M_heh.wav,discomfort,train,2,time_stretch,"{""rate"":0.82125}",164,9929528991950204625,virtual:aug_80c8b0dad27fd94edbc8
aug_3189240c5543d743379e,rec_c28fa0cb46f2cf6051d8,D:\INFANT CRY\data_set_dbl_split\train\discomfort\dunstan-heh_18.wav,discomfort/dunstan-heh_18.wav,discomfort,train,2,gaussian_noise,"{""noise_factor"":0.004371075}",165,17711016566560639614,virtual:aug_3189240c5543d743379e
aug_526ba4b9bf34cf52ed41,rec_130b876cf3e8042dbaaf,D:\INFANT CRY\data_set_dbl_split\train\discomfort\dunstan-heh_5.wav,discomfort/dunstan-heh_5.wav,discomfort,train,2,pitch_shift,"{""steps"":0.813829}",166,2960201390670231523,virtual:aug_526ba4b9bf34cf52ed41
aug_c83c807781da53d3a53e,rec_a6a97d51ada1af8e637e,D:\INFANT CRY\data_set_dbl_split\train\discomfort\3989_M_heh.wav,discomfort/3989_M_heh.wav,discomfort,train,2,pitch_shift,"{""steps"":-1.135133}",167,841162537693048478,virtual:aug_c83c807781da53d3a53e
aug_ab6ccb60c829abd1cb90,rec_c30ffcebec910157af48,D:\INFANT CRY\data_set_dbl_split\train\discomfort\1196_M_heh.wav,discomfort/1196_M_heh.wav,discomfort,train,2,time_stretch,"{""rate"":1.090152}",168,10419329115990359089,virtual:aug_ab6ccb60c829abd1cb90
aug_b81842e0b9b864c2b583,rec_01d818a8f633482ae893,D:\INFANT CRY\data_set_dbl_split\train\discomfort\2800_M_heh.wav,discomfort/2800_M_heh.wav,discomfort,train,2,time_stretch,"{""rate"":0.883691}",169,12911516876513450727,virtual:aug_b81842e0b9b864c2b583
aug_9b141679507ecb582dba,rec_0655eee816f825bf3d59,D:\INFANT CRY\data_set_dbl_split\train\discomfort\2814_F_heh.wav,discomfort/2814_F_heh.wav,discomfort,train,2,time_shift,"{""fraction"":0.0172433}",170,2430606063829354627,virtual:aug_9b141679507ecb582dba
aug_1e0fe9bd2603beafcfd7,rec_3f52b4d2fc987b097465,D:\INFANT CRY\data_set_dbl_split\train\discomfort\362_M_heh.wav,discomfort/362_M_heh.wav,discomfort,train,2,gaussian_noise,"{""noise_factor"":0.002185703}",171,15624526839258264491,virtual:aug_1e0fe9bd2603beafcfd7
aug_e99d48173961b7c3954d,rec_158ce180cdd2526ffa91,D:\INFANT CRY\data_set_dbl_split\train\discomfort\2895_M_heh.wav,discomfort/2895_M_heh.wav,discomfort,train,2,pitch_shift,"{""steps"":2.037811}",172,4606926555886383220,virtual:aug_e99d48173961b7c3954d
aug_c903b7e4e37925a89c20,rec_270278ab42fbf19a6468,D:\INFANT CRY\data_set_dbl_split\train\discomfort\3715_M_heh.wav,discomfort/3715_M_heh.wav,discomfort,train,2,pitch_shift,"{""steps"":-1.855976}",173,7912334061644660538,virtual:aug_c903b7e4e37925a89c20
aug_4107efefcb41a20e8419,rec_6bbd0237afd88cf9b3c1,D:\INFANT CRY\data_set_dbl_split\train\discomfort\3795_M_heh.wav,discomfort/3795_M_heh.wav,discomfort,train,2,time_stretch,"{""rate"":1.1857}",174,10077429716721130230,virtual:aug_4107efefcb41a20e8419
aug_3becc20b08fe2a55ce30,rec_96e032ce543e45616669,D:\INFANT CRY\data_set_dbl_split\train\discomfort\2011_M_heh.wav,discomfort/2011_M_heh.wav,discomfort,train,2,time_stretch,"{""rate"":0.788791}",175,14708046030705462665,virtual:aug_3becc20b08fe2a55ce30
aug_7120585ee688a9ba8f2f,rec_91afffc62993be071030,D:\INFANT CRY\data_set_dbl_split\train\discomfort\2535_M_heh.wav,discomfort/2535_M_heh.wav,discomfort,train,2,gaussian_noise,"{""noise_factor"":0.005738315}",176,3448901673178040493,virtual:aug_7120585ee688a9ba8f2f
aug_6338c88280ee2f3bf3c7,rec_3ea9d39bb4edc68fdf50,D:\INFANT CRY\data_set_dbl_split\train\discomfort\3719_M_heh.wav,discomfort/3719_M_heh.wav,discomfort,train,2,pitch_shift,"{""steps"":1.136961}",177,8557517454082753334,virtual:aug_6338c88280ee2f3bf3c7
aug_67bcaf27627ca8765e23,rec_c95f02818a4bfa9ef8b9,D:\INFANT CRY\data_set_dbl_split\train\discomfort\4041_M_heh.wav,discomfort/4041_M_heh.wav,discomfort,train,2,pitch_shift,"{""steps"":-1.032941}",178,1576817116100139126,virtual:aug_67bcaf27627ca8765e23
aug_2910a03a2b8120f5247a,rec_812b51427c3184c41a51,D:\INFANT CRY\data_set_dbl_split\train\discomfort\3305_M_heh.wav,discomfort/3305_M_heh.wav,discomfort,train,2,time_stretch,"{""rate"":1.114057}",179,18337679685103423490,virtual:aug_2910a03a2b8120f5247a
aug_3999444c1f4d745c45dd,rec_47ad8a2ec8f931f1904d,D:\INFANT CRY\data_set_dbl_split\train\discomfort\dunstan-heh_13.wav,discomfort/dunstan-heh_13.wav,discomfort,train,2,time_stretch,"{""rate"":0.875542}",180,12168914694972486421,virtual:aug_3999444c1f4d745c45dd
aug_3af4ce9b54ab52602fea,rec_8531260c58ed47ae96f8,D:\INFANT CRY\data_set_dbl_split\train\discomfort\2588_F_heh.wav,discomfort/2588_F_heh.wav,discomfort,train,2,time_shift,"{""fraction"":0.0773158}",181,12007433649737646462,virtual:aug_3af4ce9b54ab52602fea
aug_64e8a62e951e92493a41,rec_b2b046ee6befacc1736f,D:\INFANT CRY\data_set_dbl_split\train\discomfort\595_M_heh.wav,discomfort/595_M_heh.wav,discomfort,train,2,gaussian_noise,"{""noise_factor"":0.002415193}",182,11686384211060064354,virtual:aug_64e8a62e951e92493a41
aug_d0018ee416b9fc5fb238,rec_5dd030b8afd73faf7e6d,D:\INFANT CRY\data_set_dbl_split\train\discomfort\dunstan-heh_48.wav,discomfort/dunstan-heh_48.wav,discomfort,train,2,pitch_shift,"{""steps"":1.9296}",183,5526260677510975300,virtual:aug_d0018ee416b9fc5fb238
aug_97687bc375d9d69503b8,rec_8d9f61ce303defbfc361,D:\INFANT CRY\data_set_dbl_split\train\discomfort\3409_M_heh.wav,discomfort/3409_M_heh.wav,discomfort,train,2,pitch_shift,"{""steps"":-1.856876}",184,8191997414277008935,virtual:aug_97687bc375d9d69503b8
aug_21b34e4a4a1cf3f1c383,rec_36666c11c2fd31a59262,D:\INFANT CRY\data_set_dbl_split\train\discomfort\86_F_heh.wav,discomfort/86_F_heh.wav,discomfort,train,2,time_stretch,"{""rate"":1.214766}",185,13376442575227019040,virtual:aug_21b34e4a4a1cf3f1c383
aug_ae0402f82202987fa360,rec_c5ca2cddf85a72e0dc56,D:\INFANT CRY\data_set_dbl_split\train\discomfort\4782_M_heh.wav,discomfort/4782_M_heh.wav,discomfort,train,2,time_stretch,"{""rate"":0.798948}",186,15182569332726270956,virtual:aug_ae0402f82202987fa360
aug_fb61c1908b0ee0916fb1,rec_aafac0f86f7d823eb681,D:\INFANT CRY\data_set_dbl_split\train\discomfort\2856_M_heh.wav,discomfort/2856_M_heh.wav,discomfort,train,2,gaussian_noise,"{""noise_factor"":0.004745722}",187,6498419747384418218,virtual:aug_fb61c1908b0ee0916fb1
aug_87f585906650b218d6c4,rec_37d2c4c05305ba71470e,D:\INFANT CRY\data_set_dbl_split\train\discomfort\902_M_heh.wav,discomfort/902_M_heh.wav,discomfort,train,2,pitch_shift,"{""steps"":1.041958}",188,74757138487136121,virtual:aug_87f585906650b218d6c4
aug_89a9b94011a46014d976,rec_43d212cc278f3fa7f39d,D:\INFANT CRY\data_set_dbl_split\train\discomfort\2128_M_heh.wav,discomfort/2128_M_heh.wav,discomfort,train,2,pitch_shift,"{""steps"":-1.090643}",189,18004621368987578253,virtual:aug_89a9b94011a46014d976
aug_f7a3fdf45a2aa91bbd40,rec_6eb0928d100be618ab76,D:\INFANT CRY\data_set_dbl_split\train\discomfort\3451_M_heh.wav,discomfort/3451_M_heh.wav,discomfort,train,2,time_stretch,"{""rate"":1.109646}",190,6617547591226242032,virtual:aug_f7a3fdf45a2aa91bbd40
aug_36f7acfb3dfca41881ae,rec_9362bfdd724c2e4f3f5f,D:\INFANT CRY\data_set_dbl_split\train\discomfort\dunstan-heh_21.wav,discomfort/dunstan-heh_21.wav,discomfort,train,2,time_stretch,"{""rate"":0.875827}",191,16374024919395987593,virtual:aug_36f7acfb3dfca41881ae
aug_c3d098980f9afa28bc16,rec_9185eef7e2aecebfb720,D:\INFANT CRY\data_set_dbl_split\train\discomfort\735_M_heh.wav,discomfort/735_M_heh.wav,discomfort,train,2,time_shift,"{""fraction"":-0.0600787}",192,15019911485483211486,virtual:aug_c3d098980f9afa28bc16
aug_86dbc20fadb20e2f158b,rec_fecba998d290d42023e8,D:\INFANT CRY\data_set_dbl_split\train\discomfort\2928_M_heh.wav,discomfort/2928_M_heh.wav,discomfort,train,2,gaussian_noise,"{""noise_factor"":0.002171152}",193,14290458681894475113,virtual:aug_86dbc20fadb20e2f158b
aug_26f1996fbc1d78fd7f37,rec_6078ad0e8ea8a14799ba,D:\INFANT CRY\data_set_dbl_split\train\discomfort\4825_M_heh.wav,discomfort/4825_M_heh.wav,discomfort,train,2,pitch_shift,"{""steps"":1.959231}",194,13500679583025250953,virtual:aug_26f1996fbc1d78fd7f37
aug_46c6dc4b266b19491f3c,rec_f4d28e0fc9542a590b34,D:\INFANT CRY\data_set_dbl_split\train\discomfort\3844_M_heh.wav,discomfort/3844_M_heh.wav,discomfort,train,2,pitch_shift,"{""steps"":-2.01729}",195,13676184928776815726,virtual:aug_46c6dc4b266b19491f3c
aug_3b691408ce5643344154,rec_6ad89027638c1a776894,D:\INFANT CRY\data_set_dbl_split\train\discomfort\4228_M_heh.wav,discomfort/4228_M_heh.wav,discomfort,train,2,time_stretch,"{""rate"":1.210463}",196,14524338208875296124,virtual:aug_3b691408ce5643344154
aug_839fc97ffaa67c9be00e,rec_d252f8e43bac8a94460c,D:\INFANT CRY\data_set_dbl_split\train\discomfort\1656_M_heh.wav,discomfort/1656_M_heh.wav,discomfort,train,2,time_stretch,"{""rate"":0.778093}",197,16146601070160714351,virtual:aug_839fc97ffaa67c9be00e
aug_4daf8d94d40eb1256bdd,rec_52da117b101c516c1c42,D:\INFANT CRY\data_set_dbl_split\train\discomfort\4262_M_heh.wav,discomfort/4262_M_heh.wav,discomfort,train,2,gaussian_noise,"{""noise_factor"":0.004701238}",198,14459850143440641949,virtual:aug_4daf8d94d40eb1256bdd
aug_56f6d5292df48f7639a7,rec_b68a18d4d619ff02538e,D:\INFANT CRY\data_set_dbl_split\train\discomfort\1534_M_heh.wav,discomfort/1534_M_heh.wav,discomfort,train,2,pitch_shift,"{""steps"":1.186506}",199,16150713241901468368,virtual:aug_56f6d5292df48f7639a7
aug_a460a2aacc0f44503330,rec_1e1cf13b4d1b84eb706c,D:\INFANT CRY\data_set_dbl_split\train\discomfort\dunstan-heh_37.wav,discomfort/dunstan-heh_37.wav,discomfort,train,2,pitch_shift,"{""steps"":-0.96387}",200,5851141605749184418,virtual:aug_a460a2aacc0f44503330
aug_6ec21a3aaf5f5b5c482e,rec_86e6760be24886dd3199,D:\INFANT CRY\data_set_dbl_split\train\discomfort\4712_M_heh.wav,discomfort/4712_M_heh.wav,discomfort,train,2,time_stretch,"{""rate"":1.104193}",201,7112271168191481235,virtual:aug_6ec21a3aaf5f5b5c482e
aug_ece8872532d48e8011c8,rec_dffa4febe3cb777a6ec2,D:\INFANT CRY\data_set_dbl_split\train\discomfort\2332_M_heh.wav,discomfort/2332_M_heh.wav,discomfort,train,2,time_stretch,"{""rate"":0.921458}",202,1381113860126665273,virtual:aug_ece8872532d48e8011c8
aug_da1a3aba592d64b1907b,rec_a1bb82b464315dcad4da,D:\INFANT CRY\data_set_dbl_split\train\discomfort\915_M_heh.wav,discomfort/915_M_heh.wav,discomfort,train,2,time_shift,"{""fraction"":0.0324296}",203,9073197134854231192,virtual:aug_da1a3aba592d64b1907b
aug_b0cb99c98d377c6b1024,rec_75f5e44678bb0fbe8f9d,D:\INFANT CRY\data_set_dbl_split\train\discomfort\2436_M_heh.wav,discomfort/2436_M_heh.wav,discomfort,train,2,gaussian_noise,"{""noise_factor"":0.00258462}",204,11061004531952124865,virtual:aug_b0cb99c98d377c6b1024
aug_236884164a56ac39a932,rec_51daa75d6cee602ab3c8,D:\INFANT CRY\data_set_dbl_split\train\discomfort\dunstan-heh_29.wav,discomfort/dunstan-heh_29.wav,discomfort,train,2,pitch_shift,"{""steps"":1.962132}",205,12750078110610672348,virtual:aug_236884164a56ac39a932
aug_85643177c7e99426800a,rec_cf665a8d5d04d0e150ed,D:\INFANT CRY\data_set_dbl_split\train\discomfort\3643_M_heh.wav,discomfort/3643_M_heh.wav,discomfort,train,2,pitch_shift,"{""steps"":-1.882442}",206,15277526832764647919,virtual:aug_85643177c7e99426800a
aug_17f66d7a834e174df0f4,rec_16c3c32dab93b50e898e,D:\INFANT CRY\data_set_dbl_split\train\discomfort\812_F_heh.wav,discomfort/812_F_heh.wav,discomfort,train,2,time_stretch,"{""rate"":1.177544}",207,5363672339680790762,virtual:aug_17f66d7a834e174df0f4
aug_b83f632575c7a26209a5,rec_60d4a3b0d92ddce6aa04,D:\INFANT CRY\data_set_dbl_split\train\discomfort\2345_M_heh.wav,discomfort/2345_M_heh.wav,discomfort,train,2,time_stretch,"{""rate"":0.808729}",208,7524231940309711908,virtual:aug_b83f632575c7a26209a5
aug_5f620413902e7109c6ba,rec_e03c385467424eb08738,D:\INFANT CRY\data_set_dbl_split\train\discomfort\dunstan-heh_8.wav,discomfort/dunstan-heh_8.wav,discomfort,train,2,gaussian_noise,"{""noise_factor"":0.004562658}",209,1541379325998778890,virtual:aug_5f620413902e7109c6ba
aug_d8b2773bcc327c18f5a1,rec_128a836f9d7c0c3800f8,D:\INFANT CRY\data_set_dbl_split\train\discomfort\3009_M_heh.wav,discomfort/3009_M_heh.wav,discomfort,train,2,pitch_shift,"{""steps"":0.963847}",210,6718051512155869175,virtual:aug_d8b2773bcc327c18f5a1
aug_77b076ada97492b16fd7,rec_29ecf264fe494eea58fb,D:\INFANT CRY\data_set_dbl_split\train\discomfort\3984_F_heh.wav,discomfort/3984_F_heh.wav,discomfort,train,2,pitch_shift,"{""steps"":-1.053715}",211,8240152158091642005,virtual:aug_77b076ada97492b16fd7
aug_ea04d91ece24db3bf37e,rec_0added8756718f697995,D:\INFANT CRY\data_set_dbl_split\train\discomfort\2085_M_heh.wav,discomfort/2085_M_heh.wav,discomfort,train,2,time_stretch,"{""rate"":1.122568}",212,4975141703757376319,virtual:aug_ea04d91ece24db3bf37e
aug_bab1733c945f70d9de3c,rec_85dab9312e9b8aabaa62,D:\INFANT CRY\data_set_dbl_split\train\discomfort\4756_F_heh.wav,discomfort/4756_F_heh.wav,discomfort,train,2,time_stretch,"{""rate"":0.883931}",213,8396975037790762072,virtual:aug_bab1733c945f70d9de3c
aug_c36a459c21cc4d886b10,rec_02ea82f3316cb050f905,D:\INFANT CRY\data_set_dbl_split\train\discomfort\1826_F_heh.wav,discomfort/1826_F_heh.wav,discomfort,train,2,time_shift,"{""fraction"":-0.0437624}",214,2763519496978000203,virtual:aug_c36a459c21cc4d886b10
aug_b469c7eeeb6805658196,rec_4358c2c84f657df97471,D:\INFANT CRY\data_set_dbl_split\train\discomfort\1800_M_heh.wav,discomfort/1800_M_heh.wav,discomfort,train,2,gaussian_noise,"{""noise_factor"":0.002578957}",215,4581437265708565940,virtual:aug_b469c7eeeb6805658196
aug_9f3e4812f4311736c229,rec_a6c2687f77e0cf79aef3,D:\INFANT CRY\data_set_dbl_split\train\discomfort\3175_F_heh.wav,discomfort/3175_F_heh.wav,discomfort,train,2,pitch_shift,"{""steps"":1.82366}",216,4063569759024328355,virtual:aug_9f3e4812f4311736c229
aug_1261be20e39e2cb0a8d4,rec_ea8217cfae981608c5cf,D:\INFANT CRY\data_set_dbl_split\train\discomfort\1775_M_heh.wav,discomfort/1775_M_heh.wav,discomfort,train,2,pitch_shift,"{""steps"":-2.070626}",217,16121805587068323467,virtual:aug_1261be20e39e2cb0a8d4
aug_933a8afbf6614fc76f91,rec_98b16899c96800087607,D:\INFANT CRY\data_set_dbl_split\train\discomfort\1231_M_heh.wav,discomfort/1231_M_heh.wav,discomfort,train,2,time_stretch,"{""rate"":1.175078}",218,15730590779172725913,virtual:aug_933a8afbf6614fc76f91
aug_69cf6e8f73a90b58675c,rec_b4327cfdcef8a6d08926,D:\INFANT CRY\data_set_dbl_split\train\discomfort\4422_M_heh.wav,discomfort/4422_M_heh.wav,discomfort,train,2,time_stretch,"{""rate"":0.82101}",219,16563235763248465172,virtual:aug_69cf6e8f73a90b58675c
aug_f011fc9d8b3f767d4155,rec_f4d972ce5aa401717524,D:\INFANT CRY\data_set_dbl_split\train\discomfort\dunstan-heh_56.wav,discomfort/dunstan-heh_56.wav,discomfort,train,2,gaussian_noise,"{""noise_factor"":0.005206005}",220,12634407636820721797,virtual:aug_f011fc9d8b3f767d4155
aug_2910501f61794cf34f0e,rec_324edc9ef55f934ac4b2,D:\INFANT CRY\data_set_dbl_split\train\discomfort\2431_M_heh.wav,discomfort/2431_M_heh.wav,discomfort,train,2,pitch_shift,"{""steps"":1.15077}",221,17754202320719858572,virtual:aug_2910501f61794cf34f0e
aug_e38a7e8ba3ed19e9e55b,rec_535c552a0776b718850f,D:\INFANT CRY\data_set_dbl_split\train\discomfort\1266_M_heh.wav,discomfort/1266_M_heh.wav,discomfort,train,2,pitch_shift,"{""steps"":-1.103681}",222,12768208870630550633,virtual:aug_e38a7e8ba3ed19e9e55b
aug_6ec941c12cb90a941c38,rec_76a42152121fc3becc5b,D:\INFANT CRY\data_set_dbl_split\train\discomfort\3729_M_heh.wav,discomfort/3729_M_heh.wav,discomfort,train,2,time_stretch,"{""rate"":1.096523}",223,15504324317473499845,virtual:aug_6ec941c12cb90a941c38
aug_d00ca654023b3fe1c9e1,rec_a7a1cff4c1b04c4a0a73,D:\INFANT CRY\data_set_dbl_split\train\discomfort\3992_M_heh.wav,discomfort/3992_M_heh.wav,discomfort,train,2,time_stretch,"{""rate"":0.875635}",224,13444162635471059148,virtual:aug_d00ca654023b3fe1c9e1
aug_0732a1ba35538fb2fbca,rec_122140d62463d7d58e24,D:\INFANT CRY\data_set_dbl_split\train\discomfort\3369_F_heh.wav,discomfort/3369_F_heh.wav,discomfort,train,2,time_shift,"{""fraction"":0.0626228}",225,9994661634476554572,virtual:aug_0732a1ba35538fb2fbca
aug_ec709435136229e6ddcc,rec_3ceb873c0c1383aaf2d1,D:\INFANT CRY\data_set_dbl_split\train\discomfort\1860_M_heh.wav,discomfort/1860_M_heh.wav,discomfort,train,2,gaussian_noise,"{""noise_factor"":0.002874996}",226,16869099203104257852,virtual:aug_ec709435136229e6ddcc
aug_fda87ecf72308755c7fa,rec_428d00d3f563fd3b0b6f,D:\INFANT CRY\data_set_dbl_split\train\discomfort\dunstan-heh_4.wav,discomfort/dunstan-heh_4.wav,discomfort,train,2,pitch_shift,"{""steps"":1.925946}",227,9114192604185093532,virtual:aug_fda87ecf72308755c7fa
aug_7f61078e00d5e0b5c029,rec_d29795646338e698d6c0,D:\INFANT CRY\data_set_dbl_split\train\discomfort\2416_M_heh.wav,discomfort/2416_M_heh.wav,discomfort,train,2,pitch_shift,"{""steps"":-2.058708}",228,11893464210295455263,virtual:aug_7f61078e00d5e0b5c029
aug_59072e3ffa2131e45ee5,rec_545a14847418aadce545,D:\INFANT CRY\data_set_dbl_split\train\discomfort\4253_M_heh.wav,discomfort/4253_M_heh.wav,discomfort,train,2,time_stretch,"{""rate"":1.217014}",229,13487997005266320821,virtual:aug_59072e3ffa2131e45ee5
aug_9c8b938fe900d35f8bbc,rec_35ee8ab5d6dd0b87c748,D:\INFANT CRY\data_set_dbl_split\train\discomfort\dunstan-heh_34.wav,discomfort/dunstan-heh_34.wav,discomfort,train,2,time_stretch,"{""rate"":0.797194}",230,12128996544861141664,virtual:aug_9c8b938fe900d35f8bbc
aug_c911f244b5a44bc3a897,rec_823255df478a0f9da394,D:\INFANT CRY\data_set_dbl_split\train\discomfort\2948_M_heh.wav,discomfort/2948_M_heh.wav,discomfort,train,2,gaussian_noise,"{""noise_factor"":0.00439938}",231,4851161585592353702,virtual:aug_c911f244b5a44bc3a897
aug_9a87f6462a913830b2da,rec_db0d984635fb9d6ef729,D:\INFANT CRY\data_set_dbl_split\train\discomfort\dunstan-heh_10.wav,discomfort/dunstan-heh_10.wav,discomfort,train,2,pitch_shift,"{""steps"":1.13663}",232,13282595739468335940,virtual:aug_9a87f6462a913830b2da
aug_dda6b19b490248dc0891,rec_333243a7285e8e47127f,D:\INFANT CRY\data_set_dbl_split\train\discomfort\dunstan-heh_1.wav,discomfort/dunstan-heh_1.wav,discomfort,train,2,pitch_shift,"{""steps"":-1.138531}",233,7905298477537320296,virtual:aug_dda6b19b490248dc0891
aug_3e44a07591173e2dfb0e,rec_9bd40eced9885796e2fa,D:\INFANT CRY\data_set_dbl_split\train\discomfort\4424_F_heh.wav,discomfort/4424_F_heh.wav,discomfort,train,2,time_stretch,"{""rate"":1.12266}",234,6236032786236537023,virtual:aug_3e44a07591173e2dfb0e
aug_9ddd14098470aa61f1c6,rec_8e8cba3c6a2d7b965e01,D:\INFANT CRY\data_set_dbl_split\train\discomfort\4203_M_heh.wav,discomfort/4203_M_heh.wav,discomfort,train,2,time_stretch,"{""rate"":0.884852}",235,5660617010886673047,virtual:aug_9ddd14098470aa61f1c6
aug_dae4649f5fda7318fee5,rec_8c9bd93d6cae8287536e,D:\INFANT CRY\data_set_dbl_split\train\discomfort\2802_M_heh.wav,discomfort/2802_M_heh.wav,discomfort,train,2,time_shift,"{""fraction"":0.0833445}",236,16698460425644624530,virtual:aug_dae4649f5fda7318fee5
aug_16b6f5d265b73c480163,rec_c3478edae2c382b946fe,D:\INFANT CRY\data_set_dbl_split\train\discomfort\1189_F_heh.wav,discomfort/1189_F_heh.wav,discomfort,train,2,gaussian_noise,"{""noise_factor"":0.00243735}",237,5276551996056511727,virtual:aug_16b6f5d265b73c480163
aug_1e5c66f848ea33578805,rec_4c06d158e10c7b910785,D:\INFANT CRY\data_set_dbl_split\train\discomfort\2612_M_heh.wav,discomfort/2612_M_heh.wav,discomfort,train,2,pitch_shift,"{""steps"":1.808459}",238,14853671189348487628,virtual:aug_1e5c66f848ea33578805
aug_ddbd1a30c9f8aa9128be,rec_f764034287a4370b136d,D:\INFANT CRY\data_set_dbl_split\train\discomfort\4290_F_heh.wav,discomfort/4290_F_heh.wav,discomfort,train,2,pitch_shift,"{""steps"":-2.175886}",239,5041191983111729072,virtual:aug_ddbd1a30c9f8aa9128be
aug_ecb8017352ba136dfa67,rec_542e505927d446598565,D:\INFANT CRY\data_set_dbl_split\train\discomfort\3815_F_heh.wav,discomfort/3815_F_heh.wav,discomfort,train,2,time_stretch,"{""rate"":1.188263}",240,4599718960489522492,virtual:aug_ecb8017352ba136dfa67
aug_e51878093b3849db425e,rec_6456e2ce88a30a623868,D:\INFANT CRY\data_set_dbl_split\train\discomfort\dunstan-heh_39.wav,discomfort/dunstan-heh_39.wav,discomfort,train,2,time_stretch,"{""rate"":0.811075}",241,9599846103874721474,virtual:aug_e51878093b3849db425e
aug_b6cf7ec4201a7ec73b94,rec_aeb79fc9b0c45b64f93c,D:\INFANT CRY\data_set_dbl_split\train\discomfort\4790_M_heh.wav,discomfort/4790_M_heh.wav,discomfort,train,2,gaussian_noise,"{""noise_factor"":0.005516852}",242,10133398620483135464,virtual:aug_b6cf7ec4201a7ec73b94
aug_39ba0a2cc6f76361535e,rec_970de6b0b559a331bcc5,D:\INFANT CRY\data_set_dbl_split\train\discomfort\4977_M_heh.wav,discomfort/4977_M_heh.wav,discomfort,train,2,pitch_shift,"{""steps"":0.942164}",243,1715949536279098767,virtual:aug_39ba0a2cc6f76361535e
aug_264606c9bda15c953803,rec_a446a8a4d062af8dda1b,D:\INFANT CRY\data_set_dbl_split\train\discomfort\dunstan-heh_15.wav,discomfort/dunstan-heh_15.wav,discomfort,train,2,pitch_shift,"{""steps"":-1.078087}",244,10546093487585859771,virtual:aug_264606c9bda15c953803
aug_361c3d4d2d489fddff33,rec_33f6d238ac51ca9e5758,D:\INFANT CRY\data_set_dbl_split\train\discomfort\3623_F_heh.wav,discomfort/3623_F_heh.wav,discomfort,train,2,time_stretch,"{""rate"":1.086683}",245,3258319654940688068,virtual:aug_361c3d4d2d489fddff33
aug_5d4d11829f4610deb1e3,rec_c66c61c76109180f4ea4,D:\INFANT CRY\data_set_dbl_split\train\discomfort\592_M_heh.wav,discomfort/592_M_heh.wav,discomfort,train,2,time_stretch,"{""rate"":0.876234}",246,15624058844002789744,virtual:aug_5d4d11829f4610deb1e3
aug_b0dd06f1de6ae90bf081,rec_7025af523ff923b12389,D:\INFANT CRY\data_set_dbl_split\train\discomfort\3499_M_heh.wav,discomfort/3499_M_heh.wav,discomfort,train,2,time_shift,"{""fraction"":0.0315447}",247,16271034971632738079,virtual:aug_b0dd06f1de6ae90bf081
aug_9569ed1638b18bd34124,rec_c28fa0cb46f2cf6051d8,D:\INFANT CRY\data_set_dbl_split\train\discomfort\dunstan-heh_18.wav,discomfort/dunstan-heh_18.wav,discomfort,train,2,gaussian_noise,"{""noise_factor"":0.002221098}",248,975936337479876222,virtual:aug_9569ed1638b18bd34124
aug_0ee3639a8f1c4e5bcfb7,rec_130b876cf3e8042dbaaf,D:\INFANT CRY\data_set_dbl_split\train\discomfort\dunstan-heh_5.wav,discomfort/dunstan-heh_5.wav,discomfort,train,2,pitch_shift,"{""steps"":2.068376}",249,4541227552145501670,virtual:aug_0ee3639a8f1c4e5bcfb7
aug_4496071c08649ce9392f,rec_a6a97d51ada1af8e637e,D:\INFANT CRY\data_set_dbl_split\train\discomfort\3989_M_heh.wav,discomfort/3989_M_heh.wav,discomfort,train,2,pitch_shift,"{""steps"":-1.837134}",250,3757197050588695676,virtual:aug_4496071c08649ce9392f
aug_004e6bc6ac371c85261a,rec_c30ffcebec910157af48,D:\INFANT CRY\data_set_dbl_split\train\discomfort\1196_M_heh.wav,discomfort/1196_M_heh.wav,discomfort,train,2,time_stretch,"{""rate"":1.205506}",251,16519977275687757601,virtual:aug_004e6bc6ac371c85261a
aug_8017980b95aef83cdf62,rec_01d818a8f633482ae893,D:\INFANT CRY\data_set_dbl_split\train\discomfort\2800_M_heh.wav,discomfort/2800_M_heh.wav,discomfort,train,2,time_stretch,"{""rate"":0.782238}",252,2142427973646633301,virtual:aug_8017980b95aef83cdf62
aug_1958a093f1e64c2fc20b,rec_0655eee816f825bf3d59,D:\INFANT CRY\data_set_dbl_split\train\discomfort\2814_F_heh.wav,discomfort/2814_F_heh.wav,discomfort,train,2,gaussian_noise,"{""noise_factor"":0.004695614}",253,12776724804741576094,virtual:aug_1958a093f1e64c2fc20b
aug_ef38828d457be5de0431,rec_3f52b4d2fc987b097465,D:\INFANT CRY\data_set_dbl_split\train\discomfort\362_M_heh.wav,discomfort/362_M_heh.wav,discomfort,train,2,pitch_shift,"{""steps"":1.073143}",254,12180345976770846169,virtual:aug_ef38828d457be5de0431
aug_5db23b0e0fd91cc45f81,rec_158ce180cdd2526ffa91,D:\INFANT CRY\data_set_dbl_split\train\discomfort\2895_M_heh.wav,discomfort/2895_M_heh.wav,discomfort,train,2,pitch_shift,"{""steps"":-0.984451}",255,4625798167815475508,virtual:aug_5db23b0e0fd91cc45f81
aug_042a6d8f6a980f2c8256,rec_270278ab42fbf19a6468,D:\INFANT CRY\data_set_dbl_split\train\discomfort\3715_M_heh.wav,discomfort/3715_M_heh.wav,discomfort,train,2,time_stretch,"{""rate"":1.106312}",256,13473834770624815424,virtual:aug_042a6d8f6a980f2c8256
aug_2c06d7a3eadb132bd828,rec_6bbd0237afd88cf9b3c1,D:\INFANT CRY\data_set_dbl_split\train\discomfort\3795_M_heh.wav,discomfort/3795_M_heh.wav,discomfort,train,2,time_stretch,"{""rate"":0.910473}",257,6056696547378172604,virtual:aug_2c06d7a3eadb132bd828
aug_bd944849204a8f52018c,rec_96e032ce543e45616669,D:\INFANT CRY\data_set_dbl_split\train\discomfort\2011_M_heh.wav,discomfort/2011_M_heh.wav,discomfort,train,2,time_shift,"{""fraction"":-0.0834193}",258,15970641426848726384,virtual:aug_bd944849204a8f52018c
aug_5b0825261af261ceb1d5,rec_91afffc62993be071030,D:\INFANT CRY\data_set_dbl_split\train\discomfort\2535_M_heh.wav,discomfort/2535_M_heh.wav,discomfort,train,2,gaussian_noise,"{""noise_factor"":0.0026919}",259,14194266247044158719,virtual:aug_5b0825261af261ceb1d5
aug_225c15316fca8e1f055f,rec_3ea9d39bb4edc68fdf50,D:\INFANT CRY\data_set_dbl_split\train\discomfort\3719_M_heh.wav,discomfort/3719_M_heh.wav,discomfort,train,2,pitch_shift,"{""steps"":1.945206}",260,4750264751564378751,virtual:aug_225c15316fca8e1f055f
aug_d6a0af9717a03f1c00de,rec_c95f02818a4bfa9ef8b9,D:\INFANT CRY\data_set_dbl_split\train\discomfort\4041_M_heh.wav,discomfort/4041_M_heh.wav,discomfort,train,2,pitch_shift,"{""steps"":-1.854435}",261,2487042552689499581,virtual:aug_d6a0af9717a03f1c00de
aug_2aafaa1812d868f87e02,rec_812b51427c3184c41a51,D:\INFANT CRY\data_set_dbl_split\train\discomfort\3305_M_heh.wav,discomfort/3305_M_heh.wav,discomfort,train,2,time_stretch,"{""rate"":1.203443}",262,14930031875638940017,virtual:aug_2aafaa1812d868f87e02
aug_d4867e85f8d6b6570be4,rec_47ad8a2ec8f931f1904d,D:\INFANT CRY\data_set_dbl_split\train\discomfort\dunstan-heh_13.wav,discomfort/dunstan-heh_13.wav,discomfort,train,2,time_stretch,"{""rate"":0.779281}",263,11525020068157715453,virtual:aug_d4867e85f8d6b6570be4
aug_03267ccf35a73076a961,rec_8531260c58ed47ae96f8,D:\INFANT CRY\data_set_dbl_split\train\discomfort\2588_F_heh.wav,discomfort/2588_F_heh.wav,discomfort,train,2,gaussian_noise,"{""noise_factor"":0.004399733}",264,13487425240666099716,virtual:aug_03267ccf35a73076a961
aug_9a99bd961844b8b4fed2,rec_b2b046ee6befacc1736f,D:\INFANT CRY\data_set_dbl_split\train\discomfort\595_M_heh.wav,discomfort/595_M_heh.wav,discomfort,train,2,pitch_shift,"{""steps"":0.930762}",265,10567581891112922244,virtual:aug_9a99bd961844b8b4fed2
aug_48a7c37234f7f853b9f4,rec_5dd030b8afd73faf7e6d,D:\INFANT CRY\data_set_dbl_split\train\discomfort\dunstan-heh_48.wav,discomfort/dunstan-heh_48.wav,discomfort,train,2,pitch_shift,"{""steps"":-1.170427}",266,10259366320270225458,virtual:aug_48a7c37234f7f853b9f4
aug_11ab64556c08f8a6797e,rec_8d9f61ce303defbfc361,D:\INFANT CRY\data_set_dbl_split\train\discomfort\3409_M_heh.wav,discomfort/3409_M_heh.wav,discomfort,train,2,time_stretch,"{""rate"":1.117495}",267,4888916389784015763,virtual:aug_11ab64556c08f8a6797e
aug_4407ed32606a75a39c9e,rec_36666c11c2fd31a59262,D:\INFANT CRY\data_set_dbl_split\train\discomfort\86_F_heh.wav,discomfort/86_F_heh.wav,discomfort,train,2,time_stretch,"{""rate"":0.882853}",268,12356684726480041740,virtual:aug_4407ed32606a75a39c9e
aug_98491301667aef5fee70,rec_c5ca2cddf85a72e0dc56,D:\INFANT CRY\data_set_dbl_split\train\discomfort\4782_M_heh.wav,discomfort/4782_M_heh.wav,discomfort,train,2,time_shift,"{""fraction"":-0.0470675}",269,8892699646362243212,virtual:aug_98491301667aef5fee70
aug_d2e6d17c5825cce7140e,rec_aafac0f86f7d823eb681,D:\INFANT CRY\data_set_dbl_split\train\discomfort\2856_M_heh.wav,discomfort/2856_M_heh.wav,discomfort,train,2,gaussian_noise,"{""noise_factor"":0.002429288}",270,15220485773118679526,virtual:aug_d2e6d17c5825cce7140e
aug_1fbce2e2208e80cea73a,rec_37d2c4c05305ba71470e,D:\INFANT CRY\data_set_dbl_split\train\discomfort\902_M_heh.wav,discomfort/902_M_heh.wav,discomfort,train,2,pitch_shift,"{""steps"":1.90752}",271,11469499216867445443,virtual:aug_1fbce2e2208e80cea73a
aug_9db7735d2f166124cc1a,rec_43d212cc278f3fa7f39d,D:\INFANT CRY\data_set_dbl_split\train\discomfort\2128_M_heh.wav,discomfort/2128_M_heh.wav,discomfort,train,2,pitch_shift,"{""steps"":-2.193644}",272,12818861089316675345,virtual:aug_9db7735d2f166124cc1a
aug_15015dc880590b406ec8,rec_6eb0928d100be618ab76,D:\INFANT CRY\data_set_dbl_split\train\discomfort\3451_M_heh.wav,discomfort/3451_M_heh.wav,discomfort,train,2,time_stretch,"{""rate"":1.213241}",273,165969404358228170,virtual:aug_15015dc880590b406ec8
aug_c83a56481715f7d0f73e,rec_9362bfdd724c2e4f3f5f,D:\INFANT CRY\data_set_dbl_split\train\discomfort\dunstan-heh_21.wav,discomfort/dunstan-heh_21.wav,discomfort,train,2,time_stretch,"{""rate"":0.792923}",274,9733042135039635437,virtual:aug_c83a56481715f7d0f73e
aug_80cfe8e9386bcc02e1b9,rec_9185eef7e2aecebfb720,D:\INFANT CRY\data_set_dbl_split\train\discomfort\735_M_heh.wav,discomfort/735_M_heh.wav,discomfort,train,2,gaussian_noise,"{""noise_factor"":0.005720417}",275,6944843436915635972,virtual:aug_80cfe8e9386bcc02e1b9
aug_3f14976558b7f70ae5b4,rec_fecba998d290d42023e8,D:\INFANT CRY\data_set_dbl_split\train\discomfort\2928_M_heh.wav,discomfort/2928_M_heh.wav,discomfort,train,2,pitch_shift,"{""steps"":0.892748}",276,8790913764299068871,virtual:aug_3f14976558b7f70ae5b4
aug_36895904216463822eea,rec_6078ad0e8ea8a14799ba,D:\INFANT CRY\data_set_dbl_split\train\discomfort\4825_M_heh.wav,discomfort/4825_M_heh.wav,discomfort,train,2,pitch_shift,"{""steps"":-1.193667}",277,10971181772779596371,virtual:aug_36895904216463822eea
aug_dd7b743a69ec75181aec,rec_f4d28e0fc9542a590b34,D:\INFANT CRY\data_set_dbl_split\train\discomfort\3844_M_heh.wav,discomfort/3844_M_heh.wav,discomfort,train,2,time_stretch,"{""rate"":1.097168}",278,6765500046262574348,virtual:aug_dd7b743a69ec75181aec
aug_5d30a9b46d0740d725f4,rec_6ad89027638c1a776894,D:\INFANT CRY\data_set_dbl_split\train\discomfort\4228_M_heh.wav,discomfort/4228_M_heh.wav,discomfort,train,2,time_stretch,"{""rate"":0.890175}",279,14803713986949621384,virtual:aug_5d30a9b46d0740d725f4
aug_f37561de23c17d6fce0c,rec_d252f8e43bac8a94460c,D:\INFANT CRY\data_set_dbl_split\train\discomfort\1656_M_heh.wav,discomfort/1656_M_heh.wav,discomfort,train,2,time_shift,"{""fraction"":0.0883542}",280,6113500305912358581,virtual:aug_f37561de23c17d6fce0c
aug_dfb6a59e4f34df008e33,rec_52da117b101c516c1c42,D:\INFANT CRY\data_set_dbl_split\train\discomfort\4262_M_heh.wav,discomfort/4262_M_heh.wav,discomfort,train,2,gaussian_noise,"{""noise_factor"":0.002711551}",281,11537523158840357559,virtual:aug_dfb6a59e4f34df008e33
aug_3edea8a524e15b624833,rec_b68a18d4d619ff02538e,D:\INFANT CRY\data_set_dbl_split\train\discomfort\1534_M_heh.wav,discomfort/1534_M_heh.wav,discomfort,train,2,pitch_shift,"{""steps"":2.145806}",282,10725386230220943861,virtual:aug_3edea8a524e15b624833
aug_ea7bfec0ada383006afd,rec_1e1cf13b4d1b84eb706c,D:\INFANT CRY\data_set_dbl_split\train\discomfort\dunstan-heh_37.wav,discomfort/dunstan-heh_37.wav,discomfort,train,2,pitch_shift,"{""steps"":-2.171665}",283,3783144114333969344,virtual:aug_ea7bfec0ada383006afd
aug_e3c7a2fb72e43962dcd6,rec_86e6760be24886dd3199,D:\INFANT CRY\data_set_dbl_split\train\discomfort\4712_M_heh.wav,discomfort/4712_M_heh.wav,discomfort,train,2,time_stretch,"{""rate"":1.213649}",284,16627520467084160931,virtual:aug_e3c7a2fb72e43962dcd6
aug_6326f410bd2991442329,rec_dffa4febe3cb777a6ec2,D:\INFANT CRY\data_set_dbl_split\train\discomfort\2332_M_heh.wav,discomfort/2332_M_heh.wav,discomfort,train,2,time_stretch,"{""rate"":0.800201}",285,4878201999869401137,virtual:aug_6326f410bd2991442329
aug_7dc6f2b3952ae1a32bad,rec_a1bb82b464315dcad4da,D:\INFANT CRY\data_set_dbl_split\train\discomfort\915_M_heh.wav,discomfort/915_M_heh.wav,discomfort,train,2,gaussian_noise,"{""noise_factor"":0.005445427}",286,4473430126265943599,virtual:aug_7dc6f2b3952ae1a32bad
aug_54be6f1fac42d92061f1,rec_75f5e44678bb0fbe8f9d,D:\INFANT CRY\data_set_dbl_split\train\discomfort\2436_M_heh.wav,discomfort/2436_M_heh.wav,discomfort,train,2,pitch_shift,"{""steps"":1.120174}",287,7741974315787100888,virtual:aug_54be6f1fac42d92061f1
aug_a698b6c043546d4adb7e,rec_51daa75d6cee602ab3c8,D:\INFANT CRY\data_set_dbl_split\train\discomfort\dunstan-heh_29.wav,discomfort/dunstan-heh_29.wav,discomfort,train,2,pitch_shift,"{""steps"":-0.925165}",288,10139706109817772811,virtual:aug_a698b6c043546d4adb7e
aug_73e2450a32428bbe3e12,rec_cf665a8d5d04d0e150ed,D:\INFANT CRY\data_set_dbl_split\train\discomfort\3643_M_heh.wav,discomfort/3643_M_heh.wav,discomfort,train,2,time_stretch,"{""rate"":1.083483}",289,7460424198646296398,virtual:aug_73e2450a32428bbe3e12
aug_f1767b280399bf01af49,rec_16c3c32dab93b50e898e,D:\INFANT CRY\data_set_dbl_split\train\discomfort\812_F_heh.wav,discomfort/812_F_heh.wav,discomfort,train,2,time_stretch,"{""rate"":0.912079}",290,15365201489823115737,virtual:aug_f1767b280399bf01af49
aug_b798f4cd61248888c515,rec_60d4a3b0d92ddce6aa04,D:\INFANT CRY\data_set_dbl_split\train\discomfort\2345_M_heh.wav,discomfort/2345_M_heh.wav,discomfort,train,2,time_shift,"{""fraction"":0.0581041}",291,10179921631087682422,virtual:aug_b798f4cd61248888c515
aug_59153551ddc52b62b7b9,rec_e03c385467424eb08738,D:\INFANT CRY\data_set_dbl_split\train\discomfort\dunstan-heh_8.wav,discomfort/dunstan-heh_8.wav,discomfort,train,2,gaussian_noise,"{""noise_factor"":0.002146254}",292,3024818827353835984,virtual:aug_59153551ddc52b62b7b9
aug_e87c761b9ccb5bb73ed3,rec_128a836f9d7c0c3800f8,D:\INFANT CRY\data_set_dbl_split\train\discomfort\3009_M_heh.wav,discomfort/3009_M_heh.wav,discomfort,train,2,pitch_shift,"{""steps"":1.929433}",293,8354051221820261878,virtual:aug_e87c761b9ccb5bb73ed3
aug_c00ed99a34d07299780a,rec_29ecf264fe494eea58fb,D:\INFANT CRY\data_set_dbl_split\train\discomfort\3984_F_heh.wav,discomfort/3984_F_heh.wav,discomfort,train,2,pitch_shift,"{""steps"":-2.12413}",294,3959681893049726238,virtual:aug_c00ed99a34d07299780a
aug_6f8df8ff44d2fefc36c5,rec_0added8756718f697995,D:\INFANT CRY\data_set_dbl_split\train\discomfort\2085_M_heh.wav,discomfort/2085_M_heh.wav,discomfort,train,2,time_stretch,"{""rate"":1.175517}",295,8224369618523602869,virtual:aug_6f8df8ff44d2fefc36c5
aug_c715a9cd2990666f1b9e,rec_85dab9312e9b8aabaa62,D:\INFANT CRY\data_set_dbl_split\train\discomfort\4756_F_heh.wav,discomfort/4756_F_heh.wav,discomfort,train,2,time_stretch,"{""rate"":0.816526}",296,16159441194122836948,virtual:aug_c715a9cd2990666f1b9e
aug_42afb94f486cd50b32f3,rec_02ea82f3316cb050f905,D:\INFANT CRY\data_set_dbl_split\train\discomfort\1826_F_heh.wav,discomfort/1826_F_heh.wav,discomfort,train,2,gaussian_noise,"{""noise_factor"":0.005416623}",297,17166851510765645380,virtual:aug_42afb94f486cd50b32f3
aug_21a125da7a0bce33e19d,rec_4358c2c84f657df97471,D:\INFANT CRY\data_set_dbl_split\train\discomfort\1800_M_heh.wav,discomfort/1800_M_heh.wav,discomfort,train,2,pitch_shift,"{""steps"":0.807635}",298,3707661689943646358,virtual:aug_21a125da7a0bce33e19d
aug_1178ad84114a538da217,rec_a6c2687f77e0cf79aef3,D:\INFANT CRY\data_set_dbl_split\train\discomfort\3175_F_heh.wav,discomfort/3175_F_heh.wav,discomfort,train,2,pitch_shift,"{""steps"":-0.905374}",299,13850773600073369592,virtual:aug_1178ad84114a538da217
aug_e89e2dbcdcb78fc09f65,rec_ea8217cfae981608c5cf,D:\INFANT CRY\data_set_dbl_split\train\discomfort\1775_M_heh.wav,discomfort/1775_M_heh.wav,discomfort,train,2,time_stretch,"{""rate"":1.090323}",300,1224508720667636902,virtual:aug_e89e2dbcdcb78fc09f65
aug_4879aeb236b78f45bb41,rec_98b16899c96800087607,D:\INFANT CRY\data_set_dbl_split\train\discomfort\1231_M_heh.wav,discomfort/1231_M_heh.wav,discomfort,train,2,time_stretch,"{""rate"":0.912316}",301,2092743210105235308,virtual:aug_4879aeb236b78f45bb41
aug_c4b33f84f17c60ec29c2,rec_b4327cfdcef8a6d08926,D:\INFANT CRY\data_set_dbl_split\train\discomfort\4422_M_heh.wav,discomfort/4422_M_heh.wav,discomfort,train,2,time_shift,"{""fraction"":-0.0973752}",302,13851990570705440796,virtual:aug_c4b33f84f17c60ec29c2
aug_9a033dc4f7c9acf3fea3,rec_f4d972ce5aa401717524,D:\INFANT CRY\data_set_dbl_split\train\discomfort\dunstan-heh_56.wav,discomfort/dunstan-heh_56.wav,discomfort,train,2,gaussian_noise,"{""noise_factor"":0.002686886}",303,9675488938294399305,virtual:aug_9a033dc4f7c9acf3fea3
aug_0ff2d40e8064f9bd69c1,rec_324edc9ef55f934ac4b2,D:\INFANT CRY\data_set_dbl_split\train\discomfort\2431_M_heh.wav,discomfort/2431_M_heh.wav,discomfort,train,2,pitch_shift,"{""steps"":2.151858}",304,6050642191398433265,virtual:aug_0ff2d40e8064f9bd69c1
aug_23d685daa7a6564ee5a2,rec_535c552a0776b718850f,D:\INFANT CRY\data_set_dbl_split\train\discomfort\1266_M_heh.wav,discomfort/1266_M_heh.wav,discomfort,train,2,pitch_shift,"{""steps"":-2.118384}",305,12868519861764676115,virtual:aug_23d685daa7a6564ee5a2
aug_dd4dfd574df232a75146,rec_76a42152121fc3becc5b,D:\INFANT CRY\data_set_dbl_split\train\discomfort\3729_M_heh.wav,discomfort/3729_M_heh.wav,discomfort,train,2,time_stretch,"{""rate"":1.200414}",306,17318061780006511428,virtual:aug_dd4dfd574df232a75146
aug_8733140e56e39f23ef60,rec_a7a1cff4c1b04c4a0a73,D:\INFANT CRY\data_set_dbl_split\train\discomfort\3992_M_heh.wav,discomfort/3992_M_heh.wav,discomfort,train,2,time_stretch,"{""rate"":0.796708}",307,3497734990835353118,virtual:aug_8733140e56e39f23ef60
aug_73e81e7dfda115c5221e,rec_122140d62463d7d58e24,D:\INFANT CRY\data_set_dbl_split\train\discomfort\3369_F_heh.wav,discomfort/3369_F_heh.wav,discomfort,train,2,gaussian_noise,"{""noise_factor"":0.005320877}",308,13910004976376016244,virtual:aug_73e81e7dfda115c5221e
aug_5efba59fb5a03d2e4f43,rec_3ceb873c0c1383aaf2d1,D:\INFANT CRY\data_set_dbl_split\train\discomfort\1860_M_heh.wav,discomfort/1860_M_heh.wav,discomfort,train,2,pitch_shift,"{""steps"":0.981071}",309,17477218442637391648,virtual:aug_5efba59fb5a03d2e4f43
aug_1deaf5408593d995adb7,rec_428d00d3f563fd3b0b6f,D:\INFANT CRY\data_set_dbl_split\train\discomfort\dunstan-heh_4.wav,discomfort/dunstan-heh_4.wav,discomfort,train,2,pitch_shift,"{""steps"":-1.179335}",310,9717308545207333287,virtual:aug_1deaf5408593d995adb7
aug_31fb090877c34ca9ea38,rec_d29795646338e698d6c0,D:\INFANT CRY\data_set_dbl_split\train\discomfort\2416_M_heh.wav,discomfort/2416_M_heh.wav,discomfort,train,2,time_stretch,"{""rate"":1.117351}",311,4349380942767420351,virtual:aug_31fb090877c34ca9ea38
aug_c8a252ae26eb68ed78ea,rec_545a14847418aadce545,D:\INFANT CRY\data_set_dbl_split\train\discomfort\4253_M_heh.wav,discomfort/4253_M_heh.wav,discomfort,train,2,time_stretch,"{""rate"":0.892752}",312,1581298797847801554,virtual:aug_c8a252ae26eb68ed78ea
aug_5f12588201cbfba80b47,rec_35ee8ab5d6dd0b87c748,D:\INFANT CRY\data_set_dbl_split\train\discomfort\dunstan-heh_34.wav,discomfort/dunstan-heh_34.wav,discomfort,train,2,time_shift,"{""fraction"":-0.0309334}",313,11884471875721551403,virtual:aug_5f12588201cbfba80b47
aug_89d2e92746b14ed55cce,rec_823255df478a0f9da394,D:\INFANT CRY\data_set_dbl_split\train\discomfort\2948_M_heh.wav,discomfort/2948_M_heh.wav,discomfort,train,2,gaussian_noise,"{""noise_factor"":0.002344295}",314,3792559718736808939,virtual:aug_89d2e92746b14ed55cce
aug_4a740bb5e3dbeba7fa5a,rec_db0d984635fb9d6ef729,D:\INFANT CRY\data_set_dbl_split\train\discomfort\dunstan-heh_10.wav,discomfort/dunstan-heh_10.wav,discomfort,train,2,pitch_shift,"{""steps"":2.110116}",315,490294896283555997,virtual:aug_4a740bb5e3dbeba7fa5a
aug_a40842d219e77b232e29,rec_333243a7285e8e47127f,D:\INFANT CRY\data_set_dbl_split\train\discomfort\dunstan-heh_1.wav,discomfort/dunstan-heh_1.wav,discomfort,train,2,pitch_shift,"{""steps"":-1.978394}",316,13297940724576999921,virtual:aug_a40842d219e77b232e29
aug_a1ff2f44e653de838e2e,rec_9bd40eced9885796e2fa,D:\INFANT CRY\data_set_dbl_split\train\discomfort\4424_F_heh.wav,discomfort/4424_F_heh.wav,discomfort,train,2,time_stretch,"{""rate"":1.218237}",317,12830457174656138494,virtual:aug_a1ff2f44e653de838e2e
aug_c2ab60a39ddb8070f12e,rec_8e8cba3c6a2d7b965e01,D:\INFANT CRY\data_set_dbl_split\train\discomfort\4203_M_heh.wav,discomfort/4203_M_heh.wav,discomfort,train,2,time_stretch,"{""rate"":0.780422}",318,16619498753835524137,virtual:aug_c2ab60a39ddb8070f12e
aug_195243b5b76b796f7e04,rec_8c9bd93d6cae8287536e,D:\INFANT CRY\data_set_dbl_split\train\discomfort\2802_M_heh.wav,discomfort/2802_M_heh.wav,discomfort,train,2,gaussian_noise,"{""noise_factor"":0.005017681}",319,8936296428731773631,virtual:aug_195243b5b76b796f7e04
aug_0c4ed3172caab94e58b5,rec_c3478edae2c382b946fe,D:\INFANT CRY\data_set_dbl_split\train\discomfort\1189_F_heh.wav,discomfort/1189_F_heh.wav,discomfort,train,2,pitch_shift,"{""steps"":0.806668}",320,6786197054503365302,virtual:aug_0c4ed3172caab94e58b5
aug_50874feda5cbb958c324,rec_4c06d158e10c7b910785,D:\INFANT CRY\data_set_dbl_split\train\discomfort\2612_M_heh.wav,discomfort/2612_M_heh.wav,discomfort,train,2,pitch_shift,"{""steps"":-1.050515}",321,12121455094433760034,virtual:aug_50874feda5cbb958c324
aug_5fd8552214e2dc621993,rec_f764034287a4370b136d,D:\INFANT CRY\data_set_dbl_split\train\discomfort\4290_F_heh.wav,discomfort/4290_F_heh.wav,discomfort,train,2,time_stretch,"{""rate"":1.0968}",322,2482863057954560618,virtual:aug_5fd8552214e2dc621993
aug_607582c6ce9f4d35742b,rec_542e505927d446598565,D:\INFANT CRY\data_set_dbl_split\train\discomfort\3815_F_heh.wav,discomfort/3815_F_heh.wav,discomfort,train,2,time_stretch,"{""rate"":0.894361}",323,8170172179988712569,virtual:aug_607582c6ce9f4d35742b
aug_ca7aad0a0def2559729d,rec_4aeef63044c75c534d96,D:\INFANT CRY\data_set_dbl_split\train\hungry\2514_M_neh.wav,hungry/2514_M_neh.wav,hungry,train,2,gaussian_noise,"{""noise_factor"":0.004347375}",0,12824789989483156592,virtual:aug_ca7aad0a0def2559729d
aug_d0b7eff5afce99a492a3,rec_ea7d0967f9ac5dec1709,D:\INFANT CRY\data_set_dbl_split\train\hungry\1770_M_neh.wav,hungry/1770_M_neh.wav,hungry,train,2,pitch_shift,"{""steps"":1.031911}",1,10429827874419778650,virtual:aug_d0b7eff5afce99a492a3
aug_5bc23a443cb0617735f3,rec_35a314bcf50ccf77f9b4,D:\INFANT CRY\data_set_dbl_split\train\hungry\1136_M_neh.wav,hungry/1136_M_neh.wav,hungry,train,2,pitch_shift,"{""steps"":-1.042654}",2,9141483392252482362,virtual:aug_5bc23a443cb0617735f3
aug_834d2d2dcd2ecea61e09,rec_463180d5d281fe991930,D:\INFANT CRY\data_set_dbl_split\train\hungry\3701_F_neh.wav,hungry/3701_F_neh.wav,hungry,train,2,time_stretch,"{""rate"":1.116696}",3,16473194607119662513,virtual:aug_834d2d2dcd2ecea61e09
aug_df1e8b84e8a54cd0b317,rec_2e6b9cce63bb62c81682,D:\INFANT CRY\data_set_dbl_split\train\hungry\1127_M_neh.wav,hungry/1127_M_neh.wav,hungry,train,2,time_stretch,"{""rate"":0.906248}",4,2271097238313759575,virtual:aug_df1e8b84e8a54cd0b317
aug_877b7c8c53e75f42ca3e,rec_483da636af8546408bfa,D:\INFANT CRY\data_set_dbl_split\train\hungry\3844_M_neh.wav,hungry/3844_M_neh.wav,hungry,train,2,time_shift,"{""fraction"":-0.0731807}",5,12050285079570435251,virtual:aug_877b7c8c53e75f42ca3e
aug_cd98c2b8f32818f76b50,rec_ee5e2c9bd7afb52ebe96,D:\INFANT CRY\data_set_dbl_split\train\hungry\1424_M_neh.wav,hungry/1424_M_neh.wav,hungry,train,2,gaussian_noise,"{""noise_factor"":0.002332147}",6,16663867485589610991,virtual:aug_cd98c2b8f32818f76b50
aug_cc54cd56b8f2feeb3351,rec_bec629bc5031bc22eb9b,D:\INFANT CRY\data_set_dbl_split\train\hungry\186_M_neh.wav,hungry/186_M_neh.wav,hungry,train,2,pitch_shift,"{""steps"":1.843978}",7,93768033031402764,virtual:aug_cc54cd56b8f2feeb3351
aug_c6bd4f3da4a988b25d77,rec_8a26e0da4af7d57a6c76,D:\INFANT CRY\data_set_dbl_split\train\hungry\4541_M_neh.wav,hungry/4541_M_neh.wav,hungry,train,2,pitch_shift,"{""steps"":-1.989965}",8,15612976244929214690,virtual:aug_c6bd4f3da4a988b25d77
aug_cd04b084152fa85a0de3,rec_3f27c431eeb305663abf,D:\INFANT CRY\data_set_dbl_split\train\hungry\2326_M_neh.wav,hungry/2326_M_neh.wav,hungry,train,2,time_stretch,"{""rate"":1.183633}",9,4475767001382691674,virtual:aug_cd04b084152fa85a0de3
aug_a3437e45f53b58f8f146,rec_bfa6747f918f5738d1c3,D:\INFANT CRY\data_set_dbl_split\train\hungry\4918_M_neh.wav,hungry/4918_M_neh.wav,hungry,train,2,time_stretch,"{""rate"":0.790192}",10,18405673194910689165,virtual:aug_a3437e45f53b58f8f146
aug_5b8772e962ea89b1a6c0,rec_54271dc6c4c35a84a3f0,D:\INFANT CRY\data_set_dbl_split\train\hungry\dunstan-neh_55.wav,hungry/dunstan-neh_55.wav,hungry,train,2,gaussian_noise,"{""noise_factor"":0.005444477}",11,12113150878225305268,virtual:aug_5b8772e962ea89b1a6c0
aug_fd746e3cfe7bd097c55c,rec_7de1538e4e8923365a69,D:\INFANT CRY\data_set_dbl_split\train\hungry\1838_M_neh.wav,hungry/1838_M_neh.wav,hungry,train,2,pitch_shift,"{""steps"":1.166825}",12,10245822503801535328,virtual:aug_fd746e3cfe7bd097c55c
aug_359e93034bfcd22faba0,rec_eb761db33bdc0705f83c,D:\INFANT CRY\data_set_dbl_split\train\hungry\4202_M_neh.wav,hungry/4202_M_neh.wav,hungry,train,2,pitch_shift,"{""steps"":-1.161451}",13,1901167565424257064,virtual:aug_359e93034bfcd22faba0
aug_e1b677be39d142e6048c,rec_e6f7616af9e95806b13f,D:\INFANT CRY\data_set_dbl_split\train\hungry\dunstan-neh_37.wav,hungry/dunstan-neh_37.wav,hungry,train,2,time_stretch,"{""rate"":1.121186}",14,2368214700034935232,virtual:aug_e1b677be39d142e6048c
aug_ec4d5f43a9dd3de2eeda,rec_db35c613515374caf95f,D:\INFANT CRY\data_set_dbl_split\train\hungry\dunstan-neh_21.wav,hungry/dunstan-neh_21.wav,hungry,train,2,time_stretch,"{""rate"":0.887387}",15,1383665707495393372,virtual:aug_ec4d5f43a9dd3de2eeda
aug_48c03f7089978bd8e9d1,rec_c5c7cc4019b6615df3ec,D:\INFANT CRY\data_set_dbl_split\train\hungry\377_F_neh.wav,hungry/377_F_neh.wav,hungry,train,2,time_shift,"{""fraction"":0.0605502}",16,15585778429577152993,virtual:aug_48c03f7089978bd8e9d1
aug_e6f7d195f294e31baa7b,rec_2972e6c8e16512407617,D:\INFANT CRY\data_set_dbl_split\train\hungry\290_M_neh.wav,hungry/290_M_neh.wav,hungry,train,2,gaussian_noise,"{""noise_factor"":0.002213203}",17,12848956797697054034,virtual:aug_e6f7d195f294e31baa7b
aug_8ced2a1101a43b80810e,rec_40337147c7cdb9b1f04e,D:\INFANT CRY\data_set_dbl_split\train\hungry\2515_M_neh.wav,hungry/2515_M_neh.wav,hungry,train,2,pitch_shift,"{""steps"":1.988037}",18,16152385747431562773,virtual:aug_8ced2a1101a43b80810e
aug_b234bf9e5f4ae32bd2c1,rec_372ed40ca92e5e14733f,D:\INFANT CRY\data_set_dbl_split\train\hungry\2108_M_neh.wav,hungry/2108_M_neh.wav,hungry,train,2,pitch_shift,"{""steps"":-2.066763}",19,13010106438633464428,virtual:aug_b234bf9e5f4ae32bd2c1
aug_0ffa2445ccc6df7d4baa,rec_d8deea50d36d9d56286e,D:\INFANT CRY\data_set_dbl_split\train\hungry\851_M_neh.wav,hungry/851_M_neh.wav,hungry,train,2,time_stretch,"{""rate"":1.207898}",20,12855440336204338365,virtual:aug_0ffa2445ccc6df7d4baa
aug_7ad1f2977c9a3c2d46b8,rec_0fd521640fdbb5d41b79,D:\INFANT CRY\data_set_dbl_split\train\hungry\4306_F_neh.wav,hungry/4306_F_neh.wav,hungry,train,2,time_stretch,"{""rate"":0.809535}",21,9297607172691767530,virtual:aug_7ad1f2977c9a3c2d46b8
aug_722499bbc2bcf90bd6f1,rec_cbccd8fd251b87fe11d5,D:\INFANT CRY\data_set_dbl_split\train\hungry\dunstan-neh_62.wav,hungry/dunstan-neh_62.wav,hungry,train,2,gaussian_noise,"{""noise_factor"":0.005552825}",22,12195171537072413607,virtual:aug_722499bbc2bcf90bd6f1
aug_a4f8ed3e294b8eed53c9,rec_5e3518bec6261a74ca5c,D:\INFANT CRY\data_set_dbl_split\train\hungry\4479_M_neh.wav,hungry/4479_M_neh.wav,hungry,train,2,pitch_shift,"{""steps"":0.826184}",23,5722860091881832900,virtual:aug_a4f8ed3e294b8eed53c9
aug_9e03244702ae002cf7e3,rec_12aab60e9a224840d67b,D:\INFANT CRY\data_set_dbl_split\train\hungry\3988_M_neh.wav,hungry/3988_M_neh.wav,hungry,train,2,pitch_shift,"{""steps"":-0.89281}",24,3892497194819467960,virtual:aug_9e03244702ae002cf7e3
aug_b696dad1501616040fa1,rec_67bd9b946343aa8c831e,D:\INFANT CRY\data_set_dbl_split\train\hungry\1401_F_neh.wav,hungry/1401_F_neh.wav,hungry,train,2,time_stretch,"{""rate"":1.089904}",25,6301904469807988743,virtual:aug_b696dad1501616040fa1
aug_3d1d0f2208535e385091,rec_a8ed319ae2c5af1fb4e7,D:\INFANT CRY\data_set_dbl_split\train\hungry\848_M_neh.wav,hungry/848_M_neh.wav,hungry,train,2,time_stretch,"{""rate"":0.898788}",26,9208089239116463156,virtual:aug_3d1d0f2208535e385091
aug_f492e9d3f52dfc6d644a,rec_1d60bd35a759f5a32057,D:\INFANT CRY\data_set_dbl_split\train\hungry\dunstan-neh_48.wav,hungry/dunstan-neh_48.wav,hungry,train,2,time_shift,"{""fraction"":0.09512}",27,12057732405717664221,virtual:aug_f492e9d3f52dfc6d644a
aug_0cb7af400cc6e9e1f55d,rec_b9118574ae063823a271,D:\INFANT CRY\data_set_dbl_split\train\hungry\4927_F_neh.wav,hungry/4927_F_neh.wav,hungry,train,2,gaussian_noise,"{""noise_factor"":0.002845676}",28,14673190853062876492,virtual:aug_0cb7af400cc6e9e1f55d
aug_2cb2bd49a128aa96366b,rec_116326ebfd88ba6b8be5,D:\INFANT CRY\data_set_dbl_split\train\hungry\2621_F_neh.wav,hungry/2621_F_neh.wav,hungry,train,2,pitch_shift,"{""steps"":1.957791}",29,12376993509389454871,virtual:aug_2cb2bd49a128aa96366b
aug_669374d6c408fe7f9850,rec_1744f789c8836ae844cb,D:\INFANT CRY\data_set_dbl_split\train\hungry\3469_M_neh.wav,hungry/3469_M_neh.wav,hungry,train,2,pitch_shift,"{""steps"":-1.990575}",30,9970332119532953811,virtual:aug_669374d6c408fe7f9850
aug_5c2269dde6d24f332113,rec_866de97ef20add08af82,D:\INFANT CRY\data_set_dbl_split\train\hungry\828_M_neh.wav,hungry/828_M_neh.wav,hungry,train,2,time_stretch,"{""rate"":1.178856}",31,15325868318602301437,virtual:aug_5c2269dde6d24f332113
aug_bcadd6d791bf22824c65,rec_877d2010d59db49c24c5,D:\INFANT CRY\data_set_dbl_split\train\hungry\3844_F_neh.wav,hungry/3844_F_neh.wav,hungry,train,2,time_stretch,"{""rate"":0.80592}",32,7505292160007131676,virtual:aug_bcadd6d791bf22824c65
aug_5ab23f566c51c0d08bd3,rec_3fe79ebb70341bbf14f7,D:\INFANT CRY\data_set_dbl_split\train\hungry\4727_M_neh.wav,hungry/4727_M_neh.wav,hungry,train,2,gaussian_noise,"{""noise_factor"":0.005524836}",33,2217562119722591755,virtual:aug_5ab23f566c51c0d08bd3
aug_765568080e41215db7ba,rec_3b32ae946ba19d17300d,D:\INFANT CRY\data_set_dbl_split\train\hungry\3333_M_neh.wav,hungry/3333_M_neh.wav,hungry,train,2,pitch_shift,"{""steps"":0.911564}",34,5223756031036958833,virtual:aug_765568080e41215db7ba
aug_41f499acc1e2969c95f7,rec_5c7b94899a81eecee357,D:\INFANT CRY\data_set_dbl_split\train\hungry\2973_M_neh.wav,hungry/2973_M_neh.wav,hungry,train,2,pitch_shift,"{""steps"":-0.931118}",35,12230303292844348682,virtual:aug_41f499acc1e2969c95f7
aug_bff1cd9301ad99ec307e,rec_005ff6f9034c11225ab6,D:\INFANT CRY\data_set_dbl_split\train\hungry\1620_M_neh.wav,hungry/1620_M_neh.wav,hungry,train,2,time_stretch,"{""rate"":1.084761}",36,11488464089918907786,virtual:aug_bff1cd9301ad99ec307e
aug_237eea09a78301f0b1cf,rec_c4c64bc3a334453f65f3,D:\INFANT CRY\data_set_dbl_split\train\hungry\1641_M_neh.wav,hungry/1641_M_neh.wav,hungry,train,2,time_stretch,"{""rate"":0.882375}",37,18265479841801671499,virtual:aug_237eea09a78301f0b1cf
aug_2dd7a5b4edaff2ce6aaf,rec_843d0ff9482328148496,D:\INFANT CRY\data_set_dbl_split\train\hungry\4928_M_neh.wav,hungry/4928_M_neh.wav,hungry,train,2,time_shift,"{""fraction"":0.0123809}",38,17190679020940269499,virtual:aug_2dd7a5b4edaff2ce6aaf
aug_2ac2b3b3bc098a8c5458,rec_b1207cfc484bb3ba4c5b,D:\INFANT CRY\data_set_dbl_split\train\hungry\3541_M_neh.wav,hungry/3541_M_neh.wav,hungry,train,2,gaussian_noise,"{""noise_factor"":0.002362845}",39,1268052974729502949,virtual:aug_2ac2b3b3bc098a8c5458
aug_d57326207e3c94307fed,rec_4207d13dec28146787c8,D:\INFANT CRY\data_set_dbl_split\train\hungry\2848_F_neh.wav,hungry/2848_F_neh.wav,hungry,train,2,pitch_shift,"{""steps"":2.080646}",40,7538439800230009969,virtual:aug_d57326207e3c94307fed
aug_6dad82e36f97acb3c82d,rec_9cf4fb751fdcfd3e5fa1,D:\INFANT CRY\data_set_dbl_split\train\hungry\3146_F_neh.wav,hungry/3146_F_neh.wav,hungry,train,2,pitch_shift,"{""steps"":-1.983308}",41,15090007667960693240,virtual:aug_6dad82e36f97acb3c82d
aug_b0bebb21487bab2d3ff7,rec_f897edc91aad92f1f4d4,D:\INFANT CRY\data_set_dbl_split\train\hungry\1521_F_neh.wav,hungry/1521_F_neh.wav,hungry,train,2,time_stretch,"{""rate"":1.195114}",42,15607630427650640998,virtual:aug_b0bebb21487bab2d3ff7
aug_0b5a4d67f6a9f6668a4f,rec_ccb877ec7dda7cdd6786,D:\INFANT CRY\data_set_dbl_split\train\hungry\3672_M_neh.wav,hungry/3672_M_neh.wav,hungry,train,2,time_stretch,"{""rate"":0.813188}",43,3025202209577990855,virtual:aug_0b5a4d67f6a9f6668a4f
aug_f6c9545ab9908ec0e0e1,rec_606b51628a29d576c7f5,D:\INFANT CRY\data_set_dbl_split\train\hungry\3676_M_neh.wav,hungry/3676_M_neh.wav,hungry,train,2,gaussian_noise,"{""noise_factor"":0.004531224}",44,18246328672377901021,virtual:aug_f6c9545ab9908ec0e0e1
aug_8dd63611c6d9d04c28fb,rec_883b3d09371eb4815a3c,D:\INFANT CRY\data_set_dbl_split\train\hungry\3782_M_neh.wav,hungry/3782_M_neh.wav,hungry,train,2,pitch_shift,"{""steps"":1.097558}",45,4387558432550251885,virtual:aug_8dd63611c6d9d04c28fb
aug_39668810e494b3b91d19,rec_2e0608ae3276e423cd26,D:\INFANT CRY\data_set_dbl_split\train\hungry\704_M_neh.wav,hungry/704_M_neh.wav,hungry,train,2,pitch_shift,"{""steps"":-1.05621}",46,8308895531682444092,virtual:aug_39668810e494b3b91d19
aug_691a7cba28b0055e4b96,rec_7f539cdc99c86f56f54a,D:\INFANT CRY\data_set_dbl_split\train\hungry\1332_F_neh.wav,hungry/1332_F_neh.wav,hungry,train,2,time_stretch,"{""rate"":1.099807}",47,750407121725873371,virtual:aug_691a7cba28b0055e4b96
aug_be7c71746cc9b04776d1,rec_84297140893c78309e78,D:\INFANT CRY\data_set_dbl_split\train\hungry\dunstan-neh_34.wav,hungry/dunstan-neh_34.wav,hungry,train,2,time_stretch,"{""rate"":0.882399}",48,10066296360308847679,virtual:aug_be7c71746cc9b04776d1
aug_1cc7ff2ca34bf8192383,rec_75255312c2aae67afa1a,D:\INFANT CRY\data_set_dbl_split\train\hungry\2331_M_neh.wav,hungry/2331_M_neh.wav,hungry,train,2,time_shift,"{""fraction"":-0.0440585}",49,6157883429766484468,virtual:aug_1cc7ff2ca34bf8192383
aug_cdefca805ec0e92e0dc3,rec_27d5d632e1e1c98d5156,D:\INFANT CRY\data_set_dbl_split\train\hungry\2226_M_neh.wav,hungry/2226_M_neh.wav,hungry,train,2,gaussian_noise,"{""noise_factor"":0.002343066}",50,2299515554217795747,virtual:aug_cdefca805ec0e92e0dc3
aug_44bcb6cb0c20eb6645c9,rec_3eeb6dcac3167d9919e6,D:\INFANT CRY\data_set_dbl_split\train\hungry\4221_M_neh.wav,hungry/4221_M_neh.wav,hungry,train,2,pitch_shift,"{""steps"":2.074438}",51,3517622695943412684,virtual:aug_44bcb6cb0c20eb6645c9
aug_223d1ea189c3b662a77d,rec_9a989ed48e3e18f22982,D:\INFANT CRY\data_set_dbl_split\train\hungry\dunstan-neh_70.wav,hungry/dunstan-neh_70.wav,hungry,train,2,pitch_shift,"{""steps"":-1.930881}",52,13840770231912736330,virtual:aug_223d1ea189c3b662a77d
aug_b1f1baaf5305d8062090,rec_bdcdd560bdde23d75dcf,D:\INFANT CRY\data_set_dbl_split\train\hungry\246_M_neh.wav,hungry/246_M_neh.wav,hungry,train,2,time_stretch,"{""rate"":1.223071}",53,929727818358342642,virtual:aug_b1f1baaf5305d8062090
aug_bb3c33454d95aa53cac3,rec_0ebec3765679d0d21c7c,D:\INFANT CRY\data_set_dbl_split\train\hungry\dunstan-neh_11.wav,hungry/dunstan-neh_11.wav,hungry,train,2,time_stretch,"{""rate"":0.791176}",54,3168909867657760530,virtual:aug_bb3c33454d95aa53cac3
aug_b2070fe05b0e020cc4e9,rec_c54b65ed121bcd33064a,D:\INFANT CRY\data_set_dbl_split\train\hungry\dunstan-neh_33.wav,hungry/dunstan-neh_33.wav,hungry,train,2,gaussian_noise,"{""noise_factor"":0.00539344}",55,8242064587249188031,virtual:aug_b2070fe05b0e020cc4e9
aug_1429025aee3874dc57ed,rec_bd47283574366dba00f9,D:\INFANT CRY\data_set_dbl_split\train\hungry\3269_M_neh.wav,hungry/3269_M_neh.wav,hungry,train,2,pitch_shift,"{""steps"":0.99828}",56,10780172597237652831,virtual:aug_1429025aee3874dc57ed
aug_a77db7e86f2e99c1fbfd,rec_e0b99c082ada88b0aa3b,D:\INFANT CRY\data_set_dbl_split\train\hungry\4806_F_neh.wav,hungry/4806_F_neh.wav,hungry,train,2,pitch_shift,"{""steps"":-1.045719}",57,12721193149086505681,virtual:aug_a77db7e86f2e99c1fbfd
aug_6c4ab479ed4909debef9,rec_3ca5af599f5e2d718692,D:\INFANT CRY\data_set_dbl_split\train\hungry\303_F_neh.wav,hungry/303_F_neh.wav,hungry,train,2,time_stretch,"{""rate"":1.093945}",58,9853027373670735325,virtual:aug_6c4ab479ed4909debef9
aug_4830c2b6f938101d0ecd,rec_6e37e8a77e8237f8a1e7,D:\INFANT CRY\data_set_dbl_split\train\hungry\dunstan-neh_18.wav,hungry/dunstan-neh_18.wav,hungry,train,2,time_stretch,"{""rate"":0.90337}",59,4335399664806946224,virtual:aug_4830c2b6f938101d0ecd
aug_f264eff2de115f4a35e7,rec_67cd8ebaa80d4dbd74da,D:\INFANT CRY\data_set_dbl_split\train\hungry\dunstan-neh_56.wav,hungry/dunstan-neh_56.wav,hungry,train,2,time_shift,"{""fraction"":0.0077709}",60,11188568878521620967,virtual:aug_f264eff2de115f4a35e7
aug_5866daa6e8156422f120,rec_bbeadf4eccca05727d8d,D:\INFANT CRY\data_set_dbl_split\train\hungry\2984_M_neh.wav,hungry/2984_M_neh.wav,hungry,train,2,gaussian_noise,"{""noise_factor"":0.002826956}",61,5134485600109681923,virtual:aug_5866daa6e8156422f120
aug_9de6e24dfdcd417eedde,rec_30dd61c9506d4c0ad6d5,D:\INFANT CRY\data_set_dbl_split\train\hungry\1262_F_neh.wav,hungry/1262_F_neh.wav,hungry,train,2,pitch_shift,"{""steps"":1.848936}",62,12983167929749335125,virtual:aug_9de6e24dfdcd417eedde
aug_81f6d9b7626e0406baf4,rec_27af923979666dc49a07,D:\INFANT CRY\data_set_dbl_split\train\hungry\1279_F_neh.wav,hungry/1279_F_neh.wav,hungry,train,2,pitch_shift,"{""steps"":-1.897423}",63,16507729825785044236,virtual:aug_81f6d9b7626e0406baf4
aug_04468b27947db52f6552,rec_4ff6a5878311508cf9b3,D:\INFANT CRY\data_set_dbl_split\train\hungry\dunstan-neh_23.wav,hungry/dunstan-neh_23.wav,hungry,train,2,time_stretch,"{""rate"":1.219744}",64,12262765390070637738,virtual:aug_04468b27947db52f6552
aug_c906e8f908596deb9d49,rec_93a6be1a88f70e583f68,D:\INFANT CRY\data_set_dbl_split\train\hungry\3384_F_neh.wav,hungry/3384_F_neh.wav,hungry,train,2,time_stretch,"{""rate"":0.818741}",65,10945580292679435072,virtual:aug_c906e8f908596deb9d49
aug_9d78b87ad0cecdf32575,rec_674a9d5caada9832f371,D:\INFANT CRY\data_set_dbl_split\train\hungry\3830_M_neh.wav,hungry/3830_M_neh.wav,hungry,train,2,gaussian_noise,"{""noise_factor"":0.005403242}",66,14167765031239433815,virtual:aug_9d78b87ad0cecdf32575
aug_982b9af0c2d244718f69,rec_0ecdc0cd17162e55aad8,D:\INFANT CRY\data_set_dbl_split\train\hungry\dunstan-neh_57.wav,hungry/dunstan-neh_57.wav,hungry,train,2,pitch_shift,"{""steps"":0.861852}",67,9044247811039552317,virtual:aug_982b9af0c2d244718f69
aug_5bbcecff9f1770ca6ef9,rec_4b4785d5ae74ada7c3ec,D:\INFANT CRY\data_set_dbl_split\train\hungry\dunstan-neh_58.wav,hungry/dunstan-neh_58.wav,hungry,train,2,pitch_shift,"{""steps"":-1.04825}",68,1385532585889794609,virtual:aug_5bbcecff9f1770ca6ef9
aug_162122a02ff1899b0657,rec_292be120aac79f3d8aad,D:\INFANT CRY\data_set_dbl_split\train\hungry\458_F_neh.wav,hungry/458_F_neh.wav,hungry,train,2,time_stretch,"{""rate"":1.089648}",69,17997779235835090168,virtual:aug_162122a02ff1899b0657
aug_e60e53cfe65094ca095a,rec_d063c5f9742a23575dbd,D:\INFANT CRY\data_set_dbl_split\train\hungry\dunstan-neh_43.wav,hungry/dunstan-neh_43.wav,hungry,train,2,time_stretch,"{""rate"":0.923609}",70,1725492364867340632,virtual:aug_e60e53cfe65094ca095a
aug_b65dd9246a732584f522,rec_07bbcb1c1339e971458e,D:\INFANT CRY\data_set_dbl_split\train\hungry\dunstan-neh_2.wav,hungry/dunstan-neh_2.wav,hungry,train,2,time_shift,"{""fraction"":0.0026973}",71,10587551817009715585,virtual:aug_b65dd9246a732584f522
aug_de5c247578178f540d93,rec_2ff671b1852890e69b00,D:\INFANT CRY\data_set_dbl_split\train\hungry\3044_M_neh.wav,hungry/3044_M_neh.wav,hungry,train,2,gaussian_noise,"{""noise_factor"":0.00234519}",72,10357636681304115840,virtual:aug_de5c247578178f540d93
aug_441b22a708b65d6c0f5a,rec_863f55a8b59a50be7319,D:\INFANT CRY\data_set_dbl_split\train\hungry\2297_F_neh.wav,hungry/2297_F_neh.wav,hungry,train,2,pitch_shift,"{""steps"":2.152887}",73,8844088880398444557,virtual:aug_441b22a708b65d6c0f5a
aug_da411766472173e6baa4,rec_2074b86eecde9140b59b,D:\INFANT CRY\data_set_dbl_split\train\hungry\dunstan-neh_14.wav,hungry/dunstan-neh_14.wav,hungry,train,2,pitch_shift,"{""steps"":-2.080804}",74,14949401528443383255,virtual:aug_da411766472173e6baa4
aug_0fcd97a91838991df613,rec_46944c0538596aeac65b,D:\INFANT CRY\data_set_dbl_split\train\hungry\1508_M_neh.wav,hungry/1508_M_neh.wav,hungry,train,2,time_stretch,"{""rate"":1.220708}",75,8216033966217732078,virtual:aug_0fcd97a91838991df613
aug_a846bbb8ef2bfed99de6,rec_3a395ce757448ae52bb1,D:\INFANT CRY\data_set_dbl_split\train\hungry\980_F_neh.wav,hungry/980_F_neh.wav,hungry,train,2,time_stretch,"{""rate"":0.796541}",76,5294780764228087990,virtual:aug_a846bbb8ef2bfed99de6
aug_e12d082db164936f8c65,rec_999b11113921ddf86a11,D:\INFANT CRY\data_set_dbl_split\train\hungry\4652_M_neh.wav,hungry/4652_M_neh.wav,hungry,train,2,gaussian_noise,"{""noise_factor"":0.005703578}",77,10527636706650961115,virtual:aug_e12d082db164936f8c65
aug_f550a6beae48b3096811,rec_9305bbcd4444176c69fc,D:\INFANT CRY\data_set_dbl_split\train\hungry\4717_M_neh.wav,hungry/4717_M_neh.wav,hungry,train,2,pitch_shift,"{""steps"":0.958792}",78,6981523925918887997,virtual:aug_f550a6beae48b3096811
aug_e12292b76587a8819f28,rec_c22b93676c972031c987,D:\INFANT CRY\data_set_dbl_split\train\hungry\1202_F_neh.wav,hungry/1202_F_neh.wav,hungry,train,2,pitch_shift,"{""steps"":-1.117177}",79,11119232691394679907,virtual:aug_e12292b76587a8819f28
aug_3bba54f50dba805a4164,rec_19f421ef58c3bf799ef8,D:\INFANT CRY\data_set_dbl_split\train\hungry\99_M_neh.wav,hungry/99_M_neh.wav,hungry,train,2,time_stretch,"{""rate"":1.092919}",80,10551323799226658247,virtual:aug_3bba54f50dba805a4164
aug_568c0bb8c6449b96493f,rec_563bf3b849e217c99c2b,D:\INFANT CRY\data_set_dbl_split\train\hungry\dunstan-neh_66.wav,hungry/dunstan-neh_66.wav,hungry,train,2,time_stretch,"{""rate"":0.898036}",81,10813835451902449387,virtual:aug_568c0bb8c6449b96493f
aug_410c9e43af9ef4439f39,rec_54896c135751fc926faf,D:\INFANT CRY\data_set_dbl_split\train\hungry\804_F_neh.wav,hungry/804_F_neh.wav,hungry,train,2,time_shift,"{""fraction"":-0.0575611}",82,15718655183910885792,virtual:aug_410c9e43af9ef4439f39
aug_bf0c4cd7d9eefbb3b056,rec_adb4bfea9da208dd77b4,D:\INFANT CRY\data_set_dbl_split\train\hungry\2581_F_neh.wav,hungry/2581_F_neh.wav,hungry,train,2,gaussian_noise,"{""noise_factor"":0.002218925}",83,17317895432878345351,virtual:aug_bf0c4cd7d9eefbb3b056
aug_7d810017fe8e4fecc803,rec_ec34fb05fcd5397abee1,D:\INFANT CRY\data_set_dbl_split\train\hungry\2392_M_neh.wav,hungry/2392_M_neh.wav,hungry,train,2,pitch_shift,"{""steps"":2.168884}",84,5494567906681343881,virtual:aug_7d810017fe8e4fecc803
aug_ed0a6194e03e5f540229,rec_2f44b2a29b63c403f247,D:\INFANT CRY\data_set_dbl_split\train\hungry\516_M_neh.wav,hungry/516_M_neh.wav,hungry,train,2,pitch_shift,"{""steps"":-1.879313}",85,10409999329438520321,virtual:aug_ed0a6194e03e5f540229
aug_f96df06badbfc08954a0,rec_82f5f9b88b7fc28f0a7c,D:\INFANT CRY\data_set_dbl_split\train\hungry\dunstan-neh_6.wav,hungry/dunstan-neh_6.wav,hungry,train,2,time_stretch,"{""rate"":1.217066}",86,9147008159584171461,virtual:aug_f96df06badbfc08954a0
aug_834a8dbcf799d6651df1,rec_9fda6433c0cfb05ba603,D:\INFANT CRY\data_set_dbl_split\train\hungry\2790_M_neh.wav,hungry/2790_M_neh.wav,hungry,train,2,time_stretch,"{""rate"":0.821368}",87,8825449294998425692,virtual:aug_834a8dbcf799d6651df1
aug_25d02b896cc55d38c98a,rec_74b7b7b269cccff509b6,D:\INFANT CRY\data_set_dbl_split\train\hungry\3478_M_neh.wav,hungry/3478_M_neh.wav,hungry,train,2,gaussian_noise,"{""noise_factor"":0.005375493}",88,8521036593686991447,virtual:aug_25d02b896cc55d38c98a
aug_48216b5dee0b51e551a6,rec_ad007df31506959b9ddb,D:\INFANT CRY\data_set_dbl_split\train\hungry\2482_F_neh.wav,hungry/2482_F_neh.wav,hungry,train,2,pitch_shift,"{""steps"":0.878011}",89,6051578368379277774,virtual:aug_48216b5dee0b51e551a6
aug_6ffd2cacdbcfb3e7d9c4,rec_8fb0a7696007be9b34c3,D:\INFANT CRY\data_set_dbl_split\train\hungry\4920_F_neh.wav,hungry/4920_F_neh.wav,hungry,train,2,pitch_shift,"{""steps"":-1.03897}",90,9259442269639130203,virtual:aug_6ffd2cacdbcfb3e7d9c4
aug_d893eb163250228beb75,rec_e0a54a38ab9d7b6d3830,D:\INFANT CRY\data_set_dbl_split\train\hungry\463_M_neh.wav,hungry/463_M_neh.wav,hungry,train,2,time_stretch,"{""rate"":1.113334}",91,2272828592667271223,virtual:aug_d893eb163250228beb75
aug_17876faa2d7ff707085e,rec_b6b8af0ffd9a4ace9287,D:\INFANT CRY\data_set_dbl_split\train\hungry\1122_M_neh.wav,hungry/1122_M_neh.wav,hungry,train,2,time_stretch,"{""rate"":0.887696}",92,17335256920998596575,virtual:aug_17876faa2d7ff707085e
aug_909a8fbbb2782b25f0cc,rec_f671c2c6395fe494c784,D:\INFANT CRY\data_set_dbl_split\train\hungry\2160_F_neh.wav,hungry/2160_F_neh.wav,hungry,train,2,time_shift,"{""fraction"":0.0960394}",93,17060413026238683258,virtual:aug_909a8fbbb2782b25f0cc
aug_23ed2dc76dbf9c430225,rec_68a3b79ad863329c2fa0,D:\INFANT CRY\data_set_dbl_split\train\hungry\3168_M_neh.wav,hungry/3168_M_neh.wav,hungry,train,2,gaussian_noise,"{""noise_factor"":0.002760052}",94,11735017324699171325,virtual:aug_23ed2dc76dbf9c430225
aug_59139a704db6793152c2,rec_74340a312f1c957be1a5,D:\INFANT CRY\data_set_dbl_split\train\hungry\1554_M_neh.wav,hungry/1554_M_neh.wav,hungry,train,2,pitch_shift,"{""steps"":2.063011}",95,1075397948626141657,virtual:aug_59139a704db6793152c2
aug_5a940ae8a8dc12c074aa,rec_95ecc93388c308db3fbd,D:\INFANT CRY\data_set_dbl_split\train\hungry\2219_M_neh.wav,hungry/2219_M_neh.wav,hungry,train,2,pitch_shift,"{""steps"":-1.830955}",96,5225868090497564634,virtual:aug_5a940ae8a8dc12c074aa
aug_2964b35ce8ffb2e6c508,rec_0552af17ff94910f260a,D:\INFANT CRY\data_set_dbl_split\train\hungry\dunstan-neh_7.wav,hungry/dunstan-neh_7.wav,hungry,train,2,time_stretch,"{""rate"":1.210239}",97,4560127711291523977,virtual:aug_2964b35ce8ffb2e6c508
aug_79791e4df3dc1ccf43e6,rec_3d86d6ced59383b732db,D:\INFANT CRY\data_set_dbl_split\train\hungry\691_M_neh.wav,hungry/691_M_neh.wav,hungry,train,2,time_stretch,"{""rate"":0.779101}",98,9759653368693143636,virtual:aug_79791e4df3dc1ccf43e6
aug_6a141f1c2a9e6521fbfa,rec_06c98458513d1a15c986,D:\INFANT CRY\data_set_dbl_split\train\hungry\2301_M_neh.wav,hungry/2301_M_neh.wav,hungry,train,2,gaussian_noise,"{""noise_factor"":0.004379786}",99,383473128736209942,virtual:aug_6a141f1c2a9e6521fbfa
aug_c00bcf7b24c4c48b4abe,rec_631606b7209247dd5eae,D:\INFANT CRY\data_set_dbl_split\train\hungry\3514_M_neh.wav,hungry/3514_M_neh.wav,hungry,train,2,pitch_shift,"{""steps"":0.840154}",100,1386742648803279603,virtual:aug_c00bcf7b24c4c48b4abe
aug_4f443850008eeaf8d600,rec_b0ac810c71cf73db1ee2,D:\INFANT CRY\data_set_dbl_split\train\hungry\dunstan-neh_15.wav,hungry/dunstan-neh_15.wav,hungry,train,2,pitch_shift,"{""steps"":-0.882642}",101,348894370191892748,virtual:aug_4f443850008eeaf8d600
aug_8e13ca92ba1996501502,rec_dabc4e82a87f09753719,D:\INFANT CRY\data_set_dbl_split\train\hungry\dunstan-neh_36.wav,hungry/dunstan-neh_36.wav,hungry,train,2,time_stretch,"{""rate"":1.086394}",102,10908170632476812245,virtual:aug_8e13ca92ba1996501502
aug_7e4e8c2cc661e7bc3c13,rec_0219106d49c86a8ef26c,D:\INFANT CRY\data_set_dbl_split\train\hungry\dunstan-neh_72.wav,hungry/dunstan-neh_72.wav,hungry,train,2,time_stretch,"{""rate"":0.917837}",103,7903947710352609417,virtual:aug_7e4e8c2cc661e7bc3c13
aug_707e1e7144b17d305af7,rec_1ead87a594d0546fc079,D:\INFANT CRY\data_set_dbl_split\train\hungry\dunstan-neh_51.wav,hungry/dunstan-neh_51.wav,hungry,train,2,time_shift,"{""fraction"":0.0519237}",104,4488103763966519653,virtual:aug_707e1e7144b17d305af7
aug_609dd7eb6f77705b6117,rec_91e53f1ceddf3f56f535,D:\INFANT CRY\data_set_dbl_split\train\hungry\265_M_neh.wav,hungry/265_M_neh.wav,hungry,train,2,gaussian_noise,"{""noise_factor"":0.002168101}",105,15862848374884729319,virtual:aug_609dd7eb6f77705b6117
aug_4735d8144e41ff44ac65,rec_aa120f51f1874bfc4566,D:\INFANT CRY\data_set_dbl_split\train\hungry\3870_M_neh.wav,hungry/3870_M_neh.wav,hungry,train,2,pitch_shift,"{""steps"":2.170313}",106,16487638819012781638,virtual:aug_4735d8144e41ff44ac65
aug_c5e0287d4b9ec7ae5c8b,rec_7c3c65da7a88a56a3da5,D:\INFANT CRY\data_set_dbl_split\train\hungry\dunstan-neh_38.wav,hungry/dunstan-neh_38.wav,hungry,train,2,pitch_shift,"{""steps"":-1.940939}",107,12815274559900214673,virtual:aug_c5e0287d4b9ec7ae5c8b
aug_597ba2b115355f327fe9,rec_8f4ae3b0a43cca27a403,D:\INFANT CRY\data_set_dbl_split\train\hungry\dunstan-neh_39.wav,hungry/dunstan-neh_39.wav,hungry,train,2,time_stretch,"{""rate"":1.177953}",108,3952133470738306383,virtual:aug_597ba2b115355f327fe9
aug_8cca1fd7758f3654b028,rec_87323d3270f1b8f6e507,D:\INFANT CRY\data_set_dbl_split\train\hungry\2317_M_neh.wav,hungry/2317_M_neh.wav,hungry,train,2,time_stretch,"{""rate"":0.790657}",109,15852877377605993076,virtual:aug_8cca1fd7758f3654b028
aug_b666a0eacacbf1eda372,rec_da1f1379e0826d51b53e,D:\INFANT CRY\data_set_dbl_split\train\hungry\4111_M_neh.wav,hungry/4111_M_neh.wav,hungry,train,2,gaussian_noise,"{""noise_factor"":0.005412519}",110,1442632588926172174,virtual:aug_b666a0eacacbf1eda372
aug_41c43c46dbb05f1203f9,rec_e4ad00feb28f4c6c7b7c,D:\INFANT CRY\data_set_dbl_split\train\hungry\4387_M_neh.wav,hungry/4387_M_neh.wav,hungry,train,2,pitch_shift,"{""steps"":1.183207}",111,1635889853431094816,virtual:aug_41c43c46dbb05f1203f9
aug_9822f151c55cfc07f541,rec_4aeef63044c75c534d96,D:\INFANT CRY\data_set_dbl_split\train\hungry\2514_M_neh.wav,hungry/2514_M_neh.wav,hungry,train,2,pitch_shift,"{""steps"":-1.118629}",112,2234702660093617079,virtual:aug_9822f151c55cfc07f541
aug_f2c113447033e5f0a9ac,rec_ea7d0967f9ac5dec1709,D:\INFANT CRY\data_set_dbl_split\train\hungry\1770_M_neh.wav,hungry/1770_M_neh.wav,hungry,train,2,time_stretch,"{""rate"":1.104238}",113,5571528917502403267,virtual:aug_f2c113447033e5f0a9ac
aug_cec3b0006283f83ac356,rec_35a314bcf50ccf77f9b4,D:\INFANT CRY\data_set_dbl_split\train\hungry\1136_M_neh.wav,hungry/1136_M_neh.wav,hungry,train,2,time_stretch,"{""rate"":0.893138}",114,8005022923161293742,virtual:aug_cec3b0006283f83ac356
aug_e5a613e4d3fdcb33e867,rec_463180d5d281fe991930,D:\INFANT CRY\data_set_dbl_split\train\hungry\3701_F_neh.wav,hungry/3701_F_neh.wav,hungry,train,2,time_shift,"{""fraction"":-0.0966317}",115,5392014659041117833,virtual:aug_e5a613e4d3fdcb33e867
aug_5691c0e6a1f2d17e88a2,rec_2e6b9cce63bb62c81682,D:\INFANT CRY\data_set_dbl_split\train\hungry\1127_M_neh.wav,hungry/1127_M_neh.wav,hungry,train,2,gaussian_noise,"{""noise_factor"":0.002784498}",116,18101915695262459453,virtual:aug_5691c0e6a1f2d17e88a2
aug_ec1dfbd2ff8260e8a13f,rec_483da636af8546408bfa,D:\INFANT CRY\data_set_dbl_split\train\hungry\3844_M_neh.wav,hungry/3844_M_neh.wav,hungry,train,2,pitch_shift,"{""steps"":2.155697}",117,277348599652792040,virtual:aug_ec1dfbd2ff8260e8a13f
aug_6f116d06f2bee742afe4,rec_ee5e2c9bd7afb52ebe96,D:\INFANT CRY\data_set_dbl_split\train\hungry\1424_M_neh.wav,hungry/1424_M_neh.wav,hungry,train,2,pitch_shift,"{""steps"":-1.815206}",118,7921906091613990950,virtual:aug_6f116d06f2bee742afe4
aug_e0897372db7916e105a2,rec_bec629bc5031bc22eb9b,D:\INFANT CRY\data_set_dbl_split\train\hungry\186_M_neh.wav,hungry/186_M_neh.wav,hungry,train,2,time_stretch,"{""rate"":1.196646}",119,3609485934754104491,virtual:aug_e0897372db7916e105a2
aug_19ff0b2d3065ec668c67,rec_8a26e0da4af7d57a6c76,D:\INFANT CRY\data_set_dbl_split\train\hungry\4541_M_neh.wav,hungry/4541_M_neh.wav,hungry,train,2,time_stretch,"{""rate"":0.780777}",120,4278036408886822178,virtual:aug_19ff0b2d3065ec668c67
aug_610d10ef23cce704e843,rec_3f27c431eeb305663abf,D:\INFANT CRY\data_set_dbl_split\train\hungry\2326_M_neh.wav,hungry/2326_M_neh.wav,hungry,train,2,gaussian_noise,"{""noise_factor"":0.005247736}",121,7452492107375711347,virtual:aug_610d10ef23cce704e843
aug_2f17e7ea764ddcb436c1,rec_bfa6747f918f5738d1c3,D:\INFANT CRY\data_set_dbl_split\train\hungry\4918_M_neh.wav,hungry/4918_M_neh.wav,hungry,train,2,pitch_shift,"{""steps"":0.962898}",122,4927437854530918061,virtual:aug_2f17e7ea764ddcb436c1
aug_a5f40d613663d1195be2,rec_54271dc6c4c35a84a3f0,D:\INFANT CRY\data_set_dbl_split\train\hungry\dunstan-neh_55.wav,hungry/dunstan-neh_55.wav,hungry,train,2,pitch_shift,"{""steps"":-1.138419}",123,7155545018656927947,virtual:aug_a5f40d613663d1195be2
aug_0e6c55d57135ea9e3f52,rec_7de1538e4e8923365a69,D:\INFANT CRY\data_set_dbl_split\train\hungry\1838_M_neh.wav,hungry/1838_M_neh.wav,hungry,train,2,time_stretch,"{""rate"":1.093642}",124,6228288045257813974,virtual:aug_0e6c55d57135ea9e3f52
aug_69f95f92d58b4c1ce6c7,rec_eb761db33bdc0705f83c,D:\INFANT CRY\data_set_dbl_split\train\hungry\4202_M_neh.wav,hungry/4202_M_neh.wav,hungry,train,2,time_stretch,"{""rate"":0.890673}",125,17872372669744719197,virtual:aug_69f95f92d58b4c1ce6c7
aug_621a1b5b08558f118f37,rec_e6f7616af9e95806b13f,D:\INFANT CRY\data_set_dbl_split\train\hungry\dunstan-neh_37.wav,hungry/dunstan-neh_37.wav,hungry,train,2,time_shift,"{""fraction"":-0.0372221}",126,13144410400319619798,virtual:aug_621a1b5b08558f118f37
aug_5c459678e148d75f0380,rec_db35c613515374caf95f,D:\INFANT CRY\data_set_dbl_split\train\hungry\dunstan-neh_21.wav,hungry/dunstan-neh_21.wav,hungry,train,2,gaussian_noise,"{""noise_factor"":0.002751359}",127,17543064325040532156,virtual:aug_5c459678e148d75f0380
aug_fe887e8bbc26c4adf823,rec_c5c7cc4019b6615df3ec,D:\INFANT CRY\data_set_dbl_split\train\hungry\377_F_neh.wav,hungry/377_F_neh.wav,hungry,train,2,pitch_shift,"{""steps"":2.12806}",128,8167203322482466144,virtual:aug_fe887e8bbc26c4adf823
aug_9666bd5becacd43d1111,rec_2972e6c8e16512407617,D:\INFANT CRY\data_set_dbl_split\train\hungry\290_M_neh.wav,hungry/290_M_neh.wav,hungry,train,2,pitch_shift,"{""steps"":-2.053574}",129,6817008699847835312,virtual:aug_9666bd5becacd43d1111
aug_4b3124ea9dd26828df62,rec_40337147c7cdb9b1f04e,D:\INFANT CRY\data_set_dbl_split\train\hungry\2515_M_neh.wav,hungry/2515_M_neh.wav,hungry,train,2,time_stretch,"{""rate"":1.218066}",130,15835140041493935604,virtual:aug_4b3124ea9dd26828df62
aug_1695e9b7c65f53565413,rec_372ed40ca92e5e14733f,D:\INFANT CRY\data_set_dbl_split\train\hungry\2108_M_neh.wav,hungry/2108_M_neh.wav,hungry,train,2,time_stretch,"{""rate"":0.77689}",131,350553052662662448,virtual:aug_1695e9b7c65f53565413
aug_22cb673e571d2e7f699c,rec_d8deea50d36d9d56286e,D:\INFANT CRY\data_set_dbl_split\train\hungry\851_M_neh.wav,hungry/851_M_neh.wav,hungry,train,2,gaussian_noise,"{""noise_factor"":0.005327755}",132,12991104280673659954,virtual:aug_22cb673e571d2e7f699c
aug_783b6d865588188c6673,rec_0fd521640fdbb5d41b79,D:\INFANT CRY\data_set_dbl_split\train\hungry\4306_F_neh.wav,hungry/4306_F_neh.wav,hungry,train,2,pitch_shift,"{""steps"":1.087351}",133,6170723930723074475,virtual:aug_783b6d865588188c6673
aug_aa89a7b5aef402eb4d0a,rec_cbccd8fd251b87fe11d5,D:\INFANT CRY\data_set_dbl_split\train\hungry\dunstan-neh_62.wav,hungry/dunstan-neh_62.wav,hungry,train,2,pitch_shift,"{""steps"":-1.109464}",134,2137203894537059688,virtual:aug_aa89a7b5aef402eb4d0a
aug_fa97e39819bf31dcb979,rec_5e3518bec6261a74ca5c,D:\INFANT CRY\data_set_dbl_split\train\hungry\4479_M_neh.wav,hungry/4479_M_neh.wav,hungry,train,2,time_stretch,"{""rate"":1.124436}",135,14789725523228025274,virtual:aug_fa97e39819bf31dcb979
aug_a11c9d40a608fd0e8147,rec_12aab60e9a224840d67b,D:\INFANT CRY\data_set_dbl_split\train\hungry\3988_M_neh.wav,hungry/3988_M_neh.wav,hungry,train,2,time_stretch,"{""rate"":0.893675}",136,24545369465221537,virtual:aug_a11c9d40a608fd0e8147
aug_04e5099b4e4cf1ea2962,rec_67bd9b946343aa8c831e,D:\INFANT CRY\data_set_dbl_split\train\hungry\1401_F_neh.wav,hungry/1401_F_neh.wav,hungry,train,2,time_shift,"{""fraction"":0.0444854}",137,10822423968825063039,virtual:aug_04e5099b4e4cf1ea2962
aug_5ab7c4d04d64d4b7f732,rec_a8ed319ae2c5af1fb4e7,D:\INFANT CRY\data_set_dbl_split\train\hungry\848_M_neh.wav,hungry/848_M_neh.wav,hungry,train,2,gaussian_noise,"{""noise_factor"":0.002607216}",138,7414387754238915672,virtual:aug_5ab7c4d04d64d4b7f732
aug_b4b2dda76805300d6d1c,rec_1d60bd35a759f5a32057,D:\INFANT CRY\data_set_dbl_split\train\hungry\dunstan-neh_48.wav,hungry/dunstan-neh_48.wav,hungry,train,2,pitch_shift,"{""steps"":1.989306}",139,17721707890149333150,virtual:aug_b4b2dda76805300d6d1c
aug_62c3a4c238490dfd9e0a,rec_b9118574ae063823a271,D:\INFANT CRY\data_set_dbl_split\train\hungry\4927_F_neh.wav,hungry/4927_F_neh.wav,hungry,train,2,pitch_shift,"{""steps"":-2.129635}",140,10914743953541172802,virtual:aug_62c3a4c238490dfd9e0a
aug_9147cf9cad184a55eb1d,rec_116326ebfd88ba6b8be5,D:\INFANT CRY\data_set_dbl_split\train\hungry\2621_F_neh.wav,hungry/2621_F_neh.wav,hungry,train,2,time_stretch,"{""rate"":1.179326}",141,16691340036977258757,virtual:aug_9147cf9cad184a55eb1d
aug_187a8109152f70e778c3,rec_1744f789c8836ae844cb,D:\INFANT CRY\data_set_dbl_split\train\hungry\3469_M_neh.wav,hungry/3469_M_neh.wav,hungry,train,2,time_stretch,"{""rate"":0.78099}",142,15198103213895566807,virtual:aug_187a8109152f70e778c3
aug_5a4d74df3af06d873141,rec_866de97ef20add08af82,D:\INFANT CRY\data_set_dbl_split\train\hungry\828_M_neh.wav,hungry/828_M_neh.wav,hungry,train,2,gaussian_noise,"{""noise_factor"":0.00427689}",143,13993859347987336366,virtual:aug_5a4d74df3af06d873141
aug_7585ffc4b15e71e990e5,rec_877d2010d59db49c24c5,D:\INFANT CRY\data_set_dbl_split\train\hungry\3844_F_neh.wav,hungry/3844_F_neh.wav,hungry,train,2,pitch_shift,"{""steps"":1.115002}",144,14464837051218005733,virtual:aug_7585ffc4b15e71e990e5
aug_c3ffea01ef3f097d57db,rec_3fe79ebb70341bbf14f7,D:\INFANT CRY\data_set_dbl_split\train\hungry\4727_M_neh.wav,hungry/4727_M_neh.wav,hungry,train,2,pitch_shift,"{""steps"":-0.937926}",145,16621757948899287674,virtual:aug_c3ffea01ef3f097d57db
aug_62ac4377b04bf3687a2f,rec_3b32ae946ba19d17300d,D:\INFANT CRY\data_set_dbl_split\train\hungry\3333_M_neh.wav,hungry/3333_M_neh.wav,hungry,train,2,time_stretch,"{""rate"":1.092201}",146,16946078094684620793,virtual:aug_62ac4377b04bf3687a2f
aug_187812e680b66ac7de6b,rec_5c7b94899a81eecee357,D:\INFANT CRY\data_set_dbl_split\train\hungry\2973_M_neh.wav,hungry/2973_M_neh.wav,hungry,train,2,time_stretch,"{""rate"":0.893319}",147,17392273349488419647,virtual:aug_187812e680b66ac7de6b
aug_8c3b8928f07473da47de,rec_005ff6f9034c11225ab6,D:\INFANT CRY\data_set_dbl_split\train\hungry\1620_M_neh.wav,hungry/1620_M_neh.wav,hungry,train,2,time_shift,"{""fraction"":-0.0695879}",148,1429557923205429780,virtual:aug_8c3b8928f07473da47de
aug_e2bb14ab44ea277b81ac,rec_c4c64bc3a334453f65f3,D:\INFANT CRY\data_set_dbl_split\train\hungry\1641_M_neh.wav,hungry/1641_M_neh.wav,hungry,train,2,gaussian_noise,"{""noise_factor"":0.002609804}",149,6229884611751271610,virtual:aug_e2bb14ab44ea277b81ac
aug_7e62d24c1f45d3ede56a,rec_843d0ff9482328148496,D:\INFANT CRY\data_set_dbl_split\train\hungry\4928_M_neh.wav,hungry/4928_M_neh.wav,hungry,train,2,pitch_shift,"{""steps"":2.058413}",150,7302127462373418532,virtual:aug_7e62d24c1f45d3ede56a
aug_c8ec2e7b5256cf2aec32,rec_b1207cfc484bb3ba4c5b,D:\INFANT CRY\data_set_dbl_split\train\hungry\3541_M_neh.wav,hungry/3541_M_neh.wav,hungry,train,2,pitch_shift,"{""steps"":-1.95098}",151,2879736885865974378,virtual:aug_c8ec2e7b5256cf2aec32
aug_e5ef48263163594487f6,rec_4207d13dec28146787c8,D:\INFANT CRY\data_set_dbl_split\train\hungry\2848_F_neh.wav,hungry/2848_F_neh.wav,hungry,train,2,time_stretch,"{""rate"":1.188352}",152,7326074520908484556,virtual:aug_e5ef48263163594487f6
aug_ca28803a42185886203d,rec_9cf4fb751fdcfd3e5fa1,D:\INFANT CRY\data_set_dbl_split\train\hungry\3146_F_neh.wav,hungry/3146_F_neh.wav,hungry,train,2,time_stretch,"{""rate"":0.797083}",153,10930757555829689519,virtual:aug_ca28803a42185886203d
aug_519ce454e7e12c75011c,rec_f897edc91aad92f1f4d4,D:\INFANT CRY\data_set_dbl_split\train\hungry\1521_F_neh.wav,hungry/1521_F_neh.wav,hungry,train,2,gaussian_noise,"{""noise_factor"":0.004849903}",154,12094852956765891663,virtual:aug_519ce454e7e12c75011c
aug_9ae877699d191cff5780,rec_ccb877ec7dda7cdd6786,D:\INFANT CRY\data_set_dbl_split\train\hungry\3672_M_neh.wav,hungry/3672_M_neh.wav,hungry,train,2,pitch_shift,"{""steps"":0.941865}",155,14737449311937774148,virtual:aug_9ae877699d191cff5780
aug_79d4fe9a702a00aa5dbc,rec_606b51628a29d576c7f5,D:\INFANT CRY\data_set_dbl_split\train\hungry\3676_M_neh.wav,hungry/3676_M_neh.wav,hungry,train,2,pitch_shift,"{""steps"":-0.987763}",156,16340899958537102856,virtual:aug_79d4fe9a702a00aa5dbc
aug_83fa7d2b15d17c07af62,rec_883b3d09371eb4815a3c,D:\INFANT CRY\data_set_dbl_split\train\hungry\3782_M_neh.wav,hungry/3782_M_neh.wav,hungry,train,2,time_stretch,"{""rate"":1.12433}",157,11182776742118321437,virtual:aug_83fa7d2b15d17c07af62
aug_7d25b0bf722f408a3cab,rec_2e0608ae3276e423cd26,D:\INFANT CRY\data_set_dbl_split\train\hungry\704_M_neh.wav,hungry/704_M_neh.wav,hungry,train,2,time_stretch,"{""rate"":0.885139}",158,6975976398924926830,virtual:aug_7d25b0bf722f408a3cab
aug_5fc9ce9bd6809096c335,rec_7f539cdc99c86f56f54a,D:\INFANT CRY\data_set_dbl_split\train\hungry\1332_F_neh.wav,hungry/1332_F_neh.wav,hungry,train,2,time_shift,"{""fraction"":-0.0963293}",159,1933076098671662777,virtual:aug_5fc9ce9bd6809096c335
aug_2b9f72a23463dd4fd51d,rec_84297140893c78309e78,D:\INFANT CRY\data_set_dbl_split\train\hungry\dunstan-neh_34.wav,hungry/dunstan-neh_34.wav,hungry,train,2,gaussian_noise,"{""noise_factor"":0.002618895}",160,13303647857656825434,virtual:aug_2b9f72a23463dd4fd51d
aug_209a3306326d035a6847,rec_75255312c2aae67afa1a,D:\INFANT CRY\data_set_dbl_split\train\hungry\2331_M_neh.wav,hungry/2331_M_neh.wav,hungry,train,2,pitch_shift,"{""steps"":2.040743}",161,3303984635358913854,virtual:aug_209a3306326d035a6847
aug_3fe7b62760a5bce8ca86,rec_27d5d632e1e1c98d5156,D:\INFANT CRY\data_set_dbl_split\train\hungry\2226_M_neh.wav,hungry/2226_M_neh.wav,hungry,train,2,pitch_shift,"{""steps"":-1.806031}",162,1243884542290976169,virtual:aug_3fe7b62760a5bce8ca86
aug_c1f14092387277c4b19b,rec_3eeb6dcac3167d9919e6,D:\INFANT CRY\data_set_dbl_split\train\hungry\4221_M_neh.wav,hungry/4221_M_neh.wav,hungry,train,2,time_stretch,"{""rate"":1.196075}",163,9082198601283941965,virtual:aug_c1f14092387277c4b19b
aug_4fa3d4c9869ce3a63570,rec_9a989ed48e3e18f22982,D:\INFANT CRY\data_set_dbl_split\train\hungry\dunstan-neh_70.wav,hungry/dunstan-neh_70.wav,hungry,train,2,time_stretch,"{""rate"":0.791089}",164,16589285450092026744,virtual:aug_4fa3d4c9869ce3a63570
aug_db1058c2d17c86e03c10,rec_bdcdd560bdde23d75dcf,D:\INFANT CRY\data_set_dbl_split\train\hungry\246_M_neh.wav,hungry/246_M_neh.wav,hungry,train,2,gaussian_noise,"{""noise_factor"":0.005099493}",165,18132833553081099806,virtual:aug_db1058c2d17c86e03c10
aug_8b1f54cf689dc2a2633d,rec_0ebec3765679d0d21c7c,D:\INFANT CRY\data_set_dbl_split\train\hungry\dunstan-neh_11.wav,hungry/dunstan-neh_11.wav,hungry,train,2,pitch_shift,"{""steps"":1.062926}",166,6966850395078269010,virtual:aug_8b1f54cf689dc2a2633d
aug_3399b353d52b16fedc2a,rec_c54b65ed121bcd33064a,D:\INFANT CRY\data_set_dbl_split\train\hungry\dunstan-neh_33.wav,hungry/dunstan-neh_33.wav,hungry,train,2,pitch_shift,"{""steps"":-0.924554}",167,3429777825093507620,virtual:aug_3399b353d52b16fedc2a
aug_f2ee2b68d66b44b2f846,rec_bd47283574366dba00f9,D:\INFANT CRY\data_set_dbl_split\train\hungry\3269_M_neh.wav,hungry/3269_M_neh.wav,hungry,train,2,time_stretch,"{""rate"":1.088579}",168,7994147732748481377,virtual:aug_f2ee2b68d66b44b2f846
aug_f5642406d826a5fc2424,rec_e0b99c082ada88b0aa3b,D:\INFANT CRY\data_set_dbl_split\train\hungry\4806_F_neh.wav,hungry/4806_F_neh.wav,hungry,train,2,time_stretch,"{""rate"":0.92309}",169,12936995554759361913,virtual:aug_f5642406d826a5fc2424
aug_477f5197e5eafdb33004,rec_3ca5af599f5e2d718692,D:\INFANT CRY\data_set_dbl_split\train\hungry\303_F_neh.wav,hungry/303_F_neh.wav,hungry,train,2,time_shift,"{""fraction"":0.0377973}",170,11076560064907153073,virtual:aug_477f5197e5eafdb33004
aug_608ffaff6c24b6ba147c,rec_6e37e8a77e8237f8a1e7,D:\INFANT CRY\data_set_dbl_split\train\hungry\dunstan-neh_18.wav,hungry/dunstan-neh_18.wav,hungry,train,2,gaussian_noise,"{""noise_factor"":0.002183263}",171,14535582911004377538,virtual:aug_608ffaff6c24b6ba147c
aug_076eb88e59fb9543465c,rec_67cd8ebaa80d4dbd74da,D:\INFANT CRY\data_set_dbl_split\train\hungry\dunstan-neh_56.wav,hungry/dunstan-neh_56.wav,hungry,train,2,pitch_shift,"{""steps"":2.086473}",172,5818117670966851167,virtual:aug_076eb88e59fb9543465c
aug_4e864878ba5e34bfdb31,rec_bbeadf4eccca05727d8d,D:\INFANT CRY\data_set_dbl_split\train\hungry\2984_M_neh.wav,hungry/2984_M_neh.wav,hungry,train,2,pitch_shift,"{""steps"":-1.946059}",173,4764826025404712761,virtual:aug_4e864878ba5e34bfdb31
aug_38ab1ded9cc47c23c646,rec_30dd61c9506d4c0ad6d5,D:\INFANT CRY\data_set_dbl_split\train\hungry\1262_F_neh.wav,hungry/1262_F_neh.wav,hungry,train,2,time_stretch,"{""rate"":1.218108}",174,1924897250942865221,virtual:aug_38ab1ded9cc47c23c646
aug_eaa0cc93f20e49250aae,rec_27af923979666dc49a07,D:\INFANT CRY\data_set_dbl_split\train\hungry\1279_F_neh.wav,hungry/1279_F_neh.wav,hungry,train,2,time_stretch,"{""rate"":0.777145}",175,11889087356964494578,virtual:aug_eaa0cc93f20e49250aae
aug_043640ccf8a8db0ef911,rec_4ff6a5878311508cf9b3,D:\INFANT CRY\data_set_dbl_split\train\hungry\dunstan-neh_23.wav,hungry/dunstan-neh_23.wav,hungry,train,2,gaussian_noise,"{""noise_factor"":0.004927253}",176,11626836485799738601,virtual:aug_043640ccf8a8db0ef911
aug_89fe9e1e4501ae6f5f9d,rec_93a6be1a88f70e583f68,D:\INFANT CRY\data_set_dbl_split\train\hungry\3384_F_neh.wav,hungry/3384_F_neh.wav,hungry,train,2,pitch_shift,"{""steps"":0.808241}",177,11018085664354586457,virtual:aug_89fe9e1e4501ae6f5f9d
aug_1c87f96852ca8b3b87b7,rec_674a9d5caada9832f371,D:\INFANT CRY\data_set_dbl_split\train\hungry\3830_M_neh.wav,hungry/3830_M_neh.wav,hungry,train,2,pitch_shift,"{""steps"":-0.878064}",178,1523527379534792576,virtual:aug_1c87f96852ca8b3b87b7
aug_c4dae58e203a1e1cbfc9,rec_0ecdc0cd17162e55aad8,D:\INFANT CRY\data_set_dbl_split\train\hungry\dunstan-neh_57.wav,hungry/dunstan-neh_57.wav,hungry,train,2,time_stretch,"{""rate"":1.119551}",179,9562978250474561267,virtual:aug_c4dae58e203a1e1cbfc9
aug_25b37d56bfe0ccea03a1,rec_4b4785d5ae74ada7c3ec,D:\INFANT CRY\data_set_dbl_split\train\hungry\dunstan-neh_58.wav,hungry/dunstan-neh_58.wav,hungry,train,2,time_stretch,"{""rate"":0.916167}",180,5679158482918730271,virtual:aug_25b37d56bfe0ccea03a1
aug_5df8cf31a7d4f19b540c,rec_292be120aac79f3d8aad,D:\INFANT CRY\data_set_dbl_split\train\hungry\458_F_neh.wav,hungry/458_F_neh.wav,hungry,train,2,time_shift,"{""fraction"":0.0954919}",181,1776773381866663616,virtual:aug_5df8cf31a7d4f19b540c
aug_eb8b40078a870406eb3e,rec_d063c5f9742a23575dbd,D:\INFANT CRY\data_set_dbl_split\train\hungry\dunstan-neh_43.wav,hungry/dunstan-neh_43.wav,hungry,train,2,gaussian_noise,"{""noise_factor"":0.002243053}",182,8648977380268700153,virtual:aug_eb8b40078a870406eb3e
aug_0ff289bf6fc07d594375,rec_07bbcb1c1339e971458e,D:\INFANT CRY\data_set_dbl_split\train\hungry\dunstan-neh_2.wav,hungry/dunstan-neh_2.wav,hungry,train,2,pitch_shift,"{""steps"":2.060042}",183,10037952215973260716,virtual:aug_0ff289bf6fc07d594375
aug_b1d7f63466a6044c66f7,rec_2ff671b1852890e69b00,D:\INFANT CRY\data_set_dbl_split\train\hungry\3044_M_neh.wav,hungry/3044_M_neh.wav,hungry,train,2,pitch_shift,"{""steps"":-1.855018}",184,1394988442747407647,virtual:aug_b1d7f63466a6044c66f7
aug_8b6d50e40363b8695e9e,rec_863f55a8b59a50be7319,D:\INFANT CRY\data_set_dbl_split\train\hungry\2297_F_neh.wav,hungry/2297_F_neh.wav,hungry,train,2,time_stretch,"{""rate"":1.175399}",185,11117616660277179031,virtual:aug_8b6d50e40363b8695e9e
aug_cac4bb4cf78a577f77a6,rec_2074b86eecde9140b59b,D:\INFANT CRY\data_set_dbl_split\train\hungry\dunstan-neh_14.wav,hungry/dunstan-neh_14.wav,hungry,train,2,time_stretch,"{""rate"":0.796764}",186,17438417454965223876,virtual:aug_cac4bb4cf78a577f77a6
aug_fa1fe9f0d76efc79b50b,rec_46944c0538596aeac65b,D:\INFANT CRY\data_set_dbl_split\train\hungry\1508_M_neh.wav,hungry/1508_M_neh.wav,hungry,train,2,gaussian_noise,"{""noise_factor"":0.004466464}",187,15898607049108269630,virtual:aug_fa1fe9f0d76efc79b50b
aug_149fc89002008d56a79a,rec_3a395ce757448ae52bb1,D:\INFANT CRY\data_set_dbl_split\train\hungry\980_F_neh.wav,hungry/980_F_neh.wav,hungry,train,2,pitch_shift,"{""steps"":0.926446}",188,1972063033276775587,virtual:aug_149fc89002008d56a79a
aug_28daadecd6bc71079218,rec_999b11113921ddf86a11,D:\INFANT CRY\data_set_dbl_split\train\hungry\4652_M_neh.wav,hungry/4652_M_neh.wav,hungry,train,2,pitch_shift,"{""steps"":-0.942741}",189,16047754577865913200,virtual:aug_28daadecd6bc71079218
aug_76b7c5706c59aa58c443,rec_9305bbcd4444176c69fc,D:\INFANT CRY\data_set_dbl_split\train\hungry\4717_M_neh.wav,hungry/4717_M_neh.wav,hungry,train,2,time_stretch,"{""rate"":1.077214}",190,16635207813719705677,virtual:aug_76b7c5706c59aa58c443
aug_53a974ac4950709bad9c,rec_c22b93676c972031c987,D:\INFANT CRY\data_set_dbl_split\train\hungry\1202_F_neh.wav,hungry/1202_F_neh.wav,hungry,train,2,time_stretch,"{""rate"":0.913664}",191,7633654723484510048,virtual:aug_53a974ac4950709bad9c
aug_2bde1d2fdbb0e5bc9b11,rec_19f421ef58c3bf799ef8,D:\INFANT CRY\data_set_dbl_split\train\hungry\99_M_neh.wav,hungry/99_M_neh.wav,hungry,train,2,time_shift,"{""fraction"":-0.0900471}",192,9208992222624784162,virtual:aug_2bde1d2fdbb0e5bc9b11
aug_5d0ec12bf86d0a009187,rec_563bf3b849e217c99c2b,D:\INFANT CRY\data_set_dbl_split\train\hungry\dunstan-neh_66.wav,hungry/dunstan-neh_66.wav,hungry,train,2,gaussian_noise,"{""noise_factor"":0.0027413}",193,1083931392052587885,virtual:aug_5d0ec12bf86d0a009187
aug_cc7892d9e3d52cb9390f,rec_54896c135751fc926faf,D:\INFANT CRY\data_set_dbl_split\train\hungry\804_F_neh.wav,hungry/804_F_neh.wav,hungry,train,2,pitch_shift,"{""steps"":1.874454}",194,1804034156618850574,virtual:aug_cc7892d9e3d52cb9390f
aug_dda518553adc7079cc91,rec_adb4bfea9da208dd77b4,D:\INFANT CRY\data_set_dbl_split\train\hungry\2581_F_neh.wav,hungry/2581_F_neh.wav,hungry,train,2,pitch_shift,"{""steps"":-2.128761}",195,9294269232177172710,virtual:aug_dda518553adc7079cc91
aug_f3471ee78e8f6f84e44b,rec_ec34fb05fcd5397abee1,D:\INFANT CRY\data_set_dbl_split\train\hungry\2392_M_neh.wav,hungry/2392_M_neh.wav,hungry,train,2,time_stretch,"{""rate"":1.190666}",196,6926129994756331740,virtual:aug_f3471ee78e8f6f84e44b
aug_b4974f8e1412cef0cdee,rec_2f44b2a29b63c403f247,D:\INFANT CRY\data_set_dbl_split\train\hungry\516_M_neh.wav,hungry/516_M_neh.wav,hungry,train,2,time_stretch,"{""rate"":0.808056}",197,13760875803002944532,virtual:aug_b4974f8e1412cef0cdee
aug_3455e718a6dac6d3d14c,rec_82f5f9b88b7fc28f0a7c,D:\INFANT CRY\data_set_dbl_split\train\hungry\dunstan-neh_6.wav,hungry/dunstan-neh_6.wav,hungry,train,2,gaussian_noise,"{""noise_factor"":0.004581539}",198,10664602079128434829,virtual:aug_3455e718a6dac6d3d14c
aug_c1f8b87921ef34c4100e,rec_9fda6433c0cfb05ba603,D:\INFANT CRY\data_set_dbl_split\train\hungry\2790_M_neh.wav,hungry/2790_M_neh.wav,hungry,train,2,pitch_shift,"{""steps"":0.915223}",199,11540003922079965785,virtual:aug_c1f8b87921ef34c4100e
aug_39b85b1f2c1e6f80f425,rec_74b7b7b269cccff509b6,D:\INFANT CRY\data_set_dbl_split\train\hungry\3478_M_neh.wav,hungry/3478_M_neh.wav,hungry,train,2,pitch_shift,"{""steps"":-0.900387}",200,10686811946335195535,virtual:aug_39b85b1f2c1e6f80f425
aug_58266c37d42f8d0d57a6,rec_ad007df31506959b9ddb,D:\INFANT CRY\data_set_dbl_split\train\hungry\2482_F_neh.wav,hungry/2482_F_neh.wav,hungry,train,2,time_stretch,"{""rate"":1.123039}",201,10924808401418327768,virtual:aug_58266c37d42f8d0d57a6
aug_9c1c8b11fd477cbac5ae,rec_8fb0a7696007be9b34c3,D:\INFANT CRY\data_set_dbl_split\train\hungry\4920_F_neh.wav,hungry/4920_F_neh.wav,hungry,train,2,time_stretch,"{""rate"":0.920303}",202,13265317872774680627,virtual:aug_9c1c8b11fd477cbac5ae
aug_be4c73f94ec7874d5f75,rec_e0a54a38ab9d7b6d3830,D:\INFANT CRY\data_set_dbl_split\train\hungry\463_M_neh.wav,hungry/463_M_neh.wav,hungry,train,2,time_shift,"{""fraction"":0.0258726}",203,4687473846476265993,virtual:aug_be4c73f94ec7874d5f75
aug_a98b8bc16a127706371b,rec_b6b8af0ffd9a4ace9287,D:\INFANT CRY\data_set_dbl_split\train\hungry\1122_M_neh.wav,hungry/1122_M_neh.wav,hungry,train,2,gaussian_noise,"{""noise_factor"":0.002404621}",204,15415772662041665046,virtual:aug_a98b8bc16a127706371b
aug_444477b5a6833ceca0bd,rec_f671c2c6395fe494c784,D:\INFANT CRY\data_set_dbl_split\train\hungry\2160_F_neh.wav,hungry/2160_F_neh.wav,hungry,train,2,pitch_shift,"{""steps"":2.013976}",205,15403261017031821994,virtual:aug_444477b5a6833ceca0bd
aug_1291d49df897158672cc,rec_68a3b79ad863329c2fa0,D:\INFANT CRY\data_set_dbl_split\train\hungry\3168_M_neh.wav,hungry/3168_M_neh.wav,hungry,train,2,pitch_shift,"{""steps"":-2.123167}",206,4665406689445153447,virtual:aug_1291d49df897158672cc
aug_6b3f91f01e71dfb1bd79,rec_74340a312f1c957be1a5,D:\INFANT CRY\data_set_dbl_split\train\hungry\1554_M_neh.wav,hungry/1554_M_neh.wav,hungry,train,2,time_stretch,"{""rate"":1.188311}",207,18185710133435034333,virtual:aug_6b3f91f01e71dfb1bd79
aug_58826c5974678e6a7eed,rec_95ecc93388c308db3fbd,D:\INFANT CRY\data_set_dbl_split\train\hungry\2219_M_neh.wav,hungry/2219_M_neh.wav,hungry,train,2,time_stretch,"{""rate"":0.814027}",208,7244118212524424941,virtual:aug_58826c5974678e6a7eed
aug_9af12309260673912a62,rec_0552af17ff94910f260a,D:\INFANT CRY\data_set_dbl_split\train\hungry\dunstan-neh_7.wav,hungry/dunstan-neh_7.wav,hungry,train,2,gaussian_noise,"{""noise_factor"":0.004658911}",209,14559659714001326662,virtual:aug_9af12309260673912a62
aug_254b05b560c0579965ef,rec_3d86d6ced59383b732db,D:\INFANT CRY\data_set_dbl_split\train\hungry\691_M_neh.wav,hungry/691_M_neh.wav,hungry,train,2,pitch_shift,"{""steps"":0.940926}",210,3050901416893991533,virtual:aug_254b05b560c0579965ef
aug_0405189a294f8c48f57e,rec_06c98458513d1a15c986,D:\INFANT CRY\data_set_dbl_split\train\hungry\2301_M_neh.wav,hungry/2301_M_neh.wav,hungry,train,2,pitch_shift,"{""steps"":-1.139209}",211,5757865162618500684,virtual:aug_0405189a294f8c48f57e
aug_94c1c3b859c1397e718f,rec_631606b7209247dd5eae,D:\INFANT CRY\data_set_dbl_split\train\hungry\3514_M_neh.wav,hungry/3514_M_neh.wav,hungry,train,2,time_stretch,"{""rate"":1.117521}",212,1194422761028546227,virtual:aug_94c1c3b859c1397e718f
aug_95ed8ff0b5958d1d860f,rec_b0ac810c71cf73db1ee2,D:\INFANT CRY\data_set_dbl_split\train\hungry\dunstan-neh_15.wav,hungry/dunstan-neh_15.wav,hungry,train,2,time_stretch,"{""rate"":0.891464}",213,4820075149597559816,virtual:aug_95ed8ff0b5958d1d860f
aug_b816401ec466ae198b3f,rec_dabc4e82a87f09753719,D:\INFANT CRY\data_set_dbl_split\train\hungry\dunstan-neh_36.wav,hungry/dunstan-neh_36.wav,hungry,train,2,time_shift,"{""fraction"":0.0322118}",214,3296766949816540247,virtual:aug_b816401ec466ae198b3f
aug_ccbbe56df6283d464b94,rec_0219106d49c86a8ef26c,D:\INFANT CRY\data_set_dbl_split\train\hungry\dunstan-neh_72.wav,hungry/dunstan-neh_72.wav,hungry,train,2,gaussian_noise,"{""noise_factor"":0.002783527}",215,47697944530500442,virtual:aug_ccbbe56df6283d464b94
aug_d2de39355d3b4589a667,rec_1ead87a594d0546fc079,D:\INFANT CRY\data_set_dbl_split\train\hungry\dunstan-neh_51.wav,hungry/dunstan-neh_51.wav,hungry,train,2,pitch_shift,"{""steps"":2.089417}",216,14486138542675083374,virtual:aug_d2de39355d3b4589a667
aug_15dfa1dbb138fb83879d,rec_91e53f1ceddf3f56f535,D:\INFANT CRY\data_set_dbl_split\train\hungry\265_M_neh.wav,hungry/265_M_neh.wav,hungry,train,2,pitch_shift,"{""steps"":-2.105029}",217,17518289778727314517,virtual:aug_15dfa1dbb138fb83879d
aug_dec30b7d3fd6c67c569d,rec_aa120f51f1874bfc4566,D:\INFANT CRY\data_set_dbl_split\train\hungry\3870_M_neh.wav,hungry/3870_M_neh.wav,hungry,train,2,time_stretch,"{""rate"":1.19026}",218,15291376326274361063,virtual:aug_dec30b7d3fd6c67c569d
aug_8dfc402f6ffd7bfcc686,rec_7c3c65da7a88a56a3da5,D:\INFANT CRY\data_set_dbl_split\train\hungry\dunstan-neh_38.wav,hungry/dunstan-neh_38.wav,hungry,train,2,time_stretch,"{""rate"":0.816425}",219,16222979384067155298,virtual:aug_8dfc402f6ffd7bfcc686
aug_cfc22e5695fc97e1a00e,rec_8f4ae3b0a43cca27a403,D:\INFANT CRY\data_set_dbl_split\train\hungry\dunstan-neh_39.wav,hungry/dunstan-neh_39.wav,hungry,train,2,gaussian_noise,"{""noise_factor"":0.005568675}",220,10470251094733139237,virtual:aug_cfc22e5695fc97e1a00e
aug_681314044b84461c8084,rec_87323d3270f1b8f6e507,D:\INFANT CRY\data_set_dbl_split\train\hungry\2317_M_neh.wav,hungry/2317_M_neh.wav,hungry,train,2,pitch_shift,"{""steps"":0.941505}",221,7143861285643633138,virtual:aug_681314044b84461c8084
aug_ac3759ce635fc027cc57,rec_da1f1379e0826d51b53e,D:\INFANT CRY\data_set_dbl_split\train\hungry\4111_M_neh.wav,hungry/4111_M_neh.wav,hungry,train,2,pitch_shift,"{""steps"":-0.881936}",222,183133371171392490,virtual:aug_ac3759ce635fc027cc57
aug_a0da6b24e8d009caa7c8,rec_e4ad00feb28f4c6c7b7c,D:\INFANT CRY\data_set_dbl_split\train\hungry\4387_M_neh.wav,hungry/4387_M_neh.wav,hungry,train,2,time_stretch,"{""rate"":1.086891}",223,16703219298661262143,virtual:aug_a0da6b24e8d009caa7c8
aug_3f64f3e705e67c0801d9,rec_4aeef63044c75c534d96,D:\INFANT CRY\data_set_dbl_split\train\hungry\2514_M_neh.wav,hungry/2514_M_neh.wav,hungry,train,2,time_stretch,"{""rate"":0.912327}",224,6015673613771142779,virtual:aug_3f64f3e705e67c0801d9
aug_d53581d2744f5a8ca400,rec_ea7d0967f9ac5dec1709,D:\INFANT CRY\data_set_dbl_split\train\hungry\1770_M_neh.wav,hungry/1770_M_neh.wav,hungry,train,2,time_shift,"{""fraction"":-0.0740494}",225,14174920099316834934,virtual:aug_d53581d2744f5a8ca400
aug_fe30a475d6be4120c10d,rec_35a314bcf50ccf77f9b4,D:\INFANT CRY\data_set_dbl_split\train\hungry\1136_M_neh.wav,hungry/1136_M_neh.wav,hungry,train,2,gaussian_noise,"{""noise_factor"":0.002424938}",226,5336731453717615417,virtual:aug_fe30a475d6be4120c10d
aug_79a4bcf070277ef7e7f9,rec_463180d5d281fe991930,D:\INFANT CRY\data_set_dbl_split\train\hungry\3701_F_neh.wav,hungry/3701_F_neh.wav,hungry,train,2,pitch_shift,"{""steps"":1.974363}",227,3757579662732360526,virtual:aug_79a4bcf070277ef7e7f9
aug_7cb8f19356d8a495d186,rec_2e6b9cce63bb62c81682,D:\INFANT CRY\data_set_dbl_split\train\hungry\1127_M_neh.wav,hungry/1127_M_neh.wav,hungry,train,2,pitch_shift,"{""steps"":-1.971559}",228,17126778096351145847,virtual:aug_7cb8f19356d8a495d186
aug_8583c2d3f766b874f7b0,rec_483da636af8546408bfa,D:\INFANT CRY\data_set_dbl_split\train\hungry\3844_M_neh.wav,hungry/3844_M_neh.wav,hungry,train,2,time_stretch,"{""rate"":1.215433}",229,5181106470130040349,virtual:aug_8583c2d3f766b874f7b0
aug_8caf85c93917d23d7293,rec_ee5e2c9bd7afb52ebe96,D:\INFANT CRY\data_set_dbl_split\train\hungry\1424_M_neh.wav,hungry/1424_M_neh.wav,hungry,train,2,time_stretch,"{""rate"":0.813035}",230,2049623786782136403,virtual:aug_8caf85c93917d23d7293
aug_77d126c8e02d97ebcaf5,rec_bec629bc5031bc22eb9b,D:\INFANT CRY\data_set_dbl_split\train\hungry\186_M_neh.wav,hungry/186_M_neh.wav,hungry,train,2,gaussian_noise,"{""noise_factor"":0.005102989}",231,6642888309341141051,virtual:aug_77d126c8e02d97ebcaf5
aug_e565ac7136e7bf160b46,rec_8a26e0da4af7d57a6c76,D:\INFANT CRY\data_set_dbl_split\train\hungry\4541_M_neh.wav,hungry/4541_M_neh.wav,hungry,train,2,pitch_shift,"{""steps"":0.903367}",232,615723692970063734,virtual:aug_e565ac7136e7bf160b46
aug_43ef1f449c6b725b50ec,rec_3f27c431eeb305663abf,D:\INFANT CRY\data_set_dbl_split\train\hungry\2326_M_neh.wav,hungry/2326_M_neh.wav,hungry,train,2,pitch_shift,"{""steps"":-1.000341}",233,13526000638661511984,virtual:aug_43ef1f449c6b725b50ec
aug_c95f5a07b326261779a9,rec_bfa6747f918f5738d1c3,D:\INFANT CRY\data_set_dbl_split\train\hungry\4918_M_neh.wav,hungry/4918_M_neh.wav,hungry,train,2,time_stretch,"{""rate"":1.12043}",234,16510961563602947896,virtual:aug_c95f5a07b326261779a9
aug_43747e33f6775fc9363e,rec_54271dc6c4c35a84a3f0,D:\INFANT CRY\data_set_dbl_split\train\hungry\dunstan-neh_55.wav,hungry/dunstan-neh_55.wav,hungry,train,2,time_stretch,"{""rate"":0.915583}",235,4341043951590903670,virtual:aug_43747e33f6775fc9363e
aug_d65ad9758dad6a02b38b,rec_7de1538e4e8923365a69,D:\INFANT CRY\data_set_dbl_split\train\hungry\1838_M_neh.wav,hungry/1838_M_neh.wav,hungry,train,2,time_shift,"{""fraction"":0.0939433}",236,2692873335705035413,virtual:aug_d65ad9758dad6a02b38b
aug_d4e1743fd249b8dc0aaf,rec_eb761db33bdc0705f83c,D:\INFANT CRY\data_set_dbl_split\train\hungry\4202_M_neh.wav,hungry/4202_M_neh.wav,hungry,train,2,gaussian_noise,"{""noise_factor"":0.002483715}",237,18052172357629940106,virtual:aug_d4e1743fd249b8dc0aaf
aug_d617c12719e2d8736775,rec_e6f7616af9e95806b13f,D:\INFANT CRY\data_set_dbl_split\train\hungry\dunstan-neh_37.wav,hungry/dunstan-neh_37.wav,hungry,train,2,pitch_shift,"{""steps"":1.96814}",238,3421869379821718704,virtual:aug_d617c12719e2d8736775
aug_b7fc91ac612e430acacb,rec_db35c613515374caf95f,D:\INFANT CRY\data_set_dbl_split\train\hungry\dunstan-neh_21.wav,hungry/dunstan-neh_21.wav,hungry,train,2,pitch_shift,"{""steps"":-1.829765}",239,13705963627954890690,virtual:aug_b7fc91ac612e430acacb
aug_09e059cd34e862754d11,rec_c5c7cc4019b6615df3ec,D:\INFANT CRY\data_set_dbl_split\train\hungry\377_F_neh.wav,hungry/377_F_neh.wav,hungry,train,2,time_stretch,"{""rate"":1.222177}",240,13555150022835155207,virtual:aug_09e059cd34e862754d11
aug_d16b4fff078982d75d44,rec_2972e6c8e16512407617,D:\INFANT CRY\data_set_dbl_split\train\hungry\290_M_neh.wav,hungry/290_M_neh.wav,hungry,train,2,time_stretch,"{""rate"":0.797709}",241,4626609480853895812,virtual:aug_d16b4fff078982d75d44
aug_ae391295f0d0537cdcc9,rec_40337147c7cdb9b1f04e,D:\INFANT CRY\data_set_dbl_split\train\hungry\2515_M_neh.wav,hungry/2515_M_neh.wav,hungry,train,2,gaussian_noise,"{""noise_factor"":0.004321104}",242,3380185801496934383,virtual:aug_ae391295f0d0537cdcc9
aug_d241f182e3f6baa1ef97,rec_372ed40ca92e5e14733f,D:\INFANT CRY\data_set_dbl_split\train\hungry\2108_M_neh.wav,hungry/2108_M_neh.wav,hungry,train,2,pitch_shift,"{""steps"":0.871152}",243,16165649922232675903,virtual:aug_d241f182e3f6baa1ef97
aug_1b16e2e0eba44ec20121,rec_d8deea50d36d9d56286e,D:\INFANT CRY\data_set_dbl_split\train\hungry\851_M_neh.wav,hungry/851_M_neh.wav,hungry,train,2,pitch_shift,"{""steps"":-1.139101}",244,16549509330210792721,virtual:aug_1b16e2e0eba44ec20121
aug_712bc9b4ff2a6fcee012,rec_0fd521640fdbb5d41b79,D:\INFANT CRY\data_set_dbl_split\train\hungry\4306_F_neh.wav,hungry/4306_F_neh.wav,hungry,train,2,time_stretch,"{""rate"":1.084551}",245,8778861749588244343,virtual:aug_712bc9b4ff2a6fcee012
aug_e443ac3b56ff62a948ed,rec_cbccd8fd251b87fe11d5,D:\INFANT CRY\data_set_dbl_split\train\hungry\dunstan-neh_62.wav,hungry/dunstan-neh_62.wav,hungry,train,2,time_stretch,"{""rate"":0.898467}",246,10275604380904206866,virtual:aug_e443ac3b56ff62a948ed
aug_e5b028d84ae5c441b025,rec_5e3518bec6261a74ca5c,D:\INFANT CRY\data_set_dbl_split\train\hungry\4479_M_neh.wav,hungry/4479_M_neh.wav,hungry,train,2,time_shift,"{""fraction"":0.0079565}",247,9245314779405347172,virtual:aug_e5b028d84ae5c441b025
aug_f7622215a13dcda6248c,rec_12aab60e9a224840d67b,D:\INFANT CRY\data_set_dbl_split\train\hungry\3988_M_neh.wav,hungry/3988_M_neh.wav,hungry,train,2,gaussian_noise,"{""noise_factor"":0.002431467}",248,17211122344813921359,virtual:aug_f7622215a13dcda6248c
aug_84231c6de9c4423f4acc,rec_67bd9b946343aa8c831e,D:\INFANT CRY\data_set_dbl_split\train\hungry\1401_F_neh.wav,hungry/1401_F_neh.wav,hungry,train,2,pitch_shift,"{""steps"":2.03281}",249,6405254415662907678,virtual:aug_84231c6de9c4423f4acc
aug_d3c2892dbf91f51b4187,rec_a8ed319ae2c5af1fb4e7,D:\INFANT CRY\data_set_dbl_split\train\hungry\848_M_neh.wav,hungry/848_M_neh.wav,hungry,train,2,pitch_shift,"{""steps"":-1.836317}",250,2865362072917608160,virtual:aug_d3c2892dbf91f51b4187
aug_67824acb5aaeb83288b8,rec_1d60bd35a759f5a32057,D:\INFANT CRY\data_set_dbl_split\train\hungry\dunstan-neh_48.wav,hungry/dunstan-neh_48.wav,hungry,train,2,time_stretch,"{""rate"":1.203792}",251,11588199522830896997,virtual:aug_67824acb5aaeb83288b8
aug_a0eabe5acfb4b0e0d763,rec_b9118574ae063823a271,D:\INFANT CRY\data_set_dbl_split\train\hungry\4927_F_neh.wav,hungry/4927_F_neh.wav,hungry,train,2,time_stretch,"{""rate"":0.796711}",252,8695660669688855391,virtual:aug_a0eabe5acfb4b0e0d763
aug_3120a601240526368c04,rec_116326ebfd88ba6b8be5,D:\INFANT CRY\data_set_dbl_split\train\hungry\2621_F_neh.wav,hungry/2621_F_neh.wav,hungry,train,2,gaussian_noise,"{""noise_factor"":0.005596599}",253,11590308747123102256,virtual:aug_3120a601240526368c04
aug_b7c93853fcadbab3c383,rec_1744f789c8836ae844cb,D:\INFANT CRY\data_set_dbl_split\train\hungry\3469_M_neh.wav,hungry/3469_M_neh.wav,hungry,train,2,pitch_shift,"{""steps"":0.973642}",254,9940250144846215678,virtual:aug_b7c93853fcadbab3c383
aug_73008862dd93c70c316f,rec_866de97ef20add08af82,D:\INFANT CRY\data_set_dbl_split\train\hungry\828_M_neh.wav,hungry/828_M_neh.wav,hungry,train,2,pitch_shift,"{""steps"":-1.046548}",255,2543648161588990471,virtual:aug_73008862dd93c70c316f
aug_072e365bb37153bde4ed,rec_877d2010d59db49c24c5,D:\INFANT CRY\data_set_dbl_split\train\hungry\3844_F_neh.wav,hungry/3844_F_neh.wav,hungry,train,2,time_stretch,"{""rate"":1.118863}",256,17422499003286098029,virtual:aug_072e365bb37153bde4ed
aug_2a1807d0e8b63baff210,rec_3fe79ebb70341bbf14f7,D:\INFANT CRY\data_set_dbl_split\train\hungry\4727_M_neh.wav,hungry/4727_M_neh.wav,hungry,train,2,time_stretch,"{""rate"":0.903937}",257,810884456036368092,virtual:aug_2a1807d0e8b63baff210
aug_0fcc2f70e9ac30b33efb,rec_3b32ae946ba19d17300d,D:\INFANT CRY\data_set_dbl_split\train\hungry\3333_M_neh.wav,hungry/3333_M_neh.wav,hungry,train,2,time_shift,"{""fraction"":-0.0339993}",258,380976440641468543,virtual:aug_0fcc2f70e9ac30b33efb
aug_98bbdfe8f9f2cdd2ea33,rec_5c7b94899a81eecee357,D:\INFANT CRY\data_set_dbl_split\train\hungry\2973_M_neh.wav,hungry/2973_M_neh.wav,hungry,train,2,gaussian_noise,"{""noise_factor"":0.002336371}",259,8205608727054057995,virtual:aug_98bbdfe8f9f2cdd2ea33
aug_82d86e2fb145d0e72a55,rec_005ff6f9034c11225ab6,D:\INFANT CRY\data_set_dbl_split\train\hungry\1620_M_neh.wav,hungry/1620_M_neh.wav,hungry,train,2,pitch_shift,"{""steps"":2.094443}",260,13805963375540161177,virtual:aug_82d86e2fb145d0e72a55
aug_30a78b566b05d3376496,rec_c4c64bc3a334453f65f3,D:\INFANT CRY\data_set_dbl_split\train\hungry\1641_M_neh.wav,hungry/1641_M_neh.wav,hungry,train,2,pitch_shift,"{""steps"":-2.054147}",261,262386086661218691,virtual:aug_30a78b566b05d3376496
aug_ed45002323a4287e5921,rec_843d0ff9482328148496,D:\INFANT CRY\data_set_dbl_split\train\hungry\4928_M_neh.wav,hungry/4928_M_neh.wav,hungry,train,2,time_stretch,"{""rate"":1.176163}",262,6008213231641379197,virtual:aug_ed45002323a4287e5921
aug_b551e2830b6b29ec0d05,rec_b1207cfc484bb3ba4c5b,D:\INFANT CRY\data_set_dbl_split\train\hungry\3541_M_neh.wav,hungry/3541_M_neh.wav,hungry,train,2,time_stretch,"{""rate"":0.804952}",263,8222898346104965105,virtual:aug_b551e2830b6b29ec0d05
aug_2ed70cb7a03cc8e6db15,rec_4207d13dec28146787c8,D:\INFANT CRY\data_set_dbl_split\train\hungry\2848_F_neh.wav,hungry/2848_F_neh.wav,hungry,train,2,gaussian_noise,"{""noise_factor"":0.005195758}",264,12625200004522734567,virtual:aug_2ed70cb7a03cc8e6db15
aug_815c7fcf66deee407882,rec_9cf4fb751fdcfd3e5fa1,D:\INFANT CRY\data_set_dbl_split\train\hungry\3146_F_neh.wav,hungry/3146_F_neh.wav,hungry,train,2,pitch_shift,"{""steps"":1.097174}",265,12271475942382419574,virtual:aug_815c7fcf66deee407882
aug_08107d85486e0d7b218f,rec_f897edc91aad92f1f4d4,D:\INFANT CRY\data_set_dbl_split\train\hungry\1521_F_neh.wav,hungry/1521_F_neh.wav,hungry,train,2,pitch_shift,"{""steps"":-0.864709}",266,7423024254763484189,virtual:aug_08107d85486e0d7b218f
aug_52407f6e8320599382e8,rec_ccb877ec7dda7cdd6786,D:\INFANT CRY\data_set_dbl_split\train\hungry\3672_M_neh.wav,hungry/3672_M_neh.wav,hungry,train,2,time_stretch,"{""rate"":1.091737}",267,12211272687993516587,virtual:aug_52407f6e8320599382e8
aug_0d7ee850a1d06255511f,rec_606b51628a29d576c7f5,D:\INFANT CRY\data_set_dbl_split\train\hungry\3676_M_neh.wav,hungry/3676_M_neh.wav,hungry,train,2,time_stretch,"{""rate"":0.912818}",268,4592946093690638507,virtual:aug_0d7ee850a1d06255511f
aug_ba2ccfe9156ee5378139,rec_883b3d09371eb4815a3c,D:\INFANT CRY\data_set_dbl_split\train\hungry\3782_M_neh.wav,hungry/3782_M_neh.wav,hungry,train,2,time_shift,"{""fraction"":-0.0611076}",269,10169293418797888775,virtual:aug_ba2ccfe9156ee5378139
aug_ebfe84b8409306dd7616,rec_2e0608ae3276e423cd26,D:\INFANT CRY\data_set_dbl_split\train\hungry\704_M_neh.wav,hungry/704_M_neh.wav,hungry,train,2,gaussian_noise,"{""noise_factor"":0.002834473}",270,9032387897056308399,virtual:aug_ebfe84b8409306dd7616
aug_ca321118af022ee0f60b,rec_7f539cdc99c86f56f54a,D:\INFANT CRY\data_set_dbl_split\train\hungry\1332_F_neh.wav,hungry/1332_F_neh.wav,hungry,train,2,pitch_shift,"{""steps"":2.0771}",271,7237875660241595688,virtual:aug_ca321118af022ee0f60b
aug_e66b1e70f70e1600fd33,rec_84297140893c78309e78,D:\INFANT CRY\data_set_dbl_split\train\hungry\dunstan-neh_34.wav,hungry/dunstan-neh_34.wav,hungry,train,2,pitch_shift,"{""steps"":-2.027939}",272,15720626851109664302,virtual:aug_e66b1e70f70e1600fd33
aug_ab5586b163f24474aab2,rec_75255312c2aae67afa1a,D:\INFANT CRY\data_set_dbl_split\train\hungry\2331_M_neh.wav,hungry/2331_M_neh.wav,hungry,train,2,time_stretch,"{""rate"":1.191589}",273,12774253593936318693,virtual:aug_ab5586b163f24474aab2
aug_97ed91831b5af9d40c69,rec_27d5d632e1e1c98d5156,D:\INFANT CRY\data_set_dbl_split\train\hungry\2226_M_neh.wav,hungry/2226_M_neh.wav,hungry,train,2,time_stretch,"{""rate"":0.783865}",274,1247967798617173725,virtual:aug_97ed91831b5af9d40c69
aug_cf58ef31bcfd5d37bbaf,rec_3eeb6dcac3167d9919e6,D:\INFANT CRY\data_set_dbl_split\train\hungry\4221_M_neh.wav,hungry/4221_M_neh.wav,hungry,train,2,gaussian_noise,"{""noise_factor"":0.005617607}",275,4720764162556780113,virtual:aug_cf58ef31bcfd5d37bbaf
aug_36af014321656f9eb53f,rec_9a989ed48e3e18f22982,D:\INFANT CRY\data_set_dbl_split\train\hungry\dunstan-neh_70.wav,hungry/dunstan-neh_70.wav,hungry,train,2,pitch_shift,"{""steps"":1.074221}",276,13000703255179786776,virtual:aug_36af014321656f9eb53f
aug_7924988500fc921c8bd4,rec_bdcdd560bdde23d75dcf,D:\INFANT CRY\data_set_dbl_split\train\hungry\246_M_neh.wav,hungry/246_M_neh.wav,hungry,train,2,pitch_shift,"{""steps"":-1.075412}",277,17822472076857531857,virtual:aug_7924988500fc921c8bd4
aug_85fa87d82d2a87289017,rec_0ebec3765679d0d21c7c,D:\INFANT CRY\data_set_dbl_split\train\hungry\dunstan-neh_11.wav,hungry/dunstan-neh_11.wav,hungry,train,2,time_stretch,"{""rate"":1.094969}",278,8068763049535936084,virtual:aug_85fa87d82d2a87289017
aug_c3c770665bd43b42b7ea,rec_c54b65ed121bcd33064a,D:\INFANT CRY\data_set_dbl_split\train\hungry\dunstan-neh_33.wav,hungry/dunstan-neh_33.wav,hungry,train,2,time_stretch,"{""rate"":0.889437}",279,7374252104329369572,virtual:aug_c3c770665bd43b42b7ea
aug_bf81fd5bf01903aa0417,rec_bd47283574366dba00f9,D:\INFANT CRY\data_set_dbl_split\train\hungry\3269_M_neh.wav,hungry/3269_M_neh.wav,hungry,train,2,time_shift,"{""fraction"":0.0806}",280,8386680595315952702,virtual:aug_bf81fd5bf01903aa0417
aug_f6539b497f5a5acc330a,rec_e0b99c082ada88b0aa3b,D:\INFANT CRY\data_set_dbl_split\train\hungry\4806_F_neh.wav,hungry/4806_F_neh.wav,hungry,train,2,gaussian_noise,"{""noise_factor"":0.002246165}",281,14765359965052902195,virtual:aug_f6539b497f5a5acc330a
aug_36d6b98e4d20ce97df22,rec_3ca5af599f5e2d718692,D:\INFANT CRY\data_set_dbl_split\train\hungry\303_F_neh.wav,hungry/303_F_neh.wav,hungry,train,2,pitch_shift,"{""steps"":2.089499}",282,7763677268358836917,virtual:aug_36d6b98e4d20ce97df22
aug_82bc54994865c165eb00,rec_6e37e8a77e8237f8a1e7,D:\INFANT CRY\data_set_dbl_split\train\hungry\dunstan-neh_18.wav,hungry/dunstan-neh_18.wav,hungry,train,2,pitch_shift,"{""steps"":-2.178032}",283,2384215998806338569,virtual:aug_82bc54994865c165eb00
aug_7150dfea359732f295b1,rec_67cd8ebaa80d4dbd74da,D:\INFANT CRY\data_set_dbl_split\train\hungry\dunstan-neh_56.wav,hungry/dunstan-neh_56.wav,hungry,train,2,time_stretch,"{""rate"":1.199172}",284,17051051946673929962,virtual:aug_7150dfea359732f295b1
aug_d2296f7056b7e490979b,rec_bbeadf4eccca05727d8d,D:\INFANT CRY\data_set_dbl_split\train\hungry\2984_M_neh.wav,hungry/2984_M_neh.wav,hungry,train,2,time_stretch,"{""rate"":0.813039}",285,16720338793022623863,virtual:aug_d2296f7056b7e490979b
aug_923aeb9967418bbccb04,rec_30dd61c9506d4c0ad6d5,D:\INFANT CRY\data_set_dbl_split\train\hungry\1262_F_neh.wav,hungry/1262_F_neh.wav,hungry,train,2,gaussian_noise,"{""noise_factor"":0.004521965}",286,2136965428939229538,virtual:aug_923aeb9967418bbccb04
aug_5a5c712ea480bfa5dbac,rec_27af923979666dc49a07,D:\INFANT CRY\data_set_dbl_split\train\hungry\1279_F_neh.wav,hungry/1279_F_neh.wav,hungry,train,2,pitch_shift,"{""steps"":0.86333}",287,1860026224678648124,virtual:aug_5a5c712ea480bfa5dbac
aug_e2b18d8837ec3d5e66ab,rec_4ff6a5878311508cf9b3,D:\INFANT CRY\data_set_dbl_split\train\hungry\dunstan-neh_23.wav,hungry/dunstan-neh_23.wav,hungry,train,2,pitch_shift,"{""steps"":-0.98754}",288,11564620257889550714,virtual:aug_e2b18d8837ec3d5e66ab
aug_0289d16990fb4c9470bc,rec_93a6be1a88f70e583f68,D:\INFANT CRY\data_set_dbl_split\train\hungry\3384_F_neh.wav,hungry/3384_F_neh.wav,hungry,train,2,time_stretch,"{""rate"":1.098622}",289,15006786075088414322,virtual:aug_0289d16990fb4c9470bc
aug_e89c0db4bffdcedf0e53,rec_674a9d5caada9832f371,D:\INFANT CRY\data_set_dbl_split\train\hungry\3830_M_neh.wav,hungry/3830_M_neh.wav,hungry,train,2,time_stretch,"{""rate"":0.884702}",290,13007952469164999954,virtual:aug_e89c0db4bffdcedf0e53
aug_2cbf98a8fd90087cf1e1,rec_0ecdc0cd17162e55aad8,D:\INFANT CRY\data_set_dbl_split\train\hungry\dunstan-neh_57.wav,hungry/dunstan-neh_57.wav,hungry,train,2,time_shift,"{""fraction"":0.0682586}",291,3581680745274881313,virtual:aug_2cbf98a8fd90087cf1e1
aug_c55f7e849526ec4e728a,rec_4b4785d5ae74ada7c3ec,D:\INFANT CRY\data_set_dbl_split\train\hungry\dunstan-neh_58.wav,hungry/dunstan-neh_58.wav,hungry,train,2,gaussian_noise,"{""noise_factor"":0.002428348}",292,3896898388818001945,virtual:aug_c55f7e849526ec4e728a
aug_de976f999a28894c66f8,rec_292be120aac79f3d8aad,D:\INFANT CRY\data_set_dbl_split\train\hungry\458_F_neh.wav,hungry/458_F_neh.wav,hungry,train,2,pitch_shift,"{""steps"":2.044449}",293,11949211809254129500,virtual:aug_de976f999a28894c66f8
aug_00090bc8227974901bbc,rec_d063c5f9742a23575dbd,D:\INFANT CRY\data_set_dbl_split\train\hungry\dunstan-neh_43.wav,hungry/dunstan-neh_43.wav,hungry,train,2,pitch_shift,"{""steps"":-1.981444}",294,3424878546506265749,virtual:aug_00090bc8227974901bbc
