record_id,filepath,label,group_id,fold,predicted_label,score_belly_pain,score_burping,score_discomfort,score_hungry,score_tired,sample_kind,model_path,normalizer_path,run_id
rec_db0170c6e9143b76c98f,/mnt/d/INFANT CRY/data_set_dbl_split/train/belly_pain/1215_M_eairh.wav,belly_pain,sha256:487e3eb23e700a93ef569d9848ce1bafcf2e4e468e007031a8b0b6283a5e8bee,1,belly_pain,0.933610200881958,0.01585887372493744,0.01765158213675022,0.02037247270345688,0.012506859377026558,original,/mnt/d/INFANT CRY/Models_dbl/Main/runs/20260821T164332Z_490383ff/fold_1/fold_1_main_dbl.keras,/mnt/d/INFANT CRY/Models_dbl/Main/runs/20260821T164332Z_490383ff/fold_1/norm_stats_main_dbl.npy,20260821T164332Z_490383ff
rec_fcc4c169f306104793fd,/mnt/d/INFANT CRY/data_set_dbl_split/train/belly_pain/1588_M_eairh.wav,belly_pain,sha256:3aee28552080d0db55ac45d25e6d46ebae7467cc388c524b13faf129bf003010,1,belly_pain,0.9349567890167236,0.013940456323325634,0.019149519503116608,0.017000777646899223,0.014952581375837326,original,/mnt/d/INFANT CRY/Models_dbl/Main/runs/20260821T164332Z_490383ff/fold_1/fold_1_main_dbl.keras,/mnt/d/INFANT CRY/Models_dbl/Main/runs/20260821T164332Z_490383ff/fold_1/norm_stats_main_dbl.npy,20260821T164332Z_490383ff
rec_e341b409fa744b48140a,/mnt/d/INFANT CRY/data_set_dbl_split/train/belly_pain/2367_M_eairh.wav,belly_pain,sha256:e3ce17f21b22673c82f4a63dd7117b0410f98a3745647c7ff5c35cec64ca57d5,1,belly_pain,0.9359889626502991,0.013568200170993805,0.0202812310308218,0.015807494521141052,0.014354148879647255,original,/mnt/d/INFANT CRY/Models_dbl/Main/runs/20260821T164332Z_490383ff/fold_1/fold_1_main_dbl.keras,/mnt/d/INFANT CRY/Models_dbl/Main/runs/20260821T164332Z_490383ff/fold_1/norm_stats_main_dbl.npy,20260821T164332Z_490383ff
rec_fba775c7ee6d938c4a28,/mnt/d/INFANT CRY/data_set_dbl_split/train/belly_pain/2566_M_eairh.wav,belly_pain,sha256:5377e15bec247bb4fc99b1fb8b9da60f015ba762d74eeff24cd2f5585862eb51,1,belly_pain,0.5280638933181763,0.045882537961006165,0.05219779536128044,0.03824600577354431,0.3356098234653473,original,/mnt/d/INFANT CRY/Models_dbl/Main/runs/20260821T164332Z_490383ff/fold_1/fold_1_main_dbl.keras,/mnt/d/INFANT CRY/Models_dbl/Main/runs/20260821T164332Z_490383ff/fold_1/norm_stats_main_dbl.npy,20260821T164332Z_490383ff
rec_e41629e8492bfc07276b,/mnt/d/INFANT CRY/data_set_dbl_split/train/belly_pain/3151_M_eairh.wav,belly_pain,sha256:293beabf94de845d2ae87921a7f2a6650437fa8cae1473d65a1c15c47c7eeb6c,1,belly_pain,0.9414345026016235,0.013011044822633266,0.017126044258475304,0.01420528907328844,0.01422314252704382,original,/mnt/d/INFANT CRY/Models_dbl/Main/runs/20260821T164332Z_490383ff/fold_1/fold_1_main_dbl.keras,/mnt/d/INFANT CRY/Models_dbl/Main/runs/20260821T164332Z_490383ff/fold_1/norm_stats_main_dbl.npy,20260821T164332Z_490383ff
rec_b52b02478d157dfacee6,/mnt/d/INFANT CRY/data_set_dbl_split/train/belly_pain/3541_M_eairh.wav,belly_pain,sha256:51dec0650062e417dce26bbc145516b70bec5878a987e8315e8209d35bdf200b,1,hungry,0.01787557080388069,0.018112994730472565,0.014271913096308708,0.93470698595047,0.015032597817480564,original,/mnt/d/INFANT CRY/Models_dbl/Main/runs/20260821T164332Z_490383ff/fold_1/fold_1_main_dbl.keras,/mnt/d/INFANT CRY/Models_dbl/Main/runs/20260821T164332Z_490383ff/fold_1/norm_stats_main_dbl.npy,20260821T164332Z_490383ff
rec_bd03bef6ee0cbaf1d721,/mnt/d/INFANT CRY/data_set_dbl_split/train/belly_pain/3616_F_eairh.wav,belly_pain,sha256:38af269403eb35e2190602c68f29d1c8b21badf487add598dbeb052b1016c247,1,belly_pain,0.9341138005256653,0.013857805170118809,0.019056037068367004,0.016778888180851936,0.016193468123674393,original,/mnt/d/INFANT CRY/Models_dbl/Main/runs/20260821T164332Z_490383ff/fold_1/fold_1_main_dbl.keras,/mnt/d/INFANT CRY/Models_dbl/Main/runs/20260821T164332Z_490383ff/fold_1/norm_stats_main_dbl.npy,20260821T164332Z_490383ff
rec_0c5e583cba7fea6e7572,/mnt/d/INFANT CRY/data_set_dbl_split/train/belly_pain/3688_M_eairh.wav,belly_pain,sha256:d87db9a818f937ab365fd3d3f2cd1aa2c176dc8013f89f667c2cc28dcbe20948,1,belly_pain,0.9312270879745483,0.014436652883887291,0.021709483116865158,0.01714639738202095,0.015480316244065762,original,/mnt/d/INFANT CRY/Models_dbl/Main/runs/20260821T164332Z_490383ff/fold_1/fold_1_main_dbl.keras,/mnt/d/INFANT CRY/Models_dbl/Main/runs/20260821T164332Z_490383ff/fold_1/norm_stats_main_dbl.npy,20260821T164332Z_490383ff
rec_b6b66fb3f3de74db9ab8,/mnt/d/INFANT CRY/data_set_dbl_split/train/belly_pain/3825_M_eairh.wav,belly_pain,sha256:c4dd31085491fcac478954373ed0b61c18481364ceae041793da9518a16b2f64,1,belly_pain,0.734552800655365,0.02624289132654667,0.06613313406705856,0.030491862446069717,0.14257937669754028,original,/mnt/d/INFANT CRY/Models_dbl/Main/runs/20260821T164332Z_490383ff/fold_1/fold_1_main_dbl.keras,/mnt/d/INFANT CRY/Models_dbl/Main/runs/20260821T164332Z_490383ff/fold_1/norm_stats_main_dbl.npy,20260821T164332Z_490383ff
rec_c3629105ce9cd90cfd02,/mnt/d/INFANT CRY/data_set_dbl_split/train/belly_pain/4186_M_eairh.wav,belly_pain,sha256:755ceb576cd3b8a108b048923e3c5eb915f2cd55aa609144f4cd19a60567f40a,1,burping,0.021408524364233017,0.9210858345031738,0.02319958433508873,0.017513347789645195,0.016792649403214455,original,/mnt/d/INFANT CRY/Models_dbl/Main/runs/20260821T164332Z_490383ff/fold_1/fold_1_main_dbl.keras,/mnt/d/INFANT CRY/Models_dbl/Main/runs/20260821T164332Z_490383ff/fold_1/norm_stats_main_dbl.npy,20260821T164332Z_490383ff
rec_212b93ff5570b7840e1a,/mnt/d/INFANT CRY/data_set_dbl_split/train/belly_pain/419_M_eairh.wav,belly_pain,sha256:8211fc9f4a86ac992f108ee8a1c5e4c625c95e4466c9e977011037937c434a46,1,belly_pain,0.9422774314880371,0.013117732480168343,0.01638626866042614,0.01424205582588911,0.01397653017193079,original,/mnt/d/INFANT CRY/Models_dbl/Main/runs/20260821T164332Z_490383ff/fold_1/fold_1_main_dbl.keras,/mnt/d/INFANT CRY/Models_dbl/Main/runs/20260821T164332Z_490383ff/fold_1/norm_stats_main_dbl.npy,20260821T164332Z_490383ff
rec_50da61b23db30480db84,/mnt/d/INFANT CRY/data_set_dbl_split/train/belly_pain/4601_M_eairh.wav,belly_pain,sha256:9fde7aede32b5320f792a545ddab382f6ff2f83e44d7609fd5c01e44dd8becfa,1,discomfort,0.33633893728256226,0.041154153645038605,0.4960532784461975,0.03211471065878868,0.09433890879154205,original,/mnt/d/INFANT CRY/Models_dbl/Main/runs/20260821T164332Z_490383ff/fold_1/fold_1_main_dbl.keras,/mnt/d/INFANT CRY/Models_dbl/Main/runs/20260821T164332Z_490383ff/fold_1/norm_stats_main_dbl.npy,20260821T164332Z_490383ff
rec_f6e860c75ce7b1ebce05,/mnt/d/INFANT CRY/data_set_dbl_split/train/belly_pain/4711_M_eairh.wav,belly_pain,sha256:4aefb574b66e26210f7814e88826959577ca75e345ee5a9a40c33961fe62eeb2,1,belly_pain,0.9094246029853821,0.021034693345427513,0.024175159633159637,0.027213742956519127,0.01815173774957657,original,/mnt/d/INFANT CRY/Models_dbl/Main/runs/20260821T164332Z_490383ff/fold_1/fold_1_main_dbl.keras,/mnt/d/INFANT CRY/Models_dbl/Main/runs/20260821T164332Z_490383ff/fold_1/norm_stats_main_dbl.npy,20260821T164332Z_490383ff
rec_aee0e27f53394dd9463f,/mnt/d/INFANT CRY/data_set_dbl_split/train/belly_pain/792_M_eairh.wav,belly_pain,sha256:738f935361d2f7be5c8546ef3ac0b92bffd51cfd8c61b357d1e7eefe64533207,1,belly_pain,0.9325100779533386,0.014076110906898975,0.02061588317155838,0.01780693791806698,0.01499097514897585,original,/mnt/d/INFANT CRY/Models_dbl/Main/runs/20260821T164332Z_490383ff/fold_1/fold_1_main_dbl.keras,/mnt/d/INFANT CRY/Models_dbl/Main/runs/20260821T164332Z_490383ff/fold_1/norm_stats_main_dbl.npy,20260821T164332Z_490383ff
rec_3e28c761181c5229dd97,/mnt/d/INFANT CRY/data_set_dbl_split/train/belly_pain/dunstan-eairh_11.wav,belly_pain,sha256:d459aeda7d0acac003df889d79e0a686cb0b60feea7535645033d41d3b2eaed9,1,hungry,0.044014133512973785,0.019938359037041664,0.05712956562638283,0.8432935476303101,0.03562435507774353,original,/mnt/d/INFANT CRY/Models_dbl/Main/runs/20260821T164332Z_490383ff/fold_1/fold_1_main_dbl.keras,/mnt/d/INFANT CRY/Models_dbl/Main/runs/20260821T164332Z_490383ff/fold_1/norm_stats_main_dbl.npy,20260821T164332Z_490383ff
rec_bc38ab67adac26f034e8,/mnt/d/INFANT CRY/data_set_dbl_split/train/belly_pain/dunstan-eairh_13.wav,belly_pain,sha256:531199248551ecacbd79c1e9d0bf08bb29ceff42f6aba4a21120d8d45ee433d8,1,belly_pain,0.9407669305801392,0.01354539580643177,0.016401438042521477,0.016779061406850815,0.012507220730185509,original,/mnt/d/INFANT CRY/Models_dbl/Main/runs/20260821T164332Z_490383ff/fold_1/fold_1_main_dbl.keras,/mnt/d/INFANT CRY/Models_dbl/Main/runs/20260821T164332Z_490383ff/fold_1/norm_stats_main_dbl.npy,20260821T164332Z_490383ff
rec_886741e63dcc59e4d15d,/mnt/d/INFANT CRY/data_set_dbl_split/train/belly_pain/dunstan-eairh_2.wav,belly_pain,sha256:25f1e26744ef82ed08155d85bcfef388e18abb2761bf5ac65e793a8ac751e8e4,1,belly_pain,0.930532693862915,0.0153205506503582,0.020394692197442055,0.01852481998503208,0.015227340161800385,original,/mnt/d/INFANT CRY/Models_dbl/Main/runs/20260821T164332Z_490383ff/fold_1/fold_1_main_dbl.keras,/mnt/d/INFANT CRY/Models_dbl/Main/runs/20260821T164332Z_490383ff/fold_1/norm_stats_main_dbl.npy,20260821T164332Z_490383ff
rec_6f6b4910a46d0f5c9466,/mnt/d/INFANT CRY/data_set_dbl_split/train/belly_pain/dunstan-eairh_29.wav,belly_pain,sha256:e44b9fc6ecf405f8ab3ca7aa5c691143ddbd967800c062adaeeed7ae11642588,1,belly_pain,0.9310556054115295,0.014451267197728157,0.021708792075514793,0.017936410382390022,0.014847863465547562,original,/mnt/d/INFANT CRY/Models_dbl/Main/runs/20260821T164332Z_490383ff/fold_1/fold_1_main_dbl.keras,/mnt/d/INFANT CRY/Models_dbl/Main/runs/20260821T164332Z_490383ff/fold_1/norm_stats_main_dbl.npy,20260821T164332Z_490383ff
rec_50282cf393ad274e3952,/mnt/d/INFANT CRY/data_set_dbl_split/train/belly_pain/dunstan-eairh_32.wav,belly_pain,sha256:3c2a0ccc5644543ae05197a155c60d2131356eb9a9a40cfd8396fa6618394a45,1,belly_pain,0.9390062093734741,0.013707596808671951,0.0179055817425251,0.01524900272488594,0.014131592586636543,original,/mnt/d/INFANT CRY/Models_dbl/Main/runs/20260821T164332Z_490383ff/fold_1/fold_1_main_dbl.keras,/mnt/d/INFANT CRY/Models_dbl/Main/runs/20260821T164332Z_490383ff/fold_1/norm_stats_main_dbl.npy,20260821T164332Z_490383ff
rec_38916b588bfc277e0233,/mnt/d/INFANT CRY/data_set_dbl_split/train/belly_pain/dunstan-eairh_34.wav,belly_pain,sha256:a79e79453842b7491c0ec793e4bfe32ddf2796404fd2b2ae15b5811375ac25e2,1,belly_pain,0.935783326625824,0.014038335531949997,0.018826596438884735,0.017167946323752403,0.014183815568685532,original,/mnt/d/INFANT CRY/Models_dbl/Main/runs/20260821T164332Z_490383ff/fold_1/fold_1_main_dbl.keras,/mnt/d/INFANT CRY/Models_dbl/Main/runs/20260821T164332Z_490383ff/fold_1/norm_stats_main_dbl.npy,20260821T164332Z_490383ff
rec_917b2809b108d84393e1,/mnt/d/INFANT CRY/data_set_dbl_split/train/belly_pain/dunstan-eairh_37.wav,belly_pain,sha256:caa05b68e4398b392e93318279ed291d5e98ba1a643d33bf8fd280786153e9d8,1,belly_pain,0.9335368275642395,0.013594167307019234,0.020108943805098534,0.017105042934417725,0.01565500721335411,original,/mnt/d/INFANT CRY/Models_dbl/Main/runs/20260821T164332Z_490383ff/fold_1/fold_1_main_dbl.keras,/mnt/d/INFANT CRY/Models_dbl/Main/runs/20260821T164332Z_490383ff/fold_1/norm_stats_main_dbl.npy,20260821T164332Z_490383ff
rec_0213f75c14f4849c2a83,/mnt/d/INFANT CRY/data_set_dbl_split/train/belly_pain/dunstan-eairh_41.wav,belly_pain,sha256:2bf1cb1c9014983a5943ebaa89403ffee8c77ddf008d8a37808b8e93e38ab7aa,1,belly_pain,0.9296212792396545,0.013933200389146805,0.02317757159471512,0.016464963555336,0.01680285669863224,original,/mnt/d/INFANT CRY/Models_dbl/Main/runs/20260821T164332Z_490383ff/fold_1/fold_1_main_dbl.keras,/mnt/d/INFANT CRY/Models_dbl/Main/runs/20260821T164332Z_490383ff/fold_1/norm_stats_main_dbl.npy,20260821T164332Z_490383ff
rec_e6d5a53ef5c2a42cae1f,/mnt/d/INFANT CRY/data_set_dbl_split/train/belly_pain/dunstan-eairh_59.wav,belly_pain,sha256:105bbf74d33a2c7a9b7ecff93a0335ca785aa31aea0c2c322815ffcefd1bfda4,1,belly_pain,0.8763644695281982,0.02089565433561802,0.048927534371614456,0.02541620098054409,0.02839619852602482,original,/mnt/d/INFANT CRY/Models_dbl/Main/runs/20260821T164332Z_490383ff/fold_1/fold_1_main_dbl.keras,/mnt/d/INFANT CRY/Models_dbl/Main/runs/20260821T164332Z_490383ff/fold_1/norm_stats_main_dbl.npy,20260821T164332Z_490383ff
rec_5e12d4152f25c8285f27,/mnt/d/INFANT CRY/data_set_dbl_split/train/burping/000543_M_heh.wav,burping,sha256:a93f0447a59e9c48a424f88454cd316bcfd5ac540a1e396b6d0dc1d53aed6cc3,1,burping,0.01704777404665947,0.9322498440742493,0.015812428668141365,0.01668703556060791,0.018202925100922585,original,/mnt/d/INFANT CRY/Models_dbl/Main/runs/20260821T164332Z_490383ff/fold_1/fold_1_main_dbl.keras,/mnt/d/INFANT CRY/Models_dbl/Main/runs/20260821T164332Z_490383ff/fold_1/norm_stats_main_dbl.npy,20260821T164332Z_490383ff
rec_3c97921405d8a84e3340,/mnt/d/INFANT CRY/data_set_dbl_split/train/burping/109_F_eh.wav,burping,sha256:9a255f7f775bcf9e0d9ae71680ac6f4d0ea8d5850be6840bba2014236a26ae88,1,burping,0.014296935871243477,0.9420993328094482,0.014170398004353046,0.014231279492378235,0.015202107839286327,original,/mnt/d/INFANT CRY/Models_dbl/Main/runs/20260821T164332Z_490383ff/fold_1/fold_1_main_dbl.keras,/mnt/d/INFANT CRY/Models_dbl/Main/runs/20260821T164332Z_490383ff/fold_1/norm_stats_main_dbl.npy,20260821T164332Z_490383ff
rec_c1b61b57a04c76f19527,/mnt/d/INFANT CRY/data_set_dbl_split/train/burping/1246_M_eh.wav,burping,sha256:32620368c68b955f167e134faecbdb6fad366acb02fb95b1d6ef2bc7121b8ab8,1,burping,0.014836397022008896,0.9408795237541199,0.012986519373953342,0.014777224510908127,0.01652039960026741,original,/mnt/d/INFANT CRY/Models_dbl/Main/runs/20260821T164332Z_490383ff/fold_1/fold_1_main_dbl.keras,/mnt/d/INFANT CRY/Models_dbl/Main/runs/20260821T164332Z_490383ff/fold_1/norm_stats_main_dbl.npy,20260821T164332Z_490383ff
rec_d09abe4d0ed175d6bc7b,/mnt/d/INFANT CRY/data_set_dbl_split/train/burping/1404_F_eh.wav,burping,sha256:de06e0e73d61344d19f59f297fe1f8d97a3e89656616c4c61cd21b101bccdf3a,1,burping,0.014706127345561981,0.9408807754516602,0.015603989362716675,0.01409280113875866,0.014716307632625103,original,/mnt/d/INFANT CRY/Models_dbl/Main/runs/20260821T164332Z_490383ff/fold_1/fold_1_main_dbl.keras,/mnt/d/INFANT CRY/Models_dbl/Main/runs/20260821T164332Z_490383ff/fold_1/norm_stats_main_dbl.npy,20260821T164332Z_490383ff
rec_85edc8f84763e4037032,/mnt/d/INFANT CRY/data_set_dbl_split/train/burping/1679_F_eh.wav,burping,sha256:f0858a4710608ee21bdc743b4e403bbb1032ff518b0f5e8671976beeee31978a,1,burping,0.015257799997925758,0.9396114945411682,0.014949729666113853,0.014990945346653461,0.015189911238849163,original,/mnt/d/INFANT CRY/Models_dbl/Main/runs/20260821T164332Z_490383ff/fold_1/fold_1_main_dbl.keras,/mnt/d/INFANT CRY/Models_dbl/Main/runs/20260821T164332Z_490383ff/fold_1/norm_stats_main_dbl.npy,20260821T164332Z_490383ff
rec_cbd1060a831248d1b42f,/mnt/d/INFANT CRY/data_set_dbl_split/train/burping/1862_M_eh.wav,burping,sha256:282fe1c4dbc0d500b391f2022850cc04a64e9614f6104d860626197b3df33496,1,burping,0.015063493512570858,0.9413570761680603,0.014006869867444038,0.015195737592875957,0.014376796782016754,original,/mnt/d/INFANT CRY/Models_dbl/Main/runs/20260821T164332Z_490383ff/fold_1/fold_1_main_dbl.keras,/mnt/d/INFANT CRY/Models_dbl/Main/runs/20260821T164332Z_490383ff/fold_1/norm_stats_main_dbl.npy,20260821T164332Z_490383ff
rec_858f3231bf9c42fefa83,/mnt/d/INFANT CRY/data_set_dbl_split/train/burping/1882_M_eh.wav,burping,sha256:e086f5077ce6abcd270a73a3060047644f8a4500778f77bc719bdfd0e17a22b4,1,burping,0.01613811030983925,0.9392960667610168,0.013593683019280434,0.016891511157155037,0.014080655761063099,original,/mnt/d/INFANT CRY/Models_dbl/Main/runs/20260821T164332Z_490383ff/fold_1/fold_1_main_dbl.keras,/mnt/d/INFANT CRY/Models_dbl/Main/runs/20260821T164332Z_490383ff/fold_1/norm_stats_main_dbl.npy,20260821T164332Z_490383ff
rec_8c0c8f04ded4a4ce7a12,/mnt/d/INFANT CRY/data_set_dbl_split/train/burping/1999_M_eh.wav,burping,sha256:17d622c4e5a1da5ecc39b38f3d9d7163b5f0fc8b0b710713023c5fe21a6c4f69,1,burping,0.029447181150317192,0.7954428791999817,0.039819084107875824,0.027440732344985008,0.10785011947154999,original,/mnt/d/INFANT CRY/Models_dbl/Main/runs/20260821T164332Z_490383ff/fold_1/fold_1_main_dbl.keras,/mnt/d/INFANT CRY/Models_dbl/Main/runs/20260821T164332Z_490383ff/fold_1/norm_stats_main_dbl.npy,20260821T164332Z_490383ff
rec_1ea791cff25abaff0941,/mnt/d/INFANT CRY/data_set_dbl_split/train/burping/2111_M_eh.wav,burping,sha256:42b3c99738a7b6b4d183c2549208be43783f4ce2d51d97a2905d09c7bc26109b,1,burping,0.016515668481588364,0.9372735619544983,0.015727868303656578,0.01633797027170658,0.014144946821033955,original,/mnt/d/INFANT CRY/Models_dbl/Main/runs/20260821T164332Z_490383ff/fold_1/fold_1_main_dbl.keras,/mnt/d/INFANT CRY/Models_dbl/Main/runs/20260821T164332Z_490383ff/fold_1/norm_stats_main_dbl.npy,20260821T164332Z_490383ff
rec_76c476f521e31ec4c31a,/mnt/d/INFANT CRY/data_set_dbl_split/train/burping/2203_F_eh.wav,burping,sha256:d64a00b82f94c6a58db89df52afabe99d9464019ba00dc276a690ef602e8eb54,1,burping,0.01446535810828209,0.9424070119857788,0.01360232662409544,0.014286731369793415,0.015238511376082897,original,/mnt/d/INFANT CRY/Models_dbl/Main/runs/20260821T164332Z_490383ff/fold_1/fold_1_main_dbl.keras,/mnt/d/INFANT CRY/Models_dbl/Main/runs/20260821T164332Z_490383ff/fold_1/norm_stats_main_dbl.npy,20260821T164332Z_490383ff
rec_8b38bc4b5e01d884ed1b,/mnt/d/INFANT CRY/data_set_dbl_split/train/burping/2238_M_eh.wav,burping,sha256:b87e139436c0eb03cd43672545be3d0eeebe46deee7e6ac650ae61eb0f3e5ccd,1,burping,0.016454841941595078,0.9373684525489807,0.01574048027396202,0.016231480985879898,0.014204786159098148,original,/mnt/d/INFANT CRY/Models_dbl/Main/runs/20260821T164332Z_490383ff/fold_1/fold_1_main_dbl.keras,/mnt/d/INFANT CRY/Models_dbl/Main/runs/20260821T164332Z_490383ff/fold_1/norm_stats_main_dbl.npy,20260821T164332Z_490383ff
rec_c6008b28a57b1ad0c4a6,/mnt/d/INFANT CRY/data_set_dbl_split/train/burping/2312_M_eh.wav,burping,sha256:0d38c77367ca0f79b5f49e61e5d489bf6222a8c87f4566e73cb4e02842a229b0,1,burping,0.01748652569949627,0.9287657737731934,0.016360243782401085,0.018114350736141205,0.019273141399025917,original,/mnt/d/INFANT CRY/Models_dbl/Main/runs/20260821T164332Z_490383ff/fold_1/fold_1_main_dbl.keras,/mnt/d/INFANT CRY/Models_dbl/Main/runs/20260821T164332Z_490383ff/fold_1/norm_stats_main_dbl.npy,20260821T164332Z_490383ff
rec_d88b00f668e179d44ac0,/mnt/d/INFANT CRY/data_set_dbl_split/train/burping/2546_F_eh.wav,burping,sha256:61dd2cb82540b9b2513b4379f7d2516de4f51110632d5855e8d999f70b5190f0,1,burping,0.0161278136074543,0.9376428723335266,0.015136618167161942,0.016505787149071693,0.01458693016320467,original,/mnt/d/INFANT CRY/Models_dbl/Main/runs/20260821T164332Z_490383ff/fold_1/fold_1_main_dbl.keras,/mnt/d/INFANT CRY/Models_dbl/Main/runs/20260821T164332Z_490383ff/fold_1/norm_stats_main_dbl.npy,20260821T164332Z_490383ff
rec_8c5fd3a4d20e6ed75f42,/mnt/d/INFANT CRY/data_set_dbl_split/train/burping/2870_F_eh.wav,burping,sha256:67fa7fec88c379c6f8ebbddefec94fdccc544916b4d7fdcd6673dcf955b107c5,1,burping,0.015302104875445366,0.9396176934242249,0.016559910029172897,0.01474918331950903,0.013771094381809235,original,/mnt/d/INFANT CRY/Models_dbl/Main/runs/20260821T164332Z_490383ff/fold_1/fold_1_main_dbl.keras,/mnt/d/INFANT CRY/Models_dbl/Main/runs/20260821T164332Z_490383ff/fold_1/norm_stats_main_dbl.npy,20260821T164332Z_490383ff
rec_01751ebd954ebf0cc37a,/mnt/d/INFANT CRY/data_set_dbl_split/train/burping/2911_M_eh.wav,burping,sha256:185edc43888dd0832008614d4105f47f7a19d0605d8384836fe98fdc31f936d1,1,burping,0.01915343478322029,0.9045822024345398,0.022884897887706757,0.018616091459989548,0.034763261675834656,original,/mnt/d/INFANT CRY/Models_dbl/Main/runs/20260821T164332Z_490383ff/fold_1/fold_1_main_dbl.keras,/mnt/d/INFANT CRY/Models_dbl/Main/runs/20260821T164332Z_490383ff/fold_1/norm_stats_main_dbl.npy,20260821T164332Z_490383ff
rec_8f1e43e0b3db4c9b7bd1,/mnt/d/INFANT CRY/data_set_dbl_split/train/burping/3009_M_eh.wav,burping,sha256:cf76f1358904d0c6fcdd8f1dbf083a23988ad4701e706a5291e7355e3b6c34f5,1,burping,0.015586938709020615,0.9395726323127747,0.016001969575881958,0.015277538448572159,0.013560828752815723,original,/mnt/d/INFANT CRY/Models_dbl/Main/runs/20260821T164332Z_490383ff/fold_1/fold_1_main_dbl.keras,/mnt/d/INFANT CRY/Models_dbl/Main/runs/20260821T164332Z_490383ff/fold_1/norm_stats_main_dbl.npy,20260821T164332Z_490383ff
rec_9f874a669b1439b8ba43,/mnt/d/INFANT CRY/data_set_dbl_split/train/burping/335_M_eh.wav,burping,sha256:0f86a21f1db9652aa354bb7ef030679964c7ae9e969c2c37259f58e238cbfab8,1,burping,0.01664697751402855,0.9339390397071838,0.018991908058524132,0.015988506376743317,0.014433436095714569,original,/mnt/d/INFANT CRY/Models_dbl/Main/runs/20260821T164332Z_490383ff/fold_1/fold_1_main_dbl.keras,/mnt/d/INFANT CRY/Models_dbl/Main/runs/20260821T164332Z_490383ff/fold_1/norm_stats_main_dbl.npy,20260821T164332Z_490383ff
rec_02ded2dafd9c65710523,/mnt/d/INFANT CRY/data_set_dbl_split/train/burping/3414_M_eh.wav,burping,sha256:ef935196a5d5c3888adcc945bc943a1aa5a90f1b5d7b937c5033707fbffe3c99,1,burping,0.01502158958464861,0.9401296973228455,0.01389085128903389,0.015444894321262836,0.015512931160628796,original,/mnt/d/INFANT CRY/Models_dbl/Main/runs/20260821T164332Z_490383ff/fold_1/fold_1_main_dbl.keras,/mnt/d/INFANT CRY/Models_dbl/Main/runs/20260821T164332Z_490383ff/fold_1/norm_stats_main_dbl.npy,20260821T164332Z_490383ff
rec_b1a98f3097eab9df6ff7,/mnt/d/INFANT CRY/data_set_dbl_split/train/burping/3608_M_eh.wav,burping,sha256:ee894204f7406470c987675ccce2c3198a8656650a489251c6fde2581e656407,1,burping,0.04403500631451607,0.4871375560760498,0.04653137922286987,0.044078607112169266,0.3782174289226532,original,/mnt/d/INFANT CRY/Models_dbl/Main/runs/20260821T164332Z_490383ff/fold_1/fold_1_main_dbl.keras,/mnt/d/INFANT CRY/Models_dbl/Main/runs/20260821T164332Z_490383ff/fold_1/norm_stats_main_dbl.npy,20260821T164332Z_490383ff
rec_3b0dbc0e1235864017ad,/mnt/d/INFANT CRY/data_set_dbl_split/train/burping/3731_M_eh.wav,burping,sha256:54cf23478385684edb55accc5ab28619920026a6ee9f5a371a29c7f8eeeb7473,1,burping,0.055452633649110794,0.8566920757293701,0.027837106958031654,0.0391702726483345,0.020847896113991737,original,/mnt/d/INFANT CRY/Models_dbl/Main/runs/20260821T164332Z_490383ff/fold_1/fold_1_main_dbl.keras,/mnt/d/INFANT CRY/Models_dbl/Main/runs/20260821T164332Z_490383ff/fold_1/norm_stats_main_dbl.npy,20260821T164332Z_490383ff
rec_af793bcc7a84612776fa,/mnt/d/INFANT CRY/data_set_dbl_split/train/burping/3777_M_eh.wav,burping,sha256:6f3b48b39988f145c4696c6b9758225720c28d11848a234638dd4f0c4717ecc0,1,discomfort,0.07390498369932175,0.2183922976255417,0.6321722269058228,0.038180310279130936,0.03735014796257019,original,/mnt/d/INFANT CRY/Models_dbl/Main/runs/20260821T164332Z_490383ff/fold_1/fold_1_main_dbl.keras,/mnt/d/INFANT CRY/Models_dbl/Main/runs/20260821T164332Z_490383ff/fold_1/norm_stats_main_dbl.npy,20260821T164332Z_490383ff
rec_f951c9cb890a00ed11b1,/mnt/d/INFANT CRY/data_set_dbl_split/train/burping/383_M_eh.wav,burping,sha256:57dd854f9d7733ffa633b4d726e8222662b53a62e7bb05e601b0aeac8b50ac5e,1,burping,0.015557385981082916,0.939242959022522,0.013701268471777439,0.015404148027300835,0.0160941481590271,original,/mnt/d/INFANT CRY/Models_dbl/Main/runs/20260821T164332Z_490383ff/fold_1/fold_1_main_dbl.keras,/mnt/d/INFANT CRY/Models_dbl/Main/runs/20260821T164332Z_490383ff/fold_1/norm_stats_main_dbl.npy,20260821T164332Z_490383ff
rec_5a2f75276513a19a7ebb,/mnt/d/INFANT CRY/data_set_dbl_split/train/burping/4216_M_eh.wav,burping,sha256:90cc1a9dbc30fb4f2e5bd586e1108e3fea89a02d916aa67b1c50dc2d5af9695d,1,burping,0.06969787180423737,0.8151755332946777,0.03537875786423683,0.05727856606245041,0.022469284012913704,original,/mnt/d/INFANT CRY/Models_dbl/Main/runs/20260821T164332Z_490383ff/fold_1/fold_1_main_dbl.keras,/mnt/d/INFANT CRY/Models_dbl/Main/runs/20260821T164332Z_490383ff/fold_1/norm_stats_main_dbl.npy,20260821T164332Z_490383ff
rec_0c8740c205058cc13c73,/mnt/d/INFANT CRY/data_set_dbl_split/train/burping/4473_M_eh.wav,burping,sha256:00a8ffe6b4c08d777dac4a273caa8458a7b27d01828900e0620113b24ed3518c,1,burping,0.01739046722650528,0.9335684180259705,0.013520045205950737,0.017467662692070007,0.018053315579891205,original,/mnt/d/INFANT CRY/Models_dbl/Main/runs/20260821T164332Z_490383ff/fold_1/fold_1_main_dbl.keras,/mnt/d/INFANT CRY/Models_dbl/Main/runs/20260821T164332Z_490383ff/fold_1/norm_stats_main_dbl.npy,20260821T164332Z_490383ff
rec_296b5aff467704fad7f9,/mnt/d/INFANT CRY/data_set_dbl_split/train/burping/4544_F_eh.wav,burping,sha256:0b10cd11e25c980a17471c434438223bce5b488819c1911c0af25415a061e3f7,1,burping,0.015535365790128708,0.9384378790855408,0.017348768189549446,0.014776871539652348,0.013901131227612495,original,/mnt/d/INFANT CRY/Models_dbl/Main/runs/20260821T164332Z_490383ff/fold_1/fold_1_main_dbl.keras,/mnt/d/INFANT CRY/Models_dbl/Main/runs/20260821T164332Z_490383ff/fold_1/norm_stats_main_dbl.npy,20260821T164332Z_490383ff
rec_bdbf83ffad21ba24d2b2,/mnt/d/INFANT CRY/data_set_dbl_split/train/burping/4698_M_eh.wav,burping,sha256:155f3be11f7782f83fb7fb80f0cc8a587578f7d1f3064e337c2b3bcf584bc438,1,burping,0.015820225700736046,0.937936544418335,0.016826558858156204,0.015244144946336746,0.01417260617017746,original,/mnt/d/INFANT CRY/Models_dbl/Main/runs/20260821T164332Z_490383ff/fold_1/fold_1_main_dbl.keras,/mnt/d/INFANT CRY/Models_dbl/Main/runs/20260821T164332Z_490383ff/fold_1/norm_stats_main_dbl.npy,20260821T164332Z_490383ff
rec_ff477dacfaa3059546f6,/mnt/d/INFANT CRY/data_set_dbl_split/train/burping/4846_M_eh.wav,burping,sha256:5f66982110bb24eafb98ede59e332895a433db72cb7c421b5e2bd602c4786c2b,1,burping,0.015588600188493729,0.9349330067634583,0.014526903629302979,0.01538417860865593,0.01956726796925068,original,/mnt/d/INFANT CRY/Models_dbl/Main/runs/20260821T164332Z_490383ff/fold_1/fold_1_main_dbl.keras,/mnt/d/INFANT CRY/Models_dbl/Main/runs/20260821T164332Z_490383ff/fold_1/norm_stats_main_dbl.npy,20260821T164332Z_490383ff
rec_dc82cc7fca4fce70a058,/mnt/d/INFANT CRY/data_set_dbl_split/train/burping/4894_M_eh.wav,burping,sha256:1f38fa7b6780513ee0cfdb905a58cb8f684e6ce03363baa799af2f7f3ae33bc5,1,burping,0.016795186325907707,0.9375882744789124,0.01366826519370079,0.01639876514673233,0.015549443662166595,original,/mnt/d/INFANT CRY/Models_dbl/Main/runs/20260821T164332Z_490383ff/fold_1/fold_1_main_dbl.keras,/mnt/d/INFANT CRY/Models_dbl/Main/runs/20260821T164332Z_490383ff/fold_1/norm_stats_main_dbl.npy,20260821T164332Z_490383ff
rec_6bfb452e0fb288f7e4b1,/mnt/d/INFANT CRY/data_set_dbl_split/train/burping/915_F_eh.wav,burping,sha256:b05ce357bf654d5a0f2cfc8a438b56a79d0a3b2349c07440fe0bc42683d31b6d,1,burping,0.017756842076778412,0.9340543746948242,0.01621299795806408,0.01808834634721279,0.013887437991797924,original,/mnt/d/INFANT CRY/Models_dbl/Main/runs/20260821T164332Z_490383ff/fold_1/fold_1_main_dbl.keras,/mnt/d/INFANT CRY/Models_dbl/Main/runs/20260821T164332Z_490383ff/fold_1/norm_stats_main_dbl.npy,20260821T164332Z_490383ff
rec_68fb76bcaf4df28e1d35,/mnt/d/INFANT CRY/data_set_dbl_split/train/burping/dunstan-eh_29.wav,burping,sha256:b9d8f7192623004bc826cbd5966f70e05261eaa1f05e9853e970b6172eeca0f9,1,burping,0.017055746167898178,0.9279546737670898,0.02429618500173092,0.014217216521501541,0.016476169228553772,original,/mnt/d/INFANT CRY/Models_dbl/Main/runs/20260821T164332Z_490383ff/fold_1/fold_1_main_dbl.keras,/mnt/d/INFANT CRY/Models_dbl/Main/runs/20260821T164332Z_490383ff/fold_1/norm_stats_main_dbl.npy,20260821T164332Z_490383ff
rec_410db454b737f8edd207,/mnt/d/INFANT CRY/data_set_dbl_split/train/burping/dunstan-eh_36.wav,burping,sha256:9812e508db07bc445f2a3931ff819cdebb0bee9ec8c30a37894438bf961922dc,1,discomfort,0.04937127232551575,0.0754350870847702,0.8247155547142029,0.023685866966843605,0.026792306452989578,original,/mnt/d/INFANT CRY/Models_dbl/Main/runs/20260821T164332Z_490383ff/fold_1/fold_1_main_dbl.keras,/mnt/d/INFANT CRY/Models_dbl/Main/runs/20260821T164332Z_490383ff/fold_1/norm_stats_main_dbl.npy,20260821T164332Z_490383ff
rec_829c72de849282995758,/mnt/d/INFANT CRY/data_set_dbl_split/train/burping/dunstan-eh_68.wav,burping,sha256:11a10a6d60666d73852caa5b054cdc9ad8e0e53c5674409b3e50dc48fb09b8a7,1,burping,0.016464494168758392,0.9324529767036438,0.017866482958197594,0.014475435018539429,0.018740670755505562,original,/mnt/d/INFANT CRY/Models_dbl/Main/runs/20260821T164332Z_490383ff/fold_1/fold_1_main_dbl.keras,/mnt/d/INFANT CRY/Models_dbl/Main/runs/20260821T164332Z_490383ff/fold_1/norm_stats_main_dbl.npy,20260821T164332Z_490383ff
rec_c30ffcebec910157af48,/mnt/d/INFANT CRY/data_set_dbl_split/train/discomfort/1196_M_heh.wav,discomfort,sha256:8829b26bdcad95788504ca21b9a88e997c052de4dc569adf94b834f72e75c9c3,1,discomfort,0.013313396833837032,0.014053418301045895,0.9425800442695618,0.014116792939603329,0.015936411917209625,original,/mnt/d/INFANT CRY/Models_dbl/Main/runs/20260821T164332Z_490383ff/fold_1/fold_1_main_dbl.keras,/mnt/d/INFANT CRY/Models_dbl/Main/runs/20260821T164332Z_490383ff/fold_1/norm_stats_main_dbl.npy,20260821T164332Z_490383ff
rec_535c552a0776b718850f,/mnt/d/INFANT CRY/data_set_dbl_split/train/discomfort/1266_M_heh.wav,discomfort,sha256:4de53b96c3e650367c41444167d23f140af9e239fd1daa3b9ca868a77eaf15f3,1,discomfort,0.017234383150935173,0.016460532322525978,0.9312751293182373,0.015752511098980904,0.019277432933449745,original,/mnt/d/INFANT CRY/Models_dbl/Main/runs/20260821T164332Z_490383ff/fold_1/fold_1_main_dbl.keras,/mnt/d/INFANT CRY/Models_dbl/Main/runs/20260821T164332Z_490383ff/fold_1/norm_stats_main_dbl.npy,20260821T164332Z_490383ff
rec_02ea82f3316cb050f905,/mnt/d/INFANT CRY/data_set_dbl_split/train/discomfort/1826_F_heh.wav,discomfort,sha256:fc0ddf97ccc9a120820e478d0ee49381d6c73521b7d51be3c4a13469505ba2b8,1,discomfort,0.01413108129054308,0.013917970471084118,0.945086658000946,0.0132620083168149,0.013602279126644135,original,/mnt/d/INFANT CRY/Models_dbl/Main/runs/20260821T164332Z_490383ff/fold_1/fold_1_main_dbl.keras,/mnt/d/INFANT CRY/Models_dbl/Main/runs/20260821T164332Z_490383ff/fold_1/norm_stats_main_dbl.npy,20260821T164332Z_490383ff
rec_aafac0f86f7d823eb681,/mnt/d/INFANT CRY/data_set_dbl_split/train/discomfort/2856_M_heh.wav,discomfort,sha256:cdc6b19e4e2c5240563ed06e6895bd1503b81c33f5681a20732f3cdee5a32dd4,1,tired,0.02211865782737732,0.04794354736804962,0.031406912952661514,0.022676661610603333,0.8758542537689209,original,/mnt/d/INFANT CRY/Models_dbl/Main/runs/20260821T164332Z_490383ff/fold_1/fold_1_main_dbl.keras,/mnt/d/INFANT CRY/Models_dbl/Main/runs/20260821T164332Z_490383ff/fold_1/norm_stats_main_dbl.npy,20260821T164332Z_490383ff
rec_158ce180cdd2526ffa91,/mnt/d/INFANT CRY/data_set_dbl_split/train/discomfort/2895_M_heh.wav,discomfort,sha256:954c7460c51155a5002d4efa106f64ad792f0e3301a1f7c648957bfee9c4a246,1,discomfort,0.011241034604609013,0.011583621613681316,0.9512429237365723,0.013094360940158367,0.012838032096624374,original,/mnt/d/INFANT CRY/Models_dbl/Main/runs/20260821T164332Z_490383ff/fold_1/fold_1_main_dbl.keras,/mnt/d/INFANT CRY/Models_dbl/Main/runs/20260821T164332Z_490383ff/fold_1/norm_stats_main_dbl.npy,20260821T164332Z_490383ff
rec_a6c2687f77e0cf79aef3,/mnt/d/INFANT CRY/data_set_dbl_split/train/discomfort/3175_F_heh.wav,discomfort,sha256:fabe986975f82fd9c521d501a117cc3847905fc94d671be383141bdc06c2ada5,1,discomfort,0.01325506716966629,0.013016927056014538,0.9495717287063599,0.011874747462570667,0.012281505391001701,original,/mnt/d/INFANT CRY/Models_dbl/Main/runs/20260821T164332Z_490383ff/fold_1/fold_1_main_dbl.keras,/mnt/d/INFANT CRY/Models_dbl/Main/runs/20260821T164332Z_490383ff/fold_1/norm_stats_main_dbl.npy,20260821T164332Z_490383ff
rec_6eb0928d100be618ab76,/mnt/d/INFANT CRY/data_set_dbl_split/train/discomfort/3451_M_heh.wav,discomfort,sha256:12725836d5e341efddb228c72d6c2de2003c36bac4f5046a7ce58189cc9d1815,1,discomfort,0.01387064065784216,0.015371785499155521,0.9457989931106567,0.012348179705440998,0.012610466219484806,original,/mnt/d/INFANT CRY/Models_dbl/Main/runs/20260821T164332Z_490383ff/fold_1/fold_1_main_dbl.keras,/mnt/d/INFANT CRY/Models_dbl/Main/runs/20260821T164332Z_490383ff/fold_1/norm_stats_main_dbl.npy,20260821T164332Z_490383ff
rec_542e505927d446598565,/mnt/d/INFANT CRY/data_set_dbl_split/train/discomfort/3815_F_heh.wav,discomfort,sha256:c973a8f3fb5306b502e6466a974ed76fb33ec00f1adcc37cf482b2c083905fe3,1,discomfort,0.01393671240657568,0.013124150224030018,0.9484780430793762,0.011666372418403625,0.012794754467904568,original,/mnt/d/INFANT CRY/Models_dbl/Main/runs/20260821T164332Z_490383ff/fold_1/fold_1_main_dbl.keras,/mnt/d/INFANT CRY/Models_dbl/Main/runs/20260821T164332Z_490383ff/fold_1/norm_stats_main_dbl.npy,20260821T164332Z_490383ff
rec_f4d28e0fc9542a590b34,/mnt/d/INFANT CRY/data_set_dbl_split/train/discomfort/3844_M_heh.wav,discomfort,sha256:657b32af5cf1a5e1bc960bf6d3a64bdc49c4ca3e2c482e8d71d9ef755f4cfbab,1,discomfort,0.012605185620486736,0.011877305805683136,0.9501504898071289,0.012381425127387047,0.01298558060079813,original,/mnt/d/INFANT CRY/Models_dbl/Main/runs/20260821T164332Z_490383ff/fold_1/fold_1_main_dbl.keras,/mnt/d/INFANT CRY/Models_dbl/Main/runs/20260821T164332Z_490383ff/fold_1/norm_stats_main_dbl.npy,20260821T164332Z_490383ff
rec_8e8cba3c6a2d7b965e01,/mnt/d/INFANT CRY/data_set_dbl_split/train/discomfort/4203_M_heh.wav,discomfort,sha256:ae269682a93c68792187ee79296f17a3ed5158bb641ee5d377bb2d61ce909d2b,1,burping,0.050413087010383606,0.5255444049835205,0.3472679853439331,0.03476125746965408,0.042013317346572876,original,/mnt/d/INFANT CRY/Models_dbl/Main/runs/20260821T164332Z_490383ff/fold_1/fold_1_main_dbl.keras,/mnt/d/INFANT CRY/Models_dbl/Main/runs/20260821T164332Z_490383ff/fold_1/norm_stats_main_dbl.npy,20260821T164332Z_490383ff
rec_f764034287a4370b136d,/mnt/d/INFANT CRY/data_set_dbl_split/train/discomfort/4290_F_heh.wav,discomfort,sha256:6496fc0d9fae508a5a354ecc133300bbc084c595ab186bfdbcccbb18643fa6c8,1,discomfort,0.012360448017716408,0.01522583793848753,0.9473519325256348,0.011928711086511612,0.013133118860423565,original,/mnt/d/INFANT CRY/Models_dbl/Main/runs/20260821T164332Z_490383ff/fold_1/fold_1_main_dbl.keras,/mnt/d/INFANT CRY/Models_dbl/Main/runs/20260821T164332Z_490383ff/fold_1/norm_stats_main_dbl.npy,20260821T164332Z_490383ff
rec_9bd40eced9885796e2fa,/mnt/d/INFANT CRY/data_set_dbl_split/train/discomfort/4424_F_heh.wav,discomfort,sha256:2175d95aa0ff4baa4ef2dec20dc9d2cbd1b8e384f866bc26b67f5739475733e8,1,discomfort,0.01209443062543869,0.011773630976676941,0.9507677555084229,0.012367457151412964,0.01299662608653307,original,/mnt/d/INFANT CRY/Models_dbl/Main/runs/20260821T164332Z_490383ff/fold_1/fold_1_main_dbl.keras,/mnt/d/INFANT CRY/Models_dbl/Main/runs/20260821T164332Z_490383ff/fold_1/norm_stats_main_dbl.npy,20260821T164332Z_490383ff
rec_970de6b0b559a331bcc5,/mnt/d/INFANT CRY/data_set_dbl_split/train/discomfort/4977_M_heh.wav,discomfort,sha256:5e32d16af33a1529f954882891aea6432fc41d9789f01072bd4d9e9082ff6eff,1,tired,0.04798499122262001,0.08722170442342758,0.0786246806383133,0.027274852618575096,0.7588937282562256,original,/mnt/d/INFANT CRY/Models_dbl/Main/runs/20260821T164332Z_490383ff/fold_1/fold_1_main_dbl.keras,/mnt/d/INFANT CRY/Models_dbl/Main/runs/20260821T164332Z_490383ff/fold_1/norm_stats_main_dbl.npy,20260821T164332Z_490383ff
rec_16c3c32dab93b50e898e,/mnt/d/INFANT CRY/data_set_dbl_split/train/discomfort/812_F_heh.wav,discomfort,sha256:87671ba55146b638213134bb556ac361122f688e43c004b427f08371f3e81e8c,1,discomfort,0.01577516458928585,0.012773747555911541,0.9438499212265015,0.014058728702366352,0.01354236900806427,original,/mnt/d/INFANT CRY/Models_dbl/Main/runs/20260821T164332Z_490383ff/fold_1/fold_1_main_dbl.keras,/mnt/d/INFANT CRY/Models_dbl/Main/runs/20260821T164332Z_490383ff/fold_1/norm_stats_main_dbl.npy,20260821T164332Z_490383ff
rec_333243a7285e8e47127f,/mnt/d/INFANT CRY/data_set_dbl_split/train/discomfort/dunstan-heh_1.wav,discomfort,sha256:00715050a9e08341be441187374434b78e7219722de771717149dace749807b7,1,belly_pain,0.8916389346122742,0.026593457907438278,0.03199697285890579,0.028401251882314682,0.02136937528848648,original,/mnt/d/INFANT CRY/Models_dbl/Main/runs/20260821T164332Z_490383ff/fold_1/fold_1_main_dbl.keras,/mnt/d/INFANT CRY/Models_dbl/Main/runs/20260821T164332Z_490383ff/fold_1/norm_stats_main_dbl.npy,20260821T164332Z_490383ff
rec_47ad8a2ec8f931f1904d,/mnt/d/INFANT CRY/data_set_dbl_split/train/discomfort/dunstan-heh_13.wav,discomfort,sha256:b51e673bad1fee64ab06e314e95104d2ba9921134c2ce2362bc6294d4a636a79,1,hungry,0.0364329069852829,0.03074520081281662,0.038734059780836105,0.8715729117393494,0.02251485362648964,original,/mnt/d/INFANT CRY/Models_dbl/Main/runs/20260821T164332Z_490383ff/fold_1/fold_1_main_dbl.keras,/mnt/d/INFANT CRY/Models_dbl/Main/runs/20260821T164332Z_490383ff/fold_1/norm_stats_main_dbl.npy,20260821T164332Z_490383ff
rec_9362bfdd724c2e4f3f5f,/mnt/d/INFANT CRY/data_set_dbl_split/train/discomfort/dunstan-heh_21.wav,discomfort,sha256:5627d07320b1fe0e838b9565b872e8f77af65ab78f41b4775e8a273cf034e9c2,1,discomfort,0.06145111843943596,0.031296007335186005,0.5184120535850525,0.3370751142501831,0.051765672862529755,original,/mnt/d/INFANT CRY/Models_dbl/Main/runs/20260821T164332Z_490383ff/fold_1/fold_1_main_dbl.keras,/mnt/d/INFANT CRY/Models_dbl/Main/runs/20260821T164332Z_490383ff/fold_1/norm_stats_main_dbl.npy,20260821T164332Z_490383ff
rec_f4d972ce5aa401717524,/mnt/d/INFANT CRY/data_set_dbl_split/train/discomfort/dunstan-heh_56.wav,discomfort,sha256:78a75bac026554e45349a30721f1e48272841318d8ee92dfaa1fce86d1126c79,1,discomfort,0.014628778211772442,0.012908023782074451,0.9476705193519592,0.012146909721195698,0.01264578104019165,original,/mnt/d/INFANT CRY/Models_dbl/Main/runs/20260821T164332Z_490383ff/fold_1/fold_1_main_dbl.keras,/mnt/d/INFANT CRY/Models_dbl/Main/runs/20260821T164332Z_490383ff/fold_1/norm_stats_main_dbl.npy,20260821T164332Z_490383ff
rec_2e6b9cce63bb62c81682,/mnt/d/INFANT CRY/data_set_dbl_split/train/hungry/1127_M_neh.wav,hungry,sha256:abf17194995d30ba4cab65658760f8bab3004d430ad8e2cd8e46437ae37e954f,1,hungry,0.015866000205278397,0.01384748239070177,0.013949654996395111,0.9438021779060364,0.012534698471426964,original,/mnt/d/INFANT CRY/Models_dbl/Main/runs/20260821T164332Z_490383ff/fold_1/fold_1_main_dbl.keras,/mnt/d/INFANT CRY/Models_dbl/Main/runs/20260821T164332Z_490383ff/fold_1/norm_stats_main_dbl.npy,20260821T164332Z_490383ff
rec_30dd61c9506d4c0ad6d5,/mnt/d/INFANT CRY/data_set_dbl_split/train/hungry/1262_F_neh.wav,hungry,sha256:46fab932c94441592374d293fd06f2a0cc912dd59588b26526839b3e067cd844,1,hungry,0.014664450660347939,0.014089361764490604,0.013781856745481491,0.9436778426170349,0.013786530122160912,original,/mnt/d/INFANT CRY/Models_dbl/Main/runs/20260821T164332Z_490383ff/fold_1/fold_1_main_dbl.keras,/mnt/d/INFANT CRY/Models_dbl/Main/runs/20260821T164332Z_490383ff/fold_1/norm_stats_main_dbl.npy,20260821T164332Z_490383ff
rec_27af923979666dc49a07,/mnt/d/INFANT CRY/data_set_dbl_split/train/hungry/1279_F_neh.wav,hungry,sha256:c29b827db0b5c576e6e9f4b0c21c384b8350e9e5acf676eb1b3b50e7aeb029e0,1,hungry,0.021663017570972443,0.018066756427288055,0.0157148614525795,0.9295803308486938,0.014975004829466343,original,/mnt/d/INFANT CRY/Models_dbl/Main/runs/20260821T164332Z_490383ff/fold_1/fold_1_main_dbl.keras,/mnt/d/INFANT CRY/Models_dbl/Main/runs/20260821T164332Z_490383ff/fold_1/norm_stats_main_dbl.npy,20260821T164332Z_490383ff
rec_c4c64bc3a334453f65f3,/mnt/d/INFANT CRY/data_set_dbl_split/train/hungry/1641_M_neh.wav,hungry,sha256:5fe72d99d113bc0ae5b7256bff021cdc397aaff0055e92cb122010e8514bc62e,1,hungry,0.01703410968184471,0.014229850843548775,0.01587837003171444,0.9394940733909607,0.013363583944737911,original,/mnt/d/INFANT CRY/Models_dbl/Main/runs/20260821T164332Z_490383ff/fold_1/fold_1_main_dbl.keras,/mnt/d/INFANT CRY/Models_dbl/Main/runs/20260821T164332Z_490383ff/fold_1/norm_stats_main_dbl.npy,20260821T164332Z_490383ff
rec_f671c2c6395fe494c784,/mnt/d/INFANT CRY/data_set_dbl_split/train/hungry/2160_F_neh.wav,hungry,sha256:12a4447e7dc1b6d47f37915c5449dfdd132208c35ca819269e09834b1b20b592,1,hungry,0.01399894617497921,0.013795766979455948,0.012629348784685135,0.946984052658081,0.012591886334121227,original,/mnt/d/INFANT CRY/Models_dbl/Main/runs/20260821T164332Z_490383ff/fold_1/fold_1_main_dbl.keras,/mnt/d/INFANT CRY/Models_dbl/Main/runs/20260821T164332Z_490383ff/fold_1/norm_stats_main_dbl.npy,20260821T164332Z_490383ff
rec_863f55a8b59a50be7319,/mnt/d/INFANT CRY/data_set_dbl_split/train/hungry/2297_F_neh.wav,hungry,sha256:7ec8c0fa0b1cdaecd18b969b466f1fda8d7e182afd97e5fd232a2e3928ef7ffc,1,hungry,0.016394635662436485,0.015501080080866814,0.013844477012753487,0.941352128982544,0.012907720170915127,original,/mnt/d/INFANT CRY/Models_dbl/Main/runs/20260821T164332Z_490383ff/fold_1/fold_1_main_dbl.keras,/mnt/d/INFANT CRY/Models_dbl/Main/runs/20260821T164332Z_490383ff/fold_1/norm_stats_main_dbl.npy,20260821T164332Z_490383ff
rec_ec34fb05fcd5397abee1,/mnt/d/INFANT CRY/data_set_dbl_split/train/hungry/2392_M_neh.wav,hungry,sha256:dccb965f62255bf04747b39fe452228aa053abbe72f887fc204335db746729f3,1,hungry,0.01463139895349741,0.014011464081704617,0.012823342345654964,0.9459741115570068,0.01255976501852274,original,/mnt/d/INFANT CRY/Models_dbl/Main/runs/20260821T164332Z_490383ff/fold_1/fold_1_main_dbl.keras,/mnt/d/INFANT CRY/Models_dbl/Main/runs/20260821T164332Z_490383ff/fold_1/norm_stats_main_dbl.npy,20260821T164332Z_490383ff
rec_91e53f1ceddf3f56f535,/mnt/d/INFANT CRY/data_set_dbl_split/train/hungry/265_M_neh.wav,hungry,sha256:8c43c8217c64082aa0d0e49f111d47a40474adfcce606ddc09a0dfd16b4fb692,1,hungry,0.013078287243843079,0.013531400822103024,0.012402010150253773,0.9470863342285156,0.013902009464800358,original,/mnt/d/INFANT CRY/Models_dbl/Main/runs/20260821T164332Z_490383ff/fold_1/fold_1_main_dbl.keras,/mnt/d/INFANT CRY/Models_dbl/Main/runs/20260821T164332Z_490383ff/fold_1/norm_stats_main_dbl.npy,20260821T164332Z_490383ff
rec_9fda6433c0cfb05ba603,/mnt/d/INFANT CRY/data_set_dbl_split/train/hungry/2790_M_neh.wav,hungry,sha256:6d1dc506e0f2320780b1567d419d21247d55f87bf41609c3f418ac158ddd00e4,1,hungry,0.01388199906796217,0.014001400209963322,0.01236001681536436,0.9463956952095032,0.01336092408746481,original,/mnt/d/INFANT CRY/Models_dbl/Main/runs/20260821T164332Z_490383ff/fold_1/fold_1_main_dbl.keras,/mnt/d/INFANT CRY/Models_dbl/Main/runs/20260821T164332Z_490383ff/fold_1/norm_stats_main_dbl.npy,20260821T164332Z_490383ff
rec_bbeadf4eccca05727d8d,/mnt/d/INFANT CRY/data_set_dbl_split/train/hungry/2984_M_neh.wav,hungry,sha256:7af22f70272db9d107cc11d5d627a127d6d1a71d48373b873058a88b6828d0cd,1,hungry,0.018048206344246864,0.01550966501235962,0.013713479973375797,0.9399182796478271,0.012810486368834972,original,/mnt/d/INFANT CRY/Models_dbl/Main/runs/20260821T164332Z_490383ff/fold_1/fold_1_main_dbl.keras,/mnt/d/INFANT CRY/Models_dbl/Main/runs/20260821T164332Z_490383ff/fold_1/norm_stats_main_dbl.npy,20260821T164332Z_490383ff
rec_2ff671b1852890e69b00,/mnt/d/INFANT CRY/data_set_dbl_split/train/hungry/3044_M_neh.wav,hungry,sha256:8d0fdf323af57b8c4af4a7ab5f64887b7e5d80e580ded94a5d1db06752a80cf6,1,hungry,0.013119284063577652,0.012816611677408218,0.01236115861684084,0.9492794871330261,0.012423422187566757,original,/mnt/d/INFANT CRY/Models_dbl/Main/runs/20260821T164332Z_490383ff/fold_1/fold_1_main_dbl.keras,/mnt/d/INFANT CRY/Models_dbl/Main/runs/20260821T164332Z_490383ff/fold_1/norm_stats_main_dbl.npy,20260821T164332Z_490383ff
rec_93a6be1a88f70e583f68,/mnt/d/INFANT CRY/data_set_dbl_split/train/hungry/3384_F_neh.wav,hungry,sha256:2496712dd23c0d60da7a25e8f6430277d6e47febbaf77db982a193c3803faeca,1,hungry,0.013245019130408764,0.01397707313299179,0.0122957369312644,0.9468443393707275,0.01363783422857523,original,/mnt/d/INFANT CRY/Models_dbl/Main/runs/20260821T164332Z_490383ff/fold_1/fold_1_main_dbl.keras,/mnt/d/INFANT CRY/Models_dbl/Main/runs/20260821T164332Z_490383ff/fold_1/norm_stats_main_dbl.npy,20260821T164332Z_490383ff
rec_74b7b7b269cccff509b6,/mnt/d/INFANT CRY/data_set_dbl_split/train/hungry/3478_M_neh.wav,hungry,sha256:0652cac9764f49ee987c04e3b01a87fb9eac4ac4ed99d9dbe77ce44d25ade3f9,1,hungry,0.014977854676544666,0.013634867034852505,0.013926390558481216,0.9443303942680359,0.0131305493414402,original,/mnt/d/INFANT CRY/Models_dbl/Main/runs/20260821T164332Z_490383ff/fold_1/fold_1_main_dbl.keras,/mnt/d/INFANT CRY/Models_dbl/Main/runs/20260821T164332Z_490383ff/fold_1/norm_stats_main_dbl.npy,20260821T164332Z_490383ff
rec_877d2010d59db49c24c5,/mnt/d/INFANT CRY/data_set_dbl_split/train/hungry/3844_F_neh.wav,hungry,sha256:68d4f988286e4bf63ea5d8c8edac72742082b9eefae0345e66a54a231933fff7,1,hungry,0.01977655477821827,0.01572580821812153,0.014854749664664268,0.9367617964744568,0.012881118804216385,original,/mnt/d/INFANT CRY/Models_dbl/Main/runs/20260821T164332Z_490383ff/fold_1/fold_1_main_dbl.keras,/mnt/d/INFANT CRY/Models_dbl/Main/runs/20260821T164332Z_490383ff/fold_1/norm_stats_main_dbl.npy,20260821T164332Z_490383ff
rec_12aab60e9a224840d67b,/mnt/d/INFANT CRY/data_set_dbl_split/train/hungry/3988_M_neh.wav,hungry,sha256:64a2aa29fa0d6a90e8ab1a7a3c202e02293367aad28f101f2e962556c434d555,1,hungry,0.01709010638296604,0.016367493197321892,0.014340819790959358,0.9377515912055969,0.014450057409703732,original,/mnt/d/INFANT CRY/Models_dbl/Main/runs/20260821T164332Z_490383ff/fold_1/fold_1_main_dbl.keras,/mnt/d/INFANT CRY/Models_dbl/Main/runs/20260821T164332Z_490383ff/fold_1/norm_stats_main_dbl.npy,20260821T164332Z_490383ff
rec_e4ad00feb28f4c6c7b7c,/mnt/d/INFANT CRY/data_set_dbl_split/train/hungry/4387_M_neh.wav,hungry,sha256:5c0b2a9a67fb770a17081220716b1e4161151222095ff72a95f4282df8ce0e9e,1,hungry,0.01427849568426609,0.013466455042362213,0.012664789333939552,0.9474591612815857,0.012131205759942532,original,/mnt/d/INFANT CRY/Models_dbl/Main/runs/20260821T164332Z_490383ff/fold_1/fold_1_main_dbl.keras,/mnt/d/INFANT CRY/Models_dbl/Main/runs/20260821T164332Z_490383ff/fold_1/norm_stats_main_dbl.npy,20260821T164332Z_490383ff
rec_8a26e0da4af7d57a6c76,/mnt/d/INFANT CRY/data_set_dbl_split/train/hungry/4541_M_neh.wav,hungry,sha256:8a17c99c6632b045ba4f2986a2e34f74a3fb0456bac5c88284e24446c5385011,1,hungry,0.01786699891090393,0.017930714413523674,0.01416193600744009,0.9322517514228821,0.017788590863347054,original,/mnt/d/INFANT CRY/Models_dbl/Main/runs/20260821T164332Z_490383ff/fold_1/fold_1_main_dbl.keras,/mnt/d/INFANT CRY/Models_dbl/Main/runs/20260821T164332Z_490383ff/fold_1/norm_stats_main_dbl.npy,20260821T164332Z_490383ff
rec_b9118574ae063823a271,/mnt/d/INFANT CRY/data_set_dbl_split/train/hungry/4927_F_neh.wav,hungry,sha256:a67a58764a2e17d9d04d857fdee398285de2a50e1f923495de9fb953e750be0a,1,hungry,0.01698286458849907,0.013875862583518028,0.014987340196967125,0.9413974285125732,0.012756557203829288,original,/mnt/d/INFANT CRY/Models_dbl/Main/runs/20260821T164332Z_490383ff/fold_1/fold_1_main_dbl.keras,/mnt/d/INFANT CRY/Models_dbl/Main/runs/20260821T164332Z_490383ff/fold_1/norm_stats_main_dbl.npy,20260821T164332Z_490383ff
rec_2e0608ae3276e423cd26,/mnt/d/INFANT CRY/data_set_dbl_split/train/hungry/704_M_neh.wav,hungry,sha256:cade3dba1ee58bcfcf613c311275b5decf8561d6cc1ffd7f9c94053bb3d0635d,1,hungry,0.015837352722883224,0.013312325812876225,0.014205272309482098,0.9438417553901672,0.012803236953914165,original,/mnt/d/INFANT CRY/Models_dbl/Main/runs/20260821T164332Z_490383ff/fold_1/fold_1_main_dbl.keras,/mnt/d/INFANT CRY/Models_dbl/Main/runs/20260821T164332Z_490383ff/fold_1/norm_stats_main_dbl.npy,20260821T164332Z_490383ff
rec_54896c135751fc926faf,/mnt/d/INFANT CRY/data_set_dbl_split/train/hungry/804_F_neh.wav,hungry,sha256:009ea17f6cad014895e26e30d5005d967b6086657eb4401c74c8ba681df306d9,1,hungry,0.036514244973659515,0.02779233641922474,0.07200198620557785,0.8319441676139832,0.031747255474328995,original,/mnt/d/INFANT CRY/Models_dbl/Main/runs/20260821T164332Z_490383ff/fold_1/fold_1_main_dbl.keras,/mnt/d/INFANT CRY/Models_dbl/Main/runs/20260821T164332Z_490383ff/fold_1/norm_stats_main_dbl.npy,20260821T164332Z_490383ff
rec_866de97ef20add08af82,/mnt/d/INFANT CRY/data_set_dbl_split/train/hungry/828_M_neh.wav,hungry,sha256:6bbcd95f37c0056fc3be5697a94ef871285dc1075267219c7a2564dd3525ea63,1,hungry,0.014493399299681187,0.014034333638846874,0.0124319763854146,0.9466249942779541,0.012415318749845028,original,/mnt/d/INFANT CRY/Models_dbl/Main/runs/20260821T164332Z_490383ff/fold_1/fold_1_main_dbl.keras,/mnt/d/INFANT CRY/Models_dbl/Main/runs/20260821T164332Z_490383ff/fold_1/norm_stats_main_dbl.npy,20260821T164332Z_490383ff
rec_a8ed319ae2c5af1fb4e7,/mnt/d/INFANT CRY/data_set_dbl_split/train/hungry/848_M_neh.wav,hungry,sha256:6ca563faf33cf29200ef17f12ef123da55e6efff40fb02f6c4f72b5e8b07892f,1,hungry,0.013592129573225975,0.013583538122475147,0.012830940075218678,0.9459033608436584,0.014090142212808132,original,/mnt/d/INFANT CRY/Models_dbl/Main/runs/20260821T164332Z_490383ff/fold_1/fold_1_main_dbl.keras,/mnt/d/INFANT CRY/Models_dbl/Main/runs/20260821T164332Z_490383ff/fold_1/norm_stats_main_dbl.npy,20260821T164332Z_490383ff
rec_d8deea50d36d9d56286e,/mnt/d/INFANT CRY/data_set_dbl_split/train/hungry/851_M_neh.wav,hungry,sha256:e3e392a7783ed734892b7fe0a6e2d9e05e7096499d3c8007b1a7946b7731ef3f,1,hungry,0.017725810408592224,0.01551907043904066,0.0138045409694314,0.9398235082626343,0.013127006590366364,original,/mnt/d/INFANT CRY/Models_dbl/Main/runs/20260821T164332Z_490383ff/fold_1/fold_1_main_dbl.keras,/mnt/d/INFANT CRY/Models_dbl/Main/runs/20260821T164332Z_490383ff/fold_1/norm_stats_main_dbl.npy,20260821T164332Z_490383ff
rec_19f421ef58c3bf799ef8,/mnt/d/INFANT CRY/data_set_dbl_split/train/hungry/99_M_neh.wav,hungry,sha256:14b4f8ed2c701302746fe3ce0f2fe522b34368aa06a769e51f7e6c9fe3037767,1,hungry,0.017423057928681374,0.015856677666306496,0.0144593371078372,0.9393342733383179,0.012926647439599037,original,/mnt/d/INFANT CRY/Models_dbl/Main/runs/20260821T164332Z_490383ff/fold_1/fold_1_main_dbl.keras,/mnt/d/INFANT CRY/Models_dbl/Main/runs/20260821T164332Z_490383ff/fold_1/norm_stats_main_dbl.npy,20260821T164332Z_490383ff
rec_0ebec3765679d0d21c7c,/mnt/d/INFANT CRY/data_set_dbl_split/train/hungry/dunstan-neh_11.wav,hungry,sha256:3dd2e83526d145dbb7fff6a688e1cf5f75c2509d79613166ff42c915007e920c,1,hungry,0.058941084891557693,0.0299608763307333,0.37454861402511597,0.48117271065711975,0.05537670478224754,original,/mnt/d/INFANT CRY/Models_dbl/Main/runs/20260821T164332Z_490383ff/fold_1/fold_1_main_dbl.keras,/mnt/d/INFANT CRY/Models_dbl/Main/runs/20260821T164332Z_490383ff/fold_1/norm_stats_main_dbl.npy,20260821T164332Z_490383ff
rec_db35c613515374caf95f,/mnt/d/INFANT CRY/data_set_dbl_split/train/hungry/dunstan-neh_21.wav,hungry,sha256:da1abd88ca5ed6fad7892ea218f1f326cb92a9f91085683a339c65f44b2f4bed,1,hungry,0.0738203153014183,0.029078077524900436,0.030240241438150406,0.827395498752594,0.03946584463119507,original,/mnt/d/INFANT CRY/Models_dbl/Main/runs/20260821T164332Z_490383ff/fold_1/fold_1_main_dbl.keras,/mnt/d/INFANT CRY/Models_dbl/Main/runs/20260821T164332Z_490383ff/fold_1/norm_stats_main_dbl.npy,20260821T164332Z_490383ff
rec_7c3c65da7a88a56a3da5,/mnt/d/INFANT CRY/data_set_dbl_split/train/hungry/dunstan-neh_38.wav,hungry,sha256:ee11c2166c1b1319d86215dc681966a4046c7bebe44ca3d5fb03c18d61faec94,1,hungry,0.017100537195801735,0.014804264530539513,0.01778257265686989,0.9356392025947571,0.014673403464257717,original,/mnt/d/INFANT CRY/Models_dbl/Main/runs/20260821T164332Z_490383ff/fold_1/fold_1_main_dbl.keras,/mnt/d/INFANT CRY/Models_dbl/Main/runs/20260821T164332Z_490383ff/fold_1/norm_stats_main_dbl.npy,20260821T164332Z_490383ff
rec_4b4785d5ae74ada7c3ec,/mnt/d/INFANT CRY/data_set_dbl_split/train/hungry/dunstan-neh_58.wav,hungry,sha256:842bdf6597053d4287099fa4e38914b648b5829e434099bcf24d7bbacca8b02a,1,hungry,0.01730804145336151,0.015719590708613396,0.014073203317821026,0.939532458782196,0.013366763480007648,original,/mnt/d/INFANT CRY/Models_dbl/Main/runs/20260821T164332Z_490383ff/fold_1/fold_1_main_dbl.keras,/mnt/d/INFANT CRY/Models_dbl/Main/runs/20260821T164332Z_490383ff/fold_1/norm_stats_main_dbl.npy,20260821T164332Z_490383ff
rec_82f5f9b88b7fc28f0a7c,/mnt/d/INFANT CRY/data_set_dbl_split/train/hungry/dunstan-neh_6.wav,hungry,sha256:e397f28474eda722c72a111a1b7fca3185ff0523bf70c95fb266b86de90719ed,1,hungry,0.019203172996640205,0.01580413058400154,0.014519699849188328,0.9353124499320984,0.015160530805587769,original,/mnt/d/INFANT CRY/Models_dbl/Main/runs/20260821T164332Z_490383ff/fold_1/fold_1_main_dbl.keras,/mnt/d/INFANT CRY/Models_dbl/Main/runs/20260821T164332Z_490383ff/fold_1/norm_stats_main_dbl.npy,20260821T164332Z_490383ff
rec_0219106d49c86a8ef26c,/mnt/d/INFANT CRY/data_set_dbl_split/train/hungry/dunstan-neh_72.wav,hungry,sha256:a2dd62708e8e8b59ec70782bf8929321f46959a750f49c9c8cdbec91ef496435,1,discomfort,0.019209088757634163,0.02228170447051525,0.8897030353546143,0.037099238485097885,0.03170693665742874,original,/mnt/d/INFANT CRY/Models_dbl/Main/runs/20260821T164332Z_490383ff/fold_1/fold_1_main_dbl.keras,/mnt/d/INFANT CRY/Models_dbl/Main/runs/20260821T164332Z_490383ff/fold_1/norm_stats_main_dbl.npy,20260821T164332Z_490383ff
rec_413850d66eb3385ab609,/mnt/d/INFANT CRY/data_set_dbl_split/train/tired/1128_M_owh.wav,tired,sha256:c0c06a568d9065bb4318ecc0559c7336898b2913ee97251b28a379f27b97aac4,1,tired,0.017126983031630516,0.01617041602730751,0.01864704303443432,0.018296057358384132,0.9297595024108887,original,/mnt/d/INFANT CRY/Models_dbl/Main/runs/20260821T164332Z_490383ff/fold_1/fold_1_main_dbl.keras,/mnt/d/INFANT CRY/Models_dbl/Main/runs/20260821T164332Z_490383ff/fold_1/norm_stats_main_dbl.npy,20260821T164332Z_490383ff
rec_cdd398141f846ccd0027,/mnt/d/INFANT CRY/data_set_dbl_split/train/tired/124_M_owh.wav,tired,sha256:a445b6527812ffd4338ac7ba41859c3c820b008e362098bb366f4eaf83e73972,1,tired,0.01875995472073555,0.017137939110398293,0.01685822196304798,0.019174180924892426,0.9280697107315063,original,/mnt/d/INFANT CRY/Models_dbl/Main/runs/20260821T164332Z_490383ff/fold_1/fold_1_main_dbl.keras,/mnt/d/INFANT CRY/Models_dbl/Main/runs/20260821T164332Z_490383ff/fold_1/norm_stats_main_dbl.npy,20260821T164332Z_490383ff
rec_39f1a5fdeca0303b5c72,/mnt/d/INFANT CRY/data_set_dbl_split/train/tired/1265_F_owh.wav,tired,sha256:32bbecb7e9bff08fca82c0a40a3d1902178613f821eabe90f41fd122d286898c,1,tired,0.025232229381799698,0.01868048496544361,0.02067560702562332,0.0196866262704134,0.9157249927520752,original,/mnt/d/INFANT CRY/Models_dbl/Main/runs/20260821T164332Z_490383ff/fold_1/fold_1_main_dbl.keras,/mnt/d/INFANT CRY/Models_dbl/Main/runs/20260821T164332Z_490383ff/fold_1/norm_stats_main_dbl.npy,20260821T164332Z_490383ff
rec_4a811ef1fd06401720aa,/mnt/d/INFANT CRY/data_set_dbl_split/train/tired/1452_F_owh.wav,tired,sha256:43ed436f5192e48cf6ce0048607d7d7ced00ac9e85c01df8e553d13a7ca68714,1,tired,0.016825584694743156,0.016610438004136086,0.019492140039801598,0.021266961470246315,0.9258049130439758,original,/mnt/d/INFANT CRY/Models_dbl/Main/runs/20260821T164332Z_490383ff/fold_1/fold_1_main_dbl.keras,/mnt/d/INFANT CRY/Models_dbl/Main/runs/20260821T164332Z_490383ff/fold_1/norm_stats_main_dbl.npy,20260821T164332Z_490383ff
rec_2ad0e9a29a95e4bb2599,/mnt/d/INFANT CRY/data_set_dbl_split/train/tired/154_M_owh.wav,tired,sha256:76803fa1d5fa92ae76b9114c410411c7860108e0d6c3563deaaf29617dbd7dd6,1,tired,0.017441127449274063,0.01843414641916752,0.017404401674866676,0.017959095537662506,0.9287612438201904,original,/mnt/d/INFANT CRY/Models_dbl/Main/runs/20260821T164332Z_490383ff/fold_1/fold_1_main_dbl.keras,/mnt/d/INFANT CRY/Models_dbl/Main/runs/20260821T164332Z_490383ff/fold_1/norm_stats_main_dbl.npy,20260821T164332Z_490383ff
rec_1747fa8c0259cb9f58a4,/mnt/d/INFANT CRY/data_set_dbl_split/train/tired/1569_M_owh.wav,tired,sha256:2d6d39ac02cbd5b4e64b2e432fdff9e1c44abd71123e66771b2e9f0099ea9435,1,tired,0.017339330166578293,0.015572408214211464,0.021063251420855522,0.02090121991932392,0.9251238107681274,original,/mnt/d/INFANT CRY/Models_dbl/Main/runs/20260821T164332Z_490383ff/fold_1/fold_1_main_dbl.keras,/mnt/d/INFANT CRY/Models_dbl/Main/runs/20260821T164332Z_490383ff/fold_1/norm_stats_main_dbl.npy,20260821T164332Z_490383ff
rec_d4bba21d40cf89469609,/mnt/d/INFANT CRY/data_set_dbl_split/train/tired/1662_M_owh.wav,tired,sha256:3f33f888d5cd511267e18e297989aa1ed86adedfe69e16be6d1374bd61e84ffe,1,tired,0.020321326330304146,0.019870266318321228,0.016900163143873215,0.019429543986916542,0.9234786629676819,original,/mnt/d/INFANT CRY/Models_dbl/Main/runs/20260821T164332Z_490383ff/fold_1/fold_1_main_dbl.keras,/mnt/d/INFANT CRY/Models_dbl/Main/runs/20260821T164332Z_490383ff/fold_1/norm_stats_main_dbl.npy,20260821T164332Z_490383ff
rec_815fbbf7a4029d0e7b3f,/mnt/d/INFANT CRY/data_set_dbl_split/train/tired/1706_M_owh.wav,tired,sha256:808f071f9bd60224013b50e6cf508d8a0ea2e1174a627af06398d498898aab9f,1,tired,0.017436863854527473,0.018233126029372215,0.01663055829703808,0.017536915838718414,0.9301626086235046,original,/mnt/d/INFANT CRY/Models_dbl/Main/runs/20260821T164332Z_490383ff/fold_1/fold_1_main_dbl.keras,/mnt/d/INFANT CRY/Models_dbl/Main/runs/20260821T164332Z_490383ff/fold_1/norm_stats_main_dbl.npy,20260821T164332Z_490383ff
rec_97cf07c2c7b61a716812,/mnt/d/INFANT CRY/data_set_dbl_split/train/tired/1713_F_owh.wav,tired,sha256:ccb1f46f0f7cb13188b168570d0515229ad6a7eda7735e90615b37024171361a,1,tired,0.01642681285738945,0.018484149128198624,0.019556263461709023,0.031471848487854004,0.9140609502792358,original,/mnt/d/INFANT CRY/Models_dbl/Main/runs/20260821T164332Z_490383ff/fold_1/fold_1_main_dbl.keras,/mnt/d/INFANT CRY/Models_dbl/Main/runs/20260821T164332Z_490383ff/fold_1/norm_stats_main_dbl.npy,20260821T164332Z_490383ff
rec_fa1666c430c4c24731a7,/mnt/d/INFANT CRY/data_set_dbl_split/train/tired/1725_M_owh.wav,tired,sha256:7dd152087fcefcc9f9b93c1caa89373a516088657d3ba41aeea69aa16f15b989,1,tired,0.01587752252817154,0.01995070092380047,0.01804443821310997,0.017383400350809097,0.9287438988685608,original,/mnt/d/INFANT CRY/Models_dbl/Main/runs/20260821T164332Z_490383ff/fold_1/fold_1_main_dbl.keras,/mnt/d/INFANT CRY/Models_dbl/Main/runs/20260821T164332Z_490383ff/fold_1/norm_stats_main_dbl.npy,20260821T164332Z_490383ff
rec_d02d1d51fcf5369a63ad,/mnt/d/INFANT CRY/data_set_dbl_split/train/tired/1763_M_owh.wav,tired,sha256:7c95c315cde9f1356c28e28f6f62b5f550551b8344be99a3dcd51d7e89fc85c5,1,tired,0.02600237727165222,0.02069738134741783,0.07882635295391083,0.07699577510356903,0.7974781394004822,original,/mnt/d/INFANT CRY/Models_dbl/Main/runs/20260821T164332Z_490383ff/fold_1/fold_1_main_dbl.keras,/mnt/d/INFANT CRY/Models_dbl/Main/runs/20260821T164332Z_490383ff/fold_1/norm_stats_main_dbl.npy,20260821T164332Z_490383ff
rec_5d70e35019c23efaf711,/mnt/d/INFANT CRY/data_set_dbl_split/train/tired/1844_F_owh.wav,tired,sha256:a1865e4b99f8098eed8f0c718adf35514fcd6cdbff7bcb7b1779173919cfc4d7,1,tired,0.02164454571902752,0.02018323913216591,0.01840740628540516,0.021563218906521797,0.9182015657424927,original,/mnt/d/INFANT CRY/Models_dbl/Main/runs/20260821T164332Z_490383ff/fold_1/fold_1_main_dbl.keras,/mnt/d/INFANT CRY/Models_dbl/Main/runs/20260821T164332Z_490383ff/fold_1/norm_stats_main_dbl.npy,20260821T164332Z_490383ff
rec_c03e13db9fc0f11f1b58,/mnt/d/INFANT CRY/data_set_dbl_split/train/tired/2089_M_owh.wav,tired,sha256:f8c88bb1e23d33e4b72106611135e45839969c40ab8a87b76489683795c0476b,1,tired,0.019846411421895027,0.02614702098071575,0.020674165338277817,0.019906198605895042,0.9134261608123779,original,/mnt/d/INFANT CRY/Models_dbl/Main/runs/20260821T164332Z_490383ff/fold_1/fold_1_main_dbl.keras,/mnt/d/INFANT CRY/Models_dbl/Main/runs/20260821T164332Z_490383ff/fold_1/norm_stats_main_dbl.npy,20260821T164332Z_490383ff
rec_cc7bf851b717582daedd,/mnt/d/INFANT CRY/data_set_dbl_split/train/tired/2104_M_owh.wav,tired,sha256:3e297f55ca497c1d745a97131ae14c16bb04c757dc0b3fa3ef26e9622bfa9c61,1,tired,0.019487416371703148,0.019914211705327034,0.017041636630892754,0.021436596289277077,0.9221201539039612,original,/mnt/d/INFANT CRY/Models_dbl/Main/runs/20260821T164332Z_490383ff/fold_1/fold_1_main_dbl.keras,/mnt/d/INFANT CRY/Models_dbl/Main/runs/20260821T164332Z_490383ff/fold_1/norm_stats_main_dbl.npy,20260821T164332Z_490383ff
rec_89524fba889339fcfdc7,/mnt/d/INFANT CRY/data_set_dbl_split/train/tired/2130_M_owh.wav,tired,sha256:e782c28dec02304259fa6ee04f4e949a924fdcd76fd245031e3262200bc9acfd,1,tired,0.023009799420833588,0.021985122933983803,0.019254351034760475,0.020677700638771057,0.915073037147522,original,/mnt/d/INFANT CRY/Models_dbl/Main/runs/20260821T164332Z_490383ff/fold_1/fold_1_main_dbl.keras,/mnt/d/INFANT CRY/Models_dbl/Main/runs/20260821T164332Z_490383ff/fold_1/norm_stats_main_dbl.npy,20260821T164332Z_490383ff
rec_c18d49327c6e50d1e569,/mnt/d/INFANT CRY/data_set_dbl_split/train/tired/2156_M_owh.wav,tired,sha256:bae968692719c8b34033cb1ffb767cc3bf4810669ce54c8cb625f818154cad23,1,tired,0.01910601556301117,0.019093429669737816,0.01982940547168255,0.018612399697303772,0.9233587384223938,original,/mnt/d/INFANT CRY/Models_dbl/Main/runs/20260821T164332Z_490383ff/fold_1/fold_1_main_dbl.keras,/mnt/d/INFANT CRY/Models_dbl/Main/runs/20260821T164332Z_490383ff/fold_1/norm_stats_main_dbl.npy,20260821T164332Z_490383ff
rec_d5f0a7c6b2ea83ee846f,/mnt/d/INFANT CRY/data_set_dbl_split/train/tired/2257_M_owh.wav,tired,sha256:4a946dfbba210b2b1566e938c7fa1ea4b7bbe1516886a9c08dcb695e43f79fd2,1,tired,0.016201714053750038,0.01596026122570038,0.0180335845798254,0.021613474935293198,0.9281910061836243,original,/mnt/d/INFANT CRY/Models_dbl/Main/runs/20260821T164332Z_490383ff/fold_1/fold_1_main_dbl.keras,/mnt/d/INFANT CRY/Models_dbl/Main/runs/20260821T164332Z_490383ff/fold_1/norm_stats_main_dbl.npy,20260821T164332Z_490383ff
rec_cba9e2293ee5fcc657a7,/mnt/d/INFANT CRY/data_set_dbl_split/train/tired/2266_M_owh.wav,tired,sha256:34686bfc9b7b9c2b9e72a44fc9aab78f5aed4dd889ca1a7726ae43a3aab3ec63,1,tired,0.01835620403289795,0.03882851451635361,0.022179290652275085,0.021871116012334824,0.8987649083137512,original,/mnt/d/INFANT CRY/Models_dbl/Main/runs/20260821T164332Z_490383ff/fold_1/fold_1_main_dbl.keras,/mnt/d/INFANT CRY/Models_dbl/Main/runs/20260821T164332Z_490383ff/fold_1/norm_stats_main_dbl.npy,20260821T164332Z_490383ff
rec_33b4e755a718fa24b761,/mnt/d/INFANT CRY/data_set_dbl_split/train/tired/2267_F_owh.wav,tired,sha256:ae2c97c5a0d95c75d5bf82ebcfe6978216096b691422005d189c2750aa0f1563,1,tired,0.04153050482273102,0.08210442960262299,0.034317366778850555,0.3710278868675232,0.47101977467536926,original,/mnt/d/INFANT CRY/Models_dbl/Main/runs/20260821T164332Z_490383ff/fold_1/fold_1_main_dbl.keras,/mnt/d/INFANT CRY/Models_dbl/Main/runs/20260821T164332Z_490383ff/fold_1/norm_stats_main_dbl.npy,20260821T164332Z_490383ff
rec_ea12ef04f64336c4df74,/mnt/d/INFANT CRY/data_set_dbl_split/train/tired/2312_M_owh.wav,tired,sha256:8e44fac0e4b9c937259b2851c4ede0fef21935fce96597ee366c12ac143ab204,1,tired,0.027535773813724518,0.022296903654932976,0.021243756636977196,0.020273961126804352,0.9086496233940125,original,/mnt/d/INFANT CRY/Models_dbl/Main/runs/20260821T164332Z_490383ff/fold_1/fold_1_main_dbl.keras,/mnt/d/INFANT CRY/Models_dbl/Main/runs/20260821T164332Z_490383ff/fold_1/norm_stats_main_dbl.npy,20260821T164332Z_490383ff
rec_ca339421dfb0063658f4,/mnt/d/INFANT CRY/data_set_dbl_split/train/tired/2321_M_owh.wav,tired,sha256:3a42b7b76f79357f17a3f906d1c7d2f075bee1db0ef0906a8de6c059572f35b0,1,tired,0.016177374869585037,0.0163700133562088,0.015970394015312195,0.01772259920835495,0.9337596297264099,original,/mnt/d/INFANT CRY/Models_dbl/Main/runs/20260821T164332Z_490383ff/fold_1/fold_1_main_dbl.keras,/mnt/d/INFANT CRY/Models_dbl/Main/runs/20260821T164332Z_490383ff/fold_1/norm_stats_main_dbl.npy,20260821T164332Z_490383ff
rec_f41948bd07dd16eabe09,/mnt/d/INFANT CRY/data_set_dbl_split/train/tired/2341_M_owh.wav,tired,sha256:d28d9e4c68256b66210d99120ecff1421d8c760a14741adbe91f3c36c092cb5b,1,tired,0.022120514884591103,0.01676401123404503,0.02120225876569748,0.018426578491926193,0.9214866161346436,original,/mnt/d/INFANT CRY/Models_dbl/Main/runs/20260821T164332Z_490383ff/fold_1/fold_1_main_dbl.keras,/mnt/d/INFANT CRY/Models_dbl/Main/runs/20260821T164332Z_490383ff/fold_1/norm_stats_main_dbl.npy,20260821T164332Z_490383ff
rec_6276518614ba6d8ec017,/mnt/d/INFANT CRY/data_set_dbl_split/train/tired/237_F_owh.wav,tired,sha256:fd90cb5ad5c78efef615593c37f61e25d83a20537c4632a4484443e7754500bc,1,tired,0.016279401257634163,0.01685859076678753,0.016909359022974968,0.018362145870923996,0.9315904974937439,original,/mnt/d/INFANT CRY/Models_dbl/Main/runs/20260821T164332Z_490383ff/fold_1/fold_1_main_dbl.keras,/mnt/d/INFANT CRY/Models_dbl/Main/runs/20260821T164332Z_490383ff/fold_1/norm_stats_main_dbl.npy,20260821T164332Z_490383ff
rec_6daa9db650506e5efc32,/mnt/d/INFANT CRY/data_set_dbl_split/train/tired/238_M_owh.wav,tired,sha256:8f12807c8fef9c5e99cfb772f11d8ec2d141a33174c46eeacd7087fbf8ff612c,1,tired,0.018490372225642204,0.021330298855900764,0.018611693754792213,0.019374536350369453,0.9221931099891663,original,/mnt/d/INFANT CRY/Models_dbl/Main/runs/20260821T164332Z_490383ff/fold_1/fold_1_main_dbl.keras,/mnt/d/INFANT CRY/Models_dbl/Main/runs/20260821T164332Z_490383ff/fold_1/norm_stats_main_dbl.npy,20260821T164332Z_490383ff
rec_f964905ba2326c2bbf71,/mnt/d/INFANT CRY/data_set_dbl_split/train/tired/2409_M_owh.wav,tired,sha256:2b8156c19233ae3e5f3907973f69cee84ac16f190f380fa34daf76b1c2091b77,1,tired,0.02083590440452099,0.022253364324569702,0.019251372665166855,0.01857021078467369,0.9190891981124878,original,/mnt/d/INFANT CRY/Models_dbl/Main/runs/20260821T164332Z_490383ff/fold_1/fold_1_main_dbl.keras,/mnt/d/INFANT CRY/Models_dbl/Main/runs/20260821T164332Z_490383ff/fold_1/norm_stats_main_dbl.npy,20260821T164332Z_490383ff
rec_0fc1470007a39b69db4e,/mnt/d/INFANT CRY/data_set_dbl_split/train/tired/2544_M_owh.wav,tired,sha256:f326205eebcf5881c8bd1ced5c7a0283c68837fe827234745516696667226364,1,tired,0.01700076460838318,0.016266146674752235,0.018030887469649315,0.01912146992981434,0.9295807480812073,original,/mnt/d/INFANT CRY/Models_dbl/Main/runs/20260821T164332Z_490383ff/fold_1/fold_1_main_dbl.keras,/mnt/d/INFANT CRY/Models_dbl/Main/runs/20260821T164332Z_490383ff/fold_1/norm_stats_main_dbl.npy,20260821T164332Z_490383ff
rec_c239ca4eec50d9560d65,/mnt/d/INFANT CRY/data_set_dbl_split/train/tired/2578_M_owh.wav,tired,sha256:cf40492dd39ae43077572c486e97d6de969aefc9345fcd485646ffee8af81feb,1,tired,0.014780455268919468,0.018239693716168404,0.016988098621368408,0.01946021243929863,0.9305315613746643,original,/mnt/d/INFANT CRY/Models_dbl/Main/runs/20260821T164332Z_490383ff/fold_1/fold_1_main_dbl.keras,/mnt/d/INFANT CRY/Models_dbl/Main/runs/20260821T164332Z_490383ff/fold_1/norm_stats_main_dbl.npy,20260821T164332Z_490383ff
rec_8f258297fe03207f8428,/mnt/d/INFANT CRY/data_set_dbl_split/train/tired/2593_F_owh.wav,tired,sha256:929e2df61d5933e311bcdab3e388ef7a15582b0aa4d71beba42c7d992d24b2f0,1,tired,0.02513936534523964,0.021783756092190742,0.018853046000003815,0.020049624145030975,0.9141741991043091,original,/mnt/d/INFANT CRY/Models_dbl/Main/runs/20260821T164332Z_490383ff/fold_1/fold_1_main_dbl.keras,/mnt/d/INFANT CRY/Models_dbl/Main/runs/20260821T164332Z_490383ff/fold_1/norm_stats_main_dbl.npy,20260821T164332Z_490383ff
rec_6681d5bbdbb852f59f6b,/mnt/d/INFANT CRY/data_set_dbl_split/train/tired/2609_M_owh.wav,tired,sha256:7350a7263772279d9689c17c63fb1a2edf9fc324a09e0e82a6347dc7b04bef82,1,tired,0.01818137802183628,0.01911584474146366,0.020329516381025314,0.01720375567674637,0.9251694679260254,original,/mnt/d/INFANT CRY/Models_dbl/Main/runs/20260821T164332Z_490383ff/fold_1/fold_1_main_dbl.keras,/mnt/d/INFANT CRY/Models_dbl/Main/runs/20260821T164332Z_490383ff/fold_1/norm_stats_main_dbl.npy,20260821T164332Z_490383ff
rec_42ba1c8f4c28816ef111,/mnt/d/INFANT CRY/data_set_dbl_split/train/tired/2630_M_owh.wav,tired,sha256:837b80fc5b84f72260b0d6615a621036ec7dab3fc3158d96c49188ab5e7cdc5a,1,tired,0.017852671444416046,0.02448347583413124,0.01830885000526905,0.019460529088974,0.9198945164680481,original,/mnt/d/INFANT CRY/Models_dbl/Main/runs/20260821T164332Z_490383ff/fold_1/fold_1_main_dbl.keras,/mnt/d/INFANT CRY/Models_dbl/Main/runs/20260821T164332Z_490383ff/fold_1/norm_stats_main_dbl.npy,20260821T164332Z_490383ff
rec_c7a85c1f7fa8fac8faef,/mnt/d/INFANT CRY/data_set_dbl_split/train/tired/2666_M_owh.wav,tired,sha256:f4740346f5ef5342eb49e6ee63a50419ed4633871c733f32191a8acc58552c73,1,tired,0.02479543164372444,0.020926978439092636,0.021591095253825188,0.021904174238443375,0.9107823967933655,original,/mnt/d/INFANT CRY/Models_dbl/Main/runs/20260821T164332Z_490383ff/fold_1/fold_1_main_dbl.keras,/mnt/d/INFANT CRY/Models_dbl/Main/runs/20260821T164332Z_490383ff/fold_1/norm_stats_main_dbl.npy,20260821T164332Z_490383ff
rec_cd9af9038aec195d62ce,/mnt/d/INFANT CRY/data_set_dbl_split/train/tired/2705_F_owh.wav,tired,sha256:2e68f8c8fc9e5d8638c693b9ced1edb03abab9906feab07a8f25355ae277567f,1,tired,0.019537273794412613,0.01874355599284172,0.017743872478604317,0.024335309863090515,0.9196399450302124,original,/mnt/d/INFANT CRY/Models_dbl/Main/runs/20260821T164332Z_490383ff/fold_1/fold_1_main_dbl.keras,/mnt/d/INFANT CRY/Models_dbl/Main/runs/20260821T164332Z_490383ff/fold_1/norm_stats_main_dbl.npy,20260821T164332Z_490383ff
rec_1dfb8115636b45f7842a,/mnt/d/INFANT CRY/data_set_dbl_split/train/tired/2706_F_owh.wav,tired,sha256:0985cdee3fa749a5d6da747839eb9fa0da038109cdc8fd1ecb6e68187ce9f347,1,tired,0.016730453819036484,0.017173027619719505,0.01958440989255905,0.017550578340888023,0.9289615154266357,original,/mnt/d/INFANT CRY/Models_dbl/Main/runs/20260821T164332Z_490383ff/fold_1/fold_1_main_dbl.keras,/mnt/d/INFANT CRY/Models_dbl/Main/runs/20260821T164332Z_490383ff/fold_1/norm_stats_main_dbl.npy,20260821T164332Z_490383ff
rec_bc7689f26425376051ee,/mnt/d/INFANT CRY/data_set_dbl_split/train/tired/2773_M_owh.wav,tired,sha256:e6a0ee2aaffe074ab228666c8062eef378b22ab04b69baa33517a829f10793e0,1,tired,0.03377165645360947,0.1467064470052719,0.14627619087696075,0.031626828014850616,0.6416189074516296,original,/mnt/d/INFANT CRY/Models_dbl/Main/runs/20260821T164332Z_490383ff/fold_1/fold_1_main_dbl.keras,/mnt/d/INFANT CRY/Models_dbl/Main/runs/20260821T164332Z_490383ff/fold_1/norm_stats_main_dbl.npy,20260821T164332Z_490383ff
rec_865de47edf8ab41d6713,/mnt/d/INFANT CRY/data_set_dbl_split/train/tired/2851_M_owh.wav,tired,sha256:0bb2fc763885e901ba125e7f7cf3415972dbbcb4c292f7f0fa373ccad4400f1b,1,tired,0.01774352602660656,0.019378967583179474,0.016881758347153664,0.019681280478835106,0.9263144135475159,original,/mnt/d/INFANT CRY/Models_dbl/Main/runs/20260821T164332Z_490383ff/fold_1/fold_1_main_dbl.keras,/mnt/d/INFANT CRY/Models_dbl/Main/runs/20260821T164332Z_490383ff/fold_1/norm_stats_main_dbl.npy,20260821T164332Z_490383ff
rec_fc0862157e74a109e0eb,/mnt/d/INFANT CRY/data_set_dbl_split/train/tired/2906_M_owh.wav,tired,sha256:5aa22936711e4e0a80e0d9055f4966f5b50afc8613680bfdac2233e8a9ef4429,1,tired,0.015548238530755043,0.016489213332533836,0.020898893475532532,0.018108541145920753,0.9289551377296448,original,/mnt/d/INFANT CRY/Models_dbl/Main/runs/20260821T164332Z_490383ff/fold_1/fold_1_main_dbl.keras,/mnt/d/INFANT CRY/Models_dbl/Main/runs/20260821T164332Z_490383ff/fold_1/norm_stats_main_dbl.npy,20260821T164332Z_490383ff
rec_8015717db2b99a0f188f,/mnt/d/INFANT CRY/data_set_dbl_split/train/tired/2937_F_owh.wav,tired,sha256:a9f58baf55f7e15e7f1ccf6b462d55dfae5a8a983f391679fa513bc2f12bdd13,1,tired,0.01606769487261772,0.01576755754649639,0.024735407903790474,0.017970755696296692,0.925458550453186,original,/mnt/d/INFANT CRY/Models_dbl/Main/runs/20260821T164332Z_490383ff/fold_1/fold_1_main_dbl.keras,/mnt/d/INFANT CRY/Models_dbl/Main/runs/20260821T164332Z_490383ff/fold_1/norm_stats_main_dbl.npy,20260821T164332Z_490383ff
rec_bc90a552ca4d3a543123,/mnt/d/INFANT CRY/data_set_dbl_split/train/tired/2992_M_owh.wav,tired,sha256:52e3bfbf5ccbe6410d188e4986c3e5ebfdea741f5b489e155f227b0959fb98a6,1,tired,0.019100813195109367,0.018676649779081345,0.020232822746038437,0.019092127680778503,0.9228976368904114,original,/mnt/d/INFANT CRY/Models_dbl/Main/runs/20260821T164332Z_490383ff/fold_1/fold_1_main_dbl.keras,/mnt/d/INFANT CRY/Models_dbl/Main/runs/20260821T164332Z_490383ff/fold_1/norm_stats_main_dbl.npy,20260821T164332Z_490383ff
rec_3d80de6b25878c755eb3,/mnt/d/INFANT CRY/data_set_dbl_split/train/tired/3000_M_owh.wav,tired,sha256:6f99988b5aad21265fa029808ad7b47ef8ee334f0005df62fcf0f7f03dc0be78,1,tired,0.015609298832714558,0.018464241176843643,0.016701379790902138,0.01673116721212864,0.9324939250946045,original,/mnt/d/INFANT CRY/Models_dbl/Main/runs/20260821T164332Z_490383ff/fold_1/fold_1_main_dbl.keras,/mnt/d/INFANT CRY/Models_dbl/Main/runs/20260821T164332Z_490383ff/fold_1/norm_stats_main_dbl.npy,20260821T164332Z_490383ff
rec_2b69d4455141a411fda6,/mnt/d/INFANT CRY/data_set_dbl_split/train/tired/3038_M_owh.wav,tired,sha256:b761c7699e49e429270e6e30bb9bb7262bf05804d9da4da4fd7e3e03030684e8,1,tired,0.02774910070002079,0.024669770151376724,0.020666470751166344,0.021609866991639137,0.9053048491477966,original,/mnt/d/INFANT CRY/Models_dbl/Main/runs/20260821T164332Z_490383ff/fold_1/fold_1_main_dbl.keras,/mnt/d/INFANT CRY/Models_dbl/Main/runs/20260821T164332Z_490383ff/fold_1/norm_stats_main_dbl.npy,20260821T164332Z_490383ff
rec_378dbfadc3df23e4b9de,/mnt/d/INFANT CRY/data_set_dbl_split/train/tired/3044_M_owh.wav,tired,sha256:b88249997c40581c1a91135ba57adf22678e5a2e0e2bb62119e08ee5b438406a,1,tired,0.016312241554260254,0.021917058154940605,0.017181485891342163,0.01906225085258484,0.9255269765853882,original,/mnt/d/INFANT CRY/Models_dbl/Main/runs/20260821T164332Z_490383ff/fold_1/fold_1_main_dbl.keras,/mnt/d/INFANT CRY/Models_dbl/Main/runs/20260821T164332Z_490383ff/fold_1/norm_stats_main_dbl.npy,20260821T164332Z_490383ff
rec_3827c222ef0b705ce525,/mnt/d/INFANT CRY/data_set_dbl_split/train/tired/3095_M_owh.wav,tired,sha256:ec0f04fa8803052a5f58f96a6fa45e1bae8c8717d8061a18d3d003246b1389fe,1,tired,0.013846629299223423,0.0160207599401474,0.016018345952033997,0.01813666895031929,0.935977578163147,original,/mnt/d/INFANT CRY/Models_dbl/Main/runs/20260821T164332Z_490383ff/fold_1/fold_1_main_dbl.keras,/mnt/d/INFANT CRY/Models_dbl/Main/runs/20260821T164332Z_490383ff/fold_1/norm_stats_main_dbl.npy,20260821T164332Z_490383ff
rec_c7f20a59a25680b1fe26,/mnt/d/INFANT CRY/data_set_dbl_split/train/tired/3129_F_owh.wav,tired,sha256:770eef33e5c1b78fca3e21e56b3813cdadc6953fc2674d8f3dc63f4d41d80db1,1,tired,0.022701717913150787,0.019892098382115364,0.018780382350087166,0.01916121132671833,0.9194645285606384,original,/mnt/d/INFANT CRY/Models_dbl/Main/runs/20260821T164332Z_490383ff/fold_1/fold_1_main_dbl.keras,/mnt/d/INFANT CRY/Models_dbl/Main/runs/20260821T164332Z_490383ff/fold_1/norm_stats_main_dbl.npy,20260821T164332Z_490383ff
rec_8d606ae504c4a0515c0a,/mnt/d/INFANT CRY/data_set_dbl_split/train/tired/3223_M_owh.wav,tired,sha256:58b1dfa31fe9fc6778711252786067222b8fa4a26b405e6c0c6b25dba27b5aea,1,tired,0.024189593270421028,0.022565944120287895,0.019714724272489548,0.019770484417676926,0.9137592911720276,original,/mnt/d/INFANT CRY/Models_dbl/Main/runs/20260821T164332Z_490383ff/fold_1/fold_1_main_dbl.keras,/mnt/d/INFANT CRY/Models_dbl/Main/runs/20260821T164332Z_490383ff/fold_1/norm_stats_main_dbl.npy,20260821T164332Z_490383ff
rec_0f7deb66984dba6ba94e,/mnt/d/INFANT CRY/data_set_dbl_split/train/tired/3360_M_owh.wav,tired,sha256:a5e466da578257bf99c56362b5383e6c81bc4ac7495c9f58d1ff3665bc0ea0ba,1,tired,0.016291772946715355,0.01760905236005783,0.016096441075205803,0.018455129116773605,0.9315475225448608,original,/mnt/d/INFANT CRY/Models_dbl/Main/runs/20260821T164332Z_490383ff/fold_1/fold_1_main_dbl.keras,/mnt/d/INFANT CRY/Models_dbl/Main/runs/20260821T164332Z_490383ff/fold_1/norm_stats_main_dbl.npy,20260821T164332Z_490383ff
rec_250efc7c921cf59ce4bd,/mnt/d/INFANT CRY/data_set_dbl_split/train/tired/3386_F_owh.wav,tired,sha256:898e2c61d00690ab8a6d7161231d622e603512c6ba504b92ebfd8757f527d901,1,tired,0.019883396103978157,0.01858079992234707,0.016519639641046524,0.02128167822957039,0.9237344264984131,original,/mnt/d/INFANT CRY/Models_dbl/Main/runs/20260821T164332Z_490383ff/fold_1/fold_1_main_dbl.keras,/mnt/d/INFANT CRY/Models_dbl/Main/runs/20260821T164332Z_490383ff/fold_1/norm_stats_main_dbl.npy,20260821T164332Z_490383ff
rec_cb6726cb28084926f6b3,/mnt/d/INFANT CRY/data_set_dbl_split/train/tired/3408_F_owh.wav,tired,sha256:d3979d2f1ce978a33f13f43b24938447612de0d723752bdb7ac7b322812d60c8,1,tired,0.024975810199975967,0.038099437952041626,0.12487635016441345,0.09068731963634491,0.7213611006736755,original,/mnt/d/INFANT CRY/Models_dbl/Main/runs/20260821T164332Z_490383ff/fold_1/fold_1_main_dbl.keras,/mnt/d/INFANT CRY/Models_dbl/Main/runs/20260821T164332Z_490383ff/fold_1/norm_stats_main_dbl.npy,20260821T164332Z_490383ff
rec_f0246309560eec5f1221,/mnt/d/INFANT CRY/data_set_dbl_split/train/tired/3444_M_owh.wav,tired,sha256:34f3aea45d2705b2104bf83a06dd240d0c10940bdefb85eb27eb268af0b7a688,1,tired,0.017278864979743958,0.01601964421570301,0.02069397270679474,0.017775990068912506,0.9282314777374268,original,/mnt/d/INFANT CRY/Models_dbl/Main/runs/20260821T164332Z_490383ff/fold_1/fold_1_main_dbl.keras,/mnt/d/INFANT CRY/Models_dbl/Main/runs/20260821T164332Z_490383ff/fold_1/norm_stats_main_dbl.npy,20260821T164332Z_490383ff
rec_5a00ca260f8129914b9f,/mnt/d/INFANT CRY/data_set_dbl_split/train/tired/3457_M_owh.wav,tired,sha256:597134a3cfa22d9bed8f4755b4d6772de24fd852710de6aac2bf5e0c3b0e016b,1,tired,0.02682626061141491,0.021059131249785423,0.01854228787124157,0.023666489869356155,0.9099059104919434,original,/mnt/d/INFANT CRY/Models_dbl/Main/runs/20260821T164332Z_490383ff/fold_1/fold_1_main_dbl.keras,/mnt/d/INFANT CRY/Models_dbl/Main/runs/20260821T164332Z_490383ff/fold_1/norm_stats_main_dbl.npy,20260821T164332Z_490383ff
rec_f375b2649ce9aa11749b,/mnt/d/INFANT CRY/data_set_dbl_split/train/tired/3465_M_owh.wav,tired,sha256:5bf2c9d3a61dba0f4826ed7aa856809ab53efe2353894b6790fe48476b0e31f9,1,tired,0.023784350603818893,0.019987400621175766,0.020265650004148483,0.018278803676366806,0.9176837801933289,original,/mnt/d/INFANT CRY/Models_dbl/Main/runs/20260821T164332Z_490383ff/fold_1/fold_1_main_dbl.keras,/mnt/d/INFANT CRY/Models_dbl/Main/runs/20260821T164332Z_490383ff/fold_1/norm_stats_main_dbl.npy,20260821T164332Z_490383ff
rec_1fe72510e3bd2d618096,/mnt/d/INFANT CRY/data_set_dbl_split/train/tired/3481_M_owh.wav,tired,sha256:75bb33c39477d94b35eddc6038124e265b6ef9c5049b37ee576f483a0b2e3974,1,tired,0.018531208857893944,0.01973324827849865,0.018964553251862526,0.01901901327073574,0.923751950263977,original,/mnt/d/INFANT CRY/Models_dbl/Main/runs/20260821T164332Z_490383ff/fold_1/fold_1_main_dbl.keras,/mnt/d/INFANT CRY/Models_dbl/Main/runs/20260821T164332Z_490383ff/fold_1/norm_stats_main_dbl.npy,20260821T164332Z_490383ff
rec_16558afa900ca4e3b0a1,/mnt/d/INFANT CRY/data_set_dbl_split/train/tired/3516_M_owh.wav,tired,sha256:e281d0694e38dde1babd10aea546dd9411fa9c90aee32cf0b08702678e0a48d5,1,tired,0.019554968923330307,0.018515899777412415,0.017672806978225708,0.01852172054350376,0.9257345795631409,original,/mnt/d/INFANT CRY/Models_dbl/Main/runs/20260821T164332Z_490383ff/fold_1/fold_1_main_dbl.keras,/mnt/d/INFANT CRY/Models_dbl/Main/runs/20260821T164332Z_490383ff/fold_1/norm_stats_main_dbl.npy,20260821T164332Z_490383ff
rec_617d85ed5a4643582919,/mnt/d/INFANT CRY/data_set_dbl_split/train/tired/3547_M_owh.wav,tired,sha256:8ca8c3da54a36acfd6971eebae2352b5652fad5b706765ddaace6e85b72bbf1a,1,tired,0.016872817650437355,0.01742587424814701,0.016618637368083,0.017591631039977074,0.9314910769462585,original,/mnt/d/INFANT CRY/Models_dbl/Main/runs/20260821T164332Z_490383ff/fold_1/fold_1_main_dbl.keras,/mnt/d/INFANT CRY/Models_dbl/Main/runs/20260821T164332Z_490383ff/fold_1/norm_stats_main_dbl.npy,20260821T164332Z_490383ff
rec_985a6fa6818a2b4febc2,/mnt/d/INFANT CRY/data_set_dbl_split/train/tired/3592_M_owh.wav,tired,sha256:db8c86c1dc4998b330d3eaee1265710288e3af45611ccfa8bd04a2235c1448a8,1,tired,0.01698518916964531,0.018758077174425125,0.028023038059473038,0.018848849460482597,0.9173848032951355,original,/mnt/d/INFANT CRY/Models_dbl/Main/runs/20260821T164332Z_490383ff/fold_1/fold_1_main_dbl.keras,/mnt/d/INFANT CRY/Models_dbl/Main/runs/20260821T164332Z_490383ff/fold_1/norm_stats_main_dbl.npy,20260821T164332Z_490383ff
rec_3cd4d9b26dd63eaa41a9,/mnt/d/INFANT CRY/data_set_dbl_split/train/tired/3604_M_owh.wav,tired,sha256:43099f7b1787f1b3eaa6a6b3fc5391f1247563f6ca2e4120cd71fab674cc0196,1,tired,0.018725814297795296,0.018826236948370934,0.01774618588387966,0.01830880716443062,0.9263929724693298,original,/mnt/d/INFANT CRY/Models_dbl/Main/runs/20260821T164332Z_490383ff/fold_1/fold_1_main_dbl.keras,/mnt/d/INFANT CRY/Models_dbl/Main/runs/20260821T164332Z_490383ff/fold_1/norm_stats_main_dbl.npy,20260821T164332Z_490383ff
rec_71d519834ec9f81ad9a3,/mnt/d/INFANT CRY/data_set_dbl_split/train/tired/3636_M_owh.wav,tired,sha256:ee548efb01fdb6a7b248f5e7da3e33497c10412d49abeb0356da7b601cbd5e63,1,tired,0.018009567633271217,0.01875334419310093,0.018346868455410004,0.018355438485741615,0.9265348315238953,original,/mnt/d/INFANT CRY/Models_dbl/Main/runs/20260821T164332Z_490383ff/fold_1/fold_1_main_dbl.keras,/mnt/d/INFANT CRY/Models_dbl/Main/runs/20260821T164332Z_490383ff/fold_1/norm_stats_main_dbl.npy,20260821T164332Z_490383ff
rec_a984ab810a9574ec6ac4,/mnt/d/INFANT CRY/data_set_dbl_split/train/tired/3666_M_owh.wav,tired,sha256:bf55106e9ec4679afa74c477d6448e85efd92517fa30578fa19ff3522d9742f3,1,tired,0.018687205389142036,0.016130924224853516,0.025242678821086884,0.023602984845638275,0.916336178779602,original,/mnt/d/INFANT CRY/Models_dbl/Main/runs/20260821T164332Z_490383ff/fold_1/fold_1_main_dbl.keras,/mnt/d/INFANT CRY/Models_dbl/Main/runs/20260821T164332Z_490383ff/fold_1/norm_stats_main_dbl.npy,20260821T164332Z_490383ff
rec_36691ab58190065475a4,/mnt/d/INFANT CRY/data_set_dbl_split/train/tired/366_M_owh.wav,tired,sha256:b5ae1ab31db039b9cedca1fec3a3ed0e154e4741073b0bdd5b3fa89dba517617,1,tired,0.01639690436422825,0.017462506890296936,0.01930643804371357,0.020904941484332085,0.9259292483329773,original,/mnt/d/INFANT CRY/Models_dbl/Main/runs/20260821T164332Z_490383ff/fold_1/fold_1_main_dbl.keras,/mnt/d/INFANT CRY/Models_dbl/Main/runs/20260821T164332Z_490383ff/fold_1/norm_stats_main_dbl.npy,20260821T164332Z_490383ff
rec_aafa3341c5fa1ecbe434,/mnt/d/INFANT CRY/data_set_dbl_split/train/tired/3689_M_owh.wav,tired,sha256:afcf4d0fc581ae87291f8e7297b29fef884faf9251b0e9b8314a6916b57b3bd7,1,tired,0.024772580713033676,0.019455477595329285,0.021172430366277695,0.01920854113996029,0.9153909683227539,original,/mnt/d/INFANT CRY/Models_dbl/Main/runs/20260821T164332Z_490383ff/fold_1/fold_1_main_dbl.keras,/mnt/d/INFANT CRY/Models_dbl/Main/runs/20260821T164332Z_490383ff/fold_1/norm_stats_main_dbl.npy,20260821T164332Z_490383ff
rec_5429422754517263ee73,/mnt/d/INFANT CRY/data_set_dbl_split/train/tired/3705_M_owh.wav,tired,sha256:9ed94cfd8ea664ed4bd338f0770933dc141ed5857241df45fa204c78e759d40d,1,tired,0.024536922574043274,0.02242477796971798,0.01921221613883972,0.01980479806661606,0.9140213131904602,original,/mnt/d/INFANT CRY/Models_dbl/Main/runs/20260821T164332Z_490383ff/fold_1/fold_1_main_dbl.keras,/mnt/d/INFANT CRY/Models_dbl/Main/runs/20260821T164332Z_490383ff/fold_1/norm_stats_main_dbl.npy,20260821T164332Z_490383ff
rec_6268ac4871b6d802a209,/mnt/d/INFANT CRY/data_set_dbl_split/train/tired/3758_F_owh.wav,tired,sha256:e8b0673d5a8302ef5787770fd06e3c911ab9ed82eaa2f992cd7d6d1901a1c9ae,1,tired,0.0142970634624362,0.018176382407546043,0.0165378637611866,0.017562035471200943,0.9334266185760498,original,/mnt/d/INFANT CRY/Models_dbl/Main/runs/20260821T164332Z_490383ff/fold_1/fold_1_main_dbl.keras,/mnt/d/INFANT CRY/Models_dbl/Main/runs/20260821T164332Z_490383ff/fold_1/norm_stats_main_dbl.npy,20260821T164332Z_490383ff
rec_824fade1ae528dc5209e,/mnt/d/INFANT CRY/data_set_dbl_split/train/tired/3832_M_owh.wav,tired,sha256:4093b826981440d61d051feb7e19d6073c3f7e3e10ffa9a415f8dce1189ddc9c,1,tired,0.02011070027947426,0.020859304815530777,0.018489588052034378,0.019615542143583298,0.9209249019622803,original,/mnt/d/INFANT CRY/Models_dbl/Main/runs/20260821T164332Z_490383ff/fold_1/fold_1_main_dbl.keras,/mnt/d/INFANT CRY/Models_dbl/Main/runs/20260821T164332Z_490383ff/fold_1/norm_stats_main_dbl.npy,20260821T164332Z_490383ff
rec_e560517a502372f48d7b,/mnt/d/INFANT CRY/data_set_dbl_split/train/tired/3850_M_owh.wav,tired,sha256:eb26dcbcb0246fdf1bb26cfbe2bae62fab869edd702c94255e395dcdf695965f,1,tired,0.019365200772881508,0.01701396331191063,0.019925326108932495,0.0182450320571661,0.9254505038261414,original,/mnt/d/INFANT CRY/Models_dbl/Main/runs/20260821T164332Z_490383ff/fold_1/fold_1_main_dbl.keras,/mnt/d/INFANT CRY/Models_dbl/Main/runs/20260821T164332Z_490383ff/fold_1/norm_stats_main_dbl.npy,20260821T164332Z_490383ff
rec_f1512d9f2308ce2edb13,/mnt/d/INFANT CRY/data_set_dbl_split/train/tired/3875_M_owh.wav,tired,sha256:052020682b964183e4e2e6e4147c3145ead734559d926e41538f0ab1b69f9582,1,tired,0.020884526893496513,0.02077302522957325,0.017727935686707497,0.019599096849560738,0.9210153818130493,original,/mnt/d/INFANT CRY/Models_dbl/Main/runs/20260821T164332Z_490383ff/fold_1/fold_1_main_dbl.keras,/mnt/d/INFANT CRY/Models_dbl/Main/runs/20260821T164332Z_490383ff/fold_1/norm_stats_main_dbl.npy,20260821T164332Z_490383ff
rec_e7a69b40f07f5ababf95,/mnt/d/INFANT CRY/data_set_dbl_split/train/tired/3878_M_owh.wav,tired,sha256:598fe135a63231080b7c9ad21d26748c0b0cce2bdbbf9e54ae1a08581a58ad83,1,tired,0.019925955682992935,0.01767417974770069,0.019324395805597305,0.0187382772564888,0.9243372082710266,original,/mnt/d/INFANT CRY/Models_dbl/Main/runs/20260821T164332Z_490383ff/fold_1/fold_1_main_dbl.keras,/mnt/d/INFANT CRY/Models_dbl/Main/runs/20260821T164332Z_490383ff/fold_1/norm_stats_main_dbl.npy,20260821T164332Z_490383ff
rec_1fa57e7d8390c3562932,/mnt/d/INFANT CRY/data_set_dbl_split/train/tired/3912_M_owh.wav,tired,sha256:d5640d8ae7faa50a4fbf118e4598227702f8ebfb26eb257516a458ade087e765,1,tired,0.025628263130784035,0.02101992443203926,0.01976187713444233,0.018789835274219513,0.9148001074790955,original,/mnt/d/INFANT CRY/Models_dbl/Main/runs/20260821T164332Z_490383ff/fold_1/fold_1_main_dbl.keras,/mnt/d/INFANT CRY/Models_dbl/Main/runs/20260821T164332Z_490383ff/fold_1/norm_stats_main_dbl.npy,20260821T164332Z_490383ff
rec_2084932d77d010ec825f,/mnt/d/INFANT CRY/data_set_dbl_split/train/tired/3965_M_owh.wav,tired,sha256:9405e9fbcd648eecfe84c31e516f0b64630a367ed4114fb4041fc31fd346fa59,1,tired,0.016240714117884636,0.0157732293009758,0.02011663094162941,0.017653509974479675,0.9302158951759338,original,/mnt/d/INFANT CRY/Models_dbl/Main/runs/20260821T164332Z_490383ff/fold_1/fold_1_main_dbl.keras,/mnt/d/INFANT CRY/Models_dbl/Main/runs/20260821T164332Z_490383ff/fold_1/norm_stats_main_dbl.npy,20260821T164332Z_490383ff
rec_3ff1a9e185a5f94987e5,/mnt/d/INFANT CRY/data_set_dbl_split/train/tired/397_F_owh.wav,tired,sha256:29e4a15343e3cd0e4ab9411d7649be890fc7eb330bc1fcbf5bbc69e4c9a032c7,1,tired,0.028643427416682243,0.019454941153526306,0.0227615088224411,0.0247062835842371,0.9044339060783386,original,/mnt/d/INFANT CRY/Models_dbl/Main/runs/20260821T164332Z_490383ff/fold_1/fold_1_main_dbl.keras,/mnt/d/INFANT CRY/Models_dbl/Main/runs/20260821T164332Z_490383ff/fold_1/norm_stats_main_dbl.npy,20260821T164332Z_490383ff
rec_c09f5006c02cc948ec08,/mnt/d/INFANT CRY/data_set_dbl_split/train/tired/4002_M_owh.wav,tired,sha256:1dc64b5f587d6e98db8deb9c7a11e282e8241c5f11ef7d41ebf2e323471106e4,1,discomfort,0.035813141614198685,0.05152398347854614,0.48322999477386475,0.038544680923223495,0.39088815450668335,original,/mnt/d/INFANT CRY/Models_dbl/Main/runs/20260821T164332Z_490383ff/fold_1/fold_1_main_dbl.keras,/mnt/d/INFANT CRY/Models_dbl/Main/runs/20260821T164332Z_490383ff/fold_1/norm_stats_main_dbl.npy,20260821T164332Z_490383ff
rec_25faca337ecb1263e113,/mnt/d/INFANT CRY/data_set_dbl_split/train/tired/4010_M_owh.wav,tired,sha256:40d0fd368684da2dcdd6af365d07cbabe0b2a161224433abe1baaf4d572e9704,1,tired,0.01843579299747944,0.01687064953148365,0.016850927844643593,0.018614744767546654,0.9292278289794922,original,/mnt/d/INFANT CRY/Models_dbl/Main/runs/20260821T164332Z_490383ff/fold_1/fold_1_main_dbl.keras,/mnt/d/INFANT CRY/Models_dbl/Main/runs/20260821T164332Z_490383ff/fold_1/norm_stats_main_dbl.npy,20260821T164332Z_490383ff
rec_35fc36f8380c094f4acc,/mnt/d/INFANT CRY/data_set_dbl_split/train/tired/4013_M_owh.wav,tired,sha256:9e9dc439e87b4cde095edc77cd977e9c24e6990787b3bc37bd9f52fb553aed99,1,tired,0.024072008207440376,0.04184308648109436,0.02748168632388115,0.023313185200095177,0.8832900524139404,original,/mnt/d/INFANT CRY/Models_dbl/Main/runs/20260821T164332Z_490383ff/fold_1/fold_1_main_dbl.keras,/mnt/d/INFANT CRY/Models_dbl/Main/runs/20260821T164332Z_490383ff/fold_1/norm_stats_main_dbl.npy,20260821T164332Z_490383ff
rec_4e6e8efcece15b1f1e7c,/mnt/d/INFANT CRY/data_set_dbl_split/train/tired/4027_M_owh.wav,tired,sha256:3557687be92a55421ae2fbb9c0f8415688e1febeccceb7486a6379acec3a2754,1,tired,0.029102491214871407,0.021706022322177887,0.019720489159226418,0.018569916486740112,0.9109010696411133,original,/mnt/d/INFANT CRY/Models_dbl/Main/runs/20260821T164332Z_490383ff/fold_1/fold_1_main_dbl.keras,/mnt/d/INFANT CRY/Models_dbl/Main/runs/20260821T164332Z_490383ff/fold_1/norm_stats_main_dbl.npy,20260821T164332Z_490383ff
rec_2e36429433aa062ce6ab,/mnt/d/INFANT CRY/data_set_dbl_split/train/tired/4051_M_owh.wav,tired,sha256:abe1daa0601bbebc19f8468b67e6186f28becbdbadb1b01cc6b92babb69ba422,1,tired,0.017277739942073822,0.01776260696351528,0.018329476937651634,0.018768886104226112,0.9278612732887268,original,/mnt/d/INFANT CRY/Models_dbl/Main/runs/20260821T164332Z_490383ff/fold_1/fold_1_main_dbl.keras,/mnt/d/INFANT CRY/Models_dbl/Main/runs/20260821T164332Z_490383ff/fold_1/norm_stats_main_dbl.npy,20260821T164332Z_490383ff
rec_78f07c60b5f9f2c7b733,/mnt/d/INFANT CRY/data_set_dbl_split/train/tired/4136_M_owh.wav,tired,sha256:f8099db6d4a86ad33d5d77a557a1c9ae43055ffe0d4504cde7b09dc393fedaa9,1,tired,0.016128497198224068,0.01719377376139164,0.01628238707780838,0.020315498113632202,0.9300798773765564,original,/mnt/d/INFANT CRY/Models_dbl/Main/runs/20260821T164332Z_490383ff/fold_1/fold_1_main_dbl.keras,/mnt/d/INFANT CRY/Models_dbl/Main/runs/20260821T164332Z_490383ff/fold_1/norm_stats_main_dbl.npy,20260821T164332Z_490383ff
rec_2df803f30d57bddf6f05,/mnt/d/INFANT CRY/data_set_dbl_split/train/tired/4186_M_owh.wav,tired,sha256:b3130cc67025a37985b65bc0789767274bbc51fa5807c11d8fc88b376765be21,1,tired,0.01660001091659069,0.014955276623368263,0.022244654595851898,0.019024228677153587,0.927175760269165,original,/mnt/d/INFANT CRY/Models_dbl/Main/runs/20260821T164332Z_490383ff/fold_1/fold_1_main_dbl.keras,/mnt/d/INFANT CRY/Models_dbl/Main/runs/20260821T164332Z_490383ff/fold_1/norm_stats_main_dbl.npy,20260821T164332Z_490383ff
rec_11e707cc06b710853ba4,/mnt/d/INFANT CRY/data_set_dbl_split/train/tired/4324_F_owh.wav,tired,sha256:f4dfac3259b5fac00126d1f0e45a9a4d1ae8e0c646630c0d27d0832b13e78c5a,1,tired,0.023524893447756767,0.021798400208353996,0.019617959856987,0.019005661830306053,0.9160531163215637,original,/mnt/d/INFANT CRY/Models_dbl/Main/runs/20260821T164332Z_490383ff/fold_1/fold_1_main_dbl.keras,/mnt/d/INFANT CRY/Models_dbl/Main/runs/20260821T164332Z_490383ff/fold_1/norm_stats_main_dbl.npy,20260821T164332Z_490383ff
rec_809cdb5395444ae140c5,/mnt/d/INFANT CRY/data_set_dbl_split/train/tired/4346_F_owh.wav,tired,sha256:7dd6a6d0a076ee4cf0afa73c9afefc3ac27f095ccdff1b56f3eedd40824a9e8a,1,tired,0.015403449535369873,0.01905948296189308,0.015715228393673897,0.0219617560505867,0.9278601408004761,original,/mnt/d/INFANT CRY/Models_dbl/Main/runs/20260821T164332Z_490383ff/fold_1/fold_1_main_dbl.keras,/mnt/d/INFANT CRY/Models_dbl/Main/runs/20260821T164332Z_490383ff/fold_1/norm_stats_main_dbl.npy,20260821T164332Z_490383ff
rec_6091d0f49564e19483e3,/mnt/d/INFANT CRY/data_set_dbl_split/train/tired/4359_M_owh.wav,tired,sha256:9caeabdf6f42e6fac8401db36c7ab140920b22b21e06deefb564d309e496f58e,1,tired,0.01590757630765438,0.017183000221848488,0.016765248030424118,0.01810085028409958,0.9320433139801025,original,/mnt/d/INFANT CRY/Models_dbl/Main/runs/20260821T164332Z_490383ff/fold_1/fold_1_main_dbl.keras,/mnt/d/INFANT CRY/Models_dbl/Main/runs/20260821T164332Z_490383ff/fold_1/norm_stats_main_dbl.npy,20260821T164332Z_490383ff
rec_594bbc1f38e295987e89,/mnt/d/INFANT CRY/data_set_dbl_split/train/tired/4417_M_owh.wav,tired,sha256:88bbf5ef0a3aadb0a592c56a0247ec67ca1f10e004a148b704403f66cd7d2a52,1,tired,0.017561398446559906,0.01675417646765709,0.02092158794403076,0.0195896215736866,0.9251731634140015,original,/mnt/d/INFANT CRY/Models_dbl/Main/runs/20260821T164332Z_490383ff/fold_1/fold_1_main_dbl.keras,/mnt/d/INFANT CRY/Models_dbl/Main/runs/20260821T164332Z_490383ff/fold_1/norm_stats_main_dbl.npy,20260821T164332Z_490383ff
rec_2d7b26e538714292eb4a,/mnt/d/INFANT CRY/data_set_dbl_split/train/tired/4467_M_owh.wav,tired,sha256:6c34e99f003b09986af692652723c507cbd3c53ece284dc7effa05249482c20f,1,tired,0.029423175379633904,0.0223513413220644,0.02070898748934269,0.0197418425232172,0.9077746868133545,original,/mnt/d/INFANT CRY/Models_dbl/Main/runs/20260821T164332Z_490383ff/fold_1/fold_1_main_dbl.keras,/mnt/d/INFANT CRY/Models_dbl/Main/runs/20260821T164332Z_490383ff/fold_1/norm_stats_main_dbl.npy,20260821T164332Z_490383ff
rec_af54927ffe347838f910,/mnt/d/INFANT CRY/data_set_dbl_split/train/tired/4476_M_owh.wav,tired,sha256:798f1630a874a4de7a12d31e084f4acd5f3056d48e8c3dcc4b4a39ce06b34183,1,tired,0.016295837238430977,0.016469893977046013,0.01656683161854744,0.019996242597699165,0.9306711554527283,original,/mnt/d/INFANT CRY/Models_dbl/Main/runs/20260821T164332Z_490383ff/fold_1/fold_1_main_dbl.keras,/mnt/d/INFANT CRY/Models_dbl/Main/runs/20260821T164332Z_490383ff/fold_1/norm_stats_main_dbl.npy,20260821T164332Z_490383ff
rec_ade3c68b785f0daa2d1c,/mnt/d/INFANT CRY/data_set_dbl_split/train/tired/4488_F_owh.wav,tired,sha256:d0b00d377bcea7744ddac752a73cbd0058fb2be33a968465097f858db8c026a7,1,tired,0.019555561244487762,0.01938658580183983,0.017077764496207237,0.019147761166095734,0.924832284450531,original,/mnt/d/INFANT CRY/Models_dbl/Main/runs/20260821T164332Z_490383ff/fold_1/fold_1_main_dbl.keras,/mnt/d/INFANT CRY/Models_dbl/Main/runs/20260821T164332Z_490383ff/fold_1/norm_stats_main_dbl.npy,20260821T164332Z_490383ff
rec_ee37b9147c4d0199eb94,/mnt/d/INFANT CRY/data_set_dbl_split/train/tired/4503_M_owh.wav,tired,sha256:c2e3f437cf89aeae81dc0445266d5fec564bf01a710bb3987eb8038533a746ad,1,tired,0.21979562938213348,0.04370349645614624,0.04812759906053543,0.032927218824625015,0.6554460525512695,original,/mnt/d/INFANT CRY/Models_dbl/Main/runs/20260821T164332Z_490383ff/fold_1/fold_1_main_dbl.keras,/mnt/d/INFANT CRY/Models_dbl/Main/runs/20260821T164332Z_490383ff/fold_1/norm_stats_main_dbl.npy,20260821T164332Z_490383ff
rec_bce82d3a688f323db743,/mnt/d/INFANT CRY/data_set_dbl_split/train/tired/456_M_owh.wav,tired,sha256:95597ad55e9d5a9982ee329885a9d90bac353ebc4f0d7b387f68b66dedaff5b3,1,tired,0.020421363413333893,0.02298242226243019,0.018242696300148964,0.018958235159516335,0.9193953275680542,original,/mnt/d/INFANT CRY/Models_dbl/Main/runs/20260821T164332Z_490383ff/fold_1/fold_1_main_dbl.keras,/mnt/d/INFANT CRY/Models_dbl/Main/runs/20260821T164332Z_490383ff/fold_1/norm_stats_main_dbl.npy,20260821T164332Z_490383ff
rec_ab02da40d78c096e65a5,/mnt/d/INFANT CRY/data_set_dbl_split/train/tired/4579_M_owh.wav,tired,sha256:4808021754c8d9fdb1caa26edfb5493e30580b898438974751609073db0f458d,1,tired,0.017541855573654175,0.019558511674404144,0.017389755696058273,0.01907968707382679,0.9264302253723145,original,/mnt/d/INFANT CRY/Models_dbl/Main/runs/20260821T164332Z_490383ff/fold_1/fold_1_main_dbl.keras,/mnt/d/INFANT CRY/Models_dbl/Main/runs/20260821T164332Z_490383ff/fold_1/norm_stats_main_dbl.npy,20260821T164332Z_490383ff
rec_56bcb737efb664774311,/mnt/d/INFANT CRY/data_set_dbl_split/train/tired/4589_M_owh.wav,tired,sha256:224f5367a81bf8563f36f99787d5ee384ca8a4c282169e547a1a642ae64e80dd,1,tired,0.01887691579759121,0.01777373068034649,0.01786656677722931,0.02015954628586769,0.9253233075141907,original,/mnt/d/INFANT CRY/Models_dbl/Main/runs/20260821T164332Z_490383ff/fold_1/fold_1_main_dbl.keras,/mnt/d/INFANT CRY/Models_dbl/Main/runs/20260821T164332Z_490383ff/fold_1/norm_stats_main_dbl.npy,20260821T164332Z_490383ff
rec_44ddd4328a39ff32984a,/mnt/d/INFANT CRY/data_set_dbl_split/train/tired/4620_M_owh.wav,tired,sha256:f3d04528b4745f867c93cc0a2b6b7000347770464bc6f325ac4fd800713f0f6d,1,tired,0.01541286613792181,0.0160263329744339,0.01641896367073059,0.019151298329234123,0.9329904913902283,original,/mnt/d/INFANT CRY/Models_dbl/Main/runs/20260821T164332Z_490383ff/fold_1/fold_1_main_dbl.keras,/mnt/d/INFANT CRY/Models_dbl/Main/runs/20260821T164332Z_490383ff/fold_1/norm_stats_main_dbl.npy,20260821T164332Z_490383ff
rec_92e9caefb5dd99aaa437,/mnt/d/INFANT CRY/data_set_dbl_split/train/tired/4709_M_owh.wav,tired,sha256:c4e065a16722be92d12480e8eba027e35787ec7f10a155a4e864a4c2a6cb2f79,1,tired,0.020206710323691368,0.023874877020716667,0.01845548301935196,0.020456969738006592,0.9170059561729431,original,/mnt/d/INFANT CRY/Models_dbl/Main/runs/20260821T164332Z_490383ff/fold_1/fold_1_main_dbl.keras,/mnt/d/INFANT CRY/Models_dbl/Main/runs/20260821T164332Z_490383ff/fold_1/norm_stats_main_dbl.npy,20260821T164332Z_490383ff
rec_3594d01788e0957978cc,/mnt/d/INFANT CRY/data_set_dbl_split/train/tired/4737_M_owh.wav,tired,sha256:4dba7d313b806236b32dcac2dd90efac3687e64dc187e9b81b84afc46ee074ba,1,tired,0.01793738082051277,0.016848353669047356,0.02360166423022747,0.018912097439169884,0.9227005243301392,original,/mnt/d/INFANT CRY/Models_dbl/Main/runs/20260821T164332Z_490383ff/fold_1/fold_1_main_dbl.keras,/mnt/d/INFANT CRY/Models_dbl/Main/runs/20260821T164332Z_490383ff/fold_1/norm_stats_main_dbl.npy,20260821T164332Z_490383ff
rec_7332f1b55be4bf5aca3c,/mnt/d/INFANT CRY/data_set_dbl_split/train/tired/4949_M_owh.wav,tired,sha256:1a85574c82c384880e75f57197784b7f3f5e0a62bd2ac2aca49ccee1ba88fb8f,1,tired,0.03173723816871643,0.02557075209915638,0.021208027377724648,0.019455771893262863,0.9020282030105591,original,/mnt/d/INFANT CRY/Models_dbl/Main/runs/20260821T164332Z_490383ff/fold_1/fold_1_main_dbl.keras,/mnt/d/INFANT CRY/Models_dbl/Main/runs/20260821T164332Z_490383ff/fold_1/norm_stats_main_dbl.npy,20260821T164332Z_490383ff
rec_77d382cebd6165bd1f4e,/mnt/d/INFANT CRY/data_set_dbl_split/train/tired/4955_M_owh.wav,tired,sha256:025521accf6116286bafe7f2404267c426e8b6ff6fda60add4c7ea87ad6d25a6,1,tired,0.01836080104112625,0.017257558181881905,0.01864607259631157,0.01904645562171936,0.9266890287399292,original,/mnt/d/INFANT CRY/Models_dbl/Main/runs/20260821T164332Z_490383ff/fold_1/fold_1_main_dbl.keras,/mnt/d/INFANT CRY/Models_dbl/Main/runs/20260821T164332Z_490383ff/fold_1/norm_stats_main_dbl.npy,20260821T164332Z_490383ff
rec_6d06f9fdf3356c1f82d2,/mnt/d/INFANT CRY/data_set_dbl_split/train/tired/4996_F_owh.wav,tired,sha256:2ffe93bc17f65c7d1cd327c87adfe3421d806cadf8da1ccfba6d290952ff35b8,1,tired,0.016071824356913567,0.01715676486492157,0.016699787229299545,0.016533980146050453,0.9335376620292664,original,/mnt/d/INFANT CRY/Models_dbl/Main/runs/20260821T164332Z_490383ff/fold_1/fold_1_main_dbl.keras,/mnt/d/INFANT CRY/Models_dbl/Main/runs/20260821T164332Z_490383ff/fold_1/norm_stats_main_dbl.npy,20260821T164332Z_490383ff
rec_128d70a0e7297dbf40fb,/mnt/d/INFANT CRY/data_set_dbl_split/train/tired/4997_M_owh.wav,tired,sha256:9bad4f60d5547fc8b0b707989b7ef9d2a5d170784edd81600171780bfc00e4ca,1,tired,0.015627317130565643,0.01667013019323349,0.02118745446205139,0.01697055622935295,0.9295445680618286,original,/mnt/d/INFANT CRY/Models_dbl/Main/runs/20260821T164332Z_490383ff/fold_1/fold_1_main_dbl.keras,/mnt/d/INFANT CRY/Models_dbl/Main/runs/20260821T164332Z_490383ff/fold_1/norm_stats_main_dbl.npy,20260821T164332Z_490383ff
rec_b1faaccffc3ade33a6de,/mnt/d/INFANT CRY/data_set_dbl_split/train/tired/517_F_owh.wav,tired,sha256:c79a43f303940c667182b92be021b17b5e2df3d6514d51cfe63ba25b1f160d13,1,tired,0.014317776076495647,0.017458565533161163,0.0166529081761837,0.01863708160817623,0.9329336285591125,original,/mnt/d/INFANT CRY/Models_dbl/Main/runs/20260821T164332Z_490383ff/fold_1/fold_1_main_dbl.keras,/mnt/d/INFANT CRY/Models_dbl/Main/runs/20260821T164332Z_490383ff/fold_1/norm_stats_main_dbl.npy,20260821T164332Z_490383ff
rec_4c812f62677ec209a552,/mnt/d/INFANT CRY/data_set_dbl_split/train/tired/558_M_owh.wav,tired,sha256:085f6dfc3ac0511f9405de4304fc2d7623c14e5238ca066deeac2b111383349b,1,tired,0.023730142042040825,0.020053567364811897,0.018176093697547913,0.01960887759923935,0.918431282043457,original,/mnt/d/INFANT CRY/Models_dbl/Main/runs/20260821T164332Z_490383ff/fold_1/fold_1_main_dbl.keras,/mnt/d/INFANT CRY/Models_dbl/Main/runs/20260821T164332Z_490383ff/fold_1/norm_stats_main_dbl.npy,20260821T164332Z_490383ff
rec_4d2262592e6d64358eac,/mnt/d/INFANT CRY/data_set_dbl_split/train/tired/577_F_owh.wav,tired,sha256:6982d8adb94e86bbaeeb6d79d95a9ec925d0a4fd8ff8ceddc67e87b8680c631a,1,tired,0.016274461522698402,0.016297534108161926,0.017132773995399475,0.020338648930191994,0.9299565553665161,original,/mnt/d/INFANT CRY/Models_dbl/Main/runs/20260821T164332Z_490383ff/fold_1/fold_1_main_dbl.keras,/mnt/d/INFANT CRY/Models_dbl/Main/runs/20260821T164332Z_490383ff/fold_1/norm_stats_main_dbl.npy,20260821T164332Z_490383ff
rec_3dc51fbb1537ccb2f925,/mnt/d/INFANT CRY/data_set_dbl_split/train/tired/592_M_owh.wav,tired,sha256:861957f854aa4ec7b07808d7d18d60c1e406254cd0c901e4de6fa3ab79682171,1,tired,0.01915591210126877,0.020255999639630318,0.01767081767320633,0.018120842054486275,0.9247964024543762,original,/mnt/d/INFANT CRY/Models_dbl/Main/runs/20260821T164332Z_490383ff/fold_1/fold_1_main_dbl.keras,/mnt/d/INFANT CRY/Models_dbl/Main/runs/20260821T164332Z_490383ff/fold_1/norm_stats_main_dbl.npy,20260821T164332Z_490383ff
rec_62b412afc0f37e27404c,/mnt/d/INFANT CRY/data_set_dbl_split/train/tired/620_M_owh.wav,tired,sha256:c17775ae85e14e1da649fe72c0d805cf9e384cd97646ec494306065e232d5ecf,1,tired,0.032197531312704086,0.0217424426227808,0.022628650069236755,0.019925294443964958,0.9035061001777649,original,/mnt/d/INFANT CRY/Models_dbl/Main/runs/20260821T164332Z_490383ff/fold_1/fold_1_main_dbl.keras,/mnt/d/INFANT CRY/Models_dbl/Main/runs/20260821T164332Z_490383ff/fold_1/norm_stats_main_dbl.npy,20260821T164332Z_490383ff
rec_260456113c1d376bbc61,/mnt/d/INFANT CRY/data_set_dbl_split/train/tired/627_F_owh.wav,tired,sha256:82c384ccc3466abebb85be31d404df7a25d1663c73498bb46263a7b08546c433,1,tired,0.0562346875667572,0.025354648008942604,0.030653009191155434,0.020947270095348358,0.8668103814125061,original,/mnt/d/INFANT CRY/Models_dbl/Main/runs/20260821T164332Z_490383ff/fold_1/fold_1_main_dbl.keras,/mnt/d/INFANT CRY/Models_dbl/Main/runs/20260821T164332Z_490383ff/fold_1/norm_stats_main_dbl.npy,20260821T164332Z_490383ff
rec_e8a9586413272e49c626,/mnt/d/INFANT CRY/data_set_dbl_split/train/tired/647_F_owh.wav,tired,sha256:e87ed97f05407a47ecdf59cda1584809fb5639e604f23b341eb3a52a2b74c848,1,tired,0.016939282417297363,0.017749296501278877,0.017783166840672493,0.01842959225177765,0.9290986657142639,original,/mnt/d/INFANT CRY/Models_dbl/Main/runs/20260821T164332Z_490383ff/fold_1/fold_1_main_dbl.keras,/mnt/d/INFANT CRY/Models_dbl/Main/runs/20260821T164332Z_490383ff/fold_1/norm_stats_main_dbl.npy,20260821T164332Z_490383ff
rec_c65e5c85cd180a5054c4,/mnt/d/INFANT CRY/data_set_dbl_split/train/tired/689_F_owh.wav,tired,sha256:1985024f773c668f76eac06ad8cb05766159ecd5ee1533b7ca3d87dcc056b010,1,burping,0.03988328203558922,0.6346936225891113,0.038113389164209366,0.05129152908921242,0.23601819574832916,original,/mnt/d/INFANT CRY/Models_dbl/Main/runs/20260821T164332Z_490383ff/fold_1/fold_1_main_dbl.keras,/mnt/d/INFANT CRY/Models_dbl/Main/runs/20260821T164332Z_490383ff/fold_1/norm_stats_main_dbl.npy,20260821T164332Z_490383ff
rec_86d30d9121077895f573,/mnt/d/INFANT CRY/data_set_dbl_split/train/tired/752_M_owh.wav,tired,sha256:8fa044f8e391bcc876dafca0dbcf0b3995a027b2c3e0a56a22b21d0c3163d1d9,1,tired,0.017379119992256165,0.01786314882338047,0.01797964610159397,0.019025158137083054,0.9277529120445251,original,/mnt/d/INFANT CRY/Models_dbl/Main/runs/20260821T164332Z_490383ff/fold_1/fold_1_main_dbl.keras,/mnt/d/INFANT CRY/Models_dbl/Main/runs/20260821T164332Z_490383ff/fold_1/norm_stats_main_dbl.npy,20260821T164332Z_490383ff
rec_1b733202df78607bb041,/mnt/d/INFANT CRY/data_set_dbl_split/train/tired/81_M_owh.wav,tired,sha256:494c1d3687de3b8a886def4cfd2697177f66b615d83e77698e8d76547b745f39,1,tired,0.018277956172823906,0.019008396193385124,0.016847772523760796,0.018093647435307503,0.9277721643447876,original,/mnt/d/INFANT CRY/Models_dbl/Main/runs/20260821T164332Z_490383ff/fold_1/fold_1_main_dbl.keras,/mnt/d/INFANT CRY/Models_dbl/Main/runs/20260821T164332Z_490383ff/fold_1/norm_stats_main_dbl.npy,20260821T164332Z_490383ff
rec_220befadf709127c5056,/mnt/d/INFANT CRY/data_set_dbl_split/train/tired/889_M_owh.wav,tired,sha256:4c214e7a30287da1fb948f5adc25c34b0d736c1cf2e44a3d4df7a8c42c472629,1,tired,0.017515042796730995,0.02678360417485237,0.01777959242463112,0.018920432776212692,0.9190012812614441,original,/mnt/d/INFANT CRY/Models_dbl/Main/runs/20260821T164332Z_490383ff/fold_1/fold_1_main_dbl.keras,/mnt/d/INFANT CRY/Models_dbl/Main/runs/20260821T164332Z_490383ff/fold_1/norm_stats_main_dbl.npy,20260821T164332Z_490383ff
rec_19ca95fa0e9cc6f77602,/mnt/d/INFANT CRY/data_set_dbl_split/train/tired/dunstan-owh_17.wav,tired,sha256:fc20ee4bb80a46bf47ac95699cfcdad0d159f9cefdb9c60b6f483257b1120947,1,tired,0.022826993837952614,0.022479809820652008,0.020060522481799126,0.019092397764325142,0.9155402183532715,original,/mnt/d/INFANT CRY/Models_dbl/Main/runs/20260821T164332Z_490383ff/fold_1/fold_1_main_dbl.keras,/mnt/d/INFANT CRY/Models_dbl/Main/runs/20260821T164332Z_490383ff/fold_1/norm_stats_main_dbl.npy,20260821T164332Z_490383ff
rec_1cf6d615bdb53b7cda0c,/mnt/d/INFANT CRY/data_set_dbl_split/train/tired/dunstan-owh_2.wav,tired,sha256:7fed99a8d5a8d8c2bb91a9ef4da7bf3be81b8ef6bf0f0be12daafc1c756a7c0c,1,hungry,0.02993015944957733,0.05118108168244362,0.038627538830041885,0.8438056707382202,0.036455582827329636,original,/mnt/d/INFANT CRY/Models_dbl/Main/runs/20260821T164332Z_490383ff/fold_1/fold_1_main_dbl.keras,/mnt/d/INFANT CRY/Models_dbl/Main/runs/20260821T164332Z_490383ff/fold_1/norm_stats_main_dbl.npy,20260821T164332Z_490383ff
rec_f727cf87adcf68c78684,/mnt/d/INFANT CRY/data_set_dbl_split/train/belly_pain/1248_M_eairh.wav,belly_pain,sha256:f93a9c39efa580d0dc51613e87b387de74a3ccd1871ab80ccaea51544c164494,2,belly_pain,0.8222652673721313,0.028668958693742752,0.020809154957532883,0.03965090587735176,0.08860573917627335,original,/mnt/d/INFANT CRY/Models_dbl/Main/runs/20260821T164332Z_490383ff/fold_2/fold_2_main_dbl.keras,/mnt/d/INFANT CRY/Models_dbl/Main/runs/20260821T164332Z_490383ff/fold_2/norm_stats_main_dbl.npy,20260821T164332Z_490383ff
rec_01476f7d02dc9fb5bfc4,/mnt/d/INFANT CRY/data_set_dbl_split/train/belly_pain/1330_M_eairh.wav,belly_pain,sha256:b20f9f3f810bdca041b45bf082a5b6b8a33cf9973a5d5b00d4909a4509a904b7,2,hungry,0.3109617531299591,0.03248691186308861,0.024683229625225067,0.5367755889892578,0.09509255737066269,original,/mnt/d/INFANT CRY/Models_dbl/Main/runs/20260821T164332Z_490383ff/fold_2/fold_2_main_dbl.keras,/mnt/d/INFANT CRY/Models_dbl/Main/runs/20260821T164332Z_490383ff/fold_2/norm_stats_main_dbl.npy,20260821T164332Z_490383ff
rec_a29eb2fa57b194483f26,/mnt/d/INFANT CRY/data_set_dbl_split/train/belly_pain/2101_M_eairh.wav,belly_pain,sha256:6cc7a536e2182e69ef45b562b1c9e86e836c36e8e0fdd6536a4eaad5b989bfa2,2,belly_pain,0.9419178366661072,0.015040015801787376,0.010092955082654953,0.018448781222105026,0.014500434510409832,original,/mnt/d/INFANT CRY/Models_dbl/Main/runs/20260821T164332Z_490383ff/fold_2/fold_2_main_dbl.keras,/mnt/d/INFANT CRY/Models_dbl/Main/runs/20260821T164332Z_490383ff/fold_2/norm_stats_main_dbl.npy,20260821T164332Z_490383ff
rec_25708979c73d741b3abd,/mnt/d/INFANT CRY/data_set_dbl_split/train/belly_pain/2208_M_eairh.wav,belly_pain,sha256:8cc303d1f42d72122fb01853eff2298b55aaba55b1699ef89090090d0592dff4,2,belly_pain,0.9526165723800659,0.013949520885944366,0.00900674145668745,0.012471024878323078,0.011956073343753815,original,/mnt/d/INFANT CRY/Models_dbl/Main/runs/20260821T164332Z_490383ff/fold_2/fold_2_main_dbl.keras,/mnt/d/INFANT CRY/Models_dbl/Main/runs/20260821T164332Z_490383ff/fold_2/norm_stats_main_dbl.npy,20260821T164332Z_490383ff
rec_dadefbf45bb8caa60b9e,/mnt/d/INFANT CRY/data_set_dbl_split/train/belly_pain/2269_M_eairh.wav,belly_pain,sha256:e3d51064b0da46833ec954154919933f0d9feeef60173cd3b1f500b356775fa4,2,belly_pain,0.8833163380622864,0.019699152559041977,0.01516643539071083,0.054247546941041946,0.02757055126130581,original,/mnt/d/INFANT CRY/Models_dbl/Main/runs/20260821T164332Z_490383ff/fold_2/fold_2_main_dbl.keras,/mnt/d/INFANT CRY/Models_dbl/Main/runs/20260821T164332Z_490383ff/fold_2/norm_stats_main_dbl.npy,20260821T164332Z_490383ff
rec_7923b3cade105f0c3c70,/mnt/d/INFANT CRY/data_set_dbl_split/train/belly_pain/2651_F_eairh.wav,belly_pain,sha256:0ea883b38b491020d9ed5473b20e4d3c18724477f44de85ff4b5848720bf92fc,2,belly_pain,0.9059168696403503,0.020725956186652184,0.013836067169904709,0.030500510707497597,0.029020588845014572,original,/mnt/d/INFANT CRY/Models_dbl/Main/runs/20260821T164332Z_490383ff/fold_2/fold_2_main_dbl.keras,/mnt/d/INFANT CRY/Models_dbl/Main/runs/20260821T164332Z_490383ff/fold_2/norm_stats_main_dbl.npy,20260821T164332Z_490383ff
rec_4fb517e52369af00b8e9,/mnt/d/INFANT CRY/data_set_dbl_split/train/belly_pain/2754_M_eairh.wav,belly_pain,sha256:8e9447157d5846fe2b14e8c66543d09608082f1bf278cca4861eee5197127cb7,2,belly_pain,0.9411307573318481,0.018025655299425125,0.010269959457218647,0.015826642513275146,0.014746913686394691,original,/mnt/d/INFANT CRY/Models_dbl/Main/runs/20260821T164332Z_490383ff/fold_2/fold_2_main_dbl.keras,/mnt/d/INFANT CRY/Models_dbl/Main/runs/20260821T164332Z_490383ff/fold_2/norm_stats_main_dbl.npy,20260821T164332Z_490383ff
rec_cc6172b8bd33735c82c6,/mnt/d/INFANT CRY/data_set_dbl_split/train/belly_pain/2819_M_eairh.wav,belly_pain,sha256:89965fe85329e6c8975833b357b831c1dc373d042fd3645cf36bc8e396b761c2,2,belly_pain,0.9104529023170471,0.01809750683605671,0.013702034950256348,0.03168465197086334,0.02606293000280857,original,/mnt/d/INFANT CRY/Models_dbl/Main/runs/20260821T164332Z_490383ff/fold_2/fold_2_main_dbl.keras,/mnt/d/INFANT CRY/Models_dbl/Main/runs/20260821T164332Z_490383ff/fold_2/norm_stats_main_dbl.npy,20260821T164332Z_490383ff
rec_5e6be8ab7bbd234bfa10,/mnt/d/INFANT CRY/data_set_dbl_split/train/belly_pain/323_M_eairh.wav,belly_pain,sha256:c4f4a1548a19501b1d751ad9e0d2b6251522cb1de1ce7392a002730db46b8c4d,2,belly_pain,0.9021943211555481,0.01828424446284771,0.014372488483786583,0.039945099502801895,0.025203879922628403,original,/mnt/d/INFANT CRY/Models_dbl/Main/runs/20260821T164332Z_490383ff/fold_2/fold_2_main_dbl.keras,/mnt/d/INFANT CRY/Models_dbl/Main/runs/20260821T164332Z_490383ff/fold_2/norm_stats_main_dbl.npy,20260821T164332Z_490383ff
rec_bd2fd049120ea1834eaf,/mnt/d/INFANT CRY/data_set_dbl_split/train/belly_pain/3306_M_eairh.wav,belly_pain,sha256:ee3d933a7485197a861b93e6d4226eda462161b8d8e1aeba6bd82317ab483eb4,2,belly_pain,0.8367666006088257,0.027457568794488907,0.016183294355869293,0.08317865431308746,0.036413878202438354,original,/mnt/d/INFANT CRY/Models_dbl/Main/runs/20260821T164332Z_490383ff/fold_2/fold_2_main_dbl.keras,/mnt/d/INFANT CRY/Models_dbl/Main/runs/20260821T164332Z_490383ff/fold_2/norm_stats_main_dbl.npy,20260821T164332Z_490383ff
rec_0ddf3d9b53d6a320397d,/mnt/d/INFANT CRY/data_set_dbl_split/train/belly_pain/3326_F_eairh.wav,belly_pain,sha256:adcac87f26a49067239153fa1158ad07ba16cc95c27ae12791dd2fec2b1dcc90,2,belly_pain,0.9462244510650635,0.014826374128460884,0.009804009459912777,0.013831653632223606,0.015313529409468174,original,/mnt/d/INFANT CRY/Models_dbl/Main/runs/20260821T164332Z_490383ff/fold_2/fold_2_main_dbl.keras,/mnt/d/INFANT CRY/Models_dbl/Main/runs/20260821T164332Z_490383ff/fold_2/norm_stats_main_dbl.npy,20260821T164332Z_490383ff
rec_99c997cbc56d30a6f86a,/mnt/d/INFANT CRY/data_set_dbl_split/train/belly_pain/4463_F_eairh.wav,belly_pain,sha256:f1b02e2772508dba326d22aebf2cd242a03686fa68f0ba1de57248aaaaa76b5a,2,belly_pain,0.9343884587287903,0.016362790018320084,0.011021467857062817,0.020950468257069588,0.017276817932724953,original,/mnt/d/INFANT CRY/Models_dbl/Main/runs/20260821T164332Z_490383ff/fold_2/fold_2_main_dbl.keras,/mnt/d/INFANT CRY/Models_dbl/Main/runs/20260821T164332Z_490383ff/fold_2/norm_stats_main_dbl.npy,20260821T164332Z_490383ff
rec_b97b97506a926108c4fb,/mnt/d/INFANT CRY/data_set_dbl_split/train/belly_pain/4511_F_eairh.wav,belly_pain,sha256:e952316efd6d6b2707ff14e2fac55cc25557f6f5fd73862a67a3da70dbdda1f7,2,belly_pain,0.879448413848877,0.02252901904284954,0.016805436462163925,0.03333563730120659,0.04788149148225784,original,/mnt/d/INFANT CRY/Models_dbl/Main/runs/20260821T164332Z_490383ff/fold_2/fold_2_main_dbl.keras,/mnt/d/INFANT CRY/Models_dbl/Main/runs/20260821T164332Z_490383ff/fold_2/norm_stats_main_dbl.npy,20260821T164332Z_490383ff
rec_4f5f3b672a3334ab6010,/mnt/d/INFANT CRY/data_set_dbl_split/train/belly_pain/4846_F_eairh.wav,belly_pain,sha256:60149a878668571e284b8b257965d148d23768434d32a330991ba2db7e3b1e3e,2,belly_pain,0.9393556118011475,0.01498687919229269,0.010418384335935116,0.019101349636912346,0.016137832775712013,original,/mnt/d/INFANT CRY/Models_dbl/Main/runs/20260821T164332Z_490383ff/fold_2/fold_2_main_dbl.keras,/mnt/d/INFANT CRY/Models_dbl/Main/runs/20260821T164332Z_490383ff/fold_2/norm_stats_main_dbl.npy,20260821T164332Z_490383ff
rec_a13b92fdc5317e0a51d9,/mnt/d/INFANT CRY/data_set_dbl_split/train/belly_pain/548_F_eairh.wav,belly_pain,sha256:3612c6e713d6fa175f01fc0fdda22cbf69645195a98c99ce5117adb320cdfdb5,2,belly_pain,0.9094820618629456,0.01871313899755478,0.013218816369771957,0.03686850890517235,0.021717479452490807,original,/mnt/d/INFANT CRY/Models_dbl/Main/runs/20260821T164332Z_490383ff/fold_2/fold_2_main_dbl.keras,/mnt/d/INFANT CRY/Models_dbl/Main/runs/20260821T164332Z_490383ff/fold_2/norm_stats_main_dbl.npy,20260821T164332Z_490383ff
rec_7bfbf6df11a5121ca4c9,/mnt/d/INFANT CRY/data_set_dbl_split/train/belly_pain/934_M_eairh.wav,belly_pain,sha256:2843200837b6eecfb90e6f9c0f4b54d96a60916332b2d36f448644f338617af5,2,belly_pain,0.9226572513580322,0.016110122203826904,0.012807970866560936,0.026559265330433846,0.021865293383598328,original,/mnt/d/INFANT CRY/Models_dbl/Main/runs/20260821T164332Z_490383ff/fold_2/fold_2_main_dbl.keras,/mnt/d/INFANT CRY/Models_dbl/Main/runs/20260821T164332Z_490383ff/fold_2/norm_stats_main_dbl.npy,20260821T164332Z_490383ff
rec_d0cc3e578be11d2ca330,/mnt/d/INFANT CRY/data_set_dbl_split/train/belly_pain/dunstan-eairh_18.wav,belly_pain,sha256:930ddde0dd96e649ec88ab2c70f21efa2856aa204d18ed8112bcacc49068ee20,2,belly_pain,0.9450641870498657,0.014820944517850876,0.010693014599382877,0.01518181525170803,0.014240080490708351,original,/mnt/d/INFANT CRY/Models_dbl/Main/runs/20260821T164332Z_490383ff/fold_2/fold_2_main_dbl.keras,/mnt/d/INFANT CRY/Models_dbl/Main/runs/20260821T164332Z_490383ff/fold_2/norm_stats_main_dbl.npy,20260821T164332Z_490383ff
rec_86e990c657f137ebbf87,/mnt/d/INFANT CRY/data_set_dbl_split/train/belly_pain/dunstan-eairh_20.wav,belly_pain,sha256:59f26d398c8d75cac875d3dadf48b580f1b9b2c69582929bba7a11539183dd17,2,belly_pain,0.934921145439148,0.01680442877113819,0.010818720795214176,0.018622497096657753,0.01883322186768055,original,/mnt/d/INFANT CRY/Models_dbl/Main/runs/20260821T164332Z_490383ff/fold_2/fold_2_main_dbl.keras,/mnt/d/INFANT CRY/Models_dbl/Main/runs/20260821T164332Z_490383ff/fold_2/norm_stats_main_dbl.npy,20260821T164332Z_490383ff
rec_983c3aa745cbf8ace922,/mnt/d/INFANT CRY/data_set_dbl_split/train/belly_pain/dunstan-eairh_22.wav,belly_pain,sha256:776a46f236f7f92e9d2626dfb5fd06166dad5725ef7fe25b2d551cd2e4228c6b,2,belly_pain,0.8896006941795349,0.020508140325546265,0.013901588506996632,0.04929522052407265,0.026694396510720253,original,/mnt/d/INFANT CRY/Models_dbl/Main/runs/20260821T164332Z_490383ff/fold_2/fold_2_main_dbl.keras,/mnt/d/INFANT CRY/Models_dbl/Main/runs/20260821T164332Z_490383ff/fold_2/norm_stats_main_dbl.npy,20260821T164332Z_490383ff
rec_728bae3265a2cb099ec1,/mnt/d/INFANT CRY/data_set_dbl_split/train/belly_pain/dunstan-eairh_38.wav,belly_pain,sha256:63fe695c20c8cc11273c8e724c8b5657f60d370c68c8b7e926a7a47135d0d054,2,belly_pain,0.9518412351608276,0.015515080653131008,0.010635890997946262,0.010204327292740345,0.01180337555706501,original,/mnt/d/INFANT CRY/Models_dbl/Main/runs/20260821T164332Z_490383ff/fold_2/fold_2_main_dbl.keras,/mnt/d/INFANT CRY/Models_dbl/Main/runs/20260821T164332Z_490383ff/fold_2/norm_stats_main_dbl.npy,20260821T164332Z_490383ff
rec_81baca137ffa49fea0f0,/mnt/d/INFANT CRY/data_set_dbl_split/train/belly_pain/dunstan-eairh_5.wav,belly_pain,sha256:bf6a23507fbf66aebed91ab5f3b1830d1f908e667924f3fd4a25c6acdde1a102,2,belly_pain,0.9319794178009033,0.0157287809997797,0.01232153084129095,0.018150100484490395,0.02182016894221306,original,/mnt/d/INFANT CRY/Models_dbl/Main/runs/20260821T164332Z_490383ff/fold_2/fold_2_main_dbl.keras,/mnt/d/INFANT CRY/Models_dbl/Main/runs/20260821T164332Z_490383ff/fold_2/norm_stats_main_dbl.npy,20260821T164332Z_490383ff
rec_179925449a09539a329f,/mnt/d/INFANT CRY/data_set_dbl_split/train/belly_pain/dunstan-eairh_50.wav,belly_pain,sha256:b0b0759f590ffc6bc0f55ccdc60c0c1ac866d5aa032cca028f8b703ef4444894,2,belly_pain,0.4944857060909271,0.13374479115009308,0.028158769011497498,0.2867385149002075,0.05687222629785538,original,/mnt/d/INFANT CRY/Models_dbl/Main/runs/20260821T164332Z_490383ff/fold_2/fold_2_main_dbl.keras,/mnt/d/INFANT CRY/Models_dbl/Main/runs/20260821T164332Z_490383ff/fold_2/norm_stats_main_dbl.npy,20260821T164332Z_490383ff
rec_43b3fbffb18394a3d9df,/mnt/d/INFANT CRY/data_set_dbl_split/train/belly_pain/dunstan-eairh_52.wav,belly_pain,sha256:18c86bdda8a8249424891a83f4c8c79b2b7530673f6691e4fe842c47477bce54,2,belly_pain,0.8187001347541809,0.02342205122113228,0.01716385781764984,0.09877452254295349,0.04193945601582527,original,/mnt/d/INFANT CRY/Models_dbl/Main/runs/20260821T164332Z_490383ff/fold_2/fold_2_main_dbl.keras,/mnt/d/INFANT CRY/Models_dbl/Main/runs/20260821T164332Z_490383ff/fold_2/norm_stats_main_dbl.npy,20260821T164332Z_490383ff
rec_bb69c12272a7b5c6887b,/mnt/d/INFANT CRY/data_set_dbl_split/train/belly_pain/dunstan-eairh_6.wav,belly_pain,sha256:eee269b78944d18f059d2badd31092d8e24127d77cf2065938ab82fe7e5f495b,2,belly_pain,0.867448627948761,0.02379952184855938,0.02016197144985199,0.02671118825674057,0.06187872588634491,original,/mnt/d/INFANT CRY/Models_dbl/Main/runs/20260821T164332Z_490383ff/fold_2/fold_2_main_dbl.keras,/mnt/d/INFANT CRY/Models_dbl/Main/runs/20260821T164332Z_490383ff/fold_2/norm_stats_main_dbl.npy,20260821T164332Z_490383ff
rec_1ce241cf7686f94b3a25,/mnt/d/INFANT CRY/data_set_dbl_split/train/burping/000124_M_eh.wav,burping,sha256:0095470fcdb006139632e063d9691c40ab0930f4842eddaea7f6b5017d164a19,2,burping,0.01122456043958664,0.9484901428222656,0.013698244467377663,0.013954292051494122,0.012632695958018303,original,/mnt/d/INFANT CRY/Models_dbl/Main/runs/20260821T164332Z_490383ff/fold_2/fold_2_main_dbl.keras,/mnt/d/INFANT CRY/Models_dbl/Main/runs/20260821T164332Z_490383ff/fold_2/norm_stats_main_dbl.npy,20260821T164332Z_490383ff
rec_eee5eed2ae78b50ca38d,/mnt/d/INFANT CRY/data_set_dbl_split/train/burping/1060_M_eh.wav,burping,sha256:b5b08a59f94ee4ef84d59f148f0fc5aa5f1d375608abe26b452c7c9903e23cc9,2,burping,0.007758878171443939,0.961137056350708,0.008873970247805119,0.009779480285942554,0.012450611218810081,original,/mnt/d/INFANT CRY/Models_dbl/Main/runs/20260821T164332Z_490383ff/fold_2/fold_2_main_dbl.keras,/mnt/d/INFANT CRY/Models_dbl/Main/runs/20260821T164332Z_490383ff/fold_2/norm_stats_main_dbl.npy,20260821T164332Z_490383ff
rec_c2521e9b1d58c3fbb0cb,/mnt/d/INFANT CRY/data_set_dbl_split/train/burping/1103_M_eh.wav,burping,sha256:043afd1e09436b8202e38eea31537a9cd228b808b637523e00e6d061c99cfff3,2,burping,0.01076630037277937,0.9503805637359619,0.012534570880234241,0.011819045059382915,0.014499492943286896,original,/mnt/d/INFANT CRY/Models_dbl/Main/runs/20260821T164332Z_490383ff/fold_2/fold_2_main_dbl.keras,/mnt/d/INFANT CRY/Models_dbl/Main/runs/20260821T164332Z_490383ff/fold_2/norm_stats_main_dbl.npy,20260821T164332Z_490383ff
rec_9a29e2de6a245ee391e5,/mnt/d/INFANT CRY/data_set_dbl_split/train/burping/1117_M_eh.wav,burping,sha256:c31946230b18d8d9aa20e239813e174ec03bfced8c2b8fb8e1c2e7f94c76f83e,2,burping,0.010882681235671043,0.9524974822998047,0.011386358179152012,0.012208283878862858,0.01302523072808981,original,/mnt/d/INFANT CRY/Models_dbl/Main/runs/20260821T164332Z_490383ff/fold_2/fold_2_main_dbl.keras,/mnt/d/INFANT CRY/Models_dbl/Main/runs/20260821T164332Z_490383ff/fold_2/norm_stats_main_dbl.npy,20260821T164332Z_490383ff
rec_ab271c0dd4cc9e6e5493,/mnt/d/INFANT CRY/data_set_dbl_split/train/burping/1189_M_eh.wav,burping,sha256:06e8b84f0b30b4a9d80a2570e7701f859e6aa6d09985b83a40b011486a2966dc,2,burping,0.02239150181412697,0.8430666923522949,0.049275271594524384,0.024783773347735405,0.0604826919734478,original,/mnt/d/INFANT CRY/Models_dbl/Main/runs/20260821T164332Z_490383ff/fold_2/fold_2_main_dbl.keras,/mnt/d/INFANT CRY/Models_dbl/Main/runs/20260821T164332Z_490383ff/fold_2/norm_stats_main_dbl.npy,20260821T164332Z_490383ff
rec_bec84197dab7554371b2,/mnt/d/INFANT CRY/data_set_dbl_split/train/burping/1546_M_eh.wav,burping,sha256:7446f862ba6cb4e670725c7ec5480726397901c881c67c2af34a3b67b7bc69a8,2,burping,0.08105196058750153,0.6799282431602478,0.028318336233496666,0.029978645965456963,0.18072281777858734,original,/mnt/d/INFANT CRY/Models_dbl/Main/runs/20260821T164332Z_490383ff/fold_2/fold_2_main_dbl.keras,/mnt/d/INFANT CRY/Models_dbl/Main/runs/20260821T164332Z_490383ff/fold_2/norm_stats_main_dbl.npy,20260821T164332Z_490383ff
rec_459bb2953e87065146b1,/mnt/d/INFANT CRY/data_set_dbl_split/train/burping/1959_M_eh.wav,burping,sha256:d0f4706235582cf5e92c6cc91bb29e6ec7bff21b4073444f0ba654c9e9a923f8,2,burping,0.017451748251914978,0.8960974216461182,0.02001408115029335,0.03747845068573952,0.028958367183804512,original,/mnt/d/INFANT CRY/Models_dbl/Main/runs/20260821T164332Z_490383ff/fold_2/fold_2_main_dbl.keras,/mnt/d/INFANT CRY/Models_dbl/Main/runs/20260821T164332Z_490383ff/fold_2/norm_stats_main_dbl.npy,20260821T164332Z_490383ff
rec_fa20854f3b7e4dba152c,/mnt/d/INFANT CRY/data_set_dbl_split/train/burping/2026_M_eh.wav,burping,sha256:b7fd523cf2b5056f1158281d5a1d893a4ac9d09ade4d99bb11cb3371413c7565,2,burping,0.061454515904188156,0.7094811797142029,0.033812519162893295,0.03242378681898117,0.16282805800437927,original,/mnt/d/INFANT CRY/Models_dbl/Main/runs/20260821T164332Z_490383ff/fold_2/fold_2_main_dbl.keras,/mnt/d/INFANT CRY/Models_dbl/Main/runs/20260821T164332Z_490383ff/fold_2/norm_stats_main_dbl.npy,20260821T164332Z_490383ff
rec_38acc274e71f1ffa3d26,/mnt/d/INFANT CRY/data_set_dbl_split/train/burping/2083_M_eh.wav,burping,sha256:5c1e20a2ffd2b137dfcbe341b7852a78dab4eecae01554c7058ea9acbe4a839c,2,burping,0.01221122033894062,0.9462603330612183,0.014066560193896294,0.013005527667701244,0.014456361532211304,original,/mnt/d/INFANT CRY/Models_dbl/Main/runs/20260821T164332Z_490383ff/fold_2/fold_2_main_dbl.keras,/mnt/d/INFANT CRY/Models_dbl/Main/runs/20260821T164332Z_490383ff/fold_2/norm_stats_main_dbl.npy,20260821T164332Z_490383ff
rec_7d9becd3a9a4b0da6a50,/mnt/d/INFANT CRY/data_set_dbl_split/train/burping/2117_M_eh.wav,burping,sha256:baf226b7fc95dac9973fac38e4b8db8a1bc4fc2c47e2dc4650b68569722d481d,2,tired,0.015594696626067162,0.017209025099873543,0.012724229134619236,0.012424571439623833,0.9420474767684937,original,/mnt/d/INFANT CRY/Models_dbl/Main/runs/20260821T164332Z_490383ff/fold_2/fold_2_main_dbl.keras,/mnt/d/INFANT CRY/Models_dbl/Main/runs/20260821T164332Z_490383ff/fold_2/norm_stats_main_dbl.npy,20260821T164332Z_490383ff
rec_24a396b9d014a05587a9,/mnt/d/INFANT CRY/data_set_dbl_split/train/burping/222_F_eh.wav,burping,sha256:4bcf51a0605ddc642cf05b94b9997e56a5473adc6d2134e213164a6c9d27d2fe,2,tired,0.0313652902841568,0.015177854336798191,0.0195195060223341,0.03715511038899422,0.8967822790145874,original,/mnt/d/INFANT CRY/Models_dbl/Main/runs/20260821T164332Z_490383ff/fold_2/fold_2_main_dbl.keras,/mnt/d/INFANT CRY/Models_dbl/Main/runs/20260821T164332Z_490383ff/fold_2/norm_stats_main_dbl.npy,20260821T164332Z_490383ff
rec_4c788d6451459c6d7475,/mnt/d/INFANT CRY/data_set_dbl_split/train/burping/231_M_eh.wav,burping,sha256:9df0342c632353f910fc3c55758b7c20172f7388e7bff6a6c17fa9791e420f34,2,burping,0.008941106498241425,0.9531452059745789,0.012296045199036598,0.012754266150295734,0.012863509356975555,original,/mnt/d/INFANT CRY/Models_dbl/Main/runs/20260821T164332Z_490383ff/fold_2/fold_2_main_dbl.keras,/mnt/d/INFANT CRY/Models_dbl/Main/runs/20260821T164332Z_490383ff/fold_2/norm_stats_main_dbl.npy,20260821T164332Z_490383ff
rec_f00e486b5bb01e917fd5,/mnt/d/INFANT CRY/data_set_dbl_split/train/burping/2759_M_eh.wav,burping,sha256:b79daea5be33161defb0a37388176e57691b76d37e5253dee0f5c8b76bbc52ba,2,burping,0.013254901394248009,0.9450410008430481,0.014831773936748505,0.012892452999949455,0.013979945331811905,original,/mnt/d/INFANT CRY/Models_dbl/Main/runs/20260821T164332Z_490383ff/fold_2/fold_2_main_dbl.keras,/mnt/d/INFANT CRY/Models_dbl/Main/runs/20260821T164332Z_490383ff/fold_2/norm_stats_main_dbl.npy,20260821T164332Z_490383ff
rec_162b0019dde6878e5658,/mnt/d/INFANT CRY/data_set_dbl_split/train/burping/2808_M_eh.wav,burping,sha256:6bc4df9a07f22e02269bcfa57e90b52f6b04f72763dbaa8f8ae2acadf31aa85f,2,burping,0.012525907717645168,0.9455832242965698,0.011446026153862476,0.014453334733843803,0.015991466119885445,original,/mnt/d/INFANT CRY/Models_dbl/Main/runs/20260821T164332Z_490383ff/fold_2/fold_2_main_dbl.keras,/mnt/d/INFANT CRY/Models_dbl/Main/runs/20260821T164332Z_490383ff/fold_2/norm_stats_main_dbl.npy,20260821T164332Z_490383ff
rec_e4a56aeebd6a02551e95,/mnt/d/INFANT CRY/data_set_dbl_split/train/burping/290_F_eh.wav,burping,sha256:3f3df70b40aaa7332736c472ced6f86b06244bdc86934477bdd93c6cb1d80540,2,burping,0.00894202571362257,0.9571991562843323,0.009010978043079376,0.009975926019251347,0.014871900901198387,original,/mnt/d/INFANT CRY/Models_dbl/Main/runs/20260821T164332Z_490383ff/fold_2/fold_2_main_dbl.keras,/mnt/d/INFANT CRY/Models_dbl/Main/runs/20260821T164332Z_490383ff/fold_2/norm_stats_main_dbl.npy,20260821T164332Z_490383ff
rec_69a30e7d7377d2349a7e,/mnt/d/INFANT CRY/data_set_dbl_split/train/burping/3070_M_eh.wav,burping,sha256:cef893ab16a894305b2fedb5dbb3aa1ad0914e4e8977148fe7c1a307bdf635b0,2,tired,0.06554477661848068,0.3810884654521942,0.038299594074487686,0.07312366366386414,0.44194352626800537,original,/mnt/d/INFANT CRY/Models_dbl/Main/runs/20260821T164332Z_490383ff/fold_2/fold_2_main_dbl.keras,/mnt/d/INFANT CRY/Models_dbl/Main/runs/20260821T164332Z_490383ff/fold_2/norm_stats_main_dbl.npy,20260821T164332Z_490383ff
rec_c7455d306ae46d35e2fd,/mnt/d/INFANT CRY/data_set_dbl_split/train/burping/3192_M_eh.wav,burping,sha256:a9fb4c9c65cd214af03c7acf7670c89e8eac105a1235741f7a3fcabd4410ddf1,2,burping,0.014956733211874962,0.9443809986114502,0.013337251730263233,0.011971310712397099,0.015353717841207981,original,/mnt/d/INFANT CRY/Models_dbl/Main/runs/20260821T164332Z_490383ff/fold_2/fold_2_main_dbl.keras,/mnt/d/INFANT CRY/Models_dbl/Main/runs/20260821T164332Z_490383ff/fold_2/norm_stats_main_dbl.npy,20260821T164332Z_490383ff
rec_7f5f72cffacee5752ddb,/mnt/d/INFANT CRY/data_set_dbl_split/train/burping/3331_M_eh.wav,burping,sha256:a4aa673b6e979cc927669c90a855494ac2d988782815f0483289b83bd0db52cf,2,burping,0.008770640008151531,0.9536496996879578,0.011915495619177818,0.012556965462863445,0.013107170350849628,original,/mnt/d/INFANT CRY/Models_dbl/Main/runs/20260821T164332Z_490383ff/fold_2/fold_2_main_dbl.keras,/mnt/d/INFANT CRY/Models_dbl/Main/runs/20260821T164332Z_490383ff/fold_2/norm_stats_main_dbl.npy,20260821T164332Z_490383ff
rec_e890ba788c3dcf653f72,/mnt/d/INFANT CRY/data_set_dbl_split/train/burping/3429_F_eh.wav,burping,sha256:70423e7702f31a644fd8efea2be20bcd5ede000dc7977bdf8e5fbcb72a26533b,2,burping,0.009953060187399387,0.9524628520011902,0.010949651710689068,0.012627597898244858,0.014006913639605045,original,/mnt/d/INFANT CRY/Models_dbl/Main/runs/20260821T164332Z_490383ff/fold_2/fold_2_main_dbl.keras,/mnt/d/INFANT CRY/Models_dbl/Main/runs/20260821T164332Z_490383ff/fold_2/norm_stats_main_dbl.npy,20260821T164332Z_490383ff
rec_af2b5d80db9b39b769a8,/mnt/d/INFANT CRY/data_set_dbl_split/train/burping/3675_M_eh.wav,burping,sha256:55e29633195bbcc79d114bf533e5fecd511fd410c7f76676057d7cbc1998aa8c,2,tired,0.014096856117248535,0.018014783039689064,0.014385820366442204,0.019709989428520203,0.9337925910949707,original,/mnt/d/INFANT CRY/Models_dbl/Main/runs/20260821T164332Z_490383ff/fold_2/fold_2_main_dbl.keras,/mnt/d/INFANT CRY/Models_dbl/Main/runs/20260821T164332Z_490383ff/fold_2/norm_stats_main_dbl.npy,20260821T164332Z_490383ff
rec_d024232db85b2dd5abc3,/mnt/d/INFANT CRY/data_set_dbl_split/train/burping/3773_M_eh.wav,burping,sha256:498177d4b6661bb796d07bc6abeb8257d967ef0f9cc5a55c3bebfb11108e41c0,2,burping,0.01157640852034092,0.943141520023346,0.015263709239661694,0.015598980709910393,0.01441940851509571,original,/mnt/d/INFANT CRY/Models_dbl/Main/runs/20260821T164332Z_490383ff/fold_2/fold_2_main_dbl.keras,/mnt/d/INFANT CRY/Models_dbl/Main/runs/20260821T164332Z_490383ff/fold_2/norm_stats_main_dbl.npy,20260821T164332Z_490383ff
rec_565dd3342f1ac221607e,/mnt/d/INFANT CRY/data_set_dbl_split/train/burping/392_M_eh.wav,burping,sha256:d1bcd099e0b0b7680f93a6323909a5856a70e1f11f34967269b45a46101c9d02,2,burping,0.010457341559231281,0.9472379684448242,0.013681759126484394,0.01572308875620365,0.012899837456643581,original,/mnt/d/INFANT CRY/Models_dbl/Main/runs/20260821T164332Z_490383ff/fold_2/fold_2_main_dbl.keras,/mnt/d/INFANT CRY/Models_dbl/Main/runs/20260821T164332Z_490383ff/fold_2/norm_stats_main_dbl.npy,20260821T164332Z_490383ff
rec_04dc1bc529be34e2194f,/mnt/d/INFANT CRY/data_set_dbl_split/train/burping/3977_F_eh.wav,burping,sha256:8b10b7ebfb5f2399ddc9918ee8ecea4c9fb33511a9404ae695769655d53fcab1,2,burping,0.011733590625226498,0.9402987360954285,0.014337083324790001,0.013439465314149857,0.020191047340631485,original,/mnt/d/INFANT CRY/Models_dbl/Main/runs/20260821T164332Z_490383ff/fold_2/fold_2_main_dbl.keras,/mnt/d/INFANT CRY/Models_dbl/Main/runs/20260821T164332Z_490383ff/fold_2/norm_stats_main_dbl.npy,20260821T164332Z_490383ff
rec_d138f7e7049b5fee47f8,/mnt/d/INFANT CRY/data_set_dbl_split/train/burping/4177_M_eh.wav,burping,sha256:b91a8cf0542b8416810f29431f1060797d119b847eb699a5909e82f53442dc1f,2,burping,0.011954021640121937,0.9421873688697815,0.01421755738556385,0.01533552072942257,0.01630544662475586,original,/mnt/d/INFANT CRY/Models_dbl/Main/runs/20260821T164332Z_490383ff/fold_2/fold_2_main_dbl.keras,/mnt/d/INFANT CRY/Models_dbl/Main/runs/20260821T164332Z_490383ff/fold_2/norm_stats_main_dbl.npy,20260821T164332Z_490383ff
rec_e4598b934b1a48c6adb8,/mnt/d/INFANT CRY/data_set_dbl_split/train/burping/4298_F_eh.wav,burping,sha256:41a9e8622c887edf83c5f0925e7f1dd0c837cabec0ac19f27ad733c7c1f41c5f,2,burping,0.011430944316089153,0.9454988837242126,0.012922889553010464,0.015632543712854385,0.01451478898525238,original,/mnt/d/INFANT CRY/Models_dbl/Main/runs/20260821T164332Z_490383ff/fold_2/fold_2_main_dbl.keras,/mnt/d/INFANT CRY/Models_dbl/Main/runs/20260821T164332Z_490383ff/fold_2/norm_stats_main_dbl.npy,20260821T164332Z_490383ff
rec_ce6d33d9d80a390b5de1,/mnt/d/INFANT CRY/data_set_dbl_split/train/burping/4580_M_eh.wav,burping,sha256:55ee6e143b4bfa4dd0988393b59f5b234248ebd11e3d87b2696ce37e4e8c86f9,2,tired,0.01047358475625515,0.011353723704814911,0.011837979778647423,0.013667400926351547,0.9526672959327698,original,/mnt/d/INFANT CRY/Models_dbl/Main/runs/20260821T164332Z_490383ff/fold_2/fold_2_main_dbl.keras,/mnt/d/INFANT CRY/Models_dbl/Main/runs/20260821T164332Z_490383ff/fold_2/norm_stats_main_dbl.npy,20260821T164332Z_490383ff
rec_9d65a63ce58da021c946,/mnt/d/INFANT CRY/data_set_dbl_split/train/burping/45_M_eh.wav,burping,sha256:e78f3437c973f6a8dc0a565871b79baca577d4560cdeecd1fea1c038e4b9ceef,2,burping,0.0106517868116498,0.9471357464790344,0.013853929936885834,0.015676220878958702,0.012682310305535793,original,/mnt/d/INFANT CRY/Models_dbl/Main/runs/20260821T164332Z_490383ff/fold_2/fold_2_main_dbl.keras,/mnt/d/INFANT CRY/Models_dbl/Main/runs/20260821T164332Z_490383ff/fold_2/norm_stats_main_dbl.npy,20260821T164332Z_490383ff
rec_553ed1bbae89167723a4,/mnt/d/INFANT CRY/data_set_dbl_split/train/burping/479_M_eh.wav,burping,sha256:3bd53ba01daac7194e495f452e3ab46c8cd639f1e104d79141f8038689bef11f,2,burping,0.011736026965081692,0.9538261294364929,0.010558435693383217,0.009485091082751751,0.01439427025616169,original,/mnt/d/INFANT CRY/Models_dbl/Main/runs/20260821T164332Z_490383ff/fold_2/fold_2_main_dbl.keras,/mnt/d/INFANT CRY/Models_dbl/Main/runs/20260821T164332Z_490383ff/fold_2/norm_stats_main_dbl.npy,20260821T164332Z_490383ff
rec_4bf2222acdcc1b555881,/mnt/d/INFANT CRY/data_set_dbl_split/train/burping/537_M_eh.wav,burping,sha256:7b146d71759b011ce8789233bce84ef253c7a74411252fc8315f9cda13ee7931,2,burping,0.011889775283634663,0.9489191770553589,0.012591005302965641,0.012112000957131386,0.014487971551716328,original,/mnt/d/INFANT CRY/Models_dbl/Main/runs/20260821T164332Z_490383ff/fold_2/fold_2_main_dbl.keras,/mnt/d/INFANT CRY/Models_dbl/Main/runs/20260821T164332Z_490383ff/fold_2/norm_stats_main_dbl.npy,20260821T164332Z_490383ff
rec_c2ca957db2b55f01ab5b,/mnt/d/INFANT CRY/data_set_dbl_split/train/burping/642_M_eh.wav,burping,sha256:23b34e86fce8d96b17c8c45042054f2b7d6ea07a404af4a377cbd2192cfd8908,2,burping,0.008495989255607128,0.9581165909767151,0.00916717667132616,0.010288289748132229,0.013931901194155216,original,/mnt/d/INFANT CRY/Models_dbl/Main/runs/20260821T164332Z_490383ff/fold_2/fold_2_main_dbl.keras,/mnt/d/INFANT CRY/Models_dbl/Main/runs/20260821T164332Z_490383ff/fold_2/norm_stats_main_dbl.npy,20260821T164332Z_490383ff
rec_1fa454041cb2b6209768,/mnt/d/INFANT CRY/data_set_dbl_split/train/burping/691_M_eh.wav,burping,sha256:0c110c55b5a3a49134b0bb8de4c3bfde88523cea2d4e999b30c9c5913f8f3953,2,burping,0.008596711792051792,0.9605794548988342,0.009095841087400913,0.009912410750985146,0.011815588921308517,original,/mnt/d/INFANT CRY/Models_dbl/Main/runs/20260821T164332Z_490383ff/fold_2/fold_2_main_dbl.keras,/mnt/d/INFANT CRY/Models_dbl/Main/runs/20260821T164332Z_490383ff/fold_2/norm_stats_main_dbl.npy,20260821T164332Z_490383ff
rec_059855a7dd9bebe2345c,/mnt/d/INFANT CRY/data_set_dbl_split/train/burping/dunstan-eh_42.wav,burping,sha256:8304456c390a84f17430306377883a4529785e24f9b0459a5fe673c91877a955,2,burping,0.009724426083266735,0.9572011232376099,0.010419253259897232,0.01007345225661993,0.012581642717123032,original,/mnt/d/INFANT CRY/Models_dbl/Main/runs/20260821T164332Z_490383ff/fold_2/fold_2_main_dbl.keras,/mnt/d/INFANT CRY/Models_dbl/Main/runs/20260821T164332Z_490383ff/fold_2/norm_stats_main_dbl.npy,20260821T164332Z_490383ff
rec_010c54dba3c33a235f36,/mnt/d/INFANT CRY/data_set_dbl_split/train/burping/dunstan-eh_56.wav,burping,sha256:837f35afb430ba512bb2c6b5b1e77c761402071e4c2b2b3eaa65d2afa5ff88ec,2,burping,0.013289997354149818,0.9384504556655884,0.011451035737991333,0.0140303373336792,0.022778186947107315,original,/mnt/d/INFANT CRY/Models_dbl/Main/runs/20260821T164332Z_490383ff/fold_2/fold_2_main_dbl.keras,/mnt/d/INFANT CRY/Models_dbl/Main/runs/20260821T164332Z_490383ff/fold_2/norm_stats_main_dbl.npy,20260821T164332Z_490383ff
rec_0db4402c199757600dc5,/mnt/d/INFANT CRY/data_set_dbl_split/train/burping/dunstan-eh_9.wav,burping,sha256:054dd527b9df7822a1b20df716c7a648fcaae14bfa4587e1f7e49fddfca41a38,2,burping,0.03584081307053566,0.7689968347549438,0.032289572060108185,0.10629682242870331,0.05657597631216049,original,/mnt/d/INFANT CRY/Models_dbl/Main/runs/20260821T164332Z_490383ff/fold_2/fold_2_main_dbl.keras,/mnt/d/INFANT CRY/Models_dbl/Main/runs/20260821T164332Z_490383ff/fold_2/norm_stats_main_dbl.npy,20260821T164332Z_490383ff
rec_1f3d7360241859021509,/mnt/d/INFANT CRY/data_set_dbl_split/train/discomfort/1192_M_heh.wav,discomfort,sha256:8ebeda400df4c56bbd724fa0a26d441c47c2e3d7ab6733df1c85e8353a2d2b86,2,discomfort,0.02682107500731945,0.3139432370662689,0.5449696183204651,0.0774516761302948,0.03681442141532898,original,/mnt/d/INFANT CRY/Models_dbl/Main/runs/20260821T164332Z_490383ff/fold_2/fold_2_main_dbl.keras,/mnt/d/INFANT CRY/Models_dbl/Main/runs/20260821T164332Z_490383ff/fold_2/norm_stats_main_dbl.npy,20260821T164332Z_490383ff
rec_6750c27eac310fed8c87,/mnt/d/INFANT CRY/data_set_dbl_split/train/discomfort/203_F_heh.wav,discomfort,sha256:e93c63d237d18eb4c17dde6a08f7a65e5f6e8c775d38b7c680982795414f042e,2,discomfort,0.020332813262939453,0.02979324571788311,0.9077109694480896,0.022892575711011887,0.019270388409495354,original,/mnt/d/INFANT CRY/Models_dbl/Main/runs/20260821T164332Z_490383ff/fold_2/fold_2_main_dbl.keras,/mnt/d/INFANT CRY/Models_dbl/Main/runs/20260821T164332Z_490383ff/fold_2/norm_stats_main_dbl.npy,20260821T164332Z_490383ff
rec_af6446fc5d9db7acb66b,/mnt/d/INFANT CRY/data_set_dbl_split/train/discomfort/2409_M_heh.wav,discomfort,sha256:916d890407f9660ca09337872241a618f99170daf506dd64744dfde453d91d18,2,tired,0.019988656044006348,0.012739992700517178,0.020840665325522423,0.030830560252070427,0.915600061416626,original,/mnt/d/INFANT CRY/Models_dbl/Main/runs/20260821T164332Z_490383ff/fold_2/fold_2_main_dbl.keras,/mnt/d/INFANT CRY/Models_dbl/Main/runs/20260821T164332Z_490383ff/fold_2/norm_stats_main_dbl.npy,20260821T164332Z_490383ff
rec_170a61ba4bff3a2d5277,/mnt/d/INFANT CRY/data_set_dbl_split/train/discomfort/2526_M_heh.wav,discomfort,sha256:2f34d7b0b1a0c2ab413e31c12a656cfe3a127a95004656a288956eb7538cc8dc,2,discomfort,0.015658728778362274,0.011830485425889492,0.9423894286155701,0.01435013860464096,0.015771236270666122,original,/mnt/d/INFANT CRY/Models_dbl/Main/runs/20260821T164332Z_490383ff/fold_2/fold_2_main_dbl.keras,/mnt/d/INFANT CRY/Models_dbl/Main/runs/20260821T164332Z_490383ff/fold_2/norm_stats_main_dbl.npy,20260821T164332Z_490383ff
rec_7d53ec14d0de07ba9f29,/mnt/d/INFANT CRY/data_set_dbl_split/train/discomfort/3083_M_heh.wav,discomfort,sha256:6ec2dd4173fb6f1b1894679a79b6b6f650df63be8652798a34b210b6a45a3d31,2,discomfort,0.01571849174797535,0.009996343404054642,0.9414098858833313,0.01800328679382801,0.014871924184262753,original,/mnt/d/INFANT CRY/Models_dbl/Main/runs/20260821T164332Z_490383ff/fold_2/fold_2_main_dbl.keras,/mnt/d/INFANT CRY/Models_dbl/Main/runs/20260821T164332Z_490383ff/fold_2/norm_stats_main_dbl.npy,20260821T164332Z_490383ff
rec_371bb1b9e4f734680eb6,/mnt/d/INFANT CRY/data_set_dbl_split/train/discomfort/3298_M_heh.wav,discomfort,sha256:93f72c0ef7c454b70f119dabac7d883d182b1bfdfef027184dfe81191dd2f03c,2,tired,0.025374412536621094,0.03567234054207802,0.10906963795423508,0.05784004554152489,0.7720435261726379,original,/mnt/d/INFANT CRY/Models_dbl/Main/runs/20260821T164332Z_490383ff/fold_2/fold_2_main_dbl.keras,/mnt/d/INFANT CRY/Models_dbl/Main/runs/20260821T164332Z_490383ff/fold_2/norm_stats_main_dbl.npy,20260821T164332Z_490383ff
rec_0d4c7e9d16ffe8d1bbff,/mnt/d/INFANT CRY/data_set_dbl_split/train/discomfort/3468_F_heh.wav,discomfort,sha256:3a4fdffc46deab4f880252a1541a8be359faf7c3051995febfffac7d291b3cdb,2,discomfort,0.050254661589860916,0.061063580214977264,0.7583526968955994,0.10112391412258148,0.029205111786723137,original,/mnt/d/INFANT CRY/Models_dbl/Main/runs/20260821T164332Z_490383ff/fold_2/fold_2_main_dbl.keras,/mnt/d/INFANT CRY/Models_dbl/Main/runs/20260821T164332Z_490383ff/fold_2/norm_stats_main_dbl.npy,20260821T164332Z_490383ff
rec_00aeffb9aa41099dc5e5,/mnt/d/INFANT CRY/data_set_dbl_split/train/discomfort/4084_M_heh.wav,discomfort,sha256:dc645c82e225c56e3371daef41208ce0b49c664c92d69472cbf319d2ddcf0663,2,discomfort,0.01431728433817625,0.008344868198037148,0.9496733546257019,0.012627477757632732,0.015037094242870808,original,/mnt/d/INFANT CRY/Models_dbl/Main/runs/20260821T164332Z_490383ff/fold_2/fold_2_main_dbl.keras,/mnt/d/INFANT CRY/Models_dbl/Main/runs/20260821T164332Z_490383ff/fold_2/norm_stats_main_dbl.npy,20260821T164332Z_490383ff
rec_0aa9e91ac3fcb2b11225,/mnt/d/INFANT CRY/data_set_dbl_split/train/discomfort/4177_M_heh.wav,discomfort,sha256:6efeef8347a3f2ac09d1676011bef7c5861aaf5be509e9a0b958b1616fa374dd,2,discomfort,0.01496987883001566,0.012462039478123188,0.9444406628608704,0.012888061814010143,0.015239293687045574,original,/mnt/d/INFANT CRY/Models_dbl/Main/runs/20260821T164332Z_490383ff/fold_2/fold_2_main_dbl.keras,/mnt/d/INFANT CRY/Models_dbl/Main/runs/20260821T164332Z_490383ff/fold_2/norm_stats_main_dbl.npy,20260821T164332Z_490383ff
rec_09d3a8609a2587658b70,/mnt/d/INFANT CRY/data_set_dbl_split/train/discomfort/4818_M_heh.wav,discomfort,sha256:46160d6e0b07ff14da62dda6cc477fcd25e2374eb630f17b2ec33fa8513c1b38,2,discomfort,0.021822432056069374,0.01789175719022751,0.8902495503425598,0.05153076350688934,0.018505459651350975,original,/mnt/d/INFANT CRY/Models_dbl/Main/runs/20260821T164332Z_490383ff/fold_2/fold_2_main_dbl.keras,/mnt/d/INFANT CRY/Models_dbl/Main/runs/20260821T164332Z_490383ff/fold_2/norm_stats_main_dbl.npy,20260821T164332Z_490383ff
rec_bb84d05c8dfb27a04662,/mnt/d/INFANT CRY/data_set_dbl_split/train/discomfort/507_M_heh.wav,discomfort,sha256:d04330d3482f96ec7a31fe2c1216d6e7ebf7bbfed78fd170836b8427ad3343b7,2,discomfort,0.019075507298111916,0.016432922333478928,0.9126132726669312,0.03449755534529686,0.017380820587277412,original,/mnt/d/INFANT CRY/Models_dbl/Main/runs/20260821T164332Z_490383ff/fold_2/fold_2_main_dbl.keras,/mnt/d/INFANT CRY/Models_dbl/Main/runs/20260821T164332Z_490383ff/fold_2/norm_stats_main_dbl.npy,20260821T164332Z_490383ff
rec_d4374ee440aee747b757,/mnt/d/INFANT CRY/data_set_dbl_split/train/discomfort/dunstan-heh_11.wav,discomfort,sha256:189cec8d650ca8dc4c6bdd0ae7a7db242c81ef999fd71cc140c7546ab6b176bd,2,discomfort,0.03673283010721207,0.04114281013607979,0.588133692741394,0.302225798368454,0.03176485374569893,original,/mnt/d/INFANT CRY/Models_dbl/Main/runs/20260821T164332Z_490383ff/fold_2/fold_2_main_dbl.keras,/mnt/d/INFANT CRY/Models_dbl/Main/runs/20260821T164332Z_490383ff/fold_2/norm_stats_main_dbl.npy,20260821T164332Z_490383ff
rec_2c14edaf86afba716162,/mnt/d/INFANT CRY/data_set_dbl_split/train/discomfort/dunstan-heh_17.wav,discomfort,sha256:50a9ba34e829cf9fcce814337fc5e5dcccb431b6ef346193863b4bf0bfe990a7,2,burping,0.011176650412380695,0.9428591132164001,0.014529639855027199,0.01624498888850212,0.015189548954367638,original,/mnt/d/INFANT CRY/Models_dbl/Main/runs/20260821T164332Z_490383ff/fold_2/fold_2_main_dbl.keras,/mnt/d/INFANT CRY/Models_dbl/Main/runs/20260821T164332Z_490383ff/fold_2/norm_stats_main_dbl.npy,20260821T164332Z_490383ff
rec_3d99f5ba8607ab46d834,/mnt/d/INFANT CRY/data_set_dbl_split/train/discomfort/dunstan-heh_6.wav,discomfort,sha256:483f687349859694d76b2ef7bcbcda62eeb8c63e5dac0ec33bcd303e6f8df8eb,2,discomfort,0.0166873037815094,0.013652818277478218,0.9394547939300537,0.014810246415436268,0.015394888818264008,original,/mnt/d/INFANT CRY/Models_dbl/Main/runs/20260821T164332Z_490383ff/fold_2/fold_2_main_dbl.keras,/mnt/d/INFANT CRY/Models_dbl/Main/runs/20260821T164332Z_490383ff/fold_2/norm_stats_main_dbl.npy,20260821T164332Z_490383ff
rec_84a379178d9f921361e0,/mnt/d/INFANT CRY/data_set_dbl_split/train/hungry/1123_F_neh.wav,hungry,sha256:2df3246c9980e7de9c9d7107db882aebd08c7f7c5f8a915006bb6d8e2c447541,2,hungry,0.0066001396626234055,0.010924892500042915,0.008200369775295258,0.9623615145683289,0.011913103982806206,original,/mnt/d/INFANT CRY/Models_dbl/Main/runs/20260821T164332Z_490383ff/fold_2/fold_2_main_dbl.keras,/mnt/d/INFANT CRY/Models_dbl/Main/runs/20260821T164332Z_490383ff/fold_2/norm_stats_main_dbl.npy,20260821T164332Z_490383ff
rec_9cac5ed43c5a7d7d1eff,/mnt/d/INFANT CRY/data_set_dbl_split/train/hungry/1200_M_neh.wav,hungry,sha256:59fd3681f53155b7f3316a976ce6938e2f195bb38b3cf02e838ba47ff130dcb3,2,hungry,0.007044253405183554,0.010801255702972412,0.007676849607378244,0.9632642865180969,0.011213403195142746,original,/mnt/d/INFANT CRY/Models_dbl/Main/runs/20260821T164332Z_490383ff/fold_2/fold_2_main_dbl.keras,/mnt/d/INFANT CRY/Models_dbl/Main/runs/20260821T164332Z_490383ff/fold_2/norm_stats_main_dbl.npy,20260821T164332Z_490383ff
rec_572209fcf4431574a106,/mnt/d/INFANT CRY/data_set_dbl_split/train/hungry/1221_M_neh.wav,hungry,sha256:ff4e50e3cf963fd9b524c5d60afaf98e5b312dc6e9f72e1d6ca02446963f4b60,2,hungry,0.009350092150270939,0.01398162916302681,0.010472400113940239,0.9510658383369446,0.0151300560683012,original,/mnt/d/INFANT CRY/Models_dbl/Main/runs/20260821T164332Z_490383ff/fold_2/fold_2_main_dbl.keras,/mnt/d/INFANT CRY/Models_dbl/Main/runs/20260821T164332Z_490383ff/fold_2/norm_stats_main_dbl.npy,20260821T164332Z_490383ff
rec_ad350495db62eea85e85,/mnt/d/INFANT CRY/data_set_dbl_split/train/hungry/1236_M_neh.wav,hungry,sha256:758ece585185de98c98b211430972692820c1b19672319535954691889291b7e,2,hungry,0.018722860142588615,0.01745082624256611,0.023133255541324615,0.8623049855232239,0.07838814705610275,original,/mnt/d/INFANT CRY/Models_dbl/Main/runs/20260821T164332Z_490383ff/fold_2/fold_2_main_dbl.keras,/mnt/d/INFANT CRY/Models_dbl/Main/runs/20260821T164332Z_490383ff/fold_2/norm_stats_main_dbl.npy,20260821T164332Z_490383ff
rec_5b29661d9ab4ae4541b2,/mnt/d/INFANT CRY/data_set_dbl_split/train/hungry/1614_M_neh.wav,hungry,sha256:98c9c1ac8cee31454649873912971dc66a1ebe7ae296070412f3572070358651,2,hungry,0.006937334313988686,0.010417107492685318,0.008558608591556549,0.9594447612762451,0.014642138034105301,original,/mnt/d/INFANT CRY/Models_dbl/Main/runs/20260821T164332Z_490383ff/fold_2/fold_2_main_dbl.keras,/mnt/d/INFANT CRY/Models_dbl/Main/runs/20260821T164332Z_490383ff/fold_2/norm_stats_main_dbl.npy,20260821T164332Z_490383ff
rec_d478f03cf1d2daecb690,/mnt/d/INFANT CRY/data_set_dbl_split/train/hungry/2011_M_neh.wav,hungry,sha256:e572150007280018b3974e96852fa699e4c5015dbf2529ab2a1d63547025588d,2,hungry,0.3873544931411743,0.02930297516286373,0.03574458509683609,0.5020566582679749,0.045541271567344666,original,/mnt/d/INFANT CRY/Models_dbl/Main/runs/20260821T164332Z_490383ff/fold_2/fold_2_main_dbl.keras,/mnt/d/INFANT CRY/Models_dbl/Main/runs/20260821T164332Z_490383ff/fold_2/norm_stats_main_dbl.npy,20260821T164332Z_490383ff
rec_5f1156e4903ab6fe46cc,/mnt/d/INFANT CRY/data_set_dbl_split/train/hungry/2144_M_neh.wav,hungry,sha256:e99b6c5655ef16efacfaf5e4cdc4030ee118604370d8bf82eae49d2b26596e25,2,hungry,0.006172109395265579,0.009145273827016354,0.008607794530689716,0.9622572064399719,0.013817659579217434,original,/mnt/d/INFANT CRY/Models_dbl/Main/runs/20260821T164332Z_490383ff/fold_2/fold_2_main_dbl.keras,/mnt/d/INFANT CRY/Models_dbl/Main/runs/20260821T164332Z_490383ff/fold_2/norm_stats_main_dbl.npy,20260821T164332Z_490383ff
rec_dd2ecfc5b21bcd086e19,/mnt/d/INFANT CRY/data_set_dbl_split/train/hungry/2245_F_neh.wav,hungry,sha256:ee88073524834bdca165fa2854649a1915783d51378c671e8b0877fa6b50e339,2,hungry,0.008303402923047543,0.011219171807169914,0.009227767586708069,0.9559264183044434,0.015323239378631115,original,/mnt/d/INFANT CRY/Models_dbl/Main/runs/20260821T164332Z_490383ff/fold_2/fold_2_main_dbl.keras,/mnt/d/INFANT CRY/Models_dbl/Main/runs/20260821T164332Z_490383ff/fold_2/norm_stats_main_dbl.npy,20260821T164332Z_490383ff
rec_d4767218d9010329825d,/mnt/d/INFANT CRY/data_set_dbl_split/train/hungry/2550_M_neh.wav,hungry,sha256:4d4befbd03bf30816d9c767fb97f501e0e1eeed542a6f189abbabaa240af0000,2,hungry,0.01264709047973156,0.01072821207344532,0.011815621517598629,0.9518647789955139,0.012944284826517105,original,/mnt/d/INFANT CRY/Models_dbl/Main/runs/20260821T164332Z_490383ff/fold_2/fold_2_main_dbl.keras,/mnt/d/INFANT CRY/Models_dbl/Main/runs/20260821T164332Z_490383ff/fold_2/norm_stats_main_dbl.npy,20260821T164332Z_490383ff
rec_bbd412cfa7ef42afdb4b,/mnt/d/INFANT CRY/data_set_dbl_split/train/hungry/25_M_neh.wav,hungry,sha256:fd71098dce7e2ec73b4447c76b602809dc2a209b24471791444bd1a85cb3de3f,2,hungry,0.00612786365672946,0.008810286410152912,0.008511562831699848,0.9640823602676392,0.012467874214053154,original,/mnt/d/INFANT CRY/Models_dbl/Main/runs/20260821T164332Z_490383ff/fold_2/fold_2_main_dbl.keras,/mnt/d/INFANT CRY/Models_dbl/Main/runs/20260821T164332Z_490383ff/fold_2/norm_stats_main_dbl.npy,20260821T164332Z_490383ff
rec_8038bcb6a3c1394cbc91,/mnt/d/INFANT CRY/data_set_dbl_split/train/hungry/2613_M_neh.wav,hungry,sha256:bf8cc39b4dd22e4ae4ac50f7b585031e58cd4207482ef563205eb7eb340cea86,2,hungry,0.0138600654900074,0.03806538134813309,0.024651633575558662,0.9006016254425049,0.022821268066763878,original,/mnt/d/INFANT CRY/Models_dbl/Main/runs/20260821T164332Z_490383ff/fold_2/fold_2_main_dbl.keras,/mnt/d/INFANT CRY/Models_dbl/Main/runs/20260821T164332Z_490383ff/fold_2/norm_stats_main_dbl.npy,20260821T164332Z_490383ff
rec_7d34a6ff4cab4dc795fd,/mnt/d/INFANT CRY/data_set_dbl_split/train/hungry/3451_M_neh.wav,hungry,sha256:ee8e5f3fff4f2700a00748bfdffb282ddd4ebdb494e7918b26fcc632d76c1e4b,2,hungry,0.1694348156452179,0.02971736527979374,0.019969740882515907,0.7247369885444641,0.05614103004336357,original,/mnt/d/INFANT CRY/Models_dbl/Main/runs/20260821T164332Z_490383ff/fold_2/fold_2_main_dbl.keras,/mnt/d/INFANT CRY/Models_dbl/Main/runs/20260821T164332Z_490383ff/fold_2/norm_stats_main_dbl.npy,20260821T164332Z_490383ff
rec_7523b8e66b4d3ccafefe,/mnt/d/INFANT CRY/data_set_dbl_split/train/hungry/354_M_neh.wav,hungry,sha256:ebc9334ebdeae1a854e73fafe028cc159808a96d160f7cef8befd1f0a2f74b80,2,tired,0.02255520597100258,0.03131669759750366,0.02018083445727825,0.03138009086251259,0.8945671916007996,original,/mnt/d/INFANT CRY/Models_dbl/Main/runs/20260821T164332Z_490383ff/fold_2/fold_2_main_dbl.keras,/mnt/d/INFANT CRY/Models_dbl/Main/runs/20260821T164332Z_490383ff/fold_2/norm_stats_main_dbl.npy,20260821T164332Z_490383ff
rec_d9f72db0ab671c11e601,/mnt/d/INFANT CRY/data_set_dbl_split/train/hungry/3800_M_neh.wav,hungry,sha256:532f1ad8aa41cbdda10f1a2dded06af106b8c33512e5316cf0ece3d088320c88,2,hungry,0.005792679265141487,0.008308161981403828,0.007847360335290432,0.9662889838218689,0.011762792244553566,original,/mnt/d/INFANT CRY/Models_dbl/Main/runs/20260821T164332Z_490383ff/fold_2/fold_2_main_dbl.keras,/mnt/d/INFANT CRY/Models_dbl/Main/runs/20260821T164332Z_490383ff/fold_2/norm_stats_main_dbl.npy,20260821T164332Z_490383ff
rec_85357352a774e2f015c1,/mnt/d/INFANT CRY/data_set_dbl_split/train/hungry/3809_M_neh.wav,hungry,sha256:95bf45a5f3c62eb6321df442d9003209b6e7d453968037fbbf0ab6872caca841,2,tired,0.055462487041950226,0.3215736150741577,0.035310544073581696,0.056118614971637726,0.5315347909927368,original,/mnt/d/INFANT CRY/Models_dbl/Main/runs/20260821T164332Z_490383ff/fold_2/fold_2_main_dbl.keras,/mnt/d/INFANT CRY/Models_dbl/Main/runs/20260821T164332Z_490383ff/fold_2/norm_stats_main_dbl.npy,20260821T164332Z_490383ff
rec_751f261c8b1f00b3e786,/mnt/d/INFANT CRY/data_set_dbl_split/train/hungry/4055_M_neh.wav,hungry,sha256:cbc123eb07ce7b13678fd2c6c57819f167c2ff0c45de9d120b772751bc2165ec,2,hungry,0.006985864136368036,0.010500133968889713,0.007607349194586277,0.9634830951690674,0.01142351794987917,original,/mnt/d/INFANT CRY/Models_dbl/Main/runs/20260821T164332Z_490383ff/fold_2/fold_2_main_dbl.keras,/mnt/d/INFANT CRY/Models_dbl/Main/runs/20260821T164332Z_490383ff/fold_2/norm_stats_main_dbl.npy,20260821T164332Z_490383ff
rec_3089f948268829e76e78,/mnt/d/INFANT CRY/data_set_dbl_split/train/hungry/4171_F_neh.wav,hungry,sha256:16557ef8978000c62dbe981081b48f8a592cbb5a05118852ff099e5e1972b886,2,hungry,0.008714763447642326,0.010907209478318691,0.011553293094038963,0.9559410214424133,0.012883794493973255,original,/mnt/d/INFANT CRY/Models_dbl/Main/runs/20260821T164332Z_490383ff/fold_2/fold_2_main_dbl.keras,/mnt/d/INFANT CRY/Models_dbl/Main/runs/20260821T164332Z_490383ff/fold_2/norm_stats_main_dbl.npy,20260821T164332Z_490383ff
rec_2cfbeb91a2cd57cedc7d,/mnt/d/INFANT CRY/data_set_dbl_split/train/hungry/4300_M_neh.wav,hungry,sha256:98457ab2ac6fc706aa37632ffe6ed460d107a5a3a920040de75ed0d38b1af922,2,burping,0.019455749541521072,0.9095299243927002,0.03270425647497177,0.022034084424376488,0.01627589948475361,original,/mnt/d/INFANT CRY/Models_dbl/Main/runs/20260821T164332Z_490383ff/fold_2/fold_2_main_dbl.keras,/mnt/d/INFANT CRY/Models_dbl/Main/runs/20260821T164332Z_490383ff/fold_2/norm_stats_main_dbl.npy,20260821T164332Z_490383ff
rec_6a6e66f89a8a4d5d6593,/mnt/d/INFANT CRY/data_set_dbl_split/train/hungry/4908_M_neh.wav,hungry,sha256:e2cdafb6cec71ac00d2df6b292b2f3468537b2c186ff3e80f1e1068c9536edd1,2,hungry,0.0070245456881821156,0.01151543203741312,0.010035723447799683,0.958104133605957,0.013320143334567547,original,/mnt/d/INFANT CRY/Models_dbl/Main/runs/20260821T164332Z_490383ff/fold_2/fold_2_main_dbl.keras,/mnt/d/INFANT CRY/Models_dbl/Main/runs/20260821T164332Z_490383ff/fold_2/norm_stats_main_dbl.npy,20260821T164332Z_490383ff
rec_d9b715561d9eec5d8809,/mnt/d/INFANT CRY/data_set_dbl_split/train/hungry/754_M_neh.wav,hungry,sha256:8a2d8e3368ec44df5b67f4889b9449668b8836267cd570096a8adcac13b161e9,2,hungry,0.006714820396155119,0.01010157074779272,0.00860527902841568,0.962209165096283,0.012369086034595966,original,/mnt/d/INFANT CRY/Models_dbl/Main/runs/20260821T164332Z_490383ff/fold_2/fold_2_main_dbl.keras,/mnt/d/INFANT CRY/Models_dbl/Main/runs/20260821T164332Z_490383ff/fold_2/norm_stats_main_dbl.npy,20260821T164332Z_490383ff
rec_93046bbf5c1dea64bf5e,/mnt/d/INFANT CRY/data_set_dbl_split/train/hungry/833_M_neh.wav,hungry,sha256:28e36805810caac46fdb3f5c9098606f303e01dead832b92af1aff97b730a3d9,2,hungry,0.006719160359352827,0.011298817582428455,0.009089459665119648,0.957851231098175,0.015041296370327473,original,/mnt/d/INFANT CRY/Models_dbl/Main/runs/20260821T164332Z_490383ff/fold_2/fold_2_main_dbl.keras,/mnt/d/INFANT CRY/Models_dbl/Main/runs/20260821T164332Z_490383ff/fold_2/norm_stats_main_dbl.npy,20260821T164332Z_490383ff
rec_f1ad9019670692fe6b00,/mnt/d/INFANT CRY/data_set_dbl_split/train/hungry/926_M_neh.wav,hungry,sha256:e6f47e4143471a3cf208a78fbdd82cc6f69231171b1db8d020df40cdb0e3fb69,2,hungry,0.0075848288834095,0.014171766117215157,0.011599736288189888,0.9499867558479309,0.016656948253512383,original,/mnt/d/INFANT CRY/Models_dbl/Main/runs/20260821T164332Z_490383ff/fold_2/fold_2_main_dbl.keras,/mnt/d/INFANT CRY/Models_dbl/Main/runs/20260821T164332Z_490383ff/fold_2/norm_stats_main_dbl.npy,20260821T164332Z_490383ff
rec_35a8fd627f0a52683c6c,/mnt/d/INFANT CRY/data_set_dbl_split/train/hungry/961_M_neh.wav,hungry,sha256:d687d61fd0b9512cf8b653c14bc67e31d1111e22b8237155e91fcc09a28f6fc5,2,hungry,0.007812089286744595,0.014874319545924664,0.010557243600487709,0.9504547119140625,0.016301577910780907,original,/mnt/d/INFANT CRY/Models_dbl/Main/runs/20260821T164332Z_490383ff/fold_2/fold_2_main_dbl.keras,/mnt/d/INFANT CRY/Models_dbl/Main/runs/20260821T164332Z_490383ff/fold_2/norm_stats_main_dbl.npy,20260821T164332Z_490383ff
rec_72f731ddb6a072d3ab85,/mnt/d/INFANT CRY/data_set_dbl_split/train/hungry/964_M_neh.wav,hungry,sha256:64b1b539ad30edf15bb007eb46106288a26b42d7555cf47a64984e24c3fefb5f,2,hungry,0.007109134923666716,0.010628025978803635,0.008186955004930496,0.9598413109779358,0.014234510250389576,original,/mnt/d/INFANT CRY/Models_dbl/Main/runs/20260821T164332Z_490383ff/fold_2/fold_2_main_dbl.keras,/mnt/d/INFANT CRY/Models_dbl/Main/runs/20260821T164332Z_490383ff/fold_2/norm_stats_main_dbl.npy,20260821T164332Z_490383ff
rec_e55a34a72fedfd7e840d,/mnt/d/INFANT CRY/data_set_dbl_split/train/hungry/dunstan-neh_12.wav,hungry,sha256:c4b9c285e37c2db1d9fec3d870017b30ed1596a2dfe545434d534f81652df800,2,hungry,0.15182340145111084,0.02740926668047905,0.02524675615131855,0.6491479873657227,0.14637254178524017,original,/mnt/d/INFANT CRY/Models_dbl/Main/runs/20260821T164332Z_490383ff/fold_2/fold_2_main_dbl.keras,/mnt/d/INFANT CRY/Models_dbl/Main/runs/20260821T164332Z_490383ff/fold_2/norm_stats_main_dbl.npy,20260821T164332Z_490383ff
rec_555a26837bdc5dd6c14e,/mnt/d/INFANT CRY/data_set_dbl_split/train/hungry/dunstan-neh_13.wav,hungry,sha256:7cb6d3b65bbd1b8fc04a209719574b057b7fbe76caebadea2d06083677f2e800,2,hungry,0.1404603123664856,0.02681105211377144,0.024802058935165405,0.6697996258735657,0.138126939535141,original,/mnt/d/INFANT CRY/Models_dbl/Main/runs/20260821T164332Z_490383ff/fold_2/fold_2_main_dbl.keras,/mnt/d/INFANT CRY/Models_dbl/Main/runs/20260821T164332Z_490383ff/fold_2/norm_stats_main_dbl.npy,20260821T164332Z_490383ff
rec_882649d0e1d9fb0fbaf3,/mnt/d/INFANT CRY/data_set_dbl_split/train/hungry/dunstan-neh_16.wav,hungry,sha256:f9ee0e6716e9067458baa3782da80c38e92a23f9c97112eb95e9afc5fa9a0be8,2,tired,0.06488627940416336,0.02288389578461647,0.030963459983468056,0.15692752599716187,0.7243388295173645,original,/mnt/d/INFANT CRY/Models_dbl/Main/runs/20260821T164332Z_490383ff/fold_2/fold_2_main_dbl.keras,/mnt/d/INFANT CRY/Models_dbl/Main/runs/20260821T164332Z_490383ff/fold_2/norm_stats_main_dbl.npy,20260821T164332Z_490383ff
rec_9007bb06e8ab85215018,/mnt/d/INFANT CRY/data_set_dbl_split/train/hungry/dunstan-neh_19.wav,hungry,sha256:3d06a247d1c62d99e1d22b2a80d2328ba3eec98f15b4cdc31afa9d27c06c5b34,2,hungry,0.037921540439128876,0.02078974060714245,0.04330696910619736,0.7806618809700012,0.11731981486082077,original,/mnt/d/INFANT CRY/Models_dbl/Main/runs/20260821T164332Z_490383ff/fold_2/fold_2_main_dbl.keras,/mnt/d/INFANT CRY/Models_dbl/Main/runs/20260821T164332Z_490383ff/fold_2/norm_stats_main_dbl.npy,20260821T164332Z_490383ff
rec_dc065ea30d88d9440e77,/mnt/d/INFANT CRY/data_set_dbl_split/train/hungry/dunstan-neh_27.wav,hungry,sha256:2ffae04de236c7819dc8c7f5ba82c29784dcf18f40411bea719bc4fce98b05c0,2,hungry,0.0065992483869194984,0.009884200058877468,0.008710850030183792,0.9600037932395935,0.014801942743360996,original,/mnt/d/INFANT CRY/Models_dbl/Main/runs/20260821T164332Z_490383ff/fold_2/fold_2_main_dbl.keras,/mnt/d/INFANT CRY/Models_dbl/Main/runs/20260821T164332Z_490383ff/fold_2/norm_stats_main_dbl.npy,20260821T164332Z_490383ff
rec_3bae5630f154084da71f,/mnt/d/INFANT CRY/data_set_dbl_split/train/hungry/dunstan-neh_29.wav,hungry,sha256:1317b4a1223e9c43ed322ff442b5cb8340fa19a7625572ff3f03d473782ccb48,2,hungry,0.007957045920193195,0.010703347623348236,0.009255513548851013,0.9577597975730896,0.014324423857033253,original,/mnt/d/INFANT CRY/Models_dbl/Main/runs/20260821T164332Z_490383ff/fold_2/fold_2_main_dbl.keras,/mnt/d/INFANT CRY/Models_dbl/Main/runs/20260821T164332Z_490383ff/fold_2/norm_stats_main_dbl.npy,20260821T164332Z_490383ff
rec_76cce5732b0faa68e759,/mnt/d/INFANT CRY/data_set_dbl_split/train/hungry/dunstan-neh_41.wav,hungry,sha256:7bed8495e0b72869368bf27cdf9a4306e05950ac0cec74f783d9bb66f4b416ae,2,hungry,0.007979168556630611,0.01227498147636652,0.00971025787293911,0.9561552405357361,0.013880329206585884,original,/mnt/d/INFANT CRY/Models_dbl/Main/runs/20260821T164332Z_490383ff/fold_2/fold_2_main_dbl.keras,/mnt/d/INFANT CRY/Models_dbl/Main/runs/20260821T164332Z_490383ff/fold_2/norm_stats_main_dbl.npy,20260821T164332Z_490383ff
rec_eb9ed8eb0009e46de602,/mnt/d/INFANT CRY/data_set_dbl_split/train/hungry/dunstan-neh_60.wav,hungry,sha256:1aceab22c814ea0fdd687221ac302aa60ee2f85767e3a902d7eb6223f30d77b6,2,hungry,0.013256276026368141,0.017919814214110374,0.016757342964410782,0.9316376447677612,0.02042895182967186,original,/mnt/d/INFANT CRY/Models_dbl/Main/runs/20260821T164332Z_490383ff/fold_2/fold_2_main_dbl.keras,/mnt/d/INFANT CRY/Models_dbl/Main/runs/20260821T164332Z_490383ff/fold_2/norm_stats_main_dbl.npy,20260821T164332Z_490383ff
rec_8c41c5b0acdc8a731703,/mnt/d/INFANT CRY/data_set_dbl_split/train/hungry/dunstan-neh_65.wav,hungry,sha256:c392c74a0367839564d5a5daf80187583c745200d319ddd985f20a619c10309a,2,hungry,0.010755548253655434,0.019838847219944,0.014807148836553097,0.9339718222618103,0.020626569166779518,original,/mnt/d/INFANT CRY/Models_dbl/Main/runs/20260821T164332Z_490383ff/fold_2/fold_2_main_dbl.keras,/mnt/d/INFANT CRY/Models_dbl/Main/runs/20260821T164332Z_490383ff/fold_2/norm_stats_main_dbl.npy,20260821T164332Z_490383ff
rec_f762e9be1b2e746236f8,/mnt/d/INFANT CRY/data_set_dbl_split/train/tired/1147_M_owh.wav,tired,sha256:7e1326e4b9942c8b7e7c05727d0eea0a539c0253f8c8cc2c2e018f67b99232a6,2,tired,0.009435128420591354,0.009434372186660767,0.01063782349228859,0.010890600271522999,0.9596020579338074,original,/mnt/d/INFANT CRY/Models_dbl/Main/runs/20260821T164332Z_490383ff/fold_2/fold_2_main_dbl.keras,/mnt/d/INFANT CRY/Models_dbl/Main/runs/20260821T164332Z_490383ff/fold_2/norm_stats_main_dbl.npy,20260821T164332Z_490383ff
rec_eaa84801d321692db46e,/mnt/d/INFANT CRY/data_set_dbl_split/train/tired/1170_M_owh.wav,tired,sha256:e0fef5edea1b0180e8b42ffd453909a07da1cbebc28c7f5ec2675bad1af58e68,2,tired,0.00849255733191967,0.01163271814584732,0.010696385987102985,0.009844626300036907,0.9593337178230286,original,/mnt/d/INFANT CRY/Models_dbl/Main/runs/20260821T164332Z_490383ff/fold_2/fold_2_main_dbl.keras,/mnt/d/INFANT CRY/Models_dbl/Main/runs/20260821T164332Z_490383ff/fold_2/norm_stats_main_dbl.npy,20260821T164332Z_490383ff
rec_71dd61ec0a843f9ecf0c,/mnt/d/INFANT CRY/data_set_dbl_split/train/tired/1175_M_owh.wav,tired,sha256:c98684c4a49ecb823e4ce108c119f9df4c6022db98727cc4b09c5d5776ec7a33,2,tired,0.014177341014146805,0.010411510244011879,0.012060735374689102,0.015198016539216042,0.9481524229049683,original,/mnt/d/INFANT CRY/Models_dbl/Main/runs/20260821T164332Z_490383ff/fold_2/fold_2_main_dbl.keras,/mnt/d/INFANT CRY/Models_dbl/Main/runs/20260821T164332Z_490383ff/fold_2/norm_stats_main_dbl.npy,20260821T164332Z_490383ff
rec_8da7ea2cb2103f154e91,/mnt/d/INFANT CRY/data_set_dbl_split/train/tired/1278_M_owh.wav,tired,sha256:417ca087709adbf6b2d79c6c2d56e6089ada87fa923b8d45c0987d3b8c90ed82,2,tired,0.008980377577245235,0.010644862428307533,0.011575138196349144,0.010789740830659866,0.9580098390579224,original,/mnt/d/INFANT CRY/Models_dbl/Main/runs/20260821T164332Z_490383ff/fold_2/fold_2_main_dbl.keras,/mnt/d/INFANT CRY/Models_dbl/Main/runs/20260821T164332Z_490383ff/fold_2/norm_stats_main_dbl.npy,20260821T164332Z_490383ff
rec_3b0e1c3df64b104e9758,/mnt/d/INFANT CRY/data_set_dbl_split/train/tired/1309_M_owh.wav,tired,sha256:7ef758599353e5db2c34f3948c942b982109ba5276b57307db98fcce7c407f81,2,tired,0.012854083441197872,0.01009482890367508,0.01283202413469553,0.017628762871026993,0.94659024477005,original,/mnt/d/INFANT CRY/Models_dbl/Main/runs/20260821T164332Z_490383ff/fold_2/fold_2_main_dbl.keras,/mnt/d/INFANT CRY/Models_dbl/Main/runs/20260821T164332Z_490383ff/fold_2/norm_stats_main_dbl.npy,20260821T164332Z_490383ff
rec_5807a531d39cade4cc44,/mnt/d/INFANT CRY/data_set_dbl_split/train/tired/1467_M_owh.wav,tired,sha256:69140e925600f517f6d8e5e968b212af20fef301febbb914c8ba3e7fe39324ba,2,tired,0.011692933738231659,0.01326989196240902,0.013395216315984726,0.019329875707626343,0.9423120617866516,original,/mnt/d/INFANT CRY/Models_dbl/Main/runs/20260821T164332Z_490383ff/fold_2/fold_2_main_dbl.keras,/mnt/d/INFANT CRY/Models_dbl/Main/runs/20260821T164332Z_490383ff/fold_2/norm_stats_main_dbl.npy,20260821T164332Z_490383ff
rec_c0d5840a2c2a44b0286c,/mnt/d/INFANT CRY/data_set_dbl_split/train/tired/1477_M_owh.wav,tired,sha256:0cad4e3d20e30215eeb2533d972f90aeaeccfb75d6d7e69cad476017a5eef7bf,2,tired,0.01195153035223484,0.013481777161359787,0.012144208885729313,0.021838592365384102,0.9405839443206787,original,/mnt/d/INFANT CRY/Models_dbl/Main/runs/20260821T164332Z_490383ff/fold_2/fold_2_main_dbl.keras,/mnt/d/INFANT CRY/Models_dbl/Main/runs/20260821T164332Z_490383ff/fold_2/norm_stats_main_dbl.npy,20260821T164332Z_490383ff
rec_47309942b1070056b9ed,/mnt/d/INFANT CRY/data_set_dbl_split/train/tired/1505_M_owh.wav,tired,sha256:62623fbcabe3221e5187068b470c0ac0e7ff35a2e2aac0965b1cf2d1b5ee07c7,2,tired,0.009627928957343102,0.010782979428768158,0.010479421354830265,0.014952420257031918,0.9541572332382202,original,/mnt/d/INFANT CRY/Models_dbl/Main/runs/20260821T164332Z_490383ff/fold_2/fold_2_main_dbl.keras,/mnt/d/INFANT CRY/Models_dbl/Main/runs/20260821T164332Z_490383ff/fold_2/norm_stats_main_dbl.npy,20260821T164332Z_490383ff
rec_33c9c739e8bde25b2dfe,/mnt/d/INFANT CRY/data_set_dbl_split/train/tired/1527_M_owh.wav,tired,sha256:7a034be95fd9a7612bea7cbb3a1e01a2d199140269e9a5d3e7b9aebc3f9be620,2,tired,0.00953274592757225,0.010857084766030312,0.011229482479393482,0.012937151826918125,0.9554435610771179,original,/mnt/d/INFANT CRY/Models_dbl/Main/runs/20260821T164332Z_490383ff/fold_2/fold_2_main_dbl.keras,/mnt/d/INFANT CRY/Models_dbl/Main/runs/20260821T164332Z_490383ff/fold_2/norm_stats_main_dbl.npy,20260821T164332Z_490383ff
rec_ade9d37215e105627b75,/mnt/d/INFANT CRY/data_set_dbl_split/train/tired/1539_M_owh.wav,tired,sha256:5580be18cc26814e82f3cdb4bf307682a41cbe920a0a2c9df85630ac14f1d633,2,tired,0.06547646224498749,0.02198154106736183,0.027273496612906456,0.0653362050652504,0.8199323415756226,original,/mnt/d/INFANT CRY/Models_dbl/Main/runs/20260821T164332Z_490383ff/fold_2/fold_2_main_dbl.keras,/mnt/d/INFANT CRY/Models_dbl/Main/runs/20260821T164332Z_490383ff/fold_2/norm_stats_main_dbl.npy,20260821T164332Z_490383ff
rec_2303bec8201142fee34f,/mnt/d/INFANT CRY/data_set_dbl_split/train/tired/1551_F_owh.wav,tired,sha256:e2e51405c4f5541282f428081bb9d47504a570f53c08642a9e2c6ac62ae9ffcb,2,tired,0.014451533555984497,0.012008286081254482,0.015186788514256477,0.027999628335237503,0.9303537607192993,original,/mnt/d/INFANT CRY/Models_dbl/Main/runs/20260821T164332Z_490383ff/fold_2/fold_2_main_dbl.keras,/mnt/d/INFANT CRY/Models_dbl/Main/runs/20260821T164332Z_490383ff/fold_2/norm_stats_main_dbl.npy,20260821T164332Z_490383ff
rec_d0301a50570032ee57e5,/mnt/d/INFANT CRY/data_set_dbl_split/train/tired/1629_F_owh.wav,tired,sha256:9bdcc7c8579e3c6cf21c37a9a3f10809d08a80af1fec1da24a3c783e544ca48d,2,tired,0.010880199261009693,0.011822030879557133,0.012651885859668255,0.017273027449846268,0.9473729133605957,original,/mnt/d/INFANT CRY/Models_dbl/Main/runs/20260821T164332Z_490383ff/fold_2/fold_2_main_dbl.keras,/mnt/d/INFANT CRY/Models_dbl/Main/runs/20260821T164332Z_490383ff/fold_2/norm_stats_main_dbl.npy,20260821T164332Z_490383ff
rec_afb181f3cad6d35b6e54,/mnt/d/INFANT CRY/data_set_dbl_split/train/tired/1671_F_owh.wav,tired,sha256:88cfcdea27c0a8d8263f1423cd30259d20a1f48e1910f80745987f618424fb86,2,tired,0.010160604491829872,0.010679592378437519,0.01212681271135807,0.013825922273099422,0.9532070159912109,original,/mnt/d/INFANT CRY/Models_dbl/Main/runs/20260821T164332Z_490383ff/fold_2/fold_2_main_dbl.keras,/mnt/d/INFANT CRY/Models_dbl/Main/runs/20260821T164332Z_490383ff/fold_2/norm_stats_main_dbl.npy,20260821T164332Z_490383ff
rec_6d53ea377585cd358595,/mnt/d/INFANT CRY/data_set_dbl_split/train/tired/1703_M_owh.wav,tired,sha256:c85814665c128518f5502fac1c54b853b4caaa3422b267f452b68680cf13dce5,2,tired,0.009065304882824421,0.01138274371623993,0.009992922656238079,0.009965290315449238,0.9595937132835388,original,/mnt/d/INFANT CRY/Models_dbl/Main/runs/20260821T164332Z_490383ff/fold_2/fold_2_main_dbl.keras,/mnt/d/INFANT CRY/Models_dbl/Main/runs/20260821T164332Z_490383ff/fold_2/norm_stats_main_dbl.npy,20260821T164332Z_490383ff
rec_c4e0473e57cb803e190b,/mnt/d/INFANT CRY/data_set_dbl_split/train/tired/1737_M_owh.wav,tired,sha256:1f6f007bbff100c160f8793c02365efddce9d5364f69567315074c5c26802f47,2,tired,0.015221033245325089,0.011556974612176418,0.0185311920940876,0.02424270287156105,0.930448055267334,original,/mnt/d/INFANT CRY/Models_dbl/Main/runs/20260821T164332Z_490383ff/fold_2/fold_2_main_dbl.keras,/mnt/d/INFANT CRY/Models_dbl/Main/runs/20260821T164332Z_490383ff/fold_2/norm_stats_main_dbl.npy,20260821T164332Z_490383ff
rec_3302345d89eba27a1c22,/mnt/d/INFANT CRY/data_set_dbl_split/train/tired/1872_F_owh.wav,tired,sha256:0ce1279d917848cb418e9c0aeef154e65f14785e96409e0f872dab2a2b5c2130,2,tired,0.00942764338105917,0.01036542933434248,0.011489931493997574,0.011638072319328785,0.9570788741111755,original,/mnt/d/INFANT CRY/Models_dbl/Main/runs/20260821T164332Z_490383ff/fold_2/fold_2_main_dbl.keras,/mnt/d/INFANT CRY/Models_dbl/Main/runs/20260821T164332Z_490383ff/fold_2/norm_stats_main_dbl.npy,20260821T164332Z_490383ff
rec_c3eea0f635a2a109d937,/mnt/d/INFANT CRY/data_set_dbl_split/train/tired/1882_M_owh.wav,tired,sha256:f51cb73ac6109ca78d4a45f3214b94c856f03119716dfd9b82b5ecc5231ee277,2,tired,0.013166985474526882,0.015475607477128506,0.013717802241444588,0.019585827365517616,0.9380537867546082,original,/mnt/d/INFANT CRY/Models_dbl/Main/runs/20260821T164332Z_490383ff/fold_2/fold_2_main_dbl.keras,/mnt/d/INFANT CRY/Models_dbl/Main/runs/20260821T164332Z_490383ff/fold_2/norm_stats_main_dbl.npy,20260821T164332Z_490383ff
rec_233d5e27810c8deeabdf,/mnt/d/INFANT CRY/data_set_dbl_split/train/tired/1953_M_owh.wav,tired,sha256:a4cc65635885366f47945c8f902e13506dbac4f5df15762a428c6a20914e7891,2,tired,0.010849724523723125,0.011951194144785404,0.01242491789162159,0.014237144030630589,0.9505370259284973,original,/mnt/d/INFANT CRY/Models_dbl/Main/runs/20260821T164332Z_490383ff/fold_2/fold_2_main_dbl.keras,/mnt/d/INFANT CRY/Models_dbl/Main/runs/20260821T164332Z_490383ff/fold_2/norm_stats_main_dbl.npy,20260821T164332Z_490383ff
rec_7beed2f33fe7b4e9f141,/mnt/d/INFANT CRY/data_set_dbl_split/train/tired/1989_M_owh.wav,tired,sha256:9ebbcc850d7d261dae088310b870f32fc5c2f0acbf388dc1047d11c8694688e5,2,tired,0.014075053855776787,0.014107266440987587,0.015826957300305367,0.024371474981307983,0.9316192269325256,original,/mnt/d/INFANT CRY/Models_dbl/Main/runs/20260821T164332Z_490383ff/fold_2/fold_2_main_dbl.keras,/mnt/d/INFANT CRY/Models_dbl/Main/runs/20260821T164332Z_490383ff/fold_2/norm_stats_main_dbl.npy,20260821T164332Z_490383ff
rec_392c70be3dc5bcda88c5,/mnt/d/INFANT CRY/data_set_dbl_split/train/tired/2010_M_owh.wav,tired,sha256:8fe131541c48791854c59869dde489afb6ef9a193b88f44e9a596c5de9c9187a,2,tired,0.009788795374333858,0.008710699155926704,0.010295950807631016,0.010521913878619671,0.9606826901435852,original,/mnt/d/INFANT CRY/Models_dbl/Main/runs/20260821T164332Z_490383ff/fold_2/fold_2_main_dbl.keras,/mnt/d/INFANT CRY/Models_dbl/Main/runs/20260821T164332Z_490383ff/fold_2/norm_stats_main_dbl.npy,20260821T164332Z_490383ff
rec_34d987e856e5ff1127b0,/mnt/d/INFANT CRY/data_set_dbl_split/train/tired/2016_M_owh.wav,tired,sha256:d92c58194bef0f4165a2c87ef090cb06218297e63111ee114ba59551b240632e,2,tired,0.034656770527362823,0.047012053430080414,0.022344479337334633,0.020365342497825623,0.8756213784217834,original,/mnt/d/INFANT CRY/Models_dbl/Main/runs/20260821T164332Z_490383ff/fold_2/fold_2_main_dbl.keras,/mnt/d/INFANT CRY/Models_dbl/Main/runs/20260821T164332Z_490383ff/fold_2/norm_stats_main_dbl.npy,20260821T164332Z_490383ff
rec_3fbc9c99d39c09d4bf5d,/mnt/d/INFANT CRY/data_set_dbl_split/train/tired/2074_M_owh.wav,tired,sha256:fd8e259c60f0a8eff045c1a65c4f84eb53a359c67032c113fba9c5ea4bf734e8,2,tired,0.013562523759901524,0.01026191283017397,0.012046582996845245,0.019532756879925728,0.9445962309837341,original,/mnt/d/INFANT CRY/Models_dbl/Main/runs/20260821T164332Z_490383ff/fold_2/fold_2_main_dbl.keras,/mnt/d/INFANT CRY/Models_dbl/Main/runs/20260821T164332Z_490383ff/fold_2/norm_stats_main_dbl.npy,20260821T164332Z_490383ff
rec_098c528dfdf2bc203c7d,/mnt/d/INFANT CRY/data_set_dbl_split/train/tired/2184_F_owh.wav,tired,sha256:2a78aa35c5674f10463487dd099c47ea3c73aca5ddbe23819e2a9cd70e4a5757,2,tired,0.015847420319914818,0.012391376309096813,0.015624391846358776,0.03180890902876854,0.9243278503417969,original,/mnt/d/INFANT CRY/Models_dbl/Main/runs/20260821T164332Z_490383ff/fold_2/fold_2_main_dbl.keras,/mnt/d/INFANT CRY/Models_dbl/Main/runs/20260821T164332Z_490383ff/fold_2/norm_stats_main_dbl.npy,20260821T164332Z_490383ff
rec_9fb599f6770b54b0dbf5,/mnt/d/INFANT CRY/data_set_dbl_split/train/tired/2215_M_owh.wav,tired,sha256:09d2b7623a4612206b1024981b7c234cf4196ea5113dd6ab7bbd0d5b381dc427,2,tired,0.026500800624489784,0.059215154498815536,0.027667663991451263,0.03322584554553032,0.8533905148506165,original,/mnt/d/INFANT CRY/Models_dbl/Main/runs/20260821T164332Z_490383ff/fold_2/fold_2_main_dbl.keras,/mnt/d/INFANT CRY/Models_dbl/Main/runs/20260821T164332Z_490383ff/fold_2/norm_stats_main_dbl.npy,20260821T164332Z_490383ff
rec_ebd08ea16ea698c45306,/mnt/d/INFANT CRY/data_set_dbl_split/train/tired/223_M_owh.wav,tired,sha256:4146efe34917dbd6a03064e85e2ea43f70fde87e0a5fd5c800c01ea69f71b5b6,2,tired,0.009053935296833515,0.010657822713255882,0.01055862195789814,0.012147505767643452,0.9575821161270142,original,/mnt/d/INFANT CRY/Models_dbl/Main/runs/20260821T164332Z_490383ff/fold_2/fold_2_main_dbl.keras,/mnt/d/INFANT CRY/Models_dbl/Main/runs/20260821T164332Z_490383ff/fold_2/norm_stats_main_dbl.npy,20260821T164332Z_490383ff
rec_ea3161ab2c4c40e51365,/mnt/d/INFANT CRY/data_set_dbl_split/train/tired/2268_M_owh.wav,tired,sha256:5b4064350d82be8341441f4bca966f0238e0f86bba116216b14f5194aa071b85,2,tired,0.009754076600074768,0.011635616421699524,0.012190580368041992,0.013872558251023293,0.9525471925735474,original,/mnt/d/INFANT CRY/Models_dbl/Main/runs/20260821T164332Z_490383ff/fold_2/fold_2_main_dbl.keras,/mnt/d/INFANT CRY/Models_dbl/Main/runs/20260821T164332Z_490383ff/fold_2/norm_stats_main_dbl.npy,20260821T164332Z_490383ff
rec_391431d9e36aba58d034,/mnt/d/INFANT CRY/data_set_dbl_split/train/tired/2302_M_owh.wav,tired,sha256:aede4ea8284d524a1af632adabe475fcf87c86ed825abe44bd2dbe18c0ffe671,2,tired,0.023635201156139374,0.05358859896659851,0.02495391108095646,0.022008972242474556,0.8758133053779602,original,/mnt/d/INFANT CRY/Models_dbl/Main/runs/20260821T164332Z_490383ff/fold_2/fold_2_main_dbl.keras,/mnt/d/INFANT CRY/Models_dbl/Main/runs/20260821T164332Z_490383ff/fold_2/norm_stats_main_dbl.npy,20260821T164332Z_490383ff
rec_24d4780f22f304fe4bd6,/mnt/d/INFANT CRY/data_set_dbl_split/train/tired/2395_M_owh.wav,tired,sha256:9acd5ab9fb07854fb7ebaf51fff9e0d6d5f46b6c112848208e006411f39bb058,2,tired,0.010748487897217274,0.010610557161271572,0.01094670407474041,0.013792166486382484,0.9539020657539368,original,/mnt/d/INFANT CRY/Models_dbl/Main/runs/20260821T164332Z_490383ff/fold_2/fold_2_main_dbl.keras,/mnt/d/INFANT CRY/Models_dbl/Main/runs/20260821T164332Z_490383ff/fold_2/norm_stats_main_dbl.npy,20260821T164332Z_490383ff
rec_e3eb1fc20f6e5c76d4af,/mnt/d/INFANT CRY/data_set_dbl_split/train/tired/2420_M_owh.wav,tired,sha256:a2c0b535865a5b6bc20b766c2221065b17e56f38cdd9436fb23f1354850b1b80,2,tired,0.010319811291992664,0.009761371649801731,0.010288516990840435,0.009899307042360306,0.9597309231758118,original,/mnt/d/INFANT CRY/Models_dbl/Main/runs/20260821T164332Z_490383ff/fold_2/fold_2_main_dbl.keras,/mnt/d/INFANT CRY/Models_dbl/Main/runs/20260821T164332Z_490383ff/fold_2/norm_stats_main_dbl.npy,20260821T164332Z_490383ff
rec_88f5e8c104b9f983e351,/mnt/d/INFANT CRY/data_set_dbl_split/train/tired/2429_M_owh.wav,tired,sha256:79cd4556df5b90957aeb8fc34bc8a57cfc0009b72faa379bf451222dbd7d8043,2,tired,0.017575984820723534,0.039827484637498856,0.01882275380194187,0.016835752874612808,0.9069380164146423,original,/mnt/d/INFANT CRY/Models_dbl/Main/runs/20260821T164332Z_490383ff/fold_2/fold_2_main_dbl.keras,/mnt/d/INFANT CRY/Models_dbl/Main/runs/20260821T164332Z_490383ff/fold_2/norm_stats_main_dbl.npy,20260821T164332Z_490383ff
rec_f0170dc3dba7d07ebbdf,/mnt/d/INFANT CRY/data_set_dbl_split/train/tired/2463_M_owh.wav,tired,sha256:768a69a7bf08a9c95d565a893f9ba3d397402ba455930c7bef9b6ef758aeb296,2,tired,0.008340371772646904,0.010104602202773094,0.010358302854001522,0.010002778843045235,0.9611939787864685,original,/mnt/d/INFANT CRY/Models_dbl/Main/runs/20260821T164332Z_490383ff/fold_2/fold_2_main_dbl.keras,/mnt/d/INFANT CRY/Models_dbl/Main/runs/20260821T164332Z_490383ff/fold_2/norm_stats_main_dbl.npy,20260821T164332Z_490383ff
rec_f74a9bf0edfbbeb47c5f,/mnt/d/INFANT CRY/data_set_dbl_split/train/tired/2497_M_owh.wav,tired,sha256:1a929053c7eaf6b742b2b1d9f9d4c3e94f62268992ba087fe8b9780f875b3249,2,tired,0.010895810090005398,0.011467239819467068,0.012127705849707127,0.01676221378147602,0.9487470388412476,original,/mnt/d/INFANT CRY/Models_dbl/Main/runs/20260821T164332Z_490383ff/fold_2/fold_2_main_dbl.keras,/mnt/d/INFANT CRY/Models_dbl/Main/runs/20260821T164332Z_490383ff/fold_2/norm_stats_main_dbl.npy,20260821T164332Z_490383ff
rec_1062d47347e6b23f7cf2,/mnt/d/INFANT CRY/data_set_dbl_split/train/tired/2524_M_owh.wav,tired,sha256:84ead58174f737ca67c9ff6a93be731c82703538dcbf0c94cbc4607932b010b1,2,tired,0.009927978739142418,0.010598847642540932,0.011521359905600548,0.011789526790380478,0.9561623334884644,original,/mnt/d/INFANT CRY/Models_dbl/Main/runs/20260821T164332Z_490383ff/fold_2/fold_2_main_dbl.keras,/mnt/d/INFANT CRY/Models_dbl/Main/runs/20260821T164332Z_490383ff/fold_2/norm_stats_main_dbl.npy,20260821T164332Z_490383ff
rec_1831634593c56a2fa480,/mnt/d/INFANT CRY/data_set_dbl_split/train/tired/2557_M_owh.wav,tired,sha256:72af335fd5467a7974a062624c90eab79b407c2ae72043db7b8435189354cd42,2,tired,0.009024882689118385,0.010565590113401413,0.010847590863704681,0.012074514292180538,0.9574874639511108,original,/mnt/d/INFANT CRY/Models_dbl/Main/runs/20260821T164332Z_490383ff/fold_2/fold_2_main_dbl.keras,/mnt/d/INFANT CRY/Models_dbl/Main/runs/20260821T164332Z_490383ff/fold_2/norm_stats_main_dbl.npy,20260821T164332Z_490383ff
rec_7d086653c18267b4889e,/mnt/d/INFANT CRY/data_set_dbl_split/train/tired/2723_F_owh.wav,tired,sha256:8d3e128e33cebcccff42632727d8596837e73ed054212ddb25a1cbed32082838,2,tired,0.01106261182576418,0.009900840930640697,0.010343384929001331,0.01044247206300497,0.9582507014274597,original,/mnt/d/INFANT CRY/Models_dbl/Main/runs/20260821T164332Z_490383ff/fold_2/fold_2_main_dbl.keras,/mnt/d/INFANT CRY/Models_dbl/Main/runs/20260821T164332Z_490383ff/fold_2/norm_stats_main_dbl.npy,20260821T164332Z_490383ff
rec_d07028787b389f82a0b4,/mnt/d/INFANT CRY/data_set_dbl_split/train/tired/2768_M_owh.wav,tired,sha256:4a1a3ad355198f3253b82aed1fba69238a952e1604ea7b0eba6c0f073352ea0c,2,tired,0.009510347619652748,0.011192887090146542,0.012653712183237076,0.010647835209965706,0.9559952616691589,original,/mnt/d/INFANT CRY/Models_dbl/Main/runs/20260821T164332Z_490383ff/fold_2/fold_2_main_dbl.keras,/mnt/d/INFANT CRY/Models_dbl/Main/runs/20260821T164332Z_490383ff/fold_2/norm_stats_main_dbl.npy,20260821T164332Z_490383ff
rec_b84a2e0879659677b6ab,/mnt/d/INFANT CRY/data_set_dbl_split/train/tired/2769_M_owh.wav,tired,sha256:5e9d9a8472f5f5fb8f41ae5a87e5d8fed300a46bd42d8c75b207e741067c8577,2,tired,0.015926077961921692,0.013048240914940834,0.015788501128554344,0.032974421977996826,0.9222627878189087,original,/mnt/d/INFANT CRY/Models_dbl/Main/runs/20260821T164332Z_490383ff/fold_2/fold_2_main_dbl.keras,/mnt/d/INFANT CRY/Models_dbl/Main/runs/20260821T164332Z_490383ff/fold_2/norm_stats_main_dbl.npy,20260821T164332Z_490383ff
rec_49430004f3a3e1dc0885,/mnt/d/INFANT CRY/data_set_dbl_split/train/tired/2814_M_owh.wav,tired,sha256:01ce5e374d2099e7d22183d22ba637818129bc9cbb5b7dd256236e2c64748fc3,2,tired,0.01855095475912094,0.01731630228459835,0.01547185704112053,0.01978219300508499,0.9288787245750427,original,/mnt/d/INFANT CRY/Models_dbl/Main/runs/20260821T164332Z_490383ff/fold_2/fold_2_main_dbl.keras,/mnt/d/INFANT CRY/Models_dbl/Main/runs/20260821T164332Z_490383ff/fold_2/norm_stats_main_dbl.npy,20260821T164332Z_490383ff
rec_f460c5492abd3673b9bb,/mnt/d/INFANT CRY/data_set_dbl_split/train/tired/2840_M_owh.wav,tired,sha256:d8e254bfe365d05f24dd7623b85e8f3f471c13b73d52b8de86b9e5328f8c55dd,2,tired,0.008369644172489643,0.010542411357164383,0.01103023998439312,0.009547078981995583,0.9605106115341187,original,/mnt/d/INFANT CRY/Models_dbl/Main/runs/20260821T164332Z_490383ff/fold_2/fold_2_main_dbl.keras,/mnt/d/INFANT CRY/Models_dbl/Main/runs/20260821T164332Z_490383ff/fold_2/norm_stats_main_dbl.npy,20260821T164332Z_490383ff
rec_1c7e39d96927984d4d6f,/mnt/d/INFANT CRY/data_set_dbl_split/train/tired/2886_M_owh.wav,tired,sha256:46a2055827fb3a90f0163d6526f0255e74ee2a0387f7f4d7d71eacf57c2e217a,2,tired,0.010900892317295074,0.012575906701385975,0.014460423961281776,0.012418178841471672,0.9496446251869202,original,/mnt/d/INFANT CRY/Models_dbl/Main/runs/20260821T164332Z_490383ff/fold_2/fold_2_main_dbl.keras,/mnt/d/INFANT CRY/Models_dbl/Main/runs/20260821T164332Z_490383ff/fold_2/norm_stats_main_dbl.npy,20260821T164332Z_490383ff
rec_c5e06aded79f647ac036,/mnt/d/INFANT CRY/data_set_dbl_split/train/tired/2904_M_owh.wav,tired,sha256:32fdf8d166a5c52e9218dffb01f189b7e2b199e2eab098e76bda38187d6d1dfa,2,tired,0.008512928150594234,0.012248490937054157,0.01022419799119234,0.01255116518586874,0.9564632177352905,original,/mnt/d/INFANT CRY/Models_dbl/Main/runs/20260821T164332Z_490383ff/fold_2/fold_2_main_dbl.keras,/mnt/d/INFANT CRY/Models_dbl/Main/runs/20260821T164332Z_490383ff/fold_2/norm_stats_main_dbl.npy,20260821T164332Z_490383ff
rec_7dba588b69ee3030ba9d,/mnt/d/INFANT CRY/data_set_dbl_split/train/tired/2994_F_owh.wav,tired,sha256:6022b72fd9acab1bd74d847c321331cde42662d7308b3d2331e27084c154c62c,2,tired,0.00978557113558054,0.010848699137568474,0.011158248409628868,0.010453786700963974,0.9577536582946777,original,/mnt/d/INFANT CRY/Models_dbl/Main/runs/20260821T164332Z_490383ff/fold_2/fold_2_main_dbl.keras,/mnt/d/INFANT CRY/Models_dbl/Main/runs/20260821T164332Z_490383ff/fold_2/norm_stats_main_dbl.npy,20260821T164332Z_490383ff
rec_1b930daa6ed7f795ac7b,/mnt/d/INFANT CRY/data_set_dbl_split/train/tired/3033_M_owh.wav,tired,sha256:b95dcbf651731e67f368ef422134c43a1ef1eb232a40f583a401756c92466a80,2,burping,0.058844055980443954,0.5863173604011536,0.03515881672501564,0.039081744849681854,0.2805980145931244,original,/mnt/d/INFANT CRY/Models_dbl/Main/runs/20260821T164332Z_490383ff/fold_2/fold_2_main_dbl.keras,/mnt/d/INFANT CRY/Models_dbl/Main/runs/20260821T164332Z_490383ff/fold_2/norm_stats_main_dbl.npy,20260821T164332Z_490383ff
rec_40e0b85304686332a5bd,/mnt/d/INFANT CRY/data_set_dbl_split/train/tired/303_F_owh.wav,tired,sha256:348796330822dfc3910793fc76415a10bb8ff496dcaff510f3e0c0a3061e7974,2,tired,0.012616914696991444,0.014352773316204548,0.015272197313606739,0.01731199026107788,0.9404460787773132,original,/mnt/d/INFANT CRY/Models_dbl/Main/runs/20260821T164332Z_490383ff/fold_2/fold_2_main_dbl.keras,/mnt/d/INFANT CRY/Models_dbl/Main/runs/20260821T164332Z_490383ff/fold_2/norm_stats_main_dbl.npy,20260821T164332Z_490383ff
rec_19d85e73864b90783a58,/mnt/d/INFANT CRY/data_set_dbl_split/train/tired/3100_M_owh.wav,tired,sha256:bc360de0bc9917f2d4efb3adcc9df1ac95518253da6260ba52238b114437d507,2,tired,0.01167239435017109,0.011152315884828568,0.012766716070473194,0.01640838198363781,0.9480001926422119,original,/mnt/d/INFANT CRY/Models_dbl/Main/runs/20260821T164332Z_490383ff/fold_2/fold_2_main_dbl.keras,/mnt/d/INFANT CRY/Models_dbl/Main/runs/20260821T164332Z_490383ff/fold_2/norm_stats_main_dbl.npy,20260821T164332Z_490383ff
rec_f19355b8f788e236fa53,/mnt/d/INFANT CRY/data_set_dbl_split/train/tired/3154_F_owh.wav,tired,sha256:089302d470c664d700220b2be1eb79e952454c93d04463bdb440b5767f6d06b6,2,tired,0.05447141081094742,0.03424788638949394,0.21006792783737183,0.03379864618182182,0.667414128780365,original,/mnt/d/INFANT CRY/Models_dbl/Main/runs/20260821T164332Z_490383ff/fold_2/fold_2_main_dbl.keras,/mnt/d/INFANT CRY/Models_dbl/Main/runs/20260821T164332Z_490383ff/fold_2/norm_stats_main_dbl.npy,20260821T164332Z_490383ff
rec_809d51c7c9687c71cd25,/mnt/d/INFANT CRY/data_set_dbl_split/train/tired/319_M_owh.wav,tired,sha256:a8287e446d209ac180d335be47aec425df01c6c70dece20e37b651eab3e870a4,2,tired,0.014393663965165615,0.013787292875349522,0.012919875793159008,0.01457812450826168,0.9443210363388062,original,/mnt/d/INFANT CRY/Models_dbl/Main/runs/20260821T164332Z_490383ff/fold_2/fold_2_main_dbl.keras,/mnt/d/INFANT CRY/Models_dbl/Main/runs/20260821T164332Z_490383ff/fold_2/norm_stats_main_dbl.npy,20260821T164332Z_490383ff
rec_83d386d2bf8c0d85a88c,/mnt/d/INFANT CRY/data_set_dbl_split/train/tired/3230_M_owh.wav,tired,sha256:539ff6ec6bc741e00794067ca8bb4bdfc7b785e97e79b5c74979a5fa2f589d99,2,tired,0.010701842606067657,0.010877169668674469,0.01167978160083294,0.011782820336520672,0.954958438873291,original,/mnt/d/INFANT CRY/Models_dbl/Main/runs/20260821T164332Z_490383ff/fold_2/fold_2_main_dbl.keras,/mnt/d/INFANT CRY/Models_dbl/Main/runs/20260821T164332Z_490383ff/fold_2/norm_stats_main_dbl.npy,20260821T164332Z_490383ff
rec_4e0d2d6b7b612f0925cc,/mnt/d/INFANT CRY/data_set_dbl_split/train/tired/3244_F_owh.wav,tired,sha256:4f7282f37de41a137ddd3c07bcab8f5d45114c421df2ab395170f63d1fdeb42c,2,tired,0.011588791385293007,0.011007383465766907,0.012098218314349651,0.016117993742227554,0.9491876363754272,original,/mnt/d/INFANT CRY/Models_dbl/Main/runs/20260821T164332Z_490383ff/fold_2/fold_2_main_dbl.keras,/mnt/d/INFANT CRY/Models_dbl/Main/runs/20260821T164332Z_490383ff/fold_2/norm_stats_main_dbl.npy,20260821T164332Z_490383ff
rec_cf8492163aee5801b3b9,/mnt/d/INFANT CRY/data_set_dbl_split/train/tired/3284_M_owh.wav,tired,sha256:d2fdd41a47900aeed4aa88eb3bbd59ee6333653cacc3b1715a57cc42982cd259,2,tired,0.008317631669342518,0.011080718599259853,0.01016930490732193,0.010123440064489841,0.9603089690208435,original,/mnt/d/INFANT CRY/Models_dbl/Main/runs/20260821T164332Z_490383ff/fold_2/fold_2_main_dbl.keras,/mnt/d/INFANT CRY/Models_dbl/Main/runs/20260821T164332Z_490383ff/fold_2/norm_stats_main_dbl.npy,20260821T164332Z_490383ff
rec_0ce57ae6eac0cad43151,/mnt/d/INFANT CRY/data_set_dbl_split/train/tired/3308_M_owh.wav,tired,sha256:10148c5ba3b3e9ce48324c94233a6c7f0fb35a922cc204d3e3e11c34b17d9906,2,tired,0.008655907586216927,0.009180535562336445,0.009374926798045635,0.009815585799515247,0.9629729986190796,original,/mnt/d/INFANT CRY/Models_dbl/Main/runs/20260821T164332Z_490383ff/fold_2/fold_2_main_dbl.keras,/mnt/d/INFANT CRY/Models_dbl/Main/runs/20260821T164332Z_490383ff/fold_2/norm_stats_main_dbl.npy,20260821T164332Z_490383ff
rec_29983012fc0aa8de3970,/mnt/d/INFANT CRY/data_set_dbl_split/train/tired/3313_M_owh.wav,tired,sha256:f49169c1746246ea27dab1e536b9cb4224d1ffb0c3eb23154346cbad12ed14bd,2,tired,0.011198027059435844,0.011340062133967876,0.012577246874570847,0.019721204414963722,0.9451634287834167,original,/mnt/d/INFANT CRY/Models_dbl/Main/runs/20260821T164332Z_490383ff/fold_2/fold_2_main_dbl.keras,/mnt/d/INFANT CRY/Models_dbl/Main/runs/20260821T164332Z_490383ff/fold_2/norm_stats_main_dbl.npy,20260821T164332Z_490383ff
rec_e232f46722fc0102a29f,/mnt/d/INFANT CRY/data_set_dbl_split/train/tired/3337_M_owh.wav,tired,sha256:1b78e1ae47a60b62e7241cfc9a92474237499fa6ea6041e5b05b5db97047c43d,2,tired,0.009681793861091137,0.011153245344758034,0.01111381035298109,0.014433784410357475,0.9536173939704895,original,/mnt/d/INFANT CRY/Models_dbl/Main/runs/20260821T164332Z_490383ff/fold_2/fold_2_main_dbl.keras,/mnt/d/INFANT CRY/Models_dbl/Main/runs/20260821T164332Z_490383ff/fold_2/norm_stats_main_dbl.npy,20260821T164332Z_490383ff
rec_a525f0753c3b8738efdc,/mnt/d/INFANT CRY/data_set_dbl_split/train/tired/3373_M_owh.wav,tired,sha256:d3556a94c41008d8ae69d1de6e63f5fd42428aa419198485512bf7736dc26ef0,2,tired,0.006913843099027872,0.010936655104160309,0.008477971889078617,0.007865475490689278,0.9658060669898987,original,/mnt/d/INFANT CRY/Models_dbl/Main/runs/20260821T164332Z_490383ff/fold_2/fold_2_main_dbl.keras,/mnt/d/INFANT CRY/Models_dbl/Main/runs/20260821T164332Z_490383ff/fold_2/norm_stats_main_dbl.npy,20260821T164332Z_490383ff
rec_964f64cc6976bb04f9ed,/mnt/d/INFANT CRY/data_set_dbl_split/train/tired/3449_M_owh.wav,tired,sha256:b3a6344a1fca73de87be6a15c9dd359654c809b9d4aa2326db918680f882e290,2,tired,0.011058276519179344,0.013967803679406643,0.011257276870310307,0.013232311233878136,0.9504843354225159,original,/mnt/d/INFANT CRY/Models_dbl/Main/runs/20260821T164332Z_490383ff/fold_2/fold_2_main_dbl.keras,/mnt/d/INFANT CRY/Models_dbl/Main/runs/20260821T164332Z_490383ff/fold_2/norm_stats_main_dbl.npy,20260821T164332Z_490383ff
rec_f73e60c624491b4f6adc,/mnt/d/INFANT CRY/data_set_dbl_split/train/tired/3606_F_owh.wav,tired,sha256:263af157241e844d6bb5727c36a3496e485ee163180b951b863e0c6b5c9c610d,2,tired,0.009996880777180195,0.011325573548674583,0.010968375019729137,0.012023493647575378,0.9556856155395508,original,/mnt/d/INFANT CRY/Models_dbl/Main/runs/20260821T164332Z_490383ff/fold_2/fold_2_main_dbl.keras,/mnt/d/INFANT CRY/Models_dbl/Main/runs/20260821T164332Z_490383ff/fold_2/norm_stats_main_dbl.npy,20260821T164332Z_490383ff
rec_f15b450af8058c73da84,/mnt/d/INFANT CRY/data_set_dbl_split/train/tired/3609_M_owh.wav,tired,sha256:2c126724babd07e11e4929ddf38934978b92c8664d60180ce5988915bec50d1f,2,tired,0.046127043664455414,0.023647373542189598,0.02972271293401718,0.1628408282995224,0.7376620769500732,original,/mnt/d/INFANT CRY/Models_dbl/Main/runs/20260821T164332Z_490383ff/fold_2/fold_2_main_dbl.keras,/mnt/d/INFANT CRY/Models_dbl/Main/runs/20260821T164332Z_490383ff/fold_2/norm_stats_main_dbl.npy,20260821T164332Z_490383ff
rec_9852e0ecf4d7ba755522,/mnt/d/INFANT CRY/data_set_dbl_split/train/tired/362_M_owh.wav,tired,sha256:59621ab4e346f2fd9f7468dab75e0b20837d5874eef2276c50a1fb8b3596470a,2,tired,0.026525359600782394,0.03201299533247948,0.02497974969446659,0.06690189242362976,0.8495800495147705,original,/mnt/d/INFANT CRY/Models_dbl/Main/runs/20260821T164332Z_490383ff/fold_2/fold_2_main_dbl.keras,/mnt/d/INFANT CRY/Models_dbl/Main/runs/20260821T164332Z_490383ff/fold_2/norm_stats_main_dbl.npy,20260821T164332Z_490383ff
rec_bede2a92e493faf3344f,/mnt/d/INFANT CRY/data_set_dbl_split/train/tired/3650_M_owh.wav,tired,sha256:864e8f886cb6a1266393bc8d0fe98892ee9e7b418142711abc16b8b39e4a208c,2,tired,0.007851704023778439,0.009136955253779888,0.00938960537314415,0.009568637236952782,0.9640531539916992,original,/mnt/d/INFANT CRY/Models_dbl/Main/runs/20260821T164332Z_490383ff/fold_2/fold_2_main_dbl.keras,/mnt/d/INFANT CRY/Models_dbl/Main/runs/20260821T164332Z_490383ff/fold_2/norm_stats_main_dbl.npy,20260821T164332Z_490383ff
rec_33375a1af4ff1d4fdca9,/mnt/d/INFANT CRY/data_set_dbl_split/train/tired/3750_M_owh.wav,tired,sha256:5edf1a4bb1c4024fac850dfbbcd4a0c7c86cdb0ced0498cda24c160fd27cada2,2,tired,0.022211240604519844,0.035054199397563934,0.019430354237556458,0.021661454811692238,0.9016427397727966,original,/mnt/d/INFANT CRY/Models_dbl/Main/runs/20260821T164332Z_490383ff/fold_2/fold_2_main_dbl.keras,/mnt/d/INFANT CRY/Models_dbl/Main/runs/20260821T164332Z_490383ff/fold_2/norm_stats_main_dbl.npy,20260821T164332Z_490383ff
rec_a6d0fdf0ea8240c81eb7,/mnt/d/INFANT CRY/data_set_dbl_split/train/tired/3785_F_owh.wav,tired,sha256:9f126dbe2077fb12bd56773de9e0f7865a4ab93b672e7b7b7e693e44b818bfd6,2,tired,0.009190722368657589,0.009993183426558971,0.01057286374270916,0.010923681780695915,0.9593195915222168,original,/mnt/d/INFANT CRY/Models_dbl/Main/runs/20260821T164332Z_490383ff/fold_2/fold_2_main_dbl.keras,/mnt/d/INFANT CRY/Models_dbl/Main/runs/20260821T164332Z_490383ff/fold_2/norm_stats_main_dbl.npy,20260821T164332Z_490383ff
rec_d502e5aa8826a89c5dd6,/mnt/d/INFANT CRY/data_set_dbl_split/train/tired/3841_M_owh.wav,tired,sha256:e19820f0e2fc562f1dff9e2fc9ddf2ab2da0c97eec48b8486099b250c8cfdbbc,2,tired,0.008737308904528618,0.01012313924729824,0.00976195465773344,0.010327517986297607,0.9610500335693359,original,/mnt/d/INFANT CRY/Models_dbl/Main/runs/20260821T164332Z_490383ff/fold_2/fold_2_main_dbl.keras,/mnt/d/INFANT CRY/Models_dbl/Main/runs/20260821T164332Z_490383ff/fold_2/norm_stats_main_dbl.npy,20260821T164332Z_490383ff
rec_17f1b23ae4cf46ed1101,/mnt/d/INFANT CRY/data_set_dbl_split/train/tired/4146_M_owh.wav,tired,sha256:f3b0f11e9bcbc5e79094c08f6ec41e3f3882c679373fefcc2979d13ce316ca7f,2,tired,0.00874034408479929,0.010451632551848888,0.009845682419836521,0.011486336588859558,0.9594759345054626,original,/mnt/d/INFANT CRY/Models_dbl/Main/runs/20260821T164332Z_490383ff/fold_2/fold_2_main_dbl.keras,/mnt/d/INFANT CRY/Models_dbl/Main/runs/20260821T164332Z_490383ff/fold_2/norm_stats_main_dbl.npy,20260821T164332Z_490383ff
rec_0440b5b8fdc242e78a3d,/mnt/d/INFANT CRY/data_set_dbl_split/train/tired/416_M_owh.wav,tired,sha256:dbc17e00f7f6dc09c0003c3c6a8a06303416b164368603d5bce0a574ab838713,2,tired,0.014636741951107979,0.011869003064930439,0.014909734018146992,0.02429009974002838,0.9342944025993347,original,/mnt/d/INFANT CRY/Models_dbl/Main/runs/20260821T164332Z_490383ff/fold_2/fold_2_main_dbl.keras,/mnt/d/INFANT CRY/Models_dbl/Main/runs/20260821T164332Z_490383ff/fold_2/norm_stats_main_dbl.npy,20260821T164332Z_490383ff
rec_e7d57b61ced4f1c8cd5d,/mnt/d/INFANT CRY/data_set_dbl_split/train/tired/4203_M_owh.wav,tired,sha256:d3ebca4c0668a0d61ed16d6d3ea0d18ae16708902c206c7c295f4c1af0c8d8a5,2,hungry,0.011298712342977524,0.01589108631014824,0.012686225585639477,0.9303684830665588,0.02975540980696678,original,/mnt/d/INFANT CRY/Models_dbl/Main/runs/20260821T164332Z_490383ff/fold_2/fold_2_main_dbl.keras,/mnt/d/INFANT CRY/Models_dbl/Main/runs/20260821T164332Z_490383ff/fold_2/norm_stats_main_dbl.npy,20260821T164332Z_490383ff
rec_9bc5099fe6282cf31fd7,/mnt/d/INFANT CRY/data_set_dbl_split/train/tired/4220_F_owh.wav,tired,sha256:87bf3242a76657a8e7da9d2149ba83c63efd0afb105d955c598b5cad797ac4ce,2,tired,0.028478357940912247,0.015766074880957603,0.02015143260359764,0.03067982755601406,0.9049242734909058,original,/mnt/d/INFANT CRY/Models_dbl/Main/runs/20260821T164332Z_490383ff/fold_2/fold_2_main_dbl.keras,/mnt/d/INFANT CRY/Models_dbl/Main/runs/20260821T164332Z_490383ff/fold_2/norm_stats_main_dbl.npy,20260821T164332Z_490383ff
rec_0826f8e7b786ff714220,/mnt/d/INFANT CRY/data_set_dbl_split/train/tired/424_M_owh.wav,tired,sha256:a32d2c2a19117740485a8ad626bebc010ad8b607e39fcd670aece73a1ebe9aaf,2,tired,0.013607000932097435,0.019346419721841812,0.01675567775964737,0.018987435847520828,0.9313035011291504,original,/mnt/d/INFANT CRY/Models_dbl/Main/runs/20260821T164332Z_490383ff/fold_2/fold_2_main_dbl.keras,/mnt/d/INFANT CRY/Models_dbl/Main/runs/20260821T164332Z_490383ff/fold_2/norm_stats_main_dbl.npy,20260821T164332Z_490383ff
rec_116a54085a97e5e34e00,/mnt/d/INFANT CRY/data_set_dbl_split/train/tired/4380_M_owh.wav,tired,sha256:699f3614c78492ce1cab6aa710695221c86ce0b3321e21214442e71963de3f13,2,tired,0.012132438831031322,0.009497307240962982,0.011233311146497726,0.012697860598564148,0.954439103603363,original,/mnt/d/INFANT CRY/Models_dbl/Main/runs/20260821T164332Z_490383ff/fold_2/fold_2_main_dbl.keras,/mnt/d/INFANT CRY/Models_dbl/Main/runs/20260821T164332Z_490383ff/fold_2/norm_stats_main_dbl.npy,20260821T164332Z_490383ff
rec_7e95604e128c80eeb3c1,/mnt/d/INFANT CRY/data_set_dbl_split/train/tired/438_M_owh.wav,tired,sha256:aca3a9ad5cce2747a5afb5a41af2a8791cf2277c638e3ff2725322dc8c357498,2,tired,0.011800854466855526,0.01080291997641325,0.012445769272744656,0.01355888694524765,0.9513915777206421,original,/mnt/d/INFANT CRY/Models_dbl/Main/runs/20260821T164332Z_490383ff/fold_2/fold_2_main_dbl.keras,/mnt/d/INFANT CRY/Models_dbl/Main/runs/20260821T164332Z_490383ff/fold_2/norm_stats_main_dbl.npy,20260821T164332Z_490383ff
rec_e2c02ee3ff7bc71fc059,/mnt/d/INFANT CRY/data_set_dbl_split/train/tired/4426_M_owh.wav,tired,sha256:d56e640542066f38215bc373c6cd2aa6b1dca18e32f27103b58237cfb6dc393b,2,tired,0.01045345887541771,0.01409513596445322,0.011185253039002419,0.013565071858465672,0.9507010579109192,original,/mnt/d/INFANT CRY/Models_dbl/Main/runs/20260821T164332Z_490383ff/fold_2/fold_2_main_dbl.keras,/mnt/d/INFANT CRY/Models_dbl/Main/runs/20260821T164332Z_490383ff/fold_2/norm_stats_main_dbl.npy,20260821T164332Z_490383ff
rec_95c169f810ee8691f646,/mnt/d/INFANT CRY/data_set_dbl_split/train/tired/4478_M_owh.wav,tired,sha256:4812784a670b5db0534ff3f2bd9e726ecf796102f06c8148b2f5ebd754f871c8,2,tired,0.011547636240720749,0.012611099518835545,0.0132643086835742,0.014848761260509491,0.9477282166481018,original,/mnt/d/INFANT CRY/Models_dbl/Main/runs/20260821T164332Z_490383ff/fold_2/fold_2_main_dbl.keras,/mnt/d/INFANT CRY/Models_dbl/Main/runs/20260821T164332Z_490383ff/fold_2/norm_stats_main_dbl.npy,20260821T164332Z_490383ff
rec_2bfb930445b5d56c66df,/mnt/d/INFANT CRY/data_set_dbl_split/train/tired/450_M_owh.wav,tired,sha256:c946c11850b19145b6fd401231115418ae6e4cec5777ec0e22f47e4f00b65fae,2,tired,0.011347336694598198,0.0102597177028656,0.010708162561058998,0.01069600135087967,0.9569888114929199,original,/mnt/d/INFANT CRY/Models_dbl/Main/runs/20260821T164332Z_490383ff/fold_2/fold_2_main_dbl.keras,/mnt/d/INFANT CRY/Models_dbl/Main/runs/20260821T164332Z_490383ff/fold_2/norm_stats_main_dbl.npy,20260821T164332Z_490383ff
rec_1dc86a88f619dc329d0a,/mnt/d/INFANT CRY/data_set_dbl_split/train/tired/4542_M_owh.wav,tired,sha256:3d779e369b772ac269fb8e4c450a42342a4a5976d5f2fcb3b35e9ae81719964d,2,tired,0.010537235997617245,0.011026537977159023,0.01142685953527689,0.012994877994060516,0.9540144205093384,original,/mnt/d/INFANT CRY/Models_dbl/Main/runs/20260821T164332Z_490383ff/fold_2/fold_2_main_dbl.keras,/mnt/d/INFANT CRY/Models_dbl/Main/runs/20260821T164332Z_490383ff/fold_2/norm_stats_main_dbl.npy,20260821T164332Z_490383ff
rec_d2c98faf1054acd50755,/mnt/d/INFANT CRY/data_set_dbl_split/train/tired/4596_M_owh.wav,tired,sha256:4dfd2dc29f6d84a9e2c003f6886f665e211c1bb6e80a1ace7b7a0aa521d50b1b,2,tired,0.015508116222918034,0.03141678497195244,0.017218878492712975,0.015924198552966118,0.9199320077896118,original,/mnt/d/INFANT CRY/Models_dbl/Main/runs/20260821T164332Z_490383ff/fold_2/fold_2_main_dbl.keras,/mnt/d/INFANT CRY/Models_dbl/Main/runs/20260821T164332Z_490383ff/fold_2/norm_stats_main_dbl.npy,20260821T164332Z_490383ff
rec_46d890753523706a7c09,/mnt/d/INFANT CRY/data_set_dbl_split/train/tired/4607_M_owh.wav,tired,sha256:b35f1a8a0722f2c9dfd514bc3cb05e9c8f6ca017c524b6ff561415dd6fc43ec7,2,burping,0.01876549795269966,0.8727724552154541,0.02980581484735012,0.0229190681129694,0.05573718622326851,original,/mnt/d/INFANT CRY/Models_dbl/Main/runs/20260821T164332Z_490383ff/fold_2/fold_2_main_dbl.keras,/mnt/d/INFANT CRY/Models_dbl/Main/runs/20260821T164332Z_490383ff/fold_2/norm_stats_main_dbl.npy,20260821T164332Z_490383ff
rec_12747cef979d624075a6,/mnt/d/INFANT CRY/data_set_dbl_split/train/tired/461_M_owh.wav,tired,sha256:126f0ff0f0efe794af6ddb1d48b2987093f2728659e3a66e95b7bb06a5ea0538,2,tired,0.010006018914282322,0.009497961029410362,0.00975955929607153,0.010253029875457287,0.9604834318161011,original,/mnt/d/INFANT CRY/Models_dbl/Main/runs/20260821T164332Z_490383ff/fold_2/fold_2_main_dbl.keras,/mnt/d/INFANT CRY/Models_dbl/Main/runs/20260821T164332Z_490383ff/fold_2/norm_stats_main_dbl.npy,20260821T164332Z_490383ff
rec_b159b9c31b0ccbc89a85,/mnt/d/INFANT CRY/data_set_dbl_split/train/tired/4714_M_owh.wav,tired,sha256:68216418b1a62e5ea2d6a1c340ec1c705da964adabb0fbc2c1ebcfb72244dca2,2,tired,0.016522696241736412,0.018964817747473717,0.015230084769427776,0.016212765127420425,0.93306964635849,original,/mnt/d/INFANT CRY/Models_dbl/Main/runs/20260821T164332Z_490383ff/fold_2/fold_2_main_dbl.keras,/mnt/d/INFANT CRY/Models_dbl/Main/runs/20260821T164332Z_490383ff/fold_2/norm_stats_main_dbl.npy,20260821T164332Z_490383ff
rec_b4cf3fb29438e3698467,/mnt/d/INFANT CRY/data_set_dbl_split/train/tired/4810_F_owh.wav,tired,sha256:32fd0932bf3488da60f8c69ecb89e44eff2b32194f5e2121b458cc185d0ce854,2,tired,0.020946593955159187,0.034974437206983566,0.021198244765400887,0.04908449947834015,0.8737962245941162,original,/mnt/d/INFANT CRY/Models_dbl/Main/runs/20260821T164332Z_490383ff/fold_2/fold_2_main_dbl.keras,/mnt/d/INFANT CRY/Models_dbl/Main/runs/20260821T164332Z_490383ff/fold_2/norm_stats_main_dbl.npy,20260821T164332Z_490383ff
rec_df69cdb63344e54c48f9,/mnt/d/INFANT CRY/data_set_dbl_split/train/tired/484_M_owh.wav,tired,sha256:140d12bd2fb28a6eda864f1d2c0760a80039e4fd0b6aeeca9da75cba965c5536,2,tired,0.008840614929795265,0.009316620416939259,0.009495220147073269,0.010086857713758945,0.9622607231140137,original,/mnt/d/INFANT CRY/Models_dbl/Main/runs/20260821T164332Z_490383ff/fold_2/fold_2_main_dbl.keras,/mnt/d/INFANT CRY/Models_dbl/Main/runs/20260821T164332Z_490383ff/fold_2/norm_stats_main_dbl.npy,20260821T164332Z_490383ff
rec_714a26b32e56f2dca6f0,/mnt/d/INFANT CRY/data_set_dbl_split/train/tired/4920_M_owh.wav,tired,sha256:802f569f1a75e5db07e7eb339d5618e8c8a6d514f29b7fdd22378cadfa10c17f,2,tired,0.011048310436308384,0.015335051342844963,0.011470491997897625,0.012118084356188774,0.9500280618667603,original,/mnt/d/INFANT CRY/Models_dbl/Main/runs/20260821T164332Z_490383ff/fold_2/fold_2_main_dbl.keras,/mnt/d/INFANT CRY/Models_dbl/Main/runs/20260821T164332Z_490383ff/fold_2/norm_stats_main_dbl.npy,20260821T164332Z_490383ff
rec_c6cb4edb08d70aa360a2,/mnt/d/INFANT CRY/data_set_dbl_split/train/tired/4924_M_owh.wav,tired,sha256:6c8cbd69b9af6338558af86fe4dda0680df4ad35d30a78c139945ad2810cf59a,2,tired,0.011440024711191654,0.011006172746419907,0.013368151150643826,0.017710555344820023,0.946475088596344,original,/mnt/d/INFANT CRY/Models_dbl/Main/runs/20260821T164332Z_490383ff/fold_2/fold_2_main_dbl.keras,/mnt/d/INFANT CRY/Models_dbl/Main/runs/20260821T164332Z_490383ff/fold_2/norm_stats_main_dbl.npy,20260821T164332Z_490383ff
rec_dc44ea25fb28a1a4ec2a,/mnt/d/INFANT CRY/data_set_dbl_split/train/tired/4950_M_owh.wav,tired,sha256:3c554b3fb051e8160992dd41297e2c55a24fab0c325c3497e1ca20a869965083,2,tired,0.011648721992969513,0.01762908324599266,0.013557887636125088,0.013116509653627872,0.9440478086471558,original,/mnt/d/INFANT CRY/Models_dbl/Main/runs/20260821T164332Z_490383ff/fold_2/fold_2_main_dbl.keras,/mnt/d/INFANT CRY/Models_dbl/Main/runs/20260821T164332Z_490383ff/fold_2/norm_stats_main_dbl.npy,20260821T164332Z_490383ff
rec_7197b47f3c0e12057d60,/mnt/d/INFANT CRY/data_set_dbl_split/train/tired/4969_M_owh.wav,tired,sha256:2f5adfc09cfe2f1184fe167b9a97bdae0da382866f9e8bc7645eea7b9bd92588,2,tired,0.008736852556467056,0.012308529578149319,0.009892983362078667,0.012382450513541698,0.9566791653633118,original,/mnt/d/INFANT CRY/Models_dbl/Main/runs/20260821T164332Z_490383ff/fold_2/fold_2_main_dbl.keras,/mnt/d/INFANT CRY/Models_dbl/Main/runs/20260821T164332Z_490383ff/fold_2/norm_stats_main_dbl.npy,20260821T164332Z_490383ff
rec_373f9639161a4a42a13d,/mnt/d/INFANT CRY/data_set_dbl_split/train/tired/497_M_owh.wav,tired,sha256:f138fc7acfc6d0d1cbefe73b824f2e4ec611f1a99b65d434bc8831e2dbf103ac,2,tired,0.020800648257136345,0.033213913440704346,0.020405342802405357,0.03854183852672577,0.8870382308959961,original,/mnt/d/INFANT CRY/Models_dbl/Main/runs/20260821T164332Z_490383ff/fold_2/fold_2_main_dbl.keras,/mnt/d/INFANT CRY/Models_dbl/Main/runs/20260821T164332Z_490383ff/fold_2/norm_stats_main_dbl.npy,20260821T164332Z_490383ff
rec_3a4f0fe4fd6a0cff506f,/mnt/d/INFANT CRY/data_set_dbl_split/train/tired/503_F_owh.wav,tired,sha256:58bc77e2ace62286950d0b59e42f42eca4760fe8525cee04c7bdf5fcdaf12bfc,2,tired,0.01026871707290411,0.011486523784697056,0.010526151396334171,0.011100477539002895,0.956618070602417,original,/mnt/d/INFANT CRY/Models_dbl/Main/runs/20260821T164332Z_490383ff/fold_2/fold_2_main_dbl.keras,/mnt/d/INFANT CRY/Models_dbl/Main/runs/20260821T164332Z_490383ff/fold_2/norm_stats_main_dbl.npy,20260821T164332Z_490383ff
rec_6284fe6c6602c051762f,/mnt/d/INFANT CRY/data_set_dbl_split/train/tired/533_M_owh.wav,tired,sha256:aef3a18df6eea217ca02b92e4f92bf8de8baecc22a2f5e470bd8256f866fc94a,2,tired,0.011381912976503372,0.011848772875964642,0.012225675396621227,0.012696733698248863,0.9518469572067261,original,/mnt/d/INFANT CRY/Models_dbl/Main/runs/20260821T164332Z_490383ff/fold_2/fold_2_main_dbl.keras,/mnt/d/INFANT CRY/Models_dbl/Main/runs/20260821T164332Z_490383ff/fold_2/norm_stats_main_dbl.npy,20260821T164332Z_490383ff
rec_d4c9e257eeadb5ae0aff,/mnt/d/INFANT CRY/data_set_dbl_split/train/tired/553_M_owh.wav,tired,sha256:4723bac8c4d31af2d959573bb8073791530e21d71918eaa91750992c8899e685,2,tired,0.01359719131141901,0.017847197130322456,0.014032358303666115,0.020646939054131508,0.9338762760162354,original,/mnt/d/INFANT CRY/Models_dbl/Main/runs/20260821T164332Z_490383ff/fold_2/fold_2_main_dbl.keras,/mnt/d/INFANT CRY/Models_dbl/Main/runs/20260821T164332Z_490383ff/fold_2/norm_stats_main_dbl.npy,20260821T164332Z_490383ff
rec_1cdf21146bf8e23eee07,/mnt/d/INFANT CRY/data_set_dbl_split/train/tired/629_F_owh.wav,tired,sha256:df2c16a68e5d4497edba5bc9e3a0e0d19a039a9c91a688c82f62ff495537dc4f,2,tired,0.011533762328326702,0.010735404677689075,0.01056225597858429,0.012553208507597446,0.9546153545379639,original,/mnt/d/INFANT CRY/Models_dbl/Main/runs/20260821T164332Z_490383ff/fold_2/fold_2_main_dbl.keras,/mnt/d/INFANT CRY/Models_dbl/Main/runs/20260821T164332Z_490383ff/fold_2/norm_stats_main_dbl.npy,20260821T164332Z_490383ff
rec_8f7de144e8f4af7f262e,/mnt/d/INFANT CRY/data_set_dbl_split/train/tired/667_M_owh.wav,tired,sha256:8a0fd4d270d8968db0dc768dbce9e49371caa704e9b176edbd7f24b9b2397e0e,2,tired,0.01143827848136425,0.012166355736553669,0.01098266988992691,0.012670702300965786,0.9527419209480286,original,/mnt/d/INFANT CRY/Models_dbl/Main/runs/20260821T164332Z_490383ff/fold_2/fold_2_main_dbl.keras,/mnt/d/INFANT CRY/Models_dbl/Main/runs/20260821T164332Z_490383ff/fold_2/norm_stats_main_dbl.npy,20260821T164332Z_490383ff
rec_23ae6cdbc3c3f4710802,/mnt/d/INFANT CRY/data_set_dbl_split/train/tired/695_M_owh.wav,tired,sha256:faeca909991ffc7421a6e24ce9af139e447b789b18ea59f529f0c69c2231683e,2,tired,0.010995384305715561,0.010972925461828709,0.011849798262119293,0.014191248454153538,0.9519906044006348,original,/mnt/d/INFANT CRY/Models_dbl/Main/runs/20260821T164332Z_490383ff/fold_2/fold_2_main_dbl.keras,/mnt/d/INFANT CRY/Models_dbl/Main/runs/20260821T164332Z_490383ff/fold_2/norm_stats_main_dbl.npy,20260821T164332Z_490383ff
rec_881aaca9321592ada989,/mnt/d/INFANT CRY/data_set_dbl_split/train/tired/725_M_owh.wav,tired,sha256:20864c6ada4fac3655f8907cd0701136058a047637d34eb56f5237d452772fe4,2,tired,0.011091786436736584,0.010268531739711761,0.011555398814380169,0.012508380226790905,0.9545758962631226,original,/mnt/d/INFANT CRY/Models_dbl/Main/runs/20260821T164332Z_490383ff/fold_2/fold_2_main_dbl.keras,/mnt/d/INFANT CRY/Models_dbl/Main/runs/20260821T164332Z_490383ff/fold_2/norm_stats_main_dbl.npy,20260821T164332Z_490383ff
rec_2d1882eeef219aa098ff,/mnt/d/INFANT CRY/data_set_dbl_split/train/tired/726_M_owh.wav,tired,sha256:01d4f475f496d6702ac267bb107a01882db3323ff2238e4be29a004201d133fa,2,tired,0.01180194690823555,0.011351926252245903,0.012862920761108398,0.022406719624996185,0.9415764212608337,original,/mnt/d/INFANT CRY/Models_dbl/Main/runs/20260821T164332Z_490383ff/fold_2/fold_2_main_dbl.keras,/mnt/d/INFANT CRY/Models_dbl/Main/runs/20260821T164332Z_490383ff/fold_2/norm_stats_main_dbl.npy,20260821T164332Z_490383ff
rec_1c86fe7fe16836fae2c5,/mnt/d/INFANT CRY/data_set_dbl_split/train/tired/852_F_owh.wav,tired,sha256:159e7f55830a8b469a58ec1436ceba4c0f382e289e97a02be729334dc6a237d8,2,tired,0.010448135435581207,0.013879943639039993,0.013958088122308254,0.012535358779132366,0.9491785168647766,original,/mnt/d/INFANT CRY/Models_dbl/Main/runs/20260821T164332Z_490383ff/fold_2/fold_2_main_dbl.keras,/mnt/d/INFANT CRY/Models_dbl/Main/runs/20260821T164332Z_490383ff/fold_2/norm_stats_main_dbl.npy,20260821T164332Z_490383ff
rec_024aa7d4f202b26f7432,/mnt/d/INFANT CRY/data_set_dbl_split/train/tired/870_M_owh.wav,tired,sha256:830eb67609752f7fee6ad3a8bf9ff1fc16411355b8664c9f58dfad6fc516d21f,2,tired,0.013244709931313992,0.019503844901919365,0.013858041726052761,0.016706930473446846,0.9366864562034607,original,/mnt/d/INFANT CRY/Models_dbl/Main/runs/20260821T164332Z_490383ff/fold_2/fold_2_main_dbl.keras,/mnt/d/INFANT CRY/Models_dbl/Main/runs/20260821T164332Z_490383ff/fold_2/norm_stats_main_dbl.npy,20260821T164332Z_490383ff
rec_d8f9daf02522d0d90587,/mnt/d/INFANT CRY/data_set_dbl_split/train/tired/dunstan-owh_1.wav,tired,sha256:26272410b0177a999355952d7e91ddf786e32be4620a8734b595aa8183504008,2,discomfort,0.02093539386987686,0.08152814954519272,0.7525882124900818,0.11721266061067581,0.02773556113243103,original,/mnt/d/INFANT CRY/Models_dbl/Main/runs/20260821T164332Z_490383ff/fold_2/fold_2_main_dbl.keras,/mnt/d/INFANT CRY/Models_dbl/Main/runs/20260821T164332Z_490383ff/fold_2/norm_stats_main_dbl.npy,20260821T164332Z_490383ff
rec_21e4eb802981d3244577,/mnt/d/INFANT CRY/data_set_dbl_split/train/tired/dunstan-owh_10.wav,tired,sha256:783123616cdb96cd8027bf4e630396e6d36b4e125d3cf07e2a12564d39d21ee0,2,tired,0.011250421404838562,0.016177764162421227,0.012458771467208862,0.013244668021798134,0.946868360042572,original,/mnt/d/INFANT CRY/Models_dbl/Main/runs/20260821T164332Z_490383ff/fold_2/fold_2_main_dbl.keras,/mnt/d/INFANT CRY/Models_dbl/Main/runs/20260821T164332Z_490383ff/fold_2/norm_stats_main_dbl.npy,20260821T164332Z_490383ff
rec_c6253d9d506a1765e396,/mnt/d/INFANT CRY/data_set_dbl_split/train/tired/dunstan-owh_18.wav,tired,sha256:a601737e313fffb7daa4ba8c6c4d2704934b286c5a461dbf55e5c114716ce136,2,tired,0.030898885801434517,0.02563031017780304,0.024283798411488533,0.08539820462465286,0.8337887525558472,original,/mnt/d/INFANT CRY/Models_dbl/Main/runs/20260821T164332Z_490383ff/fold_2/fold_2_main_dbl.keras,/mnt/d/INFANT CRY/Models_dbl/Main/runs/20260821T164332Z_490383ff/fold_2/norm_stats_main_dbl.npy,20260821T164332Z_490383ff
rec_6275d4015e933dcebf10,/mnt/d/INFANT CRY/data_set_dbl_split/train/tired/dunstan-owh_19.wav,tired,sha256:65fe44a1711ed4dfbf10ebb61a492952ced6238ba73bce47edc5a67ecfdc59f1,2,hungry,0.17190003395080566,0.02639804407954216,0.02580150216817856,0.7314317226409912,0.044468726962804794,original,/mnt/d/INFANT CRY/Models_dbl/Main/runs/20260821T164332Z_490383ff/fold_2/fold_2_main_dbl.keras,/mnt/d/INFANT CRY/Models_dbl/Main/runs/20260821T164332Z_490383ff/fold_2/norm_stats_main_dbl.npy,20260821T164332Z_490383ff
rec_3fdcc2940a135cb4bc2c,/mnt/d/INFANT CRY/data_set_dbl_split/train/tired/dunstan-owh_20.wav,tired,sha256:a9741edc95b33f801b576ddb5f633aa4d7ee50e7c498510dfd84e5ac2081c367,2,tired,0.026934610679745674,0.027024226263165474,0.02018561027944088,0.03127618879079819,0.8945794105529785,original,/mnt/d/INFANT CRY/Models_dbl/Main/runs/20260821T164332Z_490383ff/fold_2/fold_2_main_dbl.keras,/mnt/d/INFANT CRY/Models_dbl/Main/runs/20260821T164332Z_490383ff/fold_2/norm_stats_main_dbl.npy,20260821T164332Z_490383ff
rec_201ae050b07f61deddd3,/mnt/d/INFANT CRY/data_set_dbl_split/train/tired/dunstan-owh_21.wav,tired,sha256:a18dd1c42245bf9f06e61714cece4a5177b621d5024aba3752bd9111c9b41677,2,tired,0.02945100888609886,0.021247437223792076,0.02267300710082054,0.07384699583053589,0.8527815937995911,original,/mnt/d/INFANT CRY/Models_dbl/Main/runs/20260821T164332Z_490383ff/fold_2/fold_2_main_dbl.keras,/mnt/d/INFANT CRY/Models_dbl/Main/runs/20260821T164332Z_490383ff/fold_2/norm_stats_main_dbl.npy,20260821T164332Z_490383ff
rec_8177f9e186a5ddb0be27,/mnt/d/INFANT CRY/data_set_dbl_split/train/tired/dunstan-owh_3.wav,tired,sha256:80a99d09e972dee78e2ec62264dad6e714f4288492508b7ecd9e72cee50a668f,2,belly_pain,0.5722729563713074,0.057568684220314026,0.033709146082401276,0.0890313982963562,0.24741780757904053,original,/mnt/d/INFANT CRY/Models_dbl/Main/runs/20260821T164332Z_490383ff/fold_2/fold_2_main_dbl.keras,/mnt/d/INFANT CRY/Models_dbl/Main/runs/20260821T164332Z_490383ff/fold_2/norm_stats_main_dbl.npy,20260821T164332Z_490383ff
rec_c20da6d7a956a73d1bd5,/mnt/d/INFANT CRY/data_set_dbl_split/train/tired/dunstan-owh_36.wav,tired,sha256:3715fcb5ae3b7024b9de09df29d788cb1888e6bb19317fc31f2faf3ed20280e6,2,tired,0.013378833420574665,0.011787181720137596,0.01250995509326458,0.015830285847187042,0.9464936852455139,original,/mnt/d/INFANT CRY/Models_dbl/Main/runs/20260821T164332Z_490383ff/fold_2/fold_2_main_dbl.keras,/mnt/d/INFANT CRY/Models_dbl/Main/runs/20260821T164332Z_490383ff/fold_2/norm_stats_main_dbl.npy,20260821T164332Z_490383ff
rec_6aee9beea238e83aa7a9,/mnt/d/INFANT CRY/data_set_dbl_split/train/tired/dunstan-owh_75.wav,tired,sha256:38be5d3ea66904c7b69e69fa7e897ab0206c2b7d027152cfa84c05ca70d452d0,2,tired,0.02135634981095791,0.012937532737851143,0.014709251001477242,0.02043345384299755,0.9305634498596191,original,/mnt/d/INFANT CRY/Models_dbl/Main/runs/20260821T164332Z_490383ff/fold_2/fold_2_main_dbl.keras,/mnt/d/INFANT CRY/Models_dbl/Main/runs/20260821T164332Z_490383ff/fold_2/norm_stats_main_dbl.npy,20260821T164332Z_490383ff
rec_32de9e44bf2fa1c66efc,/mnt/d/INFANT CRY/data_set_dbl_split/train/tired/dunstan-owh_8.wav,tired,sha256:c81a807ba4029869fa0f95c308dd9d3610f660492e2e58f489b975b64d988e7e,2,tired,0.017055869102478027,0.035303134471178055,0.017019953578710556,0.017056996002793312,0.9135640263557434,original,/mnt/d/INFANT CRY/Models_dbl/Main/runs/20260821T164332Z_490383ff/fold_2/fold_2_main_dbl.keras,/mnt/d/INFANT CRY/Models_dbl/Main/runs/20260821T164332Z_490383ff/fold_2/norm_stats_main_dbl.npy,20260821T164332Z_490383ff
rec_3c400a3cd8526f5968e2,/mnt/d/INFANT CRY/data_set_dbl_split/train/belly_pain/1321_F_eairh.wav,belly_pain,sha256:cfcb1c396f928a7db0054247a6766148beb1b11ac18f384a651b66959b68dd7e,3,hungry,0.024529851973056793,0.018134990707039833,0.01677813194692135,0.9246332049369812,0.015923909842967987,original,/mnt/d/INFANT CRY/Models_dbl/Main/runs/20260821T164332Z_490383ff/fold_3/fold_3_main_dbl.keras,/mnt/d/INFANT CRY/Models_dbl/Main/runs/20260821T164332Z_490383ff/fold_3/norm_stats_main_dbl.npy,20260821T164332Z_490383ff
rec_5d81264429765a29a2c1,/mnt/d/INFANT CRY/data_set_dbl_split/train/belly_pain/1370_M_eairh.wav,belly_pain,sha256:c32711ad200dc7027dd5338e9b0ddd2f9df3c900401403a05c065062a61d864c,3,belly_pain,0.9430657029151917,0.012746566906571388,0.014107790775597095,0.015389157459139824,0.0146908238530159,original,/mnt/d/INFANT CRY/Models_dbl/Main/runs/20260821T164332Z_490383ff/fold_3/fold_3_main_dbl.keras,/mnt/d/INFANT CRY/Models_dbl/Main/runs/20260821T164332Z_490383ff/fold_3/norm_stats_main_dbl.npy,20260821T164332Z_490383ff
rec_8cea211c8ae2584daf02,/mnt/d/INFANT CRY/data_set_dbl_split/train/belly_pain/1516_M_eairh.wav,belly_pain,sha256:5a1c58c4d3cad2859ad8b8a664619b615cf9ab17a0142a7808ed3a8139d9df80,3,belly_pain,0.8455937504768372,0.031877633184194565,0.028369123116135597,0.02268202416598797,0.07147738337516785,original,/mnt/d/INFANT CRY/Models_dbl/Main/runs/20260821T164332Z_490383ff/fold_3/fold_3_main_dbl.keras,/mnt/d/INFANT CRY/Models_dbl/Main/runs/20260821T164332Z_490383ff/fold_3/norm_stats_main_dbl.npy,20260821T164332Z_490383ff
rec_4540c986f8cce2bafa2c,/mnt/d/INFANT CRY/data_set_dbl_split/train/belly_pain/1554_M_eairh.wav,belly_pain,sha256:3bf9b0054fbf35ef0935161c2c32d4c300cab9512aa7404b5fd272e75712be36,3,belly_pain,0.9329912066459656,0.018394993618130684,0.014973118901252747,0.018918480724096298,0.014722290448844433,original,/mnt/d/INFANT CRY/Models_dbl/Main/runs/20260821T164332Z_490383ff/fold_3/fold_3_main_dbl.keras,/mnt/d/INFANT CRY/Models_dbl/Main/runs/20260821T164332Z_490383ff/fold_3/norm_stats_main_dbl.npy,20260821T164332Z_490383ff
rec_4771cea23a26a41b1167,/mnt/d/INFANT CRY/data_set_dbl_split/train/belly_pain/216_M_eairh.wav,belly_pain,sha256:e7da0e31a37cbff8d2663a2cae5a92dc072c1dcc038ff67809acdb828b716224,3,belly_pain,0.9407892227172852,0.01563521847128868,0.013041026890277863,0.017725104466080666,0.012809474021196365,original,/mnt/d/INFANT CRY/Models_dbl/Main/runs/20260821T164332Z_490383ff/fold_3/fold_3_main_dbl.keras,/mnt/d/INFANT CRY/Models_dbl/Main/runs/20260821T164332Z_490383ff/fold_3/norm_stats_main_dbl.npy,20260821T164332Z_490383ff
rec_020faabb65976146dcf3,/mnt/d/INFANT CRY/data_set_dbl_split/train/belly_pain/2210_M_eairh.wav,belly_pain,sha256:0730bb9f981a9e71d30c01c4cb8b49dd92462961dba49917b09d4e8259bb267b,3,belly_pain,0.9397323131561279,0.01605355180799961,0.014551673084497452,0.015532311983406544,0.01413000375032425,original,/mnt/d/INFANT CRY/Models_dbl/Main/runs/20260821T164332Z_490383ff/fold_3/fold_3_main_dbl.keras,/mnt/d/INFANT CRY/Models_dbl/Main/runs/20260821T164332Z_490383ff/fold_3/norm_stats_main_dbl.npy,20260821T164332Z_490383ff
rec_f3c9e9d220dc2e97e90a,/mnt/d/INFANT CRY/data_set_dbl_split/train/belly_pain/2760_F_eairh.wav,belly_pain,sha256:1d7b10517ef1207ede8aa83b2afbded6e7b52087bc5f8bf069726ecd560fc7d8,3,tired,0.09710320830345154,0.3049844801425934,0.2530098557472229,0.03504352271556854,0.30985891819000244,original,/mnt/d/INFANT CRY/Models_dbl/Main/runs/20260821T164332Z_490383ff/fold_3/fold_3_main_dbl.keras,/mnt/d/INFANT CRY/Models_dbl/Main/runs/20260821T164332Z_490383ff/fold_3/norm_stats_main_dbl.npy,20260821T164332Z_490383ff
rec_1b0acd4606aae95bef48,/mnt/d/INFANT CRY/data_set_dbl_split/train/belly_pain/2987_F_eairh.wav,belly_pain,sha256:88411a1a41bf5d311007d0c5c10d0e3b54fdf7360d6bcbed043399e29139460f,3,belly_pain,0.9304255843162537,0.018873149529099464,0.015774564817547798,0.018672805279493332,0.01625397987663746,original,/mnt/d/INFANT CRY/Models_dbl/Main/runs/20260821T164332Z_490383ff/fold_3/fold_3_main_dbl.keras,/mnt/d/INFANT CRY/Models_dbl/Main/runs/20260821T164332Z_490383ff/fold_3/norm_stats_main_dbl.npy,20260821T164332Z_490383ff
rec_c7ab84dc1e25a511f089,/mnt/d/INFANT CRY/data_set_dbl_split/train/belly_pain/3054_M_eairh.wav,belly_pain,sha256:6bc38b9d403174682237bddf276b0324d8012977537635873e41d7e975daab8f,3,belly_pain,0.9432417154312134,0.013422556221485138,0.013313757255673409,0.016792945563793182,0.013229059986770153,original,/mnt/d/INFANT CRY/Models_dbl/Main/runs/20260821T164332Z_490383ff/fold_3/fold_3_main_dbl.keras,/mnt/d/INFANT CRY/Models_dbl/Main/runs/20260821T164332Z_490383ff/fold_3/norm_stats_main_dbl.npy,20260821T164332Z_490383ff
rec_df6f22b942b4fbdceea0,/mnt/d/INFANT CRY/data_set_dbl_split/train/belly_pain/318_M_eairh.wav,belly_pain,sha256:95eed985c356955c07b482e5659cab0643f279898a6991cfaac93754be289e19,3,belly_pain,0.9448525905609131,0.012811741791665554,0.012540495954453945,0.016315922141075134,0.013479230925440788,original,/mnt/d/INFANT CRY/Models_dbl/Main/runs/20260821T164332Z_490383ff/fold_3/fold_3_main_dbl.keras,/mnt/d/INFANT CRY/Models_dbl/Main/runs/20260821T164332Z_490383ff/fold_3/norm_stats_main_dbl.npy,20260821T164332Z_490383ff
rec_9516de195d0ec83f4725,/mnt/d/INFANT CRY/data_set_dbl_split/train/belly_pain/3195_M_eairh.wav,belly_pain,sha256:12a874a78d402677bd05a62326e9310b0d77e378d85c52c8d497825962e99254,3,belly_pain,0.9296815991401672,0.014512794092297554,0.015599703416228294,0.019901692867279053,0.020304186269640923,original,/mnt/d/INFANT CRY/Models_dbl/Main/runs/20260821T164332Z_490383ff/fold_3/fold_3_main_dbl.keras,/mnt/d/INFANT CRY/Models_dbl/Main/runs/20260821T164332Z_490383ff/fold_3/norm_stats_main_dbl.npy,20260821T164332Z_490383ff
rec_0c6c903753d565dac519,/mnt/d/INFANT CRY/data_set_dbl_split/train/belly_pain/3505_M_eairh.wav,belly_pain,sha256:133479c9df3653470edfd7b3a52ff55174ade4b6f027dc9bdd13db51aa982762,3,belly_pain,0.9008578658103943,0.021997487172484398,0.018943047150969505,0.022984499111771584,0.03521709516644478,original,/mnt/d/INFANT CRY/Models_dbl/Main/runs/20260821T164332Z_490383ff/fold_3/fold_3_main_dbl.keras,/mnt/d/INFANT CRY/Models_dbl/Main/runs/20260821T164332Z_490383ff/fold_3/norm_stats_main_dbl.npy,20260821T164332Z_490383ff
rec_d433c8ac12980d0cc901,/mnt/d/INFANT CRY/data_set_dbl_split/train/belly_pain/3619_M_eairh.wav,belly_pain,sha256:001331b4573eb6615c2ffdd822877fe448c120ad685be39fb2fa7dd3fe8649ce,3,belly_pain,0.9084283113479614,0.01622691936790943,0.018373100087046623,0.02869867905974388,0.02827293798327446,original,/mnt/d/INFANT CRY/Models_dbl/Main/runs/20260821T164332Z_490383ff/fold_3/fold_3_main_dbl.keras,/mnt/d/INFANT CRY/Models_dbl/Main/runs/20260821T164332Z_490383ff/fold_3/norm_stats_main_dbl.npy,20260821T164332Z_490383ff
rec_ab7a13884b2d82c96982,/mnt/d/INFANT CRY/data_set_dbl_split/train/belly_pain/3858_M_eairh.wav,belly_pain,sha256:5bd3e7b191aee79c9d476556f85443c82a7417ac7baa3a5c60b7366e614bf121,3,tired,0.015118137001991272,0.013707699254155159,0.013814893551170826,0.01518806628882885,0.9421712160110474,original,/mnt/d/INFANT CRY/Models_dbl/Main/runs/20260821T164332Z_490383ff/fold_3/fold_3_main_dbl.keras,/mnt/d/INFANT CRY/Models_dbl/Main/runs/20260821T164332Z_490383ff/fold_3/norm_stats_main_dbl.npy,20260821T164332Z_490383ff
rec_b9167ff33ed6aa5cabea,/mnt/d/INFANT CRY/data_set_dbl_split/train/belly_pain/4452_F_eairh.wav,belly_pain,sha256:ad37ffb4a0340f29fcd027ef23dcaf57df1f5e84e60aca62382a04203e9cc029,3,tired,0.11967697739601135,0.031012006103992462,0.0364827886223793,0.03574676066637039,0.7770814895629883,original,/mnt/d/INFANT CRY/Models_dbl/Main/runs/20260821T164332Z_490383ff/fold_3/fold_3_main_dbl.keras,/mnt/d/INFANT CRY/Models_dbl/Main/runs/20260821T164332Z_490383ff/fold_3/norm_stats_main_dbl.npy,20260821T164332Z_490383ff
rec_8edd741f68bb4fc40004,/mnt/d/INFANT CRY/data_set_dbl_split/train/belly_pain/446_M_eairh.wav,belly_pain,sha256:5bf5cc26e9406e5b90d9b68d47e1b21fa7c98ddea17695ac7585e05a2de1fc95,3,belly_pain,0.9373089075088501,0.015121513046324253,0.017858004197478294,0.014110125601291656,0.015601485036313534,original,/mnt/d/INFANT CRY/Models_dbl/Main/runs/20260821T164332Z_490383ff/fold_3/fold_3_main_dbl.keras,/mnt/d/INFANT CRY/Models_dbl/Main/runs/20260821T164332Z_490383ff/fold_3/norm_stats_main_dbl.npy,20260821T164332Z_490383ff
rec_774e95ea65e8ccac1202,/mnt/d/INFANT CRY/data_set_dbl_split/train/belly_pain/4684_M_eairh.wav,belly_pain,sha256:c26b44279431f42c349cf79784dcea6de03cbb0342cde5868894d0f95de82205,3,belly_pain,0.9443618059158325,0.013550992123782635,0.01287344191223383,0.01519912388175726,0.014014620333909988,original,/mnt/d/INFANT CRY/Models_dbl/Main/runs/20260821T164332Z_490383ff/fold_3/fold_3_main_dbl.keras,/mnt/d/INFANT CRY/Models_dbl/Main/runs/20260821T164332Z_490383ff/fold_3/norm_stats_main_dbl.npy,20260821T164332Z_490383ff
rec_9fe218fb42a48370949d,/mnt/d/INFANT CRY/data_set_dbl_split/train/belly_pain/476_M_eairh.wav,belly_pain,sha256:d2495d4be24b8916b6bb185b111ecebb73084b525668c28bb7d6af9e6b3db559,3,belly_pain,0.943374752998352,0.012628721073269844,0.015185925178229809,0.014155345037579536,0.014655280858278275,original,/mnt/d/INFANT CRY/Models_dbl/Main/runs/20260821T164332Z_490383ff/fold_3/fold_3_main_dbl.keras,/mnt/d/INFANT CRY/Models_dbl/Main/runs/20260821T164332Z_490383ff/fold_3/norm_stats_main_dbl.npy,20260821T164332Z_490383ff
rec_db04a08c8cb045de0940,/mnt/d/INFANT CRY/data_set_dbl_split/train/belly_pain/4896_M_eairh.wav,belly_pain,sha256:1eccaa3bd4cdb0737870727823dbfd59114714a88f1514450d9ea2ab7ca1ac0b,3,belly_pain,0.9421371221542358,0.013695619069039822,0.013928604312241077,0.014911207370460033,0.015327457338571548,original,/mnt/d/INFANT CRY/Models_dbl/Main/runs/20260821T164332Z_490383ff/fold_3/fold_3_main_dbl.keras,/mnt/d/INFANT CRY/Models_dbl/Main/runs/20260821T164332Z_490383ff/fold_3/norm_stats_main_dbl.npy,20260821T164332Z_490383ff
rec_07826f6464f9e0639207,/mnt/d/INFANT CRY/data_set_dbl_split/train/belly_pain/dunstan-eairh_3.wav,belly_pain,sha256:990eaa82021906430785213347adbfe4f0f738e2f05fb3373fcfdec34c1b98cf,3,belly_pain,0.9446460604667664,0.013260181061923504,0.01338269468396902,0.01531444862484932,0.01339665800333023,original,/mnt/d/INFANT CRY/Models_dbl/Main/runs/20260821T164332Z_490383ff/fold_3/fold_3_main_dbl.keras,/mnt/d/INFANT CRY/Models_dbl/Main/runs/20260821T164332Z_490383ff/fold_3/norm_stats_main_dbl.npy,20260821T164332Z_490383ff
rec_6ddf02f097374f28d75a,/mnt/d/INFANT CRY/data_set_dbl_split/train/belly_pain/dunstan-eairh_4.wav,belly_pain,sha256:1451a28cf5ec72f0a265d41bf00754601b0d021035c96e497622c7de123c4c87,3,belly_pain,0.9456648230552673,0.013328999280929565,0.013183760456740856,0.015630343928933144,0.0121921356767416,original,/mnt/d/INFANT CRY/Models_dbl/Main/runs/20260821T164332Z_490383ff/fold_3/fold_3_main_dbl.keras,/mnt/d/INFANT CRY/Models_dbl/Main/runs/20260821T164332Z_490383ff/fold_3/norm_stats_main_dbl.npy,20260821T164332Z_490383ff
rec_b2242a410e34ac87e103,/mnt/d/INFANT CRY/data_set_dbl_split/train/belly_pain/dunstan-eairh_7.wav,belly_pain,sha256:89577d9bb58322056e964be62c92957655aeedb628e052baed1e76ab436b6d54,3,belly_pain,0.9196655750274658,0.015726322308182716,0.02341129258275032,0.01870076172053814,0.022496014833450317,original,/mnt/d/INFANT CRY/Models_dbl/Main/runs/20260821T164332Z_490383ff/fold_3/fold_3_main_dbl.keras,/mnt/d/INFANT CRY/Models_dbl/Main/runs/20260821T164332Z_490383ff/fold_3/norm_stats_main_dbl.npy,20260821T164332Z_490383ff
rec_8e1af1b14f5eefa2208e,/mnt/d/INFANT CRY/data_set_dbl_split/train/burping/103_M_eh.wav,burping,sha256:3fc6d71e2da6c30e162771b1bebdd452fed1689baf623395b987aca747aaacd3,3,burping,0.016562066972255707,0.9373601078987122,0.014956910163164139,0.016265280544757843,0.014855679124593735,original,/mnt/d/INFANT CRY/Models_dbl/Main/runs/20260821T164332Z_490383ff/fold_3/fold_3_main_dbl.keras,/mnt/d/INFANT CRY/Models_dbl/Main/runs/20260821T164332Z_490383ff/fold_3/norm_stats_main_dbl.npy,20260821T164332Z_490383ff
rec_ce25498c6756bcb99abd,/mnt/d/INFANT CRY/data_set_dbl_split/train/burping/1228_M_eh.wav,burping,sha256:1128f3cfbd398ea0d6545e30b75e1752191d49f6edfe3ff7f82849b961e5eb7a,3,burping,0.015097792260348797,0.9409556984901428,0.013502459041774273,0.015527397394180298,0.014916603453457355,original,/mnt/d/INFANT CRY/Models_dbl/Main/runs/20260821T164332Z_490383ff/fold_3/fold_3_main_dbl.keras,/mnt/d/INFANT CRY/Models_dbl/Main/runs/20260821T164332Z_490383ff/fold_3/norm_stats_main_dbl.npy,20260821T164332Z_490383ff
rec_5a1f57001a9a5cb17ad8,/mnt/d/INFANT CRY/data_set_dbl_split/train/burping/127_F_eh.wav,burping,sha256:c3dea00222599d49d57fe8193035082e86625cfc0fafbc0515c3e2b8c2c6be51,3,burping,0.01693948544561863,0.9340604543685913,0.015317945741117,0.017110498622059822,0.0165716540068388,original,/mnt/d/INFANT CRY/Models_dbl/Main/runs/20260821T164332Z_490383ff/fold_3/fold_3_main_dbl.keras,/mnt/d/INFANT CRY/Models_dbl/Main/runs/20260821T164332Z_490383ff/fold_3/norm_stats_main_dbl.npy,20260821T164332Z_490383ff
rec_30cbe93e75857a181f3d,/mnt/d/INFANT CRY/data_set_dbl_split/train/burping/128_M_eh.wav,burping,sha256:eff6f3f12c2b2a77a8da3b2ce3cd514b49503568131174cf03bf9c967e14030c,3,burping,0.014705490320920944,0.9433929920196533,0.014654936268925667,0.013106286525726318,0.014140243642032146,original,/mnt/d/INFANT CRY/Models_dbl/Main/runs/20260821T164332Z_490383ff/fold_3/fold_3_main_dbl.keras,/mnt/d/INFANT CRY/Models_dbl/Main/runs/20260821T164332Z_490383ff/fold_3/norm_stats_main_dbl.npy,20260821T164332Z_490383ff
rec_91a8baa5de8351206dc1,/mnt/d/INFANT CRY/data_set_dbl_split/train/burping/1310_M_eh.wav,burping,sha256:d3aaf72c55489f123a502254549835d0a189ab94d1e6633c828eb0a94bcab498,3,burping,0.017458118498325348,0.9286463260650635,0.02176523581147194,0.016446486115455627,0.015683861449360847,original,/mnt/d/INFANT CRY/Models_dbl/Main/runs/20260821T164332Z_490383ff/fold_3/fold_3_main_dbl.keras,/mnt/d/INFANT CRY/Models_dbl/Main/runs/20260821T164332Z_490383ff/fold_3/norm_stats_main_dbl.npy,20260821T164332Z_490383ff
rec_9445293072e9382ce647,/mnt/d/INFANT CRY/data_set_dbl_split/train/burping/1460_M_eh.wav,burping,sha256:76ead9148c54c2974a13926c73ba0f5766829f3571ea2d1cf10c9fb8298b68a3,3,burping,0.016690146178007126,0.9347884058952332,0.015724748373031616,0.016608817502856255,0.016187863424420357,original,/mnt/d/INFANT CRY/Models_dbl/Main/runs/20260821T164332Z_490383ff/fold_3/fold_3_main_dbl.keras,/mnt/d/INFANT CRY/Models_dbl/Main/runs/20260821T164332Z_490383ff/fold_3/norm_stats_main_dbl.npy,20260821T164332Z_490383ff
rec_1b0eec91879fb66550c3,/mnt/d/INFANT CRY/data_set_dbl_split/train/burping/151_F_eh.wav,burping,sha256:ff8ae7dfe2a18b37528c72d2736c2ebd7eed74443eabb520bb03149f0ba8d466,3,burping,0.01543504185974598,0.9436579942703247,0.014056178741157055,0.013075043447315693,0.013775785453617573,original,/mnt/d/INFANT CRY/Models_dbl/Main/runs/20260821T164332Z_490383ff/fold_3/fold_3_main_dbl.keras,/mnt/d/INFANT CRY/Models_dbl/Main/runs/20260821T164332Z_490383ff/fold_3/norm_stats_main_dbl.npy,20260821T164332Z_490383ff
rec_7b7948d30dc8ee511ce2,/mnt/d/INFANT CRY/data_set_dbl_split/train/burping/1772_M_eh.wav,burping,sha256:b20735677bdee6520762421b6682a60f868bceab57772af8b29cc46756d2ef6c,3,burping,0.015505343675613403,0.9347401857376099,0.015637798234820366,0.015685483813285828,0.018431253731250763,original,/mnt/d/INFANT CRY/Models_dbl/Main/runs/20260821T164332Z_490383ff/fold_3/fold_3_main_dbl.keras,/mnt/d/INFANT CRY/Models_dbl/Main/runs/20260821T164332Z_490383ff/fold_3/norm_stats_main_dbl.npy,20260821T164332Z_490383ff
rec_1113b5c1927b463e6187,/mnt/d/INFANT CRY/data_set_dbl_split/train/burping/1928_M_eh.wav,burping,sha256:f329353d359487403f183ab1cc96e697fa7683e3b800f5a849a02b79a3e2a6c6,3,burping,0.01498181652277708,0.9394844770431519,0.014141608960926533,0.015807565301656723,0.015584465116262436,original,/mnt/d/INFANT CRY/Models_dbl/Main/runs/20260821T164332Z_490383ff/fold_3/fold_3_main_dbl.keras,/mnt/d/INFANT CRY/Models_dbl/Main/runs/20260821T164332Z_490383ff/fold_3/norm_stats_main_dbl.npy,20260821T164332Z_490383ff
rec_d44661adfd4d790a00cd,/mnt/d/INFANT CRY/data_set_dbl_split/train/burping/1964_M_eh.wav,burping,sha256:b33b67715d913003c362ae912895fe0bc05642ce11fa443d76f9084da2aa761a,3,burping,0.016261514276266098,0.9370836615562439,0.015795208513736725,0.01575903780758381,0.015100587159395218,original,/mnt/d/INFANT CRY/Models_dbl/Main/runs/20260821T164332Z_490383ff/fold_3/fold_3_main_dbl.keras,/mnt/d/INFANT CRY/Models_dbl/Main/runs/20260821T164332Z_490383ff/fold_3/norm_stats_main_dbl.npy,20260821T164332Z_490383ff
rec_695acf24f6b621bf6938,/mnt/d/INFANT CRY/data_set_dbl_split/train/burping/2185_M_eh.wav,burping,sha256:7623594e45392444b4bea1d6977a4a200705db4bbcaa465515d51d8903b278fb,3,hungry,0.015109403058886528,0.016866281628608704,0.014286446385085583,0.938199520111084,0.015538323670625687,original,/mnt/d/INFANT CRY/Models_dbl/Main/runs/20260821T164332Z_490383ff/fold_3/fold_3_main_dbl.keras,/mnt/d/INFANT CRY/Models_dbl/Main/runs/20260821T164332Z_490383ff/fold_3/norm_stats_main_dbl.npy,20260821T164332Z_490383ff
rec_4cb288cfddc38ac25391,/mnt/d/INFANT CRY/data_set_dbl_split/train/burping/2369_M_eh.wav,burping,sha256:0e344753ff8aecfdd5b9aff44935e0e1b0a7f5027f094457c6cf200b8dc8c49b,3,burping,0.01623004861176014,0.9367468357086182,0.01466907374560833,0.017180366441607475,0.015173668973147869,original,/mnt/d/INFANT CRY/Models_dbl/Main/runs/20260821T164332Z_490383ff/fold_3/fold_3_main_dbl.keras,/mnt/d/INFANT CRY/Models_dbl/Main/runs/20260821T164332Z_490383ff/fold_3/norm_stats_main_dbl.npy,20260821T164332Z_490383ff
rec_c02402c6d2a894138d12,/mnt/d/INFANT CRY/data_set_dbl_split/train/burping/2563_M_eh.wav,burping,sha256:53f7465b38a45035fdc71d898195a4d84386109aaba55a5d1c74c5e863796681,3,burping,0.014272920787334442,0.9431724548339844,0.014053227379918098,0.013812143355607986,0.014689194038510323,original,/mnt/d/INFANT CRY/Models_dbl/Main/runs/20260821T164332Z_490383ff/fold_3/fold_3_main_dbl.keras,/mnt/d/INFANT CRY/Models_dbl/Main/runs/20260821T164332Z_490383ff/fold_3/norm_stats_main_dbl.npy,20260821T164332Z_490383ff
rec_f4fd052ddfb5de0888a3,/mnt/d/INFANT CRY/data_set_dbl_split/train/burping/2638_F_eh.wav,burping,sha256:994fd9b98ee7114391e5e8a05f96b175b7fb08da784aeb4e8ca41c4d5c338834,3,tired,0.01786397397518158,0.018516046926379204,0.015541181899607182,0.023093361407518387,0.9249854683876038,original,/mnt/d/INFANT CRY/Models_dbl/Main/runs/20260821T164332Z_490383ff/fold_3/fold_3_main_dbl.keras,/mnt/d/INFANT CRY/Models_dbl/Main/runs/20260821T164332Z_490383ff/fold_3/norm_stats_main_dbl.npy,20260821T164332Z_490383ff
rec_c34b88121001eab934e2,/mnt/d/INFANT CRY/data_set_dbl_split/train/burping/2915_M_eh.wav,burping,sha256:7a80df0c8b61c87167c7e72f30ff7b5c789f3381a5e03e589e301a7257075bde,3,belly_pain,0.890434980392456,0.033441171050071716,0.02406895160675049,0.028658609837293625,0.02339632622897625,original,/mnt/d/INFANT CRY/Models_dbl/Main/runs/20260821T164332Z_490383ff/fold_3/fold_3_main_dbl.keras,/mnt/d/INFANT CRY/Models_dbl/Main/runs/20260821T164332Z_490383ff/fold_3/norm_stats_main_dbl.npy,20260821T164332Z_490383ff
rec_c486f7a4a819eb438fe8,/mnt/d/INFANT CRY/data_set_dbl_split/train/burping/2959_M_eh.wav,burping,sha256:16f2fda14a77ba41116ba065cd1f9eca987341a6b8fa96cf41018921e88c5441,3,burping,0.01574127748608589,0.9378347992897034,0.014850188046693802,0.016419462859630585,0.015154264867305756,original,/mnt/d/INFANT CRY/Models_dbl/Main/runs/20260821T164332Z_490383ff/fold_3/fold_3_main_dbl.keras,/mnt/d/INFANT CRY/Models_dbl/Main/runs/20260821T164332Z_490383ff/fold_3/norm_stats_main_dbl.npy,20260821T164332Z_490383ff
rec_1eb9fd4af465d3df769d,/mnt/d/INFANT CRY/data_set_dbl_split/train/burping/306_M_eh.wav,burping,sha256:3d1d3a9de22b3dd9a75a28076f0666d9fe8b7e10905539bcd0c8503979d75741,3,burping,0.016581036150455475,0.9325063228607178,0.015108583495020866,0.018809136003255844,0.01699492707848549,original,/mnt/d/INFANT CRY/Models_dbl/Main/runs/20260821T164332Z_490383ff/fold_3/fold_3_main_dbl.keras,/mnt/d/INFANT CRY/Models_dbl/Main/runs/20260821T164332Z_490383ff/fold_3/norm_stats_main_dbl.npy,20260821T164332Z_490383ff
rec_30ab2bd552cfc2d7e12b,/mnt/d/INFANT CRY/data_set_dbl_split/train/burping/3184_M_eh.wav,burping,sha256:74e17cc1655bb5991612f017cbc8fdcc41590242aaa4bb82867fe967a972c1d1,3,burping,0.019240448251366615,0.9233689308166504,0.022294217720627785,0.01937519758939743,0.015721263363957405,original,/mnt/d/INFANT CRY/Models_dbl/Main/runs/20260821T164332Z_490383ff/fold_3/fold_3_main_dbl.keras,/mnt/d/INFANT CRY/Models_dbl/Main/runs/20260821T164332Z_490383ff/fold_3/norm_stats_main_dbl.npy,20260821T164332Z_490383ff
rec_8405ff9deb2601ec3688,/mnt/d/INFANT CRY/data_set_dbl_split/train/burping/3263_F_eh.wav,burping,sha256:d9a8ea049618faa3cf9d1e9b6a9460fd8c31fcd63f9419490102db02085a7680,3,burping,0.017578834667801857,0.9364289045333862,0.015985125675797462,0.014337461441755295,0.015669681131839752,original,/mnt/d/INFANT CRY/Models_dbl/Main/runs/20260821T164332Z_490383ff/fold_3/fold_3_main_dbl.keras,/mnt/d/INFANT CRY/Models_dbl/Main/runs/20260821T164332Z_490383ff/fold_3/norm_stats_main_dbl.npy,20260821T164332Z_490383ff
rec_76d86ebe51c4717b2eef,/mnt/d/INFANT CRY/data_set_dbl_split/train/burping/3332_M_eh.wav,burping,sha256:86841c08ebd872a14a443438c9a13b68b5c973db8af04f6fc8989540ce8186d3,3,burping,0.014967779628932476,0.9431647062301636,0.015017207711935043,0.012929320335388184,0.01392102986574173,original,/mnt/d/INFANT CRY/Models_dbl/Main/runs/20260821T164332Z_490383ff/fold_3/fold_3_main_dbl.keras,/mnt/d/INFANT CRY/Models_dbl/Main/runs/20260821T164332Z_490383ff/fold_3/norm_stats_main_dbl.npy,20260821T164332Z_490383ff
rec_e3f5a660e3b815100438,/mnt/d/INFANT CRY/data_set_dbl_split/train/burping/3350_M_eh.wav,burping,sha256:fbe257930001cde02f4e7569e9aff08008219a16d6d4755ebacb01b7c2a08c28,3,burping,0.01734941080212593,0.9380261898040771,0.016640275716781616,0.013670670799911022,0.014313342981040478,original,/mnt/d/INFANT CRY/Models_dbl/Main/runs/20260821T164332Z_490383ff/fold_3/fold_3_main_dbl.keras,/mnt/d/INFANT CRY/Models_dbl/Main/runs/20260821T164332Z_490383ff/fold_3/norm_stats_main_dbl.npy,20260821T164332Z_490383ff
rec_a3b246b844a903219afc,/mnt/d/INFANT CRY/data_set_dbl_split/train/burping/336_F_eh.wav,burping,sha256:b9acd86c44e7a37c97382c515435ab53825308662ab78effd5910cedfbc2a0d3,3,burping,0.014970340766012669,0.9404364824295044,0.013276314362883568,0.016141539439558983,0.015175233595073223,original,/mnt/d/INFANT CRY/Models_dbl/Main/runs/20260821T164332Z_490383ff/fold_3/fold_3_main_dbl.keras,/mnt/d/INFANT CRY/Models_dbl/Main/runs/20260821T164332Z_490383ff/fold_3/norm_stats_main_dbl.npy,20260821T164332Z_490383ff
rec_fbd8c164275be77b1eeb,/mnt/d/INFANT CRY/data_set_dbl_split/train/burping/3420_M_eh.wav,burping,sha256:9bf814e9f9e17ae5e8d256d180824b9604a1162c6a7620bec7be570a3f42daae,3,burping,0.01486910693347454,0.942552387714386,0.016095664352178574,0.013272586278617382,0.013210248202085495,original,/mnt/d/INFANT CRY/Models_dbl/Main/runs/20260821T164332Z_490383ff/fold_3/fold_3_main_dbl.keras,/mnt/d/INFANT CRY/Models_dbl/Main/runs/20260821T164332Z_490383ff/fold_3/norm_stats_main_dbl.npy,20260821T164332Z_490383ff
rec_08e93b1ae68a5813da75,/mnt/d/INFANT CRY/data_set_dbl_split/train/burping/3641_M_eh.wav,burping,sha256:e9f114db12c2756938bbfcf360b632a9f944a4f753b1fb936757bc4f211c494f,3,burping,0.04602507874369621,0.6022329330444336,0.03350056707859039,0.04637470096349716,0.27186670899391174,original,/mnt/d/INFANT CRY/Models_dbl/Main/runs/20260821T164332Z_490383ff/fold_3/fold_3_main_dbl.keras,/mnt/d/INFANT CRY/Models_dbl/Main/runs/20260821T164332Z_490383ff/fold_3/norm_stats_main_dbl.npy,20260821T164332Z_490383ff
rec_fc9986972c06dede6fb5,/mnt/d/INFANT CRY/data_set_dbl_split/train/burping/366_M_eh.wav,burping,sha256:88f60da07055c74228559de5161a78c6f2136827dc7e6ca907a6b60523fb09c4,3,burping,0.0178330410271883,0.934634804725647,0.016308916732668877,0.016848111525177956,0.014375092461705208,original,/mnt/d/INFANT CRY/Models_dbl/Main/runs/20260821T164332Z_490383ff/fold_3/fold_3_main_dbl.keras,/mnt/d/INFANT CRY/Models_dbl/Main/runs/20260821T164332Z_490383ff/fold_3/norm_stats_main_dbl.npy,20260821T164332Z_490383ff
rec_c406d6a42a64a393f607,/mnt/d/INFANT CRY/data_set_dbl_split/train/burping/3828_M_eh.wav,burping,sha256:3123ccb415bb317f14720fb25ff9888e1e21ab6799e84817da04a2803f1fa13f,3,burping,0.018096856772899628,0.926173210144043,0.017652694135904312,0.020662974566221237,0.017414290457963943,original,/mnt/d/INFANT CRY/Models_dbl/Main/runs/20260821T164332Z_490383ff/fold_3/fold_3_main_dbl.keras,/mnt/d/INFANT CRY/Models_dbl/Main/runs/20260821T164332Z_490383ff/fold_3/norm_stats_main_dbl.npy,20260821T164332Z_490383ff
rec_d87509cfc191a34d274c,/mnt/d/INFANT CRY/data_set_dbl_split/train/burping/4290_M_eh.wav,burping,sha256:a3301c86fa3f13c571f42aba0ea2d8e3848dd4b7a9f06996868c366ce6b68d35,3,burping,0.01602242887020111,0.9373337030410767,0.01626010797917843,0.014237853698432446,0.016145769506692886,original,/mnt/d/INFANT CRY/Models_dbl/Main/runs/20260821T164332Z_490383ff/fold_3/fold_3_main_dbl.keras,/mnt/d/INFANT CRY/Models_dbl/Main/runs/20260821T164332Z_490383ff/fold_3/norm_stats_main_dbl.npy,20260821T164332Z_490383ff
rec_7d6aa6a7af750f0245fb,/mnt/d/INFANT CRY/data_set_dbl_split/train/burping/4321_M_eh.wav,burping,sha256:18c8648b23456a9c3f720d089a4e9ef0c68113b3256bb55e7bafb58c04445480,3,burping,0.015376435592770576,0.9425274133682251,0.013810934498906136,0.013851017691195011,0.01443418674170971,original,/mnt/d/INFANT CRY/Models_dbl/Main/runs/20260821T164332Z_490383ff/fold_3/fold_3_main_dbl.keras,/mnt/d/INFANT CRY/Models_dbl/Main/runs/20260821T164332Z_490383ff/fold_3/norm_stats_main_dbl.npy,20260821T164332Z_490383ff
rec_eebb212fc609ed557451,/mnt/d/INFANT CRY/data_set_dbl_split/train/burping/463_M_eh.wav,burping,sha256:8452cb3dab4f2be1640ee40ae1990df62e2df7e806809ea0d2098947d8127898,3,burping,0.015593651682138443,0.9392881989479065,0.01489366963505745,0.014988889917731285,0.015235519967973232,original,/mnt/d/INFANT CRY/Models_dbl/Main/runs/20260821T164332Z_490383ff/fold_3/fold_3_main_dbl.keras,/mnt/d/INFANT CRY/Models_dbl/Main/runs/20260821T164332Z_490383ff/fold_3/norm_stats_main_dbl.npy,20260821T164332Z_490383ff
rec_e58eee6343a66a9607b3,/mnt/d/INFANT CRY/data_set_dbl_split/train/burping/67_M_eh.wav,burping,sha256:74f5631edcfe772b8fbe0f956d57600709f1b95eebe3140214550d453f248672,3,burping,0.013723478652536869,0.9436777234077454,0.01399633102118969,0.014050903730094433,0.014551523141562939,original,/mnt/d/INFANT CRY/Models_dbl/Main/runs/20260821T164332Z_490383ff/fold_3/fold_3_main_dbl.keras,/mnt/d/INFANT CRY/Models_dbl/Main/runs/20260821T164332Z_490383ff/fold_3/norm_stats_main_dbl.npy,20260821T164332Z_490383ff
rec_52dddcd2a42250d2ad7f,/mnt/d/INFANT CRY/data_set_dbl_split/train/burping/737_M_eh.wav,burping,sha256:c93ad2b18115d47c3692e1d178a4863077741546c0610eb841cbc1d603f84af7,3,burping,0.014741265214979649,0.9446284770965576,0.014042596332728863,0.01279993075877428,0.013787795789539814,original,/mnt/d/INFANT CRY/Models_dbl/Main/runs/20260821T164332Z_490383ff/fold_3/fold_3_main_dbl.keras,/mnt/d/INFANT CRY/Models_dbl/Main/runs/20260821T164332Z_490383ff/fold_3/norm_stats_main_dbl.npy,20260821T164332Z_490383ff
rec_98dbc8f48996f1a11dcf,/mnt/d/INFANT CRY/data_set_dbl_split/train/burping/739_M_eh.wav,burping,sha256:b83b2f104596b489823abc810e00459736c7542bbee6c8c1e20f5fc3cca4d832,3,burping,0.015962153673171997,0.9338582754135132,0.015057570300996304,0.01837998442351818,0.016741950064897537,original,/mnt/d/INFANT CRY/Models_dbl/Main/runs/20260821T164332Z_490383ff/fold_3/fold_3_main_dbl.keras,/mnt/d/INFANT CRY/Models_dbl/Main/runs/20260821T164332Z_490383ff/fold_3/norm_stats_main_dbl.npy,20260821T164332Z_490383ff
rec_8cede20c0b7f85203c3e,/mnt/d/INFANT CRY/data_set_dbl_split/train/burping/799_M_eh.wav,burping,sha256:2c606a3399f9fd9efb53eedf9d328cb7547345284b22cd0a60eeb91dd7bc8a0b,3,burping,0.018453963100910187,0.9266581535339355,0.01994883082807064,0.018365127965807915,0.016573971137404442,original,/mnt/d/INFANT CRY/Models_dbl/Main/runs/20260821T164332Z_490383ff/fold_3/fold_3_main_dbl.keras,/mnt/d/INFANT CRY/Models_dbl/Main/runs/20260821T164332Z_490383ff/fold_3/norm_stats_main_dbl.npy,20260821T164332Z_490383ff
rec_321aefb0aa457ba0707e,/mnt/d/INFANT CRY/data_set_dbl_split/train/burping/901_M_eh.wav,burping,sha256:2b3a74021ee1c28f193da545001bbab3dc713e22ad445c7c51f49596dd027ac0,3,burping,0.013471673242747784,0.9456746578216553,0.01243525929749012,0.014225157909095287,0.014193318784236908,original,/mnt/d/INFANT CRY/Models_dbl/Main/runs/20260821T164332Z_490383ff/fold_3/fold_3_main_dbl.keras,/mnt/d/INFANT CRY/Models_dbl/Main/runs/20260821T164332Z_490383ff/fold_3/norm_stats_main_dbl.npy,20260821T164332Z_490383ff
rec_cb791979b42c6631a24b,/mnt/d/INFANT CRY/data_set_dbl_split/train/burping/919_M_eh.wav,burping,sha256:a9264bc22ea5a59abcbc9e534854aae447a1532ee7154745b54cb37d6dfad18d,3,discomfort,0.018930740654468536,0.02634751796722412,0.9237869381904602,0.015333653427660465,0.015601166523993015,original,/mnt/d/INFANT CRY/Models_dbl/Main/runs/20260821T164332Z_490383ff/fold_3/fold_3_main_dbl.keras,/mnt/d/INFANT CRY/Models_dbl/Main/runs/20260821T164332Z_490383ff/fold_3/norm_stats_main_dbl.npy,20260821T164332Z_490383ff
rec_6e8b01d0c6ea27bce163,/mnt/d/INFANT CRY/data_set_dbl_split/train/burping/dunstan-eh_35.wav,burping,sha256:845f1a3e67155053914e55213b552cd3bf7187f782aa038f3617d68109a41771,3,burping,0.02189808525145054,0.9077932834625244,0.03214722126722336,0.02069750614464283,0.017463859170675278,original,/mnt/d/INFANT CRY/Models_dbl/Main/runs/20260821T164332Z_490383ff/fold_3/fold_3_main_dbl.keras,/mnt/d/INFANT CRY/Models_dbl/Main/runs/20260821T164332Z_490383ff/fold_3/norm_stats_main_dbl.npy,20260821T164332Z_490383ff
rec_0a4b374c52ad48552c98,/mnt/d/INFANT CRY/data_set_dbl_split/train/burping/dunstan-eh_44.wav,burping,sha256:54a150e31b2678a4358cfef92e5833056bca79932a44ed1668a54df796d68d62,3,burping,0.015070092864334583,0.9374744892120361,0.014695416204631329,0.016901129856705666,0.015858788043260574,original,/mnt/d/INFANT CRY/Models_dbl/Main/runs/20260821T164332Z_490383ff/fold_3/fold_3_main_dbl.keras,/mnt/d/INFANT CRY/Models_dbl/Main/runs/20260821T164332Z_490383ff/fold_3/norm_stats_main_dbl.npy,20260821T164332Z_490383ff
rec_bd56e50f20a08c95889b,/mnt/d/INFANT CRY/data_set_dbl_split/train/burping/dunstan-eh_6.wav,burping,sha256:7e19c3ae6df9277147e5bc371f32fe03f0e75b4140e56374fb8a13de5adf70d9,3,belly_pain,0.7598233819007874,0.10079145431518555,0.032531753182411194,0.039013493806123734,0.06783998012542725,original,/mnt/d/INFANT CRY/Models_dbl/Main/runs/20260821T164332Z_490383ff/fold_3/fold_3_main_dbl.keras,/mnt/d/INFANT CRY/Models_dbl/Main/runs/20260821T164332Z_490383ff/fold_3/norm_stats_main_dbl.npy,20260821T164332Z_490383ff
rec_c22dd02b85a1df5c8c4e,/mnt/d/INFANT CRY/data_set_dbl_split/train/burping/dunstan-eh_65.wav,burping,sha256:8c7b237a9190643530736a80bf11ca57492a7f04feab4082567a27a05ca6af9f,3,tired,0.040567222982645035,0.2419697493314743,0.03211288899183273,0.04262407124042511,0.6427260637283325,original,/mnt/d/INFANT CRY/Models_dbl/Main/runs/20260821T164332Z_490383ff/fold_3/fold_3_main_dbl.keras,/mnt/d/INFANT CRY/Models_dbl/Main/runs/20260821T164332Z_490383ff/fold_3/norm_stats_main_dbl.npy,20260821T164332Z_490383ff
rec_e1b10e6688978884e8d9,/mnt/d/INFANT CRY/data_set_dbl_split/train/burping/dunstan-eh_67.wav,burping,sha256:28542a30db724b5b3b4e6e72557f7dc3c8b1511e4b845eb38e704ede5c67e155,3,burping,0.01475999690592289,0.9342306852340698,0.014459777623414993,0.017723405733704567,0.018826158717274666,original,/mnt/d/INFANT CRY/Models_dbl/Main/runs/20260821T164332Z_490383ff/fold_3/fold_3_main_dbl.keras,/mnt/d/INFANT CRY/Models_dbl/Main/runs/20260821T164332Z_490383ff/fold_3/norm_stats_main_dbl.npy,20260821T164332Z_490383ff
rec_c3478edae2c382b946fe,/mnt/d/INFANT CRY/data_set_dbl_split/train/discomfort/1189_F_heh.wav,discomfort,sha256:3ac538c510dee482003cf0be9057361ab7b0e43a48efd9f91e6f80eb27591675,3,discomfort,0.05174817144870758,0.047196824103593826,0.8553224802017212,0.022063670679926872,0.023668881505727768,original,/mnt/d/INFANT CRY/Models_dbl/Main/runs/20260821T164332Z_490383ff/fold_3/fold_3_main_dbl.keras,/mnt/d/INFANT CRY/Models_dbl/Main/runs/20260821T164332Z_490383ff/fold_3/norm_stats_main_dbl.npy,20260821T164332Z_490383ff
rec_ea8217cfae981608c5cf,/mnt/d/INFANT CRY/data_set_dbl_split/train/discomfort/1775_M_heh.wav,discomfort,sha256:37dc8527e41905a6926e2195f5c6267b21b3195ee53eac8a25d476c7c5faede5,3,discomfort,0.016512203961610794,0.01547593530267477,0.9385877251625061,0.013694158755242825,0.01573001593351364,original,/mnt/d/INFANT CRY/Models_dbl/Main/runs/20260821T164332Z_490383ff/fold_3/fold_3_main_dbl.keras,/mnt/d/INFANT CRY/Models_dbl/Main/runs/20260821T164332Z_490383ff/fold_3/norm_stats_main_dbl.npy,20260821T164332Z_490383ff
rec_4358c2c84f657df97471,/mnt/d/INFANT CRY/data_set_dbl_split/train/discomfort/1800_M_heh.wav,discomfort,sha256:ab27dd66edb32df348e1acf22bd5ae1b1f4143908c27dd90ae8c1ffa0127dfbe,3,discomfort,0.016941698268055916,0.01593226008117199,0.9368290305137634,0.013846689835190773,0.016450244933366776,original,/mnt/d/INFANT CRY/Models_dbl/Main/runs/20260821T164332Z_490383ff/fold_3/fold_3_main_dbl.keras,/mnt/d/INFANT CRY/Models_dbl/Main/runs/20260821T164332Z_490383ff/fold_3/norm_stats_main_dbl.npy,20260821T164332Z_490383ff
rec_96e032ce543e45616669,/mnt/d/INFANT CRY/data_set_dbl_split/train/discomfort/2011_M_heh.wav,discomfort,sha256:4da42bd1fcd65c8633f47511bb4e730c6942d476bb1f8bd46759c974f375a9be,3,discomfort,0.016674933955073357,0.015068743377923965,0.9376382827758789,0.013996033929288387,0.016622021794319153,original,/mnt/d/INFANT CRY/Models_dbl/Main/runs/20260821T164332Z_490383ff/fold_3/fold_3_main_dbl.keras,/mnt/d/INFANT CRY/Models_dbl/Main/runs/20260821T164332Z_490383ff/fold_3/norm_stats_main_dbl.npy,20260821T164332Z_490383ff
rec_dffa4febe3cb777a6ec2,/mnt/d/INFANT CRY/data_set_dbl_split/train/discomfort/2332_M_heh.wav,discomfort,sha256:51450ac6379ec6f461adf5619bea39cb8804f41d4da5a87191de5788c2672f4a,3,discomfort,0.016660554334521294,0.014960967004299164,0.9390429854393005,0.013373960740864277,0.015961507335305214,original,/mnt/d/INFANT CRY/Models_dbl/Main/runs/20260821T164332Z_490383ff/fold_3/fold_3_main_dbl.keras,/mnt/d/INFANT CRY/Models_dbl/Main/runs/20260821T164332Z_490383ff/fold_3/norm_stats_main_dbl.npy,20260821T164332Z_490383ff
rec_d29795646338e698d6c0,/mnt/d/INFANT CRY/data_set_dbl_split/train/discomfort/2416_M_heh.wav,discomfort,sha256:5d0c4a7a8074cc72309901c6a548c94a8a37b52c93207fe8be95059bbea343b0,3,hungry,0.044091496616601944,0.05397581309080124,0.3791944086551666,0.4663911759853363,0.056347060948610306,original,/mnt/d/INFANT CRY/Models_dbl/Main/runs/20260821T164332Z_490383ff/fold_3/fold_3_main_dbl.keras,/mnt/d/INFANT CRY/Models_dbl/Main/runs/20260821T164332Z_490383ff/fold_3/norm_stats_main_dbl.npy,20260821T164332Z_490383ff
rec_75f5e44678bb0fbe8f9d,/mnt/d/INFANT CRY/data_set_dbl_split/train/discomfort/2436_M_heh.wav,discomfort,sha256:58399d881e37f0e674bdd46d023fc9c4c11c5a9cc889e43f2f5cb184f8223123,3,tired,0.03944827616214752,0.04169757664203644,0.1478579044342041,0.047350868582725525,0.7236453890800476,original,/mnt/d/INFANT CRY/Models_dbl/Main/runs/20260821T164332Z_490383ff/fold_3/fold_3_main_dbl.keras,/mnt/d/INFANT CRY/Models_dbl/Main/runs/20260821T164332Z_490383ff/fold_3/norm_stats_main_dbl.npy,20260821T164332Z_490383ff
rec_91afffc62993be071030,/mnt/d/INFANT CRY/data_set_dbl_split/train/discomfort/2535_M_heh.wav,discomfort,sha256:b5cd08fe950c9836c3d6cecef2ae7fcedb6b57b2be27ead4014589d7429bcecf,3,discomfort,0.017628025263547897,0.02078826166689396,0.9313561320304871,0.015274100005626678,0.0149534298107028,original,/mnt/d/INFANT CRY/Models_dbl/Main/runs/20260821T164332Z_490383ff/fold_3/fold_3_main_dbl.keras,/mnt/d/INFANT CRY/Models_dbl/Main/runs/20260821T164332Z_490383ff/fold_3/norm_stats_main_dbl.npy,20260821T164332Z_490383ff
rec_4c06d158e10c7b910785,/mnt/d/INFANT CRY/data_set_dbl_split/train/discomfort/2612_M_heh.wav,discomfort,sha256:9e36b4e04c1ca040bfaa3f43248f80f04eb9bddd2a8a7bbe347008a29bc50094,3,discomfort,0.016194775700569153,0.01563090644776821,0.9388083815574646,0.014354188926517963,0.01501175481826067,original,/mnt/d/INFANT CRY/Models_dbl/Main/runs/20260821T164332Z_490383ff/fold_3/fold_3_main_dbl.keras,/mnt/d/INFANT CRY/Models_dbl/Main/runs/20260821T164332Z_490383ff/fold_3/norm_stats_main_dbl.npy,20260821T164332Z_490383ff
rec_812b51427c3184c41a51,/mnt/d/INFANT CRY/data_set_dbl_split/train/discomfort/3305_M_heh.wav,discomfort,sha256:190dfacb18577335275676776775ad74aad7a11014a0dd51acb03cd5c94b3702,3,discomfort,0.016174348071217537,0.015686361119151115,0.9381206035614014,0.013498183339834213,0.01652047410607338,original,/mnt/d/INFANT CRY/Models_dbl/Main/runs/20260821T164332Z_490383ff/fold_3/fold_3_main_dbl.keras,/mnt/d/INFANT CRY/Models_dbl/Main/runs/20260821T164332Z_490383ff/fold_3/norm_stats_main_dbl.npy,20260821T164332Z_490383ff
rec_7025af523ff923b12389,/mnt/d/INFANT CRY/data_set_dbl_split/train/discomfort/3499_M_heh.wav,discomfort,sha256:9391e6b4981baf0c7cc0eb55a6693fa200dd85022b84f4f63362a77db6ef7943,3,discomfort,0.01769142411649227,0.016120003536343575,0.9278712868690491,0.01630341075360775,0.022013919427990913,original,/mnt/d/INFANT CRY/Models_dbl/Main/runs/20260821T164332Z_490383ff/fold_3/fold_3_main_dbl.keras,/mnt/d/INFANT CRY/Models_dbl/Main/runs/20260821T164332Z_490383ff/fold_3/norm_stats_main_dbl.npy,20260821T164332Z_490383ff
rec_270278ab42fbf19a6468,/mnt/d/INFANT CRY/data_set_dbl_split/train/discomfort/3715_M_heh.wav,discomfort,sha256:dfea7c820857506d0bbd687073f117ae9874a34ffc9b5b1d4e322d812d0ee13d,3,burping,0.14730775356292725,0.6844030618667603,0.10282518714666367,0.03801783546805382,0.027446193620562553,original,/mnt/d/INFANT CRY/Models_dbl/Main/runs/20260821T164332Z_490383ff/fold_3/fold_3_main_dbl.keras,/mnt/d/INFANT CRY/Models_dbl/Main/runs/20260821T164332Z_490383ff/fold_3/norm_stats_main_dbl.npy,20260821T164332Z_490383ff
rec_29ecf264fe494eea58fb,/mnt/d/INFANT CRY/data_set_dbl_split/train/discomfort/3984_F_heh.wav,discomfort,sha256:94643e9be3919255af753bcedbb86e101aca7c08ba510a4844039f8938fc17a8,3,discomfort,0.04323247820138931,0.04013703018426895,0.7082222700119019,0.15547475218772888,0.05293349176645279,original,/mnt/d/INFANT CRY/Models_dbl/Main/runs/20260821T164332Z_490383ff/fold_3/fold_3_main_dbl.keras,/mnt/d/INFANT CRY/Models_dbl/Main/runs/20260821T164332Z_490383ff/fold_3/norm_stats_main_dbl.npy,20260821T164332Z_490383ff
rec_a7a1cff4c1b04c4a0a73,/mnt/d/INFANT CRY/data_set_dbl_split/train/discomfort/3992_M_heh.wav,discomfort,sha256:0f8f2b4bd1f36b2192586ae73065c2cae9f9ef3e8ee3c7e9a0c7ffc446a7c4dd,3,discomfort,0.017842309549450874,0.017891069874167442,0.9337989091873169,0.014500249177217484,0.015967516228556633,original,/mnt/d/INFANT CRY/Models_dbl/Main/runs/20260821T164332Z_490383ff/fold_3/fold_3_main_dbl.keras,/mnt/d/INFANT CRY/Models_dbl/Main/runs/20260821T164332Z_490383ff/fold_3/norm_stats_main_dbl.npy,20260821T164332Z_490383ff
rec_545a14847418aadce545,/mnt/d/INFANT CRY/data_set_dbl_split/train/discomfort/4253_M_heh.wav,discomfort,sha256:fce954eadaf605875056a76a995e1b778eeb910983a3207a276f99236b9526c9,3,discomfort,0.01746404357254505,0.01747121289372444,0.9318069815635681,0.016023047268390656,0.017234748229384422,original,/mnt/d/INFANT CRY/Models_dbl/Main/runs/20260821T164332Z_490383ff/fold_3/fold_3_main_dbl.keras,/mnt/d/INFANT CRY/Models_dbl/Main/runs/20260821T164332Z_490383ff/fold_3/norm_stats_main_dbl.npy,20260821T164332Z_490383ff
rec_86e6760be24886dd3199,/mnt/d/INFANT CRY/data_set_dbl_split/train/discomfort/4712_M_heh.wav,discomfort,sha256:5699bdb29b4198e1918f06edb59c72b265693c8b2e9df55a3bca430f442b0b5f,3,discomfort,0.01619505137205124,0.015089898370206356,0.9388990998268127,0.013596589677035809,0.01621938683092594,original,/mnt/d/INFANT CRY/Models_dbl/Main/runs/20260821T164332Z_490383ff/fold_3/fold_3_main_dbl.keras,/mnt/d/INFANT CRY/Models_dbl/Main/runs/20260821T164332Z_490383ff/fold_3/norm_stats_main_dbl.npy,20260821T164332Z_490383ff
rec_b2b046ee6befacc1736f,/mnt/d/INFANT CRY/data_set_dbl_split/train/discomfort/595_M_heh.wav,discomfort,sha256:836317646e5c06c623d6c0550deadf12333f0fccd489042da5bb95a187d602c4,3,discomfort,0.01580127701163292,0.013509916141629219,0.943181574344635,0.012208179570734501,0.015299064107239246,original,/mnt/d/INFANT CRY/Models_dbl/Main/runs/20260821T164332Z_490383ff/fold_3/fold_3_main_dbl.keras,/mnt/d/INFANT CRY/Models_dbl/Main/runs/20260821T164332Z_490383ff/fold_3/norm_stats_main_dbl.npy,20260821T164332Z_490383ff
rec_a1bb82b464315dcad4da,/mnt/d/INFANT CRY/data_set_dbl_split/train/discomfort/915_M_heh.wav,discomfort,sha256:d1a190eef053d567c2ddc53ef7f2901d68ae5c86897c7094230ab57a9eb91175,3,discomfort,0.014941247180104256,0.012859099544584751,0.9450145959854126,0.012500511482357979,0.014684649184346199,original,/mnt/d/INFANT CRY/Models_dbl/Main/runs/20260821T164332Z_490383ff/fold_3/fold_3_main_dbl.keras,/mnt/d/INFANT CRY/Models_dbl/Main/runs/20260821T164332Z_490383ff/fold_3/norm_stats_main_dbl.npy,20260821T164332Z_490383ff
rec_db0d984635fb9d6ef729,/mnt/d/INFANT CRY/data_set_dbl_split/train/discomfort/dunstan-heh_10.wav,discomfort,sha256:7f85254bf67f2ceefec7d7aceeb58330fb07ff5d0f3214ea8bb9c4b3b7401017,3,discomfort,0.01624162867665291,0.013842839747667313,0.9419456124305725,0.0123061528429389,0.01566372625529766,original,/mnt/d/INFANT CRY/Models_dbl/Main/runs/20260821T164332Z_490383ff/fold_3/fold_3_main_dbl.keras,/mnt/d/INFANT CRY/Models_dbl/Main/runs/20260821T164332Z_490383ff/fold_3/norm_stats_main_dbl.npy,20260821T164332Z_490383ff
rec_a446a8a4d062af8dda1b,/mnt/d/INFANT CRY/data_set_dbl_split/train/discomfort/dunstan-heh_15.wav,discomfort,sha256:e5b3895e08a7d5fc24074bf6ec82dc481a83bcd64263b76cb74666e8a181a462,3,burping,0.016734842211008072,0.9308307766914368,0.020322401076555252,0.016869142651557922,0.015242774970829487,original,/mnt/d/INFANT CRY/Models_dbl/Main/runs/20260821T164332Z_490383ff/fold_3/fold_3_main_dbl.keras,/mnt/d/INFANT CRY/Models_dbl/Main/runs/20260821T164332Z_490383ff/fold_3/norm_stats_main_dbl.npy,20260821T164332Z_490383ff
rec_35ee8ab5d6dd0b87c748,/mnt/d/INFANT CRY/data_set_dbl_split/train/discomfort/dunstan-heh_34.wav,discomfort,sha256:264fc312ca87e9dccf68f799ba32206466d2767cf9312e2ab454024494818772,3,discomfort,0.019792310893535614,0.02132408507168293,0.9254405498504639,0.013971536420285702,0.019471537321805954,original,/mnt/d/INFANT CRY/Models_dbl/Main/runs/20260821T164332Z_490383ff/fold_3/fold_3_main_dbl.keras,/mnt/d/INFANT CRY/Models_dbl/Main/runs/20260821T164332Z_490383ff/fold_3/norm_stats_main_dbl.npy,20260821T164332Z_490383ff
rec_e03c385467424eb08738,/mnt/d/INFANT CRY/data_set_dbl_split/train/discomfort/dunstan-heh_8.wav,discomfort,sha256:700ae1bbc45b34451a75a5edd086679c6c6fd9f7b300cc3493fb75e6b9c8ebc8,3,burping,0.0464770570397377,0.5404363870620728,0.3227939009666443,0.05430588871240616,0.035986773669719696,original,/mnt/d/INFANT CRY/Models_dbl/Main/runs/20260821T164332Z_490383ff/fold_3/fold_3_main_dbl.keras,/mnt/d/INFANT CRY/Models_dbl/Main/runs/20260821T164332Z_490383ff/fold_3/norm_stats_main_dbl.npy,20260821T164332Z_490383ff
rec_35a314bcf50ccf77f9b4,/mnt/d/INFANT CRY/data_set_dbl_split/train/hungry/1136_M_neh.wav,hungry,sha256:78e4082dec5bbf0b02ca347585814f331b1b87f01310a3b0d344f6237ad1e127,3,hungry,0.033449821174144745,0.024960437789559364,0.021415026858448982,0.8963850736618042,0.023789657279849052,original,/mnt/d/INFANT CRY/Models_dbl/Main/runs/20260821T164332Z_490383ff/fold_3/fold_3_main_dbl.keras,/mnt/d/INFANT CRY/Models_dbl/Main/runs/20260821T164332Z_490383ff/fold_3/norm_stats_main_dbl.npy,20260821T164332Z_490383ff
rec_ee5e2c9bd7afb52ebe96,/mnt/d/INFANT CRY/data_set_dbl_split/train/hungry/1424_M_neh.wav,hungry,sha256:dd638eaf0c53977de02d93da84927065dce780486ed6723bb6bc1f36cbd209ba,3,hungry,0.01565614342689514,0.015784714370965958,0.014485110528767109,0.9395724534988403,0.014501641504466534,original,/mnt/d/INFANT CRY/Models_dbl/Main/runs/20260821T164332Z_490383ff/fold_3/fold_3_main_dbl.keras,/mnt/d/INFANT CRY/Models_dbl/Main/runs/20260821T164332Z_490383ff/fold_3/norm_stats_main_dbl.npy,20260821T164332Z_490383ff
rec_46944c0538596aeac65b,/mnt/d/INFANT CRY/data_set_dbl_split/train/hungry/1508_M_neh.wav,hungry,sha256:e1dde547b2b5e02c4615bcfe97aef74b1e8092c65b16b16637972f6b260171e6,3,hungry,0.014683807268738747,0.015705909579992294,0.014266271144151688,0.9402719736099243,0.0150721101090312,original,/mnt/d/INFANT CRY/Models_dbl/Main/runs/20260821T164332Z_490383ff/fold_3/fold_3_main_dbl.keras,/mnt/d/INFANT CRY/Models_dbl/Main/runs/20260821T164332Z_490383ff/fold_3/norm_stats_main_dbl.npy,20260821T164332Z_490383ff
rec_f897edc91aad92f1f4d4,/mnt/d/INFANT CRY/data_set_dbl_split/train/hungry/1521_F_neh.wav,hungry,sha256:0c604a79abbc46d0bdabb207c066d493647b023587ee22a1254f7e438d5a4524,3,hungry,0.017309626564383507,0.015933290123939514,0.015071321278810501,0.9377535581588745,0.013932236470282078,original,/mnt/d/INFANT CRY/Models_dbl/Main/runs/20260821T164332Z_490383ff/fold_3/fold_3_main_dbl.keras,/mnt/d/INFANT CRY/Models_dbl/Main/runs/20260821T164332Z_490383ff/fold_3/norm_stats_main_dbl.npy,20260821T164332Z_490383ff
rec_ea7d0967f9ac5dec1709,/mnt/d/INFANT CRY/data_set_dbl_split/train/hungry/1770_M_neh.wav,hungry,sha256:63681776040e65d9d78c1439027554032307635589f4d80bab2540f4ba3bf12a,3,hungry,0.014597754925489426,0.015370395965874195,0.0143068702891469,0.9409325122833252,0.014792446047067642,original,/mnt/d/INFANT CRY/Models_dbl/Main/runs/20260821T164332Z_490383ff/fold_3/fold_3_main_dbl.keras,/mnt/d/INFANT CRY/Models_dbl/Main/runs/20260821T164332Z_490383ff/fold_3/norm_stats_main_dbl.npy,20260821T164332Z_490383ff
rec_7de1538e4e8923365a69,/mnt/d/INFANT CRY/data_set_dbl_split/train/hungry/1838_M_neh.wav,hungry,sha256:a70c97c99847b123c02ed4af95ebf40cec0df75a82b7ca0786928b26b0bfc1ad,3,hungry,0.020632531493902206,0.01759195700287819,0.0165682565420866,0.9297549724578857,0.015452330932021141,original,/mnt/d/INFANT CRY/Models_dbl/Main/runs/20260821T164332Z_490383ff/fold_3/fold_3_main_dbl.keras,/mnt/d/INFANT CRY/Models_dbl/Main/runs/20260821T164332Z_490383ff/fold_3/norm_stats_main_dbl.npy,20260821T164332Z_490383ff
rec_bec629bc5031bc22eb9b,/mnt/d/INFANT CRY/data_set_dbl_split/train/hungry/186_M_neh.wav,hungry,sha256:2675566f7b316ca726351bba67e5e7ce71960ef9e8da00ffff63a4f2318755de,3,hungry,0.015295046381652355,0.015754060819745064,0.014158588834106922,0.9403766393661499,0.01441565528512001,original,/mnt/d/INFANT CRY/Models_dbl/Main/runs/20260821T164332Z_490383ff/fold_3/fold_3_main_dbl.keras,/mnt/d/INFANT CRY/Models_dbl/Main/runs/20260821T164332Z_490383ff/fold_3/norm_stats_main_dbl.npy,20260821T164332Z_490383ff
rec_95ecc93388c308db3fbd,/mnt/d/INFANT CRY/data_set_dbl_split/train/hungry/2219_M_neh.wav,hungry,sha256:e5586b45c66216c95aa93cc4928b28d6ffdccb9ff2dd686afd63ea73d78982b5,3,hungry,0.01655864343047142,0.015712920576334,0.014767174609005451,0.9384170770645142,0.014544193632900715,original,/mnt/d/INFANT CRY/Models_dbl/Main/runs/20260821T164332Z_490383ff/fold_3/fold_3_main_dbl.keras,/mnt/d/INFANT CRY/Models_dbl/Main/runs/20260821T164332Z_490383ff/fold_3/norm_stats_main_dbl.npy,20260821T164332Z_490383ff
rec_27d5d632e1e1c98d5156,/mnt/d/INFANT CRY/data_set_dbl_split/train/hungry/2226_M_neh.wav,hungry,sha256:87d1bf51e68e970e611483992f1c26f3f63ecd6c89e65939d7ef91262e67df6a,3,hungry,0.015325136482715607,0.015548563562333584,0.013879731297492981,0.9408340454101562,0.014412499964237213,original,/mnt/d/INFANT CRY/Models_dbl/Main/runs/20260821T164332Z_490383ff/fold_3/fold_3_main_dbl.keras,/mnt/d/INFANT CRY/Models_dbl/Main/runs/20260821T164332Z_490383ff/fold_3/norm_stats_main_dbl.npy,20260821T164332Z_490383ff
rec_bdcdd560bdde23d75dcf,/mnt/d/INFANT CRY/data_set_dbl_split/train/hungry/246_M_neh.wav,hungry,sha256:8585d00c79bab3dfec7f375718bc26ea475eeaf0f74bb98c5953c4ffa3380261,3,hungry,0.01560684759169817,0.016856970265507698,0.017292777076363564,0.9255843758583069,0.02465910278260708,original,/mnt/d/INFANT CRY/Models_dbl/Main/runs/20260821T164332Z_490383ff/fold_3/fold_3_main_dbl.keras,/mnt/d/INFANT CRY/Models_dbl/Main/runs/20260821T164332Z_490383ff/fold_3/norm_stats_main_dbl.npy,20260821T164332Z_490383ff
rec_4207d13dec28146787c8,/mnt/d/INFANT CRY/data_set_dbl_split/train/hungry/2848_F_neh.wav,hungry,sha256:241c7c0d09ae75de8d000ecd1f4b2a6fbee53b243c1ad531caa9aa5049c4d887,3,hungry,0.01840987056493759,0.016638729721307755,0.01559364888817072,0.9353936910629272,0.013964000158011913,original,/mnt/d/INFANT CRY/Models_dbl/Main/runs/20260821T164332Z_490383ff/fold_3/fold_3_main_dbl.keras,/mnt/d/INFANT CRY/Models_dbl/Main/runs/20260821T164332Z_490383ff/fold_3/norm_stats_main_dbl.npy,20260821T164332Z_490383ff
rec_9cf4fb751fdcfd3e5fa1,/mnt/d/INFANT CRY/data_set_dbl_split/train/hungry/3146_F_neh.wav,hungry,sha256:2c2f2457b793e1d3de6a92ccda04d6dcea998cc76fa4eead1a5dbd7e2dbdc0f4,3,hungry,0.016045954078435898,0.015233307145535946,0.014580011367797852,0.9397449493408203,0.01439574733376503,original,/mnt/d/INFANT CRY/Models_dbl/Main/runs/20260821T164332Z_490383ff/fold_3/fold_3_main_dbl.keras,/mnt/d/INFANT CRY/Models_dbl/Main/runs/20260821T164332Z_490383ff/fold_3/norm_stats_main_dbl.npy,20260821T164332Z_490383ff
rec_3b32ae946ba19d17300d,/mnt/d/INFANT CRY/data_set_dbl_split/train/hungry/3333_M_neh.wav,hungry,sha256:ef90600d239ad8d3da5c17e25950d2d7b629c2292f5613e5bf01c1a5ad73a276,3,hungry,0.015029054135084152,0.016070151701569557,0.014252296648919582,0.940505862236023,0.014142598956823349,original,/mnt/d/INFANT CRY/Models_dbl/Main/runs/20260821T164332Z_490383ff/fold_3/fold_3_main_dbl.keras,/mnt/d/INFANT CRY/Models_dbl/Main/runs/20260821T164332Z_490383ff/fold_3/norm_stats_main_dbl.npy,20260821T164332Z_490383ff
rec_606b51628a29d576c7f5,/mnt/d/INFANT CRY/data_set_dbl_split/train/hungry/3676_M_neh.wav,hungry,sha256:bfb1b3e0929c2200c7a939881a7d8f5b1c7dc872c833fce3bc8d5a03bdf842e5,3,hungry,0.016080955043435097,0.017573921009898186,0.01633475348353386,0.934683620929718,0.015326835215091705,original,/mnt/d/INFANT CRY/Models_dbl/Main/runs/20260821T164332Z_490383ff/fold_3/fold_3_main_dbl.keras,/mnt/d/INFANT CRY/Models_dbl/Main/runs/20260821T164332Z_490383ff/fold_3/norm_stats_main_dbl.npy,20260821T164332Z_490383ff
rec_da1f1379e0826d51b53e,/mnt/d/INFANT CRY/data_set_dbl_split/train/hungry/4111_M_neh.wav,hungry,sha256:afae741d9b675716c180392a53a28ac58ef70f63054f8073a12e4a82b2481367,3,hungry,0.08878146857023239,0.02580784261226654,0.05541755631566048,0.785006582736969,0.044986527413129807,original,/mnt/d/INFANT CRY/Models_dbl/Main/runs/20260821T164332Z_490383ff/fold_3/fold_3_main_dbl.keras,/mnt/d/INFANT CRY/Models_dbl/Main/runs/20260821T164332Z_490383ff/fold_3/norm_stats_main_dbl.npy,20260821T164332Z_490383ff
rec_5e3518bec6261a74ca5c,/mnt/d/INFANT CRY/data_set_dbl_split/train/hungry/4479_M_neh.wav,hungry,sha256:fb5477607cc4a6996ebfeddbf7c23eaca6d04be838a80e4cf8f876be1264d614,3,hungry,0.016483522951602936,0.015987664461135864,0.014957241714000702,0.9382355213165283,0.01433606818318367,original,/mnt/d/INFANT CRY/Models_dbl/Main/runs/20260821T164332Z_490383ff/fold_3/fold_3_main_dbl.keras,/mnt/d/INFANT CRY/Models_dbl/Main/runs/20260821T164332Z_490383ff/fold_3/norm_stats_main_dbl.npy,20260821T164332Z_490383ff
rec_292be120aac79f3d8aad,/mnt/d/INFANT CRY/data_set_dbl_split/train/hungry/458_F_neh.wav,hungry,sha256:70dd5dadfa66c032bbb04a56f14eadc4c3d9d7b9599bb1e64284fb91dc673313,3,hungry,0.0159816462546587,0.015661343932151794,0.013868633657693863,0.9399867057800293,0.014501582831144333,original,/mnt/d/INFANT CRY/Models_dbl/Main/runs/20260821T164332Z_490383ff/fold_3/fold_3_main_dbl.keras,/mnt/d/INFANT CRY/Models_dbl/Main/runs/20260821T164332Z_490383ff/fold_3/norm_stats_main_dbl.npy,20260821T164332Z_490383ff
rec_3fe79ebb70341bbf14f7,/mnt/d/INFANT CRY/data_set_dbl_split/train/hungry/4727_M_neh.wav,hungry,sha256:5f29cda36f6c5decdd6314098dd9ec151d3a5ada1bb7bed47dfbf60c95e273e0,3,hungry,0.015581133775413036,0.015913715586066246,0.014250216074287891,0.9403318166732788,0.013923097401857376,original,/mnt/d/INFANT CRY/Models_dbl/Main/runs/20260821T164332Z_490383ff/fold_3/fold_3_main_dbl.keras,/mnt/d/INFANT CRY/Models_dbl/Main/runs/20260821T164332Z_490383ff/fold_3/norm_stats_main_dbl.npy,20260821T164332Z_490383ff
rec_bfa6747f918f5738d1c3,/mnt/d/INFANT CRY/data_set_dbl_split/train/hungry/4918_M_neh.wav,hungry,sha256:f76c4dc2dafb2295d4cf8d8d82a48a9ac32cd5f607fabdfb30a9d8bd0e3e4db0,3,hungry,0.016914036124944687,0.016097720712423325,0.014558814465999603,0.9377851486206055,0.014644433744251728,original,/mnt/d/INFANT CRY/Models_dbl/Main/runs/20260821T164332Z_490383ff/fold_3/fold_3_main_dbl.keras,/mnt/d/INFANT CRY/Models_dbl/Main/runs/20260821T164332Z_490383ff/fold_3/norm_stats_main_dbl.npy,20260821T164332Z_490383ff
rec_8fb0a7696007be9b34c3,/mnt/d/INFANT CRY/data_set_dbl_split/train/hungry/4920_F_neh.wav,hungry,sha256:58ffe4253bb4013018d129bc11c52f97be6a8ee327a04f2b3a21d4fcb42735f4,3,hungry,0.016555072739720345,0.015616032294929028,0.01499688159674406,0.9383551478385925,0.014476826414465904,original,/mnt/d/INFANT CRY/Models_dbl/Main/runs/20260821T164332Z_490383ff/fold_3/fold_3_main_dbl.keras,/mnt/d/INFANT CRY/Models_dbl/Main/runs/20260821T164332Z_490383ff/fold_3/norm_stats_main_dbl.npy,20260821T164332Z_490383ff
rec_3d86d6ced59383b732db,/mnt/d/INFANT CRY/data_set_dbl_split/train/hungry/691_M_neh.wav,hungry,sha256:ae7467c0462cc7d08c23cbc0a1d003eca8635bcea37c4f1999c8e260c635911c,3,hungry,0.01764087751507759,0.018755033612251282,0.015651294961571693,0.9319595694541931,0.015993241220712662,original,/mnt/d/INFANT CRY/Models_dbl/Main/runs/20260821T164332Z_490383ff/fold_3/fold_3_main_dbl.keras,/mnt/d/INFANT CRY/Models_dbl/Main/runs/20260821T164332Z_490383ff/fold_3/norm_stats_main_dbl.npy,20260821T164332Z_490383ff
rec_6e37e8a77e8237f8a1e7,/mnt/d/INFANT CRY/data_set_dbl_split/train/hungry/dunstan-neh_18.wav,hungry,sha256:8d47568a4c91f9c64fcf6d2e35693aa5d73ce674cd2f908d8af56c879ec4e9ca,3,hungry,0.016182398423552513,0.016529083251953125,0.014502218924462795,0.9375256299972534,0.01526067778468132,original,/mnt/d/INFANT CRY/Models_dbl/Main/runs/20260821T164332Z_490383ff/fold_3/fold_3_main_dbl.keras,/mnt/d/INFANT CRY/Models_dbl/Main/runs/20260821T164332Z_490383ff/fold_3/norm_stats_main_dbl.npy,20260821T164332Z_490383ff
rec_07bbcb1c1339e971458e,/mnt/d/INFANT CRY/data_set_dbl_split/train/hungry/dunstan-neh_2.wav,hungry,sha256:9e29bfaff786131f185aa3430b399cd86489c9d105de4c30aee2bea7ad92682f,3,hungry,0.02196398377418518,0.01982608065009117,0.02530437335371971,0.8864947557449341,0.046410780400037766,original,/mnt/d/INFANT CRY/Models_dbl/Main/runs/20260821T164332Z_490383ff/fold_3/fold_3_main_dbl.keras,/mnt/d/INFANT CRY/Models_dbl/Main/runs/20260821T164332Z_490383ff/fold_3/norm_stats_main_dbl.npy,20260821T164332Z_490383ff
rec_4ff6a5878311508cf9b3,/mnt/d/INFANT CRY/data_set_dbl_split/train/hungry/dunstan-neh_23.wav,hungry,sha256:522190111196c64e623e20182635621e61d1f04a45b89689bb4ca01464744bde,3,hungry,0.017164321616292,0.017710251733660698,0.017252208665013313,0.9321956038475037,0.015677543357014656,original,/mnt/d/INFANT CRY/Models_dbl/Main/runs/20260821T164332Z_490383ff/fold_3/fold_3_main_dbl.keras,/mnt/d/INFANT CRY/Models_dbl/Main/runs/20260821T164332Z_490383ff/fold_3/norm_stats_main_dbl.npy,20260821T164332Z_490383ff
rec_84297140893c78309e78,/mnt/d/INFANT CRY/data_set_dbl_split/train/hungry/dunstan-neh_34.wav,hungry,sha256:293cc00f791b928ca588039a5c7fcf3227d54de23274e0ccf3710b5d44ab8b8f,3,hungry,0.01767016015946865,0.019472531974315643,0.015335215255618095,0.932000994682312,0.015521088615059853,original,/mnt/d/INFANT CRY/Models_dbl/Main/runs/20260821T164332Z_490383ff/fold_3/fold_3_main_dbl.keras,/mnt/d/INFANT CRY/Models_dbl/Main/runs/20260821T164332Z_490383ff/fold_3/norm_stats_main_dbl.npy,20260821T164332Z_490383ff
rec_54271dc6c4c35a84a3f0,/mnt/d/INFANT CRY/data_set_dbl_split/train/hungry/dunstan-neh_55.wav,hungry,sha256:ddd45c6585b243fe4ad8bb034fc30a373a717666ce557f6364ac363e6ae5442b,3,hungry,0.015204507857561111,0.01615389622747898,0.014728713780641556,0.9372391104698181,0.016673726961016655,original,/mnt/d/INFANT CRY/Models_dbl/Main/runs/20260821T164332Z_490383ff/fold_3/fold_3_main_dbl.keras,/mnt/d/INFANT CRY/Models_dbl/Main/runs/20260821T164332Z_490383ff/fold_3/norm_stats_main_dbl.npy,20260821T164332Z_490383ff
rec_0ecdc0cd17162e55aad8,/mnt/d/INFANT CRY/data_set_dbl_split/train/hungry/dunstan-neh_57.wav,hungry,sha256:08c90d01125e24730ff6b2324d002417b27390a1ccdadec6989ea98ab956759c,3,hungry,0.0158679261803627,0.017651276662945747,0.01820852793753147,0.9326422810554504,0.015630008652806282,original,/mnt/d/INFANT CRY/Models_dbl/Main/runs/20260821T164332Z_490383ff/fold_3/fold_3_main_dbl.keras,/mnt/d/INFANT CRY/Models_dbl/Main/runs/20260821T164332Z_490383ff/fold_3/norm_stats_main_dbl.npy,20260821T164332Z_490383ff
rec_cbccd8fd251b87fe11d5,/mnt/d/INFANT CRY/data_set_dbl_split/train/hungry/dunstan-neh_62.wav,hungry,sha256:f417c5929d46454e7ebf7f9f2cf14eb389ec4b6b032933ffd4f811752d0cb99b,3,hungry,0.01485357340425253,0.01562139205634594,0.014279298484325409,0.9412947297096252,0.013950946740806103,original,/mnt/d/INFANT CRY/Models_dbl/Main/runs/20260821T164332Z_490383ff/fold_3/fold_3_main_dbl.keras,/mnt/d/INFANT CRY/Models_dbl/Main/runs/20260821T164332Z_490383ff/fold_3/norm_stats_main_dbl.npy,20260821T164332Z_490383ff
rec_920039d8b9a5e7875e77,/mnt/d/INFANT CRY/data_set_dbl_split/train/tired/1217_M_owh.wav,tired,sha256:93563cca6a27a1559877d06c8df8861e887f58fc18799b26d38fed090b1f880e,3,tired,0.014454844407737255,0.013725102879106998,0.013198706321418285,0.014899310655891895,0.9437220096588135,original,/mnt/d/INFANT CRY/Models_dbl/Main/runs/20260821T164332Z_490383ff/fold_3/fold_3_main_dbl.keras,/mnt/d/INFANT CRY/Models_dbl/Main/runs/20260821T164332Z_490383ff/fold_3/norm_stats_main_dbl.npy,20260821T164332Z_490383ff
rec_7e5566a7008783e46843,/mnt/d/INFANT CRY/data_set_dbl_split/train/tired/1267_F_owh.wav,tired,sha256:d8c8790706ecec824591249265c91ae6aa1c434d3ecaca445448bcb5cbc0617c,3,tired,0.01474988367408514,0.01601441390812397,0.013104574754834175,0.014381680637598038,0.9417494535446167,original,/mnt/d/INFANT CRY/Models_dbl/Main/runs/20260821T164332Z_490383ff/fold_3/fold_3_main_dbl.keras,/mnt/d/INFANT CRY/Models_dbl/Main/runs/20260821T164332Z_490383ff/fold_3/norm_stats_main_dbl.npy,20260821T164332Z_490383ff
rec_fd0b9206b80f3b29add1,/mnt/d/INFANT CRY/data_set_dbl_split/train/tired/1329_M_owh.wav,tired,sha256:5755fab78c929f5fe4843342e541eb5ee2ebd3633fc91a3c5487200933342567,3,tired,0.015541655011475086,0.01279517076909542,0.01381892990320921,0.01508270762860775,0.9427614808082581,original,/mnt/d/INFANT CRY/Models_dbl/Main/runs/20260821T164332Z_490383ff/fold_3/fold_3_main_dbl.keras,/mnt/d/INFANT CRY/Models_dbl/Main/runs/20260821T164332Z_490383ff/fold_3/norm_stats_main_dbl.npy,20260821T164332Z_490383ff
rec_73f413eb948676a3d2f7,/mnt/d/INFANT CRY/data_set_dbl_split/train/tired/1358_M_owh.wav,tired,sha256:fa4a1a253054b215cdb18121512ec4abb63ab58efe8f200cad103edb913928e1,3,tired,0.015827158465981483,0.014550781808793545,0.014390300959348679,0.013568595983088017,0.9416632056236267,original,/mnt/d/INFANT CRY/Models_dbl/Main/runs/20260821T164332Z_490383ff/fold_3/fold_3_main_dbl.keras,/mnt/d/INFANT CRY/Models_dbl/Main/runs/20260821T164332Z_490383ff/fold_3/norm_stats_main_dbl.npy,20260821T164332Z_490383ff
rec_a5039b5021ec851f2bf6,/mnt/d/INFANT CRY/data_set_dbl_split/train/tired/1476_M_owh.wav,tired,sha256:7e088c0581ed3ddc44e84ae69ddb3a47a4677ad85890b945cde6678230b4eeee,3,tired,0.013274814002215862,0.014513547532260418,0.013540503568947315,0.012389902025461197,0.9462812542915344,original,/mnt/d/INFANT CRY/Models_dbl/Main/runs/20260821T164332Z_490383ff/fold_3/fold_3_main_dbl.keras,/mnt/d/INFANT CRY/Models_dbl/Main/runs/20260821T164332Z_490383ff/fold_3/norm_stats_main_dbl.npy,20260821T164332Z_490383ff
rec_2e1c8666b4883b69abb9,/mnt/d/INFANT CRY/data_set_dbl_split/train/tired/1599_F_owh.wav,tired,sha256:03366fb643596a1f5608e2ef81a79d14091b15f09404e9f31ccd86ff3f3fff16,3,tired,0.014772463589906693,0.014319505542516708,0.013145111501216888,0.015737252309918404,0.9420257210731506,original,/mnt/d/INFANT CRY/Models_dbl/Main/runs/20260821T164332Z_490383ff/fold_3/fold_3_main_dbl.keras,/mnt/d/INFANT CRY/Models_dbl/Main/runs/20260821T164332Z_490383ff/fold_3/norm_stats_main_dbl.npy,20260821T164332Z_490383ff
rec_60e6e25320e8f3474fe6,/mnt/d/INFANT CRY/data_set_dbl_split/train/tired/1734_M_owh.wav,tired,sha256:d0f1b8ee00d8ddea9c1c03d68d4e6a86778dd6beda0cc759e93c7a1ec3e8d20d,3,tired,0.014491320587694645,0.013649748638272285,0.013058162294328213,0.013750666752457619,0.9450501203536987,original,/mnt/d/INFANT CRY/Models_dbl/Main/runs/20260821T164332Z_490383ff/fold_3/fold_3_main_dbl.keras,/mnt/d/INFANT CRY/Models_dbl/Main/runs/20260821T164332Z_490383ff/fold_3/norm_stats_main_dbl.npy,20260821T164332Z_490383ff
rec_d4d33a1f2c5cdd2e223f,/mnt/d/INFANT CRY/data_set_dbl_split/train/tired/1760_M_owh.wav,tired,sha256:49a7bdc287cc25405caf4936c8fde491a0d71afb9993701b0318f204df4c759c,3,tired,0.014892827719449997,0.014648031443357468,0.013592584989964962,0.014582889154553413,0.9422836899757385,original,/mnt/d/INFANT CRY/Models_dbl/Main/runs/20260821T164332Z_490383ff/fold_3/fold_3_main_dbl.keras,/mnt/d/INFANT CRY/Models_dbl/Main/runs/20260821T164332Z_490383ff/fold_3/norm_stats_main_dbl.npy,20260821T164332Z_490383ff
rec_fa3414ff2d6d5d170b65,/mnt/d/INFANT CRY/data_set_dbl_split/train/tired/1774_M_owh.wav,tired,sha256:3fa6e2666c394674d2d2df336892f446c715268127f45952bdf38e2bc99b35a3,3,tired,0.01444872934371233,0.013577894307672977,0.013143529184162617,0.013719702139496803,0.9451102018356323,original,/mnt/d/INFANT CRY/Models_dbl/Main/runs/20260821T164332Z_490383ff/fold_3/fold_3_main_dbl.keras,/mnt/d/INFANT CRY/Models_dbl/Main/runs/20260821T164332Z_490383ff/fold_3/norm_stats_main_dbl.npy,20260821T164332Z_490383ff
rec_a212ac00d7875487f586,/mnt/d/INFANT CRY/data_set_dbl_split/train/tired/1779_F_owh.wav,tired,sha256:badf144ee9bf6d0330c5baeb4cbfd3d1689cb4adb64a010fd9e6b5d1436b0e5f,3,tired,0.01420525461435318,0.014295847155153751,0.013292810879647732,0.01330234669148922,0.9449037313461304,original,/mnt/d/INFANT CRY/Models_dbl/Main/runs/20260821T164332Z_490383ff/fold_3/fold_3_main_dbl.keras,/mnt/d/INFANT CRY/Models_dbl/Main/runs/20260821T164332Z_490383ff/fold_3/norm_stats_main_dbl.npy,20260821T164332Z_490383ff
rec_06fef533c967648aa5b1,/mnt/d/INFANT CRY/data_set_dbl_split/train/tired/1814_F_owh.wav,tired,sha256:545923a24da87302b7a8cadfd490c02e7f630f9f542670f7878f42f756109429,3,tired,0.014540444128215313,0.014756991527974606,0.014296228997409344,0.015567829832434654,0.9408384561538696,original,/mnt/d/INFANT CRY/Models_dbl/Main/runs/20260821T164332Z_490383ff/fold_3/fold_3_main_dbl.keras,/mnt/d/INFANT CRY/Models_dbl/Main/runs/20260821T164332Z_490383ff/fold_3/norm_stats_main_dbl.npy,20260821T164332Z_490383ff
rec_77e7ee17a7dad6ca1182,/mnt/d/INFANT CRY/data_set_dbl_split/train/tired/1833_F_owh.wav,tired,sha256:49b5e0e118d764a31c5bde824213054a96e46557125fe99bdca9fcfddd1db6ee,3,tired,0.01447267271578312,0.014548791572451591,0.013032693415880203,0.014125729911029339,0.9438201189041138,original,/mnt/d/INFANT CRY/Models_dbl/Main/runs/20260821T164332Z_490383ff/fold_3/fold_3_main_dbl.keras,/mnt/d/INFANT CRY/Models_dbl/Main/runs/20260821T164332Z_490383ff/fold_3/norm_stats_main_dbl.npy,20260821T164332Z_490383ff
rec_30d1ed276ec37c5e0877,/mnt/d/INFANT CRY/data_set_dbl_split/train/tired/189_M_owh.wav,tired,sha256:7de435dbc2b4798075c49c6d9606311ce9866864e506f0299920a79cf1b1d46a,3,tired,0.013925905339419842,0.015952158719301224,0.014531747438013554,0.013927486725151539,0.9416626691818237,original,/mnt/d/INFANT CRY/Models_dbl/Main/runs/20260821T164332Z_490383ff/fold_3/fold_3_main_dbl.keras,/mnt/d/INFANT CRY/Models_dbl/Main/runs/20260821T164332Z_490383ff/fold_3/norm_stats_main_dbl.npy,20260821T164332Z_490383ff
rec_6ec687220bbd68b07f36,/mnt/d/INFANT CRY/data_set_dbl_split/train/tired/1903_M_owh.wav,tired,sha256:34b8c6fba1bc6899eed85b3944d365a555366c6ce47f3d80b99025dbb7dbdbc1,3,tired,0.07273679971694946,0.04258010908961296,0.09355220198631287,0.05017364025115967,0.7409572601318359,original,/mnt/d/INFANT CRY/Models_dbl/Main/runs/20260821T164332Z_490383ff/fold_3/fold_3_main_dbl.keras,/mnt/d/INFANT CRY/Models_dbl/Main/runs/20260821T164332Z_490383ff/fold_3/norm_stats_main_dbl.npy,20260821T164332Z_490383ff
rec_d8f46d0aefd75c57521d,/mnt/d/INFANT CRY/data_set_dbl_split/train/tired/1967_M_owh.wav,tired,sha256:a1fd490caf9755db6a02941d9ff4839435cea0c67261bc09190187c0d39f24f9,3,tired,0.014563653618097305,0.015002627857029438,0.013460350222885609,0.014789104461669922,0.942184329032898,original,/mnt/d/INFANT CRY/Models_dbl/Main/runs/20260821T164332Z_490383ff/fold_3/fold_3_main_dbl.keras,/mnt/d/INFANT CRY/Models_dbl/Main/runs/20260821T164332Z_490383ff/fold_3/norm_stats_main_dbl.npy,20260821T164332Z_490383ff
rec_3ad7dddafe6b010bfb74,/mnt/d/INFANT CRY/data_set_dbl_split/train/tired/1980_M_owh.wav,tired,sha256:e31fd31777f872ec0993fed336bfae71b1d7bc3af3d02449193e2a3cb82f3e13,3,tired,0.013971173204481602,0.013396020978689194,0.01260653417557478,0.01292434148490429,0.9471019506454468,original,/mnt/d/INFANT CRY/Models_dbl/Main/runs/20260821T164332Z_490383ff/fold_3/fold_3_main_dbl.keras,/mnt/d/INFANT CRY/Models_dbl/Main/runs/20260821T164332Z_490383ff/fold_3/norm_stats_main_dbl.npy,20260821T164332Z_490383ff
rec_4405bc872ad0df61a8ea,/mnt/d/INFANT CRY/data_set_dbl_split/train/tired/2022_M_owh.wav,tired,sha256:ed6370a812a95500a8093d4f4841fa1f1ef30724d273c5739f16515caa2b4d37,3,tired,0.017613915726542473,0.014862117357552052,0.01568710058927536,0.015783358365297318,0.936053454875946,original,/mnt/d/INFANT CRY/Models_dbl/Main/runs/20260821T164332Z_490383ff/fold_3/fold_3_main_dbl.keras,/mnt/d/INFANT CRY/Models_dbl/Main/runs/20260821T164332Z_490383ff/fold_3/norm_stats_main_dbl.npy,20260821T164332Z_490383ff
rec_3612a0206d6b47c69a0b,/mnt/d/INFANT CRY/data_set_dbl_split/train/tired/2047_F_owh.wav,tired,sha256:09c0e70725a5efe85074bf7e7bd418c5eaa926359d53d594a61c102f9f9f1112,3,discomfort,0.050420746207237244,0.10720667988061905,0.4677315354347229,0.05841729789972305,0.3162236511707306,original,/mnt/d/INFANT CRY/Models_dbl/Main/runs/20260821T164332Z_490383ff/fold_3/fold_3_main_dbl.keras,/mnt/d/INFANT CRY/Models_dbl/Main/runs/20260821T164332Z_490383ff/fold_3/norm_stats_main_dbl.npy,20260821T164332Z_490383ff
rec_e9b13a34e140c3af34e3,/mnt/d/INFANT CRY/data_set_dbl_split/train/tired/2103_M_owh.wav,tired,sha256:05a6d18a4bec28f9dcf857d6bffc78fca612a8ea78d7e52930ae985016dfc087,3,tired,0.013997785747051239,0.016047369688749313,0.013004370965063572,0.014161057770252228,0.9427893757820129,original,/mnt/d/INFANT CRY/Models_dbl/Main/runs/20260821T164332Z_490383ff/fold_3/fold_3_main_dbl.keras,/mnt/d/INFANT CRY/Models_dbl/Main/runs/20260821T164332Z_490383ff/fold_3/norm_stats_main_dbl.npy,20260821T164332Z_490383ff
rec_e5c044e03bcf701cd871,/mnt/d/INFANT CRY/data_set_dbl_split/train/tired/2147_M_owh.wav,tired,sha256:0d42a94a4d77e1b28991089e4cc8ec6d78479cc83d00abd0c1db75cf5dd0c0fb,3,tired,0.014675887301564217,0.012826686725020409,0.01392021682113409,0.014416013844311237,0.9441612362861633,original,/mnt/d/INFANT CRY/Models_dbl/Main/runs/20260821T164332Z_490383ff/fold_3/fold_3_main_dbl.keras,/mnt/d/INFANT CRY/Models_dbl/Main/runs/20260821T164332Z_490383ff/fold_3/norm_stats_main_dbl.npy,20260821T164332Z_490383ff
rec_e03def87d42d24b8bdf8,/mnt/d/INFANT CRY/data_set_dbl_split/train/tired/2168_M_owh.wav,tired,sha256:9f9019576a9e3bdd78a51a2edb10a80918b4cebcc71f514f2b7e7e64433a1866,3,tired,0.016092130914330482,0.01680642180144787,0.013063944876194,0.013147172518074512,0.9408903121948242,original,/mnt/d/INFANT CRY/Models_dbl/Main/runs/20260821T164332Z_490383ff/fold_3/fold_3_main_dbl.keras,/mnt/d/INFANT CRY/Models_dbl/Main/runs/20260821T164332Z_490383ff/fold_3/norm_stats_main_dbl.npy,20260821T164332Z_490383ff
rec_53ff1607510284e05f4c,/mnt/d/INFANT CRY/data_set_dbl_split/train/tired/224_M_owh.wav,tired,sha256:b630d80ccb2a04ddde221f6748ce33d43448d8b7c1c8b1310298c0e9baa94de0,3,tired,0.016242429614067078,0.014429794624447823,0.01484875101596117,0.020426472648978233,0.9340525269508362,original,/mnt/d/INFANT CRY/Models_dbl/Main/runs/20260821T164332Z_490383ff/fold_3/fold_3_main_dbl.keras,/mnt/d/INFANT CRY/Models_dbl/Main/runs/20260821T164332Z_490383ff/fold_3/norm_stats_main_dbl.npy,20260821T164332Z_490383ff
rec_722376ba07089a6d9131,/mnt/d/INFANT CRY/data_set_dbl_split/train/tired/2295_M_owh.wav,tired,sha256:2e6018056002643c7c71f8d880c0b6442ab75fbb7227cf839b05ba881d7c08f4,3,belly_pain,0.9325228333473206,0.014404425397515297,0.018187494948506355,0.01683242805302143,0.01805282011628151,original,/mnt/d/INFANT CRY/Models_dbl/Main/runs/20260821T164332Z_490383ff/fold_3/fold_3_main_dbl.keras,/mnt/d/INFANT CRY/Models_dbl/Main/runs/20260821T164332Z_490383ff/fold_3/norm_stats_main_dbl.npy,20260821T164332Z_490383ff
rec_d115cba322b06fb55589,/mnt/d/INFANT CRY/data_set_dbl_split/train/tired/234_M_owh.wav,tired,sha256:f148463e190dc6431dce64037e622c28b8ce35225599b8dcb38f78320ef63618,3,belly_pain,0.8052583336830139,0.0339692160487175,0.04563288018107414,0.08756408840417862,0.027575552463531494,original,/mnt/d/INFANT CRY/Models_dbl/Main/runs/20260821T164332Z_490383ff/fold_3/fold_3_main_dbl.keras,/mnt/d/INFANT CRY/Models_dbl/Main/runs/20260821T164332Z_490383ff/fold_3/norm_stats_main_dbl.npy,20260821T164332Z_490383ff
rec_cd3db73b14a06bcaf977,/mnt/d/INFANT CRY/data_set_dbl_split/train/tired/2362_M_owh.wav,tired,sha256:f2d6859d0d472c101de3c5a92fe715beee7846a948e821201b694ffa095da5c4,3,tired,0.016205746680498123,0.01456367690116167,0.013220817781984806,0.01373722031712532,0.9422726035118103,original,/mnt/d/INFANT CRY/Models_dbl/Main/runs/20260821T164332Z_490383ff/fold_3/fold_3_main_dbl.keras,/mnt/d/INFANT CRY/Models_dbl/Main/runs/20260821T164332Z_490383ff/fold_3/norm_stats_main_dbl.npy,20260821T164332Z_490383ff
rec_c69119cf6403614feab1,/mnt/d/INFANT CRY/data_set_dbl_split/train/tired/2391_M_owh.wav,tired,sha256:7c72ee380b941e571e3ba043d2016fe1b867369dd714c32c31cfb32d4471f573,3,hungry,0.017490103840827942,0.021849609911441803,0.016900544986128807,0.9248335361480713,0.018926145508885384,original,/mnt/d/INFANT CRY/Models_dbl/Main/runs/20260821T164332Z_490383ff/fold_3/fold_3_main_dbl.keras,/mnt/d/INFANT CRY/Models_dbl/Main/runs/20260821T164332Z_490383ff/fold_3/norm_stats_main_dbl.npy,20260821T164332Z_490383ff
rec_f86684c7658d6ac079e3,/mnt/d/INFANT CRY/data_set_dbl_split/train/tired/2436_M_owh.wav,tired,sha256:e420b623a31fe93cbffdc276365aaa68c908cd2e249f238a95eed60dded9de8e,3,tired,0.014162168838083744,0.015471350401639938,0.01304234191775322,0.013534633442759514,0.943789541721344,original,/mnt/d/INFANT CRY/Models_dbl/Main/runs/20260821T164332Z_490383ff/fold_3/fold_3_main_dbl.keras,/mnt/d/INFANT CRY/Models_dbl/Main/runs/20260821T164332Z_490383ff/fold_3/norm_stats_main_dbl.npy,20260821T164332Z_490383ff
rec_2f1866a231731af201e0,/mnt/d/INFANT CRY/data_set_dbl_split/train/tired/2450_M_owh.wav,tired,sha256:c6b75b743c2258c550f4fc3a51abd6342b3b732613a25896372a05546bb6c4ed,3,tired,0.01694287732243538,0.015599348582327366,0.015129251405596733,0.021203575655817986,0.9311249256134033,original,/mnt/d/INFANT CRY/Models_dbl/Main/runs/20260821T164332Z_490383ff/fold_3/fold_3_main_dbl.keras,/mnt/d/INFANT CRY/Models_dbl/Main/runs/20260821T164332Z_490383ff/fold_3/norm_stats_main_dbl.npy,20260821T164332Z_490383ff
rec_21c73c50b6ee66a0d921,/mnt/d/INFANT CRY/data_set_dbl_split/train/tired/2589_M_owh.wav,tired,sha256:2f5d6a1e48cf20f6c0e337c3993ff79e12a6bb7fa1c5e10262e0afb93b61b304,3,tired,0.014674927107989788,0.013920082710683346,0.013612824492156506,0.01516556367278099,0.9426266551017761,original,/mnt/d/INFANT CRY/Models_dbl/Main/runs/20260821T164332Z_490383ff/fold_3/fold_3_main_dbl.keras,/mnt/d/INFANT CRY/Models_dbl/Main/runs/20260821T164332Z_490383ff/fold_3/norm_stats_main_dbl.npy,20260821T164332Z_490383ff
rec_b4d96bf4d8d7b262ae32,/mnt/d/INFANT CRY/data_set_dbl_split/train/tired/2652_M_owh.wav,tired,sha256:a170a046cd6b048713dc900604247f6e9c9fceec9dbb65a02f001fc0653d0b21,3,tired,0.014493795111775398,0.01312155369669199,0.013673742301762104,0.013559254817664623,0.9451516270637512,original,/mnt/d/INFANT CRY/Models_dbl/Main/runs/20260821T164332Z_490383ff/fold_3/fold_3_main_dbl.keras,/mnt/d/INFANT CRY/Models_dbl/Main/runs/20260821T164332Z_490383ff/fold_3/norm_stats_main_dbl.npy,20260821T164332Z_490383ff
rec_439a9902269ef8598187,/mnt/d/INFANT CRY/data_set_dbl_split/train/tired/2716_M_owh.wav,tired,sha256:5b02e7553547c026e0c5136d6a28c3c881406f1cd425bbe544de121ff1873d1e,3,tired,0.01820097677409649,0.02185852825641632,0.01606246829032898,0.01608600839972496,0.927791953086853,original,/mnt/d/INFANT CRY/Models_dbl/Main/runs/20260821T164332Z_490383ff/fold_3/fold_3_main_dbl.keras,/mnt/d/INFANT CRY/Models_dbl/Main/runs/20260821T164332Z_490383ff/fold_3/norm_stats_main_dbl.npy,20260821T164332Z_490383ff
rec_6648c1af441391d2b314,/mnt/d/INFANT CRY/data_set_dbl_split/train/tired/2759_M_owh.wav,tired,sha256:47b7a39e50b18133d87fb770cf2f0f0dad83febce29676bfdfb0989b0dba8fb5,3,tired,0.01962411217391491,0.02452138252556324,0.02189851924777031,0.015028683468699455,0.9189273118972778,original,/mnt/d/INFANT CRY/Models_dbl/Main/runs/20260821T164332Z_490383ff/fold_3/fold_3_main_dbl.keras,/mnt/d/INFANT CRY/Models_dbl/Main/runs/20260821T164332Z_490383ff/fold_3/norm_stats_main_dbl.npy,20260821T164332Z_490383ff
rec_82fe1c8ae9c2efafe311,/mnt/d/INFANT CRY/data_set_dbl_split/train/tired/2865_M_owh.wav,tired,sha256:a8d6812ff62aa7a2eb50f39adbc4b0f0d4b119799b1fa4e2b21977e287f2b9e1,3,tired,0.014458679594099522,0.014946897514164448,0.013166191056370735,0.014826756902039051,0.9426014423370361,original,/mnt/d/INFANT CRY/Models_dbl/Main/runs/20260821T164332Z_490383ff/fold_3/fold_3_main_dbl.keras,/mnt/d/INFANT CRY/Models_dbl/Main/runs/20260821T164332Z_490383ff/fold_3/norm_stats_main_dbl.npy,20260821T164332Z_490383ff
rec_42d0b57afb248a9ec117,/mnt/d/INFANT CRY/data_set_dbl_split/train/tired/287_M_owh.wav,tired,sha256:4c13f1b8bfc47bf5d36cdcf6143a62b9024806a1125f6bca63f63534fde4ed4f,3,tired,0.014473246410489082,0.014592062681913376,0.01282671932131052,0.01356920599937439,0.9445387125015259,original,/mnt/d/INFANT CRY/Models_dbl/Main/runs/20260821T164332Z_490383ff/fold_3/fold_3_main_dbl.keras,/mnt/d/INFANT CRY/Models_dbl/Main/runs/20260821T164332Z_490383ff/fold_3/norm_stats_main_dbl.npy,20260821T164332Z_490383ff
rec_0ea4430c30791cec7f65,/mnt/d/INFANT CRY/data_set_dbl_split/train/tired/2890_M_owh.wav,tired,sha256:75b1ec2068e1040204de53247ab092a4136c71db060ff952c6cc0fb9fbcfe342,3,tired,0.015027301385998726,0.015478826127946377,0.015434985980391502,0.013049092143774033,0.9410097599029541,original,/mnt/d/INFANT CRY/Models_dbl/Main/runs/20260821T164332Z_490383ff/fold_3/fold_3_main_dbl.keras,/mnt/d/INFANT CRY/Models_dbl/Main/runs/20260821T164332Z_490383ff/fold_3/norm_stats_main_dbl.npy,20260821T164332Z_490383ff
rec_67f2f67f11de85836fbf,/mnt/d/INFANT CRY/data_set_dbl_split/train/tired/2933_M_owh.wav,tired,sha256:065d478c6b1cef8b88b573906d3d9afa561e438186fdbeb4ba3a6bd3035241eb,3,tired,0.014743498526513577,0.02001606486737728,0.013530969619750977,0.012582432478666306,0.9391270875930786,original,/mnt/d/INFANT CRY/Models_dbl/Main/runs/20260821T164332Z_490383ff/fold_3/fold_3_main_dbl.keras,/mnt/d/INFANT CRY/Models_dbl/Main/runs/20260821T164332Z_490383ff/fold_3/norm_stats_main_dbl.npy,20260821T164332Z_490383ff
rec_e26abf964087dae92623,/mnt/d/INFANT CRY/data_set_dbl_split/train/tired/2991_M_owh.wav,tired,sha256:4776ed062c41b5a299b91fe786e5b2683a040b63adc70b52a2b07fbde3d63408,3,tired,0.01600508950650692,0.015013288706541061,0.014573141001164913,0.0184345580637455,0.9359738826751709,original,/mnt/d/INFANT CRY/Models_dbl/Main/runs/20260821T164332Z_490383ff/fold_3/fold_3_main_dbl.keras,/mnt/d/INFANT CRY/Models_dbl/Main/runs/20260821T164332Z_490383ff/fold_3/norm_stats_main_dbl.npy,20260821T164332Z_490383ff
rec_8d4d64f82ec65f4c6381,/mnt/d/INFANT CRY/data_set_dbl_split/train/tired/3046_M_owh.wav,tired,sha256:ca7eb1fd18c4c6e966fa5fd91139e3270681c262fa4cb30ef799432e75c372a2,3,tired,0.014280595816671848,0.013624138198792934,0.012743501923978329,0.013652322813868523,0.9456995129585266,original,/mnt/d/INFANT CRY/Models_dbl/Main/runs/20260821T164332Z_490383ff/fold_3/fold_3_main_dbl.keras,/mnt/d/INFANT CRY/Models_dbl/Main/runs/20260821T164332Z_490383ff/fold_3/norm_stats_main_dbl.npy,20260821T164332Z_490383ff
rec_f45dac55e4c031edcf7e,/mnt/d/INFANT CRY/data_set_dbl_split/train/tired/3057_M_owh.wav,tired,sha256:6e776d2ba4e47146ff1ab88f0ddeabc2bb83bffb57af2b96b7f6dd8d74135cf8,3,tired,0.01396739762276411,0.013116682879626751,0.01337791234254837,0.016063135117292404,0.9434748888015747,original,/mnt/d/INFANT CRY/Models_dbl/Main/runs/20260821T164332Z_490383ff/fold_3/fold_3_main_dbl.keras,/mnt/d/INFANT CRY/Models_dbl/Main/runs/20260821T164332Z_490383ff/fold_3/norm_stats_main_dbl.npy,20260821T164332Z_490383ff
rec_ddde6ca071402ae58ddc,/mnt/d/INFANT CRY/data_set_dbl_split/train/tired/3135_F_owh.wav,tired,sha256:369b89e57a0b4b2831f8cfa04a58123e3986ccd2af98bf180c59a8be149b1821,3,tired,0.014371187426149845,0.014145064167678356,0.013439584523439407,0.013992873951792717,0.9440512657165527,original,/mnt/d/INFANT CRY/Models_dbl/Main/runs/20260821T164332Z_490383ff/fold_3/fold_3_main_dbl.keras,/mnt/d/INFANT CRY/Models_dbl/Main/runs/20260821T164332Z_490383ff/fold_3/norm_stats_main_dbl.npy,20260821T164332Z_490383ff
rec_6d343491c6f14803a68d,/mnt/d/INFANT CRY/data_set_dbl_split/train/tired/3209_M_owh.wav,tired,sha256:38eb324f6fd5382ba752ef574b8662fd749475390dc40b3dea858cf261805af6,3,tired,0.013834911398589611,0.01450927834957838,0.013870906084775925,0.012530559673905373,0.945254385471344,original,/mnt/d/INFANT CRY/Models_dbl/Main/runs/20260821T164332Z_490383ff/fold_3/fold_3_main_dbl.keras,/mnt/d/INFANT CRY/Models_dbl/Main/runs/20260821T164332Z_490383ff/fold_3/norm_stats_main_dbl.npy,20260821T164332Z_490383ff
rec_d26e4ae08d86bd6c32fa,/mnt/d/INFANT CRY/data_set_dbl_split/train/tired/3231_M_owh.wav,tired,sha256:3e4bad102d60253515ee8176fc2a50139d7d2b4439e2d2241deddaecf89fadfa,3,tired,0.028189735487103462,0.01784847490489483,0.019034603610634804,0.0231001153588295,0.911827027797699,original,/mnt/d/INFANT CRY/Models_dbl/Main/runs/20260821T164332Z_490383ff/fold_3/fold_3_main_dbl.keras,/mnt/d/INFANT CRY/Models_dbl/Main/runs/20260821T164332Z_490383ff/fold_3/norm_stats_main_dbl.npy,20260821T164332Z_490383ff
rec_a7808c9426bea7496f2b,/mnt/d/INFANT CRY/data_set_dbl_split/train/tired/3244_M_owh.wav,tired,sha256:50249d641db85db75961c1e2ecaf06e063d9f0dc17ea3b69bdffd34c79e87f97,3,tired,0.021112635731697083,0.01403358019888401,0.015396478585898876,0.020212387666106224,0.9292449355125427,original,/mnt/d/INFANT CRY/Models_dbl/Main/runs/20260821T164332Z_490383ff/fold_3/fold_3_main_dbl.keras,/mnt/d/INFANT CRY/Models_dbl/Main/runs/20260821T164332Z_490383ff/fold_3/norm_stats_main_dbl.npy,20260821T164332Z_490383ff
rec_ca5f15d2b28002cc6999,/mnt/d/INFANT CRY/data_set_dbl_split/train/tired/3283_F_owh.wav,tired,sha256:a5cc0c95f7abe6d8f5a3c24f7534b763bb4eb8aa1ec35511b0c4536a932ce4e4,3,tired,0.014725941233336926,0.014672515913844109,0.012935151346027851,0.013491636142134666,0.9441748261451721,original,/mnt/d/INFANT CRY/Models_dbl/Main/runs/20260821T164332Z_490383ff/fold_3/fold_3_main_dbl.keras,/mnt/d/INFANT CRY/Models_dbl/Main/runs/20260821T164332Z_490383ff/fold_3/norm_stats_main_dbl.npy,20260821T164332Z_490383ff
rec_7c04ee696339c5e73fe9,/mnt/d/INFANT CRY/data_set_dbl_split/train/tired/3292_M_owh.wav,tired,sha256:9094d679323536ed3c412ec94b6fa714247ac0b160dd6a177c45cf4b7f982530,3,tired,0.0143632423132658,0.01408847514539957,0.013625280931591988,0.01488483790308237,0.9430381059646606,original,/mnt/d/INFANT CRY/Models_dbl/Main/runs/20260821T164332Z_490383ff/fold_3/fold_3_main_dbl.keras,/mnt/d/INFANT CRY/Models_dbl/Main/runs/20260821T164332Z_490383ff/fold_3/norm_stats_main_dbl.npy,20260821T164332Z_490383ff
rec_55f5a47b5c81789d39ab,/mnt/d/INFANT CRY/data_set_dbl_split/train/tired/3331_M_owh.wav,tired,sha256:1becf5bccd63bdc11420b398ebe68c0dc1b9afc008e931387790d78e15be5d80,3,tired,0.014405560679733753,0.013394519686698914,0.013468198478221893,0.013924789614975452,0.9448069334030151,original,/mnt/d/INFANT CRY/Models_dbl/Main/runs/20260821T164332Z_490383ff/fold_3/fold_3_main_dbl.keras,/mnt/d/INFANT CRY/Models_dbl/Main/runs/20260821T164332Z_490383ff/fold_3/norm_stats_main_dbl.npy,20260821T164332Z_490383ff
rec_110fc470a62dbc1cedd9,/mnt/d/INFANT CRY/data_set_dbl_split/train/tired/3394_F_owh.wav,tired,sha256:14a371ffb77c009312ae4068427a255aeb81b17904c82e811ef27fcc55b54ee4,3,tired,0.01387366745620966,0.01315405871719122,0.012397736310958862,0.012521639466285706,0.9480528831481934,original,/mnt/d/INFANT CRY/Models_dbl/Main/runs/20260821T164332Z_490383ff/fold_3/fold_3_main_dbl.keras,/mnt/d/INFANT CRY/Models_dbl/Main/runs/20260821T164332Z_490383ff/fold_3/norm_stats_main_dbl.npy,20260821T164332Z_490383ff
rec_11c898e8751b3b5ec62f,/mnt/d/INFANT CRY/data_set_dbl_split/train/tired/3476_M_owh.wav,tired,sha256:c698514d3f418a7a29cd1f8467216fa237b891d30e1455ba94edd403ea7deddb,3,tired,0.014842786826193333,0.013990933075547218,0.014347415417432785,0.016451196745038033,0.9403676390647888,original,/mnt/d/INFANT CRY/Models_dbl/Main/runs/20260821T164332Z_490383ff/fold_3/fold_3_main_dbl.keras,/mnt/d/INFANT CRY/Models_dbl/Main/runs/20260821T164332Z_490383ff/fold_3/norm_stats_main_dbl.npy,20260821T164332Z_490383ff
rec_81c98f329bf4d0cca973,/mnt/d/INFANT CRY/data_set_dbl_split/train/tired/34_M_owh.wav,tired,sha256:a954cb312721a72aa60a1d2b137c88958c1cca078246fd8103ff7728ad2a367e,3,tired,0.024680566042661667,0.019676387310028076,0.021515104919672012,0.046680375933647156,0.8874475955963135,original,/mnt/d/INFANT CRY/Models_dbl/Main/runs/20260821T164332Z_490383ff/fold_3/fold_3_main_dbl.keras,/mnt/d/INFANT CRY/Models_dbl/Main/runs/20260821T164332Z_490383ff/fold_3/norm_stats_main_dbl.npy,20260821T164332Z_490383ff
rec_25f56527dfe9611f6174,/mnt/d/INFANT CRY/data_set_dbl_split/train/tired/3531_F_owh.wav,tired,sha256:62543d3ee05ba2edc50f1d5e307ec4ece6c71edad6b494ede699e1ad7e36111d,3,tired,0.015408692881464958,0.01610504649579525,0.014061474241316319,0.015088342130184174,0.9393364787101746,original,/mnt/d/INFANT CRY/Models_dbl/Main/runs/20260821T164332Z_490383ff/fold_3/fold_3_main_dbl.keras,/mnt/d/INFANT CRY/Models_dbl/Main/runs/20260821T164332Z_490383ff/fold_3/norm_stats_main_dbl.npy,20260821T164332Z_490383ff
rec_5a31135cf8c6114428e6,/mnt/d/INFANT CRY/data_set_dbl_split/train/tired/3555_M_owh.wav,tired,sha256:bea948d72dd8ae1f14defeebd184817052e44abad0a2a8fbee783cbb8392ada7,3,tired,0.01421972457319498,0.014057833701372147,0.013599771074950695,0.014767938293516636,0.9433546662330627,original,/mnt/d/INFANT CRY/Models_dbl/Main/runs/20260821T164332Z_490383ff/fold_3/fold_3_main_dbl.keras,/mnt/d/INFANT CRY/Models_dbl/Main/runs/20260821T164332Z_490383ff/fold_3/norm_stats_main_dbl.npy,20260821T164332Z_490383ff
rec_48951fef0bfcff5b8170,/mnt/d/INFANT CRY/data_set_dbl_split/train/tired/3615_M_owh.wav,tired,sha256:68d22280f169328d0f01abb50a9c98940e4cd8bc88a9f8d3c14ce6e5ff19570e,3,tired,0.01506577804684639,0.01583831012248993,0.01495539303869009,0.012797370553016663,0.9413431286811829,original,/mnt/d/INFANT CRY/Models_dbl/Main/runs/20260821T164332Z_490383ff/fold_3/fold_3_main_dbl.keras,/mnt/d/INFANT CRY/Models_dbl/Main/runs/20260821T164332Z_490383ff/fold_3/norm_stats_main_dbl.npy,20260821T164332Z_490383ff
rec_f5e1b15d65ce873732bc,/mnt/d/INFANT CRY/data_set_dbl_split/train/tired/3621_M_owh.wav,tired,sha256:6a556a53e981c03965ac39abe7c3cc166b4005ced8bf32f0c6a02c28e2d79aa3,3,tired,0.014244185760617256,0.014511550776660442,0.01348363608121872,0.014799644239246845,0.9429609775543213,original,/mnt/d/INFANT CRY/Models_dbl/Main/runs/20260821T164332Z_490383ff/fold_3/fold_3_main_dbl.keras,/mnt/d/INFANT CRY/Models_dbl/Main/runs/20260821T164332Z_490383ff/fold_3/norm_stats_main_dbl.npy,20260821T164332Z_490383ff
rec_23b5546de1432ceacbfd,/mnt/d/INFANT CRY/data_set_dbl_split/train/tired/3631_M_owh.wav,tired,sha256:7812887439e020c1b3c105ef2d4aed77f6b54279ba332d211cbc1ca2c041b36f,3,tired,0.01426951214671135,0.014065738767385483,0.013069458305835724,0.013704553246498108,0.9448907971382141,original,/mnt/d/INFANT CRY/Models_dbl/Main/runs/20260821T164332Z_490383ff/fold_3/fold_3_main_dbl.keras,/mnt/d/INFANT CRY/Models_dbl/Main/runs/20260821T164332Z_490383ff/fold_3/norm_stats_main_dbl.npy,20260821T164332Z_490383ff
rec_c89d13e7865172880545,/mnt/d/INFANT CRY/data_set_dbl_split/train/tired/3643_M_owh.wav,tired,sha256:ccaa137525c5c4deb8848e64257f8357d887b0c35f8d13d923edea27919a3474,3,tired,0.014737656340003014,0.015214486978948116,0.013571075163781643,0.013056758791208267,0.9434200525283813,original,/mnt/d/INFANT CRY/Models_dbl/Main/runs/20260821T164332Z_490383ff/fold_3/fold_3_main_dbl.keras,/mnt/d/INFANT CRY/Models_dbl/Main/runs/20260821T164332Z_490383ff/fold_3/norm_stats_main_dbl.npy,20260821T164332Z_490383ff
rec_5106fcf6ddf390f7140b,/mnt/d/INFANT CRY/data_set_dbl_split/train/tired/3649_M_owh.wav,tired,sha256:48ac6b7f7f9e4d8a411029052d25fce1d36dd1595360c00b419fe2e186764f7f,3,tired,0.015344162471592426,0.015797657892107964,0.013478796929121017,0.01496107503771782,0.9404182434082031,original,/mnt/d/INFANT CRY/Models_dbl/Main/runs/20260821T164332Z_490383ff/fold_3/fold_3_main_dbl.keras,/mnt/d/INFANT CRY/Models_dbl/Main/runs/20260821T164332Z_490383ff/fold_3/norm_stats_main_dbl.npy,20260821T164332Z_490383ff
rec_6d9d231d966abe189dcf,/mnt/d/INFANT CRY/data_set_dbl_split/train/tired/3655_M_owh.wav,tired,sha256:33cbbe4bc948b49c3a0461cba6e16609a8c1df9f63d1e28b6b69e933a0388bb1,3,tired,0.023889921605587006,0.019453492015600204,0.02112632431089878,0.04512220621109009,0.8904080390930176,original,/mnt/d/INFANT CRY/Models_dbl/Main/runs/20260821T164332Z_490383ff/fold_3/fold_3_main_dbl.keras,/mnt/d/INFANT CRY/Models_dbl/Main/runs/20260821T164332Z_490383ff/fold_3/norm_stats_main_dbl.npy,20260821T164332Z_490383ff
rec_2e52e335fb3467063123,/mnt/d/INFANT CRY/data_set_dbl_split/train/tired/36_F_owh.wav,tired,sha256:b94fb7c9d83168a7e5996a4de89fe0907010619c0deceb1cb3d1791fb3df2cce,3,hungry,0.048576731234788895,0.029597414657473564,0.04928217828273773,0.6595632433891296,0.2129804491996765,original,/mnt/d/INFANT CRY/Models_dbl/Main/runs/20260821T164332Z_490383ff/fold_3/fold_3_main_dbl.keras,/mnt/d/INFANT CRY/Models_dbl/Main/runs/20260821T164332Z_490383ff/fold_3/norm_stats_main_dbl.npy,20260821T164332Z_490383ff
rec_c48dde2faccdf332a004,/mnt/d/INFANT CRY/data_set_dbl_split/train/tired/370_F_owh.wav,tired,sha256:d3ff68dd4ed3af6dbfc1694880b18a73110a44fd178d295fb2e3b6331d8630e5,3,tired,0.014057464897632599,0.014189927838742733,0.013038073666393757,0.013456970453262329,0.9452576041221619,original,/mnt/d/INFANT CRY/Models_dbl/Main/runs/20260821T164332Z_490383ff/fold_3/fold_3_main_dbl.keras,/mnt/d/INFANT CRY/Models_dbl/Main/runs/20260821T164332Z_490383ff/fold_3/norm_stats_main_dbl.npy,20260821T164332Z_490383ff
rec_f30f5aba8ff73d4d8bb8,/mnt/d/INFANT CRY/data_set_dbl_split/train/tired/3838_F_owh.wav,tired,sha256:b3d3a98e076d4104df14e8620c2b8449258441a01ad4ad4033012135554a8025,3,burping,0.019556693732738495,0.9132524132728577,0.019621413201093674,0.0254381000995636,0.022131366655230522,original,/mnt/d/INFANT CRY/Models_dbl/Main/runs/20260821T164332Z_490383ff/fold_3/fold_3_main_dbl.keras,/mnt/d/INFANT CRY/Models_dbl/Main/runs/20260821T164332Z_490383ff/fold_3/norm_stats_main_dbl.npy,20260821T164332Z_490383ff
rec_f47fdec0113833178c5a,/mnt/d/INFANT CRY/data_set_dbl_split/train/tired/3871_F_owh.wav,tired,sha256:d55313ab3d46de45270234eb3e67380359262bdce416809e8bdb0f2e4dbc34f2,3,tired,0.014449670910835266,0.01373597327619791,0.012713031843304634,0.013178808614611626,0.9459224939346313,original,/mnt/d/INFANT CRY/Models_dbl/Main/runs/20260821T164332Z_490383ff/fold_3/fold_3_main_dbl.keras,/mnt/d/INFANT CRY/Models_dbl/Main/runs/20260821T164332Z_490383ff/fold_3/norm_stats_main_dbl.npy,20260821T164332Z_490383ff
rec_cee3339aa4945b0f7472,/mnt/d/INFANT CRY/data_set_dbl_split/train/tired/3928_M_owh.wav,tired,sha256:ee420968afaa724d046623a75b93edff34279477f51268484f1c17b30a9ed733,3,tired,0.01756199076771736,0.0187788438051939,0.01869756355881691,0.015348412096500397,0.9296131730079651,original,/mnt/d/INFANT CRY/Models_dbl/Main/runs/20260821T164332Z_490383ff/fold_3/fold_3_main_dbl.keras,/mnt/d/INFANT CRY/Models_dbl/Main/runs/20260821T164332Z_490383ff/fold_3/norm_stats_main_dbl.npy,20260821T164332Z_490383ff
rec_abe0479c904285e5e121,/mnt/d/INFANT CRY/data_set_dbl_split/train/tired/3976_M_owh.wav,tired,sha256:011bafaf5dd8fd219b21d1d7d9f837955566547aa2767202a91f6442101bc398,3,tired,0.014312943443655968,0.015516925603151321,0.013309253379702568,0.014421839267015457,0.9424390196800232,original,/mnt/d/INFANT CRY/Models_dbl/Main/runs/20260821T164332Z_490383ff/fold_3/fold_3_main_dbl.keras,/mnt/d/INFANT CRY/Models_dbl/Main/runs/20260821T164332Z_490383ff/fold_3/norm_stats_main_dbl.npy,20260821T164332Z_490383ff
rec_c998ba3369e3adec0c82,/mnt/d/INFANT CRY/data_set_dbl_split/train/tired/3996_M_owh.wav,tired,sha256:99ff43d6a0f3e159e4224df1a6e0bce3dea8b616b5df84413703bad987fb0431,3,tired,0.014483693055808544,0.01273549348115921,0.013941437005996704,0.016632525250315666,0.942206859588623,original,/mnt/d/INFANT CRY/Models_dbl/Main/runs/20260821T164332Z_490383ff/fold_3/fold_3_main_dbl.keras,/mnt/d/INFANT CRY/Models_dbl/Main/runs/20260821T164332Z_490383ff/fold_3/norm_stats_main_dbl.npy,20260821T164332Z_490383ff
rec_1fc595f5a9fa8e61bb2a,/mnt/d/INFANT CRY/data_set_dbl_split/train/tired/4120_M_owh.wav,tired,sha256:dddd06308056912d46afc81cea792c160e31db580a75f89c75d66457f96339db,3,tired,0.014355923980474472,0.014451061375439167,0.013122458942234516,0.0132070854306221,0.9448634386062622,original,/mnt/d/INFANT CRY/Models_dbl/Main/runs/20260821T164332Z_490383ff/fold_3/fold_3_main_dbl.keras,/mnt/d/INFANT CRY/Models_dbl/Main/runs/20260821T164332Z_490383ff/fold_3/norm_stats_main_dbl.npy,20260821T164332Z_490383ff
rec_65c060e8fe9ca260e976,/mnt/d/INFANT CRY/data_set_dbl_split/train/tired/4178_M_owh.wav,tired,sha256:e7c3ffcbbabfe6cefcf6dc46d332c56bff36d15f7473693dc45b3ab7ef3ce129,3,tired,0.013981000520288944,0.014465313404798508,0.013129045255482197,0.013348807580769062,0.9450758099555969,original,/mnt/d/INFANT CRY/Models_dbl/Main/runs/20260821T164332Z_490383ff/fold_3/fold_3_main_dbl.keras,/mnt/d/INFANT CRY/Models_dbl/Main/runs/20260821T164332Z_490383ff/fold_3/norm_stats_main_dbl.npy,20260821T164332Z_490383ff
rec_c59bc1d7f247cb566f41,/mnt/d/INFANT CRY/data_set_dbl_split/train/tired/423_M_owh.wav,tired,sha256:cd650081ee6e8356ab9b7d9a05c72e0c48e31159da92083373d80887218ec3fe,3,tired,0.014939427375793457,0.015150679275393486,0.013398120179772377,0.014978638850152493,0.941533088684082,original,/mnt/d/INFANT CRY/Models_dbl/Main/runs/20260821T164332Z_490383ff/fold_3/fold_3_main_dbl.keras,/mnt/d/INFANT CRY/Models_dbl/Main/runs/20260821T164332Z_490383ff/fold_3/norm_stats_main_dbl.npy,20260821T164332Z_490383ff
rec_1fafbe2e464ceb868d2f,/mnt/d/INFANT CRY/data_set_dbl_split/train/tired/4283_M_owh.wav,tired,sha256:8f09456255a0bbd5549c4d13817408ce71a050eebaeee20e75fdcc6b5d332e76,3,tired,0.014373508282005787,0.013902501203119755,0.01274973526597023,0.013775893487036228,0.9451983571052551,original,/mnt/d/INFANT CRY/Models_dbl/Main/runs/20260821T164332Z_490383ff/fold_3/fold_3_main_dbl.keras,/mnt/d/INFANT CRY/Models_dbl/Main/runs/20260821T164332Z_490383ff/fold_3/norm_stats_main_dbl.npy,20260821T164332Z_490383ff
rec_80ec640800dee9264543,/mnt/d/INFANT CRY/data_set_dbl_split/train/tired/4353_M_owh.wav,tired,sha256:8f63e4d6faf0b462d69da829bf943a34294458e6cf49925b28baefd70e75ad96,3,tired,0.014964417554438114,0.01451785583049059,0.01359461434185505,0.015333840623497963,0.9415892362594604,original,/mnt/d/INFANT CRY/Models_dbl/Main/runs/20260821T164332Z_490383ff/fold_3/fold_3_main_dbl.keras,/mnt/d/INFANT CRY/Models_dbl/Main/runs/20260821T164332Z_490383ff/fold_3/norm_stats_main_dbl.npy,20260821T164332Z_490383ff
rec_ea25176e4c058220773e,/mnt/d/INFANT CRY/data_set_dbl_split/train/tired/4378_M_owh.wav,tired,sha256:330790ea95b48ee9eb84c2e4e401eb3789fcbce33535d4570fc54d7f52d76c96,3,tired,0.03017887845635414,0.025270910933613777,0.024331241846084595,0.05639881268143654,0.8638201951980591,original,/mnt/d/INFANT CRY/Models_dbl/Main/runs/20260821T164332Z_490383ff/fold_3/fold_3_main_dbl.keras,/mnt/d/INFANT CRY/Models_dbl/Main/runs/20260821T164332Z_490383ff/fold_3/norm_stats_main_dbl.npy,20260821T164332Z_490383ff
rec_be39dd543fa1dc346bfd,/mnt/d/INFANT CRY/data_set_dbl_split/train/tired/4416_M_owh.wav,tired,sha256:42862b99bcac9a7b8a3843c0417a34a6aacca2745c8f248a93cc924f3dfba582,3,belly_pain,0.8949814438819885,0.017454927787184715,0.03438315913081169,0.024372847750782967,0.028807567432522774,original,/mnt/d/INFANT CRY/Models_dbl/Main/runs/20260821T164332Z_490383ff/fold_3/fold_3_main_dbl.keras,/mnt/d/INFANT CRY/Models_dbl/Main/runs/20260821T164332Z_490383ff/fold_3/norm_stats_main_dbl.npy,20260821T164332Z_490383ff
rec_7a69b7ca95cf42701d0b,/mnt/d/INFANT CRY/data_set_dbl_split/train/tired/4438_M_owh.wav,tired,sha256:8cb6e9722f06515421b3467b02e295f9a861b2645f1af9981655678077e8a36f,3,tired,0.01622331701219082,0.014883271418511868,0.01457018218934536,0.019639957696199417,0.9346832036972046,original,/mnt/d/INFANT CRY/Models_dbl/Main/runs/20260821T164332Z_490383ff/fold_3/fold_3_main_dbl.keras,/mnt/d/INFANT CRY/Models_dbl/Main/runs/20260821T164332Z_490383ff/fold_3/norm_stats_main_dbl.npy,20260821T164332Z_490383ff
rec_8829cfa21961d0e77cab,/mnt/d/INFANT CRY/data_set_dbl_split/train/tired/4493_M_owh.wav,tired,sha256:43a4446753cfbee9bb66dcf860144629d5dd4ce4a95e3fe8971dab5577a965b1,3,tired,0.014214436523616314,0.013849537819623947,0.01438730675727129,0.013522276654839516,0.9440264701843262,original,/mnt/d/INFANT CRY/Models_dbl/Main/runs/20260821T164332Z_490383ff/fold_3/fold_3_main_dbl.keras,/mnt/d/INFANT CRY/Models_dbl/Main/runs/20260821T164332Z_490383ff/fold_3/norm_stats_main_dbl.npy,20260821T164332Z_490383ff
rec_1c05dc10c63e2737767c,/mnt/d/INFANT CRY/data_set_dbl_split/train/tired/4500_F_owh.wav,tired,sha256:3e3eef2b8ca2e5e8314d93b2215c331f99d98b0494fce0d153e00131e2674bc1,3,tired,0.016492996364831924,0.01652592606842518,0.01461692526936531,0.01432720385491848,0.9380369186401367,original,/mnt/d/INFANT CRY/Models_dbl/Main/runs/20260821T164332Z_490383ff/fold_3/fold_3_main_dbl.keras,/mnt/d/INFANT CRY/Models_dbl/Main/runs/20260821T164332Z_490383ff/fold_3/norm_stats_main_dbl.npy,20260821T164332Z_490383ff
rec_b072edcd3862f9a5d63c,/mnt/d/INFANT CRY/data_set_dbl_split/train/tired/4633_F_owh.wav,tired,sha256:7b3464d7754050bb821686e2c801ac6f8dd6c9334b510a86653ce1545cb467bd,3,tired,0.016330769285559654,0.014474340714514256,0.015361028723418713,0.022714052349328995,0.9311197996139526,original,/mnt/d/INFANT CRY/Models_dbl/Main/runs/20260821T164332Z_490383ff/fold_3/fold_3_main_dbl.keras,/mnt/d/INFANT CRY/Models_dbl/Main/runs/20260821T164332Z_490383ff/fold_3/norm_stats_main_dbl.npy,20260821T164332Z_490383ff
rec_b9b5a078b977d898dcd0,/mnt/d/INFANT CRY/data_set_dbl_split/train/tired/4633_M_owh.wav,tired,sha256:658d3e452916cfd7175a88280c341de53df59f6050865a0bdd899860083652ee,3,tired,0.014733921736478806,0.01440056599676609,0.013476328924298286,0.015195349231362343,0.942193865776062,original,/mnt/d/INFANT CRY/Models_dbl/Main/runs/20260821T164332Z_490383ff/fold_3/fold_3_main_dbl.keras,/mnt/d/INFANT CRY/Models_dbl/Main/runs/20260821T164332Z_490383ff/fold_3/norm_stats_main_dbl.npy,20260821T164332Z_490383ff
rec_b0b1f24026382956a814,/mnt/d/INFANT CRY/data_set_dbl_split/train/tired/4638_M_owh.wav,tired,sha256:c9a0fe9cff540030c6516749a736f38b6e9a52864be1ffa06eef43154c256ad4,3,tired,0.013770680874586105,0.014412734657526016,0.013123607262969017,0.013158203102648258,0.9455348253250122,original,/mnt/d/INFANT CRY/Models_dbl/Main/runs/20260821T164332Z_490383ff/fold_3/fold_3_main_dbl.keras,/mnt/d/INFANT CRY/Models_dbl/Main/runs/20260821T164332Z_490383ff/fold_3/norm_stats_main_dbl.npy,20260821T164332Z_490383ff
rec_779a15db4f4658575d1e,/mnt/d/INFANT CRY/data_set_dbl_split/train/tired/4750_M_owh.wav,tired,sha256:6f8b42b2e8e0675ce89f04a4a6f05b8d7abc477eeac0efc3327b39b997764bb0,3,tired,0.014261896722018719,0.013658067211508751,0.012967660091817379,0.013832065276801586,0.9452802538871765,original,/mnt/d/INFANT CRY/Models_dbl/Main/runs/20260821T164332Z_490383ff/fold_3/fold_3_main_dbl.keras,/mnt/d/INFANT CRY/Models_dbl/Main/runs/20260821T164332Z_490383ff/fold_3/norm_stats_main_dbl.npy,20260821T164332Z_490383ff
rec_de0728723438792b46cb,/mnt/d/INFANT CRY/data_set_dbl_split/train/tired/4785_M_owh.wav,tired,sha256:da7b60c04392f2ca24d06d49135f8ab5803246b725e9f19ea119b17cd8e2383f,3,tired,0.01895901933312416,0.020219987258315086,0.016005346551537514,0.02415960095822811,0.9206560254096985,original,/mnt/d/INFANT CRY/Models_dbl/Main/runs/20260821T164332Z_490383ff/fold_3/fold_3_main_dbl.keras,/mnt/d/INFANT CRY/Models_dbl/Main/runs/20260821T164332Z_490383ff/fold_3/norm_stats_main_dbl.npy,20260821T164332Z_490383ff
rec_ee5c8dfe7aa9ead67c37,/mnt/d/INFANT CRY/data_set_dbl_split/train/tired/4797_M_owh.wav,tired,sha256:eca9b35b9812e3240de0a34bd1a43d901641cd82f490d32199e26ae6810f386d,3,tired,0.013968979939818382,0.015563970431685448,0.012592301703989506,0.012793955393135548,0.9450808167457581,original,/mnt/d/INFANT CRY/Models_dbl/Main/runs/20260821T164332Z_490383ff/fold_3/fold_3_main_dbl.keras,/mnt/d/INFANT CRY/Models_dbl/Main/runs/20260821T164332Z_490383ff/fold_3/norm_stats_main_dbl.npy,20260821T164332Z_490383ff
rec_e9e8fdffcda448daddc9,/mnt/d/INFANT CRY/data_set_dbl_split/train/tired/47_M_owh.wav,tired,sha256:8a1b2cb3fabecb1f5a2f41017a277065fd50ddcbf37241bdd413da632d1a25a9,3,tired,0.014441282488405704,0.015804145485162735,0.012890396639704704,0.01393641997128725,0.9429277777671814,original,/mnt/d/INFANT CRY/Models_dbl/Main/runs/20260821T164332Z_490383ff/fold_3/fold_3_main_dbl.keras,/mnt/d/INFANT CRY/Models_dbl/Main/runs/20260821T164332Z_490383ff/fold_3/norm_stats_main_dbl.npy,20260821T164332Z_490383ff
rec_3a68fa909839439de2d2,/mnt/d/INFANT CRY/data_set_dbl_split/train/tired/480_F_owh.wav,tired,sha256:655f5663073380ecb9aa42eb945f1047a64aea2a3433c0695a96c7ae0ee6581f,3,burping,0.04859050735831261,0.43024906516075134,0.07387152314186096,0.04461076110601425,0.40267813205718994,original,/mnt/d/INFANT CRY/Models_dbl/Main/runs/20260821T164332Z_490383ff/fold_3/fold_3_main_dbl.keras,/mnt/d/INFANT CRY/Models_dbl/Main/runs/20260821T164332Z_490383ff/fold_3/norm_stats_main_dbl.npy,20260821T164332Z_490383ff
rec_47687240794223f7bd4d,/mnt/d/INFANT CRY/data_set_dbl_split/train/tired/4857_F_owh.wav,tired,sha256:ab4de8b4e2d926d3b4294ce6a82af1ba7259d2a15277598d47fa76c424bef1b5,3,tired,0.014838368631899357,0.01654050499200821,0.013095582835376263,0.014828317798674107,0.940697193145752,original,/mnt/d/INFANT CRY/Models_dbl/Main/runs/20260821T164332Z_490383ff/fold_3/fold_3_main_dbl.keras,/mnt/d/INFANT CRY/Models_dbl/Main/runs/20260821T164332Z_490383ff/fold_3/norm_stats_main_dbl.npy,20260821T164332Z_490383ff
rec_a8b7b54fedcd92b0985b,/mnt/d/INFANT CRY/data_set_dbl_split/train/tired/487_M_owh.wav,tired,sha256:fb9eefa51528b64752ee7a50fd9e9ce11512b52227d36570d242ad3ac9e4fd71,3,tired,0.013472828082740307,0.015483043156564236,0.012696352787315845,0.012264230288565159,0.9460835456848145,original,/mnt/d/INFANT CRY/Models_dbl/Main/runs/20260821T164332Z_490383ff/fold_3/fold_3_main_dbl.keras,/mnt/d/INFANT CRY/Models_dbl/Main/runs/20260821T164332Z_490383ff/fold_3/norm_stats_main_dbl.npy,20260821T164332Z_490383ff
rec_f1aabf4f21c39e1b580c,/mnt/d/INFANT CRY/data_set_dbl_split/train/tired/602_M_owh.wav,tired,sha256:42f74959d774c597d0f8bc2eb70327a520df2208d3a648df0e3161218c2cc247,3,tired,0.014535185880959034,0.014331820420920849,0.013386566191911697,0.015970958396792412,0.9417755007743835,original,/mnt/d/INFANT CRY/Models_dbl/Main/runs/20260821T164332Z_490383ff/fold_3/fold_3_main_dbl.keras,/mnt/d/INFANT CRY/Models_dbl/Main/runs/20260821T164332Z_490383ff/fold_3/norm_stats_main_dbl.npy,20260821T164332Z_490383ff
rec_a6ade8e06406d33c9bab,/mnt/d/INFANT CRY/data_set_dbl_split/train/tired/640_M_owh.wav,tired,sha256:804e7fa02b7010f3a701e81258d8951d08e1cddec66013ef850695dd65d2c57c,3,tired,0.015072565525770187,0.013483203016221523,0.013937318697571754,0.014337492175400257,0.9431694149971008,original,/mnt/d/INFANT CRY/Models_dbl/Main/runs/20260821T164332Z_490383ff/fold_3/fold_3_main_dbl.keras,/mnt/d/INFANT CRY/Models_dbl/Main/runs/20260821T164332Z_490383ff/fold_3/norm_stats_main_dbl.npy,20260821T164332Z_490383ff
rec_f0237c7bc85ed44d1c5c,/mnt/d/INFANT CRY/data_set_dbl_split/train/tired/649_M_owh.wav,tired,sha256:23b0b176c958d340a42705bae202fe9de4f6bba8ffc05364e8e80258c5875e2a,3,tired,0.01427485141903162,0.014019070193171501,0.013841183856129646,0.012922649271786213,0.9449422955513,original,/mnt/d/INFANT CRY/Models_dbl/Main/runs/20260821T164332Z_490383ff/fold_3/fold_3_main_dbl.keras,/mnt/d/INFANT CRY/Models_dbl/Main/runs/20260821T164332Z_490383ff/fold_3/norm_stats_main_dbl.npy,20260821T164332Z_490383ff
rec_6534da1f1641adc23b7b,/mnt/d/INFANT CRY/data_set_dbl_split/train/tired/784_M_owh.wav,tired,sha256:c24716c41a35cb6ba6cf75486a8ec2094fe3684eec8c78cf5cf8c534c4bc449a,3,tired,0.014893800020217896,0.013139648362994194,0.013844960369169712,0.014354036189615726,0.9437675476074219,original,/mnt/d/INFANT CRY/Models_dbl/Main/runs/20260821T164332Z_490383ff/fold_3/fold_3_main_dbl.keras,/mnt/d/INFANT CRY/Models_dbl/Main/runs/20260821T164332Z_490383ff/fold_3/norm_stats_main_dbl.npy,20260821T164332Z_490383ff
rec_1a94772b4370c02dfd42,/mnt/d/INFANT CRY/data_set_dbl_split/train/tired/792_M_owh.wav,tired,sha256:4a4e69cb5d86b5c00e2bf94a208b4b4363f9f78f46509f02db9ec887c508eaef,3,tired,0.013974126428365707,0.014373738318681717,0.012699178420007229,0.013312064111232758,0.9456408619880676,original,/mnt/d/INFANT CRY/Models_dbl/Main/runs/20260821T164332Z_490383ff/fold_3/fold_3_main_dbl.keras,/mnt/d/INFANT CRY/Models_dbl/Main/runs/20260821T164332Z_490383ff/fold_3/norm_stats_main_dbl.npy,20260821T164332Z_490383ff
rec_e8f5a7e1fa39a9b50c9c,/mnt/d/INFANT CRY/data_set_dbl_split/train/tired/795_M_owh.wav,tired,sha256:64c36ebd3c1854465f1a6199af818a14948f503008aa2223879a83f48952c263,3,discomfort,0.048405926674604416,0.16078445315361023,0.5585507154464722,0.05798497051000595,0.1742739975452423,original,/mnt/d/INFANT CRY/Models_dbl/Main/runs/20260821T164332Z_490383ff/fold_3/fold_3_main_dbl.keras,/mnt/d/INFANT CRY/Models_dbl/Main/runs/20260821T164332Z_490383ff/fold_3/norm_stats_main_dbl.npy,20260821T164332Z_490383ff
rec_140b1e6ddb47674a64fc,/mnt/d/INFANT CRY/data_set_dbl_split/train/tired/866_M_owh.wav,tired,sha256:1feea88252eeef147cdf14cc0d9691851cd81e52a58729abca93bb1f37e4925a,3,tired,0.017224162817001343,0.01979386806488037,0.017977287992835045,0.014931319281458855,0.9300733804702759,original,/mnt/d/INFANT CRY/Models_dbl/Main/runs/20260821T164332Z_490383ff/fold_3/fold_3_main_dbl.keras,/mnt/d/INFANT CRY/Models_dbl/Main/runs/20260821T164332Z_490383ff/fold_3/norm_stats_main_dbl.npy,20260821T164332Z_490383ff
rec_84d2dc1b33b9549f9b1c,/mnt/d/INFANT CRY/data_set_dbl_split/train/tired/876_M_owh.wav,tired,sha256:820434abaf129f4b56e7ab1af8aeb483ac4f5e6822c70c66641271d1aa4f5b4f,3,tired,0.019898587837815285,0.022082749754190445,0.021166568621993065,0.01704876497387886,0.9198033213615417,original,/mnt/d/INFANT CRY/Models_dbl/Main/runs/20260821T164332Z_490383ff/fold_3/fold_3_main_dbl.keras,/mnt/d/INFANT CRY/Models_dbl/Main/runs/20260821T164332Z_490383ff/fold_3/norm_stats_main_dbl.npy,20260821T164332Z_490383ff
rec_4276b7de08d410c31454,/mnt/d/INFANT CRY/data_set_dbl_split/train/tired/921_M_owh.wav,tired,sha256:ebbe537a9e89a51a565d2057ec05f3b1603782772cc10a7300859ebf1ae3496e,3,tired,0.014655164442956448,0.013404934667050838,0.014266572892665863,0.01741102524101734,0.9402622580528259,original,/mnt/d/INFANT CRY/Models_dbl/Main/runs/20260821T164332Z_490383ff/fold_3/fold_3_main_dbl.keras,/mnt/d/INFANT CRY/Models_dbl/Main/runs/20260821T164332Z_490383ff/fold_3/norm_stats_main_dbl.npy,20260821T164332Z_490383ff
rec_e21c7b8e66dd449a938b,/mnt/d/INFANT CRY/data_set_dbl_split/train/tired/931_M_owh.wav,tired,sha256:6264b9695cac65ecac7c2e607eb0dc97a2be3d48949ce9b492229416c8847a7e,3,tired,0.014390157535672188,0.013393577188253403,0.01385212317109108,0.014236587099730968,0.9441275000572205,original,/mnt/d/INFANT CRY/Models_dbl/Main/runs/20260821T164332Z_490383ff/fold_3/fold_3_main_dbl.keras,/mnt/d/INFANT CRY/Models_dbl/Main/runs/20260821T164332Z_490383ff/fold_3/norm_stats_main_dbl.npy,20260821T164332Z_490383ff
rec_8d5f2d47c0474322ccc8,/mnt/d/INFANT CRY/data_set_dbl_split/train/tired/949_M_owh.wav,tired,sha256:6c3b6654b154c4672acc21795efa55d28935ea5809f57e6cb214ea2f942e95b3,3,tired,0.016840893775224686,0.015896668657660484,0.015042410232126713,0.019922247156500816,0.9322977066040039,original,/mnt/d/INFANT CRY/Models_dbl/Main/runs/20260821T164332Z_490383ff/fold_3/fold_3_main_dbl.keras,/mnt/d/INFANT CRY/Models_dbl/Main/runs/20260821T164332Z_490383ff/fold_3/norm_stats_main_dbl.npy,20260821T164332Z_490383ff
rec_289ca3cc71bf3a313b04,/mnt/d/INFANT CRY/data_set_dbl_split/train/tired/dunstan-owh_34.wav,tired,sha256:d717f1e04a5f14106707ff0e90ed36e8b068850932d50cbc8d9529ee625df827,3,tired,0.014198831282556057,0.014830507338047028,0.01322046760469675,0.014409349299967289,0.9433408975601196,original,/mnt/d/INFANT CRY/Models_dbl/Main/runs/20260821T164332Z_490383ff/fold_3/fold_3_main_dbl.keras,/mnt/d/INFANT CRY/Models_dbl/Main/runs/20260821T164332Z_490383ff/fold_3/norm_stats_main_dbl.npy,20260821T164332Z_490383ff
rec_7f7f270a8553f730c1c9,/mnt/d/INFANT CRY/data_set_dbl_split/train/tired/dunstan-owh_68.wav,tired,sha256:047b9f83a5a74c2d146e172b1cfa7ea3958fb1a8196884f65843be7595764ec5,3,tired,0.05300546810030937,0.14618219435214996,0.03675319254398346,0.2618846893310547,0.502174437046051,original,/mnt/d/INFANT CRY/Models_dbl/Main/runs/20260821T164332Z_490383ff/fold_3/fold_3_main_dbl.keras,/mnt/d/INFANT CRY/Models_dbl/Main/runs/20260821T164332Z_490383ff/fold_3/norm_stats_main_dbl.npy,20260821T164332Z_490383ff
rec_537385263a6cfc438d37,/mnt/d/INFANT CRY/data_set_dbl_split/train/belly_pain/1084_M_eairh.wav,belly_pain,sha256:9d898b0b8f7cbfa275d1a9cd68dc0cc13f29bf64291942d7201754d66d6ba416,4,belly_pain,0.9560919404029846,0.010333436541259289,0.012378241866827011,0.010314247570931911,0.010882060043513775,original,/mnt/d/INFANT CRY/Models_dbl/Main/runs/20260821T164332Z_490383ff/fold_4/fold_4_main_dbl.keras,/mnt/d/INFANT CRY/Models_dbl/Main/runs/20260821T164332Z_490383ff/fold_4/norm_stats_main_dbl.npy,20260821T164332Z_490383ff
rec_fefa338d580873c2cd3e,/mnt/d/INFANT CRY/data_set_dbl_split/train/belly_pain/1190_M_eairh.wav,belly_pain,sha256:1746eae8c464c72b2186a2f22bcb7faf1a39fb2c5e08cf76ff14a0968938cd86,4,belly_pain,0.9452899694442749,0.01308434084057808,0.014258445240557194,0.01427061390131712,0.01309664361178875,original,/mnt/d/INFANT CRY/Models_dbl/Main/runs/20260821T164332Z_490383ff/fold_4/fold_4_main_dbl.keras,/mnt/d/INFANT CRY/Models_dbl/Main/runs/20260821T164332Z_490383ff/fold_4/norm_stats_main_dbl.npy,20260821T164332Z_490383ff
rec_49997b84581d28fe47cf,/mnt/d/INFANT CRY/data_set_dbl_split/train/belly_pain/1498_M_eairh.wav,belly_pain,sha256:84e07fa63c82b05be7a52d4d6afef8aa10492c4d01fe8a5d869bda23234d5821,4,burping,0.018986541777849197,0.9137229323387146,0.023561345413327217,0.020323950797319412,0.02340519055724144,original,/mnt/d/INFANT CRY/Models_dbl/Main/runs/20260821T164332Z_490383ff/fold_4/fold_4_main_dbl.keras,/mnt/d/INFANT CRY/Models_dbl/Main/runs/20260821T164332Z_490383ff/fold_4/norm_stats_main_dbl.npy,20260821T164332Z_490383ff
rec_a4059f5ca3482bd507f9,/mnt/d/INFANT CRY/data_set_dbl_split/train/belly_pain/2217_M_eairh.wav,belly_pain,sha256:7c1f95c509436975d09c4021c6ebec5d9c2c192a3d53325cea5fcf747437d78b,4,belly_pain,0.9502078890800476,0.011491814628243446,0.014879988506436348,0.01193108782172203,0.011489283293485641,original,/mnt/d/INFANT CRY/Models_dbl/Main/runs/20260821T164332Z_490383ff/fold_4/fold_4_main_dbl.keras,/mnt/d/INFANT CRY/Models_dbl/Main/runs/20260821T164332Z_490383ff/fold_4/norm_stats_main_dbl.npy,20260821T164332Z_490383ff
rec_344f2459aa8a88a9964a,/mnt/d/INFANT CRY/data_set_dbl_split/train/belly_pain/228_M_eairh.wav,belly_pain,sha256:55a378cc729702c1ca8fa02a4d1ec035ac75e01e974dfd651d573876efba6238,4,belly_pain,0.9466714262962341,0.01560036838054657,0.013504342176020145,0.012575077824294567,0.01164878811687231,original,/mnt/d/INFANT CRY/Models_dbl/Main/runs/20260821T164332Z_490383ff/fold_4/fold_4_main_dbl.keras,/mnt/d/INFANT CRY/Models_dbl/Main/runs/20260821T164332Z_490383ff/fold_4/norm_stats_main_dbl.npy,20260821T164332Z_490383ff
rec_cdb8986fc6e0fa25ec62,/mnt/d/INFANT CRY/data_set_dbl_split/train/belly_pain/2644_M_eairh.wav,belly_pain,sha256:dac08aca9292c458d761c4609a442799c7b15db598cdbab878fe6ffbe63bf790,4,belly_pain,0.9581936597824097,0.009750071913003922,0.012002193368971348,0.009957528673112392,0.010096509009599686,original,/mnt/d/INFANT CRY/Models_dbl/Main/runs/20260821T164332Z_490383ff/fold_4/fold_4_main_dbl.keras,/mnt/d/INFANT CRY/Models_dbl/Main/runs/20260821T164332Z_490383ff/fold_4/norm_stats_main_dbl.npy,20260821T164332Z_490383ff
rec_a81034a5fda8f72d3ad1,/mnt/d/INFANT CRY/data_set_dbl_split/train/belly_pain/287_F_eairh.wav,belly_pain,sha256:01d324d47eabf008e6f40807ae5bb41f9f0afe51b448b147d82cda644d9ff799,4,belly_pain,0.9561225175857544,0.010144907981157303,0.013510499149560928,0.010446782223880291,0.00977522972971201,original,/mnt/d/INFANT CRY/Models_dbl/Main/runs/20260821T164332Z_490383ff/fold_4/fold_4_main_dbl.keras,/mnt/d/INFANT CRY/Models_dbl/Main/runs/20260821T164332Z_490383ff/fold_4/norm_stats_main_dbl.npy,20260821T164332Z_490383ff
rec_2fbe8d849db8271b15ba,/mnt/d/INFANT CRY/data_set_dbl_split/train/belly_pain/2901_M_eairh.wav,belly_pain,sha256:ed9bb0cb71db1f7cfcb67d430399311f0e4c30f746ec42673376875fd7e61301,4,belly_pain,0.9563649892807007,0.009929799474775791,0.012975508347153664,0.010577754117548466,0.010151918977499008,original,/mnt/d/INFANT CRY/Models_dbl/Main/runs/20260821T164332Z_490383ff/fold_4/fold_4_main_dbl.keras,/mnt/d/INFANT CRY/Models_dbl/Main/runs/20260821T164332Z_490383ff/fold_4/norm_stats_main_dbl.npy,20260821T164332Z_490383ff
rec_cd6ec618a07ea9574302,/mnt/d/INFANT CRY/data_set_dbl_split/train/belly_pain/2994_M_eairh.wav,belly_pain,sha256:537d54b6012878a6b36db0b66c473b41b3ca4f8746ef9efc65cf749d82c96ab7,4,belly_pain,0.9518365859985352,0.010809145867824554,0.013221919536590576,0.013583307154476643,0.010549101047217846,original,/mnt/d/INFANT CRY/Models_dbl/Main/runs/20260821T164332Z_490383ff/fold_4/fold_4_main_dbl.keras,/mnt/d/INFANT CRY/Models_dbl/Main/runs/20260821T164332Z_490383ff/fold_4/norm_stats_main_dbl.npy,20260821T164332Z_490383ff
rec_6de25635db4018c640cb,/mnt/d/INFANT CRY/data_set_dbl_split/train/belly_pain/3077_F_eairh.wav,belly_pain,sha256:b37b8f9289926e302950f01846cdd5eeae945d50ac8962484a112b96d9965136,4,belly_pain,0.9186064004898071,0.017712607979774475,0.028708182275295258,0.019898878410458565,0.01507393829524517,original,/mnt/d/INFANT CRY/Models_dbl/Main/runs/20260821T164332Z_490383ff/fold_4/fold_4_main_dbl.keras,/mnt/d/INFANT CRY/Models_dbl/Main/runs/20260821T164332Z_490383ff/fold_4/norm_stats_main_dbl.npy,20260821T164332Z_490383ff
rec_984c63597c96f9a7a5eb,/mnt/d/INFANT CRY/data_set_dbl_split/train/belly_pain/3319_M_eairh.wav,belly_pain,sha256:897e10fc891184fea67b55a1d6172c82716c3eded3311b0daf1d890d2ec3585f,4,belly_pain,0.954441487789154,0.01096183992922306,0.01310038659721613,0.01094001717865467,0.010556203313171864,original,/mnt/d/INFANT CRY/Models_dbl/Main/runs/20260821T164332Z_490383ff/fold_4/fold_4_main_dbl.keras,/mnt/d/INFANT CRY/Models_dbl/Main/runs/20260821T164332Z_490383ff/fold_4/norm_stats_main_dbl.npy,20260821T164332Z_490383ff
rec_a5ec4310f567f29fe0e6,/mnt/d/INFANT CRY/data_set_dbl_split/train/belly_pain/3482_M_eairh.wav,belly_pain,sha256:3c11511aa2aca6cffaf290fbdd2542ea6d350ae044f19f311ba289e0c4b09540,4,tired,0.021371327340602875,0.0178862102329731,0.019383076578378677,0.020645249634981155,0.9207141399383545,original,/mnt/d/INFANT CRY/Models_dbl/Main/runs/20260821T164332Z_490383ff/fold_4/fold_4_main_dbl.keras,/mnt/d/INFANT CRY/Models_dbl/Main/runs/20260821T164332Z_490383ff/fold_4/norm_stats_main_dbl.npy,20260821T164332Z_490383ff
rec_7c9fa2018ccd9fa62207,/mnt/d/INFANT CRY/data_set_dbl_split/train/belly_pain/3492_F_eairh.wav,belly_pain,sha256:a9314659e80a3b4719bf3055c879d1524c25db0596b6dd32472e04108edb889b,4,burping,0.040148068219423294,0.6387965083122253,0.049555517733097076,0.1472826898097992,0.12421727180480957,original,/mnt/d/INFANT CRY/Models_dbl/Main/runs/20260821T164332Z_490383ff/fold_4/fold_4_main_dbl.keras,/mnt/d/INFANT CRY/Models_dbl/Main/runs/20260821T164332Z_490383ff/fold_4/norm_stats_main_dbl.npy,20260821T164332Z_490383ff
rec_d9029df6f0570483478b,/mnt/d/INFANT CRY/data_set_dbl_split/train/belly_pain/393_M_eairh.wav,belly_pain,sha256:7fc1097a27220b94856281c508b616d41bfb8dd6ad6a0d539b1eb7f3a0370bc1,4,belly_pain,0.9516674876213074,0.01090532448142767,0.013434171676635742,0.012298638001084328,0.011694450862705708,original,/mnt/d/INFANT CRY/Models_dbl/Main/runs/20260821T164332Z_490383ff/fold_4/fold_4_main_dbl.keras,/mnt/d/INFANT CRY/Models_dbl/Main/runs/20260821T164332Z_490383ff/fold_4/norm_stats_main_dbl.npy,20260821T164332Z_490383ff
rec_eb97e029b56da724a0bb,/mnt/d/INFANT CRY/data_set_dbl_split/train/belly_pain/838_F_eairh.wav,belly_pain,sha256:4d36892c5c7bd41937083c0128e319fd5594500ba0d7392d150e632acb2027a7,4,belly_pain,0.9577856063842773,0.009736263193190098,0.01164210680872202,0.00985102541744709,0.010985034517943859,original,/mnt/d/INFANT CRY/Models_dbl/Main/runs/20260821T164332Z_490383ff/fold_4/fold_4_main_dbl.keras,/mnt/d/INFANT CRY/Models_dbl/Main/runs/20260821T164332Z_490383ff/fold_4/norm_stats_main_dbl.npy,20260821T164332Z_490383ff
rec_cd47bf189e0812ab4c2a,/mnt/d/INFANT CRY/data_set_dbl_split/train/belly_pain/844_M_eairh.wav,belly_pain,sha256:f7e2a0300ed3165e0e727f4e733612f041bf62e75ca33465234e7be03244b62e,4,belly_pain,0.9495887160301208,0.011527632363140583,0.015631848946213722,0.011283056810498238,0.011968696489930153,original,/mnt/d/INFANT CRY/Models_dbl/Main/runs/20260821T164332Z_490383ff/fold_4/fold_4_main_dbl.keras,/mnt/d/INFANT CRY/Models_dbl/Main/runs/20260821T164332Z_490383ff/fold_4/norm_stats_main_dbl.npy,20260821T164332Z_490383ff
rec_975dd89a0e79348933f6,/mnt/d/INFANT CRY/data_set_dbl_split/train/belly_pain/dunstan-eairh_1.wav,belly_pain,sha256:158ff428c02c7a8b6975b8f3648ef68a98a2b18c14bcc16d985f2bc730c8ff3e,4,belly_pain,0.9086204767227173,0.018569713458418846,0.03329840674996376,0.020466670393943787,0.019044723361730576,original,/mnt/d/INFANT CRY/Models_dbl/Main/runs/20260821T164332Z_490383ff/fold_4/fold_4_main_dbl.keras,/mnt/d/INFANT CRY/Models_dbl/Main/runs/20260821T164332Z_490383ff/fold_4/norm_stats_main_dbl.npy,20260821T164332Z_490383ff
rec_9897d60d93c5b1f8c62b,/mnt/d/INFANT CRY/data_set_dbl_split/train/belly_pain/dunstan-eairh_14.wav,belly_pain,sha256:85e9e88b1b67a02a229b99baaf38c0aaf62ec6e01a3ecab2660df33a717c6ef8,4,belly_pain,0.9417011737823486,0.012481588870286942,0.016030406579375267,0.013052617199718952,0.01673414558172226,original,/mnt/d/INFANT CRY/Models_dbl/Main/runs/20260821T164332Z_490383ff/fold_4/fold_4_main_dbl.keras,/mnt/d/INFANT CRY/Models_dbl/Main/runs/20260821T164332Z_490383ff/fold_4/norm_stats_main_dbl.npy,20260821T164332Z_490383ff
rec_204a9c054278b9416f57,/mnt/d/INFANT CRY/data_set_dbl_split/train/belly_pain/dunstan-eairh_17.wav,belly_pain,sha256:6577bd50acdf2a9f21c6757c85f4f88a3373631c4e368ff209a0e1a1c53194dc,4,belly_pain,0.9548193216323853,0.011966920457780361,0.012614220380783081,0.0105178477242589,0.010081651620566845,original,/mnt/d/INFANT CRY/Models_dbl/Main/runs/20260821T164332Z_490383ff/fold_4/fold_4_main_dbl.keras,/mnt/d/INFANT CRY/Models_dbl/Main/runs/20260821T164332Z_490383ff/fold_4/norm_stats_main_dbl.npy,20260821T164332Z_490383ff
rec_ba52e0a6338d8ae240d8,/mnt/d/INFANT CRY/data_set_dbl_split/train/belly_pain/dunstan-eairh_19.wav,belly_pain,sha256:911bf9c59d4b3fe88ac7cefae0590809d82b466e3f67b5d3ecb12e89e4052f0a,4,belly_pain,0.8304235935211182,0.02925243228673935,0.08047309517860413,0.03363319858908653,0.02621777169406414,original,/mnt/d/INFANT CRY/Models_dbl/Main/runs/20260821T164332Z_490383ff/fold_4/fold_4_main_dbl.keras,/mnt/d/INFANT CRY/Models_dbl/Main/runs/20260821T164332Z_490383ff/fold_4/norm_stats_main_dbl.npy,20260821T164332Z_490383ff
rec_9b5466053393e9dbc382,/mnt/d/INFANT CRY/data_set_dbl_split/train/belly_pain/dunstan-eairh_23.wav,belly_pain,sha256:d29ec9cc5c98826ff3bb80cd1628ed97a56e4ddbc03a50e08522c8bfb7ef5edb,4,belly_pain,0.9532499313354492,0.011228600516915321,0.013815282844007015,0.011130917817354202,0.010575223714113235,original,/mnt/d/INFANT CRY/Models_dbl/Main/runs/20260821T164332Z_490383ff/fold_4/fold_4_main_dbl.keras,/mnt/d/INFANT CRY/Models_dbl/Main/runs/20260821T164332Z_490383ff/fold_4/norm_stats_main_dbl.npy,20260821T164332Z_490383ff
rec_0dcb14da74eee37cc249,/mnt/d/INFANT CRY/data_set_dbl_split/train/belly_pain/dunstan-eairh_24.wav,belly_pain,sha256:a9804da0f4b378f360b9dc936b2cb7ee1bfa4a18c918007f0083c1d23d7a11d1,4,belly_pain,0.8900355100631714,0.021268434822559357,0.042567405849695206,0.026616519317030907,0.019512128084897995,original,/mnt/d/INFANT CRY/Models_dbl/Main/runs/20260821T164332Z_490383ff/fold_4/fold_4_main_dbl.keras,/mnt/d/INFANT CRY/Models_dbl/Main/runs/20260821T164332Z_490383ff/fold_4/norm_stats_main_dbl.npy,20260821T164332Z_490383ff
rec_dbafcb96ca6a87f36f52,/mnt/d/INFANT CRY/data_set_dbl_split/train/belly_pain/dunstan-eairh_39.wav,belly_pain,sha256:6cd6f6e5c161e78c32525683a639a9a9ab9c11c14cc48929c93d42be00a0e8fe,4,belly_pain,0.9465749859809875,0.011775456368923187,0.015950018540024757,0.013313349336385727,0.012386150658130646,original,/mnt/d/INFANT CRY/Models_dbl/Main/runs/20260821T164332Z_490383ff/fold_4/fold_4_main_dbl.keras,/mnt/d/INFANT CRY/Models_dbl/Main/runs/20260821T164332Z_490383ff/fold_4/norm_stats_main_dbl.npy,20260821T164332Z_490383ff
rec_02cdbe8c0204373d3f9c,/mnt/d/INFANT CRY/data_set_dbl_split/train/belly_pain/dunstan-eairh_44.wav,belly_pain,sha256:7ce5cb9618fc4fb9f9c81c566727dcfa577545080b1c447b7946b118b83865e3,4,belly_pain,0.9588932394981384,0.011014622636139393,0.010783841833472252,0.008938625454902649,0.010369817726314068,original,/mnt/d/INFANT CRY/Models_dbl/Main/runs/20260821T164332Z_490383ff/fold_4/fold_4_main_dbl.keras,/mnt/d/INFANT CRY/Models_dbl/Main/runs/20260821T164332Z_490383ff/fold_4/norm_stats_main_dbl.npy,20260821T164332Z_490383ff
rec_aef5992e5f42844e0dda,/mnt/d/INFANT CRY/data_set_dbl_split/train/belly_pain/dunstan-eairh_53.wav,belly_pain,sha256:a5e0e3325a517e18c8dc703abc524bdb1722d288f38ad4b83f43a4961fa378b5,4,belly_pain,0.9590879678726196,0.009735086932778358,0.011640721932053566,0.00910212006419897,0.010434129275381565,original,/mnt/d/INFANT CRY/Models_dbl/Main/runs/20260821T164332Z_490383ff/fold_4/fold_4_main_dbl.keras,/mnt/d/INFANT CRY/Models_dbl/Main/runs/20260821T164332Z_490383ff/fold_4/norm_stats_main_dbl.npy,20260821T164332Z_490383ff
rec_6a612fdb6f32216b009d,/mnt/d/INFANT CRY/data_set_dbl_split/train/belly_pain/dunstan-eairh_60.wav,belly_pain,sha256:8db3cf09ca0a752877596ab97f4a23986894c7f42497770fdce5008c47c23f52,4,belly_pain,0.9561611413955688,0.010069996118545532,0.01272583194077015,0.010058545507490635,0.010984538123011589,original,/mnt/d/INFANT CRY/Models_dbl/Main/runs/20260821T164332Z_490383ff/fold_4/fold_4_main_dbl.keras,/mnt/d/INFANT CRY/Models_dbl/Main/runs/20260821T164332Z_490383ff/fold_4/norm_stats_main_dbl.npy,20260821T164332Z_490383ff
rec_aef16fe4b73818181ee3,/mnt/d/INFANT CRY/data_set_dbl_split/train/burping/1173_M_eh.wav,burping,sha256:56b3f4c1f74778e42892b692b68ea25b91fdd16d905856ba600bab014ed5b35e,4,burping,0.02096135914325714,0.9303097724914551,0.016586534678936005,0.014693628065288067,0.017448674887418747,original,/mnt/d/INFANT CRY/Models_dbl/Main/runs/20260821T164332Z_490383ff/fold_4/fold_4_main_dbl.keras,/mnt/d/INFANT CRY/Models_dbl/Main/runs/20260821T164332Z_490383ff/fold_4/norm_stats_main_dbl.npy,20260821T164332Z_490383ff
rec_fe2bd084cd57ea19b335,/mnt/d/INFANT CRY/data_set_dbl_split/train/burping/1294_F_eh.wav,burping,sha256:1fe5f80c9b393a6bbcf6b63364e395138a17ee332bcb992b2a7e6ce80e13b3a2,4,burping,0.020917333662509918,0.9289440512657166,0.017038876190781593,0.01523773092776537,0.017862005159258842,original,/mnt/d/INFANT CRY/Models_dbl/Main/runs/20260821T164332Z_490383ff/fold_4/fold_4_main_dbl.keras,/mnt/d/INFANT CRY/Models_dbl/Main/runs/20260821T164332Z_490383ff/fold_4/norm_stats_main_dbl.npy,20260821T164332Z_490383ff
rec_a0ecc47442b70c870666,/mnt/d/INFANT CRY/data_set_dbl_split/train/burping/1447_M_eh.wav,burping,sha256:8cd469c83ab8f9950a6ab74c1c8784297d8b0f075613634e0e7636dab9132a3a,4,burping,0.020675066858530045,0.8933221697807312,0.02937258407473564,0.029733745381236076,0.026896461844444275,original,/mnt/d/INFANT CRY/Models_dbl/Main/runs/20260821T164332Z_490383ff/fold_4/fold_4_main_dbl.keras,/mnt/d/INFANT CRY/Models_dbl/Main/runs/20260821T164332Z_490383ff/fold_4/norm_stats_main_dbl.npy,20260821T164332Z_490383ff
rec_1b2cfce0d8829eddad7e,/mnt/d/INFANT CRY/data_set_dbl_split/train/burping/1480_F_eh.wav,burping,sha256:9eb7034f803107f50420b447b1249d49d29d3dec642df607c3779526edd509df,4,burping,0.02050173655152321,0.8984747529029846,0.034362487494945526,0.022122273221611977,0.024538783356547356,original,/mnt/d/INFANT CRY/Models_dbl/Main/runs/20260821T164332Z_490383ff/fold_4/fold_4_main_dbl.keras,/mnt/d/INFANT CRY/Models_dbl/Main/runs/20260821T164332Z_490383ff/fold_4/norm_stats_main_dbl.npy,20260821T164332Z_490383ff
rec_8c0705fd9b6663835196,/mnt/d/INFANT CRY/data_set_dbl_split/train/burping/1501_M_eh.wav,burping,sha256:3eef11efef2d997cd36b7e7d857c14e88717eadff6dd191861bb30aeb99d1a71,4,burping,0.022057432681322098,0.9217650890350342,0.01949676312506199,0.018712949007749557,0.01796778291463852,original,/mnt/d/INFANT CRY/Models_dbl/Main/runs/20260821T164332Z_490383ff/fold_4/fold_4_main_dbl.keras,/mnt/d/INFANT CRY/Models_dbl/Main/runs/20260821T164332Z_490383ff/fold_4/norm_stats_main_dbl.npy,20260821T164332Z_490383ff
rec_02274f883a160366ffcc,/mnt/d/INFANT CRY/data_set_dbl_split/train/burping/1650_M_eh.wav,burping,sha256:bf247e03c03ec97efa5222ec7a48f3c8ba4f6469129012559b5ac73aa928c65e,4,burping,0.028999365866184235,0.8212130665779114,0.08166838437318802,0.03720822185277939,0.030910884961485863,original,/mnt/d/INFANT CRY/Models_dbl/Main/runs/20260821T164332Z_490383ff/fold_4/fold_4_main_dbl.keras,/mnt/d/INFANT CRY/Models_dbl/Main/runs/20260821T164332Z_490383ff/fold_4/norm_stats_main_dbl.npy,20260821T164332Z_490383ff
rec_1bbceca863aee49901ac,/mnt/d/INFANT CRY/data_set_dbl_split/train/burping/1661_M_eh.wav,burping,sha256:d058d12262a86e402a513dac909524c51a73ec31a1107a0bf35590ca988dfb97,4,burping,0.016036231070756912,0.9295270442962646,0.018826372921466827,0.016610242426395416,0.01900004968047142,original,/mnt/d/INFANT CRY/Models_dbl/Main/runs/20260821T164332Z_490383ff/fold_4/fold_4_main_dbl.keras,/mnt/d/INFANT CRY/Models_dbl/Main/runs/20260821T164332Z_490383ff/fold_4/norm_stats_main_dbl.npy,20260821T164332Z_490383ff
rec_88affcb3e287f0433132,/mnt/d/INFANT CRY/data_set_dbl_split/train/burping/1717_F_eh.wav,burping,sha256:34fb77ef9c7344b86ad777b177c1ce6a0f571d77bf62e1248c0394b70480eacd,4,burping,0.016793638467788696,0.9275124669075012,0.018627215176820755,0.015778036788105965,0.021288689225912094,original,/mnt/d/INFANT CRY/Models_dbl/Main/runs/20260821T164332Z_490383ff/fold_4/fold_4_main_dbl.keras,/mnt/d/INFANT CRY/Models_dbl/Main/runs/20260821T164332Z_490383ff/fold_4/norm_stats_main_dbl.npy,20260821T164332Z_490383ff
rec_aa640949ec798068cbcb,/mnt/d/INFANT CRY/data_set_dbl_split/train/burping/1836_M_eh.wav,burping,sha256:046799fe1455c9c353da7dcc6931cb792a0360340ae23da1bb0c640d8a72ecb4,4,burping,0.017790179699659348,0.9238138198852539,0.018726129084825516,0.018340976908802986,0.02132883109152317,original,/mnt/d/INFANT CRY/Models_dbl/Main/runs/20260821T164332Z_490383ff/fold_4/fold_4_main_dbl.keras,/mnt/d/INFANT CRY/Models_dbl/Main/runs/20260821T164332Z_490383ff/fold_4/norm_stats_main_dbl.npy,20260821T164332Z_490383ff
rec_04d8723e876919f7d0c5,/mnt/d/INFANT CRY/data_set_dbl_split/train/burping/1860_M_eh.wav,burping,sha256:fb59ff63dd024c195cabf21ee0317affe6da07c4ccf05e3dc10c7fbff7f4e645,4,burping,0.03881671279668808,0.7197015881538391,0.16027069091796875,0.0431637316942215,0.03804730251431465,original,/mnt/d/INFANT CRY/Models_dbl/Main/runs/20260821T164332Z_490383ff/fold_4/fold_4_main_dbl.keras,/mnt/d/INFANT CRY/Models_dbl/Main/runs/20260821T164332Z_490383ff/fold_4/norm_stats_main_dbl.npy,20260821T164332Z_490383ff
rec_c38fa1511dbf3ebaa184,/mnt/d/INFANT CRY/data_set_dbl_split/train/burping/1869_M_eh.wav,burping,sha256:d9376166b8974afd77d511e499cff7286c1d11803a065f54ad43fc25090b8522,4,burping,0.016772499307990074,0.9255921244621277,0.01920875906944275,0.016616784036159515,0.02180979959666729,original,/mnt/d/INFANT CRY/Models_dbl/Main/runs/20260821T164332Z_490383ff/fold_4/fold_4_main_dbl.keras,/mnt/d/INFANT CRY/Models_dbl/Main/runs/20260821T164332Z_490383ff/fold_4/norm_stats_main_dbl.npy,20260821T164332Z_490383ff
rec_126e90d799b24e11f498,/mnt/d/INFANT CRY/data_set_dbl_split/train/burping/1891_M_eh.wav,burping,sha256:33cfc67c84ec9c96d69dda0a7f55054e1e7be281053073e55150297f3b968368,4,burping,0.02112959884107113,0.8765905499458313,0.025719374418258667,0.029082203283905983,0.047478269785642624,original,/mnt/d/INFANT CRY/Models_dbl/Main/runs/20260821T164332Z_490383ff/fold_4/fold_4_main_dbl.keras,/mnt/d/INFANT CRY/Models_dbl/Main/runs/20260821T164332Z_490383ff/fold_4/norm_stats_main_dbl.npy,20260821T164332Z_490383ff
rec_abb08076329044d38a78,/mnt/d/INFANT CRY/data_set_dbl_split/train/burping/1899_M_eh.wav,burping,sha256:092ab932cf67f14c03d95620399ee9beeebef949500003627d1b45bb2b34a4fc,4,burping,0.01972661167383194,0.9325199127197266,0.016169877722859383,0.014166854321956635,0.017416739836335182,original,/mnt/d/INFANT CRY/Models_dbl/Main/runs/20260821T164332Z_490383ff/fold_4/fold_4_main_dbl.keras,/mnt/d/INFANT CRY/Models_dbl/Main/runs/20260821T164332Z_490383ff/fold_4/norm_stats_main_dbl.npy,20260821T164332Z_490383ff
rec_d08ebcb453ffbec561de,/mnt/d/INFANT CRY/data_set_dbl_split/train/burping/1990_M_eh.wav,burping,sha256:47d1e0d6676a8b168f5757752bc6eef20f5b89f215a3f376de99b20a4811a861,4,burping,0.015733642503619194,0.9372869729995728,0.014239417389035225,0.014427383430302143,0.018312668427824974,original,/mnt/d/INFANT CRY/Models_dbl/Main/runs/20260821T164332Z_490383ff/fold_4/fold_4_main_dbl.keras,/mnt/d/INFANT CRY/Models_dbl/Main/runs/20260821T164332Z_490383ff/fold_4/norm_stats_main_dbl.npy,20260821T164332Z_490383ff
rec_8fe70388ea5471625aba,/mnt/d/INFANT CRY/data_set_dbl_split/train/burping/2053_M_eh.wav,burping,sha256:c143881a0599f10f2afb772ad9f2ad47d107955a72634c23f4bb2bbf196009cc,4,discomfort,0.03053990565240383,0.0332828015089035,0.8992735743522644,0.019901616498827934,0.017002198845148087,original,/mnt/d/INFANT CRY/Models_dbl/Main/runs/20260821T164332Z_490383ff/fold_4/fold_4_main_dbl.keras,/mnt/d/INFANT CRY/Models_dbl/Main/runs/20260821T164332Z_490383ff/fold_4/norm_stats_main_dbl.npy,20260821T164332Z_490383ff
rec_259890ff0ea96f64d45f,/mnt/d/INFANT CRY/data_set_dbl_split/train/burping/2265_M_eh.wav,burping,sha256:49519859a57e732f9864b613d926947d333ab7327ac5dde851df20e460ea54c7,4,burping,0.018740903586149216,0.9391342401504517,0.012875332497060299,0.01425354927778244,0.014995905570685863,original,/mnt/d/INFANT CRY/Models_dbl/Main/runs/20260821T164332Z_490383ff/fold_4/fold_4_main_dbl.keras,/mnt/d/INFANT CRY/Models_dbl/Main/runs/20260821T164332Z_490383ff/fold_4/norm_stats_main_dbl.npy,20260821T164332Z_490383ff
rec_9e6e29b19c03296b74f8,/mnt/d/INFANT CRY/data_set_dbl_split/train/burping/2321_M_eh.wav,burping,sha256:949ab7fe9cb4bafefcb0953a215eb8832497d974eba846ba1dd080a4410f1415,4,burping,0.03309577703475952,0.7766823768615723,0.09505163878202438,0.06155843287706375,0.03361180052161217,original,/mnt/d/INFANT CRY/Models_dbl/Main/runs/20260821T164332Z_490383ff/fold_4/fold_4_main_dbl.keras,/mnt/d/INFANT CRY/Models_dbl/Main/runs/20260821T164332Z_490383ff/fold_4/norm_stats_main_dbl.npy,20260821T164332Z_490383ff
rec_51b8c1e6675046875e68,/mnt/d/INFANT CRY/data_set_dbl_split/train/burping/3156_F_eh.wav,burping,sha256:5852cafd57e3213acd26e45eff8169e95c7f84c980fb66a1133fefe15408790a,4,burping,0.0659906268119812,0.8299162983894348,0.043957293033599854,0.029346341267228127,0.030789479613304138,original,/mnt/d/INFANT CRY/Models_dbl/Main/runs/20260821T164332Z_490383ff/fold_4/fold_4_main_dbl.keras,/mnt/d/INFANT CRY/Models_dbl/Main/runs/20260821T164332Z_490383ff/fold_4/norm_stats_main_dbl.npy,20260821T164332Z_490383ff
rec_80aa4905086476d9ee4e,/mnt/d/INFANT CRY/data_set_dbl_split/train/burping/3368_M_eh.wav,burping,sha256:19745f1da8c6a7b8a7b34b17aa3139dee7e9ea316f8ca6e322a37ba613f91ee0,4,burping,0.0304074939340353,0.8684512972831726,0.03912895545363426,0.030876226723194122,0.031136076897382736,original,/mnt/d/INFANT CRY/Models_dbl/Main/runs/20260821T164332Z_490383ff/fold_4/fold_4_main_dbl.keras,/mnt/d/INFANT CRY/Models_dbl/Main/runs/20260821T164332Z_490383ff/fold_4/norm_stats_main_dbl.npy,20260821T164332Z_490383ff
rec_246e21d1f4b12af163dd,/mnt/d/INFANT CRY/data_set_dbl_split/train/burping/3706_M_eh.wav,burping,sha256:bce9bc7dfd7a660cf9bec5d194db7f503ca86d7625a85042471d5287dad455f9,4,burping,0.01944972202181816,0.9156624674797058,0.02539682388305664,0.0184970423579216,0.02099400945007801,original,/mnt/d/INFANT CRY/Models_dbl/Main/runs/20260821T164332Z_490383ff/fold_4/fold_4_main_dbl.keras,/mnt/d/INFANT CRY/Models_dbl/Main/runs/20260821T164332Z_490383ff/fold_4/norm_stats_main_dbl.npy,20260821T164332Z_490383ff
rec_a9a6a0ec78c393f1423a,/mnt/d/INFANT CRY/data_set_dbl_split/train/burping/3987_M_eh.wav,burping,sha256:94444e1b0216a7c32e9007e349126949b35e614f1eea198705df18991602efe5,4,burping,0.05755791440606117,0.8579121232032776,0.029159098863601685,0.027956541627645493,0.02741425484418869,original,/mnt/d/INFANT CRY/Models_dbl/Main/runs/20260821T164332Z_490383ff/fold_4/fold_4_main_dbl.keras,/mnt/d/INFANT CRY/Models_dbl/Main/runs/20260821T164332Z_490383ff/fold_4/norm_stats_main_dbl.npy,20260821T164332Z_490383ff
rec_63a5ffd4b62830708b3e,/mnt/d/INFANT CRY/data_set_dbl_split/train/burping/4129_M_eh.wav,burping,sha256:b4e2b831a474a89fb230ec4008345665d0e525c2b3f1cd88deb34ba318b95c94,4,burping,0.024486519396305084,0.9125279188156128,0.021190913394093513,0.022813739255070686,0.018980911001563072,original,/mnt/d/INFANT CRY/Models_dbl/Main/runs/20260821T164332Z_490383ff/fold_4/fold_4_main_dbl.keras,/mnt/d/INFANT CRY/Models_dbl/Main/runs/20260821T164332Z_490383ff/fold_4/norm_stats_main_dbl.npy,20260821T164332Z_490383ff
rec_6283b5f850c67ab736d9,/mnt/d/INFANT CRY/data_set_dbl_split/train/burping/4480_M_eh.wav,burping,sha256:3d7051aa6cc0f4aa78b42f1fe24b587006dc7ea972e03bf296c5d52d50f726e6,4,burping,0.015574176795780659,0.9444617033004761,0.012344250455498695,0.013433348387479782,0.0141865573823452,original,/mnt/d/INFANT CRY/Models_dbl/Main/runs/20260821T164332Z_490383ff/fold_4/fold_4_main_dbl.keras,/mnt/d/INFANT CRY/Models_dbl/Main/runs/20260821T164332Z_490383ff/fold_4/norm_stats_main_dbl.npy,20260821T164332Z_490383ff
rec_4f3aebbda6b4c987c96d,/mnt/d/INFANT CRY/data_set_dbl_split/train/burping/4643_M_eh.wav,burping,sha256:7854d39081314351a6e20ea1b0c0233e5892ed19c4c7652724a78fd2da05ba5a,4,burping,0.018847836181521416,0.9134373664855957,0.02669803984463215,0.019268197938799858,0.021748563274741173,original,/mnt/d/INFANT CRY/Models_dbl/Main/runs/20260821T164332Z_490383ff/fold_4/fold_4_main_dbl.keras,/mnt/d/INFANT CRY/Models_dbl/Main/runs/20260821T164332Z_490383ff/fold_4/norm_stats_main_dbl.npy,20260821T164332Z_490383ff
rec_33873b0c0a625be21a8e,/mnt/d/INFANT CRY/data_set_dbl_split/train/burping/4655_M_eh.wav,burping,sha256:dec397cb777060436d930a96392b0e2cdb3174b953772635215266a5b9b8e136,4,burping,0.015363354235887527,0.939565896987915,0.014010890386998653,0.013846319168806076,0.01721353828907013,original,/mnt/d/INFANT CRY/Models_dbl/Main/runs/20260821T164332Z_490383ff/fold_4/fold_4_main_dbl.keras,/mnt/d/INFANT CRY/Models_dbl/Main/runs/20260821T164332Z_490383ff/fold_4/norm_stats_main_dbl.npy,20260821T164332Z_490383ff
rec_a61b1c034874488205af,/mnt/d/INFANT CRY/data_set_dbl_split/train/burping/801_F_eh.wav,burping,sha256:7f1bb60aa90557f7f45082f04fcfaa9ee88dd3c04b70c509a5559b1453e79f29,4,burping,0.021506471559405327,0.887528121471405,0.04060393571853638,0.024771669879555702,0.025589680299162865,original,/mnt/d/INFANT CRY/Models_dbl/Main/runs/20260821T164332Z_490383ff/fold_4/fold_4_main_dbl.keras,/mnt/d/INFANT CRY/Models_dbl/Main/runs/20260821T164332Z_490383ff/fold_4/norm_stats_main_dbl.npy,20260821T164332Z_490383ff
rec_043172ca45e2593c9187,/mnt/d/INFANT CRY/data_set_dbl_split/train/burping/894_M_eh.wav,burping,sha256:3c503a1c65f69e7ddf4a3b17541f618aa6ecfba76681ae633cecf0ba0b200147,4,burping,0.015224259346723557,0.9404922723770142,0.013800208456814289,0.013849327340722084,0.01663384959101677,original,/mnt/d/INFANT CRY/Models_dbl/Main/runs/20260821T164332Z_490383ff/fold_4/fold_4_main_dbl.keras,/mnt/d/INFANT CRY/Models_dbl/Main/runs/20260821T164332Z_490383ff/fold_4/norm_stats_main_dbl.npy,20260821T164332Z_490383ff
rec_a4ddbf82a26d73b83cc6,/mnt/d/INFANT CRY/data_set_dbl_split/train/burping/dunstan-eh_12.wav,burping,sha256:119c8914f394b3202892791b6fece0e7f6bc770dfb7a50dd36ab984a0bfbc773,4,discomfort,0.02286648191511631,0.01853429526090622,0.9248120188713074,0.019531669095158577,0.014255601912736893,original,/mnt/d/INFANT CRY/Models_dbl/Main/runs/20260821T164332Z_490383ff/fold_4/fold_4_main_dbl.keras,/mnt/d/INFANT CRY/Models_dbl/Main/runs/20260821T164332Z_490383ff/fold_4/norm_stats_main_dbl.npy,20260821T164332Z_490383ff
rec_27fce64936b1b90d7277,/mnt/d/INFANT CRY/data_set_dbl_split/train/burping/dunstan-eh_57.wav,burping,sha256:6ec3e3322ec1a5bb1ef489da9707434487294e6f4209f1b05041a6a90be6d9b5,4,burping,0.016320044174790382,0.9288661479949951,0.016443870961666107,0.016302643343806267,0.02206728234887123,original,/mnt/d/INFANT CRY/Models_dbl/Main/runs/20260821T164332Z_490383ff/fold_4/fold_4_main_dbl.keras,/mnt/d/INFANT CRY/Models_dbl/Main/runs/20260821T164332Z_490383ff/fold_4/norm_stats_main_dbl.npy,20260821T164332Z_490383ff
rec_98b16899c96800087607,/mnt/d/INFANT CRY/data_set_dbl_split/train/discomfort/1231_M_heh.wav,discomfort,sha256:db2fdd4576a4f8bf68e082337c2bdd15e9a67a44f44d08df17a50b8c9254fbb9,4,discomfort,0.05213277414441109,0.11796294152736664,0.7605294585227966,0.041961919516325,0.027413012459874153,original,/mnt/d/INFANT CRY/Models_dbl/Main/runs/20260821T164332Z_490383ff/fold_4/fold_4_main_dbl.keras,/mnt/d/INFANT CRY/Models_dbl/Main/runs/20260821T164332Z_490383ff/fold_4/norm_stats_main_dbl.npy,20260821T164332Z_490383ff
rec_b68a18d4d619ff02538e,/mnt/d/INFANT CRY/data_set_dbl_split/train/discomfort/1534_M_heh.wav,discomfort,sha256:2385fc73d940197ac1b4185b6886bf4f0fb3d4958d0f2840ccb59198031dd2e9,4,discomfort,0.011680197902023792,0.009862745180726051,0.9542859792709351,0.012714417651295662,0.011456598527729511,original,/mnt/d/INFANT CRY/Models_dbl/Main/runs/20260821T164332Z_490383ff/fold_4/fold_4_main_dbl.keras,/mnt/d/INFANT CRY/Models_dbl/Main/runs/20260821T164332Z_490383ff/fold_4/norm_stats_main_dbl.npy,20260821T164332Z_490383ff
rec_d252f8e43bac8a94460c,/mnt/d/INFANT CRY/data_set_dbl_split/train/discomfort/1656_M_heh.wav,discomfort,sha256:2d848ed246ce0bbc52c77810dde65402d740a28d3c2f568da7d8f8b14b25d85d,4,discomfort,0.0119096664711833,0.01026516780257225,0.9534363746643066,0.012736262753605843,0.01165247242897749,original,/mnt/d/INFANT CRY/Models_dbl/Main/runs/20260821T164332Z_490383ff/fold_4/fold_4_main_dbl.keras,/mnt/d/INFANT CRY/Models_dbl/Main/runs/20260821T164332Z_490383ff/fold_4/norm_stats_main_dbl.npy,20260821T164332Z_490383ff
rec_3ceb873c0c1383aaf2d1,/mnt/d/INFANT CRY/data_set_dbl_split/train/discomfort/1860_M_heh.wav,discomfort,sha256:3ed20946dd6e9ad7b884a334a3b3158c98daade53cf9212db204eaf2ed1538e8,4,discomfort,0.014041217975318432,0.013802544213831425,0.9460709691047668,0.013535017147660255,0.01255025714635849,original,/mnt/d/INFANT CRY/Models_dbl/Main/runs/20260821T164332Z_490383ff/fold_4/fold_4_main_dbl.keras,/mnt/d/INFANT CRY/Models_dbl/Main/runs/20260821T164332Z_490383ff/fold_4/norm_stats_main_dbl.npy,20260821T164332Z_490383ff
rec_43d212cc278f3fa7f39d,/mnt/d/INFANT CRY/data_set_dbl_split/train/discomfort/2128_M_heh.wav,discomfort,sha256:86afd628c62172ddf26ad56569382fedab3b778faac003305476b06e927d4b7c,4,discomfort,0.011201527900993824,0.008410336449742317,0.9619000554084778,0.008351466618478298,0.010136616416275501,original,/mnt/d/INFANT CRY/Models_dbl/Main/runs/20260821T164332Z_490383ff/fold_4/fold_4_main_dbl.keras,/mnt/d/INFANT CRY/Models_dbl/Main/runs/20260821T164332Z_490383ff/fold_4/norm_stats_main_dbl.npy,20260821T164332Z_490383ff
rec_324edc9ef55f934ac4b2,/mnt/d/INFANT CRY/data_set_dbl_split/train/discomfort/2431_M_heh.wav,discomfort,sha256:5a6206b276149a2acc3f9f3ee3ea34dd78491111c643f322072f68201c0c605a,4,discomfort,0.017361478880047798,0.012557517737150192,0.942249596118927,0.014772762544453144,0.013058648444712162,original,/mnt/d/INFANT CRY/Models_dbl/Main/runs/20260821T164332Z_490383ff/fold_4/fold_4_main_dbl.keras,/mnt/d/INFANT CRY/Models_dbl/Main/runs/20260821T164332Z_490383ff/fold_4/norm_stats_main_dbl.npy,20260821T164332Z_490383ff
rec_8531260c58ed47ae96f8,/mnt/d/INFANT CRY/data_set_dbl_split/train/discomfort/2588_F_heh.wav,discomfort,sha256:68e34d3e9f5daacd74f7690c8ef8cbbfaa740282ebad4724d2e4e82ac5b8871e,4,discomfort,0.014972764998674393,0.01301882229745388,0.9445034265518188,0.014992176555097103,0.012512870132923126,original,/mnt/d/INFANT CRY/Models_dbl/Main/runs/20260821T164332Z_490383ff/fold_4/fold_4_main_dbl.keras,/mnt/d/INFANT CRY/Models_dbl/Main/runs/20260821T164332Z_490383ff/fold_4/norm_stats_main_dbl.npy,20260821T164332Z_490383ff
rec_01d818a8f633482ae893,/mnt/d/INFANT CRY/data_set_dbl_split/train/discomfort/2800_M_heh.wav,discomfort,sha256:577e4ca2a1c7eb943e1555e686ce35aa8e50856af3fe081dfcc01cbfd5ba21c1,4,discomfort,0.011000766418874264,0.008514736779034138,0.9608572721481323,0.00925838015973568,0.010368824936449528,original,/mnt/d/INFANT CRY/Models_dbl/Main/runs/20260821T164332Z_490383ff/fold_4/fold_4_main_dbl.keras,/mnt/d/INFANT CRY/Models_dbl/Main/runs/20260821T164332Z_490383ff/fold_4/norm_stats_main_dbl.npy,20260821T164332Z_490383ff
rec_8c9bd93d6cae8287536e,/mnt/d/INFANT CRY/data_set_dbl_split/train/discomfort/2802_M_heh.wav,discomfort,sha256:4efe9f28271af4aa2335ad0d0a4d2265b9d3cc81a61c9fa22e85d47eab68d021,4,discomfort,0.043096885085105896,0.27481791377067566,0.5849297642707825,0.054424066096544266,0.04273133724927902,original,/mnt/d/INFANT CRY/Models_dbl/Main/runs/20260821T164332Z_490383ff/fold_4/fold_4_main_dbl.keras,/mnt/d/INFANT CRY/Models_dbl/Main/runs/20260821T164332Z_490383ff/fold_4/norm_stats_main_dbl.npy,20260821T164332Z_490383ff
rec_fecba998d290d42023e8,/mnt/d/INFANT CRY/data_set_dbl_split/train/discomfort/2928_M_heh.wav,discomfort,sha256:8bf104a23216b9946bea7db9f8aa057e0ab1677e4d2d845ee10410751a79934e,4,discomfort,0.017646223306655884,0.014620439149439335,0.9434310793876648,0.012053181417286396,0.012249075807631016,original,/mnt/d/INFANT CRY/Models_dbl/Main/runs/20260821T164332Z_490383ff/fold_4/fold_4_main_dbl.keras,/mnt/d/INFANT CRY/Models_dbl/Main/runs/20260821T164332Z_490383ff/fold_4/norm_stats_main_dbl.npy,20260821T164332Z_490383ff
rec_128a836f9d7c0c3800f8,/mnt/d/INFANT CRY/data_set_dbl_split/train/discomfort/3009_M_heh.wav,discomfort,sha256:b77d541510e2984d220f05d4be9efe103523cfe6c66f4f8962bb89c5d52341af,4,discomfort,0.060312166810035706,0.03645326569676399,0.5605930089950562,0.06197096407413483,0.28067055344581604,original,/mnt/d/INFANT CRY/Models_dbl/Main/runs/20260821T164332Z_490383ff/fold_4/fold_4_main_dbl.keras,/mnt/d/INFANT CRY/Models_dbl/Main/runs/20260821T164332Z_490383ff/fold_4/norm_stats_main_dbl.npy,20260821T164332Z_490383ff
rec_122140d62463d7d58e24,/mnt/d/INFANT CRY/data_set_dbl_split/train/discomfort/3369_F_heh.wav,discomfort,sha256:88d0ec15b3b514a68aeaa59a7f13ac8345fb53344df594fd304818a7a678c609,4,discomfort,0.01481312233954668,0.011187291704118252,0.9478540420532227,0.013826579786837101,0.012318960390985012,original,/mnt/d/INFANT CRY/Models_dbl/Main/runs/20260821T164332Z_490383ff/fold_4/fold_4_main_dbl.keras,/mnt/d/INFANT CRY/Models_dbl/Main/runs/20260821T164332Z_490383ff/fold_4/norm_stats_main_dbl.npy,20260821T164332Z_490383ff
rec_8d9f61ce303defbfc361,/mnt/d/INFANT CRY/data_set_dbl_split/train/discomfort/3409_M_heh.wav,discomfort,sha256:e85f3608d57a7be4a2680fbf0134a7917ed1421883061214b9b8ebffa27d9bdb,4,discomfort,0.011961977928876877,0.010086876340210438,0.9533755779266357,0.012838286347687244,0.011737214401364326,original,/mnt/d/INFANT CRY/Models_dbl/Main/runs/20260821T164332Z_490383ff/fold_4/fold_4_main_dbl.keras,/mnt/d/INFANT CRY/Models_dbl/Main/runs/20260821T164332Z_490383ff/fold_4/norm_stats_main_dbl.npy,20260821T164332Z_490383ff
rec_33f6d238ac51ca9e5758,/mnt/d/INFANT CRY/data_set_dbl_split/train/discomfort/3623_F_heh.wav,discomfort,sha256:52c0eb00919048d647fef9696fc0e175d6ec756c511b1b046a96e27623e746f7,4,discomfort,0.014130115509033203,0.012691812589764595,0.948307454586029,0.012548423372209072,0.01232228521257639,original,/mnt/d/INFANT CRY/Models_dbl/Main/runs/20260821T164332Z_490383ff/fold_4/fold_4_main_dbl.keras,/mnt/d/INFANT CRY/Models_dbl/Main/runs/20260821T164332Z_490383ff/fold_4/norm_stats_main_dbl.npy,20260821T164332Z_490383ff
rec_76a42152121fc3becc5b,/mnt/d/INFANT CRY/data_set_dbl_split/train/discomfort/3729_M_heh.wav,discomfort,sha256:ef4003f1eb9998a16f6d4d50556e0274342e4593ed4bb71a78170098872cec82,4,discomfort,0.032977789640426636,0.06766637414693832,0.8464409112930298,0.03135770559310913,0.021557139232754707,original,/mnt/d/INFANT CRY/Models_dbl/Main/runs/20260821T164332Z_490383ff/fold_4/fold_4_main_dbl.keras,/mnt/d/INFANT CRY/Models_dbl/Main/runs/20260821T164332Z_490383ff/fold_4/norm_stats_main_dbl.npy,20260821T164332Z_490383ff
rec_a6a97d51ada1af8e637e,/mnt/d/INFANT CRY/data_set_dbl_split/train/discomfort/3989_M_heh.wav,discomfort,sha256:f2ee0040bd945697c43f70d5a87227da96fdd4ff6de69223d64d6d93f62d22b1,4,discomfort,0.014161692000925541,0.012833205983042717,0.9477881193161011,0.012811311520636082,0.012405809946358204,original,/mnt/d/INFANT CRY/Models_dbl/Main/runs/20260821T164332Z_490383ff/fold_4/fold_4_main_dbl.keras,/mnt/d/INFANT CRY/Models_dbl/Main/runs/20260821T164332Z_490383ff/fold_4/norm_stats_main_dbl.npy,20260821T164332Z_490383ff
rec_c95f02818a4bfa9ef8b9,/mnt/d/INFANT CRY/data_set_dbl_split/train/discomfort/4041_M_heh.wav,discomfort,sha256:06123eccd7c806497d521b54de2e69e412a7d45c348f5d8601379d0cbc5f11b9,4,discomfort,0.016682596877217293,0.016940122470259666,0.9300857782363892,0.020396964624524117,0.015894586220383644,original,/mnt/d/INFANT CRY/Models_dbl/Main/runs/20260821T164332Z_490383ff/fold_4/fold_4_main_dbl.keras,/mnt/d/INFANT CRY/Models_dbl/Main/runs/20260821T164332Z_490383ff/fold_4/norm_stats_main_dbl.npy,20260821T164332Z_490383ff
rec_85dab9312e9b8aabaa62,/mnt/d/INFANT CRY/data_set_dbl_split/train/discomfort/4756_F_heh.wav,discomfort,sha256:329652e05ef0b1224a81eae0aa698642469f83110a2b51d7196b16734616c43a,4,tired,0.02323429100215435,0.018830012530088425,0.019833164289593697,0.020302467048168182,0.9178000688552856,original,/mnt/d/INFANT CRY/Models_dbl/Main/runs/20260821T164332Z_490383ff/fold_4/fold_4_main_dbl.keras,/mnt/d/INFANT CRY/Models_dbl/Main/runs/20260821T164332Z_490383ff/fold_4/norm_stats_main_dbl.npy,20260821T164332Z_490383ff
rec_6078ad0e8ea8a14799ba,/mnt/d/INFANT CRY/data_set_dbl_split/train/discomfort/4825_M_heh.wav,discomfort,sha256:d1571e04f856e5f068d834f08291a0971afeb98f4a617495f2552e6e614b2d71,4,discomfort,0.015296309255063534,0.01416068896651268,0.9476956725120544,0.011086137033998966,0.011761183850467205,original,/mnt/d/INFANT CRY/Models_dbl/Main/runs/20260821T164332Z_490383ff/fold_4/fold_4_main_dbl.keras,/mnt/d/INFANT CRY/Models_dbl/Main/runs/20260821T164332Z_490383ff/fold_4/norm_stats_main_dbl.npy,20260821T164332Z_490383ff
rec_36666c11c2fd31a59262,/mnt/d/INFANT CRY/data_set_dbl_split/train/discomfort/86_F_heh.wav,discomfort,sha256:7137fab07ec1e47e0d948fc274a0d56ae9cb1ac2c6a128427c1154af8f813e13,4,discomfort,0.01154362689703703,0.00955094676464796,0.955164909362793,0.012337746098637581,0.011402759701013565,original,/mnt/d/INFANT CRY/Models_dbl/Main/runs/20260821T164332Z_490383ff/fold_4/fold_4_main_dbl.keras,/mnt/d/INFANT CRY/Models_dbl/Main/runs/20260821T164332Z_490383ff/fold_4/norm_stats_main_dbl.npy,20260821T164332Z_490383ff
rec_37d2c4c05305ba71470e,/mnt/d/INFANT CRY/data_set_dbl_split/train/discomfort/902_M_heh.wav,discomfort,sha256:002636cbd3c54721b6c92adf876295a4458c1eda18d44f2fb977c361f06a16d4,4,discomfort,0.012625162489712238,0.009774117730557919,0.9530544281005859,0.01274445652961731,0.011801918968558311,original,/mnt/d/INFANT CRY/Models_dbl/Main/runs/20260821T164332Z_490383ff/fold_4/fold_4_main_dbl.keras,/mnt/d/INFANT CRY/Models_dbl/Main/runs/20260821T164332Z_490383ff/fold_4/norm_stats_main_dbl.npy,20260821T164332Z_490383ff
rec_c28fa0cb46f2cf6051d8,/mnt/d/INFANT CRY/data_set_dbl_split/train/discomfort/dunstan-heh_18.wav,discomfort,sha256:3fe5651b054bb62686baac36b07cf3474eb69ae6cba3af0ba96a618d23940e0f,4,discomfort,0.03797256946563721,0.051579799503088,0.6168543100357056,0.24031072854995728,0.05328253656625748,original,/mnt/d/INFANT CRY/Models_dbl/Main/runs/20260821T164332Z_490383ff/fold_4/fold_4_main_dbl.keras,/mnt/d/INFANT CRY/Models_dbl/Main/runs/20260821T164332Z_490383ff/fold_4/norm_stats_main_dbl.npy,20260821T164332Z_490383ff
rec_51daa75d6cee602ab3c8,/mnt/d/INFANT CRY/data_set_dbl_split/train/discomfort/dunstan-heh_29.wav,discomfort,sha256:398e66b3a80071e1e2350ee31fe4be54b45ee3522f3c83e5276790cca8ec175a,4,discomfort,0.015255982987582684,0.012787383049726486,0.9391009211540222,0.018632663413882256,0.014223041944205761,original,/mnt/d/INFANT CRY/Models_dbl/Main/runs/20260821T164332Z_490383ff/fold_4/fold_4_main_dbl.keras,/mnt/d/INFANT CRY/Models_dbl/Main/runs/20260821T164332Z_490383ff/fold_4/norm_stats_main_dbl.npy,20260821T164332Z_490383ff
rec_428d00d3f563fd3b0b6f,/mnt/d/INFANT CRY/data_set_dbl_split/train/discomfort/dunstan-heh_4.wav,discomfort,sha256:c73b737215fb84d2033ef2b51ff24a17727cb6c630b6d18cb08cdffdfaaafed1,4,discomfort,0.01218374352902174,0.011209049262106419,0.9550225734710693,0.010822742246091366,0.010761893354356289,original,/mnt/d/INFANT CRY/Models_dbl/Main/runs/20260821T164332Z_490383ff/fold_4/fold_4_main_dbl.keras,/mnt/d/INFANT CRY/Models_dbl/Main/runs/20260821T164332Z_490383ff/fold_4/norm_stats_main_dbl.npy,20260821T164332Z_490383ff
rec_130b876cf3e8042dbaaf,/mnt/d/INFANT CRY/data_set_dbl_split/train/discomfort/dunstan-heh_5.wav,discomfort,sha256:fd5623d949aa95584faca464bba67866ca8f5f4428e221faaf428ebd331bee45,4,discomfort,0.012237674556672573,0.012649050913751125,0.9498997330665588,0.013470366597175598,0.011743277311325073,original,/mnt/d/INFANT CRY/Models_dbl/Main/runs/20260821T164332Z_490383ff/fold_4/fold_4_main_dbl.keras,/mnt/d/INFANT CRY/Models_dbl/Main/runs/20260821T164332Z_490383ff/fold_4/norm_stats_main_dbl.npy,20260821T164332Z_490383ff
rec_b6b8af0ffd9a4ace9287,/mnt/d/INFANT CRY/data_set_dbl_split/train/hungry/1122_M_neh.wav,hungry,sha256:f1b8b6f08110ea40a8f53ff176de03a9f07b58113506f993bbe1738311a6f4b6,4,discomfort,0.1161467432975769,0.03515602648258209,0.3902242183685303,0.2247324436903,0.23374053835868835,original,/mnt/d/INFANT CRY/Models_dbl/Main/runs/20260821T164332Z_490383ff/fold_4/fold_4_main_dbl.keras,/mnt/d/INFANT CRY/Models_dbl/Main/runs/20260821T164332Z_490383ff/fold_4/norm_stats_main_dbl.npy,20260821T164332Z_490383ff
rec_c22b93676c972031c987,/mnt/d/INFANT CRY/data_set_dbl_split/train/hungry/1202_F_neh.wav,hungry,sha256:ac92a54942af2d0f1c658cabd39741a4814fa2a0260d435cc01a032387f6e271,4,hungry,0.015117964707314968,0.013901332393288612,0.014972230419516563,0.9442580342292786,0.011750465258955956,original,/mnt/d/INFANT CRY/Models_dbl/Main/runs/20260821T164332Z_490383ff/fold_4/fold_4_main_dbl.keras,/mnt/d/INFANT CRY/Models_dbl/Main/runs/20260821T164332Z_490383ff/fold_4/norm_stats_main_dbl.npy,20260821T164332Z_490383ff
rec_74340a312f1c957be1a5,/mnt/d/INFANT CRY/data_set_dbl_split/train/hungry/1554_M_neh.wav,hungry,sha256:aee47ddc86735693ed5e9aae394a8600d3734efdea9e1f4fdb5526ad75f068fb,4,belly_pain,0.8808495998382568,0.02303163707256317,0.0278183463960886,0.048074569553136826,0.02022581920027733,original,/mnt/d/INFANT CRY/Models_dbl/Main/runs/20260821T164332Z_490383ff/fold_4/fold_4_main_dbl.keras,/mnt/d/INFANT CRY/Models_dbl/Main/runs/20260821T164332Z_490383ff/fold_4/norm_stats_main_dbl.npy,20260821T164332Z_490383ff
rec_005ff6f9034c11225ab6,/mnt/d/INFANT CRY/data_set_dbl_split/train/hungry/1620_M_neh.wav,hungry,sha256:ebbe483be136ac0f1aa62d8c9ff75316de07956803fa523c273da9295aa74eb6,4,hungry,0.016877951100468636,0.0142677566036582,0.015624461695551872,0.9408376216888428,0.012392282485961914,original,/mnt/d/INFANT CRY/Models_dbl/Main/runs/20260821T164332Z_490383ff/fold_4/fold_4_main_dbl.keras,/mnt/d/INFANT CRY/Models_dbl/Main/runs/20260821T164332Z_490383ff/fold_4/norm_stats_main_dbl.npy,20260821T164332Z_490383ff
rec_ad007df31506959b9ddb,/mnt/d/INFANT CRY/data_set_dbl_split/train/hungry/2482_F_neh.wav,hungry,sha256:d48b625a2736fac442e4d0dad71862dc91d23d99d4801a2f58dd17ed3f9cf1bd,4,hungry,0.015211987309157848,0.014525343663990498,0.019184142351150513,0.9369876980781555,0.014090755954384804,original,/mnt/d/INFANT CRY/Models_dbl/Main/runs/20260821T164332Z_490383ff/fold_4/fold_4_main_dbl.keras,/mnt/d/INFANT CRY/Models_dbl/Main/runs/20260821T164332Z_490383ff/fold_4/norm_stats_main_dbl.npy,20260821T164332Z_490383ff
rec_40337147c7cdb9b1f04e,/mnt/d/INFANT CRY/data_set_dbl_split/train/hungry/2515_M_neh.wav,hungry,sha256:a60f7d56c079df0998cb92c4754cccee4af565a615bdc3543bd244bafc14911d,4,discomfort,0.016627101227641106,0.018860002979636192,0.9262799620628357,0.0234662052243948,0.01476687379181385,original,/mnt/d/INFANT CRY/Models_dbl/Main/runs/20260821T164332Z_490383ff/fold_4/fold_4_main_dbl.keras,/mnt/d/INFANT CRY/Models_dbl/Main/runs/20260821T164332Z_490383ff/fold_4/norm_stats_main_dbl.npy,20260821T164332Z_490383ff
rec_116326ebfd88ba6b8be5,/mnt/d/INFANT CRY/data_set_dbl_split/train/hungry/2621_F_neh.wav,hungry,sha256:b05cadc0b50f16fa2b38972e9a5fc958282e4ac3768473f511488093bcc8f59f,4,hungry,0.015818053856492043,0.016273850575089455,0.020819325000047684,0.9317943453788757,0.015294364653527737,original,/mnt/d/INFANT CRY/Models_dbl/Main/runs/20260821T164332Z_490383ff/fold_4/fold_4_main_dbl.keras,/mnt/d/INFANT CRY/Models_dbl/Main/runs/20260821T164332Z_490383ff/fold_4/norm_stats_main_dbl.npy,20260821T164332Z_490383ff
rec_5c7b94899a81eecee357,/mnt/d/INFANT CRY/data_set_dbl_split/train/hungry/2973_M_neh.wav,hungry,sha256:a258c7f3ce0dec54214693dbd12ed67ecd6652c42be0a7c8667f7f502e9251db,4,hungry,0.014521336182951927,0.013901205733418465,0.016340671107172966,0.9417852163314819,0.013451626524329185,original,/mnt/d/INFANT CRY/Models_dbl/Main/runs/20260821T164332Z_490383ff/fold_4/fold_4_main_dbl.keras,/mnt/d/INFANT CRY/Models_dbl/Main/runs/20260821T164332Z_490383ff/fold_4/norm_stats_main_dbl.npy,20260821T164332Z_490383ff
rec_3ca5af599f5e2d718692,/mnt/d/INFANT CRY/data_set_dbl_split/train/hungry/303_F_neh.wav,hungry,sha256:13a56a7a111a4668a2510d21fa34d2fdf7d4cbc5cc473c2253831fb2836a8f81,4,hungry,0.017074819654226303,0.015987219288945198,0.0215205829590559,0.9307498335838318,0.014667614363133907,original,/mnt/d/INFANT CRY/Models_dbl/Main/runs/20260821T164332Z_490383ff/fold_4/fold_4_main_dbl.keras,/mnt/d/INFANT CRY/Models_dbl/Main/runs/20260821T164332Z_490383ff/fold_4/norm_stats_main_dbl.npy,20260821T164332Z_490383ff
rec_631606b7209247dd5eae,/mnt/d/INFANT CRY/data_set_dbl_split/train/hungry/3514_M_neh.wav,hungry,sha256:d5d9a33ec7e06529a762d752344c6bd6768bb14d6a4f739fa168fe7007799833,4,hungry,0.013929645530879498,0.013456612825393677,0.014960847795009613,0.9463856220245361,0.011267260648310184,original,/mnt/d/INFANT CRY/Models_dbl/Main/runs/20260821T164332Z_490383ff/fold_4/fold_4_main_dbl.keras,/mnt/d/INFANT CRY/Models_dbl/Main/runs/20260821T164332Z_490383ff/fold_4/norm_stats_main_dbl.npy,20260821T164332Z_490383ff
rec_b1207cfc484bb3ba4c5b,/mnt/d/INFANT CRY/data_set_dbl_split/train/hungry/3541_M_neh.wav,hungry,sha256:d204b1c96703905395cb60beb1f7c1d8aff3d5a7c652b87c2c3fce0ddc0cfff8,4,hungry,0.013762534596025944,0.01350888516753912,0.014848547987639904,0.9466459155082703,0.01123408880084753,original,/mnt/d/INFANT CRY/Models_dbl/Main/runs/20260821T164332Z_490383ff/fold_4/fold_4_main_dbl.keras,/mnt/d/INFANT CRY/Models_dbl/Main/runs/20260821T164332Z_490383ff/fold_4/norm_stats_main_dbl.npy,20260821T164332Z_490383ff
rec_ccb877ec7dda7cdd6786,/mnt/d/INFANT CRY/data_set_dbl_split/train/hungry/3672_M_neh.wav,hungry,sha256:eee1477095d89fd242f8ce7d6c04abb7ad5f4ecebea55735db534c93737449a7,4,hungry,0.01531184371560812,0.014060703106224537,0.015011548064649105,0.9446632862091064,0.01095263846218586,original,/mnt/d/INFANT CRY/Models_dbl/Main/runs/20260821T164332Z_490383ff/fold_4/fold_4_main_dbl.keras,/mnt/d/INFANT CRY/Models_dbl/Main/runs/20260821T164332Z_490383ff/fold_4/norm_stats_main_dbl.npy,20260821T164332Z_490383ff
rec_883b3d09371eb4815a3c,/mnt/d/INFANT CRY/data_set_dbl_split/train/hungry/3782_M_neh.wav,hungry,sha256:e042b88b67afe86ae310967738f17d39d13ebca955e6222cda2bba79022d4a10,4,hungry,0.015411943197250366,0.01452429499477148,0.018389374017715454,0.9385445713996887,0.013129888102412224,original,/mnt/d/INFANT CRY/Models_dbl/Main/runs/20260821T164332Z_490383ff/fold_4/fold_4_main_dbl.keras,/mnt/d/INFANT CRY/Models_dbl/Main/runs/20260821T164332Z_490383ff/fold_4/norm_stats_main_dbl.npy,20260821T164332Z_490383ff
rec_eb761db33bdc0705f83c,/mnt/d/INFANT CRY/data_set_dbl_split/train/hungry/4202_M_neh.wav,hungry,sha256:888125bf2f46f3cbda0081f238a05815341f965042bdd4c506a2a77280860a37,4,hungry,0.021889502182602882,0.05142495781183243,0.04593328386545181,0.8569283485412598,0.023823855444788933,original,/mnt/d/INFANT CRY/Models_dbl/Main/runs/20260821T164332Z_490383ff/fold_4/fold_4_main_dbl.keras,/mnt/d/INFANT CRY/Models_dbl/Main/runs/20260821T164332Z_490383ff/fold_4/norm_stats_main_dbl.npy,20260821T164332Z_490383ff
rec_0fd521640fdbb5d41b79,/mnt/d/INFANT CRY/data_set_dbl_split/train/hungry/4306_F_neh.wav,hungry,sha256:7c7af8ace0608c1ffd3645e704d9fac65045d77d0665461320f78a16a4b59c56,4,hungry,0.4006477892398834,0.04435709863901138,0.045569758862257004,0.46784043312072754,0.04158490151166916,original,/mnt/d/INFANT CRY/Models_dbl/Main/runs/20260821T164332Z_490383ff/fold_4/fold_4_main_dbl.keras,/mnt/d/INFANT CRY/Models_dbl/Main/runs/20260821T164332Z_490383ff/fold_4/norm_stats_main_dbl.npy,20260821T164332Z_490383ff
rec_e0a54a38ab9d7b6d3830,/mnt/d/INFANT CRY/data_set_dbl_split/train/hungry/463_M_neh.wav,hungry,sha256:292100ebd42c27f7f4faf23fdb590492c046c28692a8a9606237bf0543fc515a,4,hungry,0.017124533653259277,0.013963207602500916,0.015724757686257362,0.9400928020477295,0.013094646856188774,original,/mnt/d/INFANT CRY/Models_dbl/Main/runs/20260821T164332Z_490383ff/fold_4/fold_4_main_dbl.keras,/mnt/d/INFANT CRY/Models_dbl/Main/runs/20260821T164332Z_490383ff/fold_4/norm_stats_main_dbl.npy,20260821T164332Z_490383ff
rec_999b11113921ddf86a11,/mnt/d/INFANT CRY/data_set_dbl_split/train/hungry/4652_M_neh.wav,hungry,sha256:c0c3feebce565cef7dbbdc4e33b161b3c9393466cdb3b5d5000f17641ce104d5,4,hungry,0.014141703955829144,0.013551968149840832,0.01642107591032982,0.9430774450302124,0.012807902880012989,original,/mnt/d/INFANT CRY/Models_dbl/Main/runs/20260821T164332Z_490383ff/fold_4/fold_4_main_dbl.keras,/mnt/d/INFANT CRY/Models_dbl/Main/runs/20260821T164332Z_490383ff/fold_4/norm_stats_main_dbl.npy,20260821T164332Z_490383ff
rec_9305bbcd4444176c69fc,/mnt/d/INFANT CRY/data_set_dbl_split/train/hungry/4717_M_neh.wav,hungry,sha256:a41f61f1ee183e6abb9e9270e1a4125c67ef089417c02a686acc915e2022774a,4,hungry,0.01832999475300312,0.014826877042651176,0.015316970646381378,0.9388085007667542,0.012717599980533123,original,/mnt/d/INFANT CRY/Models_dbl/Main/runs/20260821T164332Z_490383ff/fold_4/fold_4_main_dbl.keras,/mnt/d/INFANT CRY/Models_dbl/Main/runs/20260821T164332Z_490383ff/fold_4/norm_stats_main_dbl.npy,20260821T164332Z_490383ff
rec_e0b99c082ada88b0aa3b,/mnt/d/INFANT CRY/data_set_dbl_split/train/hungry/4806_F_neh.wav,hungry,sha256:8dad9d9ae6f746dcca70d42d5893f20751aa87f70a42fcae47944339d9b8c654,4,hungry,0.015719693154096603,0.015397531911730766,0.020429058000445366,0.9306091070175171,0.017844630405306816,original,/mnt/d/INFANT CRY/Models_dbl/Main/runs/20260821T164332Z_490383ff/fold_4/fold_4_main_dbl.keras,/mnt/d/INFANT CRY/Models_dbl/Main/runs/20260821T164332Z_490383ff/fold_4/norm_stats_main_dbl.npy,20260821T164332Z_490383ff
rec_2f44b2a29b63c403f247,/mnt/d/INFANT CRY/data_set_dbl_split/train/hungry/516_M_neh.wav,hungry,sha256:e5b30435906cdd5c727047976d84e52f3601721907f41ed7c3290c05cd2d1e29,4,hungry,0.01703694835305214,0.014227364212274551,0.015541897155344486,0.9412561058998108,0.011937594972550869,original,/mnt/d/INFANT CRY/Models_dbl/Main/runs/20260821T164332Z_490383ff/fold_4/fold_4_main_dbl.keras,/mnt/d/INFANT CRY/Models_dbl/Main/runs/20260821T164332Z_490383ff/fold_4/norm_stats_main_dbl.npy,20260821T164332Z_490383ff
rec_b0ac810c71cf73db1ee2,/mnt/d/INFANT CRY/data_set_dbl_split/train/hungry/dunstan-neh_15.wav,hungry,sha256:c98158cfe65366a9a974891dbc8e546dce0dc55a333ba680b95bfeb078464798,4,hungry,0.01607457920908928,0.014175103977322578,0.015927067026495934,0.9405675530433655,0.013255649246275425,original,/mnt/d/INFANT CRY/Models_dbl/Main/runs/20260821T164332Z_490383ff/fold_4/fold_4_main_dbl.keras,/mnt/d/INFANT CRY/Models_dbl/Main/runs/20260821T164332Z_490383ff/fold_4/norm_stats_main_dbl.npy,20260821T164332Z_490383ff
rec_c54b65ed121bcd33064a,/mnt/d/INFANT CRY/data_set_dbl_split/train/hungry/dunstan-neh_33.wav,hungry,sha256:91ae2dba9c5f69c983f836726b9316dcc545e8015e6254994b8f3a0a19dcad3b,4,hungry,0.022480718791484833,0.018462764099240303,0.027644392102956772,0.914756178855896,0.01665589027106762,original,/mnt/d/INFANT CRY/Models_dbl/Main/runs/20260821T164332Z_490383ff/fold_4/fold_4_main_dbl.keras,/mnt/d/INFANT CRY/Models_dbl/Main/runs/20260821T164332Z_490383ff/fold_4/norm_stats_main_dbl.npy,20260821T164332Z_490383ff
rec_e6f7616af9e95806b13f,/mnt/d/INFANT CRY/data_set_dbl_split/train/hungry/dunstan-neh_37.wav,hungry,sha256:e5eb6511e30be0b2d6a9025802029cf007146dcb0fee2feeff93a3f9a54cf0c1,4,hungry,0.02674827352166176,0.016550417989492416,0.019785532727837563,0.9204006791114807,0.016515059396624565,original,/mnt/d/INFANT CRY/Models_dbl/Main/runs/20260821T164332Z_490383ff/fold_4/fold_4_main_dbl.keras,/mnt/d/INFANT CRY/Models_dbl/Main/runs/20260821T164332Z_490383ff/fold_4/norm_stats_main_dbl.npy,20260821T164332Z_490383ff
rec_d063c5f9742a23575dbd,/mnt/d/INFANT CRY/data_set_dbl_split/train/hungry/dunstan-neh_43.wav,hungry,sha256:fe0fc23da423b9852477fc29b7be4587f8fce30545f3e1ca4ce92098771f0f2d,4,hungry,0.017204638570547104,0.016178149729967117,0.02101307176053524,0.9308151006698608,0.014789083041250706,original,/mnt/d/INFANT CRY/Models_dbl/Main/runs/20260821T164332Z_490383ff/fold_4/fold_4_main_dbl.keras,/mnt/d/INFANT CRY/Models_dbl/Main/runs/20260821T164332Z_490383ff/fold_4/norm_stats_main_dbl.npy,20260821T164332Z_490383ff
rec_bcc6ef71a3b6c62fc0db,/mnt/d/INFANT CRY/data_set_dbl_split/train/tired/1248_M_owh.wav,tired,sha256:4301c15a643d2393a73c8396867ffac82190f5cb577879dce1e92bf92ff13ae1,4,tired,0.022776642814278603,0.0352189838886261,0.025804372504353523,0.026714680716395378,0.8894852995872498,original,/mnt/d/INFANT CRY/Models_dbl/Main/runs/20260821T164332Z_490383ff/fold_4/fold_4_main_dbl.keras,/mnt/d/INFANT CRY/Models_dbl/Main/runs/20260821T164332Z_490383ff/fold_4/norm_stats_main_dbl.npy,20260821T164332Z_490383ff
rec_e1ef8e972326ca893fbc,/mnt/d/INFANT CRY/data_set_dbl_split/train/tired/1327_M_owh.wav,tired,sha256:b2ecffbf5e6d006dbad1a7aecd4797684d77889670e438a29f15e684ed0d1163,4,tired,0.01972316764295101,0.02450985461473465,0.022348955273628235,0.022062741219997406,0.9113552570343018,original,/mnt/d/INFANT CRY/Models_dbl/Main/runs/20260821T164332Z_490383ff/fold_4/fold_4_main_dbl.keras,/mnt/d/INFANT CRY/Models_dbl/Main/runs/20260821T164332Z_490383ff/fold_4/norm_stats_main_dbl.npy,20260821T164332Z_490383ff
rec_c64fbb96929b07a4346a,/mnt/d/INFANT CRY/data_set_dbl_split/train/tired/1379_M_owh.wav,tired,sha256:e246f40ab4f749ae2ed10524db24ceae0afe007ab6792795240585ef792879e4,4,tired,0.017072316259145737,0.019213762134313583,0.01887550950050354,0.018168753013014793,0.926669716835022,original,/mnt/d/INFANT CRY/Models_dbl/Main/runs/20260821T164332Z_490383ff/fold_4/fold_4_main_dbl.keras,/mnt/d/INFANT CRY/Models_dbl/Main/runs/20260821T164332Z_490383ff/fold_4/norm_stats_main_dbl.npy,20260821T164332Z_490383ff
rec_f7ce84e2d9609f099bf9,/mnt/d/INFANT CRY/data_set_dbl_split/train/tired/1407_M_owh.wav,tired,sha256:a0417cf5ac21815c2501a09cd1cd9f5b1da1b86e668b5dd316832d2c5f3e7bd9,4,tired,0.022066662088036537,0.020150201395154,0.026391414925456047,0.0228287186473608,0.9085630178451538,original,/mnt/d/INFANT CRY/Models_dbl/Main/runs/20260821T164332Z_490383ff/fold_4/fold_4_main_dbl.keras,/mnt/d/INFANT CRY/Models_dbl/Main/runs/20260821T164332Z_490383ff/fold_4/norm_stats_main_dbl.npy,20260821T164332Z_490383ff
rec_18bf1cb37095850480ee,/mnt/d/INFANT CRY/data_set_dbl_split/train/tired/1434_M_owh.wav,tired,sha256:2cb56e01078020442669a73726df136c77be869be94e33e0f353866a28f38790,4,tired,0.020144199952483177,0.024173326790332794,0.019077250733971596,0.017616230994462967,0.9189890027046204,original,/mnt/d/INFANT CRY/Models_dbl/Main/runs/20260821T164332Z_490383ff/fold_4/fold_4_main_dbl.keras,/mnt/d/INFANT CRY/Models_dbl/Main/runs/20260821T164332Z_490383ff/fold_4/norm_stats_main_dbl.npy,20260821T164332Z_490383ff
rec_ffcb5317b070e323f976,/mnt/d/INFANT CRY/data_set_dbl_split/train/tired/143_F_owh.wav,tired,sha256:2fbe45f439997095072f4cadfaf2a2e437e9f5602d0ccc45828bc3d9d097691d,4,tired,0.01732410490512848,0.017992183566093445,0.017115548253059387,0.017683474346995354,0.9298847317695618,original,/mnt/d/INFANT CRY/Models_dbl/Main/runs/20260821T164332Z_490383ff/fold_4/fold_4_main_dbl.keras,/mnt/d/INFANT CRY/Models_dbl/Main/runs/20260821T164332Z_490383ff/fold_4/norm_stats_main_dbl.npy,20260821T164332Z_490383ff
rec_fd2327ef1add12021b6a,/mnt/d/INFANT CRY/data_set_dbl_split/train/tired/1449_M_owh.wav,tired,sha256:cae89b533d20e1be278cba57eb72e9a276c27c361cb5f445b50ee8b1740693a7,4,tired,0.01994330622255802,0.02389739267528057,0.027580931782722473,0.040872178971767426,0.8877062201499939,original,/mnt/d/INFANT CRY/Models_dbl/Main/runs/20260821T164332Z_490383ff/fold_4/fold_4_main_dbl.keras,/mnt/d/INFANT CRY/Models_dbl/Main/runs/20260821T164332Z_490383ff/fold_4/norm_stats_main_dbl.npy,20260821T164332Z_490383ff
rec_50b2ed438c8020b31cf4,/mnt/d/INFANT CRY/data_set_dbl_split/train/tired/1457_F_owh.wav,tired,sha256:1213009504564102efa5ef07e57890bf4fcad1b434ccca98bade29b5a419a124,4,tired,0.02225693315267563,0.023710140958428383,0.0272513460367918,0.021460771560668945,0.9053207635879517,original,/mnt/d/INFANT CRY/Models_dbl/Main/runs/20260821T164332Z_490383ff/fold_4/fold_4_main_dbl.keras,/mnt/d/INFANT CRY/Models_dbl/Main/runs/20260821T164332Z_490383ff/fold_4/norm_stats_main_dbl.npy,20260821T164332Z_490383ff
rec_4f9fc53284b79df94f38,/mnt/d/INFANT CRY/data_set_dbl_split/train/tired/1491_M_owh.wav,tired,sha256:5bb3a46c4d3068bfa2d0e48ae20eaf46dda6d2a49a87b9ebc28c301345e48e37,4,tired,0.019729211926460266,0.019385097548365593,0.01994164288043976,0.018360557034611702,0.9225835204124451,original,/mnt/d/INFANT CRY/Models_dbl/Main/runs/20260821T164332Z_490383ff/fold_4/fold_4_main_dbl.keras,/mnt/d/INFANT CRY/Models_dbl/Main/runs/20260821T164332Z_490383ff/fold_4/norm_stats_main_dbl.npy,20260821T164332Z_490383ff
rec_9aea41696fde8eacba64,/mnt/d/INFANT CRY/data_set_dbl_split/train/tired/1554_M_owh.wav,tired,sha256:804ed44fe3409c84edad9d5b7d7910e5f080e43815177aeb5714e425cb68b4b1,4,tired,0.022533627226948738,0.025194328278303146,0.023892300203442574,0.022302016615867615,0.9060777425765991,original,/mnt/d/INFANT CRY/Models_dbl/Main/runs/20260821T164332Z_490383ff/fold_4/fold_4_main_dbl.keras,/mnt/d/INFANT CRY/Models_dbl/Main/runs/20260821T164332Z_490383ff/fold_4/norm_stats_main_dbl.npy,20260821T164332Z_490383ff
rec_9661a763b41403859d51,/mnt/d/INFANT CRY/data_set_dbl_split/train/tired/1556_M_owh.wav,tired,sha256:a77945030575a70ae41e870baba365f768fba06e4672debe070feef61e8376ac,4,tired,0.02075652778148651,0.018229873850941658,0.022627007216215134,0.017707476392388344,0.9206791520118713,original,/mnt/d/INFANT CRY/Models_dbl/Main/runs/20260821T164332Z_490383ff/fold_4/fold_4_main_dbl.keras,/mnt/d/INFANT CRY/Models_dbl/Main/runs/20260821T164332Z_490383ff/fold_4/norm_stats_main_dbl.npy,20260821T164332Z_490383ff
rec_97abc6fb120e8165a753,/mnt/d/INFANT CRY/data_set_dbl_split/train/tired/1645_M_owh.wav,tired,sha256:de67c6a2f07915a16a7e1f4bc55f2aeed74a1594398abeff927c2d7ec34f5a14,4,tired,0.021365053951740265,0.02087206207215786,0.022959982976317406,0.01909727044403553,0.9157056212425232,original,/mnt/d/INFANT CRY/Models_dbl/Main/runs/20260821T164332Z_490383ff/fold_4/fold_4_main_dbl.keras,/mnt/d/INFANT CRY/Models_dbl/Main/runs/20260821T164332Z_490383ff/fold_4/norm_stats_main_dbl.npy,20260821T164332Z_490383ff
rec_43eaba8491ee96931502,/mnt/d/INFANT CRY/data_set_dbl_split/train/tired/1652_M_owh.wav,tired,sha256:c6bafe2f7dee78f57ef6d7c6285bc5d867c61cb2ff2b67925a36eebb0f2fb04a,4,tired,0.01988508179783821,0.020528309047222137,0.020257318392395973,0.01815185882151127,0.9211773872375488,original,/mnt/d/INFANT CRY/Models_dbl/Main/runs/20260821T164332Z_490383ff/fold_4/fold_4_main_dbl.keras,/mnt/d/INFANT CRY/Models_dbl/Main/runs/20260821T164332Z_490383ff/fold_4/norm_stats_main_dbl.npy,20260821T164332Z_490383ff
rec_5c4bc98793403aaca178,/mnt/d/INFANT CRY/data_set_dbl_split/train/tired/1723_M_owh.wav,tired,sha256:c941ad4906b69b9c0d8aa0c8ea5c41dc93de3fc2930a0767efe3eeac233a3f86,4,tired,0.02575431391596794,0.02091038040816784,0.030553922057151794,0.026098154485225677,0.8966832160949707,original,/mnt/d/INFANT CRY/Models_dbl/Main/runs/20260821T164332Z_490383ff/fold_4/fold_4_main_dbl.keras,/mnt/d/INFANT CRY/Models_dbl/Main/runs/20260821T164332Z_490383ff/fold_4/norm_stats_main_dbl.npy,20260821T164332Z_490383ff
rec_ca96409ed715ab7f77ec,/mnt/d/INFANT CRY/data_set_dbl_split/train/tired/1740_M_owh.wav,tired,sha256:66572dd2c1c69d22a39928a43a14a3c40f5031d5c9af7b353e0a662229c7e19f,4,tired,0.024104449898004532,0.02125929482281208,0.021545229479670525,0.01847846992313862,0.9146125912666321,original,/mnt/d/INFANT CRY/Models_dbl/Main/runs/20260821T164332Z_490383ff/fold_4/fold_4_main_dbl.keras,/mnt/d/INFANT CRY/Models_dbl/Main/runs/20260821T164332Z_490383ff/fold_4/norm_stats_main_dbl.npy,20260821T164332Z_490383ff
rec_ceac2fde6c166b8a7465,/mnt/d/INFANT CRY/data_set_dbl_split/train/tired/1777_M_owh.wav,tired,sha256:c28af2c0794825804ba18e3cf3dc0ddbd520ca3e1c4dacbd64b55b6d45c1dc8e,4,tired,0.02369934506714344,0.035807885229587555,0.021651096642017365,0.03172241151332855,0.8871191740036011,original,/mnt/d/INFANT CRY/Models_dbl/Main/runs/20260821T164332Z_490383ff/fold_4/fold_4_main_dbl.keras,/mnt/d/INFANT CRY/Models_dbl/Main/runs/20260821T164332Z_490383ff/fold_4/norm_stats_main_dbl.npy,20260821T164332Z_490383ff
rec_0ed35a29871754d92c69,/mnt/d/INFANT CRY/data_set_dbl_split/train/tired/177_M_owh.wav,tired,sha256:83803c5a3b008cde8e71e268499a66b24d6cd817cfe7f17ef93715eaf9cdd2be,4,tired,0.021846681833267212,0.019236229360103607,0.020428765565156937,0.018485181033611298,0.9200031161308289,original,/mnt/d/INFANT CRY/Models_dbl/Main/runs/20260821T164332Z_490383ff/fold_4/fold_4_main_dbl.keras,/mnt/d/INFANT CRY/Models_dbl/Main/runs/20260821T164332Z_490383ff/fold_4/norm_stats_main_dbl.npy,20260821T164332Z_490383ff
rec_70045edcafc51ac832ef,/mnt/d/INFANT CRY/data_set_dbl_split/train/tired/1805_M_owh.wav,tired,sha256:549e9b745a147b976d901c8f187e396b1905c2296a027b2c77f9a7f42d286d36,4,tired,0.018872184678912163,0.019416041672229767,0.02198001928627491,0.018741842359304428,0.9209898710250854,original,/mnt/d/INFANT CRY/Models_dbl/Main/runs/20260821T164332Z_490383ff/fold_4/fold_4_main_dbl.keras,/mnt/d/INFANT CRY/Models_dbl/Main/runs/20260821T164332Z_490383ff/fold_4/norm_stats_main_dbl.npy,20260821T164332Z_490383ff
rec_4312f6399d816c181f2e,/mnt/d/INFANT CRY/data_set_dbl_split/train/tired/1827_M_owh.wav,tired,sha256:13fc7b6cbf332e0aed9e92289b9d909f98e7d5ea35f3cdb015577b54971188e4,4,tired,0.0208942499011755,0.021771060302853584,0.023387346416711807,0.024341735988855362,0.9096055626869202,original,/mnt/d/INFANT CRY/Models_dbl/Main/runs/20260821T164332Z_490383ff/fold_4/fold_4_main_dbl.keras,/mnt/d/INFANT CRY/Models_dbl/Main/runs/20260821T164332Z_490383ff/fold_4/norm_stats_main_dbl.npy,20260821T164332Z_490383ff
rec_882f5933f85be627e548,/mnt/d/INFANT CRY/data_set_dbl_split/train/tired/1904_F_owh.wav,tired,sha256:43e0181db45cc9daf83f61a13bc048513bdb8c694425e8fe60aa19e9e157c40e,4,tired,0.027120841667056084,0.02937469817698002,0.050395309925079346,0.02936527319252491,0.8637439012527466,original,/mnt/d/INFANT CRY/Models_dbl/Main/runs/20260821T164332Z_490383ff/fold_4/fold_4_main_dbl.keras,/mnt/d/INFANT CRY/Models_dbl/Main/runs/20260821T164332Z_490383ff/fold_4/norm_stats_main_dbl.npy,20260821T164332Z_490383ff
rec_4b6b12381565fff1bf5d,/mnt/d/INFANT CRY/data_set_dbl_split/train/tired/1922_M_owh.wav,tired,sha256:f07c62dc0e6316075f4b2c7f9bace8ae628a7dd97117e4e4cc50d011fea17ee2,4,tired,0.020513636991381645,0.02005506120622158,0.02927500382065773,0.025668764486908913,0.9044874906539917,original,/mnt/d/INFANT CRY/Models_dbl/Main/runs/20260821T164332Z_490383ff/fold_4/fold_4_main_dbl.keras,/mnt/d/INFANT CRY/Models_dbl/Main/runs/20260821T164332Z_490383ff/fold_4/norm_stats_main_dbl.npy,20260821T164332Z_490383ff
rec_e25b8259cdfa135f6d37,/mnt/d/INFANT CRY/data_set_dbl_split/train/tired/1966_M_owh.wav,tired,sha256:606e993011f06c0de67168b072a471e7ee759f0c122e40fbde65ec0de01f66c1,4,tired,0.01939268782734871,0.021613676100969315,0.02610979788005352,0.024323109537363052,0.9085606932640076,original,/mnt/d/INFANT CRY/Models_dbl/Main/runs/20260821T164332Z_490383ff/fold_4/fold_4_main_dbl.keras,/mnt/d/INFANT CRY/Models_dbl/Main/runs/20260821T164332Z_490383ff/fold_4/norm_stats_main_dbl.npy,20260821T164332Z_490383ff
rec_a1f70ef70c18ce50dd3a,/mnt/d/INFANT CRY/data_set_dbl_split/train/tired/1973_M_owh.wav,tired,sha256:0b0e63a1859cc31be36c2dd34105c0347d25d69a1bfe7a7076acb282632259fa,4,tired,0.018763843923807144,0.016776807606220245,0.02192186750471592,0.018329065293073654,0.924208402633667,original,/mnt/d/INFANT CRY/Models_dbl/Main/runs/20260821T164332Z_490383ff/fold_4/fold_4_main_dbl.keras,/mnt/d/INFANT CRY/Models_dbl/Main/runs/20260821T164332Z_490383ff/fold_4/norm_stats_main_dbl.npy,20260821T164332Z_490383ff
rec_488a21a4a1921e15174e,/mnt/d/INFANT CRY/data_set_dbl_split/train/tired/2203_M_owh.wav,tired,sha256:1592bfcc9b6dc7ee701421f3a9f6ca53e487f8851250c43ef92f8b41e057e961,4,tired,0.02444496378302574,0.03317178040742874,0.06073763594031334,0.07775869965553284,0.803886890411377,original,/mnt/d/INFANT CRY/Models_dbl/Main/runs/20260821T164332Z_490383ff/fold_4/fold_4_main_dbl.keras,/mnt/d/INFANT CRY/Models_dbl/Main/runs/20260821T164332Z_490383ff/fold_4/norm_stats_main_dbl.npy,20260821T164332Z_490383ff
rec_9f907a5c686df8792eb9,/mnt/d/INFANT CRY/data_set_dbl_split/train/tired/2205_M_owh.wav,tired,sha256:467a337a997936bafaaf7eb581784e44e72f5d3319ab4b06a42e88643c973bdb,4,tired,0.016808465123176575,0.017700552940368652,0.017331451177597046,0.01679942011833191,0.931360125541687,original,/mnt/d/INFANT CRY/Models_dbl/Main/runs/20260821T164332Z_490383ff/fold_4/fold_4_main_dbl.keras,/mnt/d/INFANT CRY/Models_dbl/Main/runs/20260821T164332Z_490383ff/fold_4/norm_stats_main_dbl.npy,20260821T164332Z_490383ff
rec_c73ad4264ea9db9dbabe,/mnt/d/INFANT CRY/data_set_dbl_split/train/tired/2209_F_owh.wav,tired,sha256:e38230e7ecba58c4344b0c2e9c6b1d05877708495096d2709ba35ee3201fbad1,4,tired,0.019809523597359657,0.016079530119895935,0.0189292524009943,0.017903074622154236,0.9272785782814026,original,/mnt/d/INFANT CRY/Models_dbl/Main/runs/20260821T164332Z_490383ff/fold_4/fold_4_main_dbl.keras,/mnt/d/INFANT CRY/Models_dbl/Main/runs/20260821T164332Z_490383ff/fold_4/norm_stats_main_dbl.npy,20260821T164332Z_490383ff
rec_fe69a6caa1104cbc03b5,/mnt/d/INFANT CRY/data_set_dbl_split/train/tired/2209_M_owh.wav,tired,sha256:937e15bfa6394425418b13f4713f2139857f3ad3a610ce5c0b8be6693295fca6,4,tired,0.02044164575636387,0.022321827709674835,0.019467627629637718,0.01856178790330887,0.9192071557044983,original,/mnt/d/INFANT CRY/Models_dbl/Main/runs/20260821T164332Z_490383ff/fold_4/fold_4_main_dbl.keras,/mnt/d/INFANT CRY/Models_dbl/Main/runs/20260821T164332Z_490383ff/fold_4/norm_stats_main_dbl.npy,20260821T164332Z_490383ff
rec_724e6fe49f03565ecc56,/mnt/d/INFANT CRY/data_set_dbl_split/train/tired/2221_M_owh.wav,tired,sha256:7288a64c43494a9bb1478d459996ff6bae480a0975b1806b0aeb8806fb0298e9,4,tired,0.020433492958545685,0.020285042002797127,0.027496283873915672,0.022281311452388763,0.9095038771629333,original,/mnt/d/INFANT CRY/Models_dbl/Main/runs/20260821T164332Z_490383ff/fold_4/fold_4_main_dbl.keras,/mnt/d/INFANT CRY/Models_dbl/Main/runs/20260821T164332Z_490383ff/fold_4/norm_stats_main_dbl.npy,20260821T164332Z_490383ff
rec_752d61792b951ffa2071,/mnt/d/INFANT CRY/data_set_dbl_split/train/tired/222_M_owh.wav,tired,sha256:2b806d8ab20724d8c2ae668ba94a20b324f696a9981be20fb3945fd0aa13f356,4,tired,0.03048867918550968,0.022320948541164398,0.03128523752093315,0.03164206072688103,0.8842630982398987,original,/mnt/d/INFANT CRY/Models_dbl/Main/runs/20260821T164332Z_490383ff/fold_4/fold_4_main_dbl.keras,/mnt/d/INFANT CRY/Models_dbl/Main/runs/20260821T164332Z_490383ff/fold_4/norm_stats_main_dbl.npy,20260821T164332Z_490383ff
rec_5e616febd7607606dade,/mnt/d/INFANT CRY/data_set_dbl_split/train/tired/2232_M_owh.wav,tired,sha256:f4228bd03bb96d484c20315c430ad16926a89c2c829b20668de98f9b38b8e98a,4,tired,0.02038576453924179,0.019134651869535446,0.026494935154914856,0.019835500046610832,0.9141491055488586,original,/mnt/d/INFANT CRY/Models_dbl/Main/runs/20260821T164332Z_490383ff/fold_4/fold_4_main_dbl.keras,/mnt/d/INFANT CRY/Models_dbl/Main/runs/20260821T164332Z_490383ff/fold_4/norm_stats_main_dbl.npy,20260821T164332Z_490383ff
rec_645d2e516bdc0a583b5e,/mnt/d/INFANT CRY/data_set_dbl_split/train/tired/2234_M_owh.wav,tired,sha256:aa0d2bd701e4775bc00120e49ccd80193931f1bf5028a6ad1cfaf33d393bbd6c,4,tired,0.018835222348570824,0.021277470514178276,0.0194562841206789,0.018392028287053108,0.9220390319824219,original,/mnt/d/INFANT CRY/Models_dbl/Main/runs/20260821T164332Z_490383ff/fold_4/fold_4_main_dbl.keras,/mnt/d/INFANT CRY/Models_dbl/Main/runs/20260821T164332Z_490383ff/fold_4/norm_stats_main_dbl.npy,20260821T164332Z_490383ff
rec_1fd97cb04c810c35ae47,/mnt/d/INFANT CRY/data_set_dbl_split/train/tired/2262_M_owh.wav,tired,sha256:a5719d02d3c3a3184510bfbbe447853046b1b5a5a374582abbe86df2ca27cce7,4,tired,0.017615653574466705,0.017920764163136482,0.016574734821915627,0.015432886779308319,0.9324559569358826,original,/mnt/d/INFANT CRY/Models_dbl/Main/runs/20260821T164332Z_490383ff/fold_4/fold_4_main_dbl.keras,/mnt/d/INFANT CRY/Models_dbl/Main/runs/20260821T164332Z_490383ff/fold_4/norm_stats_main_dbl.npy,20260821T164332Z_490383ff
rec_340664eb0492fc2ddab1,/mnt/d/INFANT CRY/data_set_dbl_split/train/tired/2290_M_owh.wav,tired,sha256:b9c0e85367f53498d78b1478a6db801875c3592808706c11b71fcc01e7bf25f1,4,tired,0.01980232633650303,0.02678108960390091,0.021550744771957397,0.03620567545294762,0.8956601619720459,original,/mnt/d/INFANT CRY/Models_dbl/Main/runs/20260821T164332Z_490383ff/fold_4/fold_4_main_dbl.keras,/mnt/d/INFANT CRY/Models_dbl/Main/runs/20260821T164332Z_490383ff/fold_4/norm_stats_main_dbl.npy,20260821T164332Z_490383ff
rec_1b6634529dffa814cb2a,/mnt/d/INFANT CRY/data_set_dbl_split/train/tired/2365_M_owh.wav,tired,sha256:222cd810288c773f42dfe0cd96d3c5c324e616abb4acf0a82bc7b1ee867793a8,4,tired,0.019093461334705353,0.016639549285173416,0.019414681941270828,0.016138073056936264,0.9287142753601074,original,/mnt/d/INFANT CRY/Models_dbl/Main/runs/20260821T164332Z_490383ff/fold_4/fold_4_main_dbl.keras,/mnt/d/INFANT CRY/Models_dbl/Main/runs/20260821T164332Z_490383ff/fold_4/norm_stats_main_dbl.npy,20260821T164332Z_490383ff
rec_c7a297118c0560b9622b,/mnt/d/INFANT CRY/data_set_dbl_split/train/tired/2383_M_owh.wav,tired,sha256:e890be316d48690a0edd0d16abf611bc6c7c3abfa157c2576038ae8ae46dac72,4,tired,0.02232475019991398,0.046959273517131805,0.02434050850570202,0.02740306220948696,0.8789723515510559,original,/mnt/d/INFANT CRY/Models_dbl/Main/runs/20260821T164332Z_490383ff/fold_4/fold_4_main_dbl.keras,/mnt/d/INFANT CRY/Models_dbl/Main/runs/20260821T164332Z_490383ff/fold_4/norm_stats_main_dbl.npy,20260821T164332Z_490383ff
rec_7335dcde7a27046c15f5,/mnt/d/INFANT CRY/data_set_dbl_split/train/tired/2430_M_owh.wav,tired,sha256:5962311aa4f9ea75501cfc4b8fd3d4bd1a95031f1796294cc5ee20d171909f21,4,discomfort,0.0813276469707489,0.027005204930901527,0.6111662983894348,0.05701687932014465,0.22348400950431824,original,/mnt/d/INFANT CRY/Models_dbl/Main/runs/20260821T164332Z_490383ff/fold_4/fold_4_main_dbl.keras,/mnt/d/INFANT CRY/Models_dbl/Main/runs/20260821T164332Z_490383ff/fold_4/norm_stats_main_dbl.npy,20260821T164332Z_490383ff
rec_9c6f6aa87f0f7f70c7b1,/mnt/d/INFANT CRY/data_set_dbl_split/train/tired/2433_M_owh.wav,tired,sha256:0e0b599a6ac84f7526274a7533fb8834ff79027a9722fb85d592d556555ddcb1,4,tired,0.018341748043894768,0.020417993888258934,0.020549669861793518,0.019045697525143623,0.9216448664665222,original,/mnt/d/INFANT CRY/Models_dbl/Main/runs/20260821T164332Z_490383ff/fold_4/fold_4_main_dbl.keras,/mnt/d/INFANT CRY/Models_dbl/Main/runs/20260821T164332Z_490383ff/fold_4/norm_stats_main_dbl.npy,20260821T164332Z_490383ff
rec_ac7c6723d17cc624863f,/mnt/d/INFANT CRY/data_set_dbl_split/train/tired/2439_M_owh.wav,tired,sha256:f4c93fae8a6112f4da01a169289a7b2e42637b49fc670532ce0b5adc66030cdd,4,tired,0.020399747416377068,0.022808145731687546,0.02268938161432743,0.01939806528389454,0.9147046208381653,original,/mnt/d/INFANT CRY/Models_dbl/Main/runs/20260821T164332Z_490383ff/fold_4/fold_4_main_dbl.keras,/mnt/d/INFANT CRY/Models_dbl/Main/runs/20260821T164332Z_490383ff/fold_4/norm_stats_main_dbl.npy,20260821T164332Z_490383ff
rec_a87694e9770b4bf5b29c,/mnt/d/INFANT CRY/data_set_dbl_split/train/tired/2515_F_owh.wav,tired,sha256:751a22c1b6909b68f5d3ddfe400cbfe27d8d2c0028f34ba221a1d784d02e6090,4,tired,0.01981847919523716,0.021277042105793953,0.018710412085056305,0.020119355991482735,0.9200747013092041,original,/mnt/d/INFANT CRY/Models_dbl/Main/runs/20260821T164332Z_490383ff/fold_4/fold_4_main_dbl.keras,/mnt/d/INFANT CRY/Models_dbl/Main/runs/20260821T164332Z_490383ff/fold_4/norm_stats_main_dbl.npy,20260821T164332Z_490383ff
rec_adebcb991948cd5e3658,/mnt/d/INFANT CRY/data_set_dbl_split/train/tired/2607_F_owh.wav,tired,sha256:003a9b326de80bb4dc7b330cab406df39b5eb322b6e0a0541212af103ec099c1,4,tired,0.03957778215408325,0.06671732664108276,0.255665123462677,0.06307129561901093,0.5749684572219849,original,/mnt/d/INFANT CRY/Models_dbl/Main/runs/20260821T164332Z_490383ff/fold_4/fold_4_main_dbl.keras,/mnt/d/INFANT CRY/Models_dbl/Main/runs/20260821T164332Z_490383ff/fold_4/norm_stats_main_dbl.npy,20260821T164332Z_490383ff
rec_f7774bcc7a3cbcbb2de7,/mnt/d/INFANT CRY/data_set_dbl_split/train/tired/2634_M_owh.wav,tired,sha256:5f429fa46064b3e066d1eaeee25dd9a5809f8fdb3696debfb2a5428a9a26e2cc,4,tired,0.017508238554000854,0.017993124201893806,0.017722906544804573,0.019383059814572334,0.9273926615715027,original,/mnt/d/INFANT CRY/Models_dbl/Main/runs/20260821T164332Z_490383ff/fold_4/fold_4_main_dbl.keras,/mnt/d/INFANT CRY/Models_dbl/Main/runs/20260821T164332Z_490383ff/fold_4/norm_stats_main_dbl.npy,20260821T164332Z_490383ff
rec_a52ee3580e2eaa5c7c3f,/mnt/d/INFANT CRY/data_set_dbl_split/train/tired/2776_M_owh.wav,tired,sha256:73e3931690a7c36a99c44b36f641ed200f067b20330f1acc44c5734827f61586,4,tired,0.01848381757736206,0.017306258901953697,0.02278991974890232,0.019053900614380836,0.9223660826683044,original,/mnt/d/INFANT CRY/Models_dbl/Main/runs/20260821T164332Z_490383ff/fold_4/fold_4_main_dbl.keras,/mnt/d/INFANT CRY/Models_dbl/Main/runs/20260821T164332Z_490383ff/fold_4/norm_stats_main_dbl.npy,20260821T164332Z_490383ff
rec_f122e9e8ac714a180a7a,/mnt/d/INFANT CRY/data_set_dbl_split/train/tired/2819_M_owh.wav,tired,sha256:be20e11d842ad2366e43e676a6afed8addb30be19bd8bda1f57e90f50d74cc78,4,hungry,0.05099553242325783,0.05275536701083183,0.05393068864941597,0.46181392669677734,0.3805045187473297,original,/mnt/d/INFANT CRY/Models_dbl/Main/runs/20260821T164332Z_490383ff/fold_4/fold_4_main_dbl.keras,/mnt/d/INFANT CRY/Models_dbl/Main/runs/20260821T164332Z_490383ff/fold_4/norm_stats_main_dbl.npy,20260821T164332Z_490383ff
rec_755d79cdfd94584a1189,/mnt/d/INFANT CRY/data_set_dbl_split/train/tired/2828_M_owh.wav,tired,sha256:0fe33f3314926ce1c3cc090b9a585b62c26bbbd8dc7295ca81b52fda444991cc,4,tired,0.019477706402540207,0.0194791741669178,0.021950649097561836,0.020244641229510307,0.9188477993011475,original,/mnt/d/INFANT CRY/Models_dbl/Main/runs/20260821T164332Z_490383ff/fold_4/fold_4_main_dbl.keras,/mnt/d/INFANT CRY/Models_dbl/Main/runs/20260821T164332Z_490383ff/fold_4/norm_stats_main_dbl.npy,20260821T164332Z_490383ff
rec_312d854f59876c97469f,/mnt/d/INFANT CRY/data_set_dbl_split/train/tired/2863_M_owh.wav,tired,sha256:cace740b6e766b311da6615fa141a74637e8e2d2fb44c8043dcb3447bd0e081d,4,tired,0.0198653656989336,0.019592853263020515,0.016485393047332764,0.017739832401275635,0.9263165593147278,original,/mnt/d/INFANT CRY/Models_dbl/Main/runs/20260821T164332Z_490383ff/fold_4/fold_4_main_dbl.keras,/mnt/d/INFANT CRY/Models_dbl/Main/runs/20260821T164332Z_490383ff/fold_4/norm_stats_main_dbl.npy,20260821T164332Z_490383ff
rec_90d2a853579aa84f0662,/mnt/d/INFANT CRY/data_set_dbl_split/train/tired/287_F_owh.wav,tired,sha256:7a953cee6654ccaa65429b257c61935d9ac1b18eaee0468e1d26f091a23989df,4,tired,0.018571194261312485,0.019458571448922157,0.019526150077581406,0.01738770119845867,0.9250563383102417,original,/mnt/d/INFANT CRY/Models_dbl/Main/runs/20260821T164332Z_490383ff/fold_4/fold_4_main_dbl.keras,/mnt/d/INFANT CRY/Models_dbl/Main/runs/20260821T164332Z_490383ff/fold_4/norm_stats_main_dbl.npy,20260821T164332Z_490383ff
rec_4693ab9c0b99847a7b71,/mnt/d/INFANT CRY/data_set_dbl_split/train/tired/3001_M_owh.wav,tired,sha256:ea0fe0adef549066cca493fc047fca58b2035ef849a478d6a5d936ccd93124fa,4,tired,0.020380914211273193,0.02060590125620365,0.021793920546770096,0.019207071512937546,0.9180122017860413,original,/mnt/d/INFANT CRY/Models_dbl/Main/runs/20260821T164332Z_490383ff/fold_4/fold_4_main_dbl.keras,/mnt/d/INFANT CRY/Models_dbl/Main/runs/20260821T164332Z_490383ff/fold_4/norm_stats_main_dbl.npy,20260821T164332Z_490383ff
rec_cea741eee726c573f835,/mnt/d/INFANT CRY/data_set_dbl_split/train/tired/3039_M_owh.wav,tired,sha256:b8416f32dd2450d924895191068594d34e5c963310aeb9f8cfb5e0d8bb40d92d,4,tired,0.020892269909381866,0.026416542008519173,0.026472801342606544,0.025564448907971382,0.9006539583206177,original,/mnt/d/INFANT CRY/Models_dbl/Main/runs/20260821T164332Z_490383ff/fold_4/fold_4_main_dbl.keras,/mnt/d/INFANT CRY/Models_dbl/Main/runs/20260821T164332Z_490383ff/fold_4/norm_stats_main_dbl.npy,20260821T164332Z_490383ff
rec_e3e0a3a5bb5cbb3cd5a1,/mnt/d/INFANT CRY/data_set_dbl_split/train/tired/3068_M_owh.wav,tired,sha256:d50072e0f47329a55888d026c6ba95b6611740a36a118469289a532c7ac2472a,4,tired,0.017554426565766335,0.017145181074738503,0.02219451777637005,0.020214397460222244,0.9228914380073547,original,/mnt/d/INFANT CRY/Models_dbl/Main/runs/20260821T164332Z_490383ff/fold_4/fold_4_main_dbl.keras,/mnt/d/INFANT CRY/Models_dbl/Main/runs/20260821T164332Z_490383ff/fold_4/norm_stats_main_dbl.npy,20260821T164332Z_490383ff
rec_85b432a73d767f87b145,/mnt/d/INFANT CRY/data_set_dbl_split/train/tired/3069_M_owh.wav,tired,sha256:eaa0d98ba2b8b4fea9d99b790c559058ff692f0bac65d8a176ffcdad5795d31f,4,tired,0.025839775800704956,0.021953901275992393,0.018933897837996483,0.018363960087299347,0.9149084687232971,original,/mnt/d/INFANT CRY/Models_dbl/Main/runs/20260821T164332Z_490383ff/fold_4/fold_4_main_dbl.keras,/mnt/d/INFANT CRY/Models_dbl/Main/runs/20260821T164332Z_490383ff/fold_4/norm_stats_main_dbl.npy,20260821T164332Z_490383ff
rec_d7bffc68a844008a7914,/mnt/d/INFANT CRY/data_set_dbl_split/train/tired/3215_M_owh.wav,tired,sha256:49ebff472f9f6e4036a9429e3b819179b29c38301b5386b1e5ceb896810fe22c,4,tired,0.01872129738330841,0.02075255662202835,0.019015146419405937,0.018161077052354813,0.923349916934967,original,/mnt/d/INFANT CRY/Models_dbl/Main/runs/20260821T164332Z_490383ff/fold_4/fold_4_main_dbl.keras,/mnt/d/INFANT CRY/Models_dbl/Main/runs/20260821T164332Z_490383ff/fold_4/norm_stats_main_dbl.npy,20260821T164332Z_490383ff
rec_a18df63203ea8f412f0b,/mnt/d/INFANT CRY/data_set_dbl_split/train/tired/3222_M_owh.wav,tired,sha256:d33cab38c8d62e9019b9a463fb5c3bac6ec5801bb0fabe7213a25a4dadfb786a,4,tired,0.022197868674993515,0.019375436007976532,0.023104432970285416,0.020260361954569817,0.9150619506835938,original,/mnt/d/INFANT CRY/Models_dbl/Main/runs/20260821T164332Z_490383ff/fold_4/fold_4_main_dbl.keras,/mnt/d/INFANT CRY/Models_dbl/Main/runs/20260821T164332Z_490383ff/fold_4/norm_stats_main_dbl.npy,20260821T164332Z_490383ff
rec_7b71574db6f83c21b607,/mnt/d/INFANT CRY/data_set_dbl_split/train/tired/3233_M_owh.wav,tired,sha256:8f8a67b96e7a0e2c16862b650bfd3ae65eff643b3b5c904ff0b3cdd96ad89e0d,4,tired,0.017688846215605736,0.01623298041522503,0.018072180449962616,0.015558497048914433,0.9324474930763245,original,/mnt/d/INFANT CRY/Models_dbl/Main/runs/20260821T164332Z_490383ff/fold_4/fold_4_main_dbl.keras,/mnt/d/INFANT CRY/Models_dbl/Main/runs/20260821T164332Z_490383ff/fold_4/norm_stats_main_dbl.npy,20260821T164332Z_490383ff
rec_142eab8d535fe4c092f4,/mnt/d/INFANT CRY/data_set_dbl_split/train/tired/3294_M_owh.wav,tired,sha256:dd916847f8d4d4d0e040b0283daeae6811e23869b9c31db031349c4290445fc6,4,tired,0.020960653200745583,0.019289065152406693,0.024337206035852432,0.018515950068831444,0.9168970584869385,original,/mnt/d/INFANT CRY/Models_dbl/Main/runs/20260821T164332Z_490383ff/fold_4/fold_4_main_dbl.keras,/mnt/d/INFANT CRY/Models_dbl/Main/runs/20260821T164332Z_490383ff/fold_4/norm_stats_main_dbl.npy,20260821T164332Z_490383ff
rec_a5d71c133a9c179c59f4,/mnt/d/INFANT CRY/data_set_dbl_split/train/tired/3395_F_owh.wav,tired,sha256:96e70e7f16cf60d5bf49ea2af2ea5357c60eded31c29c9dcdd65f8da5793715c,4,tired,0.026777449995279312,0.026625826954841614,0.042876627296209335,0.02796202525496483,0.8757580518722534,original,/mnt/d/INFANT CRY/Models_dbl/Main/runs/20260821T164332Z_490383ff/fold_4/fold_4_main_dbl.keras,/mnt/d/INFANT CRY/Models_dbl/Main/runs/20260821T164332Z_490383ff/fold_4/norm_stats_main_dbl.npy,20260821T164332Z_490383ff
rec_7c095ae02595f894772c,/mnt/d/INFANT CRY/data_set_dbl_split/train/tired/3427_M_owh.wav,tired,sha256:1f1a991a23b3f153206bd12f4e2bb8c2cb0c56090380f1a8331f8dcabde1092c,4,tired,0.01946946419775486,0.017061982303857803,0.017993370071053505,0.015663253143429756,0.929811954498291,original,/mnt/d/INFANT CRY/Models_dbl/Main/runs/20260821T164332Z_490383ff/fold_4/fold_4_main_dbl.keras,/mnt/d/INFANT CRY/Models_dbl/Main/runs/20260821T164332Z_490383ff/fold_4/norm_stats_main_dbl.npy,20260821T164332Z_490383ff
rec_c644ec26db3f61bd2927,/mnt/d/INFANT CRY/data_set_dbl_split/train/tired/3493_M_owh.wav,tired,sha256:52798876c117405b5896cedc3b7a23f1d41212d5b00e869b9a0d7c7ddabd2b39,4,tired,0.01720232143998146,0.017743872478604317,0.017089176923036575,0.017748922109603882,0.9302157163619995,original,/mnt/d/INFANT CRY/Models_dbl/Main/runs/20260821T164332Z_490383ff/fold_4/fold_4_main_dbl.keras,/mnt/d/INFANT CRY/Models_dbl/Main/runs/20260821T164332Z_490383ff/fold_4/norm_stats_main_dbl.npy,20260821T164332Z_490383ff
rec_1afbccae7952244c5251,/mnt/d/INFANT CRY/data_set_dbl_split/train/tired/3522_M_owh.wav,tired,sha256:74f6e85cf6acba50c9b10f0fba04895ac3d52884d3ddfa02d62c66cd1c192c9d,4,tired,0.036278702318668365,0.14509868621826172,0.033808428794145584,0.05459926277399063,0.7302148938179016,original,/mnt/d/INFANT CRY/Models_dbl/Main/runs/20260821T164332Z_490383ff/fold_4/fold_4_main_dbl.keras,/mnt/d/INFANT CRY/Models_dbl/Main/runs/20260821T164332Z_490383ff/fold_4/norm_stats_main_dbl.npy,20260821T164332Z_490383ff
rec_048ba98d01f4f76692ca,/mnt/d/INFANT CRY/data_set_dbl_split/train/tired/3544_M_owh.wav,tired,sha256:b68d23123bf661860d8f847bc6cae73ace6dff71a903e420e7de18a908ed3034,4,tired,0.019365735352039337,0.020334923639893532,0.0222941841930151,0.019039597362279892,0.9189655780792236,original,/mnt/d/INFANT CRY/Models_dbl/Main/runs/20260821T164332Z_490383ff/fold_4/fold_4_main_dbl.keras,/mnt/d/INFANT CRY/Models_dbl/Main/runs/20260821T164332Z_490383ff/fold_4/norm_stats_main_dbl.npy,20260821T164332Z_490383ff
rec_c02cf443d6e111dcd85c,/mnt/d/INFANT CRY/data_set_dbl_split/train/tired/3624_M_owh.wav,tired,sha256:19f47f32edfb64a0e988ff9aac4528d967add20877325e7b398b875062ecf66a,4,tired,0.02617225982248783,0.020093608647584915,0.025533344596624374,0.022284548729658127,0.9059162735939026,original,/mnt/d/INFANT CRY/Models_dbl/Main/runs/20260821T164332Z_490383ff/fold_4/fold_4_main_dbl.keras,/mnt/d/INFANT CRY/Models_dbl/Main/runs/20260821T164332Z_490383ff/fold_4/norm_stats_main_dbl.npy,20260821T164332Z_490383ff
rec_c338c1bd041cd37e7d9e,/mnt/d/INFANT CRY/data_set_dbl_split/train/tired/3686_M_owh.wav,tired,sha256:2572450d80dba98e512552d91c15f229633356c4d163f88b2b785bdd8912a7cf,4,tired,0.018051210790872574,0.019658001139760017,0.019931025803089142,0.017745669931173325,0.9246141314506531,original,/mnt/d/INFANT CRY/Models_dbl/Main/runs/20260821T164332Z_490383ff/fold_4/fold_4_main_dbl.keras,/mnt/d/INFANT CRY/Models_dbl/Main/runs/20260821T164332Z_490383ff/fold_4/norm_stats_main_dbl.npy,20260821T164332Z_490383ff
rec_90aae28bd824eec25db0,/mnt/d/INFANT CRY/data_set_dbl_split/train/tired/3722_M_owh.wav,tired,sha256:5bf0e46b5c8ab97ba5ffccf2ccc18a541c0a30e2398e3b4e6a0bd263aac20c1a,4,tired,0.020836040377616882,0.022084815427660942,0.04577924311161041,0.04405909404158592,0.867240846157074,original,/mnt/d/INFANT CRY/Models_dbl/Main/runs/20260821T164332Z_490383ff/fold_4/fold_4_main_dbl.keras,/mnt/d/INFANT CRY/Models_dbl/Main/runs/20260821T164332Z_490383ff/fold_4/norm_stats_main_dbl.npy,20260821T164332Z_490383ff
rec_da2e61468838f77116cd,/mnt/d/INFANT CRY/data_set_dbl_split/train/tired/3805_M_owh.wav,tired,sha256:8215de6736573416f3cdd6351d82beadf4a1aaada65d1c2cab46e0cbde9ff528,4,tired,0.020949335768818855,0.020556706935167313,0.02535238489508629,0.020545413717627525,0.9125962257385254,original,/mnt/d/INFANT CRY/Models_dbl/Main/runs/20260821T164332Z_490383ff/fold_4/fold_4_main_dbl.keras,/mnt/d/INFANT CRY/Models_dbl/Main/runs/20260821T164332Z_490383ff/fold_4/norm_stats_main_dbl.npy,20260821T164332Z_490383ff
rec_e05eee5b1e7d58aee74f,/mnt/d/INFANT CRY/data_set_dbl_split/train/tired/3892_M_owh.wav,tired,sha256:3628167edd91ec95782e7dccd3a5aecfb0142284fec66e001bfaaccd0f3c669f,4,tired,0.018231771886348724,0.023514123633503914,0.020656760782003403,0.026107333600521088,0.9114899635314941,original,/mnt/d/INFANT CRY/Models_dbl/Main/runs/20260821T164332Z_490383ff/fold_4/fold_4_main_dbl.keras,/mnt/d/INFANT CRY/Models_dbl/Main/runs/20260821T164332Z_490383ff/fold_4/norm_stats_main_dbl.npy,20260821T164332Z_490383ff
rec_80d0108bf83efc0ee1a0,/mnt/d/INFANT CRY/data_set_dbl_split/train/tired/3956_M_owh.wav,tired,sha256:0adc32c6160d0945dd65128a645310a0fcd8faf6bc73097c5c10fc3a382df09a,4,tired,0.017684372141957283,0.021649161353707314,0.019153879955410957,0.019514737650752068,0.9219977855682373,original,/mnt/d/INFANT CRY/Models_dbl/Main/runs/20260821T164332Z_490383ff/fold_4/fold_4_main_dbl.keras,/mnt/d/INFANT CRY/Models_dbl/Main/runs/20260821T164332Z_490383ff/fold_4/norm_stats_main_dbl.npy,20260821T164332Z_490383ff
rec_79e8f2f721ced39d2156,/mnt/d/INFANT CRY/data_set_dbl_split/train/tired/3988_M_owh.wav,tired,sha256:68392703581f2bb331e40a4833739a6acb685d21bc5ac14c946b0953c903daac,4,tired,0.023887574672698975,0.02116464450955391,0.020060330629348755,0.01984984613955021,0.9150375723838806,original,/mnt/d/INFANT CRY/Models_dbl/Main/runs/20260821T164332Z_490383ff/fold_4/fold_4_main_dbl.keras,/mnt/d/INFANT CRY/Models_dbl/Main/runs/20260821T164332Z_490383ff/fold_4/norm_stats_main_dbl.npy,20260821T164332Z_490383ff
rec_319780f53524cae3ddb4,/mnt/d/INFANT CRY/data_set_dbl_split/train/tired/3990_M_owh.wav,tired,sha256:4b96e23058cbcd1c5a1534f51040e18f59916d1391a46b9d8b8501d487fe80b5,4,tired,0.022960113361477852,0.01864800788462162,0.02493375539779663,0.02082868665456772,0.9126294851303101,original,/mnt/d/INFANT CRY/Models_dbl/Main/runs/20260821T164332Z_490383ff/fold_4/fold_4_main_dbl.keras,/mnt/d/INFANT CRY/Models_dbl/Main/runs/20260821T164332Z_490383ff/fold_4/norm_stats_main_dbl.npy,20260821T164332Z_490383ff
rec_d2499f5fa514f271b318,/mnt/d/INFANT CRY/data_set_dbl_split/train/tired/4011_M_owh.wav,tired,sha256:9a19544c44f2c9112be374afcb643b49e9584362acdb1bf7eca64412dea70ee5,4,hungry,0.05261692777276039,0.03674229979515076,0.2730535864830017,0.3269283175468445,0.31065884232521057,original,/mnt/d/INFANT CRY/Models_dbl/Main/runs/20260821T164332Z_490383ff/fold_4/fold_4_main_dbl.keras,/mnt/d/INFANT CRY/Models_dbl/Main/runs/20260821T164332Z_490383ff/fold_4/norm_stats_main_dbl.npy,20260821T164332Z_490383ff
rec_b4e1323c441bd956089e,/mnt/d/INFANT CRY/data_set_dbl_split/train/tired/4103_F_owh.wav,tired,sha256:2e07cfa7f8967b2feec2ec16319d0f3ca32b9c2dd93a399024f72724f6400d1f,4,tired,0.017942378297448158,0.01961924321949482,0.02050238847732544,0.019951440393924713,0.9219845533370972,original,/mnt/d/INFANT CRY/Models_dbl/Main/runs/20260821T164332Z_490383ff/fold_4/fold_4_main_dbl.keras,/mnt/d/INFANT CRY/Models_dbl/Main/runs/20260821T164332Z_490383ff/fold_4/norm_stats_main_dbl.npy,20260821T164332Z_490383ff
rec_6ac7606744966530c37c,/mnt/d/INFANT CRY/data_set_dbl_split/train/tired/4127_M_owh.wav,tired,sha256:6c4be7e123047a1983bfd56893de526292a373505ee270b43b3015e8849a1ffc,4,tired,0.03329275920987129,0.029289940372109413,0.05943235382437706,0.03344585373997688,0.8445391654968262,original,/mnt/d/INFANT CRY/Models_dbl/Main/runs/20260821T164332Z_490383ff/fold_4/fold_4_main_dbl.keras,/mnt/d/INFANT CRY/Models_dbl/Main/runs/20260821T164332Z_490383ff/fold_4/norm_stats_main_dbl.npy,20260821T164332Z_490383ff
rec_740de24545564d3e7766,/mnt/d/INFANT CRY/data_set_dbl_split/train/tired/4128_F_owh.wav,tired,sha256:cecd8320b317512adf35bd8efbd3ad03e8e9c5e2e33b3e33a61a49a7604b6794,4,belly_pain,0.9454060792922974,0.010855303145945072,0.016897080466151237,0.012837928719818592,0.014003697782754898,original,/mnt/d/INFANT CRY/Models_dbl/Main/runs/20260821T164332Z_490383ff/fold_4/fold_4_main_dbl.keras,/mnt/d/INFANT CRY/Models_dbl/Main/runs/20260821T164332Z_490383ff/fold_4/norm_stats_main_dbl.npy,20260821T164332Z_490383ff
rec_c2416b005b4b9fc65ff2,/mnt/d/INFANT CRY/data_set_dbl_split/train/tired/4160_M_owh.wav,tired,sha256:5f3302d66221a0a9a9370c5eea9d8e7b2fdcda3f916eadd0de24d8cf8c5ebe58,4,tired,0.02281683124601841,0.02994498983025551,0.02239360101521015,0.023331359028816223,0.9015131592750549,original,/mnt/d/INFANT CRY/Models_dbl/Main/runs/20260821T164332Z_490383ff/fold_4/fold_4_main_dbl.keras,/mnt/d/INFANT CRY/Models_dbl/Main/runs/20260821T164332Z_490383ff/fold_4/norm_stats_main_dbl.npy,20260821T164332Z_490383ff
rec_9a177e94e657deab253d,/mnt/d/INFANT CRY/data_set_dbl_split/train/tired/4194_M_owh.wav,tired,sha256:38802f44a188fda11fc4bd015c2569346e4f3f2b25fd2df13b2b2bd136913ac4,4,tired,0.021072126924991608,0.02142084203660488,0.03245111182332039,0.02939613163471222,0.8956598043441772,original,/mnt/d/INFANT CRY/Models_dbl/Main/runs/20260821T164332Z_490383ff/fold_4/fold_4_main_dbl.keras,/mnt/d/INFANT CRY/Models_dbl/Main/runs/20260821T164332Z_490383ff/fold_4/norm_stats_main_dbl.npy,20260821T164332Z_490383ff
rec_a42cda87dfad54e81af0,/mnt/d/INFANT CRY/data_set_dbl_split/train/tired/4209_M_owh.wav,tired,sha256:9f8c5408c21a1a04104ab488bc844078d15241cc6a62e815042c91db54538d4d,4,tired,0.022828781977295876,0.018834276124835014,0.024080844596028328,0.020403215661644936,0.913852870464325,original,/mnt/d/INFANT CRY/Models_dbl/Main/runs/20260821T164332Z_490383ff/fold_4/fold_4_main_dbl.keras,/mnt/d/INFANT CRY/Models_dbl/Main/runs/20260821T164332Z_490383ff/fold_4/norm_stats_main_dbl.npy,20260821T164332Z_490383ff
rec_fd54c500166186ce8c7c,/mnt/d/INFANT CRY/data_set_dbl_split/train/tired/4256_F_owh.wav,tired,sha256:4c62a5f308a8871d173b55373cd079c2961f643290d448c47fa0191e760e6dcf,4,tired,0.02934187836945057,0.13436830043792725,0.042611487209796906,0.045162152498960495,0.7485161423683167,original,/mnt/d/INFANT CRY/Models_dbl/Main/runs/20260821T164332Z_490383ff/fold_4/fold_4_main_dbl.keras,/mnt/d/INFANT CRY/Models_dbl/Main/runs/20260821T164332Z_490383ff/fold_4/norm_stats_main_dbl.npy,20260821T164332Z_490383ff
rec_9dbc2015e2c3c96c5f39,/mnt/d/INFANT CRY/data_set_dbl_split/train/tired/4365_M_owh.wav,tired,sha256:fa872f7d738aaf9b8c6cd2b37c2edb2f1c14d673cd2efa58571cbc5b1c10622f,4,tired,0.021715326234698296,0.02929481863975525,0.01977137289941311,0.0246086698025465,0.9046098589897156,original,/mnt/d/INFANT CRY/Models_dbl/Main/runs/20260821T164332Z_490383ff/fold_4/fold_4_main_dbl.keras,/mnt/d/INFANT CRY/Models_dbl/Main/runs/20260821T164332Z_490383ff/fold_4/norm_stats_main_dbl.npy,20260821T164332Z_490383ff
rec_4a0fcd7abf5c9475fdd9,/mnt/d/INFANT CRY/data_set_dbl_split/train/tired/4366_F_owh.wav,tired,sha256:1ccdd89e72b8e8b0bccb47d3c081d75ee36c1fc8864ef86620cbc8a15f58868f,4,tired,0.024191970005631447,0.020448176190257072,0.0289269108325243,0.01953449845314026,0.9068983793258667,original,/mnt/d/INFANT CRY/Models_dbl/Main/runs/20260821T164332Z_490383ff/fold_4/fold_4_main_dbl.keras,/mnt/d/INFANT CRY/Models_dbl/Main/runs/20260821T164332Z_490383ff/fold_4/norm_stats_main_dbl.npy,20260821T164332Z_490383ff
rec_444061c4b1b3637ebd0f,/mnt/d/INFANT CRY/data_set_dbl_split/train/tired/4373_M_owh.wav,tired,sha256:c38014717fb5d3cb641bcb00830e0fe80f60ba258860dc82ec5ac71fca0d2359,4,tired,0.02048017457127571,0.02044067531824112,0.025519758462905884,0.02171141467988491,0.9118479490280151,original,/mnt/d/INFANT CRY/Models_dbl/Main/runs/20260821T164332Z_490383ff/fold_4/fold_4_main_dbl.keras,/mnt/d/INFANT CRY/Models_dbl/Main/runs/20260821T164332Z_490383ff/fold_4/norm_stats_main_dbl.npy,20260821T164332Z_490383ff
rec_a04c546726669877e7f3,/mnt/d/INFANT CRY/data_set_dbl_split/train/tired/443_M_owh.wav,tired,sha256:2b646292bcbbaec746f8a30fbc6a8c34607de632da5c8fcdc2c46bba215a8131,4,tired,0.017218556255102158,0.016447478905320168,0.019860683009028435,0.018111804500222206,0.9283614158630371,original,/mnt/d/INFANT CRY/Models_dbl/Main/runs/20260821T164332Z_490383ff/fold_4/fold_4_main_dbl.keras,/mnt/d/INFANT CRY/Models_dbl/Main/runs/20260821T164332Z_490383ff/fold_4/norm_stats_main_dbl.npy,20260821T164332Z_490383ff
rec_bda4e1bc8fb3cf2fe45e,/mnt/d/INFANT CRY/data_set_dbl_split/train/tired/4466_M_owh.wav,tired,sha256:796356523e729c1cafdd72c86df7ad9335b55817b3b9d59d2fbc8e6884243fa7,4,tired,0.018179211765527725,0.020485086366534233,0.023050758987665176,0.025455916300415993,0.9128289818763733,original,/mnt/d/INFANT CRY/Models_dbl/Main/runs/20260821T164332Z_490383ff/fold_4/fold_4_main_dbl.keras,/mnt/d/INFANT CRY/Models_dbl/Main/runs/20260821T164332Z_490383ff/fold_4/norm_stats_main_dbl.npy,20260821T164332Z_490383ff
rec_8ac420f4cf255c7b57ed,/mnt/d/INFANT CRY/data_set_dbl_split/train/tired/4528_M_owh.wav,tired,sha256:63fc4fc15abd3f4526995bcba9deb6efc23951aa47e3ca3843600b6d3fa66e2a,4,tired,0.019895654171705246,0.023501189425587654,0.023914646357297897,0.02114269696176052,0.9115458130836487,original,/mnt/d/INFANT CRY/Models_dbl/Main/runs/20260821T164332Z_490383ff/fold_4/fold_4_main_dbl.keras,/mnt/d/INFANT CRY/Models_dbl/Main/runs/20260821T164332Z_490383ff/fold_4/norm_stats_main_dbl.npy,20260821T164332Z_490383ff
rec_fe0571440bbcdcb5c944,/mnt/d/INFANT CRY/data_set_dbl_split/train/tired/4537_M_owh.wav,tired,sha256:9a0a542959b4fac2a1b917c6c8aac9de50c3f96940a324052a7dc662043da336,4,tired,0.02608969807624817,0.02398885227739811,0.023667991161346436,0.025446586310863495,0.9008068442344666,original,/mnt/d/INFANT CRY/Models_dbl/Main/runs/20260821T164332Z_490383ff/fold_4/fold_4_main_dbl.keras,/mnt/d/INFANT CRY/Models_dbl/Main/runs/20260821T164332Z_490383ff/fold_4/norm_stats_main_dbl.npy,20260821T164332Z_490383ff
rec_34bfab5d0ccf9bb47126,/mnt/d/INFANT CRY/data_set_dbl_split/train/tired/4662_M_owh.wav,tired,sha256:9d0ed106d054a3bcb0c5cf37d3c34f40aac26f4ee13ce0f545d3cb897eb5aef8,4,tired,0.023104192689061165,0.053423624485731125,0.02258855290710926,0.030481180176138878,0.870402455329895,original,/mnt/d/INFANT CRY/Models_dbl/Main/runs/20260821T164332Z_490383ff/fold_4/fold_4_main_dbl.keras,/mnt/d/INFANT CRY/Models_dbl/Main/runs/20260821T164332Z_490383ff/fold_4/norm_stats_main_dbl.npy,20260821T164332Z_490383ff
rec_8a7ccc3333350595a5ec,/mnt/d/INFANT CRY/data_set_dbl_split/train/tired/4716_M_owh.wav,tired,sha256:8c22ab21381ed3b4a7e335b32857a4992ac22343a042edf95cdc56c958eceed9,4,tired,0.04752127453684807,0.022830674424767494,0.05242375284433365,0.02836518920958042,0.8488590717315674,original,/mnt/d/INFANT CRY/Models_dbl/Main/runs/20260821T164332Z_490383ff/fold_4/fold_4_main_dbl.keras,/mnt/d/INFANT CRY/Models_dbl/Main/runs/20260821T164332Z_490383ff/fold_4/norm_stats_main_dbl.npy,20260821T164332Z_490383ff
rec_863525a0f0bb434c2cff,/mnt/d/INFANT CRY/data_set_dbl_split/train/tired/4746_M_owh.wav,tired,sha256:68f9dd7a7a66165c176b09bac6a4bbf221c7c9be9b35dc23256938ee9f6344a3,4,tired,0.02027568593621254,0.02009734697639942,0.022790992632508278,0.01910785213112831,0.9177281260490417,original,/mnt/d/INFANT CRY/Models_dbl/Main/runs/20260821T164332Z_490383ff/fold_4/fold_4_main_dbl.keras,/mnt/d/INFANT CRY/Models_dbl/Main/runs/20260821T164332Z_490383ff/fold_4/norm_stats_main_dbl.npy,20260821T164332Z_490383ff
rec_9e605026a45828597e95,/mnt/d/INFANT CRY/data_set_dbl_split/train/tired/4881_F_owh.wav,tired,sha256:5de1a7f9cb4f03323f7234e53ee6268c2bdefaabc2b8fcb727d0fc48ce639594,4,tired,0.021367838606238365,0.0190880224108696,0.023445311933755875,0.018903769552707672,0.9171950221061707,original,/mnt/d/INFANT CRY/Models_dbl/Main/runs/20260821T164332Z_490383ff/fold_4/fold_4_main_dbl.keras,/mnt/d/INFANT CRY/Models_dbl/Main/runs/20260821T164332Z_490383ff/fold_4/norm_stats_main_dbl.npy,20260821T164332Z_490383ff
rec_5d2c558a7bd0ecc10584,/mnt/d/INFANT CRY/data_set_dbl_split/train/tired/549_F_owh.wav,tired,sha256:75e8e5b43aaaa7ef712da95eecefb01d0f60cc7f957a97678ccc1ac44b8cbe4d,4,tired,0.021853433921933174,0.023285655304789543,0.026542967185378075,0.02273416332900524,0.9055837392807007,original,/mnt/d/INFANT CRY/Models_dbl/Main/runs/20260821T164332Z_490383ff/fold_4/fold_4_main_dbl.keras,/mnt/d/INFANT CRY/Models_dbl/Main/runs/20260821T164332Z_490383ff/fold_4/norm_stats_main_dbl.npy,20260821T164332Z_490383ff
rec_578dbf3689ea01a8a6ab,/mnt/d/INFANT CRY/data_set_dbl_split/train/tired/54_M_owh.wav,tired,sha256:428861112eb922c73c46f326bed68f90f74f4df57e230d60d8a37385551ffb37,4,tired,0.023154063150286674,0.021936334669589996,0.02603723295032978,0.030277717858552933,0.8985946774482727,original,/mnt/d/INFANT CRY/Models_dbl/Main/runs/20260821T164332Z_490383ff/fold_4/fold_4_main_dbl.keras,/mnt/d/INFANT CRY/Models_dbl/Main/runs/20260821T164332Z_490383ff/fold_4/norm_stats_main_dbl.npy,20260821T164332Z_490383ff
rec_2b58e61cd1f7b6392733,/mnt/d/INFANT CRY/data_set_dbl_split/train/tired/565_M_owh.wav,tired,sha256:8369ebc4d904e2a276e11444cfb69ddf225b68831028ba638532f6f1a746af32,4,tired,0.0164988674223423,0.01679733581840992,0.01806066744029522,0.01764891855418682,0.9309942126274109,original,/mnt/d/INFANT CRY/Models_dbl/Main/runs/20260821T164332Z_490383ff/fold_4/fold_4_main_dbl.keras,/mnt/d/INFANT CRY/Models_dbl/Main/runs/20260821T164332Z_490383ff/fold_4/norm_stats_main_dbl.npy,20260821T164332Z_490383ff
rec_d14318783acea3c24bf9,/mnt/d/INFANT CRY/data_set_dbl_split/train/tired/602_F_owh.wav,tired,sha256:0c5fcb755f6c682dd52a94a7ef69fd6b8d1803cde994825a565d34fbcc51b268,4,tired,0.023623188957571983,0.024245286360383034,0.03359989449381828,0.03057137504220009,0.8879603147506714,original,/mnt/d/INFANT CRY/Models_dbl/Main/runs/20260821T164332Z_490383ff/fold_4/fold_4_main_dbl.keras,/mnt/d/INFANT CRY/Models_dbl/Main/runs/20260821T164332Z_490383ff/fold_4/norm_stats_main_dbl.npy,20260821T164332Z_490383ff
rec_e8e60bd502127d987557,/mnt/d/INFANT CRY/data_set_dbl_split/train/tired/603_F_owh.wav,tired,sha256:281ba594cd900deaabd7976040fe9701748192e469408e542b4b6982a80ffc91,4,tired,0.0187542662024498,0.01722623221576214,0.019948052242398262,0.016865145415067673,0.9272063374519348,original,/mnt/d/INFANT CRY/Models_dbl/Main/runs/20260821T164332Z_490383ff/fold_4/fold_4_main_dbl.keras,/mnt/d/INFANT CRY/Models_dbl/Main/runs/20260821T164332Z_490383ff/fold_4/norm_stats_main_dbl.npy,20260821T164332Z_490383ff
rec_70f517087780892f3d8a,/mnt/d/INFANT CRY/data_set_dbl_split/train/tired/613_M_owh.wav,tired,sha256:474128942c9ef3b8910b571b0079be74db3c431354c99cf9057b0aee03f33513,4,tired,0.024639714509248734,0.020263640210032463,0.023985812440514565,0.021159397438168526,0.909951388835907,original,/mnt/d/INFANT CRY/Models_dbl/Main/runs/20260821T164332Z_490383ff/fold_4/fold_4_main_dbl.keras,/mnt/d/INFANT CRY/Models_dbl/Main/runs/20260821T164332Z_490383ff/fold_4/norm_stats_main_dbl.npy,20260821T164332Z_490383ff
rec_6b7d31bcc5e365b740b7,/mnt/d/INFANT CRY/data_set_dbl_split/train/tired/632_M_owh.wav,tired,sha256:28858f7c07154a3dc6ecf4871d845f41b0a7a0ec1cf7db2dd4c4b52d3a0d3384,4,tired,0.06153402850031853,0.03917499631643295,0.03852153941988945,0.1588849574327469,0.7018845081329346,original,/mnt/d/INFANT CRY/Models_dbl/Main/runs/20260821T164332Z_490383ff/fold_4/fold_4_main_dbl.keras,/mnt/d/INFANT CRY/Models_dbl/Main/runs/20260821T164332Z_490383ff/fold_4/norm_stats_main_dbl.npy,20260821T164332Z_490383ff
rec_2380e6046e126654f42b,/mnt/d/INFANT CRY/data_set_dbl_split/train/tired/636_M_owh.wav,tired,sha256:6aa7ff40d1680865efd314ea92808ae6d4338f3349506e9e30bb3bb4ddc184c3,4,burping,0.04804377257823944,0.5750718712806702,0.0496712252497673,0.04229191690683365,0.284921258687973,original,/mnt/d/INFANT CRY/Models_dbl/Main/runs/20260821T164332Z_490383ff/fold_4/fold_4_main_dbl.keras,/mnt/d/INFANT CRY/Models_dbl/Main/runs/20260821T164332Z_490383ff/fold_4/norm_stats_main_dbl.npy,20260821T164332Z_490383ff
rec_32db82bef88389dbdfa1,/mnt/d/INFANT CRY/data_set_dbl_split/train/tired/794_F_owh.wav,tired,sha256:31e062c97895c7e10c589a2dc21a2827c6d551a6fdef4bb66fb15ca22a8525da,4,tired,0.018820609897375107,0.018856912851333618,0.021868910640478134,0.018103761598467827,0.922349750995636,original,/mnt/d/INFANT CRY/Models_dbl/Main/runs/20260821T164332Z_490383ff/fold_4/fold_4_main_dbl.keras,/mnt/d/INFANT CRY/Models_dbl/Main/runs/20260821T164332Z_490383ff/fold_4/norm_stats_main_dbl.npy,20260821T164332Z_490383ff
rec_dcc2dcbcfbc1763b053b,/mnt/d/INFANT CRY/data_set_dbl_split/train/tired/871_M_owh.wav,tired,sha256:5f5255ca6a997497ad5677dbd2106654d2bd60fec635cfc4c81b538b1c1f38ee,4,tired,0.01946251653134823,0.023600412532687187,0.02248469740152359,0.020712755620479584,0.9137395620346069,original,/mnt/d/INFANT CRY/Models_dbl/Main/runs/20260821T164332Z_490383ff/fold_4/fold_4_main_dbl.keras,/mnt/d/INFANT CRY/Models_dbl/Main/runs/20260821T164332Z_490383ff/fold_4/norm_stats_main_dbl.npy,20260821T164332Z_490383ff
rec_82edc1a471951b278042,/mnt/d/INFANT CRY/data_set_dbl_split/train/tired/880_M_owh.wav,tired,sha256:e55f114c90e7dd4e27937a2502a057794ca24facec635b8ec852fecf2de3e266,4,tired,0.02485998533666134,0.025121400132775307,0.041076283901929855,0.029165877029299736,0.8797764778137207,original,/mnt/d/INFANT CRY/Models_dbl/Main/runs/20260821T164332Z_490383ff/fold_4/fold_4_main_dbl.keras,/mnt/d/INFANT CRY/Models_dbl/Main/runs/20260821T164332Z_490383ff/fold_4/norm_stats_main_dbl.npy,20260821T164332Z_490383ff
rec_0abc2432035ac1ac8128,/mnt/d/INFANT CRY/data_set_dbl_split/train/tired/896_M_owh.wav,tired,sha256:4b3565c38aed7f388d6691fab95d618f426792f6adfea718039b86f28ef8a6b7,4,tired,0.020314747467637062,0.019704192876815796,0.02000201866030693,0.01729787141084671,0.9226810932159424,original,/mnt/d/INFANT CRY/Models_dbl/Main/runs/20260821T164332Z_490383ff/fold_4/fold_4_main_dbl.keras,/mnt/d/INFANT CRY/Models_dbl/Main/runs/20260821T164332Z_490383ff/fold_4/norm_stats_main_dbl.npy,20260821T164332Z_490383ff
rec_a9729ce62273efa330d9,/mnt/d/INFANT CRY/data_set_dbl_split/train/tired/962_F_owh.wav,tired,sha256:7e5a8eb42a8e092ff520d4b36b875b504444463549ceec6eb1961896c1904951,4,tired,0.027117714285850525,0.03833155706524849,0.02420882135629654,0.024396372959017754,0.8859454989433289,original,/mnt/d/INFANT CRY/Models_dbl/Main/runs/20260821T164332Z_490383ff/fold_4/fold_4_main_dbl.keras,/mnt/d/INFANT CRY/Models_dbl/Main/runs/20260821T164332Z_490383ff/fold_4/norm_stats_main_dbl.npy,20260821T164332Z_490383ff
rec_3d5ed19aca9da009e092,/mnt/d/INFANT CRY/data_set_dbl_split/train/tired/988_M_owh.wav,tired,sha256:c465a437d180cf90d69a9a1cc2c11910e6420892fd9144f4562bf328a78d8324,4,tired,0.01731245219707489,0.017987743020057678,0.016789255663752556,0.01881578378379345,0.9290947914123535,original,/mnt/d/INFANT CRY/Models_dbl/Main/runs/20260821T164332Z_490383ff/fold_4/fold_4_main_dbl.keras,/mnt/d/INFANT CRY/Models_dbl/Main/runs/20260821T164332Z_490383ff/fold_4/norm_stats_main_dbl.npy,20260821T164332Z_490383ff
rec_c2c895f2d92214d95ec9,/mnt/d/INFANT CRY/data_set_dbl_split/train/tired/dunstan-owh_13.wav,tired,sha256:adbdcb94a280d02e62e4430fe7f1aba13d8075ef45959eeaf6f0397dd052e61b,4,belly_pain,0.9373345375061035,0.013205280527472496,0.015598369762301445,0.015678629279136658,0.018183136358857155,original,/mnt/d/INFANT CRY/Models_dbl/Main/runs/20260821T164332Z_490383ff/fold_4/fold_4_main_dbl.keras,/mnt/d/INFANT CRY/Models_dbl/Main/runs/20260821T164332Z_490383ff/fold_4/norm_stats_main_dbl.npy,20260821T164332Z_490383ff
rec_4a9719556db09a472543,/mnt/d/INFANT CRY/data_set_dbl_split/train/tired/dunstan-owh_28.wav,tired,sha256:01875d6c3239aed26b4e82f3694b767f6ad04233b52befb0c7ce2453f571aff8,4,tired,0.019929686561226845,0.02484893798828125,0.02588813565671444,0.02978544868528843,0.899547815322876,original,/mnt/d/INFANT CRY/Models_dbl/Main/runs/20260821T164332Z_490383ff/fold_4/fold_4_main_dbl.keras,/mnt/d/INFANT CRY/Models_dbl/Main/runs/20260821T164332Z_490383ff/fold_4/norm_stats_main_dbl.npy,20260821T164332Z_490383ff
rec_c12ebdbbe76df05abc7e,/mnt/d/INFANT CRY/data_set_dbl_split/train/tired/dunstan-owh_66.wav,tired,sha256:6f0392e2f859b0aaaa335af4fe4b9d37be5296c9c0cd2d1aa2ff9dc4c9c5a9d8,4,tired,0.03845631703734398,0.0552496537566185,0.02533208206295967,0.032322898507118225,0.8486390709877014,original,/mnt/d/INFANT CRY/Models_dbl/Main/runs/20260821T164332Z_490383ff/fold_4/fold_4_main_dbl.keras,/mnt/d/INFANT CRY/Models_dbl/Main/runs/20260821T164332Z_490383ff/fold_4/norm_stats_main_dbl.npy,20260821T164332Z_490383ff
rec_e176af9e7c2419458609,/mnt/d/INFANT CRY/data_set_dbl_split/train/tired/dunstan-owh_69.wav,tired,sha256:fc0f059127148a8138f5db85d0e0a58e2f0abb61f0a96784fda948744ca05e70,4,tired,0.0376591831445694,0.024074286222457886,0.025266703218221664,0.028977952897548676,0.8840218782424927,original,/mnt/d/INFANT CRY/Models_dbl/Main/runs/20260821T164332Z_490383ff/fold_4/fold_4_main_dbl.keras,/mnt/d/INFANT CRY/Models_dbl/Main/runs/20260821T164332Z_490383ff/fold_4/norm_stats_main_dbl.npy,20260821T164332Z_490383ff
rec_f3b17560413168dbbc98,/mnt/d/INFANT CRY/data_set_dbl_split/train/belly_pain/1197_M_eairh.wav,belly_pain,sha256:5e3a778b7dae6391fbf2980d9e04a4389511f64e4dc06a6f58bb3b54403bf1bf,5,belly_pain,0.9445202350616455,0.013020711950957775,0.01457657478749752,0.013521557673811913,0.014360998757183552,original,/mnt/d/INFANT CRY/Models_dbl/Main/runs/20260821T164332Z_490383ff/fold_5/fold_5_main_dbl.keras,/mnt/d/INFANT CRY/Models_dbl/Main/runs/20260821T164332Z_490383ff/fold_5/norm_stats_main_dbl.npy,20260821T164332Z_490383ff
rec_88e4a7633c64c24b0e2a,/mnt/d/INFANT CRY/data_set_dbl_split/train/belly_pain/1353_M_eairh.wav,belly_pain,sha256:30eedff31f2917f34dc4054f1e1fede294438f92fcc11eff83382d0630bed578,5,belly_pain,0.9392494559288025,0.012632487341761589,0.016672283411026,0.014422268606722355,0.017023446038365364,original,/mnt/d/INFANT CRY/Models_dbl/Main/runs/20260821T164332Z_490383ff/fold_5/fold_5_main_dbl.keras,/mnt/d/INFANT CRY/Models_dbl/Main/runs/20260821T164332Z_490383ff/fold_5/norm_stats_main_dbl.npy,20260821T164332Z_490383ff
rec_a0848fd98077b24f5820,/mnt/d/INFANT CRY/data_set_dbl_split/train/belly_pain/1462_F_eairh.wav,belly_pain,sha256:bc7f1705b53f89d2f844c2b2e146e20500f74b0e2f5797429d88e6752b744c94,5,belly_pain,0.9409430623054504,0.01381929125636816,0.017291471362113953,0.013552531599998474,0.014393702149391174,original,/mnt/d/INFANT CRY/Models_dbl/Main/runs/20260821T164332Z_490383ff/fold_5/fold_5_main_dbl.keras,/mnt/d/INFANT CRY/Models_dbl/Main/runs/20260821T164332Z_490383ff/fold_5/norm_stats_main_dbl.npy,20260821T164332Z_490383ff
rec_dc2883d8ee245da07d43,/mnt/d/INFANT CRY/data_set_dbl_split/train/belly_pain/2243_M_eairh.wav,belly_pain,sha256:48a1acab4344409f504f469f020678d7776f3065a0515c5f8140902692bf45e5,5,belly_pain,0.9413177967071533,0.0130417225882411,0.015745097771286964,0.012021441012620926,0.017873968929052353,original,/mnt/d/INFANT CRY/Models_dbl/Main/runs/20260821T164332Z_490383ff/fold_5/fold_5_main_dbl.keras,/mnt/d/INFANT CRY/Models_dbl/Main/runs/20260821T164332Z_490383ff/fold_5/norm_stats_main_dbl.npy,20260821T164332Z_490383ff
rec_fac87a465c8472b089f6,/mnt/d/INFANT CRY/data_set_dbl_split/train/belly_pain/2250_F_eairh.wav,belly_pain,sha256:6d6c795a4b310d3d3438e948c6795c7460baa61191db37787333a9c602904bec,5,belly_pain,0.9188377261161804,0.015407826751470566,0.026139378547668457,0.014195194467902184,0.025419870391488075,original,/mnt/d/INFANT CRY/Models_dbl/Main/runs/20260821T164332Z_490383ff/fold_5/fold_5_main_dbl.keras,/mnt/d/INFANT CRY/Models_dbl/Main/runs/20260821T164332Z_490383ff/fold_5/norm_stats_main_dbl.npy,20260821T164332Z_490383ff
rec_bc25d1ebb8434b66682a,/mnt/d/INFANT CRY/data_set_dbl_split/train/belly_pain/2293_F_eairh.wav,belly_pain,sha256:ff50650762c3b1d1842ff03588c477ad4443b96d05b8c4e92e688545e5b4b2a6,5,belly_pain,0.941816508769989,0.013140281662344933,0.0146157406270504,0.015851488336920738,0.014575972221791744,original,/mnt/d/INFANT CRY/Models_dbl/Main/runs/20260821T164332Z_490383ff/fold_5/fold_5_main_dbl.keras,/mnt/d/INFANT CRY/Models_dbl/Main/runs/20260821T164332Z_490383ff/fold_5/norm_stats_main_dbl.npy,20260821T164332Z_490383ff
rec_74b947283511c8751b65,/mnt/d/INFANT CRY/data_set_dbl_split/train/belly_pain/2593_M_eairh.wav,belly_pain,sha256:75f1981944e666889743efa10e8461490c9a40a1b0c600459bfedfdab44ecc12,5,belly_pain,0.9362796545028687,0.014633654616773129,0.01575806550681591,0.01834455505013466,0.014984024688601494,original,/mnt/d/INFANT CRY/Models_dbl/Main/runs/20260821T164332Z_490383ff/fold_5/fold_5_main_dbl.keras,/mnt/d/INFANT CRY/Models_dbl/Main/runs/20260821T164332Z_490383ff/fold_5/norm_stats_main_dbl.npy,20260821T164332Z_490383ff
rec_cdcf04a52b20c44770ea,/mnt/d/INFANT CRY/data_set_dbl_split/train/belly_pain/2685_F_eairh.wav,belly_pain,sha256:756ecdaf21d16527f4a6012041e38139a2e5bcb18683be48f09ae2c0530563f1,5,belly_pain,0.9307260513305664,0.014397753402590752,0.019013473764061928,0.013717131689190865,0.022145560011267662,original,/mnt/d/INFANT CRY/Models_dbl/Main/runs/20260821T164332Z_490383ff/fold_5/fold_5_main_dbl.keras,/mnt/d/INFANT CRY/Models_dbl/Main/runs/20260821T164332Z_490383ff/fold_5/norm_stats_main_dbl.npy,20260821T164332Z_490383ff
rec_fdf6fac981d89bd04593,/mnt/d/INFANT CRY/data_set_dbl_split/train/belly_pain/3344_M_eairh.wav,belly_pain,sha256:360328c4f90bd65406dae9c7ae0a71c505ee02e6c3a8d414ef7d8f7deaeebe9b,5,belly_pain,0.9446771144866943,0.014239054173231125,0.014582812786102295,0.01396565604954958,0.012535310350358486,original,/mnt/d/INFANT CRY/Models_dbl/Main/runs/20260821T164332Z_490383ff/fold_5/fold_5_main_dbl.keras,/mnt/d/INFANT CRY/Models_dbl/Main/runs/20260821T164332Z_490383ff/fold_5/norm_stats_main_dbl.npy,20260821T164332Z_490383ff
rec_2730b77759b8808a6d27,/mnt/d/INFANT CRY/data_set_dbl_split/train/belly_pain/3786_M_eairh.wav,belly_pain,sha256:5ad24efaebed6b3f809e343af4784b8bad8ba5db04c3291efa282967ee103993,5,belly_pain,0.9435604214668274,0.01234476175159216,0.015317476354539394,0.012940049171447754,0.01583719067275524,original,/mnt/d/INFANT CRY/Models_dbl/Main/runs/20260821T164332Z_490383ff/fold_5/fold_5_main_dbl.keras,/mnt/d/INFANT CRY/Models_dbl/Main/runs/20260821T164332Z_490383ff/fold_5/norm_stats_main_dbl.npy,20260821T164332Z_490383ff
rec_fae98644f14f54a8f0a4,/mnt/d/INFANT CRY/data_set_dbl_split/train/belly_pain/3889_M_eairh.wav,belly_pain,sha256:56262ce33994c24595d6de80a4084a2ac07fc271fab6fffcb3e6cfc02077a954,5,belly_pain,0.9444006085395813,0.011666478589177132,0.014767119660973549,0.012498264200985432,0.016667569056153297,original,/mnt/d/INFANT CRY/Models_dbl/Main/runs/20260821T164332Z_490383ff/fold_5/fold_5_main_dbl.keras,/mnt/d/INFANT CRY/Models_dbl/Main/runs/20260821T164332Z_490383ff/fold_5/norm_stats_main_dbl.npy,20260821T164332Z_490383ff
rec_bf373fe9b30b0dd92527,/mnt/d/INFANT CRY/data_set_dbl_split/train/belly_pain/407_M_eairh.wav,belly_pain,sha256:9a73b14851bf3ffd130b212d87f3e12e6e17cae49add029da8053c6f27faeab9,5,belly_pain,0.9420012831687927,0.013140163384377956,0.015729213133454323,0.012693830765783787,0.016435544937849045,original,/mnt/d/INFANT CRY/Models_dbl/Main/runs/20260821T164332Z_490383ff/fold_5/fold_5_main_dbl.keras,/mnt/d/INFANT CRY/Models_dbl/Main/runs/20260821T164332Z_490383ff/fold_5/norm_stats_main_dbl.npy,20260821T164332Z_490383ff
rec_519de6d134c08a715f7a,/mnt/d/INFANT CRY/data_set_dbl_split/train/belly_pain/4437_M_eairh.wav,belly_pain,sha256:81c71a6b81144ccd5a3e01a5e9299496aaa58cf812e9967f94d386e43536ec20,5,discomfort,0.021727876737713814,0.013700002804398537,0.9335166811943054,0.017017997801303864,0.014037447050213814,original,/mnt/d/INFANT CRY/Models_dbl/Main/runs/20260821T164332Z_490383ff/fold_5/fold_5_main_dbl.keras,/mnt/d/INFANT CRY/Models_dbl/Main/runs/20260821T164332Z_490383ff/fold_5/norm_stats_main_dbl.npy,20260821T164332Z_490383ff
rec_81fef69644989c4602c2,/mnt/d/INFANT CRY/data_set_dbl_split/train/belly_pain/4745_M_eairh.wav,belly_pain,sha256:7861889db8e50bab4200a04da467bd0db6150146587d396922ce2bb78b0bb706,5,tired,0.07788034528493881,0.029726702719926834,0.03253570571541786,0.030929213389754295,0.8289279937744141,original,/mnt/d/INFANT CRY/Models_dbl/Main/runs/20260821T164332Z_490383ff/fold_5/fold_5_main_dbl.keras,/mnt/d/INFANT CRY/Models_dbl/Main/runs/20260821T164332Z_490383ff/fold_5/norm_stats_main_dbl.npy,20260821T164332Z_490383ff
rec_9ef4cab50c9a56e3bd9a,/mnt/d/INFANT CRY/data_set_dbl_split/train/belly_pain/4758_M_eairh.wav,belly_pain,sha256:6abb97ac4d37d03d1277901393045a5f5274608adbefee365cb7a327490e276c,5,belly_pain,0.9335734248161316,0.014187871478497982,0.01791624166071415,0.016817884519696236,0.017504600808024406,original,/mnt/d/INFANT CRY/Models_dbl/Main/runs/20260821T164332Z_490383ff/fold_5/fold_5_main_dbl.keras,/mnt/d/INFANT CRY/Models_dbl/Main/runs/20260821T164332Z_490383ff/fold_5/norm_stats_main_dbl.npy,20260821T164332Z_490383ff
rec_3be61b78079d39f26682,/mnt/d/INFANT CRY/data_set_dbl_split/train/belly_pain/4847_M_eairh.wav,belly_pain,sha256:868c2fb96217b0fcf2b26aad46903424a659f3f3fb13b31f51b575c00f83d63b,5,belly_pain,0.8555235862731934,0.02886332757771015,0.01928018219769001,0.07017374783754349,0.026159116998314857,original,/mnt/d/INFANT CRY/Models_dbl/Main/runs/20260821T164332Z_490383ff/fold_5/fold_5_main_dbl.keras,/mnt/d/INFANT CRY/Models_dbl/Main/runs/20260821T164332Z_490383ff/fold_5/norm_stats_main_dbl.npy,20260821T164332Z_490383ff
rec_f08400013ae835c03434,/mnt/d/INFANT CRY/data_set_dbl_split/train/belly_pain/dunstan-eairh_12.wav,belly_pain,sha256:e33c040d318e88074a5e32071647b074a58253e31f6e75f9d83fdf7dd9b12910,5,belly_pain,0.9272852540016174,0.01678348146378994,0.016007862985134125,0.024205777794122696,0.015717709437012672,original,/mnt/d/INFANT CRY/Models_dbl/Main/runs/20260821T164332Z_490383ff/fold_5/fold_5_main_dbl.keras,/mnt/d/INFANT CRY/Models_dbl/Main/runs/20260821T164332Z_490383ff/fold_5/norm_stats_main_dbl.npy,20260821T164332Z_490383ff
rec_0bf28df218daf1ccd7d4,/mnt/d/INFANT CRY/data_set_dbl_split/train/belly_pain/dunstan-eairh_31.wav,belly_pain,sha256:1df157c70c1c5a153efa06c6639e6dbd8f5cb0caaf6f6f807d8a02c5e9940f6a,5,belly_pain,0.9388318657875061,0.013456612825393677,0.01556701585650444,0.016042940318584442,0.016101539134979248,original,/mnt/d/INFANT CRY/Models_dbl/Main/runs/20260821T164332Z_490383ff/fold_5/fold_5_main_dbl.keras,/mnt/d/INFANT CRY/Models_dbl/Main/runs/20260821T164332Z_490383ff/fold_5/norm_stats_main_dbl.npy,20260821T164332Z_490383ff
rec_45acf6d12a71c4b85dfc,/mnt/d/INFANT CRY/data_set_dbl_split/train/belly_pain/dunstan-eairh_33.wav,belly_pain,sha256:c68c4a2f7d9cc0be0e06472701e4f759c919430fa77d4357b8fda882df7b5d0b,5,tired,0.15469799935817719,0.04013289883732796,0.0383928082883358,0.03948131576180458,0.7272949814796448,original,/mnt/d/INFANT CRY/Models_dbl/Main/runs/20260821T164332Z_490383ff/fold_5/fold_5_main_dbl.keras,/mnt/d/INFANT CRY/Models_dbl/Main/runs/20260821T164332Z_490383ff/fold_5/norm_stats_main_dbl.npy,20260821T164332Z_490383ff
rec_71271d173296dd73b1cc,/mnt/d/INFANT CRY/data_set_dbl_split/train/belly_pain/dunstan-eairh_49.wav,belly_pain,sha256:add9437b8e8a18a0f41cc8d6e8fba8f92ae5a7d8741f30145579fec59cfb5b88,5,belly_pain,0.9414783716201782,0.013794667087495327,0.01701771654188633,0.012910757213830948,0.01479844469577074,original,/mnt/d/INFANT CRY/Models_dbl/Main/runs/20260821T164332Z_490383ff/fold_5/fold_5_main_dbl.keras,/mnt/d/INFANT CRY/Models_dbl/Main/runs/20260821T164332Z_490383ff/fold_5/norm_stats_main_dbl.npy,20260821T164332Z_490383ff
rec_e28be47a3f49c072a427,/mnt/d/INFANT CRY/data_set_dbl_split/train/belly_pain/dunstan-eairh_8.wav,belly_pain,sha256:2b9df3bb386b69483cb67b17a1436b145ee32022d9a24d90b1d029fa94581f9e,5,tired,0.13052549958229065,0.03474538028240204,0.03380270302295685,0.11193850636482239,0.6889879107475281,original,/mnt/d/INFANT CRY/Models_dbl/Main/runs/20260821T164332Z_490383ff/fold_5/fold_5_main_dbl.keras,/mnt/d/INFANT CRY/Models_dbl/Main/runs/20260821T164332Z_490383ff/fold_5/norm_stats_main_dbl.npy,20260821T164332Z_490383ff
rec_6ac41708a7f3de4ed900,/mnt/d/INFANT CRY/data_set_dbl_split/train/belly_pain/dunstan-eairh_9.wav,belly_pain,sha256:855aeaa725584948ccfb37c1edd1595ba9908c600d69f350fe9f9839652a1110,5,tired,0.03019503876566887,0.036516327410936356,0.022521352395415306,0.020524799823760986,0.8902424573898315,original,/mnt/d/INFANT CRY/Models_dbl/Main/runs/20260821T164332Z_490383ff/fold_5/fold_5_main_dbl.keras,/mnt/d/INFANT CRY/Models_dbl/Main/runs/20260821T164332Z_490383ff/fold_5/norm_stats_main_dbl.npy,20260821T164332Z_490383ff
rec_10d0435f16610463b458,/mnt/d/INFANT CRY/data_set_dbl_split/train/burping/1280_F_eh.wav,burping,sha256:2530ebce8a151c82104651aaecb10a50b91787f335621f1f6e9bf1a94bf8dd37,5,burping,0.017302576452493668,0.9380626082420349,0.017003249377012253,0.01523490808904171,0.01239665225148201,original,/mnt/d/INFANT CRY/Models_dbl/Main/runs/20260821T164332Z_490383ff/fold_5/fold_5_main_dbl.keras,/mnt/d/INFANT CRY/Models_dbl/Main/runs/20260821T164332Z_490383ff/fold_5/norm_stats_main_dbl.npy,20260821T164332Z_490383ff
rec_3dff757b4adba1651a52,/mnt/d/INFANT CRY/data_set_dbl_split/train/burping/1280_M_eh.wav,burping,sha256:79fb7fce520d39a2373d6d6baf8120e9927631024cd8a25b40c4639f8ca1f7dc,5,burping,0.021461930125951767,0.9209677577018738,0.019518699496984482,0.017963865771889687,0.020087754353880882,original,/mnt/d/INFANT CRY/Models_dbl/Main/runs/20260821T164332Z_490383ff/fold_5/fold_5_main_dbl.keras,/mnt/d/INFANT CRY/Models_dbl/Main/runs/20260821T164332Z_490383ff/fold_5/norm_stats_main_dbl.npy,20260821T164332Z_490383ff
rec_06e84e6f511e879851ca,/mnt/d/INFANT CRY/data_set_dbl_split/train/burping/1677_M_eh.wav,burping,sha256:52889b18b9294f242a22c16708ba2a07809cecfcb882fa7c8e094945f3d79034,5,burping,0.015867095440626144,0.9336141347885132,0.021906115114688873,0.014705457724630833,0.013907274231314659,original,/mnt/d/INFANT CRY/Models_dbl/Main/runs/20260821T164332Z_490383ff/fold_5/fold_5_main_dbl.keras,/mnt/d/INFANT CRY/Models_dbl/Main/runs/20260821T164332Z_490383ff/fold_5/norm_stats_main_dbl.npy,20260821T164332Z_490383ff
rec_c65736eefe0e47e5bb86,/mnt/d/INFANT CRY/data_set_dbl_split/train/burping/1807_M_eh.wav,burping,sha256:43eb4085c750d52aa9df7e983ce33739be37568e44b8570056012298527aee09,5,burping,0.01615656167268753,0.9413867592811584,0.014602267183363438,0.01583828218281269,0.01201610267162323,original,/mnt/d/INFANT CRY/Models_dbl/Main/runs/20260821T164332Z_490383ff/fold_5/fold_5_main_dbl.keras,/mnt/d/INFANT CRY/Models_dbl/Main/runs/20260821T164332Z_490383ff/fold_5/norm_stats_main_dbl.npy,20260821T164332Z_490383ff
rec_812a143c52108fd80d82,/mnt/d/INFANT CRY/data_set_dbl_split/train/burping/2106_M_eh.wav,burping,sha256:2ef35bf65994318893b44a495172a0a212409634e29ab3e94869216528e436b7,5,burping,0.01836289092898369,0.9330060482025146,0.016555046662688255,0.016625383868813515,0.015450586564838886,original,/mnt/d/INFANT CRY/Models_dbl/Main/runs/20260821T164332Z_490383ff/fold_5/fold_5_main_dbl.keras,/mnt/d/INFANT CRY/Models_dbl/Main/runs/20260821T164332Z_490383ff/fold_5/norm_stats_main_dbl.npy,20260821T164332Z_490383ff
rec_647be7ff75e4bcb282e3,/mnt/d/INFANT CRY/data_set_dbl_split/train/burping/2159_M_eh.wav,burping,sha256:d4b717a29b5bb3924db37178a88755addd539ce0fa2e4f68a02bbd10263e8846,5,burping,0.01538840215653181,0.9342296719551086,0.020202239975333214,0.01704246737062931,0.01313712913542986,original,/mnt/d/INFANT CRY/Models_dbl/Main/runs/20260821T164332Z_490383ff/fold_5/fold_5_main_dbl.keras,/mnt/d/INFANT CRY/Models_dbl/Main/runs/20260821T164332Z_490383ff/fold_5/norm_stats_main_dbl.npy,20260821T164332Z_490383ff
rec_a24e5a4c484b184c3af7,/mnt/d/INFANT CRY/data_set_dbl_split/train/burping/2164_M_eh.wav,burping,sha256:91643e5f8b8ab898163a24915f2c646f5b2e367530d953229b28f76b0a392302,5,burping,0.016236649826169014,0.9388565421104431,0.01478416845202446,0.016666699200868607,0.013455997221171856,original,/mnt/d/INFANT CRY/Models_dbl/Main/runs/20260821T164332Z_490383ff/fold_5/fold_5_main_dbl.keras,/mnt/d/INFANT CRY/Models_dbl/Main/runs/20260821T164332Z_490383ff/fold_5/norm_stats_main_dbl.npy,20260821T164332Z_490383ff
rec_27340d45ad612cfb12c4,/mnt/d/INFANT CRY/data_set_dbl_split/train/burping/2170_M_eh.wav,burping,sha256:10baadbfcc0d7ccbfae986fd03d8af4c68461b4df61c1865b1254a56ea6199e2,5,burping,0.023071087896823883,0.93021559715271,0.013811541721224785,0.019581777974963188,0.013319989666342735,original,/mnt/d/INFANT CRY/Models_dbl/Main/runs/20260821T164332Z_490383ff/fold_5/fold_5_main_dbl.keras,/mnt/d/INFANT CRY/Models_dbl/Main/runs/20260821T164332Z_490383ff/fold_5/norm_stats_main_dbl.npy,20260821T164332Z_490383ff
rec_09745ee499f542515c18,/mnt/d/INFANT CRY/data_set_dbl_split/train/burping/223_M_eh.wav,burping,sha256:d4b18d84279dcaec99f8d818e4ad3c3e7e4ebdc51f02f3a0a923801f36c162bd,5,burping,0.01945796050131321,0.9280855655670166,0.015839582309126854,0.022767743095755577,0.013849141076207161,original,/mnt/d/INFANT CRY/Models_dbl/Main/runs/20260821T164332Z_490383ff/fold_5/fold_5_main_dbl.keras,/mnt/d/INFANT CRY/Models_dbl/Main/runs/20260821T164332Z_490383ff/fold_5/norm_stats_main_dbl.npy,20260821T164332Z_490383ff
rec_1050c2655280d54aa3a4,/mnt/d/INFANT CRY/data_set_dbl_split/train/burping/225_F_eh.wav,burping,sha256:15a22cf6fd6a4735a8e4e42bec2d8ef66d872b919545e8daa654a5e2a0c754cc,5,burping,0.018908333033323288,0.9268661141395569,0.019558867439627647,0.01983041688799858,0.014836256392300129,original,/mnt/d/INFANT CRY/Models_dbl/Main/runs/20260821T164332Z_490383ff/fold_5/fold_5_main_dbl.keras,/mnt/d/INFANT CRY/Models_dbl/Main/runs/20260821T164332Z_490383ff/fold_5/norm_stats_main_dbl.npy,20260821T164332Z_490383ff
rec_b5c186f6a11ea24233fb,/mnt/d/INFANT CRY/data_set_dbl_split/train/burping/2272_M_eh.wav,burping,sha256:b9256cd341023100cf5b20c0f1d601af893470f4597c7d7d7a102281a5ef4360,5,burping,0.023011036217212677,0.9269113540649414,0.018420938402414322,0.017568018287420273,0.014088734053075314,original,/mnt/d/INFANT CRY/Models_dbl/Main/runs/20260821T164332Z_490383ff/fold_5/fold_5_main_dbl.keras,/mnt/d/INFANT CRY/Models_dbl/Main/runs/20260821T164332Z_490383ff/fold_5/norm_stats_main_dbl.npy,20260821T164332Z_490383ff
rec_4a0912eaadfeb8697716,/mnt/d/INFANT CRY/data_set_dbl_split/train/burping/2284_M_eh.wav,burping,sha256:010de557783b5d66821845d3ab2eac2ca8721b5873a99db0babf82cca5640bf2,5,burping,0.017863892018795013,0.9285873174667358,0.01996353641152382,0.017373286187648773,0.01621187850832939,original,/mnt/d/INFANT CRY/Models_dbl/Main/runs/20260821T164332Z_490383ff/fold_5/fold_5_main_dbl.keras,/mnt/d/INFANT CRY/Models_dbl/Main/runs/20260821T164332Z_490383ff/fold_5/norm_stats_main_dbl.npy,20260821T164332Z_490383ff
rec_e64ed0451cdefb147b9a,/mnt/d/INFANT CRY/data_set_dbl_split/train/burping/2458_M_eh.wav,burping,sha256:39600a25c1d8a61f3438bfa8800353717c0390b79ae3fd20449eea0db2311e26,5,burping,0.018687445670366287,0.9256603121757507,0.017236970365047455,0.019301047548651695,0.019114289432764053,original,/mnt/d/INFANT CRY/Models_dbl/Main/runs/20260821T164332Z_490383ff/fold_5/fold_5_main_dbl.keras,/mnt/d/INFANT CRY/Models_dbl/Main/runs/20260821T164332Z_490383ff/fold_5/norm_stats_main_dbl.npy,20260821T164332Z_490383ff
rec_d9fc0f1da80ad4b55ac5,/mnt/d/INFANT CRY/data_set_dbl_split/train/burping/2631_M_eh.wav,burping,sha256:16504f40519eea143add135512287a21227d83b4304d9461cd35094c1b0b653d,5,burping,0.016214003786444664,0.9363934993743896,0.016500819474458694,0.01912544295191765,0.011766199953854084,original,/mnt/d/INFANT CRY/Models_dbl/Main/runs/20260821T164332Z_490383ff/fold_5/fold_5_main_dbl.keras,/mnt/d/INFANT CRY/Models_dbl/Main/runs/20260821T164332Z_490383ff/fold_5/norm_stats_main_dbl.npy,20260821T164332Z_490383ff
rec_adbe9b64dc28a2d959a6,/mnt/d/INFANT CRY/data_set_dbl_split/train/burping/2793_M_eh.wav,burping,sha256:a12dcd5280926d7ed53822cae8475a88e34d42bf0bd3a069ace250575d1746da,5,burping,0.030122652649879456,0.855509340763092,0.03577011078596115,0.028509950265288353,0.05008796975016594,original,/mnt/d/INFANT CRY/Models_dbl/Main/runs/20260821T164332Z_490383ff/fold_5/fold_5_main_dbl.keras,/mnt/d/INFANT CRY/Models_dbl/Main/runs/20260821T164332Z_490383ff/fold_5/norm_stats_main_dbl.npy,20260821T164332Z_490383ff
rec_583b16956c6c814d67fe,/mnt/d/INFANT CRY/data_set_dbl_split/train/burping/3033_M_eh.wav,burping,sha256:06f9596f8f896e0444e9f3d6dd0e275425df00d2f5fe90e5f9b8c82bbcd823ef,5,burping,0.01368923019617796,0.9436831474304199,0.013671083375811577,0.017255675047636032,0.011700836941599846,original,/mnt/d/INFANT CRY/Models_dbl/Main/runs/20260821T164332Z_490383ff/fold_5/fold_5_main_dbl.keras,/mnt/d/INFANT CRY/Models_dbl/Main/runs/20260821T164332Z_490383ff/fold_5/norm_stats_main_dbl.npy,20260821T164332Z_490383ff
rec_6b454294a8664471f946,/mnt/d/INFANT CRY/data_set_dbl_split/train/burping/3153_F_eh.wav,burping,sha256:02a0d1e0e74d706db05f61e6564f0ede87975d37b75efa522f7531266606e079,5,burping,0.04370776191353798,0.8776109218597412,0.03920624777674675,0.022557366639375687,0.016917722299695015,original,/mnt/d/INFANT CRY/Models_dbl/Main/runs/20260821T164332Z_490383ff/fold_5/fold_5_main_dbl.keras,/mnt/d/INFANT CRY/Models_dbl/Main/runs/20260821T164332Z_490383ff/fold_5/norm_stats_main_dbl.npy,20260821T164332Z_490383ff
rec_fbef8f5e2003e3f7e55d,/mnt/d/INFANT CRY/data_set_dbl_split/train/burping/3163_F_eh.wav,burping,sha256:7d087bf0d392266023ae4c508f2dc7a71c4d08da44dd43ee1ee0856dec82fec4,5,burping,0.021885614842176437,0.9133722186088562,0.030203286558389664,0.020519772544503212,0.014019038528203964,original,/mnt/d/INFANT CRY/Models_dbl/Main/runs/20260821T164332Z_490383ff/fold_5/fold_5_main_dbl.keras,/mnt/d/INFANT CRY/Models_dbl/Main/runs/20260821T164332Z_490383ff/fold_5/norm_stats_main_dbl.npy,20260821T164332Z_490383ff
rec_595c7bd988437435705e,/mnt/d/INFANT CRY/data_set_dbl_split/train/burping/3187_M_eh.wav,burping,sha256:a897fe9f7b33005e7557fc8aaaaffb7852be82e44c3c15ba10334bbcd9245fa1,5,burping,0.01785915531218052,0.9365137219429016,0.015144763514399529,0.017613308504223824,0.012869144789874554,original,/mnt/d/INFANT CRY/Models_dbl/Main/runs/20260821T164332Z_490383ff/fold_5/fold_5_main_dbl.keras,/mnt/d/INFANT CRY/Models_dbl/Main/runs/20260821T164332Z_490383ff/fold_5/norm_stats_main_dbl.npy,20260821T164332Z_490383ff
rec_ae241ae526411ad2be05,/mnt/d/INFANT CRY/data_set_dbl_split/train/burping/3233_M_eh.wav,burping,sha256:ca510d7bbba4ab08fc6cb90eb2d6cbf35e15b5bdf23c29399d34f390040e9e01,5,burping,0.018419601023197174,0.9334433674812317,0.017020735889673233,0.018399732187390327,0.012716632336378098,original,/mnt/d/INFANT CRY/Models_dbl/Main/runs/20260821T164332Z_490383ff/fold_5/fold_5_main_dbl.keras,/mnt/d/INFANT CRY/Models_dbl/Main/runs/20260821T164332Z_490383ff/fold_5/norm_stats_main_dbl.npy,20260821T164332Z_490383ff
rec_28f10489f167e0cf28ed,/mnt/d/INFANT CRY/data_set_dbl_split/train/burping/3269_F_eh.wav,burping,sha256:1640c2a822d0c4fe30f1adf0f21f34e543841cad78912832e1347c32da665986,5,burping,0.018816346302628517,0.9297066330909729,0.020575154572725296,0.01702086254954338,0.01388105284422636,original,/mnt/d/INFANT CRY/Models_dbl/Main/runs/20260821T164332Z_490383ff/fold_5/fold_5_main_dbl.keras,/mnt/d/INFANT CRY/Models_dbl/Main/runs/20260821T164332Z_490383ff/fold_5/norm_stats_main_dbl.npy,20260821T164332Z_490383ff
rec_8fa03b0b1122bc99fa71,/mnt/d/INFANT CRY/data_set_dbl_split/train/burping/3335_M_eh.wav,burping,sha256:9810042bbc43ae0a284496ae3a7729759ce40e938323a058c5380776b3d64445,5,burping,0.015615514479577541,0.9400894641876221,0.015208817087113857,0.016506699845194817,0.012579618021845818,original,/mnt/d/INFANT CRY/Models_dbl/Main/runs/20260821T164332Z_490383ff/fold_5/fold_5_main_dbl.keras,/mnt/d/INFANT CRY/Models_dbl/Main/runs/20260821T164332Z_490383ff/fold_5/norm_stats_main_dbl.npy,20260821T164332Z_490383ff
rec_9a232059ad8ce3d58fa8,/mnt/d/INFANT CRY/data_set_dbl_split/train/burping/3429_M_eh.wav,burping,sha256:fa0ddcc5f5caf97a0c966b06b54d1c792d6b22321c6625e431ebdb51420e1254,5,burping,0.015761328861117363,0.9277923703193665,0.026205724105238914,0.015669066458940506,0.01457136869430542,original,/mnt/d/INFANT CRY/Models_dbl/Main/runs/20260821T164332Z_490383ff/fold_5/fold_5_main_dbl.keras,/mnt/d/INFANT CRY/Models_dbl/Main/runs/20260821T164332Z_490383ff/fold_5/norm_stats_main_dbl.npy,20260821T164332Z_490383ff
rec_f563132c4a35d9e664db,/mnt/d/INFANT CRY/data_set_dbl_split/train/burping/3471_M_eh.wav,burping,sha256:b2ec7b0351dff824ddabca329e242472280f33dd8f5f65800e16544548513933,5,burping,0.03067173808813095,0.7028019428253174,0.17100581526756287,0.0603695772588253,0.03515093773603439,original,/mnt/d/INFANT CRY/Models_dbl/Main/runs/20260821T164332Z_490383ff/fold_5/fold_5_main_dbl.keras,/mnt/d/INFANT CRY/Models_dbl/Main/runs/20260821T164332Z_490383ff/fold_5/norm_stats_main_dbl.npy,20260821T164332Z_490383ff
rec_ec599e0cd6f23f0d78c2,/mnt/d/INFANT CRY/data_set_dbl_split/train/burping/3663_F_eh.wav,burping,sha256:09b1b485ad1d4393fcd68fa1cfa0b2b82cb270eb31b3737dfa3b3154aee36156,5,burping,0.01779446378350258,0.9386139512062073,0.014366894960403442,0.015690786764025688,0.013533955439925194,original,/mnt/d/INFANT CRY/Models_dbl/Main/runs/20260821T164332Z_490383ff/fold_5/fold_5_main_dbl.keras,/mnt/d/INFANT CRY/Models_dbl/Main/runs/20260821T164332Z_490383ff/fold_5/norm_stats_main_dbl.npy,20260821T164332Z_490383ff
rec_f2be0c0fdf45d429dfda,/mnt/d/INFANT CRY/data_set_dbl_split/train/burping/3680_M_eh.wav,burping,sha256:27689f20038a7c9299247913a5b330ae98edda5b1f7b7dfac5df60cbc1e08429,5,burping,0.020694086328148842,0.9182087182998657,0.025255579501390457,0.019797099754214287,0.01604452356696129,original,/mnt/d/INFANT CRY/Models_dbl/Main/runs/20260821T164332Z_490383ff/fold_5/fold_5_main_dbl.keras,/mnt/d/INFANT CRY/Models_dbl/Main/runs/20260821T164332Z_490383ff/fold_5/norm_stats_main_dbl.npy,20260821T164332Z_490383ff
rec_c2d0c914aa634399fe02,/mnt/d/INFANT CRY/data_set_dbl_split/train/burping/3681_M_eh.wav,burping,sha256:5653d67d21720ec9bec3765b4ba53a62cc3bf168c894eaed4d7fad4cb33284f7,5,burping,0.018831703811883926,0.9359835982322693,0.01580331288278103,0.01681240275502205,0.01256901491433382,original,/mnt/d/INFANT CRY/Models_dbl/Main/runs/20260821T164332Z_490383ff/fold_5/fold_5_main_dbl.keras,/mnt/d/INFANT CRY/Models_dbl/Main/runs/20260821T164332Z_490383ff/fold_5/norm_stats_main_dbl.npy,20260821T164332Z_490383ff
rec_dcac3876bf6880c602d4,/mnt/d/INFANT CRY/data_set_dbl_split/train/burping/3754_M_eh.wav,burping,sha256:a503e1fc75c60ff7fd7c7f9d553b4868f5c284ecef396cb8cb51d97fe200f55a,5,burping,0.019139215350151062,0.9300150871276855,0.020798398181796074,0.01568157970905304,0.014365793205797672,original,/mnt/d/INFANT CRY/Models_dbl/Main/runs/20260821T164332Z_490383ff/fold_5/fold_5_main_dbl.keras,/mnt/d/INFANT CRY/Models_dbl/Main/runs/20260821T164332Z_490383ff/fold_5/norm_stats_main_dbl.npy,20260821T164332Z_490383ff
rec_b7dc41a5877cdafcdeba,/mnt/d/INFANT CRY/data_set_dbl_split/train/burping/3849_M_eh.wav,burping,sha256:a4a3aa4b637ea93d6bc271cca14dbbff0e1580902efc83d58bef98f532889100,5,burping,0.021966950967907906,0.912189245223999,0.024192973971366882,0.01972859539091587,0.021922269836068153,original,/mnt/d/INFANT CRY/Models_dbl/Main/runs/20260821T164332Z_490383ff/fold_5/fold_5_main_dbl.keras,/mnt/d/INFANT CRY/Models_dbl/Main/runs/20260821T164332Z_490383ff/fold_5/norm_stats_main_dbl.npy,20260821T164332Z_490383ff
rec_398f102ae45404e1b33a,/mnt/d/INFANT CRY/data_set_dbl_split/train/burping/3948_M_eh.wav,burping,sha256:8f0a5155dd00000d00dc4fdf3034a8f5655fc92213ea5e6d1b961d0236997aa0,5,burping,0.018648238852620125,0.9275044202804565,0.019270138815045357,0.01981336623430252,0.014763813465833664,original,/mnt/d/INFANT CRY/Models_dbl/Main/runs/20260821T164332Z_490383ff/fold_5/fold_5_main_dbl.keras,/mnt/d/INFANT CRY/Models_dbl/Main/runs/20260821T164332Z_490383ff/fold_5/norm_stats_main_dbl.npy,20260821T164332Z_490383ff
rec_0243d0e4f1276ccf9ce1,/mnt/d/INFANT CRY/data_set_dbl_split/train/burping/4389_F_eh.wav,burping,sha256:181e00480b9c2b8a57df730dffa10f12034422ae67a8249c6bc99dc888d4f167,5,burping,0.015618718229234219,0.9402474164962769,0.016575226560235023,0.014536535367369652,0.013022110797464848,original,/mnt/d/INFANT CRY/Models_dbl/Main/runs/20260821T164332Z_490383ff/fold_5/fold_5_main_dbl.keras,/mnt/d/INFANT CRY/Models_dbl/Main/runs/20260821T164332Z_490383ff/fold_5/norm_stats_main_dbl.npy,20260821T164332Z_490383ff
rec_e0bd95966c0c5da7f134,/mnt/d/INFANT CRY/data_set_dbl_split/train/burping/4468_F_eh.wav,burping,sha256:403c9ec5f4087764623a7e4b4c2d7a4a66cfe166016a48a66ea16489659ce8fb,5,burping,0.015729404985904694,0.9419305920600891,0.01335496548563242,0.01675463281571865,0.01223044004291296,original,/mnt/d/INFANT CRY/Models_dbl/Main/runs/20260821T164332Z_490383ff/fold_5/fold_5_main_dbl.keras,/mnt/d/INFANT CRY/Models_dbl/Main/runs/20260821T164332Z_490383ff/fold_5/norm_stats_main_dbl.npy,20260821T164332Z_490383ff
rec_9bc21230f02ca1056bac,/mnt/d/INFANT CRY/data_set_dbl_split/train/burping/4881_M_eh.wav,burping,sha256:2a38639e1773b18e221f7a04b2d7a07e4c44ade412f5e9805f5c07991c4fd5ea,5,burping,0.03217225521802902,0.9019534587860107,0.02044736035168171,0.022550009191036224,0.02287686988711357,original,/mnt/d/INFANT CRY/Models_dbl/Main/runs/20260821T164332Z_490383ff/fold_5/fold_5_main_dbl.keras,/mnt/d/INFANT CRY/Models_dbl/Main/runs/20260821T164332Z_490383ff/fold_5/norm_stats_main_dbl.npy,20260821T164332Z_490383ff
rec_8b1d545801964600f8e5,/mnt/d/INFANT CRY/data_set_dbl_split/train/burping/534_M_eh.wav,burping,sha256:7f39c221a49579ad0df497062347c3802a73a136410653c0d25b2bca328b59a0,5,burping,0.016380781307816505,0.925377368927002,0.02799820713698864,0.015786802396178246,0.014456857927143574,original,/mnt/d/INFANT CRY/Models_dbl/Main/runs/20260821T164332Z_490383ff/fold_5/fold_5_main_dbl.keras,/mnt/d/INFANT CRY/Models_dbl/Main/runs/20260821T164332Z_490383ff/fold_5/norm_stats_main_dbl.npy,20260821T164332Z_490383ff
rec_180d2118e85a66b32a32,/mnt/d/INFANT CRY/data_set_dbl_split/train/burping/805_M_eh.wav,burping,sha256:75a0586f90cdfae32c998ea0a5a6c443cc0b810324d076e53ded9e0728a66824,5,burping,0.04661651328206062,0.8207812905311584,0.024247992783784866,0.043973736464977264,0.06438051164150238,original,/mnt/d/INFANT CRY/Models_dbl/Main/runs/20260821T164332Z_490383ff/fold_5/fold_5_main_dbl.keras,/mnt/d/INFANT CRY/Models_dbl/Main/runs/20260821T164332Z_490383ff/fold_5/norm_stats_main_dbl.npy,20260821T164332Z_490383ff
rec_e5053874909e75e7cdae,/mnt/d/INFANT CRY/data_set_dbl_split/train/burping/819_F_eh.wav,burping,sha256:ee109c1bc2c0e3ca65d71e0080a127ae18b5b3c44db96992cd584863c7b33d31,5,burping,0.013181578367948532,0.9471933841705322,0.016308285295963287,0.01330055482685566,0.010016178712248802,original,/mnt/d/INFANT CRY/Models_dbl/Main/runs/20260821T164332Z_490383ff/fold_5/fold_5_main_dbl.keras,/mnt/d/INFANT CRY/Models_dbl/Main/runs/20260821T164332Z_490383ff/fold_5/norm_stats_main_dbl.npy,20260821T164332Z_490383ff
rec_fef045ea86ed1d26ca57,/mnt/d/INFANT CRY/data_set_dbl_split/train/burping/855_M_eh.wav,burping,sha256:f389c6a68da79681f851e169a0968e056855adb0d93241c13bfce44b909cb5c4,5,burping,0.01856394298374653,0.9320455193519592,0.01885935664176941,0.01720258966088295,0.01332870963960886,original,/mnt/d/INFANT CRY/Models_dbl/Main/runs/20260821T164332Z_490383ff/fold_5/fold_5_main_dbl.keras,/mnt/d/INFANT CRY/Models_dbl/Main/runs/20260821T164332Z_490383ff/fold_5/norm_stats_main_dbl.npy,20260821T164332Z_490383ff
rec_f270ae8ed465b729fd80,/mnt/d/INFANT CRY/data_set_dbl_split/train/burping/dunstan-eh_18.wav,burping,sha256:3221ab5eedb8fbfdb6f83422d784e90dfd0c9bf75d9c836c7f864a8013341fba,5,discomfort,0.016717970371246338,0.012630722485482693,0.9459198117256165,0.01301899366080761,0.011712547391653061,original,/mnt/d/INFANT CRY/Models_dbl/Main/runs/20260821T164332Z_490383ff/fold_5/fold_5_main_dbl.keras,/mnt/d/INFANT CRY/Models_dbl/Main/runs/20260821T164332Z_490383ff/fold_5/norm_stats_main_dbl.npy,20260821T164332Z_490383ff
rec_fd4381d8731ddf4435b8,/mnt/d/INFANT CRY/data_set_dbl_split/train/burping/dunstan-eh_25.wav,burping,sha256:f0d0a6008f7dd858724b63eee3573d95eb167458b02636454a1a56efe90f1c98,5,burping,0.01628630794584751,0.93353670835495,0.02243407443165779,0.016200358048081398,0.011542517691850662,original,/mnt/d/INFANT CRY/Models_dbl/Main/runs/20260821T164332Z_490383ff/fold_5/fold_5_main_dbl.keras,/mnt/d/INFANT CRY/Models_dbl/Main/runs/20260821T164332Z_490383ff/fold_5/norm_stats_main_dbl.npy,20260821T164332Z_490383ff
rec_165d844150d1c38e7964,/mnt/d/INFANT CRY/data_set_dbl_split/train/burping/dunstan-eh_4.wav,burping,sha256:a2f12b4c5d961d9dfaee2454f0575da21131ad43a4ccce2c562d40e1a5757e26,5,burping,0.1594025194644928,0.6457609534263611,0.1273120939731598,0.03902098909020424,0.02850339561700821,original,/mnt/d/INFANT CRY/Models_dbl/Main/runs/20260821T164332Z_490383ff/fold_5/fold_5_main_dbl.keras,/mnt/d/INFANT CRY/Models_dbl/Main/runs/20260821T164332Z_490383ff/fold_5/norm_stats_main_dbl.npy,20260821T164332Z_490383ff
rec_0added8756718f697995,/mnt/d/INFANT CRY/data_set_dbl_split/train/discomfort/2085_M_heh.wav,discomfort,sha256:ec86f05fb2a7012c4915257f5a1c633abe892cf688de5f9a6aeeeaf252371456,5,burping,0.046330470591783524,0.4370017647743225,0.39277932047843933,0.044471316039562225,0.0794171541929245,original,/mnt/d/INFANT CRY/Models_dbl/Main/runs/20260821T164332Z_490383ff/fold_5/fold_5_main_dbl.keras,/mnt/d/INFANT CRY/Models_dbl/Main/runs/20260821T164332Z_490383ff/fold_5/norm_stats_main_dbl.npy,20260821T164332Z_490383ff
rec_60d4a3b0d92ddce6aa04,/mnt/d/INFANT CRY/data_set_dbl_split/train/discomfort/2345_M_heh.wav,discomfort,sha256:918045ae6a9fd9ffcc7957d674d5cf2115a05b55cb1822147c76601dd82aadde,5,discomfort,0.012694328092038631,0.011371582746505737,0.9517174363136292,0.010981542058289051,0.013235206715762615,original,/mnt/d/INFANT CRY/Models_dbl/Main/runs/20260821T164332Z_490383ff/fold_5/fold_5_main_dbl.keras,/mnt/d/INFANT CRY/Models_dbl/Main/runs/20260821T164332Z_490383ff/fold_5/norm_stats_main_dbl.npy,20260821T164332Z_490383ff
rec_0655eee816f825bf3d59,/mnt/d/INFANT CRY/data_set_dbl_split/train/discomfort/2814_F_heh.wav,discomfort,sha256:0f059250fc8f3887d9def0b7564d38b60c45ad4f7238d9cb78dddfd457ce1d62,5,discomfort,0.01581318862736225,0.013542347587645054,0.9394593238830566,0.01689302921295166,0.014292130246758461,original,/mnt/d/INFANT CRY/Models_dbl/Main/runs/20260821T164332Z_490383ff/fold_5/fold_5_main_dbl.keras,/mnt/d/INFANT CRY/Models_dbl/Main/runs/20260821T164332Z_490383ff/fold_5/norm_stats_main_dbl.npy,20260821T164332Z_490383ff
rec_823255df478a0f9da394,/mnt/d/INFANT CRY/data_set_dbl_split/train/discomfort/2948_M_heh.wav,discomfort,sha256:93088e4f04b849eac4f27521414dcde890877790b2cc668dd1524468488593b1,5,discomfort,0.02349156141281128,0.013217564672231674,0.9287013411521912,0.01727334037423134,0.017316067591309547,original,/mnt/d/INFANT CRY/Models_dbl/Main/runs/20260821T164332Z_490383ff/fold_5/fold_5_main_dbl.keras,/mnt/d/INFANT CRY/Models_dbl/Main/runs/20260821T164332Z_490383ff/fold_5/norm_stats_main_dbl.npy,20260821T164332Z_490383ff
rec_3f52b4d2fc987b097465,/mnt/d/INFANT CRY/data_set_dbl_split/train/discomfort/362_M_heh.wav,discomfort,sha256:4029023bb9052e9d6c91c7676f152ef5dbadd23c9630f3e7aec5861ca37c3afb,5,discomfort,0.01914387196302414,0.012729116715490818,0.937491774559021,0.016368672251701355,0.014266535639762878,original,/mnt/d/INFANT CRY/Models_dbl/Main/runs/20260821T164332Z_490383ff/fold_5/fold_5_main_dbl.keras,/mnt/d/INFANT CRY/Models_dbl/Main/runs/20260821T164332Z_490383ff/fold_5/norm_stats_main_dbl.npy,20260821T164332Z_490383ff
rec_cf665a8d5d04d0e150ed,/mnt/d/INFANT CRY/data_set_dbl_split/train/discomfort/3643_M_heh.wav,discomfort,sha256:e1a1b6217794024bd5a9374699ccd793a9875328aa589c5e2d0338fef8112cd7,5,hungry,0.013526512309908867,0.014998258091509342,0.017474139109253883,0.9372656345367432,0.016735460609197617,original,/mnt/d/INFANT CRY/Models_dbl/Main/runs/20260821T164332Z_490383ff/fold_5/fold_5_main_dbl.keras,/mnt/d/INFANT CRY/Models_dbl/Main/runs/20260821T164332Z_490383ff/fold_5/norm_stats_main_dbl.npy,20260821T164332Z_490383ff
rec_3ea9d39bb4edc68fdf50,/mnt/d/INFANT CRY/data_set_dbl_split/train/discomfort/3719_M_heh.wav,discomfort,sha256:7ab37ca3b11ec8cc6f87e1a9a12e846a79cc386f61d73920533e1cb84e372052,5,discomfort,0.014986102469265461,0.01264090184122324,0.9478674530982971,0.012935811653733253,0.011569704860448837,original,/mnt/d/INFANT CRY/Models_dbl/Main/runs/20260821T164332Z_490383ff/fold_5/fold_5_main_dbl.keras,/mnt/d/INFANT CRY/Models_dbl/Main/runs/20260821T164332Z_490383ff/fold_5/norm_stats_main_dbl.npy,20260821T164332Z_490383ff
rec_6bbd0237afd88cf9b3c1,/mnt/d/INFANT CRY/data_set_dbl_split/train/discomfort/3795_M_heh.wav,discomfort,sha256:615d6ab51f30ebaa2a83d03bb3ce0b6a6c653238db82ea6f58e38391ee03ed73,5,discomfort,0.015449061058461666,0.015642009675502777,0.9381756782531738,0.01817248947918415,0.012560632079839706,original,/mnt/d/INFANT CRY/Models_dbl/Main/runs/20260821T164332Z_490383ff/fold_5/fold_5_main_dbl.keras,/mnt/d/INFANT CRY/Models_dbl/Main/runs/20260821T164332Z_490383ff/fold_5/norm_stats_main_dbl.npy,20260821T164332Z_490383ff
rec_6ad89027638c1a776894,/mnt/d/INFANT CRY/data_set_dbl_split/train/discomfort/4228_M_heh.wav,discomfort,sha256:b62b980407bc234ade7738795e086691eb770cb73005718199acf386c41cad02,5,discomfort,0.011936853639781475,0.011986933648586273,0.9458633065223694,0.013571723364293575,0.016641167923808098,original,/mnt/d/INFANT CRY/Models_dbl/Main/runs/20260821T164332Z_490383ff/fold_5/fold_5_main_dbl.keras,/mnt/d/INFANT CRY/Models_dbl/Main/runs/20260821T164332Z_490383ff/fold_5/norm_stats_main_dbl.npy,20260821T164332Z_490383ff
rec_52da117b101c516c1c42,/mnt/d/INFANT CRY/data_set_dbl_split/train/discomfort/4262_M_heh.wav,discomfort,sha256:4f8314b892b7780174b56ed2d07f4250889669d7debb8efe1550b76d207da153,5,discomfort,0.015106976963579655,0.01314145140349865,0.941368818283081,0.015564094297587872,0.014818640425801277,original,/mnt/d/INFANT CRY/Models_dbl/Main/runs/20260821T164332Z_490383ff/fold_5/fold_5_main_dbl.keras,/mnt/d/INFANT CRY/Models_dbl/Main/runs/20260821T164332Z_490383ff/fold_5/norm_stats_main_dbl.npy,20260821T164332Z_490383ff
rec_b4327cfdcef8a6d08926,/mnt/d/INFANT CRY/data_set_dbl_split/train/discomfort/4422_M_heh.wav,discomfort,sha256:48f3147c8edac60c0de58dbe2b5152ed6db3a562744f6a204b5efaaad2ca0847,5,discomfort,0.019028807058930397,0.014170641079545021,0.929399847984314,0.017378000542521477,0.020022619515657425,original,/mnt/d/INFANT CRY/Models_dbl/Main/runs/20260821T164332Z_490383ff/fold_5/fold_5_main_dbl.keras,/mnt/d/INFANT CRY/Models_dbl/Main/runs/20260821T164332Z_490383ff/fold_5/norm_stats_main_dbl.npy,20260821T164332Z_490383ff
rec_c5ca2cddf85a72e0dc56,/mnt/d/INFANT CRY/data_set_dbl_split/train/discomfort/4782_M_heh.wav,discomfort,sha256:e1f078d88711fecab3b425eb1bea3ece8680eb9d91b37b27b32f04c9c256cc7b,5,discomfort,0.04527920112013817,0.048511676490306854,0.48120367527008057,0.39398834109306335,0.03101712465286255,original,/mnt/d/INFANT CRY/Models_dbl/Main/runs/20260821T164332Z_490383ff/fold_5/fold_5_main_dbl.keras,/mnt/d/INFANT CRY/Models_dbl/Main/runs/20260821T164332Z_490383ff/fold_5/norm_stats_main_dbl.npy,20260821T164332Z_490383ff
rec_aeb79fc9b0c45b64f93c,/mnt/d/INFANT CRY/data_set_dbl_split/train/discomfort/4790_M_heh.wav,discomfort,sha256:745142c696dc27171b5296ba1cfbd2cff291d97fa810a2e3f444c695d29c8855,5,burping,0.02015574835240841,0.9275487661361694,0.018688930198550224,0.022479478269815445,0.011127092875540257,original,/mnt/d/INFANT CRY/Models_dbl/Main/runs/20260821T164332Z_490383ff/fold_5/fold_5_main_dbl.keras,/mnt/d/INFANT CRY/Models_dbl/Main/runs/20260821T164332Z_490383ff/fold_5/norm_stats_main_dbl.npy,20260821T164332Z_490383ff
rec_c66c61c76109180f4ea4,/mnt/d/INFANT CRY/data_set_dbl_split/train/discomfort/592_M_heh.wav,discomfort,sha256:37db3a802965f18079cdee81a25907c0b04c90d34f0b329e0e5b0ace660f2bc8,5,discomfort,0.016716768965125084,0.01614375226199627,0.9300934672355652,0.022012855857610703,0.015033216215670109,original,/mnt/d/INFANT CRY/Models_dbl/Main/runs/20260821T164332Z_490383ff/fold_5/fold_5_main_dbl.keras,/mnt/d/INFANT CRY/Models_dbl/Main/runs/20260821T164332Z_490383ff/fold_5/norm_stats_main_dbl.npy,20260821T164332Z_490383ff
rec_9185eef7e2aecebfb720,/mnt/d/INFANT CRY/data_set_dbl_split/train/discomfort/735_M_heh.wav,discomfort,sha256:fedb2f8be484c091b0235f6203935bb810cbc52303d46e5e92ad98c965d3a84a,5,discomfort,0.012554186396300793,0.011831597425043583,0.9500797986984253,0.011578998528420925,0.013955429196357727,original,/mnt/d/INFANT CRY/Models_dbl/Main/runs/20260821T164332Z_490383ff/fold_5/fold_5_main_dbl.keras,/mnt/d/INFANT CRY/Models_dbl/Main/runs/20260821T164332Z_490383ff/fold_5/norm_stats_main_dbl.npy,20260821T164332Z_490383ff
rec_1e1cf13b4d1b84eb706c,/mnt/d/INFANT CRY/data_set_dbl_split/train/discomfort/dunstan-heh_37.wav,discomfort,sha256:efe4a4f82d527d68867672209e36512d912907a6bab1bbf6ec9f523fa3f9ae16,5,discomfort,0.018163394182920456,0.012566309422254562,0.938608705997467,0.015051928348839283,0.0156096201390028,original,/mnt/d/INFANT CRY/Models_dbl/Main/runs/20260821T164332Z_490383ff/fold_5/fold_5_main_dbl.keras,/mnt/d/INFANT CRY/Models_dbl/Main/runs/20260821T164332Z_490383ff/fold_5/norm_stats_main_dbl.npy,20260821T164332Z_490383ff
rec_6456e2ce88a30a623868,/mnt/d/INFANT CRY/data_set_dbl_split/train/discomfort/dunstan-heh_39.wav,discomfort,sha256:b3e121977321009637405f5e3cdb60ac8e9feb7e958597a3e1d7b716e70adcf9,5,discomfort,0.06085997819900513,0.03473604470491409,0.49550461769104004,0.3147583603858948,0.09414096176624298,original,/mnt/d/INFANT CRY/Models_dbl/Main/runs/20260821T164332Z_490383ff/fold_5/fold_5_main_dbl.keras,/mnt/d/INFANT CRY/Models_dbl/Main/runs/20260821T164332Z_490383ff/fold_5/norm_stats_main_dbl.npy,20260821T164332Z_490383ff
rec_5dd030b8afd73faf7e6d,/mnt/d/INFANT CRY/data_set_dbl_split/train/discomfort/dunstan-heh_48.wav,discomfort,sha256:d6a95efef2a5e14826871997882a4700ad02b4a9c82d3cfc5bff31164dc36414,5,tired,0.026125291362404823,0.02423078380525112,0.0295163094997406,0.05625571310520172,0.8638718724250793,original,/mnt/d/INFANT CRY/Models_dbl/Main/runs/20260821T164332Z_490383ff/fold_5/fold_5_main_dbl.keras,/mnt/d/INFANT CRY/Models_dbl/Main/runs/20260821T164332Z_490383ff/fold_5/norm_stats_main_dbl.npy,20260821T164332Z_490383ff
rec_7f539cdc99c86f56f54a,/mnt/d/INFANT CRY/data_set_dbl_split/train/hungry/1332_F_neh.wav,hungry,sha256:c4486daaa9004953ee0fcd3b6e7b0b71181d8c2d42570d15d0f2d744139be34c,5,hungry,0.012146605178713799,0.013945741578936577,0.011666857637465,0.9492985010147095,0.012942299246788025,original,/mnt/d/INFANT CRY/Models_dbl/Main/runs/20260821T164332Z_490383ff/fold_5/fold_5_main_dbl.keras,/mnt/d/INFANT CRY/Models_dbl/Main/runs/20260821T164332Z_490383ff/fold_5/norm_stats_main_dbl.npy,20260821T164332Z_490383ff
rec_67bd9b946343aa8c831e,/mnt/d/INFANT CRY/data_set_dbl_split/train/hungry/1401_F_neh.wav,hungry,sha256:5ffc0956ffe25ec309316ad7123e98c4afa62f826c12c30a9539843e89942fed,5,hungry,0.012328237295150757,0.012852758169174194,0.01141353789716959,0.9518795609474182,0.01152590662240982,original,/mnt/d/INFANT CRY/Models_dbl/Main/runs/20260821T164332Z_490383ff/fold_5/fold_5_main_dbl.keras,/mnt/d/INFANT CRY/Models_dbl/Main/runs/20260821T164332Z_490383ff/fold_5/norm_stats_main_dbl.npy,20260821T164332Z_490383ff
rec_372ed40ca92e5e14733f,/mnt/d/INFANT CRY/data_set_dbl_split/train/hungry/2108_M_neh.wav,hungry,sha256:6db650b5ed425ba10cdfedf4717a78ed14c2e9b0a29258f079097db34f6d0492,5,hungry,0.011778691783547401,0.01275932602584362,0.012194504030048847,0.9505090117454529,0.01275857724249363,original,/mnt/d/INFANT CRY/Models_dbl/Main/runs/20260821T164332Z_490383ff/fold_5/fold_5_main_dbl.keras,/mnt/d/INFANT CRY/Models_dbl/Main/runs/20260821T164332Z_490383ff/fold_5/norm_stats_main_dbl.npy,20260821T164332Z_490383ff
rec_06c98458513d1a15c986,/mnt/d/INFANT CRY/data_set_dbl_split/train/hungry/2301_M_neh.wav,hungry,sha256:d9ed5617ec85c76df00229fde2c99564a6066de7fa230ea11b2cd18f46cbaf24,5,hungry,0.01655847579240799,0.015764370560646057,0.02425452321767807,0.9228761196136475,0.02054646797478199,original,/mnt/d/INFANT CRY/Models_dbl/Main/runs/20260821T164332Z_490383ff/fold_5/fold_5_main_dbl.keras,/mnt/d/INFANT CRY/Models_dbl/Main/runs/20260821T164332Z_490383ff/fold_5/norm_stats_main_dbl.npy,20260821T164332Z_490383ff
rec_87323d3270f1b8f6e507,/mnt/d/INFANT CRY/data_set_dbl_split/train/hungry/2317_M_neh.wav,hungry,sha256:c260dfd7f3fb503bdf69d1ffca61ecc25f2ec68d46433f6f097e2b40ebce0837,5,hungry,0.013488592579960823,0.013073822483420372,0.013343741185963154,0.9484145045280457,0.011679273098707199,original,/mnt/d/INFANT CRY/Models_dbl/Main/runs/20260821T164332Z_490383ff/fold_5/fold_5_main_dbl.keras,/mnt/d/INFANT CRY/Models_dbl/Main/runs/20260821T164332Z_490383ff/fold_5/norm_stats_main_dbl.npy,20260821T164332Z_490383ff
rec_3f27c431eeb305663abf,/mnt/d/INFANT CRY/data_set_dbl_split/train/hungry/2326_M_neh.wav,hungry,sha256:c92bbb70edcce9a3f7a82e28dad8031ad04a089d4c75e6327001141737216bac,5,tired,0.031182026490569115,0.03778322786092758,0.3624061942100525,0.06958607584238052,0.4990425705909729,original,/mnt/d/INFANT CRY/Models_dbl/Main/runs/20260821T164332Z_490383ff/fold_5/fold_5_main_dbl.keras,/mnt/d/INFANT CRY/Models_dbl/Main/runs/20260821T164332Z_490383ff/fold_5/norm_stats_main_dbl.npy,20260821T164332Z_490383ff
rec_75255312c2aae67afa1a,/mnt/d/INFANT CRY/data_set_dbl_split/train/hungry/2331_M_neh.wav,hungry,sha256:728d3667b4bd9e8090b92ce918198021377c92b14fb67278875fe08fb90ef15b,5,hungry,0.011875862255692482,0.013241621665656567,0.012909499928355217,0.9486560821533203,0.013317029923200607,original,/mnt/d/INFANT CRY/Models_dbl/Main/runs/20260821T164332Z_490383ff/fold_5/fold_5_main_dbl.keras,/mnt/d/INFANT CRY/Models_dbl/Main/runs/20260821T164332Z_490383ff/fold_5/norm_stats_main_dbl.npy,20260821T164332Z_490383ff
rec_4aeef63044c75c534d96,/mnt/d/INFANT CRY/data_set_dbl_split/train/hungry/2514_M_neh.wav,hungry,sha256:8ce7f25fca9d4bc9842d0afec6b523f92ebc55c0f6306594750af3645f32e4e8,5,hungry,0.012637404724955559,0.015059626661241055,0.012498092837631702,0.9423525929450989,0.017452245578169823,original,/mnt/d/INFANT CRY/Models_dbl/Main/runs/20260821T164332Z_490383ff/fold_5/fold_5_main_dbl.keras,/mnt/d/INFANT CRY/Models_dbl/Main/runs/20260821T164332Z_490383ff/fold_5/norm_stats_main_dbl.npy,20260821T164332Z_490383ff
rec_adb4bfea9da208dd77b4,/mnt/d/INFANT CRY/data_set_dbl_split/train/hungry/2581_F_neh.wav,hungry,sha256:1b87d157f3a826aecc52cda3882f59e3622564d7666e2894b46ccbaa3ce00eab,5,hungry,0.013957304880023003,0.01357134710997343,0.013598747551441193,0.9469828605651855,0.011889731511473656,original,/mnt/d/INFANT CRY/Models_dbl/Main/runs/20260821T164332Z_490383ff/fold_5/fold_5_main_dbl.keras,/mnt/d/INFANT CRY/Models_dbl/Main/runs/20260821T164332Z_490383ff/fold_5/norm_stats_main_dbl.npy,20260821T164332Z_490383ff
rec_2972e6c8e16512407617,/mnt/d/INFANT CRY/data_set_dbl_split/train/hungry/290_M_neh.wav,hungry,sha256:4aa26a360fc7af2ea2a0449af0d0242012e7e18a85fa77d7526f6ed42109b28d,5,tired,0.03994893282651901,0.04051118716597557,0.044953811913728714,0.3997012972831726,0.4748847782611847,original,/mnt/d/INFANT CRY/Models_dbl/Main/runs/20260821T164332Z_490383ff/fold_5/fold_5_main_dbl.keras,/mnt/d/INFANT CRY/Models_dbl/Main/runs/20260821T164332Z_490383ff/fold_5/norm_stats_main_dbl.npy,20260821T164332Z_490383ff
rec_68a3b79ad863329c2fa0,/mnt/d/INFANT CRY/data_set_dbl_split/train/hungry/3168_M_neh.wav,hungry,sha256:23bd6cacf2a8821415adaed699b8cb508e75398cf18ffc3abdfc873050ea9634,5,hungry,0.014153672382235527,0.0131770558655262,0.012940039858222008,0.9486024379730225,0.011126791127026081,original,/mnt/d/INFANT CRY/Models_dbl/Main/runs/20260821T164332Z_490383ff/fold_5/fold_5_main_dbl.keras,/mnt/d/INFANT CRY/Models_dbl/Main/runs/20260821T164332Z_490383ff/fold_5/norm_stats_main_dbl.npy,20260821T164332Z_490383ff
rec_bd47283574366dba00f9,/mnt/d/INFANT CRY/data_set_dbl_split/train/hungry/3269_M_neh.wav,hungry,sha256:df359b5202fc1893be41c41b8a2246e171477e19b824254e9218fdbf20fb6463,5,hungry,0.01372454036027193,0.013761579059064388,0.013016043230891228,0.9476699829101562,0.011827812530100346,original,/mnt/d/INFANT CRY/Models_dbl/Main/runs/20260821T164332Z_490383ff/fold_5/fold_5_main_dbl.keras,/mnt/d/INFANT CRY/Models_dbl/Main/runs/20260821T164332Z_490383ff/fold_5/norm_stats_main_dbl.npy,20260821T164332Z_490383ff
rec_1744f789c8836ae844cb,/mnt/d/INFANT CRY/data_set_dbl_split/train/hungry/3469_M_neh.wav,hungry,sha256:f5c3ead3aef7b04bf62bb0778a2869f37675e041019f640a4202110fb09d3d3b,5,hungry,0.029302658513188362,0.02929793670773506,0.036175139248371124,0.8078998327255249,0.0973244458436966,original,/mnt/d/INFANT CRY/Models_dbl/Main/runs/20260821T164332Z_490383ff/fold_5/fold_5_main_dbl.keras,/mnt/d/INFANT CRY/Models_dbl/Main/runs/20260821T164332Z_490383ff/fold_5/norm_stats_main_dbl.npy,20260821T164332Z_490383ff
rec_463180d5d281fe991930,/mnt/d/INFANT CRY/data_set_dbl_split/train/hungry/3701_F_neh.wav,hungry,sha256:3f8890e71625278ea94f90591d0d04c1f5e0cb3a5f196b926519e2a3c106891d,5,hungry,0.014041880145668983,0.015039732679724693,0.013329382985830307,0.9407352805137634,0.016853759065270424,original,/mnt/d/INFANT CRY/Models_dbl/Main/runs/20260821T164332Z_490383ff/fold_5/fold_5_main_dbl.keras,/mnt/d/INFANT CRY/Models_dbl/Main/runs/20260821T164332Z_490383ff/fold_5/norm_stats_main_dbl.npy,20260821T164332Z_490383ff
rec_c5c7cc4019b6615df3ec,/mnt/d/INFANT CRY/data_set_dbl_split/train/hungry/377_F_neh.wav,hungry,sha256:1250b99240a1b507a14b7d33386a9a569e0f76052d34c0a25c6cc6cdc76c3672,5,hungry,0.018878702074289322,0.015152563340961933,0.02148297056555748,0.9290687441825867,0.015417021699249744,original,/mnt/d/INFANT CRY/Models_dbl/Main/runs/20260821T164332Z_490383ff/fold_5/fold_5_main_dbl.keras,/mnt/d/INFANT CRY/Models_dbl/Main/runs/20260821T164332Z_490383ff/fold_5/norm_stats_main_dbl.npy,20260821T164332Z_490383ff
rec_674a9d5caada9832f371,/mnt/d/INFANT CRY/data_set_dbl_split/train/hungry/3830_M_neh.wav,hungry,sha256:53d8cd20665274a85cff520ffabed013b107c504fe2bd36ec720899e396e28e8,5,hungry,0.015326088294386864,0.013490990735590458,0.01386032160371542,0.9455330967903137,0.011789566837251186,original,/mnt/d/INFANT CRY/Models_dbl/Main/runs/20260821T164332Z_490383ff/fold_5/fold_5_main_dbl.keras,/mnt/d/INFANT CRY/Models_dbl/Main/runs/20260821T164332Z_490383ff/fold_5/norm_stats_main_dbl.npy,20260821T164332Z_490383ff
rec_483da636af8546408bfa,/mnt/d/INFANT CRY/data_set_dbl_split/train/hungry/3844_M_neh.wav,hungry,sha256:dcab62a19540620b3cd8d79c7fa9e1dca9aeb9a8e2668c9781a1e2ce122b96d1,5,tired,0.026638928800821304,0.046092595905065536,0.03967621177434921,0.31364086270332336,0.5739514231681824,original,/mnt/d/INFANT CRY/Models_dbl/Main/runs/20260821T164332Z_490383ff/fold_5/fold_5_main_dbl.keras,/mnt/d/INFANT CRY/Models_dbl/Main/runs/20260821T164332Z_490383ff/fold_5/norm_stats_main_dbl.npy,20260821T164332Z_490383ff
rec_aa120f51f1874bfc4566,/mnt/d/INFANT CRY/data_set_dbl_split/train/hungry/3870_M_neh.wav,hungry,sha256:d1ae7d952aa0ad9b990b7666bf75fb88bf77a70c1809fb2b552c73bf33a7babb,5,hungry,0.011229739524424076,0.01363619789481163,0.012232883833348751,0.9499476552009583,0.012953430414199829,original,/mnt/d/INFANT CRY/Models_dbl/Main/runs/20260821T164332Z_490383ff/fold_5/fold_5_main_dbl.keras,/mnt/d/INFANT CRY/Models_dbl/Main/runs/20260821T164332Z_490383ff/fold_5/norm_stats_main_dbl.npy,20260821T164332Z_490383ff
rec_3eeb6dcac3167d9919e6,/mnt/d/INFANT CRY/data_set_dbl_split/train/hungry/4221_M_neh.wav,hungry,sha256:be5e24d751608c32cb67163060fd6e7763d9abbad230f345deb037cb9465a30b,5,belly_pain,0.9326527714729309,0.013463682495057583,0.0196037907153368,0.014313759282231331,0.019966082647442818,original,/mnt/d/INFANT CRY/Models_dbl/Main/runs/20260821T164332Z_490383ff/fold_5/fold_5_main_dbl.keras,/mnt/d/INFANT CRY/Models_dbl/Main/runs/20260821T164332Z_490383ff/fold_5/norm_stats_main_dbl.npy,20260821T164332Z_490383ff
rec_843d0ff9482328148496,/mnt/d/INFANT CRY/data_set_dbl_split/train/hungry/4928_M_neh.wav,hungry,sha256:64c3a79bc435dc1c61fc310bb1b64a6c26973ed7a60e8439ba42780d68479141,5,hungry,0.03207492083311081,0.017832286655902863,0.02030261605978012,0.9143486022949219,0.015441667288541794,original,/mnt/d/INFANT CRY/Models_dbl/Main/runs/20260821T164332Z_490383ff/fold_5/fold_5_main_dbl.keras,/mnt/d/INFANT CRY/Models_dbl/Main/runs/20260821T164332Z_490383ff/fold_5/norm_stats_main_dbl.npy,20260821T164332Z_490383ff
rec_3a395ce757448ae52bb1,/mnt/d/INFANT CRY/data_set_dbl_split/train/hungry/980_F_neh.wav,hungry,sha256:a681621804382cd0bf8ef9a2a31572aa5bfb1fe3edce69ab57ce1218ac78cb20,5,hungry,0.010776760056614876,0.013811212033033371,0.013987088575959206,0.946674644947052,0.01475031953305006,original,/mnt/d/INFANT CRY/Models_dbl/Main/runs/20260821T164332Z_490383ff/fold_5/fold_5_main_dbl.keras,/mnt/d/INFANT CRY/Models_dbl/Main/runs/20260821T164332Z_490383ff/fold_5/norm_stats_main_dbl.npy,20260821T164332Z_490383ff
rec_2074b86eecde9140b59b,/mnt/d/INFANT CRY/data_set_dbl_split/train/hungry/dunstan-neh_14.wav,hungry,sha256:a770569817f090643f99d553a0318b472bea996931c71c84eb443da9d888d870,5,hungry,0.013281814754009247,0.013880640268325806,0.01361040584743023,0.9455336332321167,0.013693436980247498,original,/mnt/d/INFANT CRY/Models_dbl/Main/runs/20260821T164332Z_490383ff/fold_5/fold_5_main_dbl.keras,/mnt/d/INFANT CRY/Models_dbl/Main/runs/20260821T164332Z_490383ff/fold_5/norm_stats_main_dbl.npy,20260821T164332Z_490383ff
rec_dabc4e82a87f09753719,/mnt/d/INFANT CRY/data_set_dbl_split/train/hungry/dunstan-neh_36.wav,hungry,sha256:9d2f54fa6424d45722f78a23d52bbb429fe9f5585a7b4be19c189fb859167d9b,5,hungry,0.012305227108299732,0.01289338804781437,0.013787372969090939,0.9484186172485352,0.012595362029969692,original,/mnt/d/INFANT CRY/Models_dbl/Main/runs/20260821T164332Z_490383ff/fold_5/fold_5_main_dbl.keras,/mnt/d/INFANT CRY/Models_dbl/Main/runs/20260821T164332Z_490383ff/fold_5/norm_stats_main_dbl.npy,20260821T164332Z_490383ff
rec_8f4ae3b0a43cca27a403,/mnt/d/INFANT CRY/data_set_dbl_split/train/hungry/dunstan-neh_39.wav,hungry,sha256:10b87be6ec30b8983df637c55cf1eb56e731c180c6c36278b732422e5b8342ed,5,hungry,0.015099541284143925,0.013670243322849274,0.011375627480447292,0.9475501179695129,0.012304486706852913,original,/mnt/d/INFANT CRY/Models_dbl/Main/runs/20260821T164332Z_490383ff/fold_5/fold_5_main_dbl.keras,/mnt/d/INFANT CRY/Models_dbl/Main/runs/20260821T164332Z_490383ff/fold_5/norm_stats_main_dbl.npy,20260821T164332Z_490383ff
rec_1d60bd35a759f5a32057,/mnt/d/INFANT CRY/data_set_dbl_split/train/hungry/dunstan-neh_48.wav,hungry,sha256:061e07251a9b90483e6a50ace29b6307d27750576c97882c9cc260f1833bc6e7,5,hungry,0.020902127027511597,0.01568167470395565,0.024077996611595154,0.9224079847335815,0.016930289566516876,original,/mnt/d/INFANT CRY/Models_dbl/Main/runs/20260821T164332Z_490383ff/fold_5/fold_5_main_dbl.keras,/mnt/d/INFANT CRY/Models_dbl/Main/runs/20260821T164332Z_490383ff/fold_5/norm_stats_main_dbl.npy,20260821T164332Z_490383ff
rec_1ead87a594d0546fc079,/mnt/d/INFANT CRY/data_set_dbl_split/train/hungry/dunstan-neh_51.wav,hungry,sha256:ade8aa7e3f4fabc4d3e211c665dd14721924a46cc2e29c35a074d8ad9907d9d7,5,hungry,0.01735207810997963,0.01528342254459858,0.023244017735123634,0.9266448020935059,0.017475755885243416,original,/mnt/d/INFANT CRY/Models_dbl/Main/runs/20260821T164332Z_490383ff/fold_5/fold_5_main_dbl.keras,/mnt/d/INFANT CRY/Models_dbl/Main/runs/20260821T164332Z_490383ff/fold_5/norm_stats_main_dbl.npy,20260821T164332Z_490383ff
rec_67cd8ebaa80d4dbd74da,/mnt/d/INFANT CRY/data_set_dbl_split/train/hungry/dunstan-neh_56.wav,hungry,sha256:c77c51072e5129cdd2a139d7ffbce339d7f426c87ce9698777a9b33b7c31e13e,5,hungry,0.011313972994685173,0.01469954289495945,0.013704204931855202,0.9414070248603821,0.018875211477279663,original,/mnt/d/INFANT CRY/Models_dbl/Main/runs/20260821T164332Z_490383ff/fold_5/fold_5_main_dbl.keras,/mnt/d/INFANT CRY/Models_dbl/Main/runs/20260821T164332Z_490383ff/fold_5/norm_stats_main_dbl.npy,20260821T164332Z_490383ff
rec_563bf3b849e217c99c2b,/mnt/d/INFANT CRY/data_set_dbl_split/train/hungry/dunstan-neh_66.wav,hungry,sha256:f3d88de4e96a18471cd77489a3564669992633aa7c00c9323ed3de7ed2177a42,5,hungry,0.01406880933791399,0.014663446694612503,0.017528513446450233,0.9398882389068604,0.0138508640229702,original,/mnt/d/INFANT CRY/Models_dbl/Main/runs/20260821T164332Z_490383ff/fold_5/fold_5_main_dbl.keras,/mnt/d/INFANT CRY/Models_dbl/Main/runs/20260821T164332Z_490383ff/fold_5/norm_stats_main_dbl.npy,20260821T164332Z_490383ff
rec_0552af17ff94910f260a,/mnt/d/INFANT CRY/data_set_dbl_split/train/hungry/dunstan-neh_7.wav,hungry,sha256:5ef4bd4f85df5dc4c6e3862b718fdd63a993fc7d263eeed210b6cd0b427de9bd,5,hungry,0.013469614088535309,0.01346863154321909,0.014607587829232216,0.9453763365745544,0.013077826239168644,original,/mnt/d/INFANT CRY/Models_dbl/Main/runs/20260821T164332Z_490383ff/fold_5/fold_5_main_dbl.keras,/mnt/d/INFANT CRY/Models_dbl/Main/runs/20260821T164332Z_490383ff/fold_5/norm_stats_main_dbl.npy,20260821T164332Z_490383ff
rec_9a989ed48e3e18f22982,/mnt/d/INFANT CRY/data_set_dbl_split/train/hungry/dunstan-neh_70.wav,hungry,sha256:88f4252bab89c82f456f026c142ed78cf18115ee12b081927d93e5267d3f8a3e,5,hungry,0.013219889253377914,0.012835758738219738,0.01252002827823162,0.9499123096466064,0.011512067168951035,original,/mnt/d/INFANT CRY/Models_dbl/Main/runs/20260821T164332Z_490383ff/fold_5/fold_5_main_dbl.keras,/mnt/d/INFANT CRY/Models_dbl/Main/runs/20260821T164332Z_490383ff/fold_5/norm_stats_main_dbl.npy,20260821T164332Z_490383ff
rec_74009090eeaa4cb18f98,/mnt/d/INFANT CRY/data_set_dbl_split/train/tired/1120_M_owh.wav,tired,sha256:f1ec3592795c90404f517a1e0a939a1cf0ddc8f601138bfdfaa15c8dc65c641a,5,tired,0.012390117160975933,0.01436151098459959,0.01399655919522047,0.01423924881964922,0.9450125694274902,original,/mnt/d/INFANT CRY/Models_dbl/Main/runs/20260821T164332Z_490383ff/fold_5/fold_5_main_dbl.keras,/mnt/d/INFANT CRY/Models_dbl/Main/runs/20260821T164332Z_490383ff/fold_5/norm_stats_main_dbl.npy,20260821T164332Z_490383ff
rec_a8c5ae30e778d945976d,/mnt/d/INFANT CRY/data_set_dbl_split/train/tired/1126_M_owh.wav,tired,sha256:87fe86e4c2a21887e075b6a2efac9de153ab4fed50f94e35dfc9ce68e2b66f2a,5,tired,0.014018896967172623,0.015076414681971073,0.015510772354900837,0.01311168260872364,0.9422821998596191,original,/mnt/d/INFANT CRY/Models_dbl/Main/runs/20260821T164332Z_490383ff/fold_5/fold_5_main_dbl.keras,/mnt/d/INFANT CRY/Models_dbl/Main/runs/20260821T164332Z_490383ff/fold_5/norm_stats_main_dbl.npy,20260821T164332Z_490383ff
rec_87a7a199ee910aba5bc8,/mnt/d/INFANT CRY/data_set_dbl_split/train/tired/1140_M_owh.wav,tired,sha256:fbc4d648a9646ce6cf9ac05ecbfda208040a0cd00b844856068c8f50a37afeb5,5,tired,0.027022823691368103,0.01912946254014969,0.02048680931329727,0.017206579446792603,0.9161543846130371,original,/mnt/d/INFANT CRY/Models_dbl/Main/runs/20260821T164332Z_490383ff/fold_5/fold_5_main_dbl.keras,/mnt/d/INFANT CRY/Models_dbl/Main/runs/20260821T164332Z_490383ff/fold_5/norm_stats_main_dbl.npy,20260821T164332Z_490383ff
rec_b6d124cc7980967f1dd5,/mnt/d/INFANT CRY/data_set_dbl_split/train/tired/123_M_owh.wav,tired,sha256:1355344d5cb685e6b98378214d5e3642adcc4e6fefe4c016c047fb2d0a6d332f,5,tired,0.012213386595249176,0.011512428522109985,0.013969624415040016,0.010614250786602497,0.9516903758049011,original,/mnt/d/INFANT CRY/Models_dbl/Main/runs/20260821T164332Z_490383ff/fold_5/fold_5_main_dbl.keras,/mnt/d/INFANT CRY/Models_dbl/Main/runs/20260821T164332Z_490383ff/fold_5/norm_stats_main_dbl.npy,20260821T164332Z_490383ff
rec_950b0753ed9a03701514,/mnt/d/INFANT CRY/data_set_dbl_split/train/tired/1348_M_owh.wav,tired,sha256:42824cdefd03ef8782931e59d8346ea9f994b845eab24ca34330ef0f674d2d60,5,tired,0.026750704273581505,0.01813981682062149,0.020671145990490913,0.017409585416316986,0.9170287847518921,original,/mnt/d/INFANT CRY/Models_dbl/Main/runs/20260821T164332Z_490383ff/fold_5/fold_5_main_dbl.keras,/mnt/d/INFANT CRY/Models_dbl/Main/runs/20260821T164332Z_490383ff/fold_5/norm_stats_main_dbl.npy,20260821T164332Z_490383ff
rec_7e8a78def33e979ca783,/mnt/d/INFANT CRY/data_set_dbl_split/train/tired/1395_M_owh.wav,tired,sha256:beb9a6718b80f0a157554a9d5b620888544dd6fb7a242952b018a1fa811f2234,5,tired,0.015118950046598911,0.013870933093130589,0.015761008486151695,0.012005499564111233,0.9432436227798462,original,/mnt/d/INFANT CRY/Models_dbl/Main/runs/20260821T164332Z_490383ff/fold_5/fold_5_main_dbl.keras,/mnt/d/INFANT CRY/Models_dbl/Main/runs/20260821T164332Z_490383ff/fold_5/norm_stats_main_dbl.npy,20260821T164332Z_490383ff
rec_18d9850a2ad7c58b08a3,/mnt/d/INFANT CRY/data_set_dbl_split/train/tired/1396_M_owh.wav,tired,sha256:aa5d1025d45eaf0a2068b46220c5c8e7be2dde8404668c9ecbf0356015f5ce44,5,tired,0.0155613012611866,0.015371348708868027,0.018862588331103325,0.01555862370878458,0.9346461296081543,original,/mnt/d/INFANT CRY/Models_dbl/Main/runs/20260821T164332Z_490383ff/fold_5/fold_5_main_dbl.keras,/mnt/d/INFANT CRY/Models_dbl/Main/runs/20260821T164332Z_490383ff/fold_5/norm_stats_main_dbl.npy,20260821T164332Z_490383ff
rec_4a0a3fecf4140530d10b,/mnt/d/INFANT CRY/data_set_dbl_split/train/tired/1413_M_owh.wav,tired,sha256:a1531258bee4c68ca215eb9cfd9c0566a1ac613b48a8551188c59c38e2afdfe0,5,tired,0.019309937953948975,0.016678214073181152,0.033045362681150436,0.017805183306336403,0.9131612777709961,original,/mnt/d/INFANT CRY/Models_dbl/Main/runs/20260821T164332Z_490383ff/fold_5/fold_5_main_dbl.keras,/mnt/d/INFANT CRY/Models_dbl/Main/runs/20260821T164332Z_490383ff/fold_5/norm_stats_main_dbl.npy,20260821T164332Z_490383ff
rec_ef7b9080ec661f007af8,/mnt/d/INFANT CRY/data_set_dbl_split/train/tired/1482_M_owh.wav,tired,sha256:feba7cf217b6905da2944b75108752f836accaad397e4a59cadcb5a4fd52badb,5,tired,0.011730845086276531,0.012871273793280125,0.013919919729232788,0.012019041925668716,0.9494588971138,original,/mnt/d/INFANT CRY/Models_dbl/Main/runs/20260821T164332Z_490383ff/fold_5/fold_5_main_dbl.keras,/mnt/d/INFANT CRY/Models_dbl/Main/runs/20260821T164332Z_490383ff/fold_5/norm_stats_main_dbl.npy,20260821T164332Z_490383ff
rec_904decc4ed07b5125187,/mnt/d/INFANT CRY/data_set_dbl_split/train/tired/1528_M_owh.wav,tired,sha256:aa7d0f4b4f60eda2bd98ca40c52bfa75bf88bcf53782cdbbe0cadd06b1018dea,5,tired,0.019902503117918968,0.03030399978160858,0.019974512979388237,0.017734641209244728,0.9120844006538391,original,/mnt/d/INFANT CRY/Models_dbl/Main/runs/20260821T164332Z_490383ff/fold_5/fold_5_main_dbl.keras,/mnt/d/INFANT CRY/Models_dbl/Main/runs/20260821T164332Z_490383ff/fold_5/norm_stats_main_dbl.npy,20260821T164332Z_490383ff
rec_ed3dd6a09f8657788d18,/mnt/d/INFANT CRY/data_set_dbl_split/train/tired/1673_F_owh.wav,tired,sha256:9ea33f47ed50ba85d532c3599902565d3708d322e8e208f0aa1477e72ea687f2,5,tired,0.023593632504343987,0.017525065690279007,0.026039693504571915,0.019715553149580956,0.9131260514259338,original,/mnt/d/INFANT CRY/Models_dbl/Main/runs/20260821T164332Z_490383ff/fold_5/fold_5_main_dbl.keras,/mnt/d/INFANT CRY/Models_dbl/Main/runs/20260821T164332Z_490383ff/fold_5/norm_stats_main_dbl.npy,20260821T164332Z_490383ff
rec_b143bcd50652f006dd02,/mnt/d/INFANT CRY/data_set_dbl_split/train/tired/1743_M_owh.wav,tired,sha256:56719542b72cff21d3a925ac5b6fb36c706b5687d0d69d28e178f9a2c7b8f38e,5,hungry,0.029622018337249756,0.039573438465595245,0.04427091032266617,0.5525096654891968,0.33402398228645325,original,/mnt/d/INFANT CRY/Models_dbl/Main/runs/20260821T164332Z_490383ff/fold_5/fold_5_main_dbl.keras,/mnt/d/INFANT CRY/Models_dbl/Main/runs/20260821T164332Z_490383ff/fold_5/norm_stats_main_dbl.npy,20260821T164332Z_490383ff
rec_c6a65dca2e98f957c40c,/mnt/d/INFANT CRY/data_set_dbl_split/train/tired/1775_M_owh.wav,tired,sha256:e7789dfdee23c5ea21831084b022ac9937f5b4baa65d8dfa4a2465e26bc4f855,5,tired,0.01310220267623663,0.012906275689601898,0.014161976054310799,0.012097061611711979,0.9477325081825256,original,/mnt/d/INFANT CRY/Models_dbl/Main/runs/20260821T164332Z_490383ff/fold_5/fold_5_main_dbl.keras,/mnt/d/INFANT CRY/Models_dbl/Main/runs/20260821T164332Z_490383ff/fold_5/norm_stats_main_dbl.npy,20260821T164332Z_490383ff
rec_a3faf476ef2f1bd092ba,/mnt/d/INFANT CRY/data_set_dbl_split/train/tired/1795_M_owh.wav,tired,sha256:2859b957f0a98febd4138bf69b5db9ccd2c1d0836296d13a8557743d092e9da9,5,tired,0.04219405725598335,0.021425193175673485,0.024063976481556892,0.032130032777786255,0.8801867365837097,original,/mnt/d/INFANT CRY/Models_dbl/Main/runs/20260821T164332Z_490383ff/fold_5/fold_5_main_dbl.keras,/mnt/d/INFANT CRY/Models_dbl/Main/runs/20260821T164332Z_490383ff/fold_5/norm_stats_main_dbl.npy,20260821T164332Z_490383ff
rec_a86214024c23c1eb4af8,/mnt/d/INFANT CRY/data_set_dbl_split/train/tired/179_F_owh.wav,tired,sha256:46ee40b16449e56dab56057a22f996c840e1be02aa67c9d2e97bda8770443971,5,tired,0.01884307712316513,0.016006765887141228,0.019960612058639526,0.017381345853209496,0.9278081655502319,original,/mnt/d/INFANT CRY/Models_dbl/Main/runs/20260821T164332Z_490383ff/fold_5/fold_5_main_dbl.keras,/mnt/d/INFANT CRY/Models_dbl/Main/runs/20260821T164332Z_490383ff/fold_5/norm_stats_main_dbl.npy,20260821T164332Z_490383ff
rec_82cb0a4156a7427f3403,/mnt/d/INFANT CRY/data_set_dbl_split/train/tired/1800_M_owh.wav,tired,sha256:b5c94f9139826b5d95dc997be0ca6e5e7e661c9c25a61544f496847dec9df795,5,tired,0.015857310965657234,0.01789454184472561,0.01573529653251171,0.014377535320818424,0.9361352920532227,original,/mnt/d/INFANT CRY/Models_dbl/Main/runs/20260821T164332Z_490383ff/fold_5/fold_5_main_dbl.keras,/mnt/d/INFANT CRY/Models_dbl/Main/runs/20260821T164332Z_490383ff/fold_5/norm_stats_main_dbl.npy,20260821T164332Z_490383ff
rec_231adaa0b0a9fe8c7acd,/mnt/d/INFANT CRY/data_set_dbl_split/train/tired/1858_M_owh.wav,tired,sha256:942f1c26d1c2f2fd801bd48485e14104280900d81f8aadf46c80e775b03bdc8b,5,tired,0.015505818650126457,0.012867096811532974,0.01618797332048416,0.01190595980733633,0.943533182144165,original,/mnt/d/INFANT CRY/Models_dbl/Main/runs/20260821T164332Z_490383ff/fold_5/fold_5_main_dbl.keras,/mnt/d/INFANT CRY/Models_dbl/Main/runs/20260821T164332Z_490383ff/fold_5/norm_stats_main_dbl.npy,20260821T164332Z_490383ff
rec_cdca1935e390a0d6b1bb,/mnt/d/INFANT CRY/data_set_dbl_split/train/tired/1865_M_owh.wav,tired,sha256:e5ba0360ab4414b6412e0a5f9d59ce24b1fb71b38dd77ea8addfd620854b28e9,5,tired,0.017241619527339935,0.0146143464371562,0.01757131516933441,0.0146736865863204,0.935899019241333,original,/mnt/d/INFANT CRY/Models_dbl/Main/runs/20260821T164332Z_490383ff/fold_5/fold_5_main_dbl.keras,/mnt/d/INFANT CRY/Models_dbl/Main/runs/20260821T164332Z_490383ff/fold_5/norm_stats_main_dbl.npy,20260821T164332Z_490383ff
rec_7ce9858654348e280daa,/mnt/d/INFANT CRY/data_set_dbl_split/train/tired/1897_M_owh.wav,tired,sha256:8da8077702be215d2774cd0b5cdc430aa693ea98f2d86c3aa4d188d7781b7030,5,tired,0.018495425581932068,0.015378288924694061,0.01758231595158577,0.013048100285232067,0.9354958534240723,original,/mnt/d/INFANT CRY/Models_dbl/Main/runs/20260821T164332Z_490383ff/fold_5/fold_5_main_dbl.keras,/mnt/d/INFANT CRY/Models_dbl/Main/runs/20260821T164332Z_490383ff/fold_5/norm_stats_main_dbl.npy,20260821T164332Z_490383ff
rec_2b922f2faded71c72c8d,/mnt/d/INFANT CRY/data_set_dbl_split/train/tired/1962_F_owh.wav,tired,sha256:7c402f6eaf7eacf34a7a035992baa53153bfbb1d404b69cad026a6b6eda53b07,5,discomfort,0.027411723509430885,0.015394806861877441,0.908337414264679,0.020077316090464592,0.028778769075870514,original,/mnt/d/INFANT CRY/Models_dbl/Main/runs/20260821T164332Z_490383ff/fold_5/fold_5_main_dbl.keras,/mnt/d/INFANT CRY/Models_dbl/Main/runs/20260821T164332Z_490383ff/fold_5/norm_stats_main_dbl.npy,20260821T164332Z_490383ff
rec_19e3c637f4eccbf04858,/mnt/d/INFANT CRY/data_set_dbl_split/train/tired/1972_M_owh.wav,tired,sha256:0593ce11789b5e1e41471525625f663b573e6508299df09a38c68e2a878547e4,5,tired,0.013897708617150784,0.013146325945854187,0.015550568699836731,0.012528435327112675,0.9448769092559814,original,/mnt/d/INFANT CRY/Models_dbl/Main/runs/20260821T164332Z_490383ff/fold_5/fold_5_main_dbl.keras,/mnt/d/INFANT CRY/Models_dbl/Main/runs/20260821T164332Z_490383ff/fold_5/norm_stats_main_dbl.npy,20260821T164332Z_490383ff
rec_04fda5e943f557aa9f78,/mnt/d/INFANT CRY/data_set_dbl_split/train/tired/2002_F_owh.wav,tired,sha256:83779ba78a12a370cf86f605765ab77692c1d52db6c56f623ed1bea132e13b6c,5,tired,0.014226283878087997,0.015883196145296097,0.014143137261271477,0.019224023446440697,0.9365233182907104,original,/mnt/d/INFANT CRY/Models_dbl/Main/runs/20260821T164332Z_490383ff/fold_5/fold_5_main_dbl.keras,/mnt/d/INFANT CRY/Models_dbl/Main/runs/20260821T164332Z_490383ff/fold_5/norm_stats_main_dbl.npy,20260821T164332Z_490383ff
rec_76ee10c04c09a08d27b0,/mnt/d/INFANT CRY/data_set_dbl_split/train/tired/2017_M_owh.wav,tired,sha256:5025e0d49b62713c1715dff08affadc31905ae1ac78f96b4f7349fb559ba00fb,5,tired,0.011623401194810867,0.011563729494810104,0.013511023484170437,0.01131906732916832,0.9519827961921692,original,/mnt/d/INFANT CRY/Models_dbl/Main/runs/20260821T164332Z_490383ff/fold_5/fold_5_main_dbl.keras,/mnt/d/INFANT CRY/Models_dbl/Main/runs/20260821T164332Z_490383ff/fold_5/norm_stats_main_dbl.npy,20260821T164332Z_490383ff
rec_c60e0a539b432d54ee6a,/mnt/d/INFANT CRY/data_set_dbl_split/train/tired/203_M_owh.wav,tired,sha256:8e143891078d2017a40f88ae993d2f0db5d40e8da20b5029846de40ec106aa4a,5,tired,0.017357895150780678,0.015148486942052841,0.01811998337507248,0.019172387197613716,0.9302012324333191,original,/mnt/d/INFANT CRY/Models_dbl/Main/runs/20260821T164332Z_490383ff/fold_5/fold_5_main_dbl.keras,/mnt/d/INFANT CRY/Models_dbl/Main/runs/20260821T164332Z_490383ff/fold_5/norm_stats_main_dbl.npy,20260821T164332Z_490383ff
rec_0a00acebe2bbcd663c7c,/mnt/d/INFANT CRY/data_set_dbl_split/train/tired/2049_M_owh.wav,tired,sha256:8c10629e951f4f1bbaa9026b6b8867213163ea8f970163a8a57296c1601c7149,5,tired,0.01669851690530777,0.014964757487177849,0.019000209867954254,0.01852337084710598,0.9308131337165833,original,/mnt/d/INFANT CRY/Models_dbl/Main/runs/20260821T164332Z_490383ff/fold_5/fold_5_main_dbl.keras,/mnt/d/INFANT CRY/Models_dbl/Main/runs/20260821T164332Z_490383ff/fold_5/norm_stats_main_dbl.npy,20260821T164332Z_490383ff
rec_2d173a763ed8abad8191,/mnt/d/INFANT CRY/data_set_dbl_split/train/tired/2098_M_owh.wav,tired,sha256:d421f1c3762a6172cdde9438e88f209c25e902542a551d64cab1aa83638b5382,5,tired,0.01296945009380579,0.014264198020100594,0.015034275129437447,0.012968937866389751,0.94476318359375,original,/mnt/d/INFANT CRY/Models_dbl/Main/runs/20260821T164332Z_490383ff/fold_5/fold_5_main_dbl.keras,/mnt/d/INFANT CRY/Models_dbl/Main/runs/20260821T164332Z_490383ff/fold_5/norm_stats_main_dbl.npy,20260821T164332Z_490383ff
rec_79dbb5f5c1e2a3c82bf3,/mnt/d/INFANT CRY/data_set_dbl_split/train/tired/209_M_owh.wav,tired,sha256:f639bc7724e766d223785650fe3b60bf4d921a5036cdc56010b88eca55162ee6,5,tired,0.014897488057613373,0.013856809586286545,0.014881477691233158,0.013141452334821224,0.9432227611541748,original,/mnt/d/INFANT CRY/Models_dbl/Main/runs/20260821T164332Z_490383ff/fold_5/fold_5_main_dbl.keras,/mnt/d/INFANT CRY/Models_dbl/Main/runs/20260821T164332Z_490383ff/fold_5/norm_stats_main_dbl.npy,20260821T164332Z_490383ff
rec_616aef89848784ec9cbd,/mnt/d/INFANT CRY/data_set_dbl_split/train/tired/2133_M_owh.wav,tired,sha256:cf68284c6bdb101cb7567927573f9d2581cf2a5de2ed7fc398cbfb087c633682,5,tired,0.023623822256922722,0.01799204759299755,0.030616741627454758,0.025539079681038857,0.9022282361984253,original,/mnt/d/INFANT CRY/Models_dbl/Main/runs/20260821T164332Z_490383ff/fold_5/fold_5_main_dbl.keras,/mnt/d/INFANT CRY/Models_dbl/Main/runs/20260821T164332Z_490383ff/fold_5/norm_stats_main_dbl.npy,20260821T164332Z_490383ff
rec_ad7a8d3d686c4a2b571d,/mnt/d/INFANT CRY/data_set_dbl_split/train/tired/2135_M_owh.wav,tired,sha256:3082f84df9b6206b8ef6e7749417e62b26a16543dacd215a79fd123402ccdf2a,5,tired,0.0190751850605011,0.01647339202463627,0.0321338027715683,0.017500052228569984,0.9148175716400146,original,/mnt/d/INFANT CRY/Models_dbl/Main/runs/20260821T164332Z_490383ff/fold_5/fold_5_main_dbl.keras,/mnt/d/INFANT CRY/Models_dbl/Main/runs/20260821T164332Z_490383ff/fold_5/norm_stats_main_dbl.npy,20260821T164332Z_490383ff
rec_55c25b068de75a47c841,/mnt/d/INFANT CRY/data_set_dbl_split/train/tired/2146_M_owh.wav,tired,sha256:e7620a449aa208526d666c22fe3df87d65e5c83c359c88aac4e0c99b310076fa,5,tired,0.018210403621196747,0.01616034284234047,0.01525492500513792,0.020986327901482582,0.9293880462646484,original,/mnt/d/INFANT CRY/Models_dbl/Main/runs/20260821T164332Z_490383ff/fold_5/fold_5_main_dbl.keras,/mnt/d/INFANT CRY/Models_dbl/Main/runs/20260821T164332Z_490383ff/fold_5/norm_stats_main_dbl.npy,20260821T164332Z_490383ff
rec_bb979998a38c7d43cc11,/mnt/d/INFANT CRY/data_set_dbl_split/train/tired/2245_M_owh.wav,tired,sha256:0b2111ed62475576e69fbc0defcdd39b28784c1af2ea26d43fbffad8d68e9c87,5,tired,0.016951505094766617,0.015735188499093056,0.01658017933368683,0.015802983194589615,0.9349300861358643,original,/mnt/d/INFANT CRY/Models_dbl/Main/runs/20260821T164332Z_490383ff/fold_5/fold_5_main_dbl.keras,/mnt/d/INFANT CRY/Models_dbl/Main/runs/20260821T164332Z_490383ff/fold_5/norm_stats_main_dbl.npy,20260821T164332Z_490383ff
rec_e5a50c07c9d8e5e7d834,/mnt/d/INFANT CRY/data_set_dbl_split/train/tired/2277_M_owh.wav,tired,sha256:b8062d8170bc3c800ac595eaba2218ec72ee9eca172677ed0993685d23bbe6a3,5,tired,0.04557253047823906,0.022963419556617737,0.031600791960954666,0.025903379544615746,0.8739598989486694,original,/mnt/d/INFANT CRY/Models_dbl/Main/runs/20260821T164332Z_490383ff/fold_5/fold_5_main_dbl.keras,/mnt/d/INFANT CRY/Models_dbl/Main/runs/20260821T164332Z_490383ff/fold_5/norm_stats_main_dbl.npy,20260821T164332Z_490383ff
rec_8507dc9189bc37ede147,/mnt/d/INFANT CRY/data_set_dbl_split/train/tired/2279_M_owh.wav,tired,sha256:7737658c872e33b2c80fe069acaa26e11c3dece985dd8c9feb1ddf4b03cdd420,5,burping,0.027031579986214638,0.8761093616485596,0.027450386434793472,0.027188574895262718,0.042220111936330795,original,/mnt/d/INFANT CRY/Models_dbl/Main/runs/20260821T164332Z_490383ff/fold_5/fold_5_main_dbl.keras,/mnt/d/INFANT CRY/Models_dbl/Main/runs/20260821T164332Z_490383ff/fold_5/norm_stats_main_dbl.npy,20260821T164332Z_490383ff
rec_df785e795ad502503b81,/mnt/d/INFANT CRY/data_set_dbl_split/train/tired/2340_M_owh.wav,tired,sha256:b3b413ba2465559e880193d5fa218c696b1ae9ba25b16c1cdeaccf6993183573,5,tired,0.01346242893487215,0.011735958978533745,0.01506944838911295,0.010934429243206978,0.9487977027893066,original,/mnt/d/INFANT CRY/Models_dbl/Main/runs/20260821T164332Z_490383ff/fold_5/fold_5_main_dbl.keras,/mnt/d/INFANT CRY/Models_dbl/Main/runs/20260821T164332Z_490383ff/fold_5/norm_stats_main_dbl.npy,20260821T164332Z_490383ff
rec_3f575de91dd2ee55abf2,/mnt/d/INFANT CRY/data_set_dbl_split/train/tired/235_M_owh.wav,tired,sha256:88e60ea5fa22c851c94a65e07a838bb9fa0f089cc6bbb29cae1f8d34150a149c,5,burping,0.029478339478373528,0.8566619157791138,0.051508475095033646,0.024565234780311584,0.037786055356264114,original,/mnt/d/INFANT CRY/Models_dbl/Main/runs/20260821T164332Z_490383ff/fold_5/fold_5_main_dbl.keras,/mnt/d/INFANT CRY/Models_dbl/Main/runs/20260821T164332Z_490383ff/fold_5/norm_stats_main_dbl.npy,20260821T164332Z_490383ff
rec_256c67b71693302f5eed,/mnt/d/INFANT CRY/data_set_dbl_split/train/tired/245_M_owh.wav,tired,sha256:361ba4820ca7fb721844d99b85e6a4044641cfbc1a6f2834c7b0bca97f0ce8f1,5,tired,0.012328698299825191,0.01747998408973217,0.014026113785803318,0.014932393096387386,0.9412328600883484,original,/mnt/d/INFANT CRY/Models_dbl/Main/runs/20260821T164332Z_490383ff/fold_5/fold_5_main_dbl.keras,/mnt/d/INFANT CRY/Models_dbl/Main/runs/20260821T164332Z_490383ff/fold_5/norm_stats_main_dbl.npy,20260821T164332Z_490383ff
rec_38a7153fe5890f34dbc3,/mnt/d/INFANT CRY/data_set_dbl_split/train/tired/2473_F_owh.wav,tired,sha256:99e3d5b8d5f9ff9ca0121cfbebaf2a006f3f4307fa7a73d21afddf06e8f1c438,5,tired,0.04705656319856644,0.3208387494087219,0.1411217451095581,0.058778904378414154,0.432204008102417,original,/mnt/d/INFANT CRY/Models_dbl/Main/runs/20260821T164332Z_490383ff/fold_5/fold_5_main_dbl.keras,/mnt/d/INFANT CRY/Models_dbl/Main/runs/20260821T164332Z_490383ff/fold_5/norm_stats_main_dbl.npy,20260821T164332Z_490383ff
rec_90c2b7344379b421742e,/mnt/d/INFANT CRY/data_set_dbl_split/train/tired/2513_M_owh.wav,tired,sha256:3bed97043b4998eabb7a292f1691fd7cde77f02c14da55862e1ea409a95323d4,5,tired,0.011639728210866451,0.010745439678430557,0.013694132678210735,0.00987518485635519,0.9540454745292664,original,/mnt/d/INFANT CRY/Models_dbl/Main/runs/20260821T164332Z_490383ff/fold_5/fold_5_main_dbl.keras,/mnt/d/INFANT CRY/Models_dbl/Main/runs/20260821T164332Z_490383ff/fold_5/norm_stats_main_dbl.npy,20260821T164332Z_490383ff
rec_36dc78bde405c4a98143,/mnt/d/INFANT CRY/data_set_dbl_split/train/tired/2534_M_owh.wav,tired,sha256:6a3868b9299da38316a58fc349aa7395a387c4770ed6280a431e823200a435d4,5,tired,0.026105044409632683,0.018089914694428444,0.01965814083814621,0.018791310489177704,0.9173555970191956,original,/mnt/d/INFANT CRY/Models_dbl/Main/runs/20260821T164332Z_490383ff/fold_5/fold_5_main_dbl.keras,/mnt/d/INFANT CRY/Models_dbl/Main/runs/20260821T164332Z_490383ff/fold_5/norm_stats_main_dbl.npy,20260821T164332Z_490383ff
rec_b3908496284bb1bf91bd,/mnt/d/INFANT CRY/data_set_dbl_split/train/tired/2577_M_owh.wav,tired,sha256:5a160bc78a192acf1ee2ea1a9c3cbe6be9b3f6476ea50c3c7bb65e75711a1aa4,5,tired,0.023376215249300003,0.01663614623248577,0.018605345860123634,0.014845002442598343,0.926537275314331,original,/mnt/d/INFANT CRY/Models_dbl/Main/runs/20260821T164332Z_490383ff/fold_5/fold_5_main_dbl.keras,/mnt/d/INFANT CRY/Models_dbl/Main/runs/20260821T164332Z_490383ff/fold_5/norm_stats_main_dbl.npy,20260821T164332Z_490383ff
rec_a549fbbadfeefdc53ee5,/mnt/d/INFANT CRY/data_set_dbl_split/train/tired/2688_M_owh.wav,tired,sha256:af2076a70ea438a53e1e1df819b5bae820944cc7fd72f8822dfeb37e5362fc2d,5,tired,0.01971413567662239,0.01650363579392433,0.01796010509133339,0.015255263075232506,0.9305668473243713,original,/mnt/d/INFANT CRY/Models_dbl/Main/runs/20260821T164332Z_490383ff/fold_5/fold_5_main_dbl.keras,/mnt/d/INFANT CRY/Models_dbl/Main/runs/20260821T164332Z_490383ff/fold_5/norm_stats_main_dbl.npy,20260821T164332Z_490383ff
rec_aad52c19bc1afac39845,/mnt/d/INFANT CRY/data_set_dbl_split/train/tired/2913_M_owh.wav,tired,sha256:7dcdc572dc5148ea35b56c2e756db40b0394c8143fd21034415456762873aa5a,5,tired,0.016070229932665825,0.013732035644352436,0.016850711777806282,0.013043753802776337,0.9403032660484314,original,/mnt/d/INFANT CRY/Models_dbl/Main/runs/20260821T164332Z_490383ff/fold_5/fold_5_main_dbl.keras,/mnt/d/INFANT CRY/Models_dbl/Main/runs/20260821T164332Z_490383ff/fold_5/norm_stats_main_dbl.npy,20260821T164332Z_490383ff
rec_91852e916c425170d18d,/mnt/d/INFANT CRY/data_set_dbl_split/train/tired/2982_M_owh.wav,tired,sha256:688d024051d539cdbeb8c9f02f2ee5002d54687e495842b927775c21cd6001b1,5,tired,0.015947021543979645,0.01283909473568201,0.01628967374563217,0.012309319339692593,0.9426149129867554,original,/mnt/d/INFANT CRY/Models_dbl/Main/runs/20260821T164332Z_490383ff/fold_5/fold_5_main_dbl.keras,/mnt/d/INFANT CRY/Models_dbl/Main/runs/20260821T164332Z_490383ff/fold_5/norm_stats_main_dbl.npy,20260821T164332Z_490383ff
rec_2f37df5fabe4678f8d30,/mnt/d/INFANT CRY/data_set_dbl_split/train/tired/3009_F_owh.wav,tired,sha256:bcebfca30b113e684af963afd9bae439d7d2608d072f8a69c57ca431a75cc55e,5,tired,0.012751190923154354,0.012375697493553162,0.014404992572963238,0.012280595488846302,0.9481874704360962,original,/mnt/d/INFANT CRY/Models_dbl/Main/runs/20260821T164332Z_490383ff/fold_5/fold_5_main_dbl.keras,/mnt/d/INFANT CRY/Models_dbl/Main/runs/20260821T164332Z_490383ff/fold_5/norm_stats_main_dbl.npy,20260821T164332Z_490383ff
rec_96284b159ff84d9dce47,/mnt/d/INFANT CRY/data_set_dbl_split/train/tired/3042_F_owh.wav,tired,sha256:d056399e986d76921a0215eee59c2ccf374ffb829be0a564caedde6672c2a55b,5,tired,0.01051327120512724,0.01231380458921194,0.013191773556172848,0.012245723977684975,0.9517353773117065,original,/mnt/d/INFANT CRY/Models_dbl/Main/runs/20260821T164332Z_490383ff/fold_5/fold_5_main_dbl.keras,/mnt/d/INFANT CRY/Models_dbl/Main/runs/20260821T164332Z_490383ff/fold_5/norm_stats_main_dbl.npy,20260821T164332Z_490383ff
rec_b36f237f7b4978acb1db,/mnt/d/INFANT CRY/data_set_dbl_split/train/tired/3060_F_owh.wav,tired,sha256:8b90d0322263315ddac8d906018750137862c3cbdf55c3fa1e0ea8afa11a8e13,5,tired,0.02023407816886902,0.01459434349089861,0.018535831943154335,0.015713870525360107,0.9309219121932983,original,/mnt/d/INFANT CRY/Models_dbl/Main/runs/20260821T164332Z_490383ff/fold_5/fold_5_main_dbl.keras,/mnt/d/INFANT CRY/Models_dbl/Main/runs/20260821T164332Z_490383ff/fold_5/norm_stats_main_dbl.npy,20260821T164332Z_490383ff
rec_22403cf126ba290b98a1,/mnt/d/INFANT CRY/data_set_dbl_split/train/tired/3087_F_owh.wav,tired,sha256:cc2289cbe9cd81e3e6cc91871dda3557e9b7131dfb82c27d368dd4179dfb5a67,5,tired,0.013850150629878044,0.012143139727413654,0.014905759133398533,0.011816642247140408,0.9472842812538147,original,/mnt/d/INFANT CRY/Models_dbl/Main/runs/20260821T164332Z_490383ff/fold_5/fold_5_main_dbl.keras,/mnt/d/INFANT CRY/Models_dbl/Main/runs/20260821T164332Z_490383ff/fold_5/norm_stats_main_dbl.npy,20260821T164332Z_490383ff
rec_7a20cf0829b4f9dc62d2,/mnt/d/INFANT CRY/data_set_dbl_split/train/tired/3119_M_owh.wav,tired,sha256:5efdbb630cb124871f88f24e3a2c90b0c0bbfca367e06a0b28bdfae6d211add5,5,tired,0.015823034569621086,0.01539585180580616,0.016256336122751236,0.01561351865530014,0.9369112849235535,original,/mnt/d/INFANT CRY/Models_dbl/Main/runs/20260821T164332Z_490383ff/fold_5/fold_5_main_dbl.keras,/mnt/d/INFANT CRY/Models_dbl/Main/runs/20260821T164332Z_490383ff/fold_5/norm_stats_main_dbl.npy,20260821T164332Z_490383ff
rec_f83d59129647d275969b,/mnt/d/INFANT CRY/data_set_dbl_split/train/tired/3182_M_owh.wav,tired,sha256:3a4de62dca19d5cb872519b330a603f1b2e68f309ddb1be878afaf07f3b8a01b,5,tired,0.02072765678167343,0.014640024863183498,0.017684681341052055,0.01501043327152729,0.9319371581077576,original,/mnt/d/INFANT CRY/Models_dbl/Main/runs/20260821T164332Z_490383ff/fold_5/fold_5_main_dbl.keras,/mnt/d/INFANT CRY/Models_dbl/Main/runs/20260821T164332Z_490383ff/fold_5/norm_stats_main_dbl.npy,20260821T164332Z_490383ff
rec_def926e98a06d94ba4c5,/mnt/d/INFANT CRY/data_set_dbl_split/train/tired/3184_M_owh.wav,tired,sha256:f6f628192120abea7add722c8f971647ec4c940ca95b0891c7286f9da4b8e9c1,5,tired,0.01652991771697998,0.013263818807899952,0.01561049185693264,0.01277952641248703,0.9418162107467651,original,/mnt/d/INFANT CRY/Models_dbl/Main/runs/20260821T164332Z_490383ff/fold_5/fold_5_main_dbl.keras,/mnt/d/INFANT CRY/Models_dbl/Main/runs/20260821T164332Z_490383ff/fold_5/norm_stats_main_dbl.npy,20260821T164332Z_490383ff
rec_fded9f738d44034dab18,/mnt/d/INFANT CRY/data_set_dbl_split/train/tired/3260_F_owh.wav,tired,sha256:1444a31e68c98343054fc1637e413b98c868e987765569faf8c62b31d4566a89,5,tired,0.012988804839551449,0.011814379133284092,0.014657514169812202,0.010106651112437248,0.9504326581954956,original,/mnt/d/INFANT CRY/Models_dbl/Main/runs/20260821T164332Z_490383ff/fold_5/fold_5_main_dbl.keras,/mnt/d/INFANT CRY/Models_dbl/Main/runs/20260821T164332Z_490383ff/fold_5/norm_stats_main_dbl.npy,20260821T164332Z_490383ff
rec_eea6caa7a91e0e4bafc4,/mnt/d/INFANT CRY/data_set_dbl_split/train/tired/3266_F_owh.wav,tired,sha256:62714e2279a69f615b677c93822babc284fb9786c18a5d886e4a17de3dd70d6c,5,tired,0.014876052737236023,0.014712712727487087,0.01925402693450451,0.015394086018204689,0.9357631206512451,original,/mnt/d/INFANT CRY/Models_dbl/Main/runs/20260821T164332Z_490383ff/fold_5/fold_5_main_dbl.keras,/mnt/d/INFANT CRY/Models_dbl/Main/runs/20260821T164332Z_490383ff/fold_5/norm_stats_main_dbl.npy,20260821T164332Z_490383ff
rec_693b5660dfb3691e5e4b,/mnt/d/INFANT CRY/data_set_dbl_split/train/tired/3338_F_owh.wav,tired,sha256:3e12d76e3e8c27a43383fc9d22e2d51c8932db73786c03253f688f6c8d423114,5,tired,0.03421349823474884,0.05571337789297104,0.07357430458068848,0.04391967132687569,0.7925791144371033,original,/mnt/d/INFANT CRY/Models_dbl/Main/runs/20260821T164332Z_490383ff/fold_5/fold_5_main_dbl.keras,/mnt/d/INFANT CRY/Models_dbl/Main/runs/20260821T164332Z_490383ff/fold_5/norm_stats_main_dbl.npy,20260821T164332Z_490383ff
rec_9f49b115ba8fb6511373,/mnt/d/INFANT CRY/data_set_dbl_split/train/tired/3368_M_owh.wav,tired,sha256:4c496bbdc6c72663432b44486358fea54904c93b3319cbab2cd8156a9fa31c06,5,tired,0.023424258455634117,0.016858836635947227,0.019439121708273888,0.01906745322048664,0.9212103486061096,original,/mnt/d/INFANT CRY/Models_dbl/Main/runs/20260821T164332Z_490383ff/fold_5/fold_5_main_dbl.keras,/mnt/d/INFANT CRY/Models_dbl/Main/runs/20260821T164332Z_490383ff/fold_5/norm_stats_main_dbl.npy,20260821T164332Z_490383ff
rec_878ecfe3cff21671113b,/mnt/d/INFANT CRY/data_set_dbl_split/train/tired/3391_M_owh.wav,tired,sha256:20baa0a89e13f98f4973f5b6584d3123fcbbe53b4158e83b2bc0ad7267751cd1,5,tired,0.030055932700634003,0.02272573672235012,0.020941095426678658,0.015618040226399899,0.9106591939926147,original,/mnt/d/INFANT CRY/Models_dbl/Main/runs/20260821T164332Z_490383ff/fold_5/fold_5_main_dbl.keras,/mnt/d/INFANT CRY/Models_dbl/Main/runs/20260821T164332Z_490383ff/fold_5/norm_stats_main_dbl.npy,20260821T164332Z_490383ff
rec_951deba6a4c6cfefbda2,/mnt/d/INFANT CRY/data_set_dbl_split/train/tired/3436_M_owh.wav,tired,sha256:ec87e95449cdceea45da2d5fa49412024554d0e883253ae7597774776b466fcc,5,tired,0.014778277836740017,0.013515295460820198,0.015747666358947754,0.01383094023913145,0.9421278238296509,original,/mnt/d/INFANT CRY/Models_dbl/Main/runs/20260821T164332Z_490383ff/fold_5/fold_5_main_dbl.keras,/mnt/d/INFANT CRY/Models_dbl/Main/runs/20260821T164332Z_490383ff/fold_5/norm_stats_main_dbl.npy,20260821T164332Z_490383ff
rec_a9a998b8b102f1ba4290,/mnt/d/INFANT CRY/data_set_dbl_split/train/tired/3476_F_owh.wav,tired,sha256:425b39296cd46bd1fd0bbbebae3665a3e4bb71c31ebf671767d6c4d0fd70ceb7,5,tired,0.016344785690307617,0.015665754675865173,0.015271222218871117,0.014295017346739769,0.9384231567382812,original,/mnt/d/INFANT CRY/Models_dbl/Main/runs/20260821T164332Z_490383ff/fold_5/fold_5_main_dbl.keras,/mnt/d/INFANT CRY/Models_dbl/Main/runs/20260821T164332Z_490383ff/fold_5/norm_stats_main_dbl.npy,20260821T164332Z_490383ff
rec_a6bae959a6f324900e75,/mnt/d/INFANT CRY/data_set_dbl_split/train/tired/3510_M_owh.wav,tired,sha256:95e61baf5c0ced2a0e2ea77c7f11e0ccc9851e47866f5c4c64c03a3f9d2579ea,5,tired,0.011243768036365509,0.012520991265773773,0.014546111226081848,0.01231190375983715,0.9493772387504578,original,/mnt/d/INFANT CRY/Models_dbl/Main/runs/20260821T164332Z_490383ff/fold_5/fold_5_main_dbl.keras,/mnt/d/INFANT CRY/Models_dbl/Main/runs/20260821T164332Z_490383ff/fold_5/norm_stats_main_dbl.npy,20260821T164332Z_490383ff
rec_799682d9b3d1dce15dc7,/mnt/d/INFANT CRY/data_set_dbl_split/train/tired/3536_M_owh.wav,tired,sha256:e57afcd702642b1b435b2241dd4313da21a3b3f1f6e5f10d6433f6cfb28d4642,5,tired,0.018812647089362144,0.014832734130322933,0.01769375056028366,0.014790627174079418,0.933870255947113,original,/mnt/d/INFANT CRY/Models_dbl/Main/runs/20260821T164332Z_490383ff/fold_5/fold_5_main_dbl.keras,/mnt/d/INFANT CRY/Models_dbl/Main/runs/20260821T164332Z_490383ff/fold_5/norm_stats_main_dbl.npy,20260821T164332Z_490383ff
rec_05a9f456dd74327c3967,/mnt/d/INFANT CRY/data_set_dbl_split/train/tired/3546_M_owh.wav,tired,sha256:d175301c9784270a84d6dc1c20b95b540bacacf3fab78277009e2c0ed9fa6c9e,5,tired,0.02775638736784458,0.018291572108864784,0.01904267445206642,0.020794996991753578,0.9141143560409546,original,/mnt/d/INFANT CRY/Models_dbl/Main/runs/20260821T164332Z_490383ff/fold_5/fold_5_main_dbl.keras,/mnt/d/INFANT CRY/Models_dbl/Main/runs/20260821T164332Z_490383ff/fold_5/norm_stats_main_dbl.npy,20260821T164332Z_490383ff
rec_e1f86ed57a4cce9a58ab,/mnt/d/INFANT CRY/data_set_dbl_split/train/tired/3564_M_owh.wav,tired,sha256:6f9a7df1216ecd394f1bd10bded1731df5f19d889377b45b5b4a978c6b23d975,5,tired,0.010494527406990528,0.012640606611967087,0.014225762337446213,0.01614460162818432,0.946494460105896,original,/mnt/d/INFANT CRY/Models_dbl/Main/runs/20260821T164332Z_490383ff/fold_5/fold_5_main_dbl.keras,/mnt/d/INFANT CRY/Models_dbl/Main/runs/20260821T164332Z_490383ff/fold_5/norm_stats_main_dbl.npy,20260821T164332Z_490383ff
rec_af8725fa49b24a73dcd1,/mnt/d/INFANT CRY/data_set_dbl_split/train/tired/3606_M_owh.wav,tired,sha256:0cf8f22204fd0cc6d43e33cce731359352d7b914de9d2a1df5a17a17e244233d,5,tired,0.015851125121116638,0.015819599851965904,0.016331490129232407,0.020230527967214584,0.9317672252655029,original,/mnt/d/INFANT CRY/Models_dbl/Main/runs/20260821T164332Z_490383ff/fold_5/fold_5_main_dbl.keras,/mnt/d/INFANT CRY/Models_dbl/Main/runs/20260821T164332Z_490383ff/fold_5/norm_stats_main_dbl.npy,20260821T164332Z_490383ff
rec_b650c425c68f30aad60f,/mnt/d/INFANT CRY/data_set_dbl_split/train/tired/3632_F_owh.wav,tired,sha256:47808540c2a1b74b6bc15169986af43e256a3a0c2cd348a756d7cddc7af3fc36,5,tired,0.01140931248664856,0.010496952570974827,0.01351590733975172,0.009455378167331219,0.9551224112510681,original,/mnt/d/INFANT CRY/Models_dbl/Main/runs/20260821T164332Z_490383ff/fold_5/fold_5_main_dbl.keras,/mnt/d/INFANT CRY/Models_dbl/Main/runs/20260821T164332Z_490383ff/fold_5/norm_stats_main_dbl.npy,20260821T164332Z_490383ff
rec_d01320b5d6d8b4851462,/mnt/d/INFANT CRY/data_set_dbl_split/train/tired/3698_M_owh.wav,tired,sha256:dec0260ab1bf580d26d3fd8d6bedf36edffc09008055c02571a298c750596aa2,5,tired,0.014509068801999092,0.013178620487451553,0.01713026501238346,0.013682969845831394,0.9414990544319153,original,/mnt/d/INFANT CRY/Models_dbl/Main/runs/20260821T164332Z_490383ff/fold_5/fold_5_main_dbl.keras,/mnt/d/INFANT CRY/Models_dbl/Main/runs/20260821T164332Z_490383ff/fold_5/norm_stats_main_dbl.npy,20260821T164332Z_490383ff
rec_eb639b159e440fa68f18,/mnt/d/INFANT CRY/data_set_dbl_split/train/tired/3894_M_owh.wav,tired,sha256:3c19ab4b04d9e102fdf01eb86629191fc6baef8b89e22e03fcb9d561747bbbf9,5,tired,0.01593366265296936,0.015049570240080357,0.020691625773906708,0.016880150884389877,0.9314449429512024,original,/mnt/d/INFANT CRY/Models_dbl/Main/runs/20260821T164332Z_490383ff/fold_5/fold_5_main_dbl.keras,/mnt/d/INFANT CRY/Models_dbl/Main/runs/20260821T164332Z_490383ff/fold_5/norm_stats_main_dbl.npy,20260821T164332Z_490383ff
rec_85216b6329c5ac0267b9,/mnt/d/INFANT CRY/data_set_dbl_split/train/tired/3921_M_owh.wav,tired,sha256:2a8d50848f8575361996901d0b8fdbd7f60828c0c3c600dd06667f2a6ab39c61,5,tired,0.01420067809522152,0.012529324740171432,0.01550506241619587,0.012592009268701077,0.945172905921936,original,/mnt/d/INFANT CRY/Models_dbl/Main/runs/20260821T164332Z_490383ff/fold_5/fold_5_main_dbl.keras,/mnt/d/INFANT CRY/Models_dbl/Main/runs/20260821T164332Z_490383ff/fold_5/norm_stats_main_dbl.npy,20260821T164332Z_490383ff
rec_68e42d397f27be46fa63,/mnt/d/INFANT CRY/data_set_dbl_split/train/tired/3948_F_owh.wav,tired,sha256:cbd83c6e74adab9f08449af15b91ab4d337f2b18301b7438d6a6035c63cbe188,5,tired,0.012237828224897385,0.012376044876873493,0.015000312589108944,0.013484758324921131,0.9469010829925537,original,/mnt/d/INFANT CRY/Models_dbl/Main/runs/20260821T164332Z_490383ff/fold_5/fold_5_main_dbl.keras,/mnt/d/INFANT CRY/Models_dbl/Main/runs/20260821T164332Z_490383ff/fold_5/norm_stats_main_dbl.npy,20260821T164332Z_490383ff
rec_8afa1d21029efff478e7,/mnt/d/INFANT CRY/data_set_dbl_split/train/tired/4005_M_owh.wav,tired,sha256:df7975cb75a261d842d2999bece606d627ec4ddd2f3225966d034b540f062cea,5,tired,0.02405070699751377,0.01874646544456482,0.02130446955561638,0.019237414002418518,0.9166609048843384,original,/mnt/d/INFANT CRY/Models_dbl/Main/runs/20260821T164332Z_490383ff/fold_5/fold_5_main_dbl.keras,/mnt/d/INFANT CRY/Models_dbl/Main/runs/20260821T164332Z_490383ff/fold_5/norm_stats_main_dbl.npy,20260821T164332Z_490383ff
rec_b0d9dfa4b7714df3efd3,/mnt/d/INFANT CRY/data_set_dbl_split/train/tired/4062_M_owh.wav,tired,sha256:199886c973ce482dc2caa7d59dd42385e295f49607aaff8fe0add77b8fa1fb31,5,tired,0.01765853352844715,0.014111699536442757,0.017206398770213127,0.014533842913806438,0.9364895820617676,original,/mnt/d/INFANT CRY/Models_dbl/Main/runs/20260821T164332Z_490383ff/fold_5/fold_5_main_dbl.keras,/mnt/d/INFANT CRY/Models_dbl/Main/runs/20260821T164332Z_490383ff/fold_5/norm_stats_main_dbl.npy,20260821T164332Z_490383ff
rec_1c3a8befa18e3f2bc2e2,/mnt/d/INFANT CRY/data_set_dbl_split/train/tired/4172_F_owh.wav,tired,sha256:65cc0faa0d975cb936f4809d4b3a7929dc726b6c7a53b89a483b3144cd73dbaa,5,tired,0.018118448555469513,0.015348468907177448,0.016893841326236725,0.016064820811152458,0.9335744380950928,original,/mnt/d/INFANT CRY/Models_dbl/Main/runs/20260821T164332Z_490383ff/fold_5/fold_5_main_dbl.keras,/mnt/d/INFANT CRY/Models_dbl/Main/runs/20260821T164332Z_490383ff/fold_5/norm_stats_main_dbl.npy,20260821T164332Z_490383ff
rec_0f1fcdcd25df08eea493,/mnt/d/INFANT CRY/data_set_dbl_split/train/tired/4201_M_owh.wav,tired,sha256:e9acf5e28766ce86732acf259817d4c447e6eb3a83b5d2fa700a28316bce3787,5,tired,0.018040332943201065,0.014882654882967472,0.017873376607894897,0.014039294794201851,0.9351642727851868,original,/mnt/d/INFANT CRY/Models_dbl/Main/runs/20260821T164332Z_490383ff/fold_5/fold_5_main_dbl.keras,/mnt/d/INFANT CRY/Models_dbl/Main/runs/20260821T164332Z_490383ff/fold_5/norm_stats_main_dbl.npy,20260821T164332Z_490383ff
rec_5f68d74ee9d2e3363a5b,/mnt/d/INFANT CRY/data_set_dbl_split/train/tired/4204_M_owh.wav,tired,sha256:5bc61b7b0b4dd14d0db526e6f70717cd2e0909c37e09218c515ad29da8735c7a,5,tired,0.01464279368519783,0.014726763591170311,0.016224008053541183,0.021779891103506088,0.932626485824585,original,/mnt/d/INFANT CRY/Models_dbl/Main/runs/20260821T164332Z_490383ff/fold_5/fold_5_main_dbl.keras,/mnt/d/INFANT CRY/Models_dbl/Main/runs/20260821T164332Z_490383ff/fold_5/norm_stats_main_dbl.npy,20260821T164332Z_490383ff
rec_20f80be143796621563d,/mnt/d/INFANT CRY/data_set_dbl_split/train/tired/4246_M_owh.wav,tired,sha256:856326832837f6e312661814190d9e5d1f8941e778b1413ce1e78b5262d0af28,5,tired,0.014172891154885292,0.012837335467338562,0.015268669463694096,0.011517749167978764,0.9462034106254578,original,/mnt/d/INFANT CRY/Models_dbl/Main/runs/20260821T164332Z_490383ff/fold_5/fold_5_main_dbl.keras,/mnt/d/INFANT CRY/Models_dbl/Main/runs/20260821T164332Z_490383ff/fold_5/norm_stats_main_dbl.npy,20260821T164332Z_490383ff
rec_9974b4477bbeef0092e4,/mnt/d/INFANT CRY/data_set_dbl_split/train/tired/4272_M_owh.wav,tired,sha256:53ec0276bdc29fdbac36446ade58fefbb3d7466fc49d819e391cfd7794bf6328,5,tired,0.016718851402401924,0.013677763752639294,0.016093075275421143,0.011947611346840858,0.9415627121925354,original,/mnt/d/INFANT CRY/Models_dbl/Main/runs/20260821T164332Z_490383ff/fold_5/fold_5_main_dbl.keras,/mnt/d/INFANT CRY/Models_dbl/Main/runs/20260821T164332Z_490383ff/fold_5/norm_stats_main_dbl.npy,20260821T164332Z_490383ff
rec_89750d3ef7380e0066ad,/mnt/d/INFANT CRY/data_set_dbl_split/train/tired/4284_M_owh.wav,tired,sha256:c8e10e59c38f238766100518a9afbab28452a0f1b283b6cccc6a1e07df7d0cd4,5,tired,0.025298859924077988,0.01688840240240097,0.01934814453125,0.015840617939829826,0.9226239919662476,original,/mnt/d/INFANT CRY/Models_dbl/Main/runs/20260821T164332Z_490383ff/fold_5/fold_5_main_dbl.keras,/mnt/d/INFANT CRY/Models_dbl/Main/runs/20260821T164332Z_490383ff/fold_5/norm_stats_main_dbl.npy,20260821T164332Z_490383ff
rec_263e95bdf9b45638bb27,/mnt/d/INFANT CRY/data_set_dbl_split/train/tired/432_F_owh.wav,tired,sha256:fb4b5fea56cc5f677b0caaa673675eaf934389984305e80a5082c350c0aa0bb1,5,tired,0.0266607366502285,0.05656566098332405,0.023168740794062614,0.03635116294026375,0.8572536706924438,original,/mnt/d/INFANT CRY/Models_dbl/Main/runs/20260821T164332Z_490383ff/fold_5/fold_5_main_dbl.keras,/mnt/d/INFANT CRY/Models_dbl/Main/runs/20260821T164332Z_490383ff/fold_5/norm_stats_main_dbl.npy,20260821T164332Z_490383ff
rec_6883498825c32e7e15df,/mnt/d/INFANT CRY/data_set_dbl_split/train/tired/4334_F_owh.wav,tired,sha256:590ce0f43a35f542138750212340fd0d18288ae68c86306bbc12b5ad1cd49626,5,tired,0.013057253323495388,0.012102963402867317,0.014487775973975658,0.010751255787909031,0.9496007561683655,original,/mnt/d/INFANT CRY/Models_dbl/Main/runs/20260821T164332Z_490383ff/fold_5/fold_5_main_dbl.keras,/mnt/d/INFANT CRY/Models_dbl/Main/runs/20260821T164332Z_490383ff/fold_5/norm_stats_main_dbl.npy,20260821T164332Z_490383ff
rec_1c58cbabee035ccc3d2f,/mnt/d/INFANT CRY/data_set_dbl_split/train/tired/4400_F_owh.wav,tired,sha256:65241fd13acf438416464657ccd276d1e75e05c481c9ee2d435913cc75cab595,5,tired,0.010939419269561768,0.01150178350508213,0.013418789952993393,0.01188723836094141,0.9522527456283569,original,/mnt/d/INFANT CRY/Models_dbl/Main/runs/20260821T164332Z_490383ff/fold_5/fold_5_main_dbl.keras,/mnt/d/INFANT CRY/Models_dbl/Main/runs/20260821T164332Z_490383ff/fold_5/norm_stats_main_dbl.npy,20260821T164332Z_490383ff
rec_3dad8401d5cae0a8a2e7,/mnt/d/INFANT CRY/data_set_dbl_split/train/tired/4408_M_owh.wav,tired,sha256:80fe7cfe96f2a0913d112c7094a1b3c98b901bb586bdce911e0fa1d0105739b4,5,tired,0.030654292553663254,0.019638529047369957,0.021093346178531647,0.018597478047013283,0.9100163578987122,original,/mnt/d/INFANT CRY/Models_dbl/Main/runs/20260821T164332Z_490383ff/fold_5/fold_5_main_dbl.keras,/mnt/d/INFANT CRY/Models_dbl/Main/runs/20260821T164332Z_490383ff/fold_5/norm_stats_main_dbl.npy,20260821T164332Z_490383ff
rec_77fdfcc3851cb5479103,/mnt/d/INFANT CRY/data_set_dbl_split/train/tired/4419_F_owh.wav,tired,sha256:09e178ead89126c3459dcfcf370e8fe10b0877f709e5da73917cdab8d07bcf50,5,tired,0.012380658648908138,0.012832552194595337,0.014662000350654125,0.012427117675542831,0.9476976990699768,original,/mnt/d/INFANT CRY/Models_dbl/Main/runs/20260821T164332Z_490383ff/fold_5/fold_5_main_dbl.keras,/mnt/d/INFANT CRY/Models_dbl/Main/runs/20260821T164332Z_490383ff/fold_5/norm_stats_main_dbl.npy,20260821T164332Z_490383ff
rec_00fb21fcc5074d6fdb5e,/mnt/d/INFANT CRY/data_set_dbl_split/train/tired/4562_M_owh.wav,tired,sha256:58de5f5db07f4128aef184c78d95e747f9996611880ce8790b34e84c68e41c44,5,tired,0.01376185193657875,0.012133261188864708,0.015150761231780052,0.011480877175927162,0.9474732875823975,original,/mnt/d/INFANT CRY/Models_dbl/Main/runs/20260821T164332Z_490383ff/fold_5/fold_5_main_dbl.keras,/mnt/d/INFANT CRY/Models_dbl/Main/runs/20260821T164332Z_490383ff/fold_5/norm_stats_main_dbl.npy,20260821T164332Z_490383ff
rec_b95e828869b8020bd53c,/mnt/d/INFANT CRY/data_set_dbl_split/train/tired/4584_M_owh.wav,tired,sha256:87ca9f79ec38ca0b6d95de729882a447d9d4765066af70151b300fd87cb201a5,5,tired,0.013544632121920586,0.012483214028179646,0.015458176843822002,0.01461926382035017,0.9438946843147278,original,/mnt/d/INFANT CRY/Models_dbl/Main/runs/20260821T164332Z_490383ff/fold_5/fold_5_main_dbl.keras,/mnt/d/INFANT CRY/Models_dbl/Main/runs/20260821T164332Z_490383ff/fold_5/norm_stats_main_dbl.npy,20260821T164332Z_490383ff
rec_1b847cfb573f21d20e31,/mnt/d/INFANT CRY/data_set_dbl_split/train/tired/4599_M_owh.wav,tired,sha256:80496141a8ddb8f4b696031db4b6792b003c53008af8409e20cb865619c1c704,5,tired,0.015258090570569038,0.014358596876263618,0.015363550744950771,0.015077129006385803,0.9399425983428955,original,/mnt/d/INFANT CRY/Models_dbl/Main/runs/20260821T164332Z_490383ff/fold_5/fold_5_main_dbl.keras,/mnt/d/INFANT CRY/Models_dbl/Main/runs/20260821T164332Z_490383ff/fold_5/norm_stats_main_dbl.npy,20260821T164332Z_490383ff
rec_355d44738a3cd884e41c,/mnt/d/INFANT CRY/data_set_dbl_split/train/tired/4645_M_owh.wav,tired,sha256:817f42283fbc11374f4336546c587e2412f6c846f534393ae1b9e414e64a9327,5,tired,0.018916059285402298,0.016883542761206627,0.018074745312333107,0.01967541128396988,0.926450252532959,original,/mnt/d/INFANT CRY/Models_dbl/Main/runs/20260821T164332Z_490383ff/fold_5/fold_5_main_dbl.keras,/mnt/d/INFANT CRY/Models_dbl/Main/runs/20260821T164332Z_490383ff/fold_5/norm_stats_main_dbl.npy,20260821T164332Z_490383ff
rec_d6daf89e3543d184f03f,/mnt/d/INFANT CRY/data_set_dbl_split/train/tired/4778_M_owh.wav,tired,sha256:a53ca83f65df06e2d01ac455624b90d64fbb6a49ad2cb626265c3cf8a359fcd9,5,tired,0.009672815911471844,0.014527653343975544,0.011932959780097008,0.012810979038476944,0.9510555863380432,original,/mnt/d/INFANT CRY/Models_dbl/Main/runs/20260821T164332Z_490383ff/fold_5/fold_5_main_dbl.keras,/mnt/d/INFANT CRY/Models_dbl/Main/runs/20260821T164332Z_490383ff/fold_5/norm_stats_main_dbl.npy,20260821T164332Z_490383ff
rec_83f23afa6330fae6181e,/mnt/d/INFANT CRY/data_set_dbl_split/train/tired/4896_M_owh.wav,tired,sha256:d2e0a0d7866ef4686097a8cb681eccf2033fe491fa81a206afad9dc9218a6ffd,5,tired,0.013540538027882576,0.012911745347082615,0.015473333187401295,0.01258409209549427,0.9454902410507202,original,/mnt/d/INFANT CRY/Models_dbl/Main/runs/20260821T164332Z_490383ff/fold_5/fold_5_main_dbl.keras,/mnt/d/INFANT CRY/Models_dbl/Main/runs/20260821T164332Z_490383ff/fold_5/norm_stats_main_dbl.npy,20260821T164332Z_490383ff
rec_aa622ce0d0bae1228e63,/mnt/d/INFANT CRY/data_set_dbl_split/train/tired/491_M_owh.wav,tired,sha256:f02101e72012844b36cd37f78a95ead77560fc486c4fdadaaa0aeefa9df2145d,5,tired,0.01061276812106371,0.010588303208351135,0.01340633723884821,0.011788035742938519,0.9536046385765076,original,/mnt/d/INFANT CRY/Models_dbl/Main/runs/20260821T164332Z_490383ff/fold_5/fold_5_main_dbl.keras,/mnt/d/INFANT CRY/Models_dbl/Main/runs/20260821T164332Z_490383ff/fold_5/norm_stats_main_dbl.npy,20260821T164332Z_490383ff
rec_0df23d992fca0246997b,/mnt/d/INFANT CRY/data_set_dbl_split/train/tired/4921_M_owh.wav,tired,sha256:46e8faa3cdda416a6b3e4806616471bd4d4ef38644848951817fd5dc337ddab4,5,tired,0.019627047702670097,0.014820368960499763,0.017201391980051994,0.015100687742233276,0.9332504868507385,original,/mnt/d/INFANT CRY/Models_dbl/Main/runs/20260821T164332Z_490383ff/fold_5/fold_5_main_dbl.keras,/mnt/d/INFANT CRY/Models_dbl/Main/runs/20260821T164332Z_490383ff/fold_5/norm_stats_main_dbl.npy,20260821T164332Z_490383ff
rec_3fb82535486bf0d41cfc,/mnt/d/INFANT CRY/data_set_dbl_split/train/tired/4971_M_owh.wav,tired,sha256:3054a493a1aee30f83f4372e94e6db1bd00913b7ad8fd31d73246bbec1bba22c,5,burping,0.02829032763838768,0.852610170841217,0.031088028103113174,0.032797668129205704,0.05521382763981819,original,/mnt/d/INFANT CRY/Models_dbl/Main/runs/20260821T164332Z_490383ff/fold_5/fold_5_main_dbl.keras,/mnt/d/INFANT CRY/Models_dbl/Main/runs/20260821T164332Z_490383ff/fold_5/norm_stats_main_dbl.npy,20260821T164332Z_490383ff
rec_e9a32a70ab1a0d3ad1d9,/mnt/d/INFANT CRY/data_set_dbl_split/train/tired/508_M_owh.wav,tired,sha256:4d1fa45fb987cf9f0a69677c85c0a79b380df14deb98cc6ae4ec7e57314b313d,5,tired,0.10787778347730637,0.39470216631889343,0.0462297759950161,0.04717330262064934,0.40401700139045715,original,/mnt/d/INFANT CRY/Models_dbl/Main/runs/20260821T164332Z_490383ff/fold_5/fold_5_main_dbl.keras,/mnt/d/INFANT CRY/Models_dbl/Main/runs/20260821T164332Z_490383ff/fold_5/norm_stats_main_dbl.npy,20260821T164332Z_490383ff
rec_5dc7945172688f2ec107,/mnt/d/INFANT CRY/data_set_dbl_split/train/tired/521_M_owh.wav,tired,sha256:6c1ae6c6e0cf14e7f0675dd57aab10e1f5c4bd5afcfd0b554cd50b0fc9bcf3bb,5,tired,0.032659221440553665,0.019312238320708275,0.02074418030679226,0.019117694348096848,0.9081666469573975,original,/mnt/d/INFANT CRY/Models_dbl/Main/runs/20260821T164332Z_490383ff/fold_5/fold_5_main_dbl.keras,/mnt/d/INFANT CRY/Models_dbl/Main/runs/20260821T164332Z_490383ff/fold_5/norm_stats_main_dbl.npy,20260821T164332Z_490383ff
rec_71a7c45341ab66e94da9,/mnt/d/INFANT CRY/data_set_dbl_split/train/tired/633_M_owh.wav,tired,sha256:58e32de290cbc2c2ae9183b3f61d794d50015fae708d7b1b43e4a9189835b1f4,5,tired,0.014830433763563633,0.01401497796177864,0.01593467965722084,0.017987532541155815,0.9372323155403137,original,/mnt/d/INFANT CRY/Models_dbl/Main/runs/20260821T164332Z_490383ff/fold_5/fold_5_main_dbl.keras,/mnt/d/INFANT CRY/Models_dbl/Main/runs/20260821T164332Z_490383ff/fold_5/norm_stats_main_dbl.npy,20260821T164332Z_490383ff
rec_8c8c6149d8b72a83e73f,/mnt/d/INFANT CRY/data_set_dbl_split/train/tired/731_M_owh.wav,tired,sha256:1ee1b23da52bfbb3e84db221528ccb4092c18c171e8bdd5273bc4935eefa7259,5,tired,0.014155678451061249,0.014669050462543964,0.014576161280274391,0.01381377037614584,0.9427853226661682,original,/mnt/d/INFANT CRY/Models_dbl/Main/runs/20260821T164332Z_490383ff/fold_5/fold_5_main_dbl.keras,/mnt/d/INFANT CRY/Models_dbl/Main/runs/20260821T164332Z_490383ff/fold_5/norm_stats_main_dbl.npy,20260821T164332Z_490383ff
rec_e53691861d657ac50308,/mnt/d/INFANT CRY/data_set_dbl_split/train/tired/909_M_owh.wav,tired,sha256:e893eeed503b5730d0fd4412d3c075c4e9ba103828d75aecdf5610ec82a699f2,5,tired,0.018110668286681175,0.014739210717380047,0.016479000449180603,0.013418539427220821,0.9372525215148926,original,/mnt/d/INFANT CRY/Models_dbl/Main/runs/20260821T164332Z_490383ff/fold_5/fold_5_main_dbl.keras,/mnt/d/INFANT CRY/Models_dbl/Main/runs/20260821T164332Z_490383ff/fold_5/norm_stats_main_dbl.npy,20260821T164332Z_490383ff
rec_b4d2ffa0d09f146f825e,/mnt/d/INFANT CRY/data_set_dbl_split/train/tired/968_M_owh.wav,tired,sha256:d99c560cc52242c24cd8db127abfdec32efd74796dfd0e8daa16734b37bb6ecf,5,tired,0.015120314434170723,0.012859256006777287,0.015567811205983162,0.012991215102374554,0.9434614181518555,original,/mnt/d/INFANT CRY/Models_dbl/Main/runs/20260821T164332Z_490383ff/fold_5/fold_5_main_dbl.keras,/mnt/d/INFANT CRY/Models_dbl/Main/runs/20260821T164332Z_490383ff/fold_5/norm_stats_main_dbl.npy,20260821T164332Z_490383ff
rec_791c3a0f00b03d3784f6,/mnt/d/INFANT CRY/data_set_dbl_split/train/tired/dunstan-owh_11.wav,tired,sha256:b1a066b869c0fc8b2decd48228df46cfe90d42141163415e109def4c1eaa9ae6,5,hungry,0.026826508343219757,0.03341558203101158,0.04802386462688446,0.6924891471862793,0.19924485683441162,original,/mnt/d/INFANT CRY/Models_dbl/Main/runs/20260821T164332Z_490383ff/fold_5/fold_5_main_dbl.keras,/mnt/d/INFANT CRY/Models_dbl/Main/runs/20260821T164332Z_490383ff/fold_5/norm_stats_main_dbl.npy,20260821T164332Z_490383ff
rec_f9fb47e8a3ed0a22c4ad,/mnt/d/INFANT CRY/data_set_dbl_split/train/tired/dunstan-owh_12.wav,tired,sha256:2c1b4785158659189577572996f6ffab051d254ac8485a4d8cdbc67164bf58eb,5,tired,0.01652904972434044,0.015628419816493988,0.017165960744023323,0.017071891576051712,0.9336046576499939,original,/mnt/d/INFANT CRY/Models_dbl/Main/runs/20260821T164332Z_490383ff/fold_5/fold_5_main_dbl.keras,/mnt/d/INFANT CRY/Models_dbl/Main/runs/20260821T164332Z_490383ff/fold_5/norm_stats_main_dbl.npy,20260821T164332Z_490383ff
rec_07e5db55d1ce35b3edde,/mnt/d/INFANT CRY/data_set_dbl_split/train/tired/dunstan-owh_22.wav,tired,sha256:9cdcaf3f0fb22cdd1453dec7eee912feb741055f3e43f2e24f288ad615855ef7,5,tired,0.04856156185269356,0.029858052730560303,0.02796337381005287,0.10196603089570999,0.7916510105133057,original,/mnt/d/INFANT CRY/Models_dbl/Main/runs/20260821T164332Z_490383ff/fold_5/fold_5_main_dbl.keras,/mnt/d/INFANT CRY/Models_dbl/Main/runs/20260821T164332Z_490383ff/fold_5/norm_stats_main_dbl.npy,20260821T164332Z_490383ff
rec_ad8e77f8cb1fddd992f6,/mnt/d/INFANT CRY/data_set_dbl_split/train/tired/dunstan-owh_7.wav,tired,sha256:fd9110c1e747f43e6901ae141296f3843e8161a0fc9c078e01601228f7df9656,5,tired,0.05675659701228142,0.03528769686818123,0.26267609000205994,0.2137683480978012,0.4315112829208374,original,/mnt/d/INFANT CRY/Models_dbl/Main/runs/20260821T164332Z_490383ff/fold_5/fold_5_main_dbl.keras,/mnt/d/INFANT CRY/Models_dbl/Main/runs/20260821T164332Z_490383ff/fold_5/norm_stats_main_dbl.npy,20260821T164332Z_490383ff
rec_90ff81a514cc71351efc,/mnt/d/INFANT CRY/data_set_dbl_split/train/tired/dunstan-owh_71.wav,tired,sha256:bf9bd3fc4bcff70e01899a30429991ceae8ae6a2c70534fc1170a87194656bee,5,tired,0.027613356709480286,0.02868521772325039,0.01923750527203083,0.018858354538679123,0.9056055545806885,original,/mnt/d/INFANT CRY/Models_dbl/Main/runs/20260821T164332Z_490383ff/fold_5/fold_5_main_dbl.keras,/mnt/d/INFANT CRY/Models_dbl/Main/runs/20260821T164332Z_490383ff/fold_5/norm_stats_main_dbl.npy,20260821T164332Z_490383ff
