record_id,filepath,label,group_id,fold,predicted_label,score_baby,score_not_baby,sample_kind,model_path,normalizer_path,run_id
rec_f727cf87adcf68c78684,/mnt/d/INFANT CRY/data_set_dbl_split/train/belly_pain/1248_M_eairh.wav,baby,infant_sha256:f93a9c39efa580d0dc51613e87b387de74a3ccd1871ab80ccaea51544c164494,2,baby,0.991810308440575,0.008189691559424965,original,/mnt/d/INFANT CRY/Models_dbl/experiments/runs/20260821T164332Z_490383ff__exp_20260903T170029Z_e0883d24/candidates/stage1_logmel_small_cnn/seed_42/fold_2/attempt_1/model.keras,recorded_in_fold_manifest,20260821T164332Z_490383ff__exp_20260903T170029Z_e0883d24
rec_fcc4c169f306104793fd,/mnt/d/INFANT CRY/data_set_dbl_split/train/belly_pain/1588_M_eairh.wav,baby,infant_sha256:3aee28552080d0db55ac45d25e6d46ebae7467cc388c524b13faf129bf003010,2,baby,0.9850158975790188,0.014984102420981206,original,/mnt/d/INFANT CRY/Models_dbl/experiments/runs/20260821T164332Z_490383ff__exp_20260903T170029Z_e0883d24/candidates/stage1_logmel_small_cnn/seed_42/fold_2/attempt_1/model.keras,recorded_in_fold_manifest,20260821T164332Z_490383ff__exp_20260903T170029Z_e0883d24
rec_020faabb65976146dcf3,/mnt/d/INFANT CRY/data_set_dbl_split/train/belly_pain/2210_M_eairh.wav,baby,infant_sha256:0730bb9f981a9e71d30c01c4cb8b49dd92462961dba49917b09d4e8259bb267b,2,baby,0.9976586716673079,0.002341328332692077,original,/mnt/d/INFANT CRY/Models_dbl/experiments/runs/20260821T164332Z_490383ff__exp_20260903T170029Z_e0883d24/candidates/stage1_logmel_small_cnn/seed_42/fold_2/attempt_1/model.keras,recorded_in_fold_manifest,20260821T164332Z_490383ff__exp_20260903T170029Z_e0883d24
rec_fac87a465c8472b089f6,/mnt/d/INFANT CRY/data_set_dbl_split/train/belly_pain/2250_F_eairh.wav,baby,infant_sha256:6d6c795a4b310d3d3438e948c6795c7460baa61191db37787333a9c602904bec,2,baby,0.9920389994098274,0.007961000590172617,original,/mnt/d/INFANT CRY/Models_dbl/experiments/runs/20260821T164332Z_490383ff__exp_20260903T170029Z_e0883d24/candidates/stage1_logmel_small_cnn/seed_42/fold_2/attempt_1/model.keras,recorded_in_fold_manifest,20260821T164332Z_490383ff__exp_20260903T170029Z_e0883d24
rec_fba775c7ee6d938c4a28,/mnt/d/INFANT CRY/data_set_dbl_split/train/belly_pain/2566_M_eairh.wav,baby,infant_sha256:5377e15bec247bb4fc99b1fb8b9da60f015ba762d74eeff24cd2f5585862eb51,2,baby,0.9990122867205412,0.000987713279458772,original,/mnt/d/INFANT CRY/Models_dbl/experiments/runs/20260821T164332Z_490383ff__exp_20260903T170029Z_e0883d24/candidates/stage1_logmel_small_cnn/seed_42/fold_2/attempt_1/model.keras,recorded_in_fold_manifest,20260821T164332Z_490383ff__exp_20260903T170029Z_e0883d24
rec_74b947283511c8751b65,/mnt/d/INFANT CRY/data_set_dbl_split/train/belly_pain/2593_M_eairh.wav,baby,infant_sha256:75f1981944e666889743efa10e8461490c9a40a1b0c600459bfedfdab44ecc12,2,baby,0.9931300014250259,0.006869998574974054,original,/mnt/d/INFANT CRY/Models_dbl/experiments/runs/20260821T164332Z_490383ff__exp_20260903T170029Z_e0883d24/candidates/stage1_logmel_small_cnn/seed_42/fold_2/attempt_1/model.keras,recorded_in_fold_manifest,20260821T164332Z_490383ff__exp_20260903T170029Z_e0883d24
rec_5e6be8ab7bbd234bfa10,/mnt/d/INFANT CRY/data_set_dbl_split/train/belly_pain/323_M_eairh.wav,baby,infant_sha256:c4f4a1548a19501b1d751ad9e0d2b6251522cb1de1ce7392a002730db46b8c4d,2,baby,0.9871954688058359,0.012804531194164158,original,/mnt/d/INFANT CRY/Models_dbl/experiments/runs/20260821T164332Z_490383ff__exp_20260903T170029Z_e0883d24/candidates/stage1_logmel_small_cnn/seed_42/fold_2/attempt_1/model.keras,recorded_in_fold_manifest,20260821T164332Z_490383ff__exp_20260903T170029Z_e0883d24
rec_bd2fd049120ea1834eaf,/mnt/d/INFANT CRY/data_set_dbl_split/train/belly_pain/3306_M_eairh.wav,baby,infant_sha256:ee3d933a7485197a861b93e6d4226eda462161b8d8e1aeba6bd82317ab483eb4,2,baby,0.997547957731727,0.0024520422682729652,original,/mnt/d/INFANT CRY/Models_dbl/experiments/runs/20260821T164332Z_490383ff__exp_20260903T170029Z_e0883d24/candidates/stage1_logmel_small_cnn/seed_42/fold_2/attempt_1/model.keras,recorded_in_fold_manifest,20260821T164332Z_490383ff__exp_20260903T170029Z_e0883d24
rec_984c63597c96f9a7a5eb,/mnt/d/INFANT CRY/data_set_dbl_split/train/belly_pain/3319_M_eairh.wav,baby,infant_sha256:897e10fc891184fea67b55a1d6172c82716c3eded3311b0daf1d890d2ec3585f,2,baby,0.9504952289090272,0.04950477109097286,original,/mnt/d/INFANT CRY/Models_dbl/experiments/runs/20260821T164332Z_490383ff__exp_20260903T170029Z_e0883d24/candidates/stage1_logmel_small_cnn/seed_42/fold_2/attempt_1/model.keras,recorded_in_fold_manifest,20260821T164332Z_490383ff__exp_20260903T170029Z_e0883d24
rec_fdf6fac981d89bd04593,/mnt/d/INFANT CRY/data_set_dbl_split/train/belly_pain/3344_M_eairh.wav,baby,infant_sha256:360328c4f90bd65406dae9c7ae0a71c505ee02e6c3a8d414ef7d8f7deaeebe9b,2,baby,0.999719734753784,0.00028026524621600486,original,/mnt/d/INFANT CRY/Models_dbl/experiments/runs/20260821T164332Z_490383ff__exp_20260903T170029Z_e0883d24/candidates/stage1_logmel_small_cnn/seed_42/fold_2/attempt_1/model.keras,recorded_in_fold_manifest,20260821T164332Z_490383ff__exp_20260903T170029Z_e0883d24
rec_fae98644f14f54a8f0a4,/mnt/d/INFANT CRY/data_set_dbl_split/train/belly_pain/3889_M_eairh.wav,baby,infant_sha256:56262ce33994c24595d6de80a4084a2ac07fc271fab6fffcb3e6cfc02077a954,2,baby,0.837103175564063,0.16289682443593703,original,/mnt/d/INFANT CRY/Models_dbl/experiments/runs/20260821T164332Z_490383ff__exp_20260903T170029Z_e0883d24/candidates/stage1_logmel_small_cnn/seed_42/fold_2/attempt_1/model.keras,recorded_in_fold_manifest,20260821T164332Z_490383ff__exp_20260903T170029Z_e0883d24
rec_a13b92fdc5317e0a51d9,/mnt/d/INFANT CRY/data_set_dbl_split/train/belly_pain/548_F_eairh.wav,baby,infant_sha256:3612c6e713d6fa175f01fc0fdda22cbf69645195a98c99ce5117adb320cdfdb5,2,baby,0.9915792378724241,0.00842076212757594,original,/mnt/d/INFANT CRY/Models_dbl/experiments/runs/20260821T164332Z_490383ff__exp_20260903T170029Z_e0883d24/candidates/stage1_logmel_small_cnn/seed_42/fold_2/attempt_1/model.keras,recorded_in_fold_manifest,20260821T164332Z_490383ff__exp_20260903T170029Z_e0883d24
rec_3e28c761181c5229dd97,/mnt/d/INFANT CRY/data_set_dbl_split/train/belly_pain/dunstan-eairh_11.wav,baby,infant_sha256:d459aeda7d0acac003df889d79e0a686cb0b60feea7535645033d41d3b2eaed9,2,baby,0.9946209071855323,0.005379092814467655,original,/mnt/d/INFANT CRY/Models_dbl/experiments/runs/20260821T164332Z_490383ff__exp_20260903T170029Z_e0883d24/candidates/stage1_logmel_small_cnn/seed_42/fold_2/attempt_1/model.keras,recorded_in_fold_manifest,20260821T164332Z_490383ff__exp_20260903T170029Z_e0883d24
rec_983c3aa745cbf8ace922,/mnt/d/INFANT CRY/data_set_dbl_split/train/belly_pain/dunstan-eairh_22.wav,baby,infant_sha256:776a46f236f7f92e9d2626dfb5fd06166dad5725ef7fe25b2d551cd2e4228c6b,2,baby,0.9983216768024177,0.0016783231975822793,original,/mnt/d/INFANT CRY/Models_dbl/experiments/runs/20260821T164332Z_490383ff__exp_20260903T170029Z_e0883d24/candidates/stage1_logmel_small_cnn/seed_42/fold_2/attempt_1/model.keras,recorded_in_fold_manifest,20260821T164332Z_490383ff__exp_20260903T170029Z_e0883d24
rec_9b5466053393e9dbc382,/mnt/d/INFANT CRY/data_set_dbl_split/train/belly_pain/dunstan-eairh_23.wav,baby,infant_sha256:d29ec9cc5c98826ff3bb80cd1628ed97a56e4ddbc03a50e08522c8bfb7ef5edb,2,baby,0.9944393034118976,0.005560696588102404,original,/mnt/d/INFANT CRY/Models_dbl/experiments/runs/20260821T164332Z_490383ff__exp_20260903T170029Z_e0883d24/candidates/stage1_logmel_small_cnn/seed_42/fold_2/attempt_1/model.keras,recorded_in_fold_manifest,20260821T164332Z_490383ff__exp_20260903T170029Z_e0883d24
rec_0bf28df218daf1ccd7d4,/mnt/d/INFANT CRY/data_set_dbl_split/train/belly_pain/dunstan-eairh_31.wav,baby,infant_sha256:1df157c70c1c5a153efa06c6639e6dbd8f5cb0caaf6f6f807d8a02c5e9940f6a,2,baby,0.9600555765655729,0.03994442343442703,original,/mnt/d/INFANT CRY/Models_dbl/experiments/runs/20260821T164332Z_490383ff__exp_20260903T170029Z_e0883d24/candidates/stage1_logmel_small_cnn/seed_42/fold_2/attempt_1/model.keras,recorded_in_fold_manifest,20260821T164332Z_490383ff__exp_20260903T170029Z_e0883d24
rec_02cdbe8c0204373d3f9c,/mnt/d/INFANT CRY/data_set_dbl_split/train/belly_pain/dunstan-eairh_44.wav,baby,infant_sha256:7ce5cb9618fc4fb9f9c81c566727dcfa577545080b1c447b7946b118b83865e3,2,baby,0.9995462463046184,0.0004537536953815897,original,/mnt/d/INFANT CRY/Models_dbl/experiments/runs/20260821T164332Z_490383ff__exp_20260903T170029Z_e0883d24/candidates/stage1_logmel_small_cnn/seed_42/fold_2/attempt_1/model.keras,recorded_in_fold_manifest,20260821T164332Z_490383ff__exp_20260903T170029Z_e0883d24
rec_71271d173296dd73b1cc,/mnt/d/INFANT CRY/data_set_dbl_split/train/belly_pain/dunstan-eairh_49.wav,baby,infant_sha256:add9437b8e8a18a0f41cc8d6e8fba8f92ae5a7d8741f30145579fec59cfb5b88,2,baby,0.9984210532005435,0.0015789467994564964,original,/mnt/d/INFANT CRY/Models_dbl/experiments/runs/20260821T164332Z_490383ff__exp_20260903T170029Z_e0883d24/candidates/stage1_logmel_small_cnn/seed_42/fold_2/attempt_1/model.keras,recorded_in_fold_manifest,20260821T164332Z_490383ff__exp_20260903T170029Z_e0883d24
rec_179925449a09539a329f,/mnt/d/INFANT CRY/data_set_dbl_split/train/belly_pain/dunstan-eairh_50.wav,baby,infant_sha256:b0b0759f590ffc6bc0f55ccdc60c0c1ac866d5aa032cca028f8b703ef4444894,2,baby,0.9926895748848268,0.007310425115173196,original,/mnt/d/INFANT CRY/Models_dbl/experiments/runs/20260821T164332Z_490383ff__exp_20260903T170029Z_e0883d24/candidates/stage1_logmel_small_cnn/seed_42/fold_2/attempt_1/model.keras,recorded_in_fold_manifest,20260821T164332Z_490383ff__exp_20260903T170029Z_e0883d24
rec_43b3fbffb18394a3d9df,/mnt/d/INFANT CRY/data_set_dbl_split/train/belly_pain/dunstan-eairh_52.wav,baby,infant_sha256:18c86bdda8a8249424891a83f4c8c79b2b7530673f6691e4fe842c47477bce54,2,baby,0.9832514882417966,0.016748511758203334,original,/mnt/d/INFANT CRY/Models_dbl/experiments/runs/20260821T164332Z_490383ff__exp_20260903T170029Z_e0883d24/candidates/stage1_logmel_small_cnn/seed_42/fold_2/attempt_1/model.keras,recorded_in_fold_manifest,20260821T164332Z_490383ff__exp_20260903T170029Z_e0883d24
rec_aef5992e5f42844e0dda,/mnt/d/INFANT CRY/data_set_dbl_split/train/belly_pain/dunstan-eairh_53.wav,baby,infant_sha256:a5e0e3325a517e18c8dc703abc524bdb1722d288f38ad4b83f43a4961fa378b5,2,baby,0.9917191701110462,0.008280829888953832,original,/mnt/d/INFANT CRY/Models_dbl/experiments/runs/20260821T164332Z_490383ff__exp_20260903T170029Z_e0883d24/candidates/stage1_logmel_small_cnn/seed_42/fold_2/attempt_1/model.keras,recorded_in_fold_manifest,20260821T164332Z_490383ff__exp_20260903T170029Z_e0883d24
rec_5a1f57001a9a5cb17ad8,/mnt/d/INFANT CRY/data_set_dbl_split/train/burping/127_F_eh.wav,baby,infant_sha256:c3dea00222599d49d57fe8193035082e86625cfc0fafbc0515c3e2b8c2c6be51,2,baby,0.6551559577742853,0.34484404222571474,original,/mnt/d/INFANT CRY/Models_dbl/experiments/runs/20260821T164332Z_490383ff__exp_20260903T170029Z_e0883d24/candidates/stage1_logmel_small_cnn/seed_42/fold_2/attempt_1/model.keras,recorded_in_fold_manifest,20260821T164332Z_490383ff__exp_20260903T170029Z_e0883d24
rec_3dff757b4adba1651a52,/mnt/d/INFANT CRY/data_set_dbl_split/train/burping/1280_M_eh.wav,baby,infant_sha256:79fb7fce520d39a2373d6d6baf8120e9927631024cd8a25b40c4639f8ca1f7dc,2,baby,0.9215826070780339,0.0784173929219661,original,/mnt/d/INFANT CRY/Models_dbl/experiments/runs/20260821T164332Z_490383ff__exp_20260903T170029Z_e0883d24/candidates/stage1_logmel_small_cnn/seed_42/fold_2/attempt_1/model.keras,recorded_in_fold_manifest,20260821T164332Z_490383ff__exp_20260903T170029Z_e0883d24
rec_30cbe93e75857a181f3d,/mnt/d/INFANT CRY/data_set_dbl_split/train/burping/128_M_eh.wav,baby,infant_sha256:eff6f3f12c2b2a77a8da3b2ce3cd514b49503568131174cf03bf9c967e14030c,2,baby,0.8020085692405701,0.19799143075942993,original,/mnt/d/INFANT CRY/Models_dbl/experiments/runs/20260821T164332Z_490383ff__exp_20260903T170029Z_e0883d24/candidates/stage1_logmel_small_cnn/seed_42/fold_2/attempt_1/model.keras,recorded_in_fold_manifest,20260821T164332Z_490383ff__exp_20260903T170029Z_e0883d24
rec_bec84197dab7554371b2,/mnt/d/INFANT CRY/data_set_dbl_split/train/burping/1546_M_eh.wav,baby,infant_sha256:7446f862ba6cb4e670725c7ec5480726397901c881c67c2af34a3b67b7bc69a8,2,baby,0.995064378248092,0.004935621751908037,original,/mnt/d/INFANT CRY/Models_dbl/experiments/runs/20260821T164332Z_490383ff__exp_20260903T170029Z_e0883d24/candidates/stage1_logmel_small_cnn/seed_42/fold_2/attempt_1/model.keras,recorded_in_fold_manifest,20260821T164332Z_490383ff__exp_20260903T170029Z_e0883d24
rec_02274f883a160366ffcc,/mnt/d/INFANT CRY/data_set_dbl_split/train/burping/1650_M_eh.wav,baby,infant_sha256:bf247e03c03ec97efa5222ec7a48f3c8ba4f6469129012559b5ac73aa928c65e,2,baby,0.6241146326065063,0.37588536739349365,original,/mnt/d/INFANT CRY/Models_dbl/experiments/runs/20260821T164332Z_490383ff__exp_20260903T170029Z_e0883d24/candidates/stage1_logmel_small_cnn/seed_42/fold_2/attempt_1/model.keras,recorded_in_fold_manifest,20260821T164332Z_490383ff__exp_20260903T170029Z_e0883d24
rec_06e84e6f511e879851ca,/mnt/d/INFANT CRY/data_set_dbl_split/train/burping/1677_M_eh.wav,baby,infant_sha256:52889b18b9294f242a22c16708ba2a07809cecfcb882fa7c8e094945f3d79034,2,baby,0.9773338382467599,0.022666161753240068,original,/mnt/d/INFANT CRY/Models_dbl/experiments/runs/20260821T164332Z_490383ff__exp_20260903T170029Z_e0883d24/candidates/stage1_logmel_small_cnn/seed_42/fold_2/attempt_1/model.keras,recorded_in_fold_manifest,20260821T164332Z_490383ff__exp_20260903T170029Z_e0883d24
rec_c38fa1511dbf3ebaa184,/mnt/d/INFANT CRY/data_set_dbl_split/train/burping/1869_M_eh.wav,baby,infant_sha256:d9376166b8974afd77d511e499cff7286c1d11803a065f54ad43fc25090b8522,2,baby,0.7636515866621856,0.23634841333781442,original,/mnt/d/INFANT CRY/Models_dbl/experiments/runs/20260821T164332Z_490383ff__exp_20260903T170029Z_e0883d24/candidates/stage1_logmel_small_cnn/seed_42/fold_2/attempt_1/model.keras,recorded_in_fold_manifest,20260821T164332Z_490383ff__exp_20260903T170029Z_e0883d24
rec_126e90d799b24e11f498,/mnt/d/INFANT CRY/data_set_dbl_split/train/burping/1891_M_eh.wav,baby,infant_sha256:33cfc67c84ec9c96d69dda0a7f55054e1e7be281053073e55150297f3b968368,2,baby,0.8505985901294878,0.14940140987051218,original,/mnt/d/INFANT CRY/Models_dbl/experiments/runs/20260821T164332Z_490383ff__exp_20260903T170029Z_e0883d24/candidates/stage1_logmel_small_cnn/seed_42/fold_2/attempt_1/model.keras,recorded_in_fold_manifest,20260821T164332Z_490383ff__exp_20260903T170029Z_e0883d24
rec_8c0c8f04ded4a4ce7a12,/mnt/d/INFANT CRY/data_set_dbl_split/train/burping/1999_M_eh.wav,baby,infant_sha256:17d622c4e5a1da5ecc39b38f3d9d7163b5f0fc8b0b710713023c5fe21a6c4f69,2,baby,0.9448194086031131,0.05518059139688689,original,/mnt/d/INFANT CRY/Models_dbl/experiments/runs/20260821T164332Z_490383ff__exp_20260903T170029Z_e0883d24/candidates/stage1_logmel_small_cnn/seed_42/fold_2/attempt_1/model.keras,recorded_in_fold_manifest,20260821T164332Z_490383ff__exp_20260903T170029Z_e0883d24
rec_fa20854f3b7e4dba152c,/mnt/d/INFANT CRY/data_set_dbl_split/train/burping/2026_M_eh.wav,baby,infant_sha256:b7fd523cf2b5056f1158281d5a1d893a4ac9d09ade4d99bb11cb3371413c7565,2,baby,0.9794009741507289,0.020599025849271084,original,/mnt/d/INFANT CRY/Models_dbl/experiments/runs/20260821T164332Z_490383ff__exp_20260903T170029Z_e0883d24/candidates/stage1_logmel_small_cnn/seed_42/fold_2/attempt_1/model.keras,recorded_in_fold_manifest,20260821T164332Z_490383ff__exp_20260903T170029Z_e0883d24
rec_812a143c52108fd80d82,/mnt/d/INFANT CRY/data_set_dbl_split/train/burping/2106_M_eh.wav,baby,infant_sha256:2ef35bf65994318893b44a495172a0a212409634e29ab3e94869216528e436b7,2,baby,0.8908202847276692,0.10917971527233084,original,/mnt/d/INFANT CRY/Models_dbl/experiments/runs/20260821T164332Z_490383ff__exp_20260903T170029Z_e0883d24/candidates/stage1_logmel_small_cnn/seed_42/fold_2/attempt_1/model.keras,recorded_in_fold_manifest,20260821T164332Z_490383ff__exp_20260903T170029Z_e0883d24
rec_27340d45ad612cfb12c4,/mnt/d/INFANT CRY/data_set_dbl_split/train/burping/2170_M_eh.wav,baby,infant_sha256:10baadbfcc0d7ccbfae986fd03d8af4c68461b4df61c1865b1254a56ea6199e2,2,baby,0.9061521606148922,0.09384783938510781,original,/mnt/d/INFANT CRY/Models_dbl/experiments/runs/20260821T164332Z_490383ff__exp_20260903T170029Z_e0883d24/candidates/stage1_logmel_small_cnn/seed_42/fold_2/attempt_1/model.keras,recorded_in_fold_manifest,20260821T164332Z_490383ff__exp_20260903T170029Z_e0883d24
rec_8b38bc4b5e01d884ed1b,/mnt/d/INFANT CRY/data_set_dbl_split/train/burping/2238_M_eh.wav,baby,infant_sha256:b87e139436c0eb03cd43672545be3d0eeebe46deee7e6ac650ae61eb0f3e5ccd,2,baby,0.7985274554834934,0.20147254451650662,original,/mnt/d/INFANT CRY/Models_dbl/experiments/runs/20260821T164332Z_490383ff__exp_20260903T170029Z_e0883d24/candidates/stage1_logmel_small_cnn/seed_42/fold_2/attempt_1/model.keras,recorded_in_fold_manifest,20260821T164332Z_490383ff__exp_20260903T170029Z_e0883d24
rec_c6008b28a57b1ad0c4a6,/mnt/d/INFANT CRY/data_set_dbl_split/train/burping/2312_M_eh.wav,baby,infant_sha256:0d38c77367ca0f79b5f49e61e5d489bf6222a8c87f4566e73cb4e02842a229b0,2,baby,0.9831284046533159,0.016871595346684122,original,/mnt/d/INFANT CRY/Models_dbl/experiments/runs/20260821T164332Z_490383ff__exp_20260903T170029Z_e0883d24/candidates/stage1_logmel_small_cnn/seed_42/fold_2/attempt_1/model.keras,recorded_in_fold_manifest,20260821T164332Z_490383ff__exp_20260903T170029Z_e0883d24
rec_e64ed0451cdefb147b9a,/mnt/d/INFANT CRY/data_set_dbl_split/train/burping/2458_M_eh.wav,baby,infant_sha256:39600a25c1d8a61f3438bfa8800353717c0390b79ae3fd20449eea0db2311e26,2,baby,0.9507626749461491,0.049237325053850936,original,/mnt/d/INFANT CRY/Models_dbl/experiments/runs/20260821T164332Z_490383ff__exp_20260903T170029Z_e0883d24/candidates/stage1_logmel_small_cnn/seed_42/fold_2/attempt_1/model.keras,recorded_in_fold_manifest,20260821T164332Z_490383ff__exp_20260903T170029Z_e0883d24
rec_c02402c6d2a894138d12,/mnt/d/INFANT CRY/data_set_dbl_split/train/burping/2563_M_eh.wav,baby,infant_sha256:53f7465b38a45035fdc71d898195a4d84386109aaba55a5d1c74c5e863796681,2,not_baby,0.3410174250602722,0.6589825749397278,original,/mnt/d/INFANT CRY/Models_dbl/experiments/runs/20260821T164332Z_490383ff__exp_20260903T170029Z_e0883d24/candidates/stage1_logmel_small_cnn/seed_42/fold_2/attempt_1/model.keras,recorded_in_fold_manifest,20260821T164332Z_490383ff__exp_20260903T170029Z_e0883d24
rec_d9fc0f1da80ad4b55ac5,/mnt/d/INFANT CRY/data_set_dbl_split/train/burping/2631_M_eh.wav,baby,infant_sha256:16504f40519eea143add135512287a21227d83b4304d9461cd35094c1b0b653d,2,baby,0.8864693707709712,0.11353062922902873,original,/mnt/d/INFANT CRY/Models_dbl/experiments/runs/20260821T164332Z_490383ff__exp_20260903T170029Z_e0883d24/candidates/stage1_logmel_small_cnn/seed_42/fold_2/attempt_1/model.keras,recorded_in_fold_manifest,20260821T164332Z_490383ff__exp_20260903T170029Z_e0883d24
rec_8f1e43e0b3db4c9b7bd1,/mnt/d/INFANT CRY/data_set_dbl_split/train/burping/3009_M_eh.wav,baby,infant_sha256:cf76f1358904d0c6fcdd8f1dbf083a23988ad4701e706a5291e7355e3b6c34f5,2,baby,0.519079371718187,0.48092062828181303,original,/mnt/d/INFANT CRY/Models_dbl/experiments/runs/20260821T164332Z_490383ff__exp_20260903T170029Z_e0883d24/candidates/stage1_logmel_small_cnn/seed_42/fold_2/attempt_1/model.keras,recorded_in_fold_manifest,20260821T164332Z_490383ff__exp_20260903T170029Z_e0883d24
rec_69a30e7d7377d2349a7e,/mnt/d/INFANT CRY/data_set_dbl_split/train/burping/3070_M_eh.wav,baby,infant_sha256:cef893ab16a894305b2fedb5dbb3aa1ad0914e4e8977148fe7c1a307bdf635b0,2,baby,0.9975927002381836,0.002407299761816446,original,/mnt/d/INFANT CRY/Models_dbl/experiments/runs/20260821T164332Z_490383ff__exp_20260903T170029Z_e0883d24/candidates/stage1_logmel_small_cnn/seed_42/fold_2/attempt_1/model.keras,recorded_in_fold_manifest,20260821T164332Z_490383ff__exp_20260903T170029Z_e0883d24
rec_6b454294a8664471f946,/mnt/d/INFANT CRY/data_set_dbl_split/train/burping/3153_F_eh.wav,baby,infant_sha256:02a0d1e0e74d706db05f61e6564f0ede87975d37b75efa522f7531266606e079,2,not_baby,0.46216913832242124,0.5378308616775788,original,/mnt/d/INFANT CRY/Models_dbl/experiments/runs/20260821T164332Z_490383ff__exp_20260903T170029Z_e0883d24/candidates/stage1_logmel_small_cnn/seed_42/fold_2/attempt_1/model.keras,recorded_in_fold_manifest,20260821T164332Z_490383ff__exp_20260903T170029Z_e0883d24
rec_51b8c1e6675046875e68,/mnt/d/INFANT CRY/data_set_dbl_split/train/burping/3156_F_eh.wav,baby,infant_sha256:5852cafd57e3213acd26e45eff8169e95c7f84c980fb66a1133fefe15408790a,2,baby,0.9916468290378717,0.008353170962128335,original,/mnt/d/INFANT CRY/Models_dbl/experiments/runs/20260821T164332Z_490383ff__exp_20260903T170029Z_e0883d24/candidates/stage1_logmel_small_cnn/seed_42/fold_2/attempt_1/model.keras,recorded_in_fold_manifest,20260821T164332Z_490383ff__exp_20260903T170029Z_e0883d24
rec_ae241ae526411ad2be05,/mnt/d/INFANT CRY/data_set_dbl_split/train/burping/3233_M_eh.wav,baby,infant_sha256:ca510d7bbba4ab08fc6cb90eb2d6cbf35e15b5bdf23c29399d34f390040e9e01,2,baby,0.8282147769363937,0.17178522306360636,original,/mnt/d/INFANT CRY/Models_dbl/experiments/runs/20260821T164332Z_490383ff__exp_20260903T170029Z_e0883d24/candidates/stage1_logmel_small_cnn/seed_42/fold_2/attempt_1/model.keras,recorded_in_fold_manifest,20260821T164332Z_490383ff__exp_20260903T170029Z_e0883d24
rec_a3b246b844a903219afc,/mnt/d/INFANT CRY/data_set_dbl_split/train/burping/336_F_eh.wav,baby,infant_sha256:b9acd86c44e7a37c97382c515435ab53825308662ab78effd5910cedfbc2a0d3,2,baby,0.9901989283422458,0.009801071657754271,original,/mnt/d/INFANT CRY/Models_dbl/experiments/runs/20260821T164332Z_490383ff__exp_20260903T170029Z_e0883d24/candidates/stage1_logmel_small_cnn/seed_42/fold_2/attempt_1/model.keras,recorded_in_fold_manifest,20260821T164332Z_490383ff__exp_20260903T170029Z_e0883d24
rec_ec599e0cd6f23f0d78c2,/mnt/d/INFANT CRY/data_set_dbl_split/train/burping/3663_F_eh.wav,baby,infant_sha256:09b1b485ad1d4393fcd68fa1cfa0b2b82cb270eb31b3737dfa3b3154aee36156,2,not_baby,0.4264147877693176,0.5735852122306824,original,/mnt/d/INFANT CRY/Models_dbl/experiments/runs/20260821T164332Z_490383ff__exp_20260903T170029Z_e0883d24/candidates/stage1_logmel_small_cnn/seed_42/fold_2/attempt_1/model.keras,recorded_in_fold_manifest,20260821T164332Z_490383ff__exp_20260903T170029Z_e0883d24
rec_565dd3342f1ac221607e,/mnt/d/INFANT CRY/data_set_dbl_split/train/burping/392_M_eh.wav,baby,infant_sha256:d1bcd099e0b0b7680f93a6323909a5856a70e1f11f34967269b45a46101c9d02,2,baby,0.7531301042528404,0.24686989574715962,original,/mnt/d/INFANT CRY/Models_dbl/experiments/runs/20260821T164332Z_490383ff__exp_20260903T170029Z_e0883d24/candidates/stage1_logmel_small_cnn/seed_42/fold_2/attempt_1/model.keras,recorded_in_fold_manifest,20260821T164332Z_490383ff__exp_20260903T170029Z_e0883d24
rec_398f102ae45404e1b33a,/mnt/d/INFANT CRY/data_set_dbl_split/train/burping/3948_M_eh.wav,baby,infant_sha256:8f0a5155dd00000d00dc4fdf3034a8f5655fc92213ea5e6d1b961d0236997aa0,2,baby,0.5338159918353564,0.4661840081646435,original,/mnt/d/INFANT CRY/Models_dbl/experiments/runs/20260821T164332Z_490383ff__exp_20260903T170029Z_e0883d24/candidates/stage1_logmel_small_cnn/seed_42/fold_2/attempt_1/model.keras,recorded_in_fold_manifest,20260821T164332Z_490383ff__exp_20260903T170029Z_e0883d24
rec_04dc1bc529be34e2194f,/mnt/d/INFANT CRY/data_set_dbl_split/train/burping/3977_F_eh.wav,baby,infant_sha256:8b10b7ebfb5f2399ddc9918ee8ecea4c9fb33511a9404ae695769655d53fcab1,2,baby,0.7448032124281887,0.2551967875718113,original,/mnt/d/INFANT CRY/Models_dbl/experiments/runs/20260821T164332Z_490383ff__exp_20260903T170029Z_e0883d24/candidates/stage1_logmel_small_cnn/seed_42/fold_2/attempt_1/model.keras,recorded_in_fold_manifest,20260821T164332Z_490383ff__exp_20260903T170029Z_e0883d24
rec_e4598b934b1a48c6adb8,/mnt/d/INFANT CRY/data_set_dbl_split/train/burping/4298_F_eh.wav,baby,infant_sha256:41a9e8622c887edf83c5f0925e7f1dd0c837cabec0ac19f27ad733c7c1f41c5f,2,baby,0.9196364146525202,0.0803635853474798,original,/mnt/d/INFANT CRY/Models_dbl/experiments/runs/20260821T164332Z_490383ff__exp_20260903T170029Z_e0883d24/candidates/stage1_logmel_small_cnn/seed_42/fold_2/attempt_1/model.keras,recorded_in_fold_manifest,20260821T164332Z_490383ff__exp_20260903T170029Z_e0883d24
rec_dc82cc7fca4fce70a058,/mnt/d/INFANT CRY/data_set_dbl_split/train/burping/4894_M_eh.wav,baby,infant_sha256:1f38fa7b6780513ee0cfdb905a58cb8f684e6ce03363baa799af2f7f3ae33bc5,2,baby,0.9518403269076299,0.04815967309237014,original,/mnt/d/INFANT CRY/Models_dbl/experiments/runs/20260821T164332Z_490383ff__exp_20260903T170029Z_e0883d24/candidates/stage1_logmel_small_cnn/seed_42/fold_2/attempt_1/model.keras,recorded_in_fold_manifest,20260821T164332Z_490383ff__exp_20260903T170029Z_e0883d24
rec_a61b1c034874488205af,/mnt/d/INFANT CRY/data_set_dbl_split/train/burping/801_F_eh.wav,baby,infant_sha256:7f1bb60aa90557f7f45082f04fcfaa9ee88dd3c04b70c509a5559b1453e79f29,2,baby,0.8514543429450495,0.14854565705495051,original,/mnt/d/INFANT CRY/Models_dbl/experiments/runs/20260821T164332Z_490383ff__exp_20260903T170029Z_e0883d24/candidates/stage1_logmel_small_cnn/seed_42/fold_2/attempt_1/model.keras,recorded_in_fold_manifest,20260821T164332Z_490383ff__exp_20260903T170029Z_e0883d24
rec_180d2118e85a66b32a32,/mnt/d/INFANT CRY/data_set_dbl_split/train/burping/805_M_eh.wav,baby,infant_sha256:75a0586f90cdfae32c998ea0a5a6c443cc0b810324d076e53ded9e0728a66824,2,baby,0.8670730540846993,0.13292694591530071,original,/mnt/d/INFANT CRY/Models_dbl/experiments/runs/20260821T164332Z_490383ff__exp_20260903T170029Z_e0883d24/candidates/stage1_logmel_small_cnn/seed_42/fold_2/attempt_1/model.keras,recorded_in_fold_manifest,20260821T164332Z_490383ff__exp_20260903T170029Z_e0883d24
rec_6e8b01d0c6ea27bce163,/mnt/d/INFANT CRY/data_set_dbl_split/train/burping/dunstan-eh_35.wav,baby,infant_sha256:845f1a3e67155053914e55213b552cd3bf7187f782aa038f3617d68109a41771,2,baby,0.9725005032355275,0.027499496764472487,original,/mnt/d/INFANT CRY/Models_dbl/experiments/runs/20260821T164332Z_490383ff__exp_20260903T170029Z_e0883d24/candidates/stage1_logmel_small_cnn/seed_42/fold_2/attempt_1/model.keras,recorded_in_fold_manifest,20260821T164332Z_490383ff__exp_20260903T170029Z_e0883d24
rec_410db454b737f8edd207,/mnt/d/INFANT CRY/data_set_dbl_split/train/burping/dunstan-eh_36.wav,baby,infant_sha256:9812e508db07bc445f2a3931ff819cdebb0bee9ec8c30a37894438bf961922dc,2,baby,0.9951700122199822,0.004829987780017793,original,/mnt/d/INFANT CRY/Models_dbl/experiments/runs/20260821T164332Z_490383ff__exp_20260903T170029Z_e0883d24/candidates/stage1_logmel_small_cnn/seed_42/fold_2/attempt_1/model.keras,recorded_in_fold_manifest,20260821T164332Z_490383ff__exp_20260903T170029Z_e0883d24
rec_27fce64936b1b90d7277,/mnt/d/INFANT CRY/data_set_dbl_split/train/burping/dunstan-eh_57.wav,baby,infant_sha256:6ec3e3322ec1a5bb1ef489da9707434487294e6f4209f1b05041a6a90be6d9b5,2,baby,0.9687519759173973,0.031248024082602775,original,/mnt/d/INFANT CRY/Models_dbl/experiments/runs/20260821T164332Z_490383ff__exp_20260903T170029Z_e0883d24/candidates/stage1_logmel_small_cnn/seed_42/fold_2/attempt_1/model.keras,recorded_in_fold_manifest,20260821T164332Z_490383ff__exp_20260903T170029Z_e0883d24
rec_c22dd02b85a1df5c8c4e,/mnt/d/INFANT CRY/data_set_dbl_split/train/burping/dunstan-eh_65.wav,baby,infant_sha256:8c7b237a9190643530736a80bf11ca57492a7f04feab4082567a27a05ca6af9f,2,baby,0.8597312101681711,0.14026878983182892,original,/mnt/d/INFANT CRY/Models_dbl/experiments/runs/20260821T164332Z_490383ff__exp_20260903T170029Z_e0883d24/candidates/stage1_logmel_small_cnn/seed_42/fold_2/attempt_1/model.keras,recorded_in_fold_manifest,20260821T164332Z_490383ff__exp_20260903T170029Z_e0883d24
rec_829c72de849282995758,/mnt/d/INFANT CRY/data_set_dbl_split/train/burping/dunstan-eh_68.wav,baby,infant_sha256:11a10a6d60666d73852caa5b054cdc9ad8e0e53c5674409b3e50dc48fb09b8a7,2,not_baby,0.39186598682802953,0.6081340131719705,original,/mnt/d/INFANT CRY/Models_dbl/experiments/runs/20260821T164332Z_490383ff__exp_20260903T170029Z_e0883d24/candidates/stage1_logmel_small_cnn/seed_42/fold_2/attempt_1/model.keras,recorded_in_fold_manifest,20260821T164332Z_490383ff__exp_20260903T170029Z_e0883d24
rec_0db4402c199757600dc5,/mnt/d/INFANT CRY/data_set_dbl_split/train/burping/dunstan-eh_9.wav,baby,infant_sha256:054dd527b9df7822a1b20df716c7a648fcaae14bfa4587e1f7e49fddfca41a38,2,baby,0.8874402111351647,0.11255978886483527,original,/mnt/d/INFANT CRY/Models_dbl/experiments/runs/20260821T164332Z_490383ff__exp_20260903T170029Z_e0883d24/candidates/stage1_logmel_small_cnn/seed_42/fold_2/attempt_1/model.keras,recorded_in_fold_manifest,20260821T164332Z_490383ff__exp_20260903T170029Z_e0883d24
rec_c30ffcebec910157af48,/mnt/d/INFANT CRY/data_set_dbl_split/train/discomfort/1196_M_heh.wav,baby,infant_sha256:8829b26bdcad95788504ca21b9a88e997c052de4dc569adf94b834f72e75c9c3,2,baby,0.9984974762340675,0.0015025237659324752,original,/mnt/d/INFANT CRY/Models_dbl/experiments/runs/20260821T164332Z_490383ff__exp_20260903T170029Z_e0883d24/candidates/stage1_logmel_small_cnn/seed_42/fold_2/attempt_1/model.keras,recorded_in_fold_manifest,20260821T164332Z_490383ff__exp_20260903T170029Z_e0883d24
rec_02ea82f3316cb050f905,/mnt/d/INFANT CRY/data_set_dbl_split/train/discomfort/1826_F_heh.wav,baby,infant_sha256:fc0ddf97ccc9a120820e478d0ee49381d6c73521b7d51be3c4a13469505ba2b8,2,baby,0.9831065462298203,0.016893453770179645,original,/mnt/d/INFANT CRY/Models_dbl/experiments/runs/20260821T164332Z_490383ff__exp_20260903T170029Z_e0883d24/candidates/stage1_logmel_small_cnn/seed_42/fold_2/attempt_1/model.keras,recorded_in_fold_manifest,20260821T164332Z_490383ff__exp_20260903T170029Z_e0883d24
rec_43d212cc278f3fa7f39d,/mnt/d/INFANT CRY/data_set_dbl_split/train/discomfort/2128_M_heh.wav,baby,infant_sha256:86afd628c62172ddf26ad56569382fedab3b778faac003305476b06e927d4b7c,2,baby,0.9419473585104078,0.05805264148959222,original,/mnt/d/INFANT CRY/Models_dbl/experiments/runs/20260821T164332Z_490383ff__exp_20260903T170029Z_e0883d24/candidates/stage1_logmel_small_cnn/seed_42/fold_2/attempt_1/model.keras,recorded_in_fold_manifest,20260821T164332Z_490383ff__exp_20260903T170029Z_e0883d24
rec_af6446fc5d9db7acb66b,/mnt/d/INFANT CRY/data_set_dbl_split/train/discomfort/2409_M_heh.wav,baby,infant_sha256:916d890407f9660ca09337872241a618f99170daf506dd64744dfde453d91d18,2,baby,0.9990438992224565,0.000956100777543501,original,/mnt/d/INFANT CRY/Models_dbl/experiments/runs/20260821T164332Z_490383ff__exp_20260903T170029Z_e0883d24/candidates/stage1_logmel_small_cnn/seed_42/fold_2/attempt_1/model.keras,recorded_in_fold_manifest,20260821T164332Z_490383ff__exp_20260903T170029Z_e0883d24
rec_0655eee816f825bf3d59,/mnt/d/INFANT CRY/data_set_dbl_split/train/discomfort/2814_F_heh.wav,baby,infant_sha256:0f059250fc8f3887d9def0b7564d38b60c45ad4f7238d9cb78dddfd457ce1d62,2,baby,0.8979771198047924,0.10202288019520758,original,/mnt/d/INFANT CRY/Models_dbl/experiments/runs/20260821T164332Z_490383ff__exp_20260903T170029Z_e0883d24/candidates/stage1_logmel_small_cnn/seed_42/fold_2/attempt_1/model.keras,recorded_in_fold_manifest,20260821T164332Z_490383ff__exp_20260903T170029Z_e0883d24
rec_371bb1b9e4f734680eb6,/mnt/d/INFANT CRY/data_set_dbl_split/train/discomfort/3298_M_heh.wav,baby,infant_sha256:93f72c0ef7c454b70f119dabac7d883d182b1bfdfef027184dfe81191dd2f03c,2,baby,0.9305144506999523,0.06948554930004772,original,/mnt/d/INFANT CRY/Models_dbl/experiments/runs/20260821T164332Z_490383ff__exp_20260903T170029Z_e0883d24/candidates/stage1_logmel_small_cnn/seed_42/fold_2/attempt_1/model.keras,recorded_in_fold_manifest,20260821T164332Z_490383ff__exp_20260903T170029Z_e0883d24
rec_b9360ab2f4023e09693c,/mnt/d/INFANT CRY/data_set_dbl_split/train/discomfort/3335_M_heh.wav,baby,infant_sha256:d6ef14bb5bf0851922182579ff806b84592522265cd4452965ae3888585ffc88,2,baby,0.9966777822999078,0.003322217700092211,original,/mnt/d/INFANT CRY/Models_dbl/experiments/runs/20260821T164332Z_490383ff__exp_20260903T170029Z_e0883d24/candidates/stage1_logmel_small_cnn/seed_42/fold_2/attempt_1/model.keras,recorded_in_fold_manifest,20260821T164332Z_490383ff__exp_20260903T170029Z_e0883d24
rec_270278ab42fbf19a6468,/mnt/d/INFANT CRY/data_set_dbl_split/train/discomfort/3715_M_heh.wav,baby,infant_sha256:dfea7c820857506d0bbd687073f117ae9874a34ffc9b5b1d4e322d812d0ee13d,2,baby,0.989232689742631,0.010767310257368943,original,/mnt/d/INFANT CRY/Models_dbl/experiments/runs/20260821T164332Z_490383ff__exp_20260903T170029Z_e0883d24/candidates/stage1_logmel_small_cnn/seed_42/fold_2/attempt_1/model.keras,recorded_in_fold_manifest,20260821T164332Z_490383ff__exp_20260903T170029Z_e0883d24
rec_6bbd0237afd88cf9b3c1,/mnt/d/INFANT CRY/data_set_dbl_split/train/discomfort/3795_M_heh.wav,baby,infant_sha256:615d6ab51f30ebaa2a83d03bb3ce0b6a6c653238db82ea6f58e38391ee03ed73,2,baby,0.8964689178676419,0.10353108213235805,original,/mnt/d/INFANT CRY/Models_dbl/experiments/runs/20260821T164332Z_490383ff__exp_20260903T170029Z_e0883d24/candidates/stage1_logmel_small_cnn/seed_42/fold_2/attempt_1/model.keras,recorded_in_fold_manifest,20260821T164332Z_490383ff__exp_20260903T170029Z_e0883d24
rec_f4d28e0fc9542a590b34,/mnt/d/INFANT CRY/data_set_dbl_split/train/discomfort/3844_M_heh.wav,baby,infant_sha256:657b32af5cf1a5e1bc960bf6d3a64bdc49c4ca3e2c482e8d71d9ef755f4cfbab,2,baby,0.7406118357546232,0.25938816424537686,original,/mnt/d/INFANT CRY/Models_dbl/experiments/runs/20260821T164332Z_490383ff__exp_20260903T170029Z_e0883d24/candidates/stage1_logmel_small_cnn/seed_42/fold_2/attempt_1/model.keras,recorded_in_fold_manifest,20260821T164332Z_490383ff__exp_20260903T170029Z_e0883d24
rec_a7a1cff4c1b04c4a0a73,/mnt/d/INFANT CRY/data_set_dbl_split/train/discomfort/3992_M_heh.wav,baby,infant_sha256:0f8f2b4bd1f36b2192586ae73065c2cae9f9ef3e8ee3c7e9a0c7ffc446a7c4dd,2,baby,0.9632326795115774,0.03676732048842254,original,/mnt/d/INFANT CRY/Models_dbl/experiments/runs/20260821T164332Z_490383ff__exp_20260903T170029Z_e0883d24/candidates/stage1_logmel_small_cnn/seed_42/fold_2/attempt_1/model.keras,recorded_in_fold_manifest,20260821T164332Z_490383ff__exp_20260903T170029Z_e0883d24
rec_c95f02818a4bfa9ef8b9,/mnt/d/INFANT CRY/data_set_dbl_split/train/discomfort/4041_M_heh.wav,baby,infant_sha256:06123eccd7c806497d521b54de2e69e412a7d45c348f5d8601379d0cbc5f11b9,2,baby,0.9642199550644324,0.03578004493556766,original,/mnt/d/INFANT CRY/Models_dbl/experiments/runs/20260821T164332Z_490383ff__exp_20260903T170029Z_e0883d24/candidates/stage1_logmel_small_cnn/seed_42/fold_2/attempt_1/model.keras,recorded_in_fold_manifest,20260821T164332Z_490383ff__exp_20260903T170029Z_e0883d24
rec_6ad89027638c1a776894,/mnt/d/INFANT CRY/data_set_dbl_split/train/discomfort/4228_M_heh.wav,baby,infant_sha256:b62b980407bc234ade7738795e086691eb770cb73005718199acf386c41cad02,2,baby,0.977120406755212,0.022879593244788,original,/mnt/d/INFANT CRY/Models_dbl/experiments/runs/20260821T164332Z_490383ff__exp_20260903T170029Z_e0883d24/candidates/stage1_logmel_small_cnn/seed_42/fold_2/attempt_1/model.keras,recorded_in_fold_manifest,20260821T164332Z_490383ff__exp_20260903T170029Z_e0883d24
rec_545a14847418aadce545,/mnt/d/INFANT CRY/data_set_dbl_split/train/discomfort/4253_M_heh.wav,baby,infant_sha256:fce954eadaf605875056a76a995e1b778eeb910983a3207a276f99236b9526c9,2,baby,0.7536792496001385,0.2463207503998615,original,/mnt/d/INFANT CRY/Models_dbl/experiments/runs/20260821T164332Z_490383ff__exp_20260903T170029Z_e0883d24/candidates/stage1_logmel_small_cnn/seed_42/fold_2/attempt_1/model.keras,recorded_in_fold_manifest,20260821T164332Z_490383ff__exp_20260903T170029Z_e0883d24
rec_47ad8a2ec8f931f1904d,/mnt/d/INFANT CRY/data_set_dbl_split/train/discomfort/dunstan-heh_13.wav,baby,infant_sha256:b51e673bad1fee64ab06e314e95104d2ba9921134c2ce2362bc6294d4a636a79,2,baby,0.8723854682560405,0.12761453174395954,original,/mnt/d/INFANT CRY/Models_dbl/experiments/runs/20260821T164332Z_490383ff__exp_20260903T170029Z_e0883d24/candidates/stage1_logmel_small_cnn/seed_42/fold_2/attempt_1/model.keras,recorded_in_fold_manifest,20260821T164332Z_490383ff__exp_20260903T170029Z_e0883d24
rec_2c14edaf86afba716162,/mnt/d/INFANT CRY/data_set_dbl_split/train/discomfort/dunstan-heh_17.wav,baby,infant_sha256:50a9ba34e829cf9fcce814337fc5e5dcccb431b6ef346193863b4bf0bfe990a7,2,baby,0.9009405114107024,0.09905948858929756,original,/mnt/d/INFANT CRY/Models_dbl/experiments/runs/20260821T164332Z_490383ff__exp_20260903T170029Z_e0883d24/candidates/stage1_logmel_small_cnn/seed_42/fold_2/attempt_1/model.keras,recorded_in_fold_manifest,20260821T164332Z_490383ff__exp_20260903T170029Z_e0883d24
rec_35ee8ab5d6dd0b87c748,/mnt/d/INFANT CRY/data_set_dbl_split/train/discomfort/dunstan-heh_34.wav,baby,infant_sha256:264fc312ca87e9dccf68f799ba32206466d2767cf9312e2ab454024494818772,2,baby,0.9790491048069504,0.020950895193049594,original,/mnt/d/INFANT CRY/Models_dbl/experiments/runs/20260821T164332Z_490383ff__exp_20260903T170029Z_e0883d24/candidates/stage1_logmel_small_cnn/seed_42/fold_2/attempt_1/model.keras,recorded_in_fold_manifest,20260821T164332Z_490383ff__exp_20260903T170029Z_e0883d24
rec_1e1cf13b4d1b84eb706c,/mnt/d/INFANT CRY/data_set_dbl_split/train/discomfort/dunstan-heh_37.wav,baby,infant_sha256:efe4a4f82d527d68867672209e36512d912907a6bab1bbf6ec9f523fa3f9ae16,2,baby,0.9092093177825906,0.09079068221740932,original,/mnt/d/INFANT CRY/Models_dbl/experiments/runs/20260821T164332Z_490383ff__exp_20260903T170029Z_e0883d24/candidates/stage1_logmel_small_cnn/seed_42/fold_2/attempt_1/model.keras,recorded_in_fold_manifest,20260821T164332Z_490383ff__exp_20260903T170029Z_e0883d24
rec_f4d972ce5aa401717524,/mnt/d/INFANT CRY/data_set_dbl_split/train/discomfort/dunstan-heh_56.wav,baby,infant_sha256:78a75bac026554e45349a30721f1e48272841318d8ee92dfaa1fce86d1126c79,2,baby,0.9303037066802935,0.06969629331970652,original,/mnt/d/INFANT CRY/Models_dbl/experiments/runs/20260821T164332Z_490383ff__exp_20260903T170029Z_e0883d24/candidates/stage1_logmel_small_cnn/seed_42/fold_2/attempt_1/model.keras,recorded_in_fold_manifest,20260821T164332Z_490383ff__exp_20260903T170029Z_e0883d24
rec_9cac5ed43c5a7d7d1eff,/mnt/d/INFANT CRY/data_set_dbl_split/train/hungry/1200_M_neh.wav,baby,infant_sha256:59fd3681f53155b7f3316a976ce6938e2f195bb38b3cf02e838ba47ff130dcb3,2,baby,0.9713547736367838,0.028645226363216224,original,/mnt/d/INFANT CRY/Models_dbl/experiments/runs/20260821T164332Z_490383ff__exp_20260903T170029Z_e0883d24/candidates/stage1_logmel_small_cnn/seed_42/fold_2/attempt_1/model.keras,recorded_in_fold_manifest,20260821T164332Z_490383ff__exp_20260903T170029Z_e0883d24
rec_c4c64bc3a334453f65f3,/mnt/d/INFANT CRY/data_set_dbl_split/train/hungry/1641_M_neh.wav,baby,infant_sha256:5fe72d99d113bc0ae5b7256bff021cdc397aaff0055e92cb122010e8514bc62e,2,baby,0.939609348873202,0.060390651126797985,original,/mnt/d/INFANT CRY/Models_dbl/experiments/runs/20260821T164332Z_490383ff__exp_20260903T170029Z_e0883d24/candidates/stage1_logmel_small_cnn/seed_42/fold_2/attempt_1/model.keras,recorded_in_fold_manifest,20260821T164332Z_490383ff__exp_20260903T170029Z_e0883d24
rec_06c98458513d1a15c986,/mnt/d/INFANT CRY/data_set_dbl_split/train/hungry/2301_M_neh.wav,baby,infant_sha256:d9ed5617ec85c76df00229fde2c99564a6066de7fa230ea11b2cd18f46cbaf24,2,baby,0.9940444439332932,0.0059555560667067875,original,/mnt/d/INFANT CRY/Models_dbl/experiments/runs/20260821T164332Z_490383ff__exp_20260903T170029Z_e0883d24/candidates/stage1_logmel_small_cnn/seed_42/fold_2/attempt_1/model.keras,recorded_in_fold_manifest,20260821T164332Z_490383ff__exp_20260903T170029Z_e0883d24
rec_87323d3270f1b8f6e507,/mnt/d/INFANT CRY/data_set_dbl_split/train/hungry/2317_M_neh.wav,baby,infant_sha256:c260dfd7f3fb503bdf69d1ffca61ecc25f2ec68d46433f6f097e2b40ebce0837,2,baby,0.9890924415804695,0.01090755841953051,original,/mnt/d/INFANT CRY/Models_dbl/experiments/runs/20260821T164332Z_490383ff__exp_20260903T170029Z_e0883d24/candidates/stage1_logmel_small_cnn/seed_42/fold_2/attempt_1/model.keras,recorded_in_fold_manifest,20260821T164332Z_490383ff__exp_20260903T170029Z_e0883d24
rec_bdcdd560bdde23d75dcf,/mnt/d/INFANT CRY/data_set_dbl_split/train/hungry/246_M_neh.wav,baby,infant_sha256:8585d00c79bab3dfec7f375718bc26ea475eeaf0f74bb98c5953c4ffa3380261,2,baby,0.9982312946761704,0.0017687053238295057,original,/mnt/d/INFANT CRY/Models_dbl/experiments/runs/20260821T164332Z_490383ff__exp_20260903T170029Z_e0883d24/candidates/stage1_logmel_small_cnn/seed_42/fold_2/attempt_1/model.keras,recorded_in_fold_manifest,20260821T164332Z_490383ff__exp_20260903T170029Z_e0883d24
rec_40337147c7cdb9b1f04e,/mnt/d/INFANT CRY/data_set_dbl_split/train/hungry/2515_M_neh.wav,baby,infant_sha256:a60f7d56c079df0998cb92c4754cccee4af565a615bdc3543bd244bafc14911d,2,baby,0.9169858166350857,0.08301418336491423,original,/mnt/d/INFANT CRY/Models_dbl/experiments/runs/20260821T164332Z_490383ff__exp_20260903T170029Z_e0883d24/candidates/stage1_logmel_small_cnn/seed_42/fold_2/attempt_1/model.keras,recorded_in_fold_manifest,20260821T164332Z_490383ff__exp_20260903T170029Z_e0883d24
rec_116326ebfd88ba6b8be5,/mnt/d/INFANT CRY/data_set_dbl_split/train/hungry/2621_F_neh.wav,baby,infant_sha256:b05cadc0b50f16fa2b38972e9a5fc958282e4ac3768473f511488093bcc8f59f,2,baby,0.9933150665053766,0.006684933494623444,original,/mnt/d/INFANT CRY/Models_dbl/experiments/runs/20260821T164332Z_490383ff__exp_20260903T170029Z_e0883d24/candidates/stage1_logmel_small_cnn/seed_42/fold_2/attempt_1/model.keras,recorded_in_fold_manifest,20260821T164332Z_490383ff__exp_20260903T170029Z_e0883d24
rec_4207d13dec28146787c8,/mnt/d/INFANT CRY/data_set_dbl_split/train/hungry/2848_F_neh.wav,baby,infant_sha256:241c7c0d09ae75de8d000ecd1f4b2a6fbee53b243c1ad531caa9aa5049c4d887,2,baby,0.999461526435326,0.0005384735646739398,original,/mnt/d/INFANT CRY/Models_dbl/experiments/runs/20260821T164332Z_490383ff__exp_20260903T170029Z_e0883d24/candidates/stage1_logmel_small_cnn/seed_42/fold_2/attempt_1/model.keras,recorded_in_fold_manifest,20260821T164332Z_490383ff__exp_20260903T170029Z_e0883d24
rec_7d34a6ff4cab4dc795fd,/mnt/d/INFANT CRY/data_set_dbl_split/train/hungry/3451_M_neh.wav,baby,infant_sha256:ee8e5f3fff4f2700a00748bfdffb282ddd4ebdb494e7918b26fcc632d76c1e4b,2,baby,0.977162977212654,0.02283702278734604,original,/mnt/d/INFANT CRY/Models_dbl/experiments/runs/20260821T164332Z_490383ff__exp_20260903T170029Z_e0883d24/candidates/stage1_logmel_small_cnn/seed_42/fold_2/attempt_1/model.keras,recorded_in_fold_manifest,20260821T164332Z_490383ff__exp_20260903T170029Z_e0883d24
rec_7523b8e66b4d3ccafefe,/mnt/d/INFANT CRY/data_set_dbl_split/train/hungry/354_M_neh.wav,baby,infant_sha256:ebc9334ebdeae1a854e73fafe028cc159808a96d160f7cef8befd1f0a2f74b80,2,baby,0.8062628031710208,0.19373719682897922,original,/mnt/d/INFANT CRY/Models_dbl/experiments/runs/20260821T164332Z_490383ff__exp_20260903T170029Z_e0883d24/candidates/stage1_logmel_small_cnn/seed_42/fold_2/attempt_1/model.keras,recorded_in_fold_manifest,20260821T164332Z_490383ff__exp_20260903T170029Z_e0883d24
rec_463180d5d281fe991930,/mnt/d/INFANT CRY/data_set_dbl_split/train/hungry/3701_F_neh.wav,baby,infant_sha256:3f8890e71625278ea94f90591d0d04c1f5e0cb3a5f196b926519e2a3c106891d,2,baby,0.9960640003248304,0.003935999675169589,original,/mnt/d/INFANT CRY/Models_dbl/experiments/runs/20260821T164332Z_490383ff__exp_20260903T170029Z_e0883d24/candidates/stage1_logmel_small_cnn/seed_42/fold_2/attempt_1/model.keras,recorded_in_fold_manifest,20260821T164332Z_490383ff__exp_20260903T170029Z_e0883d24
rec_3eeb6dcac3167d9919e6,/mnt/d/INFANT CRY/data_set_dbl_split/train/hungry/4221_M_neh.wav,baby,infant_sha256:be5e24d751608c32cb67163060fd6e7763d9abbad230f345deb037cb9465a30b,2,baby,0.9728552572243161,0.02714474277568385,original,/mnt/d/INFANT CRY/Models_dbl/experiments/runs/20260821T164332Z_490383ff__exp_20260903T170029Z_e0883d24/candidates/stage1_logmel_small_cnn/seed_42/fold_2/attempt_1/model.keras,recorded_in_fold_manifest,20260821T164332Z_490383ff__exp_20260903T170029Z_e0883d24
rec_e4ad00feb28f4c6c7b7c,/mnt/d/INFANT CRY/data_set_dbl_split/train/hungry/4387_M_neh.wav,baby,infant_sha256:5c0b2a9a67fb770a17081220716b1e4161151222095ff72a95f4282df8ce0e9e,2,baby,0.9989870859330491,0.0010129140669509755,original,/mnt/d/INFANT CRY/Models_dbl/experiments/runs/20260821T164332Z_490383ff__exp_20260903T170029Z_e0883d24/candidates/stage1_logmel_small_cnn/seed_42/fold_2/attempt_1/model.keras,recorded_in_fold_manifest,20260821T164332Z_490383ff__exp_20260903T170029Z_e0883d24
rec_292be120aac79f3d8aad,/mnt/d/INFANT CRY/data_set_dbl_split/train/hungry/458_F_neh.wav,baby,infant_sha256:70dd5dadfa66c032bbb04a56f14eadc4c3d9d7b9599bb1e64284fb91dc673313,2,baby,0.9997674203039902,0.0002325796960097868,original,/mnt/d/INFANT CRY/Models_dbl/experiments/runs/20260821T164332Z_490383ff__exp_20260903T170029Z_e0883d24/candidates/stage1_logmel_small_cnn/seed_42/fold_2/attempt_1/model.keras,recorded_in_fold_manifest,20260821T164332Z_490383ff__exp_20260903T170029Z_e0883d24
rec_e0a54a38ab9d7b6d3830,/mnt/d/INFANT CRY/data_set_dbl_split/train/hungry/463_M_neh.wav,baby,infant_sha256:292100ebd42c27f7f4faf23fdb590492c046c28692a8a9606237bf0543fc515a,2,baby,0.9892623350824241,0.010737664917575829,original,/mnt/d/INFANT CRY/Models_dbl/experiments/runs/20260821T164332Z_490383ff__exp_20260903T170029Z_e0883d24/candidates/stage1_logmel_small_cnn/seed_42/fold_2/attempt_1/model.keras,recorded_in_fold_manifest,20260821T164332Z_490383ff__exp_20260903T170029Z_e0883d24
rec_999b11113921ddf86a11,/mnt/d/INFANT CRY/data_set_dbl_split/train/hungry/4652_M_neh.wav,baby,infant_sha256:c0c3feebce565cef7dbbdc4e33b161b3c9393466cdb3b5d5000f17641ce104d5,2,baby,0.9973355937326517,0.002664406267348371,original,/mnt/d/INFANT CRY/Models_dbl/experiments/runs/20260821T164332Z_490383ff__exp_20260903T170029Z_e0883d24/candidates/stage1_logmel_small_cnn/seed_42/fold_2/attempt_1/model.keras,recorded_in_fold_manifest,20260821T164332Z_490383ff__exp_20260903T170029Z_e0883d24
rec_e0b99c082ada88b0aa3b,/mnt/d/INFANT CRY/data_set_dbl_split/train/hungry/4806_F_neh.wav,baby,infant_sha256:8dad9d9ae6f746dcca70d42d5893f20751aa87f70a42fcae47944339d9b8c654,2,baby,0.9979053942518262,0.00209460574817376,original,/mnt/d/INFANT CRY/Models_dbl/experiments/runs/20260821T164332Z_490383ff__exp_20260903T170029Z_e0883d24/candidates/stage1_logmel_small_cnn/seed_42/fold_2/attempt_1/model.keras,recorded_in_fold_manifest,20260821T164332Z_490383ff__exp_20260903T170029Z_e0883d24
rec_6a6e66f89a8a4d5d6593,/mnt/d/INFANT CRY/data_set_dbl_split/train/hungry/4908_M_neh.wav,baby,infant_sha256:e2cdafb6cec71ac00d2df6b292b2f3468537b2c186ff3e80f1e1068c9536edd1,2,baby,0.9847925378632036,0.015207462136796357,original,/mnt/d/INFANT CRY/Models_dbl/experiments/runs/20260821T164332Z_490383ff__exp_20260903T170029Z_e0883d24/candidates/stage1_logmel_small_cnn/seed_42/fold_2/attempt_1/model.keras,recorded_in_fold_manifest,20260821T164332Z_490383ff__exp_20260903T170029Z_e0883d24
rec_2f44b2a29b63c403f247,/mnt/d/INFANT CRY/data_set_dbl_split/train/hungry/516_M_neh.wav,baby,infant_sha256:e5b30435906cdd5c727047976d84e52f3601721907f41ed7c3290c05cd2d1e29,2,baby,0.9878313879861693,0.012168612013830677,original,/mnt/d/INFANT CRY/Models_dbl/experiments/runs/20260821T164332Z_490383ff__exp_20260903T170029Z_e0883d24/candidates/stage1_logmel_small_cnn/seed_42/fold_2/attempt_1/model.keras,recorded_in_fold_manifest,20260821T164332Z_490383ff__exp_20260903T170029Z_e0883d24
rec_d8deea50d36d9d56286e,/mnt/d/INFANT CRY/data_set_dbl_split/train/hungry/851_M_neh.wav,baby,infant_sha256:e3e392a7783ed734892b7fe0a6e2d9e05e7096499d3c8007b1a7946b7731ef3f,2,baby,0.9801784102981254,0.01982158970187461,original,/mnt/d/INFANT CRY/Models_dbl/experiments/runs/20260821T164332Z_490383ff__exp_20260903T170029Z_e0883d24/candidates/stage1_logmel_small_cnn/seed_42/fold_2/attempt_1/model.keras,recorded_in_fold_manifest,20260821T164332Z_490383ff__exp_20260903T170029Z_e0883d24
rec_19f421ef58c3bf799ef8,/mnt/d/INFANT CRY/data_set_dbl_split/train/hungry/99_M_neh.wav,baby,infant_sha256:14b4f8ed2c701302746fe3ce0f2fe522b34368aa06a769e51f7e6c9fe3037767,2,baby,0.9963420119287107,0.0036579880712892766,original,/mnt/d/INFANT CRY/Models_dbl/experiments/runs/20260821T164332Z_490383ff__exp_20260903T170029Z_e0883d24/candidates/stage1_logmel_small_cnn/seed_42/fold_2/attempt_1/model.keras,recorded_in_fold_manifest,20260821T164332Z_490383ff__exp_20260903T170029Z_e0883d24
rec_3bae5630f154084da71f,/mnt/d/INFANT CRY/data_set_dbl_split/train/hungry/dunstan-neh_29.wav,baby,infant_sha256:1317b4a1223e9c43ed322ff442b5cb8340fa19a7625572ff3f03d473782ccb48,2,baby,0.9898286142338611,0.010171385766138857,original,/mnt/d/INFANT CRY/Models_dbl/experiments/runs/20260821T164332Z_490383ff__exp_20260903T170029Z_e0883d24/candidates/stage1_logmel_small_cnn/seed_42/fold_2/attempt_1/model.keras,recorded_in_fold_manifest,20260821T164332Z_490383ff__exp_20260903T170029Z_e0883d24
rec_dabc4e82a87f09753719,/mnt/d/INFANT CRY/data_set_dbl_split/train/hungry/dunstan-neh_36.wav,baby,infant_sha256:9d2f54fa6424d45722f78a23d52bbb429fe9f5585a7b4be19c189fb859167d9b,2,baby,0.9958522579482414,0.004147742051758596,original,/mnt/d/INFANT CRY/Models_dbl/experiments/runs/20260821T164332Z_490383ff__exp_20260903T170029Z_e0883d24/candidates/stage1_logmel_small_cnn/seed_42/fold_2/attempt_1/model.keras,recorded_in_fold_manifest,20260821T164332Z_490383ff__exp_20260903T170029Z_e0883d24
rec_e6f7616af9e95806b13f,/mnt/d/INFANT CRY/data_set_dbl_split/train/hungry/dunstan-neh_37.wav,baby,infant_sha256:e5eb6511e30be0b2d6a9025802029cf007146dcb0fee2feeff93a3f9a54cf0c1,2,baby,0.9992323820704407,0.0007676179295592338,original,/mnt/d/INFANT CRY/Models_dbl/experiments/runs/20260821T164332Z_490383ff__exp_20260903T170029Z_e0883d24/candidates/stage1_logmel_small_cnn/seed_42/fold_2/attempt_1/model.keras,recorded_in_fold_manifest,20260821T164332Z_490383ff__exp_20260903T170029Z_e0883d24
rec_76cce5732b0faa68e759,/mnt/d/INFANT CRY/data_set_dbl_split/train/hungry/dunstan-neh_41.wav,baby,infant_sha256:7bed8495e0b72869368bf27cdf9a4306e05950ac0cec74f783d9bb66f4b416ae,2,baby,0.9965694113075404,0.0034305886924595594,original,/mnt/d/INFANT CRY/Models_dbl/experiments/runs/20260821T164332Z_490383ff__exp_20260903T170029Z_e0883d24/candidates/stage1_logmel_small_cnn/seed_42/fold_2/attempt_1/model.keras,recorded_in_fold_manifest,20260821T164332Z_490383ff__exp_20260903T170029Z_e0883d24
rec_d063c5f9742a23575dbd,/mnt/d/INFANT CRY/data_set_dbl_split/train/hungry/dunstan-neh_43.wav,baby,infant_sha256:fe0fc23da423b9852477fc29b7be4587f8fce30545f3e1ca4ce92098771f0f2d,2,baby,0.9969911946725545,0.0030088053274454673,original,/mnt/d/INFANT CRY/Models_dbl/experiments/runs/20260821T164332Z_490383ff__exp_20260903T170029Z_e0883d24/candidates/stage1_logmel_small_cnn/seed_42/fold_2/attempt_1/model.keras,recorded_in_fold_manifest,20260821T164332Z_490383ff__exp_20260903T170029Z_e0883d24
rec_0ecdc0cd17162e55aad8,/mnt/d/INFANT CRY/data_set_dbl_split/train/hungry/dunstan-neh_57.wav,baby,infant_sha256:08c90d01125e24730ff6b2324d002417b27390a1ccdadec6989ea98ab956759c,2,baby,0.9902105515861986,0.00978944841380135,original,/mnt/d/INFANT CRY/Models_dbl/experiments/runs/20260821T164332Z_490383ff__exp_20260903T170029Z_e0883d24/candidates/stage1_logmel_small_cnn/seed_42/fold_2/attempt_1/model.keras,recorded_in_fold_manifest,20260821T164332Z_490383ff__exp_20260903T170029Z_e0883d24
rec_82f5f9b88b7fc28f0a7c,/mnt/d/INFANT CRY/data_set_dbl_split/train/hungry/dunstan-neh_6.wav,baby,infant_sha256:e397f28474eda722c72a111a1b7fca3185ff0523bf70c95fb266b86de90719ed,2,baby,0.9994528282811833,0.0005471717188166657,original,/mnt/d/INFANT CRY/Models_dbl/experiments/runs/20260821T164332Z_490383ff__exp_20260903T170029Z_e0883d24/candidates/stage1_logmel_small_cnn/seed_42/fold_2/attempt_1/model.keras,recorded_in_fold_manifest,20260821T164332Z_490383ff__exp_20260903T170029Z_e0883d24
rec_563bf3b849e217c99c2b,/mnt/d/INFANT CRY/data_set_dbl_split/train/hungry/dunstan-neh_66.wav,baby,infant_sha256:f3d88de4e96a18471cd77489a3564669992633aa7c00c9323ed3de7ed2177a42,2,baby,0.9794877572892805,0.020512242710719518,original,/mnt/d/INFANT CRY/Models_dbl/experiments/runs/20260821T164332Z_490383ff__exp_20260903T170029Z_e0883d24/candidates/stage1_logmel_small_cnn/seed_42/fold_2/attempt_1/model.keras,recorded_in_fold_manifest,20260821T164332Z_490383ff__exp_20260903T170029Z_e0883d24
rec_0552af17ff94910f260a,/mnt/d/INFANT CRY/data_set_dbl_split/train/hungry/dunstan-neh_7.wav,baby,infant_sha256:5ef4bd4f85df5dc4c6e3862b718fdd63a993fc7d263eeed210b6cd0b427de9bd,2,baby,0.9548227431318632,0.04517725686813679,original,/mnt/d/INFANT CRY/Models_dbl/experiments/runs/20260821T164332Z_490383ff__exp_20260903T170029Z_e0883d24/candidates/stage1_logmel_small_cnn/seed_42/fold_2/attempt_1/model.keras,recorded_in_fold_manifest,20260821T164332Z_490383ff__exp_20260903T170029Z_e0883d24
rec_71dd61ec0a843f9ecf0c,/mnt/d/INFANT CRY/data_set_dbl_split/train/tired/1175_M_owh.wav,baby,infant_sha256:c98684c4a49ecb823e4ce108c119f9df4c6022db98727cc4b09c5d5776ec7a33,2,baby,0.9930017272370525,0.006998272762947507,original,/mnt/d/INFANT CRY/Models_dbl/experiments/runs/20260821T164332Z_490383ff__exp_20260903T170029Z_e0883d24/candidates/stage1_logmel_small_cnn/seed_42/fold_2/attempt_1/model.keras,recorded_in_fold_manifest,20260821T164332Z_490383ff__exp_20260903T170029Z_e0883d24
rec_e1ef8e972326ca893fbc,/mnt/d/INFANT CRY/data_set_dbl_split/train/tired/1327_M_owh.wav,baby,infant_sha256:b2ecffbf5e6d006dbad1a7aecd4797684d77889670e438a29f15e684ed0d1163,2,baby,0.9468662389668214,0.05313376103317859,original,/mnt/d/INFANT CRY/Models_dbl/experiments/runs/20260821T164332Z_490383ff__exp_20260903T170029Z_e0883d24/candidates/stage1_logmel_small_cnn/seed_42/fold_2/attempt_1/model.keras,recorded_in_fold_manifest,20260821T164332Z_490383ff__exp_20260903T170029Z_e0883d24
rec_fd0b9206b80f3b29add1,/mnt/d/INFANT CRY/data_set_dbl_split/train/tired/1329_M_owh.wav,baby,infant_sha256:5755fab78c929f5fe4843342e541eb5ee2ebd3633fc91a3c5487200933342567,2,baby,0.9880798339424303,0.011920166057569759,original,/mnt/d/INFANT CRY/Models_dbl/experiments/runs/20260821T164332Z_490383ff__exp_20260903T170029Z_e0883d24/candidates/stage1_logmel_small_cnn/seed_42/fold_2/attempt_1/model.keras,recorded_in_fold_manifest,20260821T164332Z_490383ff__exp_20260903T170029Z_e0883d24
rec_f7ce84e2d9609f099bf9,/mnt/d/INFANT CRY/data_set_dbl_split/train/tired/1407_M_owh.wav,baby,infant_sha256:a0417cf5ac21815c2501a09cd1cd9f5b1da1b86e668b5dd316832d2c5f3e7bd9,2,baby,0.9298520711710203,0.07014792882897973,original,/mnt/d/INFANT CRY/Models_dbl/experiments/runs/20260821T164332Z_490383ff__exp_20260903T170029Z_e0883d24/candidates/stage1_logmel_small_cnn/seed_42/fold_2/attempt_1/model.keras,recorded_in_fold_manifest,20260821T164332Z_490383ff__exp_20260903T170029Z_e0883d24
rec_18bf1cb37095850480ee,/mnt/d/INFANT CRY/data_set_dbl_split/train/tired/1434_M_owh.wav,baby,infant_sha256:2cb56e01078020442669a73726df136c77be869be94e33e0f353866a28f38790,2,baby,0.9940829488873087,0.005917051112691293,original,/mnt/d/INFANT CRY/Models_dbl/experiments/runs/20260821T164332Z_490383ff__exp_20260903T170029Z_e0883d24/candidates/stage1_logmel_small_cnn/seed_42/fold_2/attempt_1/model.keras,recorded_in_fold_manifest,20260821T164332Z_490383ff__exp_20260903T170029Z_e0883d24
rec_ffcb5317b070e323f976,/mnt/d/INFANT CRY/data_set_dbl_split/train/tired/143_F_owh.wav,baby,infant_sha256:2fbe45f439997095072f4cadfaf2a2e437e9f5602d0ccc45828bc3d9d097691d,2,baby,0.9956681644907096,0.0043318355092904345,original,/mnt/d/INFANT CRY/Models_dbl/experiments/runs/20260821T164332Z_490383ff__exp_20260903T170029Z_e0883d24/candidates/stage1_logmel_small_cnn/seed_42/fold_2/attempt_1/model.keras,recorded_in_fold_manifest,20260821T164332Z_490383ff__exp_20260903T170029Z_e0883d24
rec_fd2327ef1add12021b6a,/mnt/d/INFANT CRY/data_set_dbl_split/train/tired/1449_M_owh.wav,baby,infant_sha256:cae89b533d20e1be278cba57eb72e9a276c27c361cb5f445b50ee8b1740693a7,2,baby,0.987406266520061,0.012593733479939022,original,/mnt/d/INFANT CRY/Models_dbl/experiments/runs/20260821T164332Z_490383ff__exp_20260903T170029Z_e0883d24/candidates/stage1_logmel_small_cnn/seed_42/fold_2/attempt_1/model.keras,recorded_in_fold_manifest,20260821T164332Z_490383ff__exp_20260903T170029Z_e0883d24
rec_4a811ef1fd06401720aa,/mnt/d/INFANT CRY/data_set_dbl_split/train/tired/1452_F_owh.wav,baby,infant_sha256:43ed436f5192e48cf6ce0048607d7d7ced00ac9e85c01df8e553d13a7ca68714,2,baby,0.9856134863609761,0.014386513639023926,original,/mnt/d/INFANT CRY/Models_dbl/experiments/runs/20260821T164332Z_490383ff__exp_20260903T170029Z_e0883d24/candidates/stage1_logmel_small_cnn/seed_42/fold_2/attempt_1/model.keras,recorded_in_fold_manifest,20260821T164332Z_490383ff__exp_20260903T170029Z_e0883d24
rec_c0d5840a2c2a44b0286c,/mnt/d/INFANT CRY/data_set_dbl_split/train/tired/1477_M_owh.wav,baby,infant_sha256:0cad4e3d20e30215eeb2533d972f90aeaeccfb75d6d7e69cad476017a5eef7bf,2,baby,0.9949736442257975,0.005026355774202505,original,/mnt/d/INFANT CRY/Models_dbl/experiments/runs/20260821T164332Z_490383ff__exp_20260903T170029Z_e0883d24/candidates/stage1_logmel_small_cnn/seed_42/fold_2/attempt_1/model.keras,recorded_in_fold_manifest,20260821T164332Z_490383ff__exp_20260903T170029Z_e0883d24
rec_904decc4ed07b5125187,/mnt/d/INFANT CRY/data_set_dbl_split/train/tired/1528_M_owh.wav,baby,infant_sha256:aa7d0f4b4f60eda2bd98ca40c52bfa75bf88bcf53782cdbbe0cadd06b1018dea,2,baby,0.9963516910648432,0.003648308935156774,original,/mnt/d/INFANT CRY/Models_dbl/experiments/runs/20260821T164332Z_490383ff__exp_20260903T170029Z_e0883d24/candidates/stage1_logmel_small_cnn/seed_42/fold_2/attempt_1/model.keras,recorded_in_fold_manifest,20260821T164332Z_490383ff__exp_20260903T170029Z_e0883d24
rec_ade9d37215e105627b75,/mnt/d/INFANT CRY/data_set_dbl_split/train/tired/1539_M_owh.wav,baby,infant_sha256:5580be18cc26814e82f3cdb4bf307682a41cbe920a0a2c9df85630ac14f1d633,2,baby,0.9648829533852467,0.0351170466147533,original,/mnt/d/INFANT CRY/Models_dbl/experiments/runs/20260821T164332Z_490383ff__exp_20260903T170029Z_e0883d24/candidates/stage1_logmel_small_cnn/seed_42/fold_2/attempt_1/model.keras,recorded_in_fold_manifest,20260821T164332Z_490383ff__exp_20260903T170029Z_e0883d24
rec_43eaba8491ee96931502,/mnt/d/INFANT CRY/data_set_dbl_split/train/tired/1652_M_owh.wav,baby,infant_sha256:c6bafe2f7dee78f57ef6d7c6285bc5d867c61cb2ff2b67925a36eebb0f2fb04a,2,baby,0.9923009368805302,0.0076990631194697986,original,/mnt/d/INFANT CRY/Models_dbl/experiments/runs/20260821T164332Z_490383ff__exp_20260903T170029Z_e0883d24/candidates/stage1_logmel_small_cnn/seed_42/fold_2/attempt_1/model.keras,recorded_in_fold_manifest,20260821T164332Z_490383ff__exp_20260903T170029Z_e0883d24
rec_ed3dd6a09f8657788d18,/mnt/d/INFANT CRY/data_set_dbl_split/train/tired/1673_F_owh.wav,baby,infant_sha256:9ea33f47ed50ba85d532c3599902565d3708d322e8e208f0aa1477e72ea687f2,2,baby,0.9914269530427108,0.008573046957289263,original,/mnt/d/INFANT CRY/Models_dbl/experiments/runs/20260821T164332Z_490383ff__exp_20260903T170029Z_e0883d24/candidates/stage1_logmel_small_cnn/seed_42/fold_2/attempt_1/model.keras,recorded_in_fold_manifest,20260821T164332Z_490383ff__exp_20260903T170029Z_e0883d24
rec_60e6e25320e8f3474fe6,/mnt/d/INFANT CRY/data_set_dbl_split/train/tired/1734_M_owh.wav,baby,infant_sha256:d0f1b8ee00d8ddea9c1c03d68d4e6a86778dd6beda0cc759e93c7a1ec3e8d20d,2,baby,0.9376422551053196,0.06235774489468036,original,/mnt/d/INFANT CRY/Models_dbl/experiments/runs/20260821T164332Z_490383ff__exp_20260903T170029Z_e0883d24/candidates/stage1_logmel_small_cnn/seed_42/fold_2/attempt_1/model.keras,recorded_in_fold_manifest,20260821T164332Z_490383ff__exp_20260903T170029Z_e0883d24
rec_d4d33a1f2c5cdd2e223f,/mnt/d/INFANT CRY/data_set_dbl_split/train/tired/1760_M_owh.wav,baby,infant_sha256:49a7bdc287cc25405caf4936c8fde491a0d71afb9993701b0318f204df4c759c,2,baby,0.965315318305616,0.03468468169438398,original,/mnt/d/INFANT CRY/Models_dbl/experiments/runs/20260821T164332Z_490383ff__exp_20260903T170029Z_e0883d24/candidates/stage1_logmel_small_cnn/seed_42/fold_2/attempt_1/model.keras,recorded_in_fold_manifest,20260821T164332Z_490383ff__exp_20260903T170029Z_e0883d24
rec_0ed35a29871754d92c69,/mnt/d/INFANT CRY/data_set_dbl_split/train/tired/177_M_owh.wav,baby,infant_sha256:83803c5a3b008cde8e71e268499a66b24d6cd817cfe7f17ef93715eaf9cdd2be,2,baby,0.9712541122411188,0.028745887758881195,original,/mnt/d/INFANT CRY/Models_dbl/experiments/runs/20260821T164332Z_490383ff__exp_20260903T170029Z_e0883d24/candidates/stage1_logmel_small_cnn/seed_42/fold_2/attempt_1/model.keras,recorded_in_fold_manifest,20260821T164332Z_490383ff__exp_20260903T170029Z_e0883d24
rec_a3faf476ef2f1bd092ba,/mnt/d/INFANT CRY/data_set_dbl_split/train/tired/1795_M_owh.wav,baby,infant_sha256:2859b957f0a98febd4138bf69b5db9ccd2c1d0836296d13a8557743d092e9da9,2,baby,0.9872253665897578,0.012774633410242263,original,/mnt/d/INFANT CRY/Models_dbl/experiments/runs/20260821T164332Z_490383ff__exp_20260903T170029Z_e0883d24/candidates/stage1_logmel_small_cnn/seed_42/fold_2/attempt_1/model.keras,recorded_in_fold_manifest,20260821T164332Z_490383ff__exp_20260903T170029Z_e0883d24
rec_5d70e35019c23efaf711,/mnt/d/INFANT CRY/data_set_dbl_split/train/tired/1844_F_owh.wav,baby,infant_sha256:a1865e4b99f8098eed8f0c718adf35514fcd6cdbff7bcb7b1779173919cfc4d7,2,baby,0.9676314844691023,0.03236851553089771,original,/mnt/d/INFANT CRY/Models_dbl/experiments/runs/20260821T164332Z_490383ff__exp_20260903T170029Z_e0883d24/candidates/stage1_logmel_small_cnn/seed_42/fold_2/attempt_1/model.keras,recorded_in_fold_manifest,20260821T164332Z_490383ff__exp_20260903T170029Z_e0883d24
rec_231adaa0b0a9fe8c7acd,/mnt/d/INFANT CRY/data_set_dbl_split/train/tired/1858_M_owh.wav,baby,infant_sha256:942f1c26d1c2f2fd801bd48485e14104280900d81f8aadf46c80e775b03bdc8b,2,baby,0.9971779721867061,0.0028220278132938875,original,/mnt/d/INFANT CRY/Models_dbl/experiments/runs/20260821T164332Z_490383ff__exp_20260903T170029Z_e0883d24/candidates/stage1_logmel_small_cnn/seed_42/fold_2/attempt_1/model.keras,recorded_in_fold_manifest,20260821T164332Z_490383ff__exp_20260903T170029Z_e0883d24
rec_30d1ed276ec37c5e0877,/mnt/d/INFANT CRY/data_set_dbl_split/train/tired/189_M_owh.wav,baby,infant_sha256:7de435dbc2b4798075c49c6d9606311ce9866864e506f0299920a79cf1b1d46a,2,baby,0.9943992291793385,0.005600770820661487,original,/mnt/d/INFANT CRY/Models_dbl/experiments/runs/20260821T164332Z_490383ff__exp_20260903T170029Z_e0883d24/candidates/stage1_logmel_small_cnn/seed_42/fold_2/attempt_1/model.keras,recorded_in_fold_manifest,20260821T164332Z_490383ff__exp_20260903T170029Z_e0883d24
rec_233d5e27810c8deeabdf,/mnt/d/INFANT CRY/data_set_dbl_split/train/tired/1953_M_owh.wav,baby,infant_sha256:a4cc65635885366f47945c8f902e13506dbac4f5df15762a428c6a20914e7891,2,baby,0.9983993442296805,0.00160065577031953,original,/mnt/d/INFANT CRY/Models_dbl/experiments/runs/20260821T164332Z_490383ff__exp_20260903T170029Z_e0883d24/candidates/stage1_logmel_small_cnn/seed_42/fold_2/attempt_1/model.keras,recorded_in_fold_manifest,20260821T164332Z_490383ff__exp_20260903T170029Z_e0883d24
rec_a1f70ef70c18ce50dd3a,/mnt/d/INFANT CRY/data_set_dbl_split/train/tired/1973_M_owh.wav,baby,infant_sha256:0b0e63a1859cc31be36c2dd34105c0347d25d69a1bfe7a7076acb282632259fa,2,baby,0.9982822286535312,0.0017177713464687216,original,/mnt/d/INFANT CRY/Models_dbl/experiments/runs/20260821T164332Z_490383ff__exp_20260903T170029Z_e0883d24/candidates/stage1_logmel_small_cnn/seed_42/fold_2/attempt_1/model.keras,recorded_in_fold_manifest,20260821T164332Z_490383ff__exp_20260903T170029Z_e0883d24
rec_392c70be3dc5bcda88c5,/mnt/d/INFANT CRY/data_set_dbl_split/train/tired/2010_M_owh.wav,baby,infant_sha256:8fe131541c48791854c59869dde489afb6ef9a193b88f44e9a596c5de9c9187a,2,baby,0.9977816944000226,0.002218305599977405,original,/mnt/d/INFANT CRY/Models_dbl/experiments/runs/20260821T164332Z_490383ff__exp_20260903T170029Z_e0883d24/candidates/stage1_logmel_small_cnn/seed_42/fold_2/attempt_1/model.keras,recorded_in_fold_manifest,20260821T164332Z_490383ff__exp_20260903T170029Z_e0883d24
rec_4405bc872ad0df61a8ea,/mnt/d/INFANT CRY/data_set_dbl_split/train/tired/2022_M_owh.wav,baby,infant_sha256:ed6370a812a95500a8093d4f4841fa1f1ef30724d273c5739f16515caa2b4d37,2,baby,0.8980495534401287,0.10195044655987129,original,/mnt/d/INFANT CRY/Models_dbl/experiments/runs/20260821T164332Z_490383ff__exp_20260903T170029Z_e0883d24/candidates/stage1_logmel_small_cnn/seed_42/fold_2/attempt_1/model.keras,recorded_in_fold_manifest,20260821T164332Z_490383ff__exp_20260903T170029Z_e0883d24
rec_098c528dfdf2bc203c7d,/mnt/d/INFANT CRY/data_set_dbl_split/train/tired/2184_F_owh.wav,baby,infant_sha256:2a78aa35c5674f10463487dd099c47ea3c73aca5ddbe23819e2a9cd70e4a5757,2,baby,0.9951465364445793,0.004853463555420675,original,/mnt/d/INFANT CRY/Models_dbl/experiments/runs/20260821T164332Z_490383ff__exp_20260903T170029Z_e0883d24/candidates/stage1_logmel_small_cnn/seed_42/fold_2/attempt_1/model.keras,recorded_in_fold_manifest,20260821T164332Z_490383ff__exp_20260903T170029Z_e0883d24
rec_fe69a6caa1104cbc03b5,/mnt/d/INFANT CRY/data_set_dbl_split/train/tired/2209_M_owh.wav,baby,infant_sha256:937e15bfa6394425418b13f4713f2139857f3ad3a610ce5c0b8be6693295fca6,2,baby,0.9888018176287057,0.011198182371294284,original,/mnt/d/INFANT CRY/Models_dbl/experiments/runs/20260821T164332Z_490383ff__exp_20260903T170029Z_e0883d24/candidates/stage1_logmel_small_cnn/seed_42/fold_2/attempt_1/model.keras,recorded_in_fold_manifest,20260821T164332Z_490383ff__exp_20260903T170029Z_e0883d24
rec_391431d9e36aba58d034,/mnt/d/INFANT CRY/data_set_dbl_split/train/tired/2302_M_owh.wav,baby,infant_sha256:aede4ea8284d524a1af632adabe475fcf87c86ed825abe44bd2dbe18c0ffe671,2,baby,0.9634859159465512,0.03651408405344877,original,/mnt/d/INFANT CRY/Models_dbl/experiments/runs/20260821T164332Z_490383ff__exp_20260903T170029Z_e0883d24/candidates/stage1_logmel_small_cnn/seed_42/fold_2/attempt_1/model.keras,recorded_in_fold_manifest,20260821T164332Z_490383ff__exp_20260903T170029Z_e0883d24
rec_d115cba322b06fb55589,/mnt/d/INFANT CRY/data_set_dbl_split/train/tired/234_M_owh.wav,baby,infant_sha256:f148463e190dc6431dce64037e622c28b8ce35225599b8dcb38f78320ef63618,2,baby,0.8201702237129211,0.17982977628707886,original,/mnt/d/INFANT CRY/Models_dbl/experiments/runs/20260821T164332Z_490383ff__exp_20260903T170029Z_e0883d24/candidates/stage1_logmel_small_cnn/seed_42/fold_2/attempt_1/model.keras,recorded_in_fold_manifest,20260821T164332Z_490383ff__exp_20260903T170029Z_e0883d24
rec_3f575de91dd2ee55abf2,/mnt/d/INFANT CRY/data_set_dbl_split/train/tired/235_M_owh.wav,baby,infant_sha256:88e60ea5fa22c851c94a65e07a838bb9fa0f089cc6bbb29cae1f8d34150a149c,2,baby,0.7128989484042243,0.28710105159577576,original,/mnt/d/INFANT CRY/Models_dbl/experiments/runs/20260821T164332Z_490383ff__exp_20260903T170029Z_e0883d24/candidates/stage1_logmel_small_cnn/seed_42/fold_2/attempt_1/model.keras,recorded_in_fold_manifest,20260821T164332Z_490383ff__exp_20260903T170029Z_e0883d24
rec_cd3db73b14a06bcaf977,/mnt/d/INFANT CRY/data_set_dbl_split/train/tired/2362_M_owh.wav,baby,infant_sha256:f2d6859d0d472c101de3c5a92fe715beee7846a948e821201b694ffa095da5c4,2,baby,0.971504281998923,0.028495718001076954,original,/mnt/d/INFANT CRY/Models_dbl/experiments/runs/20260821T164332Z_490383ff__exp_20260903T170029Z_e0883d24/candidates/stage1_logmel_small_cnn/seed_42/fold_2/attempt_1/model.keras,recorded_in_fold_manifest,20260821T164332Z_490383ff__exp_20260903T170029Z_e0883d24
rec_c69119cf6403614feab1,/mnt/d/INFANT CRY/data_set_dbl_split/train/tired/2391_M_owh.wav,baby,infant_sha256:7c72ee380b941e571e3ba043d2016fe1b867369dd714c32c31cfb32d4471f573,2,baby,0.9551960336625133,0.04480396633748673,original,/mnt/d/INFANT CRY/Models_dbl/experiments/runs/20260821T164332Z_490383ff__exp_20260903T170029Z_e0883d24/candidates/stage1_logmel_small_cnn/seed_42/fold_2/attempt_1/model.keras,recorded_in_fold_manifest,20260821T164332Z_490383ff__exp_20260903T170029Z_e0883d24
rec_f964905ba2326c2bbf71,/mnt/d/INFANT CRY/data_set_dbl_split/train/tired/2409_M_owh.wav,baby,infant_sha256:2b8156c19233ae3e5f3907973f69cee84ac16f190f380fa34daf76b1c2091b77,2,baby,0.9636343502186011,0.036365649781398855,original,/mnt/d/INFANT CRY/Models_dbl/experiments/runs/20260821T164332Z_490383ff__exp_20260903T170029Z_e0883d24/candidates/stage1_logmel_small_cnn/seed_42/fold_2/attempt_1/model.keras,recorded_in_fold_manifest,20260821T164332Z_490383ff__exp_20260903T170029Z_e0883d24
rec_88f5e8c104b9f983e351,/mnt/d/INFANT CRY/data_set_dbl_split/train/tired/2429_M_owh.wav,baby,infant_sha256:79cd4556df5b90957aeb8fc34bc8a57cfc0009b72faa379bf451222dbd7d8043,2,baby,0.9082797372701705,0.09172026272982946,original,/mnt/d/INFANT CRY/Models_dbl/experiments/runs/20260821T164332Z_490383ff__exp_20260903T170029Z_e0883d24/candidates/stage1_logmel_small_cnn/seed_42/fold_2/attempt_1/model.keras,recorded_in_fold_manifest,20260821T164332Z_490383ff__exp_20260903T170029Z_e0883d24
rec_7335dcde7a27046c15f5,/mnt/d/INFANT CRY/data_set_dbl_split/train/tired/2430_M_owh.wav,baby,infant_sha256:5962311aa4f9ea75501cfc4b8fd3d4bd1a95031f1796294cc5ee20d171909f21,2,baby,0.9995845304077059,0.00041546959229410446,original,/mnt/d/INFANT CRY/Models_dbl/experiments/runs/20260821T164332Z_490383ff__exp_20260903T170029Z_e0883d24/candidates/stage1_logmel_small_cnn/seed_42/fold_2/attempt_1/model.keras,recorded_in_fold_manifest,20260821T164332Z_490383ff__exp_20260903T170029Z_e0883d24
rec_a87694e9770b4bf5b29c,/mnt/d/INFANT CRY/data_set_dbl_split/train/tired/2515_F_owh.wav,baby,infant_sha256:751a22c1b6909b68f5d3ddfe400cbfe27d8d2c0028f34ba221a1d784d02e6090,2,baby,0.9907635011179182,0.009236498882081808,original,/mnt/d/INFANT CRY/Models_dbl/experiments/runs/20260821T164332Z_490383ff__exp_20260903T170029Z_e0883d24/candidates/stage1_logmel_small_cnn/seed_42/fold_2/attempt_1/model.keras,recorded_in_fold_manifest,20260821T164332Z_490383ff__exp_20260903T170029Z_e0883d24
rec_36dc78bde405c4a98143,/mnt/d/INFANT CRY/data_set_dbl_split/train/tired/2534_M_owh.wav,baby,infant_sha256:6a3868b9299da38316a58fc349aa7395a387c4770ed6280a431e823200a435d4,2,baby,0.9821725725536112,0.017827427446388745,original,/mnt/d/INFANT CRY/Models_dbl/experiments/runs/20260821T164332Z_490383ff__exp_20260903T170029Z_e0883d24/candidates/stage1_logmel_small_cnn/seed_42/fold_2/attempt_1/model.keras,recorded_in_fold_manifest,20260821T164332Z_490383ff__exp_20260903T170029Z_e0883d24
rec_adebcb991948cd5e3658,/mnt/d/INFANT CRY/data_set_dbl_split/train/tired/2607_F_owh.wav,baby,infant_sha256:003a9b326de80bb4dc7b330cab406df39b5eb322b6e0a0541212af103ec099c1,2,baby,0.9827901015118871,0.01720989848811293,original,/mnt/d/INFANT CRY/Models_dbl/experiments/runs/20260821T164332Z_490383ff__exp_20260903T170029Z_e0883d24/candidates/stage1_logmel_small_cnn/seed_42/fold_2/attempt_1/model.keras,recorded_in_fold_manifest,20260821T164332Z_490383ff__exp_20260903T170029Z_e0883d24
rec_cd9af9038aec195d62ce,/mnt/d/INFANT CRY/data_set_dbl_split/train/tired/2705_F_owh.wav,baby,infant_sha256:2e68f8c8fc9e5d8638c693b9ced1edb03abab9906feab07a8f25355ae277567f,2,baby,0.9950655814617125,0.004934418538287498,original,/mnt/d/INFANT CRY/Models_dbl/experiments/runs/20260821T164332Z_490383ff__exp_20260903T170029Z_e0883d24/candidates/stage1_logmel_small_cnn/seed_42/fold_2/attempt_1/model.keras,recorded_in_fold_manifest,20260821T164332Z_490383ff__exp_20260903T170029Z_e0883d24
rec_439a9902269ef8598187,/mnt/d/INFANT CRY/data_set_dbl_split/train/tired/2716_M_owh.wav,baby,infant_sha256:5b02e7553547c026e0c5136d6a28c3c881406f1cd425bbe544de121ff1873d1e,2,baby,0.9280175704958673,0.07198242950413271,original,/mnt/d/INFANT CRY/Models_dbl/experiments/runs/20260821T164332Z_490383ff__exp_20260903T170029Z_e0883d24/candidates/stage1_logmel_small_cnn/seed_42/fold_2/attempt_1/model.keras,recorded_in_fold_manifest,20260821T164332Z_490383ff__exp_20260903T170029Z_e0883d24
rec_7d086653c18267b4889e,/mnt/d/INFANT CRY/data_set_dbl_split/train/tired/2723_F_owh.wav,baby,infant_sha256:8d3e128e33cebcccff42632727d8596837e73ed054212ddb25a1cbed32082838,2,baby,0.9973438574884879,0.002656142511512113,original,/mnt/d/INFANT CRY/Models_dbl/experiments/runs/20260821T164332Z_490383ff__exp_20260903T170029Z_e0883d24/candidates/stage1_logmel_small_cnn/seed_42/fold_2/attempt_1/model.keras,recorded_in_fold_manifest,20260821T164332Z_490383ff__exp_20260903T170029Z_e0883d24
rec_d07028787b389f82a0b4,/mnt/d/INFANT CRY/data_set_dbl_split/train/tired/2768_M_owh.wav,baby,infant_sha256:4a1a3ad355198f3253b82aed1fba69238a952e1604ea7b0eba6c0f073352ea0c,2,baby,0.9871041940225991,0.012895805977400865,original,/mnt/d/INFANT CRY/Models_dbl/experiments/runs/20260821T164332Z_490383ff__exp_20260903T170029Z_e0883d24/candidates/stage1_logmel_small_cnn/seed_42/fold_2/attempt_1/model.keras,recorded_in_fold_manifest,20260821T164332Z_490383ff__exp_20260903T170029Z_e0883d24
rec_b84a2e0879659677b6ab,/mnt/d/INFANT CRY/data_set_dbl_split/train/tired/2769_M_owh.wav,baby,infant_sha256:5e9d9a8472f5f5fb8f41ae5a87e5d8fed300a46bd42d8c75b207e741067c8577,2,baby,0.9988194481261358,0.0011805518738642745,original,/mnt/d/INFANT CRY/Models_dbl/experiments/runs/20260821T164332Z_490383ff__exp_20260903T170029Z_e0883d24/candidates/stage1_logmel_small_cnn/seed_42/fold_2/attempt_1/model.keras,recorded_in_fold_manifest,20260821T164332Z_490383ff__exp_20260903T170029Z_e0883d24
rec_f122e9e8ac714a180a7a,/mnt/d/INFANT CRY/data_set_dbl_split/train/tired/2819_M_owh.wav,baby,infant_sha256:be20e11d842ad2366e43e676a6afed8addb30be19bd8bda1f57e90f50d74cc78,2,baby,0.9794037019667319,0.020596298033268137,original,/mnt/d/INFANT CRY/Models_dbl/experiments/runs/20260821T164332Z_490383ff__exp_20260903T170029Z_e0883d24/candidates/stage1_logmel_small_cnn/seed_42/fold_2/attempt_1/model.keras,recorded_in_fold_manifest,20260821T164332Z_490383ff__exp_20260903T170029Z_e0883d24
rec_c5e06aded79f647ac036,/mnt/d/INFANT CRY/data_set_dbl_split/train/tired/2904_M_owh.wav,baby,infant_sha256:32fdf8d166a5c52e9218dffb01f189b7e2b199e2eab098e76bda38187d6d1dfa,2,baby,0.9220794255470973,0.07792057445290272,original,/mnt/d/INFANT CRY/Models_dbl/experiments/runs/20260821T164332Z_490383ff__exp_20260903T170029Z_e0883d24/candidates/stage1_logmel_small_cnn/seed_42/fold_2/attempt_1/model.keras,recorded_in_fold_manifest,20260821T164332Z_490383ff__exp_20260903T170029Z_e0883d24
rec_91852e916c425170d18d,/mnt/d/INFANT CRY/data_set_dbl_split/train/tired/2982_M_owh.wav,baby,infant_sha256:688d024051d539cdbeb8c9f02f2ee5002d54687e495842b927775c21cd6001b1,2,baby,0.9992341831219359,0.000765816878064049,original,/mnt/d/INFANT CRY/Models_dbl/experiments/runs/20260821T164332Z_490383ff__exp_20260903T170029Z_e0883d24/candidates/stage1_logmel_small_cnn/seed_42/fold_2/attempt_1/model.keras,recorded_in_fold_manifest,20260821T164332Z_490383ff__exp_20260903T170029Z_e0883d24
rec_7dba588b69ee3030ba9d,/mnt/d/INFANT CRY/data_set_dbl_split/train/tired/2994_F_owh.wav,baby,infant_sha256:6022b72fd9acab1bd74d847c321331cde42662d7308b3d2331e27084c154c62c,2,baby,0.9819835717077128,0.01801642829228724,original,/mnt/d/INFANT CRY/Models_dbl/experiments/runs/20260821T164332Z_490383ff__exp_20260903T170029Z_e0883d24/candidates/stage1_logmel_small_cnn/seed_42/fold_2/attempt_1/model.keras,recorded_in_fold_manifest,20260821T164332Z_490383ff__exp_20260903T170029Z_e0883d24
rec_85b432a73d767f87b145,/mnt/d/INFANT CRY/data_set_dbl_split/train/tired/3069_M_owh.wav,baby,infant_sha256:eaa0d98ba2b8b4fea9d99b790c559058ff692f0bac65d8a176ffcdad5795d31f,2,baby,0.9903682267404152,0.00963177325958478,original,/mnt/d/INFANT CRY/Models_dbl/experiments/runs/20260821T164332Z_490383ff__exp_20260903T170029Z_e0883d24/candidates/stage1_logmel_small_cnn/seed_42/fold_2/attempt_1/model.keras,recorded_in_fold_manifest,20260821T164332Z_490383ff__exp_20260903T170029Z_e0883d24
rec_def926e98a06d94ba4c5,/mnt/d/INFANT CRY/data_set_dbl_split/train/tired/3184_M_owh.wav,baby,infant_sha256:f6f628192120abea7add722c8f971647ec4c940ca95b0891c7286f9da4b8e9c1,2,baby,0.9814522295724244,0.018547770427575553,original,/mnt/d/INFANT CRY/Models_dbl/experiments/runs/20260821T164332Z_490383ff__exp_20260903T170029Z_e0883d24/candidates/stage1_logmel_small_cnn/seed_42/fold_2/attempt_1/model.keras,recorded_in_fold_manifest,20260821T164332Z_490383ff__exp_20260903T170029Z_e0883d24
rec_809d51c7c9687c71cd25,/mnt/d/INFANT CRY/data_set_dbl_split/train/tired/319_M_owh.wav,baby,infant_sha256:a8287e446d209ac180d335be47aec425df01c6c70dece20e37b651eab3e870a4,2,baby,0.9556794415777776,0.04432055842222239,original,/mnt/d/INFANT CRY/Models_dbl/experiments/runs/20260821T164332Z_490383ff__exp_20260903T170029Z_e0883d24/candidates/stage1_logmel_small_cnn/seed_42/fold_2/attempt_1/model.keras,recorded_in_fold_manifest,20260821T164332Z_490383ff__exp_20260903T170029Z_e0883d24
rec_d26e4ae08d86bd6c32fa,/mnt/d/INFANT CRY/data_set_dbl_split/train/tired/3231_M_owh.wav,baby,infant_sha256:3e4bad102d60253515ee8176fc2a50139d7d2b4439e2d2241deddaecf89fadfa,2,baby,0.9995197343386354,0.0004802656613645633,original,/mnt/d/INFANT CRY/Models_dbl/experiments/runs/20260821T164332Z_490383ff__exp_20260903T170029Z_e0883d24/candidates/stage1_logmel_small_cnn/seed_42/fold_2/attempt_1/model.keras,recorded_in_fold_manifest,20260821T164332Z_490383ff__exp_20260903T170029Z_e0883d24
rec_a7808c9426bea7496f2b,/mnt/d/INFANT CRY/data_set_dbl_split/train/tired/3244_M_owh.wav,baby,infant_sha256:50249d641db85db75961c1e2ecaf06e063d9f0dc17ea3b69bdffd34c79e87f97,2,baby,0.9745196881614567,0.025480311838543265,original,/mnt/d/INFANT CRY/Models_dbl/experiments/runs/20260821T164332Z_490383ff__exp_20260903T170029Z_e0883d24/candidates/stage1_logmel_small_cnn/seed_42/fold_2/attempt_1/model.keras,recorded_in_fold_manifest,20260821T164332Z_490383ff__exp_20260903T170029Z_e0883d24
rec_142eab8d535fe4c092f4,/mnt/d/INFANT CRY/data_set_dbl_split/train/tired/3294_M_owh.wav,baby,infant_sha256:dd916847f8d4d4d0e040b0283daeae6811e23869b9c31db031349c4290445fc6,2,baby,0.9931608623482447,0.006839137651755245,original,/mnt/d/INFANT CRY/Models_dbl/experiments/runs/20260821T164332Z_490383ff__exp_20260903T170029Z_e0883d24/candidates/stage1_logmel_small_cnn/seed_42/fold_2/attempt_1/model.keras,recorded_in_fold_manifest,20260821T164332Z_490383ff__exp_20260903T170029Z_e0883d24
rec_29983012fc0aa8de3970,/mnt/d/INFANT CRY/data_set_dbl_split/train/tired/3313_M_owh.wav,baby,infant_sha256:f49169c1746246ea27dab1e536b9cb4224d1ffb0c3eb23154346cbad12ed14bd,2,baby,0.9945179081814154,0.005482091818584594,original,/mnt/d/INFANT CRY/Models_dbl/experiments/runs/20260821T164332Z_490383ff__exp_20260903T170029Z_e0883d24/candidates/stage1_logmel_small_cnn/seed_42/fold_2/attempt_1/model.keras,recorded_in_fold_manifest,20260821T164332Z_490383ff__exp_20260903T170029Z_e0883d24
rec_878ecfe3cff21671113b,/mnt/d/INFANT CRY/data_set_dbl_split/train/tired/3391_M_owh.wav,baby,infant_sha256:20baa0a89e13f98f4973f5b6584d3123fcbbe53b4158e83b2bc0ad7267751cd1,2,baby,0.9715249990823213,0.028475000917678742,original,/mnt/d/INFANT CRY/Models_dbl/experiments/runs/20260821T164332Z_490383ff__exp_20260903T170029Z_e0883d24/candidates/stage1_logmel_small_cnn/seed_42/fold_2/attempt_1/model.keras,recorded_in_fold_manifest,20260821T164332Z_490383ff__exp_20260903T170029Z_e0883d24
rec_964f64cc6976bb04f9ed,/mnt/d/INFANT CRY/data_set_dbl_split/train/tired/3449_M_owh.wav,baby,infant_sha256:b3a6344a1fca73de87be6a15c9dd359654c809b9d4aa2326db918680f882e290,2,baby,0.9953711211758661,0.0046288788241338474,original,/mnt/d/INFANT CRY/Models_dbl/experiments/runs/20260821T164332Z_490383ff__exp_20260903T170029Z_e0883d24/candidates/stage1_logmel_small_cnn/seed_42/fold_2/attempt_1/model.keras,recorded_in_fold_manifest,20260821T164332Z_490383ff__exp_20260903T170029Z_e0883d24
rec_a6bae959a6f324900e75,/mnt/d/INFANT CRY/data_set_dbl_split/train/tired/3510_M_owh.wav,baby,infant_sha256:95e61baf5c0ced2a0e2ea77c7f11e0ccc9851e47866f5c4c64c03a3f9d2579ea,2,baby,0.9926693910976303,0.007330608902369676,original,/mnt/d/INFANT CRY/Models_dbl/experiments/runs/20260821T164332Z_490383ff__exp_20260903T170029Z_e0883d24/candidates/stage1_logmel_small_cnn/seed_42/fold_2/attempt_1/model.keras,recorded_in_fold_manifest,20260821T164332Z_490383ff__exp_20260903T170029Z_e0883d24
rec_e1f86ed57a4cce9a58ab,/mnt/d/INFANT CRY/data_set_dbl_split/train/tired/3564_M_owh.wav,baby,infant_sha256:6f9a7df1216ecd394f1bd10bded1731df5f19d889377b45b5b4a978c6b23d975,2,baby,0.9941374276440226,0.005862572355977412,original,/mnt/d/INFANT CRY/Models_dbl/experiments/runs/20260821T164332Z_490383ff__exp_20260903T170029Z_e0883d24/candidates/stage1_logmel_small_cnn/seed_42/fold_2/attempt_1/model.keras,recorded_in_fold_manifest,20260821T164332Z_490383ff__exp_20260903T170029Z_e0883d24
rec_b650c425c68f30aad60f,/mnt/d/INFANT CRY/data_set_dbl_split/train/tired/3632_F_owh.wav,baby,infant_sha256:47808540c2a1b74b6bc15169986af43e256a3a0c2cd348a756d7cddc7af3fc36,2,baby,0.9998205447640478,0.00017945523595220533,original,/mnt/d/INFANT CRY/Models_dbl/experiments/runs/20260821T164332Z_490383ff__exp_20260903T170029Z_e0883d24/candidates/stage1_logmel_small_cnn/seed_42/fold_2/attempt_1/model.keras,recorded_in_fold_manifest,20260821T164332Z_490383ff__exp_20260903T170029Z_e0883d24
rec_5106fcf6ddf390f7140b,/mnt/d/INFANT CRY/data_set_dbl_split/train/tired/3649_M_owh.wav,baby,infant_sha256:48ac6b7f7f9e4d8a411029052d25fce1d36dd1595360c00b419fe2e186764f7f,2,baby,0.9954042893578413,0.004595710642158684,original,/mnt/d/INFANT CRY/Models_dbl/experiments/runs/20260821T164332Z_490383ff__exp_20260903T170029Z_e0883d24/candidates/stage1_logmel_small_cnn/seed_42/fold_2/attempt_1/model.keras,recorded_in_fold_manifest,20260821T164332Z_490383ff__exp_20260903T170029Z_e0883d24
rec_d01320b5d6d8b4851462,/mnt/d/INFANT CRY/data_set_dbl_split/train/tired/3698_M_owh.wav,baby,infant_sha256:dec0260ab1bf580d26d3fd8d6bedf36edffc09008055c02571a298c750596aa2,2,baby,0.997887664255979,0.002112335744021056,original,/mnt/d/INFANT CRY/Models_dbl/experiments/runs/20260821T164332Z_490383ff__exp_20260903T170029Z_e0883d24/candidates/stage1_logmel_small_cnn/seed_42/fold_2/attempt_1/model.keras,recorded_in_fold_manifest,20260821T164332Z_490383ff__exp_20260903T170029Z_e0883d24
rec_a6d0fdf0ea8240c81eb7,/mnt/d/INFANT CRY/data_set_dbl_split/train/tired/3785_F_owh.wav,baby,infant_sha256:9f126dbe2077fb12bd56773de9e0f7865a4ab93b672e7b7b7e693e44b818bfd6,2,baby,0.9997347408680048,0.0002652591319951582,original,/mnt/d/INFANT CRY/Models_dbl/experiments/runs/20260821T164332Z_490383ff__exp_20260903T170029Z_e0883d24/candidates/stage1_logmel_small_cnn/seed_42/fold_2/attempt_1/model.keras,recorded_in_fold_manifest,20260821T164332Z_490383ff__exp_20260903T170029Z_e0883d24
rec_824fade1ae528dc5209e,/mnt/d/INFANT CRY/data_set_dbl_split/train/tired/3832_M_owh.wav,baby,infant_sha256:4093b826981440d61d051feb7e19d6073c3f7e3e10ffa9a415f8dce1189ddc9c,2,baby,0.9989507042500896,0.0010492957499104517,original,/mnt/d/INFANT CRY/Models_dbl/experiments/runs/20260821T164332Z_490383ff__exp_20260903T170029Z_e0883d24/candidates/stage1_logmel_small_cnn/seed_42/fold_2/attempt_1/model.keras,recorded_in_fold_manifest,20260821T164332Z_490383ff__exp_20260903T170029Z_e0883d24
rec_d502e5aa8826a89c5dd6,/mnt/d/INFANT CRY/data_set_dbl_split/train/tired/3841_M_owh.wav,baby,infant_sha256:e19820f0e2fc562f1dff9e2fc9ddf2ab2da0c97eec48b8486099b250c8cfdbbc,2,baby,0.9712257025323479,0.02877429746765212,original,/mnt/d/INFANT CRY/Models_dbl/experiments/runs/20260821T164332Z_490383ff__exp_20260903T170029Z_e0883d24/candidates/stage1_logmel_small_cnn/seed_42/fold_2/attempt_1/model.keras,recorded_in_fold_manifest,20260821T164332Z_490383ff__exp_20260903T170029Z_e0883d24
rec_f47fdec0113833178c5a,/mnt/d/INFANT CRY/data_set_dbl_split/train/tired/3871_F_owh.wav,baby,infant_sha256:d55313ab3d46de45270234eb3e67380359262bdce416809e8bdb0f2e4dbc34f2,2,baby,0.9315296966749249,0.06847030332507512,original,/mnt/d/INFANT CRY/Models_dbl/experiments/runs/20260821T164332Z_490383ff__exp_20260903T170029Z_e0883d24/candidates/stage1_logmel_small_cnn/seed_42/fold_2/attempt_1/model.keras,recorded_in_fold_manifest,20260821T164332Z_490383ff__exp_20260903T170029Z_e0883d24
rec_eb639b159e440fa68f18,/mnt/d/INFANT CRY/data_set_dbl_split/train/tired/3894_M_owh.wav,baby,infant_sha256:3c19ab4b04d9e102fdf01eb86629191fc6baef8b89e22e03fcb9d561747bbbf9,2,baby,0.9847992979623148,0.015200702037685152,original,/mnt/d/INFANT CRY/Models_dbl/experiments/runs/20260821T164332Z_490383ff__exp_20260903T170029Z_e0883d24/candidates/stage1_logmel_small_cnn/seed_42/fold_2/attempt_1/model.keras,recorded_in_fold_manifest,20260821T164332Z_490383ff__exp_20260903T170029Z_e0883d24
rec_abe0479c904285e5e121,/mnt/d/INFANT CRY/data_set_dbl_split/train/tired/3976_M_owh.wav,baby,infant_sha256:011bafaf5dd8fd219b21d1d7d9f837955566547aa2767202a91f6442101bc398,2,baby,0.9954333075504895,0.004566692449510425,original,/mnt/d/INFANT CRY/Models_dbl/experiments/runs/20260821T164332Z_490383ff__exp_20260903T170029Z_e0883d24/candidates/stage1_logmel_small_cnn/seed_42/fold_2/attempt_1/model.keras,recorded_in_fold_manifest,20260821T164332Z_490383ff__exp_20260903T170029Z_e0883d24
rec_b0d9dfa4b7714df3efd3,/mnt/d/INFANT CRY/data_set_dbl_split/train/tired/4062_M_owh.wav,baby,infant_sha256:199886c973ce482dc2caa7d59dd42385e295f49607aaff8fe0add77b8fa1fb31,2,baby,0.9862797131688186,0.013720286831181481,original,/mnt/d/INFANT CRY/Models_dbl/experiments/runs/20260821T164332Z_490383ff__exp_20260903T170029Z_e0883d24/candidates/stage1_logmel_small_cnn/seed_42/fold_2/attempt_1/model.keras,recorded_in_fold_manifest,20260821T164332Z_490383ff__exp_20260903T170029Z_e0883d24
rec_6ac7606744966530c37c,/mnt/d/INFANT CRY/data_set_dbl_split/train/tired/4127_M_owh.wav,baby,infant_sha256:6c4be7e123047a1983bfd56893de526292a373505ee270b43b3015e8849a1ffc,2,baby,0.9980880396167264,0.0019119603832736106,original,/mnt/d/INFANT CRY/Models_dbl/experiments/runs/20260821T164332Z_490383ff__exp_20260903T170029Z_e0883d24/candidates/stage1_logmel_small_cnn/seed_42/fold_2/attempt_1/model.keras,recorded_in_fold_manifest,20260821T164332Z_490383ff__exp_20260903T170029Z_e0883d24
rec_0440b5b8fdc242e78a3d,/mnt/d/INFANT CRY/data_set_dbl_split/train/tired/416_M_owh.wav,baby,infant_sha256:dbc17e00f7f6dc09c0003c3c6a8a06303416b164368603d5bce0a574ab838713,2,baby,0.997184764626751,0.0028152353732489956,original,/mnt/d/INFANT CRY/Models_dbl/experiments/runs/20260821T164332Z_490383ff__exp_20260903T170029Z_e0883d24/candidates/stage1_logmel_small_cnn/seed_42/fold_2/attempt_1/model.keras,recorded_in_fold_manifest,20260821T164332Z_490383ff__exp_20260903T170029Z_e0883d24
rec_65c060e8fe9ca260e976,/mnt/d/INFANT CRY/data_set_dbl_split/train/tired/4178_M_owh.wav,baby,infant_sha256:e7c3ffcbbabfe6cefcf6dc46d332c56bff36d15f7473693dc45b3ab7ef3ce129,2,baby,0.9813749139306606,0.018625086069339405,original,/mnt/d/INFANT CRY/Models_dbl/experiments/runs/20260821T164332Z_490383ff__exp_20260903T170029Z_e0883d24/candidates/stage1_logmel_small_cnn/seed_42/fold_2/attempt_1/model.keras,recorded_in_fold_manifest,20260821T164332Z_490383ff__exp_20260903T170029Z_e0883d24
rec_9a177e94e657deab253d,/mnt/d/INFANT CRY/data_set_dbl_split/train/tired/4194_M_owh.wav,baby,infant_sha256:38802f44a188fda11fc4bd015c2569346e4f3f2b25fd2df13b2b2bd136913ac4,2,baby,0.999782426318669,0.0002175736813309633,original,/mnt/d/INFANT CRY/Models_dbl/experiments/runs/20260821T164332Z_490383ff__exp_20260903T170029Z_e0883d24/candidates/stage1_logmel_small_cnn/seed_42/fold_2/attempt_1/model.keras,recorded_in_fold_manifest,20260821T164332Z_490383ff__exp_20260903T170029Z_e0883d24
rec_e7d57b61ced4f1c8cd5d,/mnt/d/INFANT CRY/data_set_dbl_split/train/tired/4203_M_owh.wav,baby,infant_sha256:d3ebca4c0668a0d61ed16d6d3ea0d18ae16708902c206c7c295f4c1af0c8d8a5,2,baby,0.9944858748811366,0.005514125118863415,original,/mnt/d/INFANT CRY/Models_dbl/experiments/runs/20260821T164332Z_490383ff__exp_20260903T170029Z_e0883d24/candidates/stage1_logmel_small_cnn/seed_42/fold_2/attempt_1/model.keras,recorded_in_fold_manifest,20260821T164332Z_490383ff__exp_20260903T170029Z_e0883d24
rec_c59bc1d7f247cb566f41,/mnt/d/INFANT CRY/data_set_dbl_split/train/tired/423_M_owh.wav,baby,infant_sha256:cd650081ee6e8356ab9b7d9a05c72e0c48e31159da92083373d80887218ec3fe,2,baby,0.9937899030329097,0.006210096967090277,original,/mnt/d/INFANT CRY/Models_dbl/experiments/runs/20260821T164332Z_490383ff__exp_20260903T170029Z_e0883d24/candidates/stage1_logmel_small_cnn/seed_42/fold_2/attempt_1/model.keras,recorded_in_fold_manifest,20260821T164332Z_490383ff__exp_20260903T170029Z_e0883d24
rec_0826f8e7b786ff714220,/mnt/d/INFANT CRY/data_set_dbl_split/train/tired/424_M_owh.wav,baby,infant_sha256:a32d2c2a19117740485a8ad626bebc010ad8b607e39fcd670aece73a1ebe9aaf,2,baby,0.9960833143153373,0.003916685684662737,original,/mnt/d/INFANT CRY/Models_dbl/experiments/runs/20260821T164332Z_490383ff__exp_20260903T170029Z_e0883d24/candidates/stage1_logmel_small_cnn/seed_42/fold_2/attempt_1/model.keras,recorded_in_fold_manifest,20260821T164332Z_490383ff__exp_20260903T170029Z_e0883d24
rec_89750d3ef7380e0066ad,/mnt/d/INFANT CRY/data_set_dbl_split/train/tired/4284_M_owh.wav,baby,infant_sha256:c8e10e59c38f238766100518a9afbab28452a0f1b283b6cccc6a1e07df7d0cd4,2,baby,0.992126482399556,0.007873517600443991,original,/mnt/d/INFANT CRY/Models_dbl/experiments/runs/20260821T164332Z_490383ff__exp_20260903T170029Z_e0883d24/candidates/stage1_logmel_small_cnn/seed_42/fold_2/attempt_1/model.keras,recorded_in_fold_manifest,20260821T164332Z_490383ff__exp_20260903T170029Z_e0883d24
rec_9dbc2015e2c3c96c5f39,/mnt/d/INFANT CRY/data_set_dbl_split/train/tired/4365_M_owh.wav,baby,infant_sha256:fa872f7d738aaf9b8c6cd2b37c2edb2f1c14d673cd2efa58571cbc5b1c10622f,2,baby,0.9984128474026903,0.0015871525973096545,original,/mnt/d/INFANT CRY/Models_dbl/experiments/runs/20260821T164332Z_490383ff__exp_20260903T170029Z_e0883d24/candidates/stage1_logmel_small_cnn/seed_42/fold_2/attempt_1/model.keras,recorded_in_fold_manifest,20260821T164332Z_490383ff__exp_20260903T170029Z_e0883d24
rec_4a0fcd7abf5c9475fdd9,/mnt/d/INFANT CRY/data_set_dbl_split/train/tired/4366_F_owh.wav,baby,infant_sha256:1ccdd89e72b8e8b0bccb47d3c081d75ee36c1fc8864ef86620cbc8a15f58868f,2,baby,0.9421159344280978,0.057884065571902225,original,/mnt/d/INFANT CRY/Models_dbl/experiments/runs/20260821T164332Z_490383ff__exp_20260903T170029Z_e0883d24/candidates/stage1_logmel_small_cnn/seed_42/fold_2/attempt_1/model.keras,recorded_in_fold_manifest,20260821T164332Z_490383ff__exp_20260903T170029Z_e0883d24
rec_1c58cbabee035ccc3d2f,/mnt/d/INFANT CRY/data_set_dbl_split/train/tired/4400_F_owh.wav,baby,infant_sha256:65241fd13acf438416464657ccd276d1e75e05c481c9ee2d435913cc75cab595,2,baby,0.9982372520029924,0.0017627479970076243,original,/mnt/d/INFANT CRY/Models_dbl/experiments/runs/20260821T164332Z_490383ff__exp_20260903T170029Z_e0883d24/candidates/stage1_logmel_small_cnn/seed_42/fold_2/attempt_1/model.keras,recorded_in_fold_manifest,20260821T164332Z_490383ff__exp_20260903T170029Z_e0883d24
rec_3dad8401d5cae0a8a2e7,/mnt/d/INFANT CRY/data_set_dbl_split/train/tired/4408_M_owh.wav,baby,infant_sha256:80fe7cfe96f2a0913d112c7094a1b3c98b901bb586bdce911e0fa1d0105739b4,2,baby,0.9742451437184885,0.025754856281511473,original,/mnt/d/INFANT CRY/Models_dbl/experiments/runs/20260821T164332Z_490383ff__exp_20260903T170029Z_e0883d24/candidates/stage1_logmel_small_cnn/seed_42/fold_2/attempt_1/model.keras,recorded_in_fold_manifest,20260821T164332Z_490383ff__exp_20260903T170029Z_e0883d24
rec_1c05dc10c63e2737767c,/mnt/d/INFANT CRY/data_set_dbl_split/train/tired/4500_F_owh.wav,baby,infant_sha256:3e3eef2b8ca2e5e8314d93b2215c331f99d98b0494fce0d153e00131e2674bc1,2,baby,0.9299752324068971,0.07002476759310293,original,/mnt/d/INFANT CRY/Models_dbl/experiments/runs/20260821T164332Z_490383ff__exp_20260903T170029Z_e0883d24/candidates/stage1_logmel_small_cnn/seed_42/fold_2/attempt_1/model.keras,recorded_in_fold_manifest,20260821T164332Z_490383ff__exp_20260903T170029Z_e0883d24
rec_ee37b9147c4d0199eb94,/mnt/d/INFANT CRY/data_set_dbl_split/train/tired/4503_M_owh.wav,baby,infant_sha256:c2e3f437cf89aeae81dc0445266d5fec564bf01a710bb3987eb8038533a746ad,2,baby,0.9873273380203642,0.012672661979635836,original,/mnt/d/INFANT CRY/Models_dbl/experiments/runs/20260821T164332Z_490383ff__exp_20260903T170029Z_e0883d24/candidates/stage1_logmel_small_cnn/seed_42/fold_2/attempt_1/model.keras,recorded_in_fold_manifest,20260821T164332Z_490383ff__exp_20260903T170029Z_e0883d24
rec_8ac420f4cf255c7b57ed,/mnt/d/INFANT CRY/data_set_dbl_split/train/tired/4528_M_owh.wav,baby,infant_sha256:63fc4fc15abd3f4526995bcba9deb6efc23951aa47e3ca3843600b6d3fa66e2a,2,baby,0.9469884567142534,0.053011543285746685,original,/mnt/d/INFANT CRY/Models_dbl/experiments/runs/20260821T164332Z_490383ff__exp_20260903T170029Z_e0883d24/candidates/stage1_logmel_small_cnn/seed_42/fold_2/attempt_1/model.keras,recorded_in_fold_manifest,20260821T164332Z_490383ff__exp_20260903T170029Z_e0883d24
rec_fe0571440bbcdcb5c944,/mnt/d/INFANT CRY/data_set_dbl_split/train/tired/4537_M_owh.wav,baby,infant_sha256:9a0a542959b4fac2a1b917c6c8aac9de50c3f96940a324052a7dc662043da336,2,baby,0.9660716652870178,0.03392833471298218,original,/mnt/d/INFANT CRY/Models_dbl/experiments/runs/20260821T164332Z_490383ff__exp_20260903T170029Z_e0883d24/candidates/stage1_logmel_small_cnn/seed_42/fold_2/attempt_1/model.keras,recorded_in_fold_manifest,20260821T164332Z_490383ff__exp_20260903T170029Z_e0883d24
rec_b072edcd3862f9a5d63c,/mnt/d/INFANT CRY/data_set_dbl_split/train/tired/4633_F_owh.wav,baby,infant_sha256:7b3464d7754050bb821686e2c801ac6f8dd6c9334b510a86653ce1545cb467bd,2,baby,0.996312115449751,0.003687884550249032,original,/mnt/d/INFANT CRY/Models_dbl/experiments/runs/20260821T164332Z_490383ff__exp_20260903T170029Z_e0883d24/candidates/stage1_logmel_small_cnn/seed_42/fold_2/attempt_1/model.keras,recorded_in_fold_manifest,20260821T164332Z_490383ff__exp_20260903T170029Z_e0883d24
rec_3594d01788e0957978cc,/mnt/d/INFANT CRY/data_set_dbl_split/train/tired/4737_M_owh.wav,baby,infant_sha256:4dba7d313b806236b32dcac2dd90efac3687e64dc187e9b81b84afc46ee074ba,2,baby,0.7845324044068931,0.21546759559310688,original,/mnt/d/INFANT CRY/Models_dbl/experiments/runs/20260821T164332Z_490383ff__exp_20260903T170029Z_e0883d24/candidates/stage1_logmel_small_cnn/seed_42/fold_2/attempt_1/model.keras,recorded_in_fold_manifest,20260821T164332Z_490383ff__exp_20260903T170029Z_e0883d24
rec_863525a0f0bb434c2cff,/mnt/d/INFANT CRY/data_set_dbl_split/train/tired/4746_M_owh.wav,baby,infant_sha256:68f9dd7a7a66165c176b09bac6a4bbf221c7c9be9b35dc23256938ee9f6344a3,2,baby,0.9885664563839017,0.01143354361609827,original,/mnt/d/INFANT CRY/Models_dbl/experiments/runs/20260821T164332Z_490383ff__exp_20260903T170029Z_e0883d24/candidates/stage1_logmel_small_cnn/seed_42/fold_2/attempt_1/model.keras,recorded_in_fold_manifest,20260821T164332Z_490383ff__exp_20260903T170029Z_e0883d24
rec_df69cdb63344e54c48f9,/mnt/d/INFANT CRY/data_set_dbl_split/train/tired/484_M_owh.wav,baby,infant_sha256:140d12bd2fb28a6eda864f1d2c0760a80039e4fd0b6aeeca9da75cba965c5536,2,baby,0.9475006708223548,0.052499329177645236,original,/mnt/d/INFANT CRY/Models_dbl/experiments/runs/20260821T164332Z_490383ff__exp_20260903T170029Z_e0883d24/candidates/stage1_logmel_small_cnn/seed_42/fold_2/attempt_1/model.keras,recorded_in_fold_manifest,20260821T164332Z_490383ff__exp_20260903T170029Z_e0883d24
rec_0df23d992fca0246997b,/mnt/d/INFANT CRY/data_set_dbl_split/train/tired/4921_M_owh.wav,baby,infant_sha256:46e8faa3cdda416a6b3e4806616471bd4d4ef38644848951817fd5dc337ddab4,2,baby,0.9918218236568909,0.00817817634310913,original,/mnt/d/INFANT CRY/Models_dbl/experiments/runs/20260821T164332Z_490383ff__exp_20260903T170029Z_e0883d24/candidates/stage1_logmel_small_cnn/seed_42/fold_2/attempt_1/model.keras,recorded_in_fold_manifest,20260821T164332Z_490383ff__exp_20260903T170029Z_e0883d24
rec_dc44ea25fb28a1a4ec2a,/mnt/d/INFANT CRY/data_set_dbl_split/train/tired/4950_M_owh.wav,baby,infant_sha256:3c554b3fb051e8160992dd41297e2c55a24fab0c325c3497e1ca20a869965083,2,baby,0.9599988389015284,0.04000116109847157,original,/mnt/d/INFANT CRY/Models_dbl/experiments/runs/20260821T164332Z_490383ff__exp_20260903T170029Z_e0883d24/candidates/stage1_logmel_small_cnn/seed_42/fold_2/attempt_1/model.keras,recorded_in_fold_manifest,20260821T164332Z_490383ff__exp_20260903T170029Z_e0883d24
rec_128d70a0e7297dbf40fb,/mnt/d/INFANT CRY/data_set_dbl_split/train/tired/4997_M_owh.wav,baby,infant_sha256:9bad4f60d5547fc8b0b707989b7ef9d2a5d170784edd81600171780bfc00e4ca,2,baby,0.9921986673218844,0.007801332678115602,original,/mnt/d/INFANT CRY/Models_dbl/experiments/runs/20260821T164332Z_490383ff__exp_20260903T170029Z_e0883d24/candidates/stage1_logmel_small_cnn/seed_42/fold_2/attempt_1/model.keras,recorded_in_fold_manifest,20260821T164332Z_490383ff__exp_20260903T170029Z_e0883d24
rec_e9a32a70ab1a0d3ad1d9,/mnt/d/INFANT CRY/data_set_dbl_split/train/tired/508_M_owh.wav,baby,infant_sha256:4d1fa45fb987cf9f0a69677c85c0a79b380df14deb98cc6ae4ec7e57314b313d,2,baby,0.799777185923541,0.20022281407645898,original,/mnt/d/INFANT CRY/Models_dbl/experiments/runs/20260821T164332Z_490383ff__exp_20260903T170029Z_e0883d24/candidates/stage1_logmel_small_cnn/seed_42/fold_2/attempt_1/model.keras,recorded_in_fold_manifest,20260821T164332Z_490383ff__exp_20260903T170029Z_e0883d24
rec_5dc7945172688f2ec107,/mnt/d/INFANT CRY/data_set_dbl_split/train/tired/521_M_owh.wav,baby,infant_sha256:6c1ae6c6e0cf14e7f0675dd57aab10e1f5c4bd5afcfd0b554cd50b0fc9bcf3bb,2,baby,0.9914834166938411,0.008516583306158895,original,/mnt/d/INFANT CRY/Models_dbl/experiments/runs/20260821T164332Z_490383ff__exp_20260903T170029Z_e0883d24/candidates/stage1_logmel_small_cnn/seed_42/fold_2/attempt_1/model.keras,recorded_in_fold_manifest,20260821T164332Z_490383ff__exp_20260903T170029Z_e0883d24
rec_f1aabf4f21c39e1b580c,/mnt/d/INFANT CRY/data_set_dbl_split/train/tired/602_M_owh.wav,baby,infant_sha256:42f74959d774c597d0f8bc2eb70327a520df2208d3a648df0e3161218c2cc247,2,baby,0.9929067021275316,0.007093297872468383,original,/mnt/d/INFANT CRY/Models_dbl/experiments/runs/20260821T164332Z_490383ff__exp_20260903T170029Z_e0883d24/candidates/stage1_logmel_small_cnn/seed_42/fold_2/attempt_1/model.keras,recorded_in_fold_manifest,20260821T164332Z_490383ff__exp_20260903T170029Z_e0883d24
rec_a6ade8e06406d33c9bab,/mnt/d/INFANT CRY/data_set_dbl_split/train/tired/640_M_owh.wav,baby,infant_sha256:804e7fa02b7010f3a701e81258d8951d08e1cddec66013ef850695dd65d2c57c,2,baby,0.9271041405534692,0.0728958594465308,original,/mnt/d/INFANT CRY/Models_dbl/experiments/runs/20260821T164332Z_490383ff__exp_20260903T170029Z_e0883d24/candidates/stage1_logmel_small_cnn/seed_42/fold_2/attempt_1/model.keras,recorded_in_fold_manifest,20260821T164332Z_490383ff__exp_20260903T170029Z_e0883d24
rec_8f7de144e8f4af7f262e,/mnt/d/INFANT CRY/data_set_dbl_split/train/tired/667_M_owh.wav,baby,infant_sha256:8a0fd4d270d8968db0dc768dbce9e49371caa704e9b176edbd7f24b9b2397e0e,2,baby,0.9014233610993861,0.09857663890061383,original,/mnt/d/INFANT CRY/Models_dbl/experiments/runs/20260821T164332Z_490383ff__exp_20260903T170029Z_e0883d24/candidates/stage1_logmel_small_cnn/seed_42/fold_2/attempt_1/model.keras,recorded_in_fold_manifest,20260821T164332Z_490383ff__exp_20260903T170029Z_e0883d24
rec_32db82bef88389dbdfa1,/mnt/d/INFANT CRY/data_set_dbl_split/train/tired/794_F_owh.wav,baby,infant_sha256:31e062c97895c7e10c589a2dc21a2827c6d551a6fdef4bb66fb15ca22a8525da,2,baby,0.9931482580197206,0.006851741980279405,original,/mnt/d/INFANT CRY/Models_dbl/experiments/runs/20260821T164332Z_490383ff__exp_20260903T170029Z_e0883d24/candidates/stage1_logmel_small_cnn/seed_42/fold_2/attempt_1/model.keras,recorded_in_fold_manifest,20260821T164332Z_490383ff__exp_20260903T170029Z_e0883d24
rec_024aa7d4f202b26f7432,/mnt/d/INFANT CRY/data_set_dbl_split/train/tired/870_M_owh.wav,baby,infant_sha256:830eb67609752f7fee6ad3a8bf9ff1fc16411355b8664c9f58dfad6fc516d21f,2,baby,0.934637301157137,0.065362698842863,original,/mnt/d/INFANT CRY/Models_dbl/experiments/runs/20260821T164332Z_490383ff__exp_20260903T170029Z_e0883d24/candidates/stage1_logmel_small_cnn/seed_42/fold_2/attempt_1/model.keras,recorded_in_fold_manifest,20260821T164332Z_490383ff__exp_20260903T170029Z_e0883d24
rec_0abc2432035ac1ac8128,/mnt/d/INFANT CRY/data_set_dbl_split/train/tired/896_M_owh.wav,baby,infant_sha256:4b3565c38aed7f388d6691fab95d618f426792f6adfea718039b86f28ef8a6b7,2,baby,0.992976248682961,0.007023751317039054,original,/mnt/d/INFANT CRY/Models_dbl/experiments/runs/20260821T164332Z_490383ff__exp_20260903T170029Z_e0883d24/candidates/stage1_logmel_small_cnn/seed_42/fold_2/attempt_1/model.keras,recorded_in_fold_manifest,20260821T164332Z_490383ff__exp_20260903T170029Z_e0883d24
rec_e53691861d657ac50308,/mnt/d/INFANT CRY/data_set_dbl_split/train/tired/909_M_owh.wav,baby,infant_sha256:e893eeed503b5730d0fd4412d3c075c4e9ba103828d75aecdf5610ec82a699f2,2,baby,0.9376857071142113,0.062314292885788686,original,/mnt/d/INFANT CRY/Models_dbl/experiments/runs/20260821T164332Z_490383ff__exp_20260903T170029Z_e0883d24/candidates/stage1_logmel_small_cnn/seed_42/fold_2/attempt_1/model.keras,recorded_in_fold_manifest,20260821T164332Z_490383ff__exp_20260903T170029Z_e0883d24
rec_c2c895f2d92214d95ec9,/mnt/d/INFANT CRY/data_set_dbl_split/train/tired/dunstan-owh_13.wav,baby,infant_sha256:adbdcb94a280d02e62e4430fe7f1aba13d8075ef45959eeaf6f0397dd052e61b,2,baby,0.9944597224684245,0.005540277531575532,original,/mnt/d/INFANT CRY/Models_dbl/experiments/runs/20260821T164332Z_490383ff__exp_20260903T170029Z_e0883d24/candidates/stage1_logmel_small_cnn/seed_42/fold_2/attempt_1/model.keras,recorded_in_fold_manifest,20260821T164332Z_490383ff__exp_20260903T170029Z_e0883d24
rec_1cf6d615bdb53b7cda0c,/mnt/d/INFANT CRY/data_set_dbl_split/train/tired/dunstan-owh_2.wav,baby,infant_sha256:7fed99a8d5a8d8c2bb91a9ef4da7bf3be81b8ef6bf0f0be12daafc1c756a7c0c,2,baby,0.9534748579530077,0.046525142046992284,original,/mnt/d/INFANT CRY/Models_dbl/experiments/runs/20260821T164332Z_490383ff__exp_20260903T170029Z_e0883d24/candidates/stage1_logmel_small_cnn/seed_42/fold_2/attempt_1/model.keras,recorded_in_fold_manifest,20260821T164332Z_490383ff__exp_20260903T170029Z_e0883d24
rec_3fdcc2940a135cb4bc2c,/mnt/d/INFANT CRY/data_set_dbl_split/train/tired/dunstan-owh_20.wav,baby,infant_sha256:a9741edc95b33f801b576ddb5f633aa4d7ee50e7c498510dfd84e5ac2081c367,2,baby,0.9892735745628842,0.01072642543711577,original,/mnt/d/INFANT CRY/Models_dbl/experiments/runs/20260821T164332Z_490383ff__exp_20260903T170029Z_e0883d24/candidates/stage1_logmel_small_cnn/seed_42/fold_2/attempt_1/model.keras,recorded_in_fold_manifest,20260821T164332Z_490383ff__exp_20260903T170029Z_e0883d24
rec_ffdd35e5d33736cad828,/mnt/d/INFANT CRY/data_set_dbl_split/train/not_baby/1-101296-A-19.wav,not_baby,esc50_source:101296,2,not_baby,0.03100449749264403,0.968995502507356,original,/mnt/d/INFANT CRY/Models_dbl/experiments/runs/20260821T164332Z_490383ff__exp_20260903T170029Z_e0883d24/candidates/stage1_logmel_small_cnn/seed_42/fold_2/attempt_1/model.keras,recorded_in_fold_manifest,20260821T164332Z_490383ff__exp_20260903T170029Z_e0883d24
rec_86f7d31ef6bef22be4ac,/mnt/d/INFANT CRY/data_set_dbl_split/train/not_baby/1-101296-B-19.wav,not_baby,esc50_source:101296,2,not_baby,0.019714133483493327,0.9802858665165066,original,/mnt/d/INFANT CRY/Models_dbl/experiments/runs/20260821T164332Z_490383ff__exp_20260903T170029Z_e0883d24/candidates/stage1_logmel_small_cnn/seed_42/fold_2/attempt_1/model.keras,recorded_in_fold_manifest,20260821T164332Z_490383ff__exp_20260903T170029Z_e0883d24
rec_f7ede0c95ba6f3680f23,/mnt/d/INFANT CRY/data_set_dbl_split/train/not_baby/1-110537-A-22.wav,not_baby,esc50_source:110537,2,not_baby,0.12316670727605772,0.8768332927239423,original,/mnt/d/INFANT CRY/Models_dbl/experiments/runs/20260821T164332Z_490383ff__exp_20260903T170029Z_e0883d24/candidates/stage1_logmel_small_cnn/seed_42/fold_2/attempt_1/model.keras,recorded_in_fold_manifest,20260821T164332Z_490383ff__exp_20260903T170029Z_e0883d24
rec_6d0795fe787f56046eb5,/mnt/d/INFANT CRY/data_set_dbl_split/train/not_baby/1-115521-A-19.wav,not_baby,esc50_source:115521,2,not_baby,0.012457669523815485,0.9875423304761846,original,/mnt/d/INFANT CRY/Models_dbl/experiments/runs/20260821T164332Z_490383ff__exp_20260903T170029Z_e0883d24/candidates/stage1_logmel_small_cnn/seed_42/fold_2/attempt_1/model.keras,recorded_in_fold_manifest,20260821T164332Z_490383ff__exp_20260903T170029Z_e0883d24
rec_e74235813c6ee01360ce,/mnt/d/INFANT CRY/data_set_dbl_split/train/not_baby/1-12654-A-15.wav,not_baby,esc50_source:12654,2,not_baby,0.11880938177662871,0.8811906182233713,original,/mnt/d/INFANT CRY/Models_dbl/experiments/runs/20260821T164332Z_490383ff__exp_20260903T170029Z_e0883d24/candidates/stage1_logmel_small_cnn/seed_42/fold_2/attempt_1/model.keras,recorded_in_fold_manifest,20260821T164332Z_490383ff__exp_20260903T170029Z_e0883d24
rec_c9ed059fa781d16deb59,/mnt/d/INFANT CRY/data_set_dbl_split/train/not_baby/1-12654-B-15.wav,not_baby,esc50_source:12654,2,not_baby,0.19402436000181317,0.8059756399981868,original,/mnt/d/INFANT CRY/Models_dbl/experiments/runs/20260821T164332Z_490383ff__exp_20260903T170029Z_e0883d24/candidates/stage1_logmel_small_cnn/seed_42/fold_2/attempt_1/model.keras,recorded_in_fold_manifest,20260821T164332Z_490383ff__exp_20260903T170029Z_e0883d24
rec_fbca3ffedb271da4dbe9,/mnt/d/INFANT CRY/data_set_dbl_split/train/not_baby/1-13571-A-46.wav,not_baby,esc50_source:13571,2,not_baby,0.16839540004730225,0.8316045999526978,original,/mnt/d/INFANT CRY/Models_dbl/experiments/runs/20260821T164332Z_490383ff__exp_20260903T170029Z_e0883d24/candidates/stage1_logmel_small_cnn/seed_42/fold_2/attempt_1/model.keras,recorded_in_fold_manifest,20260821T164332Z_490383ff__exp_20260903T170029Z_e0883d24
rec_ac7cc8ef4073d0b6a92a,/mnt/d/INFANT CRY/data_set_dbl_split/train/not_baby/1-17092-A-27.wav,not_baby,esc50_source:17092,2,not_baby,0.0038892251042614966,0.9961107748957385,original,/mnt/d/INFANT CRY/Models_dbl/experiments/runs/20260821T164332Z_490383ff__exp_20260903T170029Z_e0883d24/candidates/stage1_logmel_small_cnn/seed_42/fold_2/attempt_1/model.keras,recorded_in_fold_manifest,20260821T164332Z_490383ff__exp_20260903T170029Z_e0883d24
rec_5b3753f60e65330ae69c,/mnt/d/INFANT CRY/data_set_dbl_split/train/not_baby/1-17092-B-27.wav,not_baby,esc50_source:17092,2,not_baby,0.0010760132307456047,0.9989239867692544,original,/mnt/d/INFANT CRY/Models_dbl/experiments/runs/20260821T164332Z_490383ff__exp_20260903T170029Z_e0883d24/candidates/stage1_logmel_small_cnn/seed_42/fold_2/attempt_1/model.keras,recorded_in_fold_manifest,20260821T164332Z_490383ff__exp_20260903T170029Z_e0883d24
rec_06404722a13953a04ff8,/mnt/d/INFANT CRY/data_set_dbl_split/train/not_baby/1-17565-A-12.wav,not_baby,esc50_source:17565,2,not_baby,6.433628968639525e-05,0.9999356637103136,original,/mnt/d/INFANT CRY/Models_dbl/experiments/runs/20260821T164332Z_490383ff__exp_20260903T170029Z_e0883d24/candidates/stage1_logmel_small_cnn/seed_42/fold_2/attempt_1/model.keras,recorded_in_fold_manifest,20260821T164332Z_490383ff__exp_20260903T170029Z_e0883d24
rec_d452a759661fcb9fcf12,/mnt/d/INFANT CRY/data_set_dbl_split/train/not_baby/1-17808-A-12.wav,not_baby,esc50_source:17808,2,not_baby,0.014962931762827621,0.9850370682371724,original,/mnt/d/INFANT CRY/Models_dbl/experiments/runs/20260821T164332Z_490383ff__exp_20260903T170029Z_e0883d24/candidates/stage1_logmel_small_cnn/seed_42/fold_2/attempt_1/model.keras,recorded_in_fold_manifest,20260821T164332Z_490383ff__exp_20260903T170029Z_e0883d24
rec_453d01febf5542d44ebf,/mnt/d/INFANT CRY/data_set_dbl_split/train/not_baby/1-17808-B-12.wav,not_baby,esc50_source:17808,2,not_baby,0.013742591628566706,0.9862574083714333,original,/mnt/d/INFANT CRY/Models_dbl/experiments/runs/20260821T164332Z_490383ff__exp_20260903T170029Z_e0883d24/candidates/stage1_logmel_small_cnn/seed_42/fold_2/attempt_1/model.keras,recorded_in_fold_manifest,20260821T164332Z_490383ff__exp_20260903T170029Z_e0883d24
rec_95f7001ea54585d066d8,/mnt/d/INFANT CRY/data_set_dbl_split/train/not_baby/1-18655-A-31.wav,not_baby,esc50_source:18655,2,not_baby,0.025791704931992548,0.9742082950680074,original,/mnt/d/INFANT CRY/Models_dbl/experiments/runs/20260821T164332Z_490383ff__exp_20260903T170029Z_e0883d24/candidates/stage1_logmel_small_cnn/seed_42/fold_2/attempt_1/model.keras,recorded_in_fold_manifest,20260821T164332Z_490383ff__exp_20260903T170029Z_e0883d24
rec_5bf926c82331c6b38a0e,/mnt/d/INFANT CRY/data_set_dbl_split/train/not_baby/1-19026-A-43.wav,not_baby,esc50_source:19026,2,baby,0.8160522932990703,0.1839477067009298,original,/mnt/d/INFANT CRY/Models_dbl/experiments/runs/20260821T164332Z_490383ff__exp_20260903T170029Z_e0883d24/candidates/stage1_logmel_small_cnn/seed_42/fold_2/attempt_1/model.keras,recorded_in_fold_manifest,20260821T164332Z_490383ff__exp_20260903T170029Z_e0883d24
rec_6ab154ec662bc1c2b8e4,/mnt/d/INFANT CRY/data_set_dbl_split/train/not_baby/1-19118-A-24.wav,not_baby,esc50_source:19118,2,baby,0.5546835660934448,0.4453164339065552,original,/mnt/d/INFANT CRY/Models_dbl/experiments/runs/20260821T164332Z_490383ff__exp_20260903T170029Z_e0883d24/candidates/stage1_logmel_small_cnn/seed_42/fold_2/attempt_1/model.keras,recorded_in_fold_manifest,20260821T164332Z_490383ff__exp_20260903T170029Z_e0883d24
rec_48a708fe6adf42ef7851,/mnt/d/INFANT CRY/data_set_dbl_split/train/not_baby/1-196660-A-8.wav,not_baby,esc50_source:196660,2,not_baby,0.05396248641442447,0.9460375135855755,original,/mnt/d/INFANT CRY/Models_dbl/experiments/runs/20260821T164332Z_490383ff__exp_20260903T170029Z_e0883d24/candidates/stage1_logmel_small_cnn/seed_42/fold_2/attempt_1/model.keras,recorded_in_fold_manifest,20260821T164332Z_490383ff__exp_20260903T170029Z_e0883d24
rec_fb3c8cb352d20f7354c2,/mnt/d/INFANT CRY/data_set_dbl_split/train/not_baby/1-196660-B-8.wav,not_baby,esc50_source:196660,2,not_baby,0.07516697273155966,0.9248330272684403,original,/mnt/d/INFANT CRY/Models_dbl/experiments/runs/20260821T164332Z_490383ff__exp_20260903T170029Z_e0883d24/candidates/stage1_logmel_small_cnn/seed_42/fold_2/attempt_1/model.keras,recorded_in_fold_manifest,20260821T164332Z_490383ff__exp_20260903T170029Z_e0883d24
rec_8a21ed9e5bd6370e1cbf,/mnt/d/INFANT CRY/data_set_dbl_split/train/not_baby/1-21421-A-46.wav,not_baby,esc50_source:21421,2,not_baby,0.007301720525511313,0.9926982794744886,original,/mnt/d/INFANT CRY/Models_dbl/experiments/runs/20260821T164332Z_490383ff__exp_20260903T170029Z_e0883d24/candidates/stage1_logmel_small_cnn/seed_42/fold_2/attempt_1/model.keras,recorded_in_fold_manifest,20260821T164332Z_490383ff__exp_20260903T170029Z_e0883d24
rec_dca92f79799ac9b2ef98,/mnt/d/INFANT CRY/data_set_dbl_split/train/not_baby/1-22804-A-46.wav,not_baby,esc50_source:22804,2,not_baby,0.1801540973759577,0.8198459026240423,original,/mnt/d/INFANT CRY/Models_dbl/experiments/runs/20260821T164332Z_490383ff__exp_20260903T170029Z_e0883d24/candidates/stage1_logmel_small_cnn/seed_42/fold_2/attempt_1/model.keras,recorded_in_fold_manifest,20260821T164332Z_490383ff__exp_20260903T170029Z_e0883d24
rec_68e0eba1418f9428b077,/mnt/d/INFANT CRY/data_set_dbl_split/train/not_baby/1-26222-A-10.wav,not_baby,esc50_source:26222,2,not_baby,0.24411915606437856,0.7558808439356215,original,/mnt/d/INFANT CRY/Models_dbl/experiments/runs/20260821T164332Z_490383ff__exp_20260903T170029Z_e0883d24/candidates/stage1_logmel_small_cnn/seed_42/fold_2/attempt_1/model.keras,recorded_in_fold_manifest,20260821T164332Z_490383ff__exp_20260903T170029Z_e0883d24
rec_8f03dd4d69cfa2484d41,/mnt/d/INFANT CRY/data_set_dbl_split/train/not_baby/1-27403-A-28.wav,not_baby,esc50_source:27403,2,not_baby,0.29173471654252064,0.7082652834574794,original,/mnt/d/INFANT CRY/Models_dbl/experiments/runs/20260821T164332Z_490383ff__exp_20260903T170029Z_e0883d24/candidates/stage1_logmel_small_cnn/seed_42/fold_2/attempt_1/model.keras,recorded_in_fold_manifest,20260821T164332Z_490383ff__exp_20260903T170029Z_e0883d24
rec_c962eaa6da40797b9f07,/mnt/d/INFANT CRY/data_set_dbl_split/train/not_baby/1-29532-A-16.wav,not_baby,esc50_source:29532,2,not_baby,0.03911903026017095,0.9608809697398291,original,/mnt/d/INFANT CRY/Models_dbl/experiments/runs/20260821T164332Z_490383ff__exp_20260903T170029Z_e0883d24/candidates/stage1_logmel_small_cnn/seed_42/fold_2/attempt_1/model.keras,recorded_in_fold_manifest,20260821T164332Z_490383ff__exp_20260903T170029Z_e0883d24
rec_5859e6b822ef907e7060,/mnt/d/INFANT CRY/data_set_dbl_split/train/not_baby/1-30226-A-0.wav,not_baby,esc50_source:30226,2,not_baby,0.03516029233292072,0.9648397076670793,original,/mnt/d/INFANT CRY/Models_dbl/experiments/runs/20260821T164332Z_490383ff__exp_20260903T170029Z_e0883d24/candidates/stage1_logmel_small_cnn/seed_42/fold_2/attempt_1/model.keras,recorded_in_fold_manifest,20260821T164332Z_490383ff__exp_20260903T170029Z_e0883d24
rec_906cf8ace0ef671a1980,/mnt/d/INFANT CRY/data_set_dbl_split/train/not_baby/1-31836-A-4.wav,not_baby,esc50_source:31836,2,not_baby,0.04067269446219825,0.9593273055378018,original,/mnt/d/INFANT CRY/Models_dbl/experiments/runs/20260821T164332Z_490383ff__exp_20260903T170029Z_e0883d24/candidates/stage1_logmel_small_cnn/seed_42/fold_2/attempt_1/model.keras,recorded_in_fold_manifest,20260821T164332Z_490383ff__exp_20260903T170029Z_e0883d24
rec_5413a21644ef68a69b06,/mnt/d/INFANT CRY/data_set_dbl_split/train/not_baby/1-31836-B-4.wav,not_baby,esc50_source:31836,2,not_baby,0.03298318746319716,0.9670168125368028,original,/mnt/d/INFANT CRY/Models_dbl/experiments/runs/20260821T164332Z_490383ff__exp_20260903T170029Z_e0883d24/candidates/stage1_logmel_small_cnn/seed_42/fold_2/attempt_1/model.keras,recorded_in_fold_manifest,20260821T164332Z_490383ff__exp_20260903T170029Z_e0883d24
rec_fcdcedd35548688ecce9,/mnt/d/INFANT CRY/data_set_dbl_split/train/not_baby/1-34094-A-5.wav,not_baby,esc50_source:34094,2,baby,0.6290266513824463,0.3709733486175537,original,/mnt/d/INFANT CRY/Models_dbl/experiments/runs/20260821T164332Z_490383ff__exp_20260903T170029Z_e0883d24/candidates/stage1_logmel_small_cnn/seed_42/fold_2/attempt_1/model.keras,recorded_in_fold_manifest,20260821T164332Z_490383ff__exp_20260903T170029Z_e0883d24
rec_4cf31d9fc6c8776f7ef1,/mnt/d/INFANT CRY/data_set_dbl_split/train/not_baby/1-34094-B-5.wav,not_baby,esc50_source:34094,2,not_baby,0.4965684413909912,0.5034315586090088,original,/mnt/d/INFANT CRY/Models_dbl/experiments/runs/20260821T164332Z_490383ff__exp_20260903T170029Z_e0883d24/candidates/stage1_logmel_small_cnn/seed_42/fold_2/attempt_1/model.keras,recorded_in_fold_manifest,20260821T164332Z_490383ff__exp_20260903T170029Z_e0883d24
rec_9b4a133d0d1b9b4a541f,/mnt/d/INFANT CRY/data_set_dbl_split/train/not_baby/1-36402-A-23.wav,not_baby,esc50_source:36402,2,not_baby,0.3926238183603395,0.6073761816396605,original,/mnt/d/INFANT CRY/Models_dbl/experiments/runs/20260821T164332Z_490383ff__exp_20260903T170029Z_e0883d24/candidates/stage1_logmel_small_cnn/seed_42/fold_2/attempt_1/model.keras,recorded_in_fold_manifest,20260821T164332Z_490383ff__exp_20260903T170029Z_e0883d24
rec_e7c92f38c8168ec6bff4,/mnt/d/INFANT CRY/data_set_dbl_split/train/not_baby/1-39937-A-28.wav,not_baby,esc50_source:39937,2,not_baby,0.01759039152907174,0.9824096084709283,original,/mnt/d/INFANT CRY/Models_dbl/experiments/runs/20260821T164332Z_490383ff__exp_20260903T170029Z_e0883d24/candidates/stage1_logmel_small_cnn/seed_42/fold_2/attempt_1/model.keras,recorded_in_fold_manifest,20260821T164332Z_490383ff__exp_20260903T170029Z_e0883d24
rec_532051672ab1e6361fad,/mnt/d/INFANT CRY/data_set_dbl_split/train/not_baby/1-46274-A-18.wav,not_baby,esc50_source:46274,2,not_baby,0.04035346270134244,0.9596465372986576,original,/mnt/d/INFANT CRY/Models_dbl/experiments/runs/20260821T164332Z_490383ff__exp_20260903T170029Z_e0883d24/candidates/stage1_logmel_small_cnn/seed_42/fold_2/attempt_1/model.keras,recorded_in_fold_manifest,20260821T164332Z_490383ff__exp_20260903T170029Z_e0883d24
rec_6bcaaff2f3757e7ba66e,/mnt/d/INFANT CRY/data_set_dbl_split/train/not_baby/1-46353-A-49.wav,not_baby,esc50_source:46353,2,not_baby,0.020964730765276374,0.9790352692347236,original,/mnt/d/INFANT CRY/Models_dbl/experiments/runs/20260821T164332Z_490383ff__exp_20260903T170029Z_e0883d24/candidates/stage1_logmel_small_cnn/seed_42/fold_2/attempt_1/model.keras,recorded_in_fold_manifest,20260821T164332Z_490383ff__exp_20260903T170029Z_e0883d24
rec_d787aa854d000fbffcdd,/mnt/d/INFANT CRY/data_set_dbl_split/train/not_baby/1-48298-A-46.wav,not_baby,esc50_source:48298,2,not_baby,0.01161555709846725,0.9883844429015327,original,/mnt/d/INFANT CRY/Models_dbl/experiments/runs/20260821T164332Z_490383ff__exp_20260903T170029Z_e0883d24/candidates/stage1_logmel_small_cnn/seed_42/fold_2/attempt_1/model.keras,recorded_in_fold_manifest,20260821T164332Z_490383ff__exp_20260903T170029Z_e0883d24
rec_a485a957b0b189257b4e,/mnt/d/INFANT CRY/data_set_dbl_split/train/not_baby/1-50455-A-44.wav,not_baby,esc50_source:50455,2,not_baby,0.005404243658534662,0.9945957563414654,original,/mnt/d/INFANT CRY/Models_dbl/experiments/runs/20260821T164332Z_490383ff__exp_20260903T170029Z_e0883d24/candidates/stage1_logmel_small_cnn/seed_42/fold_2/attempt_1/model.keras,recorded_in_fold_manifest,20260821T164332Z_490383ff__exp_20260903T170029Z_e0883d24
rec_4085e1be8d7ad7222de5,/mnt/d/INFANT CRY/data_set_dbl_split/train/not_baby/1-51433-A-17.wav,not_baby,esc50_source:51433,2,not_baby,0.07990316480181735,0.9200968351981826,original,/mnt/d/INFANT CRY/Models_dbl/experiments/runs/20260821T164332Z_490383ff__exp_20260903T170029Z_e0883d24/candidates/stage1_logmel_small_cnn/seed_42/fold_2/attempt_1/model.keras,recorded_in_fold_manifest,20260821T164332Z_490383ff__exp_20260903T170029Z_e0883d24
rec_bb745435400bca3e646c,/mnt/d/INFANT CRY/data_set_dbl_split/train/not_baby/1-52323-A-24.wav,not_baby,esc50_source:52323,2,not_baby,0.07686181022251153,0.9231381897774885,original,/mnt/d/INFANT CRY/Models_dbl/experiments/runs/20260821T164332Z_490383ff__exp_20260903T170029Z_e0883d24/candidates/stage1_logmel_small_cnn/seed_42/fold_2/attempt_1/model.keras,recorded_in_fold_manifest,20260821T164332Z_490383ff__exp_20260903T170029Z_e0883d24
rec_4d9b5d07dbaa88a7fe63,/mnt/d/INFANT CRY/data_set_dbl_split/train/not_baby/1-53501-A-32.wav,not_baby,esc50_source:53501,2,not_baby,0.000655039243094824,0.9993449607569052,original,/mnt/d/INFANT CRY/Models_dbl/experiments/runs/20260821T164332Z_490383ff__exp_20260903T170029Z_e0883d24/candidates/stage1_logmel_small_cnn/seed_42/fold_2/attempt_1/model.keras,recorded_in_fold_manifest,20260821T164332Z_490383ff__exp_20260903T170029Z_e0883d24
rec_06b276df04622905c87a,/mnt/d/INFANT CRY/data_set_dbl_split/train/not_baby/1-54747-A-46.wav,not_baby,esc50_source:54747,2,not_baby,0.009192443118891416,0.9908075568811086,original,/mnt/d/INFANT CRY/Models_dbl/experiments/runs/20260821T164332Z_490383ff__exp_20260903T170029Z_e0883d24/candidates/stage1_logmel_small_cnn/seed_42/fold_2/attempt_1/model.keras,recorded_in_fold_manifest,20260821T164332Z_490383ff__exp_20260903T170029Z_e0883d24
rec_3803529b7b661b9d7ddc,/mnt/d/INFANT CRY/data_set_dbl_split/train/not_baby/1-56269-A-18.wav,not_baby,esc50_source:56269,2,not_baby,0.06361556432339932,0.9363844356766007,original,/mnt/d/INFANT CRY/Models_dbl/experiments/runs/20260821T164332Z_490383ff__exp_20260903T170029Z_e0883d24/candidates/stage1_logmel_small_cnn/seed_42/fold_2/attempt_1/model.keras,recorded_in_fold_manifest,20260821T164332Z_490383ff__exp_20260903T170029Z_e0883d24
rec_dfa3989bceae572aa4d3,/mnt/d/INFANT CRY/data_set_dbl_split/train/not_baby/1-57316-A-13.wav,not_baby,esc50_source:57316,2,not_baby,0.07748719593462333,0.9225128040653767,original,/mnt/d/INFANT CRY/Models_dbl/experiments/runs/20260821T164332Z_490383ff__exp_20260903T170029Z_e0883d24/candidates/stage1_logmel_small_cnn/seed_42/fold_2/attempt_1/model.keras,recorded_in_fold_manifest,20260821T164332Z_490383ff__exp_20260903T170029Z_e0883d24
rec_4711c1ba9267a40234a0,/mnt/d/INFANT CRY/data_set_dbl_split/train/not_baby/1-57318-A-13.wav,not_baby,esc50_source:57318,2,not_baby,0.020383563576087626,0.9796164364239124,original,/mnt/d/INFANT CRY/Models_dbl/experiments/runs/20260821T164332Z_490383ff__exp_20260903T170029Z_e0883d24/candidates/stage1_logmel_small_cnn/seed_42/fold_2/attempt_1/model.keras,recorded_in_fold_manifest,20260821T164332Z_490383ff__exp_20260903T170029Z_e0883d24
rec_3a74747ac3611230265e,/mnt/d/INFANT CRY/data_set_dbl_split/train/not_baby/1-58792-A-24.wav,not_baby,esc50_source:58792,2,baby,0.5417904257774353,0.4582095742225647,original,/mnt/d/INFANT CRY/Models_dbl/experiments/runs/20260821T164332Z_490383ff__exp_20260903T170029Z_e0883d24/candidates/stage1_logmel_small_cnn/seed_42/fold_2/attempt_1/model.keras,recorded_in_fold_manifest,20260821T164332Z_490383ff__exp_20260903T170029Z_e0883d24
rec_5cbb67f2259227c831d4,/mnt/d/INFANT CRY/data_set_dbl_split/train/not_baby/1-60676-A-34.wav,not_baby,esc50_source:60676,2,not_baby,0.15734498437263048,0.8426550156273696,original,/mnt/d/INFANT CRY/Models_dbl/experiments/runs/20260821T164332Z_490383ff__exp_20260903T170029Z_e0883d24/candidates/stage1_logmel_small_cnn/seed_42/fold_2/attempt_1/model.keras,recorded_in_fold_manifest,20260821T164332Z_490383ff__exp_20260903T170029Z_e0883d24
rec_8fc1ae9159c013df9edf,/mnt/d/INFANT CRY/data_set_dbl_split/train/not_baby/1-61221-A-17.wav,not_baby,esc50_source:61221,2,not_baby,0.22242861986160278,0.7775713801383972,original,/mnt/d/INFANT CRY/Models_dbl/experiments/runs/20260821T164332Z_490383ff__exp_20260903T170029Z_e0883d24/candidates/stage1_logmel_small_cnn/seed_42/fold_2/attempt_1/model.keras,recorded_in_fold_manifest,20260821T164332Z_490383ff__exp_20260903T170029Z_e0883d24
rec_1a5bf487f41f51a92bea,/mnt/d/INFANT CRY/data_set_dbl_split/train/not_baby/1-62565-A-44.wav,not_baby,esc50_source:62565,2,not_baby,0.01672856168315861,0.9832714383168414,original,/mnt/d/INFANT CRY/Models_dbl/experiments/runs/20260821T164332Z_490383ff__exp_20260903T170029Z_e0883d24/candidates/stage1_logmel_small_cnn/seed_42/fold_2/attempt_1/model.keras,recorded_in_fold_manifest,20260821T164332Z_490383ff__exp_20260903T170029Z_e0883d24
rec_854195816e697603ce28,/mnt/d/INFANT CRY/data_set_dbl_split/train/not_baby/1-67432-A-27.wav,not_baby,esc50_source:67432,2,not_baby,0.0033125815070481628,0.9966874184929518,original,/mnt/d/INFANT CRY/Models_dbl/experiments/runs/20260821T164332Z_490383ff__exp_20260903T170029Z_e0883d24/candidates/stage1_logmel_small_cnn/seed_42/fold_2/attempt_1/model.keras,recorded_in_fold_manifest,20260821T164332Z_490383ff__exp_20260903T170029Z_e0883d24
rec_1da92a036f0dc65de578,/mnt/d/INFANT CRY/data_set_dbl_split/train/not_baby/1-68734-A-34.wav,not_baby,esc50_source:68734,2,not_baby,0.012664186756877758,0.9873358132431223,original,/mnt/d/INFANT CRY/Models_dbl/experiments/runs/20260821T164332Z_490383ff__exp_20260903T170029Z_e0883d24/candidates/stage1_logmel_small_cnn/seed_42/fold_2/attempt_1/model.keras,recorded_in_fold_manifest,20260821T164332Z_490383ff__exp_20260903T170029Z_e0883d24
rec_8d67e5d21a6da8bb4d01,/mnt/d/INFANT CRY/data_set_dbl_split/train/not_baby/1-7057-A-12.wav,not_baby,esc50_source:7057,2,not_baby,0.002095231766856911,0.9979047682331431,original,/mnt/d/INFANT CRY/Models_dbl/experiments/runs/20260821T164332Z_490383ff__exp_20260903T170029Z_e0883d24/candidates/stage1_logmel_small_cnn/seed_42/fold_2/attempt_1/model.keras,recorded_in_fold_manifest,20260821T164332Z_490383ff__exp_20260903T170029Z_e0883d24
rec_8a7f95616d7d94b6fb54,/mnt/d/INFANT CRY/data_set_dbl_split/train/not_baby/1-72695-A-26.wav,not_baby,esc50_source:72695,2,not_baby,0.06377065561834905,0.936229344381651,original,/mnt/d/INFANT CRY/Models_dbl/experiments/runs/20260821T164332Z_490383ff__exp_20260903T170029Z_e0883d24/candidates/stage1_logmel_small_cnn/seed_42/fold_2/attempt_1/model.keras,recorded_in_fold_manifest,20260821T164332Z_490383ff__exp_20260903T170029Z_e0883d24
rec_54d2633f5882853c02ee,/mnt/d/INFANT CRY/data_set_dbl_split/train/not_baby/1-75190-A-8.wav,not_baby,esc50_source:75190,2,not_baby,0.06591019230813361,0.9340898076918663,original,/mnt/d/INFANT CRY/Models_dbl/experiments/runs/20260821T164332Z_490383ff__exp_20260903T170029Z_e0883d24/candidates/stage1_logmel_small_cnn/seed_42/fold_2/attempt_1/model.keras,recorded_in_fold_manifest,20260821T164332Z_490383ff__exp_20260903T170029Z_e0883d24
rec_d35ca4ca322a29171bec,/mnt/d/INFANT CRY/data_set_dbl_split/train/not_baby/1-79220-A-17.wav,not_baby,esc50_source:79220,2,not_baby,0.011565533843630632,0.9884344661563693,original,/mnt/d/INFANT CRY/Models_dbl/experiments/runs/20260821T164332Z_490383ff__exp_20260903T170029Z_e0883d24/candidates/stage1_logmel_small_cnn/seed_42/fold_2/attempt_1/model.keras,recorded_in_fold_manifest,20260821T164332Z_490383ff__exp_20260903T170029Z_e0883d24
rec_68deed3997883deddc1d,/mnt/d/INFANT CRY/data_set_dbl_split/train/not_baby/1-7974-A-49.wav,not_baby,esc50_source:7974,2,not_baby,0.00942657753541214,0.9905734224645879,original,/mnt/d/INFANT CRY/Models_dbl/experiments/runs/20260821T164332Z_490383ff__exp_20260903T170029Z_e0883d24/candidates/stage1_logmel_small_cnn/seed_42/fold_2/attempt_1/model.keras,recorded_in_fold_manifest,20260821T164332Z_490383ff__exp_20260903T170029Z_e0883d24
rec_d575a3923c50bcf4270b,/mnt/d/INFANT CRY/data_set_dbl_split/train/not_baby/1-7974-B-49.wav,not_baby,esc50_source:7974,2,not_baby,0.15759051162075166,0.8424094883792483,original,/mnt/d/INFANT CRY/Models_dbl/experiments/runs/20260821T164332Z_490383ff__exp_20260903T170029Z_e0883d24/candidates/stage1_logmel_small_cnn/seed_42/fold_2/attempt_1/model.keras,recorded_in_fold_manifest,20260821T164332Z_490383ff__exp_20260903T170029Z_e0883d24
rec_95067cb9f46de354ae7a,/mnt/d/INFANT CRY/data_set_dbl_split/train/not_baby/1-84536-A-39.wav,not_baby,esc50_source:84536,2,baby,0.5979609071600708,0.4020390928399292,original,/mnt/d/INFANT CRY/Models_dbl/experiments/runs/20260821T164332Z_490383ff__exp_20260903T170029Z_e0883d24/candidates/stage1_logmel_small_cnn/seed_42/fold_2/attempt_1/model.keras,recorded_in_fold_manifest,20260821T164332Z_490383ff__exp_20260903T170029Z_e0883d24
rec_92a86e6dc6217babc6c1,/mnt/d/INFANT CRY/data_set_dbl_split/train/not_baby/1-84705-A-39.wav,not_baby,esc50_source:84705,2,baby,0.6957129628743839,0.30428703712561617,original,/mnt/d/INFANT CRY/Models_dbl/experiments/runs/20260821T164332Z_490383ff__exp_20260903T170029Z_e0883d24/candidates/stage1_logmel_small_cnn/seed_42/fold_2/attempt_1/model.keras,recorded_in_fold_manifest,20260821T164332Z_490383ff__exp_20260903T170029Z_e0883d24
rec_93aa9646948cf4e2ceee,/mnt/d/INFANT CRY/data_set_dbl_split/train/not_baby/1-94036-A-22.wav,not_baby,esc50_source:94036,2,not_baby,0.10106215249515502,0.898937847504845,original,/mnt/d/INFANT CRY/Models_dbl/experiments/runs/20260821T164332Z_490383ff__exp_20260903T170029Z_e0883d24/candidates/stage1_logmel_small_cnn/seed_42/fold_2/attempt_1/model.keras,recorded_in_fold_manifest,20260821T164332Z_490383ff__exp_20260903T170029Z_e0883d24
rec_182bf160b5e9e36cbb05,/mnt/d/INFANT CRY/data_set_dbl_split/train/not_baby/1-95563-A-31.wav,not_baby,esc50_source:95563,2,not_baby,0.00017250543003783855,0.9998274945699621,original,/mnt/d/INFANT CRY/Models_dbl/experiments/runs/20260821T164332Z_490383ff__exp_20260903T170029Z_e0883d24/candidates/stage1_logmel_small_cnn/seed_42/fold_2/attempt_1/model.keras,recorded_in_fold_manifest,20260821T164332Z_490383ff__exp_20260903T170029Z_e0883d24
rec_103f5c572efbc70327a8,/mnt/d/INFANT CRY/data_set_dbl_split/train/not_baby/1-96950-A-9.wav,not_baby,esc50_source:96950,2,baby,0.8814563953225436,0.11854360467745641,original,/mnt/d/INFANT CRY/Models_dbl/experiments/runs/20260821T164332Z_490383ff__exp_20260903T170029Z_e0883d24/candidates/stage1_logmel_small_cnn/seed_42/fold_2/attempt_1/model.keras,recorded_in_fold_manifest,20260821T164332Z_490383ff__exp_20260903T170029Z_e0883d24
rec_5b7c6607956b02ded823,/mnt/d/INFANT CRY/data_set_dbl_split/train/not_baby/1-96950-B-9.wav,not_baby,esc50_source:96950,2,baby,0.8522630841888835,0.14773691581111645,original,/mnt/d/INFANT CRY/Models_dbl/experiments/runs/20260821T164332Z_490383ff__exp_20260903T170029Z_e0883d24/candidates/stage1_logmel_small_cnn/seed_42/fold_2/attempt_1/model.keras,recorded_in_fold_manifest,20260821T164332Z_490383ff__exp_20260903T170029Z_e0883d24
rec_d87af039ee240fc566fc,/mnt/d/INFANT CRY/data_set_dbl_split/train/not_baby/1-9841-A-13.wav,not_baby,esc50_source:9841,2,not_baby,0.02381406254338217,0.9761859374566179,original,/mnt/d/INFANT CRY/Models_dbl/experiments/runs/20260821T164332Z_490383ff__exp_20260903T170029Z_e0883d24/candidates/stage1_logmel_small_cnn/seed_42/fold_2/attempt_1/model.keras,recorded_in_fold_manifest,20260821T164332Z_490383ff__exp_20260903T170029Z_e0883d24
rec_3a9b3c8ff4834d412732,/mnt/d/INFANT CRY/data_set_dbl_split/train/not_baby/2-103427-A-3.wav,not_baby,esc50_source:103427,2,not_baby,0.26066400174283993,0.7393359982571601,original,/mnt/d/INFANT CRY/Models_dbl/experiments/runs/20260821T164332Z_490383ff__exp_20260903T170029Z_e0883d24/candidates/stage1_logmel_small_cnn/seed_42/fold_2/attempt_1/model.keras,recorded_in_fold_manifest,20260821T164332Z_490383ff__exp_20260903T170029Z_e0883d24
rec_8138788abbaacbff5ee1,/mnt/d/INFANT CRY/data_set_dbl_split/train/not_baby/2-104476-A-37.wav,not_baby,esc50_source:104476,2,baby,0.5075102297213605,0.4924897702786395,original,/mnt/d/INFANT CRY/Models_dbl/experiments/runs/20260821T164332Z_490383ff__exp_20260903T170029Z_e0883d24/candidates/stage1_logmel_small_cnn/seed_42/fold_2/attempt_1/model.keras,recorded_in_fold_manifest,20260821T164332Z_490383ff__exp_20260903T170029Z_e0883d24
rec_cbea7c1df5a5e0231fe0,/mnt/d/INFANT CRY/data_set_dbl_split/train/not_baby/2-105270-A-47.wav,not_baby,esc50_source:105270,2,not_baby,0.017954485189932645,0.9820455148100673,original,/mnt/d/INFANT CRY/Models_dbl/experiments/runs/20260821T164332Z_490383ff__exp_20260903T170029Z_e0883d24/candidates/stage1_logmel_small_cnn/seed_42/fold_2/attempt_1/model.keras,recorded_in_fold_manifest,20260821T164332Z_490383ff__exp_20260903T170029Z_e0883d24
rec_723a652f90518753342f,/mnt/d/INFANT CRY/data_set_dbl_split/train/not_baby/2-106849-A-47.wav,not_baby,esc50_source:106849,2,not_baby,0.026870902516844847,0.9731290974831551,original,/mnt/d/INFANT CRY/Models_dbl/experiments/runs/20260821T164332Z_490383ff__exp_20260903T170029Z_e0883d24/candidates/stage1_logmel_small_cnn/seed_42/fold_2/attempt_1/model.keras,recorded_in_fold_manifest,20260821T164332Z_490383ff__exp_20260903T170029Z_e0883d24
rec_16eec14156890983fa91,/mnt/d/INFANT CRY/data_set_dbl_split/train/not_baby/2-108761-A-14.wav,not_baby,esc50_source:108761,2,not_baby,0.021792596084293372,0.9782074039157066,original,/mnt/d/INFANT CRY/Models_dbl/experiments/runs/20260821T164332Z_490383ff__exp_20260903T170029Z_e0883d24/candidates/stage1_logmel_small_cnn/seed_42/fold_2/attempt_1/model.keras,recorded_in_fold_manifest,20260821T164332Z_490383ff__exp_20260903T170029Z_e0883d24
rec_90c89519916358ba2a34,/mnt/d/INFANT CRY/data_set_dbl_split/train/not_baby/2-109371-A-16.wav,not_baby,esc50_source:109371,2,not_baby,0.014770571087410408,0.9852294289125896,original,/mnt/d/INFANT CRY/Models_dbl/experiments/runs/20260821T164332Z_490383ff__exp_20260903T170029Z_e0883d24/candidates/stage1_logmel_small_cnn/seed_42/fold_2/attempt_1/model.keras,recorded_in_fold_manifest,20260821T164332Z_490383ff__exp_20260903T170029Z_e0883d24
rec_7b0b5a13ae57c088e248,/mnt/d/INFANT CRY/data_set_dbl_split/train/not_baby/2-109371-B-16.wav,not_baby,esc50_source:109371,2,not_baby,0.0175574440182048,0.9824425559817952,original,/mnt/d/INFANT CRY/Models_dbl/experiments/runs/20260821T164332Z_490383ff__exp_20260903T170029Z_e0883d24/candidates/stage1_logmel_small_cnn/seed_42/fold_2/attempt_1/model.keras,recorded_in_fold_manifest,20260821T164332Z_490383ff__exp_20260903T170029Z_e0883d24
rec_5b198f12bd7c3580e31c,/mnt/d/INFANT CRY/data_set_dbl_split/train/not_baby/2-109371-C-16.wav,not_baby,esc50_source:109371,2,not_baby,0.03635764839978778,0.9636423516002122,original,/mnt/d/INFANT CRY/Models_dbl/experiments/runs/20260821T164332Z_490383ff__exp_20260903T170029Z_e0883d24/candidates/stage1_logmel_small_cnn/seed_42/fold_2/attempt_1/model.keras,recorded_in_fold_manifest,20260821T164332Z_490383ff__exp_20260903T170029Z_e0883d24
rec_dac6991218c84f91174f,/mnt/d/INFANT CRY/data_set_dbl_split/train/not_baby/2-109371-D-16.wav,not_baby,esc50_source:109371,2,not_baby,0.024874584332348296,0.9751254156676517,original,/mnt/d/INFANT CRY/Models_dbl/experiments/runs/20260821T164332Z_490383ff__exp_20260903T170029Z_e0883d24/candidates/stage1_logmel_small_cnn/seed_42/fold_2/attempt_1/model.keras,recorded_in_fold_manifest,20260821T164332Z_490383ff__exp_20260903T170029Z_e0883d24
rec_9201b58cf0eaa4fa9a5e,/mnt/d/INFANT CRY/data_set_dbl_split/train/not_baby/2-114254-A-30.wav,not_baby,esc50_source:114254,2,not_baby,0.3366252582259553,0.6633747417740447,original,/mnt/d/INFANT CRY/Models_dbl/experiments/runs/20260821T164332Z_490383ff__exp_20260903T170029Z_e0883d24/candidates/stage1_logmel_small_cnn/seed_42/fold_2/attempt_1/model.keras,recorded_in_fold_manifest,20260821T164332Z_490383ff__exp_20260903T170029Z_e0883d24
rec_8422afeed88a240b2c25,/mnt/d/INFANT CRY/data_set_dbl_split/train/not_baby/2-114280-A-0.wav,not_baby,esc50_source:114280,2,not_baby,0.31323774715549507,0.6867622528445049,original,/mnt/d/INFANT CRY/Models_dbl/experiments/runs/20260821T164332Z_490383ff__exp_20260903T170029Z_e0883d24/candidates/stage1_logmel_small_cnn/seed_42/fold_2/attempt_1/model.keras,recorded_in_fold_manifest,20260821T164332Z_490383ff__exp_20260903T170029Z_e0883d24
rec_66a25e4b6dd22ac7e4b3,/mnt/d/INFANT CRY/data_set_dbl_split/train/not_baby/2-117116-A-37.wav,not_baby,esc50_source:117116,2,not_baby,0.4192755645297636,0.5807244354702364,original,/mnt/d/INFANT CRY/Models_dbl/experiments/runs/20260821T164332Z_490383ff__exp_20260903T170029Z_e0883d24/candidates/stage1_logmel_small_cnn/seed_42/fold_2/attempt_1/model.keras,recorded_in_fold_manifest,20260821T164332Z_490383ff__exp_20260903T170029Z_e0883d24
rec_3adc30748b43cce77d20,/mnt/d/INFANT CRY/data_set_dbl_split/train/not_baby/2-117271-A-0.wav,not_baby,esc50_source:117271,2,not_baby,0.026710174380760468,0.9732898256192395,original,/mnt/d/INFANT CRY/Models_dbl/experiments/runs/20260821T164332Z_490383ff__exp_20260903T170029Z_e0883d24/candidates/stage1_logmel_small_cnn/seed_42/fold_2/attempt_1/model.keras,recorded_in_fold_manifest,20260821T164332Z_490383ff__exp_20260903T170029Z_e0883d24
rec_ea2e2c89a3f96621d305,/mnt/d/INFANT CRY/data_set_dbl_split/train/not_baby/2-117625-A-10.wav,not_baby,esc50_source:117625,2,not_baby,0.006975745951169538,0.9930242540488304,original,/mnt/d/INFANT CRY/Models_dbl/experiments/runs/20260821T164332Z_490383ff__exp_20260903T170029Z_e0883d24/candidates/stage1_logmel_small_cnn/seed_42/fold_2/attempt_1/model.keras,recorded_in_fold_manifest,20260821T164332Z_490383ff__exp_20260903T170029Z_e0883d24
rec_e70d1abe68943f231541,/mnt/d/INFANT CRY/data_set_dbl_split/train/not_baby/2-118459-A-32.wav,not_baby,esc50_source:118459,2,not_baby,0.0009306494193224629,0.9990693505806776,original,/mnt/d/INFANT CRY/Models_dbl/experiments/runs/20260821T164332Z_490383ff__exp_20260903T170029Z_e0883d24/candidates/stage1_logmel_small_cnn/seed_42/fold_2/attempt_1/model.keras,recorded_in_fold_manifest,20260821T164332Z_490383ff__exp_20260903T170029Z_e0883d24
rec_b9dc01a6b821e7dca8cd,/mnt/d/INFANT CRY/data_set_dbl_split/train/not_baby/2-118459-B-32.wav,not_baby,esc50_source:118459,2,not_baby,0.0004834113557033094,0.9995165886442967,original,/mnt/d/INFANT CRY/Models_dbl/experiments/runs/20260821T164332Z_490383ff__exp_20260903T170029Z_e0883d24/candidates/stage1_logmel_small_cnn/seed_42/fold_2/attempt_1/model.keras,recorded_in_fold_manifest,20260821T164332Z_490383ff__exp_20260903T170029Z_e0883d24
rec_2bedc795ff3d38053288,/mnt/d/INFANT CRY/data_set_dbl_split/train/not_baby/2-118817-A-32.wav,not_baby,esc50_source:118817,2,not_baby,0.003580190321360312,0.9964198096786396,original,/mnt/d/INFANT CRY/Models_dbl/experiments/runs/20260821T164332Z_490383ff__exp_20260903T170029Z_e0883d24/candidates/stage1_logmel_small_cnn/seed_42/fold_2/attempt_1/model.keras,recorded_in_fold_manifest,20260821T164332Z_490383ff__exp_20260903T170029Z_e0883d24
rec_5162edb851de1ff4de99,/mnt/d/INFANT CRY/data_set_dbl_split/train/not_baby/2-120333-A-32.wav,not_baby,esc50_source:120333,2,not_baby,0.0017576855648111815,0.9982423144351888,original,/mnt/d/INFANT CRY/Models_dbl/experiments/runs/20260821T164332Z_490383ff__exp_20260903T170029Z_e0883d24/candidates/stage1_logmel_small_cnn/seed_42/fold_2/attempt_1/model.keras,recorded_in_fold_manifest,20260821T164332Z_490383ff__exp_20260903T170029Z_e0883d24
rec_f1cccfdfe457d71cc400,/mnt/d/INFANT CRY/data_set_dbl_split/train/not_baby/2-122067-A-45.wav,not_baby,esc50_source:122067,2,not_baby,0.007125590644733741,0.9928744093552663,original,/mnt/d/INFANT CRY/Models_dbl/experiments/runs/20260821T164332Z_490383ff__exp_20260903T170029Z_e0883d24/candidates/stage1_logmel_small_cnn/seed_42/fold_2/attempt_1/model.keras,recorded_in_fold_manifest,20260821T164332Z_490383ff__exp_20260903T170029Z_e0883d24
rec_11e10ed8ff0c827287d6,/mnt/d/INFANT CRY/data_set_dbl_split/train/not_baby/2-122067-B-45.wav,not_baby,esc50_source:122067,2,not_baby,0.01194938316752699,0.988050616832473,original,/mnt/d/INFANT CRY/Models_dbl/experiments/runs/20260821T164332Z_490383ff__exp_20260903T170029Z_e0883d24/candidates/stage1_logmel_small_cnn/seed_42/fold_2/attempt_1/model.keras,recorded_in_fold_manifest,20260821T164332Z_490383ff__exp_20260903T170029Z_e0883d24
rec_01a201839ca6a5d72029,/mnt/d/INFANT CRY/data_set_dbl_split/train/not_baby/2-122820-A-36.wav,not_baby,esc50_source:122820,2,not_baby,0.073900924234106,0.926099075765894,original,/mnt/d/INFANT CRY/Models_dbl/experiments/runs/20260821T164332Z_490383ff__exp_20260903T170029Z_e0883d24/candidates/stage1_logmel_small_cnn/seed_42/fold_2/attempt_1/model.keras,recorded_in_fold_manifest,20260821T164332Z_490383ff__exp_20260903T170029Z_e0883d24
rec_9324d213244d313b7df9,/mnt/d/INFANT CRY/data_set_dbl_split/train/not_baby/2-122820-B-36.wav,not_baby,esc50_source:122820,2,not_baby,0.054585716398379586,0.9454142836016204,original,/mnt/d/INFANT CRY/Models_dbl/experiments/runs/20260821T164332Z_490383ff__exp_20260903T170029Z_e0883d24/candidates/stage1_logmel_small_cnn/seed_42/fold_2/attempt_1/model.keras,recorded_in_fold_manifest,20260821T164332Z_490383ff__exp_20260903T170029Z_e0883d24
rec_9bdcfe4e4321a8bb5e1c,/mnt/d/INFANT CRY/data_set_dbl_split/train/not_baby/2-123896-A-24.wav,not_baby,esc50_source:123896,2,not_baby,0.47564454449282456,0.5243554555071754,original,/mnt/d/INFANT CRY/Models_dbl/experiments/runs/20260821T164332Z_490383ff__exp_20260903T170029Z_e0883d24/candidates/stage1_logmel_small_cnn/seed_42/fold_2/attempt_1/model.keras,recorded_in_fold_manifest,20260821T164332Z_490383ff__exp_20260903T170029Z_e0883d24
rec_0fbf3970051422b85851,/mnt/d/INFANT CRY/data_set_dbl_split/train/not_baby/2-128631-A-21.wav,not_baby,esc50_source:128631,2,baby,0.8035349486678116,0.19646505133218833,original,/mnt/d/INFANT CRY/Models_dbl/experiments/runs/20260821T164332Z_490383ff__exp_20260903T170029Z_e0883d24/candidates/stage1_logmel_small_cnn/seed_42/fold_2/attempt_1/model.keras,recorded_in_fold_manifest,20260821T164332Z_490383ff__exp_20260903T170029Z_e0883d24
rec_b75e9ed9f2469f96783a,/mnt/d/INFANT CRY/data_set_dbl_split/train/not_baby/2-130245-A-34.wav,not_baby,esc50_source:130245,2,not_baby,0.28379781745659216,0.7162021825434078,original,/mnt/d/INFANT CRY/Models_dbl/experiments/runs/20260821T164332Z_490383ff__exp_20260903T170029Z_e0883d24/candidates/stage1_logmel_small_cnn/seed_42/fold_2/attempt_1/model.keras,recorded_in_fold_manifest,20260821T164332Z_490383ff__exp_20260903T170029Z_e0883d24
rec_358788f37a2573b91abd,/mnt/d/INFANT CRY/data_set_dbl_split/train/not_baby/2-134700-A-38.wav,not_baby,esc50_source:134700,2,not_baby,0.008968113006964536,0.9910318869930355,original,/mnt/d/INFANT CRY/Models_dbl/experiments/runs/20260821T164332Z_490383ff__exp_20260903T170029Z_e0883d24/candidates/stage1_logmel_small_cnn/seed_42/fold_2/attempt_1/model.keras,recorded_in_fold_manifest,20260821T164332Z_490383ff__exp_20260903T170029Z_e0883d24
rec_0ca6a997eb5f21be138e,/mnt/d/INFANT CRY/data_set_dbl_split/train/not_baby/2-139748-A-15.wav,not_baby,esc50_source:139748,2,not_baby,0.006048803550078915,0.9939511964499211,original,/mnt/d/INFANT CRY/Models_dbl/experiments/runs/20260821T164332Z_490383ff__exp_20260903T170029Z_e0883d24/candidates/stage1_logmel_small_cnn/seed_42/fold_2/attempt_1/model.keras,recorded_in_fold_manifest,20260821T164332Z_490383ff__exp_20260903T170029Z_e0883d24
rec_065854f32c3389937760,/mnt/d/INFANT CRY/data_set_dbl_split/train/not_baby/2-139748-B-15.wav,not_baby,esc50_source:139748,2,not_baby,0.004854564821738121,0.9951454351782619,original,/mnt/d/INFANT CRY/Models_dbl/experiments/runs/20260821T164332Z_490383ff__exp_20260903T170029Z_e0883d24/candidates/stage1_logmel_small_cnn/seed_42/fold_2/attempt_1/model.keras,recorded_in_fold_manifest,20260821T164332Z_490383ff__exp_20260903T170029Z_e0883d24
rec_29978b51a216c0020387,/mnt/d/INFANT CRY/data_set_dbl_split/train/not_baby/2-155801-A-11.wav,not_baby,esc50_source:155801,2,not_baby,0.006325926758121363,0.9936740732418786,original,/mnt/d/INFANT CRY/Models_dbl/experiments/runs/20260821T164332Z_490383ff__exp_20260903T170029Z_e0883d24/candidates/stage1_logmel_small_cnn/seed_42/fold_2/attempt_1/model.keras,recorded_in_fold_manifest,20260821T164332Z_490383ff__exp_20260903T170029Z_e0883d24
rec_319832ed49d1967ba9f1,/mnt/d/INFANT CRY/data_set_dbl_split/train/not_baby/2-39443-A-19.wav,not_baby,esc50_source:39443,2,not_baby,0.02635328510930069,0.9736467148906993,original,/mnt/d/INFANT CRY/Models_dbl/experiments/runs/20260821T164332Z_490383ff__exp_20260903T170029Z_e0883d24/candidates/stage1_logmel_small_cnn/seed_42/fold_2/attempt_1/model.keras,recorded_in_fold_manifest,20260821T164332Z_490383ff__exp_20260903T170029Z_e0883d24
rec_245e2975b30c662d24c0,/mnt/d/INFANT CRY/data_set_dbl_split/train/not_baby/2-39443-B-19.wav,not_baby,esc50_source:39443,2,not_baby,0.011120267792358059,0.9888797322076419,original,/mnt/d/INFANT CRY/Models_dbl/experiments/runs/20260821T164332Z_490383ff__exp_20260903T170029Z_e0883d24/candidates/stage1_logmel_small_cnn/seed_42/fold_2/attempt_1/model.keras,recorded_in_fold_manifest,20260821T164332Z_490383ff__exp_20260903T170029Z_e0883d24
rec_d4a30828fd02f0fb625c,/mnt/d/INFANT CRY/data_set_dbl_split/train/not_baby/2-42101-A-43.wav,not_baby,esc50_source:42101,2,not_baby,0.009728273519911061,0.990271726480089,original,/mnt/d/INFANT CRY/Models_dbl/experiments/runs/20260821T164332Z_490383ff__exp_20260903T170029Z_e0883d24/candidates/stage1_logmel_small_cnn/seed_42/fold_2/attempt_1/model.keras,recorded_in_fold_manifest,20260821T164332Z_490383ff__exp_20260903T170029Z_e0883d24
rec_4f6d94ded2e420a439b6,/mnt/d/INFANT CRY/data_set_dbl_split/train/not_baby/2-43802-A-42.wav,not_baby,esc50_source:43802,2,not_baby,0.011247106483055245,0.9887528935169447,original,/mnt/d/INFANT CRY/Models_dbl/experiments/runs/20260821T164332Z_490383ff__exp_20260903T170029Z_e0883d24/candidates/stage1_logmel_small_cnn/seed_42/fold_2/attempt_1/model.keras,recorded_in_fold_manifest,20260821T164332Z_490383ff__exp_20260903T170029Z_e0883d24
rec_b9d27514d7264c4824db,/mnt/d/INFANT CRY/data_set_dbl_split/train/not_baby/2-50668-A-41.wav,not_baby,esc50_source:50668,2,not_baby,0.007164135433231079,0.9928358645667689,original,/mnt/d/INFANT CRY/Models_dbl/experiments/runs/20260821T164332Z_490383ff__exp_20260903T170029Z_e0883d24/candidates/stage1_logmel_small_cnn/seed_42/fold_2/attempt_1/model.keras,recorded_in_fold_manifest,20260821T164332Z_490383ff__exp_20260903T170029Z_e0883d24
rec_32da4bde2a84b518ed71,/mnt/d/INFANT CRY/data_set_dbl_split/train/not_baby/2-50668-B-41.wav,not_baby,esc50_source:50668,2,not_baby,0.02580652289813299,0.974193477101867,original,/mnt/d/INFANT CRY/Models_dbl/experiments/runs/20260821T164332Z_490383ff__exp_20260903T170029Z_e0883d24/candidates/stage1_logmel_small_cnn/seed_42/fold_2/attempt_1/model.keras,recorded_in_fold_manifest,20260821T164332Z_490383ff__exp_20260903T170029Z_e0883d24
rec_fff32d060c6b8ac76e45,/mnt/d/INFANT CRY/data_set_dbl_split/train/not_baby/2-59321-A-49.wav,not_baby,esc50_source:59321,2,not_baby,0.0029014413395035236,0.9970985586604965,original,/mnt/d/INFANT CRY/Models_dbl/experiments/runs/20260821T164332Z_490383ff__exp_20260903T170029Z_e0883d24/candidates/stage1_logmel_small_cnn/seed_42/fold_2/attempt_1/model.keras,recorded_in_fold_manifest,20260821T164332Z_490383ff__exp_20260903T170029Z_e0883d24
rec_c36f2a754045c9db5244,/mnt/d/INFANT CRY/data_set_dbl_split/train/not_baby/2-61618-A-46.wav,not_baby,esc50_source:61618,2,not_baby,0.07195742058531898,0.928042579414681,original,/mnt/d/INFANT CRY/Models_dbl/experiments/runs/20260821T164332Z_490383ff__exp_20260903T170029Z_e0883d24/candidates/stage1_logmel_small_cnn/seed_42/fold_2/attempt_1/model.keras,recorded_in_fold_manifest,20260821T164332Z_490383ff__exp_20260903T170029Z_e0883d24
rec_97a4593e4f0c34a07652,/mnt/d/INFANT CRY/data_set_dbl_split/train/not_baby/2-64963-A-15.wav,not_baby,esc50_source:64963,2,not_baby,0.03002647737253183,0.9699735226274682,original,/mnt/d/INFANT CRY/Models_dbl/experiments/runs/20260821T164332Z_490383ff__exp_20260903T170029Z_e0883d24/candidates/stage1_logmel_small_cnn/seed_42/fold_2/attempt_1/model.keras,recorded_in_fold_manifest,20260821T164332Z_490383ff__exp_20260903T170029Z_e0883d24
rec_37a0f43bc78616d985dd,/mnt/d/INFANT CRY/data_set_dbl_split/train/not_baby/2-65750-A-1.wav,not_baby,esc50_source:65750,2,baby,0.8512479536049373,0.1487520463950627,original,/mnt/d/INFANT CRY/Models_dbl/experiments/runs/20260821T164332Z_490383ff__exp_20260903T170029Z_e0883d24/candidates/stage1_logmel_small_cnn/seed_42/fold_2/attempt_1/model.keras,recorded_in_fold_manifest,20260821T164332Z_490383ff__exp_20260903T170029Z_e0883d24
rec_8df5d4474dadaf2ec9e7,/mnt/d/INFANT CRY/data_set_dbl_split/train/not_baby/2-70280-A-18.wav,not_baby,esc50_source:70280,2,not_baby,0.039077088819102775,0.9609229111808972,original,/mnt/d/INFANT CRY/Models_dbl/experiments/runs/20260821T164332Z_490383ff__exp_20260903T170029Z_e0883d24/candidates/stage1_logmel_small_cnn/seed_42/fold_2/attempt_1/model.keras,recorded_in_fold_manifest,20260821T164332Z_490383ff__exp_20260903T170029Z_e0883d24
rec_6d9576ce792cc81b3141,/mnt/d/INFANT CRY/data_set_dbl_split/train/not_baby/2-70367-A-33.wav,not_baby,esc50_source:70367,2,not_baby,0.3772607445716858,0.6227392554283142,original,/mnt/d/INFANT CRY/Models_dbl/experiments/runs/20260821T164332Z_490383ff__exp_20260903T170029Z_e0883d24/candidates/stage1_logmel_small_cnn/seed_42/fold_2/attempt_1/model.keras,recorded_in_fold_manifest,20260821T164332Z_490383ff__exp_20260903T170029Z_e0883d24
rec_191800116e4f8ce5d6bb,/mnt/d/INFANT CRY/data_set_dbl_split/train/not_baby/2-72547-A-14.wav,not_baby,esc50_source:72547,2,not_baby,0.1354066600711146,0.8645933399288854,original,/mnt/d/INFANT CRY/Models_dbl/experiments/runs/20260821T164332Z_490383ff__exp_20260903T170029Z_e0883d24/candidates/stage1_logmel_small_cnn/seed_42/fold_2/attempt_1/model.keras,recorded_in_fold_manifest,20260821T164332Z_490383ff__exp_20260903T170029Z_e0883d24
rec_884b04f2316a8d7b498d,/mnt/d/INFANT CRY/data_set_dbl_split/train/not_baby/2-72547-B-14.wav,not_baby,esc50_source:72547,2,not_baby,0.1917373658457791,0.808262634154221,original,/mnt/d/INFANT CRY/Models_dbl/experiments/runs/20260821T164332Z_490383ff__exp_20260903T170029Z_e0883d24/candidates/stage1_logmel_small_cnn/seed_42/fold_2/attempt_1/model.keras,recorded_in_fold_manifest,20260821T164332Z_490383ff__exp_20260903T170029Z_e0883d24
rec_61444469999327bfc833,/mnt/d/INFANT CRY/data_set_dbl_split/train/not_baby/2-72547-C-14.wav,not_baby,esc50_source:72547,2,not_baby,0.026273521645137316,0.9737264783548627,original,/mnt/d/INFANT CRY/Models_dbl/experiments/runs/20260821T164332Z_490383ff__exp_20260903T170029Z_e0883d24/candidates/stage1_logmel_small_cnn/seed_42/fold_2/attempt_1/model.keras,recorded_in_fold_manifest,20260821T164332Z_490383ff__exp_20260903T170029Z_e0883d24
rec_ffbd5f6fb797b11640be,/mnt/d/INFANT CRY/data_set_dbl_split/train/not_baby/2-72547-D-14.wav,not_baby,esc50_source:72547,2,not_baby,0.09285750032534822,0.9071424996746518,original,/mnt/d/INFANT CRY/Models_dbl/experiments/runs/20260821T164332Z_490383ff__exp_20260903T170029Z_e0883d24/candidates/stage1_logmel_small_cnn/seed_42/fold_2/attempt_1/model.keras,recorded_in_fold_manifest,20260821T164332Z_490383ff__exp_20260903T170029Z_e0883d24
rec_2fb32c9cf494224b7255,/mnt/d/INFANT CRY/data_set_dbl_split/train/not_baby/2-7321-A-33.wav,not_baby,esc50_source:7321,2,not_baby,0.010418947824906363,0.9895810521750936,original,/mnt/d/INFANT CRY/Models_dbl/experiments/runs/20260821T164332Z_490383ff__exp_20260903T170029Z_e0883d24/candidates/stage1_logmel_small_cnn/seed_42/fold_2/attempt_1/model.keras,recorded_in_fold_manifest,20260821T164332Z_490383ff__exp_20260903T170029Z_e0883d24
rec_22a03caa2e9f6c8e19b2,/mnt/d/INFANT CRY/data_set_dbl_split/train/not_baby/2-77346-A-46.wav,not_baby,esc50_source:77346,2,not_baby,0.012354415140196962,0.987645584859803,original,/mnt/d/INFANT CRY/Models_dbl/experiments/runs/20260821T164332Z_490383ff__exp_20260903T170029Z_e0883d24/candidates/stage1_logmel_small_cnn/seed_42/fold_2/attempt_1/model.keras,recorded_in_fold_manifest,20260821T164332Z_490383ff__exp_20260903T170029Z_e0883d24
rec_6d847f9aea41993c3b5c,/mnt/d/INFANT CRY/data_set_dbl_split/train/not_baby/2-81112-A-34.wav,not_baby,esc50_source:81112,2,baby,0.5152117609977722,0.4847882390022278,original,/mnt/d/INFANT CRY/Models_dbl/experiments/runs/20260821T164332Z_490383ff__exp_20260903T170029Z_e0883d24/candidates/stage1_logmel_small_cnn/seed_42/fold_2/attempt_1/model.keras,recorded_in_fold_manifest,20260821T164332Z_490383ff__exp_20260903T170029Z_e0883d24
rec_26d1ea34281e88d46a27,/mnt/d/INFANT CRY/data_set_dbl_split/train/not_baby/2-82071-A-27.wav,not_baby,esc50_source:82071,2,not_baby,0.005115934604738455,0.9948840653952615,original,/mnt/d/INFANT CRY/Models_dbl/experiments/runs/20260821T164332Z_490383ff__exp_20260903T170029Z_e0883d24/candidates/stage1_logmel_small_cnn/seed_42/fold_2/attempt_1/model.keras,recorded_in_fold_manifest,20260821T164332Z_490383ff__exp_20260903T170029Z_e0883d24
rec_b7a51666aedd8595a986,/mnt/d/INFANT CRY/data_set_dbl_split/train/not_baby/2-85434-A-27.wav,not_baby,esc50_source:85434,2,not_baby,0.00247333816659771,0.9975266618334023,original,/mnt/d/INFANT CRY/Models_dbl/experiments/runs/20260821T164332Z_490383ff__exp_20260903T170029Z_e0883d24/candidates/stage1_logmel_small_cnn/seed_42/fold_2/attempt_1/model.keras,recorded_in_fold_manifest,20260821T164332Z_490383ff__exp_20260903T170029Z_e0883d24
rec_b9db4057a1af792e0e00,/mnt/d/INFANT CRY/data_set_dbl_split/train/not_baby/2-87282-A-34.wav,not_baby,esc50_source:87282,2,not_baby,0.3060358373512078,0.6939641626487922,original,/mnt/d/INFANT CRY/Models_dbl/experiments/runs/20260821T164332Z_490383ff__exp_20260903T170029Z_e0883d24/candidates/stage1_logmel_small_cnn/seed_42/fold_2/attempt_1/model.keras,recorded_in_fold_manifest,20260821T164332Z_490383ff__exp_20260903T170029Z_e0883d24
rec_c4e78edc35ced3826a9e,/mnt/d/INFANT CRY/data_set_dbl_split/train/not_baby/2-87794-A-24.wav,not_baby,esc50_source:87794,2,not_baby,0.24823402999087946,0.7517659700091206,original,/mnt/d/INFANT CRY/Models_dbl/experiments/runs/20260821T164332Z_490383ff__exp_20260903T170029Z_e0883d24/candidates/stage1_logmel_small_cnn/seed_42/fold_2/attempt_1/model.keras,recorded_in_fold_manifest,20260821T164332Z_490383ff__exp_20260903T170029Z_e0883d24
rec_0cd6c6ec1fe17fdc1d24,/mnt/d/INFANT CRY/data_set_dbl_split/train/not_baby/2-88724-A-38.wav,not_baby,esc50_source:88724,2,not_baby,0.0090376050238793,0.9909623949761207,original,/mnt/d/INFANT CRY/Models_dbl/experiments/runs/20260821T164332Z_490383ff__exp_20260903T170029Z_e0883d24/candidates/stage1_logmel_small_cnn/seed_42/fold_2/attempt_1/model.keras,recorded_in_fold_manifest,20260821T164332Z_490383ff__exp_20260903T170029Z_e0883d24
rec_954c0ef6a32d2a7683cd,/mnt/d/INFANT CRY/data_set_dbl_split/train/not_baby/2-92627-A-27.wav,not_baby,esc50_source:92627,2,not_baby,0.015985119313722287,0.9840148806862777,original,/mnt/d/INFANT CRY/Models_dbl/experiments/runs/20260821T164332Z_490383ff__exp_20260903T170029Z_e0883d24/candidates/stage1_logmel_small_cnn/seed_42/fold_2/attempt_1/model.keras,recorded_in_fold_manifest,20260821T164332Z_490383ff__exp_20260903T170029Z_e0883d24
rec_4cf771a1226981d5c7de,/mnt/d/INFANT CRY/data_set_dbl_split/train/not_baby/2-94230-A-27.wav,not_baby,esc50_source:94230,2,not_baby,0.0023047304765897118,0.9976952695234103,original,/mnt/d/INFANT CRY/Models_dbl/experiments/runs/20260821T164332Z_490383ff__exp_20260903T170029Z_e0883d24/candidates/stage1_logmel_small_cnn/seed_42/fold_2/attempt_1/model.keras,recorded_in_fold_manifest,20260821T164332Z_490383ff__exp_20260903T170029Z_e0883d24
rec_100299b4d3a7cd74d2a7,/mnt/d/INFANT CRY/data_set_dbl_split/train/not_baby/2-99796-A-32.wav,not_baby,esc50_source:99796,2,not_baby,6.108447695375312e-05,0.9999389155230463,original,/mnt/d/INFANT CRY/Models_dbl/experiments/runs/20260821T164332Z_490383ff__exp_20260903T170029Z_e0883d24/candidates/stage1_logmel_small_cnn/seed_42/fold_2/attempt_1/model.keras,recorded_in_fold_manifest,20260821T164332Z_490383ff__exp_20260903T170029Z_e0883d24
rec_503712fed9a427e9e5c6,/mnt/d/INFANT CRY/data_set_dbl_split/train/not_baby/3-102908-A-4.wav,not_baby,esc50_source:102908,2,not_baby,0.02504273415710296,0.974957265842897,original,/mnt/d/INFANT CRY/Models_dbl/experiments/runs/20260821T164332Z_490383ff__exp_20260903T170029Z_e0883d24/candidates/stage1_logmel_small_cnn/seed_42/fold_2/attempt_1/model.keras,recorded_in_fold_manifest,20260821T164332Z_490383ff__exp_20260903T170029Z_e0883d24
rec_14434d4f5306bba6134a,/mnt/d/INFANT CRY/data_set_dbl_split/train/not_baby/3-104632-A-12.wav,not_baby,esc50_source:104632,2,not_baby,0.23921688678214292,0.7607831132178571,original,/mnt/d/INFANT CRY/Models_dbl/experiments/runs/20260821T164332Z_490383ff__exp_20260903T170029Z_e0883d24/candidates/stage1_logmel_small_cnn/seed_42/fold_2/attempt_1/model.keras,recorded_in_fold_manifest,20260821T164332Z_490383ff__exp_20260903T170029Z_e0883d24
rec_217026abdb5edcdd2c04,/mnt/d/INFANT CRY/data_set_dbl_split/train/not_baby/3-107219-A-1.wav,not_baby,esc50_source:107219,2,baby,0.7796466699084641,0.2203533300915359,original,/mnt/d/INFANT CRY/Models_dbl/experiments/runs/20260821T164332Z_490383ff__exp_20260903T170029Z_e0883d24/candidates/stage1_logmel_small_cnn/seed_42/fold_2/attempt_1/model.keras,recorded_in_fold_manifest,20260821T164332Z_490383ff__exp_20260903T170029Z_e0883d24
rec_b82c89703143557bd9de,/mnt/d/INFANT CRY/data_set_dbl_split/train/not_baby/3-118059-A-18.wav,not_baby,esc50_source:118059,2,not_baby,0.018087929013625183,0.9819120709863748,original,/mnt/d/INFANT CRY/Models_dbl/experiments/runs/20260821T164332Z_490383ff__exp_20260903T170029Z_e0883d24/candidates/stage1_logmel_small_cnn/seed_42/fold_2/attempt_1/model.keras,recorded_in_fold_manifest,20260821T164332Z_490383ff__exp_20260903T170029Z_e0883d24
rec_5600b5d920a52b140910,/mnt/d/INFANT CRY/data_set_dbl_split/train/not_baby/3-118657-A-41.wav,not_baby,esc50_source:118657,2,not_baby,0.010012190975475888,0.9899878090245241,original,/mnt/d/INFANT CRY/Models_dbl/experiments/runs/20260821T164332Z_490383ff__exp_20260903T170029Z_e0883d24/candidates/stage1_logmel_small_cnn/seed_42/fold_2/attempt_1/model.keras,recorded_in_fold_manifest,20260821T164332Z_490383ff__exp_20260903T170029Z_e0883d24
rec_17243f6b6cbed558bf41,/mnt/d/INFANT CRY/data_set_dbl_split/train/not_baby/3-118657-B-41.wav,not_baby,esc50_source:118657,2,not_baby,0.011470218648407051,0.988529781351593,original,/mnt/d/INFANT CRY/Models_dbl/experiments/runs/20260821T164332Z_490383ff__exp_20260903T170029Z_e0883d24/candidates/stage1_logmel_small_cnn/seed_42/fold_2/attempt_1/model.keras,recorded_in_fold_manifest,20260821T164332Z_490383ff__exp_20260903T170029Z_e0883d24
rec_a8a994e5f3e77d052035,/mnt/d/INFANT CRY/data_set_dbl_split/train/not_baby/3-119455-A-44.wav,not_baby,esc50_source:119455,2,not_baby,0.0010044483426107816,0.9989955516573892,original,/mnt/d/INFANT CRY/Models_dbl/experiments/runs/20260821T164332Z_490383ff__exp_20260903T170029Z_e0883d24/candidates/stage1_logmel_small_cnn/seed_42/fold_2/attempt_1/model.keras,recorded_in_fold_manifest,20260821T164332Z_490383ff__exp_20260903T170029Z_e0883d24
rec_0cf58aa2cb9b6924bd38,/mnt/d/INFANT CRY/data_set_dbl_split/train/not_baby/3-120644-A-12.wav,not_baby,esc50_source:120644,2,not_baby,0.01387422634020409,0.9861257736597959,original,/mnt/d/INFANT CRY/Models_dbl/experiments/runs/20260821T164332Z_490383ff__exp_20260903T170029Z_e0883d24/candidates/stage1_logmel_small_cnn/seed_42/fold_2/attempt_1/model.keras,recorded_in_fold_manifest,20260821T164332Z_490383ff__exp_20260903T170029Z_e0883d24
rec_f496b98adddeb87de0bc,/mnt/d/INFANT CRY/data_set_dbl_split/train/not_baby/3-126113-A-26.wav,not_baby,esc50_source:126113,2,not_baby,0.03686965229459366,0.9631303477054063,original,/mnt/d/INFANT CRY/Models_dbl/experiments/runs/20260821T164332Z_490383ff__exp_20260903T170029Z_e0883d24/candidates/stage1_logmel_small_cnn/seed_42/fold_2/attempt_1/model.keras,recorded_in_fold_manifest,20260821T164332Z_490383ff__exp_20260903T170029Z_e0883d24
rec_e82113ddf639ad1b8dfe,/mnt/d/INFANT CRY/data_set_dbl_split/train/not_baby/3-127874-A-17.wav,not_baby,esc50_source:127874,2,not_baby,0.03192102718823986,0.9680789728117601,original,/mnt/d/INFANT CRY/Models_dbl/experiments/runs/20260821T164332Z_490383ff__exp_20260903T170029Z_e0883d24/candidates/stage1_logmel_small_cnn/seed_42/fold_2/attempt_1/model.keras,recorded_in_fold_manifest,20260821T164332Z_490383ff__exp_20260903T170029Z_e0883d24
rec_55293bebc31479019bd2,/mnt/d/INFANT CRY/data_set_dbl_split/train/not_baby/3-130998-A-28.wav,not_baby,esc50_source:130998,2,not_baby,0.038858485306912265,0.9611415146930877,original,/mnt/d/INFANT CRY/Models_dbl/experiments/runs/20260821T164332Z_490383ff__exp_20260903T170029Z_e0883d24/candidates/stage1_logmel_small_cnn/seed_42/fold_2/attempt_1/model.keras,recorded_in_fold_manifest,20260821T164332Z_490383ff__exp_20260903T170029Z_e0883d24
rec_551bd9fec63f408496ce,/mnt/d/INFANT CRY/data_set_dbl_split/train/not_baby/3-130998-B-28.wav,not_baby,esc50_source:130998,2,not_baby,0.029964286275873216,0.9700357137241268,original,/mnt/d/INFANT CRY/Models_dbl/experiments/runs/20260821T164332Z_490383ff__exp_20260903T170029Z_e0883d24/candidates/stage1_logmel_small_cnn/seed_42/fold_2/attempt_1/model.keras,recorded_in_fold_manifest,20260821T164332Z_490383ff__exp_20260903T170029Z_e0883d24
rec_350c124650ea0473e954,/mnt/d/INFANT CRY/data_set_dbl_split/train/not_baby/3-132747-A-26.wav,not_baby,esc50_source:132747,2,not_baby,0.29559530926956806,0.704404690730432,original,/mnt/d/INFANT CRY/Models_dbl/experiments/runs/20260821T164332Z_490383ff__exp_20260903T170029Z_e0883d24/candidates/stage1_logmel_small_cnn/seed_42/fold_2/attempt_1/model.keras,recorded_in_fold_manifest,20260821T164332Z_490383ff__exp_20260903T170029Z_e0883d24
rec_65204fea0368f9ce593e,/mnt/d/INFANT CRY/data_set_dbl_split/train/not_baby/3-137152-A-1.wav,not_baby,esc50_source:137152,2,baby,0.9466653995215185,0.05333460047848153,original,/mnt/d/INFANT CRY/Models_dbl/experiments/runs/20260821T164332Z_490383ff__exp_20260903T170029Z_e0883d24/candidates/stage1_logmel_small_cnn/seed_42/fold_2/attempt_1/model.keras,recorded_in_fold_manifest,20260821T164332Z_490383ff__exp_20260903T170029Z_e0883d24
rec_75d10b7c1baf7d928d97,/mnt/d/INFANT CRY/data_set_dbl_split/train/not_baby/3-140323-A-29.wav,not_baby,esc50_source:140323,2,not_baby,0.05185084828623271,0.9481491517137672,original,/mnt/d/INFANT CRY/Models_dbl/experiments/runs/20260821T164332Z_490383ff__exp_20260903T170029Z_e0883d24/candidates/stage1_logmel_small_cnn/seed_42/fold_2/attempt_1/model.keras,recorded_in_fold_manifest,20260821T164332Z_490383ff__exp_20260903T170029Z_e0883d24
rec_d8ee45f2065ab16fe289,/mnt/d/INFANT CRY/data_set_dbl_split/train/not_baby/3-141559-A-45.wav,not_baby,esc50_source:141559,2,not_baby,0.011605755242241696,0.9883942447577583,original,/mnt/d/INFANT CRY/Models_dbl/experiments/runs/20260821T164332Z_490383ff__exp_20260903T170029Z_e0883d24/candidates/stage1_logmel_small_cnn/seed_42/fold_2/attempt_1/model.keras,recorded_in_fold_manifest,20260821T164332Z_490383ff__exp_20260903T170029Z_e0883d24
rec_df96b97b135bde860bda,/mnt/d/INFANT CRY/data_set_dbl_split/train/not_baby/3-142349-A-17.wav,not_baby,esc50_source:142349,2,not_baby,0.024944173497351285,0.9750558265026487,original,/mnt/d/INFANT CRY/Models_dbl/experiments/runs/20260821T164332Z_490383ff__exp_20260903T170029Z_e0883d24/candidates/stage1_logmel_small_cnn/seed_42/fold_2/attempt_1/model.keras,recorded_in_fold_manifest,20260821T164332Z_490383ff__exp_20260903T170029Z_e0883d24
rec_0742b75b5202a14e3855,/mnt/d/INFANT CRY/data_set_dbl_split/train/not_baby/3-142604-A-24.wav,not_baby,esc50_source:142604,2,not_baby,0.009885622648784082,0.9901143773512159,original,/mnt/d/INFANT CRY/Models_dbl/experiments/runs/20260821T164332Z_490383ff__exp_20260903T170029Z_e0883d24/candidates/stage1_logmel_small_cnn/seed_42/fold_2/attempt_1/model.keras,recorded_in_fold_manifest,20260821T164332Z_490383ff__exp_20260903T170029Z_e0883d24
rec_de853e3370fcadcf0886,/mnt/d/INFANT CRY/data_set_dbl_split/train/not_baby/3-143560-A-47.wav,not_baby,esc50_source:143560,2,not_baby,0.0227560578349779,0.9772439421650221,original,/mnt/d/INFANT CRY/Models_dbl/experiments/runs/20260821T164332Z_490383ff__exp_20260903T170029Z_e0883d24/candidates/stage1_logmel_small_cnn/seed_42/fold_2/attempt_1/model.keras,recorded_in_fold_manifest,20260821T164332Z_490383ff__exp_20260903T170029Z_e0883d24
rec_07b2f4f86ca01f8d092f,/mnt/d/INFANT CRY/data_set_dbl_split/train/not_baby/3-144253-A-29.wav,not_baby,esc50_source:144253,2,not_baby,0.025148411697461216,0.9748515883025388,original,/mnt/d/INFANT CRY/Models_dbl/experiments/runs/20260821T164332Z_490383ff__exp_20260903T170029Z_e0883d24/candidates/stage1_logmel_small_cnn/seed_42/fold_2/attempt_1/model.keras,recorded_in_fold_manifest,20260821T164332Z_490383ff__exp_20260903T170029Z_e0883d24
rec_4b607b5979d0f3f53f8f,/mnt/d/INFANT CRY/data_set_dbl_split/train/not_baby/3-144510-A-30.wav,not_baby,esc50_source:144510,2,not_baby,0.20052117109298706,0.7994788289070129,original,/mnt/d/INFANT CRY/Models_dbl/experiments/runs/20260821T164332Z_490383ff__exp_20260903T170029Z_e0883d24/candidates/stage1_logmel_small_cnn/seed_42/fold_2/attempt_1/model.keras,recorded_in_fold_manifest,20260821T164332Z_490383ff__exp_20260903T170029Z_e0883d24
rec_23499dc3e840330c70d3,/mnt/d/INFANT CRY/data_set_dbl_split/train/not_baby/3-145577-A-43.wav,not_baby,esc50_source:145577,2,not_baby,0.4894565052118,0.5105434947881999,original,/mnt/d/INFANT CRY/Models_dbl/experiments/runs/20260821T164332Z_490383ff__exp_20260903T170029Z_e0883d24/candidates/stage1_logmel_small_cnn/seed_42/fold_2/attempt_1/model.keras,recorded_in_fold_manifest,20260821T164332Z_490383ff__exp_20260903T170029Z_e0883d24
rec_35a22c090bba4c698e48,/mnt/d/INFANT CRY/data_set_dbl_split/train/not_baby/3-146033-A-13.wav,not_baby,esc50_source:146033,2,not_baby,0.028696338401512346,0.9713036615984877,original,/mnt/d/INFANT CRY/Models_dbl/experiments/runs/20260821T164332Z_490383ff__exp_20260903T170029Z_e0883d24/candidates/stage1_logmel_small_cnn/seed_42/fold_2/attempt_1/model.keras,recorded_in_fold_manifest,20260821T164332Z_490383ff__exp_20260903T170029Z_e0883d24
rec_e719737adfb08cc40488,/mnt/d/INFANT CRY/data_set_dbl_split/train/not_baby/3-146965-A-5.wav,not_baby,esc50_source:146965,2,not_baby,0.23564479457273468,0.7643552054272653,original,/mnt/d/INFANT CRY/Models_dbl/experiments/runs/20260821T164332Z_490383ff__exp_20260903T170029Z_e0883d24/candidates/stage1_logmel_small_cnn/seed_42/fold_2/attempt_1/model.keras,recorded_in_fold_manifest,20260821T164332Z_490383ff__exp_20260903T170029Z_e0883d24
rec_d978b324ee5e17d4c16e,/mnt/d/INFANT CRY/data_set_dbl_split/train/not_baby/3-146972-A-5.wav,not_baby,esc50_source:146972,2,not_baby,0.03295028569940371,0.9670497143005963,original,/mnt/d/INFANT CRY/Models_dbl/experiments/runs/20260821T164332Z_490383ff__exp_20260903T170029Z_e0883d24/candidates/stage1_logmel_small_cnn/seed_42/fold_2/attempt_1/model.keras,recorded_in_fold_manifest,20260821T164332Z_490383ff__exp_20260903T170029Z_e0883d24
rec_1ffe90ffd99f184717b1,/mnt/d/INFANT CRY/data_set_dbl_split/train/not_baby/3-149448-A-17.wav,not_baby,esc50_source:149448,2,not_baby,0.2434002982556731,0.7565997017443269,original,/mnt/d/INFANT CRY/Models_dbl/experiments/runs/20260821T164332Z_490383ff__exp_20260903T170029Z_e0883d24/candidates/stage1_logmel_small_cnn/seed_42/fold_2/attempt_1/model.keras,recorded_in_fold_manifest,20260821T164332Z_490383ff__exp_20260903T170029Z_e0883d24
rec_40607bd30f01d90cf76b,/mnt/d/INFANT CRY/data_set_dbl_split/train/not_baby/3-151212-A-24.wav,not_baby,esc50_source:151212,2,baby,0.7844829559326172,0.2155170440673828,original,/mnt/d/INFANT CRY/Models_dbl/experiments/runs/20260821T164332Z_490383ff__exp_20260903T170029Z_e0883d24/candidates/stage1_logmel_small_cnn/seed_42/fold_2/attempt_1/model.keras,recorded_in_fold_manifest,20260821T164332Z_490383ff__exp_20260903T170029Z_e0883d24
rec_bde71676f806f6f62bf3,/mnt/d/INFANT CRY/data_set_dbl_split/train/not_baby/3-152594-A-30.wav,not_baby,esc50_source:152594,2,not_baby,0.373638391494751,0.626361608505249,original,/mnt/d/INFANT CRY/Models_dbl/experiments/runs/20260821T164332Z_490383ff__exp_20260903T170029Z_e0883d24/candidates/stage1_logmel_small_cnn/seed_42/fold_2/attempt_1/model.keras,recorded_in_fold_manifest,20260821T164332Z_490383ff__exp_20260903T170029Z_e0883d24
rec_80a586f123ad8aa38734,/mnt/d/INFANT CRY/data_set_dbl_split/train/not_baby/3-154439-A-17.wav,not_baby,esc50_source:154439,2,not_baby,0.01953127556771439,0.9804687244322856,original,/mnt/d/INFANT CRY/Models_dbl/experiments/runs/20260821T164332Z_490383ff__exp_20260903T170029Z_e0883d24/candidates/stage1_logmel_small_cnn/seed_42/fold_2/attempt_1/model.keras,recorded_in_fold_manifest,20260821T164332Z_490383ff__exp_20260903T170029Z_e0883d24
rec_62455d3fe30cec22fc46,/mnt/d/INFANT CRY/data_set_dbl_split/train/not_baby/3-154957-A-1.wav,not_baby,esc50_source:154957,2,baby,0.8760873536215087,0.12391264637849125,original,/mnt/d/INFANT CRY/Models_dbl/experiments/runs/20260821T164332Z_490383ff__exp_20260903T170029Z_e0883d24/candidates/stage1_logmel_small_cnn/seed_42/fold_2/attempt_1/model.keras,recorded_in_fold_manifest,20260821T164332Z_490383ff__exp_20260903T170029Z_e0883d24
rec_e29589a2235b7d61dee1,/mnt/d/INFANT CRY/data_set_dbl_split/train/not_baby/3-155556-A-31.wav,not_baby,esc50_source:155556,2,not_baby,0.39611731160036656,0.6038826883996334,original,/mnt/d/INFANT CRY/Models_dbl/experiments/runs/20260821T164332Z_490383ff__exp_20260903T170029Z_e0883d24/candidates/stage1_logmel_small_cnn/seed_42/fold_2/attempt_1/model.keras,recorded_in_fold_manifest,20260821T164332Z_490383ff__exp_20260903T170029Z_e0883d24
rec_4fe4fb31bc48707cdaba,/mnt/d/INFANT CRY/data_set_dbl_split/train/not_baby/3-157492-A-45.wav,not_baby,esc50_source:157492,2,not_baby,0.015233621228242237,0.9847663787717578,original,/mnt/d/INFANT CRY/Models_dbl/experiments/runs/20260821T164332Z_490383ff__exp_20260903T170029Z_e0883d24/candidates/stage1_logmel_small_cnn/seed_42/fold_2/attempt_1/model.keras,recorded_in_fold_manifest,20260821T164332Z_490383ff__exp_20260903T170029Z_e0883d24
rec_ebcf865a3784072a510a,/mnt/d/INFANT CRY/data_set_dbl_split/train/not_baby/3-164688-A-38.wav,not_baby,esc50_source:164688,2,not_baby,0.00014682220994028915,0.9998531777900597,original,/mnt/d/INFANT CRY/Models_dbl/experiments/runs/20260821T164332Z_490383ff__exp_20260903T170029Z_e0883d24/candidates/stage1_logmel_small_cnn/seed_42/fold_2/attempt_1/model.keras,recorded_in_fold_manifest,20260821T164332Z_490383ff__exp_20260903T170029Z_e0883d24
rec_486e4769005b28ba84c1,/mnt/d/INFANT CRY/data_set_dbl_split/train/not_baby/3-170015-A-0.wav,not_baby,esc50_source:170015,2,baby,0.7924345967899142,0.20756540321008574,original,/mnt/d/INFANT CRY/Models_dbl/experiments/runs/20260821T164332Z_490383ff__exp_20260903T170029Z_e0883d24/candidates/stage1_logmel_small_cnn/seed_42/fold_2/attempt_1/model.keras,recorded_in_fold_manifest,20260821T164332Z_490383ff__exp_20260903T170029Z_e0883d24
rec_1167deeac8c3f3d834f9,/mnt/d/INFANT CRY/data_set_dbl_split/train/not_baby/3-172922-A-48.wav,not_baby,esc50_source:172922,2,not_baby,0.006757939995765332,0.9932420600042347,original,/mnt/d/INFANT CRY/Models_dbl/experiments/runs/20260821T164332Z_490383ff__exp_20260903T170029Z_e0883d24/candidates/stage1_logmel_small_cnn/seed_42/fold_2/attempt_1/model.keras,recorded_in_fold_manifest,20260821T164332Z_490383ff__exp_20260903T170029Z_e0883d24
rec_ece054d1d9e47c3e7cec,/mnt/d/INFANT CRY/data_set_dbl_split/train/not_baby/3-174840-A-43.wav,not_baby,esc50_source:174840,2,baby,0.8432373781459351,0.15676262185406484,original,/mnt/d/INFANT CRY/Models_dbl/experiments/runs/20260821T164332Z_490383ff__exp_20260903T170029Z_e0883d24/candidates/stage1_logmel_small_cnn/seed_42/fold_2/attempt_1/model.keras,recorded_in_fold_manifest,20260821T164332Z_490383ff__exp_20260903T170029Z_e0883d24
rec_725b2f98782119dcb4b0,/mnt/d/INFANT CRY/data_set_dbl_split/train/not_baby/3-177082-A-22.wav,not_baby,esc50_source:177082,2,not_baby,0.04680201195634197,0.9531979880436581,original,/mnt/d/INFANT CRY/Models_dbl/experiments/runs/20260821T164332Z_490383ff__exp_20260903T170029Z_e0883d24/candidates/stage1_logmel_small_cnn/seed_42/fold_2/attempt_1/model.keras,recorded_in_fold_manifest,20260821T164332Z_490383ff__exp_20260903T170029Z_e0883d24
rec_c5c102601598592f4241,/mnt/d/INFANT CRY/data_set_dbl_split/train/not_baby/3-182023-A-30.wav,not_baby,esc50_source:182023,2,not_baby,0.14974001496255443,0.8502599850374456,original,/mnt/d/INFANT CRY/Models_dbl/experiments/runs/20260821T164332Z_490383ff__exp_20260903T170029Z_e0883d24/candidates/stage1_logmel_small_cnn/seed_42/fold_2/attempt_1/model.keras,recorded_in_fold_manifest,20260821T164332Z_490383ff__exp_20260903T170029Z_e0883d24
rec_753d92898b3bd081a195,/mnt/d/INFANT CRY/data_set_dbl_split/train/not_baby/3-187710-A-11.wav,not_baby,esc50_source:187710,2,not_baby,0.08849657261001637,0.9115034273899836,original,/mnt/d/INFANT CRY/Models_dbl/experiments/runs/20260821T164332Z_490383ff__exp_20260903T170029Z_e0883d24/candidates/stage1_logmel_small_cnn/seed_42/fold_2/attempt_1/model.keras,recorded_in_fold_manifest,20260821T164332Z_490383ff__exp_20260903T170029Z_e0883d24
rec_b0885c51283671145958,/mnt/d/INFANT CRY/data_set_dbl_split/train/not_baby/3-203371-A-39.wav,not_baby,esc50_source:203371,2,not_baby,0.37786370515823364,0.6221362948417664,original,/mnt/d/INFANT CRY/Models_dbl/experiments/runs/20260821T164332Z_490383ff__exp_20260903T170029Z_e0883d24/candidates/stage1_logmel_small_cnn/seed_42/fold_2/attempt_1/model.keras,recorded_in_fold_manifest,20260821T164332Z_490383ff__exp_20260903T170029Z_e0883d24
rec_3237b5a5a72b31730d4f,/mnt/d/INFANT CRY/data_set_dbl_split/train/not_baby/3-243726-A-43.wav,not_baby,esc50_source:243726,2,not_baby,0.012432470732443471,0.9875675292675565,original,/mnt/d/INFANT CRY/Models_dbl/experiments/runs/20260821T164332Z_490383ff__exp_20260903T170029Z_e0883d24/candidates/stage1_logmel_small_cnn/seed_42/fold_2/attempt_1/model.keras,recorded_in_fold_manifest,20260821T164332Z_490383ff__exp_20260903T170029Z_e0883d24
rec_0d69765c0ad298c8f1a5,/mnt/d/INFANT CRY/data_set_dbl_split/train/not_baby/3-251617-A-48.wav,not_baby,esc50_source:251617,2,not_baby,0.02646533254050705,0.9735346674594929,original,/mnt/d/INFANT CRY/Models_dbl/experiments/runs/20260821T164332Z_490383ff__exp_20260903T170029Z_e0883d24/candidates/stage1_logmel_small_cnn/seed_42/fold_2/attempt_1/model.keras,recorded_in_fold_manifest,20260821T164332Z_490383ff__exp_20260903T170029Z_e0883d24
rec_ef340617b06cfe365d63,/mnt/d/INFANT CRY/data_set_dbl_split/train/not_baby/3-83527-A-4.wav,not_baby,esc50_source:83527,2,not_baby,0.008754347149365726,0.9912456528506343,original,/mnt/d/INFANT CRY/Models_dbl/experiments/runs/20260821T164332Z_490383ff__exp_20260903T170029Z_e0883d24/candidates/stage1_logmel_small_cnn/seed_42/fold_2/attempt_1/model.keras,recorded_in_fold_manifest,20260821T164332Z_490383ff__exp_20260903T170029Z_e0883d24
rec_b954107cfe7359fe7d9f,/mnt/d/INFANT CRY/data_set_dbl_split/train/not_baby/3-95698-A-5.wav,not_baby,esc50_source:95698,2,not_baby,0.4676906745249435,0.5323093254750565,original,/mnt/d/INFANT CRY/Models_dbl/experiments/runs/20260821T164332Z_490383ff__exp_20260903T170029Z_e0883d24/candidates/stage1_logmel_small_cnn/seed_42/fold_2/attempt_1/model.keras,recorded_in_fold_manifest,20260821T164332Z_490383ff__exp_20260903T170029Z_e0883d24
rec_7d67e6e81a65fe6263ff,/mnt/d/INFANT CRY/data_set_dbl_split/train/not_baby/4-125072-A-19.wav,not_baby,esc50_source:125072,2,not_baby,0.018892880599546732,0.9811071194004533,original,/mnt/d/INFANT CRY/Models_dbl/experiments/runs/20260821T164332Z_490383ff__exp_20260903T170029Z_e0883d24/candidates/stage1_logmel_small_cnn/seed_42/fold_2/attempt_1/model.keras,recorded_in_fold_manifest,20260821T164332Z_490383ff__exp_20260903T170029Z_e0883d24
rec_667e76be6995deba6b28,/mnt/d/INFANT CRY/data_set_dbl_split/train/not_baby/4-125072-B-19.wav,not_baby,esc50_source:125072,2,not_baby,0.016744210233176602,0.9832557897668234,original,/mnt/d/INFANT CRY/Models_dbl/experiments/runs/20260821T164332Z_490383ff__exp_20260903T170029Z_e0883d24/candidates/stage1_logmel_small_cnn/seed_42/fold_2/attempt_1/model.keras,recorded_in_fold_manifest,20260821T164332Z_490383ff__exp_20260903T170029Z_e0883d24
rec_27e8bb2086df184981b8,/mnt/d/INFANT CRY/data_set_dbl_split/train/not_baby/4-132839-A-33.wav,not_baby,esc50_source:132839,2,not_baby,0.02325488730914387,0.9767451126908562,original,/mnt/d/INFANT CRY/Models_dbl/experiments/runs/20260821T164332Z_490383ff__exp_20260903T170029Z_e0883d24/candidates/stage1_logmel_small_cnn/seed_42/fold_2/attempt_1/model.keras,recorded_in_fold_manifest,20260821T164332Z_490383ff__exp_20260903T170029Z_e0883d24
rec_6d8eb487375f70fd7069,/mnt/d/INFANT CRY/data_set_dbl_split/train/not_baby/4-136381-A-9.wav,not_baby,esc50_source:136381,2,not_baby,0.13556285000498816,0.8644371499950119,original,/mnt/d/INFANT CRY/Models_dbl/experiments/runs/20260821T164332Z_490383ff__exp_20260903T170029Z_e0883d24/candidates/stage1_logmel_small_cnn/seed_42/fold_2/attempt_1/model.keras,recorded_in_fold_manifest,20260821T164332Z_490383ff__exp_20260903T170029Z_e0883d24
rec_4d57affbea9655255d64,/mnt/d/INFANT CRY/data_set_dbl_split/train/not_baby/4-147658-A-46.wav,not_baby,esc50_source:147658,2,not_baby,0.0864160009374618,0.9135839990625382,original,/mnt/d/INFANT CRY/Models_dbl/experiments/runs/20260821T164332Z_490383ff__exp_20260903T170029Z_e0883d24/candidates/stage1_logmel_small_cnn/seed_42/fold_2/attempt_1/model.keras,recorded_in_fold_manifest,20260821T164332Z_490383ff__exp_20260903T170029Z_e0883d24
rec_72ea5047d75e4a308b76,/mnt/d/INFANT CRY/data_set_dbl_split/train/not_baby/4-152995-A-24.wav,not_baby,esc50_source:152995,2,not_baby,0.07478125971299575,0.9252187402870042,original,/mnt/d/INFANT CRY/Models_dbl/experiments/runs/20260821T164332Z_490383ff__exp_20260903T170029Z_e0883d24/candidates/stage1_logmel_small_cnn/seed_42/fold_2/attempt_1/model.keras,recorded_in_fold_manifest,20260821T164332Z_490383ff__exp_20260903T170029Z_e0883d24
rec_29cc2c5c682b03aa789f,/mnt/d/INFANT CRY/data_set_dbl_split/train/not_baby/4-154443-A-24.wav,not_baby,esc50_source:154443,2,baby,0.6741301223117186,0.3258698776882814,original,/mnt/d/INFANT CRY/Models_dbl/experiments/runs/20260821T164332Z_490383ff__exp_20260903T170029Z_e0883d24/candidates/stage1_logmel_small_cnn/seed_42/fold_2/attempt_1/model.keras,recorded_in_fold_manifest,20260821T164332Z_490383ff__exp_20260903T170029Z_e0883d24
rec_326e7495aa00e2188aa0,/mnt/d/INFANT CRY/data_set_dbl_split/train/not_baby/4-155650-A-24.wav,not_baby,esc50_source:155650,2,not_baby,0.03621797533467228,0.9637820246653277,original,/mnt/d/INFANT CRY/Models_dbl/experiments/runs/20260821T164332Z_490383ff__exp_20260903T170029Z_e0883d24/candidates/stage1_logmel_small_cnn/seed_42/fold_2/attempt_1/model.keras,recorded_in_fold_manifest,20260821T164332Z_490383ff__exp_20260903T170029Z_e0883d24
rec_30906a941fd2bcedf7cf,/mnt/d/INFANT CRY/data_set_dbl_split/train/not_baby/4-155650-B-24.wav,not_baby,esc50_source:155650,2,baby,0.6820846199989319,0.3179153800010681,original,/mnt/d/INFANT CRY/Models_dbl/experiments/runs/20260821T164332Z_490383ff__exp_20260903T170029Z_e0883d24/candidates/stage1_logmel_small_cnn/seed_42/fold_2/attempt_1/model.keras,recorded_in_fold_manifest,20260821T164332Z_490383ff__exp_20260903T170029Z_e0883d24
rec_21c9c7b5af9e5b578c4f,/mnt/d/INFANT CRY/data_set_dbl_split/train/not_baby/4-158653-A-32.wav,not_baby,esc50_source:158653,2,not_baby,0.00015426611791807154,0.999845733882082,original,/mnt/d/INFANT CRY/Models_dbl/experiments/runs/20260821T164332Z_490383ff__exp_20260903T170029Z_e0883d24/candidates/stage1_logmel_small_cnn/seed_42/fold_2/attempt_1/model.keras,recorded_in_fold_manifest,20260821T164332Z_490383ff__exp_20260903T170029Z_e0883d24
rec_eeb63c4ab459e4473fc3,/mnt/d/INFANT CRY/data_set_dbl_split/train/not_baby/4-160999-A-10.wav,not_baby,esc50_source:160999,2,not_baby,0.0883138195065828,0.9116861804934172,original,/mnt/d/INFANT CRY/Models_dbl/experiments/runs/20260821T164332Z_490383ff__exp_20260903T170029Z_e0883d24/candidates/stage1_logmel_small_cnn/seed_42/fold_2/attempt_1/model.keras,recorded_in_fold_manifest,20260821T164332Z_490383ff__exp_20260903T170029Z_e0883d24
rec_b48f2ed8e73b9e27b3fe,/mnt/d/INFANT CRY/data_set_dbl_split/train/not_baby/4-161105-A-47.wav,not_baby,esc50_source:161105,2,not_baby,0.014030910341797332,0.9859690896582026,original,/mnt/d/INFANT CRY/Models_dbl/experiments/runs/20260821T164332Z_490383ff__exp_20260903T170029Z_e0883d24/candidates/stage1_logmel_small_cnn/seed_42/fold_2/attempt_1/model.keras,recorded_in_fold_manifest,20260821T164332Z_490383ff__exp_20260903T170029Z_e0883d24
rec_974004dc31be704ea1f2,/mnt/d/INFANT CRY/data_set_dbl_split/train/not_baby/4-161105-B-47.wav,not_baby,esc50_source:161105,2,not_baby,0.02208870052395988,0.9779112994760402,original,/mnt/d/INFANT CRY/Models_dbl/experiments/runs/20260821T164332Z_490383ff__exp_20260903T170029Z_e0883d24/candidates/stage1_logmel_small_cnn/seed_42/fold_2/attempt_1/model.keras,recorded_in_fold_manifest,20260821T164332Z_490383ff__exp_20260903T170029Z_e0883d24
rec_ef9ad97c5a78bdc89daa,/mnt/d/INFANT CRY/data_set_dbl_split/train/not_baby/4-161519-A-19.wav,not_baby,esc50_source:161519,2,not_baby,0.008669893833365916,0.9913301061666341,original,/mnt/d/INFANT CRY/Models_dbl/experiments/runs/20260821T164332Z_490383ff__exp_20260903T170029Z_e0883d24/candidates/stage1_logmel_small_cnn/seed_42/fold_2/attempt_1/model.keras,recorded_in_fold_manifest,20260821T164332Z_490383ff__exp_20260903T170029Z_e0883d24
rec_993cf66e6b1aefe82d1f,/mnt/d/INFANT CRY/data_set_dbl_split/train/not_baby/4-163608-B-16.wav,not_baby,esc50_source:163608,2,not_baby,0.062342776919263945,0.9376572230807361,original,/mnt/d/INFANT CRY/Models_dbl/experiments/runs/20260821T164332Z_490383ff__exp_20260903T170029Z_e0883d24/candidates/stage1_logmel_small_cnn/seed_42/fold_2/attempt_1/model.keras,recorded_in_fold_manifest,20260821T164332Z_490383ff__exp_20260903T170029Z_e0883d24
rec_4ca5e3cdba6f18fc26b4,/mnt/d/INFANT CRY/data_set_dbl_split/train/not_baby/4-164206-A-10.wav,not_baby,esc50_source:164206,2,not_baby,0.02959582297789523,0.9704041770221048,original,/mnt/d/INFANT CRY/Models_dbl/experiments/runs/20260821T164332Z_490383ff__exp_20260903T170029Z_e0883d24/candidates/stage1_logmel_small_cnn/seed_42/fold_2/attempt_1/model.keras,recorded_in_fold_manifest,20260821T164332Z_490383ff__exp_20260903T170029Z_e0883d24
rec_a8ddddad20eb0f9a1dfe,/mnt/d/INFANT CRY/data_set_dbl_split/train/not_baby/4-165933-A-45.wav,not_baby,esc50_source:165933,2,not_baby,0.018005591977148103,0.9819944080228519,original,/mnt/d/INFANT CRY/Models_dbl/experiments/runs/20260821T164332Z_490383ff__exp_20260903T170029Z_e0883d24/candidates/stage1_logmel_small_cnn/seed_42/fold_2/attempt_1/model.keras,recorded_in_fold_manifest,20260821T164332Z_490383ff__exp_20260903T170029Z_e0883d24
rec_875ff90dd87760072a2c,/mnt/d/INFANT CRY/data_set_dbl_split/train/not_baby/4-166661-A-10.wav,not_baby,esc50_source:166661,2,not_baby,0.1024155750510756,0.8975844249489244,original,/mnt/d/INFANT CRY/Models_dbl/experiments/runs/20260821T164332Z_490383ff__exp_20260903T170029Z_e0883d24/candidates/stage1_logmel_small_cnn/seed_42/fold_2/attempt_1/model.keras,recorded_in_fold_manifest,20260821T164332Z_490383ff__exp_20260903T170029Z_e0883d24
rec_0cdfbce82943db1c4412,/mnt/d/INFANT CRY/data_set_dbl_split/train/not_baby/4-168868-A-17.wav,not_baby,esc50_source:168868,2,not_baby,0.003856594458253416,0.9961434055417466,original,/mnt/d/INFANT CRY/Models_dbl/experiments/runs/20260821T164332Z_490383ff__exp_20260903T170029Z_e0883d24/candidates/stage1_logmel_small_cnn/seed_42/fold_2/attempt_1/model.keras,recorded_in_fold_manifest,20260821T164332Z_490383ff__exp_20260903T170029Z_e0883d24
rec_ab79519422cddaff0fd4,/mnt/d/INFANT CRY/data_set_dbl_split/train/not_baby/4-171207-A-12.wav,not_baby,esc50_source:171207,2,not_baby,0.005776178371497687,0.9942238216285023,original,/mnt/d/INFANT CRY/Models_dbl/experiments/runs/20260821T164332Z_490383ff__exp_20260903T170029Z_e0883d24/candidates/stage1_logmel_small_cnn/seed_42/fold_2/attempt_1/model.keras,recorded_in_fold_manifest,20260821T164332Z_490383ff__exp_20260903T170029Z_e0883d24
rec_defd4cec3bc07200d748,/mnt/d/INFANT CRY/data_set_dbl_split/train/not_baby/4-172500-A-27.wav,not_baby,esc50_source:172500,2,not_baby,0.014670407711534855,0.9853295922884652,original,/mnt/d/INFANT CRY/Models_dbl/experiments/runs/20260821T164332Z_490383ff__exp_20260903T170029Z_e0883d24/candidates/stage1_logmel_small_cnn/seed_42/fold_2/attempt_1/model.keras,recorded_in_fold_manifest,20260821T164332Z_490383ff__exp_20260903T170029Z_e0883d24
rec_66928c3afb9b07b4254c,/mnt/d/INFANT CRY/data_set_dbl_split/train/not_baby/4-172500-B-27.wav,not_baby,esc50_source:172500,2,not_baby,0.006586906588548091,0.9934130934114519,original,/mnt/d/INFANT CRY/Models_dbl/experiments/runs/20260821T164332Z_490383ff__exp_20260903T170029Z_e0883d24/candidates/stage1_logmel_small_cnn/seed_42/fold_2/attempt_1/model.keras,recorded_in_fold_manifest,20260821T164332Z_490383ff__exp_20260903T170029Z_e0883d24
rec_95c431271d751c51b018,/mnt/d/INFANT CRY/data_set_dbl_split/train/not_baby/4-172500-C-27.wav,not_baby,esc50_source:172500,2,not_baby,0.004384609061794609,0.9956153909382054,original,/mnt/d/INFANT CRY/Models_dbl/experiments/runs/20260821T164332Z_490383ff__exp_20260903T170029Z_e0883d24/candidates/stage1_logmel_small_cnn/seed_42/fold_2/attempt_1/model.keras,recorded_in_fold_manifest,20260821T164332Z_490383ff__exp_20260903T170029Z_e0883d24
rec_d3c812224c2fa021144a,/mnt/d/INFANT CRY/data_set_dbl_split/train/not_baby/4-172500-D-27.wav,not_baby,esc50_source:172500,2,not_baby,0.008500103292514452,0.9914998967074855,original,/mnt/d/INFANT CRY/Models_dbl/experiments/runs/20260821T164332Z_490383ff__exp_20260903T170029Z_e0883d24/candidates/stage1_logmel_small_cnn/seed_42/fold_2/attempt_1/model.keras,recorded_in_fold_manifest,20260821T164332Z_490383ff__exp_20260903T170029Z_e0883d24
rec_b4fa59912db20e18ef32,/mnt/d/INFANT CRY/data_set_dbl_split/train/not_baby/4-173865-A-9.wav,not_baby,esc50_source:173865,2,baby,0.5968392313468686,0.40316076865313144,original,/mnt/d/INFANT CRY/Models_dbl/experiments/runs/20260821T164332Z_490383ff__exp_20260903T170029Z_e0883d24/candidates/stage1_logmel_small_cnn/seed_42/fold_2/attempt_1/model.keras,recorded_in_fold_manifest,20260821T164332Z_490383ff__exp_20260903T170029Z_e0883d24
rec_c4de7645c121bb8d83f8,/mnt/d/INFANT CRY/data_set_dbl_split/train/not_baby/4-173865-B-9.wav,not_baby,esc50_source:173865,2,baby,0.8845295708359129,0.11547042916408712,original,/mnt/d/INFANT CRY/Models_dbl/experiments/runs/20260821T164332Z_490383ff__exp_20260903T170029Z_e0883d24/candidates/stage1_logmel_small_cnn/seed_42/fold_2/attempt_1/model.keras,recorded_in_fold_manifest,20260821T164332Z_490383ff__exp_20260903T170029Z_e0883d24
rec_cf64718cb7db4cf46ff8,/mnt/d/INFANT CRY/data_set_dbl_split/train/not_baby/4-177250-A-10.wav,not_baby,esc50_source:177250,2,not_baby,0.005616176936211179,0.9943838230637888,original,/mnt/d/INFANT CRY/Models_dbl/experiments/runs/20260821T164332Z_490383ff__exp_20260903T170029Z_e0883d24/candidates/stage1_logmel_small_cnn/seed_42/fold_2/attempt_1/model.keras,recorded_in_fold_manifest,20260821T164332Z_490383ff__exp_20260903T170029Z_e0883d24
rec_df55caafa1dee6425359,/mnt/d/INFANT CRY/data_set_dbl_split/train/not_baby/4-180337-A-28.wav,not_baby,esc50_source:180337,2,not_baby,0.02138992843221633,0.9786100715677837,original,/mnt/d/INFANT CRY/Models_dbl/experiments/runs/20260821T164332Z_490383ff__exp_20260903T170029Z_e0883d24/candidates/stage1_logmel_small_cnn/seed_42/fold_2/attempt_1/model.keras,recorded_in_fold_manifest,20260821T164332Z_490383ff__exp_20260903T170029Z_e0883d24
rec_fb1064fb99a7d89e365d,/mnt/d/INFANT CRY/data_set_dbl_split/train/not_baby/4-180380-A-10.wav,not_baby,esc50_source:180380,2,not_baby,0.004316893083275952,0.995683106916724,original,/mnt/d/INFANT CRY/Models_dbl/experiments/runs/20260821T164332Z_490383ff__exp_20260903T170029Z_e0883d24/candidates/stage1_logmel_small_cnn/seed_42/fold_2/attempt_1/model.keras,recorded_in_fold_manifest,20260821T164332Z_490383ff__exp_20260903T170029Z_e0883d24
rec_6688613e1638b0614fe9,/mnt/d/INFANT CRY/data_set_dbl_split/train/not_baby/4-181362-A-13.wav,not_baby,esc50_source:181362,2,not_baby,0.029017139471449776,0.9709828605285502,original,/mnt/d/INFANT CRY/Models_dbl/experiments/runs/20260821T164332Z_490383ff__exp_20260903T170029Z_e0883d24/candidates/stage1_logmel_small_cnn/seed_42/fold_2/attempt_1/model.keras,recorded_in_fold_manifest,20260821T164332Z_490383ff__exp_20260903T170029Z_e0883d24
rec_222eda1fdbc032514843,/mnt/d/INFANT CRY/data_set_dbl_split/train/not_baby/4-182395-A-0.wav,not_baby,esc50_source:182395,2,baby,0.8033745647985293,0.19662543520147063,original,/mnt/d/INFANT CRY/Models_dbl/experiments/runs/20260821T164332Z_490383ff__exp_20260903T170029Z_e0883d24/candidates/stage1_logmel_small_cnn/seed_42/fold_2/attempt_1/model.keras,recorded_in_fold_manifest,20260821T164332Z_490383ff__exp_20260903T170029Z_e0883d24
rec_3b86368a91b3f413f049,/mnt/d/INFANT CRY/data_set_dbl_split/train/not_baby/4-182839-A-17.wav,not_baby,esc50_source:182839,2,not_baby,0.1206202507019043,0.8793797492980957,original,/mnt/d/INFANT CRY/Models_dbl/experiments/runs/20260821T164332Z_490383ff__exp_20260903T170029Z_e0883d24/candidates/stage1_logmel_small_cnn/seed_42/fold_2/attempt_1/model.keras,recorded_in_fold_manifest,20260821T164332Z_490383ff__exp_20260903T170029Z_e0883d24
rec_f549ea5483a47e0512c4,/mnt/d/INFANT CRY/data_set_dbl_split/train/not_baby/4-184235-A-28.wav,not_baby,esc50_source:184235,2,not_baby,0.01004112444542259,0.9899588755545774,original,/mnt/d/INFANT CRY/Models_dbl/experiments/runs/20260821T164332Z_490383ff__exp_20260903T170029Z_e0883d24/candidates/stage1_logmel_small_cnn/seed_42/fold_2/attempt_1/model.keras,recorded_in_fold_manifest,20260821T164332Z_490383ff__exp_20260903T170029Z_e0883d24
rec_363a6ffcf915e1d6ee69,/mnt/d/INFANT CRY/data_set_dbl_split/train/not_baby/4-185415-A-21.wav,not_baby,esc50_source:185415,2,baby,0.7474575042724609,0.25254249572753906,original,/mnt/d/INFANT CRY/Models_dbl/experiments/runs/20260821T164332Z_490383ff__exp_20260903T170029Z_e0883d24/candidates/stage1_logmel_small_cnn/seed_42/fold_2/attempt_1/model.keras,recorded_in_fold_manifest,20260821T164332Z_490383ff__exp_20260903T170029Z_e0883d24
rec_7d9a7ab0b78b805caf3f,/mnt/d/INFANT CRY/data_set_dbl_split/train/not_baby/4-185619-A-21.wav,not_baby,esc50_source:185619,2,baby,0.7498094439506531,0.2501905560493469,original,/mnt/d/INFANT CRY/Models_dbl/experiments/runs/20260821T164332Z_490383ff__exp_20260903T170029Z_e0883d24/candidates/stage1_logmel_small_cnn/seed_42/fold_2/attempt_1/model.keras,recorded_in_fold_manifest,20260821T164332Z_490383ff__exp_20260903T170029Z_e0883d24
rec_cf2d880ed2c32ad68da6,/mnt/d/INFANT CRY/data_set_dbl_split/train/not_baby/4-187284-A-30.wav,not_baby,esc50_source:187284,2,not_baby,0.03713409299280668,0.9628659070071933,original,/mnt/d/INFANT CRY/Models_dbl/experiments/runs/20260821T164332Z_490383ff__exp_20260903T170029Z_e0883d24/candidates/stage1_logmel_small_cnn/seed_42/fold_2/attempt_1/model.keras,recorded_in_fold_manifest,20260821T164332Z_490383ff__exp_20260903T170029Z_e0883d24
rec_83a698cbb1b39f568efe,/mnt/d/INFANT CRY/data_set_dbl_split/train/not_baby/4-188033-A-38.wav,not_baby,esc50_source:188033,2,not_baby,0.00680998866746644,0.9931900113325336,original,/mnt/d/INFANT CRY/Models_dbl/experiments/runs/20260821T164332Z_490383ff__exp_20260903T170029Z_e0883d24/candidates/stage1_logmel_small_cnn/seed_42/fold_2/attempt_1/model.keras,recorded_in_fold_manifest,20260821T164332Z_490383ff__exp_20260903T170029Z_e0883d24
rec_fd28a82de6f2fd1b1234,/mnt/d/INFANT CRY/data_set_dbl_split/train/not_baby/4-189830-A-22.wav,not_baby,esc50_source:189830,2,not_baby,0.00879845827749298,0.9912015417225071,original,/mnt/d/INFANT CRY/Models_dbl/experiments/runs/20260821T164332Z_490383ff__exp_20260903T170029Z_e0883d24/candidates/stage1_logmel_small_cnn/seed_42/fold_2/attempt_1/model.keras,recorded_in_fold_manifest,20260821T164332Z_490383ff__exp_20260903T170029Z_e0883d24
rec_43a2d8a667ac162c461c,/mnt/d/INFANT CRY/data_set_dbl_split/train/not_baby/4-192236-A-0.wav,not_baby,esc50_source:192236,2,not_baby,0.16541675226142263,0.8345832477385774,original,/mnt/d/INFANT CRY/Models_dbl/experiments/runs/20260821T164332Z_490383ff__exp_20260903T170029Z_e0883d24/candidates/stage1_logmel_small_cnn/seed_42/fold_2/attempt_1/model.keras,recorded_in_fold_manifest,20260821T164332Z_490383ff__exp_20260903T170029Z_e0883d24
rec_5abfbee3c2d525a225c8,/mnt/d/INFANT CRY/data_set_dbl_split/train/not_baby/4-194246-A-13.wav,not_baby,esc50_source:194246,2,not_baby,0.10176465887795372,0.8982353411220463,original,/mnt/d/INFANT CRY/Models_dbl/experiments/runs/20260821T164332Z_490383ff__exp_20260903T170029Z_e0883d24/candidates/stage1_logmel_small_cnn/seed_42/fold_2/attempt_1/model.keras,recorded_in_fold_manifest,20260821T164332Z_490383ff__exp_20260903T170029Z_e0883d24
rec_187c448096b2ddbb958a,/mnt/d/INFANT CRY/data_set_dbl_split/train/not_baby/4-194979-A-25.wav,not_baby,esc50_source:194979,2,not_baby,0.004811118130939845,0.9951888818690602,original,/mnt/d/INFANT CRY/Models_dbl/experiments/runs/20260821T164332Z_490383ff__exp_20260903T170029Z_e0883d24/candidates/stage1_logmel_small_cnn/seed_42/fold_2/attempt_1/model.keras,recorded_in_fold_manifest,20260821T164332Z_490383ff__exp_20260903T170029Z_e0883d24
rec_cc3a0917be5f094e3106,/mnt/d/INFANT CRY/data_set_dbl_split/train/not_baby/4-197103-A-6.wav,not_baby,esc50_source:197103,2,not_baby,0.08176413422120017,0.9182358657787998,original,/mnt/d/INFANT CRY/Models_dbl/experiments/runs/20260821T164332Z_490383ff__exp_20260903T170029Z_e0883d24/candidates/stage1_logmel_small_cnn/seed_42/fold_2/attempt_1/model.keras,recorded_in_fold_manifest,20260821T164332Z_490383ff__exp_20260903T170029Z_e0883d24
rec_5db2f94cfc6dd53f1c06,/mnt/d/INFANT CRY/data_set_dbl_split/train/not_baby/4-197454-A-28.wav,not_baby,esc50_source:197454,2,not_baby,0.009005339144883225,0.9909946608551168,original,/mnt/d/INFANT CRY/Models_dbl/experiments/runs/20260821T164332Z_490383ff__exp_20260903T170029Z_e0883d24/candidates/stage1_logmel_small_cnn/seed_42/fold_2/attempt_1/model.keras,recorded_in_fold_manifest,20260821T164332Z_490383ff__exp_20260903T170029Z_e0883d24
rec_9efa38c47c335c11e0a6,/mnt/d/INFANT CRY/data_set_dbl_split/train/not_baby/4-197454-B-28.wav,not_baby,esc50_source:197454,2,not_baby,0.09174072742462158,0.9082592725753784,original,/mnt/d/INFANT CRY/Models_dbl/experiments/runs/20260821T164332Z_490383ff__exp_20260903T170029Z_e0883d24/candidates/stage1_logmel_small_cnn/seed_42/fold_2/attempt_1/model.keras,recorded_in_fold_manifest,20260821T164332Z_490383ff__exp_20260903T170029Z_e0883d24
rec_db02bda2af6d10b1384f,/mnt/d/INFANT CRY/data_set_dbl_split/train/not_baby/4-199261-A-0.wav,not_baby,esc50_source:199261,2,baby,0.6991030782193863,0.3008969217806137,original,/mnt/d/INFANT CRY/Models_dbl/experiments/runs/20260821T164332Z_490383ff__exp_20260903T170029Z_e0883d24/candidates/stage1_logmel_small_cnn/seed_42/fold_2/attempt_1/model.keras,recorded_in_fold_manifest,20260821T164332Z_490383ff__exp_20260903T170029Z_e0883d24
rec_72574dc1e0c0f57e4d19,/mnt/d/INFANT CRY/data_set_dbl_split/train/not_baby/4-201300-A-31.wav,not_baby,esc50_source:201300,2,not_baby,0.13865257135943004,0.86134742864057,original,/mnt/d/INFANT CRY/Models_dbl/experiments/runs/20260821T164332Z_490383ff__exp_20260903T170029Z_e0883d24/candidates/stage1_logmel_small_cnn/seed_42/fold_2/attempt_1/model.keras,recorded_in_fold_manifest,20260821T164332Z_490383ff__exp_20260903T170029Z_e0883d24
rec_fd3869068be80c499b6b,/mnt/d/INFANT CRY/data_set_dbl_split/train/not_baby/4-204202-A-29.wav,not_baby,esc50_source:204202,2,not_baby,0.27629899978637695,0.723701000213623,original,/mnt/d/INFANT CRY/Models_dbl/experiments/runs/20260821T164332Z_490383ff__exp_20260903T170029Z_e0883d24/candidates/stage1_logmel_small_cnn/seed_42/fold_2/attempt_1/model.keras,recorded_in_fold_manifest,20260821T164332Z_490383ff__exp_20260903T170029Z_e0883d24
rec_b2bc894663d9fd46d4a0,/mnt/d/INFANT CRY/data_set_dbl_split/train/not_baby/4-204830-A-6.wav,not_baby,esc50_source:204830,2,not_baby,0.2180712586066502,0.7819287413933498,original,/mnt/d/INFANT CRY/Models_dbl/experiments/runs/20260821T164332Z_490383ff__exp_20260903T170029Z_e0883d24/candidates/stage1_logmel_small_cnn/seed_42/fold_2/attempt_1/model.keras,recorded_in_fold_manifest,20260821T164332Z_490383ff__exp_20260903T170029Z_e0883d24
rec_c64ff448f6e49966f7bf,/mnt/d/INFANT CRY/data_set_dbl_split/train/not_baby/4-208021-A-1.wav,not_baby,esc50_source:208021,2,baby,0.9063584860349604,0.09364151396503961,original,/mnt/d/INFANT CRY/Models_dbl/experiments/runs/20260821T164332Z_490383ff__exp_20260903T170029Z_e0883d24/candidates/stage1_logmel_small_cnn/seed_42/fold_2/attempt_1/model.keras,recorded_in_fold_manifest,20260821T164332Z_490383ff__exp_20260903T170029Z_e0883d24
rec_9cb0056c9e4843ae7c19,/mnt/d/INFANT CRY/data_set_dbl_split/train/not_baby/4-209536-A-37.wav,not_baby,esc50_source:209536,2,not_baby,0.04263075599933997,0.95736924400066,original,/mnt/d/INFANT CRY/Models_dbl/experiments/runs/20260821T164332Z_490383ff__exp_20260903T170029Z_e0883d24/candidates/stage1_logmel_small_cnn/seed_42/fold_2/attempt_1/model.keras,recorded_in_fold_manifest,20260821T164332Z_490383ff__exp_20260903T170029Z_e0883d24
rec_926ddef26d7163a541ef,/mnt/d/INFANT CRY/data_set_dbl_split/train/not_baby/4-210000-A-23.wav,not_baby,esc50_source:210000,2,not_baby,0.25131306801179254,0.7486869319882075,original,/mnt/d/INFANT CRY/Models_dbl/experiments/runs/20260821T164332Z_490383ff__exp_20260903T170029Z_e0883d24/candidates/stage1_logmel_small_cnn/seed_42/fold_2/attempt_1/model.keras,recorded_in_fold_manifest,20260821T164332Z_490383ff__exp_20260903T170029Z_e0883d24
rec_bd8bbbf968cd28bb7455,/mnt/d/INFANT CRY/data_set_dbl_split/train/not_baby/4-210000-B-23.wav,not_baby,esc50_source:210000,2,not_baby,0.273664393236172,0.726335606763828,original,/mnt/d/INFANT CRY/Models_dbl/experiments/runs/20260821T164332Z_490383ff__exp_20260903T170029Z_e0883d24/candidates/stage1_logmel_small_cnn/seed_42/fold_2/attempt_1/model.keras,recorded_in_fold_manifest,20260821T164332Z_490383ff__exp_20260903T170029Z_e0883d24
rec_3540486d5fa7aae5cc74,/mnt/d/INFANT CRY/data_set_dbl_split/train/not_baby/4-210593-A-29.wav,not_baby,esc50_source:210593,2,not_baby,0.02559418575174154,0.9744058142482585,original,/mnt/d/INFANT CRY/Models_dbl/experiments/runs/20260821T164332Z_490383ff__exp_20260903T170029Z_e0883d24/candidates/stage1_logmel_small_cnn/seed_42/fold_2/attempt_1/model.keras,recorded_in_fold_manifest,20260821T164332Z_490383ff__exp_20260903T170029Z_e0883d24
rec_d75fc38cde0c8826b75a,/mnt/d/INFANT CRY/data_set_dbl_split/train/not_baby/4-212698-A-39.wav,not_baby,esc50_source:212698,2,baby,0.673119584527028,0.3268804154729719,original,/mnt/d/INFANT CRY/Models_dbl/experiments/runs/20260821T164332Z_490383ff__exp_20260903T170029Z_e0883d24/candidates/stage1_logmel_small_cnn/seed_42/fold_2/attempt_1/model.keras,recorded_in_fold_manifest,20260821T164332Z_490383ff__exp_20260903T170029Z_e0883d24
rec_e14a5a2761c56b8ecb2f,/mnt/d/INFANT CRY/data_set_dbl_split/train/not_baby/4-215635-A-34.wav,not_baby,esc50_source:215635,2,not_baby,0.0374322950361724,0.9625677049638276,original,/mnt/d/INFANT CRY/Models_dbl/experiments/runs/20260821T164332Z_490383ff__exp_20260903T170029Z_e0883d24/candidates/stage1_logmel_small_cnn/seed_42/fold_2/attempt_1/model.keras,recorded_in_fold_manifest,20260821T164332Z_490383ff__exp_20260903T170029Z_e0883d24
rec_8cd82c1acde6512764d3,/mnt/d/INFANT CRY/data_set_dbl_split/train/not_baby/4-216349-A-34.wav,not_baby,esc50_source:216349,2,not_baby,0.36141558655593314,0.6385844134440668,original,/mnt/d/INFANT CRY/Models_dbl/experiments/runs/20260821T164332Z_490383ff__exp_20260903T170029Z_e0883d24/candidates/stage1_logmel_small_cnn/seed_42/fold_2/attempt_1/model.keras,recorded_in_fold_manifest,20260821T164332Z_490383ff__exp_20260903T170029Z_e0883d24
rec_20083ed354a4d5da527c,/mnt/d/INFANT CRY/data_set_dbl_split/train/not_baby/4-234879-A-6.wav,not_baby,esc50_source:234879,2,not_baby,0.19418652066310466,0.8058134793368954,original,/mnt/d/INFANT CRY/Models_dbl/experiments/runs/20260821T164332Z_490383ff__exp_20260903T170029Z_e0883d24/candidates/stage1_logmel_small_cnn/seed_42/fold_2/attempt_1/model.keras,recorded_in_fold_manifest,20260821T164332Z_490383ff__exp_20260903T170029Z_e0883d24
rec_5526ef758af9890a6578,/mnt/d/INFANT CRY/data_set_dbl_split/train/not_baby/4-244318-A-6.wav,not_baby,esc50_source:244318,2,not_baby,0.09158569443427958,0.9084143055657204,original,/mnt/d/INFANT CRY/Models_dbl/experiments/runs/20260821T164332Z_490383ff__exp_20260903T170029Z_e0883d24/candidates/stage1_logmel_small_cnn/seed_42/fold_2/attempt_1/model.keras,recorded_in_fold_manifest,20260821T164332Z_490383ff__exp_20260903T170029Z_e0883d24
rec_c156a0123f54e8eb3bd5,/mnt/d/INFANT CRY/data_set_dbl_split/train/not_baby/4-250864-A-8.wav,not_baby,esc50_source:250864,2,baby,0.6741022072464885,0.32589779275351144,original,/mnt/d/INFANT CRY/Models_dbl/experiments/runs/20260821T164332Z_490383ff__exp_20260903T170029Z_e0883d24/candidates/stage1_logmel_small_cnn/seed_42/fold_2/attempt_1/model.keras,recorded_in_fold_manifest,20260821T164332Z_490383ff__exp_20260903T170029Z_e0883d24
rec_8642896c48830587771e,/mnt/d/INFANT CRY/data_set_dbl_split/train/not_baby/5-103418-A-2.wav,not_baby,esc50_source:103418,2,not_baby,0.2660854240085311,0.7339145759914689,original,/mnt/d/INFANT CRY/Models_dbl/experiments/runs/20260821T164332Z_490383ff__exp_20260903T170029Z_e0883d24/candidates/stage1_logmel_small_cnn/seed_42/fold_2/attempt_1/model.keras,recorded_in_fold_manifest,20260821T164332Z_490383ff__exp_20260903T170029Z_e0883d24
rec_32485750044851ef3b13,/mnt/d/INFANT CRY/data_set_dbl_split/train/not_baby/5-156698-A-18.wav,not_baby,esc50_source:156698,2,not_baby,0.04671068496657765,0.9532893150334224,original,/mnt/d/INFANT CRY/Models_dbl/experiments/runs/20260821T164332Z_490383ff__exp_20260903T170029Z_e0883d24/candidates/stage1_logmel_small_cnn/seed_42/fold_2/attempt_1/model.keras,recorded_in_fold_manifest,20260821T164332Z_490383ff__exp_20260903T170029Z_e0883d24
rec_ab58ec2f840b435f7b3e,/mnt/d/INFANT CRY/data_set_dbl_split/train/not_baby/5-157204-A-16.wav,not_baby,esc50_source:157204,2,not_baby,0.01434946794547537,0.9856505320545246,original,/mnt/d/INFANT CRY/Models_dbl/experiments/runs/20260821T164332Z_490383ff__exp_20260903T170029Z_e0883d24/candidates/stage1_logmel_small_cnn/seed_42/fold_2/attempt_1/model.keras,recorded_in_fold_manifest,20260821T164332Z_490383ff__exp_20260903T170029Z_e0883d24
rec_a38aa3e31a7d97a11cc0,/mnt/d/INFANT CRY/data_set_dbl_split/train/not_baby/5-157204-B-16.wav,not_baby,esc50_source:157204,2,not_baby,0.013173977049194279,0.9868260229508057,original,/mnt/d/INFANT CRY/Models_dbl/experiments/runs/20260821T164332Z_490383ff__exp_20260903T170029Z_e0883d24/candidates/stage1_logmel_small_cnn/seed_42/fold_2/attempt_1/model.keras,recorded_in_fold_manifest,20260821T164332Z_490383ff__exp_20260903T170029Z_e0883d24
rec_cbd6d7adda440f7da646,/mnt/d/INFANT CRY/data_set_dbl_split/train/not_baby/5-160614-A-48.wav,not_baby,esc50_source:160614,2,not_baby,0.021998061891554944,0.978001938108445,original,/mnt/d/INFANT CRY/Models_dbl/experiments/runs/20260821T164332Z_490383ff__exp_20260903T170029Z_e0883d24/candidates/stage1_logmel_small_cnn/seed_42/fold_2/attempt_1/model.keras,recorded_in_fold_manifest,20260821T164332Z_490383ff__exp_20260903T170029Z_e0883d24
rec_0b912823ffbcb1313456,/mnt/d/INFANT CRY/data_set_dbl_split/train/not_baby/5-160614-B-48.wav,not_baby,esc50_source:160614,2,not_baby,0.0058917749292011585,0.9941082250707989,original,/mnt/d/INFANT CRY/Models_dbl/experiments/runs/20260821T164332Z_490383ff__exp_20260903T170029Z_e0883d24/candidates/stage1_logmel_small_cnn/seed_42/fold_2/attempt_1/model.keras,recorded_in_fold_manifest,20260821T164332Z_490383ff__exp_20260903T170029Z_e0883d24
rec_8b92e4bad60e537e5f01,/mnt/d/INFANT CRY/data_set_dbl_split/train/not_baby/5-160614-C-48.wav,not_baby,esc50_source:160614,2,not_baby,0.026573058316756257,0.9734269416832437,original,/mnt/d/INFANT CRY/Models_dbl/experiments/runs/20260821T164332Z_490383ff__exp_20260903T170029Z_e0883d24/candidates/stage1_logmel_small_cnn/seed_42/fold_2/attempt_1/model.keras,recorded_in_fold_manifest,20260821T164332Z_490383ff__exp_20260903T170029Z_e0883d24
rec_f5d86ecde0edf176922c,/mnt/d/INFANT CRY/data_set_dbl_split/train/not_baby/5-160614-D-48.wav,not_baby,esc50_source:160614,2,not_baby,0.0069881534740146994,0.9930118465259853,original,/mnt/d/INFANT CRY/Models_dbl/experiments/runs/20260821T164332Z_490383ff__exp_20260903T170029Z_e0883d24/candidates/stage1_logmel_small_cnn/seed_42/fold_2/attempt_1/model.keras,recorded_in_fold_manifest,20260821T164332Z_490383ff__exp_20260903T170029Z_e0883d24
rec_7a478dd7eef7baf66812,/mnt/d/INFANT CRY/data_set_dbl_split/train/not_baby/5-160614-E-48.wav,not_baby,esc50_source:160614,2,not_baby,0.002787078428497214,0.9972129215715028,original,/mnt/d/INFANT CRY/Models_dbl/experiments/runs/20260821T164332Z_490383ff__exp_20260903T170029Z_e0883d24/candidates/stage1_logmel_small_cnn/seed_42/fold_2/attempt_1/model.keras,recorded_in_fold_manifest,20260821T164332Z_490383ff__exp_20260903T170029Z_e0883d24
rec_f48873c7fdc67550601c,/mnt/d/INFANT CRY/data_set_dbl_split/train/not_baby/5-160614-F-48.wav,not_baby,esc50_source:160614,2,not_baby,0.005560258848762383,0.9944397411512376,original,/mnt/d/INFANT CRY/Models_dbl/experiments/runs/20260821T164332Z_490383ff__exp_20260903T170029Z_e0883d24/candidates/stage1_logmel_small_cnn/seed_42/fold_2/attempt_1/model.keras,recorded_in_fold_manifest,20260821T164332Z_490383ff__exp_20260903T170029Z_e0883d24
rec_3ad582606411bba29ee5,/mnt/d/INFANT CRY/data_set_dbl_split/train/not_baby/5-160614-G-48.wav,not_baby,esc50_source:160614,2,not_baby,0.002673710324116179,0.9973262896758838,original,/mnt/d/INFANT CRY/Models_dbl/experiments/runs/20260821T164332Z_490383ff__exp_20260903T170029Z_e0883d24/candidates/stage1_logmel_small_cnn/seed_42/fold_2/attempt_1/model.keras,recorded_in_fold_manifest,20260821T164332Z_490383ff__exp_20260903T170029Z_e0883d24
rec_4c1c6cfcc5a9e9e682e0,/mnt/d/INFANT CRY/data_set_dbl_split/train/not_baby/5-160614-H-48.wav,not_baby,esc50_source:160614,2,not_baby,0.003237324902489428,0.9967626750975106,original,/mnt/d/INFANT CRY/Models_dbl/experiments/runs/20260821T164332Z_490383ff__exp_20260903T170029Z_e0883d24/candidates/stage1_logmel_small_cnn/seed_42/fold_2/attempt_1/model.keras,recorded_in_fold_manifest,20260821T164332Z_490383ff__exp_20260903T170029Z_e0883d24
rec_b526e7799e33fc09910e,/mnt/d/INFANT CRY/data_set_dbl_split/train/not_baby/5-172299-A-5.wav,not_baby,esc50_source:172299,2,not_baby,0.3633918355884601,0.6366081644115399,original,/mnt/d/INFANT CRY/Models_dbl/experiments/runs/20260821T164332Z_490383ff__exp_20260903T170029Z_e0883d24/candidates/stage1_logmel_small_cnn/seed_42/fold_2/attempt_1/model.keras,recorded_in_fold_manifest,20260821T164332Z_490383ff__exp_20260903T170029Z_e0883d24
rec_a751d82f597f6d5c3830,/mnt/d/INFANT CRY/data_set_dbl_split/train/not_baby/5-179496-A-16.wav,not_baby,esc50_source:179496,2,not_baby,0.06389560788480966,0.9361043921151904,original,/mnt/d/INFANT CRY/Models_dbl/experiments/runs/20260821T164332Z_490383ff__exp_20260903T170029Z_e0883d24/candidates/stage1_logmel_small_cnn/seed_42/fold_2/attempt_1/model.keras,recorded_in_fold_manifest,20260821T164332Z_490383ff__exp_20260903T170029Z_e0883d24
rec_dc1a467c4f6dad6a807d,/mnt/d/INFANT CRY/data_set_dbl_split/train/not_baby/5-179496-B-16.wav,not_baby,esc50_source:179496,2,not_baby,0.10635885279301248,0.8936411472069875,original,/mnt/d/INFANT CRY/Models_dbl/experiments/runs/20260821T164332Z_490383ff__exp_20260903T170029Z_e0883d24/candidates/stage1_logmel_small_cnn/seed_42/fold_2/attempt_1/model.keras,recorded_in_fold_manifest,20260821T164332Z_490383ff__exp_20260903T170029Z_e0883d24
rec_a069498a074f03b983cf,/mnt/d/INFANT CRY/data_set_dbl_split/train/not_baby/5-179866-A-43.wav,not_baby,esc50_source:179866,2,not_baby,0.39814533596797774,0.6018546640320223,original,/mnt/d/INFANT CRY/Models_dbl/experiments/runs/20260821T164332Z_490383ff__exp_20260903T170029Z_e0883d24/candidates/stage1_logmel_small_cnn/seed_42/fold_2/attempt_1/model.keras,recorded_in_fold_manifest,20260821T164332Z_490383ff__exp_20260903T170029Z_e0883d24
rec_82922264126f02516919,/mnt/d/INFANT CRY/data_set_dbl_split/train/not_baby/5-181977-A-35.wav,not_baby,esc50_source:181977,2,not_baby,0.014301710855320074,0.9856982891446799,original,/mnt/d/INFANT CRY/Models_dbl/experiments/runs/20260821T164332Z_490383ff__exp_20260903T170029Z_e0883d24/candidates/stage1_logmel_small_cnn/seed_42/fold_2/attempt_1/model.keras,recorded_in_fold_manifest,20260821T164332Z_490383ff__exp_20260903T170029Z_e0883d24
rec_077834c8a2b8cc4f1a2c,/mnt/d/INFANT CRY/data_set_dbl_split/train/not_baby/5-188495-A-19.wav,not_baby,esc50_source:188495,2,not_baby,0.009998455494665272,0.9900015445053347,original,/mnt/d/INFANT CRY/Models_dbl/experiments/runs/20260821T164332Z_490383ff__exp_20260903T170029Z_e0883d24/candidates/stage1_logmel_small_cnn/seed_42/fold_2/attempt_1/model.keras,recorded_in_fold_manifest,20260821T164332Z_490383ff__exp_20260903T170029Z_e0883d24
rec_7637e27f9e122645c795,/mnt/d/INFANT CRY/data_set_dbl_split/train/not_baby/5-188796-A-45.wav,not_baby,esc50_source:188796,2,not_baby,0.015157078773939169,0.9848429212260609,original,/mnt/d/INFANT CRY/Models_dbl/experiments/runs/20260821T164332Z_490383ff__exp_20260903T170029Z_e0883d24/candidates/stage1_logmel_small_cnn/seed_42/fold_2/attempt_1/model.keras,recorded_in_fold_manifest,20260821T164332Z_490383ff__exp_20260903T170029Z_e0883d24
rec_60d7f371630db02ecfa9,/mnt/d/INFANT CRY/data_set_dbl_split/train/not_baby/5-192191-A-19.wav,not_baby,esc50_source:192191,2,not_baby,0.024263743591995863,0.9757362564080041,original,/mnt/d/INFANT CRY/Models_dbl/experiments/runs/20260821T164332Z_490383ff__exp_20260903T170029Z_e0883d24/candidates/stage1_logmel_small_cnn/seed_42/fold_2/attempt_1/model.keras,recorded_in_fold_manifest,20260821T164332Z_490383ff__exp_20260903T170029Z_e0883d24
rec_ba55aea9b7dd595cad4c,/mnt/d/INFANT CRY/data_set_dbl_split/train/not_baby/5-195557-A-19.wav,not_baby,esc50_source:195557,2,not_baby,0.025160444256237802,0.9748395557437622,original,/mnt/d/INFANT CRY/Models_dbl/experiments/runs/20260821T164332Z_490383ff__exp_20260903T170029Z_e0883d24/candidates/stage1_logmel_small_cnn/seed_42/fold_2/attempt_1/model.keras,recorded_in_fold_manifest,20260821T164332Z_490383ff__exp_20260903T170029Z_e0883d24
rec_a85c61a1a7ed222f5809,/mnt/d/INFANT CRY/data_set_dbl_split/train/not_baby/5-198278-A-7.wav,not_baby,esc50_source:198278,2,not_baby,0.06916298281384928,0.9308370171861508,original,/mnt/d/INFANT CRY/Models_dbl/experiments/runs/20260821T164332Z_490383ff__exp_20260903T170029Z_e0883d24/candidates/stage1_logmel_small_cnn/seed_42/fold_2/attempt_1/model.keras,recorded_in_fold_manifest,20260821T164332Z_490383ff__exp_20260903T170029Z_e0883d24
rec_150837cffdc556a1e04c,/mnt/d/INFANT CRY/data_set_dbl_split/train/not_baby/5-198278-B-7.wav,not_baby,esc50_source:198278,2,not_baby,0.0830259459759899,0.9169740540240101,original,/mnt/d/INFANT CRY/Models_dbl/experiments/runs/20260821T164332Z_490383ff__exp_20260903T170029Z_e0883d24/candidates/stage1_logmel_small_cnn/seed_42/fold_2/attempt_1/model.keras,recorded_in_fold_manifest,20260821T164332Z_490383ff__exp_20260903T170029Z_e0883d24
rec_14fe04b9bb9052a95255,/mnt/d/INFANT CRY/data_set_dbl_split/train/not_baby/5-198278-C-7.wav,not_baby,esc50_source:198278,2,not_baby,0.09696890269266215,0.9030310973073379,original,/mnt/d/INFANT CRY/Models_dbl/experiments/runs/20260821T164332Z_490383ff__exp_20260903T170029Z_e0883d24/candidates/stage1_logmel_small_cnn/seed_42/fold_2/attempt_1/model.keras,recorded_in_fold_manifest,20260821T164332Z_490383ff__exp_20260903T170029Z_e0883d24
rec_49b99ba80544b5621f7e,/mnt/d/INFANT CRY/data_set_dbl_split/train/not_baby/5-202220-A-21.wav,not_baby,esc50_source:202220,2,not_baby,0.1355429243700895,0.8644570756299105,original,/mnt/d/INFANT CRY/Models_dbl/experiments/runs/20260821T164332Z_490383ff__exp_20260903T170029Z_e0883d24/candidates/stage1_logmel_small_cnn/seed_42/fold_2/attempt_1/model.keras,recorded_in_fold_manifest,20260821T164332Z_490383ff__exp_20260903T170029Z_e0883d24
rec_c1cb6820af8abe2a6375,/mnt/d/INFANT CRY/data_set_dbl_split/train/not_baby/5-204114-A-29.wav,not_baby,esc50_source:204114,2,not_baby,0.005333998672718074,0.9946660013272819,original,/mnt/d/INFANT CRY/Models_dbl/experiments/runs/20260821T164332Z_490383ff__exp_20260903T170029Z_e0883d24/candidates/stage1_logmel_small_cnn/seed_42/fold_2/attempt_1/model.keras,recorded_in_fold_manifest,20260821T164332Z_490383ff__exp_20260903T170029Z_e0883d24
rec_e478d111e2753423b657,/mnt/d/INFANT CRY/data_set_dbl_split/train/not_baby/5-205898-A-40.wav,not_baby,esc50_source:205898,2,not_baby,0.01656344201698569,0.9834365579830143,original,/mnt/d/INFANT CRY/Models_dbl/experiments/runs/20260821T164332Z_490383ff__exp_20260903T170029Z_e0883d24/candidates/stage1_logmel_small_cnn/seed_42/fold_2/attempt_1/model.keras,recorded_in_fold_manifest,20260821T164332Z_490383ff__exp_20260903T170029Z_e0883d24
rec_8c11c33eca37a92e7065,/mnt/d/INFANT CRY/data_set_dbl_split/train/not_baby/5-208761-A-24.wav,not_baby,esc50_source:208761,2,not_baby,0.04664201254664352,0.9533579874533564,original,/mnt/d/INFANT CRY/Models_dbl/experiments/runs/20260821T164332Z_490383ff__exp_20260903T170029Z_e0883d24/candidates/stage1_logmel_small_cnn/seed_42/fold_2/attempt_1/model.keras,recorded_in_fold_manifest,20260821T164332Z_490383ff__exp_20260903T170029Z_e0883d24
rec_74d9a3d23eb17642e7ac,/mnt/d/INFANT CRY/data_set_dbl_split/train/not_baby/5-213802-A-12.wav,not_baby,esc50_source:213802,2,not_baby,0.012992980708894137,0.9870070192911059,original,/mnt/d/INFANT CRY/Models_dbl/experiments/runs/20260821T164332Z_490383ff__exp_20260903T170029Z_e0883d24/candidates/stage1_logmel_small_cnn/seed_42/fold_2/attempt_1/model.keras,recorded_in_fold_manifest,20260821T164332Z_490383ff__exp_20260903T170029Z_e0883d24
rec_e932b3cb116abf078caf,/mnt/d/INFANT CRY/data_set_dbl_split/train/not_baby/5-218196-A-27.wav,not_baby,esc50_source:218196,2,not_baby,0.0025135787993185612,0.9974864212006814,original,/mnt/d/INFANT CRY/Models_dbl/experiments/runs/20260821T164332Z_490383ff__exp_20260903T170029Z_e0883d24/candidates/stage1_logmel_small_cnn/seed_42/fold_2/attempt_1/model.keras,recorded_in_fold_manifest,20260821T164332Z_490383ff__exp_20260903T170029Z_e0883d24
rec_4163fad98ed4c413e5df,/mnt/d/INFANT CRY/data_set_dbl_split/train/not_baby/5-218196-B-27.wav,not_baby,esc50_source:218196,2,not_baby,0.002837479578872454,0.9971625204211275,original,/mnt/d/INFANT CRY/Models_dbl/experiments/runs/20260821T164332Z_490383ff__exp_20260903T170029Z_e0883d24/candidates/stage1_logmel_small_cnn/seed_42/fold_2/attempt_1/model.keras,recorded_in_fold_manifest,20260821T164332Z_490383ff__exp_20260903T170029Z_e0883d24
rec_b198ba7dfa028de6e11f,/mnt/d/INFANT CRY/data_set_dbl_split/train/not_baby/5-219044-A-46.wav,not_baby,esc50_source:219044,2,not_baby,0.04388200785918586,0.9561179921408142,original,/mnt/d/INFANT CRY/Models_dbl/experiments/runs/20260821T164332Z_490383ff__exp_20260903T170029Z_e0883d24/candidates/stage1_logmel_small_cnn/seed_42/fold_2/attempt_1/model.keras,recorded_in_fold_manifest,20260821T164332Z_490383ff__exp_20260903T170029Z_e0883d24
rec_52d6d763c9dea8108c9a,/mnt/d/INFANT CRY/data_set_dbl_split/train/not_baby/5-220027-A-21.wav,not_baby,esc50_source:220027,2,baby,0.8571431253637466,0.14285687463625335,original,/mnt/d/INFANT CRY/Models_dbl/experiments/runs/20260821T164332Z_490383ff__exp_20260903T170029Z_e0883d24/candidates/stage1_logmel_small_cnn/seed_42/fold_2/attempt_1/model.keras,recorded_in_fold_manifest,20260821T164332Z_490383ff__exp_20260903T170029Z_e0883d24
rec_30c4af7c1f6989a48890,/mnt/d/INFANT CRY/data_set_dbl_split/train/not_baby/5-220955-A-40.wav,not_baby,esc50_source:220955,2,not_baby,0.024659613652631175,0.9753403863473689,original,/mnt/d/INFANT CRY/Models_dbl/experiments/runs/20260821T164332Z_490383ff__exp_20260903T170029Z_e0883d24/candidates/stage1_logmel_small_cnn/seed_42/fold_2/attempt_1/model.keras,recorded_in_fold_manifest,20260821T164332Z_490383ff__exp_20260903T170029Z_e0883d24
rec_294b26f2178fffa8999e,/mnt/d/INFANT CRY/data_set_dbl_split/train/not_baby/5-221950-A-22.wav,not_baby,esc50_source:221950,2,not_baby,0.0005100634467221157,0.9994899365532779,original,/mnt/d/INFANT CRY/Models_dbl/experiments/runs/20260821T164332Z_490383ff__exp_20260903T170029Z_e0883d24/candidates/stage1_logmel_small_cnn/seed_42/fold_2/attempt_1/model.keras,recorded_in_fold_manifest,20260821T164332Z_490383ff__exp_20260903T170029Z_e0883d24
rec_c1f8ca6986f4a9438210,/mnt/d/INFANT CRY/data_set_dbl_split/train/not_baby/5-222524-A-41.wav,not_baby,esc50_source:222524,2,not_baby,0.01367413722073884,0.9863258627792612,original,/mnt/d/INFANT CRY/Models_dbl/experiments/runs/20260821T164332Z_490383ff__exp_20260903T170029Z_e0883d24/candidates/stage1_logmel_small_cnn/seed_42/fold_2/attempt_1/model.keras,recorded_in_fold_manifest,20260821T164332Z_490383ff__exp_20260903T170029Z_e0883d24
rec_cb3f4d7fe9076fb3a22f,/mnt/d/INFANT CRY/data_set_dbl_split/train/not_baby/5-231551-A-36.wav,not_baby,esc50_source:231551,2,not_baby,0.013183371740969337,0.9868166282590307,original,/mnt/d/INFANT CRY/Models_dbl/experiments/runs/20260821T164332Z_490383ff__exp_20260903T170029Z_e0883d24/candidates/stage1_logmel_small_cnn/seed_42/fold_2/attempt_1/model.keras,recorded_in_fold_manifest,20260821T164332Z_490383ff__exp_20260903T170029Z_e0883d24
rec_46a02723d55b2702218f,/mnt/d/INFANT CRY/data_set_dbl_split/train/not_baby/5-233160-A-1.wav,not_baby,esc50_source:233160,2,baby,0.995457107226604,0.004542892773396003,original,/mnt/d/INFANT CRY/Models_dbl/experiments/runs/20260821T164332Z_490383ff__exp_20260903T170029Z_e0883d24/candidates/stage1_logmel_small_cnn/seed_42/fold_2/attempt_1/model.keras,recorded_in_fold_manifest,20260821T164332Z_490383ff__exp_20260903T170029Z_e0883d24
rec_c943d904a368579c3e94,/mnt/d/INFANT CRY/data_set_dbl_split/train/not_baby/5-233645-A-37.wav,not_baby,esc50_source:233645,2,not_baby,0.3064746467329667,0.6935253532670334,original,/mnt/d/INFANT CRY/Models_dbl/experiments/runs/20260821T164332Z_490383ff__exp_20260903T170029Z_e0883d24/candidates/stage1_logmel_small_cnn/seed_42/fold_2/attempt_1/model.keras,recorded_in_fold_manifest,20260821T164332Z_490383ff__exp_20260903T170029Z_e0883d24
rec_2be4fa484d5f9eb9cf9a,/mnt/d/INFANT CRY/data_set_dbl_split/train/not_baby/5-234879-A-1.wav,not_baby,esc50_source:234879,2,baby,0.8877460558953745,0.11225394410462552,original,/mnt/d/INFANT CRY/Models_dbl/experiments/runs/20260821T164332Z_490383ff__exp_20260903T170029Z_e0883d24/candidates/stage1_logmel_small_cnn/seed_42/fold_2/attempt_1/model.keras,recorded_in_fold_manifest,20260821T164332Z_490383ff__exp_20260903T170029Z_e0883d24
rec_deefc9cdc26d8149d9f5,/mnt/d/INFANT CRY/data_set_dbl_split/train/not_baby/5-234879-B-1.wav,not_baby,esc50_source:234879,2,baby,0.8255180820513914,0.1744819179486085,original,/mnt/d/INFANT CRY/Models_dbl/experiments/runs/20260821T164332Z_490383ff__exp_20260903T170029Z_e0883d24/candidates/stage1_logmel_small_cnn/seed_42/fold_2/attempt_1/model.keras,recorded_in_fold_manifest,20260821T164332Z_490383ff__exp_20260903T170029Z_e0883d24
rec_bc3d29f4e76046621436,/mnt/d/INFANT CRY/data_set_dbl_split/train/not_baby/5-236288-A-28.wav,not_baby,esc50_source:236288,2,not_baby,0.015441413105945302,0.9845585868940547,original,/mnt/d/INFANT CRY/Models_dbl/experiments/runs/20260821T164332Z_490383ff__exp_20260903T170029Z_e0883d24/candidates/stage1_logmel_small_cnn/seed_42/fold_2/attempt_1/model.keras,recorded_in_fold_manifest,20260821T164332Z_490383ff__exp_20260903T170029Z_e0883d24
rec_b5c627662f8ac13b698b,/mnt/d/INFANT CRY/data_set_dbl_split/train/not_baby/5-238938-A-27.wav,not_baby,esc50_source:238938,2,not_baby,0.002692748659555168,0.9973072513404448,original,/mnt/d/INFANT CRY/Models_dbl/experiments/runs/20260821T164332Z_490383ff__exp_20260903T170029Z_e0883d24/candidates/stage1_logmel_small_cnn/seed_42/fold_2/attempt_1/model.keras,recorded_in_fold_manifest,20260821T164332Z_490383ff__exp_20260903T170029Z_e0883d24
rec_6a0270e5f5f3627e3f3e,/mnt/d/INFANT CRY/data_set_dbl_split/train/not_baby/5-240671-A-44.wav,not_baby,esc50_source:240671,2,not_baby,0.003662977708784224,0.9963370222912158,original,/mnt/d/INFANT CRY/Models_dbl/experiments/runs/20260821T164332Z_490383ff__exp_20260903T170029Z_e0883d24/candidates/stage1_logmel_small_cnn/seed_42/fold_2/attempt_1/model.keras,recorded_in_fold_manifest,20260821T164332Z_490383ff__exp_20260903T170029Z_e0883d24
rec_b76d75bf4b4980af6961,/mnt/d/INFANT CRY/data_set_dbl_split/train/not_baby/5-242491-A-14.wav,not_baby,esc50_source:242491,2,not_baby,0.2916962293295929,0.7083037706704072,original,/mnt/d/INFANT CRY/Models_dbl/experiments/runs/20260821T164332Z_490383ff__exp_20260903T170029Z_e0883d24/candidates/stage1_logmel_small_cnn/seed_42/fold_2/attempt_1/model.keras,recorded_in_fold_manifest,20260821T164332Z_490383ff__exp_20260903T170029Z_e0883d24
rec_0c53e078d23aad9cae2e,/mnt/d/INFANT CRY/data_set_dbl_split/train/not_baby/5-243449-A-14.wav,not_baby,esc50_source:243449,2,baby,0.5622918605804443,0.43770813941955566,original,/mnt/d/INFANT CRY/Models_dbl/experiments/runs/20260821T164332Z_490383ff__exp_20260903T170029Z_e0883d24/candidates/stage1_logmel_small_cnn/seed_42/fold_2/attempt_1/model.keras,recorded_in_fold_manifest,20260821T164332Z_490383ff__exp_20260903T170029Z_e0883d24
rec_e1b1186fddbacd6d23af,/mnt/d/INFANT CRY/data_set_dbl_split/train/not_baby/5-245040-A-35.wav,not_baby,esc50_source:245040,2,not_baby,0.02760217054851122,0.9723978294514888,original,/mnt/d/INFANT CRY/Models_dbl/experiments/runs/20260821T164332Z_490383ff__exp_20260903T170029Z_e0883d24/candidates/stage1_logmel_small_cnn/seed_42/fold_2/attempt_1/model.keras,recorded_in_fold_manifest,20260821T164332Z_490383ff__exp_20260903T170029Z_e0883d24
rec_36a9cee6406897313b51,/mnt/d/INFANT CRY/data_set_dbl_split/train/not_baby/5-249937-A-22.wav,not_baby,esc50_source:249937,2,not_baby,0.06624713342645366,0.9337528665735463,original,/mnt/d/INFANT CRY/Models_dbl/experiments/runs/20260821T164332Z_490383ff__exp_20260903T170029Z_e0883d24/candidates/stage1_logmel_small_cnn/seed_42/fold_2/attempt_1/model.keras,recorded_in_fold_manifest,20260821T164332Z_490383ff__exp_20260903T170029Z_e0883d24
rec_dc642efcb7605994711b,/mnt/d/INFANT CRY/data_set_dbl_split/train/not_baby/5-251971-A-47.wav,not_baby,esc50_source:251971,2,not_baby,0.007565527928902867,0.9924344720710971,original,/mnt/d/INFANT CRY/Models_dbl/experiments/runs/20260821T164332Z_490383ff__exp_20260903T170029Z_e0883d24/candidates/stage1_logmel_small_cnn/seed_42/fold_2/attempt_1/model.keras,recorded_in_fold_manifest,20260821T164332Z_490383ff__exp_20260903T170029Z_e0883d24
rec_168fe52bae1cd14798c1,/mnt/d/INFANT CRY/data_set_dbl_split/train/not_baby/5-253094-A-49.wav,not_baby,esc50_source:253094,2,not_baby,0.02676432577945302,0.973235674220547,original,/mnt/d/INFANT CRY/Models_dbl/experiments/runs/20260821T164332Z_490383ff__exp_20260903T170029Z_e0883d24/candidates/stage1_logmel_small_cnn/seed_42/fold_2/attempt_1/model.keras,recorded_in_fold_manifest,20260821T164332Z_490383ff__exp_20260903T170029Z_e0883d24
rec_f2e90cc9245f3df3471c,/mnt/d/INFANT CRY/data_set_dbl_split/train/not_baby/5-253094-B-49.wav,not_baby,esc50_source:253094,2,not_baby,0.012105426491773865,0.9878945735082262,original,/mnt/d/INFANT CRY/Models_dbl/experiments/runs/20260821T164332Z_490383ff__exp_20260903T170029Z_e0883d24/candidates/stage1_logmel_small_cnn/seed_42/fold_2/attempt_1/model.keras,recorded_in_fold_manifest,20260821T164332Z_490383ff__exp_20260903T170029Z_e0883d24
rec_f3d9fa517fd38415958e,/mnt/d/INFANT CRY/data_set_dbl_split/train/not_baby/5-253094-C-49.wav,not_baby,esc50_source:253094,2,not_baby,0.012885576961376669,0.9871144230386233,original,/mnt/d/INFANT CRY/Models_dbl/experiments/runs/20260821T164332Z_490383ff__exp_20260903T170029Z_e0883d24/candidates/stage1_logmel_small_cnn/seed_42/fold_2/attempt_1/model.keras,recorded_in_fold_manifest,20260821T164332Z_490383ff__exp_20260903T170029Z_e0883d24
rec_e3e3052b1e31c53366c4,/mnt/d/INFANT CRY/data_set_dbl_split/train/not_baby/5-253094-D-49.wav,not_baby,esc50_source:253094,2,not_baby,0.013337015186750345,0.9866629848132497,original,/mnt/d/INFANT CRY/Models_dbl/experiments/runs/20260821T164332Z_490383ff__exp_20260903T170029Z_e0883d24/candidates/stage1_logmel_small_cnn/seed_42/fold_2/attempt_1/model.keras,recorded_in_fold_manifest,20260821T164332Z_490383ff__exp_20260903T170029Z_e0883d24
rec_8c8efa8f38c99575e334,/mnt/d/INFANT CRY/data_set_dbl_split/train/not_baby/5-254160-A-22.wav,not_baby,esc50_source:254160,2,not_baby,0.026254191603449113,0.9737458083965509,original,/mnt/d/INFANT CRY/Models_dbl/experiments/runs/20260821T164332Z_490383ff__exp_20260903T170029Z_e0883d24/candidates/stage1_logmel_small_cnn/seed_42/fold_2/attempt_1/model.keras,recorded_in_fold_manifest,20260821T164332Z_490383ff__exp_20260903T170029Z_e0883d24
rec_54d0a173d4e1c6b3f584,/mnt/d/INFANT CRY/data_set_dbl_split/train/not_baby/5-257642-A-39.wav,not_baby,esc50_source:257642,2,not_baby,0.027930348133325424,0.9720696518666746,original,/mnt/d/INFANT CRY/Models_dbl/experiments/runs/20260821T164332Z_490383ff__exp_20260903T170029Z_e0883d24/candidates/stage1_logmel_small_cnn/seed_42/fold_2/attempt_1/model.keras,recorded_in_fold_manifest,20260821T164332Z_490383ff__exp_20260903T170029Z_e0883d24
rec_66a4df37dae3ad6b8244,/mnt/d/INFANT CRY/data_set_dbl_split/train/not_baby/5-259180-A-15.wav,not_baby,esc50_source:259180,2,not_baby,0.4440382983707367,0.5559617016292633,original,/mnt/d/INFANT CRY/Models_dbl/experiments/runs/20260821T164332Z_490383ff__exp_20260903T170029Z_e0883d24/candidates/stage1_logmel_small_cnn/seed_42/fold_2/attempt_1/model.keras,recorded_in_fold_manifest,20260821T164332Z_490383ff__exp_20260903T170029Z_e0883d24
rec_5eeb1eb03c89def08844,/mnt/d/INFANT CRY/data_set_dbl_split/train/not_baby/5-260434-A-39.wav,not_baby,esc50_source:260434,2,baby,0.6186066269874573,0.3813933730125427,original,/mnt/d/INFANT CRY/Models_dbl/experiments/runs/20260821T164332Z_490383ff__exp_20260903T170029Z_e0883d24/candidates/stage1_logmel_small_cnn/seed_42/fold_2/attempt_1/model.keras,recorded_in_fold_manifest,20260821T164332Z_490383ff__exp_20260903T170029Z_e0883d24
rec_976e0cded020d18fa1ae,/mnt/d/INFANT CRY/data_set_dbl_split/train/not_baby/5-261433-A-15.wav,not_baby,esc50_source:261433,2,baby,0.5306667843659754,0.46933321563402464,original,/mnt/d/INFANT CRY/Models_dbl/experiments/runs/20260821T164332Z_490383ff__exp_20260903T170029Z_e0883d24/candidates/stage1_logmel_small_cnn/seed_42/fold_2/attempt_1/model.keras,recorded_in_fold_manifest,20260821T164332Z_490383ff__exp_20260903T170029Z_e0883d24
rec_e2dedd838750a02a03ab,/mnt/d/INFANT CRY/data_set_dbl_split/train/not_baby/5-263902-A-36.wav,not_baby,esc50_source:263902,2,not_baby,0.07842325477617423,0.9215767452238257,original,/mnt/d/INFANT CRY/Models_dbl/experiments/runs/20260821T164332Z_490383ff__exp_20260903T170029Z_e0883d24/candidates/stage1_logmel_small_cnn/seed_42/fold_2/attempt_1/model.keras,recorded_in_fold_manifest,20260821T164332Z_490383ff__exp_20260903T170029Z_e0883d24
