sample_id,original_record_id,original_filepath,original_relative_path,label,partition,fold,augmentation_type,augmentation_params,augmentation_index,seed,output_reference
aug_aeb32e939dacfcf89ad7,rec_b2242a410e34ac87e103,D:\INFANT CRY\data_set_dbl_split\train\belly_pain\dunstan-eairh_7.wav,belly_pain/dunstan-eairh_7.wav,belly_pain,train,1,gaussian_noise,"{""noise_factor"":0.004445874}",0,17207591831338269176,virtual:aug_aeb32e939dacfcf89ad7
aug_47ddbd178ebdc6d308b4,rec_07826f6464f9e0639207,D:\INFANT CRY\data_set_dbl_split\train\belly_pain\dunstan-eairh_3.wav,belly_pain/dunstan-eairh_3.wav,belly_pain,train,1,pitch_shift,"{""steps"":1.116722}",1,6704418091803352287,virtual:aug_47ddbd178ebdc6d308b4
aug_db2950952bc40fe5ceda,rec_fefa338d580873c2cd3e,D:\INFANT CRY\data_set_dbl_split\train\belly_pain\1190_M_eairh.wav,belly_pain/1190_M_eairh.wav,belly_pain,train,1,pitch_shift,"{""steps"":-0.816337}",2,4556339932385277457,virtual:aug_db2950952bc40fe5ceda
aug_f759682caa0d80eb4a66,rec_7bfbf6df11a5121ca4c9,D:\INFANT CRY\data_set_dbl_split\train\belly_pain\934_M_eairh.wav,belly_pain/934_M_eairh.wav,belly_pain,train,1,time_stretch,"{""rate"":1.084331}",3,7249499927278469614,virtual:aug_f759682caa0d80eb4a66
aug_a3f4a9f18c2999908fc5,rec_02cdbe8c0204373d3f9c,D:\INFANT CRY\data_set_dbl_split\train\belly_pain\dunstan-eairh_44.wav,belly_pain/dunstan-eairh_44.wav,belly_pain,train,1,time_stretch,"{""rate"":0.900667}",4,4186487913334330272,virtual:aug_a3f4a9f18c2999908fc5
aug_32e36ea7f103ada6d7d5,rec_fac87a465c8472b089f6,D:\INFANT CRY\data_set_dbl_split\train\belly_pain\2250_F_eairh.wav,belly_pain/2250_F_eairh.wav,belly_pain,train,1,time_shift,"{""fraction"":0.0668503}",5,6812530598664272169,virtual:aug_32e36ea7f103ada6d7d5
aug_f787d2bb59b517362135,rec_0bf28df218daf1ccd7d4,D:\INFANT CRY\data_set_dbl_split\train\belly_pain\dunstan-eairh_31.wav,belly_pain/dunstan-eairh_31.wav,belly_pain,train,1,gaussian_noise,"{""noise_factor"":0.002316359}",6,14298296823838331171,virtual:aug_f787d2bb59b517362135
aug_11ed9cc6f7cf66fc29cb,rec_9b5466053393e9dbc382,D:\INFANT CRY\data_set_dbl_split\train\belly_pain\dunstan-eairh_23.wav,belly_pain/dunstan-eairh_23.wav,belly_pain,train,1,pitch_shift,"{""steps"":1.903771}",7,4715120785345572037,virtual:aug_11ed9cc6f7cf66fc29cb
aug_808b309f7f4547b9c5fe,rec_45acf6d12a71c4b85dfc,D:\INFANT CRY\data_set_dbl_split\train\belly_pain\dunstan-eairh_33.wav,belly_pain/dunstan-eairh_33.wav,belly_pain,train,1,pitch_shift,"{""steps"":-1.826973}",8,10519347032887745619,virtual:aug_808b309f7f4547b9c5fe
aug_814d8588617c608d8090,rec_4540c986f8cce2bafa2c,D:\INFANT CRY\data_set_dbl_split\train\belly_pain\1554_M_eairh.wav,belly_pain/1554_M_eairh.wav,belly_pain,train,1,time_stretch,"{""rate"":1.202824}",9,11898408516402750141,virtual:aug_814d8588617c608d8090
aug_35d48fb7f9531253ba7d,rec_ab7a13884b2d82c96982,D:\INFANT CRY\data_set_dbl_split\train\belly_pain\3858_M_eairh.wav,belly_pain/3858_M_eairh.wav,belly_pain,train,1,time_stretch,"{""rate"":0.782993}",10,9304200139278737233,virtual:aug_35d48fb7f9531253ba7d
aug_68ae1f31bbd791026243,rec_81fef69644989c4602c2,D:\INFANT CRY\data_set_dbl_split\train\belly_pain\4745_M_eairh.wav,belly_pain/4745_M_eairh.wav,belly_pain,train,1,gaussian_noise,"{""noise_factor"":0.004966541}",11,16721882693874217990,virtual:aug_68ae1f31bbd791026243
aug_43c3268b9470d0af2e5e,rec_43b3fbffb18394a3d9df,D:\INFANT CRY\data_set_dbl_split\train\belly_pain\dunstan-eairh_52.wav,belly_pain/dunstan-eairh_52.wav,belly_pain,train,1,pitch_shift,"{""steps"":1.100501}",12,10947337346941839661,virtual:aug_43c3268b9470d0af2e5e
aug_f2cc9776694ea450e90c,rec_4f5f3b672a3334ab6010,D:\INFANT CRY\data_set_dbl_split\train\belly_pain\4846_F_eairh.wav,belly_pain/4846_F_eairh.wav,belly_pain,train,1,pitch_shift,"{""steps"":-1.13831}",13,6945458736565870702,virtual:aug_f2cc9776694ea450e90c
aug_43331b5fddd4933b08e7,rec_fdf6fac981d89bd04593,D:\INFANT CRY\data_set_dbl_split\train\belly_pain\3344_M_eairh.wav,belly_pain/3344_M_eairh.wav,belly_pain,train,1,time_stretch,"{""rate"":1.077062}",14,17569868170401772156,virtual:aug_43331b5fddd4933b08e7
aug_628cb65d67c01c1c59cf,rec_3c400a3cd8526f5968e2,D:\INFANT CRY\data_set_dbl_split\train\belly_pain\1321_F_eairh.wav,belly_pain/1321_F_eairh.wav,belly_pain,train,1,time_stretch,"{""rate"":0.889345}",15,8296349841934660806,virtual:aug_628cb65d67c01c1c59cf
aug_ed6f8ac1332998466012,rec_9fe218fb42a48370949d,D:\INFANT CRY\data_set_dbl_split\train\belly_pain\476_M_eairh.wav,belly_pain/476_M_eairh.wav,belly_pain,train,1,time_shift,"{""fraction"":0.0728337}",16,7459913364703140054,virtual:aug_ed6f8ac1332998466012
aug_ff6043603b21708bfa8c,rec_25708979c73d741b3abd,D:\INFANT CRY\data_set_dbl_split\train\belly_pain\2208_M_eairh.wav,belly_pain/2208_M_eairh.wav,belly_pain,train,1,gaussian_noise,"{""noise_factor"":0.002311318}",17,17655643511529260437,virtual:aug_ff6043603b21708bfa8c
aug_fcf99ec912e6607c2315,rec_a81034a5fda8f72d3ad1,D:\INFANT CRY\data_set_dbl_split\train\belly_pain\287_F_eairh.wav,belly_pain/287_F_eairh.wav,belly_pain,train,1,pitch_shift,"{""steps"":1.992622}",18,8494986405111293019,virtual:aug_fcf99ec912e6607c2315
aug_4d170319ae279f16565e,rec_4771cea23a26a41b1167,D:\INFANT CRY\data_set_dbl_split\train\belly_pain\216_M_eairh.wav,belly_pain/216_M_eairh.wav,belly_pain,train,1,pitch_shift,"{""steps"":-1.828532}",19,11881191144191774000,virtual:aug_4d170319ae279f16565e
aug_c9f24021ac13824222da,rec_984c63597c96f9a7a5eb,D:\INFANT CRY\data_set_dbl_split\train\belly_pain\3319_M_eairh.wav,belly_pain/3319_M_eairh.wav,belly_pain,train,1,time_stretch,"{""rate"":1.17786}",20,3006767182591716601,virtual:aug_c9f24021ac13824222da
aug_b9dd45ab8544ad4b208f,rec_e28be47a3f49c072a427,D:\INFANT CRY\data_set_dbl_split\train\belly_pain\dunstan-eairh_8.wav,belly_pain/dunstan-eairh_8.wav,belly_pain,train,1,time_stretch,"{""rate"":0.817667}",21,5054641027994268220,virtual:aug_b9dd45ab8544ad4b208f
aug_29b7bad9404601a142b5,rec_7c9fa2018ccd9fa62207,D:\INFANT CRY\data_set_dbl_split\train\belly_pain\3492_F_eairh.wav,belly_pain/3492_F_eairh.wav,belly_pain,train,1,gaussian_noise,"{""noise_factor"":0.004348422}",22,13018931222853503871,virtual:aug_29b7bad9404601a142b5
aug_cd54c3634ed6b95023db,rec_cc6172b8bd33735c82c6,D:\INFANT CRY\data_set_dbl_split\train\belly_pain\2819_M_eairh.wav,belly_pain/2819_M_eairh.wav,belly_pain,train,1,pitch_shift,"{""steps"":0.851056}",23,16896716227581250652,virtual:aug_cd54c3634ed6b95023db
aug_1ee056bbeb4c3f27054a,rec_f3b17560413168dbbc98,D:\INFANT CRY\data_set_dbl_split\train\belly_pain\1197_M_eairh.wav,belly_pain/1197_M_eairh.wav,belly_pain,train,1,pitch_shift,"{""steps"":-1.198658}",24,8439761496316642404,virtual:aug_1ee056bbeb4c3f27054a
aug_30e40e2d6d3b99c14234,rec_6a612fdb6f32216b009d,D:\INFANT CRY\data_set_dbl_split\train\belly_pain\dunstan-eairh_60.wav,belly_pain/dunstan-eairh_60.wav,belly_pain,train,1,time_stretch,"{""rate"":1.09142}",25,9807377824636187733,virtual:aug_30e40e2d6d3b99c14234
aug_08a33303cb782083cb8d,rec_d433c8ac12980d0cc901,D:\INFANT CRY\data_set_dbl_split\train\belly_pain\3619_M_eairh.wav,belly_pain/3619_M_eairh.wav,belly_pain,train,1,time_stretch,"{""rate"":0.884385}",26,4283607985876451458,virtual:aug_08a33303cb782083cb8d
aug_746f27bbacee6014ddaa,rec_1b0acd4606aae95bef48,D:\INFANT CRY\data_set_dbl_split\train\belly_pain\2987_F_eairh.wav,belly_pain/2987_F_eairh.wav,belly_pain,train,1,time_shift,"{""fraction"":-0.0042781}",27,8581994525474793357,virtual:aug_746f27bbacee6014ddaa
aug_65d9ae103c87c4ab1aa5,rec_dadefbf45bb8caa60b9e,D:\INFANT CRY\data_set_dbl_split\train\belly_pain\2269_M_eairh.wav,belly_pain/2269_M_eairh.wav,belly_pain,train,1,gaussian_noise,"{""noise_factor"":0.002759748}",28,8277614077669433709,virtual:aug_65d9ae103c87c4ab1aa5
aug_5656c774ec8e55a2bf7f,rec_a4059f5ca3482bd507f9,D:\INFANT CRY\data_set_dbl_split\train\belly_pain\2217_M_eairh.wav,belly_pain/2217_M_eairh.wav,belly_pain,train,1,pitch_shift,"{""steps"":2.059002}",29,684517576304067460,virtual:aug_5656c774ec8e55a2bf7f
aug_305df4b777993c196234,rec_dc2883d8ee245da07d43,D:\INFANT CRY\data_set_dbl_split\train\belly_pain\2243_M_eairh.wav,belly_pain/2243_M_eairh.wav,belly_pain,train,1,pitch_shift,"{""steps"":-1.845352}",30,13249836459806185769,virtual:aug_305df4b777993c196234
aug_68118de299bcad6e9e88,rec_179925449a09539a329f,D:\INFANT CRY\data_set_dbl_split\train\belly_pain\dunstan-eairh_50.wav,belly_pain/dunstan-eairh_50.wav,belly_pain,train,1,time_stretch,"{""rate"":1.183966}",31,15282107903324554229,virtual:aug_68118de299bcad6e9e88
aug_cdb10a7c56458350a806,rec_7923b3cade105f0c3c70,D:\INFANT CRY\data_set_dbl_split\train\belly_pain\2651_F_eairh.wav,belly_pain/2651_F_eairh.wav,belly_pain,train,1,time_stretch,"{""rate"":0.804839}",32,16908665852287355438,virtual:aug_cdb10a7c56458350a806
aug_34f494c8f7029c095f94,rec_74b947283511c8751b65,D:\INFANT CRY\data_set_dbl_split\train\belly_pain\2593_M_eairh.wav,belly_pain/2593_M_eairh.wav,belly_pain,train,1,gaussian_noise,"{""noise_factor"":0.005395721}",33,13198038484535512185,virtual:aug_34f494c8f7029c095f94
aug_61f19055887fcd2a93f5,rec_cdcf04a52b20c44770ea,D:\INFANT CRY\data_set_dbl_split\train\belly_pain\2685_F_eairh.wav,belly_pain/2685_F_eairh.wav,belly_pain,train,1,pitch_shift,"{""steps"":0.876561}",34,6194935857654398210,virtual:aug_61f19055887fcd2a93f5
aug_405733f4251ddac9e76b,rec_bd2fd049120ea1834eaf,D:\INFANT CRY\data_set_dbl_split\train\belly_pain\3306_M_eairh.wav,belly_pain/3306_M_eairh.wav,belly_pain,train,1,pitch_shift,"{""steps"":-1.04342}",35,18347474988927840763,virtual:aug_405733f4251ddac9e76b
aug_164ab36787b7a038eb32,rec_774e95ea65e8ccac1202,D:\INFANT CRY\data_set_dbl_split\train\belly_pain\4684_M_eairh.wav,belly_pain/4684_M_eairh.wav,belly_pain,train,1,time_stretch,"{""rate"":1.112632}",36,9302520215274865269,virtual:aug_164ab36787b7a038eb32
aug_aad5b803aa0cda98c79d,rec_db04a08c8cb045de0940,D:\INFANT CRY\data_set_dbl_split\train\belly_pain\4896_M_eairh.wav,belly_pain/4896_M_eairh.wav,belly_pain,train,1,time_stretch,"{""rate"":0.908346}",37,1320855694278794368,virtual:aug_aad5b803aa0cda98c79d
aug_16d8435b8be22380d040,rec_d0cc3e578be11d2ca330,D:\INFANT CRY\data_set_dbl_split\train\belly_pain\dunstan-eairh_18.wav,belly_pain/dunstan-eairh_18.wav,belly_pain,train,1,time_shift,"{""fraction"":-0.0676833}",38,18380164539177308342,virtual:aug_16d8435b8be22380d040
aug_f32ba877a4da528abbc9,rec_8cea211c8ae2584daf02,D:\INFANT CRY\data_set_dbl_split\train\belly_pain\1516_M_eairh.wav,belly_pain/1516_M_eairh.wav,belly_pain,train,1,gaussian_noise,"{""noise_factor"":0.002527051}",39,15156985100292540038,virtual:aug_f32ba877a4da528abbc9
aug_8a09b99a1f409eeac268,rec_b9167ff33ed6aa5cabea,D:\INFANT CRY\data_set_dbl_split\train\belly_pain\4452_F_eairh.wav,belly_pain/4452_F_eairh.wav,belly_pain,train,1,pitch_shift,"{""steps"":1.892015}",40,9285347679779771240,virtual:aug_8a09b99a1f409eeac268
aug_337db943032c9b948059,rec_d9029df6f0570483478b,D:\INFANT CRY\data_set_dbl_split\train\belly_pain\393_M_eairh.wav,belly_pain/393_M_eairh.wav,belly_pain,train,1,pitch_shift,"{""steps"":-1.828744}",41,11198163592222836829,virtual:aug_337db943032c9b948059
aug_d1acb322af660d72f9c9,rec_b97b97506a926108c4fb,D:\INFANT CRY\data_set_dbl_split\train\belly_pain\4511_F_eairh.wav,belly_pain/4511_F_eairh.wav,belly_pain,train,1,time_stretch,"{""rate"":1.188954}",42,13737088787579312279,virtual:aug_d1acb322af660d72f9c9
aug_0d6098bac4dcc5524f6b,rec_2730b77759b8808a6d27,D:\INFANT CRY\data_set_dbl_split\train\belly_pain\3786_M_eairh.wav,belly_pain/3786_M_eairh.wav,belly_pain,train,1,time_stretch,"{""rate"":0.802242}",43,3035259827933252655,virtual:aug_0d6098bac4dcc5524f6b
aug_29c2a361c7b1a59fe324,rec_519de6d134c08a715f7a,D:\INFANT CRY\data_set_dbl_split\train\belly_pain\4437_M_eairh.wav,belly_pain/4437_M_eairh.wav,belly_pain,train,1,gaussian_noise,"{""noise_factor"":0.004834737}",44,1740544519811869369,virtual:aug_29c2a361c7b1a59fe324
aug_665226277aaa43024e24,rec_728bae3265a2cb099ec1,D:\INFANT CRY\data_set_dbl_split\train\belly_pain\dunstan-eairh_38.wav,belly_pain/dunstan-eairh_38.wav,belly_pain,train,1,pitch_shift,"{""steps"":1.128799}",45,8968401681495818823,virtual:aug_665226277aaa43024e24
aug_de1f44c5a5568914ba36,rec_020faabb65976146dcf3,D:\INFANT CRY\data_set_dbl_split\train\belly_pain\2210_M_eairh.wav,belly_pain/2210_M_eairh.wav,belly_pain,train,1,pitch_shift,"{""steps"":-1.109945}",46,10877547119494263111,virtual:aug_de1f44c5a5568914ba36
aug_3c30fa1ec1ad1019bf94,rec_88e4a7633c64c24b0e2a,D:\INFANT CRY\data_set_dbl_split\train\belly_pain\1353_M_eairh.wav,belly_pain/1353_M_eairh.wav,belly_pain,train,1,time_stretch,"{""rate"":1.076263}",47,2485941281462030703,virtual:aug_3c30fa1ec1ad1019bf94
aug_0da419aea645c62b57fd,rec_5d81264429765a29a2c1,D:\INFANT CRY\data_set_dbl_split\train\belly_pain\1370_M_eairh.wav,belly_pain/1370_M_eairh.wav,belly_pain,train,1,time_stretch,"{""rate"":0.881498}",48,4674268257804141175,virtual:aug_0da419aea645c62b57fd
aug_e131e78d0024777a015e,rec_6ac41708a7f3de4ed900,D:\INFANT CRY\data_set_dbl_split\train\belly_pain\dunstan-eairh_9.wav,belly_pain/dunstan-eairh_9.wav,belly_pain,train,1,time_shift,"{""fraction"":0.0666412}",49,1787634091074706341,virtual:aug_e131e78d0024777a015e
aug_6f27c78a7c6769a35461,rec_204a9c054278b9416f57,D:\INFANT CRY\data_set_dbl_split\train\belly_pain\dunstan-eairh_17.wav,belly_pain/dunstan-eairh_17.wav,belly_pain,train,1,gaussian_noise,"{""noise_factor"":0.00242836}",50,1410699691037421344,virtual:aug_6f27c78a7c6769a35461
aug_a1a777e1f85ed072ac37,rec_4fb517e52369af00b8e9,D:\INFANT CRY\data_set_dbl_split\train\belly_pain\2754_M_eairh.wav,belly_pain/2754_M_eairh.wav,belly_pain,train,1,pitch_shift,"{""steps"":2.195488}",51,15473786162037145654,virtual:aug_a1a777e1f85ed072ac37
aug_dc39169fc443f6033a18,rec_0ddf3d9b53d6a320397d,D:\INFANT CRY\data_set_dbl_split\train\belly_pain\3326_F_eairh.wav,belly_pain/3326_F_eairh.wav,belly_pain,train,1,pitch_shift,"{""steps"":-1.823444}",52,7836513534854631614,virtual:aug_dc39169fc443f6033a18
aug_8cb8a6274609f3283c6e,rec_99c997cbc56d30a6f86a,D:\INFANT CRY\data_set_dbl_split\train\belly_pain\4463_F_eairh.wav,belly_pain/4463_F_eairh.wav,belly_pain,train,1,time_stretch,"{""rate"":1.18423}",53,6992768009952731453,virtual:aug_8cb8a6274609f3283c6e
aug_94b813894e2c423baa62,rec_eb97e029b56da724a0bb,D:\INFANT CRY\data_set_dbl_split\train\belly_pain\838_F_eairh.wav,belly_pain/838_F_eairh.wav,belly_pain,train,1,time_stretch,"{""rate"":0.790167}",54,1661867331415192513,virtual:aug_94b813894e2c423baa62
aug_7157d26a5b3f530b6d5a,rec_cd47bf189e0812ab4c2a,D:\INFANT CRY\data_set_dbl_split\train\belly_pain\844_M_eairh.wav,belly_pain/844_M_eairh.wav,belly_pain,train,1,gaussian_noise,"{""noise_factor"":0.004896413}",55,4672680219118592052,virtual:aug_7157d26a5b3f530b6d5a
aug_1cab98d2488f76e5c7d6,rec_344f2459aa8a88a9964a,D:\INFANT CRY\data_set_dbl_split\train\belly_pain\228_M_eairh.wav,belly_pain/228_M_eairh.wav,belly_pain,train,1,pitch_shift,"{""steps"":1.176167}",56,6837264704878823485,virtual:aug_1cab98d2488f76e5c7d6
aug_4f46d2307bc85ccee0f7,rec_f727cf87adcf68c78684,D:\INFANT CRY\data_set_dbl_split\train\belly_pain\1248_M_eairh.wav,belly_pain/1248_M_eairh.wav,belly_pain,train,1,pitch_shift,"{""steps"":-0.842213}",57,4207340621278035222,virtual:aug_4f46d2307bc85ccee0f7
aug_362923314a738b2e2970,rec_81baca137ffa49fea0f0,D:\INFANT CRY\data_set_dbl_split\train\belly_pain\dunstan-eairh_5.wav,belly_pain/dunstan-eairh_5.wav,belly_pain,train,1,time_stretch,"{""rate"":1.083856}",58,6976810369219909876,virtual:aug_362923314a738b2e2970
aug_d2f98954b6411f7aa000,rec_49997b84581d28fe47cf,D:\INFANT CRY\data_set_dbl_split\train\belly_pain\1498_M_eairh.wav,belly_pain/1498_M_eairh.wav,belly_pain,train,1,time_stretch,"{""rate"":0.904963}",59,8985527516814655371,virtual:aug_d2f98954b6411f7aa000
aug_423097c5bcf9c2965a3a,rec_2fbe8d849db8271b15ba,D:\INFANT CRY\data_set_dbl_split\train\belly_pain\2901_M_eairh.wav,belly_pain/2901_M_eairh.wav,belly_pain,train,1,time_shift,"{""fraction"":0.0155626}",60,17903787425556175368,virtual:aug_423097c5bcf9c2965a3a
aug_04fb033f76e7914096c7,rec_9897d60d93c5b1f8c62b,D:\INFANT CRY\data_set_dbl_split\train\belly_pain\dunstan-eairh_14.wav,belly_pain/dunstan-eairh_14.wav,belly_pain,train,1,gaussian_noise,"{""noise_factor"":0.0026106}",61,9436225100244231784,virtual:aug_04fb033f76e7914096c7
aug_41cad0411c9ad70d0405,rec_01476f7d02dc9fb5bfc4,D:\INFANT CRY\data_set_dbl_split\train\belly_pain\1330_M_eairh.wav,belly_pain/1330_M_eairh.wav,belly_pain,train,1,pitch_shift,"{""steps"":1.84973}",62,16372763645344007714,virtual:aug_41cad0411c9ad70d0405
aug_4f9c4943199eb1700d23,rec_0dcb14da74eee37cc249,D:\INFANT CRY\data_set_dbl_split\train\belly_pain\dunstan-eairh_24.wav,belly_pain/dunstan-eairh_24.wav,belly_pain,train,1,pitch_shift,"{""steps"":-2.085421}",63,11571979942590552825,virtual:aug_4f9c4943199eb1700d23
aug_c999d29f9614a343b8b1,rec_537385263a6cfc438d37,D:\INFANT CRY\data_set_dbl_split\train\belly_pain\1084_M_eairh.wav,belly_pain/1084_M_eairh.wav,belly_pain,train,1,time_stretch,"{""rate"":1.196963}",64,3342424655436560391,virtual:aug_c999d29f9614a343b8b1
aug_98c6a0d70e9a426c7cf7,rec_aef5992e5f42844e0dda,D:\INFANT CRY\data_set_dbl_split\train\belly_pain\dunstan-eairh_53.wav,belly_pain/dunstan-eairh_53.wav,belly_pain,train,1,time_stretch,"{""rate"":0.796739}",65,1875977757205306287,virtual:aug_98c6a0d70e9a426c7cf7
aug_b292732c42247b1e7074,rec_975dd89a0e79348933f6,D:\INFANT CRY\data_set_dbl_split\train\belly_pain\dunstan-eairh_1.wav,belly_pain/dunstan-eairh_1.wav,belly_pain,train,1,gaussian_noise,"{""noise_factor"":0.005623078}",66,8826091518836626887,virtual:aug_b292732c42247b1e7074
aug_f69e4a3c7c3c3c5dcfb0,rec_f08400013ae835c03434,D:\INFANT CRY\data_set_dbl_split\train\belly_pain\dunstan-eairh_12.wav,belly_pain/dunstan-eairh_12.wav,belly_pain,train,1,pitch_shift,"{""steps"":0.87336}",67,221794836600935787,virtual:aug_f69e4a3c7c3c3c5dcfb0
aug_f06b2407b7c5efbd6a0e,rec_71271d173296dd73b1cc,D:\INFANT CRY\data_set_dbl_split\train\belly_pain\dunstan-eairh_49.wav,belly_pain/dunstan-eairh_49.wav,belly_pain,train,1,pitch_shift,"{""steps"":-1.065879}",68,14617249681288961098,virtual:aug_f06b2407b7c5efbd6a0e
aug_767099eb88566344cc86,rec_a0848fd98077b24f5820,D:\INFANT CRY\data_set_dbl_split\train\belly_pain\1462_F_eairh.wav,belly_pain/1462_F_eairh.wav,belly_pain,train,1,time_stretch,"{""rate"":1.112384}",69,9359916991195513223,virtual:aug_767099eb88566344cc86
aug_c51df37cacd10df6746f,rec_dbafcb96ca6a87f36f52,D:\INFANT CRY\data_set_dbl_split\train\belly_pain\dunstan-eairh_39.wav,belly_pain/dunstan-eairh_39.wav,belly_pain,train,1,time_stretch,"{""rate"":0.900532}",70,5076202886915350452,virtual:aug_c51df37cacd10df6746f
aug_481620a760fe602f82fc,rec_bb69c12272a7b5c6887b,D:\INFANT CRY\data_set_dbl_split\train\belly_pain\dunstan-eairh_6.wav,belly_pain/dunstan-eairh_6.wav,belly_pain,train,1,time_shift,"{""fraction"":-0.0188628}",71,15493439880712624711,virtual:aug_481620a760fe602f82fc
aug_b2c4352c833b205aba10,rec_983c3aa745cbf8ace922,D:\INFANT CRY\data_set_dbl_split\train\belly_pain\dunstan-eairh_22.wav,belly_pain/dunstan-eairh_22.wav,belly_pain,train,1,gaussian_noise,"{""noise_factor"":0.002786377}",72,9452760526748100824,virtual:aug_b2c4352c833b205aba10
aug_b0e5dfbfc076b6c57340,rec_bf373fe9b30b0dd92527,D:\INFANT CRY\data_set_dbl_split\train\belly_pain\407_M_eairh.wav,belly_pain/407_M_eairh.wav,belly_pain,train,1,pitch_shift,"{""steps"":2.094281}",73,1935324952388980347,virtual:aug_b0e5dfbfc076b6c57340
aug_020073eb761ff32bd937,rec_0c6c903753d565dac519,D:\INFANT CRY\data_set_dbl_split\train\belly_pain\3505_M_eairh.wav,belly_pain/3505_M_eairh.wav,belly_pain,train,1,pitch_shift,"{""steps"":-1.99338}",74,7001718248761384039,virtual:aug_020073eb761ff32bd937
aug_6477d2d309b96a2f9f69,rec_86e990c657f137ebbf87,D:\INFANT CRY\data_set_dbl_split\train\belly_pain\dunstan-eairh_20.wav,belly_pain/dunstan-eairh_20.wav,belly_pain,train,1,time_stretch,"{""rate"":1.206461}",75,7934716297343894414,virtual:aug_6477d2d309b96a2f9f69
aug_5f2e28d8ed6d6061517d,rec_6ddf02f097374f28d75a,D:\INFANT CRY\data_set_dbl_split\train\belly_pain\dunstan-eairh_4.wav,belly_pain/dunstan-eairh_4.wav,belly_pain,train,1,time_stretch,"{""rate"":0.811362}",76,1080947631270532436,virtual:aug_5f2e28d8ed6d6061517d
aug_9e87cef0573e1dd819b5,rec_a13b92fdc5317e0a51d9,D:\INFANT CRY\data_set_dbl_split\train\belly_pain\548_F_eairh.wav,belly_pain/548_F_eairh.wav,belly_pain,train,1,gaussian_noise,"{""noise_factor"":0.005608685}",77,12145595180142813185,virtual:aug_9e87cef0573e1dd819b5
aug_1d6c2eea7cfbc66c5381,rec_3be61b78079d39f26682,D:\INFANT CRY\data_set_dbl_split\train\belly_pain\4847_M_eairh.wav,belly_pain/4847_M_eairh.wav,belly_pain,train,1,pitch_shift,"{""steps"":1.195558}",78,16684863650602572675,virtual:aug_1d6c2eea7cfbc66c5381
aug_d581bed176d9c2ca8834,rec_5e6be8ab7bbd234bfa10,D:\INFANT CRY\data_set_dbl_split\train\belly_pain\323_M_eairh.wav,belly_pain/323_M_eairh.wav,belly_pain,train,1,pitch_shift,"{""steps"":-1.188764}",79,13964745239792465429,virtual:aug_d581bed176d9c2ca8834
aug_13f53374a8202ecd118c,rec_9ef4cab50c9a56e3bd9a,D:\INFANT CRY\data_set_dbl_split\train\belly_pain\4758_M_eairh.wav,belly_pain/4758_M_eairh.wav,belly_pain,train,1,time_stretch,"{""rate"":1.116618}",80,12647429691515434445,virtual:aug_13f53374a8202ecd118c
aug_db1dfdbee70987d86b32,rec_bc25d1ebb8434b66682a,D:\INFANT CRY\data_set_dbl_split\train\belly_pain\2293_F_eairh.wav,belly_pain/2293_F_eairh.wav,belly_pain,train,1,time_stretch,"{""rate"":0.876767}",81,14094304088615597193,virtual:aug_db1dfdbee70987d86b32
aug_33cebc1aab2ba91315ab,rec_cdb8986fc6e0fa25ec62,D:\INFANT CRY\data_set_dbl_split\train\belly_pain\2644_M_eairh.wav,belly_pain/2644_M_eairh.wav,belly_pain,train,1,time_shift,"{""fraction"":-0.0685289}",82,5206155772837682168,virtual:aug_33cebc1aab2ba91315ab
aug_74c17ff03b2cbba9173b,rec_a5ec4310f567f29fe0e6,D:\INFANT CRY\data_set_dbl_split\train\belly_pain\3482_M_eairh.wav,belly_pain/3482_M_eairh.wav,belly_pain,train,1,gaussian_noise,"{""noise_factor"":0.002143205}",83,9591379207537095514,virtual:aug_74c17ff03b2cbba9173b
aug_69b1b68937c267088772,rec_df6f22b942b4fbdceea0,D:\INFANT CRY\data_set_dbl_split\train\belly_pain\318_M_eairh.wav,belly_pain/318_M_eairh.wav,belly_pain,train,1,pitch_shift,"{""steps"":1.913625}",84,11257953033255506699,virtual:aug_69b1b68937c267088772
aug_ee4633ea725fe3f1110b,rec_c7ab84dc1e25a511f089,D:\INFANT CRY\data_set_dbl_split\train\belly_pain\3054_M_eairh.wav,belly_pain/3054_M_eairh.wav,belly_pain,train,1,pitch_shift,"{""steps"":-2.026987}",85,7218146596068631549,virtual:aug_ee4633ea725fe3f1110b
aug_7bc55bf550eb9e3aaa6e,rec_f3c9e9d220dc2e97e90a,D:\INFANT CRY\data_set_dbl_split\train\belly_pain\2760_F_eairh.wav,belly_pain/2760_F_eairh.wav,belly_pain,train,1,time_stretch,"{""rate"":1.220875}",86,18150038820348705917,virtual:aug_7bc55bf550eb9e3aaa6e
aug_6fb33a84f244e89ff7d8,rec_8edd741f68bb4fc40004,D:\INFANT CRY\data_set_dbl_split\train\belly_pain\446_M_eairh.wav,belly_pain/446_M_eairh.wav,belly_pain,train,1,time_stretch,"{""rate"":0.785613}",87,7492835954467702598,virtual:aug_6fb33a84f244e89ff7d8
aug_a5b32c24da2327fad9f8,rec_cd6ec618a07ea9574302,D:\INFANT CRY\data_set_dbl_split\train\belly_pain\2994_M_eairh.wav,belly_pain/2994_M_eairh.wav,belly_pain,train,1,gaussian_noise,"{""noise_factor"":0.005557819}",88,16006097092416314583,virtual:aug_a5b32c24da2327fad9f8
aug_935912c47908775df2bd,rec_fae98644f14f54a8f0a4,D:\INFANT CRY\data_set_dbl_split\train\belly_pain\3889_M_eairh.wav,belly_pain/3889_M_eairh.wav,belly_pain,train,1,pitch_shift,"{""steps"":0.974198}",89,6975092275507790461,virtual:aug_935912c47908775df2bd
aug_b0cc7584872d7047d189,rec_a29eb2fa57b194483f26,D:\INFANT CRY\data_set_dbl_split\train\belly_pain\2101_M_eairh.wav,belly_pain/2101_M_eairh.wav,belly_pain,train,1,pitch_shift,"{""steps"":-1.160819}",90,13983750055513425919,virtual:aug_b0cc7584872d7047d189
aug_6af5318fbdb50315773c,rec_6de25635db4018c640cb,D:\INFANT CRY\data_set_dbl_split\train\belly_pain\3077_F_eairh.wav,belly_pain/3077_F_eairh.wav,belly_pain,train,1,time_stretch,"{""rate"":1.111095}",91,17943592545354690752,virtual:aug_6af5318fbdb50315773c
aug_eaa5f82e9b6b1061d860,rec_9516de195d0ec83f4725,D:\INFANT CRY\data_set_dbl_split\train\belly_pain\3195_M_eairh.wav,belly_pain/3195_M_eairh.wav,belly_pain,train,1,time_stretch,"{""rate"":0.911611}",92,4519881348786252724,virtual:aug_eaa5f82e9b6b1061d860
aug_4a5f08a7fd1d79ca1cc5,rec_ba52e0a6338d8ae240d8,D:\INFANT CRY\data_set_dbl_split\train\belly_pain\dunstan-eairh_19.wav,belly_pain/dunstan-eairh_19.wav,belly_pain,train,1,time_shift,"{""fraction"":0.0591671}",93,14360276496555106856,virtual:aug_4a5f08a7fd1d79ca1cc5
aug_796ba253e85f60725942,rec_b2242a410e34ac87e103,D:\INFANT CRY\data_set_dbl_split\train\belly_pain\dunstan-eairh_7.wav,belly_pain/dunstan-eairh_7.wav,belly_pain,train,1,gaussian_noise,"{""noise_factor"":0.002709946}",94,9022457657815477542,virtual:aug_796ba253e85f60725942
aug_2c3c0a0f528f679009d6,rec_07826f6464f9e0639207,D:\INFANT CRY\data_set_dbl_split\train\belly_pain\dunstan-eairh_3.wav,belly_pain/dunstan-eairh_3.wav,belly_pain,train,1,pitch_shift,"{""steps"":1.816011}",95,529055882527491508,virtual:aug_2c3c0a0f528f679009d6
aug_66be4739555715cbaa91,rec_fefa338d580873c2cd3e,D:\INFANT CRY\data_set_dbl_split\train\belly_pain\1190_M_eairh.wav,belly_pain/1190_M_eairh.wav,belly_pain,train,1,pitch_shift,"{""steps"":-2.007351}",96,1505212244065887959,virtual:aug_66be4739555715cbaa91
aug_bd3c2aea25992065b80f,rec_7bfbf6df11a5121ca4c9,D:\INFANT CRY\data_set_dbl_split\train\belly_pain\934_M_eairh.wav,belly_pain/934_M_eairh.wav,belly_pain,train,1,time_stretch,"{""rate"":1.184517}",97,15943164648704392838,virtual:aug_bd3c2aea25992065b80f
aug_cdfffbdddeabf9a64766,rec_02cdbe8c0204373d3f9c,D:\INFANT CRY\data_set_dbl_split\train\belly_pain\dunstan-eairh_44.wav,belly_pain/dunstan-eairh_44.wav,belly_pain,train,1,time_stretch,"{""rate"":0.805751}",98,2490837359082398776,virtual:aug_cdfffbdddeabf9a64766
aug_cab04e8b2bac60586b2a,rec_fac87a465c8472b089f6,D:\INFANT CRY\data_set_dbl_split\train\belly_pain\2250_F_eairh.wav,belly_pain/2250_F_eairh.wav,belly_pain,train,1,gaussian_noise,"{""noise_factor"":0.005572609}",99,330294259933929373,virtual:aug_cab04e8b2bac60586b2a
aug_121cff3503219444d9dd,rec_0bf28df218daf1ccd7d4,D:\INFANT CRY\data_set_dbl_split\train\belly_pain\dunstan-eairh_31.wav,belly_pain/dunstan-eairh_31.wav,belly_pain,train,1,pitch_shift,"{""steps"":1.069426}",100,6012033973392615753,virtual:aug_121cff3503219444d9dd
aug_63ff0888e65ed6a1c8bc,rec_9b5466053393e9dbc382,D:\INFANT CRY\data_set_dbl_split\train\belly_pain\dunstan-eairh_23.wav,belly_pain/dunstan-eairh_23.wav,belly_pain,train,1,pitch_shift,"{""steps"":-0.859282}",101,4154302377212181648,virtual:aug_63ff0888e65ed6a1c8bc
aug_dcce7cde5885cb6147e9,rec_45acf6d12a71c4b85dfc,D:\INFANT CRY\data_set_dbl_split\train\belly_pain\dunstan-eairh_33.wav,belly_pain/dunstan-eairh_33.wav,belly_pain,train,1,time_stretch,"{""rate"":1.090435}",102,14406646737062876814,virtual:aug_dcce7cde5885cb6147e9
aug_1d863c213d3dbd1a35bb,rec_4540c986f8cce2bafa2c,D:\INFANT CRY\data_set_dbl_split\train\belly_pain\1554_M_eairh.wav,belly_pain/1554_M_eairh.wav,belly_pain,train,1,time_stretch,"{""rate"":0.903438}",103,1276593212516543006,virtual:aug_1d863c213d3dbd1a35bb
aug_78c4152a431128932c27,rec_ab7a13884b2d82c96982,D:\INFANT CRY\data_set_dbl_split\train\belly_pain\3858_M_eairh.wav,belly_pain/3858_M_eairh.wav,belly_pain,train,1,time_shift,"{""fraction"":0.0875386}",104,10670713605151218206,virtual:aug_78c4152a431128932c27
aug_3b4228ea2d14f50fbe24,rec_81fef69644989c4602c2,D:\INFANT CRY\data_set_dbl_split\train\belly_pain\4745_M_eairh.wav,belly_pain/4745_M_eairh.wav,belly_pain,train,1,gaussian_noise,"{""noise_factor"":0.002567753}",105,16901933275739384686,virtual:aug_3b4228ea2d14f50fbe24
aug_f0dab922ae3cd9e7479e,rec_43b3fbffb18394a3d9df,D:\INFANT CRY\data_set_dbl_split\train\belly_pain\dunstan-eairh_52.wav,belly_pain/dunstan-eairh_52.wav,belly_pain,train,1,pitch_shift,"{""steps"":1.918395}",106,15232989518380408838,virtual:aug_f0dab922ae3cd9e7479e
aug_dd14cc4b4c0b14bdfbfb,rec_4f5f3b672a3334ab6010,D:\INFANT CRY\data_set_dbl_split\train\belly_pain\4846_F_eairh.wav,belly_pain/4846_F_eairh.wav,belly_pain,train,1,pitch_shift,"{""steps"":-2.197306}",107,1219182966568808071,virtual:aug_dd14cc4b4c0b14bdfbfb
aug_a32f7b634f9535cb03e9,rec_fdf6fac981d89bd04593,D:\INFANT CRY\data_set_dbl_split\train\belly_pain\3344_M_eairh.wav,belly_pain/3344_M_eairh.wav,belly_pain,train,1,time_stretch,"{""rate"":1.180148}",108,5905707644749111832,virtual:aug_a32f7b634f9535cb03e9
aug_9231b591603ae21f47ec,rec_3c400a3cd8526f5968e2,D:\INFANT CRY\data_set_dbl_split\train\belly_pain\1321_F_eairh.wav,belly_pain/1321_F_eairh.wav,belly_pain,train,1,time_stretch,"{""rate"":0.82129}",109,9299328754895360240,virtual:aug_9231b591603ae21f47ec
aug_d500c88e1180e083b00c,rec_9fe218fb42a48370949d,D:\INFANT CRY\data_set_dbl_split\train\belly_pain\476_M_eairh.wav,belly_pain/476_M_eairh.wav,belly_pain,train,1,gaussian_noise,"{""noise_factor"":0.004297441}",110,1177460272555204890,virtual:aug_d500c88e1180e083b00c
aug_34e3687c21d17c6fca4c,rec_25708979c73d741b3abd,D:\INFANT CRY\data_set_dbl_split\train\belly_pain\2208_M_eairh.wav,belly_pain/2208_M_eairh.wav,belly_pain,train,1,pitch_shift,"{""steps"":1.06886}",111,10759129433548982551,virtual:aug_34e3687c21d17c6fca4c
aug_f04d0d0404495f76e583,rec_a81034a5fda8f72d3ad1,D:\INFANT CRY\data_set_dbl_split\train\belly_pain\287_F_eairh.wav,belly_pain/287_F_eairh.wav,belly_pain,train,1,pitch_shift,"{""steps"":-0.957389}",112,7913714555906903746,virtual:aug_f04d0d0404495f76e583
aug_5f74cc2629aa608fee78,rec_4771cea23a26a41b1167,D:\INFANT CRY\data_set_dbl_split\train\belly_pain\216_M_eairh.wav,belly_pain/216_M_eairh.wav,belly_pain,train,1,time_stretch,"{""rate"":1.07918}",113,15102258364133776655,virtual:aug_5f74cc2629aa608fee78
aug_fc39a371f0c6b0f95cfa,rec_984c63597c96f9a7a5eb,D:\INFANT CRY\data_set_dbl_split\train\belly_pain\3319_M_eairh.wav,belly_pain/3319_M_eairh.wav,belly_pain,train,1,time_stretch,"{""rate"":0.905173}",114,16320868942387729299,virtual:aug_fc39a371f0c6b0f95cfa
aug_b4dd986a8047a09af5e0,rec_e28be47a3f49c072a427,D:\INFANT CRY\data_set_dbl_split\train\belly_pain\dunstan-eairh_8.wav,belly_pain/dunstan-eairh_8.wav,belly_pain,train,1,time_shift,"{""fraction"":0.0805608}",115,16897882640862288588,virtual:aug_b4dd986a8047a09af5e0
aug_30c6646ccdaba43d053a,rec_7c9fa2018ccd9fa62207,D:\INFANT CRY\data_set_dbl_split\train\belly_pain\3492_F_eairh.wav,belly_pain/3492_F_eairh.wav,belly_pain,train,1,gaussian_noise,"{""noise_factor"":0.0024042}",116,4932680344561322814,virtual:aug_30c6646ccdaba43d053a
aug_c8c0a88a0920fafa5962,rec_cc6172b8bd33735c82c6,D:\INFANT CRY\data_set_dbl_split\train\belly_pain\2819_M_eairh.wav,belly_pain/2819_M_eairh.wav,belly_pain,train,1,pitch_shift,"{""steps"":1.833198}",117,11104804338586919108,virtual:aug_c8c0a88a0920fafa5962
aug_53778af701a0d06fa07d,rec_f3b17560413168dbbc98,D:\INFANT CRY\data_set_dbl_split\train\belly_pain\1197_M_eairh.wav,belly_pain/1197_M_eairh.wav,belly_pain,train,1,pitch_shift,"{""steps"":-1.954406}",118,2376480197090962643,virtual:aug_53778af701a0d06fa07d
aug_aa71a23ab632c9092538,rec_6a612fdb6f32216b009d,D:\INFANT CRY\data_set_dbl_split\train\belly_pain\dunstan-eairh_60.wav,belly_pain/dunstan-eairh_60.wav,belly_pain,train,1,time_stretch,"{""rate"":1.182088}",119,2696062623966871906,virtual:aug_aa71a23ab632c9092538
aug_35ad4b8fc6220300a61a,rec_d433c8ac12980d0cc901,D:\INFANT CRY\data_set_dbl_split\train\belly_pain\3619_M_eairh.wav,belly_pain/3619_M_eairh.wav,belly_pain,train,1,time_stretch,"{""rate"":0.800593}",120,6202596542150299508,virtual:aug_35ad4b8fc6220300a61a
aug_1cea9e158682886911ae,rec_1b0acd4606aae95bef48,D:\INFANT CRY\data_set_dbl_split\train\belly_pain\2987_F_eairh.wav,belly_pain/2987_F_eairh.wav,belly_pain,train,1,gaussian_noise,"{""noise_factor"":0.00558716}",121,10683487358843900943,virtual:aug_1cea9e158682886911ae
aug_40563cb6e68927570a50,rec_dadefbf45bb8caa60b9e,D:\INFANT CRY\data_set_dbl_split\train\belly_pain\2269_M_eairh.wav,belly_pain/2269_M_eairh.wav,belly_pain,train,1,pitch_shift,"{""steps"":0.81868}",122,18194820044490382143,virtual:aug_40563cb6e68927570a50
aug_14283ec0704ddd4db727,rec_a4059f5ca3482bd507f9,D:\INFANT CRY\data_set_dbl_split\train\belly_pain\2217_M_eairh.wav,belly_pain/2217_M_eairh.wav,belly_pain,train,1,pitch_shift,"{""steps"":-0.854222}",123,598671063198791235,virtual:aug_14283ec0704ddd4db727
aug_19f6aeb1f8176319b421,rec_dc2883d8ee245da07d43,D:\INFANT CRY\data_set_dbl_split\train\belly_pain\2243_M_eairh.wav,belly_pain/2243_M_eairh.wav,belly_pain,train,1,time_stretch,"{""rate"":1.07736}",124,6976153342565642408,virtual:aug_19f6aeb1f8176319b421
aug_0140cb209117205a2df3,rec_179925449a09539a329f,D:\INFANT CRY\data_set_dbl_split\train\belly_pain\dunstan-eairh_50.wav,belly_pain/dunstan-eairh_50.wav,belly_pain,train,1,time_stretch,"{""rate"":0.898769}",125,16184677375879083299,virtual:aug_0140cb209117205a2df3
aug_e5f480cd96e410390212,rec_7923b3cade105f0c3c70,D:\INFANT CRY\data_set_dbl_split\train\belly_pain\2651_F_eairh.wav,belly_pain/2651_F_eairh.wav,belly_pain,train,1,time_shift,"{""fraction"":-0.0756813}",126,9142231051604027632,virtual:aug_e5f480cd96e410390212
aug_9a3cd52ac5c6fba5ecee,rec_74b947283511c8751b65,D:\INFANT CRY\data_set_dbl_split\train\belly_pain\2593_M_eairh.wav,belly_pain/2593_M_eairh.wav,belly_pain,train,1,gaussian_noise,"{""noise_factor"":0.002382417}",127,17166403998787710411,virtual:aug_9a3cd52ac5c6fba5ecee
aug_13d4c0e8e385c55dae76,rec_cdcf04a52b20c44770ea,D:\INFANT CRY\data_set_dbl_split\train\belly_pain\2685_F_eairh.wav,belly_pain/2685_F_eairh.wav,belly_pain,train,1,pitch_shift,"{""steps"":1.869481}",128,10443580321251394287,virtual:aug_13d4c0e8e385c55dae76
aug_bcdac5efa9d3c15473d9,rec_bd2fd049120ea1834eaf,D:\INFANT CRY\data_set_dbl_split\train\belly_pain\3306_M_eairh.wav,belly_pain/3306_M_eairh.wav,belly_pain,train,1,pitch_shift,"{""steps"":-1.87896}",129,7217172940873156633,virtual:aug_bcdac5efa9d3c15473d9
aug_99e0443e291b96bd2818,rec_774e95ea65e8ccac1202,D:\INFANT CRY\data_set_dbl_split\train\belly_pain\4684_M_eairh.wav,belly_pain/4684_M_eairh.wav,belly_pain,train,1,time_stretch,"{""rate"":1.223774}",130,15597823617566417932,virtual:aug_99e0443e291b96bd2818
aug_b474d2e34fd2ba6a2e0c,rec_db04a08c8cb045de0940,D:\INFANT CRY\data_set_dbl_split\train\belly_pain\4896_M_eairh.wav,belly_pain/4896_M_eairh.wav,belly_pain,train,1,time_stretch,"{""rate"":0.799055}",131,17556582157747250580,virtual:aug_b474d2e34fd2ba6a2e0c
aug_4a642252bf833b0bc8ae,rec_d0cc3e578be11d2ca330,D:\INFANT CRY\data_set_dbl_split\train\belly_pain\dunstan-eairh_18.wav,belly_pain/dunstan-eairh_18.wav,belly_pain,train,1,gaussian_noise,"{""noise_factor"":0.004554681}",132,11487442859260906533,virtual:aug_4a642252bf833b0bc8ae
aug_1d2cc218545d7c10c32f,rec_8cea211c8ae2584daf02,D:\INFANT CRY\data_set_dbl_split\train\belly_pain\1516_M_eairh.wav,belly_pain/1516_M_eairh.wav,belly_pain,train,1,pitch_shift,"{""steps"":1.034084}",133,9394203137838385325,virtual:aug_1d2cc218545d7c10c32f
aug_d5fe98b0bde872a6f54e,rec_b9167ff33ed6aa5cabea,D:\INFANT CRY\data_set_dbl_split\train\belly_pain\4452_F_eairh.wav,belly_pain/4452_F_eairh.wav,belly_pain,train,1,pitch_shift,"{""steps"":-0.882169}",134,18225679373382121003,virtual:aug_d5fe98b0bde872a6f54e
aug_374dbb56e86697cb925a,rec_d9029df6f0570483478b,D:\INFANT CRY\data_set_dbl_split\train\belly_pain\393_M_eairh.wav,belly_pain/393_M_eairh.wav,belly_pain,train,1,time_stretch,"{""rate"":1.11302}",135,18442347298926352834,virtual:aug_374dbb56e86697cb925a
aug_aaa9a531cee33254f45a,rec_b97b97506a926108c4fb,D:\INFANT CRY\data_set_dbl_split\train\belly_pain\4511_F_eairh.wav,belly_pain/4511_F_eairh.wav,belly_pain,train,1,time_stretch,"{""rate"":0.885377}",136,12626150271151259847,virtual:aug_aaa9a531cee33254f45a
aug_1dcdca43e016d0262290,rec_2730b77759b8808a6d27,D:\INFANT CRY\data_set_dbl_split\train\belly_pain\3786_M_eairh.wav,belly_pain/3786_M_eairh.wav,belly_pain,train,1,time_shift,"{""fraction"":-0.072398}",137,16390290340057578636,virtual:aug_1dcdca43e016d0262290
aug_c0820d55ae34a1b7f230,rec_519de6d134c08a715f7a,D:\INFANT CRY\data_set_dbl_split\train\belly_pain\4437_M_eairh.wav,belly_pain/4437_M_eairh.wav,belly_pain,train,1,gaussian_noise,"{""noise_factor"":0.002520805}",138,8143290139960350074,virtual:aug_c0820d55ae34a1b7f230
aug_d98bfdfd528d0dbeb04a,rec_728bae3265a2cb099ec1,D:\INFANT CRY\data_set_dbl_split\train\belly_pain\dunstan-eairh_38.wav,belly_pain/dunstan-eairh_38.wav,belly_pain,train,1,pitch_shift,"{""steps"":2.067229}",139,8457341610939797925,virtual:aug_d98bfdfd528d0dbeb04a
aug_f91e21ff6159217bb3f2,rec_020faabb65976146dcf3,D:\INFANT CRY\data_set_dbl_split\train\belly_pain\2210_M_eairh.wav,belly_pain/2210_M_eairh.wav,belly_pain,train,1,pitch_shift,"{""steps"":-2.175103}",140,3021667851746112698,virtual:aug_f91e21ff6159217bb3f2
aug_3957c842b09e12ee5509,rec_88e4a7633c64c24b0e2a,D:\INFANT CRY\data_set_dbl_split\train\belly_pain\1353_M_eairh.wav,belly_pain/1353_M_eairh.wav,belly_pain,train,1,time_stretch,"{""rate"":1.182696}",141,7691813141755167961,virtual:aug_3957c842b09e12ee5509
aug_9f05e8e37abd233b89e8,rec_5d81264429765a29a2c1,D:\INFANT CRY\data_set_dbl_split\train\belly_pain\1370_M_eairh.wav,belly_pain/1370_M_eairh.wav,belly_pain,train,1,time_stretch,"{""rate"":0.797679}",142,3215767288071545108,virtual:aug_9f05e8e37abd233b89e8
aug_af43e0bf77023acc8ffe,rec_6ac41708a7f3de4ed900,D:\INFANT CRY\data_set_dbl_split\train\belly_pain\dunstan-eairh_9.wav,belly_pain/dunstan-eairh_9.wav,belly_pain,train,1,gaussian_noise,"{""noise_factor"":0.005375975}",143,9652568788901534870,virtual:aug_af43e0bf77023acc8ffe
aug_957825d93e5b6eaafad8,rec_204a9c054278b9416f57,D:\INFANT CRY\data_set_dbl_split\train\belly_pain\dunstan-eairh_17.wav,belly_pain/dunstan-eairh_17.wav,belly_pain,train,1,pitch_shift,"{""steps"":1.103853}",144,15015533342251651088,virtual:aug_957825d93e5b6eaafad8
aug_cd9cc2d334f4bff16feb,rec_4fb517e52369af00b8e9,D:\INFANT CRY\data_set_dbl_split\train\belly_pain\2754_M_eairh.wav,belly_pain/2754_M_eairh.wav,belly_pain,train,1,pitch_shift,"{""steps"":-0.915713}",145,7885760834449151511,virtual:aug_cd9cc2d334f4bff16feb
aug_e500bd03c46bb5ad28af,rec_0ddf3d9b53d6a320397d,D:\INFANT CRY\data_set_dbl_split\train\belly_pain\3326_F_eairh.wav,belly_pain/3326_F_eairh.wav,belly_pain,train,1,time_stretch,"{""rate"":1.076082}",146,11164147912656824631,virtual:aug_e500bd03c46bb5ad28af
aug_fe756f4492d5e7ad8cfd,rec_99c997cbc56d30a6f86a,D:\INFANT CRY\data_set_dbl_split\train\belly_pain\4463_F_eairh.wav,belly_pain/4463_F_eairh.wav,belly_pain,train,1,time_stretch,"{""rate"":0.918742}",147,16480975658926380524,virtual:aug_fe756f4492d5e7ad8cfd
aug_b583b53f9452fa36772d,rec_eb97e029b56da724a0bb,D:\INFANT CRY\data_set_dbl_split\train\belly_pain\838_F_eairh.wav,belly_pain/838_F_eairh.wav,belly_pain,train,1,time_shift,"{""fraction"":-0.0370049}",148,5479229542869103529,virtual:aug_b583b53f9452fa36772d
aug_c7e529cc36672ed20ae2,rec_cd47bf189e0812ab4c2a,D:\INFANT CRY\data_set_dbl_split\train\belly_pain\844_M_eairh.wav,belly_pain/844_M_eairh.wav,belly_pain,train,1,gaussian_noise,"{""noise_factor"":0.002265653}",149,17643172793766848075,virtual:aug_c7e529cc36672ed20ae2
aug_1782097cbda96f9c3516,rec_344f2459aa8a88a9964a,D:\INFANT CRY\data_set_dbl_split\train\belly_pain\228_M_eairh.wav,belly_pain/228_M_eairh.wav,belly_pain,train,1,pitch_shift,"{""steps"":1.858272}",150,7451077304276234873,virtual:aug_1782097cbda96f9c3516
aug_ac5f2d28b091b6c9962c,rec_f727cf87adcf68c78684,D:\INFANT CRY\data_set_dbl_split\train\belly_pain\1248_M_eairh.wav,belly_pain/1248_M_eairh.wav,belly_pain,train,1,pitch_shift,"{""steps"":-1.805042}",151,17703544213905135717,virtual:aug_ac5f2d28b091b6c9962c
aug_dd4cc977ec0c26dc9f2a,rec_81baca137ffa49fea0f0,D:\INFANT CRY\data_set_dbl_split\train\belly_pain\dunstan-eairh_5.wav,belly_pain/dunstan-eairh_5.wav,belly_pain,train,1,time_stretch,"{""rate"":1.217558}",152,18200569271524636406,virtual:aug_dd4cc977ec0c26dc9f2a
aug_e3da2d434b76845eac84,rec_49997b84581d28fe47cf,D:\INFANT CRY\data_set_dbl_split\train\belly_pain\1498_M_eairh.wav,belly_pain/1498_M_eairh.wav,belly_pain,train,1,time_stretch,"{""rate"":0.815588}",153,3806770541207836890,virtual:aug_e3da2d434b76845eac84
aug_4e946c44ab8afa4aae7a,rec_2fbe8d849db8271b15ba,D:\INFANT CRY\data_set_dbl_split\train\belly_pain\2901_M_eairh.wav,belly_pain/2901_M_eairh.wav,belly_pain,train,1,gaussian_noise,"{""noise_factor"":0.00439538}",154,4593655814578510630,virtual:aug_4e946c44ab8afa4aae7a
aug_fec3833f24edc7f6c124,rec_9897d60d93c5b1f8c62b,D:\INFANT CRY\data_set_dbl_split\train\belly_pain\dunstan-eairh_14.wav,belly_pain/dunstan-eairh_14.wav,belly_pain,train,1,pitch_shift,"{""steps"":0.975042}",155,15823112137831789408,virtual:aug_fec3833f24edc7f6c124
aug_80119bfdf642bc80dc6d,rec_01476f7d02dc9fb5bfc4,D:\INFANT CRY\data_set_dbl_split\train\belly_pain\1330_M_eairh.wav,belly_pain/1330_M_eairh.wav,belly_pain,train,1,pitch_shift,"{""steps"":-1.01513}",156,12103660165296657930,virtual:aug_80119bfdf642bc80dc6d
aug_486fb11db2f922988cb6,rec_0dcb14da74eee37cc249,D:\INFANT CRY\data_set_dbl_split\train\belly_pain\dunstan-eairh_24.wav,belly_pain/dunstan-eairh_24.wav,belly_pain,train,1,time_stretch,"{""rate"":1.081124}",157,13771044045776242809,virtual:aug_486fb11db2f922988cb6
aug_eebb478914411341805f,rec_537385263a6cfc438d37,D:\INFANT CRY\data_set_dbl_split\train\belly_pain\1084_M_eairh.wav,belly_pain/1084_M_eairh.wav,belly_pain,train,1,time_stretch,"{""rate"":0.899247}",158,7596658465261601719,virtual:aug_eebb478914411341805f
aug_bf9528cddeb845d0cb43,rec_aef5992e5f42844e0dda,D:\INFANT CRY\data_set_dbl_split\train\belly_pain\dunstan-eairh_53.wav,belly_pain/dunstan-eairh_53.wav,belly_pain,train,1,time_shift,"{""fraction"":-0.0781826}",159,6265235383981917471,virtual:aug_bf9528cddeb845d0cb43
aug_cca1955c761276fddeca,rec_975dd89a0e79348933f6,D:\INFANT CRY\data_set_dbl_split\train\belly_pain\dunstan-eairh_1.wav,belly_pain/dunstan-eairh_1.wav,belly_pain,train,1,gaussian_noise,"{""noise_factor"":0.00268914}",160,1489156149866669964,virtual:aug_cca1955c761276fddeca
aug_51a1ff1ee942d58e2f76,rec_f08400013ae835c03434,D:\INFANT CRY\data_set_dbl_split\train\belly_pain\dunstan-eairh_12.wav,belly_pain/dunstan-eairh_12.wav,belly_pain,train,1,pitch_shift,"{""steps"":2.000491}",161,17664264258832547271,virtual:aug_51a1ff1ee942d58e2f76
aug_110a0f5ed38201947dc9,rec_71271d173296dd73b1cc,D:\INFANT CRY\data_set_dbl_split\train\belly_pain\dunstan-eairh_49.wav,belly_pain/dunstan-eairh_49.wav,belly_pain,train,1,pitch_shift,"{""steps"":-1.97493}",162,18125219170885066733,virtual:aug_110a0f5ed38201947dc9
aug_2f80eaa6ae62b0d6143b,rec_a0848fd98077b24f5820,D:\INFANT CRY\data_set_dbl_split\train\belly_pain\1462_F_eairh.wav,belly_pain/1462_F_eairh.wav,belly_pain,train,1,time_stretch,"{""rate"":1.179543}",163,8749293446737496973,virtual:aug_2f80eaa6ae62b0d6143b
aug_c58d9d356b6d56f151e0,rec_dbafcb96ca6a87f36f52,D:\INFANT CRY\data_set_dbl_split\train\belly_pain\dunstan-eairh_39.wav,belly_pain/dunstan-eairh_39.wav,belly_pain,train,1,time_stretch,"{""rate"":0.792529}",164,16058251796696735637,virtual:aug_c58d9d356b6d56f151e0
aug_ccf382af4a212a507b28,rec_bb69c12272a7b5c6887b,D:\INFANT CRY\data_set_dbl_split\train\belly_pain\dunstan-eairh_6.wav,belly_pain/dunstan-eairh_6.wav,belly_pain,train,1,gaussian_noise,"{""noise_factor"":0.005405861}",165,6128397385311469586,virtual:aug_ccf382af4a212a507b28
aug_3c91ad895589082427d2,rec_983c3aa745cbf8ace922,D:\INFANT CRY\data_set_dbl_split\train\belly_pain\dunstan-eairh_22.wav,belly_pain/dunstan-eairh_22.wav,belly_pain,train,1,pitch_shift,"{""steps"":1.127515}",166,1121518380368733680,virtual:aug_3c91ad895589082427d2
aug_72988ef5ffb7f5260ec2,rec_bf373fe9b30b0dd92527,D:\INFANT CRY\data_set_dbl_split\train\belly_pain\407_M_eairh.wav,belly_pain/407_M_eairh.wav,belly_pain,train,1,pitch_shift,"{""steps"":-0.943397}",167,14678090062098694285,virtual:aug_72988ef5ffb7f5260ec2
aug_2ac401f61ff00e708cfe,rec_0c6c903753d565dac519,D:\INFANT CRY\data_set_dbl_split\train\belly_pain\3505_M_eairh.wav,belly_pain/3505_M_eairh.wav,belly_pain,train,1,time_stretch,"{""rate"":1.08025}",168,1652692805467893096,virtual:aug_2ac401f61ff00e708cfe
aug_187bea417c6d4ef5311a,rec_86e990c657f137ebbf87,D:\INFANT CRY\data_set_dbl_split\train\belly_pain\dunstan-eairh_20.wav,belly_pain/dunstan-eairh_20.wav,belly_pain,train,1,time_stretch,"{""rate"":0.910925}",169,7590773175920861724,virtual:aug_187bea417c6d4ef5311a
aug_b425016344be597e64e0,rec_6ddf02f097374f28d75a,D:\INFANT CRY\data_set_dbl_split\train\belly_pain\dunstan-eairh_4.wav,belly_pain/dunstan-eairh_4.wav,belly_pain,train,1,time_shift,"{""fraction"":0.0189944}",170,1683144632582884906,virtual:aug_b425016344be597e64e0
aug_dd80158c224b4046d40f,rec_a13b92fdc5317e0a51d9,D:\INFANT CRY\data_set_dbl_split\train\belly_pain\548_F_eairh.wav,belly_pain/548_F_eairh.wav,belly_pain,train,1,gaussian_noise,"{""noise_factor"":0.002153838}",171,4882090530629937752,virtual:aug_dd80158c224b4046d40f
aug_466863cb162958dd933d,rec_3be61b78079d39f26682,D:\INFANT CRY\data_set_dbl_split\train\belly_pain\4847_M_eairh.wav,belly_pain/4847_M_eairh.wav,belly_pain,train,1,pitch_shift,"{""steps"":1.979108}",172,9533921116997664661,virtual:aug_466863cb162958dd933d
aug_c57890e8576718c8e065,rec_5e6be8ab7bbd234bfa10,D:\INFANT CRY\data_set_dbl_split\train\belly_pain\323_M_eairh.wav,belly_pain/323_M_eairh.wav,belly_pain,train,1,pitch_shift,"{""steps"":-1.82334}",173,17824091953308915738,virtual:aug_c57890e8576718c8e065
aug_f3f9d6b2d2fee6fb29a2,rec_9ef4cab50c9a56e3bd9a,D:\INFANT CRY\data_set_dbl_split\train\belly_pain\4758_M_eairh.wav,belly_pain/4758_M_eairh.wav,belly_pain,train,1,time_stretch,"{""rate"":1.177447}",174,15920912263857671691,virtual:aug_f3f9d6b2d2fee6fb29a2
aug_b11f78a00419d6fb6f23,rec_bc25d1ebb8434b66682a,D:\INFANT CRY\data_set_dbl_split\train\belly_pain\2293_F_eairh.wav,belly_pain/2293_F_eairh.wav,belly_pain,train,1,time_stretch,"{""rate"":0.807118}",175,13391926933191694429,virtual:aug_b11f78a00419d6fb6f23
aug_fdfa1cb74990e5a72f92,rec_cdb8986fc6e0fa25ec62,D:\INFANT CRY\data_set_dbl_split\train\belly_pain\2644_M_eairh.wav,belly_pain/2644_M_eairh.wav,belly_pain,train,1,gaussian_noise,"{""noise_factor"":0.004720964}",176,2881838086706096906,virtual:aug_fdfa1cb74990e5a72f92
aug_81839c1b0c96118fa058,rec_a5ec4310f567f29fe0e6,D:\INFANT CRY\data_set_dbl_split\train\belly_pain\3482_M_eairh.wav,belly_pain/3482_M_eairh.wav,belly_pain,train,1,pitch_shift,"{""steps"":1.16899}",177,2663927151050657561,virtual:aug_81839c1b0c96118fa058
aug_d8d3e8926a8e56412df7,rec_df6f22b942b4fbdceea0,D:\INFANT CRY\data_set_dbl_split\train\belly_pain\318_M_eairh.wav,belly_pain/318_M_eairh.wav,belly_pain,train,1,pitch_shift,"{""steps"":-0.946801}",178,1857647089101506939,virtual:aug_d8d3e8926a8e56412df7
aug_eec56762a6a2f54e5f17,rec_c7ab84dc1e25a511f089,D:\INFANT CRY\data_set_dbl_split\train\belly_pain\3054_M_eairh.wav,belly_pain/3054_M_eairh.wav,belly_pain,train,1,time_stretch,"{""rate"":1.092987}",179,6066304806406596665,virtual:aug_eec56762a6a2f54e5f17
aug_dd93e4cbc68480ca2c63,rec_f3c9e9d220dc2e97e90a,D:\INFANT CRY\data_set_dbl_split\train\belly_pain\2760_F_eairh.wav,belly_pain/2760_F_eairh.wav,belly_pain,train,1,time_stretch,"{""rate"":0.880818}",180,2629626525686381166,virtual:aug_dd93e4cbc68480ca2c63
aug_57bcb0f4f6f9cbf3bd48,rec_8edd741f68bb4fc40004,D:\INFANT CRY\data_set_dbl_split\train\belly_pain\446_M_eairh.wav,belly_pain/446_M_eairh.wav,belly_pain,train,1,time_shift,"{""fraction"":-0.0599241}",181,9101783551791058269,virtual:aug_57bcb0f4f6f9cbf3bd48
aug_65d655cafed3a20181c7,rec_cd6ec618a07ea9574302,D:\INFANT CRY\data_set_dbl_split\train\belly_pain\2994_M_eairh.wav,belly_pain/2994_M_eairh.wav,belly_pain,train,1,gaussian_noise,"{""noise_factor"":0.002444503}",182,6976949231981492825,virtual:aug_65d655cafed3a20181c7
aug_229677d2c79b1d4c61a9,rec_fae98644f14f54a8f0a4,D:\INFANT CRY\data_set_dbl_split\train\belly_pain\3889_M_eairh.wav,belly_pain/3889_M_eairh.wav,belly_pain,train,1,pitch_shift,"{""steps"":1.804481}",183,11539017769935816178,virtual:aug_229677d2c79b1d4c61a9
aug_35e471c46213bf33f201,rec_a29eb2fa57b194483f26,D:\INFANT CRY\data_set_dbl_split\train\belly_pain\2101_M_eairh.wav,belly_pain/2101_M_eairh.wav,belly_pain,train,1,pitch_shift,"{""steps"":-2.175499}",184,14063402089067781741,virtual:aug_35e471c46213bf33f201
aug_502da1c130db046a250b,rec_6de25635db4018c640cb,D:\INFANT CRY\data_set_dbl_split\train\belly_pain\3077_F_eairh.wav,belly_pain/3077_F_eairh.wav,belly_pain,train,1,time_stretch,"{""rate"":1.196885}",185,1113889838541644612,virtual:aug_502da1c130db046a250b
aug_75af0c93289eccbcbb88,rec_9516de195d0ec83f4725,D:\INFANT CRY\data_set_dbl_split\train\belly_pain\3195_M_eairh.wav,belly_pain/3195_M_eairh.wav,belly_pain,train,1,time_stretch,"{""rate"":0.789642}",186,9752087909997313150,virtual:aug_75af0c93289eccbcbb88
aug_e512f9f925d57e8eed0f,rec_ba52e0a6338d8ae240d8,D:\INFANT CRY\data_set_dbl_split\train\belly_pain\dunstan-eairh_19.wav,belly_pain/dunstan-eairh_19.wav,belly_pain,train,1,gaussian_noise,"{""noise_factor"":0.004359013}",187,15865234314446711486,virtual:aug_e512f9f925d57e8eed0f
aug_f042077ae6aae80990c7,rec_b2242a410e34ac87e103,D:\INFANT CRY\data_set_dbl_split\train\belly_pain\dunstan-eairh_7.wav,belly_pain/dunstan-eairh_7.wav,belly_pain,train,1,pitch_shift,"{""steps"":0.800772}",188,2814209226433382039,virtual:aug_f042077ae6aae80990c7
aug_349ea654f97d692580ae,rec_07826f6464f9e0639207,D:\INFANT CRY\data_set_dbl_split\train\belly_pain\dunstan-eairh_3.wav,belly_pain/dunstan-eairh_3.wav,belly_pain,train,1,pitch_shift,"{""steps"":-1.174534}",189,669856977335323019,virtual:aug_349ea654f97d692580ae
aug_ed27217a290d887e409f,rec_fefa338d580873c2cd3e,D:\INFANT CRY\data_set_dbl_split\train\belly_pain\1190_M_eairh.wav,belly_pain/1190_M_eairh.wav,belly_pain,train,1,time_stretch,"{""rate"":1.123449}",190,1147890550293338114,virtual:aug_ed27217a290d887e409f
aug_b93329f0f3b598b954d1,rec_7bfbf6df11a5121ca4c9,D:\INFANT CRY\data_set_dbl_split\train\belly_pain\934_M_eairh.wav,belly_pain/934_M_eairh.wav,belly_pain,train,1,time_stretch,"{""rate"":0.883742}",191,3885365640592730860,virtual:aug_b93329f0f3b598b954d1
aug_11707c98d6723572a53c,rec_02cdbe8c0204373d3f9c,D:\INFANT CRY\data_set_dbl_split\train\belly_pain\dunstan-eairh_44.wav,belly_pain/dunstan-eairh_44.wav,belly_pain,train,1,time_shift,"{""fraction"":0.033685}",192,14981608367336745712,virtual:aug_11707c98d6723572a53c
aug_1e671c846fb79cccf260,rec_fac87a465c8472b089f6,D:\INFANT CRY\data_set_dbl_split\train\belly_pain\2250_F_eairh.wav,belly_pain/2250_F_eairh.wav,belly_pain,train,1,gaussian_noise,"{""noise_factor"":0.002352227}",193,16494956060011826292,virtual:aug_1e671c846fb79cccf260
aug_aafafedfca9e825f2b5d,rec_0bf28df218daf1ccd7d4,D:\INFANT CRY\data_set_dbl_split\train\belly_pain\dunstan-eairh_31.wav,belly_pain/dunstan-eairh_31.wav,belly_pain,train,1,pitch_shift,"{""steps"":2.098309}",194,4605845609488992429,virtual:aug_aafafedfca9e825f2b5d
aug_a276038eb561a87b56bc,rec_9b5466053393e9dbc382,D:\INFANT CRY\data_set_dbl_split\train\belly_pain\dunstan-eairh_23.wav,belly_pain/dunstan-eairh_23.wav,belly_pain,train,1,pitch_shift,"{""steps"":-2.085139}",195,12044524724716925494,virtual:aug_a276038eb561a87b56bc
aug_414d2e9820bc5020906c,rec_45acf6d12a71c4b85dfc,D:\INFANT CRY\data_set_dbl_split\train\belly_pain\dunstan-eairh_33.wav,belly_pain/dunstan-eairh_33.wav,belly_pain,train,1,time_stretch,"{""rate"":1.200585}",196,1954654590845543931,virtual:aug_414d2e9820bc5020906c
aug_0276ccb2876ce8062ea0,rec_4540c986f8cce2bafa2c,D:\INFANT CRY\data_set_dbl_split\train\belly_pain\1554_M_eairh.wav,belly_pain/1554_M_eairh.wav,belly_pain,train,1,time_stretch,"{""rate"":0.78738}",197,7316886194529194703,virtual:aug_0276ccb2876ce8062ea0
aug_cb7441fd739fb1df7c4c,rec_ab7a13884b2d82c96982,D:\INFANT CRY\data_set_dbl_split\train\belly_pain\3858_M_eairh.wav,belly_pain/3858_M_eairh.wav,belly_pain,train,1,gaussian_noise,"{""noise_factor"":0.004704217}",198,10839667309266438292,virtual:aug_cb7441fd739fb1df7c4c
aug_42e12505512e47410aee,rec_81fef69644989c4602c2,D:\INFANT CRY\data_set_dbl_split\train\belly_pain\4745_M_eairh.wav,belly_pain/4745_M_eairh.wav,belly_pain,train,1,pitch_shift,"{""steps"":1.155631}",199,1446950234687809449,virtual:aug_42e12505512e47410aee
aug_ff057c1d799dac2ac404,rec_43b3fbffb18394a3d9df,D:\INFANT CRY\data_set_dbl_split\train\belly_pain\dunstan-eairh_52.wav,belly_pain/dunstan-eairh_52.wav,belly_pain,train,1,pitch_shift,"{""steps"":-1.151591}",200,16022833556779712176,virtual:aug_ff057c1d799dac2ac404
aug_1443ac62ff947e1cff33,rec_4f5f3b672a3334ab6010,D:\INFANT CRY\data_set_dbl_split\train\belly_pain\4846_F_eairh.wav,belly_pain/4846_F_eairh.wav,belly_pain,train,1,time_stretch,"{""rate"":1.11694}",201,1459690413427105163,virtual:aug_1443ac62ff947e1cff33
aug_fa29f4d835c4df1688bf,rec_fdf6fac981d89bd04593,D:\INFANT CRY\data_set_dbl_split\train\belly_pain\3344_M_eairh.wav,belly_pain/3344_M_eairh.wav,belly_pain,train,1,time_stretch,"{""rate"":0.884958}",202,7160618218263539238,virtual:aug_fa29f4d835c4df1688bf
aug_67b3d225846ad66bf62f,rec_3c400a3cd8526f5968e2,D:\INFANT CRY\data_set_dbl_split\train\belly_pain\1321_F_eairh.wav,belly_pain/1321_F_eairh.wav,belly_pain,train,1,time_shift,"{""fraction"":0.027988}",203,7880309600746525325,virtual:aug_67b3d225846ad66bf62f
aug_be8f76e4263420c5ce4e,rec_9fe218fb42a48370949d,D:\INFANT CRY\data_set_dbl_split\train\belly_pain\476_M_eairh.wav,belly_pain/476_M_eairh.wav,belly_pain,train,1,gaussian_noise,"{""noise_factor"":0.002376845}",204,14552962657511407987,virtual:aug_be8f76e4263420c5ce4e
aug_bc4d1f98bd2f5ef962b3,rec_25708979c73d741b3abd,D:\INFANT CRY\data_set_dbl_split\train\belly_pain\2208_M_eairh.wav,belly_pain/2208_M_eairh.wav,belly_pain,train,1,pitch_shift,"{""steps"":2.180807}",205,14919603673011703848,virtual:aug_bc4d1f98bd2f5ef962b3
aug_9929ec30de62c3471627,rec_a81034a5fda8f72d3ad1,D:\INFANT CRY\data_set_dbl_split\train\belly_pain\287_F_eairh.wav,belly_pain/287_F_eairh.wav,belly_pain,train,1,pitch_shift,"{""steps"":-2.09853}",206,8236731809543948987,virtual:aug_9929ec30de62c3471627
aug_3037c2b1778072d03e87,rec_4771cea23a26a41b1167,D:\INFANT CRY\data_set_dbl_split\train\belly_pain\216_M_eairh.wav,belly_pain/216_M_eairh.wav,belly_pain,train,1,time_stretch,"{""rate"":1.199738}",207,5866222639793443721,virtual:aug_3037c2b1778072d03e87
aug_6b35f06bcd4f699f0873,rec_984c63597c96f9a7a5eb,D:\INFANT CRY\data_set_dbl_split\train\belly_pain\3319_M_eairh.wav,belly_pain/3319_M_eairh.wav,belly_pain,train,1,time_stretch,"{""rate"":0.785326}",208,12962340212962394601,virtual:aug_6b35f06bcd4f699f0873
aug_70ce1b77ea9e9dd934f4,rec_e28be47a3f49c072a427,D:\INFANT CRY\data_set_dbl_split\train\belly_pain\dunstan-eairh_8.wav,belly_pain/dunstan-eairh_8.wav,belly_pain,train,1,gaussian_noise,"{""noise_factor"":0.004773677}",209,17073891353608446091,virtual:aug_70ce1b77ea9e9dd934f4
aug_62d1e359419631731f86,rec_7c9fa2018ccd9fa62207,D:\INFANT CRY\data_set_dbl_split\train\belly_pain\3492_F_eairh.wav,belly_pain/3492_F_eairh.wav,belly_pain,train,1,pitch_shift,"{""steps"":1.123958}",210,1809730762321114885,virtual:aug_62d1e359419631731f86
aug_5a6e2a78b1e13c56348f,rec_cc6172b8bd33735c82c6,D:\INFANT CRY\data_set_dbl_split\train\belly_pain\2819_M_eairh.wav,belly_pain/2819_M_eairh.wav,belly_pain,train,1,pitch_shift,"{""steps"":-1.194425}",211,9249814027879412721,virtual:aug_5a6e2a78b1e13c56348f
aug_d38a41657684db27ed3c,rec_f3b17560413168dbbc98,D:\INFANT CRY\data_set_dbl_split\train\belly_pain\1197_M_eairh.wav,belly_pain/1197_M_eairh.wav,belly_pain,train,1,time_stretch,"{""rate"":1.121432}",212,2408770069947788350,virtual:aug_d38a41657684db27ed3c
aug_e20a3e8a45a889a89c78,rec_6a612fdb6f32216b009d,D:\INFANT CRY\data_set_dbl_split\train\belly_pain\dunstan-eairh_60.wav,belly_pain/dunstan-eairh_60.wav,belly_pain,train,1,time_stretch,"{""rate"":0.899522}",213,2831749118702488336,virtual:aug_e20a3e8a45a889a89c78
aug_4a76038f91a00d30d46a,rec_d433c8ac12980d0cc901,D:\INFANT CRY\data_set_dbl_split\train\belly_pain\3619_M_eairh.wav,belly_pain/3619_M_eairh.wav,belly_pain,train,1,time_shift,"{""fraction"":0.0374519}",214,11448137266333402417,virtual:aug_4a76038f91a00d30d46a
aug_d339b730608fbf904879,rec_1b0acd4606aae95bef48,D:\INFANT CRY\data_set_dbl_split\train\belly_pain\2987_F_eairh.wav,belly_pain/2987_F_eairh.wav,belly_pain,train,1,gaussian_noise,"{""noise_factor"":0.002527646}",215,4166520446323619933,virtual:aug_d339b730608fbf904879
aug_887475772ef965660f16,rec_dadefbf45bb8caa60b9e,D:\INFANT CRY\data_set_dbl_split\train\belly_pain\2269_M_eairh.wav,belly_pain/2269_M_eairh.wav,belly_pain,train,1,pitch_shift,"{""steps"":1.833436}",216,14878827759289905405,virtual:aug_887475772ef965660f16
aug_e072b0a54fec77158d12,rec_a4059f5ca3482bd507f9,D:\INFANT CRY\data_set_dbl_split\train\belly_pain\2217_M_eairh.wav,belly_pain/2217_M_eairh.wav,belly_pain,train,1,pitch_shift,"{""steps"":-2.025964}",217,4780985571870877608,virtual:aug_e072b0a54fec77158d12
aug_9f09850dff96309720c5,rec_dc2883d8ee245da07d43,D:\INFANT CRY\data_set_dbl_split\train\belly_pain\2243_M_eairh.wav,belly_pain/2243_M_eairh.wav,belly_pain,train,1,time_stretch,"{""rate"":1.194337}",218,12415419556046024832,virtual:aug_9f09850dff96309720c5
aug_c28c4d2e2a3e11ef08c9,rec_179925449a09539a329f,D:\INFANT CRY\data_set_dbl_split\train\belly_pain\dunstan-eairh_50.wav,belly_pain/dunstan-eairh_50.wav,belly_pain,train,1,time_stretch,"{""rate"":0.824221}",219,2936319208949839022,virtual:aug_c28c4d2e2a3e11ef08c9
aug_611bfc3d378494849d9e,rec_7923b3cade105f0c3c70,D:\INFANT CRY\data_set_dbl_split\train\belly_pain\2651_F_eairh.wav,belly_pain/2651_F_eairh.wav,belly_pain,train,1,gaussian_noise,"{""noise_factor"":0.004374263}",220,1746170033364235547,virtual:aug_611bfc3d378494849d9e
aug_76c7a56b3c9e3750a0c4,rec_74b947283511c8751b65,D:\INFANT CRY\data_set_dbl_split\train\belly_pain\2593_M_eairh.wav,belly_pain/2593_M_eairh.wav,belly_pain,train,1,pitch_shift,"{""steps"":1.195306}",221,5208434387056367964,virtual:aug_76c7a56b3c9e3750a0c4
aug_1530a8eb18b969b3c0d6,rec_cdcf04a52b20c44770ea,D:\INFANT CRY\data_set_dbl_split\train\belly_pain\2685_F_eairh.wav,belly_pain/2685_F_eairh.wav,belly_pain,train,1,pitch_shift,"{""steps"":-0.895244}",222,18303559049984004826,virtual:aug_1530a8eb18b969b3c0d6
aug_96735bcf29af2b0ffbd8,rec_bd2fd049120ea1834eaf,D:\INFANT CRY\data_set_dbl_split\train\belly_pain\3306_M_eairh.wav,belly_pain/3306_M_eairh.wav,belly_pain,train,1,time_stretch,"{""rate"":1.109235}",223,16448092915913341431,virtual:aug_96735bcf29af2b0ffbd8
aug_4cfb07304032e2d2e2c1,rec_774e95ea65e8ccac1202,D:\INFANT CRY\data_set_dbl_split\train\belly_pain\4684_M_eairh.wav,belly_pain/4684_M_eairh.wav,belly_pain,train,1,time_stretch,"{""rate"":0.921188}",224,3343484957895639844,virtual:aug_4cfb07304032e2d2e2c1
aug_b6f9c8f29848fd9dc9bb,rec_db04a08c8cb045de0940,D:\INFANT CRY\data_set_dbl_split\train\belly_pain\4896_M_eairh.wav,belly_pain/4896_M_eairh.wav,belly_pain,train,1,time_shift,"{""fraction"":-0.0946233}",225,961644570753923044,virtual:aug_b6f9c8f29848fd9dc9bb
aug_8a4960cabc0e9dab6a04,rec_d0cc3e578be11d2ca330,D:\INFANT CRY\data_set_dbl_split\train\belly_pain\dunstan-eairh_18.wav,belly_pain/dunstan-eairh_18.wav,belly_pain,train,1,gaussian_noise,"{""noise_factor"":0.002839473}",226,12605372088914787054,virtual:aug_8a4960cabc0e9dab6a04
aug_3a5e5cef4c293798dae0,rec_8cea211c8ae2584daf02,D:\INFANT CRY\data_set_dbl_split\train\belly_pain\1516_M_eairh.wav,belly_pain/1516_M_eairh.wav,belly_pain,train,1,pitch_shift,"{""steps"":2.1436}",227,2251519785680752583,virtual:aug_3a5e5cef4c293798dae0
aug_933c2f196853cca4a848,rec_b9167ff33ed6aa5cabea,D:\INFANT CRY\data_set_dbl_split\train\belly_pain\4452_F_eairh.wav,belly_pain/4452_F_eairh.wav,belly_pain,train,1,pitch_shift,"{""steps"":-1.941319}",228,7174678865325434611,virtual:aug_933c2f196853cca4a848
aug_3eb102035ccd0962e1c1,rec_d9029df6f0570483478b,D:\INFANT CRY\data_set_dbl_split\train\belly_pain\393_M_eairh.wav,belly_pain/393_M_eairh.wav,belly_pain,train,1,time_stretch,"{""rate"":1.191307}",229,7319178242555617611,virtual:aug_3eb102035ccd0962e1c1
aug_c0212cfb7b73df939196,rec_b97b97506a926108c4fb,D:\INFANT CRY\data_set_dbl_split\train\belly_pain\4511_F_eairh.wav,belly_pain/4511_F_eairh.wav,belly_pain,train,1,time_stretch,"{""rate"":0.794836}",230,7603155073069112989,virtual:aug_c0212cfb7b73df939196
aug_6ea06337a776c9547e50,rec_2730b77759b8808a6d27,D:\INFANT CRY\data_set_dbl_split\train\belly_pain\3786_M_eairh.wav,belly_pain/3786_M_eairh.wav,belly_pain,train,1,gaussian_noise,"{""noise_factor"":0.004947669}",231,9694171397800281859,virtual:aug_6ea06337a776c9547e50
aug_f7af32f1dd5876be33be,rec_519de6d134c08a715f7a,D:\INFANT CRY\data_set_dbl_split\train\belly_pain\4437_M_eairh.wav,belly_pain/4437_M_eairh.wav,belly_pain,train,1,pitch_shift,"{""steps"":0.915555}",232,8745258900530772495,virtual:aug_f7af32f1dd5876be33be
aug_6a024ab6d429b8d075b2,rec_728bae3265a2cb099ec1,D:\INFANT CRY\data_set_dbl_split\train\belly_pain\dunstan-eairh_38.wav,belly_pain/dunstan-eairh_38.wav,belly_pain,train,1,pitch_shift,"{""steps"":-1.176462}",233,14377329328950901137,virtual:aug_6a024ab6d429b8d075b2
aug_e30320543264123a96cf,rec_020faabb65976146dcf3,D:\INFANT CRY\data_set_dbl_split\train\belly_pain\2210_M_eairh.wav,belly_pain/2210_M_eairh.wav,belly_pain,train,1,time_stretch,"{""rate"":1.105581}",234,2460398298812684791,virtual:aug_e30320543264123a96cf
aug_5987849dcfcdb958da57,rec_88e4a7633c64c24b0e2a,D:\INFANT CRY\data_set_dbl_split\train\belly_pain\1353_M_eairh.wav,belly_pain/1353_M_eairh.wav,belly_pain,train,1,time_stretch,"{""rate"":0.892099}",235,18241757021032345705,virtual:aug_5987849dcfcdb958da57
aug_ae6b51bc98e23840ed10,rec_5d81264429765a29a2c1,D:\INFANT CRY\data_set_dbl_split\train\belly_pain\1370_M_eairh.wav,belly_pain/1370_M_eairh.wav,belly_pain,train,1,time_shift,"{""fraction"":-0.0104062}",236,11530788901070182784,virtual:aug_ae6b51bc98e23840ed10
aug_7cb28f09deef71413801,rec_6ac41708a7f3de4ed900,D:\INFANT CRY\data_set_dbl_split\train\belly_pain\dunstan-eairh_9.wav,belly_pain/dunstan-eairh_9.wav,belly_pain,train,1,gaussian_noise,"{""noise_factor"":0.002225585}",237,9625012632513668520,virtual:aug_7cb28f09deef71413801
aug_9cbea5b730984fe31fbe,rec_204a9c054278b9416f57,D:\INFANT CRY\data_set_dbl_split\train\belly_pain\dunstan-eairh_17.wav,belly_pain/dunstan-eairh_17.wav,belly_pain,train,1,pitch_shift,"{""steps"":1.981001}",238,6790245131430204023,virtual:aug_9cbea5b730984fe31fbe
aug_61882af75ea91c5a0c7f,rec_4fb517e52369af00b8e9,D:\INFANT CRY\data_set_dbl_split\train\belly_pain\2754_M_eairh.wav,belly_pain/2754_M_eairh.wav,belly_pain,train,1,pitch_shift,"{""steps"":-1.88203}",239,11632803047410844586,virtual:aug_61882af75ea91c5a0c7f
aug_153009367d21cf5c6241,rec_0ddf3d9b53d6a320397d,D:\INFANT CRY\data_set_dbl_split\train\belly_pain\3326_F_eairh.wav,belly_pain/3326_F_eairh.wav,belly_pain,train,1,time_stretch,"{""rate"":1.190631}",240,1546057262467838098,virtual:aug_153009367d21cf5c6241
aug_ca11a117d761798dfe7c,rec_99c997cbc56d30a6f86a,D:\INFANT CRY\data_set_dbl_split\train\belly_pain\4463_F_eairh.wav,belly_pain/4463_F_eairh.wav,belly_pain,train,1,time_stretch,"{""rate"":0.812625}",241,2704155457522908692,virtual:aug_ca11a117d761798dfe7c
aug_33b8eb0b0ff3a9e0e2bb,rec_eb97e029b56da724a0bb,D:\INFANT CRY\data_set_dbl_split\train\belly_pain\838_F_eairh.wav,belly_pain/838_F_eairh.wav,belly_pain,train,1,gaussian_noise,"{""noise_factor"":0.00508285}",242,741293604301792242,virtual:aug_33b8eb0b0ff3a9e0e2bb
aug_6a30161b52bf5984841f,rec_cd47bf189e0812ab4c2a,D:\INFANT CRY\data_set_dbl_split\train\belly_pain\844_M_eairh.wav,belly_pain/844_M_eairh.wav,belly_pain,train,1,pitch_shift,"{""steps"":0.818142}",243,14183491781122601329,virtual:aug_6a30161b52bf5984841f
aug_a44e4b5b0953ef7f8c4a,rec_344f2459aa8a88a9964a,D:\INFANT CRY\data_set_dbl_split\train\belly_pain\228_M_eairh.wav,belly_pain/228_M_eairh.wav,belly_pain,train,1,pitch_shift,"{""steps"":-0.983291}",244,14618458999134587322,virtual:aug_a44e4b5b0953ef7f8c4a
aug_fd7f41e4f25090651d51,rec_f727cf87adcf68c78684,D:\INFANT CRY\data_set_dbl_split\train\belly_pain\1248_M_eairh.wav,belly_pain/1248_M_eairh.wav,belly_pain,train,1,time_stretch,"{""rate"":1.114622}",245,12370824219350144874,virtual:aug_fd7f41e4f25090651d51
aug_e9ea0754e6f49eb5f7c6,rec_81baca137ffa49fea0f0,D:\INFANT CRY\data_set_dbl_split\train\belly_pain\dunstan-eairh_5.wav,belly_pain/dunstan-eairh_5.wav,belly_pain,train,1,time_stretch,"{""rate"":0.89135}",246,17369469362310037478,virtual:aug_e9ea0754e6f49eb5f7c6
aug_fe3902b9c332e10315ed,rec_49997b84581d28fe47cf,D:\INFANT CRY\data_set_dbl_split\train\belly_pain\1498_M_eairh.wav,belly_pain/1498_M_eairh.wav,belly_pain,train,1,time_shift,"{""fraction"":0.0194451}",247,6975178312254127336,virtual:aug_fe3902b9c332e10315ed
aug_ed36c7aae447f0d5b504,rec_2fbe8d849db8271b15ba,D:\INFANT CRY\data_set_dbl_split\train\belly_pain\2901_M_eairh.wav,belly_pain/2901_M_eairh.wav,belly_pain,train,1,gaussian_noise,"{""noise_factor"":0.002634089}",248,10232371582123799646,virtual:aug_ed36c7aae447f0d5b504
aug_fbf98da8d5a56688b617,rec_9897d60d93c5b1f8c62b,D:\INFANT CRY\data_set_dbl_split\train\belly_pain\dunstan-eairh_14.wav,belly_pain/dunstan-eairh_14.wav,belly_pain,train,1,pitch_shift,"{""steps"":1.898426}",249,7578660212801172891,virtual:aug_fbf98da8d5a56688b617
aug_4fde9190d7ef8c263729,rec_01476f7d02dc9fb5bfc4,D:\INFANT CRY\data_set_dbl_split\train\belly_pain\1330_M_eairh.wav,belly_pain/1330_M_eairh.wav,belly_pain,train,1,pitch_shift,"{""steps"":-2.098103}",250,13804123577631447736,virtual:aug_4fde9190d7ef8c263729
aug_7f5ea1487df1dee21604,rec_0dcb14da74eee37cc249,D:\INFANT CRY\data_set_dbl_split\train\belly_pain\dunstan-eairh_24.wav,belly_pain/dunstan-eairh_24.wav,belly_pain,train,1,time_stretch,"{""rate"":1.216693}",251,16251894481787350011,virtual:aug_7f5ea1487df1dee21604
aug_a9f3e613af96a9aa96ed,rec_537385263a6cfc438d37,D:\INFANT CRY\data_set_dbl_split\train\belly_pain\1084_M_eairh.wav,belly_pain/1084_M_eairh.wav,belly_pain,train,1,time_stretch,"{""rate"":0.80234}",252,1892388392062638000,virtual:aug_a9f3e613af96a9aa96ed
aug_e7513826cad88d1b9332,rec_aef5992e5f42844e0dda,D:\INFANT CRY\data_set_dbl_split\train\belly_pain\dunstan-eairh_53.wav,belly_pain/dunstan-eairh_53.wav,belly_pain,train,1,gaussian_noise,"{""noise_factor"":0.004961822}",253,15114332294717496218,virtual:aug_e7513826cad88d1b9332
aug_e5793496a2bbe8e960e0,rec_975dd89a0e79348933f6,D:\INFANT CRY\data_set_dbl_split\train\belly_pain\dunstan-eairh_1.wav,belly_pain/dunstan-eairh_1.wav,belly_pain,train,1,pitch_shift,"{""steps"":1.109999}",254,3517696433373000873,virtual:aug_e5793496a2bbe8e960e0
aug_272174265a6f3411d7a7,rec_f08400013ae835c03434,D:\INFANT CRY\data_set_dbl_split\train\belly_pain\dunstan-eairh_12.wav,belly_pain/dunstan-eairh_12.wav,belly_pain,train,1,pitch_shift,"{""steps"":-1.093461}",255,12211277948279700479,virtual:aug_272174265a6f3411d7a7
aug_875cffa9ecfdc29526fc,rec_71271d173296dd73b1cc,D:\INFANT CRY\data_set_dbl_split\train\belly_pain\dunstan-eairh_49.wav,belly_pain/dunstan-eairh_49.wav,belly_pain,train,1,time_stretch,"{""rate"":1.087005}",256,5208107389217197457,virtual:aug_875cffa9ecfdc29526fc
aug_126fbe7d6ba0cc9a3489,rec_a0848fd98077b24f5820,D:\INFANT CRY\data_set_dbl_split\train\belly_pain\1462_F_eairh.wav,belly_pain/1462_F_eairh.wav,belly_pain,train,1,time_stretch,"{""rate"":0.900509}",257,4719170461900058822,virtual:aug_126fbe7d6ba0cc9a3489
aug_8e165be7483a8e1fc5c1,rec_dbafcb96ca6a87f36f52,D:\INFANT CRY\data_set_dbl_split\train\belly_pain\dunstan-eairh_39.wav,belly_pain/dunstan-eairh_39.wav,belly_pain,train,1,time_shift,"{""fraction"":-0.0661625}",258,12756256806981342262,virtual:aug_8e165be7483a8e1fc5c1
aug_64035dcb4a1cff3ce0a0,rec_bb69c12272a7b5c6887b,D:\INFANT CRY\data_set_dbl_split\train\belly_pain\dunstan-eairh_6.wav,belly_pain/dunstan-eairh_6.wav,belly_pain,train,1,gaussian_noise,"{""noise_factor"":0.002250258}",259,15974186109197742359,virtual:aug_64035dcb4a1cff3ce0a0
aug_7dc0f8049006f46651ec,rec_983c3aa745cbf8ace922,D:\INFANT CRY\data_set_dbl_split\train\belly_pain\dunstan-eairh_22.wav,belly_pain/dunstan-eairh_22.wav,belly_pain,train,1,pitch_shift,"{""steps"":2.159741}",260,838961844647791266,virtual:aug_7dc0f8049006f46651ec
aug_5f842b443556c2115ac5,rec_bf373fe9b30b0dd92527,D:\INFANT CRY\data_set_dbl_split\train\belly_pain\407_M_eairh.wav,belly_pain/407_M_eairh.wav,belly_pain,train,1,pitch_shift,"{""steps"":-1.91347}",261,17192579625346859995,virtual:aug_5f842b443556c2115ac5
aug_9dd2b51175be9a7b4d8a,rec_0c6c903753d565dac519,D:\INFANT CRY\data_set_dbl_split\train\belly_pain\3505_M_eairh.wav,belly_pain/3505_M_eairh.wav,belly_pain,train,1,time_stretch,"{""rate"":1.219192}",262,5096223509527293666,virtual:aug_9dd2b51175be9a7b4d8a
aug_6b74e6ef3282a0ab414d,rec_86e990c657f137ebbf87,D:\INFANT CRY\data_set_dbl_split\train\belly_pain\dunstan-eairh_20.wav,belly_pain/dunstan-eairh_20.wav,belly_pain,train,1,time_stretch,"{""rate"":0.786455}",263,9831145915499500152,virtual:aug_6b74e6ef3282a0ab414d
aug_231177e22425b2c4c926,rec_6ddf02f097374f28d75a,D:\INFANT CRY\data_set_dbl_split\train\belly_pain\dunstan-eairh_4.wav,belly_pain/dunstan-eairh_4.wav,belly_pain,train,1,gaussian_noise,"{""noise_factor"":0.005569752}",264,14385592211453120725,virtual:aug_231177e22425b2c4c926
aug_3adb5072c5714888e7a4,rec_a13b92fdc5317e0a51d9,D:\INFANT CRY\data_set_dbl_split\train\belly_pain\548_F_eairh.wav,belly_pain/548_F_eairh.wav,belly_pain,train,1,pitch_shift,"{""steps"":1.109611}",265,11250974117781719693,virtual:aug_3adb5072c5714888e7a4
aug_9049910624f89633e0f7,rec_3be61b78079d39f26682,D:\INFANT CRY\data_set_dbl_split\train\belly_pain\4847_M_eairh.wav,belly_pain/4847_M_eairh.wav,belly_pain,train,1,pitch_shift,"{""steps"":-1.115108}",266,8071068927401335870,virtual:aug_9049910624f89633e0f7
aug_1cd73ab63425a5b7bf7e,rec_5e6be8ab7bbd234bfa10,D:\INFANT CRY\data_set_dbl_split\train\belly_pain\323_M_eairh.wav,belly_pain/323_M_eairh.wav,belly_pain,train,1,time_stretch,"{""rate"":1.111013}",267,7448882989226499701,virtual:aug_1cd73ab63425a5b7bf7e
aug_f8cf83058507c949b803,rec_9ef4cab50c9a56e3bd9a,D:\INFANT CRY\data_set_dbl_split\train\belly_pain\4758_M_eairh.wav,belly_pain/4758_M_eairh.wav,belly_pain,train,1,time_stretch,"{""rate"":0.922875}",268,880861473143108057,virtual:aug_f8cf83058507c949b803
aug_2313ee52cbf65b83a394,rec_bc25d1ebb8434b66682a,D:\INFANT CRY\data_set_dbl_split\train\belly_pain\2293_F_eairh.wav,belly_pain/2293_F_eairh.wav,belly_pain,train,1,time_shift,"{""fraction"":0.0916499}",269,3861809242776099546,virtual:aug_2313ee52cbf65b83a394
aug_5ff1201320ed51cc9e3e,rec_cdb8986fc6e0fa25ec62,D:\INFANT CRY\data_set_dbl_split\train\belly_pain\2644_M_eairh.wav,belly_pain/2644_M_eairh.wav,belly_pain,train,1,gaussian_noise,"{""noise_factor"":0.002648498}",270,18128778668324392359,virtual:aug_5ff1201320ed51cc9e3e
aug_e8fc5eb9b154f3d72019,rec_a5ec4310f567f29fe0e6,D:\INFANT CRY\data_set_dbl_split\train\belly_pain\3482_M_eairh.wav,belly_pain/3482_M_eairh.wav,belly_pain,train,1,pitch_shift,"{""steps"":1.986832}",271,8993829476512613999,virtual:aug_e8fc5eb9b154f3d72019
aug_8fc6a414b2459bdd1f30,rec_df6f22b942b4fbdceea0,D:\INFANT CRY\data_set_dbl_split\train\belly_pain\318_M_eairh.wav,belly_pain/318_M_eairh.wav,belly_pain,train,1,pitch_shift,"{""steps"":-2.104034}",272,9254053995202332832,virtual:aug_8fc6a414b2459bdd1f30
aug_acce71e47d2de684481c,rec_c7ab84dc1e25a511f089,D:\INFANT CRY\data_set_dbl_split\train\belly_pain\3054_M_eairh.wav,belly_pain/3054_M_eairh.wav,belly_pain,train,1,time_stretch,"{""rate"":1.177416}",273,5765480003229269223,virtual:aug_acce71e47d2de684481c
aug_32f87cf38c01575007b5,rec_f3c9e9d220dc2e97e90a,D:\INFANT CRY\data_set_dbl_split\train\belly_pain\2760_F_eairh.wav,belly_pain/2760_F_eairh.wav,belly_pain,train,1,time_stretch,"{""rate"":0.821715}",274,14189584271011042239,virtual:aug_32f87cf38c01575007b5
aug_eb84d06ee8cd5e9ff761,rec_8edd741f68bb4fc40004,D:\INFANT CRY\data_set_dbl_split\train\belly_pain\446_M_eairh.wav,belly_pain/446_M_eairh.wav,belly_pain,train,1,gaussian_noise,"{""noise_factor"":0.004795441}",275,4286438580610614509,virtual:aug_eb84d06ee8cd5e9ff761
aug_2cddf80de872625b5455,rec_cd6ec618a07ea9574302,D:\INFANT CRY\data_set_dbl_split\train\belly_pain\2994_M_eairh.wav,belly_pain/2994_M_eairh.wav,belly_pain,train,1,pitch_shift,"{""steps"":0.841045}",276,72423697943043830,virtual:aug_2cddf80de872625b5455
aug_059574d017605e69521f,rec_fae98644f14f54a8f0a4,D:\INFANT CRY\data_set_dbl_split\train\belly_pain\3889_M_eairh.wav,belly_pain/3889_M_eairh.wav,belly_pain,train,1,pitch_shift,"{""steps"":-1.011704}",277,10094763997832504355,virtual:aug_059574d017605e69521f
aug_264de7554ee25cc14180,rec_a29eb2fa57b194483f26,D:\INFANT CRY\data_set_dbl_split\train\belly_pain\2101_M_eairh.wav,belly_pain/2101_M_eairh.wav,belly_pain,train,1,time_stretch,"{""rate"":1.103749}",278,9435933505307561470,virtual:aug_264de7554ee25cc14180
aug_a0ae76a48c3754ddb6da,rec_6de25635db4018c640cb,D:\INFANT CRY\data_set_dbl_split\train\belly_pain\3077_F_eairh.wav,belly_pain/3077_F_eairh.wav,belly_pain,train,1,time_stretch,"{""rate"":0.88125}",279,10811489509501425798,virtual:aug_a0ae76a48c3754ddb6da
aug_f6f8ceb3eba6fc59e35c,rec_9516de195d0ec83f4725,D:\INFANT CRY\data_set_dbl_split\train\belly_pain\3195_M_eairh.wav,belly_pain/3195_M_eairh.wav,belly_pain,train,1,time_shift,"{""fraction"":0.0518587}",280,10450778995244750471,virtual:aug_f6f8ceb3eba6fc59e35c
aug_97e4acbe95fe1f5ef030,rec_ba52e0a6338d8ae240d8,D:\INFANT CRY\data_set_dbl_split\train\belly_pain\dunstan-eairh_19.wav,belly_pain/dunstan-eairh_19.wav,belly_pain,train,1,gaussian_noise,"{""noise_factor"":0.00248217}",281,309500968590065,virtual:aug_97e4acbe95fe1f5ef030
aug_34d734e69188f3ebe918,rec_b2242a410e34ac87e103,D:\INFANT CRY\data_set_dbl_split\train\belly_pain\dunstan-eairh_7.wav,belly_pain/dunstan-eairh_7.wav,belly_pain,train,1,pitch_shift,"{""steps"":1.911886}",282,2083814912061603860,virtual:aug_34d734e69188f3ebe918
aug_91e201fd898ecdbf2a7b,rec_07826f6464f9e0639207,D:\INFANT CRY\data_set_dbl_split\train\belly_pain\dunstan-eairh_3.wav,belly_pain/dunstan-eairh_3.wav,belly_pain,train,1,pitch_shift,"{""steps"":-1.908731}",283,17700672285099965777,virtual:aug_91e201fd898ecdbf2a7b
aug_62b95010ffd5354c18c9,rec_fefa338d580873c2cd3e,D:\INFANT CRY\data_set_dbl_split\train\belly_pain\1190_M_eairh.wav,belly_pain/1190_M_eairh.wav,belly_pain,train,1,time_stretch,"{""rate"":1.222028}",284,15774425203966396685,virtual:aug_62b95010ffd5354c18c9
aug_e431d87650d43d1b4b9b,rec_7bfbf6df11a5121ca4c9,D:\INFANT CRY\data_set_dbl_split\train\belly_pain\934_M_eairh.wav,belly_pain/934_M_eairh.wav,belly_pain,train,1,time_stretch,"{""rate"":0.779171}",285,16057248952596520994,virtual:aug_e431d87650d43d1b4b9b
aug_7d481e4b3efbddb07b2f,rec_02cdbe8c0204373d3f9c,D:\INFANT CRY\data_set_dbl_split\train\belly_pain\dunstan-eairh_44.wav,belly_pain/dunstan-eairh_44.wav,belly_pain,train,1,gaussian_noise,"{""noise_factor"":0.004695898}",286,15645018930030275896,virtual:aug_7d481e4b3efbddb07b2f
aug_779384cb3e329f8a6232,rec_fac87a465c8472b089f6,D:\INFANT CRY\data_set_dbl_split\train\belly_pain\2250_F_eairh.wav,belly_pain/2250_F_eairh.wav,belly_pain,train,1,pitch_shift,"{""steps"":1.017468}",287,10464581578237596948,virtual:aug_779384cb3e329f8a6232
aug_5cdfa32f6d6e92697134,rec_0bf28df218daf1ccd7d4,D:\INFANT CRY\data_set_dbl_split\train\belly_pain\dunstan-eairh_31.wav,belly_pain/dunstan-eairh_31.wav,belly_pain,train,1,pitch_shift,"{""steps"":-0.815748}",288,597417947982321120,virtual:aug_5cdfa32f6d6e92697134
aug_60e0315c68df46498f51,rec_9b5466053393e9dbc382,D:\INFANT CRY\data_set_dbl_split\train\belly_pain\dunstan-eairh_23.wav,belly_pain/dunstan-eairh_23.wav,belly_pain,train,1,time_stretch,"{""rate"":1.120185}",289,16021417700925311701,virtual:aug_60e0315c68df46498f51
aug_30854112c84ced0aa036,rec_45acf6d12a71c4b85dfc,D:\INFANT CRY\data_set_dbl_split\train\belly_pain\dunstan-eairh_33.wav,belly_pain/dunstan-eairh_33.wav,belly_pain,train,1,time_stretch,"{""rate"":0.900091}",290,18422218762962633771,virtual:aug_30854112c84ced0aa036
aug_473d4b6972d45ae108c3,rec_4540c986f8cce2bafa2c,D:\INFANT CRY\data_set_dbl_split\train\belly_pain\1554_M_eairh.wav,belly_pain/1554_M_eairh.wav,belly_pain,train,1,time_shift,"{""fraction"":-0.0567056}",291,9294208037240745837,virtual:aug_473d4b6972d45ae108c3
aug_71d2af28e5ed27722637,rec_ab7a13884b2d82c96982,D:\INFANT CRY\data_set_dbl_split\train\belly_pain\3858_M_eairh.wav,belly_pain/3858_M_eairh.wav,belly_pain,train,1,gaussian_noise,"{""noise_factor"":0.002867942}",292,8402652612419403822,virtual:aug_71d2af28e5ed27722637
aug_fed8b02890ce188007c8,rec_81fef69644989c4602c2,D:\INFANT CRY\data_set_dbl_split\train\belly_pain\4745_M_eairh.wav,belly_pain/4745_M_eairh.wav,belly_pain,train,1,pitch_shift,"{""steps"":2.179211}",293,5020418366171531341,virtual:aug_fed8b02890ce188007c8
aug_e34307838d31d34946d4,rec_43b3fbffb18394a3d9df,D:\INFANT CRY\data_set_dbl_split\train\belly_pain\dunstan-eairh_52.wav,belly_pain/dunstan-eairh_52.wav,belly_pain,train,1,pitch_shift,"{""steps"":-1.876918}",294,1355048845752554287,virtual:aug_e34307838d31d34946d4
aug_f40ae9fc235a8de0fea1,rec_4f5f3b672a3334ab6010,D:\INFANT CRY\data_set_dbl_split\train\belly_pain\4846_F_eairh.wav,belly_pain/4846_F_eairh.wav,belly_pain,train,1,time_stretch,"{""rate"":1.192627}",295,12970998177236971421,virtual:aug_f40ae9fc235a8de0fea1
aug_e761ab378ab5e533e5c9,rec_fdf6fac981d89bd04593,D:\INFANT CRY\data_set_dbl_split\train\belly_pain\3344_M_eairh.wav,belly_pain/3344_M_eairh.wav,belly_pain,train,1,time_stretch,"{""rate"":0.783315}",296,16100987984598823060,virtual:aug_e761ab378ab5e533e5c9
aug_74276fd1eee32a7ddc0a,rec_3c400a3cd8526f5968e2,D:\INFANT CRY\data_set_dbl_split\train\belly_pain\1321_F_eairh.wav,belly_pain/1321_F_eairh.wav,belly_pain,train,1,gaussian_noise,"{""noise_factor"":0.005526556}",297,6231532907150289846,virtual:aug_74276fd1eee32a7ddc0a
aug_8cdb18615aa4ef54b5a4,rec_9fe218fb42a48370949d,D:\INFANT CRY\data_set_dbl_split\train\belly_pain\476_M_eairh.wav,belly_pain/476_M_eairh.wav,belly_pain,train,1,pitch_shift,"{""steps"":1.091291}",298,11177423383378764926,virtual:aug_8cdb18615aa4ef54b5a4
aug_dc22d5232736eaf807de,rec_25708979c73d741b3abd,D:\INFANT CRY\data_set_dbl_split\train\belly_pain\2208_M_eairh.wav,belly_pain/2208_M_eairh.wav,belly_pain,train,1,pitch_shift,"{""steps"":-1.114998}",299,12839201595792954193,virtual:aug_dc22d5232736eaf807de
aug_10bb8e92b6815ce0b102,rec_a81034a5fda8f72d3ad1,D:\INFANT CRY\data_set_dbl_split\train\belly_pain\287_F_eairh.wav,belly_pain/287_F_eairh.wav,belly_pain,train,1,time_stretch,"{""rate"":1.085089}",300,8616598160175360760,virtual:aug_10bb8e92b6815ce0b102
aug_379dbaa53fb6a7195841,rec_4771cea23a26a41b1167,D:\INFANT CRY\data_set_dbl_split\train\belly_pain\216_M_eairh.wav,belly_pain/216_M_eairh.wav,belly_pain,train,1,time_stretch,"{""rate"":0.914668}",301,12506856585046013600,virtual:aug_379dbaa53fb6a7195841
aug_10c91ecfc3252be3a1d4,rec_984c63597c96f9a7a5eb,D:\INFANT CRY\data_set_dbl_split\train\belly_pain\3319_M_eairh.wav,belly_pain/3319_M_eairh.wav,belly_pain,train,1,time_shift,"{""fraction"":0.0746711}",302,4937557657433131413,virtual:aug_10c91ecfc3252be3a1d4
aug_cc2f4de32a3a504c06af,rec_e28be47a3f49c072a427,D:\INFANT CRY\data_set_dbl_split\train\belly_pain\dunstan-eairh_8.wav,belly_pain/dunstan-eairh_8.wav,belly_pain,train,1,gaussian_noise,"{""noise_factor"":0.002388105}",303,12713240106040334139,virtual:aug_cc2f4de32a3a504c06af
aug_8a5a84c6b2b2a02ab137,rec_7c9fa2018ccd9fa62207,D:\INFANT CRY\data_set_dbl_split\train\belly_pain\3492_F_eairh.wav,belly_pain/3492_F_eairh.wav,belly_pain,train,1,pitch_shift,"{""steps"":2.080655}",304,18328734545836758725,virtual:aug_8a5a84c6b2b2a02ab137
aug_2231a8aa9d7a397760ad,rec_cc6172b8bd33735c82c6,D:\INFANT CRY\data_set_dbl_split\train\belly_pain\2819_M_eairh.wav,belly_pain/2819_M_eairh.wav,belly_pain,train,1,pitch_shift,"{""steps"":-1.852993}",305,16772133187072485473,virtual:aug_2231a8aa9d7a397760ad
aug_f1ac8400f5517a3d1585,rec_f3b17560413168dbbc98,D:\INFANT CRY\data_set_dbl_split\train\belly_pain\1197_M_eairh.wav,belly_pain/1197_M_eairh.wav,belly_pain,train,1,time_stretch,"{""rate"":1.216245}",306,5766446339258463142,virtual:aug_f1ac8400f5517a3d1585
aug_5222d8569ab26d3e577d,rec_6a612fdb6f32216b009d,D:\INFANT CRY\data_set_dbl_split\train\belly_pain\dunstan-eairh_60.wav,belly_pain/dunstan-eairh_60.wav,belly_pain,train,1,time_stretch,"{""rate"":0.809295}",307,16428256865253098906,virtual:aug_5222d8569ab26d3e577d
aug_b9ff50186205be2761d6,rec_d433c8ac12980d0cc901,D:\INFANT CRY\data_set_dbl_split\train\belly_pain\3619_M_eairh.wav,belly_pain/3619_M_eairh.wav,belly_pain,train,1,gaussian_noise,"{""noise_factor"":0.00496978}",308,4266734742827013751,virtual:aug_b9ff50186205be2761d6
aug_6ccc41d1c63cec33c2ee,rec_1b0acd4606aae95bef48,D:\INFANT CRY\data_set_dbl_split\train\belly_pain\2987_F_eairh.wav,belly_pain/2987_F_eairh.wav,belly_pain,train,1,pitch_shift,"{""steps"":1.134103}",309,9993951089679121573,virtual:aug_6ccc41d1c63cec33c2ee
aug_ef09f456a5dd6abe5a99,rec_dadefbf45bb8caa60b9e,D:\INFANT CRY\data_set_dbl_split\train\belly_pain\2269_M_eairh.wav,belly_pain/2269_M_eairh.wav,belly_pain,train,1,pitch_shift,"{""steps"":-0.898932}",310,17008203057746480433,virtual:aug_ef09f456a5dd6abe5a99
aug_a6365bc5bcf7536ee0d9,rec_02274f883a160366ffcc,D:\INFANT CRY\data_set_dbl_split\train\burping\1650_M_eh.wav,burping/1650_M_eh.wav,burping,train,1,gaussian_noise,"{""noise_factor"":0.005238936}",0,10986411114837568468,virtual:aug_a6365bc5bcf7536ee0d9
aug_9dda121311759701a324,rec_fbef8f5e2003e3f7e55d,D:\INFANT CRY\data_set_dbl_split\train\burping\3163_F_eh.wav,burping/3163_F_eh.wav,burping,train,1,pitch_shift,"{""steps"":1.018994}",1,14292645476756068053,virtual:aug_9dda121311759701a324
aug_375729b989168a7b99fa,rec_f270ae8ed465b729fd80,D:\INFANT CRY\data_set_dbl_split\train\burping\dunstan-eh_18.wav,burping/dunstan-eh_18.wav,burping,train,1,pitch_shift,"{""steps"":-0.847325}",2,935833913900899612,virtual:aug_375729b989168a7b99fa
aug_bb5ef06a337334fc12e9,rec_c34b88121001eab934e2,D:\INFANT CRY\data_set_dbl_split\train\burping\2915_M_eh.wav,burping/2915_M_eh.wav,burping,train,1,time_stretch,"{""rate"":1.083505}",3,10171884062727843555,virtual:aug_bb5ef06a337334fc12e9
aug_4331dd1f0840435c19db,rec_e890ba788c3dcf653f72,D:\INFANT CRY\data_set_dbl_split\train\burping\3429_F_eh.wav,burping/3429_F_eh.wav,burping,train,1,time_stretch,"{""rate"":0.89598}",4,1754698993741331584,virtual:aug_4331dd1f0840435c19db
aug_55e62b0bcd51e8288b1a,rec_33873b0c0a625be21a8e,D:\INFANT CRY\data_set_dbl_split\train\burping\4655_M_eh.wav,burping/4655_M_eh.wav,burping,train,1,time_shift,"{""fraction"":-0.0678394}",5,4160144666242175555,virtual:aug_55e62b0bcd51e8288b1a
aug_23eb91a06f57c2b2061b,rec_7d9becd3a9a4b0da6a50,D:\INFANT CRY\data_set_dbl_split\train\burping\2117_M_eh.wav,burping/2117_M_eh.wav,burping,train,1,gaussian_noise,"{""noise_factor"":0.002720029}",6,11480547636882926675,virtual:aug_23eb91a06f57c2b2061b
aug_c64c0d482bfba204d2a4,rec_88affcb3e287f0433132,D:\INFANT CRY\data_set_dbl_split\train\burping\1717_F_eh.wav,burping/1717_F_eh.wav,burping,train,1,pitch_shift,"{""steps"":1.999916}",7,4201715824466212754,virtual:aug_c64c0d482bfba204d2a4
aug_b76dd9d4de2bef9a5673,rec_aa640949ec798068cbcb,D:\INFANT CRY\data_set_dbl_split\train\burping\1836_M_eh.wav,burping/1836_M_eh.wav,burping,train,1,pitch_shift,"{""steps"":-1.91426}",8,2518352646688165860,virtual:aug_b76dd9d4de2bef9a5673
aug_d5895e12bbbeaee7d3c2,rec_abb08076329044d38a78,D:\INFANT CRY\data_set_dbl_split\train\burping\1899_M_eh.wav,burping/1899_M_eh.wav,burping,train,1,time_stretch,"{""rate"":1.205069}",9,17683760567731925365,virtual:aug_d5895e12bbbeaee7d3c2
aug_6464bf0f7487630779c9,rec_30ab2bd552cfc2d7e12b,D:\INFANT CRY\data_set_dbl_split\train\burping\3184_M_eh.wav,burping/3184_M_eh.wav,burping,train,1,time_stretch,"{""rate"":0.801315}",10,439004877759628354,virtual:aug_6464bf0f7487630779c9
aug_61881cd7c07a0b253457,rec_4c788d6451459c6d7475,D:\INFANT CRY\data_set_dbl_split\train\burping\231_M_eh.wav,burping/231_M_eh.wav,burping,train,1,gaussian_noise,"{""noise_factor"":0.005379725}",11,6665163318911031552,virtual:aug_61881cd7c07a0b253457
aug_9e60a2ba3b77c74a051a,rec_c486f7a4a819eb438fe8,D:\INFANT CRY\data_set_dbl_split\train\burping\2959_M_eh.wav,burping/2959_M_eh.wav,burping,train,1,pitch_shift,"{""steps"":1.017679}",12,13722368666962170947,virtual:aug_9e60a2ba3b77c74a051a
aug_1cb361e6e01600123bc3,rec_c2ca957db2b55f01ab5b,D:\INFANT CRY\data_set_dbl_split\train\burping\642_M_eh.wav,burping/642_M_eh.wav,burping,train,1,pitch_shift,"{""steps"":-1.191979}",13,15059450694290669064,virtual:aug_1cb361e6e01600123bc3
aug_88134a3a7ea9f54e6b7d,rec_a24e5a4c484b184c3af7,D:\INFANT CRY\data_set_dbl_split\train\burping\2164_M_eh.wav,burping/2164_M_eh.wav,burping,train,1,time_stretch,"{""rate"":1.094626}",14,14338190896150509162,virtual:aug_88134a3a7ea9f54e6b7d
aug_1e2c865ca15b373cbb96,rec_180d2118e85a66b32a32,D:\INFANT CRY\data_set_dbl_split\train\burping\805_M_eh.wav,burping/805_M_eh.wav,burping,train,1,time_stretch,"{""rate"":0.885903}",15,4584050980235462968,virtual:aug_1e2c865ca15b373cbb96
aug_99936bc6ad83bb4a1171,rec_fd4381d8731ddf4435b8,D:\INFANT CRY\data_set_dbl_split\train\burping\dunstan-eh_25.wav,burping/dunstan-eh_25.wav,burping,train,1,time_shift,"{""fraction"":-0.0959113}",16,16430219218692501082,virtual:aug_99936bc6ad83bb4a1171
aug_f408928c5ef296c18f33,rec_398f102ae45404e1b33a,D:\INFANT CRY\data_set_dbl_split\train\burping\3948_M_eh.wav,burping/3948_M_eh.wav,burping,train,1,gaussian_noise,"{""noise_factor"":0.002700335}",17,17015795337669794894,virtual:aug_f408928c5ef296c18f33
aug_77a2168d4fcf6a4391bb,rec_d138f7e7049b5fee47f8,D:\INFANT CRY\data_set_dbl_split\train\burping\4177_M_eh.wav,burping/4177_M_eh.wav,burping,train,1,pitch_shift,"{""steps"":2.025567}",18,17874628298331434865,virtual:aug_77a2168d4fcf6a4391bb
aug_4943ea536a167959cd5c,rec_9a29e2de6a245ee391e5,D:\INFANT CRY\data_set_dbl_split\train\burping\1117_M_eh.wav,burping/1117_M_eh.wav,burping,train,1,pitch_shift,"{""steps"":-1.909065}",19,11991957000229443829,virtual:aug_4943ea536a167959cd5c
aug_1126b7742c934c0f7eb2,rec_9e6e29b19c03296b74f8,D:\INFANT CRY\data_set_dbl_split\train\burping\2321_M_eh.wav,burping/2321_M_eh.wav,burping,train,1,time_stretch,"{""rate"":1.176769}",20,1537906042065718878,virtual:aug_1126b7742c934c0f7eb2
aug_7c3c4b69db17b7331e03,rec_28f10489f167e0cf28ed,D:\INFANT CRY\data_set_dbl_split\train\burping\3269_F_eh.wav,burping/3269_F_eh.wav,burping,train,1,time_stretch,"{""rate"":0.814824}",21,1848034149335796228,virtual:aug_7c3c4b69db17b7331e03
aug_72a2c36ca9d388ac931b,rec_69a30e7d7377d2349a7e,D:\INFANT CRY\data_set_dbl_split\train\burping\3070_M_eh.wav,burping/3070_M_eh.wav,burping,train,1,gaussian_noise,"{""noise_factor"":0.004829098}",22,3635148813106704805,virtual:aug_72a2c36ca9d388ac931b
aug_88967042fea4d9774c8b,rec_cb791979b42c6631a24b,D:\INFANT CRY\data_set_dbl_split\train\burping\919_M_eh.wav,burping/919_M_eh.wav,burping,train,1,pitch_shift,"{""steps"":0.887208}",23,2742634685772246520,virtual:aug_88967042fea4d9774c8b
aug_2ac4087a7ef62022eaa5,rec_d87509cfc191a34d274c,D:\INFANT CRY\data_set_dbl_split\train\burping\4290_M_eh.wav,burping/4290_M_eh.wav,burping,train,1,pitch_shift,"{""steps"":-0.844246}",24,5351697484001577804,virtual:aug_2ac4087a7ef62022eaa5
aug_546c2cba7929b4afe3bd,rec_9a232059ad8ce3d58fa8,D:\INFANT CRY\data_set_dbl_split\train\burping\3429_M_eh.wav,burping/3429_M_eh.wav,burping,train,1,time_stretch,"{""rate"":1.096289}",25,1403310013628825767,virtual:aug_546c2cba7929b4afe3bd
aug_6faa89b4e3a17afd02cb,rec_80aa4905086476d9ee4e,D:\INFANT CRY\data_set_dbl_split\train\burping\3368_M_eh.wav,burping/3368_M_eh.wav,burping,train,1,time_stretch,"{""rate"":0.900395}",26,8434982250348520305,virtual:aug_6faa89b4e3a17afd02cb
aug_7916b5f457787830414b,rec_e0bd95966c0c5da7f134,D:\INFANT CRY\data_set_dbl_split\train\burping\4468_F_eh.wav,burping/4468_F_eh.wav,burping,train,1,time_shift,"{""fraction"":0.0246367}",27,12332606710134372740,virtual:aug_7916b5f457787830414b
aug_b17b0ab483ca4591ca13,rec_f563132c4a35d9e664db,D:\INFANT CRY\data_set_dbl_split\train\burping\3471_M_eh.wav,burping/3471_M_eh.wav,burping,train,1,gaussian_noise,"{""noise_factor"":0.002217617}",28,5100182626190448526,virtual:aug_b17b0ab483ca4591ca13
aug_252b1111cfa10e62f312,rec_812a143c52108fd80d82,D:\INFANT CRY\data_set_dbl_split\train\burping\2106_M_eh.wav,burping/2106_M_eh.wav,burping,train,1,pitch_shift,"{""steps"":2.053368}",29,3066946815498076712,virtual:aug_252b1111cfa10e62f312
aug_f5e8da071e33f8b471d6,rec_c2d0c914aa634399fe02,D:\INFANT CRY\data_set_dbl_split\train\burping\3681_M_eh.wav,burping/3681_M_eh.wav,burping,train,1,pitch_shift,"{""steps"":-2.003529}",30,15110356331792027440,virtual:aug_f5e8da071e33f8b471d6
aug_2fbbe188a2cc15ff1a83,rec_bec84197dab7554371b2,D:\INFANT CRY\data_set_dbl_split\train\burping\1546_M_eh.wav,burping/1546_M_eh.wav,burping,train,1,time_stretch,"{""rate"":1.205242}",31,3932988075874431866,virtual:aug_2fbbe188a2cc15ff1a83
aug_bbfbcdcbf2410c7fae6d,rec_fbd8c164275be77b1eeb,D:\INFANT CRY\data_set_dbl_split\train\burping\3420_M_eh.wav,burping/3420_M_eh.wav,burping,train,1,time_stretch,"{""rate"":0.798095}",32,671943090945664969,virtual:aug_bbfbcdcbf2410c7fae6d
aug_95214925df5bd6ec3548,rec_8c0705fd9b6663835196,D:\INFANT CRY\data_set_dbl_split\train\burping\1501_M_eh.wav,burping/1501_M_eh.wav,burping,train,1,gaussian_noise,"{""noise_factor"":0.005691192}",33,2491542651827752713,virtual:aug_95214925df5bd6ec3548
aug_6c1f16c984f605264092,rec_1b2cfce0d8829eddad7e,D:\INFANT CRY\data_set_dbl_split\train\burping\1480_F_eh.wav,burping/1480_F_eh.wav,burping,train,1,pitch_shift,"{""steps"":1.139247}",34,13794059931047211032,virtual:aug_6c1f16c984f605264092
aug_5e0abb4cabc8f3a00c11,rec_c38fa1511dbf3ebaa184,D:\INFANT CRY\data_set_dbl_split\train\burping\1869_M_eh.wav,burping/1869_M_eh.wav,burping,train,1,pitch_shift,"{""steps"":-1.18591}",35,467132456243518188,virtual:aug_5e0abb4cabc8f3a00c11
aug_14b2742ac743d1b991db,rec_6283b5f850c67ab736d9,D:\INFANT CRY\data_set_dbl_split\train\burping\4480_M_eh.wav,burping/4480_M_eh.wav,burping,train,1,time_stretch,"{""rate"":1.114032}",36,18303980679270952777,virtual:aug_14b2742ac743d1b991db
aug_9efdeaec3904689d2dc5,rec_e5053874909e75e7cdae,D:\INFANT CRY\data_set_dbl_split\train\burping\819_F_eh.wav,burping/819_F_eh.wav,burping,train,1,time_stretch,"{""rate"":0.918498}",37,6753406679424971820,virtual:aug_9efdeaec3904689d2dc5
aug_aa3c154541f8a70270d2,rec_a61b1c034874488205af,D:\INFANT CRY\data_set_dbl_split\train\burping\801_F_eh.wav,burping/801_F_eh.wav,burping,train,1,time_shift,"{""fraction"":0.0860386}",38,15327445917304081345,virtual:aug_aa3c154541f8a70270d2
aug_cd8d11517e1fd0f140e8,rec_1bbceca863aee49901ac,D:\INFANT CRY\data_set_dbl_split\train\burping\1661_M_eh.wav,burping/1661_M_eh.wav,burping,train,1,gaussian_noise,"{""noise_factor"":0.0026082}",39,6083316403782799613,virtual:aug_cd8d11517e1fd0f140e8
aug_1462ee68c9bf22771c4d,rec_b5c186f6a11ea24233fb,D:\INFANT CRY\data_set_dbl_split\train\burping\2272_M_eh.wav,burping/2272_M_eh.wav,burping,train,1,pitch_shift,"{""steps"":1.946189}",40,3891157207773791698,virtual:aug_1462ee68c9bf22771c4d
aug_3ea0513fe30c4e167692,rec_8405ff9deb2601ec3688,D:\INFANT CRY\data_set_dbl_split\train\burping\3263_F_eh.wav,burping/3263_F_eh.wav,burping,train,1,pitch_shift,"{""steps"":-1.829565}",41,17219628130695041912,virtual:aug_3ea0513fe30c4e167692
aug_122b718ac14ea878e599,rec_ec599e0cd6f23f0d78c2,D:\INFANT CRY\data_set_dbl_split\train\burping\3663_F_eh.wav,burping/3663_F_eh.wav,burping,train,1,time_stretch,"{""rate"":1.21939}",42,2386974422210174424,virtual:aug_122b718ac14ea878e599
aug_41265a5a31ddb3dd4aa4,rec_63a5ffd4b62830708b3e,D:\INFANT CRY\data_set_dbl_split\train\burping\4129_M_eh.wav,burping/4129_M_eh.wav,burping,train,1,time_stretch,"{""rate"":0.786467}",43,6698957524208539086,virtual:aug_41265a5a31ddb3dd4aa4
aug_fdc1e7bb12c90fef4235,rec_fef045ea86ed1d26ca57,D:\INFANT CRY\data_set_dbl_split\train\burping\855_M_eh.wav,burping/855_M_eh.wav,burping,train,1,gaussian_noise,"{""noise_factor"":0.004771461}",44,11076439146381687659,virtual:aug_fdc1e7bb12c90fef4235
aug_b7fd4af40f77c5db4c84,rec_1fa454041cb2b6209768,D:\INFANT CRY\data_set_dbl_split\train\burping\691_M_eh.wav,burping/691_M_eh.wav,burping,train,1,pitch_shift,"{""steps"":1.00397}",45,6324113184407188504,virtual:aug_b7fd4af40f77c5db4c84
aug_ced7a5afba5d0a96a780,rec_ae241ae526411ad2be05,D:\INFANT CRY\data_set_dbl_split\train\burping\3233_M_eh.wav,burping/3233_M_eh.wav,burping,train,1,pitch_shift,"{""steps"":-0.984518}",46,12700644287693146658,virtual:aug_ced7a5afba5d0a96a780
aug_2ff8126fa4d23d161501,rec_165d844150d1c38e7964,D:\INFANT CRY\data_set_dbl_split\train\burping\dunstan-eh_4.wav,burping/dunstan-eh_4.wav,burping,train,1,time_stretch,"{""rate"":1.078822}",47,5312413662545128467,virtual:aug_2ff8126fa4d23d161501
aug_5479946a98708f1040cd,rec_adbe9b64dc28a2d959a6,D:\INFANT CRY\data_set_dbl_split\train\burping\2793_M_eh.wav,burping/2793_M_eh.wav,burping,train,1,time_stretch,"{""rate"":0.875923}",48,14137863471791328701,virtual:aug_5479946a98708f1040cd
aug_6f5427e6a27ad3549a6c,rec_4f3aebbda6b4c987c96d,D:\INFANT CRY\data_set_dbl_split\train\burping\4643_M_eh.wav,burping/4643_M_eh.wav,burping,train,1,time_shift,"{""fraction"":-0.0935471}",49,12761913744465880369,virtual:aug_6f5427e6a27ad3549a6c
aug_45e6694085bd97a888f0,rec_6b454294a8664471f946,D:\INFANT CRY\data_set_dbl_split\train\burping\3153_F_eh.wav,burping/3153_F_eh.wav,burping,train,1,gaussian_noise,"{""noise_factor"":0.002643318}",50,11454704396260143175,virtual:aug_45e6694085bd97a888f0
aug_3459c0143ef074027d8c,rec_8fa03b0b1122bc99fa71,D:\INFANT CRY\data_set_dbl_split\train\burping\3335_M_eh.wav,burping/3335_M_eh.wav,burping,train,1,pitch_shift,"{""steps"":2.036543}",51,4356045570414576777,virtual:aug_3459c0143ef074027d8c
aug_e8e671d22a649f726c51,rec_c02402c6d2a894138d12,D:\INFANT CRY\data_set_dbl_split\train\burping\2563_M_eh.wav,burping/2563_M_eh.wav,burping,train,1,pitch_shift,"{""steps"":-2.177266}",52,1931121387425870840,virtual:aug_e8e671d22a649f726c51
aug_11b777a39a842a351269,rec_1b0eec91879fb66550c3,D:\INFANT CRY\data_set_dbl_split\train\burping\151_F_eh.wav,burping/151_F_eh.wav,burping,train,1,time_stretch,"{""rate"":1.177828}",53,11309684682510352285,virtual:aug_11b777a39a842a351269
aug_ac87f338fab5ed920ce0,rec_647be7ff75e4bcb282e3,D:\INFANT CRY\data_set_dbl_split\train\burping\2159_M_eh.wav,burping/2159_M_eh.wav,burping,train,1,time_stretch,"{""rate"":0.799597}",54,3216082616118263141,virtual:aug_ac87f338fab5ed920ce0
aug_36b6d7eb9abc7e84918f,rec_9445293072e9382ce647,D:\INFANT CRY\data_set_dbl_split\train\burping\1460_M_eh.wav,burping/1460_M_eh.wav,burping,train,1,gaussian_noise,"{""noise_factor"":0.004793915}",55,823219125815500472,virtual:aug_36b6d7eb9abc7e84918f
aug_bd899e696183fae62eb5,rec_eebb212fc609ed557451,D:\INFANT CRY\data_set_dbl_split\train\burping\463_M_eh.wav,burping/463_M_eh.wav,burping,train,1,pitch_shift,"{""steps"":1.151417}",56,13469896022219513315,virtual:aug_bd899e696183fae62eb5
aug_5193ef9ea1db3cd02390,rec_c65736eefe0e47e5bb86,D:\INFANT CRY\data_set_dbl_split\train\burping\1807_M_eh.wav,burping/1807_M_eh.wav,burping,train,1,pitch_shift,"{""steps"":-0.938223}",57,11043961962816548243,virtual:aug_5193ef9ea1db3cd02390
aug_61c845dfa326dbdad63a,rec_91a8baa5de8351206dc1,D:\INFANT CRY\data_set_dbl_split\train\burping\1310_M_eh.wav,burping/1310_M_eh.wav,burping,train,1,time_stretch,"{""rate"":1.105462}",58,3792643074284832630,virtual:aug_61c845dfa326dbdad63a
aug_5a8d85e233c01c2a3422,rec_09745ee499f542515c18,D:\INFANT CRY\data_set_dbl_split\train\burping\223_M_eh.wav,burping/223_M_eh.wav,burping,train,1,time_stretch,"{""rate"":0.889621}",59,11915044228130567315,virtual:aug_5a8d85e233c01c2a3422
aug_46995e2c911a3b0febc2,rec_126e90d799b24e11f498,D:\INFANT CRY\data_set_dbl_split\train\burping\1891_M_eh.wav,burping/1891_M_eh.wav,burping,train,1,time_shift,"{""fraction"":-0.0036133}",60,1530317648736064094,virtual:aug_46995e2c911a3b0febc2
aug_919c64f31fb0870269c1,rec_1eb9fd4af465d3df769d,D:\INFANT CRY\data_set_dbl_split\train\burping\306_M_eh.wav,burping/306_M_eh.wav,burping,train,1,gaussian_noise,"{""noise_factor"":0.002628706}",61,17780745187119571357,virtual:aug_919c64f31fb0870269c1
aug_a51d25674a0764b195cb,rec_459bb2953e87065146b1,D:\INFANT CRY\data_set_dbl_split\train\burping\1959_M_eh.wav,burping/1959_M_eh.wav,burping,train,1,pitch_shift,"{""steps"":1.913829}",62,1413039424489854622,virtual:aug_a51d25674a0764b195cb
aug_946f8f2814b0332f9527,rec_8cede20c0b7f85203c3e,D:\INFANT CRY\data_set_dbl_split\train\burping\799_M_eh.wav,burping/799_M_eh.wav,burping,train,1,pitch_shift,"{""steps"":-1.90186}",63,11705145856326454147,virtual:aug_946f8f2814b0332f9527
aug_2cb067a476d261ed38d2,rec_321aefb0aa457ba0707e,D:\INFANT CRY\data_set_dbl_split\train\burping\901_M_eh.wav,burping/901_M_eh.wav,burping,train,1,time_stretch,"{""rate"":1.195963}",64,10515554554386131363,virtual:aug_2cb067a476d261ed38d2
aug_913127d31b24e60910e4,rec_0db4402c199757600dc5,D:\INFANT CRY\data_set_dbl_split\train\burping\dunstan-eh_9.wav,burping/dunstan-eh_9.wav,burping,train,1,time_stretch,"{""rate"":0.819682}",65,7943429087992599717,virtual:aug_913127d31b24e60910e4
aug_87d65045f1a4a45a3f10,rec_52dddcd2a42250d2ad7f,D:\INFANT CRY\data_set_dbl_split\train\burping\737_M_eh.wav,burping/737_M_eh.wav,burping,train,1,gaussian_noise,"{""noise_factor"":0.004712279}",66,14167771291218181088,virtual:aug_87d65045f1a4a45a3f10
aug_9fe8b8d57b0130b4ea12,rec_d9fc0f1da80ad4b55ac5,D:\INFANT CRY\data_set_dbl_split\train\burping\2631_M_eh.wav,burping/2631_M_eh.wav,burping,train,1,pitch_shift,"{""steps"":1.119639}",67,14353850466570692479,virtual:aug_9fe8b8d57b0130b4ea12
aug_3246e2335168fcacf0a4,rec_010c54dba3c33a235f36,D:\INFANT CRY\data_set_dbl_split\train\burping\dunstan-eh_56.wav,burping/dunstan-eh_56.wav,burping,train,1,pitch_shift,"{""steps"":-0.835128}",68,11192956951618412362,virtual:aug_3246e2335168fcacf0a4
aug_09cf2e061020ede9b9fa,rec_7d6aa6a7af750f0245fb,D:\INFANT CRY\data_set_dbl_split\train\burping\4321_M_eh.wav,burping/4321_M_eh.wav,burping,train,1,time_stretch,"{""rate"":1.087971}",69,16313375409186495364,virtual:aug_09cf2e061020ede9b9fa
aug_d3184b28f00af53a19be,rec_259890ff0ea96f64d45f,D:\INFANT CRY\data_set_dbl_split\train\burping\2265_M_eh.wav,burping/2265_M_eh.wav,burping,train,1,time_stretch,"{""rate"":0.912796}",70,6520743394366963446,virtual:aug_d3184b28f00af53a19be
aug_375bcca7baf8a951e410,rec_5a1f57001a9a5cb17ad8,D:\INFANT CRY\data_set_dbl_split\train\burping\127_F_eh.wav,burping/127_F_eh.wav,burping,train,1,time_shift,"{""fraction"":-0.0812139}",71,1080764818046202330,virtual:aug_375bcca7baf8a951e410
aug_587055609b31a6cac8b3,rec_06e84e6f511e879851ca,D:\INFANT CRY\data_set_dbl_split\train\burping\1677_M_eh.wav,burping/1677_M_eh.wav,burping,train,1,gaussian_noise,"{""noise_factor"":0.002288996}",72,17640340363958089617,virtual:aug_587055609b31a6cac8b3
aug_ebbbc2383164474f943b,rec_6e8b01d0c6ea27bce163,D:\INFANT CRY\data_set_dbl_split\train\burping\dunstan-eh_35.wav,burping/dunstan-eh_35.wav,burping,train,1,pitch_shift,"{""steps"":2.158182}",73,3749524780677719123,virtual:aug_ebbbc2383164474f943b
aug_8622b39c9b4d4457e286,rec_695acf24f6b621bf6938,D:\INFANT CRY\data_set_dbl_split\train\burping\2185_M_eh.wav,burping/2185_M_eh.wav,burping,train,1,pitch_shift,"{""steps"":-1.945055}",74,8706475167897293348,virtual:aug_8622b39c9b4d4457e286
aug_d7afc48d1a0a488b82c5,rec_9d65a63ce58da021c946,D:\INFANT CRY\data_set_dbl_split\train\burping\45_M_eh.wav,burping/45_M_eh.wav,burping,train,1,time_stretch,"{""rate"":1.19898}",75,1415689313746595314,virtual:aug_d7afc48d1a0a488b82c5
aug_f08ca5b351bd03a1cc5a,rec_1113b5c1927b463e6187,D:\INFANT CRY\data_set_dbl_split\train\burping\1928_M_eh.wav,burping/1928_M_eh.wav,burping,train,1,time_stretch,"{""rate"":0.787168}",76,15534631280661226122,virtual:aug_f08ca5b351bd03a1cc5a
aug_ab7acc15583b5ae0a5cd,rec_e58eee6343a66a9607b3,D:\INFANT CRY\data_set_dbl_split\train\burping\67_M_eh.wav,burping/67_M_eh.wav,burping,train,1,gaussian_noise,"{""noise_factor"":0.00468893}",77,14791258417181018479,virtual:aug_ab7acc15583b5ae0a5cd
aug_7ff815fc7b3591c7e894,rec_595c7bd988437435705e,D:\INFANT CRY\data_set_dbl_split\train\burping\3187_M_eh.wav,burping/3187_M_eh.wav,burping,train,1,pitch_shift,"{""steps"":0.927961}",78,761320249468068803,virtual:aug_7ff815fc7b3591c7e894
aug_979561e5fe7c2783d097,rec_e64ed0451cdefb147b9a,D:\INFANT CRY\data_set_dbl_split\train\burping\2458_M_eh.wav,burping/2458_M_eh.wav,burping,train,1,pitch_shift,"{""steps"":-1.054407}",79,9848702384471348620,virtual:aug_979561e5fe7c2783d097
aug_f2fed49d96634edd5a6a,rec_ce25498c6756bcb99abd,D:\INFANT CRY\data_set_dbl_split\train\burping\1228_M_eh.wav,burping/1228_M_eh.wav,burping,train,1,time_stretch,"{""rate"":1.114342}",80,2603548375910518902,virtual:aug_f2fed49d96634edd5a6a
aug_c451664e4eff9a3e92aa,rec_8b1d545801964600f8e5,D:\INFANT CRY\data_set_dbl_split\train\burping\534_M_eh.wav,burping/534_M_eh.wav,burping,train,1,time_stretch,"{""rate"":0.875881}",81,2343251612165703029,virtual:aug_c451664e4eff9a3e92aa
aug_ff8b4d40c3b1de16d2ab,rec_27340d45ad612cfb12c4,D:\INFANT CRY\data_set_dbl_split\train\burping\2170_M_eh.wav,burping/2170_M_eh.wav,burping,train,1,time_shift,"{""fraction"":-0.0695646}",82,7380344292608267418,virtual:aug_ff8b4d40c3b1de16d2ab
aug_a8d2932252434c63afda,rec_1050c2655280d54aa3a4,D:\INFANT CRY\data_set_dbl_split\train\burping\225_F_eh.wav,burping/225_F_eh.wav,burping,train,1,gaussian_noise,"{""noise_factor"":0.002482125}",83,781311064405589688,virtual:aug_a8d2932252434c63afda
aug_7236ff25cea76931a67b,rec_e4a56aeebd6a02551e95,D:\INFANT CRY\data_set_dbl_split\train\burping\290_F_eh.wav,burping/290_F_eh.wav,burping,train,1,pitch_shift,"{""steps"":2.033857}",84,16121375113053824539,virtual:aug_7236ff25cea76931a67b
aug_0534ddb9eaecfc697f76,rec_76d86ebe51c4717b2eef,D:\INFANT CRY\data_set_dbl_split\train\burping\3332_M_eh.wav,burping/3332_M_eh.wav,burping,train,1,pitch_shift,"{""steps"":-1.903804}",85,4416471730960580656,virtual:aug_0534ddb9eaecfc697f76
aug_cbc56a7174bb9b18a9c5,rec_059855a7dd9bebe2345c,D:\INFANT CRY\data_set_dbl_split\train\burping\dunstan-eh_42.wav,burping/dunstan-eh_42.wav,burping,train,1,time_stretch,"{""rate"":1.186505}",86,2631863945822387733,virtual:aug_cbc56a7174bb9b18a9c5
aug_6ae26c0158232db11097,rec_fc9986972c06dede6fb5,D:\INFANT CRY\data_set_dbl_split\train\burping\366_M_eh.wav,burping/366_M_eh.wav,burping,train,1,time_stretch,"{""rate"":0.781514}",87,10270076900751253915,virtual:aug_6ae26c0158232db11097
aug_3b9245022a2c60b5480c,rec_c7455d306ae46d35e2fd,D:\INFANT CRY\data_set_dbl_split\train\burping\3192_M_eh.wav,burping/3192_M_eh.wav,burping,train,1,gaussian_noise,"{""noise_factor"":0.005568499}",88,33751621700643676,virtual:aug_3b9245022a2c60b5480c
aug_a2a9c0f3cb492721b72e,rec_1ce241cf7686f94b3a25,D:\INFANT CRY\data_set_dbl_split\train\burping\000124_M_eh.wav,burping/000124_M_eh.wav,burping,train,1,pitch_shift,"{""steps"":0.81503}",89,976343802336878370,virtual:aug_a2a9c0f3cb492721b72e
aug_1a6bbbfea9cd7c21ed8b,rec_a0ecc47442b70c870666,D:\INFANT CRY\data_set_dbl_split\train\burping\1447_M_eh.wav,burping/1447_M_eh.wav,burping,train,1,pitch_shift,"{""steps"":-1.147299}",90,16871706468469570708,virtual:aug_1a6bbbfea9cd7c21ed8b
aug_f767b5134e7aabbedf22,rec_043172ca45e2593c9187,D:\INFANT CRY\data_set_dbl_split\train\burping\894_M_eh.wav,burping/894_M_eh.wav,burping,train,1,time_stretch,"{""rate"":1.11766}",91,1299889790115821286,virtual:aug_f767b5134e7aabbedf22
aug_7dccc3f617ad97a505ff,rec_565dd3342f1ac221607e,D:\INFANT CRY\data_set_dbl_split\train\burping\392_M_eh.wav,burping/392_M_eh.wav,burping,train,1,time_stretch,"{""rate"":0.924967}",92,10102646390817660688,virtual:aug_7dccc3f617ad97a505ff
aug_d514df91128e457d2c2e,rec_c406d6a42a64a393f607,D:\INFANT CRY\data_set_dbl_split\train\burping\3828_M_eh.wav,burping/3828_M_eh.wav,burping,train,1,time_shift,"{""fraction"":-0.0832223}",93,14779297342366884245,virtual:aug_d514df91128e457d2c2e
aug_62ff1841b1c52457aaf9,rec_e1b10e6688978884e8d9,D:\INFANT CRY\data_set_dbl_split\train\burping\dunstan-eh_67.wav,burping/dunstan-eh_67.wav,burping,train,1,gaussian_noise,"{""noise_factor"":0.002267011}",94,2721352624434908896,virtual:aug_62ff1841b1c52457aaf9
aug_04d2ddf3ae4086360e1e,rec_08e93b1ae68a5813da75,D:\INFANT CRY\data_set_dbl_split\train\burping\3641_M_eh.wav,burping/3641_M_eh.wav,burping,train,1,pitch_shift,"{""steps"":1.984568}",95,5797493665159533220,virtual:aug_04d2ddf3ae4086360e1e
aug_852b6d259f53bbcb77ee,rec_30cbe93e75857a181f3d,D:\INFANT CRY\data_set_dbl_split\train\burping\128_M_eh.wav,burping/128_M_eh.wav,burping,train,1,pitch_shift,"{""steps"":-2.164666}",96,1113918024387240001,virtual:aug_852b6d259f53bbcb77ee
aug_2e9402f88bf725914e44,rec_e4598b934b1a48c6adb8,D:\INFANT CRY\data_set_dbl_split\train\burping\4298_F_eh.wav,burping/4298_F_eh.wav,burping,train,1,time_stretch,"{""rate"":1.202834}",97,17917262136060668347,virtual:aug_2e9402f88bf725914e44
aug_7ce8a10f07eaa24dfbec,rec_a3b246b844a903219afc,D:\INFANT CRY\data_set_dbl_split\train\burping\336_F_eh.wav,burping/336_F_eh.wav,burping,train,1,time_stretch,"{""rate"":0.804897}",98,9295646891954796306,virtual:aug_7ce8a10f07eaa24dfbec
aug_67cecc03c41ec28718bf,rec_583b16956c6c814d67fe,D:\INFANT CRY\data_set_dbl_split\train\burping\3033_M_eh.wav,burping/3033_M_eh.wav,burping,train,1,gaussian_noise,"{""noise_factor"":0.005343783}",99,5928860277473233853,virtual:aug_67cecc03c41ec28718bf
aug_5cd3a90b06088c730bed,rec_9bc21230f02ca1056bac,D:\INFANT CRY\data_set_dbl_split\train\burping\4881_M_eh.wav,burping/4881_M_eh.wav,burping,train,1,pitch_shift,"{""steps"":1.173009}",100,10629600486098830112,virtual:aug_5cd3a90b06088c730bed
aug_43aad95e24f597121c03,rec_c2521e9b1d58c3fbb0cb,D:\INFANT CRY\data_set_dbl_split\train\burping\1103_M_eh.wav,burping/1103_M_eh.wav,burping,train,1,pitch_shift,"{""steps"":-1.115695}",101,9078915054629138818,virtual:aug_43aad95e24f597121c03
aug_ff0c2392ab46d4fdb91f,rec_0243d0e4f1276ccf9ce1,D:\INFANT CRY\data_set_dbl_split\train\burping\4389_F_eh.wav,burping/4389_F_eh.wav,burping,train,1,time_stretch,"{""rate"":1.108948}",102,3358805601946163674,virtual:aug_ff0c2392ab46d4fdb91f
aug_788db1f2004e9620df06,rec_553ed1bbae89167723a4,D:\INFANT CRY\data_set_dbl_split\train\burping\479_M_eh.wav,burping/479_M_eh.wav,burping,train,1,time_stretch,"{""rate"":0.879334}",103,2483545559100312289,virtual:aug_788db1f2004e9620df06
aug_287aa3b83bbeb35371af,rec_f00e486b5bb01e917fd5,D:\INFANT CRY\data_set_dbl_split\train\burping\2759_M_eh.wav,burping/2759_M_eh.wav,burping,train,1,time_shift,"{""fraction"":-0.093208}",104,584642174543913090,virtual:aug_287aa3b83bbeb35371af
aug_107b807b67090f88ff91,rec_fe2bd084cd57ea19b335,D:\INFANT CRY\data_set_dbl_split\train\burping\1294_F_eh.wav,burping/1294_F_eh.wav,burping,train,1,gaussian_noise,"{""noise_factor"":0.002162519}",105,4384168780417166940,virtual:aug_107b807b67090f88ff91
aug_f8e38a801da0ffeaa02e,rec_4cb288cfddc38ac25391,D:\INFANT CRY\data_set_dbl_split\train\burping\2369_M_eh.wav,burping/2369_M_eh.wav,burping,train,1,pitch_shift,"{""steps"":2.005566}",106,4090886347010449286,virtual:aug_f8e38a801da0ffeaa02e
aug_6e871fb99ae52855aeb5,rec_7f5f72cffacee5752ddb,D:\INFANT CRY\data_set_dbl_split\train\burping\3331_M_eh.wav,burping/3331_M_eh.wav,burping,train,1,pitch_shift,"{""steps"":-1.905261}",107,12595335405009268765,virtual:aug_6e871fb99ae52855aeb5
aug_ff05acc0b270a3946854,rec_4bf2222acdcc1b555881,D:\INFANT CRY\data_set_dbl_split\train\burping\537_M_eh.wav,burping/537_M_eh.wav,burping,train,1,time_stretch,"{""rate"":1.20793}",108,10399139561973860748,virtual:aug_ff05acc0b270a3946854
aug_f594d64cfd982fdd80c8,rec_10d0435f16610463b458,D:\INFANT CRY\data_set_dbl_split\train\burping\1280_F_eh.wav,burping/1280_F_eh.wav,burping,train,1,time_stretch,"{""rate"":0.795535}",109,3243840300247538624,virtual:aug_f594d64cfd982fdd80c8
aug_d654958cacee994f7f04,rec_a9a6a0ec78c393f1423a,D:\INFANT CRY\data_set_dbl_split\train\burping\3987_M_eh.wav,burping/3987_M_eh.wav,burping,train,1,gaussian_noise,"{""noise_factor"":0.004308519}",110,8059200513589756371,virtual:aug_d654958cacee994f7f04
aug_ba1cef8897741911f1ca,rec_c22dd02b85a1df5c8c4e,D:\INFANT CRY\data_set_dbl_split\train\burping\dunstan-eh_65.wav,burping/dunstan-eh_65.wav,burping,train,1,pitch_shift,"{""steps"":1.13265}",111,6454718655192306111,virtual:aug_ba1cef8897741911f1ca
aug_2e85b85918d859fdbf96,rec_d024232db85b2dd5abc3,D:\INFANT CRY\data_set_dbl_split\train\burping\3773_M_eh.wav,burping/3773_M_eh.wav,burping,train,1,pitch_shift,"{""steps"":-1.120827}",112,1319122578967572847,virtual:aug_2e85b85918d859fdbf96
aug_c4178e0964d8fa5d9fdd,rec_fa20854f3b7e4dba152c,D:\INFANT CRY\data_set_dbl_split\train\burping\2026_M_eh.wav,burping/2026_M_eh.wav,burping,train,1,time_stretch,"{""rate"":1.10653}",113,2351947127422458829,virtual:aug_c4178e0964d8fa5d9fdd
aug_7fa055b466d89e1c00b4,rec_e3f5a660e3b815100438,D:\INFANT CRY\data_set_dbl_split\train\burping\3350_M_eh.wav,burping/3350_M_eh.wav,burping,train,1,time_stretch,"{""rate"":0.881025}",114,18384346598149312872,virtual:aug_7fa055b466d89e1c00b4
aug_cf07635a84e1c0608cee,rec_aef16fe4b73818181ee3,D:\INFANT CRY\data_set_dbl_split\train\burping\1173_M_eh.wav,burping/1173_M_eh.wav,burping,train,1,time_shift,"{""fraction"":-0.0337853}",115,16233137740020249188,virtual:aug_cf07635a84e1c0608cee
aug_88e6cefd1c0a5751aecd,rec_51b8c1e6675046875e68,D:\INFANT CRY\data_set_dbl_split\train\burping\3156_F_eh.wav,burping/3156_F_eh.wav,burping,train,1,gaussian_noise,"{""noise_factor"":0.002771115}",116,11153583297942674116,virtual:aug_88e6cefd1c0a5751aecd
aug_10977d52223e26ceedd0,rec_dcac3876bf6880c602d4,D:\INFANT CRY\data_set_dbl_split\train\burping\3754_M_eh.wav,burping/3754_M_eh.wav,burping,train,1,pitch_shift,"{""steps"":1.850778}",117,10894876355333354846,virtual:aug_10977d52223e26ceedd0
aug_4dff352639d185cbf12a,rec_eee5eed2ae78b50ca38d,D:\INFANT CRY\data_set_dbl_split\train\burping\1060_M_eh.wav,burping/1060_M_eh.wav,burping,train,1,pitch_shift,"{""steps"":-1.972242}",118,13572888726044805072,virtual:aug_4dff352639d185cbf12a
aug_18514226583d93bf428f,rec_8fe70388ea5471625aba,D:\INFANT CRY\data_set_dbl_split\train\burping\2053_M_eh.wav,burping/2053_M_eh.wav,burping,train,1,time_stretch,"{""rate"":1.220388}",119,11473207360783043342,virtual:aug_18514226583d93bf428f
aug_93bf3622bbcc40ce64f7,rec_04dc1bc529be34e2194f,D:\INFANT CRY\data_set_dbl_split\train\burping\3977_F_eh.wav,burping/3977_F_eh.wav,burping,train,1,time_stretch,"{""rate"":0.785274}",120,3305016347437147810,virtual:aug_93bf3622bbcc40ce64f7
aug_56ef31f107c7ce9f826e,rec_4a0912eaadfeb8697716,D:\INFANT CRY\data_set_dbl_split\train\burping\2284_M_eh.wav,burping/2284_M_eh.wav,burping,train,1,gaussian_noise,"{""noise_factor"":0.004696732}",121,15826539041718408901,virtual:aug_56ef31f107c7ce9f826e
aug_5e895f36b2eb232c0f61,rec_ab271c0dd4cc9e6e5493,D:\INFANT CRY\data_set_dbl_split\train\burping\1189_M_eh.wav,burping/1189_M_eh.wav,burping,train,1,pitch_shift,"{""steps"":1.082663}",122,10053477906591762002,virtual:aug_5e895f36b2eb232c0f61
aug_3bbc6ea60a0fbcaa54b8,rec_98dbc8f48996f1a11dcf,D:\INFANT CRY\data_set_dbl_split\train\burping\739_M_eh.wav,burping/739_M_eh.wav,burping,train,1,pitch_shift,"{""steps"":-0.915467}",123,8917074133102972003,virtual:aug_3bbc6ea60a0fbcaa54b8
aug_807e3ab6a1a777f5c054,rec_38acc274e71f1ffa3d26,D:\INFANT CRY\data_set_dbl_split\train\burping\2083_M_eh.wav,burping/2083_M_eh.wav,burping,train,1,time_stretch,"{""rate"":1.096666}",124,15450139958178829565,virtual:aug_807e3ab6a1a777f5c054
aug_e8f8ccb16977e3ef64ee,rec_a4ddbf82a26d73b83cc6,D:\INFANT CRY\data_set_dbl_split\train\burping\dunstan-eh_12.wav,burping/dunstan-eh_12.wav,burping,train,1,time_stretch,"{""rate"":0.88447}",125,13089846241135071285,virtual:aug_e8f8ccb16977e3ef64ee
aug_a40b2fa581a0359458c5,rec_27fce64936b1b90d7277,D:\INFANT CRY\data_set_dbl_split\train\burping\dunstan-eh_57.wav,burping/dunstan-eh_57.wav,burping,train,1,time_shift,"{""fraction"":0.0456719}",126,13281539349820073415,virtual:aug_a40b2fa581a0359458c5
aug_59cb46f49634319c25f1,rec_af2b5d80db9b39b769a8,D:\INFANT CRY\data_set_dbl_split\train\burping\3675_M_eh.wav,burping/3675_M_eh.wav,burping,train,1,gaussian_noise,"{""noise_factor"":0.002486221}",127,2064962451112621080,virtual:aug_59cb46f49634319c25f1
aug_0bb4ea1c22284c2b659b,rec_d08ebcb453ffbec561de,D:\INFANT CRY\data_set_dbl_split\train\burping\1990_M_eh.wav,burping/1990_M_eh.wav,burping,train,1,pitch_shift,"{""steps"":1.898481}",128,7551741012757730783,virtual:aug_0bb4ea1c22284c2b659b
aug_ee0ac3d1b9e736fe8b6d,rec_8e1af1b14f5eefa2208e,D:\INFANT CRY\data_set_dbl_split\train\burping\103_M_eh.wav,burping/103_M_eh.wav,burping,train,1,pitch_shift,"{""steps"":-2.003624}",129,12853583851695983298,virtual:aug_ee0ac3d1b9e736fe8b6d
aug_7afdfc718452f0c82e4a,rec_ce6d33d9d80a390b5de1,D:\INFANT CRY\data_set_dbl_split\train\burping\4580_M_eh.wav,burping/4580_M_eh.wav,burping,train,1,time_stretch,"{""rate"":1.204829}",130,11236891950573436623,virtual:aug_7afdfc718452f0c82e4a
aug_3b3171053b5abcec3111,rec_04d8723e876919f7d0c5,D:\INFANT CRY\data_set_dbl_split\train\burping\1860_M_eh.wav,burping/1860_M_eh.wav,burping,train,1,time_stretch,"{""rate"":0.819569}",131,13421530991550787164,virtual:aug_3b3171053b5abcec3111
aug_4e02c9a29b1a583dc4fa,rec_0a4b374c52ad48552c98,D:\INFANT CRY\data_set_dbl_split\train\burping\dunstan-eh_44.wav,burping/dunstan-eh_44.wav,burping,train,1,gaussian_noise,"{""noise_factor"":0.004871133}",132,2557883644155434889,virtual:aug_4e02c9a29b1a583dc4fa
aug_d9cfcc5b9742cc201bf1,rec_24a396b9d014a05587a9,D:\INFANT CRY\data_set_dbl_split\train\burping\222_F_eh.wav,burping/222_F_eh.wav,burping,train,1,pitch_shift,"{""steps"":0.858678}",133,9500800645229671787,virtual:aug_d9cfcc5b9742cc201bf1
aug_2c541fdb1ca66cea28ca,rec_f2be0c0fdf45d429dfda,D:\INFANT CRY\data_set_dbl_split\train\burping\3680_M_eh.wav,burping/3680_M_eh.wav,burping,train,1,pitch_shift,"{""steps"":-1.083979}",134,9488373434737328333,virtual:aug_2c541fdb1ca66cea28ca
aug_b53a3a7aad60d9ee4202,rec_246e21d1f4b12af163dd,D:\INFANT CRY\data_set_dbl_split\train\burping\3706_M_eh.wav,burping/3706_M_eh.wav,burping,train,1,time_stretch,"{""rate"":1.096352}",135,11562806401131967234,virtual:aug_b53a3a7aad60d9ee4202
aug_5fd46aa0899e87ad3efb,rec_bd56e50f20a08c95889b,D:\INFANT CRY\data_set_dbl_split\train\burping\dunstan-eh_6.wav,burping/dunstan-eh_6.wav,burping,train,1,time_stretch,"{""rate"":0.907139}",136,4996293774833077838,virtual:aug_5fd46aa0899e87ad3efb
aug_6afd833564882c12b046,rec_3dff757b4adba1651a52,D:\INFANT CRY\data_set_dbl_split\train\burping\1280_M_eh.wav,burping/1280_M_eh.wav,burping,train,1,time_shift,"{""fraction"":0.0285877}",137,2545130925283603745,virtual:aug_6afd833564882c12b046
aug_3a60678f0e219322cce8,rec_7b7948d30dc8ee511ce2,D:\INFANT CRY\data_set_dbl_split\train\burping\1772_M_eh.wav,burping/1772_M_eh.wav,burping,train,1,gaussian_noise,"{""noise_factor"":0.002383778}",138,12423493483682702405,virtual:aug_3a60678f0e219322cce8
aug_b38f1e412c8250283aa4,rec_b7dc41a5877cdafcdeba,D:\INFANT CRY\data_set_dbl_split\train\burping\3849_M_eh.wav,burping/3849_M_eh.wav,burping,train,1,pitch_shift,"{""steps"":2.196062}",139,6241285619690929405,virtual:aug_b38f1e412c8250283aa4
aug_a3aa65a9cc31a5f65d6a,rec_f4fd052ddfb5de0888a3,D:\INFANT CRY\data_set_dbl_split\train\burping\2638_F_eh.wav,burping/2638_F_eh.wav,burping,train,1,pitch_shift,"{""steps"":-1.86081}",140,10326480495319839745,virtual:aug_a3aa65a9cc31a5f65d6a
aug_9f1b0bca0523dfd5fb98,rec_d44661adfd4d790a00cd,D:\INFANT CRY\data_set_dbl_split\train\burping\1964_M_eh.wav,burping/1964_M_eh.wav,burping,train,1,time_stretch,"{""rate"":1.18738}",141,675453623910255063,virtual:aug_9f1b0bca0523dfd5fb98
aug_c7e892c8f8c3e03269ee,rec_162b0019dde6878e5658,D:\INFANT CRY\data_set_dbl_split\train\burping\2808_M_eh.wav,burping/2808_M_eh.wav,burping,train,1,time_stretch,"{""rate"":0.806014}",142,9532772736414550076,virtual:aug_c7e892c8f8c3e03269ee
aug_60227e51d59648f8a8a1,rec_02274f883a160366ffcc,D:\INFANT CRY\data_set_dbl_split\train\burping\1650_M_eh.wav,burping/1650_M_eh.wav,burping,train,1,gaussian_noise,"{""noise_factor"":0.005560344}",143,169633583713428493,virtual:aug_60227e51d59648f8a8a1
aug_d2b9eb54f460d5f7e584,rec_fbef8f5e2003e3f7e55d,D:\INFANT CRY\data_set_dbl_split\train\burping\3163_F_eh.wav,burping/3163_F_eh.wav,burping,train,1,pitch_shift,"{""steps"":1.198615}",144,6722990576532548828,virtual:aug_d2b9eb54f460d5f7e584
aug_c5a66ad48ff703138419,rec_f270ae8ed465b729fd80,D:\INFANT CRY\data_set_dbl_split\train\burping\dunstan-eh_18.wav,burping/dunstan-eh_18.wav,burping,train,1,pitch_shift,"{""steps"":-1.159171}",145,12742455409746854997,virtual:aug_c5a66ad48ff703138419
aug_71ef70f4ba00d793e746,rec_c34b88121001eab934e2,D:\INFANT CRY\data_set_dbl_split\train\burping\2915_M_eh.wav,burping/2915_M_eh.wav,burping,train,1,time_stretch,"{""rate"":1.120042}",146,2411460244959455355,virtual:aug_71ef70f4ba00d793e746
aug_26f595f70fe9c4b8ec29,rec_e890ba788c3dcf653f72,D:\INFANT CRY\data_set_dbl_split\train\burping\3429_F_eh.wav,burping/3429_F_eh.wav,burping,train,1,time_stretch,"{""rate"":0.901915}",147,15371605969952825662,virtual:aug_26f595f70fe9c4b8ec29
aug_80cf0bb6ae2c8546487d,rec_33873b0c0a625be21a8e,D:\INFANT CRY\data_set_dbl_split\train\burping\4655_M_eh.wav,burping/4655_M_eh.wav,burping,train,1,time_shift,"{""fraction"":0.0941111}",148,9469677782972183849,virtual:aug_80cf0bb6ae2c8546487d
aug_222501ec4a559cfd382f,rec_7d9becd3a9a4b0da6a50,D:\INFANT CRY\data_set_dbl_split\train\burping\2117_M_eh.wav,burping/2117_M_eh.wav,burping,train,1,gaussian_noise,"{""noise_factor"":0.002339201}",149,11864509311281361272,virtual:aug_222501ec4a559cfd382f
aug_7f733764ac70a3c7e260,rec_88affcb3e287f0433132,D:\INFANT CRY\data_set_dbl_split\train\burping\1717_F_eh.wav,burping/1717_F_eh.wav,burping,train,1,pitch_shift,"{""steps"":2.046366}",150,1095738374712753373,virtual:aug_7f733764ac70a3c7e260
aug_5dc22c3be65f5f072443,rec_aa640949ec798068cbcb,D:\INFANT CRY\data_set_dbl_split\train\burping\1836_M_eh.wav,burping/1836_M_eh.wav,burping,train,1,pitch_shift,"{""steps"":-2.054901}",151,14862427775798451701,virtual:aug_5dc22c3be65f5f072443
aug_8250910ac923e6e9a3bc,rec_abb08076329044d38a78,D:\INFANT CRY\data_set_dbl_split\train\burping\1899_M_eh.wav,burping/1899_M_eh.wav,burping,train,1,time_stretch,"{""rate"":1.209515}",152,13589742260781514466,virtual:aug_8250910ac923e6e9a3bc
aug_a091ad97c397b6258e72,rec_30ab2bd552cfc2d7e12b,D:\INFANT CRY\data_set_dbl_split\train\burping\3184_M_eh.wav,burping/3184_M_eh.wav,burping,train,1,time_stretch,"{""rate"":0.797838}",153,5796358916630401324,virtual:aug_a091ad97c397b6258e72
aug_b04412a1a70eeb97b092,rec_4c788d6451459c6d7475,D:\INFANT CRY\data_set_dbl_split\train\burping\231_M_eh.wav,burping/231_M_eh.wav,burping,train,1,gaussian_noise,"{""noise_factor"":0.004322408}",154,8674022705509656290,virtual:aug_b04412a1a70eeb97b092
aug_de97c6e5fa48ccf86177,rec_c486f7a4a819eb438fe8,D:\INFANT CRY\data_set_dbl_split\train\burping\2959_M_eh.wav,burping/2959_M_eh.wav,burping,train,1,pitch_shift,"{""steps"":0.800757}",155,11416552319060911249,virtual:aug_de97c6e5fa48ccf86177
aug_1125d33d3d3ce706d7c8,rec_c2ca957db2b55f01ab5b,D:\INFANT CRY\data_set_dbl_split\train\burping\642_M_eh.wav,burping/642_M_eh.wav,burping,train,1,pitch_shift,"{""steps"":-0.901747}",156,11105264325561367027,virtual:aug_1125d33d3d3ce706d7c8
aug_78799726d0952e20040c,rec_a24e5a4c484b184c3af7,D:\INFANT CRY\data_set_dbl_split\train\burping\2164_M_eh.wav,burping/2164_M_eh.wav,burping,train,1,time_stretch,"{""rate"":1.114564}",157,8027000561348608390,virtual:aug_78799726d0952e20040c
aug_70e21bfb023ff1c2fde0,rec_180d2118e85a66b32a32,D:\INFANT CRY\data_set_dbl_split\train\burping\805_M_eh.wav,burping/805_M_eh.wav,burping,train,1,time_stretch,"{""rate"":0.910918}",158,15236308639559239676,virtual:aug_70e21bfb023ff1c2fde0
aug_b07bff80d869206b64ea,rec_fd4381d8731ddf4435b8,D:\INFANT CRY\data_set_dbl_split\train\burping\dunstan-eh_25.wav,burping/dunstan-eh_25.wav,burping,train,1,time_shift,"{""fraction"":-0.0644289}",159,6049555813330351208,virtual:aug_b07bff80d869206b64ea
aug_e8111caf910bb513ef02,rec_398f102ae45404e1b33a,D:\INFANT CRY\data_set_dbl_split\train\burping\3948_M_eh.wav,burping/3948_M_eh.wav,burping,train,1,gaussian_noise,"{""noise_factor"":0.002564555}",160,5664279240097227531,virtual:aug_e8111caf910bb513ef02
aug_6ba1ca2dd8ff4989a893,rec_d138f7e7049b5fee47f8,D:\INFANT CRY\data_set_dbl_split\train\burping\4177_M_eh.wav,burping/4177_M_eh.wav,burping,train,1,pitch_shift,"{""steps"":1.944852}",161,18442832894796416347,virtual:aug_6ba1ca2dd8ff4989a893
aug_ae241695ae318ac276ef,rec_9a29e2de6a245ee391e5,D:\INFANT CRY\data_set_dbl_split\train\burping\1117_M_eh.wav,burping/1117_M_eh.wav,burping,train,1,pitch_shift,"{""steps"":-1.954418}",162,4804498337133074503,virtual:aug_ae241695ae318ac276ef
aug_f8b6fe0aac908ae1ecf9,rec_9e6e29b19c03296b74f8,D:\INFANT CRY\data_set_dbl_split\train\burping\2321_M_eh.wav,burping/2321_M_eh.wav,burping,train,1,time_stretch,"{""rate"":1.212369}",163,13534361855685941975,virtual:aug_f8b6fe0aac908ae1ecf9
aug_1bf5c3acacb0ad06f60b,rec_28f10489f167e0cf28ed,D:\INFANT CRY\data_set_dbl_split\train\burping\3269_F_eh.wav,burping/3269_F_eh.wav,burping,train,1,time_stretch,"{""rate"":0.809584}",164,5791215291760509835,virtual:aug_1bf5c3acacb0ad06f60b
aug_706da9f46818e3134931,rec_69a30e7d7377d2349a7e,D:\INFANT CRY\data_set_dbl_split\train\burping\3070_M_eh.wav,burping/3070_M_eh.wav,burping,train,1,gaussian_noise,"{""noise_factor"":0.004770008}",165,18311739898445696595,virtual:aug_706da9f46818e3134931
aug_b0de36792f787f9dcd48,rec_cb791979b42c6631a24b,D:\INFANT CRY\data_set_dbl_split\train\burping\919_M_eh.wav,burping/919_M_eh.wav,burping,train,1,pitch_shift,"{""steps"":1.108436}",166,18165748355863026951,virtual:aug_b0de36792f787f9dcd48
aug_fbc8cd7575419add4d52,rec_d87509cfc191a34d274c,D:\INFANT CRY\data_set_dbl_split\train\burping\4290_M_eh.wav,burping/4290_M_eh.wav,burping,train,1,pitch_shift,"{""steps"":-1.176922}",167,6546059993367549712,virtual:aug_fbc8cd7575419add4d52
aug_de713c2740d9d5cf44e8,rec_9a232059ad8ce3d58fa8,D:\INFANT CRY\data_set_dbl_split\train\burping\3429_M_eh.wav,burping/3429_M_eh.wav,burping,train,1,time_stretch,"{""rate"":1.080876}",168,3025990909481498273,virtual:aug_de713c2740d9d5cf44e8
aug_9d8b4056aff5545ecb0c,rec_80aa4905086476d9ee4e,D:\INFANT CRY\data_set_dbl_split\train\burping\3368_M_eh.wav,burping/3368_M_eh.wav,burping,train,1,time_stretch,"{""rate"":0.913473}",169,3764941217969131416,virtual:aug_9d8b4056aff5545ecb0c
aug_bc77a4aff07d67184d89,rec_e0bd95966c0c5da7f134,D:\INFANT CRY\data_set_dbl_split\train\burping\4468_F_eh.wav,burping/4468_F_eh.wav,burping,train,1,time_shift,"{""fraction"":-0.043482}",170,3017023139826290025,virtual:aug_bc77a4aff07d67184d89
aug_15eae39e9268a773e992,rec_f563132c4a35d9e664db,D:\INFANT CRY\data_set_dbl_split\train\burping\3471_M_eh.wav,burping/3471_M_eh.wav,burping,train,1,gaussian_noise,"{""noise_factor"":0.002355189}",171,5942864643639721865,virtual:aug_15eae39e9268a773e992
aug_cc8b96e13ddb64be9a64,rec_812a143c52108fd80d82,D:\INFANT CRY\data_set_dbl_split\train\burping\2106_M_eh.wav,burping/2106_M_eh.wav,burping,train,1,pitch_shift,"{""steps"":2.19827}",172,5612810653539099174,virtual:aug_cc8b96e13ddb64be9a64
aug_89fba74bed103171b75e,rec_c2d0c914aa634399fe02,D:\INFANT CRY\data_set_dbl_split\train\burping\3681_M_eh.wav,burping/3681_M_eh.wav,burping,train,1,pitch_shift,"{""steps"":-1.854572}",173,3232059918494492218,virtual:aug_89fba74bed103171b75e
aug_1eb92ad4944ca351f905,rec_bec84197dab7554371b2,D:\INFANT CRY\data_set_dbl_split\train\burping\1546_M_eh.wav,burping/1546_M_eh.wav,burping,train,1,time_stretch,"{""rate"":1.213896}",174,9172274951409907254,virtual:aug_1eb92ad4944ca351f905
aug_ff531f724cfa94352e1c,rec_fbd8c164275be77b1eeb,D:\INFANT CRY\data_set_dbl_split\train\burping\3420_M_eh.wav,burping/3420_M_eh.wav,burping,train,1,time_stretch,"{""rate"":0.777769}",175,17690632324059702059,virtual:aug_ff531f724cfa94352e1c
aug_0d3b91f28eac414278bc,rec_8c0705fd9b6663835196,D:\INFANT CRY\data_set_dbl_split\train\burping\1501_M_eh.wav,burping/1501_M_eh.wav,burping,train,1,gaussian_noise,"{""noise_factor"":0.004255997}",176,2485091518404557861,virtual:aug_0d3b91f28eac414278bc
aug_91db3d56f461f364acea,rec_1b2cfce0d8829eddad7e,D:\INFANT CRY\data_set_dbl_split\train\burping\1480_F_eh.wav,burping/1480_F_eh.wav,burping,train,1,pitch_shift,"{""steps"":1.065693}",177,7035284491524844543,virtual:aug_91db3d56f461f364acea
aug_b4c9414b652fd2ab8a2c,rec_c38fa1511dbf3ebaa184,D:\INFANT CRY\data_set_dbl_split\train\burping\1869_M_eh.wav,burping/1869_M_eh.wav,burping,train,1,pitch_shift,"{""steps"":-0.883529}",178,17126587848343201137,virtual:aug_b4c9414b652fd2ab8a2c
aug_1245ffaf6cb860bbac65,rec_6283b5f850c67ab736d9,D:\INFANT CRY\data_set_dbl_split\train\burping\4480_M_eh.wav,burping/4480_M_eh.wav,burping,train,1,time_stretch,"{""rate"":1.083765}",179,7222831175183080563,virtual:aug_1245ffaf6cb860bbac65
aug_54cbac7c2359c98f5d8d,rec_e5053874909e75e7cdae,D:\INFANT CRY\data_set_dbl_split\train\burping\819_F_eh.wav,burping/819_F_eh.wav,burping,train,1,time_stretch,"{""rate"":0.900252}",180,2777311990177418124,virtual:aug_54cbac7c2359c98f5d8d
aug_798caf009303a8072287,rec_a61b1c034874488205af,D:\INFANT CRY\data_set_dbl_split\train\burping\801_F_eh.wav,burping/801_F_eh.wav,burping,train,1,time_shift,"{""fraction"":-0.0091388}",181,3569140378044735797,virtual:aug_798caf009303a8072287
aug_252996d0130a722c0e3f,rec_1bbceca863aee49901ac,D:\INFANT CRY\data_set_dbl_split\train\burping\1661_M_eh.wav,burping/1661_M_eh.wav,burping,train,1,gaussian_noise,"{""noise_factor"":0.002646755}",182,4480461866357389769,virtual:aug_252996d0130a722c0e3f
aug_61e136fa3ec2e575579b,rec_b5c186f6a11ea24233fb,D:\INFANT CRY\data_set_dbl_split\train\burping\2272_M_eh.wav,burping/2272_M_eh.wav,burping,train,1,pitch_shift,"{""steps"":2.125011}",183,17517039989745379428,virtual:aug_61e136fa3ec2e575579b
aug_770fc52ea19eca9d98c5,rec_8405ff9deb2601ec3688,D:\INFANT CRY\data_set_dbl_split\train\burping\3263_F_eh.wav,burping/3263_F_eh.wav,burping,train,1,pitch_shift,"{""steps"":-2.158128}",184,13092753947793628768,virtual:aug_770fc52ea19eca9d98c5
aug_9e7d630b3c4ddcaed03e,rec_ec599e0cd6f23f0d78c2,D:\INFANT CRY\data_set_dbl_split\train\burping\3663_F_eh.wav,burping/3663_F_eh.wav,burping,train,1,time_stretch,"{""rate"":1.213249}",185,11292356371264405692,virtual:aug_9e7d630b3c4ddcaed03e
aug_d335627bc0e8906265d2,rec_63a5ffd4b62830708b3e,D:\INFANT CRY\data_set_dbl_split\train\burping\4129_M_eh.wav,burping/4129_M_eh.wav,burping,train,1,time_stretch,"{""rate"":0.805835}",186,11851909802806647406,virtual:aug_d335627bc0e8906265d2
aug_2134aa6f823935ef9cc1,rec_fef045ea86ed1d26ca57,D:\INFANT CRY\data_set_dbl_split\train\burping\855_M_eh.wav,burping/855_M_eh.wav,burping,train,1,gaussian_noise,"{""noise_factor"":0.004557507}",187,18024256020092694137,virtual:aug_2134aa6f823935ef9cc1
aug_5209b50ba2e1ad0fa66d,rec_1fa454041cb2b6209768,D:\INFANT CRY\data_set_dbl_split\train\burping\691_M_eh.wav,burping/691_M_eh.wav,burping,train,1,pitch_shift,"{""steps"":1.043013}",188,15078353373153359399,virtual:aug_5209b50ba2e1ad0fa66d
aug_51b7af48f05d4022167d,rec_ae241ae526411ad2be05,D:\INFANT CRY\data_set_dbl_split\train\burping\3233_M_eh.wav,burping/3233_M_eh.wav,burping,train,1,pitch_shift,"{""steps"":-1.047094}",189,13612296902020489621,virtual:aug_51b7af48f05d4022167d
aug_487778d584e4cf5352f4,rec_165d844150d1c38e7964,D:\INFANT CRY\data_set_dbl_split\train\burping\dunstan-eh_4.wav,burping/dunstan-eh_4.wav,burping,train,1,time_stretch,"{""rate"":1.10069}",190,15115566119833980364,virtual:aug_487778d584e4cf5352f4
aug_7792473ca3582d910e66,rec_adbe9b64dc28a2d959a6,D:\INFANT CRY\data_set_dbl_split\train\burping\2793_M_eh.wav,burping/2793_M_eh.wav,burping,train,1,time_stretch,"{""rate"":0.885001}",191,8186013018021316614,virtual:aug_7792473ca3582d910e66
aug_dcb1fe34788a2557a7ee,rec_4f3aebbda6b4c987c96d,D:\INFANT CRY\data_set_dbl_split\train\burping\4643_M_eh.wav,burping/4643_M_eh.wav,burping,train,1,time_shift,"{""fraction"":-0.0417848}",192,4812107420252728863,virtual:aug_dcb1fe34788a2557a7ee
aug_98c0823b0b90bf451d97,rec_6b454294a8664471f946,D:\INFANT CRY\data_set_dbl_split\train\burping\3153_F_eh.wav,burping/3153_F_eh.wav,burping,train,1,gaussian_noise,"{""noise_factor"":0.002825249}",193,17097299672732124417,virtual:aug_98c0823b0b90bf451d97
aug_731640eefc875550c3cf,rec_8fa03b0b1122bc99fa71,D:\INFANT CRY\data_set_dbl_split\train\burping\3335_M_eh.wav,burping/3335_M_eh.wav,burping,train,1,pitch_shift,"{""steps"":1.880581}",194,9029771239653721465,virtual:aug_731640eefc875550c3cf
aug_e2af4cdd80edac3ef9f1,rec_c02402c6d2a894138d12,D:\INFANT CRY\data_set_dbl_split\train\burping\2563_M_eh.wav,burping/2563_M_eh.wav,burping,train,1,pitch_shift,"{""steps"":-1.881938}",195,17894433168868366239,virtual:aug_e2af4cdd80edac3ef9f1
aug_b5613be376ba2cb13733,rec_1b0eec91879fb66550c3,D:\INFANT CRY\data_set_dbl_split\train\burping\151_F_eh.wav,burping/151_F_eh.wav,burping,train,1,time_stretch,"{""rate"":1.18542}",196,12702417096007863192,virtual:aug_b5613be376ba2cb13733
aug_a5f99694df0b71e880cc,rec_647be7ff75e4bcb282e3,D:\INFANT CRY\data_set_dbl_split\train\burping\2159_M_eh.wav,burping/2159_M_eh.wav,burping,train,1,time_stretch,"{""rate"":0.796134}",197,7321982077314938966,virtual:aug_a5f99694df0b71e880cc
aug_3225af56b2a0bdd6a17f,rec_9445293072e9382ce647,D:\INFANT CRY\data_set_dbl_split\train\burping\1460_M_eh.wav,burping/1460_M_eh.wav,burping,train,1,gaussian_noise,"{""noise_factor"":0.005392781}",198,6713201246222228440,virtual:aug_3225af56b2a0bdd6a17f
aug_e42383deb7ed3a31c8cc,rec_eebb212fc609ed557451,D:\INFANT CRY\data_set_dbl_split\train\burping\463_M_eh.wav,burping/463_M_eh.wav,burping,train,1,pitch_shift,"{""steps"":0.81661}",199,17447644657547427626,virtual:aug_e42383deb7ed3a31c8cc
aug_682318f6aba330cc6798,rec_c65736eefe0e47e5bb86,D:\INFANT CRY\data_set_dbl_split\train\burping\1807_M_eh.wav,burping/1807_M_eh.wav,burping,train,1,pitch_shift,"{""steps"":-1.19872}",200,8044481893439873957,virtual:aug_682318f6aba330cc6798
aug_9199ae679937a2957a07,rec_91a8baa5de8351206dc1,D:\INFANT CRY\data_set_dbl_split\train\burping\1310_M_eh.wav,burping/1310_M_eh.wav,burping,train,1,time_stretch,"{""rate"":1.120864}",201,11954079317953815332,virtual:aug_9199ae679937a2957a07
aug_cd3f34618b8f4944dce5,rec_09745ee499f542515c18,D:\INFANT CRY\data_set_dbl_split\train\burping\223_M_eh.wav,burping/223_M_eh.wav,burping,train,1,time_stretch,"{""rate"":0.88663}",202,14035735947956541557,virtual:aug_cd3f34618b8f4944dce5
aug_9309f7b506288ccdc368,rec_126e90d799b24e11f498,D:\INFANT CRY\data_set_dbl_split\train\burping\1891_M_eh.wav,burping/1891_M_eh.wav,burping,train,1,time_shift,"{""fraction"":-0.0677816}",203,13993884476163212919,virtual:aug_9309f7b506288ccdc368
aug_3685a0b6cb905db8a1c0,rec_1eb9fd4af465d3df769d,D:\INFANT CRY\data_set_dbl_split\train\burping\306_M_eh.wav,burping/306_M_eh.wav,burping,train,1,gaussian_noise,"{""noise_factor"":0.002839711}",204,625829683321409883,virtual:aug_3685a0b6cb905db8a1c0
aug_d989d489f21688905eb7,rec_459bb2953e87065146b1,D:\INFANT CRY\data_set_dbl_split\train\burping\1959_M_eh.wav,burping/1959_M_eh.wav,burping,train,1,pitch_shift,"{""steps"":1.900123}",205,880405248852484699,virtual:aug_d989d489f21688905eb7
aug_31f2733405212931580f,rec_8cede20c0b7f85203c3e,D:\INFANT CRY\data_set_dbl_split\train\burping\799_M_eh.wav,burping/799_M_eh.wav,burping,train,1,pitch_shift,"{""steps"":-1.982204}",206,18284112952932043132,virtual:aug_31f2733405212931580f
aug_6721eb622af468a4d450,rec_321aefb0aa457ba0707e,D:\INFANT CRY\data_set_dbl_split\train\burping\901_M_eh.wav,burping/901_M_eh.wav,burping,train,1,time_stretch,"{""rate"":1.182912}",207,12469085011409756487,virtual:aug_6721eb622af468a4d450
aug_06f4e2f0757da52ff304,rec_0db4402c199757600dc5,D:\INFANT CRY\data_set_dbl_split\train\burping\dunstan-eh_9.wav,burping/dunstan-eh_9.wav,burping,train,1,time_stretch,"{""rate"":0.7888}",208,9807285520451696601,virtual:aug_06f4e2f0757da52ff304
aug_3ad59f90b4463a765671,rec_52dddcd2a42250d2ad7f,D:\INFANT CRY\data_set_dbl_split\train\burping\737_M_eh.wav,burping/737_M_eh.wav,burping,train,1,gaussian_noise,"{""noise_factor"":0.004692144}",209,14271686641246448815,virtual:aug_3ad59f90b4463a765671
aug_2ba22fe407c9f2dc3ca9,rec_d9fc0f1da80ad4b55ac5,D:\INFANT CRY\data_set_dbl_split\train\burping\2631_M_eh.wav,burping/2631_M_eh.wav,burping,train,1,pitch_shift,"{""steps"":1.03013}",210,841020401857416216,virtual:aug_2ba22fe407c9f2dc3ca9
aug_5e94ac41c20002e56981,rec_010c54dba3c33a235f36,D:\INFANT CRY\data_set_dbl_split\train\burping\dunstan-eh_56.wav,burping/dunstan-eh_56.wav,burping,train,1,pitch_shift,"{""steps"":-0.871739}",211,16512685476584928191,virtual:aug_5e94ac41c20002e56981
aug_769d63646c17b4b9c309,rec_7d6aa6a7af750f0245fb,D:\INFANT CRY\data_set_dbl_split\train\burping\4321_M_eh.wav,burping/4321_M_eh.wav,burping,train,1,time_stretch,"{""rate"":1.118123}",212,15340211592685360037,virtual:aug_769d63646c17b4b9c309
aug_d2714a8e50ca50992c8c,rec_259890ff0ea96f64d45f,D:\INFANT CRY\data_set_dbl_split\train\burping\2265_M_eh.wav,burping/2265_M_eh.wav,burping,train,1,time_stretch,"{""rate"":0.915772}",213,6067183913674725904,virtual:aug_d2714a8e50ca50992c8c
aug_a1920722ef8843e6b068,rec_5a1f57001a9a5cb17ad8,D:\INFANT CRY\data_set_dbl_split\train\burping\127_F_eh.wav,burping/127_F_eh.wav,burping,train,1,time_shift,"{""fraction"":-0.0966843}",214,9155270576345078814,virtual:aug_a1920722ef8843e6b068
aug_b74b30c5dbd967d76958,rec_06e84e6f511e879851ca,D:\INFANT CRY\data_set_dbl_split\train\burping\1677_M_eh.wav,burping/1677_M_eh.wav,burping,train,1,gaussian_noise,"{""noise_factor"":0.002449612}",215,4095257414220368002,virtual:aug_b74b30c5dbd967d76958
aug_19838a9a16c685b19c7d,rec_6e8b01d0c6ea27bce163,D:\INFANT CRY\data_set_dbl_split\train\burping\dunstan-eh_35.wav,burping/dunstan-eh_35.wav,burping,train,1,pitch_shift,"{""steps"":2.082392}",216,6604653164827693755,virtual:aug_19838a9a16c685b19c7d
aug_6d6c05d39396c4793633,rec_695acf24f6b621bf6938,D:\INFANT CRY\data_set_dbl_split\train\burping\2185_M_eh.wav,burping/2185_M_eh.wav,burping,train,1,pitch_shift,"{""steps"":-2.054818}",217,5383161927541806478,virtual:aug_6d6c05d39396c4793633
aug_c39f41b3c943ccf80508,rec_9d65a63ce58da021c946,D:\INFANT CRY\data_set_dbl_split\train\burping\45_M_eh.wav,burping/45_M_eh.wav,burping,train,1,time_stretch,"{""rate"":1.192036}",218,17652597866010779571,virtual:aug_c39f41b3c943ccf80508
aug_ef870b0e71438d7fb577,rec_1113b5c1927b463e6187,D:\INFANT CRY\data_set_dbl_split\train\burping\1928_M_eh.wav,burping/1928_M_eh.wav,burping,train,1,time_stretch,"{""rate"":0.799981}",219,4115216540327756450,virtual:aug_ef870b0e71438d7fb577
aug_40ced9e61459ad89e9dd,rec_e58eee6343a66a9607b3,D:\INFANT CRY\data_set_dbl_split\train\burping\67_M_eh.wav,burping/67_M_eh.wav,burping,train,1,gaussian_noise,"{""noise_factor"":0.005220656}",220,4307709998498476940,virtual:aug_40ced9e61459ad89e9dd
aug_5dccdff9836a5092a9a9,rec_595c7bd988437435705e,D:\INFANT CRY\data_set_dbl_split\train\burping\3187_M_eh.wav,burping/3187_M_eh.wav,burping,train,1,pitch_shift,"{""steps"":1.059629}",221,4532102050262846950,virtual:aug_5dccdff9836a5092a9a9
aug_c063b5dbdc188e98c5b0,rec_e64ed0451cdefb147b9a,D:\INFANT CRY\data_set_dbl_split\train\burping\2458_M_eh.wav,burping/2458_M_eh.wav,burping,train,1,pitch_shift,"{""steps"":-0.836697}",222,1956806638703815359,virtual:aug_c063b5dbdc188e98c5b0
aug_a869762271781a29e36d,rec_ce25498c6756bcb99abd,D:\INFANT CRY\data_set_dbl_split\train\burping\1228_M_eh.wav,burping/1228_M_eh.wav,burping,train,1,time_stretch,"{""rate"":1.079174}",223,18013302933248873105,virtual:aug_a869762271781a29e36d
aug_8e4d8ce895f318ef801a,rec_8b1d545801964600f8e5,D:\INFANT CRY\data_set_dbl_split\train\burping\534_M_eh.wav,burping/534_M_eh.wav,burping,train,1,time_stretch,"{""rate"":0.903834}",224,18075952501223485425,virtual:aug_8e4d8ce895f318ef801a
aug_6268f0b5f7904c7744c2,rec_27340d45ad612cfb12c4,D:\INFANT CRY\data_set_dbl_split\train\burping\2170_M_eh.wav,burping/2170_M_eh.wav,burping,train,1,time_shift,"{""fraction"":0.0716077}",225,2036005384405596774,virtual:aug_6268f0b5f7904c7744c2
aug_660457cf7ad0bc404b66,rec_1050c2655280d54aa3a4,D:\INFANT CRY\data_set_dbl_split\train\burping\225_F_eh.wav,burping/225_F_eh.wav,burping,train,1,gaussian_noise,"{""noise_factor"":0.002635838}",226,3909414413151185739,virtual:aug_660457cf7ad0bc404b66
aug_412650e509dbee188a07,rec_e4a56aeebd6a02551e95,D:\INFANT CRY\data_set_dbl_split\train\burping\290_F_eh.wav,burping/290_F_eh.wav,burping,train,1,pitch_shift,"{""steps"":2.062675}",227,7314564361820575382,virtual:aug_412650e509dbee188a07
aug_816b175e747e48112c74,rec_76d86ebe51c4717b2eef,D:\INFANT CRY\data_set_dbl_split\train\burping\3332_M_eh.wav,burping/3332_M_eh.wav,burping,train,1,pitch_shift,"{""steps"":-1.84264}",228,14638905990218788529,virtual:aug_816b175e747e48112c74
aug_b9c55d0fedd8eb29013b,rec_059855a7dd9bebe2345c,D:\INFANT CRY\data_set_dbl_split\train\burping\dunstan-eh_42.wav,burping/dunstan-eh_42.wav,burping,train,1,time_stretch,"{""rate"":1.178487}",229,982052446752740688,virtual:aug_b9c55d0fedd8eb29013b
aug_f939bd39ea59d3a8559d,rec_fc9986972c06dede6fb5,D:\INFANT CRY\data_set_dbl_split\train\burping\366_M_eh.wav,burping/366_M_eh.wav,burping,train,1,time_stretch,"{""rate"":0.786628}",230,8015799512250440402,virtual:aug_f939bd39ea59d3a8559d
aug_01b1aef89f609bc84283,rec_c7455d306ae46d35e2fd,D:\INFANT CRY\data_set_dbl_split\train\burping\3192_M_eh.wav,burping/3192_M_eh.wav,burping,train,1,gaussian_noise,"{""noise_factor"":0.004889854}",231,13286335592816899013,virtual:aug_01b1aef89f609bc84283
aug_dd23d5b74d19ba2833ee,rec_1ce241cf7686f94b3a25,D:\INFANT CRY\data_set_dbl_split\train\burping\000124_M_eh.wav,burping/000124_M_eh.wav,burping,train,1,pitch_shift,"{""steps"":0.829523}",232,1084191714101986774,virtual:aug_dd23d5b74d19ba2833ee
aug_e2d53cbdebef1570cc89,rec_a0ecc47442b70c870666,D:\INFANT CRY\data_set_dbl_split\train\burping\1447_M_eh.wav,burping/1447_M_eh.wav,burping,train,1,pitch_shift,"{""steps"":-0.965524}",233,14088061158566901736,virtual:aug_e2d53cbdebef1570cc89
aug_fb449f61cd17126ca2b8,rec_043172ca45e2593c9187,D:\INFANT CRY\data_set_dbl_split\train\burping\894_M_eh.wav,burping/894_M_eh.wav,burping,train,1,time_stretch,"{""rate"":1.08187}",234,9652301777398904731,virtual:aug_fb449f61cd17126ca2b8
aug_8cd2b645640a6d88aa33,rec_565dd3342f1ac221607e,D:\INFANT CRY\data_set_dbl_split\train\burping\392_M_eh.wav,burping/392_M_eh.wav,burping,train,1,time_stretch,"{""rate"":0.89943}",235,14451825106806169461,virtual:aug_8cd2b645640a6d88aa33
aug_b99a9ee957d0c49922d4,rec_c406d6a42a64a393f607,D:\INFANT CRY\data_set_dbl_split\train\burping\3828_M_eh.wav,burping/3828_M_eh.wav,burping,train,1,time_shift,"{""fraction"":0.0157042}",236,1374933533250566951,virtual:aug_b99a9ee957d0c49922d4
aug_4aadb34053d775a17fcf,rec_e1b10e6688978884e8d9,D:\INFANT CRY\data_set_dbl_split\train\burping\dunstan-eh_67.wav,burping/dunstan-eh_67.wav,burping,train,1,gaussian_noise,"{""noise_factor"":0.002649641}",237,16998783997919857964,virtual:aug_4aadb34053d775a17fcf
aug_c65d39d70572b3b4bee8,rec_08e93b1ae68a5813da75,D:\INFANT CRY\data_set_dbl_split\train\burping\3641_M_eh.wav,burping/3641_M_eh.wav,burping,train,1,pitch_shift,"{""steps"":2.180574}",238,5091821636500586779,virtual:aug_c65d39d70572b3b4bee8
aug_1e534665e816232bdb74,rec_30cbe93e75857a181f3d,D:\INFANT CRY\data_set_dbl_split\train\burping\128_M_eh.wav,burping/128_M_eh.wav,burping,train,1,pitch_shift,"{""steps"":-1.932048}",239,9558541070076866164,virtual:aug_1e534665e816232bdb74
aug_1d6c307dae606b6a86b2,rec_e4598b934b1a48c6adb8,D:\INFANT CRY\data_set_dbl_split\train\burping\4298_F_eh.wav,burping/4298_F_eh.wav,burping,train,1,time_stretch,"{""rate"":1.20383}",240,6920919620528441261,virtual:aug_1d6c307dae606b6a86b2
aug_044edc408f5893f4e7a2,rec_a3b246b844a903219afc,D:\INFANT CRY\data_set_dbl_split\train\burping\336_F_eh.wav,burping/336_F_eh.wav,burping,train,1,time_stretch,"{""rate"":0.804644}",241,3821209778170596564,virtual:aug_044edc408f5893f4e7a2
aug_376dd51da54f8538cb68,rec_583b16956c6c814d67fe,D:\INFANT CRY\data_set_dbl_split\train\burping\3033_M_eh.wav,burping/3033_M_eh.wav,burping,train,1,gaussian_noise,"{""noise_factor"":0.004718998}",242,13963236392713055650,virtual:aug_376dd51da54f8538cb68
aug_0da7982ac40c16259065,rec_9bc21230f02ca1056bac,D:\INFANT CRY\data_set_dbl_split\train\burping\4881_M_eh.wav,burping/4881_M_eh.wav,burping,train,1,pitch_shift,"{""steps"":1.194684}",243,10160396795296076644,virtual:aug_0da7982ac40c16259065
aug_03d2544a2ff0a0d9d488,rec_c2521e9b1d58c3fbb0cb,D:\INFANT CRY\data_set_dbl_split\train\burping\1103_M_eh.wav,burping/1103_M_eh.wav,burping,train,1,pitch_shift,"{""steps"":-1.038885}",244,15696221215606169430,virtual:aug_03d2544a2ff0a0d9d488
aug_686eb187a319e14d903b,rec_0243d0e4f1276ccf9ce1,D:\INFANT CRY\data_set_dbl_split\train\burping\4389_F_eh.wav,burping/4389_F_eh.wav,burping,train,1,time_stretch,"{""rate"":1.087154}",245,2552350576876021228,virtual:aug_686eb187a319e14d903b
aug_60012a384ab99e49e14d,rec_553ed1bbae89167723a4,D:\INFANT CRY\data_set_dbl_split\train\burping\479_M_eh.wav,burping/479_M_eh.wav,burping,train,1,time_stretch,"{""rate"":0.899335}",246,13324099587212433771,virtual:aug_60012a384ab99e49e14d
aug_5aba6ecb00a85a19cf60,rec_f00e486b5bb01e917fd5,D:\INFANT CRY\data_set_dbl_split\train\burping\2759_M_eh.wav,burping/2759_M_eh.wav,burping,train,1,time_shift,"{""fraction"":0.0077708}",247,11652674398276198410,virtual:aug_5aba6ecb00a85a19cf60
aug_040cf9eb4f451e0c3682,rec_fe2bd084cd57ea19b335,D:\INFANT CRY\data_set_dbl_split\train\burping\1294_F_eh.wav,burping/1294_F_eh.wav,burping,train,1,gaussian_noise,"{""noise_factor"":0.002822467}",248,17922218078754673877,virtual:aug_040cf9eb4f451e0c3682
aug_52b137474256f06485a1,rec_4cb288cfddc38ac25391,D:\INFANT CRY\data_set_dbl_split\train\burping\2369_M_eh.wav,burping/2369_M_eh.wav,burping,train,1,pitch_shift,"{""steps"":2.166722}",249,3712300204895869285,virtual:aug_52b137474256f06485a1
aug_5d516ad1d491f4ecb3c4,rec_7f5f72cffacee5752ddb,D:\INFANT CRY\data_set_dbl_split\train\burping\3331_M_eh.wav,burping/3331_M_eh.wav,burping,train,1,pitch_shift,"{""steps"":-1.932811}",250,4598075335537944021,virtual:aug_5d516ad1d491f4ecb3c4
aug_44fe34898c0f1d9a97af,rec_4bf2222acdcc1b555881,D:\INFANT CRY\data_set_dbl_split\train\burping\537_M_eh.wav,burping/537_M_eh.wav,burping,train,1,time_stretch,"{""rate"":1.218397}",251,12513152134222505156,virtual:aug_44fe34898c0f1d9a97af
aug_5a36ec9117ea95a66c50,rec_10d0435f16610463b458,D:\INFANT CRY\data_set_dbl_split\train\burping\1280_F_eh.wav,burping/1280_F_eh.wav,burping,train,1,time_stretch,"{""rate"":0.819302}",252,14055327559149776243,virtual:aug_5a36ec9117ea95a66c50
aug_a70f09158b6386e17782,rec_a9a6a0ec78c393f1423a,D:\INFANT CRY\data_set_dbl_split\train\burping\3987_M_eh.wav,burping/3987_M_eh.wav,burping,train,1,gaussian_noise,"{""noise_factor"":0.004365349}",253,17064024680609722845,virtual:aug_a70f09158b6386e17782
aug_3319db762e43048e5321,rec_c22dd02b85a1df5c8c4e,D:\INFANT CRY\data_set_dbl_split\train\burping\dunstan-eh_65.wav,burping/dunstan-eh_65.wav,burping,train,1,pitch_shift,"{""steps"":0.943985}",254,2485949577192150334,virtual:aug_3319db762e43048e5321
aug_e2d40fc9fe791fa9d34f,rec_d024232db85b2dd5abc3,D:\INFANT CRY\data_set_dbl_split\train\burping\3773_M_eh.wav,burping/3773_M_eh.wav,burping,train,1,pitch_shift,"{""steps"":-1.083696}",255,17414561060625777908,virtual:aug_e2d40fc9fe791fa9d34f
aug_c8eecbb7930bd7f22f77,rec_fa20854f3b7e4dba152c,D:\INFANT CRY\data_set_dbl_split\train\burping\2026_M_eh.wav,burping/2026_M_eh.wav,burping,train,1,time_stretch,"{""rate"":1.10317}",256,10268249015621726558,virtual:aug_c8eecbb7930bd7f22f77
aug_8231de1660f345b57e8f,rec_e3f5a660e3b815100438,D:\INFANT CRY\data_set_dbl_split\train\burping\3350_M_eh.wav,burping/3350_M_eh.wav,burping,train,1,time_stretch,"{""rate"":0.914934}",257,8869482307745445254,virtual:aug_8231de1660f345b57e8f
aug_26456a9ec28f578e3a79,rec_aef16fe4b73818181ee3,D:\INFANT CRY\data_set_dbl_split\train\burping\1173_M_eh.wav,burping/1173_M_eh.wav,burping,train,1,time_shift,"{""fraction"":-0.0835547}",258,10505072486187732005,virtual:aug_26456a9ec28f578e3a79
aug_13db0a5e83dec5982b21,rec_51b8c1e6675046875e68,D:\INFANT CRY\data_set_dbl_split\train\burping\3156_F_eh.wav,burping/3156_F_eh.wav,burping,train,1,gaussian_noise,"{""noise_factor"":0.002659165}",259,10611735364169865496,virtual:aug_13db0a5e83dec5982b21
aug_50a972f44371d56ba97f,rec_dcac3876bf6880c602d4,D:\INFANT CRY\data_set_dbl_split\train\burping\3754_M_eh.wav,burping/3754_M_eh.wav,burping,train,1,pitch_shift,"{""steps"":2.183633}",260,14402193600292952115,virtual:aug_50a972f44371d56ba97f
aug_40d5245451e151b6f102,rec_eee5eed2ae78b50ca38d,D:\INFANT CRY\data_set_dbl_split\train\burping\1060_M_eh.wav,burping/1060_M_eh.wav,burping,train,1,pitch_shift,"{""steps"":-2.095376}",261,11919491559123087350,virtual:aug_40d5245451e151b6f102
aug_157972f33d3f6875ec4c,rec_01d818a8f633482ae893,D:\INFANT CRY\data_set_dbl_split\train\discomfort\2800_M_heh.wav,discomfort/2800_M_heh.wav,discomfort,train,1,gaussian_noise,"{""noise_factor"":0.004908743}",0,2188501314581000429,virtual:aug_157972f33d3f6875ec4c
aug_5e8d289405e762867440,rec_7d53ec14d0de07ba9f29,D:\INFANT CRY\data_set_dbl_split\train\discomfort\3083_M_heh.wav,discomfort/3083_M_heh.wav,discomfort,train,1,pitch_shift,"{""steps"":1.172424}",1,14228774469759541289,virtual:aug_5e8d289405e762867440
aug_1356985ad45b8f1d3632,rec_d29795646338e698d6c0,D:\INFANT CRY\data_set_dbl_split\train\discomfort\2416_M_heh.wav,discomfort/2416_M_heh.wav,discomfort,train,1,pitch_shift,"{""steps"":-1.055515}",2,13123677539894241610,virtual:aug_1356985ad45b8f1d3632
aug_9dbd681d2d99a6d8be1d,rec_3f52b4d2fc987b097465,D:\INFANT CRY\data_set_dbl_split\train\discomfort\362_M_heh.wav,discomfort/362_M_heh.wav,discomfort,train,1,time_stretch,"{""rate"":1.105785}",3,17074953228951678794,virtual:aug_9dbd681d2d99a6d8be1d
aug_7d54e6bdc37604921db2,rec_db0d984635fb9d6ef729,D:\INFANT CRY\data_set_dbl_split\train\discomfort\dunstan-heh_10.wav,discomfort/dunstan-heh_10.wav,discomfort,train,1,time_stretch,"{""rate"":0.905689}",4,17823484519655862684,virtual:aug_7d54e6bdc37604921db2
aug_8bba2a548f6eb4c81361,rec_128a836f9d7c0c3800f8,D:\INFANT CRY\data_set_dbl_split\train\discomfort\3009_M_heh.wav,discomfort/3009_M_heh.wav,discomfort,train,1,time_shift,"{""fraction"":-0.0802591}",5,8210045912544846279,virtual:aug_8bba2a548f6eb4c81361
aug_25d3b68fbd967533cd33,rec_8c9bd93d6cae8287536e,D:\INFANT CRY\data_set_dbl_split\train\discomfort\2802_M_heh.wav,discomfort/2802_M_heh.wav,discomfort,train,1,gaussian_noise,"{""noise_factor"":0.002626299}",6,11428485774623005730,virtual:aug_25d3b68fbd967533cd33
aug_798828f311b1a1eefb66,rec_00aeffb9aa41099dc5e5,D:\INFANT CRY\data_set_dbl_split\train\discomfort\4084_M_heh.wav,discomfort/4084_M_heh.wav,discomfort,train,1,pitch_shift,"{""steps"":1.849706}",7,5232574988818801385,virtual:aug_798828f311b1a1eefb66
aug_bf133889f48a023ba453,rec_c28fa0cb46f2cf6051d8,D:\INFANT CRY\data_set_dbl_split\train\discomfort\dunstan-heh_18.wav,discomfort/dunstan-heh_18.wav,discomfort,train,1,pitch_shift,"{""steps"":-1.865122}",8,455594585522346556,virtual:aug_bf133889f48a023ba453
aug_02412f1589d692d69d23,rec_a1bb82b464315dcad4da,D:\INFANT CRY\data_set_dbl_split\train\discomfort\915_M_heh.wav,discomfort/915_M_heh.wav,discomfort,train,1,time_stretch,"{""rate"":1.216487}",9,4131147645027159515,virtual:aug_02412f1589d692d69d23
aug_21ccbf660312d3e10b5a,rec_dffa4febe3cb777a6ec2,D:\INFANT CRY\data_set_dbl_split\train\discomfort\2332_M_heh.wav,discomfort/2332_M_heh.wav,discomfort,train,1,time_stretch,"{""rate"":0.787536}",10,4227823247270189310,virtual:aug_21ccbf660312d3e10b5a
aug_6c9084dfc995c5a003ab,rec_5dd030b8afd73faf7e6d,D:\INFANT CRY\data_set_dbl_split\train\discomfort\dunstan-heh_48.wav,discomfort/dunstan-heh_48.wav,discomfort,train,1,gaussian_noise,"{""noise_factor"":0.00540679}",11,12651028372255136276,virtual:aug_6c9084dfc995c5a003ab
aug_345a738129008f0f0318,rec_98b16899c96800087607,D:\INFANT CRY\data_set_dbl_split\train\discomfort\1231_M_heh.wav,discomfort/1231_M_heh.wav,discomfort,train,1,pitch_shift,"{""steps"":1.117811}",12,2798686813038573407,virtual:aug_345a738129008f0f0318
aug_4e96ee17d0ee5dba5c69,rec_6078ad0e8ea8a14799ba,D:\INFANT CRY\data_set_dbl_split\train\discomfort\4825_M_heh.wav,discomfort/4825_M_heh.wav,discomfort,train,1,pitch_shift,"{""steps"":-0.917876}",13,3267878706183862120,virtual:aug_4e96ee17d0ee5dba5c69
aug_5b9b79b42f5bd40c7642,rec_a446a8a4d062af8dda1b,D:\INFANT CRY\data_set_dbl_split\train\discomfort\dunstan-heh_15.wav,discomfort/dunstan-heh_15.wav,discomfort,train,1,time_stretch,"{""rate"":1.079211}",14,5352050593409978759,virtual:aug_5b9b79b42f5bd40c7642
aug_e143b252f5382ad665cf,rec_b68a18d4d619ff02538e,D:\INFANT CRY\data_set_dbl_split\train\discomfort\1534_M_heh.wav,discomfort/1534_M_heh.wav,discomfort,train,1,time_stretch,"{""rate"":0.900517}",15,4901655864093895783,virtual:aug_e143b252f5382ad665cf
aug_31b77afe4006d8e27d23,rec_b2b046ee6befacc1736f,D:\INFANT CRY\data_set_dbl_split\train\discomfort\595_M_heh.wav,discomfort/595_M_heh.wav,discomfort,train,1,time_shift,"{""fraction"":-0.0699511}",16,9812141938861600699,virtual:aug_31b77afe4006d8e27d23
aug_1b8f873752e6bbead4be,rec_75f5e44678bb0fbe8f9d,D:\INFANT CRY\data_set_dbl_split\train\discomfort\2436_M_heh.wav,discomfort/2436_M_heh.wav,discomfort,train,1,gaussian_noise,"{""noise_factor"":0.002356183}",17,788529222174969343,virtual:aug_1b8f873752e6bbead4be
aug_fb4a1564310125988442,rec_8d9f61ce303defbfc361,D:\INFANT CRY\data_set_dbl_split\train\discomfort\3409_M_heh.wav,discomfort/3409_M_heh.wav,discomfort,train,1,pitch_shift,"{""steps"":2.062384}",18,16624946085637354627,virtual:aug_fb4a1564310125988442
aug_307b28d3167a89998e35,rec_60d4a3b0d92ddce6aa04,D:\INFANT CRY\data_set_dbl_split\train\discomfort\2345_M_heh.wav,discomfort/2345_M_heh.wav,discomfort,train,1,pitch_shift,"{""steps"":-2.040711}",19,14537005454215408142,virtual:aug_307b28d3167a89998e35
aug_1de61f61f49087bf1752,rec_7025af523ff923b12389,D:\INFANT CRY\data_set_dbl_split\train\discomfort\3499_M_heh.wav,discomfort/3499_M_heh.wav,discomfort,train,1,time_stretch,"{""rate"":1.203632}",20,2121899309851121092,virtual:aug_1de61f61f49087bf1752
aug_6059bbf6aa4eb065a1f3,rec_b4327cfdcef8a6d08926,D:\INFANT CRY\data_set_dbl_split\train\discomfort\4422_M_heh.wav,discomfort/4422_M_heh.wav,discomfort,train,1,time_stretch,"{""rate"":0.779096}",21,10452913480344731638,virtual:aug_6059bbf6aa4eb065a1f3
aug_6e5ef8d476c38d4fd651,rec_09d3a8609a2587658b70,D:\INFANT CRY\data_set_dbl_split\train\discomfort\4818_M_heh.wav,discomfort/4818_M_heh.wav,discomfort,train,1,gaussian_noise,"{""noise_factor"":0.004873213}",22,16853011254296676845,virtual:aug_6e5ef8d476c38d4fd651
aug_73e627d205e203ce0913,rec_c66c61c76109180f4ea4,D:\INFANT CRY\data_set_dbl_split\train\discomfort\592_M_heh.wav,discomfort/592_M_heh.wav,discomfort,train,1,pitch_shift,"{""steps"":0.864585}",23,13171533081636569357,virtual:aug_73e627d205e203ce0913
aug_d5a5b9d7e8bbe4c27128,rec_130b876cf3e8042dbaaf,D:\INFANT CRY\data_set_dbl_split\train\discomfort\dunstan-heh_5.wav,discomfort/dunstan-heh_5.wav,discomfort,train,1,pitch_shift,"{""steps"":-1.0146}",24,8900478511931145143,virtual:aug_d5a5b9d7e8bbe4c27128
aug_d454d15512b0dd606b26,rec_3d99f5ba8607ab46d834,D:\INFANT CRY\data_set_dbl_split\train\discomfort\dunstan-heh_6.wav,discomfort/dunstan-heh_6.wav,discomfort,train,1,time_stretch,"{""rate"":1.093252}",25,13079187151008519103,virtual:aug_d454d15512b0dd606b26
aug_f5eaa5adc98743a18acd,rec_6ad89027638c1a776894,D:\INFANT CRY\data_set_dbl_split\train\discomfort\4228_M_heh.wav,discomfort/4228_M_heh.wav,discomfort,train,1,time_stretch,"{""rate"":0.919029}",26,12113737643792913662,virtual:aug_f5eaa5adc98743a18acd
aug_a194fc21e45a43bfd2ae,rec_428d00d3f563fd3b0b6f,D:\INFANT CRY\data_set_dbl_split\train\discomfort\dunstan-heh_4.wav,discomfort/dunstan-heh_4.wav,discomfort,train,1,time_shift,"{""fraction"":-0.0567186}",27,9954303322380993010,virtual:aug_a194fc21e45a43bfd2ae
aug_08eae8f4e006824f9459,rec_0added8756718f697995,D:\INFANT CRY\data_set_dbl_split\train\discomfort\2085_M_heh.wav,discomfort/2085_M_heh.wav,discomfort,train,1,gaussian_noise,"{""noise_factor"":0.002159087}",28,1171820288037292341,virtual:aug_08eae8f4e006824f9459
aug_0533d7e4142117aebcdd,rec_51daa75d6cee602ab3c8,D:\INFANT CRY\data_set_dbl_split\train\discomfort\dunstan-heh_29.wav,discomfort/dunstan-heh_29.wav,discomfort,train,1,pitch_shift,"{""steps"":1.930881}",29,465511331279194565,virtual:aug_0533d7e4142117aebcdd
aug_6e86f27e38bfc9b015eb,rec_2c14edaf86afba716162,D:\INFANT CRY\data_set_dbl_split\train\discomfort\dunstan-heh_17.wav,discomfort/dunstan-heh_17.wav,discomfort,train,1,pitch_shift,"{""steps"":-1.864499}",30,10414549140488034571,virtual:aug_6e86f27e38bfc9b015eb
aug_4d1a949696f2a6d69a82,rec_d4374ee440aee747b757,D:\INFANT CRY\data_set_dbl_split\train\discomfort\dunstan-heh_11.wav,discomfort/dunstan-heh_11.wav,discomfort,train,1,time_stretch,"{""rate"":1.217967}",31,6360889319615643704,virtual:aug_4d1a949696f2a6d69a82
aug_c84ef6de9c778d6faa11,rec_812b51427c3184c41a51,D:\INFANT CRY\data_set_dbl_split\train\discomfort\3305_M_heh.wav,discomfort/3305_M_heh.wav,discomfort,train,1,time_stretch,"{""rate"":0.79658}",32,16550241921678967010,virtual:aug_c84ef6de9c778d6faa11
aug_b2a1365ccf768c9eb0c8,rec_270278ab42fbf19a6468,D:\INFANT CRY\data_set_dbl_split\train\discomfort\3715_M_heh.wav,discomfort/3715_M_heh.wav,discomfort,train,1,gaussian_noise,"{""noise_factor"":0.005615277}",33,9885372213143818566,virtual:aug_b2a1365ccf768c9eb0c8
aug_c0f8d0eaae7b9478b4b9,rec_a7a1cff4c1b04c4a0a73,D:\INFANT CRY\data_set_dbl_split\train\discomfort\3992_M_heh.wav,discomfort/3992_M_heh.wav,discomfort,train,1,pitch_shift,"{""steps"":0.865113}",34,6947550915681441909,virtual:aug_c0f8d0eaae7b9478b4b9
aug_446c3ee12e531003c0fd,rec_c5ca2cddf85a72e0dc56,D:\INFANT CRY\data_set_dbl_split\train\discomfort\4782_M_heh.wav,discomfort/4782_M_heh.wav,discomfort,train,1,pitch_shift,"{""steps"":-0.825662}",35,6680277821016373803,virtual:aug_446c3ee12e531003c0fd
aug_45215403bbc9eef0a4a0,rec_cf665a8d5d04d0e150ed,D:\INFANT CRY\data_set_dbl_split\train\discomfort\3643_M_heh.wav,discomfort/3643_M_heh.wav,discomfort,train,1,time_stretch,"{""rate"":1.076447}",36,4443049901393095117,virtual:aug_45215403bbc9eef0a4a0
aug_730c9def0f5254b16b6f,rec_76a42152121fc3becc5b,D:\INFANT CRY\data_set_dbl_split\train\discomfort\3729_M_heh.wav,discomfort/3729_M_heh.wav,discomfort,train,1,time_stretch,"{""rate"":0.923152}",37,5707354795009625845,virtual:aug_730c9def0f5254b16b6f
aug_b5db3845b4f385f9e9d8,rec_aeb79fc9b0c45b64f93c,D:\INFANT CRY\data_set_dbl_split\train\discomfort\4790_M_heh.wav,discomfort/4790_M_heh.wav,discomfort,train,1,time_shift,"{""fraction"":0.0296513}",38,8240801858852968267,virtual:aug_b5db3845b4f385f9e9d8
aug_7ac5a73807a306abfeae,rec_e03c385467424eb08738,D:\INFANT CRY\data_set_dbl_split\train\discomfort\dunstan-heh_8.wav,discomfort/dunstan-heh_8.wav,discomfort,train,1,gaussian_noise,"{""noise_factor"":0.002751525}",39,8645564137766786693,virtual:aug_7ac5a73807a306abfeae
aug_8da902ff5d268a732ded,rec_823255df478a0f9da394,D:\INFANT CRY\data_set_dbl_split\train\discomfort\2948_M_heh.wav,discomfort/2948_M_heh.wav,discomfort,train,1,pitch_shift,"{""steps"":2.12157}",40,6829741673904381209,virtual:aug_8da902ff5d268a732ded
aug_9ab2e8ea15332b8c93e7,rec_4358c2c84f657df97471,D:\INFANT CRY\data_set_dbl_split\train\discomfort\1800_M_heh.wav,discomfort/1800_M_heh.wav,discomfort,train,1,pitch_shift,"{""steps"":-1.996457}",41,2275114725508240772,virtual:aug_9ab2e8ea15332b8c93e7
aug_e7d27f53b16f43e9d447,rec_3ceb873c0c1383aaf2d1,D:\INFANT CRY\data_set_dbl_split\train\discomfort\1860_M_heh.wav,discomfort/1860_M_heh.wav,discomfort,train,1,time_stretch,"{""rate"":1.216171}",42,7609741564454635557,virtual:aug_e7d27f53b16f43e9d447
aug_d2e9a229f3c7865fdec1,rec_d252f8e43bac8a94460c,D:\INFANT CRY\data_set_dbl_split\train\discomfort\1656_M_heh.wav,discomfort/1656_M_heh.wav,discomfort,train,1,time_stretch,"{""rate"":0.803314}",43,8130120285223118305,virtual:aug_d2e9a229f3c7865fdec1
aug_c0a61e35826a9b8e7b50,rec_bb84d05c8dfb27a04662,D:\INFANT CRY\data_set_dbl_split\train\discomfort\507_M_heh.wav,discomfort/507_M_heh.wav,discomfort,train,1,gaussian_noise,"{""noise_factor"":0.004302406}",44,18110459430534294666,virtual:aug_c0a61e35826a9b8e7b50
aug_b9dfa79f64fd229704e5,rec_4c06d158e10c7b910785,D:\INFANT CRY\data_set_dbl_split\train\discomfort\2612_M_heh.wav,discomfort/2612_M_heh.wav,discomfort,train,1,pitch_shift,"{""steps"":1.022254}",45,12090005163462051652,virtual:aug_b9dfa79f64fd229704e5
aug_d9fac6954e69a36b1337,rec_29ecf264fe494eea58fb,D:\INFANT CRY\data_set_dbl_split\train\discomfort\3984_F_heh.wav,discomfort/3984_F_heh.wav,discomfort,train,1,pitch_shift,"{""steps"":-0.811664}",46,8360264448043939576,virtual:aug_d9fac6954e69a36b1337
aug_914f3875f05fc6546aaf,rec_fecba998d290d42023e8,D:\INFANT CRY\data_set_dbl_split\train\discomfort\2928_M_heh.wav,discomfort/2928_M_heh.wav,discomfort,train,1,time_stretch,"{""rate"":1.109093}",47,1528642327579114192,virtual:aug_914f3875f05fc6546aaf
aug_8308d62e6777bc23a485,rec_545a14847418aadce545,D:\INFANT CRY\data_set_dbl_split\train\discomfort\4253_M_heh.wav,discomfort/4253_M_heh.wav,discomfort,train,1,time_stretch,"{""rate"":0.883105}",48,5173760984167644515,virtual:aug_8308d62e6777bc23a485
aug_2fd85892fed3a39a27fb,rec_1e1cf13b4d1b84eb706c,D:\INFANT CRY\data_set_dbl_split\train\discomfort\dunstan-heh_37.wav,discomfort/dunstan-heh_37.wav,discomfort,train,1,time_shift,"{""fraction"":0.0664144}",49,9391975210346902332,virtual:aug_2fd85892fed3a39a27fb
aug_ef4a6a8a2f58eb32a500,rec_85dab9312e9b8aabaa62,D:\INFANT CRY\data_set_dbl_split\train\discomfort\4756_F_heh.wav,discomfort/4756_F_heh.wav,discomfort,train,1,gaussian_noise,"{""noise_factor"":0.002241857}",50,3484502594372347671,virtual:aug_ef4a6a8a2f58eb32a500
aug_2819b5add10c3befc3fc,rec_3ea9d39bb4edc68fdf50,D:\INFANT CRY\data_set_dbl_split\train\discomfort\3719_M_heh.wav,discomfort/3719_M_heh.wav,discomfort,train,1,pitch_shift,"{""steps"":2.126941}",51,14972817721428573733,virtual:aug_2819b5add10c3befc3fc
aug_2d0d47d70fa894333428,rec_43d212cc278f3fa7f39d,D:\INFANT CRY\data_set_dbl_split\train\discomfort\2128_M_heh.wav,discomfort/2128_M_heh.wav,discomfort,train,1,pitch_shift,"{""steps"":-2.167957}",52,18266724746826139303,virtual:aug_2d0d47d70fa894333428
aug_1e362853745674800d72,rec_c95f02818a4bfa9ef8b9,D:\INFANT CRY\data_set_dbl_split\train\discomfort\4041_M_heh.wav,discomfort/4041_M_heh.wav,discomfort,train,1,time_stretch,"{""rate"":1.207975}",53,15946335773861377672,virtual:aug_1e362853745674800d72
aug_e11cd21c82a38700fbf1,rec_6750c27eac310fed8c87,D:\INFANT CRY\data_set_dbl_split\train\discomfort\203_F_heh.wav,discomfort/203_F_heh.wav,discomfort,train,1,time_stretch,"{""rate"":0.820502}",54,5975379956950144115,virtual:aug_e11cd21c82a38700fbf1
aug_eee422d112c1e4070fa8,rec_52da117b101c516c1c42,D:\INFANT CRY\data_set_dbl_split\train\discomfort\4262_M_heh.wav,discomfort/4262_M_heh.wav,discomfort,train,1,gaussian_noise,"{""noise_factor"":0.00562629}",55,13889969077916082721,virtual:aug_eee422d112c1e4070fa8
aug_1a04e542bf041a857cf8,rec_91afffc62993be071030,D:\INFANT CRY\data_set_dbl_split\train\discomfort\2535_M_heh.wav,discomfort/2535_M_heh.wav,discomfort,train,1,pitch_shift,"{""steps"":0.990625}",56,12592273374389635173,virtual:aug_1a04e542bf041a857cf8
aug_671628dd1d7ce606079b,rec_86e6760be24886dd3199,D:\INFANT CRY\data_set_dbl_split\train\discomfort\4712_M_heh.wav,discomfort/4712_M_heh.wav,discomfort,train,1,pitch_shift,"{""steps"":-1.050713}",57,5179467161603972628,virtual:aug_671628dd1d7ce606079b
aug_16a6ea4d7935fb05b856,rec_c3478edae2c382b946fe,D:\INFANT CRY\data_set_dbl_split\train\discomfort\1189_F_heh.wav,discomfort/1189_F_heh.wav,discomfort,train,1,time_stretch,"{""rate"":1.11883}",58,9441079341330997711,virtual:aug_16a6ea4d7935fb05b856
aug_093d4287418c3c210e08,rec_6bbd0237afd88cf9b3c1,D:\INFANT CRY\data_set_dbl_split\train\discomfort\3795_M_heh.wav,discomfort/3795_M_heh.wav,discomfort,train,1,time_stretch,"{""rate"":0.916946}",59,1174084909687894458,virtual:aug_093d4287418c3c210e08
aug_e7ee20cf83f0409271ff,rec_170a61ba4bff3a2d5277,D:\INFANT CRY\data_set_dbl_split\train\discomfort\2526_M_heh.wav,discomfort/2526_M_heh.wav,discomfort,train,1,time_shift,"{""fraction"":-0.0851082}",60,7558887777729791103,virtual:aug_e7ee20cf83f0409271ff
aug_eaa8bf9a9416abd76bd8,rec_96e032ce543e45616669,D:\INFANT CRY\data_set_dbl_split\train\discomfort\2011_M_heh.wav,discomfort/2011_M_heh.wav,discomfort,train,1,gaussian_noise,"{""noise_factor"":0.002323069}",61,14399865157787234697,virtual:aug_eaa8bf9a9416abd76bd8
aug_442c23b9176072ddde00,rec_a6a97d51ada1af8e637e,D:\INFANT CRY\data_set_dbl_split\train\discomfort\3989_M_heh.wav,discomfort/3989_M_heh.wav,discomfort,train,1,pitch_shift,"{""steps"":1.996709}",62,7175421923623137133,virtual:aug_442c23b9176072ddde00
aug_2fd602acc892018e71a2,rec_af6446fc5d9db7acb66b,D:\INFANT CRY\data_set_dbl_split\train\discomfort\2409_M_heh.wav,discomfort/2409_M_heh.wav,discomfort,train,1,pitch_shift,"{""steps"":-1.951986}",63,15326280515432598692,virtual:aug_2fd602acc892018e71a2
aug_e9806ec5f1d60fbe4d68,rec_36666c11c2fd31a59262,D:\INFANT CRY\data_set_dbl_split\train\discomfort\86_F_heh.wav,discomfort/86_F_heh.wav,discomfort,train,1,time_stretch,"{""rate"":1.176633}",64,15283398923541251131,virtual:aug_e9806ec5f1d60fbe4d68
aug_04d62d645a8602ef6c36,rec_122140d62463d7d58e24,D:\INFANT CRY\data_set_dbl_split\train\discomfort\3369_F_heh.wav,discomfort/3369_F_heh.wav,discomfort,train,1,time_stretch,"{""rate"":0.786648}",65,5718519145052017222,virtual:aug_04d62d645a8602ef6c36
aug_576af44ddca419acb0f8,rec_33f6d238ac51ca9e5758,D:\INFANT CRY\data_set_dbl_split\train\discomfort\3623_F_heh.wav,discomfort/3623_F_heh.wav,discomfort,train,1,gaussian_noise,"{""noise_factor"":0.005707082}",66,425603682864809444,virtual:aug_576af44ddca419acb0f8
aug_62d8f830ede1c50d09ba,rec_8531260c58ed47ae96f8,D:\INFANT CRY\data_set_dbl_split\train\discomfort\2588_F_heh.wav,discomfort/2588_F_heh.wav,discomfort,train,1,pitch_shift,"{""steps"":0.900763}",67,12871690934373190640,virtual:aug_62d8f830ede1c50d09ba
aug_f0a47d0ceaeb95b76ba7,rec_324edc9ef55f934ac4b2,D:\INFANT CRY\data_set_dbl_split\train\discomfort\2431_M_heh.wav,discomfort/2431_M_heh.wav,discomfort,train,1,pitch_shift,"{""steps"":-1.056902}",68,9084154325920661428,virtual:aug_f0a47d0ceaeb95b76ba7
aug_c52ab823065133c71863,rec_0aa9e91ac3fcb2b11225,D:\INFANT CRY\data_set_dbl_split\train\discomfort\4177_M_heh.wav,discomfort/4177_M_heh.wav,discomfort,train,1,time_stretch,"{""rate"":1.08934}",69,5955467885410323870,virtual:aug_c52ab823065133c71863
aug_b54a33d53115073fa215,rec_371bb1b9e4f734680eb6,D:\INFANT CRY\data_set_dbl_split\train\discomfort\3298_M_heh.wav,discomfort/3298_M_heh.wav,discomfort,train,1,time_stretch,"{""rate"":0.888707}",70,3874831762384838081,virtual:aug_b54a33d53115073fa215
aug_3fc39bcd472a72371fde,rec_ea8217cfae981608c5cf,D:\INFANT CRY\data_set_dbl_split\train\discomfort\1775_M_heh.wav,discomfort/1775_M_heh.wav,discomfort,train,1,time_shift,"{""fraction"":0.0108551}",71,16636453485562257119,virtual:aug_3fc39bcd472a72371fde
aug_2c37926d1400cd789ffe,rec_35ee8ab5d6dd0b87c748,D:\INFANT CRY\data_set_dbl_split\train\discomfort\dunstan-heh_34.wav,discomfort/dunstan-heh_34.wav,discomfort,train,1,gaussian_noise,"{""noise_factor"":0.002403402}",72,15994941095975804882,virtual:aug_2c37926d1400cd789ffe
aug_4415e86f5623388128fe,rec_0d4c7e9d16ffe8d1bbff,D:\INFANT CRY\data_set_dbl_split\train\discomfort\3468_F_heh.wav,discomfort/3468_F_heh.wav,discomfort,train,1,pitch_shift,"{""steps"":1.998756}",73,4884424922350278364,virtual:aug_4415e86f5623388128fe
aug_40b212ed11f73aa3e50a,rec_37d2c4c05305ba71470e,D:\INFANT CRY\data_set_dbl_split\train\discomfort\902_M_heh.wav,discomfort/902_M_heh.wav,discomfort,train,1,pitch_shift,"{""steps"":-1.984896}",74,11126936959551889804,virtual:aug_40b212ed11f73aa3e50a
aug_480553477b6ed8d46c51,rec_0655eee816f825bf3d59,D:\INFANT CRY\data_set_dbl_split\train\discomfort\2814_F_heh.wav,discomfort/2814_F_heh.wav,discomfort,train,1,time_stretch,"{""rate"":1.204616}",75,18346957641481528148,virtual:aug_480553477b6ed8d46c51
aug_c5db75f386094707fba1,rec_9185eef7e2aecebfb720,D:\INFANT CRY\data_set_dbl_split\train\discomfort\735_M_heh.wav,discomfort/735_M_heh.wav,discomfort,train,1,time_stretch,"{""rate"":0.821076}",76,478752848064460623,virtual:aug_c5db75f386094707fba1
aug_95011072fb54f7909f3f,rec_1f3d7360241859021509,D:\INFANT CRY\data_set_dbl_split\train\discomfort\1192_M_heh.wav,discomfort/1192_M_heh.wav,discomfort,train,1,gaussian_noise,"{""noise_factor"":0.005502202}",77,1311577689252526099,virtual:aug_95011072fb54f7909f3f
aug_6dbb07aba4c1c62e57b2,rec_6456e2ce88a30a623868,D:\INFANT CRY\data_set_dbl_split\train\discomfort\dunstan-heh_39.wav,discomfort/dunstan-heh_39.wav,discomfort,train,1,pitch_shift,"{""steps"":1.113159}",78,10677531222036246165,virtual:aug_6dbb07aba4c1c62e57b2
aug_07b87108ca12399380b6,rec_01d818a8f633482ae893,D:\INFANT CRY\data_set_dbl_split\train\discomfort\2800_M_heh.wav,discomfort/2800_M_heh.wav,discomfort,train,1,pitch_shift,"{""steps"":-0.967134}",79,9044729759763104694,virtual:aug_07b87108ca12399380b6
aug_891bfc5a584ec579a895,rec_7d53ec14d0de07ba9f29,D:\INFANT CRY\data_set_dbl_split\train\discomfort\3083_M_heh.wav,discomfort/3083_M_heh.wav,discomfort,train,1,time_stretch,"{""rate"":1.115174}",80,16345013518168592321,virtual:aug_891bfc5a584ec579a895
aug_59f7d79bf77642d87164,rec_d29795646338e698d6c0,D:\INFANT CRY\data_set_dbl_split\train\discomfort\2416_M_heh.wav,discomfort/2416_M_heh.wav,discomfort,train,1,time_stretch,"{""rate"":0.875594}",81,7565472875272915566,virtual:aug_59f7d79bf77642d87164
aug_badb769d91f7124363a2,rec_3f52b4d2fc987b097465,D:\INFANT CRY\data_set_dbl_split\train\discomfort\362_M_heh.wav,discomfort/362_M_heh.wav,discomfort,train,1,time_shift,"{""fraction"":0.0841636}",82,8210227098976730324,virtual:aug_badb769d91f7124363a2
aug_545add8a15a78f041d74,rec_db0d984635fb9d6ef729,D:\INFANT CRY\data_set_dbl_split\train\discomfort\dunstan-heh_10.wav,discomfort/dunstan-heh_10.wav,discomfort,train,1,gaussian_noise,"{""noise_factor"":0.002492961}",83,9196929686143669672,virtual:aug_545add8a15a78f041d74
aug_07eb42967b8725181c5c,rec_128a836f9d7c0c3800f8,D:\INFANT CRY\data_set_dbl_split\train\discomfort\3009_M_heh.wav,discomfort/3009_M_heh.wav,discomfort,train,1,pitch_shift,"{""steps"":2.007627}",84,14270471578015932680,virtual:aug_07eb42967b8725181c5c
aug_535c2bf1ab86faa13a28,rec_8c9bd93d6cae8287536e,D:\INFANT CRY\data_set_dbl_split\train\discomfort\2802_M_heh.wav,discomfort/2802_M_heh.wav,discomfort,train,1,pitch_shift,"{""steps"":-2.062638}",85,10846679249550143802,virtual:aug_535c2bf1ab86faa13a28
aug_9d98a30a4bc0cab52c4b,rec_00aeffb9aa41099dc5e5,D:\INFANT CRY\data_set_dbl_split\train\discomfort\4084_M_heh.wav,discomfort/4084_M_heh.wav,discomfort,train,1,time_stretch,"{""rate"":1.218015}",86,3051553947961018070,virtual:aug_9d98a30a4bc0cab52c4b
aug_6b867bb727be1682dd7c,rec_c28fa0cb46f2cf6051d8,D:\INFANT CRY\data_set_dbl_split\train\discomfort\dunstan-heh_18.wav,discomfort/dunstan-heh_18.wav,discomfort,train,1,time_stretch,"{""rate"":0.795515}",87,8332797134894313771,virtual:aug_6b867bb727be1682dd7c
aug_5f00a5d88f448d465108,rec_a1bb82b464315dcad4da,D:\INFANT CRY\data_set_dbl_split\train\discomfort\915_M_heh.wav,discomfort/915_M_heh.wav,discomfort,train,1,gaussian_noise,"{""noise_factor"":0.005489086}",88,4681524374176239989,virtual:aug_5f00a5d88f448d465108
aug_2a1e9794f2cd625dab4f,rec_dffa4febe3cb777a6ec2,D:\INFANT CRY\data_set_dbl_split\train\discomfort\2332_M_heh.wav,discomfort/2332_M_heh.wav,discomfort,train,1,pitch_shift,"{""steps"":1.141128}",89,1774127730107532073,virtual:aug_2a1e9794f2cd625dab4f
aug_e4493c1bb0b9f6e04ec1,rec_5dd030b8afd73faf7e6d,D:\INFANT CRY\data_set_dbl_split\train\discomfort\dunstan-heh_48.wav,discomfort/dunstan-heh_48.wav,discomfort,train,1,pitch_shift,"{""steps"":-1.166169}",90,9663853414187534503,virtual:aug_e4493c1bb0b9f6e04ec1
aug_87784105de10565a20a5,rec_98b16899c96800087607,D:\INFANT CRY\data_set_dbl_split\train\discomfort\1231_M_heh.wav,discomfort/1231_M_heh.wav,discomfort,train,1,time_stretch,"{""rate"":1.095868}",91,7052005553353371021,virtual:aug_87784105de10565a20a5
aug_60804d2d2da9bb8da402,rec_6078ad0e8ea8a14799ba,D:\INFANT CRY\data_set_dbl_split\train\discomfort\4825_M_heh.wav,discomfort/4825_M_heh.wav,discomfort,train,1,time_stretch,"{""rate"":0.919544}",92,17778576642756873833,virtual:aug_60804d2d2da9bb8da402
aug_6dd92da48d693f9244fa,rec_a446a8a4d062af8dda1b,D:\INFANT CRY\data_set_dbl_split\train\discomfort\dunstan-heh_15.wav,discomfort/dunstan-heh_15.wav,discomfort,train,1,time_shift,"{""fraction"":-0.0020492}",93,18364600426123042115,virtual:aug_6dd92da48d693f9244fa
aug_03dc496dd1708067fdba,rec_b68a18d4d619ff02538e,D:\INFANT CRY\data_set_dbl_split\train\discomfort\1534_M_heh.wav,discomfort/1534_M_heh.wav,discomfort,train,1,gaussian_noise,"{""noise_factor"":0.002794163}",94,3353042443431932177,virtual:aug_03dc496dd1708067fdba
aug_159bae9759fb5958e375,rec_b2b046ee6befacc1736f,D:\INFANT CRY\data_set_dbl_split\train\discomfort\595_M_heh.wav,discomfort/595_M_heh.wav,discomfort,train,1,pitch_shift,"{""steps"":2.107817}",95,5623035282272155399,virtual:aug_159bae9759fb5958e375
aug_635ff750d76b9952557d,rec_75f5e44678bb0fbe8f9d,D:\INFANT CRY\data_set_dbl_split\train\discomfort\2436_M_heh.wav,discomfort/2436_M_heh.wav,discomfort,train,1,pitch_shift,"{""steps"":-2.041598}",96,7442219375705099346,virtual:aug_635ff750d76b9952557d
aug_b8b6feda5a7e3dfc0526,rec_8d9f61ce303defbfc361,D:\INFANT CRY\data_set_dbl_split\train\discomfort\3409_M_heh.wav,discomfort/3409_M_heh.wav,discomfort,train,1,time_stretch,"{""rate"":1.189322}",97,11921057361697682776,virtual:aug_b8b6feda5a7e3dfc0526
aug_2a5bb926287f7803eff6,rec_60d4a3b0d92ddce6aa04,D:\INFANT CRY\data_set_dbl_split\train\discomfort\2345_M_heh.wav,discomfort/2345_M_heh.wav,discomfort,train,1,time_stretch,"{""rate"":0.798999}",98,10071632807954693921,virtual:aug_2a5bb926287f7803eff6
aug_619ee5e91b4c69560e72,rec_7025af523ff923b12389,D:\INFANT CRY\data_set_dbl_split\train\discomfort\3499_M_heh.wav,discomfort/3499_M_heh.wav,discomfort,train,1,gaussian_noise,"{""noise_factor"":0.005584243}",99,2275650720317970592,virtual:aug_619ee5e91b4c69560e72
aug_6e365251fc099fbf4218,rec_b4327cfdcef8a6d08926,D:\INFANT CRY\data_set_dbl_split\train\discomfort\4422_M_heh.wav,discomfort/4422_M_heh.wav,discomfort,train,1,pitch_shift,"{""steps"":0.931563}",100,725455185382834856,virtual:aug_6e365251fc099fbf4218
aug_4053fa384c1ae809245a,rec_09d3a8609a2587658b70,D:\INFANT CRY\data_set_dbl_split\train\discomfort\4818_M_heh.wav,discomfort/4818_M_heh.wav,discomfort,train,1,pitch_shift,"{""steps"":-1.024544}",101,1376161506483359298,virtual:aug_4053fa384c1ae809245a
aug_0269b3501aaa92308c50,rec_c66c61c76109180f4ea4,D:\INFANT CRY\data_set_dbl_split\train\discomfort\592_M_heh.wav,discomfort/592_M_heh.wav,discomfort,train,1,time_stretch,"{""rate"":1.111561}",102,14788179760412718140,virtual:aug_0269b3501aaa92308c50
aug_9d753628df4b971f607d,rec_130b876cf3e8042dbaaf,D:\INFANT CRY\data_set_dbl_split\train\discomfort\dunstan-heh_5.wav,discomfort/dunstan-heh_5.wav,discomfort,train,1,time_stretch,"{""rate"":0.902253}",103,57683319070400817,virtual:aug_9d753628df4b971f607d
aug_a89ee9403464605f24c5,rec_3d99f5ba8607ab46d834,D:\INFANT CRY\data_set_dbl_split\train\discomfort\dunstan-heh_6.wav,discomfort/dunstan-heh_6.wav,discomfort,train,1,time_shift,"{""fraction"":-0.0055423}",104,8995988764936223717,virtual:aug_a89ee9403464605f24c5
aug_462b66541f79e8167b89,rec_6ad89027638c1a776894,D:\INFANT CRY\data_set_dbl_split\train\discomfort\4228_M_heh.wav,discomfort/4228_M_heh.wav,discomfort,train,1,gaussian_noise,"{""noise_factor"":0.002352556}",105,6776394449760739243,virtual:aug_462b66541f79e8167b89
aug_29d68509fb805b6ab549,rec_428d00d3f563fd3b0b6f,D:\INFANT CRY\data_set_dbl_split\train\discomfort\dunstan-heh_4.wav,discomfort/dunstan-heh_4.wav,discomfort,train,1,pitch_shift,"{""steps"":1.947305}",106,6166378233218020843,virtual:aug_29d68509fb805b6ab549
aug_64f7ff91c19412852b56,rec_0added8756718f697995,D:\INFANT CRY\data_set_dbl_split\train\discomfort\2085_M_heh.wav,discomfort/2085_M_heh.wav,discomfort,train,1,pitch_shift,"{""steps"":-2.117489}",107,14912290313141285130,virtual:aug_64f7ff91c19412852b56
aug_f70c3eeab1fadc6a564c,rec_51daa75d6cee602ab3c8,D:\INFANT CRY\data_set_dbl_split\train\discomfort\dunstan-heh_29.wav,discomfort/dunstan-heh_29.wav,discomfort,train,1,time_stretch,"{""rate"":1.184023}",108,15070961229716874334,virtual:aug_f70c3eeab1fadc6a564c
aug_dd780a1bf622e3f789dc,rec_2c14edaf86afba716162,D:\INFANT CRY\data_set_dbl_split\train\discomfort\dunstan-heh_17.wav,discomfort/dunstan-heh_17.wav,discomfort,train,1,time_stretch,"{""rate"":0.800709}",109,5108840321621539023,virtual:aug_dd780a1bf622e3f789dc
aug_9006837359ca5eb8dea9,rec_d4374ee440aee747b757,D:\INFANT CRY\data_set_dbl_split\train\discomfort\dunstan-heh_11.wav,discomfort/dunstan-heh_11.wav,discomfort,train,1,gaussian_noise,"{""noise_factor"":0.005127168}",110,10849415152707025984,virtual:aug_9006837359ca5eb8dea9
aug_8a023861bae62cc1eb3e,rec_812b51427c3184c41a51,D:\INFANT CRY\data_set_dbl_split\train\discomfort\3305_M_heh.wav,discomfort/3305_M_heh.wav,discomfort,train,1,pitch_shift,"{""steps"":1.183021}",111,18409940283024269959,virtual:aug_8a023861bae62cc1eb3e
aug_7b6d6659074bd56b3c97,rec_270278ab42fbf19a6468,D:\INFANT CRY\data_set_dbl_split\train\discomfort\3715_M_heh.wav,discomfort/3715_M_heh.wav,discomfort,train,1,pitch_shift,"{""steps"":-0.812995}",112,10101609354455456767,virtual:aug_7b6d6659074bd56b3c97
aug_9294c8c1c1dfe8306de2,rec_a7a1cff4c1b04c4a0a73,D:\INFANT CRY\data_set_dbl_split\train\discomfort\3992_M_heh.wav,discomfort/3992_M_heh.wav,discomfort,train,1,time_stretch,"{""rate"":1.116405}",113,12204777291042510201,virtual:aug_9294c8c1c1dfe8306de2
aug_d9bed33a187529a32c24,rec_c5ca2cddf85a72e0dc56,D:\INFANT CRY\data_set_dbl_split\train\discomfort\4782_M_heh.wav,discomfort/4782_M_heh.wav,discomfort,train,1,time_stretch,"{""rate"":0.908612}",114,11936303792862546820,virtual:aug_d9bed33a187529a32c24
aug_e542f0c4adfb1d50f4d1,rec_cf665a8d5d04d0e150ed,D:\INFANT CRY\data_set_dbl_split\train\discomfort\3643_M_heh.wav,discomfort/3643_M_heh.wav,discomfort,train,1,time_shift,"{""fraction"":0.0916465}",115,10051730742815814549,virtual:aug_e542f0c4adfb1d50f4d1
aug_0c8462ef5793a6cd21b5,rec_76a42152121fc3becc5b,D:\INFANT CRY\data_set_dbl_split\train\discomfort\3729_M_heh.wav,discomfort/3729_M_heh.wav,discomfort,train,1,gaussian_noise,"{""noise_factor"":0.002213665}",116,6086357069849402748,virtual:aug_0c8462ef5793a6cd21b5
aug_13a53196fdcc4b72cdcf,rec_aeb79fc9b0c45b64f93c,D:\INFANT CRY\data_set_dbl_split\train\discomfort\4790_M_heh.wav,discomfort/4790_M_heh.wav,discomfort,train,1,pitch_shift,"{""steps"":2.137456}",117,3159625921143652243,virtual:aug_13a53196fdcc4b72cdcf
aug_8569071ab48966aca2c3,rec_e03c385467424eb08738,D:\INFANT CRY\data_set_dbl_split\train\discomfort\dunstan-heh_8.wav,discomfort/dunstan-heh_8.wav,discomfort,train,1,pitch_shift,"{""steps"":-1.974528}",118,12865136132921209731,virtual:aug_8569071ab48966aca2c3
aug_221fa24c81f823122dac,rec_823255df478a0f9da394,D:\INFANT CRY\data_set_dbl_split\train\discomfort\2948_M_heh.wav,discomfort/2948_M_heh.wav,discomfort,train,1,time_stretch,"{""rate"":1.192577}",119,3295811558829872155,virtual:aug_221fa24c81f823122dac
aug_290f160cff115e5e4434,rec_4358c2c84f657df97471,D:\INFANT CRY\data_set_dbl_split\train\discomfort\1800_M_heh.wav,discomfort/1800_M_heh.wav,discomfort,train,1,time_stretch,"{""rate"":0.796001}",120,10851512944472529755,virtual:aug_290f160cff115e5e4434
aug_14c428dc96b220b23f79,rec_3ceb873c0c1383aaf2d1,D:\INFANT CRY\data_set_dbl_split\train\discomfort\1860_M_heh.wav,discomfort/1860_M_heh.wav,discomfort,train,1,gaussian_noise,"{""noise_factor"":0.004534736}",121,9881937281362871763,virtual:aug_14c428dc96b220b23f79
aug_aaf2b5d07418a37e8b30,rec_d252f8e43bac8a94460c,D:\INFANT CRY\data_set_dbl_split\train\discomfort\1656_M_heh.wav,discomfort/1656_M_heh.wav,discomfort,train,1,pitch_shift,"{""steps"":0.908985}",122,16109537907274738084,virtual:aug_aaf2b5d07418a37e8b30
aug_7e8a44d15c342f6d24e3,rec_bb84d05c8dfb27a04662,D:\INFANT CRY\data_set_dbl_split\train\discomfort\507_M_heh.wav,discomfort/507_M_heh.wav,discomfort,train,1,pitch_shift,"{""steps"":-1.105117}",123,14886782695642347260,virtual:aug_7e8a44d15c342f6d24e3
aug_7e7bfde3923bc9c0937e,rec_4c06d158e10c7b910785,D:\INFANT CRY\data_set_dbl_split\train\discomfort\2612_M_heh.wav,discomfort/2612_M_heh.wav,discomfort,train,1,time_stretch,"{""rate"":1.080011}",124,13672533962797719150,virtual:aug_7e7bfde3923bc9c0937e
aug_6ec483ba944fcb7b3aa3,rec_29ecf264fe494eea58fb,D:\INFANT CRY\data_set_dbl_split\train\discomfort\3984_F_heh.wav,discomfort/3984_F_heh.wav,discomfort,train,1,time_stretch,"{""rate"":0.921685}",125,10772795264426835034,virtual:aug_6ec483ba944fcb7b3aa3
aug_d5b85f2dad085a41c809,rec_fecba998d290d42023e8,D:\INFANT CRY\data_set_dbl_split\train\discomfort\2928_M_heh.wav,discomfort/2928_M_heh.wav,discomfort,train,1,time_shift,"{""fraction"":-0.0815488}",126,15851442791480066960,virtual:aug_d5b85f2dad085a41c809
aug_c3fc5076790533adf659,rec_545a14847418aadce545,D:\INFANT CRY\data_set_dbl_split\train\discomfort\4253_M_heh.wav,discomfort/4253_M_heh.wav,discomfort,train,1,gaussian_noise,"{""noise_factor"":0.002467175}",127,684075302596185269,virtual:aug_c3fc5076790533adf659
aug_497af1492dd0af0d916c,rec_1e1cf13b4d1b84eb706c,D:\INFANT CRY\data_set_dbl_split\train\discomfort\dunstan-heh_37.wav,discomfort/dunstan-heh_37.wav,discomfort,train,1,pitch_shift,"{""steps"":2.113207}",128,5819821394314021324,virtual:aug_497af1492dd0af0d916c
aug_993af0a5bc15691f7e2b,rec_85dab9312e9b8aabaa62,D:\INFANT CRY\data_set_dbl_split\train\discomfort\4756_F_heh.wav,discomfort/4756_F_heh.wav,discomfort,train,1,pitch_shift,"{""steps"":-1.983433}",129,4720079374432360265,virtual:aug_993af0a5bc15691f7e2b
aug_8661c460baeac58aa2b2,rec_3ea9d39bb4edc68fdf50,D:\INFANT CRY\data_set_dbl_split\train\discomfort\3719_M_heh.wav,discomfort/3719_M_heh.wav,discomfort,train,1,time_stretch,"{""rate"":1.210217}",130,7612310586375346528,virtual:aug_8661c460baeac58aa2b2
aug_9afb30d9ac32e8e21216,rec_43d212cc278f3fa7f39d,D:\INFANT CRY\data_set_dbl_split\train\discomfort\2128_M_heh.wav,discomfort/2128_M_heh.wav,discomfort,train,1,time_stretch,"{""rate"":0.819103}",131,16514909213310191318,virtual:aug_9afb30d9ac32e8e21216
aug_dd6f7b5dc3c90fb0cff7,rec_c95f02818a4bfa9ef8b9,D:\INFANT CRY\data_set_dbl_split\train\discomfort\4041_M_heh.wav,discomfort/4041_M_heh.wav,discomfort,train,1,gaussian_noise,"{""noise_factor"":0.004438491}",132,18199285614660027104,virtual:aug_dd6f7b5dc3c90fb0cff7
aug_0adb0f00b68dfe052d6b,rec_6750c27eac310fed8c87,D:\INFANT CRY\data_set_dbl_split\train\discomfort\203_F_heh.wav,discomfort/203_F_heh.wav,discomfort,train,1,pitch_shift,"{""steps"":0.843579}",133,11126720991077238378,virtual:aug_0adb0f00b68dfe052d6b
aug_198f4aebad256d77c9df,rec_52da117b101c516c1c42,D:\INFANT CRY\data_set_dbl_split\train\discomfort\4262_M_heh.wav,discomfort/4262_M_heh.wav,discomfort,train,1,pitch_shift,"{""steps"":-0.958783}",134,10497150558519653730,virtual:aug_198f4aebad256d77c9df
aug_6620a9b2861ec28cbab4,rec_91afffc62993be071030,D:\INFANT CRY\data_set_dbl_split\train\discomfort\2535_M_heh.wav,discomfort/2535_M_heh.wav,discomfort,train,1,time_stretch,"{""rate"":1.103424}",135,9366897558571126828,virtual:aug_6620a9b2861ec28cbab4
aug_c67df85772da3b806b16,rec_86e6760be24886dd3199,D:\INFANT CRY\data_set_dbl_split\train\discomfort\4712_M_heh.wav,discomfort/4712_M_heh.wav,discomfort,train,1,time_stretch,"{""rate"":0.919856}",136,14580848985890428882,virtual:aug_c67df85772da3b806b16
aug_c72c7adc2b94082a15a8,rec_c3478edae2c382b946fe,D:\INFANT CRY\data_set_dbl_split\train\discomfort\1189_F_heh.wav,discomfort/1189_F_heh.wav,discomfort,train,1,time_shift,"{""fraction"":0.0880459}",137,9252642469839462280,virtual:aug_c72c7adc2b94082a15a8
aug_678e5adb0348a4d16f4e,rec_6bbd0237afd88cf9b3c1,D:\INFANT CRY\data_set_dbl_split\train\discomfort\3795_M_heh.wav,discomfort/3795_M_heh.wav,discomfort,train,1,gaussian_noise,"{""noise_factor"":0.002492229}",138,14185280533527693095,virtual:aug_678e5adb0348a4d16f4e
aug_89781e8758ac79a5c7cc,rec_170a61ba4bff3a2d5277,D:\INFANT CRY\data_set_dbl_split\train\discomfort\2526_M_heh.wav,discomfort/2526_M_heh.wav,discomfort,train,1,pitch_shift,"{""steps"":2.127204}",139,10138474962073747385,virtual:aug_89781e8758ac79a5c7cc
aug_dd750e40bda72f2d502d,rec_96e032ce543e45616669,D:\INFANT CRY\data_set_dbl_split\train\discomfort\2011_M_heh.wav,discomfort/2011_M_heh.wav,discomfort,train,1,pitch_shift,"{""steps"":-1.902634}",140,7412597781484934870,virtual:aug_dd750e40bda72f2d502d
aug_91ef43a9647021b75dbf,rec_a6a97d51ada1af8e637e,D:\INFANT CRY\data_set_dbl_split\train\discomfort\3989_M_heh.wav,discomfort/3989_M_heh.wav,discomfort,train,1,time_stretch,"{""rate"":1.22238}",141,12741620648812104939,virtual:aug_91ef43a9647021b75dbf
aug_64cb504e7e53fe3dcebe,rec_af6446fc5d9db7acb66b,D:\INFANT CRY\data_set_dbl_split\train\discomfort\2409_M_heh.wav,discomfort/2409_M_heh.wav,discomfort,train,1,time_stretch,"{""rate"":0.804378}",142,15965131507713928777,virtual:aug_64cb504e7e53fe3dcebe
aug_0622402a7b98e6b55681,rec_36666c11c2fd31a59262,D:\INFANT CRY\data_set_dbl_split\train\discomfort\86_F_heh.wav,discomfort/86_F_heh.wav,discomfort,train,1,gaussian_noise,"{""noise_factor"":0.004714765}",143,13210605117954490232,virtual:aug_0622402a7b98e6b55681
aug_134de4587116edb6adf5,rec_122140d62463d7d58e24,D:\INFANT CRY\data_set_dbl_split\train\discomfort\3369_F_heh.wav,discomfort/3369_F_heh.wav,discomfort,train,1,pitch_shift,"{""steps"":0.916352}",144,17969916953076280756,virtual:aug_134de4587116edb6adf5
aug_fc82342b22b102433dc2,rec_33f6d238ac51ca9e5758,D:\INFANT CRY\data_set_dbl_split\train\discomfort\3623_F_heh.wav,discomfort/3623_F_heh.wav,discomfort,train,1,pitch_shift,"{""steps"":-0.934255}",145,8399773836347327269,virtual:aug_fc82342b22b102433dc2
aug_184826c4bf686f70e537,rec_8531260c58ed47ae96f8,D:\INFANT CRY\data_set_dbl_split\train\discomfort\2588_F_heh.wav,discomfort/2588_F_heh.wav,discomfort,train,1,time_stretch,"{""rate"":1.093781}",146,4103822529791452505,virtual:aug_184826c4bf686f70e537
aug_15ce831d1f761edbf66c,rec_324edc9ef55f934ac4b2,D:\INFANT CRY\data_set_dbl_split\train\discomfort\2431_M_heh.wav,discomfort/2431_M_heh.wav,discomfort,train,1,time_stretch,"{""rate"":0.893354}",147,9935441019481479641,virtual:aug_15ce831d1f761edbf66c
aug_75128c241e8fed855468,rec_0aa9e91ac3fcb2b11225,D:\INFANT CRY\data_set_dbl_split\train\discomfort\4177_M_heh.wav,discomfort/4177_M_heh.wav,discomfort,train,1,time_shift,"{""fraction"":-0.0307529}",148,15118631790531903079,virtual:aug_75128c241e8fed855468
aug_efc3459e03244caf10f2,rec_371bb1b9e4f734680eb6,D:\INFANT CRY\data_set_dbl_split\train\discomfort\3298_M_heh.wav,discomfort/3298_M_heh.wav,discomfort,train,1,gaussian_noise,"{""noise_factor"":0.002543049}",149,5611628326029671801,virtual:aug_efc3459e03244caf10f2
aug_e0a8bcd12a2e501fbebb,rec_ea8217cfae981608c5cf,D:\INFANT CRY\data_set_dbl_split\train\discomfort\1775_M_heh.wav,discomfort/1775_M_heh.wav,discomfort,train,1,pitch_shift,"{""steps"":1.970184}",150,4135656698689047219,virtual:aug_e0a8bcd12a2e501fbebb
aug_32b2e3ebc8fce7aaeae0,rec_35ee8ab5d6dd0b87c748,D:\INFANT CRY\data_set_dbl_split\train\discomfort\dunstan-heh_34.wav,discomfort/dunstan-heh_34.wav,discomfort,train,1,pitch_shift,"{""steps"":-2.052491}",151,16297984921234502380,virtual:aug_32b2e3ebc8fce7aaeae0
aug_b1903abb42982036def1,rec_0d4c7e9d16ffe8d1bbff,D:\INFANT CRY\data_set_dbl_split\train\discomfort\3468_F_heh.wav,discomfort/3468_F_heh.wav,discomfort,train,1,time_stretch,"{""rate"":1.217055}",152,16081303155981258279,virtual:aug_b1903abb42982036def1
aug_e714ab858f7416f5703c,rec_37d2c4c05305ba71470e,D:\INFANT CRY\data_set_dbl_split\train\discomfort\902_M_heh.wav,discomfort/902_M_heh.wav,discomfort,train,1,time_stretch,"{""rate"":0.778181}",153,4491542126576507112,virtual:aug_e714ab858f7416f5703c
aug_54b7bcf6c645741db82f,rec_0655eee816f825bf3d59,D:\INFANT CRY\data_set_dbl_split\train\discomfort\2814_F_heh.wav,discomfort/2814_F_heh.wav,discomfort,train,1,gaussian_noise,"{""noise_factor"":0.004441573}",154,4506389671543980328,virtual:aug_54b7bcf6c645741db82f
aug_dd7c9c2905a8f854aa52,rec_9185eef7e2aecebfb720,D:\INFANT CRY\data_set_dbl_split\train\discomfort\735_M_heh.wav,discomfort/735_M_heh.wav,discomfort,train,1,pitch_shift,"{""steps"":1.05307}",155,16539414497510607505,virtual:aug_dd7c9c2905a8f854aa52
aug_d1eac5aa530845f3bb73,rec_1f3d7360241859021509,D:\INFANT CRY\data_set_dbl_split\train\discomfort\1192_M_heh.wav,discomfort/1192_M_heh.wav,discomfort,train,1,pitch_shift,"{""steps"":-1.11319}",156,10675416306834539368,virtual:aug_d1eac5aa530845f3bb73
aug_31ea6e9d04f9d1549f8a,rec_6456e2ce88a30a623868,D:\INFANT CRY\data_set_dbl_split\train\discomfort\dunstan-heh_39.wav,discomfort/dunstan-heh_39.wav,discomfort,train,1,time_stretch,"{""rate"":1.107256}",157,3246238832804979365,virtual:aug_31ea6e9d04f9d1549f8a
aug_db28134ab159f65b74a7,rec_01d818a8f633482ae893,D:\INFANT CRY\data_set_dbl_split\train\discomfort\2800_M_heh.wav,discomfort/2800_M_heh.wav,discomfort,train,1,time_stretch,"{""rate"":0.902148}",158,10369772586222175988,virtual:aug_db28134ab159f65b74a7
aug_99e3ac333655e60417f5,rec_7d53ec14d0de07ba9f29,D:\INFANT CRY\data_set_dbl_split\train\discomfort\3083_M_heh.wav,discomfort/3083_M_heh.wav,discomfort,train,1,time_shift,"{""fraction"":0.0562934}",159,9360175843533432331,virtual:aug_99e3ac333655e60417f5
aug_2e68f05219a989737a09,rec_d29795646338e698d6c0,D:\INFANT CRY\data_set_dbl_split\train\discomfort\2416_M_heh.wav,discomfort/2416_M_heh.wav,discomfort,train,1,gaussian_noise,"{""noise_factor"":0.002871531}",160,16805314377212408924,virtual:aug_2e68f05219a989737a09
aug_38052b77c09ffb22c18c,rec_3f52b4d2fc987b097465,D:\INFANT CRY\data_set_dbl_split\train\discomfort\362_M_heh.wav,discomfort/362_M_heh.wav,discomfort,train,1,pitch_shift,"{""steps"":1.889929}",161,10341655602620272209,virtual:aug_38052b77c09ffb22c18c
aug_b7dd1767201c20ee7e6f,rec_db0d984635fb9d6ef729,D:\INFANT CRY\data_set_dbl_split\train\discomfort\dunstan-heh_10.wav,discomfort/dunstan-heh_10.wav,discomfort,train,1,pitch_shift,"{""steps"":-2.140402}",162,7641127758544408622,virtual:aug_b7dd1767201c20ee7e6f
aug_2f425931694c0546b3fb,rec_128a836f9d7c0c3800f8,D:\INFANT CRY\data_set_dbl_split\train\discomfort\3009_M_heh.wav,discomfort/3009_M_heh.wav,discomfort,train,1,time_stretch,"{""rate"":1.224982}",163,6149993917091100237,virtual:aug_2f425931694c0546b3fb
aug_18a42517760675ab3186,rec_8c9bd93d6cae8287536e,D:\INFANT CRY\data_set_dbl_split\train\discomfort\2802_M_heh.wav,discomfort/2802_M_heh.wav,discomfort,train,1,time_stretch,"{""rate"":0.782698}",164,2287870313256838700,virtual:aug_18a42517760675ab3186
aug_f28dec5b1ea15c0344ff,rec_00aeffb9aa41099dc5e5,D:\INFANT CRY\data_set_dbl_split\train\discomfort\4084_M_heh.wav,discomfort/4084_M_heh.wav,discomfort,train,1,gaussian_noise,"{""noise_factor"":0.005224286}",165,10122863812872580152,virtual:aug_f28dec5b1ea15c0344ff
aug_b3fb575f803922c1eab4,rec_c28fa0cb46f2cf6051d8,D:\INFANT CRY\data_set_dbl_split\train\discomfort\dunstan-heh_18.wav,discomfort/dunstan-heh_18.wav,discomfort,train,1,pitch_shift,"{""steps"":1.021633}",166,18008644509343347164,virtual:aug_b3fb575f803922c1eab4
aug_ad96c96c4a3d1cf1b614,rec_a1bb82b464315dcad4da,D:\INFANT CRY\data_set_dbl_split\train\discomfort\915_M_heh.wav,discomfort/915_M_heh.wav,discomfort,train,1,pitch_shift,"{""steps"":-1.192948}",167,10750842490784541866,virtual:aug_ad96c96c4a3d1cf1b614
aug_85dc115c77c8864ea9cc,rec_dffa4febe3cb777a6ec2,D:\INFANT CRY\data_set_dbl_split\train\discomfort\2332_M_heh.wav,discomfort/2332_M_heh.wav,discomfort,train,1,time_stretch,"{""rate"":1.081638}",168,5390821058111906482,virtual:aug_85dc115c77c8864ea9cc
aug_2e2085e5e3c017f910c7,rec_5dd030b8afd73faf7e6d,D:\INFANT CRY\data_set_dbl_split\train\discomfort\dunstan-heh_48.wav,discomfort/dunstan-heh_48.wav,discomfort,train,1,time_stretch,"{""rate"":0.876973}",169,17962377622455102392,virtual:aug_2e2085e5e3c017f910c7
aug_e81e52af84670ef895c4,rec_98b16899c96800087607,D:\INFANT CRY\data_set_dbl_split\train\discomfort\1231_M_heh.wav,discomfort/1231_M_heh.wav,discomfort,train,1,time_shift,"{""fraction"":-0.0263615}",170,5192066915749097183,virtual:aug_e81e52af84670ef895c4
aug_f081581b9fdc58898031,rec_6078ad0e8ea8a14799ba,D:\INFANT CRY\data_set_dbl_split\train\discomfort\4825_M_heh.wav,discomfort/4825_M_heh.wav,discomfort,train,1,gaussian_noise,"{""noise_factor"":0.00224543}",171,11222071538685893236,virtual:aug_f081581b9fdc58898031
aug_c80b5aa6af3d33a570bf,rec_a446a8a4d062af8dda1b,D:\INFANT CRY\data_set_dbl_split\train\discomfort\dunstan-heh_15.wav,discomfort/dunstan-heh_15.wav,discomfort,train,1,pitch_shift,"{""steps"":2.03347}",172,17306070285901836644,virtual:aug_c80b5aa6af3d33a570bf
aug_3eee845c999b02fd1845,rec_b68a18d4d619ff02538e,D:\INFANT CRY\data_set_dbl_split\train\discomfort\1534_M_heh.wav,discomfort/1534_M_heh.wav,discomfort,train,1,pitch_shift,"{""steps"":-2.066434}",173,11983416575013658303,virtual:aug_3eee845c999b02fd1845
aug_6db611e945ee61ca0632,rec_b2b046ee6befacc1736f,D:\INFANT CRY\data_set_dbl_split\train\discomfort\595_M_heh.wav,discomfort/595_M_heh.wav,discomfort,train,1,time_stretch,"{""rate"":1.197733}",174,7719942911770725556,virtual:aug_6db611e945ee61ca0632
aug_be62dc31812bf32bc7d1,rec_75f5e44678bb0fbe8f9d,D:\INFANT CRY\data_set_dbl_split\train\discomfort\2436_M_heh.wav,discomfort/2436_M_heh.wav,discomfort,train,1,time_stretch,"{""rate"":0.790033}",175,406889293085026172,virtual:aug_be62dc31812bf32bc7d1
aug_2e30f2a7c72a3f42def4,rec_8d9f61ce303defbfc361,D:\INFANT CRY\data_set_dbl_split\train\discomfort\3409_M_heh.wav,discomfort/3409_M_heh.wav,discomfort,train,1,gaussian_noise,"{""noise_factor"":0.005428234}",176,16214819077744433483,virtual:aug_2e30f2a7c72a3f42def4
aug_dbf6fcaa4ee6505ff71a,rec_60d4a3b0d92ddce6aa04,D:\INFANT CRY\data_set_dbl_split\train\discomfort\2345_M_heh.wav,discomfort/2345_M_heh.wav,discomfort,train,1,pitch_shift,"{""steps"":0.967932}",177,10710137513736568933,virtual:aug_dbf6fcaa4ee6505ff71a
aug_e80dc84d1a01fddf57dd,rec_7025af523ff923b12389,D:\INFANT CRY\data_set_dbl_split\train\discomfort\3499_M_heh.wav,discomfort/3499_M_heh.wav,discomfort,train,1,pitch_shift,"{""steps"":-1.048201}",178,2727028491695975379,virtual:aug_e80dc84d1a01fddf57dd
aug_66b09b034ff0bcd17911,rec_b4327cfdcef8a6d08926,D:\INFANT CRY\data_set_dbl_split\train\discomfort\4422_M_heh.wav,discomfort/4422_M_heh.wav,discomfort,train,1,time_stretch,"{""rate"":1.100481}",179,4896713580496059582,virtual:aug_66b09b034ff0bcd17911
aug_495769d17c84c2fa34b1,rec_09d3a8609a2587658b70,D:\INFANT CRY\data_set_dbl_split\train\discomfort\4818_M_heh.wav,discomfort/4818_M_heh.wav,discomfort,train,1,time_stretch,"{""rate"":0.909812}",180,17471573787143618925,virtual:aug_495769d17c84c2fa34b1
aug_92decee658ddee754fed,rec_c66c61c76109180f4ea4,D:\INFANT CRY\data_set_dbl_split\train\discomfort\592_M_heh.wav,discomfort/592_M_heh.wav,discomfort,train,1,time_shift,"{""fraction"":-0.0719816}",181,754499182825078184,virtual:aug_92decee658ddee754fed
aug_3ce1963da8e3532cbc16,rec_130b876cf3e8042dbaaf,D:\INFANT CRY\data_set_dbl_split\train\discomfort\dunstan-heh_5.wav,discomfort/dunstan-heh_5.wav,discomfort,train,1,gaussian_noise,"{""noise_factor"":0.002277988}",182,2994723424848122490,virtual:aug_3ce1963da8e3532cbc16
aug_f6fafcf724b86bce49d1,rec_3d99f5ba8607ab46d834,D:\INFANT CRY\data_set_dbl_split\train\discomfort\dunstan-heh_6.wav,discomfort/dunstan-heh_6.wav,discomfort,train,1,pitch_shift,"{""steps"":1.812843}",183,8695266735698357894,virtual:aug_f6fafcf724b86bce49d1
aug_6a9b38c7b4ee29512d9e,rec_6ad89027638c1a776894,D:\INFANT CRY\data_set_dbl_split\train\discomfort\4228_M_heh.wav,discomfort/4228_M_heh.wav,discomfort,train,1,pitch_shift,"{""steps"":-1.919931}",184,2092616243892628023,virtual:aug_6a9b38c7b4ee29512d9e
aug_ec14228d994ecbaba271,rec_428d00d3f563fd3b0b6f,D:\INFANT CRY\data_set_dbl_split\train\discomfort\dunstan-heh_4.wav,discomfort/dunstan-heh_4.wav,discomfort,train,1,time_stretch,"{""rate"":1.210531}",185,11920638094315471693,virtual:aug_ec14228d994ecbaba271
aug_590c9878b188e6ca47e1,rec_0added8756718f697995,D:\INFANT CRY\data_set_dbl_split\train\discomfort\2085_M_heh.wav,discomfort/2085_M_heh.wav,discomfort,train,1,time_stretch,"{""rate"":0.787842}",186,8447255350369974503,virtual:aug_590c9878b188e6ca47e1
aug_4b493a71ca135a2578a5,rec_51daa75d6cee602ab3c8,D:\INFANT CRY\data_set_dbl_split\train\discomfort\dunstan-heh_29.wav,discomfort/dunstan-heh_29.wav,discomfort,train,1,gaussian_noise,"{""noise_factor"":0.005067875}",187,6462297183934502639,virtual:aug_4b493a71ca135a2578a5
aug_1fa67adee4b619160f61,rec_2c14edaf86afba716162,D:\INFANT CRY\data_set_dbl_split\train\discomfort\dunstan-heh_17.wav,discomfort/dunstan-heh_17.wav,discomfort,train,1,pitch_shift,"{""steps"":0.839178}",188,635860475785924725,virtual:aug_1fa67adee4b619160f61
aug_e2fc06bf85cf92552873,rec_d4374ee440aee747b757,D:\INFANT CRY\data_set_dbl_split\train\discomfort\dunstan-heh_11.wav,discomfort/dunstan-heh_11.wav,discomfort,train,1,pitch_shift,"{""steps"":-1.090153}",189,14487224297074063048,virtual:aug_e2fc06bf85cf92552873
aug_2d9434be23c3e1720eac,rec_812b51427c3184c41a51,D:\INFANT CRY\data_set_dbl_split\train\discomfort\3305_M_heh.wav,discomfort/3305_M_heh.wav,discomfort,train,1,time_stretch,"{""rate"":1.123101}",190,13552683338894607094,virtual:aug_2d9434be23c3e1720eac
aug_7183b7b3b8ddf81c12c3,rec_270278ab42fbf19a6468,D:\INFANT CRY\data_set_dbl_split\train\discomfort\3715_M_heh.wav,discomfort/3715_M_heh.wav,discomfort,train,1,time_stretch,"{""rate"":0.88847}",191,16468206570622641557,virtual:aug_7183b7b3b8ddf81c12c3
aug_fd8ccf984274d434eb7a,rec_a7a1cff4c1b04c4a0a73,D:\INFANT CRY\data_set_dbl_split\train\discomfort\3992_M_heh.wav,discomfort/3992_M_heh.wav,discomfort,train,1,time_shift,"{""fraction"":-0.0615557}",192,6400556182818401838,virtual:aug_fd8ccf984274d434eb7a
aug_0067cb839144020a6912,rec_c5ca2cddf85a72e0dc56,D:\INFANT CRY\data_set_dbl_split\train\discomfort\4782_M_heh.wav,discomfort/4782_M_heh.wav,discomfort,train,1,gaussian_noise,"{""noise_factor"":0.002387542}",193,7876808101585912808,virtual:aug_0067cb839144020a6912
aug_311d493e262390251ea8,rec_cf665a8d5d04d0e150ed,D:\INFANT CRY\data_set_dbl_split\train\discomfort\3643_M_heh.wav,discomfort/3643_M_heh.wav,discomfort,train,1,pitch_shift,"{""steps"":2.124844}",194,5031976037019870755,virtual:aug_311d493e262390251ea8
aug_701a0e29dc64e9a1bdec,rec_76a42152121fc3becc5b,D:\INFANT CRY\data_set_dbl_split\train\discomfort\3729_M_heh.wav,discomfort/3729_M_heh.wav,discomfort,train,1,pitch_shift,"{""steps"":-1.829356}",195,5045252852553777230,virtual:aug_701a0e29dc64e9a1bdec
aug_06f7db8d08a6e7cd28d6,rec_aeb79fc9b0c45b64f93c,D:\INFANT CRY\data_set_dbl_split\train\discomfort\4790_M_heh.wav,discomfort/4790_M_heh.wav,discomfort,train,1,time_stretch,"{""rate"":1.181973}",196,1747085468989257410,virtual:aug_06f7db8d08a6e7cd28d6
aug_398b71b216789061077b,rec_e03c385467424eb08738,D:\INFANT CRY\data_set_dbl_split\train\discomfort\dunstan-heh_8.wav,discomfort/dunstan-heh_8.wav,discomfort,train,1,time_stretch,"{""rate"":0.806516}",197,9427968172958539506,virtual:aug_398b71b216789061077b
aug_93229eb962a2eaa52c57,rec_823255df478a0f9da394,D:\INFANT CRY\data_set_dbl_split\train\discomfort\2948_M_heh.wav,discomfort/2948_M_heh.wav,discomfort,train,1,gaussian_noise,"{""noise_factor"":0.004452102}",198,8594868755734393259,virtual:aug_93229eb962a2eaa52c57
aug_939164538715ad9d0f7e,rec_4358c2c84f657df97471,D:\INFANT CRY\data_set_dbl_split\train\discomfort\1800_M_heh.wav,discomfort/1800_M_heh.wav,discomfort,train,1,pitch_shift,"{""steps"":1.033273}",199,9853819474732437497,virtual:aug_939164538715ad9d0f7e
aug_c6fa9dbb1c18c78bed08,rec_3ceb873c0c1383aaf2d1,D:\INFANT CRY\data_set_dbl_split\train\discomfort\1860_M_heh.wav,discomfort/1860_M_heh.wav,discomfort,train,1,pitch_shift,"{""steps"":-0.974316}",200,16371697300073589229,virtual:aug_c6fa9dbb1c18c78bed08
aug_78731332785ce3d91621,rec_d252f8e43bac8a94460c,D:\INFANT CRY\data_set_dbl_split\train\discomfort\1656_M_heh.wav,discomfort/1656_M_heh.wav,discomfort,train,1,time_stretch,"{""rate"":1.097794}",201,268004233261224461,virtual:aug_78731332785ce3d91621
aug_db62fa310c2a9d2e30e4,rec_bb84d05c8dfb27a04662,D:\INFANT CRY\data_set_dbl_split\train\discomfort\507_M_heh.wav,discomfort/507_M_heh.wav,discomfort,train,1,time_stretch,"{""rate"":0.89543}",202,12817293384431230042,virtual:aug_db62fa310c2a9d2e30e4
aug_dc6b8a20900ca2762a7a,rec_4c06d158e10c7b910785,D:\INFANT CRY\data_set_dbl_split\train\discomfort\2612_M_heh.wav,discomfort/2612_M_heh.wav,discomfort,train,1,time_shift,"{""fraction"":0.064545}",203,3839889659367192327,virtual:aug_dc6b8a20900ca2762a7a
aug_802b8ad7b87b4d9cd7e4,rec_29ecf264fe494eea58fb,D:\INFANT CRY\data_set_dbl_split\train\discomfort\3984_F_heh.wav,discomfort/3984_F_heh.wav,discomfort,train,1,gaussian_noise,"{""noise_factor"":0.002719812}",204,268837974968626445,virtual:aug_802b8ad7b87b4d9cd7e4
aug_150ac5ef0d0f2b44cd4f,rec_fecba998d290d42023e8,D:\INFANT CRY\data_set_dbl_split\train\discomfort\2928_M_heh.wav,discomfort/2928_M_heh.wav,discomfort,train,1,pitch_shift,"{""steps"":1.934405}",205,10356084795630317184,virtual:aug_150ac5ef0d0f2b44cd4f
aug_6d23a91da78f467fa149,rec_545a14847418aadce545,D:\INFANT CRY\data_set_dbl_split\train\discomfort\4253_M_heh.wav,discomfort/4253_M_heh.wav,discomfort,train,1,pitch_shift,"{""steps"":-1.977318}",206,5468674498156572654,virtual:aug_6d23a91da78f467fa149
aug_80abbcdd343f4fa47877,rec_1e1cf13b4d1b84eb706c,D:\INFANT CRY\data_set_dbl_split\train\discomfort\dunstan-heh_37.wav,discomfort/dunstan-heh_37.wav,discomfort,train,1,time_stretch,"{""rate"":1.189371}",207,5441948222367213449,virtual:aug_80abbcdd343f4fa47877
aug_878d88351990b691bd66,rec_85dab9312e9b8aabaa62,D:\INFANT CRY\data_set_dbl_split\train\discomfort\4756_F_heh.wav,discomfort/4756_F_heh.wav,discomfort,train,1,time_stretch,"{""rate"":0.816996}",208,5495215348265174375,virtual:aug_878d88351990b691bd66
aug_df9bb0d0975a3c6b6898,rec_3ea9d39bb4edc68fdf50,D:\INFANT CRY\data_set_dbl_split\train\discomfort\3719_M_heh.wav,discomfort/3719_M_heh.wav,discomfort,train,1,gaussian_noise,"{""noise_factor"":0.004794568}",209,12627464689688353669,virtual:aug_df9bb0d0975a3c6b6898
aug_821273120d621731397c,rec_43d212cc278f3fa7f39d,D:\INFANT CRY\data_set_dbl_split\train\discomfort\2128_M_heh.wav,discomfort/2128_M_heh.wav,discomfort,train,1,pitch_shift,"{""steps"":0.8313}",210,16702427143342043343,virtual:aug_821273120d621731397c
aug_beb0b0213fca0ff48c0a,rec_c95f02818a4bfa9ef8b9,D:\INFANT CRY\data_set_dbl_split\train\discomfort\4041_M_heh.wav,discomfort/4041_M_heh.wav,discomfort,train,1,pitch_shift,"{""steps"":-0.847814}",211,7553548713024790212,virtual:aug_beb0b0213fca0ff48c0a
aug_f32f03cbf9f0aa95ed7d,rec_6750c27eac310fed8c87,D:\INFANT CRY\data_set_dbl_split\train\discomfort\203_F_heh.wav,discomfort/203_F_heh.wav,discomfort,train,1,time_stretch,"{""rate"":1.09348}",212,6700659772725132100,virtual:aug_f32f03cbf9f0aa95ed7d
aug_eccdd27400900477c0ae,rec_52da117b101c516c1c42,D:\INFANT CRY\data_set_dbl_split\train\discomfort\4262_M_heh.wav,discomfort/4262_M_heh.wav,discomfort,train,1,time_stretch,"{""rate"":0.909637}",213,4880509244941045600,virtual:aug_eccdd27400900477c0ae
aug_9de18466744c628e3dbb,rec_91afffc62993be071030,D:\INFANT CRY\data_set_dbl_split\train\discomfort\2535_M_heh.wav,discomfort/2535_M_heh.wav,discomfort,train,1,time_shift,"{""fraction"":0.0672632}",214,13510459469788683548,virtual:aug_9de18466744c628e3dbb
aug_e23fdffaccc1d5b3eec5,rec_86e6760be24886dd3199,D:\INFANT CRY\data_set_dbl_split\train\discomfort\4712_M_heh.wav,discomfort/4712_M_heh.wav,discomfort,train,1,gaussian_noise,"{""noise_factor"":0.002335082}",215,4508628589218755206,virtual:aug_e23fdffaccc1d5b3eec5
aug_8ba21c96802a56861369,rec_c3478edae2c382b946fe,D:\INFANT CRY\data_set_dbl_split\train\discomfort\1189_F_heh.wav,discomfort/1189_F_heh.wav,discomfort,train,1,pitch_shift,"{""steps"":2.146796}",216,11940120499589936272,virtual:aug_8ba21c96802a56861369
aug_0de39afdfea49de80162,rec_6bbd0237afd88cf9b3c1,D:\INFANT CRY\data_set_dbl_split\train\discomfort\3795_M_heh.wav,discomfort/3795_M_heh.wav,discomfort,train,1,pitch_shift,"{""steps"":-1.923478}",217,10894402408780514749,virtual:aug_0de39afdfea49de80162
aug_3c65d6594f2917651231,rec_170a61ba4bff3a2d5277,D:\INFANT CRY\data_set_dbl_split\train\discomfort\2526_M_heh.wav,discomfort/2526_M_heh.wav,discomfort,train,1,time_stretch,"{""rate"":1.205346}",218,8419665055740961819,virtual:aug_3c65d6594f2917651231
aug_4843e473a4c68689d987,rec_96e032ce543e45616669,D:\INFANT CRY\data_set_dbl_split\train\discomfort\2011_M_heh.wav,discomfort/2011_M_heh.wav,discomfort,train,1,time_stretch,"{""rate"":0.814284}",219,1419760734911062556,virtual:aug_4843e473a4c68689d987
aug_e2b3cc1dbcdb8fe8db5c,rec_a6a97d51ada1af8e637e,D:\INFANT CRY\data_set_dbl_split\train\discomfort\3989_M_heh.wav,discomfort/3989_M_heh.wav,discomfort,train,1,gaussian_noise,"{""noise_factor"":0.004965442}",220,11433423479055781458,virtual:aug_e2b3cc1dbcdb8fe8db5c
aug_b9f814210439ca662879,rec_af6446fc5d9db7acb66b,D:\INFANT CRY\data_set_dbl_split\train\discomfort\2409_M_heh.wav,discomfort/2409_M_heh.wav,discomfort,train,1,pitch_shift,"{""steps"":1.134962}",221,10926330131080681290,virtual:aug_b9f814210439ca662879
aug_5384f0d8d5d9ce70caff,rec_36666c11c2fd31a59262,D:\INFANT CRY\data_set_dbl_split\train\discomfort\86_F_heh.wav,discomfort/86_F_heh.wav,discomfort,train,1,pitch_shift,"{""steps"":-1.012815}",222,7098580375736826607,virtual:aug_5384f0d8d5d9ce70caff
aug_67d974d4359579ef5fa4,rec_122140d62463d7d58e24,D:\INFANT CRY\data_set_dbl_split\train\discomfort\3369_F_heh.wav,discomfort/3369_F_heh.wav,discomfort,train,1,time_stretch,"{""rate"":1.107873}",223,2663726478916831913,virtual:aug_67d974d4359579ef5fa4
aug_47c41450f45628b5ad03,rec_33f6d238ac51ca9e5758,D:\INFANT CRY\data_set_dbl_split\train\discomfort\3623_F_heh.wav,discomfort/3623_F_heh.wav,discomfort,train,1,time_stretch,"{""rate"":0.876766}",224,5324987928855090702,virtual:aug_47c41450f45628b5ad03
aug_d460f4b2b4df5b41ed11,rec_8531260c58ed47ae96f8,D:\INFANT CRY\data_set_dbl_split\train\discomfort\2588_F_heh.wav,discomfort/2588_F_heh.wav,discomfort,train,1,time_shift,"{""fraction"":0.0839704}",225,4678126119052387466,virtual:aug_d460f4b2b4df5b41ed11
aug_8649e0d879d534c45eea,rec_324edc9ef55f934ac4b2,D:\INFANT CRY\data_set_dbl_split\train\discomfort\2431_M_heh.wav,discomfort/2431_M_heh.wav,discomfort,train,1,gaussian_noise,"{""noise_factor"":0.002424998}",226,18246312004650256635,virtual:aug_8649e0d879d534c45eea
aug_21c5a9a5a48b48f81350,rec_0aa9e91ac3fcb2b11225,D:\INFANT CRY\data_set_dbl_split\train\discomfort\4177_M_heh.wav,discomfort/4177_M_heh.wav,discomfort,train,1,pitch_shift,"{""steps"":2.137771}",227,15284918370297934255,virtual:aug_21c5a9a5a48b48f81350
aug_5dec171ca6834fbe2651,rec_371bb1b9e4f734680eb6,D:\INFANT CRY\data_set_dbl_split\train\discomfort\3298_M_heh.wav,discomfort/3298_M_heh.wav,discomfort,train,1,pitch_shift,"{""steps"":-1.883448}",228,2833580314279422250,virtual:aug_5dec171ca6834fbe2651
aug_2b200a07112dcaca52c6,rec_ea8217cfae981608c5cf,D:\INFANT CRY\data_set_dbl_split\train\discomfort\1775_M_heh.wav,discomfort/1775_M_heh.wav,discomfort,train,1,time_stretch,"{""rate"":1.19279}",229,545390522408072079,virtual:aug_2b200a07112dcaca52c6
aug_cd882ca7eb10fa3d449b,rec_35ee8ab5d6dd0b87c748,D:\INFANT CRY\data_set_dbl_split\train\discomfort\dunstan-heh_34.wav,discomfort/dunstan-heh_34.wav,discomfort,train,1,time_stretch,"{""rate"":0.777984}",230,9198385599241963347,virtual:aug_cd882ca7eb10fa3d449b
aug_7c33923c6f0c35f14952,rec_0d4c7e9d16ffe8d1bbff,D:\INFANT CRY\data_set_dbl_split\train\discomfort\3468_F_heh.wav,discomfort/3468_F_heh.wav,discomfort,train,1,gaussian_noise,"{""noise_factor"":0.004978851}",231,10482036474916829200,virtual:aug_7c33923c6f0c35f14952
aug_e19fe8e12da48b9b060e,rec_37d2c4c05305ba71470e,D:\INFANT CRY\data_set_dbl_split\train\discomfort\902_M_heh.wav,discomfort/902_M_heh.wav,discomfort,train,1,pitch_shift,"{""steps"":1.088045}",232,13371561370477673937,virtual:aug_e19fe8e12da48b9b060e
aug_67046247e37e3c395439,rec_0655eee816f825bf3d59,D:\INFANT CRY\data_set_dbl_split\train\discomfort\2814_F_heh.wav,discomfort/2814_F_heh.wav,discomfort,train,1,pitch_shift,"{""steps"":-1.094444}",233,6566616198985503027,virtual:aug_67046247e37e3c395439
aug_27c143c857e6361e4335,rec_9185eef7e2aecebfb720,D:\INFANT CRY\data_set_dbl_split\train\discomfort\735_M_heh.wav,discomfort/735_M_heh.wav,discomfort,train,1,time_stretch,"{""rate"":1.114234}",234,16954552402179098070,virtual:aug_27c143c857e6361e4335
aug_48c2b8e393c3a88e9457,rec_1f3d7360241859021509,D:\INFANT CRY\data_set_dbl_split\train\discomfort\1192_M_heh.wav,discomfort/1192_M_heh.wav,discomfort,train,1,time_stretch,"{""rate"":0.916103}",235,3279523281306314061,virtual:aug_48c2b8e393c3a88e9457
aug_aade81af3cc9f0ef2170,rec_6456e2ce88a30a623868,D:\INFANT CRY\data_set_dbl_split\train\discomfort\dunstan-heh_39.wav,discomfort/dunstan-heh_39.wav,discomfort,train,1,time_shift,"{""fraction"":0.0023079}",236,2323007834018815344,virtual:aug_aade81af3cc9f0ef2170
aug_da6a472f04c199e055ec,rec_01d818a8f633482ae893,D:\INFANT CRY\data_set_dbl_split\train\discomfort\2800_M_heh.wav,discomfort/2800_M_heh.wav,discomfort,train,1,gaussian_noise,"{""noise_factor"":0.002832331}",237,2666622040074137650,virtual:aug_da6a472f04c199e055ec
aug_b279d9608112284c0a41,rec_7d53ec14d0de07ba9f29,D:\INFANT CRY\data_set_dbl_split\train\discomfort\3083_M_heh.wav,discomfort/3083_M_heh.wav,discomfort,train,1,pitch_shift,"{""steps"":1.972295}",238,2804559202424848900,virtual:aug_b279d9608112284c0a41
aug_1e1b07a861fe3bd1bdfa,rec_d29795646338e698d6c0,D:\INFANT CRY\data_set_dbl_split\train\discomfort\2416_M_heh.wav,discomfort/2416_M_heh.wav,discomfort,train,1,pitch_shift,"{""steps"":-1.964929}",239,4044833614432857257,virtual:aug_1e1b07a861fe3bd1bdfa
aug_3c2ce7c8dede8ebb67fb,rec_3f52b4d2fc987b097465,D:\INFANT CRY\data_set_dbl_split\train\discomfort\362_M_heh.wav,discomfort/362_M_heh.wav,discomfort,train,1,time_stretch,"{""rate"":1.184321}",240,2085070331567246151,virtual:aug_3c2ce7c8dede8ebb67fb
aug_8f96f593990e82a77b63,rec_db0d984635fb9d6ef729,D:\INFANT CRY\data_set_dbl_split\train\discomfort\dunstan-heh_10.wav,discomfort/dunstan-heh_10.wav,discomfort,train,1,time_stretch,"{""rate"":0.775524}",241,18221307770747719954,virtual:aug_8f96f593990e82a77b63
aug_6e45bbb08599efe67b7d,rec_128a836f9d7c0c3800f8,D:\INFANT CRY\data_set_dbl_split\train\discomfort\3009_M_heh.wav,discomfort/3009_M_heh.wav,discomfort,train,1,gaussian_noise,"{""noise_factor"":0.005150118}",242,10732594266640330431,virtual:aug_6e45bbb08599efe67b7d
aug_46a2e849dd855b51d7a9,rec_8c9bd93d6cae8287536e,D:\INFANT CRY\data_set_dbl_split\train\discomfort\2802_M_heh.wav,discomfort/2802_M_heh.wav,discomfort,train,1,pitch_shift,"{""steps"":0.833932}",243,4708986060894125028,virtual:aug_46a2e849dd855b51d7a9
aug_64ab115a03991de168d3,rec_00aeffb9aa41099dc5e5,D:\INFANT CRY\data_set_dbl_split\train\discomfort\4084_M_heh.wav,discomfort/4084_M_heh.wav,discomfort,train,1,pitch_shift,"{""steps"":-0.970565}",244,11135500207844750484,virtual:aug_64ab115a03991de168d3
aug_5841ee12c2b27d2f617a,rec_c28fa0cb46f2cf6051d8,D:\INFANT CRY\data_set_dbl_split\train\discomfort\dunstan-heh_18.wav,discomfort/dunstan-heh_18.wav,discomfort,train,1,time_stretch,"{""rate"":1.123323}",245,8977979182155616411,virtual:aug_5841ee12c2b27d2f617a
aug_bba13331d7b5b82f363c,rec_a1bb82b464315dcad4da,D:\INFANT CRY\data_set_dbl_split\train\discomfort\915_M_heh.wav,discomfort/915_M_heh.wav,discomfort,train,1,time_stretch,"{""rate"":0.885443}",246,4754142531341119635,virtual:aug_bba13331d7b5b82f363c
aug_60caa848dbf4bd5fb628,rec_dffa4febe3cb777a6ec2,D:\INFANT CRY\data_set_dbl_split\train\discomfort\2332_M_heh.wav,discomfort/2332_M_heh.wav,discomfort,train,1,time_shift,"{""fraction"":0.0386949}",247,15039079751616085189,virtual:aug_60caa848dbf4bd5fb628
aug_eff32ba09c5edf0606ac,rec_5dd030b8afd73faf7e6d,D:\INFANT CRY\data_set_dbl_split\train\discomfort\dunstan-heh_48.wav,discomfort/dunstan-heh_48.wav,discomfort,train,1,gaussian_noise,"{""noise_factor"":0.002411892}",248,11897438054714475924,virtual:aug_eff32ba09c5edf0606ac
aug_9730f7ccb06101f32084,rec_98b16899c96800087607,D:\INFANT CRY\data_set_dbl_split\train\discomfort\1231_M_heh.wav,discomfort/1231_M_heh.wav,discomfort,train,1,pitch_shift,"{""steps"":2.019576}",249,6480584231873995756,virtual:aug_9730f7ccb06101f32084
aug_ebbf99cb61f2c455b646,rec_6078ad0e8ea8a14799ba,D:\INFANT CRY\data_set_dbl_split\train\discomfort\4825_M_heh.wav,discomfort/4825_M_heh.wav,discomfort,train,1,pitch_shift,"{""steps"":-1.936832}",250,1856454245668548245,virtual:aug_ebbf99cb61f2c455b646
aug_1c56e6995aa48b1187c4,rec_a446a8a4d062af8dda1b,D:\INFANT CRY\data_set_dbl_split\train\discomfort\dunstan-heh_15.wav,discomfort/dunstan-heh_15.wav,discomfort,train,1,time_stretch,"{""rate"":1.176859}",251,12693978654312391581,virtual:aug_1c56e6995aa48b1187c4
aug_31078479f402081a53c5,rec_b68a18d4d619ff02538e,D:\INFANT CRY\data_set_dbl_split\train\discomfort\1534_M_heh.wav,discomfort/1534_M_heh.wav,discomfort,train,1,time_stretch,"{""rate"":0.784719}",252,1756651501016189745,virtual:aug_31078479f402081a53c5
aug_dbab11d490f00c847216,rec_b2b046ee6befacc1736f,D:\INFANT CRY\data_set_dbl_split\train\discomfort\595_M_heh.wav,discomfort/595_M_heh.wav,discomfort,train,1,gaussian_noise,"{""noise_factor"":0.005206909}",253,11926865109133961375,virtual:aug_dbab11d490f00c847216
aug_400d18092aaf7df6f479,rec_75f5e44678bb0fbe8f9d,D:\INFANT CRY\data_set_dbl_split\train\discomfort\2436_M_heh.wav,discomfort/2436_M_heh.wav,discomfort,train,1,pitch_shift,"{""steps"":1.095287}",254,8951849199810191595,virtual:aug_400d18092aaf7df6f479
aug_99283a7c53814be39b55,rec_8d9f61ce303defbfc361,D:\INFANT CRY\data_set_dbl_split\train\discomfort\3409_M_heh.wav,discomfort/3409_M_heh.wav,discomfort,train,1,pitch_shift,"{""steps"":-0.902462}",255,13646599875084775284,virtual:aug_99283a7c53814be39b55
aug_336083ac5250f1c481de,rec_60d4a3b0d92ddce6aa04,D:\INFANT CRY\data_set_dbl_split\train\discomfort\2345_M_heh.wav,discomfort/2345_M_heh.wav,discomfort,train,1,time_stretch,"{""rate"":1.09932}",256,11083820260181428235,virtual:aug_336083ac5250f1c481de
aug_50e304b7cdcf06456283,rec_7025af523ff923b12389,D:\INFANT CRY\data_set_dbl_split\train\discomfort\3499_M_heh.wav,discomfort/3499_M_heh.wav,discomfort,train,1,time_stretch,"{""rate"":0.922472}",257,6785844420670354228,virtual:aug_50e304b7cdcf06456283
aug_8572bda6729e7799cd0f,rec_b4327cfdcef8a6d08926,D:\INFANT CRY\data_set_dbl_split\train\discomfort\4422_M_heh.wav,discomfort/4422_M_heh.wav,discomfort,train,1,time_shift,"{""fraction"":-0.0588512}",258,7282756867293203365,virtual:aug_8572bda6729e7799cd0f
aug_3264331d88b628417db9,rec_09d3a8609a2587658b70,D:\INFANT CRY\data_set_dbl_split\train\discomfort\4818_M_heh.wav,discomfort/4818_M_heh.wav,discomfort,train,1,gaussian_noise,"{""noise_factor"":0.002343002}",259,4969654202365657256,virtual:aug_3264331d88b628417db9
aug_33ef39091f692c2c7bab,rec_c66c61c76109180f4ea4,D:\INFANT CRY\data_set_dbl_split\train\discomfort\592_M_heh.wav,discomfort/592_M_heh.wav,discomfort,train,1,pitch_shift,"{""steps"":1.966964}",260,15820219157726963056,virtual:aug_33ef39091f692c2c7bab
aug_b587ed2ac1ad72c71d03,rec_130b876cf3e8042dbaaf,D:\INFANT CRY\data_set_dbl_split\train\discomfort\dunstan-heh_5.wav,discomfort/dunstan-heh_5.wav,discomfort,train,1,pitch_shift,"{""steps"":-1.919656}",261,17021645359076976345,virtual:aug_b587ed2ac1ad72c71d03
aug_aca22c5e06b958d8d998,rec_3d99f5ba8607ab46d834,D:\INFANT CRY\data_set_dbl_split\train\discomfort\dunstan-heh_6.wav,discomfort/dunstan-heh_6.wav,discomfort,train,1,time_stretch,"{""rate"":1.198536}",262,11774084091719386880,virtual:aug_aca22c5e06b958d8d998
aug_5c77d943f83769307c96,rec_6ad89027638c1a776894,D:\INFANT CRY\data_set_dbl_split\train\discomfort\4228_M_heh.wav,discomfort/4228_M_heh.wav,discomfort,train,1,time_stretch,"{""rate"":0.815211}",263,5693773976294584394,virtual:aug_5c77d943f83769307c96
aug_e8ee806d3d51e47c739f,rec_428d00d3f563fd3b0b6f,D:\INFANT CRY\data_set_dbl_split\train\discomfort\dunstan-heh_4.wav,discomfort/dunstan-heh_4.wav,discomfort,train,1,gaussian_noise,"{""noise_factor"":0.004471181}",264,7333486898755681344,virtual:aug_e8ee806d3d51e47c739f
aug_049502fee805e1e55d21,rec_0added8756718f697995,D:\INFANT CRY\data_set_dbl_split\train\discomfort\2085_M_heh.wav,discomfort/2085_M_heh.wav,discomfort,train,1,pitch_shift,"{""steps"":1.064171}",265,1963814336535315351,virtual:aug_049502fee805e1e55d21
aug_37a66b9b63b66e9e22b6,rec_51daa75d6cee602ab3c8,D:\INFANT CRY\data_set_dbl_split\train\discomfort\dunstan-heh_29.wav,discomfort/dunstan-heh_29.wav,discomfort,train,1,pitch_shift,"{""steps"":-1.066685}",266,1886621293934339661,virtual:aug_37a66b9b63b66e9e22b6
aug_49816cccafcd130cd2db,rec_2c14edaf86afba716162,D:\INFANT CRY\data_set_dbl_split\train\discomfort\dunstan-heh_17.wav,discomfort/dunstan-heh_17.wav,discomfort,train,1,time_stretch,"{""rate"":1.082278}",267,9878172753119103438,virtual:aug_49816cccafcd130cd2db
aug_0eb957d4fd12839b1d15,rec_d4374ee440aee747b757,D:\INFANT CRY\data_set_dbl_split\train\discomfort\dunstan-heh_11.wav,discomfort/dunstan-heh_11.wav,discomfort,train,1,time_stretch,"{""rate"":0.891711}",268,2528645546405361456,virtual:aug_0eb957d4fd12839b1d15
aug_631a21d6fb29f79eacfd,rec_812b51427c3184c41a51,D:\INFANT CRY\data_set_dbl_split\train\discomfort\3305_M_heh.wav,discomfort/3305_M_heh.wav,discomfort,train,1,time_shift,"{""fraction"":-0.0079551}",269,2022904992940662969,virtual:aug_631a21d6fb29f79eacfd
aug_4323363af206be26286f,rec_270278ab42fbf19a6468,D:\INFANT CRY\data_set_dbl_split\train\discomfort\3715_M_heh.wav,discomfort/3715_M_heh.wav,discomfort,train,1,gaussian_noise,"{""noise_factor"":0.002795133}",270,9828842009564829242,virtual:aug_4323363af206be26286f
aug_fe84683e849752b049f8,rec_a7a1cff4c1b04c4a0a73,D:\INFANT CRY\data_set_dbl_split\train\discomfort\3992_M_heh.wav,discomfort/3992_M_heh.wav,discomfort,train,1,pitch_shift,"{""steps"":1.829992}",271,13607078209231100642,virtual:aug_fe84683e849752b049f8
aug_823fdd840e9f59cbebb2,rec_c5ca2cddf85a72e0dc56,D:\INFANT CRY\data_set_dbl_split\train\discomfort\4782_M_heh.wav,discomfort/4782_M_heh.wav,discomfort,train,1,pitch_shift,"{""steps"":-2.168063}",272,6419687670619132985,virtual:aug_823fdd840e9f59cbebb2
aug_35e8d7757f29f3d1d9c1,rec_cf665a8d5d04d0e150ed,D:\INFANT CRY\data_set_dbl_split\train\discomfort\3643_M_heh.wav,discomfort/3643_M_heh.wav,discomfort,train,1,time_stretch,"{""rate"":1.203385}",273,15554041926514082829,virtual:aug_35e8d7757f29f3d1d9c1
aug_bfd2a430d8e6020151b5,rec_76a42152121fc3becc5b,D:\INFANT CRY\data_set_dbl_split\train\discomfort\3729_M_heh.wav,discomfort/3729_M_heh.wav,discomfort,train,1,time_stretch,"{""rate"":0.783476}",274,9665855637386722053,virtual:aug_bfd2a430d8e6020151b5
aug_416024d4fb7159d3f5b6,rec_aeb79fc9b0c45b64f93c,D:\INFANT CRY\data_set_dbl_split\train\discomfort\4790_M_heh.wav,discomfort/4790_M_heh.wav,discomfort,train,1,gaussian_noise,"{""noise_factor"":0.004984217}",275,4210061744851428614,virtual:aug_416024d4fb7159d3f5b6
aug_ee2a70447c1072adf3ba,rec_e03c385467424eb08738,D:\INFANT CRY\data_set_dbl_split\train\discomfort\dunstan-heh_8.wav,discomfort/dunstan-heh_8.wav,discomfort,train,1,pitch_shift,"{""steps"":0.885388}",276,11764579586597797591,virtual:aug_ee2a70447c1072adf3ba
aug_3e847fee759814f321bd,rec_823255df478a0f9da394,D:\INFANT CRY\data_set_dbl_split\train\discomfort\2948_M_heh.wav,discomfort/2948_M_heh.wav,discomfort,train,1,pitch_shift,"{""steps"":-0.988327}",277,11450726704255191134,virtual:aug_3e847fee759814f321bd
aug_4090bf9e7879ccea50a0,rec_4358c2c84f657df97471,D:\INFANT CRY\data_set_dbl_split\train\discomfort\1800_M_heh.wav,discomfort/1800_M_heh.wav,discomfort,train,1,time_stretch,"{""rate"":1.12298}",278,8834585343814291529,virtual:aug_4090bf9e7879ccea50a0
aug_03c6c62c6f34495b358b,rec_3ceb873c0c1383aaf2d1,D:\INFANT CRY\data_set_dbl_split\train\discomfort\1860_M_heh.wav,discomfort/1860_M_heh.wav,discomfort,train,1,time_stretch,"{""rate"":0.8865}",279,1940430123036901271,virtual:aug_03c6c62c6f34495b358b
aug_f54a1ff2181e56b1ca4b,rec_d252f8e43bac8a94460c,D:\INFANT CRY\data_set_dbl_split\train\discomfort\1656_M_heh.wav,discomfort/1656_M_heh.wav,discomfort,train,1,time_shift,"{""fraction"":-0.0431768}",280,4974687921064350025,virtual:aug_f54a1ff2181e56b1ca4b
aug_eb4f86c24306ecf98679,rec_bb84d05c8dfb27a04662,D:\INFANT CRY\data_set_dbl_split\train\discomfort\507_M_heh.wav,discomfort/507_M_heh.wav,discomfort,train,1,gaussian_noise,"{""noise_factor"":0.002550651}",281,2971986234132327227,virtual:aug_eb4f86c24306ecf98679
aug_451507d74d2693b63f3b,rec_4c06d158e10c7b910785,D:\INFANT CRY\data_set_dbl_split\train\discomfort\2612_M_heh.wav,discomfort/2612_M_heh.wav,discomfort,train,1,pitch_shift,"{""steps"":2.183204}",282,10814366091430485706,virtual:aug_451507d74d2693b63f3b
aug_5ad18016c26d4ae4b3a3,rec_29ecf264fe494eea58fb,D:\INFANT CRY\data_set_dbl_split\train\discomfort\3984_F_heh.wav,discomfort/3984_F_heh.wav,discomfort,train,1,pitch_shift,"{""steps"":-1.805688}",283,8593293047951155902,virtual:aug_5ad18016c26d4ae4b3a3
aug_4f31a9ecdac75b8397b7,rec_fecba998d290d42023e8,D:\INFANT CRY\data_set_dbl_split\train\discomfort\2928_M_heh.wav,discomfort/2928_M_heh.wav,discomfort,train,1,time_stretch,"{""rate"":1.219408}",284,14127598795180561819,virtual:aug_4f31a9ecdac75b8397b7
aug_6e11204bb11fddd4e2c2,rec_545a14847418aadce545,D:\INFANT CRY\data_set_dbl_split\train\discomfort\4253_M_heh.wav,discomfort/4253_M_heh.wav,discomfort,train,1,time_stretch,"{""rate"":0.810991}",285,11900149921197353876,virtual:aug_6e11204bb11fddd4e2c2
aug_21baf28db0cde0611e50,rec_1e1cf13b4d1b84eb706c,D:\INFANT CRY\data_set_dbl_split\train\discomfort\dunstan-heh_37.wav,discomfort/dunstan-heh_37.wav,discomfort,train,1,gaussian_noise,"{""noise_factor"":0.005326264}",286,17203659354725110248,virtual:aug_21baf28db0cde0611e50
aug_6d0315b913fa8db786ca,rec_85dab9312e9b8aabaa62,D:\INFANT CRY\data_set_dbl_split\train\discomfort\4756_F_heh.wav,discomfort/4756_F_heh.wav,discomfort,train,1,pitch_shift,"{""steps"":1.190124}",287,6338379127935787842,virtual:aug_6d0315b913fa8db786ca
aug_6dca2b3891357c55da15,rec_3ea9d39bb4edc68fdf50,D:\INFANT CRY\data_set_dbl_split\train\discomfort\3719_M_heh.wav,discomfort/3719_M_heh.wav,discomfort,train,1,pitch_shift,"{""steps"":-0.841103}",288,2956300151281006804,virtual:aug_6dca2b3891357c55da15
aug_90a8309f167605ef5ea8,rec_43d212cc278f3fa7f39d,D:\INFANT CRY\data_set_dbl_split\train\discomfort\2128_M_heh.wav,discomfort/2128_M_heh.wav,discomfort,train,1,time_stretch,"{""rate"":1.083852}",289,9858797470683746019,virtual:aug_90a8309f167605ef5ea8
aug_3d7437521e3ab4292b97,rec_c95f02818a4bfa9ef8b9,D:\INFANT CRY\data_set_dbl_split\train\discomfort\4041_M_heh.wav,discomfort/4041_M_heh.wav,discomfort,train,1,time_stretch,"{""rate"":0.902201}",290,3426767824256465100,virtual:aug_3d7437521e3ab4292b97
aug_2ec263ea24a09b9edeee,rec_6750c27eac310fed8c87,D:\INFANT CRY\data_set_dbl_split\train\discomfort\203_F_heh.wav,discomfort/203_F_heh.wav,discomfort,train,1,time_shift,"{""fraction"":0.0943597}",291,7836313306425218563,virtual:aug_2ec263ea24a09b9edeee
aug_629abc2ddac8a54d9946,rec_52da117b101c516c1c42,D:\INFANT CRY\data_set_dbl_split\train\discomfort\4262_M_heh.wav,discomfort/4262_M_heh.wav,discomfort,train,1,gaussian_noise,"{""noise_factor"":0.002423554}",292,13894760222145749199,virtual:aug_629abc2ddac8a54d9946
aug_6b5020237b20777a1439,rec_91afffc62993be071030,D:\INFANT CRY\data_set_dbl_split\train\discomfort\2535_M_heh.wav,discomfort/2535_M_heh.wav,discomfort,train,1,pitch_shift,"{""steps"":1.953023}",293,3069381252270098243,virtual:aug_6b5020237b20777a1439
aug_8ab3fcae09766e07e77a,rec_86e6760be24886dd3199,D:\INFANT CRY\data_set_dbl_split\train\discomfort\4712_M_heh.wav,discomfort/4712_M_heh.wav,discomfort,train,1,pitch_shift,"{""steps"":-2.177763}",294,2236860072350964747,virtual:aug_8ab3fcae09766e07e77a
aug_3628005eb9dcf732addc,rec_c3478edae2c382b946fe,D:\INFANT CRY\data_set_dbl_split\train\discomfort\1189_F_heh.wav,discomfort/1189_F_heh.wav,discomfort,train,1,time_stretch,"{""rate"":1.224858}",295,14392089794951605170,virtual:aug_3628005eb9dcf732addc
aug_4378ac2ba94f1831fc64,rec_6bbd0237afd88cf9b3c1,D:\INFANT CRY\data_set_dbl_split\train\discomfort\3795_M_heh.wav,discomfort/3795_M_heh.wav,discomfort,train,1,time_stretch,"{""rate"":0.809951}",296,14514856976818166517,virtual:aug_4378ac2ba94f1831fc64
aug_408b94a09642decd1df2,rec_170a61ba4bff3a2d5277,D:\INFANT CRY\data_set_dbl_split\train\discomfort\2526_M_heh.wav,discomfort/2526_M_heh.wav,discomfort,train,1,gaussian_noise,"{""noise_factor"":0.005248597}",297,12617442070677292535,virtual:aug_408b94a09642decd1df2
aug_80e182bae66e195d48c7,rec_96e032ce543e45616669,D:\INFANT CRY\data_set_dbl_split\train\discomfort\2011_M_heh.wav,discomfort/2011_M_heh.wav,discomfort,train,1,pitch_shift,"{""steps"":1.178706}",298,16033750611371385164,virtual:aug_80e182bae66e195d48c7
aug_a85655cd4f8f04ef59ca,rec_a6a97d51ada1af8e637e,D:\INFANT CRY\data_set_dbl_split\train\discomfort\3989_M_heh.wav,discomfort/3989_M_heh.wav,discomfort,train,1,pitch_shift,"{""steps"":-1.028111}",299,13492097050698872267,virtual:aug_a85655cd4f8f04ef59ca
aug_6249f367a3b796217ac7,rec_af6446fc5d9db7acb66b,D:\INFANT CRY\data_set_dbl_split\train\discomfort\2409_M_heh.wav,discomfort/2409_M_heh.wav,discomfort,train,1,time_stretch,"{""rate"":1.075724}",300,12589853425428006009,virtual:aug_6249f367a3b796217ac7
aug_25c06a30b4b498fdc12c,rec_36666c11c2fd31a59262,D:\INFANT CRY\data_set_dbl_split\train\discomfort\86_F_heh.wav,discomfort/86_F_heh.wav,discomfort,train,1,time_stretch,"{""rate"":0.916009}",301,16619062601707312001,virtual:aug_25c06a30b4b498fdc12c
aug_c6661f32de514ed4eb25,rec_122140d62463d7d58e24,D:\INFANT CRY\data_set_dbl_split\train\discomfort\3369_F_heh.wav,discomfort/3369_F_heh.wav,discomfort,train,1,time_shift,"{""fraction"":-0.027172}",302,7737803649810806285,virtual:aug_c6661f32de514ed4eb25
aug_76eeb41fbaa6a22a955c,rec_33f6d238ac51ca9e5758,D:\INFANT CRY\data_set_dbl_split\train\discomfort\3623_F_heh.wav,discomfort/3623_F_heh.wav,discomfort,train,1,gaussian_noise,"{""noise_factor"":0.002675861}",303,13748157923510808660,virtual:aug_76eeb41fbaa6a22a955c
aug_a2c5e999788206826550,rec_8531260c58ed47ae96f8,D:\INFANT CRY\data_set_dbl_split\train\discomfort\2588_F_heh.wav,discomfort/2588_F_heh.wav,discomfort,train,1,pitch_shift,"{""steps"":2.067746}",304,10486128708899725583,virtual:aug_a2c5e999788206826550
aug_0f499b893e86cad2ee64,rec_324edc9ef55f934ac4b2,D:\INFANT CRY\data_set_dbl_split\train\discomfort\2431_M_heh.wav,discomfort/2431_M_heh.wav,discomfort,train,1,pitch_shift,"{""steps"":-2.102425}",305,16647467869696498388,virtual:aug_0f499b893e86cad2ee64
aug_93d3083a72c9fe73efbc,rec_0aa9e91ac3fcb2b11225,D:\INFANT CRY\data_set_dbl_split\train\discomfort\4177_M_heh.wav,discomfort/4177_M_heh.wav,discomfort,train,1,time_stretch,"{""rate"":1.182698}",306,3029356206257520258,virtual:aug_93d3083a72c9fe73efbc
aug_15069a563e4d827235a3,rec_371bb1b9e4f734680eb6,D:\INFANT CRY\data_set_dbl_split\train\discomfort\3298_M_heh.wav,discomfort/3298_M_heh.wav,discomfort,train,1,time_stretch,"{""rate"":0.81761}",307,18080883526737343140,virtual:aug_15069a563e4d827235a3
aug_ed668bf0de4e6105f237,rec_ea8217cfae981608c5cf,D:\INFANT CRY\data_set_dbl_split\train\discomfort\1775_M_heh.wav,discomfort/1775_M_heh.wav,discomfort,train,1,gaussian_noise,"{""noise_factor"":0.005707719}",308,10810641990943650926,virtual:aug_ed668bf0de4e6105f237
aug_fbcb66a7d62dd3942cf8,rec_35ee8ab5d6dd0b87c748,D:\INFANT CRY\data_set_dbl_split\train\discomfort\dunstan-heh_34.wav,discomfort/dunstan-heh_34.wav,discomfort,train,1,pitch_shift,"{""steps"":0.919855}",309,12776339898649300335,virtual:aug_fbcb66a7d62dd3942cf8
aug_efb6a55858711eeff718,rec_0d4c7e9d16ffe8d1bbff,D:\INFANT CRY\data_set_dbl_split\train\discomfort\3468_F_heh.wav,discomfort/3468_F_heh.wav,discomfort,train,1,pitch_shift,"{""steps"":-0.963387}",310,1278196528113754734,virtual:aug_efb6a55858711eeff718
aug_d8b76842b697e2cff488,rec_37d2c4c05305ba71470e,D:\INFANT CRY\data_set_dbl_split\train\discomfort\902_M_heh.wav,discomfort/902_M_heh.wav,discomfort,train,1,time_stretch,"{""rate"":1.108553}",311,16996618865204634100,virtual:aug_d8b76842b697e2cff488
aug_137d513eb515dd0115d6,rec_0655eee816f825bf3d59,D:\INFANT CRY\data_set_dbl_split\train\discomfort\2814_F_heh.wav,discomfort/2814_F_heh.wav,discomfort,train,1,time_stretch,"{""rate"":0.897513}",312,7320233715651279583,virtual:aug_137d513eb515dd0115d6
aug_410296a1284e95999877,rec_9185eef7e2aecebfb720,D:\INFANT CRY\data_set_dbl_split\train\discomfort\735_M_heh.wav,discomfort/735_M_heh.wav,discomfort,train,1,time_shift,"{""fraction"":0.0839252}",313,15555484422448576189,virtual:aug_410296a1284e95999877
aug_10670699c97f073e0e30,rec_1f3d7360241859021509,D:\INFANT CRY\data_set_dbl_split\train\discomfort\1192_M_heh.wav,discomfort/1192_M_heh.wav,discomfort,train,1,gaussian_noise,"{""noise_factor"":0.002852082}",314,3475835902385729005,virtual:aug_10670699c97f073e0e30
aug_3a0aa8f685a7f1e633f4,rec_6456e2ce88a30a623868,D:\INFANT CRY\data_set_dbl_split\train\discomfort\dunstan-heh_39.wav,discomfort/dunstan-heh_39.wav,discomfort,train,1,pitch_shift,"{""steps"":1.943483}",315,4047010805604270385,virtual:aug_3a0aa8f685a7f1e633f4
aug_a10f83236148bad41415,rec_01d818a8f633482ae893,D:\INFANT CRY\data_set_dbl_split\train\discomfort\2800_M_heh.wav,discomfort/2800_M_heh.wav,discomfort,train,1,pitch_shift,"{""steps"":-1.883157}",316,16594100111119030909,virtual:aug_a10f83236148bad41415
aug_47be41b2d7a1ce90fe98,rec_7d53ec14d0de07ba9f29,D:\INFANT CRY\data_set_dbl_split\train\discomfort\3083_M_heh.wav,discomfort/3083_M_heh.wav,discomfort,train,1,time_stretch,"{""rate"":1.185296}",317,16767030675480546855,virtual:aug_47be41b2d7a1ce90fe98
aug_7ecc4514e53757c61b91,rec_d29795646338e698d6c0,D:\INFANT CRY\data_set_dbl_split\train\discomfort\2416_M_heh.wav,discomfort/2416_M_heh.wav,discomfort,train,1,time_stretch,"{""rate"":0.804444}",318,16932987616802784281,virtual:aug_7ecc4514e53757c61b91
aug_6f587f2286012e830fea,rec_3f52b4d2fc987b097465,D:\INFANT CRY\data_set_dbl_split\train\discomfort\362_M_heh.wav,discomfort/362_M_heh.wav,discomfort,train,1,gaussian_noise,"{""noise_factor"":0.005526302}",319,8650090877856002608,virtual:aug_6f587f2286012e830fea
aug_f9d549f84c5ac8a63561,rec_db0d984635fb9d6ef729,D:\INFANT CRY\data_set_dbl_split\train\discomfort\dunstan-heh_10.wav,discomfort/dunstan-heh_10.wav,discomfort,train,1,pitch_shift,"{""steps"":1.192692}",320,13343690520405338036,virtual:aug_f9d549f84c5ac8a63561
aug_bc46e94096932cc00d04,rec_128a836f9d7c0c3800f8,D:\INFANT CRY\data_set_dbl_split\train\discomfort\3009_M_heh.wav,discomfort/3009_M_heh.wav,discomfort,train,1,pitch_shift,"{""steps"":-0.825946}",321,14771354306960170560,virtual:aug_bc46e94096932cc00d04
aug_fc2d8955fe25ee818a10,rec_8c9bd93d6cae8287536e,D:\INFANT CRY\data_set_dbl_split\train\discomfort\2802_M_heh.wav,discomfort/2802_M_heh.wav,discomfort,train,1,time_stretch,"{""rate"":1.086493}",322,739278794148024627,virtual:aug_fc2d8955fe25ee818a10
aug_b39ee5c85811a626278b,rec_00aeffb9aa41099dc5e5,D:\INFANT CRY\data_set_dbl_split\train\discomfort\4084_M_heh.wav,discomfort/4084_M_heh.wav,discomfort,train,1,time_stretch,"{""rate"":0.911976}",323,5032988661530331718,virtual:aug_b39ee5c85811a626278b
aug_ed23b23086d3ad68e103,rec_c28fa0cb46f2cf6051d8,D:\INFANT CRY\data_set_dbl_split\train\discomfort\dunstan-heh_18.wav,discomfort/dunstan-heh_18.wav,discomfort,train,1,time_shift,"{""fraction"":-0.0955544}",324,9640607367100139159,virtual:aug_ed23b23086d3ad68e103
aug_a2fac1950c9d5d7ca003,rec_a1bb82b464315dcad4da,D:\INFANT CRY\data_set_dbl_split\train\discomfort\915_M_heh.wav,discomfort/915_M_heh.wav,discomfort,train,1,gaussian_noise,"{""noise_factor"":0.00234944}",325,7732053009892210890,virtual:aug_a2fac1950c9d5d7ca003
aug_02ebdafd242ed28e7f73,rec_631606b7209247dd5eae,D:\INFANT CRY\data_set_dbl_split\train\hungry\3514_M_neh.wav,hungry/3514_M_neh.wav,hungry,train,1,gaussian_noise,"{""noise_factor"":0.004330099}",0,9391534102131215694,virtual:aug_02ebdafd242ed28e7f73
aug_65ce708a01131e55f4e6,rec_5e3518bec6261a74ca5c,D:\INFANT CRY\data_set_dbl_split\train\hungry\4479_M_neh.wav,hungry/4479_M_neh.wav,hungry,train,1,pitch_shift,"{""steps"":1.165325}",1,12178205299971303329,virtual:aug_65ce708a01131e55f4e6
aug_9ac646af6b441dae7ce8,rec_6e37e8a77e8237f8a1e7,D:\INFANT CRY\data_set_dbl_split\train\hungry\dunstan-neh_18.wav,hungry/dunstan-neh_18.wav,hungry,train,1,pitch_shift,"{""steps"":-0.870953}",2,4138608971501495149,virtual:aug_9ac646af6b441dae7ce8
aug_1186dc7d55b3c9f74858,rec_6a6e66f89a8a4d5d6593,D:\INFANT CRY\data_set_dbl_split\train\hungry\4908_M_neh.wav,hungry/4908_M_neh.wav,hungry,train,1,time_stretch,"{""rate"":1.112757}",3,8609307870894308079,virtual:aug_1186dc7d55b3c9f74858
aug_9b40b4a8b273ac1b2c1c,rec_372ed40ca92e5e14733f,D:\INFANT CRY\data_set_dbl_split\train\hungry\2108_M_neh.wav,hungry/2108_M_neh.wav,hungry,train,1,time_stretch,"{""rate"":0.891738}",4,917100815673106270,virtual:aug_9b40b4a8b273ac1b2c1c
aug_169983a380e30459ef97,rec_555a26837bdc5dd6c14e,D:\INFANT CRY\data_set_dbl_split\train\hungry\dunstan-neh_13.wav,hungry/dunstan-neh_13.wav,hungry,train,1,time_shift,"{""fraction"":0.0658282}",5,8948499597866496339,virtual:aug_169983a380e30459ef97
aug_80785878db1123828794,rec_606b51628a29d576c7f5,D:\INFANT CRY\data_set_dbl_split\train\hungry\3676_M_neh.wav,hungry/3676_M_neh.wav,hungry,train,1,gaussian_noise,"{""noise_factor"":0.002269323}",6,10985323929280982857,virtual:aug_80785878db1123828794
aug_d04cc355da1d720642e6,rec_5f1156e4903ab6fe46cc,D:\INFANT CRY\data_set_dbl_split\train\hungry\2144_M_neh.wav,hungry/2144_M_neh.wav,hungry,train,1,pitch_shift,"{""steps"":1.936715}",7,9079972861927823741,virtual:aug_d04cc355da1d720642e6
aug_159bc033a36f4616d552,rec_8c41c5b0acdc8a731703,D:\INFANT CRY\data_set_dbl_split\train\hungry\dunstan-neh_65.wav,hungry/dunstan-neh_65.wav,hungry,train,1,pitch_shift,"{""steps"":-1.958731}",8,10177511731185554731,virtual:aug_159bc033a36f4616d552
aug_6320441a84e338a40153,rec_40337147c7cdb9b1f04e,D:\INFANT CRY\data_set_dbl_split\train\hungry\2515_M_neh.wav,hungry/2515_M_neh.wav,hungry,train,1,time_stretch,"{""rate"":1.217373}",9,16789069951799570267,virtual:aug_6320441a84e338a40153
aug_ad3a2916738294ef21f1,rec_bbd412cfa7ef42afdb4b,D:\INFANT CRY\data_set_dbl_split\train\hungry\25_M_neh.wav,hungry/25_M_neh.wav,hungry,train,1,time_stretch,"{""rate"":0.781607}",10,15812063535714494261,virtual:aug_ad3a2916738294ef21f1
aug_3bc657963ef06572d4c8,rec_b1207cfc484bb3ba4c5b,D:\INFANT CRY\data_set_dbl_split\train\hungry\3541_M_neh.wav,hungry/3541_M_neh.wav,hungry,train,1,gaussian_noise,"{""noise_factor"":0.005322224}",11,17267748654756363255,virtual:aug_3bc657963ef06572d4c8
aug_925297b621849dc2a6e2,rec_1d60bd35a759f5a32057,D:\INFANT CRY\data_set_dbl_split\train\hungry\dunstan-neh_48.wav,hungry/dunstan-neh_48.wav,hungry,train,1,pitch_shift,"{""steps"":0.988046}",12,10303950280078610674,virtual:aug_925297b621849dc2a6e2
aug_f4aaf6b7bfb43728afbe,rec_3eeb6dcac3167d9919e6,D:\INFANT CRY\data_set_dbl_split\train\hungry\4221_M_neh.wav,hungry/4221_M_neh.wav,hungry,train,1,pitch_shift,"{""steps"":-0.960499}",13,14777915662842768882,virtual:aug_f4aaf6b7bfb43728afbe
aug_405c5ab7e93f351c47d7,rec_ad007df31506959b9ddb,D:\INFANT CRY\data_set_dbl_split\train\hungry\2482_F_neh.wav,hungry/2482_F_neh.wav,hungry,train,1,time_stretch,"{""rate"":1.081663}",14,3385099361788963041,virtual:aug_405c5ab7e93f351c47d7
aug_b8f6bc8f1b4aa2ef0093,rec_67cd8ebaa80d4dbd74da,D:\INFANT CRY\data_set_dbl_split\train\hungry\dunstan-neh_56.wav,hungry/dunstan-neh_56.wav,hungry,train,1,time_stretch,"{""rate"":0.881335}",15,14860220439492452843,virtual:aug_b8f6bc8f1b4aa2ef0093
aug_ba194725411b1a9f3b09,rec_483da636af8546408bfa,D:\INFANT CRY\data_set_dbl_split\train\hungry\3844_M_neh.wav,hungry/3844_M_neh.wav,hungry,train,1,time_shift,"{""fraction"":0.0627095}",16,13514500607598223734,virtual:aug_ba194725411b1a9f3b09
aug_680d7374238355119ded,rec_5b29661d9ab4ae4541b2,D:\INFANT CRY\data_set_dbl_split\train\hungry\1614_M_neh.wav,hungry/1614_M_neh.wav,hungry,train,1,gaussian_noise,"{""noise_factor"":0.002738997}",17,2347124072519067805,virtual:aug_680d7374238355119ded
aug_604350ba5f3953689a86,rec_93046bbf5c1dea64bf5e,D:\INFANT CRY\data_set_dbl_split\train\hungry\833_M_neh.wav,hungry/833_M_neh.wav,hungry,train,1,pitch_shift,"{""steps"":2.109381}",18,1291129333756993737,virtual:aug_604350ba5f3953689a86
aug_0e43bdab96e1498fa59c,rec_882649d0e1d9fb0fbaf3,D:\INFANT CRY\data_set_dbl_split\train\hungry\dunstan-neh_16.wav,hungry/dunstan-neh_16.wav,hungry,train,1,pitch_shift,"{""steps"":-2.005592}",19,3967883485531152459,virtual:aug_0e43bdab96e1498fa59c
aug_1eaf0bf142dd52742b87,rec_4207d13dec28146787c8,D:\INFANT CRY\data_set_dbl_split\train\hungry\2848_F_neh.wav,hungry/2848_F_neh.wav,hungry,train,1,time_stretch,"{""rate"":1.218543}",20,11134932061516134536,virtual:aug_1eaf0bf142dd52742b87
aug_a2f14f116635284bb152,rec_0552af17ff94910f260a,D:\INFANT CRY\data_set_dbl_split\train\hungry\dunstan-neh_7.wav,hungry/dunstan-neh_7.wav,hungry,train,1,time_stretch,"{""rate"":0.783805}",21,2232820931919404587,virtual:aug_a2f14f116635284bb152
aug_af6e106cbca3e7da290d,rec_3f27c431eeb305663abf,D:\INFANT CRY\data_set_dbl_split\train\hungry\2326_M_neh.wav,hungry/2326_M_neh.wav,hungry,train,1,gaussian_noise,"{""noise_factor"":0.005608654}",22,2056383810883807072,virtual:aug_af6e106cbca3e7da290d
aug_f606461164dd7d8b7bf6,rec_9305bbcd4444176c69fc,D:\INFANT CRY\data_set_dbl_split\train\hungry\4717_M_neh.wav,hungry/4717_M_neh.wav,hungry,train,1,pitch_shift,"{""steps"":0.866224}",23,11045372552370354229,virtual:aug_f606461164dd7d8b7bf6
aug_77e2564580704072f11c,rec_5c7b94899a81eecee357,D:\INFANT CRY\data_set_dbl_split\train\hungry\2973_M_neh.wav,hungry/2973_M_neh.wav,hungry,train,1,pitch_shift,"{""steps"":-1.057953}",24,17476036479226210314,virtual:aug_77e2564580704072f11c
aug_18630a772a15d235f6e8,rec_95ecc93388c308db3fbd,D:\INFANT CRY\data_set_dbl_split\train\hungry\2219_M_neh.wav,hungry/2219_M_neh.wav,hungry,train,1,time_stretch,"{""rate"":1.101688}",25,3135531066152749859,virtual:aug_18630a772a15d235f6e8
aug_78e0a8c07f25687ccce1,rec_1744f789c8836ae844cb,D:\INFANT CRY\data_set_dbl_split\train\hungry\3469_M_neh.wav,hungry/3469_M_neh.wav,hungry,train,1,time_stretch,"{""rate"":0.921782}",26,3778882851093566089,virtual:aug_78e0a8c07f25687ccce1
aug_dc6198a98cb1a0c51f63,rec_07bbcb1c1339e971458e,D:\INFANT CRY\data_set_dbl_split\train\hungry\dunstan-neh_2.wav,hungry/dunstan-neh_2.wav,hungry,train,1,time_shift,"{""fraction"":0.0723755}",27,6743200424884107511,virtual:aug_dc6198a98cb1a0c51f63
aug_075155a4722d4475f4e0,rec_292be120aac79f3d8aad,D:\INFANT CRY\data_set_dbl_split\train\hungry\458_F_neh.wav,hungry/458_F_neh.wav,hungry,train,1,gaussian_noise,"{""noise_factor"":0.002305376}",28,15932087272780831815,virtual:aug_075155a4722d4475f4e0
aug_7e02257cd04750f8ed97,rec_35a8fd627f0a52683c6c,D:\INFANT CRY\data_set_dbl_split\train\hungry\961_M_neh.wav,hungry/961_M_neh.wav,hungry,train,1,pitch_shift,"{""steps"":2.033729}",29,2663611330010140968,virtual:aug_7e02257cd04750f8ed97
aug_34d4c888386013d2e62b,rec_ccb877ec7dda7cdd6786,D:\INFANT CRY\data_set_dbl_split\train\hungry\3672_M_neh.wav,hungry/3672_M_neh.wav,hungry,train,1,pitch_shift,"{""steps"":-2.016735}",30,13377507273672815850,virtual:aug_34d4c888386013d2e62b
aug_75655af0f4fdde339066,rec_da1f1379e0826d51b53e,D:\INFANT CRY\data_set_dbl_split\train\hungry\4111_M_neh.wav,hungry/4111_M_neh.wav,hungry,train,1,time_stretch,"{""rate"":1.190089}",31,16668222763512144745,virtual:aug_75655af0f4fdde339066
aug_c07564de18b0b65bebec,rec_8038bcb6a3c1394cbc91,D:\INFANT CRY\data_set_dbl_split\train\hungry\2613_M_neh.wav,hungry/2613_M_neh.wav,hungry,train,1,time_stretch,"{""rate"":0.783216}",32,10100687017337649965,virtual:aug_c07564de18b0b65bebec
aug_40c96b624d2f24fe910b,rec_cbccd8fd251b87fe11d5,D:\INFANT CRY\data_set_dbl_split\train\hungry\dunstan-neh_62.wav,hungry/dunstan-neh_62.wav,hungry,train,1,gaussian_noise,"{""noise_factor"":0.00506684}",33,12020803644316923672,virtual:aug_40c96b624d2f24fe910b
aug_edcb0102b1d0689d561e,rec_bdcdd560bdde23d75dcf,D:\INFANT CRY\data_set_dbl_split\train\hungry\246_M_neh.wav,hungry/246_M_neh.wav,hungry,train,1,pitch_shift,"{""steps"":1.140933}",34,17212337587862297071,virtual:aug_edcb0102b1d0689d561e
aug_bf9ec697735c21bfc7bb,rec_68a3b79ad863329c2fa0,D:\INFANT CRY\data_set_dbl_split\train\hungry\3168_M_neh.wav,hungry/3168_M_neh.wav,hungry,train,1,pitch_shift,"{""steps"":-1.173627}",35,9539422441337313907,virtual:aug_bf9ec697735c21bfc7bb
aug_12cdf9e1f4114a15337f,rec_2972e6c8e16512407617,D:\INFANT CRY\data_set_dbl_split\train\hungry\290_M_neh.wav,hungry/290_M_neh.wav,hungry,train,1,time_stretch,"{""rate"":1.108972}",36,9263751485716157185,virtual:aug_12cdf9e1f4114a15337f
aug_23df2a058a2f4d61908e,rec_3089f948268829e76e78,D:\INFANT CRY\data_set_dbl_split\train\hungry\4171_F_neh.wav,hungry/4171_F_neh.wav,hungry,train,1,time_stretch,"{""rate"":0.876342}",37,13892839067909765246,virtual:aug_23df2a058a2f4d61908e
aug_412d41c5b593c8c88203,rec_eb761db33bdc0705f83c,D:\INFANT CRY\data_set_dbl_split\train\hungry\4202_M_neh.wav,hungry/4202_M_neh.wav,hungry,train,1,time_shift,"{""fraction"":0.0018112}",38,12970945056353982337,virtual:aug_412d41c5b593c8c88203
aug_8a5419d2c5a536868d95,rec_eb9ed8eb0009e46de602,D:\INFANT CRY\data_set_dbl_split\train\hungry\dunstan-neh_60.wav,hungry/dunstan-neh_60.wav,hungry,train,1,gaussian_noise,"{""noise_factor"":0.002726101}",39,12246528317080534230,virtual:aug_8a5419d2c5a536868d95
aug_e522d41b35767d2dddb1,rec_84297140893c78309e78,D:\INFANT CRY\data_set_dbl_split\train\hungry\dunstan-neh_34.wav,hungry/dunstan-neh_34.wav,hungry,train,1,pitch_shift,"{""steps"":2.141986}",40,16837374259986527664,virtual:aug_e522d41b35767d2dddb1
aug_b21d06a41c2453e285ad,rec_843d0ff9482328148496,D:\INFANT CRY\data_set_dbl_split\train\hungry\4928_M_neh.wav,hungry/4928_M_neh.wav,hungry,train,1,pitch_shift,"{""steps"":-2.030737}",41,15735231476807759078,virtual:aug_b21d06a41c2453e285ad
aug_831c1f672dd66188d74e,rec_2cfbeb91a2cd57cedc7d,D:\INFANT CRY\data_set_dbl_split\train\hungry\4300_M_neh.wav,hungry/4300_M_neh.wav,hungry,train,1,time_stretch,"{""rate"":1.212045}",42,6126549089709456011,virtual:aug_831c1f672dd66188d74e
aug_77fefb62808e77151b13,rec_ad350495db62eea85e85,D:\INFANT CRY\data_set_dbl_split\train\hungry\1236_M_neh.wav,hungry/1236_M_neh.wav,hungry,train,1,time_stretch,"{""rate"":0.783317}",43,8933616037509015867,virtual:aug_77fefb62808e77151b13
aug_42c8dc2199a0240168cd,rec_76cce5732b0faa68e759,D:\INFANT CRY\data_set_dbl_split\train\hungry\dunstan-neh_41.wav,hungry/dunstan-neh_41.wav,hungry,train,1,gaussian_noise,"{""noise_factor"":0.004636629}",44,17066167426886035952,virtual:aug_42c8dc2199a0240168cd
aug_7a6cc84787cc9cf73a36,rec_0ecdc0cd17162e55aad8,D:\INFANT CRY\data_set_dbl_split\train\hungry\dunstan-neh_57.wav,hungry/dunstan-neh_57.wav,hungry,train,1,pitch_shift,"{""steps"":1.081033}",45,12202227564710096594,virtual:aug_7a6cc84787cc9cf73a36
aug_914e580de27aa3fb8d3f,rec_d478f03cf1d2daecb690,D:\INFANT CRY\data_set_dbl_split\train\hungry\2011_M_neh.wav,hungry/2011_M_neh.wav,hungry,train,1,pitch_shift,"{""steps"":-1.129566}",46,11603672028447470397,virtual:aug_914e580de27aa3fb8d3f
aug_19231cb4e51ba288fe49,rec_1ead87a594d0546fc079,D:\INFANT CRY\data_set_dbl_split\train\hungry\dunstan-neh_51.wav,hungry/dunstan-neh_51.wav,hungry,train,1,time_stretch,"{""rate"":1.091869}",47,2674662645000794480,virtual:aug_19231cb4e51ba288fe49
aug_d4db738c0cb027ee406f,rec_8f4ae3b0a43cca27a403,D:\INFANT CRY\data_set_dbl_split\train\hungry\dunstan-neh_39.wav,hungry/dunstan-neh_39.wav,hungry,train,1,time_stretch,"{""rate"":0.895381}",48,15535964359599304508,virtual:aug_d4db738c0cb027ee406f
aug_179667043b9c24f24af3,rec_f897edc91aad92f1f4d4,D:\INFANT CRY\data_set_dbl_split\train\hungry\1521_F_neh.wav,hungry/1521_F_neh.wav,hungry,train,1,time_shift,"{""fraction"":0.035012}",49,16873464785481410027,virtual:aug_179667043b9c24f24af3
aug_def70c84095c4907ef42,rec_7f539cdc99c86f56f54a,D:\INFANT CRY\data_set_dbl_split\train\hungry\1332_F_neh.wav,hungry/1332_F_neh.wav,hungry,train,1,gaussian_noise,"{""noise_factor"":0.002819996}",50,8659340242485493052,virtual:aug_def70c84095c4907ef42
aug_c220cf2293e89c8d84b6,rec_54271dc6c4c35a84a3f0,D:\INFANT CRY\data_set_dbl_split\train\hungry\dunstan-neh_55.wav,hungry/dunstan-neh_55.wav,hungry,train,1,pitch_shift,"{""steps"":2.156058}",51,7490345598962519889,virtual:aug_c220cf2293e89c8d84b6
aug_161166d3bab3c02b2043,rec_c22b93676c972031c987,D:\INFANT CRY\data_set_dbl_split\train\hungry\1202_F_neh.wav,hungry/1202_F_neh.wav,hungry,train,1,pitch_shift,"{""steps"":-1.82829}",52,1199293501819618243,virtual:aug_161166d3bab3c02b2043
aug_61ae45906e4643b45709,rec_72f731ddb6a072d3ab85,D:\INFANT CRY\data_set_dbl_split\train\hungry\964_M_neh.wav,hungry/964_M_neh.wav,hungry,train,1,time_stretch,"{""rate"":1.209279}",53,14847912597452207165,virtual:aug_61ae45906e4643b45709
aug_f0f43b2e5abed13e6509,rec_4ff6a5878311508cf9b3,D:\INFANT CRY\data_set_dbl_split\train\hungry\dunstan-neh_23.wav,hungry/dunstan-neh_23.wav,hungry,train,1,time_stretch,"{""rate"":0.796922}",54,9235104989499835242,virtual:aug_f0f43b2e5abed13e6509
aug_aafc724e3cc8750ff570,rec_dc065ea30d88d9440e77,D:\INFANT CRY\data_set_dbl_split\train\hungry\dunstan-neh_27.wav,hungry/dunstan-neh_27.wav,hungry,train,1,gaussian_noise,"{""noise_factor"":0.005695778}",55,8792463266834455179,virtual:aug_aafc724e3cc8750ff570
aug_f7aa7e050c87cbe6b46e,rec_999b11113921ddf86a11,D:\INFANT CRY\data_set_dbl_split\train\hungry\4652_M_neh.wav,hungry/4652_M_neh.wav,hungry,train,1,pitch_shift,"{""steps"":0.875092}",56,16777331497173405681,virtual:aug_f7aa7e050c87cbe6b46e
aug_6d7febd096badffbb2d1,rec_005ff6f9034c11225ab6,D:\INFANT CRY\data_set_dbl_split\train\hungry\1620_M_neh.wav,hungry/1620_M_neh.wav,hungry,train,1,pitch_shift,"{""steps"":-0.955096}",57,15455078012181586857,virtual:aug_6d7febd096badffbb2d1
aug_c4c135cb5611fca3fb13,rec_7de1538e4e8923365a69,D:\INFANT CRY\data_set_dbl_split\train\hungry\1838_M_neh.wav,hungry/1838_M_neh.wav,hungry,train,1,time_stretch,"{""rate"":1.115537}",58,10795830440102840766,virtual:aug_c4c135cb5611fca3fb13
aug_ce8d319ce920f4305bfe,rec_3b32ae946ba19d17300d,D:\INFANT CRY\data_set_dbl_split\train\hungry\3333_M_neh.wav,hungry/3333_M_neh.wav,hungry,train,1,time_stretch,"{""rate"":0.900311}",59,11680680790484890632,virtual:aug_ce8d319ce920f4305bfe
aug_89a66a717abdbeb69b26,rec_9007bb06e8ab85215018,D:\INFANT CRY\data_set_dbl_split\train\hungry\dunstan-neh_19.wav,hungry/dunstan-neh_19.wav,hungry,train,1,time_shift,"{""fraction"":-0.0975018}",60,13412660938075485206,virtual:aug_89a66a717abdbeb69b26
aug_d47ac36d488e71af0e92,rec_d4767218d9010329825d,D:\INFANT CRY\data_set_dbl_split\train\hungry\2550_M_neh.wav,hungry/2550_M_neh.wav,hungry,train,1,gaussian_noise,"{""noise_factor"":0.002260063}",61,16070748279544073507,virtual:aug_d47ac36d488e71af0e92
aug_9655c768a6db9f367eeb,rec_75255312c2aae67afa1a,D:\INFANT CRY\data_set_dbl_split\train\hungry\2331_M_neh.wav,hungry/2331_M_neh.wav,hungry,train,1,pitch_shift,"{""steps"":1.948648}",62,2936342367109389215,virtual:aug_9655c768a6db9f367eeb
aug_80c685d4ceae7758e832,rec_35a314bcf50ccf77f9b4,D:\INFANT CRY\data_set_dbl_split\train\hungry\1136_M_neh.wav,hungry/1136_M_neh.wav,hungry,train,1,pitch_shift,"{""steps"":-2.177044}",63,9060261249868590430,virtual:aug_80c685d4ceae7758e832
aug_42581ff7332f5ed72141,rec_f1ad9019670692fe6b00,D:\INFANT CRY\data_set_dbl_split\train\hungry\926_M_neh.wav,hungry/926_M_neh.wav,hungry,train,1,time_stretch,"{""rate"":1.207709}",64,13808361513720838186,virtual:aug_42581ff7332f5ed72141
aug_8dcceceec19c210f55fa,rec_85357352a774e2f015c1,D:\INFANT CRY\data_set_dbl_split\train\hungry\3809_M_neh.wav,hungry/3809_M_neh.wav,hungry,train,1,time_stretch,"{""rate"":0.78784}",65,1586695711389317422,virtual:aug_8dcceceec19c210f55fa
aug_4d725f6f85954f9438e0,rec_06c98458513d1a15c986,D:\INFANT CRY\data_set_dbl_split\train\hungry\2301_M_neh.wav,hungry/2301_M_neh.wav,hungry,train,1,gaussian_noise,"{""noise_factor"":0.004384335}",66,7741986505671586130,virtual:aug_4d725f6f85954f9438e0
aug_e6dee22190c96d29ee55,rec_b0ac810c71cf73db1ee2,D:\INFANT CRY\data_set_dbl_split\train\hungry\dunstan-neh_15.wav,hungry/dunstan-neh_15.wav,hungry,train,1,pitch_shift,"{""steps"":0.911252}",67,9115956444171142375,virtual:aug_e6dee22190c96d29ee55
aug_e712c465f261113fbf43,rec_8fb0a7696007be9b34c3,D:\INFANT CRY\data_set_dbl_split\train\hungry\4920_F_neh.wav,hungry/4920_F_neh.wav,hungry,train,1,pitch_shift,"{""steps"":-1.107021}",68,16821105889950487856,virtual:aug_e712c465f261113fbf43
aug_fdba2cf728b4256a29e7,rec_d063c5f9742a23575dbd,D:\INFANT CRY\data_set_dbl_split\train\hungry\dunstan-neh_43.wav,hungry/dunstan-neh_43.wav,hungry,train,1,time_stretch,"{""rate"":1.086208}",69,17556403626963101043,virtual:aug_fdba2cf728b4256a29e7
aug_1efbd76492a0a90ab241,rec_9cac5ed43c5a7d7d1eff,D:\INFANT CRY\data_set_dbl_split\train\hungry\1200_M_neh.wav,hungry/1200_M_neh.wav,hungry,train,1,time_stretch,"{""rate"":0.917111}",70,11405668164798305681,virtual:aug_1efbd76492a0a90ab241
aug_4f77beb5ac93d02786d7,rec_b6b8af0ffd9a4ace9287,D:\INFANT CRY\data_set_dbl_split\train\hungry\1122_M_neh.wav,hungry/1122_M_neh.wav,hungry,train,1,time_shift,"{""fraction"":-0.0247652}",71,1186162625174504077,virtual:aug_4f77beb5ac93d02786d7
aug_486f7480e7f54f84b65e,rec_d9b715561d9eec5d8809,D:\INFANT CRY\data_set_dbl_split\train\hungry\754_M_neh.wav,hungry/754_M_neh.wav,hungry,train,1,gaussian_noise,"{""noise_factor"":0.002739351}",72,914594629912084353,virtual:aug_486f7480e7f54f84b65e
aug_98a24c3ebf388a69e69e,rec_e55a34a72fedfd7e840d,D:\INFANT CRY\data_set_dbl_split\train\hungry\dunstan-neh_12.wav,hungry/dunstan-neh_12.wav,hungry,train,1,pitch_shift,"{""steps"":1.926822}",73,13142401595476899319,virtual:aug_98a24c3ebf388a69e69e
aug_4121df42d4986b719cd7,rec_bd47283574366dba00f9,D:\INFANT CRY\data_set_dbl_split\train\hungry\3269_M_neh.wav,hungry/3269_M_neh.wav,hungry,train,1,pitch_shift,"{""steps"":-1.915533}",74,6806677584934512923,virtual:aug_4121df42d4986b719cd7
aug_283d436ed7cbe7721e3a,rec_2074b86eecde9140b59b,D:\INFANT CRY\data_set_dbl_split\train\hungry\dunstan-neh_14.wav,hungry/dunstan-neh_14.wav,hungry,train,1,time_stretch,"{""rate"":1.208611}",75,18190672316564927914,virtual:aug_283d436ed7cbe7721e3a
aug_80468da8655cd8dd19ea,rec_67bd9b946343aa8c831e,D:\INFANT CRY\data_set_dbl_split\train\hungry\1401_F_neh.wav,hungry/1401_F_neh.wav,hungry,train,1,time_stretch,"{""rate"":0.819332}",76,18333565603313882178,virtual:aug_80468da8655cd8dd19ea
aug_b668ee3155a6e890a2c7,rec_dabc4e82a87f09753719,D:\INFANT CRY\data_set_dbl_split\train\hungry\dunstan-neh_36.wav,hungry/dunstan-neh_36.wav,hungry,train,1,gaussian_noise,"{""noise_factor"":0.004365643}",77,16661052221475331796,virtual:aug_b668ee3155a6e890a2c7
aug_4e18a6bbb626a2e75612,rec_bec629bc5031bc22eb9b,D:\INFANT CRY\data_set_dbl_split\train\hungry\186_M_neh.wav,hungry/186_M_neh.wav,hungry,train,1,pitch_shift,"{""steps"":0.99744}",78,17946615146608983541,virtual:aug_4e18a6bbb626a2e75612
aug_0d57e19439188c3b8920,rec_2f44b2a29b63c403f247,D:\INFANT CRY\data_set_dbl_split\train\hungry\516_M_neh.wav,hungry/516_M_neh.wav,hungry,train,1,pitch_shift,"{""steps"":-1.156768}",79,5879755228491463428,virtual:aug_0d57e19439188c3b8920
aug_179a524e5f9a4b087257,rec_3bae5630f154084da71f,D:\INFANT CRY\data_set_dbl_split\train\hungry\dunstan-neh_29.wav,hungry/dunstan-neh_29.wav,hungry,train,1,time_stretch,"{""rate"":1.075419}",80,17020483842315756889,virtual:aug_179a524e5f9a4b087257
aug_8d5d63f7d0b88c9b5226,rec_674a9d5caada9832f371,D:\INFANT CRY\data_set_dbl_split\train\hungry\3830_M_neh.wav,hungry/3830_M_neh.wav,hungry,train,1,time_stretch,"{""rate"":0.915049}",81,10964002429404748431,virtual:aug_8d5d63f7d0b88c9b5226
aug_14dd45406b2685b137d4,rec_84a379178d9f921361e0,D:\INFANT CRY\data_set_dbl_split\train\hungry\1123_F_neh.wav,hungry/1123_F_neh.wav,hungry,train,1,time_shift,"{""fraction"":0.0741035}",82,12080976951108544351,virtual:aug_14dd45406b2685b137d4
aug_cc83fb792eb9aa8b4c7a,rec_0fd521640fdbb5d41b79,D:\INFANT CRY\data_set_dbl_split\train\hungry\4306_F_neh.wav,hungry/4306_F_neh.wav,hungry,train,1,gaussian_noise,"{""noise_factor"":0.002401817}",83,3732053861246864904,virtual:aug_cc83fb792eb9aa8b4c7a
aug_09eec4a3b68fc033e98c,rec_46944c0538596aeac65b,D:\INFANT CRY\data_set_dbl_split\train\hungry\1508_M_neh.wav,hungry/1508_M_neh.wav,hungry,train,1,pitch_shift,"{""steps"":2.168394}",84,7312712923392157294,virtual:aug_09eec4a3b68fc033e98c
aug_93602f78c745e19c7340,rec_ee5e2c9bd7afb52ebe96,D:\INFANT CRY\data_set_dbl_split\train\hungry\1424_M_neh.wav,hungry/1424_M_neh.wav,hungry,train,1,pitch_shift,"{""steps"":-2.086267}",85,7195873952482736946,virtual:aug_93602f78c745e19c7340
aug_72ab82e5890a6220e0c9,rec_ea7d0967f9ac5dec1709,D:\INFANT CRY\data_set_dbl_split\train\hungry\1770_M_neh.wav,hungry/1770_M_neh.wav,hungry,train,1,time_stretch,"{""rate"":1.214347}",86,8133619009432063106,virtual:aug_72ab82e5890a6220e0c9
aug_fc6a3a2734879d57c4eb,rec_7d34a6ff4cab4dc795fd,D:\INFANT CRY\data_set_dbl_split\train\hungry\3451_M_neh.wav,hungry/3451_M_neh.wav,hungry,train,1,time_stretch,"{""rate"":0.782852}",87,7210779595111027705,virtual:aug_fc6a3a2734879d57c4eb
aug_2b99d8ae987a2decc129,rec_c54b65ed121bcd33064a,D:\INFANT CRY\data_set_dbl_split\train\hungry\dunstan-neh_33.wav,hungry/dunstan-neh_33.wav,hungry,train,1,gaussian_noise,"{""noise_factor"":0.005637938}",88,3396754842783243405,virtual:aug_2b99d8ae987a2decc129
aug_7f360853b35416d9656f,rec_74340a312f1c957be1a5,D:\INFANT CRY\data_set_dbl_split\train\hungry\1554_M_neh.wav,hungry/1554_M_neh.wav,hungry,train,1,pitch_shift,"{""steps"":1.026434}",89,6734862570089358082,virtual:aug_7f360853b35416d9656f
aug_003390d9e11626191090,rec_adb4bfea9da208dd77b4,D:\INFANT CRY\data_set_dbl_split\train\hungry\2581_F_neh.wav,hungry/2581_F_neh.wav,hungry,train,1,pitch_shift,"{""steps"":-0.986581}",90,12458951983445117051,virtual:aug_003390d9e11626191090
aug_d98047aaa9f31ef55054,rec_aa120f51f1874bfc4566,D:\INFANT CRY\data_set_dbl_split\train\hungry\3870_M_neh.wav,hungry/3870_M_neh.wav,hungry,train,1,time_stretch,"{""rate"":1.12203}",91,4512776632244457635,virtual:aug_d98047aaa9f31ef55054
aug_5f07f95edba75efb8e05,rec_572209fcf4431574a106,D:\INFANT CRY\data_set_dbl_split\train\hungry\1221_M_neh.wav,hungry/1221_M_neh.wav,hungry,train,1,time_stretch,"{""rate"":0.918779}",92,14884549216951860608,virtual:aug_5f07f95edba75efb8e05
aug_8036f6c21f822e19e21e,rec_d9f72db0ab671c11e601,D:\INFANT CRY\data_set_dbl_split\train\hungry\3800_M_neh.wav,hungry/3800_M_neh.wav,hungry,train,1,time_shift,"{""fraction"":0.0580531}",93,989219939628857795,virtual:aug_8036f6c21f822e19e21e
aug_55d6b4e2abf28320948c,rec_dd2ecfc5b21bcd086e19,D:\INFANT CRY\data_set_dbl_split\train\hungry\2245_F_neh.wav,hungry/2245_F_neh.wav,hungry,train,1,gaussian_noise,"{""noise_factor"":0.002444301}",94,15386781776882699906,virtual:aug_55d6b4e2abf28320948c
aug_11fa406013c96796130d,rec_463180d5d281fe991930,D:\INFANT CRY\data_set_dbl_split\train\hungry\3701_F_neh.wav,hungry/3701_F_neh.wav,hungry,train,1,pitch_shift,"{""steps"":1.901141}",95,17656981588429840081,virtual:aug_11fa406013c96796130d
aug_f02fd4abb4a4697ac167,rec_9a989ed48e3e18f22982,D:\INFANT CRY\data_set_dbl_split\train\hungry\dunstan-neh_70.wav,hungry/dunstan-neh_70.wav,hungry,train,1,pitch_shift,"{""steps"":-1.929518}",96,4102194634753318395,virtual:aug_f02fd4abb4a4697ac167
aug_4a02afb47eedfd6704dd,rec_9cf4fb751fdcfd3e5fa1,D:\INFANT CRY\data_set_dbl_split\train\hungry\3146_F_neh.wav,hungry/3146_F_neh.wav,hungry,train,1,time_stretch,"{""rate"":1.211761}",97,4735232094886697530,virtual:aug_4a02afb47eedfd6704dd
aug_8b317fccddc9a0319f7d,rec_27d5d632e1e1c98d5156,D:\INFANT CRY\data_set_dbl_split\train\hungry\2226_M_neh.wav,hungry/2226_M_neh.wav,hungry,train,1,time_stretch,"{""rate"":0.793132}",98,15146306347076956360,virtual:aug_8b317fccddc9a0319f7d
aug_666e5d141a9b1eb81f34,rec_bfa6747f918f5738d1c3,D:\INFANT CRY\data_set_dbl_split\train\hungry\4918_M_neh.wav,hungry/4918_M_neh.wav,hungry,train,1,gaussian_noise,"{""noise_factor"":0.005619459}",99,14528414343112557247,virtual:aug_666e5d141a9b1eb81f34
aug_c983dfc41b7d411c8424,rec_87323d3270f1b8f6e507,D:\INFANT CRY\data_set_dbl_split\train\hungry\2317_M_neh.wav,hungry/2317_M_neh.wav,hungry,train,1,pitch_shift,"{""steps"":1.010105}",100,831892477317220749,virtual:aug_c983dfc41b7d411c8424
aug_5e124ba8f58e4702868e,rec_563bf3b849e217c99c2b,D:\INFANT CRY\data_set_dbl_split\train\hungry\dunstan-neh_66.wav,hungry/dunstan-neh_66.wav,hungry,train,1,pitch_shift,"{""steps"":-0.983733}",101,10581705628804891767,virtual:aug_5e124ba8f58e4702868e
aug_860f72917c708441ad67,rec_3d86d6ced59383b732db,D:\INFANT CRY\data_set_dbl_split\train\hungry\691_M_neh.wav,hungry/691_M_neh.wav,hungry,train,1,time_stretch,"{""rate"":1.077918}",102,7663355479444758366,virtual:aug_860f72917c708441ad67
aug_afdb98d0eb92e35993d5,rec_e0b99c082ada88b0aa3b,D:\INFANT CRY\data_set_dbl_split\train\hungry\4806_F_neh.wav,hungry/4806_F_neh.wav,hungry,train,1,time_stretch,"{""rate"":0.881839}",103,2326493673221482686,virtual:aug_afdb98d0eb92e35993d5
aug_6a2ec8e7656a98771303,rec_883b3d09371eb4815a3c,D:\INFANT CRY\data_set_dbl_split\train\hungry\3782_M_neh.wav,hungry/3782_M_neh.wav,hungry,train,1,time_shift,"{""fraction"":0.0406019}",104,10955022461990037697,virtual:aug_6a2ec8e7656a98771303
aug_c6a659144188cec6a696,rec_7523b8e66b4d3ccafefe,D:\INFANT CRY\data_set_dbl_split\train\hungry\354_M_neh.wav,hungry/354_M_neh.wav,hungry,train,1,gaussian_noise,"{""noise_factor"":0.002580117}",105,5889816730090057157,virtual:aug_c6a659144188cec6a696
aug_253681123ff35e93da21,rec_e0a54a38ab9d7b6d3830,D:\INFANT CRY\data_set_dbl_split\train\hungry\463_M_neh.wav,hungry/463_M_neh.wav,hungry,train,1,pitch_shift,"{""steps"":1.845956}",106,5337568817954513406,virtual:aug_253681123ff35e93da21
aug_64008388e7782800fc1c,rec_751f261c8b1f00b3e786,D:\INFANT CRY\data_set_dbl_split\train\hungry\4055_M_neh.wav,hungry/4055_M_neh.wav,hungry,train,1,pitch_shift,"{""steps"":-1.945567}",107,15346552359161645566,virtual:aug_64008388e7782800fc1c
aug_14d4476f191cac81960a,rec_e6f7616af9e95806b13f,D:\INFANT CRY\data_set_dbl_split\train\hungry\dunstan-neh_37.wav,hungry/dunstan-neh_37.wav,hungry,train,1,time_stretch,"{""rate"":1.222021}",108,13143783108570082682,virtual:aug_14d4476f191cac81960a
aug_f0fcabac39568c78e381,rec_4aeef63044c75c534d96,D:\INFANT CRY\data_set_dbl_split\train\hungry\2514_M_neh.wav,hungry/2514_M_neh.wav,hungry,train,1,time_stretch,"{""rate"":0.784793}",109,14827978162711089334,virtual:aug_f0fcabac39568c78e381
aug_53b7b7e15b68bd4a872f,rec_3fe79ebb70341bbf14f7,D:\INFANT CRY\data_set_dbl_split\train\hungry\4727_M_neh.wav,hungry/4727_M_neh.wav,hungry,train,1,gaussian_noise,"{""noise_factor"":0.004404814}",110,13459280636777100185,virtual:aug_53b7b7e15b68bd4a872f
aug_10585cc1358d58346b4a,rec_3ca5af599f5e2d718692,D:\INFANT CRY\data_set_dbl_split\train\hungry\303_F_neh.wav,hungry/303_F_neh.wav,hungry,train,1,pitch_shift,"{""steps"":1.055067}",111,656774701517522289,virtual:aug_10585cc1358d58346b4a
aug_9b04f556369eabae204a,rec_c5c7cc4019b6615df3ec,D:\INFANT CRY\data_set_dbl_split\train\hungry\377_F_neh.wav,hungry/377_F_neh.wav,hungry,train,1,pitch_shift,"{""steps"":-0.917308}",112,5456824635095435297,virtual:aug_9b04f556369eabae204a
aug_2cf69f17eb11658bacd9,rec_116326ebfd88ba6b8be5,D:\INFANT CRY\data_set_dbl_split\train\hungry\2621_F_neh.wav,hungry/2621_F_neh.wav,hungry,train,1,time_stretch,"{""rate"":1.123267}",113,5297614026214900805,virtual:aug_2cf69f17eb11658bacd9
aug_0bcb5f1f6837754c0216,rec_3a395ce757448ae52bb1,D:\INFANT CRY\data_set_dbl_split\train\hungry\980_F_neh.wav,hungry/980_F_neh.wav,hungry,train,1,time_stretch,"{""rate"":0.888578}",114,9639874576010663467,virtual:aug_0bcb5f1f6837754c0216
aug_0c5f02b0de73967f63a7,rec_631606b7209247dd5eae,D:\INFANT CRY\data_set_dbl_split\train\hungry\3514_M_neh.wav,hungry/3514_M_neh.wav,hungry,train,1,time_shift,"{""fraction"":0.0266458}",115,6549904609122191236,virtual:aug_0c5f02b0de73967f63a7
aug_df779068424d36294094,rec_5e3518bec6261a74ca5c,D:\INFANT CRY\data_set_dbl_split\train\hungry\4479_M_neh.wav,hungry/4479_M_neh.wav,hungry,train,1,gaussian_noise,"{""noise_factor"":0.002399069}",116,913028677528192801,virtual:aug_df779068424d36294094
aug_04fedb63507c24915319,rec_6e37e8a77e8237f8a1e7,D:\INFANT CRY\data_set_dbl_split\train\hungry\dunstan-neh_18.wav,hungry/dunstan-neh_18.wav,hungry,train,1,pitch_shift,"{""steps"":2.058818}",117,6343453743047895916,virtual:aug_04fedb63507c24915319
aug_f70f236e6b56d2250eb2,rec_6a6e66f89a8a4d5d6593,D:\INFANT CRY\data_set_dbl_split\train\hungry\4908_M_neh.wav,hungry/4908_M_neh.wav,hungry,train,1,pitch_shift,"{""steps"":-2.168256}",118,8410320974825533588,virtual:aug_f70f236e6b56d2250eb2
aug_344baf47a3bcedb3a057,rec_372ed40ca92e5e14733f,D:\INFANT CRY\data_set_dbl_split\train\hungry\2108_M_neh.wav,hungry/2108_M_neh.wav,hungry,train,1,time_stretch,"{""rate"":1.201771}",119,1404914856575825409,virtual:aug_344baf47a3bcedb3a057
aug_f4fe2b189cb171dff0e7,rec_555a26837bdc5dd6c14e,D:\INFANT CRY\data_set_dbl_split\train\hungry\dunstan-neh_13.wav,hungry/dunstan-neh_13.wav,hungry,train,1,time_stretch,"{""rate"":0.77558}",120,5915188130616205520,virtual:aug_f4fe2b189cb171dff0e7
aug_e38399b4e448c8a3c14c,rec_606b51628a29d576c7f5,D:\INFANT CRY\data_set_dbl_split\train\hungry\3676_M_neh.wav,hungry/3676_M_neh.wav,hungry,train,1,gaussian_noise,"{""noise_factor"":0.004542247}",121,16313083002405310967,virtual:aug_e38399b4e448c8a3c14c
aug_cdb1f69382a2fbf6756b,rec_5f1156e4903ab6fe46cc,D:\INFANT CRY\data_set_dbl_split\train\hungry\2144_M_neh.wav,hungry/2144_M_neh.wav,hungry,train,1,pitch_shift,"{""steps"":1.135589}",122,9632874358627773170,virtual:aug_cdb1f69382a2fbf6756b
aug_a3eec6de6206ef57ae2f,rec_8c41c5b0acdc8a731703,D:\INFANT CRY\data_set_dbl_split\train\hungry\dunstan-neh_65.wav,hungry/dunstan-neh_65.wav,hungry,train,1,pitch_shift,"{""steps"":-0.919074}",123,10986518675409283082,virtual:aug_a3eec6de6206ef57ae2f
aug_66b71166ab3ca12e2031,rec_40337147c7cdb9b1f04e,D:\INFANT CRY\data_set_dbl_split\train\hungry\2515_M_neh.wav,hungry/2515_M_neh.wav,hungry,train,1,time_stretch,"{""rate"":1.079049}",124,13469283196761949001,virtual:aug_66b71166ab3ca12e2031
aug_3779fb556fc42d77ddd4,rec_bbd412cfa7ef42afdb4b,D:\INFANT CRY\data_set_dbl_split\train\hungry\25_M_neh.wav,hungry/25_M_neh.wav,hungry,train,1,time_stretch,"{""rate"":0.895535}",125,6623503633214198758,virtual:aug_3779fb556fc42d77ddd4
aug_045d857f032d4e7ababe,rec_b1207cfc484bb3ba4c5b,D:\INFANT CRY\data_set_dbl_split\train\hungry\3541_M_neh.wav,hungry/3541_M_neh.wav,hungry,train,1,time_shift,"{""fraction"":0.0110755}",126,5660722238199888613,virtual:aug_045d857f032d4e7ababe
aug_e69592d490faa903ca47,rec_1d60bd35a759f5a32057,D:\INFANT CRY\data_set_dbl_split\train\hungry\dunstan-neh_48.wav,hungry/dunstan-neh_48.wav,hungry,train,1,gaussian_noise,"{""noise_factor"":0.002616668}",127,1318240264675067581,virtual:aug_e69592d490faa903ca47
aug_e8ca8a0e5fa160c627b9,rec_3eeb6dcac3167d9919e6,D:\INFANT CRY\data_set_dbl_split\train\hungry\4221_M_neh.wav,hungry/4221_M_neh.wav,hungry,train,1,pitch_shift,"{""steps"":1.809735}",128,4540361418808008596,virtual:aug_e8ca8a0e5fa160c627b9
aug_026e15413e4fdd308fab,rec_ad007df31506959b9ddb,D:\INFANT CRY\data_set_dbl_split\train\hungry\2482_F_neh.wav,hungry/2482_F_neh.wav,hungry,train,1,pitch_shift,"{""steps"":-1.952295}",129,4983649090355626804,virtual:aug_026e15413e4fdd308fab
aug_ad678f7b81ce1049d559,rec_67cd8ebaa80d4dbd74da,D:\INFANT CRY\data_set_dbl_split\train\hungry\dunstan-neh_56.wav,hungry/dunstan-neh_56.wav,hungry,train,1,time_stretch,"{""rate"":1.224376}",130,13648375530788208477,virtual:aug_ad678f7b81ce1049d559
aug_93ebb0d70ced385b9cee,rec_483da636af8546408bfa,D:\INFANT CRY\data_set_dbl_split\train\hungry\3844_M_neh.wav,hungry/3844_M_neh.wav,hungry,train,1,time_stretch,"{""rate"":0.781349}",131,9727942280295308126,virtual:aug_93ebb0d70ced385b9cee
aug_a61021160f8ccfde9b6a,rec_5b29661d9ab4ae4541b2,D:\INFANT CRY\data_set_dbl_split\train\hungry\1614_M_neh.wav,hungry/1614_M_neh.wav,hungry,train,1,gaussian_noise,"{""noise_factor"":0.00558078}",132,3027628214374531236,virtual:aug_a61021160f8ccfde9b6a
aug_46d3e2d28be6edd82836,rec_93046bbf5c1dea64bf5e,D:\INFANT CRY\data_set_dbl_split\train\hungry\833_M_neh.wav,hungry/833_M_neh.wav,hungry,train,1,pitch_shift,"{""steps"":0.841373}",133,5425254394092140760,virtual:aug_46d3e2d28be6edd82836
aug_2915c08ab63cd266303f,rec_882649d0e1d9fb0fbaf3,D:\INFANT CRY\data_set_dbl_split\train\hungry\dunstan-neh_16.wav,hungry/dunstan-neh_16.wav,hungry,train,1,pitch_shift,"{""steps"":-1.079459}",134,6835040356570533402,virtual:aug_2915c08ab63cd266303f
aug_cdfa24318adddccc26aa,rec_4207d13dec28146787c8,D:\INFANT CRY\data_set_dbl_split\train\hungry\2848_F_neh.wav,hungry/2848_F_neh.wav,hungry,train,1,time_stretch,"{""rate"":1.111488}",135,10868303120668736098,virtual:aug_cdfa24318adddccc26aa
aug_04221602e55f244a1223,rec_0552af17ff94910f260a,D:\INFANT CRY\data_set_dbl_split\train\hungry\dunstan-neh_7.wav,hungry/dunstan-neh_7.wav,hungry,train,1,time_stretch,"{""rate"":0.900016}",136,10926382329243188856,virtual:aug_04221602e55f244a1223
aug_099b123ca45e5ffcbb47,rec_3f27c431eeb305663abf,D:\INFANT CRY\data_set_dbl_split\train\hungry\2326_M_neh.wav,hungry/2326_M_neh.wav,hungry,train,1,time_shift,"{""fraction"":-0.0035158}",137,2633856821221870532,virtual:aug_099b123ca45e5ffcbb47
aug_3658a2e80da821348bce,rec_9305bbcd4444176c69fc,D:\INFANT CRY\data_set_dbl_split\train\hungry\4717_M_neh.wav,hungry/4717_M_neh.wav,hungry,train,1,gaussian_noise,"{""noise_factor"":0.002420512}",138,3636747907760816221,virtual:aug_3658a2e80da821348bce
aug_03a1825c21d548fb5b88,rec_5c7b94899a81eecee357,D:\INFANT CRY\data_set_dbl_split\train\hungry\2973_M_neh.wav,hungry/2973_M_neh.wav,hungry,train,1,pitch_shift,"{""steps"":1.886373}",139,9449843208000406048,virtual:aug_03a1825c21d548fb5b88
aug_51061073654d4a943c00,rec_95ecc93388c308db3fbd,D:\INFANT CRY\data_set_dbl_split\train\hungry\2219_M_neh.wav,hungry/2219_M_neh.wav,hungry,train,1,pitch_shift,"{""steps"":-1.862431}",140,7643813592951008695,virtual:aug_51061073654d4a943c00
aug_9d3fdf765693e176b056,rec_1744f789c8836ae844cb,D:\INFANT CRY\data_set_dbl_split\train\hungry\3469_M_neh.wav,hungry/3469_M_neh.wav,hungry,train,1,time_stretch,"{""rate"":1.20084}",141,5227712195124587012,virtual:aug_9d3fdf765693e176b056
aug_0507cde4cd43f80b84fd,rec_07bbcb1c1339e971458e,D:\INFANT CRY\data_set_dbl_split\train\hungry\dunstan-neh_2.wav,hungry/dunstan-neh_2.wav,hungry,train,1,time_stretch,"{""rate"":0.776191}",142,7445803241719500540,virtual:aug_0507cde4cd43f80b84fd
aug_77c0c158cef388b3807d,rec_292be120aac79f3d8aad,D:\INFANT CRY\data_set_dbl_split\train\hungry\458_F_neh.wav,hungry/458_F_neh.wav,hungry,train,1,gaussian_noise,"{""noise_factor"":0.004718108}",143,7562308985539123543,virtual:aug_77c0c158cef388b3807d
aug_d5cc5c2ad01be04cdd4e,rec_35a8fd627f0a52683c6c,D:\INFANT CRY\data_set_dbl_split\train\hungry\961_M_neh.wav,hungry/961_M_neh.wav,hungry,train,1,pitch_shift,"{""steps"":1.110828}",144,2712500035949187008,virtual:aug_d5cc5c2ad01be04cdd4e
aug_9a1c31f8669e51ce6a24,rec_ccb877ec7dda7cdd6786,D:\INFANT CRY\data_set_dbl_split\train\hungry\3672_M_neh.wav,hungry/3672_M_neh.wav,hungry,train,1,pitch_shift,"{""steps"":-1.163271}",145,8341939819452789689,virtual:aug_9a1c31f8669e51ce6a24
aug_100010d6a8b33edbb03f,rec_da1f1379e0826d51b53e,D:\INFANT CRY\data_set_dbl_split\train\hungry\4111_M_neh.wav,hungry/4111_M_neh.wav,hungry,train,1,time_stretch,"{""rate"":1.123008}",146,1228665406307237969,virtual:aug_100010d6a8b33edbb03f
aug_4ff29f340e5f47c06cc7,rec_8038bcb6a3c1394cbc91,D:\INFANT CRY\data_set_dbl_split\train\hungry\2613_M_neh.wav,hungry/2613_M_neh.wav,hungry,train,1,time_stretch,"{""rate"":0.916049}",147,14108095246054650292,virtual:aug_4ff29f340e5f47c06cc7
aug_ee6440061eab80cf5bd3,rec_cbccd8fd251b87fe11d5,D:\INFANT CRY\data_set_dbl_split\train\hungry\dunstan-neh_62.wav,hungry/dunstan-neh_62.wav,hungry,train,1,time_shift,"{""fraction"":-0.0875006}",148,15995694781455414579,virtual:aug_ee6440061eab80cf5bd3
aug_955ced8e1bd1633d2729,rec_bdcdd560bdde23d75dcf,D:\INFANT CRY\data_set_dbl_split\train\hungry\246_M_neh.wav,hungry/246_M_neh.wav,hungry,train,1,gaussian_noise,"{""noise_factor"":0.002217022}",149,18359293715882848933,virtual:aug_955ced8e1bd1633d2729
aug_a1e87b5945db55457b4e,rec_68a3b79ad863329c2fa0,D:\INFANT CRY\data_set_dbl_split\train\hungry\3168_M_neh.wav,hungry/3168_M_neh.wav,hungry,train,1,pitch_shift,"{""steps"":1.88914}",150,12893650519311303316,virtual:aug_a1e87b5945db55457b4e
aug_d67cbfb91a194ebcc869,rec_2972e6c8e16512407617,D:\INFANT CRY\data_set_dbl_split\train\hungry\290_M_neh.wav,hungry/290_M_neh.wav,hungry,train,1,pitch_shift,"{""steps"":-1.910619}",151,15536935608714953155,virtual:aug_d67cbfb91a194ebcc869
aug_2a121d03ded46705b69a,rec_3089f948268829e76e78,D:\INFANT CRY\data_set_dbl_split\train\hungry\4171_F_neh.wav,hungry/4171_F_neh.wav,hungry,train,1,time_stretch,"{""rate"":1.219434}",152,2086237868071994744,virtual:aug_2a121d03ded46705b69a
aug_74cdc9bc49acc8374389,rec_eb761db33bdc0705f83c,D:\INFANT CRY\data_set_dbl_split\train\hungry\4202_M_neh.wav,hungry/4202_M_neh.wav,hungry,train,1,time_stretch,"{""rate"":0.791033}",153,18144252427604936702,virtual:aug_74cdc9bc49acc8374389
aug_ffc93019ebb83ce58e48,rec_eb9ed8eb0009e46de602,D:\INFANT CRY\data_set_dbl_split\train\hungry\dunstan-neh_60.wav,hungry/dunstan-neh_60.wav,hungry,train,1,gaussian_noise,"{""noise_factor"":0.005233096}",154,5873989669720549842,virtual:aug_ffc93019ebb83ce58e48
aug_2fe6adc3542a52b40b61,rec_84297140893c78309e78,D:\INFANT CRY\data_set_dbl_split\train\hungry\dunstan-neh_34.wav,hungry/dunstan-neh_34.wav,hungry,train,1,pitch_shift,"{""steps"":0.955822}",155,5403086142508378078,virtual:aug_2fe6adc3542a52b40b61
aug_4086117e5ce110c4d01e,rec_843d0ff9482328148496,D:\INFANT CRY\data_set_dbl_split\train\hungry\4928_M_neh.wav,hungry/4928_M_neh.wav,hungry,train,1,pitch_shift,"{""steps"":-1.180715}",156,8840415679078427437,virtual:aug_4086117e5ce110c4d01e
aug_6619fd1035b249d39101,rec_2cfbeb91a2cd57cedc7d,D:\INFANT CRY\data_set_dbl_split\train\hungry\4300_M_neh.wav,hungry/4300_M_neh.wav,hungry,train,1,time_stretch,"{""rate"":1.093791}",157,3822546876422877738,virtual:aug_6619fd1035b249d39101
aug_ca904239f13068de20df,rec_ad350495db62eea85e85,D:\INFANT CRY\data_set_dbl_split\train\hungry\1236_M_neh.wav,hungry/1236_M_neh.wav,hungry,train,1,time_stretch,"{""rate"":0.890501}",158,15500158813644271829,virtual:aug_ca904239f13068de20df
aug_637bbbb9ae06e17b786c,rec_76cce5732b0faa68e759,D:\INFANT CRY\data_set_dbl_split\train\hungry\dunstan-neh_41.wav,hungry/dunstan-neh_41.wav,hungry,train,1,time_shift,"{""fraction"":0.0497013}",159,6805636684726599022,virtual:aug_637bbbb9ae06e17b786c
aug_6bb5782de22d23f99180,rec_0ecdc0cd17162e55aad8,D:\INFANT CRY\data_set_dbl_split\train\hungry\dunstan-neh_57.wav,hungry/dunstan-neh_57.wav,hungry,train,1,gaussian_noise,"{""noise_factor"":0.002420972}",160,6125309043928798352,virtual:aug_6bb5782de22d23f99180
aug_9b8b2acf52d8167a21c1,rec_d478f03cf1d2daecb690,D:\INFANT CRY\data_set_dbl_split\train\hungry\2011_M_neh.wav,hungry/2011_M_neh.wav,hungry,train,1,pitch_shift,"{""steps"":2.081781}",161,6581786281326528299,virtual:aug_9b8b2acf52d8167a21c1
aug_0ce55fe24bd2a8940d76,rec_1ead87a594d0546fc079,D:\INFANT CRY\data_set_dbl_split\train\hungry\dunstan-neh_51.wav,hungry/dunstan-neh_51.wav,hungry,train,1,pitch_shift,"{""steps"":-1.863073}",162,5244895453381697132,virtual:aug_0ce55fe24bd2a8940d76
aug_ecd50b000cb37ea86cfe,rec_8f4ae3b0a43cca27a403,D:\INFANT CRY\data_set_dbl_split\train\hungry\dunstan-neh_39.wav,hungry/dunstan-neh_39.wav,hungry,train,1,time_stretch,"{""rate"":1.213186}",163,574663280495790070,virtual:aug_ecd50b000cb37ea86cfe
aug_9af903cb7cc1e4dc5f83,rec_f897edc91aad92f1f4d4,D:\INFANT CRY\data_set_dbl_split\train\hungry\1521_F_neh.wav,hungry/1521_F_neh.wav,hungry,train,1,time_stretch,"{""rate"":0.811066}",164,12679734790635409638,virtual:aug_9af903cb7cc1e4dc5f83
aug_748c03dfcce7d54f1e3e,rec_7f539cdc99c86f56f54a,D:\INFANT CRY\data_set_dbl_split\train\hungry\1332_F_neh.wav,hungry/1332_F_neh.wav,hungry,train,1,gaussian_noise,"{""noise_factor"":0.005365839}",165,8697767182182926974,virtual:aug_748c03dfcce7d54f1e3e
aug_9b5818b8aa5b6a69e90b,rec_54271dc6c4c35a84a3f0,D:\INFANT CRY\data_set_dbl_split\train\hungry\dunstan-neh_55.wav,hungry/dunstan-neh_55.wav,hungry,train,1,pitch_shift,"{""steps"":0.925311}",166,16630053819646187998,virtual:aug_9b5818b8aa5b6a69e90b
aug_2b25ae1e167238dfadd3,rec_c22b93676c972031c987,D:\INFANT CRY\data_set_dbl_split\train\hungry\1202_F_neh.wav,hungry/1202_F_neh.wav,hungry,train,1,pitch_shift,"{""steps"":-0.92151}",167,15891809963738527156,virtual:aug_2b25ae1e167238dfadd3
aug_7a59b78cd94fde36940b,rec_72f731ddb6a072d3ab85,D:\INFANT CRY\data_set_dbl_split\train\hungry\964_M_neh.wav,hungry/964_M_neh.wav,hungry,train,1,time_stretch,"{""rate"":1.07562}",168,18062933666140019781,virtual:aug_7a59b78cd94fde36940b
aug_7b842cdb85928dd682e9,rec_4ff6a5878311508cf9b3,D:\INFANT CRY\data_set_dbl_split\train\hungry\dunstan-neh_23.wav,hungry/dunstan-neh_23.wav,hungry,train,1,time_stretch,"{""rate"":0.880842}",169,1266346450135282353,virtual:aug_7b842cdb85928dd682e9
aug_3acda42f7cda4cebbb24,rec_dc065ea30d88d9440e77,D:\INFANT CRY\data_set_dbl_split\train\hungry\dunstan-neh_27.wav,hungry/dunstan-neh_27.wav,hungry,train,1,time_shift,"{""fraction"":-0.0406069}",170,11101982180672211719,virtual:aug_3acda42f7cda4cebbb24
aug_8046c3dd271ee260e7f5,rec_999b11113921ddf86a11,D:\INFANT CRY\data_set_dbl_split\train\hungry\4652_M_neh.wav,hungry/4652_M_neh.wav,hungry,train,1,gaussian_noise,"{""noise_factor"":0.00269093}",171,481423292688643328,virtual:aug_8046c3dd271ee260e7f5
aug_e8104ade1f41a037b2b6,rec_005ff6f9034c11225ab6,D:\INFANT CRY\data_set_dbl_split\train\hungry\1620_M_neh.wav,hungry/1620_M_neh.wav,hungry,train,1,pitch_shift,"{""steps"":2.067126}",172,14963258362109753357,virtual:aug_e8104ade1f41a037b2b6
aug_a2557ada6849aec795f1,rec_7de1538e4e8923365a69,D:\INFANT CRY\data_set_dbl_split\train\hungry\1838_M_neh.wav,hungry/1838_M_neh.wav,hungry,train,1,pitch_shift,"{""steps"":-1.880259}",173,17700537787922628210,virtual:aug_a2557ada6849aec795f1
aug_c2657b7556e1745afd3c,rec_3b32ae946ba19d17300d,D:\INFANT CRY\data_set_dbl_split\train\hungry\3333_M_neh.wav,hungry/3333_M_neh.wav,hungry,train,1,time_stretch,"{""rate"":1.222986}",174,9123993345699990740,virtual:aug_c2657b7556e1745afd3c
aug_8e5c7075c2e481d9c709,rec_9007bb06e8ab85215018,D:\INFANT CRY\data_set_dbl_split\train\hungry\dunstan-neh_19.wav,hungry/dunstan-neh_19.wav,hungry,train,1,time_stretch,"{""rate"":0.823688}",175,13279490195624874570,virtual:aug_8e5c7075c2e481d9c709
aug_853f70c348d528ce0828,rec_d4767218d9010329825d,D:\INFANT CRY\data_set_dbl_split\train\hungry\2550_M_neh.wav,hungry/2550_M_neh.wav,hungry,train,1,gaussian_noise,"{""noise_factor"":0.004263181}",176,11290900648709994555,virtual:aug_853f70c348d528ce0828
aug_9e9c3c194629d9fc5c37,rec_75255312c2aae67afa1a,D:\INFANT CRY\data_set_dbl_split\train\hungry\2331_M_neh.wav,hungry/2331_M_neh.wav,hungry,train,1,pitch_shift,"{""steps"":0.810808}",177,7734303789079064182,virtual:aug_9e9c3c194629d9fc5c37
aug_37dc4fc3bea606b114f5,rec_35a314bcf50ccf77f9b4,D:\INFANT CRY\data_set_dbl_split\train\hungry\1136_M_neh.wav,hungry/1136_M_neh.wav,hungry,train,1,pitch_shift,"{""steps"":-1.158987}",178,14396189895960213527,virtual:aug_37dc4fc3bea606b114f5
aug_c660a1c3c18088dc4ab7,rec_f1ad9019670692fe6b00,D:\INFANT CRY\data_set_dbl_split\train\hungry\926_M_neh.wav,hungry/926_M_neh.wav,hungry,train,1,time_stretch,"{""rate"":1.082835}",179,17420836069626719399,virtual:aug_c660a1c3c18088dc4ab7
aug_f7ac0c5e7b6d054b703f,rec_85357352a774e2f015c1,D:\INFANT CRY\data_set_dbl_split\train\hungry\3809_M_neh.wav,hungry/3809_M_neh.wav,hungry,train,1,time_stretch,"{""rate"":0.917343}",180,15463756998662548539,virtual:aug_f7ac0c5e7b6d054b703f
aug_de28253c1add16720967,rec_06c98458513d1a15c986,D:\INFANT CRY\data_set_dbl_split\train\hungry\2301_M_neh.wav,hungry/2301_M_neh.wav,hungry,train,1,time_shift,"{""fraction"":0.0564481}",181,15421360027395488154,virtual:aug_de28253c1add16720967
aug_1b864e04c42f9f51577e,rec_b0ac810c71cf73db1ee2,D:\INFANT CRY\data_set_dbl_split\train\hungry\dunstan-neh_15.wav,hungry/dunstan-neh_15.wav,hungry,train,1,gaussian_noise,"{""noise_factor"":0.002406978}",182,2501417209323420251,virtual:aug_1b864e04c42f9f51577e
aug_ff9c927271399ded54be,rec_8fb0a7696007be9b34c3,D:\INFANT CRY\data_set_dbl_split\train\hungry\4920_F_neh.wav,hungry/4920_F_neh.wav,hungry,train,1,pitch_shift,"{""steps"":1.924526}",183,7948348569920003310,virtual:aug_ff9c927271399ded54be
aug_e8b6704925936abb7a9c,rec_d063c5f9742a23575dbd,D:\INFANT CRY\data_set_dbl_split\train\hungry\dunstan-neh_43.wav,hungry/dunstan-neh_43.wav,hungry,train,1,pitch_shift,"{""steps"":-2.061185}",184,3524949623582490797,virtual:aug_e8b6704925936abb7a9c
aug_c0fbf4e265690a733100,rec_9cac5ed43c5a7d7d1eff,D:\INFANT CRY\data_set_dbl_split\train\hungry\1200_M_neh.wav,hungry/1200_M_neh.wav,hungry,train,1,time_stretch,"{""rate"":1.195374}",185,434103051726794894,virtual:aug_c0fbf4e265690a733100
aug_556e4e03b9b6914a2f18,rec_b6b8af0ffd9a4ace9287,D:\INFANT CRY\data_set_dbl_split\train\hungry\1122_M_neh.wav,hungry/1122_M_neh.wav,hungry,train,1,time_stretch,"{""rate"":0.824995}",186,10798413035693304431,virtual:aug_556e4e03b9b6914a2f18
aug_15c31ce62425c9511ac1,rec_d9b715561d9eec5d8809,D:\INFANT CRY\data_set_dbl_split\train\hungry\754_M_neh.wav,hungry/754_M_neh.wav,hungry,train,1,gaussian_noise,"{""noise_factor"":0.004324075}",187,3802386996441898372,virtual:aug_15c31ce62425c9511ac1
aug_f48063794bfe2079abed,rec_e55a34a72fedfd7e840d,D:\INFANT CRY\data_set_dbl_split\train\hungry\dunstan-neh_12.wav,hungry/dunstan-neh_12.wav,hungry,train,1,pitch_shift,"{""steps"":1.06157}",188,4152387274686354211,virtual:aug_f48063794bfe2079abed
aug_636636b5debe548e4e16,rec_bd47283574366dba00f9,D:\INFANT CRY\data_set_dbl_split\train\hungry\3269_M_neh.wav,hungry/3269_M_neh.wav,hungry,train,1,pitch_shift,"{""steps"":-0.856417}",189,17443384082982013848,virtual:aug_636636b5debe548e4e16
aug_1bc6df2b6c2ab3a3d532,rec_2074b86eecde9140b59b,D:\INFANT CRY\data_set_dbl_split\train\hungry\dunstan-neh_14.wav,hungry/dunstan-neh_14.wav,hungry,train,1,time_stretch,"{""rate"":1.094586}",190,1010021962194139300,virtual:aug_1bc6df2b6c2ab3a3d532
aug_9037eb7375200f4fa351,rec_67bd9b946343aa8c831e,D:\INFANT CRY\data_set_dbl_split\train\hungry\1401_F_neh.wav,hungry/1401_F_neh.wav,hungry,train,1,time_stretch,"{""rate"":0.908713}",191,8207015445860031479,virtual:aug_9037eb7375200f4fa351
aug_8d5928d0c1631e40bd85,rec_dabc4e82a87f09753719,D:\INFANT CRY\data_set_dbl_split\train\hungry\dunstan-neh_36.wav,hungry/dunstan-neh_36.wav,hungry,train,1,time_shift,"{""fraction"":0.0337437}",192,1107017319376069598,virtual:aug_8d5928d0c1631e40bd85
aug_85b30999d015a8c01a09,rec_bec629bc5031bc22eb9b,D:\INFANT CRY\data_set_dbl_split\train\hungry\186_M_neh.wav,hungry/186_M_neh.wav,hungry,train,1,gaussian_noise,"{""noise_factor"":0.002307018}",193,3311391274569414501,virtual:aug_85b30999d015a8c01a09
aug_cb82c9a83289a6823d8a,rec_2f44b2a29b63c403f247,D:\INFANT CRY\data_set_dbl_split\train\hungry\516_M_neh.wav,hungry/516_M_neh.wav,hungry,train,1,pitch_shift,"{""steps"":2.157043}",194,11759511258756485309,virtual:aug_cb82c9a83289a6823d8a
aug_4bc5288d74aef5c6df07,rec_3bae5630f154084da71f,D:\INFANT CRY\data_set_dbl_split\train\hungry\dunstan-neh_29.wav,hungry/dunstan-neh_29.wav,hungry,train,1,pitch_shift,"{""steps"":-2.182385}",195,3637173685423722595,virtual:aug_4bc5288d74aef5c6df07
aug_5cb56018d8b5166aec39,rec_674a9d5caada9832f371,D:\INFANT CRY\data_set_dbl_split\train\hungry\3830_M_neh.wav,hungry/3830_M_neh.wav,hungry,train,1,time_stretch,"{""rate"":1.186982}",196,2664882259340861761,virtual:aug_5cb56018d8b5166aec39
aug_799cdf24c277614079b2,rec_84a379178d9f921361e0,D:\INFANT CRY\data_set_dbl_split\train\hungry\1123_F_neh.wav,hungry/1123_F_neh.wav,hungry,train,1,time_stretch,"{""rate"":0.792762}",197,7792839900263055305,virtual:aug_799cdf24c277614079b2
aug_577b5925a702e2b0b4fc,rec_0fd521640fdbb5d41b79,D:\INFANT CRY\data_set_dbl_split\train\hungry\4306_F_neh.wav,hungry/4306_F_neh.wav,hungry,train,1,gaussian_noise,"{""noise_factor"":0.004968316}",198,17664091133843836666,virtual:aug_577b5925a702e2b0b4fc
aug_85ddc1bcc2bceb2fcc56,rec_46944c0538596aeac65b,D:\INFANT CRY\data_set_dbl_split\train\hungry\1508_M_neh.wav,hungry/1508_M_neh.wav,hungry,train,1,pitch_shift,"{""steps"":0.807323}",199,318656464634715914,virtual:aug_85ddc1bcc2bceb2fcc56
aug_b784e96fef439c3c0359,rec_ee5e2c9bd7afb52ebe96,D:\INFANT CRY\data_set_dbl_split\train\hungry\1424_M_neh.wav,hungry/1424_M_neh.wav,hungry,train,1,pitch_shift,"{""steps"":-1.026825}",200,6231898391286770654,virtual:aug_b784e96fef439c3c0359
aug_257d835d005ff0a381d1,rec_ea7d0967f9ac5dec1709,D:\INFANT CRY\data_set_dbl_split\train\hungry\1770_M_neh.wav,hungry/1770_M_neh.wav,hungry,train,1,time_stretch,"{""rate"":1.094727}",201,7306023759296530884,virtual:aug_257d835d005ff0a381d1
aug_6ba4cc738077bcd23919,rec_7d34a6ff4cab4dc795fd,D:\INFANT CRY\data_set_dbl_split\train\hungry\3451_M_neh.wav,hungry/3451_M_neh.wav,hungry,train,1,time_stretch,"{""rate"":0.893325}",202,5345882274134599789,virtual:aug_6ba4cc738077bcd23919
aug_d43878cf48c9d58144a3,rec_c54b65ed121bcd33064a,D:\INFANT CRY\data_set_dbl_split\train\hungry\dunstan-neh_33.wav,hungry/dunstan-neh_33.wav,hungry,train,1,time_shift,"{""fraction"":0.0225159}",203,5421286210366230791,virtual:aug_d43878cf48c9d58144a3
aug_95561bab8b0f3dfa441c,rec_74340a312f1c957be1a5,D:\INFANT CRY\data_set_dbl_split\train\hungry\1554_M_neh.wav,hungry/1554_M_neh.wav,hungry,train,1,gaussian_noise,"{""noise_factor"":0.002343479}",204,12876160398079193644,virtual:aug_95561bab8b0f3dfa441c
aug_e4248e435e3d7f3672f5,rec_adb4bfea9da208dd77b4,D:\INFANT CRY\data_set_dbl_split\train\hungry\2581_F_neh.wav,hungry/2581_F_neh.wav,hungry,train,1,pitch_shift,"{""steps"":1.840812}",205,18348189580328748794,virtual:aug_e4248e435e3d7f3672f5
aug_c9ecc0715a1972d70eba,rec_aa120f51f1874bfc4566,D:\INFANT CRY\data_set_dbl_split\train\hungry\3870_M_neh.wav,hungry/3870_M_neh.wav,hungry,train,1,pitch_shift,"{""steps"":-1.999053}",206,14529358759588987329,virtual:aug_c9ecc0715a1972d70eba
aug_4d879d38041d4ece1977,rec_572209fcf4431574a106,D:\INFANT CRY\data_set_dbl_split\train\hungry\1221_M_neh.wav,hungry/1221_M_neh.wav,hungry,train,1,time_stretch,"{""rate"":1.197726}",207,9166954147571570026,virtual:aug_4d879d38041d4ece1977
aug_c49bc732858d066a8e4b,rec_d9f72db0ab671c11e601,D:\INFANT CRY\data_set_dbl_split\train\hungry\3800_M_neh.wav,hungry/3800_M_neh.wav,hungry,train,1,time_stretch,"{""rate"":0.823532}",208,12963282176739840852,virtual:aug_c49bc732858d066a8e4b
aug_6298c04e102e9816388c,rec_dd2ecfc5b21bcd086e19,D:\INFANT CRY\data_set_dbl_split\train\hungry\2245_F_neh.wav,hungry/2245_F_neh.wav,hungry,train,1,gaussian_noise,"{""noise_factor"":0.004774419}",209,1123818506404095450,virtual:aug_6298c04e102e9816388c
aug_d075c3fecd01078ce921,rec_463180d5d281fe991930,D:\INFANT CRY\data_set_dbl_split\train\hungry\3701_F_neh.wav,hungry/3701_F_neh.wav,hungry,train,1,pitch_shift,"{""steps"":1.189348}",210,7743514654278311128,virtual:aug_d075c3fecd01078ce921
aug_8beeb6c9371f8eb80e96,rec_9a989ed48e3e18f22982,D:\INFANT CRY\data_set_dbl_split\train\hungry\dunstan-neh_70.wav,hungry/dunstan-neh_70.wav,hungry,train,1,pitch_shift,"{""steps"":-0.870295}",211,464321477067444765,virtual:aug_8beeb6c9371f8eb80e96
aug_0b038a8b3a6a81f0fd48,rec_9cf4fb751fdcfd3e5fa1,D:\INFANT CRY\data_set_dbl_split\train\hungry\3146_F_neh.wav,hungry/3146_F_neh.wav,hungry,train,1,time_stretch,"{""rate"":1.118169}",212,16655154443027597934,virtual:aug_0b038a8b3a6a81f0fd48
aug_8aee1077d81175b711c4,rec_27d5d632e1e1c98d5156,D:\INFANT CRY\data_set_dbl_split\train\hungry\2226_M_neh.wav,hungry/2226_M_neh.wav,hungry,train,1,time_stretch,"{""rate"":0.920227}",213,11575998727073754413,virtual:aug_8aee1077d81175b711c4
aug_83bc5da8cce3b74e71d6,rec_bfa6747f918f5738d1c3,D:\INFANT CRY\data_set_dbl_split\train\hungry\4918_M_neh.wav,hungry/4918_M_neh.wav,hungry,train,1,time_shift,"{""fraction"":-0.0107008}",214,125841861358477748,virtual:aug_83bc5da8cce3b74e71d6
aug_eaa8831626ad4cc36494,rec_87323d3270f1b8f6e507,D:\INFANT CRY\data_set_dbl_split\train\hungry\2317_M_neh.wav,hungry/2317_M_neh.wav,hungry,train,1,gaussian_noise,"{""noise_factor"":0.002792196}",215,429938566709279096,virtual:aug_eaa8831626ad4cc36494
aug_430a5a3445bc9e8778ab,rec_563bf3b849e217c99c2b,D:\INFANT CRY\data_set_dbl_split\train\hungry\dunstan-neh_66.wav,hungry/dunstan-neh_66.wav,hungry,train,1,pitch_shift,"{""steps"":2.175193}",216,2147741809181158845,virtual:aug_430a5a3445bc9e8778ab
aug_09beed7b8dd12268cd07,rec_3d86d6ced59383b732db,D:\INFANT CRY\data_set_dbl_split\train\hungry\691_M_neh.wav,hungry/691_M_neh.wav,hungry,train,1,pitch_shift,"{""steps"":-2.019364}",217,11579989242379285242,virtual:aug_09beed7b8dd12268cd07
aug_d299eb6e38cd09404aaa,rec_e0b99c082ada88b0aa3b,D:\INFANT CRY\data_set_dbl_split\train\hungry\4806_F_neh.wav,hungry/4806_F_neh.wav,hungry,train,1,time_stretch,"{""rate"":1.220845}",218,14262968079136531946,virtual:aug_d299eb6e38cd09404aaa
aug_d245625fc45bd220c532,rec_883b3d09371eb4815a3c,D:\INFANT CRY\data_set_dbl_split\train\hungry\3782_M_neh.wav,hungry/3782_M_neh.wav,hungry,train,1,time_stretch,"{""rate"":0.789772}",219,16080802334338737485,virtual:aug_d245625fc45bd220c532
aug_0fbffe771a58f19e7d96,rec_7523b8e66b4d3ccafefe,D:\INFANT CRY\data_set_dbl_split\train\hungry\354_M_neh.wav,hungry/354_M_neh.wav,hungry,train,1,gaussian_noise,"{""noise_factor"":0.005310302}",220,8877856932515932235,virtual:aug_0fbffe771a58f19e7d96
aug_377d6ed1b37103e5f947,rec_e0a54a38ab9d7b6d3830,D:\INFANT CRY\data_set_dbl_split\train\hungry\463_M_neh.wav,hungry/463_M_neh.wav,hungry,train,1,pitch_shift,"{""steps"":0.912381}",221,15495640197160993222,virtual:aug_377d6ed1b37103e5f947
aug_82ab48d6fa1074c2cb9d,rec_751f261c8b1f00b3e786,D:\INFANT CRY\data_set_dbl_split\train\hungry\4055_M_neh.wav,hungry/4055_M_neh.wav,hungry,train,1,pitch_shift,"{""steps"":-0.866692}",222,9918749315731695217,virtual:aug_82ab48d6fa1074c2cb9d
aug_1bdc5a2ad1b16b8e5361,rec_e6f7616af9e95806b13f,D:\INFANT CRY\data_set_dbl_split\train\hungry\dunstan-neh_37.wav,hungry/dunstan-neh_37.wav,hungry,train,1,time_stretch,"{""rate"":1.096651}",223,8102311521700453495,virtual:aug_1bdc5a2ad1b16b8e5361
aug_7414cb6124725abe0251,rec_4aeef63044c75c534d96,D:\INFANT CRY\data_set_dbl_split\train\hungry\2514_M_neh.wav,hungry/2514_M_neh.wav,hungry,train,1,time_stretch,"{""rate"":0.921673}",224,4351104527741988428,virtual:aug_7414cb6124725abe0251
aug_fd4ba31f01d9e6226772,rec_3fe79ebb70341bbf14f7,D:\INFANT CRY\data_set_dbl_split\train\hungry\4727_M_neh.wav,hungry/4727_M_neh.wav,hungry,train,1,time_shift,"{""fraction"":-0.084488}",225,4803076520646434334,virtual:aug_fd4ba31f01d9e6226772
aug_a5fdef203a86a725288f,rec_3ca5af599f5e2d718692,D:\INFANT CRY\data_set_dbl_split\train\hungry\303_F_neh.wav,hungry/303_F_neh.wav,hungry,train,1,gaussian_noise,"{""noise_factor"":0.002557358}",226,3191728620825884334,virtual:aug_a5fdef203a86a725288f
aug_6e464eb1d7aa4c645465,rec_c5c7cc4019b6615df3ec,D:\INFANT CRY\data_set_dbl_split\train\hungry\377_F_neh.wav,hungry/377_F_neh.wav,hungry,train,1,pitch_shift,"{""steps"":1.941481}",227,843601340444306507,virtual:aug_6e464eb1d7aa4c645465
aug_b819474265e48d5e56a2,rec_116326ebfd88ba6b8be5,D:\INFANT CRY\data_set_dbl_split\train\hungry\2621_F_neh.wav,hungry/2621_F_neh.wav,hungry,train,1,pitch_shift,"{""steps"":-2.117881}",228,11020282806569914190,virtual:aug_b819474265e48d5e56a2
aug_9c523acbe2e898b31277,rec_3a395ce757448ae52bb1,D:\INFANT CRY\data_set_dbl_split\train\hungry\980_F_neh.wav,hungry/980_F_neh.wav,hungry,train,1,time_stretch,"{""rate"":1.188213}",229,1768372315082745358,virtual:aug_9c523acbe2e898b31277
aug_7019bcfd538df069741f,rec_631606b7209247dd5eae,D:\INFANT CRY\data_set_dbl_split\train\hungry\3514_M_neh.wav,hungry/3514_M_neh.wav,hungry,train,1,time_stretch,"{""rate"":0.814092}",230,15719314496407801883,virtual:aug_7019bcfd538df069741f
aug_dc0583caba70cfe0d970,rec_5e3518bec6261a74ca5c,D:\INFANT CRY\data_set_dbl_split\train\hungry\4479_M_neh.wav,hungry/4479_M_neh.wav,hungry,train,1,gaussian_noise,"{""noise_factor"":0.004859148}",231,4297865234125941116,virtual:aug_dc0583caba70cfe0d970
aug_b6ac95810dea938af392,rec_6e37e8a77e8237f8a1e7,D:\INFANT CRY\data_set_dbl_split\train\hungry\dunstan-neh_18.wav,hungry/dunstan-neh_18.wav,hungry,train,1,pitch_shift,"{""steps"":1.027164}",232,273365638756107799,virtual:aug_b6ac95810dea938af392
aug_6caa60c1ce458bf34105,rec_6a6e66f89a8a4d5d6593,D:\INFANT CRY\data_set_dbl_split\train\hungry\4908_M_neh.wav,hungry/4908_M_neh.wav,hungry,train,1,pitch_shift,"{""steps"":-1.008044}",233,3280053343239053407,virtual:aug_6caa60c1ce458bf34105
aug_8054f8e5d8c0d6238e51,rec_372ed40ca92e5e14733f,D:\INFANT CRY\data_set_dbl_split\train\hungry\2108_M_neh.wav,hungry/2108_M_neh.wav,hungry,train,1,time_stretch,"{""rate"":1.078156}",234,1479650789827712169,virtual:aug_8054f8e5d8c0d6238e51
aug_bfa36e35fbfd560ded13,rec_555a26837bdc5dd6c14e,D:\INFANT CRY\data_set_dbl_split\train\hungry\dunstan-neh_13.wav,hungry/dunstan-neh_13.wav,hungry,train,1,time_stretch,"{""rate"":0.888277}",235,17786356353308762272,virtual:aug_bfa36e35fbfd560ded13
aug_6f9a1192e55b2d51d1a9,rec_606b51628a29d576c7f5,D:\INFANT CRY\data_set_dbl_split\train\hungry\3676_M_neh.wav,hungry/3676_M_neh.wav,hungry,train,1,time_shift,"{""fraction"":0.0908046}",236,12544055728526249751,virtual:aug_6f9a1192e55b2d51d1a9
aug_f524e5ebf475af136fcb,rec_5f1156e4903ab6fe46cc,D:\INFANT CRY\data_set_dbl_split\train\hungry\2144_M_neh.wav,hungry/2144_M_neh.wav,hungry,train,1,gaussian_noise,"{""noise_factor"":0.002411909}",237,4653957257575469395,virtual:aug_f524e5ebf475af136fcb
aug_f47b4504fe9e9c916e81,rec_8c41c5b0acdc8a731703,D:\INFANT CRY\data_set_dbl_split\train\hungry\dunstan-neh_65.wav,hungry/dunstan-neh_65.wav,hungry,train,1,pitch_shift,"{""steps"":1.880231}",238,18190349214900748665,virtual:aug_f47b4504fe9e9c916e81
aug_2ea923f619ddca05954e,rec_40337147c7cdb9b1f04e,D:\INFANT CRY\data_set_dbl_split\train\hungry\2515_M_neh.wav,hungry/2515_M_neh.wav,hungry,train,1,pitch_shift,"{""steps"":-2.047307}",239,10604036807632435034,virtual:aug_2ea923f619ddca05954e
aug_42da30c5b9eb3f4c9b5a,rec_bbd412cfa7ef42afdb4b,D:\INFANT CRY\data_set_dbl_split\train\hungry\25_M_neh.wav,hungry/25_M_neh.wav,hungry,train,1,time_stretch,"{""rate"":1.215067}",240,10071620210866544794,virtual:aug_42da30c5b9eb3f4c9b5a
aug_d1860ccdc868e6db7cbf,rec_b1207cfc484bb3ba4c5b,D:\INFANT CRY\data_set_dbl_split\train\hungry\3541_M_neh.wav,hungry/3541_M_neh.wav,hungry,train,1,time_stretch,"{""rate"":0.778095}",241,1063003130231943007,virtual:aug_d1860ccdc868e6db7cbf
aug_107001d87529ea86f755,rec_1d60bd35a759f5a32057,D:\INFANT CRY\data_set_dbl_split\train\hungry\dunstan-neh_48.wav,hungry/dunstan-neh_48.wav,hungry,train,1,gaussian_noise,"{""noise_factor"":0.005251077}",242,11917361769980969206,virtual:aug_107001d87529ea86f755
aug_d137d769a4b424e60b38,rec_3eeb6dcac3167d9919e6,D:\INFANT CRY\data_set_dbl_split\train\hungry\4221_M_neh.wav,hungry/4221_M_neh.wav,hungry,train,1,pitch_shift,"{""steps"":0.978607}",243,17670644552285612359,virtual:aug_d137d769a4b424e60b38
aug_bd0d2a206afcfbc0ee97,rec_ad007df31506959b9ddb,D:\INFANT CRY\data_set_dbl_split\train\hungry\2482_F_neh.wav,hungry/2482_F_neh.wav,hungry,train,1,pitch_shift,"{""steps"":-0.900882}",244,18123773306237760166,virtual:aug_bd0d2a206afcfbc0ee97
aug_1d684b6be33c9fd53ff0,rec_67cd8ebaa80d4dbd74da,D:\INFANT CRY\data_set_dbl_split\train\hungry\dunstan-neh_56.wav,hungry/dunstan-neh_56.wav,hungry,train,1,time_stretch,"{""rate"":1.105378}",245,13476374951403096169,virtual:aug_1d684b6be33c9fd53ff0
aug_391d2e5923afa165799b,rec_483da636af8546408bfa,D:\INFANT CRY\data_set_dbl_split\train\hungry\3844_M_neh.wav,hungry/3844_M_neh.wav,hungry,train,1,time_stretch,"{""rate"":0.904601}",246,9586232261083857298,virtual:aug_391d2e5923afa165799b
aug_ed088ebac19fe0617129,rec_5b29661d9ab4ae4541b2,D:\INFANT CRY\data_set_dbl_split\train\hungry\1614_M_neh.wav,hungry/1614_M_neh.wav,hungry,train,1,time_shift,"{""fraction"":0.0951181}",247,14242560047690361256,virtual:aug_ed088ebac19fe0617129
aug_8a7387c1f5636b84254d,rec_93046bbf5c1dea64bf5e,D:\INFANT CRY\data_set_dbl_split\train\hungry\833_M_neh.wav,hungry/833_M_neh.wav,hungry,train,1,gaussian_noise,"{""noise_factor"":0.002399636}",248,17905637911698319656,virtual:aug_8a7387c1f5636b84254d
aug_4d7d2275d5d24138cfe8,rec_882649d0e1d9fb0fbaf3,D:\INFANT CRY\data_set_dbl_split\train\hungry\dunstan-neh_16.wav,hungry/dunstan-neh_16.wav,hungry,train,1,pitch_shift,"{""steps"":2.181529}",249,9884956332417914991,virtual:aug_4d7d2275d5d24138cfe8
aug_4037514dd6122dc0acab,rec_4207d13dec28146787c8,D:\INFANT CRY\data_set_dbl_split\train\hungry\2848_F_neh.wav,hungry/2848_F_neh.wav,hungry,train,1,pitch_shift,"{""steps"":-2.00149}",250,1199288129568607251,virtual:aug_4037514dd6122dc0acab
aug_45d5e451e826d837eb78,rec_0552af17ff94910f260a,D:\INFANT CRY\data_set_dbl_split\train\hungry\dunstan-neh_7.wav,hungry/dunstan-neh_7.wav,hungry,train,1,time_stretch,"{""rate"":1.197284}",251,3887817829640490042,virtual:aug_45d5e451e826d837eb78
aug_21c55af1f2802d3496ec,rec_3f27c431eeb305663abf,D:\INFANT CRY\data_set_dbl_split\train\hungry\2326_M_neh.wav,hungry/2326_M_neh.wav,hungry,train,1,time_stretch,"{""rate"":0.824008}",252,10427063583922340241,virtual:aug_21c55af1f2802d3496ec
aug_f04d49a03bbac80427e5,rec_9305bbcd4444176c69fc,D:\INFANT CRY\data_set_dbl_split\train\hungry\4717_M_neh.wav,hungry/4717_M_neh.wav,hungry,train,1,gaussian_noise,"{""noise_factor"":0.004383754}",253,2429015328355782629,virtual:aug_f04d49a03bbac80427e5
aug_28aab56e9b3eecc20ab1,rec_5c7b94899a81eecee357,D:\INFANT CRY\data_set_dbl_split\train\hungry\2973_M_neh.wav,hungry/2973_M_neh.wav,hungry,train,1,pitch_shift,"{""steps"":0.860209}",254,10019015106919542480,virtual:aug_28aab56e9b3eecc20ab1
aug_0c8cfe42f428bade6b0d,rec_95ecc93388c308db3fbd,D:\INFANT CRY\data_set_dbl_split\train\hungry\2219_M_neh.wav,hungry/2219_M_neh.wav,hungry,train,1,pitch_shift,"{""steps"":-0.923247}",255,17523167757716774229,virtual:aug_0c8cfe42f428bade6b0d
aug_07bf67ec50da39bc566a,rec_1744f789c8836ae844cb,D:\INFANT CRY\data_set_dbl_split\train\hungry\3469_M_neh.wav,hungry/3469_M_neh.wav,hungry,train,1,time_stretch,"{""rate"":1.117836}",256,5806813125878294413,virtual:aug_07bf67ec50da39bc566a
aug_2a931ab5ece88a38907b,rec_07bbcb1c1339e971458e,D:\INFANT CRY\data_set_dbl_split\train\hungry\dunstan-neh_2.wav,hungry/dunstan-neh_2.wav,hungry,train,1,time_stretch,"{""rate"":0.896897}",257,2307495081247409781,virtual:aug_2a931ab5ece88a38907b
aug_14076b7465d2a37937b0,rec_292be120aac79f3d8aad,D:\INFANT CRY\data_set_dbl_split\train\hungry\458_F_neh.wav,hungry/458_F_neh.wav,hungry,train,1,time_shift,"{""fraction"":-0.0057709}",258,15207889887614809908,virtual:aug_14076b7465d2a37937b0
aug_caaeb324d21899f52a58,rec_35a8fd627f0a52683c6c,D:\INFANT CRY\data_set_dbl_split\train\hungry\961_M_neh.wav,hungry/961_M_neh.wav,hungry,train,1,gaussian_noise,"{""noise_factor"":0.002539838}",259,17271200463556066082,virtual:aug_caaeb324d21899f52a58
aug_85707ca5af3e1b5f6319,rec_ccb877ec7dda7cdd6786,D:\INFANT CRY\data_set_dbl_split\train\hungry\3672_M_neh.wav,hungry/3672_M_neh.wav,hungry,train,1,pitch_shift,"{""steps"":1.877697}",260,6124876422745463565,virtual:aug_85707ca5af3e1b5f6319
aug_40f14bdb9f365b678217,rec_da1f1379e0826d51b53e,D:\INFANT CRY\data_set_dbl_split\train\hungry\4111_M_neh.wav,hungry/4111_M_neh.wav,hungry,train,1,pitch_shift,"{""steps"":-1.959493}",261,921564312878663063,virtual:aug_40f14bdb9f365b678217
aug_02f238481b8bba646c43,rec_8038bcb6a3c1394cbc91,D:\INFANT CRY\data_set_dbl_split\train\hungry\2613_M_neh.wav,hungry/2613_M_neh.wav,hungry,train,1,time_stretch,"{""rate"":1.201243}",262,10654539204500878972,virtual:aug_02f238481b8bba646c43
aug_1b9be41609b720187c3e,rec_cbccd8fd251b87fe11d5,D:\INFANT CRY\data_set_dbl_split\train\hungry\dunstan-neh_62.wav,hungry/dunstan-neh_62.wav,hungry,train,1,time_stretch,"{""rate"":0.823842}",263,7353424503074437053,virtual:aug_1b9be41609b720187c3e
aug_0768d9d1ae1f0dde0d16,rec_bdcdd560bdde23d75dcf,D:\INFANT CRY\data_set_dbl_split\train\hungry\246_M_neh.wav,hungry/246_M_neh.wav,hungry,train,1,gaussian_noise,"{""noise_factor"":0.004313173}",264,17516198137210831225,virtual:aug_0768d9d1ae1f0dde0d16
aug_af144432ea8244c46e51,rec_68a3b79ad863329c2fa0,D:\INFANT CRY\data_set_dbl_split\train\hungry\3168_M_neh.wav,hungry/3168_M_neh.wav,hungry,train,1,pitch_shift,"{""steps"":1.048806}",265,6910997190272508796,virtual:aug_af144432ea8244c46e51
aug_86c7b9fb20505f45238f,rec_2972e6c8e16512407617,D:\INFANT CRY\data_set_dbl_split\train\hungry\290_M_neh.wav,hungry/290_M_neh.wav,hungry,train,1,pitch_shift,"{""steps"":-1.140925}",266,6259061632157736613,virtual:aug_86c7b9fb20505f45238f
aug_c8c62f68cd3f23f239c1,rec_3089f948268829e76e78,D:\INFANT CRY\data_set_dbl_split\train\hungry\4171_F_neh.wav,hungry/4171_F_neh.wav,hungry,train,1,time_stretch,"{""rate"":1.088528}",267,4320171589742877346,virtual:aug_c8c62f68cd3f23f239c1
aug_b8fa960ee02a454a30e9,rec_eb761db33bdc0705f83c,D:\INFANT CRY\data_set_dbl_split\train\hungry\4202_M_neh.wav,hungry/4202_M_neh.wav,hungry,train,1,time_stretch,"{""rate"":0.878648}",268,9077611677844649658,virtual:aug_b8fa960ee02a454a30e9
aug_81b0a9c4c457b6c7a45d,rec_eb9ed8eb0009e46de602,D:\INFANT CRY\data_set_dbl_split\train\hungry\dunstan-neh_60.wav,hungry/dunstan-neh_60.wav,hungry,train,1,time_shift,"{""fraction"":0.0063632}",269,6984414989785451843,virtual:aug_81b0a9c4c457b6c7a45d
aug_80e15c9828389f8aa12e,rec_84297140893c78309e78,D:\INFANT CRY\data_set_dbl_split\train\hungry\dunstan-neh_34.wav,hungry/dunstan-neh_34.wav,hungry,train,1,gaussian_noise,"{""noise_factor"":0.00235736}",270,233817753879074406,virtual:aug_80e15c9828389f8aa12e
aug_f5931c436a53ab3b27e6,rec_843d0ff9482328148496,D:\INFANT CRY\data_set_dbl_split\train\hungry\4928_M_neh.wav,hungry/4928_M_neh.wav,hungry,train,1,pitch_shift,"{""steps"":2.15598}",271,10392422749113497479,virtual:aug_f5931c436a53ab3b27e6
aug_20c33aace7b048726a43,rec_2cfbeb91a2cd57cedc7d,D:\INFANT CRY\data_set_dbl_split\train\hungry\4300_M_neh.wav,hungry/4300_M_neh.wav,hungry,train,1,pitch_shift,"{""steps"":-1.92544}",272,11882440966686876613,virtual:aug_20c33aace7b048726a43
aug_ea4c2ffeee01e82de238,rec_ad350495db62eea85e85,D:\INFANT CRY\data_set_dbl_split\train\hungry\1236_M_neh.wav,hungry/1236_M_neh.wav,hungry,train,1,time_stretch,"{""rate"":1.184486}",273,9615630965598868383,virtual:aug_ea4c2ffeee01e82de238
aug_53f311e6dce2c9a6e5e1,rec_76cce5732b0faa68e759,D:\INFANT CRY\data_set_dbl_split\train\hungry\dunstan-neh_41.wav,hungry/dunstan-neh_41.wav,hungry,train,1,time_stretch,"{""rate"":0.800427}",274,4182648332697447786,virtual:aug_53f311e6dce2c9a6e5e1
aug_3fcd56d48d2530430f6b,rec_0ecdc0cd17162e55aad8,D:\INFANT CRY\data_set_dbl_split\train\hungry\dunstan-neh_57.wav,hungry/dunstan-neh_57.wav,hungry,train,1,gaussian_noise,"{""noise_factor"":0.004263999}",275,9255647323110446415,virtual:aug_3fcd56d48d2530430f6b
aug_0c6d4ba312cf35b3ecf0,rec_d478f03cf1d2daecb690,D:\INFANT CRY\data_set_dbl_split\train\hungry\2011_M_neh.wav,hungry/2011_M_neh.wav,hungry,train,1,pitch_shift,"{""steps"":1.105365}",276,17880541947973659690,virtual:aug_0c6d4ba312cf35b3ecf0
aug_2083f60478c5d7684c38,rec_1ead87a594d0546fc079,D:\INFANT CRY\data_set_dbl_split\train\hungry\dunstan-neh_51.wav,hungry/dunstan-neh_51.wav,hungry,train,1,pitch_shift,"{""steps"":-1.056905}",277,7971456117304133552,virtual:aug_2083f60478c5d7684c38
aug_db2e9c1e648a0aaa6d8a,rec_8f4ae3b0a43cca27a403,D:\INFANT CRY\data_set_dbl_split\train\hungry\dunstan-neh_39.wav,hungry/dunstan-neh_39.wav,hungry,train,1,time_stretch,"{""rate"":1.103516}",278,14407407074985392661,virtual:aug_db2e9c1e648a0aaa6d8a
aug_8400e41b2ed37e56372c,rec_f897edc91aad92f1f4d4,D:\INFANT CRY\data_set_dbl_split\train\hungry\1521_F_neh.wav,hungry/1521_F_neh.wav,hungry,train,1,time_stretch,"{""rate"":0.903392}",279,10298332297287711473,virtual:aug_8400e41b2ed37e56372c
aug_91338f8a67193e73cc6c,rec_7f539cdc99c86f56f54a,D:\INFANT CRY\data_set_dbl_split\train\hungry\1332_F_neh.wav,hungry/1332_F_neh.wav,hungry,train,1,time_shift,"{""fraction"":0.0445251}",280,18299780965648609763,virtual:aug_91338f8a67193e73cc6c
aug_67785656eb000cf506ab,rec_54271dc6c4c35a84a3f0,D:\INFANT CRY\data_set_dbl_split\train\hungry\dunstan-neh_55.wav,hungry/dunstan-neh_55.wav,hungry,train,1,gaussian_noise,"{""noise_factor"":0.002721407}",281,6804454431168658073,virtual:aug_67785656eb000cf506ab
aug_76261e6ce2a78eb683f4,rec_c22b93676c972031c987,D:\INFANT CRY\data_set_dbl_split\train\hungry\1202_F_neh.wav,hungry/1202_F_neh.wav,hungry,train,1,pitch_shift,"{""steps"":2.054395}",282,1545916530472744769,virtual:aug_76261e6ce2a78eb683f4
aug_ce396d3bfefd65197cf8,rec_72f731ddb6a072d3ab85,D:\INFANT CRY\data_set_dbl_split\train\hungry\964_M_neh.wav,hungry/964_M_neh.wav,hungry,train,1,pitch_shift,"{""steps"":-2.165343}",283,11157241811379617922,virtual:aug_ce396d3bfefd65197cf8
aug_a0a9b910e9aba268c096,rec_4ff6a5878311508cf9b3,D:\INFANT CRY\data_set_dbl_split\train\hungry\dunstan-neh_23.wav,hungry/dunstan-neh_23.wav,hungry,train,1,time_stretch,"{""rate"":1.198054}",284,8204284879040082978,virtual:aug_a0a9b910e9aba268c096
aug_1209501a3775c2704c8b,rec_dc065ea30d88d9440e77,D:\INFANT CRY\data_set_dbl_split\train\hungry\dunstan-neh_27.wav,hungry/dunstan-neh_27.wav,hungry,train,1,time_stretch,"{""rate"":0.781746}",285,2696059372419681846,virtual:aug_1209501a3775c2704c8b
aug_93800967c351bc0f2b29,rec_999b11113921ddf86a11,D:\INFANT CRY\data_set_dbl_split\train\hungry\4652_M_neh.wav,hungry/4652_M_neh.wav,hungry,train,1,gaussian_noise,"{""noise_factor"":0.005466438}",286,10500521259602697455,virtual:aug_93800967c351bc0f2b29
aug_146a135bb20875c7f8a8,rec_005ff6f9034c11225ab6,D:\INFANT CRY\data_set_dbl_split\train\hungry\1620_M_neh.wav,hungry/1620_M_neh.wav,hungry,train,1,pitch_shift,"{""steps"":1.179524}",287,3672485097704618704,virtual:aug_146a135bb20875c7f8a8
aug_5412709087217b1bc012,rec_7de1538e4e8923365a69,D:\INFANT CRY\data_set_dbl_split\train\hungry\1838_M_neh.wav,hungry/1838_M_neh.wav,hungry,train,1,pitch_shift,"{""steps"":-0.875658}",288,8500806511725156794,virtual:aug_5412709087217b1bc012
aug_f00ec970c6ea8f099ca0,rec_3b32ae946ba19d17300d,D:\INFANT CRY\data_set_dbl_split\train\hungry\3333_M_neh.wav,hungry/3333_M_neh.wav,hungry,train,1,time_stretch,"{""rate"":1.117449}",289,2764721716496788134,virtual:aug_f00ec970c6ea8f099ca0
