record_id,filepath,relative_path,label,validation_fold,source_dataset,group_id,group_rule,sha256,splitter_name,split_seed
rec_fefa338d580873c2cd3e,D:\INFANT CRY\data_set_dbl_split\train\belly_pain\1190_M_eairh.wav,belly_pain/1190_M_eairh.wav,baby,1,infantcry_dbl,infant_sha256:1746eae8c464c72b2186a2f22bcb7faf1a39fb2c5e08cf76ff14a0968938cd86,exact_content_sha256,1746eae8c464c72b2186a2f22bcb7faf1a39fb2c5e08cf76ff14a0968938cd86,StratifiedGroupKFold,42
rec_dc2883d8ee245da07d43,D:\INFANT CRY\data_set_dbl_split\train\belly_pain\2243_M_eairh.wav,belly_pain/2243_M_eairh.wav,baby,1,infantcry_dbl,infant_sha256:48a1acab4344409f504f469f020678d7776f3065a0515c5f8140902692bf45e5,exact_content_sha256,48a1acab4344409f504f469f020678d7776f3065a0515c5f8140902692bf45e5,StratifiedGroupKFold,42
rec_bc25d1ebb8434b66682a,D:\INFANT CRY\data_set_dbl_split\train\belly_pain\2293_F_eairh.wav,belly_pain/2293_F_eairh.wav,baby,1,infantcry_dbl,infant_sha256:ff50650762c3b1d1842ff03588c477ad4443b96d05b8c4e92e688545e5b4b2a6,exact_content_sha256,ff50650762c3b1d1842ff03588c477ad4443b96d05b8c4e92e688545e5b4b2a6,StratifiedGroupKFold,42
rec_c7ab84dc1e25a511f089,D:\INFANT CRY\data_set_dbl_split\train\belly_pain\3054_M_eairh.wav,belly_pain/3054_M_eairh.wav,baby,1,infantcry_dbl,infant_sha256:6bc38b9d403174682237bddf276b0324d8012977537635873e41d7e975daab8f,exact_content_sha256,6bc38b9d403174682237bddf276b0324d8012977537635873e41d7e975daab8f,StratifiedGroupKFold,42
rec_0ddf3d9b53d6a320397d,D:\INFANT CRY\data_set_dbl_split\train\belly_pain\3326_F_eairh.wav,belly_pain/3326_F_eairh.wav,baby,1,infantcry_dbl,infant_sha256:adcac87f26a49067239153fa1158ad07ba16cc95c27ae12791dd2fec2b1dcc90,exact_content_sha256,adcac87f26a49067239153fa1158ad07ba16cc95c27ae12791dd2fec2b1dcc90,StratifiedGroupKFold,42
rec_a5ec4310f567f29fe0e6,D:\INFANT CRY\data_set_dbl_split\train\belly_pain\3482_M_eairh.wav,belly_pain/3482_M_eairh.wav,baby,1,infantcry_dbl,infant_sha256:3c11511aa2aca6cffaf290fbdd2542ea6d350ae044f19f311ba289e0c4b09540,exact_content_sha256,3c11511aa2aca6cffaf290fbdd2542ea6d350ae044f19f311ba289e0c4b09540,StratifiedGroupKFold,42
rec_2730b77759b8808a6d27,D:\INFANT CRY\data_set_dbl_split\train\belly_pain\3786_M_eairh.wav,belly_pain/3786_M_eairh.wav,baby,1,infantcry_dbl,infant_sha256:5ad24efaebed6b3f809e343af4784b8bad8ba5db04c3291efa282967ee103993,exact_content_sha256,5ad24efaebed6b3f809e343af4784b8bad8ba5db04c3291efa282967ee103993,StratifiedGroupKFold,42
rec_b6b66fb3f3de74db9ab8,D:\INFANT CRY\data_set_dbl_split\train\belly_pain\3825_M_eairh.wav,belly_pain/3825_M_eairh.wav,baby,1,infantcry_dbl,infant_sha256:c4dd31085491fcac478954373ed0b61c18481364ceae041793da9518a16b2f64,exact_content_sha256,c4dd31085491fcac478954373ed0b61c18481364ceae041793da9518a16b2f64,StratifiedGroupKFold,42
rec_212b93ff5570b7840e1a,D:\INFANT CRY\data_set_dbl_split\train\belly_pain\419_M_eairh.wav,belly_pain/419_M_eairh.wav,baby,1,infantcry_dbl,infant_sha256:8211fc9f4a86ac992f108ee8a1c5e4c625c95e4466c9e977011037937c434a46,exact_content_sha256,8211fc9f4a86ac992f108ee8a1c5e4c625c95e4466c9e977011037937c434a46,StratifiedGroupKFold,42
rec_50da61b23db30480db84,D:\INFANT CRY\data_set_dbl_split\train\belly_pain\4601_M_eairh.wav,belly_pain/4601_M_eairh.wav,baby,1,infantcry_dbl,infant_sha256:9fde7aede32b5320f792a545ddab382f6ff2f83e44d7609fd5c01e44dd8becfa,exact_content_sha256,9fde7aede32b5320f792a545ddab382f6ff2f83e44d7609fd5c01e44dd8becfa,StratifiedGroupKFold,42
rec_f6e860c75ce7b1ebce05,D:\INFANT CRY\data_set_dbl_split\train\belly_pain\4711_M_eairh.wav,belly_pain/4711_M_eairh.wav,baby,1,infantcry_dbl,infant_sha256:4aefb574b66e26210f7814e88826959577ca75e345ee5a9a40c33961fe62eeb2,exact_content_sha256,4aefb574b66e26210f7814e88826959577ca75e345ee5a9a40c33961fe62eeb2,StratifiedGroupKFold,42
rec_f08400013ae835c03434,D:\INFANT CRY\data_set_dbl_split\train\belly_pain\dunstan-eairh_12.wav,belly_pain/dunstan-eairh_12.wav,baby,1,infantcry_dbl,infant_sha256:e33c040d318e88074a5e32071647b074a58253e31f6e75f9d83fdf7dd9b12910,exact_content_sha256,e33c040d318e88074a5e32071647b074a58253e31f6e75f9d83fdf7dd9b12910,StratifiedGroupKFold,42
rec_bc38ab67adac26f034e8,D:\INFANT CRY\data_set_dbl_split\train\belly_pain\dunstan-eairh_13.wav,belly_pain/dunstan-eairh_13.wav,baby,1,infantcry_dbl,infant_sha256:531199248551ecacbd79c1e9d0bf08bb29ceff42f6aba4a21120d8d45ee433d8,exact_content_sha256,531199248551ecacbd79c1e9d0bf08bb29ceff42f6aba4a21120d8d45ee433d8,StratifiedGroupKFold,42
rec_886741e63dcc59e4d15d,D:\INFANT CRY\data_set_dbl_split\train\belly_pain\dunstan-eairh_2.wav,belly_pain/dunstan-eairh_2.wav,baby,1,infantcry_dbl,infant_sha256:25f1e26744ef82ed08155d85bcfef388e18abb2761bf5ac65e793a8ac751e8e4,exact_content_sha256,25f1e26744ef82ed08155d85bcfef388e18abb2761bf5ac65e793a8ac751e8e4,StratifiedGroupKFold,42
rec_86e990c657f137ebbf87,D:\INFANT CRY\data_set_dbl_split\train\belly_pain\dunstan-eairh_20.wav,belly_pain/dunstan-eairh_20.wav,baby,1,infantcry_dbl,infant_sha256:59f26d398c8d75cac875d3dadf48b580f1b9b2c69582929bba7a11539183dd17,exact_content_sha256,59f26d398c8d75cac875d3dadf48b580f1b9b2c69582929bba7a11539183dd17,StratifiedGroupKFold,42
rec_6f6b4910a46d0f5c9466,D:\INFANT CRY\data_set_dbl_split\train\belly_pain\dunstan-eairh_29.wav,belly_pain/dunstan-eairh_29.wav,baby,1,infantcry_dbl,infant_sha256:e44b9fc6ecf405f8ab3ca7aa5c691143ddbd967800c062adaeeed7ae11642588,exact_content_sha256,e44b9fc6ecf405f8ab3ca7aa5c691143ddbd967800c062adaeeed7ae11642588,StratifiedGroupKFold,42
rec_38916b588bfc277e0233,D:\INFANT CRY\data_set_dbl_split\train\belly_pain\dunstan-eairh_34.wav,belly_pain/dunstan-eairh_34.wav,baby,1,infantcry_dbl,infant_sha256:a79e79453842b7491c0ec793e4bfe32ddf2796404fd2b2ae15b5811375ac25e2,exact_content_sha256,a79e79453842b7491c0ec793e4bfe32ddf2796404fd2b2ae15b5811375ac25e2,StratifiedGroupKFold,42
rec_917b2809b108d84393e1,D:\INFANT CRY\data_set_dbl_split\train\belly_pain\dunstan-eairh_37.wav,belly_pain/dunstan-eairh_37.wav,baby,1,infantcry_dbl,infant_sha256:caa05b68e4398b392e93318279ed291d5e98ba1a643d33bf8fd280786153e9d8,exact_content_sha256,caa05b68e4398b392e93318279ed291d5e98ba1a643d33bf8fd280786153e9d8,StratifiedGroupKFold,42
rec_dbafcb96ca6a87f36f52,D:\INFANT CRY\data_set_dbl_split\train\belly_pain\dunstan-eairh_39.wav,belly_pain/dunstan-eairh_39.wav,baby,1,infantcry_dbl,infant_sha256:6cd6f6e5c161e78c32525683a639a9a9ab9c11c14cc48929c93d42be00a0e8fe,exact_content_sha256,6cd6f6e5c161e78c32525683a639a9a9ab9c11c14cc48929c93d42be00a0e8fe,StratifiedGroupKFold,42
rec_e6d5a53ef5c2a42cae1f,D:\INFANT CRY\data_set_dbl_split\train\belly_pain\dunstan-eairh_59.wav,belly_pain/dunstan-eairh_59.wav,baby,1,infantcry_dbl,infant_sha256:105bbf74d33a2c7a9b7ecff93a0335ca785aa31aea0c2c322815ffcefd1bfda4,exact_content_sha256,105bbf74d33a2c7a9b7ecff93a0335ca785aa31aea0c2c322815ffcefd1bfda4,StratifiedGroupKFold,42
rec_b2242a410e34ac87e103,D:\INFANT CRY\data_set_dbl_split\train\belly_pain\dunstan-eairh_7.wav,belly_pain/dunstan-eairh_7.wav,baby,1,infantcry_dbl,infant_sha256:89577d9bb58322056e964be62c92957655aeedb628e052baed1e76ab436b6d54,exact_content_sha256,89577d9bb58322056e964be62c92957655aeedb628e052baed1e76ab436b6d54,StratifiedGroupKFold,42
rec_aef16fe4b73818181ee3,D:\INFANT CRY\data_set_dbl_split\train\burping\1173_M_eh.wav,burping/1173_M_eh.wav,baby,1,infantcry_dbl,infant_sha256:56b3f4c1f74778e42892b692b68ea25b91fdd16d905856ba600bab014ed5b35e,exact_content_sha256,56b3f4c1f74778e42892b692b68ea25b91fdd16d905856ba600bab014ed5b35e,StratifiedGroupKFold,42
rec_fe2bd084cd57ea19b335,D:\INFANT CRY\data_set_dbl_split\train\burping\1294_F_eh.wav,burping/1294_F_eh.wav,baby,1,infantcry_dbl,infant_sha256:1fe5f80c9b393a6bbcf6b63364e395138a17ee332bcb992b2a7e6ce80e13b3a2,exact_content_sha256,1fe5f80c9b393a6bbcf6b63364e395138a17ee332bcb992b2a7e6ce80e13b3a2,StratifiedGroupKFold,42
rec_91a8baa5de8351206dc1,D:\INFANT CRY\data_set_dbl_split\train\burping\1310_M_eh.wav,burping/1310_M_eh.wav,baby,1,infantcry_dbl,infant_sha256:d3aaf72c55489f123a502254549835d0a189ab94d1e6633c828eb0a94bcab498,exact_content_sha256,d3aaf72c55489f123a502254549835d0a189ab94d1e6633c828eb0a94bcab498,StratifiedGroupKFold,42
rec_aa640949ec798068cbcb,D:\INFANT CRY\data_set_dbl_split\train\burping\1836_M_eh.wav,burping/1836_M_eh.wav,baby,1,infantcry_dbl,infant_sha256:046799fe1455c9c353da7dcc6931cb792a0360340ae23da1bb0c640d8a72ecb4,exact_content_sha256,046799fe1455c9c353da7dcc6931cb792a0360340ae23da1bb0c640d8a72ecb4,StratifiedGroupKFold,42
rec_04d8723e876919f7d0c5,D:\INFANT CRY\data_set_dbl_split\train\burping\1860_M_eh.wav,burping/1860_M_eh.wav,baby,1,infantcry_dbl,infant_sha256:fb59ff63dd024c195cabf21ee0317affe6da07c4ccf05e3dc10c7fbff7f4e645,exact_content_sha256,fb59ff63dd024c195cabf21ee0317affe6da07c4ccf05e3dc10c7fbff7f4e645,StratifiedGroupKFold,42
rec_76c476f521e31ec4c31a,D:\INFANT CRY\data_set_dbl_split\train\burping\2203_F_eh.wav,burping/2203_F_eh.wav,baby,1,infantcry_dbl,infant_sha256:d64a00b82f94c6a58db89df52afabe99d9464019ba00dc276a690ef602e8eb54,exact_content_sha256,d64a00b82f94c6a58db89df52afabe99d9464019ba00dc276a690ef602e8eb54,StratifiedGroupKFold,42
rec_583b16956c6c814d67fe,D:\INFANT CRY\data_set_dbl_split\train\burping\3033_M_eh.wav,burping/3033_M_eh.wav,baby,1,infantcry_dbl,infant_sha256:06f9596f8f896e0444e9f3d6dd0e275425df00d2f5fe90e5f9b8c82bbcd823ef,exact_content_sha256,06f9596f8f896e0444e9f3d6dd0e275425df00d2f5fe90e5f9b8c82bbcd823ef,StratifiedGroupKFold,42
rec_1eb9fd4af465d3df769d,D:\INFANT CRY\data_set_dbl_split\train\burping\306_M_eh.wav,burping/306_M_eh.wav,baby,1,infantcry_dbl,infant_sha256:3d1d3a9de22b3dd9a75a28076f0666d9fe8b7e10905539bcd0c8503979d75741,exact_content_sha256,3d1d3a9de22b3dd9a75a28076f0666d9fe8b7e10905539bcd0c8503979d75741,StratifiedGroupKFold,42
rec_fbef8f5e2003e3f7e55d,D:\INFANT CRY\data_set_dbl_split\train\burping\3163_F_eh.wav,burping/3163_F_eh.wav,baby,1,infantcry_dbl,infant_sha256:7d087bf0d392266023ae4c508f2dc7a71c4d08da44dd43ee1ee0856dec82fec4,exact_content_sha256,7d087bf0d392266023ae4c508f2dc7a71c4d08da44dd43ee1ee0856dec82fec4,StratifiedGroupKFold,42
rec_8405ff9deb2601ec3688,D:\INFANT CRY\data_set_dbl_split\train\burping\3263_F_eh.wav,burping/3263_F_eh.wav,baby,1,infantcry_dbl,infant_sha256:d9a8ea049618faa3cf9d1e9b6a9460fd8c31fcd63f9419490102db02085a7680,exact_content_sha256,d9a8ea049618faa3cf9d1e9b6a9460fd8c31fcd63f9419490102db02085a7680,StratifiedGroupKFold,42
rec_7f5f72cffacee5752ddb,D:\INFANT CRY\data_set_dbl_split\train\burping\3331_M_eh.wav,burping/3331_M_eh.wav,baby,1,infantcry_dbl,infant_sha256:a4aa673b6e979cc927669c90a855494ac2d988782815f0483289b83bd0db52cf,exact_content_sha256,a4aa673b6e979cc927669c90a855494ac2d988782815f0483289b83bd0db52cf,StratifiedGroupKFold,42
rec_76d86ebe51c4717b2eef,D:\INFANT CRY\data_set_dbl_split\train\burping\3332_M_eh.wav,burping/3332_M_eh.wav,baby,1,infantcry_dbl,infant_sha256:86841c08ebd872a14a443438c9a13b68b5c973db8af04f6fc8989540ce8186d3,exact_content_sha256,86841c08ebd872a14a443438c9a13b68b5c973db8af04f6fc8989540ce8186d3,StratifiedGroupKFold,42
rec_8fa03b0b1122bc99fa71,D:\INFANT CRY\data_set_dbl_split\train\burping\3335_M_eh.wav,burping/3335_M_eh.wav,baby,1,infantcry_dbl,infant_sha256:9810042bbc43ae0a284496ae3a7729759ce40e938323a058c5380776b3d64445,exact_content_sha256,9810042bbc43ae0a284496ae3a7729759ce40e938323a058c5380776b3d64445,StratifiedGroupKFold,42
rec_9f874a669b1439b8ba43,D:\INFANT CRY\data_set_dbl_split\train\burping\335_M_eh.wav,burping/335_M_eh.wav,baby,1,infantcry_dbl,infant_sha256:0f86a21f1db9652aa354bb7ef030679964c7ae9e969c2c37259f58e238cbfab8,exact_content_sha256,0f86a21f1db9652aa354bb7ef030679964c7ae9e969c2c37259f58e238cbfab8,StratifiedGroupKFold,42
rec_02ded2dafd9c65710523,D:\INFANT CRY\data_set_dbl_split\train\burping\3414_M_eh.wav,burping/3414_M_eh.wav,baby,1,infantcry_dbl,infant_sha256:ef935196a5d5c3888adcc945bc943a1aa5a90f1b5d7b937c5033707fbffe3c99,exact_content_sha256,ef935196a5d5c3888adcc945bc943a1aa5a90f1b5d7b937c5033707fbffe3c99,StratifiedGroupKFold,42
rec_f563132c4a35d9e664db,D:\INFANT CRY\data_set_dbl_split\train\burping\3471_M_eh.wav,burping/3471_M_eh.wav,baby,1,infantcry_dbl,infant_sha256:b2ec7b0351dff824ddabca329e242472280f33dd8f5f65800e16544548513933,exact_content_sha256,b2ec7b0351dff824ddabca329e242472280f33dd8f5f65800e16544548513933,StratifiedGroupKFold,42
rec_246e21d1f4b12af163dd,D:\INFANT CRY\data_set_dbl_split\train\burping\3706_M_eh.wav,burping/3706_M_eh.wav,baby,1,infantcry_dbl,infant_sha256:bce9bc7dfd7a660cf9bec5d194db7f503ca86d7625a85042471d5287dad455f9,exact_content_sha256,bce9bc7dfd7a660cf9bec5d194db7f503ca86d7625a85042471d5287dad455f9,StratifiedGroupKFold,42
rec_c406d6a42a64a393f607,D:\INFANT CRY\data_set_dbl_split\train\burping\3828_M_eh.wav,burping/3828_M_eh.wav,baby,1,infantcry_dbl,infant_sha256:3123ccb415bb317f14720fb25ff9888e1e21ab6799e84817da04a2803f1fa13f,exact_content_sha256,3123ccb415bb317f14720fb25ff9888e1e21ab6799e84817da04a2803f1fa13f,StratifiedGroupKFold,42
rec_a9a6a0ec78c393f1423a,D:\INFANT CRY\data_set_dbl_split\train\burping\3987_M_eh.wav,burping/3987_M_eh.wav,baby,1,infantcry_dbl,infant_sha256:94444e1b0216a7c32e9007e349126949b35e614f1eea198705df18991602efe5,exact_content_sha256,94444e1b0216a7c32e9007e349126949b35e614f1eea198705df18991602efe5,StratifiedGroupKFold,42
rec_63a5ffd4b62830708b3e,D:\INFANT CRY\data_set_dbl_split\train\burping\4129_M_eh.wav,burping/4129_M_eh.wav,baby,1,infantcry_dbl,infant_sha256:b4e2b831a474a89fb230ec4008345665d0e525c2b3f1cd88deb34ba318b95c94,exact_content_sha256,b4e2b831a474a89fb230ec4008345665d0e525c2b3f1cd88deb34ba318b95c94,StratifiedGroupKFold,42
rec_5a2f75276513a19a7ebb,D:\INFANT CRY\data_set_dbl_split\train\burping\4216_M_eh.wav,burping/4216_M_eh.wav,baby,1,infantcry_dbl,infant_sha256:90cc1a9dbc30fb4f2e5bd586e1108e3fea89a02d916aa67b1c50dc2d5af9695d,exact_content_sha256,90cc1a9dbc30fb4f2e5bd586e1108e3fea89a02d916aa67b1c50dc2d5af9695d,StratifiedGroupKFold,42
rec_7d6aa6a7af750f0245fb,D:\INFANT CRY\data_set_dbl_split\train\burping\4321_M_eh.wav,burping/4321_M_eh.wav,baby,1,infantcry_dbl,infant_sha256:18c8648b23456a9c3f720d089a4e9ef0c68113b3256bb55e7bafb58c04445480,exact_content_sha256,18c8648b23456a9c3f720d089a4e9ef0c68113b3256bb55e7bafb58c04445480,StratifiedGroupKFold,42
rec_e0bd95966c0c5da7f134,D:\INFANT CRY\data_set_dbl_split\train\burping\4468_F_eh.wav,burping/4468_F_eh.wav,baby,1,infantcry_dbl,infant_sha256:403c9ec5f4087764623a7e4b4c2d7a4a66cfe166016a48a66ea16489659ce8fb,exact_content_sha256,403c9ec5f4087764623a7e4b4c2d7a4a66cfe166016a48a66ea16489659ce8fb,StratifiedGroupKFold,42
rec_ce6d33d9d80a390b5de1,D:\INFANT CRY\data_set_dbl_split\train\burping\4580_M_eh.wav,burping/4580_M_eh.wav,baby,1,infantcry_dbl,infant_sha256:55ee6e143b4bfa4dd0988393b59f5b234248ebd11e3d87b2696ce37e4e8c86f9,exact_content_sha256,55ee6e143b4bfa4dd0988393b59f5b234248ebd11e3d87b2696ce37e4e8c86f9,StratifiedGroupKFold,42
rec_eebb212fc609ed557451,D:\INFANT CRY\data_set_dbl_split\train\burping\463_M_eh.wav,burping/463_M_eh.wav,baby,1,infantcry_dbl,infant_sha256:8452cb3dab4f2be1640ee40ae1990df62e2df7e806809ea0d2098947d8127898,exact_content_sha256,8452cb3dab4f2be1640ee40ae1990df62e2df7e806809ea0d2098947d8127898,StratifiedGroupKFold,42
rec_4f3aebbda6b4c987c96d,D:\INFANT CRY\data_set_dbl_split\train\burping\4643_M_eh.wav,burping/4643_M_eh.wav,baby,1,infantcry_dbl,infant_sha256:7854d39081314351a6e20ea1b0c0233e5892ed19c4c7652724a78fd2da05ba5a,exact_content_sha256,7854d39081314351a6e20ea1b0c0233e5892ed19c4c7652724a78fd2da05ba5a,StratifiedGroupKFold,42
rec_ff477dacfaa3059546f6,D:\INFANT CRY\data_set_dbl_split\train\burping\4846_M_eh.wav,burping/4846_M_eh.wav,baby,1,infantcry_dbl,infant_sha256:5f66982110bb24eafb98ede59e332895a433db72cb7c421b5e2bd602c4786c2b,exact_content_sha256,5f66982110bb24eafb98ede59e332895a433db72cb7c421b5e2bd602c4786c2b,StratifiedGroupKFold,42
rec_9bc21230f02ca1056bac,D:\INFANT CRY\data_set_dbl_split\train\burping\4881_M_eh.wav,burping/4881_M_eh.wav,baby,1,infantcry_dbl,infant_sha256:2a38639e1773b18e221f7a04b2d7a07e4c44ade412f5e9805f5c07991c4fd5ea,exact_content_sha256,2a38639e1773b18e221f7a04b2d7a07e4c44ade412f5e9805f5c07991c4fd5ea,StratifiedGroupKFold,42
rec_1fa454041cb2b6209768,D:\INFANT CRY\data_set_dbl_split\train\burping\691_M_eh.wav,burping/691_M_eh.wav,baby,1,infantcry_dbl,infant_sha256:0c110c55b5a3a49134b0bb8de4c3bfde88523cea2d4e999b30c9c5913f8f3953,exact_content_sha256,0c110c55b5a3a49134b0bb8de4c3bfde88523cea2d4e999b30c9c5913f8f3953,StratifiedGroupKFold,42
rec_68fb76bcaf4df28e1d35,D:\INFANT CRY\data_set_dbl_split\train\burping\dunstan-eh_29.wav,burping/dunstan-eh_29.wav,baby,1,infantcry_dbl,infant_sha256:b9d8f7192623004bc826cbd5966f70e05261eaa1f05e9853e970b6172eeca0f9,exact_content_sha256,b9d8f7192623004bc826cbd5966f70e05261eaa1f05e9853e970b6172eeca0f9,StratifiedGroupKFold,42
rec_0a4b374c52ad48552c98,D:\INFANT CRY\data_set_dbl_split\train\burping\dunstan-eh_44.wav,burping/dunstan-eh_44.wav,baby,1,infantcry_dbl,infant_sha256:54a150e31b2678a4358cfef92e5833056bca79932a44ed1668a54df796d68d62,exact_content_sha256,54a150e31b2678a4358cfef92e5833056bca79932a44ed1668a54df796d68d62,StratifiedGroupKFold,42
rec_98b16899c96800087607,D:\INFANT CRY\data_set_dbl_split\train\discomfort\1231_M_heh.wav,discomfort/1231_M_heh.wav,baby,1,infantcry_dbl,infant_sha256:db2fdd4576a4f8bf68e082337c2bdd15e9a67a44f44d08df17a50b8c9254fbb9,exact_content_sha256,db2fdd4576a4f8bf68e082337c2bdd15e9a67a44f44d08df17a50b8c9254fbb9,StratifiedGroupKFold,42
rec_96e032ce543e45616669,D:\INFANT CRY\data_set_dbl_split\train\discomfort\2011_M_heh.wav,discomfort/2011_M_heh.wav,baby,1,infantcry_dbl,infant_sha256:4da42bd1fcd65c8633f47511bb4e730c6942d476bb1f8bd46759c974f375a9be,exact_content_sha256,4da42bd1fcd65c8633f47511bb4e730c6942d476bb1f8bd46759c974f375a9be,StratifiedGroupKFold,42
rec_d29795646338e698d6c0,D:\INFANT CRY\data_set_dbl_split\train\discomfort\2416_M_heh.wav,discomfort/2416_M_heh.wav,baby,1,infantcry_dbl,infant_sha256:5d0c4a7a8074cc72309901c6a548c94a8a37b52c93207fe8be95059bbea343b0,exact_content_sha256,5d0c4a7a8074cc72309901c6a548c94a8a37b52c93207fe8be95059bbea343b0,StratifiedGroupKFold,42
rec_91afffc62993be071030,D:\INFANT CRY\data_set_dbl_split\train\discomfort\2535_M_heh.wav,discomfort/2535_M_heh.wav,baby,1,infantcry_dbl,infant_sha256:b5cd08fe950c9836c3d6cecef2ae7fcedb6b57b2be27ead4014589d7429bcecf,exact_content_sha256,b5cd08fe950c9836c3d6cecef2ae7fcedb6b57b2be27ead4014589d7429bcecf,StratifiedGroupKFold,42
rec_128a836f9d7c0c3800f8,D:\INFANT CRY\data_set_dbl_split\train\discomfort\3009_M_heh.wav,discomfort/3009_M_heh.wav,baby,1,infantcry_dbl,infant_sha256:b77d541510e2984d220f05d4be9efe103523cfe6c66f4f8962bb89c5d52341af,exact_content_sha256,b77d541510e2984d220f05d4be9efe103523cfe6c66f4f8962bb89c5d52341af,StratifiedGroupKFold,42
rec_7d53ec14d0de07ba9f29,D:\INFANT CRY\data_set_dbl_split\train\discomfort\3083_M_heh.wav,discomfort/3083_M_heh.wav,baby,1,infantcry_dbl,infant_sha256:6ec2dd4173fb6f1b1894679a79b6b6f650df63be8652798a34b210b6a45a3d31,exact_content_sha256,6ec2dd4173fb6f1b1894679a79b6b6f650df63be8652798a34b210b6a45a3d31,StratifiedGroupKFold,42
rec_0d4c7e9d16ffe8d1bbff,D:\INFANT CRY\data_set_dbl_split\train\discomfort\3468_F_heh.wav,discomfort/3468_F_heh.wav,baby,1,infantcry_dbl,infant_sha256:3a4fdffc46deab4f880252a1541a8be359faf7c3051995febfffac7d291b3cdb,exact_content_sha256,3a4fdffc46deab4f880252a1541a8be359faf7c3051995febfffac7d291b3cdb,StratifiedGroupKFold,42
rec_3ea9d39bb4edc68fdf50,D:\INFANT CRY\data_set_dbl_split\train\discomfort\3719_M_heh.wav,discomfort/3719_M_heh.wav,baby,1,infantcry_dbl,infant_sha256:7ab37ca3b11ec8cc6f87e1a9a12e846a79cc386f61d73920533e1cb84e372052,exact_content_sha256,7ab37ca3b11ec8cc6f87e1a9a12e846a79cc386f61d73920533e1cb84e372052,StratifiedGroupKFold,42
rec_a6a97d51ada1af8e637e,D:\INFANT CRY\data_set_dbl_split\train\discomfort\3989_M_heh.wav,discomfort/3989_M_heh.wav,baby,1,infantcry_dbl,infant_sha256:f2ee0040bd945697c43f70d5a87227da96fdd4ff6de69223d64d6d93f62d22b1,exact_content_sha256,f2ee0040bd945697c43f70d5a87227da96fdd4ff6de69223d64d6d93f62d22b1,StratifiedGroupKFold,42
rec_52da117b101c516c1c42,D:\INFANT CRY\data_set_dbl_split\train\discomfort\4262_M_heh.wav,discomfort/4262_M_heh.wav,baby,1,infantcry_dbl,infant_sha256:4f8314b892b7780174b56ed2d07f4250889669d7debb8efe1550b76d207da153,exact_content_sha256,4f8314b892b7780174b56ed2d07f4250889669d7debb8efe1550b76d207da153,StratifiedGroupKFold,42
rec_16c3c32dab93b50e898e,D:\INFANT CRY\data_set_dbl_split\train\discomfort\812_F_heh.wav,discomfort/812_F_heh.wav,baby,1,infantcry_dbl,infant_sha256:87671ba55146b638213134bb556ac361122f688e43c004b427f08371f3e81e8c,exact_content_sha256,87671ba55146b638213134bb556ac361122f688e43c004b427f08371f3e81e8c,StratifiedGroupKFold,42
rec_37d2c4c05305ba71470e,D:\INFANT CRY\data_set_dbl_split\train\discomfort\902_M_heh.wav,discomfort/902_M_heh.wav,baby,1,infantcry_dbl,infant_sha256:002636cbd3c54721b6c92adf876295a4458c1eda18d44f2fb977c361f06a16d4,exact_content_sha256,002636cbd3c54721b6c92adf876295a4458c1eda18d44f2fb977c361f06a16d4,StratifiedGroupKFold,42
rec_a1bb82b464315dcad4da,D:\INFANT CRY\data_set_dbl_split\train\discomfort\915_M_heh.wav,discomfort/915_M_heh.wav,baby,1,infantcry_dbl,infant_sha256:d1a190eef053d567c2ddc53ef7f2901d68ae5c86897c7094230ab57a9eb91175,exact_content_sha256,d1a190eef053d567c2ddc53ef7f2901d68ae5c86897c7094230ab57a9eb91175,StratifiedGroupKFold,42
rec_333243a7285e8e47127f,D:\INFANT CRY\data_set_dbl_split\train\discomfort\dunstan-heh_1.wav,discomfort/dunstan-heh_1.wav,baby,1,infantcry_dbl,infant_sha256:00715050a9e08341be441187374434b78e7219722de771717149dace749807b7,exact_content_sha256,00715050a9e08341be441187374434b78e7219722de771717149dace749807b7,StratifiedGroupKFold,42
rec_c28fa0cb46f2cf6051d8,D:\INFANT CRY\data_set_dbl_split\train\discomfort\dunstan-heh_18.wav,discomfort/dunstan-heh_18.wav,baby,1,infantcry_dbl,infant_sha256:3fe5651b054bb62686baac36b07cf3474eb69ae6cba3af0ba96a618d23940e0f,exact_content_sha256,3fe5651b054bb62686baac36b07cf3474eb69ae6cba3af0ba96a618d23940e0f,StratifiedGroupKFold,42
rec_84a379178d9f921361e0,D:\INFANT CRY\data_set_dbl_split\train\hungry\1123_F_neh.wav,hungry/1123_F_neh.wav,baby,1,infantcry_dbl,infant_sha256:2df3246c9980e7de9c9d7107db882aebd08c7f7c5f8a915006bb6d8e2c447541,exact_content_sha256,2df3246c9980e7de9c9d7107db882aebd08c7f7c5f8a915006bb6d8e2c447541,StratifiedGroupKFold,42
rec_2e6b9cce63bb62c81682,D:\INFANT CRY\data_set_dbl_split\train\hungry\1127_M_neh.wav,hungry/1127_M_neh.wav,baby,1,infantcry_dbl,infant_sha256:abf17194995d30ba4cab65658760f8bab3004d430ad8e2cd8e46437ae37e954f,exact_content_sha256,abf17194995d30ba4cab65658760f8bab3004d430ad8e2cd8e46437ae37e954f,StratifiedGroupKFold,42
rec_ad350495db62eea85e85,D:\INFANT CRY\data_set_dbl_split\train\hungry\1236_M_neh.wav,hungry/1236_M_neh.wav,baby,1,infantcry_dbl,infant_sha256:758ece585185de98c98b211430972692820c1b19672319535954691889291b7e,exact_content_sha256,758ece585185de98c98b211430972692820c1b19672319535954691889291b7e,StratifiedGroupKFold,42
rec_27af923979666dc49a07,D:\INFANT CRY\data_set_dbl_split\train\hungry\1279_F_neh.wav,hungry/1279_F_neh.wav,baby,1,infantcry_dbl,infant_sha256:c29b827db0b5c576e6e9f4b0c21c384b8350e9e5acf676eb1b3b50e7aeb029e0,exact_content_sha256,c29b827db0b5c576e6e9f4b0c21c384b8350e9e5acf676eb1b3b50e7aeb029e0,StratifiedGroupKFold,42
rec_ee5e2c9bd7afb52ebe96,D:\INFANT CRY\data_set_dbl_split\train\hungry\1424_M_neh.wav,hungry/1424_M_neh.wav,baby,1,infantcry_dbl,infant_sha256:dd638eaf0c53977de02d93da84927065dce780486ed6723bb6bc1f36cbd209ba,exact_content_sha256,dd638eaf0c53977de02d93da84927065dce780486ed6723bb6bc1f36cbd209ba,StratifiedGroupKFold,42
rec_74340a312f1c957be1a5,D:\INFANT CRY\data_set_dbl_split\train\hungry\1554_M_neh.wav,hungry/1554_M_neh.wav,baby,1,infantcry_dbl,infant_sha256:aee47ddc86735693ed5e9aae394a8600d3734efdea9e1f4fdb5526ad75f068fb,exact_content_sha256,aee47ddc86735693ed5e9aae394a8600d3734efdea9e1f4fdb5526ad75f068fb,StratifiedGroupKFold,42
rec_d478f03cf1d2daecb690,D:\INFANT CRY\data_set_dbl_split\train\hungry\2011_M_neh.wav,hungry/2011_M_neh.wav,baby,1,infantcry_dbl,infant_sha256:e572150007280018b3974e96852fa699e4c5015dbf2529ab2a1d63547025588d,exact_content_sha256,e572150007280018b3974e96852fa699e4c5015dbf2529ab2a1d63547025588d,StratifiedGroupKFold,42
rec_f671c2c6395fe494c784,D:\INFANT CRY\data_set_dbl_split\train\hungry\2160_F_neh.wav,hungry/2160_F_neh.wav,baby,1,infantcry_dbl,infant_sha256:12a4447e7dc1b6d47f37915c5449dfdd132208c35ca819269e09834b1b20b592,exact_content_sha256,12a4447e7dc1b6d47f37915c5449dfdd132208c35ca819269e09834b1b20b592,StratifiedGroupKFold,42
rec_27d5d632e1e1c98d5156,D:\INFANT CRY\data_set_dbl_split\train\hungry\2226_M_neh.wav,hungry/2226_M_neh.wav,baby,1,infantcry_dbl,infant_sha256:87d1bf51e68e970e611483992f1c26f3f63ecd6c89e65939d7ef91262e67df6a,exact_content_sha256,87d1bf51e68e970e611483992f1c26f3f63ecd6c89e65939d7ef91262e67df6a,StratifiedGroupKFold,42
rec_adb4bfea9da208dd77b4,D:\INFANT CRY\data_set_dbl_split\train\hungry\2581_F_neh.wav,hungry/2581_F_neh.wav,baby,1,infantcry_dbl,infant_sha256:1b87d157f3a826aecc52cda3882f59e3622564d7666e2894b46ccbaa3ce00eab,exact_content_sha256,1b87d157f3a826aecc52cda3882f59e3622564d7666e2894b46ccbaa3ce00eab,StratifiedGroupKFold,42
rec_91e53f1ceddf3f56f535,D:\INFANT CRY\data_set_dbl_split\train\hungry\265_M_neh.wav,hungry/265_M_neh.wav,baby,1,infantcry_dbl,infant_sha256:8c43c8217c64082aa0d0e49f111d47a40474adfcce606ddc09a0dfd16b4fb692,exact_content_sha256,8c43c8217c64082aa0d0e49f111d47a40474adfcce606ddc09a0dfd16b4fb692,StratifiedGroupKFold,42
rec_2ff671b1852890e69b00,D:\INFANT CRY\data_set_dbl_split\train\hungry\3044_M_neh.wav,hungry/3044_M_neh.wav,baby,1,infantcry_dbl,infant_sha256:8d0fdf323af57b8c4af4a7ab5f64887b7e5d80e580ded94a5d1db06752a80cf6,exact_content_sha256,8d0fdf323af57b8c4af4a7ab5f64887b7e5d80e580ded94a5d1db06752a80cf6,StratifiedGroupKFold,42
rec_68a3b79ad863329c2fa0,D:\INFANT CRY\data_set_dbl_split\train\hungry\3168_M_neh.wav,hungry/3168_M_neh.wav,baby,1,infantcry_dbl,infant_sha256:23bd6cacf2a8821415adaed699b8cb508e75398cf18ffc3abdfc873050ea9634,exact_content_sha256,23bd6cacf2a8821415adaed699b8cb508e75398cf18ffc3abdfc873050ea9634,StratifiedGroupKFold,42
rec_ccb877ec7dda7cdd6786,D:\INFANT CRY\data_set_dbl_split\train\hungry\3672_M_neh.wav,hungry/3672_M_neh.wav,baby,1,infantcry_dbl,infant_sha256:eee1477095d89fd242f8ce7d6c04abb7ad5f4ecebea55735db534c93737449a7,exact_content_sha256,eee1477095d89fd242f8ce7d6c04abb7ad5f4ecebea55735db534c93737449a7,StratifiedGroupKFold,42
rec_674a9d5caada9832f371,D:\INFANT CRY\data_set_dbl_split\train\hungry\3830_M_neh.wav,hungry/3830_M_neh.wav,baby,1,infantcry_dbl,infant_sha256:53d8cd20665274a85cff520ffabed013b107c504fe2bd36ec720899e396e28e8,exact_content_sha256,53d8cd20665274a85cff520ffabed013b107c504fe2bd36ec720899e396e28e8,StratifiedGroupKFold,42
rec_877d2010d59db49c24c5,D:\INFANT CRY\data_set_dbl_split\train\hungry\3844_F_neh.wav,hungry/3844_F_neh.wav,baby,1,infantcry_dbl,infant_sha256:68d4f988286e4bf63ea5d8c8edac72742082b9eefae0345e66a54a231933fff7,exact_content_sha256,68d4f988286e4bf63ea5d8c8edac72742082b9eefae0345e66a54a231933fff7,StratifiedGroupKFold,42
rec_3fe79ebb70341bbf14f7,D:\INFANT CRY\data_set_dbl_split\train\hungry\4727_M_neh.wav,hungry/4727_M_neh.wav,baby,1,infantcry_dbl,infant_sha256:5f29cda36f6c5decdd6314098dd9ec151d3a5ada1bb7bed47dfbf60c95e273e0,exact_content_sha256,5f29cda36f6c5decdd6314098dd9ec151d3a5ada1bb7bed47dfbf60c95e273e0,StratifiedGroupKFold,42
rec_d9b715561d9eec5d8809,D:\INFANT CRY\data_set_dbl_split\train\hungry\754_M_neh.wav,hungry/754_M_neh.wav,baby,1,infantcry_dbl,infant_sha256:8a2d8e3368ec44df5b67f4889b9449668b8836267cd570096a8adcac13b161e9,exact_content_sha256,8a2d8e3368ec44df5b67f4889b9449668b8836267cd570096a8adcac13b161e9,StratifiedGroupKFold,42
rec_93046bbf5c1dea64bf5e,D:\INFANT CRY\data_set_dbl_split\train\hungry\833_M_neh.wav,hungry/833_M_neh.wav,baby,1,infantcry_dbl,infant_sha256:28e36805810caac46fdb3f5c9098606f303e01dead832b92af1aff97b730a3d9,exact_content_sha256,28e36805810caac46fdb3f5c9098606f303e01dead832b92af1aff97b730a3d9,StratifiedGroupKFold,42
rec_3a395ce757448ae52bb1,D:\INFANT CRY\data_set_dbl_split\train\hungry\980_F_neh.wav,hungry/980_F_neh.wav,baby,1,infantcry_dbl,infant_sha256:a681621804382cd0bf8ef9a2a31572aa5bfb1fe3edce69ab57ce1218ac78cb20,exact_content_sha256,a681621804382cd0bf8ef9a2a31572aa5bfb1fe3edce69ab57ce1218ac78cb20,StratifiedGroupKFold,42
rec_9007bb06e8ab85215018,D:\INFANT CRY\data_set_dbl_split\train\hungry\dunstan-neh_19.wav,hungry/dunstan-neh_19.wav,baby,1,infantcry_dbl,infant_sha256:3d06a247d1c62d99e1d22b2a80d2328ba3eec98f15b4cdc31afa9d27c06c5b34,exact_content_sha256,3d06a247d1c62d99e1d22b2a80d2328ba3eec98f15b4cdc31afa9d27c06c5b34,StratifiedGroupKFold,42
rec_4ff6a5878311508cf9b3,D:\INFANT CRY\data_set_dbl_split\train\hungry\dunstan-neh_23.wav,hungry/dunstan-neh_23.wav,baby,1,infantcry_dbl,infant_sha256:522190111196c64e623e20182635621e61d1f04a45b89689bb4ca01464744bde,exact_content_sha256,522190111196c64e623e20182635621e61d1f04a45b89689bb4ca01464744bde,StratifiedGroupKFold,42
rec_c54b65ed121bcd33064a,D:\INFANT CRY\data_set_dbl_split\train\hungry\dunstan-neh_33.wav,hungry/dunstan-neh_33.wav,baby,1,infantcry_dbl,infant_sha256:91ae2dba9c5f69c983f836726b9316dcc545e8015e6254994b8f3a0a19dcad3b,exact_content_sha256,91ae2dba9c5f69c983f836726b9316dcc545e8015e6254994b8f3a0a19dcad3b,StratifiedGroupKFold,42
rec_1d60bd35a759f5a32057,D:\INFANT CRY\data_set_dbl_split\train\hungry\dunstan-neh_48.wav,hungry/dunstan-neh_48.wav,baby,1,infantcry_dbl,infant_sha256:061e07251a9b90483e6a50ace29b6307d27750576c97882c9cc260f1833bc6e7,exact_content_sha256,061e07251a9b90483e6a50ace29b6307d27750576c97882c9cc260f1833bc6e7,StratifiedGroupKFold,42
rec_8c41c5b0acdc8a731703,D:\INFANT CRY\data_set_dbl_split\train\hungry\dunstan-neh_65.wav,hungry/dunstan-neh_65.wav,baby,1,infantcry_dbl,infant_sha256:c392c74a0367839564d5a5daf80187583c745200d319ddd985f20a619c10309a,exact_content_sha256,c392c74a0367839564d5a5daf80187583c745200d319ddd985f20a619c10309a,StratifiedGroupKFold,42
rec_0219106d49c86a8ef26c,D:\INFANT CRY\data_set_dbl_split\train\hungry\dunstan-neh_72.wav,hungry/dunstan-neh_72.wav,baby,1,infantcry_dbl,infant_sha256:a2dd62708e8e8b59ec70782bf8929321f46959a750f49c9c8cdbec91ef496435,exact_content_sha256,a2dd62708e8e8b59ec70782bf8929321f46959a750f49c9c8cdbec91ef496435,StratifiedGroupKFold,42
rec_f762e9be1b2e746236f8,D:\INFANT CRY\data_set_dbl_split\train\tired\1147_M_owh.wav,tired/1147_M_owh.wav,baby,1,infantcry_dbl,infant_sha256:7e1326e4b9942c8b7e7c05727d0eea0a539c0253f8c8cc2c2e018f67b99232a6,exact_content_sha256,7e1326e4b9942c8b7e7c05727d0eea0a539c0253f8c8cc2c2e018f67b99232a6,StratifiedGroupKFold,42
rec_eaa84801d321692db46e,D:\INFANT CRY\data_set_dbl_split\train\tired\1170_M_owh.wav,tired/1170_M_owh.wav,baby,1,infantcry_dbl,infant_sha256:e0fef5edea1b0180e8b42ffd453909a07da1cbebc28c7f5ec2675bad1af58e68,exact_content_sha256,e0fef5edea1b0180e8b42ffd453909a07da1cbebc28c7f5ec2675bad1af58e68,StratifiedGroupKFold,42
rec_920039d8b9a5e7875e77,D:\INFANT CRY\data_set_dbl_split\train\tired\1217_M_owh.wav,tired/1217_M_owh.wav,baby,1,infantcry_dbl,infant_sha256:93563cca6a27a1559877d06c8df8861e887f58fc18799b26d38fed090b1f880e,exact_content_sha256,93563cca6a27a1559877d06c8df8861e887f58fc18799b26d38fed090b1f880e,StratifiedGroupKFold,42
rec_cdd398141f846ccd0027,D:\INFANT CRY\data_set_dbl_split\train\tired\124_M_owh.wav,tired/124_M_owh.wav,baby,1,infantcry_dbl,infant_sha256:a445b6527812ffd4338ac7ba41859c3c820b008e362098bb366f4eaf83e73972,exact_content_sha256,a445b6527812ffd4338ac7ba41859c3c820b008e362098bb366f4eaf83e73972,StratifiedGroupKFold,42
rec_39f1a5fdeca0303b5c72,D:\INFANT CRY\data_set_dbl_split\train\tired\1265_F_owh.wav,tired/1265_F_owh.wav,baby,1,infantcry_dbl,infant_sha256:32bbecb7e9bff08fca82c0a40a3d1902178613f821eabe90f41fd122d286898c,exact_content_sha256,32bbecb7e9bff08fca82c0a40a3d1902178613f821eabe90f41fd122d286898c,StratifiedGroupKFold,42
rec_7e5566a7008783e46843,D:\INFANT CRY\data_set_dbl_split\train\tired\1267_F_owh.wav,tired/1267_F_owh.wav,baby,1,infantcry_dbl,infant_sha256:d8c8790706ecec824591249265c91ae6aa1c434d3ecaca445448bcb5cbc0617c,exact_content_sha256,d8c8790706ecec824591249265c91ae6aa1c434d3ecaca445448bcb5cbc0617c,StratifiedGroupKFold,42
rec_8da7ea2cb2103f154e91,D:\INFANT CRY\data_set_dbl_split\train\tired\1278_M_owh.wav,tired/1278_M_owh.wav,baby,1,infantcry_dbl,infant_sha256:417ca087709adbf6b2d79c6c2d56e6089ada87fa923b8d45c0987d3b8c90ed82,exact_content_sha256,417ca087709adbf6b2d79c6c2d56e6089ada87fa923b8d45c0987d3b8c90ed82,StratifiedGroupKFold,42
rec_3b0e1c3df64b104e9758,D:\INFANT CRY\data_set_dbl_split\train\tired\1309_M_owh.wav,tired/1309_M_owh.wav,baby,1,infantcry_dbl,infant_sha256:7ef758599353e5db2c34f3948c942b982109ba5276b57307db98fcce7c407f81,exact_content_sha256,7ef758599353e5db2c34f3948c942b982109ba5276b57307db98fcce7c407f81,StratifiedGroupKFold,42
rec_73f413eb948676a3d2f7,D:\INFANT CRY\data_set_dbl_split\train\tired\1358_M_owh.wav,tired/1358_M_owh.wav,baby,1,infantcry_dbl,infant_sha256:fa4a1a253054b215cdb18121512ec4abb63ab58efe8f200cad103edb913928e1,exact_content_sha256,fa4a1a253054b215cdb18121512ec4abb63ab58efe8f200cad103edb913928e1,StratifiedGroupKFold,42
rec_c64fbb96929b07a4346a,D:\INFANT CRY\data_set_dbl_split\train\tired\1379_M_owh.wav,tired/1379_M_owh.wav,baby,1,infantcry_dbl,infant_sha256:e246f40ab4f749ae2ed10524db24ceae0afe007ab6792795240585ef792879e4,exact_content_sha256,e246f40ab4f749ae2ed10524db24ceae0afe007ab6792795240585ef792879e4,StratifiedGroupKFold,42
rec_18d9850a2ad7c58b08a3,D:\INFANT CRY\data_set_dbl_split\train\tired\1396_M_owh.wav,tired/1396_M_owh.wav,baby,1,infantcry_dbl,infant_sha256:aa5d1025d45eaf0a2068b46220c5c8e7be2dde8404668c9ecbf0356015f5ce44,exact_content_sha256,aa5d1025d45eaf0a2068b46220c5c8e7be2dde8404668c9ecbf0356015f5ce44,StratifiedGroupKFold,42
rec_50b2ed438c8020b31cf4,D:\INFANT CRY\data_set_dbl_split\train\tired\1457_F_owh.wav,tired/1457_F_owh.wav,baby,1,infantcry_dbl,infant_sha256:1213009504564102efa5ef07e57890bf4fcad1b434ccca98bade29b5a419a124,exact_content_sha256,1213009504564102efa5ef07e57890bf4fcad1b434ccca98bade29b5a419a124,StratifiedGroupKFold,42
rec_2ad0e9a29a95e4bb2599,D:\INFANT CRY\data_set_dbl_split\train\tired\154_M_owh.wav,tired/154_M_owh.wav,baby,1,infantcry_dbl,infant_sha256:76803fa1d5fa92ae76b9114c410411c7860108e0d6c3563deaaf29617dbd7dd6,exact_content_sha256,76803fa1d5fa92ae76b9114c410411c7860108e0d6c3563deaaf29617dbd7dd6,StratifiedGroupKFold,42
rec_97abc6fb120e8165a753,D:\INFANT CRY\data_set_dbl_split\train\tired\1645_M_owh.wav,tired/1645_M_owh.wav,baby,1,infantcry_dbl,infant_sha256:de67c6a2f07915a16a7e1f4bc55f2aeed74a1594398abeff927c2d7ec34f5a14,exact_content_sha256,de67c6a2f07915a16a7e1f4bc55f2aeed74a1594398abeff927c2d7ec34f5a14,StratifiedGroupKFold,42
rec_d4bba21d40cf89469609,D:\INFANT CRY\data_set_dbl_split\train\tired\1662_M_owh.wav,tired/1662_M_owh.wav,baby,1,infantcry_dbl,infant_sha256:3f33f888d5cd511267e18e297989aa1ed86adedfe69e16be6d1374bd61e84ffe,exact_content_sha256,3f33f888d5cd511267e18e297989aa1ed86adedfe69e16be6d1374bd61e84ffe,StratifiedGroupKFold,42
rec_afb181f3cad6d35b6e54,D:\INFANT CRY\data_set_dbl_split\train\tired\1671_F_owh.wav,tired/1671_F_owh.wav,baby,1,infantcry_dbl,infant_sha256:88cfcdea27c0a8d8263f1423cd30259d20a1f48e1910f80745987f618424fb86,exact_content_sha256,88cfcdea27c0a8d8263f1423cd30259d20a1f48e1910f80745987f618424fb86,StratifiedGroupKFold,42
rec_97cf07c2c7b61a716812,D:\INFANT CRY\data_set_dbl_split\train\tired\1713_F_owh.wav,tired/1713_F_owh.wav,baby,1,infantcry_dbl,infant_sha256:ccb1f46f0f7cb13188b168570d0515229ad6a7eda7735e90615b37024171361a,exact_content_sha256,ccb1f46f0f7cb13188b168570d0515229ad6a7eda7735e90615b37024171361a,StratifiedGroupKFold,42
rec_5c4bc98793403aaca178,D:\INFANT CRY\data_set_dbl_split\train\tired\1723_M_owh.wav,tired/1723_M_owh.wav,baby,1,infantcry_dbl,infant_sha256:c941ad4906b69b9c0d8aa0c8ea5c41dc93de3fc2930a0767efe3eeac233a3f86,exact_content_sha256,c941ad4906b69b9c0d8aa0c8ea5c41dc93de3fc2930a0767efe3eeac233a3f86,StratifiedGroupKFold,42
rec_4312f6399d816c181f2e,D:\INFANT CRY\data_set_dbl_split\train\tired\1827_M_owh.wav,tired/1827_M_owh.wav,baby,1,infantcry_dbl,infant_sha256:13fc7b6cbf332e0aed9e92289b9d909f98e7d5ea35f3cdb015577b54971188e4,exact_content_sha256,13fc7b6cbf332e0aed9e92289b9d909f98e7d5ea35f3cdb015577b54971188e4,StratifiedGroupKFold,42
rec_6ec687220bbd68b07f36,D:\INFANT CRY\data_set_dbl_split\train\tired\1903_M_owh.wav,tired/1903_M_owh.wav,baby,1,infantcry_dbl,infant_sha256:34b8c6fba1bc6899eed85b3944d365a555366c6ce47f3d80b99025dbb7dbdbc1,exact_content_sha256,34b8c6fba1bc6899eed85b3944d365a555366c6ce47f3d80b99025dbb7dbdbc1,StratifiedGroupKFold,42
rec_882f5933f85be627e548,D:\INFANT CRY\data_set_dbl_split\train\tired\1904_F_owh.wav,tired/1904_F_owh.wav,baby,1,infantcry_dbl,infant_sha256:43e0181db45cc9daf83f61a13bc048513bdb8c694425e8fe60aa19e9e157c40e,exact_content_sha256,43e0181db45cc9daf83f61a13bc048513bdb8c694425e8fe60aa19e9e157c40e,StratifiedGroupKFold,42
rec_2b922f2faded71c72c8d,D:\INFANT CRY\data_set_dbl_split\train\tired\1962_F_owh.wav,tired/1962_F_owh.wav,baby,1,infantcry_dbl,infant_sha256:7c402f6eaf7eacf34a7a035992baa53153bfbb1d404b69cad026a6b6eda53b07,exact_content_sha256,7c402f6eaf7eacf34a7a035992baa53153bfbb1d404b69cad026a6b6eda53b07,StratifiedGroupKFold,42
rec_e25b8259cdfa135f6d37,D:\INFANT CRY\data_set_dbl_split\train\tired\1966_M_owh.wav,tired/1966_M_owh.wav,baby,1,infantcry_dbl,infant_sha256:606e993011f06c0de67168b072a471e7ee759f0c122e40fbde65ec0de01f66c1,exact_content_sha256,606e993011f06c0de67168b072a471e7ee759f0c122e40fbde65ec0de01f66c1,StratifiedGroupKFold,42
rec_d8f46d0aefd75c57521d,D:\INFANT CRY\data_set_dbl_split\train\tired\1967_M_owh.wav,tired/1967_M_owh.wav,baby,1,infantcry_dbl,infant_sha256:a1fd490caf9755db6a02941d9ff4839435cea0c67261bc09190187c0d39f24f9,exact_content_sha256,a1fd490caf9755db6a02941d9ff4839435cea0c67261bc09190187c0d39f24f9,StratifiedGroupKFold,42
rec_04fda5e943f557aa9f78,D:\INFANT CRY\data_set_dbl_split\train\tired\2002_F_owh.wav,tired/2002_F_owh.wav,baby,1,infantcry_dbl,infant_sha256:83779ba78a12a370cf86f605765ab77692c1d52db6c56f623ed1bea132e13b6c,exact_content_sha256,83779ba78a12a370cf86f605765ab77692c1d52db6c56f623ed1bea132e13b6c,StratifiedGroupKFold,42
rec_c60e0a539b432d54ee6a,D:\INFANT CRY\data_set_dbl_split\train\tired\203_M_owh.wav,tired/203_M_owh.wav,baby,1,infantcry_dbl,infant_sha256:8e143891078d2017a40f88ae993d2f0db5d40e8da20b5029846de40ec106aa4a,exact_content_sha256,8e143891078d2017a40f88ae993d2f0db5d40e8da20b5029846de40ec106aa4a,StratifiedGroupKFold,42
rec_c03e13db9fc0f11f1b58,D:\INFANT CRY\data_set_dbl_split\train\tired\2089_M_owh.wav,tired/2089_M_owh.wav,baby,1,infantcry_dbl,infant_sha256:f8c88bb1e23d33e4b72106611135e45839969c40ab8a87b76489683795c0476b,exact_content_sha256,f8c88bb1e23d33e4b72106611135e45839969c40ab8a87b76489683795c0476b,StratifiedGroupKFold,42
rec_2d173a763ed8abad8191,D:\INFANT CRY\data_set_dbl_split\train\tired\2098_M_owh.wav,tired/2098_M_owh.wav,baby,1,infantcry_dbl,infant_sha256:d421f1c3762a6172cdde9438e88f209c25e902542a551d64cab1aa83638b5382,exact_content_sha256,d421f1c3762a6172cdde9438e88f209c25e902542a551d64cab1aa83638b5382,StratifiedGroupKFold,42
rec_79dbb5f5c1e2a3c82bf3,D:\INFANT CRY\data_set_dbl_split\train\tired\209_M_owh.wav,tired/209_M_owh.wav,baby,1,infantcry_dbl,infant_sha256:f639bc7724e766d223785650fe3b60bf4d921a5036cdc56010b88eca55162ee6,exact_content_sha256,f639bc7724e766d223785650fe3b60bf4d921a5036cdc56010b88eca55162ee6,StratifiedGroupKFold,42
rec_cc7bf851b717582daedd,D:\INFANT CRY\data_set_dbl_split\train\tired\2104_M_owh.wav,tired/2104_M_owh.wav,baby,1,infantcry_dbl,infant_sha256:3e297f55ca497c1d745a97131ae14c16bb04c757dc0b3fa3ef26e9622bfa9c61,exact_content_sha256,3e297f55ca497c1d745a97131ae14c16bb04c757dc0b3fa3ef26e9622bfa9c61,StratifiedGroupKFold,42
rec_89524fba889339fcfdc7,D:\INFANT CRY\data_set_dbl_split\train\tired\2130_M_owh.wav,tired/2130_M_owh.wav,baby,1,infantcry_dbl,infant_sha256:e782c28dec02304259fa6ee04f4e949a924fdcd76fd245031e3262200bc9acfd,exact_content_sha256,e782c28dec02304259fa6ee04f4e949a924fdcd76fd245031e3262200bc9acfd,StratifiedGroupKFold,42
rec_616aef89848784ec9cbd,D:\INFANT CRY\data_set_dbl_split\train\tired\2133_M_owh.wav,tired/2133_M_owh.wav,baby,1,infantcry_dbl,infant_sha256:cf68284c6bdb101cb7567927573f9d2581cf2a5de2ed7fc398cbfb087c633682,exact_content_sha256,cf68284c6bdb101cb7567927573f9d2581cf2a5de2ed7fc398cbfb087c633682,StratifiedGroupKFold,42
rec_e5c044e03bcf701cd871,D:\INFANT CRY\data_set_dbl_split\train\tired\2147_M_owh.wav,tired/2147_M_owh.wav,baby,1,infantcry_dbl,infant_sha256:0d42a94a4d77e1b28991089e4cc8ec6d78479cc83d00abd0c1db75cf5dd0c0fb,exact_content_sha256,0d42a94a4d77e1b28991089e4cc8ec6d78479cc83d00abd0c1db75cf5dd0c0fb,StratifiedGroupKFold,42
rec_724e6fe49f03565ecc56,D:\INFANT CRY\data_set_dbl_split\train\tired\2221_M_owh.wav,tired/2221_M_owh.wav,baby,1,infantcry_dbl,infant_sha256:7288a64c43494a9bb1478d459996ff6bae480a0975b1806b0aeb8806fb0298e9,exact_content_sha256,7288a64c43494a9bb1478d459996ff6bae480a0975b1806b0aeb8806fb0298e9,StratifiedGroupKFold,42
rec_752d61792b951ffa2071,D:\INFANT CRY\data_set_dbl_split\train\tired\222_M_owh.wav,tired/222_M_owh.wav,baby,1,infantcry_dbl,infant_sha256:2b806d8ab20724d8c2ae668ba94a20b324f696a9981be20fb3945fd0aa13f356,exact_content_sha256,2b806d8ab20724d8c2ae668ba94a20b324f696a9981be20fb3945fd0aa13f356,StratifiedGroupKFold,42
rec_1fd97cb04c810c35ae47,D:\INFANT CRY\data_set_dbl_split\train\tired\2262_M_owh.wav,tired/2262_M_owh.wav,baby,1,infantcry_dbl,infant_sha256:a5719d02d3c3a3184510bfbbe447853046b1b5a5a374582abbe86df2ca27cce7,exact_content_sha256,a5719d02d3c3a3184510bfbbe447853046b1b5a5a374582abbe86df2ca27cce7,StratifiedGroupKFold,42
rec_f41948bd07dd16eabe09,D:\INFANT CRY\data_set_dbl_split\train\tired\2341_M_owh.wav,tired/2341_M_owh.wav,baby,1,infantcry_dbl,infant_sha256:d28d9e4c68256b66210d99120ecff1421d8c760a14741adbe91f3c36c092cb5b,exact_content_sha256,d28d9e4c68256b66210d99120ecff1421d8c760a14741adbe91f3c36c092cb5b,StratifiedGroupKFold,42
rec_1b6634529dffa814cb2a,D:\INFANT CRY\data_set_dbl_split\train\tired\2365_M_owh.wav,tired/2365_M_owh.wav,baby,1,infantcry_dbl,infant_sha256:222cd810288c773f42dfe0cd96d3c5c324e616abb4acf0a82bc7b1ee867793a8,exact_content_sha256,222cd810288c773f42dfe0cd96d3c5c324e616abb4acf0a82bc7b1ee867793a8,StratifiedGroupKFold,42
rec_c7a297118c0560b9622b,D:\INFANT CRY\data_set_dbl_split\train\tired\2383_M_owh.wav,tired/2383_M_owh.wav,baby,1,infantcry_dbl,infant_sha256:e890be316d48690a0edd0d16abf611bc6c7c3abfa157c2576038ae8ae46dac72,exact_content_sha256,e890be316d48690a0edd0d16abf611bc6c7c3abfa157c2576038ae8ae46dac72,StratifiedGroupKFold,42
rec_24d4780f22f304fe4bd6,D:\INFANT CRY\data_set_dbl_split\train\tired\2395_M_owh.wav,tired/2395_M_owh.wav,baby,1,infantcry_dbl,infant_sha256:9acd5ab9fb07854fb7ebaf51fff9e0d6d5f46b6c112848208e006411f39bb058,exact_content_sha256,9acd5ab9fb07854fb7ebaf51fff9e0d6d5f46b6c112848208e006411f39bb058,StratifiedGroupKFold,42
rec_2f1866a231731af201e0,D:\INFANT CRY\data_set_dbl_split\train\tired\2450_M_owh.wav,tired/2450_M_owh.wav,baby,1,infantcry_dbl,infant_sha256:c6b75b743c2258c550f4fc3a51abd6342b3b732613a25896372a05546bb6c4ed,exact_content_sha256,c6b75b743c2258c550f4fc3a51abd6342b3b732613a25896372a05546bb6c4ed,StratifiedGroupKFold,42
rec_38a7153fe5890f34dbc3,D:\INFANT CRY\data_set_dbl_split\train\tired\2473_F_owh.wav,tired/2473_F_owh.wav,baby,1,infantcry_dbl,infant_sha256:99e3d5b8d5f9ff9ca0121cfbebaf2a006f3f4307fa7a73d21afddf06e8f1c438,exact_content_sha256,99e3d5b8d5f9ff9ca0121cfbebaf2a006f3f4307fa7a73d21afddf06e8f1c438,StratifiedGroupKFold,42
rec_c7a85c1f7fa8fac8faef,D:\INFANT CRY\data_set_dbl_split\train\tired\2666_M_owh.wav,tired/2666_M_owh.wav,baby,1,infantcry_dbl,infant_sha256:f4740346f5ef5342eb49e6ee63a50419ed4633871c733f32191a8acc58552c73,exact_content_sha256,f4740346f5ef5342eb49e6ee63a50419ed4633871c733f32191a8acc58552c73,StratifiedGroupKFold,42
rec_bc7689f26425376051ee,D:\INFANT CRY\data_set_dbl_split\train\tired\2773_M_owh.wav,tired/2773_M_owh.wav,baby,1,infantcry_dbl,infant_sha256:e6a0ee2aaffe074ab228666c8062eef378b22ab04b69baa33517a829f10793e0,exact_content_sha256,e6a0ee2aaffe074ab228666c8062eef378b22ab04b69baa33517a829f10793e0,StratifiedGroupKFold,42
rec_a52ee3580e2eaa5c7c3f,D:\INFANT CRY\data_set_dbl_split\train\tired\2776_M_owh.wav,tired/2776_M_owh.wav,baby,1,infantcry_dbl,infant_sha256:73e3931690a7c36a99c44b36f641ed200f067b20330f1acc44c5734827f61586,exact_content_sha256,73e3931690a7c36a99c44b36f641ed200f067b20330f1acc44c5734827f61586,StratifiedGroupKFold,42
rec_49430004f3a3e1dc0885,D:\INFANT CRY\data_set_dbl_split\train\tired\2814_M_owh.wav,tired/2814_M_owh.wav,baby,1,infantcry_dbl,infant_sha256:01ce5e374d2099e7d22183d22ba637818129bc9cbb5b7dd256236e2c64748fc3,exact_content_sha256,01ce5e374d2099e7d22183d22ba637818129bc9cbb5b7dd256236e2c64748fc3,StratifiedGroupKFold,42
rec_42d0b57afb248a9ec117,D:\INFANT CRY\data_set_dbl_split\train\tired\287_M_owh.wav,tired/287_M_owh.wav,baby,1,infantcry_dbl,infant_sha256:4c13f1b8bfc47bf5d36cdcf6143a62b9024806a1125f6bca63f63534fde4ed4f,exact_content_sha256,4c13f1b8bfc47bf5d36cdcf6143a62b9024806a1125f6bca63f63534fde4ed4f,StratifiedGroupKFold,42
rec_1c7e39d96927984d4d6f,D:\INFANT CRY\data_set_dbl_split\train\tired\2886_M_owh.wav,tired/2886_M_owh.wav,baby,1,infantcry_dbl,infant_sha256:46a2055827fb3a90f0163d6526f0255e74ee2a0387f7f4d7d71eacf57c2e217a,exact_content_sha256,46a2055827fb3a90f0163d6526f0255e74ee2a0387f7f4d7d71eacf57c2e217a,StratifiedGroupKFold,42
rec_0ea4430c30791cec7f65,D:\INFANT CRY\data_set_dbl_split\train\tired\2890_M_owh.wav,tired/2890_M_owh.wav,baby,1,infantcry_dbl,infant_sha256:75b1ec2068e1040204de53247ab092a4136c71db060ff952c6cc0fb9fbcfe342,exact_content_sha256,75b1ec2068e1040204de53247ab092a4136c71db060ff952c6cc0fb9fbcfe342,StratifiedGroupKFold,42
rec_67f2f67f11de85836fbf,D:\INFANT CRY\data_set_dbl_split\train\tired\2933_M_owh.wav,tired/2933_M_owh.wav,baby,1,infantcry_dbl,infant_sha256:065d478c6b1cef8b88b573906d3d9afa561e438186fdbeb4ba3a6bd3035241eb,exact_content_sha256,065d478c6b1cef8b88b573906d3d9afa561e438186fdbeb4ba3a6bd3035241eb,StratifiedGroupKFold,42
rec_8015717db2b99a0f188f,D:\INFANT CRY\data_set_dbl_split\train\tired\2937_F_owh.wav,tired/2937_F_owh.wav,baby,1,infantcry_dbl,infant_sha256:a9f58baf55f7e15e7f1ccf6b462d55dfae5a8a983f391679fa513bc2f12bdd13,exact_content_sha256,a9f58baf55f7e15e7f1ccf6b462d55dfae5a8a983f391679fa513bc2f12bdd13,StratifiedGroupKFold,42
rec_e26abf964087dae92623,D:\INFANT CRY\data_set_dbl_split\train\tired\2991_M_owh.wav,tired/2991_M_owh.wav,baby,1,infantcry_dbl,infant_sha256:4776ed062c41b5a299b91fe786e5b2683a040b63adc70b52a2b07fbde3d63408,exact_content_sha256,4776ed062c41b5a299b91fe786e5b2683a040b63adc70b52a2b07fbde3d63408,StratifiedGroupKFold,42
rec_3d80de6b25878c755eb3,D:\INFANT CRY\data_set_dbl_split\train\tired\3000_M_owh.wav,tired/3000_M_owh.wav,baby,1,infantcry_dbl,infant_sha256:6f99988b5aad21265fa029808ad7b47ef8ee334f0005df62fcf0f7f03dc0be78,exact_content_sha256,6f99988b5aad21265fa029808ad7b47ef8ee334f0005df62fcf0f7f03dc0be78,StratifiedGroupKFold,42
rec_cea741eee726c573f835,D:\INFANT CRY\data_set_dbl_split\train\tired\3039_M_owh.wav,tired/3039_M_owh.wav,baby,1,infantcry_dbl,infant_sha256:b8416f32dd2450d924895191068594d34e5c963310aeb9f8cfb5e0d8bb40d92d,exact_content_sha256,b8416f32dd2450d924895191068594d34e5c963310aeb9f8cfb5e0d8bb40d92d,StratifiedGroupKFold,42
rec_e3e0a3a5bb5cbb3cd5a1,D:\INFANT CRY\data_set_dbl_split\train\tired\3068_M_owh.wav,tired/3068_M_owh.wav,baby,1,infantcry_dbl,infant_sha256:d50072e0f47329a55888d026c6ba95b6611740a36a118469289a532c7ac2472a,exact_content_sha256,d50072e0f47329a55888d026c6ba95b6611740a36a118469289a532c7ac2472a,StratifiedGroupKFold,42
rec_c7f20a59a25680b1fe26,D:\INFANT CRY\data_set_dbl_split\train\tired\3129_F_owh.wav,tired/3129_F_owh.wav,baby,1,infantcry_dbl,infant_sha256:770eef33e5c1b78fca3e21e56b3813cdadc6953fc2674d8f3dc63f4d41d80db1,exact_content_sha256,770eef33e5c1b78fca3e21e56b3813cdadc6953fc2674d8f3dc63f4d41d80db1,StratifiedGroupKFold,42
rec_d7bffc68a844008a7914,D:\INFANT CRY\data_set_dbl_split\train\tired\3215_M_owh.wav,tired/3215_M_owh.wav,baby,1,infantcry_dbl,infant_sha256:49ebff472f9f6e4036a9429e3b819179b29c38301b5386b1e5ceb896810fe22c,exact_content_sha256,49ebff472f9f6e4036a9429e3b819179b29c38301b5386b1e5ceb896810fe22c,StratifiedGroupKFold,42
rec_7b71574db6f83c21b607,D:\INFANT CRY\data_set_dbl_split\train\tired\3233_M_owh.wav,tired/3233_M_owh.wav,baby,1,infantcry_dbl,infant_sha256:8f8a67b96e7a0e2c16862b650bfd3ae65eff643b3b5c904ff0b3cdd96ad89e0d,exact_content_sha256,8f8a67b96e7a0e2c16862b650bfd3ae65eff643b3b5c904ff0b3cdd96ad89e0d,StratifiedGroupKFold,42
rec_110fc470a62dbc1cedd9,D:\INFANT CRY\data_set_dbl_split\train\tired\3394_F_owh.wav,tired/3394_F_owh.wav,baby,1,infantcry_dbl,infant_sha256:14a371ffb77c009312ae4068427a255aeb81b17904c82e811ef27fcc55b54ee4,exact_content_sha256,14a371ffb77c009312ae4068427a255aeb81b17904c82e811ef27fcc55b54ee4,StratifiedGroupKFold,42
rec_f375b2649ce9aa11749b,D:\INFANT CRY\data_set_dbl_split\train\tired\3465_M_owh.wav,tired/3465_M_owh.wav,baby,1,infantcry_dbl,infant_sha256:5bf2c9d3a61dba0f4826ed7aa856809ab53efe2353894b6790fe48476b0e31f9,exact_content_sha256,5bf2c9d3a61dba0f4826ed7aa856809ab53efe2353894b6790fe48476b0e31f9,StratifiedGroupKFold,42
rec_81c98f329bf4d0cca973,D:\INFANT CRY\data_set_dbl_split\train\tired\34_M_owh.wav,tired/34_M_owh.wav,baby,1,infantcry_dbl,infant_sha256:a954cb312721a72aa60a1d2b137c88958c1cca078246fd8103ff7728ad2a367e,exact_content_sha256,a954cb312721a72aa60a1d2b137c88958c1cca078246fd8103ff7728ad2a367e,StratifiedGroupKFold,42
rec_1afbccae7952244c5251,D:\INFANT CRY\data_set_dbl_split\train\tired\3522_M_owh.wav,tired/3522_M_owh.wav,baby,1,infantcry_dbl,infant_sha256:74f6e85cf6acba50c9b10f0fba04895ac3d52884d3ddfa02d62c66cd1c192c9d,exact_content_sha256,74f6e85cf6acba50c9b10f0fba04895ac3d52884d3ddfa02d62c66cd1c192c9d,StratifiedGroupKFold,42
rec_5a31135cf8c6114428e6,D:\INFANT CRY\data_set_dbl_split\train\tired\3555_M_owh.wav,tired/3555_M_owh.wav,baby,1,infantcry_dbl,infant_sha256:bea948d72dd8ae1f14defeebd184817052e44abad0a2a8fbee783cbb8392ada7,exact_content_sha256,bea948d72dd8ae1f14defeebd184817052e44abad0a2a8fbee783cbb8392ada7,StratifiedGroupKFold,42
rec_c02cf443d6e111dcd85c,D:\INFANT CRY\data_set_dbl_split\train\tired\3624_M_owh.wav,tired/3624_M_owh.wav,baby,1,infantcry_dbl,infant_sha256:19f47f32edfb64a0e988ff9aac4528d967add20877325e7b398b875062ecf66a,exact_content_sha256,19f47f32edfb64a0e988ff9aac4528d967add20877325e7b398b875062ecf66a,StratifiedGroupKFold,42
rec_9852e0ecf4d7ba755522,D:\INFANT CRY\data_set_dbl_split\train\tired\362_M_owh.wav,tired/362_M_owh.wav,baby,1,infantcry_dbl,infant_sha256:59621ab4e346f2fd9f7468dab75e0b20837d5874eef2276c50a1fb8b3596470a,exact_content_sha256,59621ab4e346f2fd9f7468dab75e0b20837d5874eef2276c50a1fb8b3596470a,StratifiedGroupKFold,42
rec_aafa3341c5fa1ecbe434,D:\INFANT CRY\data_set_dbl_split\train\tired\3689_M_owh.wav,tired/3689_M_owh.wav,baby,1,infantcry_dbl,infant_sha256:afcf4d0fc581ae87291f8e7297b29fef884faf9251b0e9b8314a6916b57b3bd7,exact_content_sha256,afcf4d0fc581ae87291f8e7297b29fef884faf9251b0e9b8314a6916b57b3bd7,StratifiedGroupKFold,42
rec_2e52e335fb3467063123,D:\INFANT CRY\data_set_dbl_split\train\tired\36_F_owh.wav,tired/36_F_owh.wav,baby,1,infantcry_dbl,infant_sha256:b94fb7c9d83168a7e5996a4de89fe0907010619c0deceb1cb3d1791fb3df2cce,exact_content_sha256,b94fb7c9d83168a7e5996a4de89fe0907010619c0deceb1cb3d1791fb3df2cce,StratifiedGroupKFold,42
rec_5429422754517263ee73,D:\INFANT CRY\data_set_dbl_split\train\tired\3705_M_owh.wav,tired/3705_M_owh.wav,baby,1,infantcry_dbl,infant_sha256:9ed94cfd8ea664ed4bd338f0770933dc141ed5857241df45fa204c78e759d40d,exact_content_sha256,9ed94cfd8ea664ed4bd338f0770933dc141ed5857241df45fa204c78e759d40d,StratifiedGroupKFold,42
rec_e560517a502372f48d7b,D:\INFANT CRY\data_set_dbl_split\train\tired\3850_M_owh.wav,tired/3850_M_owh.wav,baby,1,infantcry_dbl,infant_sha256:eb26dcbcb0246fdf1bb26cfbe2bae62fab869edd702c94255e395dcdf695965f,exact_content_sha256,eb26dcbcb0246fdf1bb26cfbe2bae62fab869edd702c94255e395dcdf695965f,StratifiedGroupKFold,42
rec_cee3339aa4945b0f7472,D:\INFANT CRY\data_set_dbl_split\train\tired\3928_M_owh.wav,tired/3928_M_owh.wav,baby,1,infantcry_dbl,infant_sha256:ee420968afaa724d046623a75b93edff34279477f51268484f1c17b30a9ed733,exact_content_sha256,ee420968afaa724d046623a75b93edff34279477f51268484f1c17b30a9ed733,StratifiedGroupKFold,42
rec_68e42d397f27be46fa63,D:\INFANT CRY\data_set_dbl_split\train\tired\3948_F_owh.wav,tired/3948_F_owh.wav,baby,1,infantcry_dbl,infant_sha256:cbd83c6e74adab9f08449af15b91ab4d337f2b18301b7438d6a6035c63cbe188,exact_content_sha256,cbd83c6e74adab9f08449af15b91ab4d337f2b18301b7438d6a6035c63cbe188,StratifiedGroupKFold,42
rec_80d0108bf83efc0ee1a0,D:\INFANT CRY\data_set_dbl_split\train\tired\3956_M_owh.wav,tired/3956_M_owh.wav,baby,1,infantcry_dbl,infant_sha256:0adc32c6160d0945dd65128a645310a0fcd8faf6bc73097c5c10fc3a382df09a,exact_content_sha256,0adc32c6160d0945dd65128a645310a0fcd8faf6bc73097c5c10fc3a382df09a,StratifiedGroupKFold,42
rec_c09f5006c02cc948ec08,D:\INFANT CRY\data_set_dbl_split\train\tired\4002_M_owh.wav,tired/4002_M_owh.wav,baby,1,infantcry_dbl,infant_sha256:1dc64b5f587d6e98db8deb9c7a11e282e8241c5f11ef7d41ebf2e323471106e4,exact_content_sha256,1dc64b5f587d6e98db8deb9c7a11e282e8241c5f11ef7d41ebf2e323471106e4,StratifiedGroupKFold,42
rec_8afa1d21029efff478e7,D:\INFANT CRY\data_set_dbl_split\train\tired\4005_M_owh.wav,tired/4005_M_owh.wav,baby,1,infantcry_dbl,infant_sha256:df7975cb75a261d842d2999bece606d627ec4ddd2f3225966d034b540f062cea,exact_content_sha256,df7975cb75a261d842d2999bece606d627ec4ddd2f3225966d034b540f062cea,StratifiedGroupKFold,42
rec_35fc36f8380c094f4acc,D:\INFANT CRY\data_set_dbl_split\train\tired\4013_M_owh.wav,tired/4013_M_owh.wav,baby,1,infantcry_dbl,infant_sha256:9e9dc439e87b4cde095edc77cd977e9c24e6990787b3bc37bd9f52fb553aed99,exact_content_sha256,9e9dc439e87b4cde095edc77cd977e9c24e6990787b3bc37bd9f52fb553aed99,StratifiedGroupKFold,42
rec_4e6e8efcece15b1f1e7c,D:\INFANT CRY\data_set_dbl_split\train\tired\4027_M_owh.wav,tired/4027_M_owh.wav,baby,1,infantcry_dbl,infant_sha256:3557687be92a55421ae2fbb9c0f8415688e1febeccceb7486a6379acec3a2754,exact_content_sha256,3557687be92a55421ae2fbb9c0f8415688e1febeccceb7486a6379acec3a2754,StratifiedGroupKFold,42
rec_b4e1323c441bd956089e,D:\INFANT CRY\data_set_dbl_split\train\tired\4103_F_owh.wav,tired/4103_F_owh.wav,baby,1,infantcry_dbl,infant_sha256:2e07cfa7f8967b2feec2ec16319d0f3ca32b9c2dd93a399024f72724f6400d1f,exact_content_sha256,2e07cfa7f8967b2feec2ec16319d0f3ca32b9c2dd93a399024f72724f6400d1f,StratifiedGroupKFold,42
rec_0f1fcdcd25df08eea493,D:\INFANT CRY\data_set_dbl_split\train\tired\4201_M_owh.wav,tired/4201_M_owh.wav,baby,1,infantcry_dbl,infant_sha256:e9acf5e28766ce86732acf259817d4c447e6eb3a83b5d2fa700a28316bce3787,exact_content_sha256,e9acf5e28766ce86732acf259817d4c447e6eb3a83b5d2fa700a28316bce3787,StratifiedGroupKFold,42
rec_20f80be143796621563d,D:\INFANT CRY\data_set_dbl_split\train\tired\4246_M_owh.wav,tired/4246_M_owh.wav,baby,1,infantcry_dbl,infant_sha256:856326832837f6e312661814190d9e5d1f8941e778b1413ce1e78b5262d0af28,exact_content_sha256,856326832837f6e312661814190d9e5d1f8941e778b1413ce1e78b5262d0af28,StratifiedGroupKFold,42
rec_fd54c500166186ce8c7c,D:\INFANT CRY\data_set_dbl_split\train\tired\4256_F_owh.wav,tired/4256_F_owh.wav,baby,1,infantcry_dbl,infant_sha256:4c62a5f308a8871d173b55373cd079c2961f643290d448c47fa0191e760e6dcf,exact_content_sha256,4c62a5f308a8871d173b55373cd079c2961f643290d448c47fa0191e760e6dcf,StratifiedGroupKFold,42
rec_1fafbe2e464ceb868d2f,D:\INFANT CRY\data_set_dbl_split\train\tired\4283_M_owh.wav,tired/4283_M_owh.wav,baby,1,infantcry_dbl,infant_sha256:8f09456255a0bbd5549c4d13817408ce71a050eebaeee20e75fdcc6b5d332e76,exact_content_sha256,8f09456255a0bbd5549c4d13817408ce71a050eebaeee20e75fdcc6b5d332e76,StratifiedGroupKFold,42
rec_116a54085a97e5e34e00,D:\INFANT CRY\data_set_dbl_split\train\tired\4380_M_owh.wav,tired/4380_M_owh.wav,baby,1,infantcry_dbl,infant_sha256:699f3614c78492ce1cab6aa710695221c86ce0b3321e21214442e71963de3f13,exact_content_sha256,699f3614c78492ce1cab6aa710695221c86ce0b3321e21214442e71963de3f13,StratifiedGroupKFold,42
rec_77fdfcc3851cb5479103,D:\INFANT CRY\data_set_dbl_split\train\tired\4419_F_owh.wav,tired/4419_F_owh.wav,baby,1,infantcry_dbl,infant_sha256:09e178ead89126c3459dcfcf370e8fe10b0877f709e5da73917cdab8d07bcf50,exact_content_sha256,09e178ead89126c3459dcfcf370e8fe10b0877f709e5da73917cdab8d07bcf50,StratifiedGroupKFold,42
rec_af54927ffe347838f910,D:\INFANT CRY\data_set_dbl_split\train\tired\4476_M_owh.wav,tired/4476_M_owh.wav,baby,1,infantcry_dbl,infant_sha256:798f1630a874a4de7a12d31e084f4acd5f3056d48e8c3dcc4b4a39ce06b34183,exact_content_sha256,798f1630a874a4de7a12d31e084f4acd5f3056d48e8c3dcc4b4a39ce06b34183,StratifiedGroupKFold,42
rec_ade3c68b785f0daa2d1c,D:\INFANT CRY\data_set_dbl_split\train\tired\4488_F_owh.wav,tired/4488_F_owh.wav,baby,1,infantcry_dbl,infant_sha256:d0b00d377bcea7744ddac752a73cbd0058fb2be33a968465097f858db8c026a7,exact_content_sha256,d0b00d377bcea7744ddac752a73cbd0058fb2be33a968465097f858db8c026a7,StratifiedGroupKFold,42
rec_2bfb930445b5d56c66df,D:\INFANT CRY\data_set_dbl_split\train\tired\450_M_owh.wav,tired/450_M_owh.wav,baby,1,infantcry_dbl,infant_sha256:c946c11850b19145b6fd401231115418ae6e4cec5777ec0e22f47e4f00b65fae,exact_content_sha256,c946c11850b19145b6fd401231115418ae6e4cec5777ec0e22f47e4f00b65fae,StratifiedGroupKFold,42
rec_bce82d3a688f323db743,D:\INFANT CRY\data_set_dbl_split\train\tired\456_M_owh.wav,tired/456_M_owh.wav,baby,1,infantcry_dbl,infant_sha256:95597ad55e9d5a9982ee329885a9d90bac353ebc4f0d7b387f68b66dedaff5b3,exact_content_sha256,95597ad55e9d5a9982ee329885a9d90bac353ebc4f0d7b387f68b66dedaff5b3,StratifiedGroupKFold,42
rec_56bcb737efb664774311,D:\INFANT CRY\data_set_dbl_split\train\tired\4589_M_owh.wav,tired/4589_M_owh.wav,baby,1,infantcry_dbl,infant_sha256:224f5367a81bf8563f36f99787d5ee384ca8a4c282169e547a1a642ae64e80dd,exact_content_sha256,224f5367a81bf8563f36f99787d5ee384ca8a4c282169e547a1a642ae64e80dd,StratifiedGroupKFold,42
rec_1b847cfb573f21d20e31,D:\INFANT CRY\data_set_dbl_split\train\tired\4599_M_owh.wav,tired/4599_M_owh.wav,baby,1,infantcry_dbl,infant_sha256:80496141a8ddb8f4b696031db4b6792b003c53008af8409e20cb865619c1c704,exact_content_sha256,80496141a8ddb8f4b696031db4b6792b003c53008af8409e20cb865619c1c704,StratifiedGroupKFold,42
rec_46d890753523706a7c09,D:\INFANT CRY\data_set_dbl_split\train\tired\4607_M_owh.wav,tired/4607_M_owh.wav,baby,1,infantcry_dbl,infant_sha256:b35f1a8a0722f2c9dfd514bc3cb05e9c8f6ca017c524b6ff561415dd6fc43ec7,exact_content_sha256,b35f1a8a0722f2c9dfd514bc3cb05e9c8f6ca017c524b6ff561415dd6fc43ec7,StratifiedGroupKFold,42
rec_44ddd4328a39ff32984a,D:\INFANT CRY\data_set_dbl_split\train\tired\4620_M_owh.wav,tired/4620_M_owh.wav,baby,1,infantcry_dbl,infant_sha256:f3d04528b4745f867c93cc0a2b6b7000347770464bc6f325ac4fd800713f0f6d,exact_content_sha256,f3d04528b4745f867c93cc0a2b6b7000347770464bc6f325ac4fd800713f0f6d,StratifiedGroupKFold,42
rec_b9b5a078b977d898dcd0,D:\INFANT CRY\data_set_dbl_split\train\tired\4633_M_owh.wav,tired/4633_M_owh.wav,baby,1,infantcry_dbl,infant_sha256:658d3e452916cfd7175a88280c341de53df59f6050865a0bdd899860083652ee,exact_content_sha256,658d3e452916cfd7175a88280c341de53df59f6050865a0bdd899860083652ee,StratifiedGroupKFold,42
rec_34bfab5d0ccf9bb47126,D:\INFANT CRY\data_set_dbl_split\train\tired\4662_M_owh.wav,tired/4662_M_owh.wav,baby,1,infantcry_dbl,infant_sha256:9d0ed106d054a3bcb0c5cf37d3c34f40aac26f4ee13ce0f545d3cb897eb5aef8,exact_content_sha256,9d0ed106d054a3bcb0c5cf37d3c34f40aac26f4ee13ce0f545d3cb897eb5aef8,StratifiedGroupKFold,42
rec_b159b9c31b0ccbc89a85,D:\INFANT CRY\data_set_dbl_split\train\tired\4714_M_owh.wav,tired/4714_M_owh.wav,baby,1,infantcry_dbl,infant_sha256:68216418b1a62e5ea2d6a1c340ec1c705da964adabb0fbc2c1ebcfb72244dca2,exact_content_sha256,68216418b1a62e5ea2d6a1c340ec1c705da964adabb0fbc2c1ebcfb72244dca2,StratifiedGroupKFold,42
rec_ee5c8dfe7aa9ead67c37,D:\INFANT CRY\data_set_dbl_split\train\tired\4797_M_owh.wav,tired/4797_M_owh.wav,baby,1,infantcry_dbl,infant_sha256:eca9b35b9812e3240de0a34bd1a43d901641cd82f490d32199e26ae6810f386d,exact_content_sha256,eca9b35b9812e3240de0a34bd1a43d901641cd82f490d32199e26ae6810f386d,StratifiedGroupKFold,42
rec_9e605026a45828597e95,D:\INFANT CRY\data_set_dbl_split\train\tired\4881_F_owh.wav,tired/4881_F_owh.wav,baby,1,infantcry_dbl,infant_sha256:5de1a7f9cb4f03323f7234e53ee6268c2bdefaabc2b8fcb727d0fc48ce639594,exact_content_sha256,5de1a7f9cb4f03323f7234e53ee6268c2bdefaabc2b8fcb727d0fc48ce639594,StratifiedGroupKFold,42
rec_aa622ce0d0bae1228e63,D:\INFANT CRY\data_set_dbl_split\train\tired\491_M_owh.wav,tired/491_M_owh.wav,baby,1,infantcry_dbl,infant_sha256:f02101e72012844b36cd37f78a95ead77560fc486c4fdadaaa0aeefa9df2145d,exact_content_sha256,f02101e72012844b36cd37f78a95ead77560fc486c4fdadaaa0aeefa9df2145d,StratifiedGroupKFold,42
rec_77d382cebd6165bd1f4e,D:\INFANT CRY\data_set_dbl_split\train\tired\4955_M_owh.wav,tired/4955_M_owh.wav,baby,1,infantcry_dbl,infant_sha256:025521accf6116286bafe7f2404267c426e8b6ff6fda60add4c7ea87ad6d25a6,exact_content_sha256,025521accf6116286bafe7f2404267c426e8b6ff6fda60add4c7ea87ad6d25a6,StratifiedGroupKFold,42
rec_373f9639161a4a42a13d,D:\INFANT CRY\data_set_dbl_split\train\tired\497_M_owh.wav,tired/497_M_owh.wav,baby,1,infantcry_dbl,infant_sha256:f138fc7acfc6d0d1cbefe73b824f2e4ec611f1a99b65d434bc8831e2dbf103ac,exact_content_sha256,f138fc7acfc6d0d1cbefe73b824f2e4ec611f1a99b65d434bc8831e2dbf103ac,StratifiedGroupKFold,42
rec_6d06f9fdf3356c1f82d2,D:\INFANT CRY\data_set_dbl_split\train\tired\4996_F_owh.wav,tired/4996_F_owh.wav,baby,1,infantcry_dbl,infant_sha256:2ffe93bc17f65c7d1cd327c87adfe3421d806cadf8da1ccfba6d290952ff35b8,exact_content_sha256,2ffe93bc17f65c7d1cd327c87adfe3421d806cadf8da1ccfba6d290952ff35b8,StratifiedGroupKFold,42
rec_3a4f0fe4fd6a0cff506f,D:\INFANT CRY\data_set_dbl_split\train\tired\503_F_owh.wav,tired/503_F_owh.wav,baby,1,infantcry_dbl,infant_sha256:58bc77e2ace62286950d0b59e42f42eca4760fe8525cee04c7bdf5fcdaf12bfc,exact_content_sha256,58bc77e2ace62286950d0b59e42f42eca4760fe8525cee04c7bdf5fcdaf12bfc,StratifiedGroupKFold,42
rec_578dbf3689ea01a8a6ab,D:\INFANT CRY\data_set_dbl_split\train\tired\54_M_owh.wav,tired/54_M_owh.wav,baby,1,infantcry_dbl,infant_sha256:428861112eb922c73c46f326bed68f90f74f4df57e230d60d8a37385551ffb37,exact_content_sha256,428861112eb922c73c46f326bed68f90f74f4df57e230d60d8a37385551ffb37,StratifiedGroupKFold,42
rec_e8e60bd502127d987557,D:\INFANT CRY\data_set_dbl_split\train\tired\603_F_owh.wav,tired/603_F_owh.wav,baby,1,infantcry_dbl,infant_sha256:281ba594cd900deaabd7976040fe9701748192e469408e542b4b6982a80ffc91,exact_content_sha256,281ba594cd900deaabd7976040fe9701748192e469408e542b4b6982a80ffc91,StratifiedGroupKFold,42
rec_62b412afc0f37e27404c,D:\INFANT CRY\data_set_dbl_split\train\tired\620_M_owh.wav,tired/620_M_owh.wav,baby,1,infantcry_dbl,infant_sha256:c17775ae85e14e1da649fe72c0d805cf9e384cd97646ec494306065e232d5ecf,exact_content_sha256,c17775ae85e14e1da649fe72c0d805cf9e384cd97646ec494306065e232d5ecf,StratifiedGroupKFold,42
rec_e8f5a7e1fa39a9b50c9c,D:\INFANT CRY\data_set_dbl_split\train\tired\795_M_owh.wav,tired/795_M_owh.wav,baby,1,infantcry_dbl,infant_sha256:64c36ebd3c1854465f1a6199af818a14948f503008aa2223879a83f48952c263,exact_content_sha256,64c36ebd3c1854465f1a6199af818a14948f503008aa2223879a83f48952c263,StratifiedGroupKFold,42
rec_1b733202df78607bb041,D:\INFANT CRY\data_set_dbl_split\train\tired\81_M_owh.wav,tired/81_M_owh.wav,baby,1,infantcry_dbl,infant_sha256:494c1d3687de3b8a886def4cfd2697177f66b615d83e77698e8d76547b745f39,exact_content_sha256,494c1d3687de3b8a886def4cfd2697177f66b615d83e77698e8d76547b745f39,StratifiedGroupKFold,42
rec_1c86fe7fe16836fae2c5,D:\INFANT CRY\data_set_dbl_split\train\tired\852_F_owh.wav,tired/852_F_owh.wav,baby,1,infantcry_dbl,infant_sha256:159e7f55830a8b469a58ec1436ceba4c0f382e289e97a02be729334dc6a237d8,exact_content_sha256,159e7f55830a8b469a58ec1436ceba4c0f382e289e97a02be729334dc6a237d8,StratifiedGroupKFold,42
rec_4276b7de08d410c31454,D:\INFANT CRY\data_set_dbl_split\train\tired\921_M_owh.wav,tired/921_M_owh.wav,baby,1,infantcry_dbl,infant_sha256:ebbe537a9e89a51a565d2057ec05f3b1603782772cc10a7300859ebf1ae3496e,exact_content_sha256,ebbe537a9e89a51a565d2057ec05f3b1603782772cc10a7300859ebf1ae3496e,StratifiedGroupKFold,42
rec_e21c7b8e66dd449a938b,D:\INFANT CRY\data_set_dbl_split\train\tired\931_M_owh.wav,tired/931_M_owh.wav,baby,1,infantcry_dbl,infant_sha256:6264b9695cac65ecac7c2e607eb0dc97a2be3d48949ce9b492229416c8847a7e,exact_content_sha256,6264b9695cac65ecac7c2e607eb0dc97a2be3d48949ce9b492229416c8847a7e,StratifiedGroupKFold,42
rec_8d5f2d47c0474322ccc8,D:\INFANT CRY\data_set_dbl_split\train\tired\949_M_owh.wav,tired/949_M_owh.wav,baby,1,infantcry_dbl,infant_sha256:6c3b6654b154c4672acc21795efa55d28935ea5809f57e6cb214ea2f942e95b3,exact_content_sha256,6c3b6654b154c4672acc21795efa55d28935ea5809f57e6cb214ea2f942e95b3,StratifiedGroupKFold,42
rec_f9fb47e8a3ed0a22c4ad,D:\INFANT CRY\data_set_dbl_split\train\tired\dunstan-owh_12.wav,tired/dunstan-owh_12.wav,baby,1,infantcry_dbl,infant_sha256:2c1b4785158659189577572996f6ffab051d254ac8485a4d8cdbc67164bf58eb,exact_content_sha256,2c1b4785158659189577572996f6ffab051d254ac8485a4d8cdbc67164bf58eb,StratifiedGroupKFold,42
rec_19ca95fa0e9cc6f77602,D:\INFANT CRY\data_set_dbl_split\train\tired\dunstan-owh_17.wav,tired/dunstan-owh_17.wav,baby,1,infantcry_dbl,infant_sha256:fc20ee4bb80a46bf47ac95699cfcdad0d159f9cefdb9c60b6f483257b1120947,exact_content_sha256,fc20ee4bb80a46bf47ac95699cfcdad0d159f9cefdb9c60b6f483257b1120947,StratifiedGroupKFold,42
rec_8177f9e186a5ddb0be27,D:\INFANT CRY\data_set_dbl_split\train\tired\dunstan-owh_3.wav,tired/dunstan-owh_3.wav,baby,1,infantcry_dbl,infant_sha256:80a99d09e972dee78e2ec62264dad6e714f4288492508b7ecd9e72cee50a668f,exact_content_sha256,80a99d09e972dee78e2ec62264dad6e714f4288492508b7ecd9e72cee50a668f,StratifiedGroupKFold,42
rec_c20da6d7a956a73d1bd5,D:\INFANT CRY\data_set_dbl_split\train\tired\dunstan-owh_36.wav,tired/dunstan-owh_36.wav,baby,1,infantcry_dbl,infant_sha256:3715fcb5ae3b7024b9de09df29d788cb1888e6bb19317fc31f2faf3ed20280e6,exact_content_sha256,3715fcb5ae3b7024b9de09df29d788cb1888e6bb19317fc31f2faf3ed20280e6,StratifiedGroupKFold,42
rec_ad8e77f8cb1fddd992f6,D:\INFANT CRY\data_set_dbl_split\train\tired\dunstan-owh_7.wav,tired/dunstan-owh_7.wav,baby,1,infantcry_dbl,infant_sha256:fd9110c1e747f43e6901ae141296f3843e8161a0fc9c078e01601228f7df9656,exact_content_sha256,fd9110c1e747f43e6901ae141296f3843e8161a0fc9c078e01601228f7df9656,StratifiedGroupKFold,42
rec_90ff81a514cc71351efc,D:\INFANT CRY\data_set_dbl_split\train\tired\dunstan-owh_71.wav,tired/dunstan-owh_71.wav,baby,1,infantcry_dbl,infant_sha256:bf9bd3fc4bcff70e01899a30429991ceae8ae6a2c70534fc1170a87194656bee,exact_content_sha256,bf9bd3fc4bcff70e01899a30429991ceae8ae6a2c70534fc1170a87194656bee,StratifiedGroupKFold,42
rec_6aee9beea238e83aa7a9,D:\INFANT CRY\data_set_dbl_split\train\tired\dunstan-owh_75.wav,tired/dunstan-owh_75.wav,baby,1,infantcry_dbl,infant_sha256:38be5d3ea66904c7b69e69fa7e897ab0206c2b7d027152cfa84c05ca70d452d0,exact_content_sha256,38be5d3ea66904c7b69e69fa7e897ab0206c2b7d027152cfa84c05ca70d452d0,StratifiedGroupKFold,42
rec_32de9e44bf2fa1c66efc,D:\INFANT CRY\data_set_dbl_split\train\tired\dunstan-owh_8.wav,tired/dunstan-owh_8.wav,baby,1,infantcry_dbl,infant_sha256:c81a807ba4029869fa0f95c308dd9d3610f660492e2e58f489b975b64d988e7e,exact_content_sha256,c81a807ba4029869fa0f95c308dd9d3610f660492e2e58f489b975b64d988e7e,StratifiedGroupKFold,42
rec_aec869bbe88cbdefe91d,D:\INFANT CRY\data_set_dbl_split\train\not_baby\1-100038-A-14.wav,not_baby/1-100038-A-14.wav,not_baby,1,esc50,esc50_source:100038,esc50_source_file,2faa39d8e59e8f292dfbdbe72bd8a00294f9535714b3c19b39904c2c17e14675,StratifiedGroupKFold,42
rec_59153ace7e677bdcf73f,D:\INFANT CRY\data_set_dbl_split\train\not_baby\1-11687-A-47.wav,not_baby/1-11687-A-47.wav,not_baby,1,esc50,esc50_source:11687,esc50_source_file,e622a52d904f2ec8f39c78e6f2487b84a14a927d1f9852e67a4c3c8e5dcf9419,StratifiedGroupKFold,42
rec_734152d668a87338b23b,D:\INFANT CRY\data_set_dbl_split\train\not_baby\1-118206-A-31.wav,not_baby/1-118206-A-31.wav,not_baby,1,esc50,esc50_source:118206,esc50_source_file,4461fa26f119749f99a4762be421d0d64e774960be7eef9780812d48580e48fb,StratifiedGroupKFold,42
rec_ed1d9d09bd4947beac70,D:\INFANT CRY\data_set_dbl_split\train\not_baby\1-13613-A-37.wav,not_baby/1-13613-A-37.wav,not_baby,1,esc50,esc50_source:13613,esc50_source_file,2e28b25e14611723cdcc0becfa36468a8d0329a0c141e4f1d894bd6bb5773f34,StratifiedGroupKFold,42
rec_bc63c935a401d0f2e2de,D:\INFANT CRY\data_set_dbl_split\train\not_baby\1-17367-A-10.wav,not_baby/1-17367-A-10.wav,not_baby,1,esc50,esc50_source:17367,esc50_source_file,d732acd2e0c7c40405968010f49f250740c86998fc416eff2ed5330fc8c89dea,StratifiedGroupKFold,42
rec_439f8be981581539e1f9,D:\INFANT CRY\data_set_dbl_split\train\not_baby\1-18757-A-4.wav,not_baby/1-18757-A-4.wav,not_baby,1,esc50,esc50_source:18757,esc50_source_file,dac86a651f49fccc16b5b5de5dac68182ed572841ea5914da2afccc83ae83700,StratifiedGroupKFold,42
rec_3a2c09a2e6829af3a8e6,D:\INFANT CRY\data_set_dbl_split\train\not_baby\1-21935-A-38.wav,not_baby/1-21935-A-38.wav,not_baby,1,esc50,esc50_source:21935,esc50_source_file,4d7ad80cf2733e2d9260061afbbdb0bd3d64cfcbc3df5c8a0258639716a7329d,StratifiedGroupKFold,42
rec_62e0e19ff35a6aa87196,D:\INFANT CRY\data_set_dbl_split\train\not_baby\1-223162-A-25.wav,not_baby/1-223162-A-25.wav,not_baby,1,esc50,esc50_source:223162,esc50_source_file,4e0e2251d9819f49e8d9ee6c4106f9e4de95995e336be88c517269d57cda39b0,StratifiedGroupKFold,42
rec_85be1ab194a757f98bea,D:\INFANT CRY\data_set_dbl_split\train\not_baby\1-26188-A-30.wav,not_baby/1-26188-A-30.wav,not_baby,1,esc50,esc50_source:26188,esc50_source_file,655277d3f1c75ddc67aada3ab350bd6029fea04d288b9c747e10bc84cc802de1,StratifiedGroupKFold,42
rec_b2521e246c66c75d4a86,D:\INFANT CRY\data_set_dbl_split\train\not_baby\1-27166-A-35.wav,not_baby/1-27166-A-35.wav,not_baby,1,esc50,esc50_source:27166,esc50_source_file,eb7e1055a911665a03ac65d7085798b77cfa3e0718c123f93e93b7b07ad34796,StratifiedGroupKFold,42
rec_527ebc190ef5c9814c48,D:\INFANT CRY\data_set_dbl_split\train\not_baby\1-30214-A-18.wav,not_baby/1-30214-A-18.wav,not_baby,1,esc50,esc50_source:30214,esc50_source_file,fd4b7fb240326d88f13193f34d1a5b5f4272c5cc26e197a5a1cfa9cb52a962b9,StratifiedGroupKFold,42
rec_c1a0a1bf016383d9e3d1,D:\INFANT CRY\data_set_dbl_split\train\not_baby\1-31748-A-21.wav,not_baby/1-31748-A-21.wav,not_baby,1,esc50,esc50_source:31748,esc50_source_file,865652b27db628cd353379f222c01a48711f383d16b3d80bcd8493e6e8432a9e,StratifiedGroupKFold,42
rec_73a9e9f96a67fc369045,D:\INFANT CRY\data_set_dbl_split\train\not_baby\1-36393-A-23.wav,not_baby/1-36393-A-23.wav,not_baby,1,esc50,esc50_source:36393,esc50_source_file,04c196b0fd72862bcf065328a3393dd7444c60caec87bc3d2053c6043075bd2b,StratifiedGroupKFold,42
rec_207f061dd89a3df41727,D:\INFANT CRY\data_set_dbl_split\train\not_baby\1-36400-A-23.wav,not_baby/1-36400-A-23.wav,not_baby,1,esc50,esc50_source:36400,esc50_source_file,8d867bd0d632be73c2b1101f41e12ff4157386075163924710f231599faab280,StratifiedGroupKFold,42
rec_39b21339c55908d99618,D:\INFANT CRY\data_set_dbl_split\train\not_baby\1-38559-A-14.wav,not_baby/1-38559-A-14.wav,not_baby,1,esc50,esc50_source:38559,esc50_source_file,bda988c22f4b928012abe6d4231b4244700dc615b6d43f439476cda3d7f8a5d8,StratifiedGroupKFold,42
rec_0a2d83649fe6fc09d58a,D:\INFANT CRY\data_set_dbl_split\train\not_baby\1-39923-A-1.wav,not_baby/1-39923-A-1.wav,not_baby,1,esc50,esc50_source:39923,esc50_source_file,62379ace4cf58d0625a09fa8cf943ce8ab5a99602c20c6f96bacd522e6903e06,StratifiedGroupKFold,42
rec_f2576a499068277f711c,D:\INFANT CRY\data_set_dbl_split\train\not_baby\1-40967-A-28.wav,not_baby/1-40967-A-28.wav,not_baby,1,esc50,esc50_source:40967,esc50_source_file,7e6a1cf20a1718876d267682930de4478199ef5cf6e790a5eab4d2dbda8b8c0f,StratifiedGroupKFold,42
rec_3fb0454c96d0e103a261,D:\INFANT CRY\data_set_dbl_split\train\not_baby\1-43382-A-1.wav,not_baby/1-43382-A-1.wav,not_baby,1,esc50,esc50_source:43382,esc50_source_file,95fff21655b9945a12e73e69c1d1e5015b2f2802bde43bc7f76351b695cf9901,StratifiedGroupKFold,42
rec_86979075a9092186eeb3,D:\INFANT CRY\data_set_dbl_split\train\not_baby\1-45645-A-31.wav,not_baby/1-45645-A-31.wav,not_baby,1,esc50,esc50_source:45645,esc50_source_file,0f109c4e08634da4b4683c050bcfcf5ad6c2b6dc73a908be654711a8c7d6f078,StratifiedGroupKFold,42
rec_cffa63b30798ac3f6ea2,D:\INFANT CRY\data_set_dbl_split\train\not_baby\1-47923-A-28.wav,not_baby/1-47923-A-28.wav,not_baby,1,esc50,esc50_source:47923,esc50_source_file,7a7b0c062646ac6d2bda5aebb7e35f869f9d405e74286e84affdfeabe0343c97,StratifiedGroupKFold,42
rec_97bca158437a8d1272ed,D:\INFANT CRY\data_set_dbl_split\train\not_baby\1-50060-A-10.wav,not_baby/1-50060-A-10.wav,not_baby,1,esc50,esc50_source:50060,esc50_source_file,cc8119be878eafdc69f7408dad614493a238174372eebf75e4c8314d1bb9807d,StratifiedGroupKFold,42
rec_14bb53e78dee895a801e,D:\INFANT CRY\data_set_dbl_split\train\not_baby\1-50661-A-44.wav,not_baby/1-50661-A-44.wav,not_baby,1,esc50,esc50_source:50661,esc50_source_file,10e7461b7fe455a10bceba5fd6299c5bb4bd73d7138853baa09f04ee777f09a4,StratifiedGroupKFold,42
rec_bfe39cab9367e980a87a,D:\INFANT CRY\data_set_dbl_split\train\not_baby\1-51147-A-25.wav,not_baby/1-51147-A-25.wav,not_baby,1,esc50,esc50_source:51147,esc50_source_file,c5c88b84b54d976693bf3c55575d065986a00e46362f6b111536fcfae7fabb1d,StratifiedGroupKFold,42
rec_e0667f9dfbbaca59d749,D:\INFANT CRY\data_set_dbl_split\train\not_baby\1-53444-A-28.wav,not_baby/1-53444-A-28.wav,not_baby,1,esc50,esc50_source:53444,esc50_source_file,b21b1fe023878bf47832f5b20d3dd58b6ba6ab0e785300a1388ca76847a524dc,StratifiedGroupKFold,42
rec_2aa52f4d362ca51a608c,D:\INFANT CRY\data_set_dbl_split\train\not_baby\1-60460-A-36.wav,not_baby/1-60460-A-36.wav,not_baby,1,esc50,esc50_source:60460,esc50_source_file,b5be86f8883d3deb8ecde4d8bd18ca9264abebd2726439f06684028061ef5dd2,StratifiedGroupKFold,42
rec_ee9d55ae2b84a4f9617d,D:\INFANT CRY\data_set_dbl_split\train\not_baby\1-61261-A-44.wav,not_baby/1-61261-A-44.wav,not_baby,1,esc50,esc50_source:61261,esc50_source_file,6f60f274364bab7ca04a1221448efd1c0436292f7dce158eabeafacd338f6065,StratifiedGroupKFold,42
rec_09c822a8a9b3a59af070,D:\INFANT CRY\data_set_dbl_split\train\not_baby\1-62594-A-32.wav,not_baby/1-62594-A-32.wav,not_baby,1,esc50,esc50_source:62594,esc50_source_file,a8adb317bb75afae3395204f0d0e19fb0230539d0a2cd02d6e2cc424cb3efe05,StratifiedGroupKFold,42
rec_f960cc2e94388a2f2776,D:\INFANT CRY\data_set_dbl_split\train\not_baby\1-69760-A-16.wav,not_baby/1-69760-A-16.wav,not_baby,1,esc50,esc50_source:69760,esc50_source_file,60280269ee55438b8c30486db5711cb52d566555aac4abf169ae8cd0d875ec77,StratifiedGroupKFold,42
rec_26fcef82a8e5d458012f,D:\INFANT CRY\data_set_dbl_split\train\not_baby\1-72229-A-6.wav,not_baby/1-72229-A-6.wav,not_baby,1,esc50,esc50_source:72229,esc50_source_file,d6d876c24c6c41d7e7f2a12433b7225340237b0f6f77ad0c07cdfadfdba16041,StratifiedGroupKFold,42
rec_0c46771cca75e1bd7db7,D:\INFANT CRY\data_set_dbl_split\train\not_baby\1-72229-B-6.wav,not_baby/1-72229-B-6.wav,not_baby,1,esc50,esc50_source:72229,esc50_source_file,5e34754fb50a5e30240c2effaed7bb15cf4bb2efc3d88a4140ce61d0684591e4,StratifiedGroupKFold,42
rec_ff2fb374325db2c86655,D:\INFANT CRY\data_set_dbl_split\train\not_baby\1-79146-A-29.wav,not_baby/1-79146-A-29.wav,not_baby,1,esc50,esc50_source:79146,esc50_source_file,769253e258184782a50c36dc52fa9d6ec38d7ba8e6df2764dc59c68caebfda57,StratifiedGroupKFold,42
rec_309fec9cc93532964a91,D:\INFANT CRY\data_set_dbl_split\train\not_baby\1-80841-A-13.wav,not_baby/1-80841-A-13.wav,not_baby,1,esc50,esc50_source:80841,esc50_source_file,dea6239d0ea4995f0f6103bc060541b70a5b514523d5a68187363ff16ea385d9,StratifiedGroupKFold,42
rec_07e829a44a9edac9f913,D:\INFANT CRY\data_set_dbl_split\train\not_baby\1-82817-A-30.wav,not_baby/1-82817-A-30.wav,not_baby,1,esc50,esc50_source:82817,esc50_source_file,acfb2591c6a5430b3abbfe59c8a3c866e849576bb4327ac668721b91367220cf,StratifiedGroupKFold,42
rec_15c1e6e200a57b883875,D:\INFANT CRY\data_set_dbl_split\train\not_baby\1-84393-A-32.wav,not_baby/1-84393-A-32.wav,not_baby,1,esc50,esc50_source:84393,esc50_source_file,48f3964c939192128456567e9b8150638194650fb5241d02dda6b970774325fb,StratifiedGroupKFold,42
rec_a07589f32cf910608dcb,D:\INFANT CRY\data_set_dbl_split\train\not_baby\1-85168-A-39.wav,not_baby/1-85168-A-39.wav,not_baby,1,esc50,esc50_source:85168,esc50_source_file,08fcf5a7656cc1c824122aba2a7dd1107130a0f9d6f3e3b73e7d06575b246ed5,StratifiedGroupKFold,42
rec_7b1f660ed47fdff607d2,D:\INFANT CRY\data_set_dbl_split\train\not_baby\1-88409-A-45.wav,not_baby/1-88409-A-45.wav,not_baby,1,esc50,esc50_source:88409,esc50_source_file,84f8eda5915ab4587440decf8069b4b5413de7d9ffe9a92305ee31d32834b267,StratifiedGroupKFold,42
rec_2c693d6a2e60a1881b7e,D:\INFANT CRY\data_set_dbl_split\train\not_baby\1-88409-B-45.wav,not_baby/1-88409-B-45.wav,not_baby,1,esc50,esc50_source:88409,esc50_source_file,9fb33e365e5f3cf5619d3f9a9ee9a35e24f5853ce12fd6ccae4f1a8dff6744af,StratifiedGroupKFold,42
rec_e6ccd7de49f50721e435,D:\INFANT CRY\data_set_dbl_split\train\not_baby\1-91359-A-11.wav,not_baby/1-91359-A-11.wav,not_baby,1,esc50,esc50_source:91359,esc50_source_file,dc68614d5082a595bce514b13304d91451cc6d570dddfb84a9283e5d77fc3148,StratifiedGroupKFold,42
rec_d211538bab3eafdb7c2b,D:\INFANT CRY\data_set_dbl_split\train\not_baby\1-91359-B-11.wav,not_baby/1-91359-B-11.wav,not_baby,1,esc50,esc50_source:91359,esc50_source_file,119e12872a9ec159c255ddaab2c8382439a97815ce90552273529d53f86ee8ff,StratifiedGroupKFold,42
rec_bb9ad5ece6140af171c6,D:\INFANT CRY\data_set_dbl_split\train\not_baby\1-96890-A-37.wav,not_baby/1-96890-A-37.wav,not_baby,1,esc50,esc50_source:96890,esc50_source_file,48e8337f9d0df547ca9784597aea7f00d4ec3984ee5aa5894d21fed0f4f8a399,StratifiedGroupKFold,42
rec_af0acd3efc28631add1c,D:\INFANT CRY\data_set_dbl_split\train\not_baby\2-102852-A-11.wav,not_baby/2-102852-A-11.wav,not_baby,1,esc50,esc50_source:102852,esc50_source_file,88e893f0db59886dd96f9b2c0f839eaad0364e9d2ec948eca3ef6af1a66e64b5,StratifiedGroupKFold,42
rec_22b01434975d61c39a94,D:\INFANT CRY\data_set_dbl_split\train\not_baby\2-103423-A-3.wav,not_baby/2-103423-A-3.wav,not_baby,1,esc50,esc50_source:103423,esc50_source_file,8fea1be61f324f3ab5a98655cac91f027542aa2ab609d5c45e603cf9bda5d15e,StratifiedGroupKFold,42
rec_b038fb59b25a63ea375d,D:\INFANT CRY\data_set_dbl_split\train\not_baby\2-104168-A-32.wav,not_baby/2-104168-A-32.wav,not_baby,1,esc50,esc50_source:104168,esc50_source_file,62f9d3cd5d576e5dd6f956fe11d5c50fb04f054c38e32597a16e19021536943d,StratifiedGroupKFold,42
rec_11caf7528a5a15fe21f7,D:\INFANT CRY\data_set_dbl_split\train\not_baby\2-106487-A-44.wav,not_baby/2-106487-A-44.wav,not_baby,1,esc50,esc50_source:106487,esc50_source_file,0b00f30a8e3f533b537f080d757e3e63b561ffc7df2c2b590401b9702f83d664,StratifiedGroupKFold,42
rec_99e95dcd7a5877539d57,D:\INFANT CRY\data_set_dbl_split\train\not_baby\2-109505-A-21.wav,not_baby/2-109505-A-21.wav,not_baby,1,esc50,esc50_source:109505,esc50_source_file,93f6ffc756ec82bf5e6be83ccc070415138b60fa00408734a78753089567e489,StratifiedGroupKFold,42
rec_cf8c6f11e10e77c1243c,D:\INFANT CRY\data_set_dbl_split\train\not_baby\2-117616-A-48.wav,not_baby/2-117616-A-48.wav,not_baby,1,esc50,esc50_source:117616,esc50_source_file,f87acf8b797d8ae54c604106f9e51e01f1f6f1b00bfe8b69af089b8160d0b6b8,StratifiedGroupKFold,42
rec_996f278529156c3de746,D:\INFANT CRY\data_set_dbl_split\train\not_baby\2-119139-A-31.wav,not_baby/2-119139-A-31.wav,not_baby,1,esc50,esc50_source:119139,esc50_source_file,ddb156148e7cd6fc096f0d6192f4bfbad9c744be7c98c8021f8767e069c79bbf,StratifiedGroupKFold,42
rec_7578d42a10351945236c,D:\INFANT CRY\data_set_dbl_split\train\not_baby\2-120218-A-30.wav,not_baby/2-120218-A-30.wav,not_baby,1,esc50,esc50_source:120218,esc50_source_file,dae3ed8868e44ec84033f246f4e52817cb8805804083fd8d8aee9c109322d88c,StratifiedGroupKFold,42
rec_5aa32a2960df86d09f60,D:\INFANT CRY\data_set_dbl_split\train\not_baby\2-120218-B-30.wav,not_baby/2-120218-B-30.wav,not_baby,1,esc50,esc50_source:120218,esc50_source_file,a9a1af8ac24e54bd91cb8d6127baf42fca8502f49cf3d1cea1e9806d262aeab7,StratifiedGroupKFold,42
rec_bce68ea5a3b5e4f900bd,D:\INFANT CRY\data_set_dbl_split\train\not_baby\2-120587-A-6.wav,not_baby/2-120587-A-6.wav,not_baby,1,esc50,esc50_source:120587,esc50_source_file,1f8830d0c8a05a78b998e43fbfc565af636156147f7b5cadaa598ff1f12f4c64,StratifiedGroupKFold,42
rec_e21bb20b360c9019378d,D:\INFANT CRY\data_set_dbl_split\train\not_baby\2-121978-A-29.wav,not_baby/2-121978-A-29.wav,not_baby,1,esc50,esc50_source:121978,esc50_source_file,0f9b70eb9c8809ad7782649fdea97708d0a53e371dd3a8eaaf1cb774ccef9a70,StratifiedGroupKFold,42
rec_face3895a2b0a1353dcf,D:\INFANT CRY\data_set_dbl_split\train\not_baby\2-122763-A-29.wav,not_baby/2-122763-A-29.wav,not_baby,1,esc50,esc50_source:122763,esc50_source_file,6b65ca31babb1e4f1dad89a2cc03680fb7631cb75b4f3703f93b65ed1af8e488,StratifiedGroupKFold,42
rec_aaca54a54c608638b878,D:\INFANT CRY\data_set_dbl_split\train\not_baby\2-122763-B-29.wav,not_baby/2-122763-B-29.wav,not_baby,1,esc50,esc50_source:122763,esc50_source_file,4b7e065698e409b90eca780380b4e656eef008793cea5d16adb1f9859b8130cd,StratifiedGroupKFold,42
rec_5af017496292cc3a5fd5,D:\INFANT CRY\data_set_dbl_split\train\not_baby\2-123712-A-33.wav,not_baby/2-123712-A-33.wav,not_baby,1,esc50,esc50_source:123712,esc50_source_file,dbc24b5fb968382149fb92d8327c6d212bf473c08818d2557f81d4d4db67dc00,StratifiedGroupKFold,42
rec_7afbb0ff0668e8f483d5,D:\INFANT CRY\data_set_dbl_split\train\not_baby\2-126433-A-17.wav,not_baby/2-126433-A-17.wav,not_baby,1,esc50,esc50_source:126433,esc50_source_file,42ebae9ce17ef3bec250c4ca960c46b951f5b7da04785ba77be66c501d053f29,StratifiedGroupKFold,42
rec_8e17d1631501262257bc,D:\INFANT CRY\data_set_dbl_split\train\not_baby\2-127109-A-6.wav,not_baby/2-127109-A-6.wav,not_baby,1,esc50,esc50_source:127109,esc50_source_file,b57d9172f99594d8708c72f1432862135b41679172f5034dbb50f7b0dc0e0f68,StratifiedGroupKFold,42
rec_ae5b6ff7868d597cf117,D:\INFANT CRY\data_set_dbl_split\train\not_baby\2-130979-A-21.wav,not_baby/2-130979-A-21.wav,not_baby,1,esc50,esc50_source:130979,esc50_source_file,6d8820a0d6362e67817faa206672b7599ab808877b7df702530b69aa22651813,StratifiedGroupKFold,42
rec_c576ccd059b7575ffe0b,D:\INFANT CRY\data_set_dbl_split\train\not_baby\2-134049-A-6.wav,not_baby/2-134049-A-6.wav,not_baby,1,esc50,esc50_source:134049,esc50_source_file,a0136c66873d8a5d3bd8b843ab3a59fe2e25bac8b37d2aaa0cd0c1b3e3907483,StratifiedGroupKFold,42
rec_f0c068e479cfe35e2498,D:\INFANT CRY\data_set_dbl_split\train\not_baby\2-140147-A-38.wav,not_baby/2-140147-A-38.wav,not_baby,1,esc50,esc50_source:140147,esc50_source_file,b3a54dc34ab83fa96fc06604e0852973bce5ed9ed872cdc9be92d389e0d5a1ef,StratifiedGroupKFold,42
rec_c2c43bed95334561d4e6,D:\INFANT CRY\data_set_dbl_split\train\not_baby\2-144031-A-34.wav,not_baby/2-144031-A-34.wav,not_baby,1,esc50,esc50_source:144031,esc50_source_file,f887a7acfab69408344b0c0db0ef50acb9af610d032c890c228fd103ef254446,StratifiedGroupKFold,42
rec_8f185da2809a5a45c873,D:\INFANT CRY\data_set_dbl_split\train\not_baby\2-152895-A-31.wav,not_baby/2-152895-A-31.wav,not_baby,1,esc50,esc50_source:152895,esc50_source_file,703b2a849372f6e18257fab9e14fd396de570fd68c194d286a6c053cd917b110,StratifiedGroupKFold,42
rec_3430a4996274e63a17c2,D:\INFANT CRY\data_set_dbl_split\train\not_baby\2-152964-A-31.wav,not_baby/2-152964-A-31.wav,not_baby,1,esc50,esc50_source:152964,esc50_source_file,53b122c3e157659dea11e7fc0ef200ecebc3e89e0e415ba5d9429cc1d0eb2609,StratifiedGroupKFold,42
rec_e2176df0332480657bd8,D:\INFANT CRY\data_set_dbl_split\train\not_baby\2-157488-A-6.wav,not_baby/2-157488-A-6.wav,not_baby,1,esc50,esc50_source:157488,esc50_source_file,5e8fc0d2e680ce80ae1a8a4f44bf5b4884a3ff7b3f934b9aa802b80697e21902,StratifiedGroupKFold,42
rec_a4546bc0d06497da2c35,D:\INFANT CRY\data_set_dbl_split\train\not_baby\2-160128-A-7.wav,not_baby/2-160128-A-7.wav,not_baby,1,esc50,esc50_source:160128,esc50_source_file,e5b29a67400bf3ad91670d13969771c71b17d33ceb5c73b3325384b1d2b0d55a,StratifiedGroupKFold,42
rec_74dc05d838e1c99f8b55,D:\INFANT CRY\data_set_dbl_split\train\not_baby\2-188822-A-40.wav,not_baby/2-188822-A-40.wav,not_baby,1,esc50,esc50_source:188822,esc50_source_file,b5a49dab9e1ba8bf7c694ae863d3f73747102cd73b74d3a2060fe66e9796d91d,StratifiedGroupKFold,42
rec_ddec653c78f1550cf80d,D:\INFANT CRY\data_set_dbl_split\train\not_baby\2-188822-B-40.wav,not_baby/2-188822-B-40.wav,not_baby,1,esc50,esc50_source:188822,esc50_source_file,2c6928f5af242d0da9bfa41749ff6d606785ab179754a275c2be9d7c3b64461f,StratifiedGroupKFold,42
rec_8dc9b71eb0f678c78245,D:\INFANT CRY\data_set_dbl_split\train\not_baby\2-188822-C-40.wav,not_baby/2-188822-C-40.wav,not_baby,1,esc50,esc50_source:188822,esc50_source_file,df124f48361127f4aa51cfe34078634e047c19af3a63d29826cb5a1def0c743f,StratifiedGroupKFold,42
rec_97952f9fbe4a0375b598,D:\INFANT CRY\data_set_dbl_split\train\not_baby\2-188822-D-40.wav,not_baby/2-188822-D-40.wav,not_baby,1,esc50,esc50_source:188822,esc50_source_file,7ffae2dcd7611c77a1d57de223433e1e70fa6ffe2422b9e882e815ccaedc62b8,StratifiedGroupKFold,42
rec_27c09c244e623559d3ee,D:\INFANT CRY\data_set_dbl_split\train\not_baby\2-209475-A-25.wav,not_baby/2-209475-A-25.wav,not_baby,1,esc50,esc50_source:209475,esc50_source_file,9e831ab88a17a5d44d47890a9859e6bd4388d3be309b8d58f3d656c930547754,StratifiedGroupKFold,42
rec_ce7bc6d63a301c5900cb,D:\INFANT CRY\data_set_dbl_split\train\not_baby\2-25293-A-22.wav,not_baby/2-25293-A-22.wav,not_baby,1,esc50,esc50_source:25293,esc50_source_file,c8ddf76965ae2928c07e61d083825398c20ea06fe09d3a999c1a99492c771006,StratifiedGroupKFold,42
rec_c4171d7887942112522d,D:\INFANT CRY\data_set_dbl_split\train\not_baby\2-28314-A-12.wav,not_baby/2-28314-A-12.wav,not_baby,1,esc50,esc50_source:28314,esc50_source_file,f77a729e093baeeba246d00c4875e6fd7702c3635e0e5e58aca2357f62d16c92,StratifiedGroupKFold,42
rec_bd45c4f38745a5fbefb6,D:\INFANT CRY\data_set_dbl_split\train\not_baby\2-28314-B-12.wav,not_baby/2-28314-B-12.wav,not_baby,1,esc50,esc50_source:28314,esc50_source_file,6c5f3f8b6af384c0b553741b51e7348c24537d686e7abaa6eadf4badd2da2168,StratifiedGroupKFold,42
rec_c2b3fb5abdc72ad46249,D:\INFANT CRY\data_set_dbl_split\train\not_baby\2-32834-A-4.wav,not_baby/2-32834-A-4.wav,not_baby,1,esc50,esc50_source:32834,esc50_source_file,f2dfbb926b4c3d69d75ed6dbb9a8a2db93be15cd7fe51ffd3b037ff66f95d723,StratifiedGroupKFold,42
rec_6d16235919d2e606b205,D:\INFANT CRY\data_set_dbl_split\train\not_baby\2-52789-A-4.wav,not_baby/2-52789-A-4.wav,not_baby,1,esc50,esc50_source:52789,esc50_source_file,2bbc51a820bb26ea757e9bf85d922b0ecc2b6ebe5d91bb1160534fc476429b07,StratifiedGroupKFold,42
rec_a9a9cc0677eadf4f5e6a,D:\INFANT CRY\data_set_dbl_split\train\not_baby\2-54086-A-43.wav,not_baby/2-54086-A-43.wav,not_baby,1,esc50,esc50_source:54086,esc50_source_file,66d57ce16595c23b696ce37858261d98342005f1b07c2b9c2e6a9e4b76480d33,StratifiedGroupKFold,42
rec_ec9ad2b216eeea36d1f3,D:\INFANT CRY\data_set_dbl_split\train\not_baby\2-54962-A-23.wav,not_baby/2-54962-A-23.wav,not_baby,1,esc50,esc50_source:54962,esc50_source_file,a62a02ad6b24eedf0b3467646f77566df9ea6f05f0247c906be56f32150353e4,StratifiedGroupKFold,42
rec_694679415437bdc9524a,D:\INFANT CRY\data_set_dbl_split\train\not_baby\2-56926-A-46.wav,not_baby/2-56926-A-46.wav,not_baby,1,esc50,esc50_source:56926,esc50_source_file,1583d0be06e9869e2647770cc58c35018337157ca1652bfb7b911e6139e6cb03,StratifiedGroupKFold,42
rec_4ec0e5744fb06c3e6930,D:\INFANT CRY\data_set_dbl_split\train\not_baby\2-57191-A-46.wav,not_baby/2-57191-A-46.wav,not_baby,1,esc50,esc50_source:57191,esc50_source_file,9a8b14997744a923922052ac97d9a43ac1ec9d39e04b8a89649dc0d58177d8f1,StratifiedGroupKFold,42
rec_f7efd17900e809ea0635,D:\INFANT CRY\data_set_dbl_split\train\not_baby\2-59241-A-35.wav,not_baby/2-59241-A-35.wav,not_baby,1,esc50,esc50_source:59241,esc50_source_file,9f262449b28554c66ba730ebfdb8d2504eadb3686ea3b4e3a531c2f015e06b94,StratifiedGroupKFold,42
rec_602b3325860ba9abe8c9,D:\INFANT CRY\data_set_dbl_split\train\not_baby\2-60795-A-26.wav,not_baby/2-60795-A-26.wav,not_baby,1,esc50,esc50_source:60795,esc50_source_file,160104c769dc88fa6958c3e6207cd646bb5d77950f9ba7ed23dd3ef0a2e8c3f7,StratifiedGroupKFold,42
rec_2ab4d13d4ace21dd8f3b,D:\INFANT CRY\data_set_dbl_split\train\not_baby\2-64332-A-18.wav,not_baby/2-64332-A-18.wav,not_baby,1,esc50,esc50_source:64332,esc50_source_file,1a06ca7a354ec65a6a07ad30d9b38bd3441a9d3f419d9bf4b30f87c83e8f2801,StratifiedGroupKFold,42
rec_c92301dec96f4b61208e,D:\INFANT CRY\data_set_dbl_split\train\not_baby\2-66205-A-23.wav,not_baby/2-66205-A-23.wav,not_baby,1,esc50,esc50_source:66205,esc50_source_file,da9fbb9c343bd7f4342e823df320045f5dbd7fe8804686b520fd64072f7e4481,StratifiedGroupKFold,42
rec_d3d590e68ba8c762624e,D:\INFANT CRY\data_set_dbl_split\train\not_baby\2-70366-A-33.wav,not_baby/2-70366-A-33.wav,not_baby,1,esc50,esc50_source:70366,esc50_source_file,670f71479b307e78be74bacac0d54f8fb6760a04eebf69eaea06d54d382583c2,StratifiedGroupKFold,42
rec_3d696a5226a446b023ea,D:\INFANT CRY\data_set_dbl_split\train\not_baby\2-70939-A-42.wav,not_baby/2-70939-A-42.wav,not_baby,1,esc50,esc50_source:70939,esc50_source_file,a3b366a40193537c92bc4053a1691a36f102c6067514f116cf07773498a0decf,StratifiedGroupKFold,42
rec_dbee464043868f7e6ea5,D:\INFANT CRY\data_set_dbl_split\train\not_baby\2-72970-A-10.wav,not_baby/2-72970-A-10.wav,not_baby,1,esc50,esc50_source:72970,esc50_source_file,f6d91324daa8863100c7f922b20727c86d46c27249cce9e15d66305e623e56b8,StratifiedGroupKFold,42
rec_48296cbd2c02dbdf1979,D:\INFANT CRY\data_set_dbl_split\train\not_baby\2-74977-A-18.wav,not_baby/2-74977-A-18.wav,not_baby,1,esc50,esc50_source:74977,esc50_source_file,595b5a370d9e8aa971045a10ae5c97c035283c7e2edad7844105bdaee48355b2,StratifiedGroupKFold,42
rec_818d15daffb7880f2871,D:\INFANT CRY\data_set_dbl_split\train\not_baby\2-76868-A-6.wav,not_baby/2-76868-A-6.wav,not_baby,1,esc50,esc50_source:76868,esc50_source_file,78e7fb95586c595fdf72bd2b7eaa5aeb494d416c0c2ebf2912cf6a493f9b8050,StratifiedGroupKFold,42
rec_f6664fd458f1383dd755,D:\INFANT CRY\data_set_dbl_split\train\not_baby\2-81970-A-7.wav,not_baby/2-81970-A-7.wav,not_baby,1,esc50,esc50_source:81970,esc50_source_file,424e1adafdcaa01fc5cb9afec55f7f0fa92c73236e113f4919cbc63d58aa2930,StratifiedGroupKFold,42
rec_1847cba23393e585c833,D:\INFANT CRY\data_set_dbl_split\train\not_baby\2-81970-B-7.wav,not_baby/2-81970-B-7.wav,not_baby,1,esc50,esc50_source:81970,esc50_source_file,62ea1a423fe75dae705567ae43b3174e1c92ff4b6fc705285437d7c86beb784b,StratifiedGroupKFold,42
rec_1c804486f856350af902,D:\INFANT CRY\data_set_dbl_split\train\not_baby\2-81970-C-7.wav,not_baby/2-81970-C-7.wav,not_baby,1,esc50,esc50_source:81970,esc50_source_file,ea94a99a5e6e90e78df9796ffc66b056f9f0b1897e482ac91edcb598296ef922,StratifiedGroupKFold,42
rec_a329cddebb97662e0286,D:\INFANT CRY\data_set_dbl_split\train\not_baby\2-84943-A-18.wav,not_baby/2-84943-A-18.wav,not_baby,1,esc50,esc50_source:84943,esc50_source_file,9922d3f8aed2a5030a21a78f8d3b1cca9244157643f871f86b08bb9cf85ea45d,StratifiedGroupKFold,42
rec_c2d6245159adecbb709e,D:\INFANT CRY\data_set_dbl_split\train\not_baby\2-85945-A-18.wav,not_baby/2-85945-A-18.wav,not_baby,1,esc50,esc50_source:85945,esc50_source_file,12ad2de9729c89b4b423af1b53f9cd2e01a2a5ca9bc63120241c3b4d9236f360,StratifiedGroupKFold,42
rec_38370422e0cfaafcfc5c,D:\INFANT CRY\data_set_dbl_split\train\not_baby\2-87780-A-33.wav,not_baby/2-87780-A-33.wav,not_baby,1,esc50,esc50_source:87780,esc50_source_file,74b81ed0ff2cdf9d4a70dcfa817827d0471289589471ac80b00f821582f7b779,StratifiedGroupKFold,42
rec_224419176cc0017275a0,D:\INFANT CRY\data_set_dbl_split\train\not_baby\2-93030-A-21.wav,not_baby/2-93030-A-21.wav,not_baby,1,esc50,esc50_source:93030,esc50_source_file,e56f2b85d767caab2bf9ade0a4049bee154919d9650166a2c05c430face89347,StratifiedGroupKFold,42
rec_49aa05a14e57c1646b3d,D:\INFANT CRY\data_set_dbl_split\train\not_baby\2-95258-A-1.wav,not_baby/2-95258-A-1.wav,not_baby,1,esc50,esc50_source:95258,esc50_source_file,d28ca7b6710feb0ec50272e5a77f924e80fa83290bdec6ec4c0db82ce6576f07,StratifiedGroupKFold,42
rec_085d0eb0088983425bff,D:\INFANT CRY\data_set_dbl_split\train\not_baby\2-95258-B-1.wav,not_baby/2-95258-B-1.wav,not_baby,1,esc50,esc50_source:95258,esc50_source_file,f3d02c689e4003bf4800de2af77dc773ccb4de9049ce4cb81104696d17ba1956,StratifiedGroupKFold,42
rec_34ec08f297a298371082,D:\INFANT CRY\data_set_dbl_split\train\not_baby\2-96033-A-13.wav,not_baby/2-96033-A-13.wav,not_baby,1,esc50,esc50_source:96033,esc50_source_file,ecebe6fdc3440b0b4849b67dbbf5e31af47952cb6e2248d636671897735a79f7,StratifiedGroupKFold,42
rec_0b3ddcb30b55c1f9298d,D:\INFANT CRY\data_set_dbl_split\train\not_baby\2-99795-A-32.wav,not_baby/2-99795-A-32.wav,not_baby,1,esc50,esc50_source:99795,esc50_source_file,d73b231a5965c385dab9ff28652ea38f4d49e8f018e0623e9dfb499c82cfed0f,StratifiedGroupKFold,42
rec_4da3a92532b41971f790,D:\INFANT CRY\data_set_dbl_split\train\not_baby\3-100024-A-27.wav,not_baby/3-100024-A-27.wav,not_baby,1,esc50,esc50_source:100024,esc50_source_file,dbf2eb4ef849fb9c67fa6bdd3b87173f7cfe323993d13c030049cd32bd6cbd5b,StratifiedGroupKFold,42
rec_6b727c683a5c8f67b17a,D:\INFANT CRY\data_set_dbl_split\train\not_baby\3-100024-B-27.wav,not_baby/3-100024-B-27.wav,not_baby,1,esc50,esc50_source:100024,esc50_source_file,dfd3497eed344ceccb2bb476e5dd58e00b1e3d3a4d09b3014709a83c294e4387,StratifiedGroupKFold,42
rec_7b0c3c0adf6ba119f2d6,D:\INFANT CRY\data_set_dbl_split\train\not_baby\3-103401-A-33.wav,not_baby/3-103401-A-33.wav,not_baby,1,esc50,esc50_source:103401,esc50_source_file,8d24ecada66037e9796b96df875e31ff626b2996545103158855ed0bc0ca2895,StratifiedGroupKFold,42
rec_2c8eb61e36fecfaffc95,D:\INFANT CRY\data_set_dbl_split\train\not_baby\3-103401-B-33.wav,not_baby/3-103401-B-33.wav,not_baby,1,esc50,esc50_source:103401,esc50_source_file,9f3a291c830396d8f3d803fde776287116de718feefbe4c050f85725ac63148f,StratifiedGroupKFold,42
rec_591afe07ae920df7e9dc,D:\INFANT CRY\data_set_dbl_split\train\not_baby\3-103401-C-33.wav,not_baby/3-103401-C-33.wav,not_baby,1,esc50,esc50_source:103401,esc50_source_file,8e2b336decf839b7aec75062399c47dbad49a43dc4631a1309ce300e6b30943b,StratifiedGroupKFold,42
rec_3fa8f0827ed75aefe545,D:\INFANT CRY\data_set_dbl_split\train\not_baby\3-103401-D-33.wav,not_baby/3-103401-D-33.wav,not_baby,1,esc50,esc50_source:103401,esc50_source_file,9674cd6ef8031fac93220f242b32a6081810e8365522a7886831dfa6f06ed8b2,StratifiedGroupKFold,42
rec_6ba795a1c4f0e3ff6416,D:\INFANT CRY\data_set_dbl_split\train\not_baby\3-105236-A-7.wav,not_baby/3-105236-A-7.wav,not_baby,1,esc50,esc50_source:105236,esc50_source_file,dad8e9e5161d0044d5a3bf1251ae795bb4903718645b979003128fbb75ecb557,StratifiedGroupKFold,42
rec_69e849b96f0766ded187,D:\INFANT CRY\data_set_dbl_split\train\not_baby\3-107123-A-26.wav,not_baby/3-107123-A-26.wav,not_baby,1,esc50,esc50_source:107123,esc50_source_file,9b6a405f45bad8af59b0c17aacbda14dc6162b434345353adaf28cd182334d0d,StratifiedGroupKFold,42
rec_ef5f23764c64cd11a6a8,D:\INFANT CRY\data_set_dbl_split\train\not_baby\3-108451-A-17.wav,not_baby/3-108451-A-17.wav,not_baby,1,esc50,esc50_source:108451,esc50_source_file,b03020a9662624137b529ea76eb7f5074ca4fd906e1526b747b0ec305988cda1,StratifiedGroupKFold,42
rec_f8dfd8da759e9f4abd37,D:\INFANT CRY\data_set_dbl_split\train\not_baby\3-108451-B-17.wav,not_baby/3-108451-B-17.wav,not_baby,1,esc50,esc50_source:108451,esc50_source_file,5101384cdccfaebd28afa9acef532a3b3a1a66df4ae4b827ada0eeb2a63a93c6,StratifiedGroupKFold,42
rec_a830845b33d30ec1f946,D:\INFANT CRY\data_set_dbl_split\train\not_baby\3-110913-A-7.wav,not_baby/3-110913-A-7.wav,not_baby,1,esc50,esc50_source:110913,esc50_source_file,1d807fd9a43b9493102f43e59e1b231f4698da8164c5f634ec0acf0d4eb4b968,StratifiedGroupKFold,42
rec_b020da989e4df5eb95b6,D:\INFANT CRY\data_set_dbl_split\train\not_baby\3-110913-B-7.wav,not_baby/3-110913-B-7.wav,not_baby,1,esc50,esc50_source:110913,esc50_source_file,7b1d051e87b0f5f5b3bea09438c5ecddc6cd4ea63af8eb475dca7620a4542b3c,StratifiedGroupKFold,42
rec_a1bd0df3a8e53e49f020,D:\INFANT CRY\data_set_dbl_split\train\not_baby\3-110913-C-7.wav,not_baby/3-110913-C-7.wav,not_baby,1,esc50,esc50_source:110913,esc50_source_file,8d6e7220816ccd1f08e15474445806217412c1683d12ce2eb21cb57a16444602,StratifiedGroupKFold,42
rec_98dfc159b93e6804829a,D:\INFANT CRY\data_set_dbl_split\train\not_baby\3-110913-D-7.wav,not_baby/3-110913-D-7.wav,not_baby,1,esc50,esc50_source:110913,esc50_source_file,9bacabbba20e42035df9ab4c25f962b9b990c89b9c4812cd2d7f082b43c9a59a,StratifiedGroupKFold,42
rec_322c0518ecbd03780869,D:\INFANT CRY\data_set_dbl_split\train\not_baby\3-112522-A-27.wav,not_baby/3-112522-A-27.wav,not_baby,1,esc50,esc50_source:112522,esc50_source_file,0eb73d3e15db2d5e4053e576b5a301fd2f6d5c2e55ebb58d67e73f828f83b0c7,StratifiedGroupKFold,42
rec_97cee48b626fc1259984,D:\INFANT CRY\data_set_dbl_split\train\not_baby\3-115387-A-47.wav,not_baby/3-115387-A-47.wav,not_baby,1,esc50,esc50_source:115387,esc50_source_file,b6bdfb70ce903dc3de5d02fa80206a025741336e904e4e2ce12edb93d55ed9aa,StratifiedGroupKFold,42
rec_eea939e24f7896414bd7,D:\INFANT CRY\data_set_dbl_split\train\not_baby\3-115387-B-47.wav,not_baby/3-115387-B-47.wav,not_baby,1,esc50,esc50_source:115387,esc50_source_file,23bacf231c1d2d0beb6f7810ddfead3a9eec9a341151e40b8f40e0989db10f32,StratifiedGroupKFold,42
rec_def9c4212c406185aadf,D:\INFANT CRY\data_set_dbl_split\train\not_baby\3-115387-C-47.wav,not_baby/3-115387-C-47.wav,not_baby,1,esc50,esc50_source:115387,esc50_source_file,79b3af558732ef99575e5b8e9f6b197350ca23f5930a28f4b640ef5a8f0410f8,StratifiedGroupKFold,42
rec_1baca4c69026c972406e,D:\INFANT CRY\data_set_dbl_split\train\not_baby\3-117883-A-37.wav,not_baby/3-117883-A-37.wav,not_baby,1,esc50,esc50_source:117883,esc50_source_file,93064c312872ee32c74e893a7b2a7fa2b8fa83170a17ce6267227186178ddcdb,StratifiedGroupKFold,42
rec_6ddaa520a463243174f3,D:\INFANT CRY\data_set_dbl_split\train\not_baby\3-118658-A-41.wav,not_baby/3-118658-A-41.wav,not_baby,1,esc50,esc50_source:118658,esc50_source_file,55f4073b9095db0ad4d20230badbb7decc9549e5f080df29717d7d379648405e,StratifiedGroupKFold,42
rec_ed877a27d02a7e1aa70b,D:\INFANT CRY\data_set_dbl_split\train\not_baby\3-118658-B-41.wav,not_baby/3-118658-B-41.wav,not_baby,1,esc50,esc50_source:118658,esc50_source_file,f26428971e55d517dbca42ad5b5678fd0fce166931f3e1c581121a93b346cf61,StratifiedGroupKFold,42
rec_62c498d4f52b4ed52dd1,D:\INFANT CRY\data_set_dbl_split\train\not_baby\3-128512-A-47.wav,not_baby/3-128512-A-47.wav,not_baby,1,esc50,esc50_source:128512,esc50_source_file,30f335c4e9f4deb9b6e472941c04a2515555aa2e0117a20ebb6d03581a6799cb,StratifiedGroupKFold,42
rec_b66fc1817faba0a82757,D:\INFANT CRY\data_set_dbl_split\train\not_baby\3-128512-B-47.wav,not_baby/3-128512-B-47.wav,not_baby,1,esc50,esc50_source:128512,esc50_source_file,a4b3eeee8e02d1e69def95616d4a982e186baeb12d0891c2367573b3565863c2,StratifiedGroupKFold,42
rec_65feea339842c48fdb84,D:\INFANT CRY\data_set_dbl_split\train\not_baby\3-132830-A-32.wav,not_baby/3-132830-A-32.wav,not_baby,1,esc50,esc50_source:132830,esc50_source_file,d75fa250788f499ec7faa1c5ba8ee38eff4e66460f9b2a0b7f8aa26dc2f73e3a,StratifiedGroupKFold,42
rec_0adb24464f885944d145,D:\INFANT CRY\data_set_dbl_split\train\not_baby\3-134049-A-1.wav,not_baby/3-134049-A-1.wav,not_baby,1,esc50,esc50_source:134049,esc50_source_file,2ccd86599da9a402b116d814d765b0fd1a568ee11923394bfc0a3af4db1581fa,StratifiedGroupKFold,42
rec_5c071d5824e91ac844a4,D:\INFANT CRY\data_set_dbl_split\train\not_baby\3-135650-A-45.wav,not_baby/3-135650-A-45.wav,not_baby,1,esc50,esc50_source:135650,esc50_source_file,bf3702813123d2fd8ab091d08a7a7a48af204e9d51fe902da019a45f1c22b979,StratifiedGroupKFold,42
rec_e39ceaad22aeb140062c,D:\INFANT CRY\data_set_dbl_split\train\not_baby\3-135650-B-45.wav,not_baby/3-135650-B-45.wav,not_baby,1,esc50,esc50_source:135650,esc50_source_file,ab5ca531ce389a27cf92e44e6dc91f09d5c7c072aaf3c0e9f8bbb0cf2e914e34,StratifiedGroupKFold,42
rec_c93daa85a1a136f95904,D:\INFANT CRY\data_set_dbl_split\train\not_baby\3-138212-A-45.wav,not_baby/3-138212-A-45.wav,not_baby,1,esc50,esc50_source:138212,esc50_source_file,09aee3b73b209b98b2e34a1651cb72309a5840c2fc1831c342b968bea693cc4d,StratifiedGroupKFold,42
rec_0decac0b55f8bcf62d0f,D:\INFANT CRY\data_set_dbl_split\train\not_baby\3-139109-A-46.wav,not_baby/3-139109-A-46.wav,not_baby,1,esc50,esc50_source:139109,esc50_source_file,af64f85921ab2491f4dc060eeada635c2a547d96afb3731e1386661165e96af1,StratifiedGroupKFold,42
rec_bb15c0cde0f114d62c02,D:\INFANT CRY\data_set_dbl_split\train\not_baby\3-142006-A-10.wav,not_baby/3-142006-A-10.wav,not_baby,1,esc50,esc50_source:142006,esc50_source_file,bd24c750af1d7ed49a3d19ecc4401cd10368a18e02a07c3a5524fdb7a576d5af,StratifiedGroupKFold,42
rec_ccafd5b06dadc3c3bbf9,D:\INFANT CRY\data_set_dbl_split\train\not_baby\3-142601-A-21.wav,not_baby/3-142601-A-21.wav,not_baby,1,esc50,esc50_source:142601,esc50_source_file,ef15ba95b34a2a12a0b7f272d5b26422e828ceffa16613e3f89df1890d5f1d75,StratifiedGroupKFold,42
rec_4ad105cff4ca9a7d9201,D:\INFANT CRY\data_set_dbl_split\train\not_baby\3-143119-A-21.wav,not_baby/3-143119-A-21.wav,not_baby,1,esc50,esc50_source:143119,esc50_source_file,bd5ca9e66497ab6b82c8c158d657011240040a7f9b5434fa73d40314b66433b2,StratifiedGroupKFold,42
rec_7837c9ab542a3c22431d,D:\INFANT CRY\data_set_dbl_split\train\not_baby\3-144259-A-29.wav,not_baby/3-144259-A-29.wav,not_baby,1,esc50,esc50_source:144259,esc50_source_file,22dbe025168bca20c9fef3d60d40e39e71fb95117b68cca74dd84f80fff75244,StratifiedGroupKFold,42
rec_023bbf0d96d592fc07ba,D:\INFANT CRY\data_set_dbl_split\train\not_baby\3-145387-A-29.wav,not_baby/3-145387-A-29.wav,not_baby,1,esc50,esc50_source:145387,esc50_source_file,cdb3730cfb6b188e9551cbc3b7ae2679aeb2c2472c7a7bf63af4c3eac196f4e1,StratifiedGroupKFold,42
rec_848fc602b692aa35f2a7,D:\INFANT CRY\data_set_dbl_split\train\not_baby\3-145487-A-24.wav,not_baby/3-145487-A-24.wav,not_baby,1,esc50,esc50_source:145487,esc50_source_file,422b999e10eff69ad3fa06c6f05d6bf6e1fe675137c49830452712d9897abe09,StratifiedGroupKFold,42
rec_d1bf1068e3822bf6dc39,D:\INFANT CRY\data_set_dbl_split\train\not_baby\3-145774-A-12.wav,not_baby/3-145774-A-12.wav,not_baby,1,esc50,esc50_source:145774,esc50_source_file,126163ee53c9cfc620a9963303a56e5e8fb2e1a47da02ac0a8849f35244e0c8e,StratifiedGroupKFold,42
rec_86dae88c40871587f7bb,D:\INFANT CRY\data_set_dbl_split\train\not_baby\3-146964-A-5.wav,not_baby/3-146964-A-5.wav,not_baby,1,esc50,esc50_source:146964,esc50_source_file,75cb3eeb2419bd4bbcf43cfa5a94d1c5d2c25f48baf00cdf65bfb9f86d186b14,StratifiedGroupKFold,42
rec_d62c294a65206a2bf4dd,D:\INFANT CRY\data_set_dbl_split\train\not_baby\3-147342-A-34.wav,not_baby/3-147342-A-34.wav,not_baby,1,esc50,esc50_source:147342,esc50_source_file,758f2901b65e7b7e64c0b0186dc6c299fa2dc3ea09cba7b759d00d8bc37964bc,StratifiedGroupKFold,42
rec_02deca40499976ca5400,D:\INFANT CRY\data_set_dbl_split\train\not_baby\3-149189-A-1.wav,not_baby/3-149189-A-1.wav,not_baby,1,esc50,esc50_source:149189,esc50_source_file,0ab042724404b7b43a3f0b31188f57e6acf04f531dc3fa0f1f09ab68ad096d4f,StratifiedGroupKFold,42
rec_195991f21b0c4bab4daa,D:\INFANT CRY\data_set_dbl_split\train\not_baby\3-151206-A-23.wav,not_baby/3-151206-A-23.wav,not_baby,1,esc50,esc50_source:151206,esc50_source_file,72be0e5165e84df90ecb5b879ee5402676431abe2167cac50da10465f21392a3,StratifiedGroupKFold,42
rec_7f527ba19fdecbb7587e,D:\INFANT CRY\data_set_dbl_split\train\not_baby\3-151273-A-35.wav,not_baby/3-151273-A-35.wav,not_baby,1,esc50,esc50_source:151273,esc50_source_file,1f093cd623b2171570e3342e9bfa7bf3c18b5112590321e762c65bcd079d956a,StratifiedGroupKFold,42
rec_3cef2c45f11ddda6f25b,D:\INFANT CRY\data_set_dbl_split\train\not_baby\3-153444-A-32.wav,not_baby/3-153444-A-32.wav,not_baby,1,esc50,esc50_source:153444,esc50_source_file,ca3cd2deab66200c838c5395cf6221c95d309bec310456cf194bc316af410393,StratifiedGroupKFold,42
rec_989ae147e57398c2c0f1,D:\INFANT CRY\data_set_dbl_split\train\not_baby\3-154781-A-32.wav,not_baby/3-154781-A-32.wav,not_baby,1,esc50,esc50_source:154781,esc50_source_file,b65a1cd87e450898f9d40e96ee329d9b06887151cdd782cc21bdfa49cfb17cb9,StratifiedGroupKFold,42
rec_e9d8504af2c5902de4c4,D:\INFANT CRY\data_set_dbl_split\train\not_baby\3-155577-A-14.wav,not_baby/3-155577-A-14.wav,not_baby,1,esc50,esc50_source:155577,esc50_source_file,962fc83526ff70ac2392023ad032ae0f2f898d609775b438f22a4e3b639cbe7d,StratifiedGroupKFold,42
rec_1d53a0df701a8b7052de,D:\INFANT CRY\data_set_dbl_split\train\not_baby\3-155584-A-14.wav,not_baby/3-155584-A-14.wav,not_baby,1,esc50,esc50_source:155584,esc50_source_file,f806bf97ee343fdec1eb56fa9347e3ea9a48143282f4b2f8753beb2717ad69ae,StratifiedGroupKFold,42
rec_9263362c47f59185be68,D:\INFANT CRY\data_set_dbl_split\train\not_baby\3-158476-A-12.wav,not_baby/3-158476-A-12.wav,not_baby,1,esc50,esc50_source:158476,esc50_source_file,6d5eb5cbb48457fddc3647fa4750e1c5d3c8f5121756182206adfbf9c9eedc50,StratifiedGroupKFold,42
rec_67be7f75e838c953276c,D:\INFANT CRY\data_set_dbl_split\train\not_baby\3-161500-A-17.wav,not_baby/3-161500-A-17.wav,not_baby,1,esc50,esc50_source:161500,esc50_source_file,784ac0b121a0e4cde47c7c146872b20d06744bcc28b85e5fc6ed97509f57f30c,StratifiedGroupKFold,42
rec_3e6a0b867e23afe8d357,D:\INFANT CRY\data_set_dbl_split\train\not_baby\3-163607-A-13.wav,not_baby/3-163607-A-13.wav,not_baby,1,esc50,esc50_source:163607,esc50_source_file,84a809683296237fe88f185b856ac8f8bc100f5b6c8450af64cb5fb0066b2940,StratifiedGroupKFold,42
rec_713541ed60557635040c,D:\INFANT CRY\data_set_dbl_split\train\not_baby\3-163607-B-13.wav,not_baby/3-163607-B-13.wav,not_baby,1,esc50,esc50_source:163607,esc50_source_file,8ab927913468338f081b484410b18ba1f8a82eb438a67234747952a569f89163,StratifiedGroupKFold,42
rec_93df184dc22bbfcb183f,D:\INFANT CRY\data_set_dbl_split\train\not_baby\3-164120-A-11.wav,not_baby/3-164120-A-11.wav,not_baby,1,esc50,esc50_source:164120,esc50_source_file,adcd03bf5b6a5c220cfbc4382ba6aa6873bedef53d0034a4dc5e2f0f6a183cb4,StratifiedGroupKFold,42
rec_34af26019d43ef949fc9,D:\INFANT CRY\data_set_dbl_split\train\not_baby\3-166546-A-34.wav,not_baby/3-166546-A-34.wav,not_baby,1,esc50,esc50_source:166546,esc50_source_file,eea21e76147950bf6b1d304afb823ef6dc698165ea31d4f88df296fd5e6d6cf5,StratifiedGroupKFold,42
rec_d4ce08701039e1374daa,D:\INFANT CRY\data_set_dbl_split\train\not_baby\3-166546-B-34.wav,not_baby/3-166546-B-34.wav,not_baby,1,esc50,esc50_source:166546,esc50_source_file,9602a412ed9afef827c8cf74e146e9c77da5713283434bf4777583c5f91ec7e7,StratifiedGroupKFold,42
rec_fea6ce593b3dbea2459d,D:\INFANT CRY\data_set_dbl_split\train\not_baby\3-170851-A-31.wav,not_baby/3-170851-A-31.wav,not_baby,1,esc50,esc50_source:170851,esc50_source_file,38c10045e86b488e7f3b08526edea503fedeed56356f63413f559e0542bede76,StratifiedGroupKFold,42
rec_b5ae4deae4906055e68c,D:\INFANT CRY\data_set_dbl_split\train\not_baby\3-172881-A-48.wav,not_baby/3-172881-A-48.wav,not_baby,1,esc50,esc50_source:172881,esc50_source_file,28df9b3d7cf31985dbabae39d09e84e6f427ab7f4c3b012d185e5336effe786e,StratifiedGroupKFold,42
rec_cbbbdba773e50330ab83,D:\INFANT CRY\data_set_dbl_split\train\not_baby\3-181132-A-14.wav,not_baby/3-181132-A-14.wav,not_baby,1,esc50,esc50_source:181132,esc50_source_file,e454897f74f9c366242072e46a8ab4ed788419e0ff0443920bd58c46d9f8d410,StratifiedGroupKFold,42
rec_b7828a0902bd62e6a2f5,D:\INFANT CRY\data_set_dbl_split\train\not_baby\3-182025-A-30.wav,not_baby/3-182025-A-30.wav,not_baby,1,esc50,esc50_source:182025,esc50_source_file,183c8545811df752f9c9a0a4c13ba03c9385dd87a645f5b84cff00b28b84eece,StratifiedGroupKFold,42
rec_b563bad6214703d29b79,D:\INFANT CRY\data_set_dbl_split\train\not_baby\3-185313-A-31.wav,not_baby/3-185313-A-31.wav,not_baby,1,esc50,esc50_source:185313,esc50_source_file,35dc5189d6df94e6dcbc5a92efe06de7e98bcd34ffc87a2c34a8dc2740a20348,StratifiedGroupKFold,42
rec_74471163c5cf08baa8d9,D:\INFANT CRY\data_set_dbl_split\train\not_baby\3-188726-A-35.wav,not_baby/3-188726-A-35.wav,not_baby,1,esc50,esc50_source:188726,esc50_source_file,bef59e3622bec0845d4158a04757381be86099b100966cd4b3c8954befb61b32,StratifiedGroupKFold,42
rec_83f230ff69bd10905c3b,D:\INFANT CRY\data_set_dbl_split\train\not_baby\3-193767-A-47.wav,not_baby/3-193767-A-47.wav,not_baby,1,esc50,esc50_source:193767,esc50_source_file,8b7715663277c0fcacf8fb4c44603c6eeab43ac114922e219fb00cabfd7f35a8,StratifiedGroupKFold,42
rec_4e49e06bdd34913f8bc2,D:\INFANT CRY\data_set_dbl_split\train\not_baby\3-203377-A-39.wav,not_baby/3-203377-A-39.wav,not_baby,1,esc50,esc50_source:203377,esc50_source_file,66c6c338f75f509754b454cedae44597f70c97a44f79a3079da0183a63e34562,StratifiedGroupKFold,42
rec_9b9c3477fa605d6d710a,D:\INFANT CRY\data_set_dbl_split\train\not_baby\3-20861-A-8.wav,not_baby/3-20861-A-8.wav,not_baby,1,esc50,esc50_source:20861,esc50_source_file,becad9c6424e0e7743f11a7c9fa2a6c1fcb8088a667e40a354d725c5c72f0197,StratifiedGroupKFold,42
rec_35c4edcff81ff294ea56,D:\INFANT CRY\data_set_dbl_split\train\not_baby\3-216281-A-39.wav,not_baby/3-216281-A-39.wav,not_baby,1,esc50,esc50_source:216281,esc50_source_file,6f0ae114a872f560946a6a45d474f2b9e0664325ac5b236bc396723ecfbcb5ff,StratifiedGroupKFold,42
rec_314d4be5c798187b2a64,D:\INFANT CRY\data_set_dbl_split\train\not_baby\3-257858-A-2.wav,not_baby/3-257858-A-2.wav,not_baby,1,esc50,esc50_source:257858,esc50_source_file,5d8ae655c938c9f962b81081127de300f0a67a1581a0d2d459f9da3575529f0b,StratifiedGroupKFold,42
rec_f7dc55f15d84b1816378,D:\INFANT CRY\data_set_dbl_split\train\not_baby\3-51909-A-42.wav,not_baby/3-51909-A-42.wav,not_baby,1,esc50,esc50_source:51909,esc50_source_file,5f5c273e29bd8fbcb52cecc798cbbcdb4497f503e04731ef7bcdc3094d0b046d,StratifiedGroupKFold,42
rec_4da08d7250369bcbca5d,D:\INFANT CRY\data_set_dbl_split\train\not_baby\3-51909-B-42.wav,not_baby/3-51909-B-42.wav,not_baby,1,esc50,esc50_source:51909,esc50_source_file,75bf135fc612f63b9e79fcf0461c2ea30677d0254c84f43005cfc7d337da75e8,StratifiedGroupKFold,42
rec_2f82d93cb934789c39d0,D:\INFANT CRY\data_set_dbl_split\train\not_baby\3-58772-A-42.wav,not_baby/3-58772-A-42.wav,not_baby,1,esc50,esc50_source:58772,esc50_source_file,b7b50b9bd964f0026d5d29d9bffd4b7be78171a231d4a190b9addd8ce3390352,StratifiedGroupKFold,42
rec_946387d6f28b9a40addc,D:\INFANT CRY\data_set_dbl_split\train\not_baby\3-68630-A-40.wav,not_baby/3-68630-A-40.wav,not_baby,1,esc50,esc50_source:68630,esc50_source_file,f085e649b44c0ff59ce93228fd367da81c68f53e5f932fb3c2dbbcc66c997a66,StratifiedGroupKFold,42
rec_5895a871d133bf4af47b,D:\INFANT CRY\data_set_dbl_split\train\not_baby\3-68630-B-40.wav,not_baby/3-68630-B-40.wav,not_baby,1,esc50,esc50_source:68630,esc50_source_file,fc18f3d9663d8f180bf65e1747543816ceebc6a710de319de74017a8eb2e4b15,StratifiedGroupKFold,42
rec_2d63db7cee684016c304,D:\INFANT CRY\data_set_dbl_split\train\not_baby\3-68630-C-40.wav,not_baby/3-68630-C-40.wav,not_baby,1,esc50,esc50_source:68630,esc50_source_file,0358b8428bc77a109345b4f36f92fcdae1795efdf1928e74a4bbf35d58b607ee,StratifiedGroupKFold,42
rec_1b01f868ffa47af734e0,D:\INFANT CRY\data_set_dbl_split\train\not_baby\3-98193-A-46.wav,not_baby/3-98193-A-46.wav,not_baby,1,esc50,esc50_source:98193,esc50_source_file,973df7c6b56c4ba23ab3c26b385a64429dc3845693c640e07449207ce32af6f3,StratifiedGroupKFold,42
rec_e460b7a9b2a50dbea8af,D:\INFANT CRY\data_set_dbl_split\train\not_baby\4-125070-A-19.wav,not_baby/4-125070-A-19.wav,not_baby,1,esc50,esc50_source:125070,esc50_source_file,61b68a9eb06ee056826f8ce06e56558bc46301a2f4df43b92d7619cd6b2e8475,StratifiedGroupKFold,42
rec_95f767c2e45dbf68ba2c,D:\INFANT CRY\data_set_dbl_split\train\not_baby\4-126532-A-18.wav,not_baby/4-126532-A-18.wav,not_baby,1,esc50,esc50_source:126532,esc50_source_file,62382bad73223d77cf7f93ae423af872396279fa89f6a8247abf891d0a5aead0,StratifiedGroupKFold,42
rec_2048b98f455efeb1664c,D:\INFANT CRY\data_set_dbl_split\train\not_baby\4-128659-A-33.wav,not_baby/4-128659-A-33.wav,not_baby,1,esc50,esc50_source:128659,esc50_source_file,27d3a2001cf9323b69ee247d3c527e69ab2c9a19fcbd1fcbe5b60886c4352040,StratifiedGroupKFold,42
rec_9611d59701987a2fa7e4,D:\INFANT CRY\data_set_dbl_split\train\not_baby\4-132383-A-2.wav,not_baby/4-132383-A-2.wav,not_baby,1,esc50,esc50_source:132383,esc50_source_file,a1a29bac1f9259697b4d58c9f04948c12bfc51a4508f9eddb4dcfc418821df8c,StratifiedGroupKFold,42
rec_3de95d27480c1e3a46cc,D:\INFANT CRY\data_set_dbl_split\train\not_baby\4-132383-B-2.wav,not_baby/4-132383-B-2.wav,not_baby,1,esc50,esc50_source:132383,esc50_source_file,92f93d980ba878821c57255190f591d3936030cdfeb3ea205524d8d5e5ef24d3,StratifiedGroupKFold,42
rec_a2fb9930f875dc14ed46,D:\INFANT CRY\data_set_dbl_split\train\not_baby\4-141365-A-18.wav,not_baby/4-141365-A-18.wav,not_baby,1,esc50,esc50_source:141365,esc50_source_file,54a13fb6cf49f579604abcbee84b93472d7630a4e9a486847b066d20672b77ac,StratifiedGroupKFold,42
rec_3ee03e87ff7889119e7e,D:\INFANT CRY\data_set_dbl_split\train\not_baby\4-156227-A-9.wav,not_baby/4-156227-A-9.wav,not_baby,1,esc50,esc50_source:156227,esc50_source_file,d34e7eb113233542edb49de449196a982d96ea912af90816c37655de30bdf634,StratifiedGroupKFold,42
rec_d52142b3d73694211f9a,D:\INFANT CRY\data_set_dbl_split\train\not_baby\4-156844-A-21.wav,not_baby/4-156844-A-21.wav,not_baby,1,esc50,esc50_source:156844,esc50_source_file,6fbfe7a57440e68e7a3c1e46dc039df88cdf64f765c9eb2402e8352382078f78,StratifiedGroupKFold,42
rec_0482a9ae05790178487f,D:\INFANT CRY\data_set_dbl_split\train\not_baby\4-156993-A-19.wav,not_baby/4-156993-A-19.wav,not_baby,1,esc50,esc50_source:156993,esc50_source_file,542138c59d58acaab06659a09902e49fe7acffb07594680210f38a6ba21898e5,StratifiedGroupKFold,42
rec_5e83bcd97bf6afde0809,D:\INFANT CRY\data_set_dbl_split\train\not_baby\4-161100-A-47.wav,not_baby/4-161100-A-47.wav,not_baby,1,esc50,esc50_source:161100,esc50_source_file,10b80a4efdd21a7e91034be5610968ae72423adbbbaa22d120e09824ff74944d,StratifiedGroupKFold,42
rec_7e7c745288728e89493b,D:\INFANT CRY\data_set_dbl_split\train\not_baby\4-165606-A-45.wav,not_baby/4-165606-A-45.wav,not_baby,1,esc50,esc50_source:165606,esc50_source_file,8db18f72cf0a09b40b78b62146a946235bcf4be656de7e5594615a90f51c969e,StratifiedGroupKFold,42
rec_fc8c59152bc5207c408d,D:\INFANT CRY\data_set_dbl_split\train\not_baby\4-165845-A-45.wav,not_baby/4-165845-A-45.wav,not_baby,1,esc50,esc50_source:165845,esc50_source_file,acd0839d5d1cea8ba29b29a28b47c932631e296db87f3a0a7accb4cc7351f419,StratifiedGroupKFold,42
rec_54900be847851a1d6638,D:\INFANT CRY\data_set_dbl_split\train\not_baby\4-165845-B-45.wav,not_baby/4-165845-B-45.wav,not_baby,1,esc50,esc50_source:165845,esc50_source_file,a824c9ed0b0004745a4b81ffe9062d736705b60c3d8573f0d43f349b32c5de4c,StratifiedGroupKFold,42
rec_ff9264d36c179fe49c7e,D:\INFANT CRY\data_set_dbl_split\train\not_baby\4-168446-A-45.wav,not_baby/4-168446-A-45.wav,not_baby,1,esc50,esc50_source:168446,esc50_source_file,1fb43e450b24b8d7a548a282240288c97cc116232a6766f095f3762cd929e187,StratifiedGroupKFold,42
rec_07792229db86c173f151,D:\INFANT CRY\data_set_dbl_split\train\not_baby\4-171652-A-44.wav,not_baby/4-171652-A-44.wav,not_baby,1,esc50,esc50_source:171652,esc50_source_file,5f0b309e3fa62f6b34763b72f641d7ce1318a1db2fcd7c5ddd27cf380fd58401,StratifiedGroupKFold,42
rec_f9c3543c8b543e07af4d,D:\INFANT CRY\data_set_dbl_split\train\not_baby\4-172366-A-37.wav,not_baby/4-172366-A-37.wav,not_baby,1,esc50,esc50_source:172366,esc50_source_file,b6d260c3b1823bdd45c9d8968b87a9bc6d57c0b99bfef07362cae506ae38b32a,StratifiedGroupKFold,42
rec_e59ca153b7be581d1ea5,D:\INFANT CRY\data_set_dbl_split\train\not_baby\4-172377-A-17.wav,not_baby/4-172377-A-17.wav,not_baby,1,esc50,esc50_source:172377,esc50_source_file,afc26851089039602dc86d9f1eace47ac0a852d12b27a0d113dc7c83fdac6f84,StratifiedGroupKFold,42
rec_f8372839b2a00b6289c0,D:\INFANT CRY\data_set_dbl_split\train\not_baby\4-175025-A-34.wav,not_baby/4-175025-A-34.wav,not_baby,1,esc50,esc50_source:175025,esc50_source_file,63ec7782d27e6922d81519fa352f7379d6a6e5da5cf77e2380c06dc340dc2c66,StratifiedGroupKFold,42
rec_040594880bdb1f67b130,D:\INFANT CRY\data_set_dbl_split\train\not_baby\4-176631-A-43.wav,not_baby/4-176631-A-43.wav,not_baby,1,esc50,esc50_source:176631,esc50_source_file,81a26b475d2206ffc57c1e1bead922dee628bf6ce8f3cc1f7e0d95a1692e384c,StratifiedGroupKFold,42
rec_d710c64a20d393fb78be,D:\INFANT CRY\data_set_dbl_split\train\not_baby\4-177835-A-24.wav,not_baby/4-177835-A-24.wav,not_baby,1,esc50,esc50_source:177835,esc50_source_file,107f49aa987e3155662f7713709ebfc7665202f42cd0e4adaefa57eff4b89208,StratifiedGroupKFold,42
rec_3855ae718e11039796e1,D:\INFANT CRY\data_set_dbl_split\train\not_baby\4-181708-A-32.wav,not_baby/4-181708-A-32.wav,not_baby,1,esc50,esc50_source:181708,esc50_source_file,d136197cac1ecfea55c9d3faaad31f6b740132ba9f0e05b435ee33daa2eef3ff,StratifiedGroupKFold,42
rec_8aa8129182edab78171d,D:\INFANT CRY\data_set_dbl_split\train\not_baby\4-181999-A-36.wav,not_baby/4-181999-A-36.wav,not_baby,1,esc50,esc50_source:181999,esc50_source_file,10fdd12ca0a1d4dde025138f18da53c290e853e652d54691254bbee3f2bd40a5,StratifiedGroupKFold,42
rec_fe77585a9a8f025f9584,D:\INFANT CRY\data_set_dbl_split\train\not_baby\4-182041-A-30.wav,not_baby/4-182041-A-30.wav,not_baby,1,esc50,esc50_source:182041,esc50_source_file,9ccf22ef141031359b6547ef7b3b0cceef5ea7798ee90f5de87a84064dba23f7,StratifiedGroupKFold,42
rec_08fd1c7b4f4fb738131c,D:\INFANT CRY\data_set_dbl_split\train\not_baby\4-182613-A-11.wav,not_baby/4-182613-A-11.wav,not_baby,1,esc50,esc50_source:182613,esc50_source_file,c8b796cb2da15e66ee4c6611f82c02a13f7eadd3629fc8f4b000d4574864c8e6,StratifiedGroupKFold,42
rec_193aefe4b372ba881c36,D:\INFANT CRY\data_set_dbl_split\train\not_baby\4-182613-B-11.wav,not_baby/4-182613-B-11.wav,not_baby,1,esc50,esc50_source:182613,esc50_source_file,4cb8e67374474186ba13ae2f6ee19f748c05d805603240154dd1b658cbbf45d4,StratifiedGroupKFold,42
rec_b12501c89c39c40fdd58,D:\INFANT CRY\data_set_dbl_split\train\not_baby\4-183992-A-0.wav,not_baby/4-183992-A-0.wav,not_baby,1,esc50,esc50_source:183992,esc50_source_file,96bf2e0efce166f347db6ae02b3c17d24acadffc45d67ad6015de7b1162f54dc,StratifiedGroupKFold,42
rec_3c1d614c8ad5bceec5ed,D:\INFANT CRY\data_set_dbl_split\train\not_baby\4-185613-A-32.wav,not_baby/4-185613-A-32.wav,not_baby,1,esc50,esc50_source:185613,esc50_source_file,e7c612cbd5ed3fa812dc1dcfc30af74670a6f9d4265a0d3e512396624a6eb7d6,StratifiedGroupKFold,42
rec_d5ce87dc22c3c5cd9d7d,D:\INFANT CRY\data_set_dbl_split\train\not_baby\4-186935-A-44.wav,not_baby/4-186935-A-44.wav,not_baby,1,esc50,esc50_source:186935,esc50_source_file,d5fa3e05bb7222e031cf0fde1866e20aee5f3686d45a69337757930c46769bf4,StratifiedGroupKFold,42
rec_2434789f14d352f37e69,D:\INFANT CRY\data_set_dbl_split\train\not_baby\4-186940-A-44.wav,not_baby/4-186940-A-44.wav,not_baby,1,esc50,esc50_source:186940,esc50_source_file,dd0431ec5f8faa5f33063a15bc6be42a6ef3c8424f75ca6d71525158e7cf8e5a,StratifiedGroupKFold,42
rec_87a010fcfd6fe656e6a6,D:\INFANT CRY\data_set_dbl_split\train\not_baby\4-188003-A-34.wav,not_baby/4-188003-A-34.wav,not_baby,1,esc50,esc50_source:188003,esc50_source_file,b4f6acd0c56157b13802bc97eb655f6043d6484957bf04b1d6756ad6b005c9d7,StratifiedGroupKFold,42
rec_cbca81d5f2fcca109fe2,D:\INFANT CRY\data_set_dbl_split\train\not_baby\4-189828-A-22.wav,not_baby/4-189828-A-22.wav,not_baby,1,esc50,esc50_source:189828,esc50_source_file,13a9c47cba0d2dab78358fa78a6ffe10d7fd209b94b4f062b260dd7ea1b67243,StratifiedGroupKFold,42
rec_9921c2ab1d6961be9266,D:\INFANT CRY\data_set_dbl_split\train\not_baby\4-189838-A-22.wav,not_baby/4-189838-A-22.wav,not_baby,1,esc50,esc50_source:189838,esc50_source_file,127724ca559c3747cd0be8dc9a9110ea71f6b2e0a075b50f7711224b15d3e5b3,StratifiedGroupKFold,42
rec_ffed934911e330513e61,D:\INFANT CRY\data_set_dbl_split\train\not_baby\4-191687-A-0.wav,not_baby/4-191687-A-0.wav,not_baby,1,esc50,esc50_source:191687,esc50_source_file,65bcaf4cce64177bb0dcc139c63dc9bee48d86c559b3019248d7c79db6a8b2ef,StratifiedGroupKFold,42
rec_c1c09f87a1e6a37fc327,D:\INFANT CRY\data_set_dbl_split\train\not_baby\4-192068-A-31.wav,not_baby/4-192068-A-31.wav,not_baby,1,esc50,esc50_source:192068,esc50_source_file,fad199981761a1aa7392db104c045f6091986c26f549f6ef59d3f12425fd13dd,StratifiedGroupKFold,42
rec_93b0855907a1f26851b6,D:\INFANT CRY\data_set_dbl_split\train\not_baby\4-195805-A-13.wav,not_baby/4-195805-A-13.wav,not_baby,1,esc50,esc50_source:195805,esc50_source_file,e5d8b0efbdc1b7c828b6abae7376e7cc87c0212af4efde6378a8ab41fa420ef0,StratifiedGroupKFold,42
rec_80cc4552ebebb88de4cc,D:\INFANT CRY\data_set_dbl_split\train\not_baby\4-198841-A-37.wav,not_baby/4-198841-A-37.wav,not_baby,1,esc50,esc50_source:198841,esc50_source_file,49223fa45a7db4a1ca663d7c0f4c2de3e46a76f7f0e740fa5511f1fd3107062c,StratifiedGroupKFold,42
rec_9882972a53cb7c67b542,D:\INFANT CRY\data_set_dbl_split\train\not_baby\4-198965-A-38.wav,not_baby/4-198965-A-38.wav,not_baby,1,esc50,esc50_source:198965,esc50_source_file,0beb5ea6f39bbd91bcca7e433ba2b96f0dbcfb8f5f8b988ee98a3370a7be795d,StratifiedGroupKFold,42
rec_eb35188bfb303f846868,D:\INFANT CRY\data_set_dbl_split\train\not_baby\4-201988-A-44.wav,not_baby/4-201988-A-44.wav,not_baby,1,esc50,esc50_source:201988,esc50_source_file,6e42b414c1b9a63712d74475f21afefc6553aa446c46b0b03ad8de40e061a3c0,StratifiedGroupKFold,42
rec_766b69f9c17c2f5dda38,D:\INFANT CRY\data_set_dbl_split\train\not_baby\4-204119-A-39.wav,not_baby/4-204119-A-39.wav,not_baby,1,esc50,esc50_source:204119,esc50_source_file,2fbc4acd76fa931f8461c3370eeef3e417b1ea28da20eff7874d4b4e2177fc41,StratifiedGroupKFold,42
rec_4e10bbe257ff044cd6d3,D:\INFANT CRY\data_set_dbl_split\train\not_baby\4-204123-A-39.wav,not_baby/4-204123-A-39.wav,not_baby,1,esc50,esc50_source:204123,esc50_source_file,a35fd2223acb65ae87ab1e3ad4c774e8cda44a5482b639f11b6aa0d8065b4a7a,StratifiedGroupKFold,42
rec_9a27acf379a904a13c2e,D:\INFANT CRY\data_set_dbl_split\train\not_baby\4-204777-A-39.wav,not_baby/4-204777-A-39.wav,not_baby,1,esc50,esc50_source:204777,esc50_source_file,872608ee9201b147b13b9cdc871558b39368bd09d3eb7dc469544866e414c0f8,StratifiedGroupKFold,42
rec_63e0f0787264f5cd9eed,D:\INFANT CRY\data_set_dbl_split\train\not_baby\4-204777-B-39.wav,not_baby/4-204777-B-39.wav,not_baby,1,esc50,esc50_source:204777,esc50_source_file,98b930c2e4028e80749d82616ccba7640e58650a9ccf7770a77f814e3b2dcd24,StratifiedGroupKFold,42
rec_76736e4b18e836525e79,D:\INFANT CRY\data_set_dbl_split\train\not_baby\4-204777-C-39.wav,not_baby/4-204777-C-39.wav,not_baby,1,esc50,esc50_source:204777,esc50_source_file,88bbd7af8f04d1b46f9e0c13a304223efea777c1dd908564b8eff73b9774477b,StratifiedGroupKFold,42
rec_06cd9016f467f593798e,D:\INFANT CRY\data_set_dbl_split\train\not_baby\4-205526-A-23.wav,not_baby/4-205526-A-23.wav,not_baby,1,esc50,esc50_source:205526,esc50_source_file,2a1656e424960d39b4d324eb04dcb92d863b3281585fcc9516e21c5b09a04f0f,StratifiedGroupKFold,42
rec_2bae58fab6256a572199,D:\INFANT CRY\data_set_dbl_split\train\not_baby\4-205526-B-23.wav,not_baby/4-205526-B-23.wav,not_baby,1,esc50,esc50_source:205526,esc50_source_file,87e9f33c1304e8fa639aa64cd87cad628fdb1b46e3ee305528295683e7da08fb,StratifiedGroupKFold,42
rec_f79982a8ddbfdfce59cb,D:\INFANT CRY\data_set_dbl_split\train\not_baby\4-253649-A-6.wav,not_baby/4-253649-A-6.wav,not_baby,1,esc50,esc50_source:253649,esc50_source_file,6af30d6ecf8f379c55cb9f57b6756f09f13968c5bc3acc687cd3434a70d8b593,StratifiedGroupKFold,42
rec_09c7d0f04445a4db9f25,D:\INFANT CRY\data_set_dbl_split\train\not_baby\4-67358-A-42.wav,not_baby/4-67358-A-42.wav,not_baby,1,esc50,esc50_source:67358,esc50_source_file,3192ab47aff92ef5dcec1ce178e342e24ecadf826dc6c9dd3f0515a4c53c58d2,StratifiedGroupKFold,42
rec_057f3affbfa9fc792533,D:\INFANT CRY\data_set_dbl_split\train\not_baby\4-80761-A-42.wav,not_baby/4-80761-A-42.wav,not_baby,1,esc50,esc50_source:80761,esc50_source_file,d1301a63a3d7f4429b40244d7a52f11636c3ed28b846f6213bda6e0005b1c072,StratifiedGroupKFold,42
rec_33631efb86c8d9588422,D:\INFANT CRY\data_set_dbl_split\train\not_baby\5-117122-A-42.wav,not_baby/5-117122-A-42.wav,not_baby,1,esc50,esc50_source:117122,esc50_source_file,1b1d4849a6a95b40d9ac1ce01ff8f3ba5899bf1dc025da6646c1008e1a7caf65,StratifiedGroupKFold,42
rec_815cb9ea4633c27a4827,D:\INFANT CRY\data_set_dbl_split\train\not_baby\5-160551-A-42.wav,not_baby/5-160551-A-42.wav,not_baby,1,esc50,esc50_source:160551,esc50_source_file,6cc7555cafe56d7ec8a9c1f672885a73601970ef0687f37a0445131bd5020650,StratifiedGroupKFold,42
rec_2bd139976b96053ecd2f,D:\INFANT CRY\data_set_dbl_split\train\not_baby\5-169983-A-5.wav,not_baby/5-169983-A-5.wav,not_baby,1,esc50,esc50_source:169983,esc50_source_file,a473f44b79e20f2797d6e69a87c1a97472083b46a0632e65aec1201992c123b8,StratifiedGroupKFold,42
rec_13e85599374bc87581b8,D:\INFANT CRY\data_set_dbl_split\train\not_baby\5-171118-A-26.wav,not_baby/5-171118-A-26.wav,not_baby,1,esc50,esc50_source:171118,esc50_source_file,acf4fc669f782f4b85e601fb61cddef90599416c519741428e1e62ea6228e2c2,StratifiedGroupKFold,42
rec_60e19379e26e370a04b0,D:\INFANT CRY\data_set_dbl_split\train\not_baby\5-179294-A-46.wav,not_baby/5-179294-A-46.wav,not_baby,1,esc50,esc50_source:179294,esc50_source_file,cf3361dd0aa9599293f29f1f5a090fbb58b02dbbc0c8d2f366752c0387ded722,StratifiedGroupKFold,42
rec_68a8a85ad3a130251a41,D:\INFANT CRY\data_set_dbl_split\train\not_baby\5-179860-A-43.wav,not_baby/5-179860-A-43.wav,not_baby,1,esc50,esc50_source:179860,esc50_source_file,9be96b2f8cd6a81053fea7e8be03a5936070490ce3b193b47936140536c0a3c2,StratifiedGroupKFold,42
rec_071ee1c7e1e6d7fc858c,D:\INFANT CRY\data_set_dbl_split\train\not_baby\5-179865-A-43.wav,not_baby/5-179865-A-43.wav,not_baby,1,esc50,esc50_source:179865,esc50_source_file,0a452b37b0c8c89f33babe75c5c6af3d6bb80daf683559130a1716fb1f0c0948,StratifiedGroupKFold,42
rec_8796c759650d1e9dbdd7,D:\INFANT CRY\data_set_dbl_split\train\not_baby\5-180156-A-43.wav,not_baby/5-180156-A-43.wav,not_baby,1,esc50,esc50_source:180156,esc50_source_file,cbf7bc438e26a813e1317a2dd28232e039b0ce00df0e3f567cafbd2a998b3fa3,StratifiedGroupKFold,42
rec_8ae8d01bd66c2eff3c12,D:\INFANT CRY\data_set_dbl_split\train\not_baby\5-180156-B-43.wav,not_baby/5-180156-B-43.wav,not_baby,1,esc50,esc50_source:180156,esc50_source_file,0593cc83b35ce0a14c18f6a176f90044a38600e77e8cfe6806a5ccbd3f2e0d1a,StratifiedGroupKFold,42
rec_9fb771f627109c95343e,D:\INFANT CRY\data_set_dbl_split\train\not_baby\5-180156-C-43.wav,not_baby/5-180156-C-43.wav,not_baby,1,esc50,esc50_source:180156,esc50_source_file,d3aa6e92a3cd40effe68ea87a37b1930ab0f4c346367bdbdebab451ee35d80ab,StratifiedGroupKFold,42
rec_dca24cd2ee83351fac6e,D:\INFANT CRY\data_set_dbl_split\train\not_baby\5-188365-A-36.wav,not_baby/5-188365-A-36.wav,not_baby,1,esc50,esc50_source:188365,esc50_source_file,b18b10fd9ceb79b47445240e36b77651334a69fee351b9a47896f6cd0fd97ab8,StratifiedGroupKFold,42
rec_5da766856a50ce50d8d9,D:\INFANT CRY\data_set_dbl_split\train\not_baby\5-194932-A-7.wav,not_baby/5-194932-A-7.wav,not_baby,1,esc50,esc50_source:194932,esc50_source_file,1068b661c90b194c6bb0ad42c77ea65620ec5205e4e256f7fee89717d7a11fdf,StratifiedGroupKFold,42
rec_479b9cbd7122dcdb9fd7,D:\INFANT CRY\data_set_dbl_split\train\not_baby\5-195518-A-7.wav,not_baby/5-195518-A-7.wav,not_baby,1,esc50,esc50_source:195518,esc50_source_file,d826d4ceb38127fac8fdead53b89274ffe716088acfedd2c5168913ad4564e14,StratifiedGroupKFold,42
rec_3e1b194e7d6c886f59c0,D:\INFANT CRY\data_set_dbl_split\train\not_baby\5-197913-A-18.wav,not_baby/5-197913-A-18.wav,not_baby,1,esc50,esc50_source:197913,esc50_source_file,9ff166d8f75d1c8bc3adbefa6f3704eeb547d7b27862f6cda6cffa5b1bab0cf4,StratifiedGroupKFold,42
rec_1f1cd8661971043fc402,D:\INFANT CRY\data_set_dbl_split\train\not_baby\5-201274-A-21.wav,not_baby/5-201274-A-21.wav,not_baby,1,esc50,esc50_source:201274,esc50_source_file,272a632b7c6f25802d6646ffba3b24f72e69345c1e9bdfad7634f6b90967f149,StratifiedGroupKFold,42
rec_9e9e2b4fec92c2647d44,D:\INFANT CRY\data_set_dbl_split\train\not_baby\5-202898-A-10.wav,not_baby/5-202898-A-10.wav,not_baby,1,esc50,esc50_source:202898,esc50_source_file,06ba576df5efc793523c7adebfca21094e1d3cbdd924c0655a16ac5aa5785b78,StratifiedGroupKFold,42
rec_3ad3e77b9884db57df68,D:\INFANT CRY\data_set_dbl_split\train\not_baby\5-207811-A-35.wav,not_baby/5-207811-A-35.wav,not_baby,1,esc50,esc50_source:207811,esc50_source_file,6a785ee844c2c1798eb3a0a6fdf32e0ec09df3a3d0fefebe01aa373cdd98ae36,StratifiedGroupKFold,42
rec_6ca4a16be4d7945fadd8,D:\INFANT CRY\data_set_dbl_split\train\not_baby\5-207811-B-35.wav,not_baby/5-207811-B-35.wav,not_baby,1,esc50,esc50_source:207811,esc50_source_file,604878b6b4d00014e07006f94d9832706de28e9d04a8a95ad1d142925152d151,StratifiedGroupKFold,42
rec_32a5094052e769323610,D:\INFANT CRY\data_set_dbl_split\train\not_baby\5-210612-A-37.wav,not_baby/5-210612-A-37.wav,not_baby,1,esc50,esc50_source:210612,esc50_source_file,c08a0615afcfbe6b30ba536eeb3cc555d4bd25580a36f12f8b32330b83228dfb,StratifiedGroupKFold,42
rec_3ff5191bbc9893524769,D:\INFANT CRY\data_set_dbl_split\train\not_baby\5-211408-A-37.wav,not_baby/5-211408-A-37.wav,not_baby,1,esc50,esc50_source:211408,esc50_source_file,c78db93c244fafc7d835cc32e64959c93ce3fdfc0ffd5b58067cbc99f845a239,StratifiedGroupKFold,42
rec_8885012932943303736b,D:\INFANT CRY\data_set_dbl_split\train\not_baby\5-212181-A-38.wav,not_baby/5-212181-A-38.wav,not_baby,1,esc50,esc50_source:212181,esc50_source_file,b920b5a43853cfe138924b3e9278b09f1c45af9e7ee065598605c7d589d57ce7,StratifiedGroupKFold,42
rec_77306d2d2aa525265f31,D:\INFANT CRY\data_set_dbl_split\train\not_baby\5-213836-A-9.wav,not_baby/5-213836-A-9.wav,not_baby,1,esc50,esc50_source:213836,esc50_source_file,087ef97c732c455272038f5b09c96bc7fcb7d43c3b1c14d5fae4877e57a0a894,StratifiedGroupKFold,42
rec_3368cfc75201fdd9ca87,D:\INFANT CRY\data_set_dbl_split\train\not_baby\5-213836-B-9.wav,not_baby/5-213836-B-9.wav,not_baby,1,esc50,esc50_source:213836,esc50_source_file,864bef106e4aa7c495161f67169d27ae9ef7edd2b40e84300ff42020c204190a,StratifiedGroupKFold,42
rec_ec7e252e40ebe397255e,D:\INFANT CRY\data_set_dbl_split\train\not_baby\5-213836-C-9.wav,not_baby/5-213836-C-9.wav,not_baby,1,esc50,esc50_source:213836,esc50_source_file,c5b7355f349d9fdc892c7f7d33940f39e8e57afb8b17a04088c42b32818f7908,StratifiedGroupKFold,42
rec_da85e4746dc12d820cce,D:\INFANT CRY\data_set_dbl_split\train\not_baby\5-213836-D-9.wav,not_baby/5-213836-D-9.wav,not_baby,1,esc50,esc50_source:213836,esc50_source_file,c447e893f909bef2acda8edb6170c320b2cfef986e26daab38386a84613d8f16,StratifiedGroupKFold,42
rec_2e0260550ab777e67d9d,D:\INFANT CRY\data_set_dbl_split\train\not_baby\5-214362-A-17.wav,not_baby/5-214362-A-17.wav,not_baby,1,esc50,esc50_source:214362,esc50_source_file,13ae83addc8ce4caa6fcc79dcee48700688f93ca4f94143b4d72dc864779ebc8,StratifiedGroupKFold,42
rec_3ba41543a52ff3df276b,D:\INFANT CRY\data_set_dbl_split\train\not_baby\5-215447-A-47.wav,not_baby/5-215447-A-47.wav,not_baby,1,esc50,esc50_source:215447,esc50_source_file,55946234e8f695bd8648f8b3360a273319b5becd7908dc9b8f9ef4d6272da0e2,StratifiedGroupKFold,42
rec_3ae2952e44ec3f39bd30,D:\INFANT CRY\data_set_dbl_split\train\not_baby\5-215634-A-17.wav,not_baby/5-215634-A-17.wav,not_baby,1,esc50,esc50_source:215634,esc50_source_file,213041271287a1d43a1862e5f25a09dc1b59c6937e166b4ea367298ca3c118d5,StratifiedGroupKFold,42
rec_fc2cd58aea69ef295377,D:\INFANT CRY\data_set_dbl_split\train\not_baby\5-218494-A-22.wav,not_baby/5-218494-A-22.wav,not_baby,1,esc50,esc50_source:218494,esc50_source_file,c8641fdb05314f3ae6da3cab60963c2bdd61a8823e602958ec6ad73dd0c3247b,StratifiedGroupKFold,42
rec_e1c640b29ee329274b8f,D:\INFANT CRY\data_set_dbl_split\train\not_baby\5-219242-A-37.wav,not_baby/5-219242-A-37.wav,not_baby,1,esc50,esc50_source:219242,esc50_source_file,1c5a500bc3c9d8546bf57377724aad24957d8a8c67cba7c0f3f2d4a4ed7ba9d1,StratifiedGroupKFold,42
rec_b3bf311da3807af98997,D:\INFANT CRY\data_set_dbl_split\train\not_baby\5-219242-B-37.wav,not_baby/5-219242-B-37.wav,not_baby,1,esc50,esc50_source:219242,esc50_source_file,21679508d50f7b025c74d8c9bd332fb835ce51b2768d6e98eb5c118810dfdf8d,StratifiedGroupKFold,42
rec_6bd2b51e39846d0abb1a,D:\INFANT CRY\data_set_dbl_split\train\not_baby\5-221568-A-22.wav,not_baby/5-221568-A-22.wav,not_baby,1,esc50,esc50_source:221568,esc50_source_file,ecaafbc58de276019dc7f47fee77bb73d437c4583d6e32bbc023188f96e2401e,StratifiedGroupKFold,42
rec_71f8c180aab6cea959e8,D:\INFANT CRY\data_set_dbl_split\train\not_baby\5-222894-A-32.wav,not_baby/5-222894-A-32.wav,not_baby,1,esc50,esc50_source:222894,esc50_source_file,10352ae357018a1123532e2875b0358dc3954e15b5845a312c7ff846623e56a7,StratifiedGroupKFold,42
rec_6ea2d99580d9c7bd7994,D:\INFANT CRY\data_set_dbl_split\train\not_baby\5-231762-A-0.wav,not_baby/5-231762-A-0.wav,not_baby,1,esc50,esc50_source:231762,esc50_source_file,cb686222c5eeb07c8c8ee508adce7bedbabb3358aee5c46b051788075835bd96,StratifiedGroupKFold,42
rec_e7caa8d8074782526a25,D:\INFANT CRY\data_set_dbl_split\train\not_baby\5-233019-A-31.wav,not_baby/5-233019-A-31.wav,not_baby,1,esc50,esc50_source:233019,esc50_source_file,fabca2be7b3814577c6d88df528338142bf8aa77d559b97ae656747b493cd996,StratifiedGroupKFold,42
rec_5d08b26b59bd5684d21e,D:\INFANT CRY\data_set_dbl_split\train\not_baby\5-233607-A-39.wav,not_baby/5-233607-A-39.wav,not_baby,1,esc50,esc50_source:233607,esc50_source_file,c2988d2ecd448a3e27bc80a248355a5d3bb85c769ec25f37fda4b9ec990c94dc,StratifiedGroupKFold,42
rec_dcaa27d1e41ad1dd46cf,D:\INFANT CRY\data_set_dbl_split\train\not_baby\5-234855-A-25.wav,not_baby/5-234855-A-25.wav,not_baby,1,esc50,esc50_source:234855,esc50_source_file,d1b33538a11d787c1f9ff9e33a9160a66570e0830b2e9b349df3d10d16179f8a,StratifiedGroupKFold,42
rec_3b7fae6a4a225f2fbcca,D:\INFANT CRY\data_set_dbl_split\train\not_baby\5-235874-A-28.wav,not_baby/5-235874-A-28.wav,not_baby,1,esc50,esc50_source:235874,esc50_source_file,39fbe40a262c65acd0df67d96dd0ece76fe1cde6effed4abe701eda910daae82,StratifiedGroupKFold,42
rec_352b4163060dd9f73337,D:\INFANT CRY\data_set_dbl_split\train\not_baby\5-237795-A-34.wav,not_baby/5-237795-A-34.wav,not_baby,1,esc50,esc50_source:237795,esc50_source_file,c687632878ef0f0a15554227ee10a108d8373f94331e159af0f7fabad2df209d,StratifiedGroupKFold,42
rec_406b2b1ea703723eb86b,D:\INFANT CRY\data_set_dbl_split\train\not_baby\5-238926-A-31.wav,not_baby/5-238926-A-31.wav,not_baby,1,esc50,esc50_source:238926,esc50_source_file,67067fd51f76a0764cbc4f826f110c50bdd5784b7535d0d7cb57d5e1b8059694,StratifiedGroupKFold,42
rec_fadaa8c5e0b9721ee8f4,D:\INFANT CRY\data_set_dbl_split\train\not_baby\5-242490-A-14.wav,not_baby/5-242490-A-14.wav,not_baby,1,esc50,esc50_source:242490,esc50_source_file,101ad1a679e4de3a874bc9402d535cfdf56fa79152fac06d2913a98616eb217b,StratifiedGroupKFold,42
rec_5987304a1e024a4a4fb0,D:\INFANT CRY\data_set_dbl_split\train\not_baby\5-243036-A-29.wav,not_baby/5-243036-A-29.wav,not_baby,1,esc50,esc50_source:243036,esc50_source_file,3bf32b15815ec8f19ee83d54fb3de34214a99d50eab422ff7e5bf0184390d2ea,StratifiedGroupKFold,42
rec_1363c73e06cd87700522,D:\INFANT CRY\data_set_dbl_split\train\not_baby\5-243635-A-29.wav,not_baby/5-243635-A-29.wav,not_baby,1,esc50,esc50_source:243635,esc50_source_file,5539a0cb960e7c7ceb84a8f207835eb955fbf3bbeb63fc93022227e5054b06df,StratifiedGroupKFold,42
rec_75fb5303641c8e3dff2e,D:\INFANT CRY\data_set_dbl_split\train\not_baby\5-244315-A-6.wav,not_baby/5-244315-A-6.wav,not_baby,1,esc50,esc50_source:244315,esc50_source_file,e0ef3282ef0723fc48b884cdcb8dd03101cdd4020905658186c2565624ca9555,StratifiedGroupKFold,42
rec_41bd1578855fd008a80b,D:\INFANT CRY\data_set_dbl_split\train\not_baby\5-244315-B-6.wav,not_baby/5-244315-B-6.wav,not_baby,1,esc50,esc50_source:244315,esc50_source_file,1f849e38d13a09796a0089d2b33fcfe08e254e573d707ba7c1c41ffdcf6d27bd,StratifiedGroupKFold,42
rec_5901c5f6479638d6012f,D:\INFANT CRY\data_set_dbl_split\train\not_baby\5-244315-C-6.wav,not_baby/5-244315-C-6.wav,not_baby,1,esc50,esc50_source:244315,esc50_source_file,823eb42a25daa5d073edad5243c7abe364d3f4d58059e8803024fb80c64fc6a2,StratifiedGroupKFold,42
rec_bc778c8ab27f76fe6a72,D:\INFANT CRY\data_set_dbl_split\train\not_baby\5-244933-A-34.wav,not_baby/5-244933-A-34.wav,not_baby,1,esc50,esc50_source:244933,esc50_source_file,ae9004d74322ea243f4c9e2369dbc282b719ad600766946fb86cad752ba06000,StratifiedGroupKFold,42
rec_12b6ab7696cc9d5ae1d2,D:\INFANT CRY\data_set_dbl_split\train\not_baby\5-249748-A-28.wav,not_baby/5-249748-A-28.wav,not_baby,1,esc50,esc50_source:249748,esc50_source_file,36db66093d7563321eb509659e09d60d99f7711111dd7491421e21b07775a906,StratifiedGroupKFold,42
rec_fd035c6e2081bbb73c90,D:\INFANT CRY\data_set_dbl_split\train\not_baby\5-250753-A-34.wav,not_baby/5-250753-A-34.wav,not_baby,1,esc50,esc50_source:250753,esc50_source_file,f6af12da8320b467113708ac820892833d6596401a52cb39bc46d6b79ae73082,StratifiedGroupKFold,42
rec_ba6ba03456f6685c5349,D:\INFANT CRY\data_set_dbl_split\train\not_baby\5-251489-A-24.wav,not_baby/5-251489-A-24.wav,not_baby,1,esc50,esc50_source:251489,esc50_source_file,dbb23515f40248ab07e055c714151bc05fb107d12146cb213bc909fb5b20f17e,StratifiedGroupKFold,42
rec_5ec455b1f4bac2e24ef7,D:\INFANT CRY\data_set_dbl_split\train\not_baby\5-251962-A-47.wav,not_baby/5-251962-A-47.wav,not_baby,1,esc50,esc50_source:251962,esc50_source_file,e7f78478a96de77858b222267241d5f9ea85f411ea2aec25b03a5fe91950fd53,StratifiedGroupKFold,42
rec_afa37b36506828a50efa,D:\INFANT CRY\data_set_dbl_split\train\not_baby\5-257349-A-15.wav,not_baby/5-257349-A-15.wav,not_baby,1,esc50,esc50_source:257349,esc50_source_file,ac612f5a1373e28972001e894bb62392d22b154214a642ae986a0c9ec483036c,StratifiedGroupKFold,42
rec_b104e2a7052a4c6ee68f,D:\INFANT CRY\data_set_dbl_split\train\not_baby\5-260433-A-39.wav,not_baby/5-260433-A-39.wav,not_baby,1,esc50,esc50_source:260433,esc50_source_file,04a46ed54d5159b4afa7015d9799901a2806f3012507fa6bc923e23124efcdfc,StratifiedGroupKFold,42
rec_4d6eebe1442b288a42e7,D:\INFANT CRY\data_set_dbl_split\train\not_baby\5-261439-A-15.wav,not_baby/5-261439-A-15.wav,not_baby,1,esc50,esc50_source:261439,esc50_source_file,c9621aa0037127152fe7ca7009fe54541699d33eccccddc5ab25483eae16024d,StratifiedGroupKFold,42
rec_ff4bbe6a127cde5961a8,D:\INFANT CRY\data_set_dbl_split\train\not_baby\5-263775-A-26.wav,not_baby/5-263775-A-26.wav,not_baby,1,esc50,esc50_source:263775,esc50_source_file,3da4f9803fcd4044d76160ac5a4bcdbfc167f8422c6ca089e957be938d8b1dfe,StratifiedGroupKFold,42
rec_8488e655dc827145a65e,D:\INFANT CRY\data_set_dbl_split\train\not_baby\5-263775-B-26.wav,not_baby/5-263775-B-26.wav,not_baby,1,esc50,esc50_source:263775,esc50_source_file,91ad833977880350aac446f5d3ea2b01cb307609d0e5b7f6fba821b57eeb3e2f,StratifiedGroupKFold,42
rec_27dfd78be7f02178554b,D:\INFANT CRY\data_set_dbl_split\train\not_baby\5-9032-A-0.wav,not_baby/5-9032-A-0.wav,not_baby,1,esc50,esc50_source:9032,esc50_source_file,e49492e3cd7be48c3e5f82a121e71f23687ecb047609085231e06a0cccb2b12d,StratifiedGroupKFold,42
rec_f727cf87adcf68c78684,D:\INFANT CRY\data_set_dbl_split\train\belly_pain\1248_M_eairh.wav,belly_pain/1248_M_eairh.wav,baby,2,infantcry_dbl,infant_sha256:f93a9c39efa580d0dc51613e87b387de74a3ccd1871ab80ccaea51544c164494,exact_content_sha256,f93a9c39efa580d0dc51613e87b387de74a3ccd1871ab80ccaea51544c164494,StratifiedGroupKFold,42
rec_fcc4c169f306104793fd,D:\INFANT CRY\data_set_dbl_split\train\belly_pain\1588_M_eairh.wav,belly_pain/1588_M_eairh.wav,baby,2,infantcry_dbl,infant_sha256:3aee28552080d0db55ac45d25e6d46ebae7467cc388c524b13faf129bf003010,exact_content_sha256,3aee28552080d0db55ac45d25e6d46ebae7467cc388c524b13faf129bf003010,StratifiedGroupKFold,42
rec_020faabb65976146dcf3,D:\INFANT CRY\data_set_dbl_split\train\belly_pain\2210_M_eairh.wav,belly_pain/2210_M_eairh.wav,baby,2,infantcry_dbl,infant_sha256:0730bb9f981a9e71d30c01c4cb8b49dd92462961dba49917b09d4e8259bb267b,exact_content_sha256,0730bb9f981a9e71d30c01c4cb8b49dd92462961dba49917b09d4e8259bb267b,StratifiedGroupKFold,42
rec_fac87a465c8472b089f6,D:\INFANT CRY\data_set_dbl_split\train\belly_pain\2250_F_eairh.wav,belly_pain/2250_F_eairh.wav,baby,2,infantcry_dbl,infant_sha256:6d6c795a4b310d3d3438e948c6795c7460baa61191db37787333a9c602904bec,exact_content_sha256,6d6c795a4b310d3d3438e948c6795c7460baa61191db37787333a9c602904bec,StratifiedGroupKFold,42
rec_fba775c7ee6d938c4a28,D:\INFANT CRY\data_set_dbl_split\train\belly_pain\2566_M_eairh.wav,belly_pain/2566_M_eairh.wav,baby,2,infantcry_dbl,infant_sha256:5377e15bec247bb4fc99b1fb8b9da60f015ba762d74eeff24cd2f5585862eb51,exact_content_sha256,5377e15bec247bb4fc99b1fb8b9da60f015ba762d74eeff24cd2f5585862eb51,StratifiedGroupKFold,42
rec_74b947283511c8751b65,D:\INFANT CRY\data_set_dbl_split\train\belly_pain\2593_M_eairh.wav,belly_pain/2593_M_eairh.wav,baby,2,infantcry_dbl,infant_sha256:75f1981944e666889743efa10e8461490c9a40a1b0c600459bfedfdab44ecc12,exact_content_sha256,75f1981944e666889743efa10e8461490c9a40a1b0c600459bfedfdab44ecc12,StratifiedGroupKFold,42
rec_5e6be8ab7bbd234bfa10,D:\INFANT CRY\data_set_dbl_split\train\belly_pain\323_M_eairh.wav,belly_pain/323_M_eairh.wav,baby,2,infantcry_dbl,infant_sha256:c4f4a1548a19501b1d751ad9e0d2b6251522cb1de1ce7392a002730db46b8c4d,exact_content_sha256,c4f4a1548a19501b1d751ad9e0d2b6251522cb1de1ce7392a002730db46b8c4d,StratifiedGroupKFold,42
rec_bd2fd049120ea1834eaf,D:\INFANT CRY\data_set_dbl_split\train\belly_pain\3306_M_eairh.wav,belly_pain/3306_M_eairh.wav,baby,2,infantcry_dbl,infant_sha256:ee3d933a7485197a861b93e6d4226eda462161b8d8e1aeba6bd82317ab483eb4,exact_content_sha256,ee3d933a7485197a861b93e6d4226eda462161b8d8e1aeba6bd82317ab483eb4,StratifiedGroupKFold,42
rec_984c63597c96f9a7a5eb,D:\INFANT CRY\data_set_dbl_split\train\belly_pain\3319_M_eairh.wav,belly_pain/3319_M_eairh.wav,baby,2,infantcry_dbl,infant_sha256:897e10fc891184fea67b55a1d6172c82716c3eded3311b0daf1d890d2ec3585f,exact_content_sha256,897e10fc891184fea67b55a1d6172c82716c3eded3311b0daf1d890d2ec3585f,StratifiedGroupKFold,42
rec_fdf6fac981d89bd04593,D:\INFANT CRY\data_set_dbl_split\train\belly_pain\3344_M_eairh.wav,belly_pain/3344_M_eairh.wav,baby,2,infantcry_dbl,infant_sha256:360328c4f90bd65406dae9c7ae0a71c505ee02e6c3a8d414ef7d8f7deaeebe9b,exact_content_sha256,360328c4f90bd65406dae9c7ae0a71c505ee02e6c3a8d414ef7d8f7deaeebe9b,StratifiedGroupKFold,42
rec_fae98644f14f54a8f0a4,D:\INFANT CRY\data_set_dbl_split\train\belly_pain\3889_M_eairh.wav,belly_pain/3889_M_eairh.wav,baby,2,infantcry_dbl,infant_sha256:56262ce33994c24595d6de80a4084a2ac07fc271fab6fffcb3e6cfc02077a954,exact_content_sha256,56262ce33994c24595d6de80a4084a2ac07fc271fab6fffcb3e6cfc02077a954,StratifiedGroupKFold,42
rec_a13b92fdc5317e0a51d9,D:\INFANT CRY\data_set_dbl_split\train\belly_pain\548_F_eairh.wav,belly_pain/548_F_eairh.wav,baby,2,infantcry_dbl,infant_sha256:3612c6e713d6fa175f01fc0fdda22cbf69645195a98c99ce5117adb320cdfdb5,exact_content_sha256,3612c6e713d6fa175f01fc0fdda22cbf69645195a98c99ce5117adb320cdfdb5,StratifiedGroupKFold,42
rec_3e28c761181c5229dd97,D:\INFANT CRY\data_set_dbl_split\train\belly_pain\dunstan-eairh_11.wav,belly_pain/dunstan-eairh_11.wav,baby,2,infantcry_dbl,infant_sha256:d459aeda7d0acac003df889d79e0a686cb0b60feea7535645033d41d3b2eaed9,exact_content_sha256,d459aeda7d0acac003df889d79e0a686cb0b60feea7535645033d41d3b2eaed9,StratifiedGroupKFold,42
rec_983c3aa745cbf8ace922,D:\INFANT CRY\data_set_dbl_split\train\belly_pain\dunstan-eairh_22.wav,belly_pain/dunstan-eairh_22.wav,baby,2,infantcry_dbl,infant_sha256:776a46f236f7f92e9d2626dfb5fd06166dad5725ef7fe25b2d551cd2e4228c6b,exact_content_sha256,776a46f236f7f92e9d2626dfb5fd06166dad5725ef7fe25b2d551cd2e4228c6b,StratifiedGroupKFold,42
rec_9b5466053393e9dbc382,D:\INFANT CRY\data_set_dbl_split\train\belly_pain\dunstan-eairh_23.wav,belly_pain/dunstan-eairh_23.wav,baby,2,infantcry_dbl,infant_sha256:d29ec9cc5c98826ff3bb80cd1628ed97a56e4ddbc03a50e08522c8bfb7ef5edb,exact_content_sha256,d29ec9cc5c98826ff3bb80cd1628ed97a56e4ddbc03a50e08522c8bfb7ef5edb,StratifiedGroupKFold,42
rec_0bf28df218daf1ccd7d4,D:\INFANT CRY\data_set_dbl_split\train\belly_pain\dunstan-eairh_31.wav,belly_pain/dunstan-eairh_31.wav,baby,2,infantcry_dbl,infant_sha256:1df157c70c1c5a153efa06c6639e6dbd8f5cb0caaf6f6f807d8a02c5e9940f6a,exact_content_sha256,1df157c70c1c5a153efa06c6639e6dbd8f5cb0caaf6f6f807d8a02c5e9940f6a,StratifiedGroupKFold,42
rec_02cdbe8c0204373d3f9c,D:\INFANT CRY\data_set_dbl_split\train\belly_pain\dunstan-eairh_44.wav,belly_pain/dunstan-eairh_44.wav,baby,2,infantcry_dbl,infant_sha256:7ce5cb9618fc4fb9f9c81c566727dcfa577545080b1c447b7946b118b83865e3,exact_content_sha256,7ce5cb9618fc4fb9f9c81c566727dcfa577545080b1c447b7946b118b83865e3,StratifiedGroupKFold,42
rec_71271d173296dd73b1cc,D:\INFANT CRY\data_set_dbl_split\train\belly_pain\dunstan-eairh_49.wav,belly_pain/dunstan-eairh_49.wav,baby,2,infantcry_dbl,infant_sha256:add9437b8e8a18a0f41cc8d6e8fba8f92ae5a7d8741f30145579fec59cfb5b88,exact_content_sha256,add9437b8e8a18a0f41cc8d6e8fba8f92ae5a7d8741f30145579fec59cfb5b88,StratifiedGroupKFold,42
rec_179925449a09539a329f,D:\INFANT CRY\data_set_dbl_split\train\belly_pain\dunstan-eairh_50.wav,belly_pain/dunstan-eairh_50.wav,baby,2,infantcry_dbl,infant_sha256:b0b0759f590ffc6bc0f55ccdc60c0c1ac866d5aa032cca028f8b703ef4444894,exact_content_sha256,b0b0759f590ffc6bc0f55ccdc60c0c1ac866d5aa032cca028f8b703ef4444894,StratifiedGroupKFold,42
rec_43b3fbffb18394a3d9df,D:\INFANT CRY\data_set_dbl_split\train\belly_pain\dunstan-eairh_52.wav,belly_pain/dunstan-eairh_52.wav,baby,2,infantcry_dbl,infant_sha256:18c86bdda8a8249424891a83f4c8c79b2b7530673f6691e4fe842c47477bce54,exact_content_sha256,18c86bdda8a8249424891a83f4c8c79b2b7530673f6691e4fe842c47477bce54,StratifiedGroupKFold,42
rec_aef5992e5f42844e0dda,D:\INFANT CRY\data_set_dbl_split\train\belly_pain\dunstan-eairh_53.wav,belly_pain/dunstan-eairh_53.wav,baby,2,infantcry_dbl,infant_sha256:a5e0e3325a517e18c8dc703abc524bdb1722d288f38ad4b83f43a4961fa378b5,exact_content_sha256,a5e0e3325a517e18c8dc703abc524bdb1722d288f38ad4b83f43a4961fa378b5,StratifiedGroupKFold,42
rec_5a1f57001a9a5cb17ad8,D:\INFANT CRY\data_set_dbl_split\train\burping\127_F_eh.wav,burping/127_F_eh.wav,baby,2,infantcry_dbl,infant_sha256:c3dea00222599d49d57fe8193035082e86625cfc0fafbc0515c3e2b8c2c6be51,exact_content_sha256,c3dea00222599d49d57fe8193035082e86625cfc0fafbc0515c3e2b8c2c6be51,StratifiedGroupKFold,42
rec_3dff757b4adba1651a52,D:\INFANT CRY\data_set_dbl_split\train\burping\1280_M_eh.wav,burping/1280_M_eh.wav,baby,2,infantcry_dbl,infant_sha256:79fb7fce520d39a2373d6d6baf8120e9927631024cd8a25b40c4639f8ca1f7dc,exact_content_sha256,79fb7fce520d39a2373d6d6baf8120e9927631024cd8a25b40c4639f8ca1f7dc,StratifiedGroupKFold,42
rec_30cbe93e75857a181f3d,D:\INFANT CRY\data_set_dbl_split\train\burping\128_M_eh.wav,burping/128_M_eh.wav,baby,2,infantcry_dbl,infant_sha256:eff6f3f12c2b2a77a8da3b2ce3cd514b49503568131174cf03bf9c967e14030c,exact_content_sha256,eff6f3f12c2b2a77a8da3b2ce3cd514b49503568131174cf03bf9c967e14030c,StratifiedGroupKFold,42
rec_bec84197dab7554371b2,D:\INFANT CRY\data_set_dbl_split\train\burping\1546_M_eh.wav,burping/1546_M_eh.wav,baby,2,infantcry_dbl,infant_sha256:7446f862ba6cb4e670725c7ec5480726397901c881c67c2af34a3b67b7bc69a8,exact_content_sha256,7446f862ba6cb4e670725c7ec5480726397901c881c67c2af34a3b67b7bc69a8,StratifiedGroupKFold,42
rec_02274f883a160366ffcc,D:\INFANT CRY\data_set_dbl_split\train\burping\1650_M_eh.wav,burping/1650_M_eh.wav,baby,2,infantcry_dbl,infant_sha256:bf247e03c03ec97efa5222ec7a48f3c8ba4f6469129012559b5ac73aa928c65e,exact_content_sha256,bf247e03c03ec97efa5222ec7a48f3c8ba4f6469129012559b5ac73aa928c65e,StratifiedGroupKFold,42
rec_06e84e6f511e879851ca,D:\INFANT CRY\data_set_dbl_split\train\burping\1677_M_eh.wav,burping/1677_M_eh.wav,baby,2,infantcry_dbl,infant_sha256:52889b18b9294f242a22c16708ba2a07809cecfcb882fa7c8e094945f3d79034,exact_content_sha256,52889b18b9294f242a22c16708ba2a07809cecfcb882fa7c8e094945f3d79034,StratifiedGroupKFold,42
rec_c38fa1511dbf3ebaa184,D:\INFANT CRY\data_set_dbl_split\train\burping\1869_M_eh.wav,burping/1869_M_eh.wav,baby,2,infantcry_dbl,infant_sha256:d9376166b8974afd77d511e499cff7286c1d11803a065f54ad43fc25090b8522,exact_content_sha256,d9376166b8974afd77d511e499cff7286c1d11803a065f54ad43fc25090b8522,StratifiedGroupKFold,42
rec_126e90d799b24e11f498,D:\INFANT CRY\data_set_dbl_split\train\burping\1891_M_eh.wav,burping/1891_M_eh.wav,baby,2,infantcry_dbl,infant_sha256:33cfc67c84ec9c96d69dda0a7f55054e1e7be281053073e55150297f3b968368,exact_content_sha256,33cfc67c84ec9c96d69dda0a7f55054e1e7be281053073e55150297f3b968368,StratifiedGroupKFold,42
rec_8c0c8f04ded4a4ce7a12,D:\INFANT CRY\data_set_dbl_split\train\burping\1999_M_eh.wav,burping/1999_M_eh.wav,baby,2,infantcry_dbl,infant_sha256:17d622c4e5a1da5ecc39b38f3d9d7163b5f0fc8b0b710713023c5fe21a6c4f69,exact_content_sha256,17d622c4e5a1da5ecc39b38f3d9d7163b5f0fc8b0b710713023c5fe21a6c4f69,StratifiedGroupKFold,42
rec_fa20854f3b7e4dba152c,D:\INFANT CRY\data_set_dbl_split\train\burping\2026_M_eh.wav,burping/2026_M_eh.wav,baby,2,infantcry_dbl,infant_sha256:b7fd523cf2b5056f1158281d5a1d893a4ac9d09ade4d99bb11cb3371413c7565,exact_content_sha256,b7fd523cf2b5056f1158281d5a1d893a4ac9d09ade4d99bb11cb3371413c7565,StratifiedGroupKFold,42
rec_812a143c52108fd80d82,D:\INFANT CRY\data_set_dbl_split\train\burping\2106_M_eh.wav,burping/2106_M_eh.wav,baby,2,infantcry_dbl,infant_sha256:2ef35bf65994318893b44a495172a0a212409634e29ab3e94869216528e436b7,exact_content_sha256,2ef35bf65994318893b44a495172a0a212409634e29ab3e94869216528e436b7,StratifiedGroupKFold,42
rec_27340d45ad612cfb12c4,D:\INFANT CRY\data_set_dbl_split\train\burping\2170_M_eh.wav,burping/2170_M_eh.wav,baby,2,infantcry_dbl,infant_sha256:10baadbfcc0d7ccbfae986fd03d8af4c68461b4df61c1865b1254a56ea6199e2,exact_content_sha256,10baadbfcc0d7ccbfae986fd03d8af4c68461b4df61c1865b1254a56ea6199e2,StratifiedGroupKFold,42
rec_8b38bc4b5e01d884ed1b,D:\INFANT CRY\data_set_dbl_split\train\burping\2238_M_eh.wav,burping/2238_M_eh.wav,baby,2,infantcry_dbl,infant_sha256:b87e139436c0eb03cd43672545be3d0eeebe46deee7e6ac650ae61eb0f3e5ccd,exact_content_sha256,b87e139436c0eb03cd43672545be3d0eeebe46deee7e6ac650ae61eb0f3e5ccd,StratifiedGroupKFold,42
rec_c6008b28a57b1ad0c4a6,D:\INFANT CRY\data_set_dbl_split\train\burping\2312_M_eh.wav,burping/2312_M_eh.wav,baby,2,infantcry_dbl,infant_sha256:0d38c77367ca0f79b5f49e61e5d489bf6222a8c87f4566e73cb4e02842a229b0,exact_content_sha256,0d38c77367ca0f79b5f49e61e5d489bf6222a8c87f4566e73cb4e02842a229b0,StratifiedGroupKFold,42
rec_e64ed0451cdefb147b9a,D:\INFANT CRY\data_set_dbl_split\train\burping\2458_M_eh.wav,burping/2458_M_eh.wav,baby,2,infantcry_dbl,infant_sha256:39600a25c1d8a61f3438bfa8800353717c0390b79ae3fd20449eea0db2311e26,exact_content_sha256,39600a25c1d8a61f3438bfa8800353717c0390b79ae3fd20449eea0db2311e26,StratifiedGroupKFold,42
rec_c02402c6d2a894138d12,D:\INFANT CRY\data_set_dbl_split\train\burping\2563_M_eh.wav,burping/2563_M_eh.wav,baby,2,infantcry_dbl,infant_sha256:53f7465b38a45035fdc71d898195a4d84386109aaba55a5d1c74c5e863796681,exact_content_sha256,53f7465b38a45035fdc71d898195a4d84386109aaba55a5d1c74c5e863796681,StratifiedGroupKFold,42
rec_d9fc0f1da80ad4b55ac5,D:\INFANT CRY\data_set_dbl_split\train\burping\2631_M_eh.wav,burping/2631_M_eh.wav,baby,2,infantcry_dbl,infant_sha256:16504f40519eea143add135512287a21227d83b4304d9461cd35094c1b0b653d,exact_content_sha256,16504f40519eea143add135512287a21227d83b4304d9461cd35094c1b0b653d,StratifiedGroupKFold,42
rec_8f1e43e0b3db4c9b7bd1,D:\INFANT CRY\data_set_dbl_split\train\burping\3009_M_eh.wav,burping/3009_M_eh.wav,baby,2,infantcry_dbl,infant_sha256:cf76f1358904d0c6fcdd8f1dbf083a23988ad4701e706a5291e7355e3b6c34f5,exact_content_sha256,cf76f1358904d0c6fcdd8f1dbf083a23988ad4701e706a5291e7355e3b6c34f5,StratifiedGroupKFold,42
rec_69a30e7d7377d2349a7e,D:\INFANT CRY\data_set_dbl_split\train\burping\3070_M_eh.wav,burping/3070_M_eh.wav,baby,2,infantcry_dbl,infant_sha256:cef893ab16a894305b2fedb5dbb3aa1ad0914e4e8977148fe7c1a307bdf635b0,exact_content_sha256,cef893ab16a894305b2fedb5dbb3aa1ad0914e4e8977148fe7c1a307bdf635b0,StratifiedGroupKFold,42
rec_6b454294a8664471f946,D:\INFANT CRY\data_set_dbl_split\train\burping\3153_F_eh.wav,burping/3153_F_eh.wav,baby,2,infantcry_dbl,infant_sha256:02a0d1e0e74d706db05f61e6564f0ede87975d37b75efa522f7531266606e079,exact_content_sha256,02a0d1e0e74d706db05f61e6564f0ede87975d37b75efa522f7531266606e079,StratifiedGroupKFold,42
rec_51b8c1e6675046875e68,D:\INFANT CRY\data_set_dbl_split\train\burping\3156_F_eh.wav,burping/3156_F_eh.wav,baby,2,infantcry_dbl,infant_sha256:5852cafd57e3213acd26e45eff8169e95c7f84c980fb66a1133fefe15408790a,exact_content_sha256,5852cafd57e3213acd26e45eff8169e95c7f84c980fb66a1133fefe15408790a,StratifiedGroupKFold,42
rec_ae241ae526411ad2be05,D:\INFANT CRY\data_set_dbl_split\train\burping\3233_M_eh.wav,burping/3233_M_eh.wav,baby,2,infantcry_dbl,infant_sha256:ca510d7bbba4ab08fc6cb90eb2d6cbf35e15b5bdf23c29399d34f390040e9e01,exact_content_sha256,ca510d7bbba4ab08fc6cb90eb2d6cbf35e15b5bdf23c29399d34f390040e9e01,StratifiedGroupKFold,42
rec_a3b246b844a903219afc,D:\INFANT CRY\data_set_dbl_split\train\burping\336_F_eh.wav,burping/336_F_eh.wav,baby,2,infantcry_dbl,infant_sha256:b9acd86c44e7a37c97382c515435ab53825308662ab78effd5910cedfbc2a0d3,exact_content_sha256,b9acd86c44e7a37c97382c515435ab53825308662ab78effd5910cedfbc2a0d3,StratifiedGroupKFold,42
rec_ec599e0cd6f23f0d78c2,D:\INFANT CRY\data_set_dbl_split\train\burping\3663_F_eh.wav,burping/3663_F_eh.wav,baby,2,infantcry_dbl,infant_sha256:09b1b485ad1d4393fcd68fa1cfa0b2b82cb270eb31b3737dfa3b3154aee36156,exact_content_sha256,09b1b485ad1d4393fcd68fa1cfa0b2b82cb270eb31b3737dfa3b3154aee36156,StratifiedGroupKFold,42
rec_565dd3342f1ac221607e,D:\INFANT CRY\data_set_dbl_split\train\burping\392_M_eh.wav,burping/392_M_eh.wav,baby,2,infantcry_dbl,infant_sha256:d1bcd099e0b0b7680f93a6323909a5856a70e1f11f34967269b45a46101c9d02,exact_content_sha256,d1bcd099e0b0b7680f93a6323909a5856a70e1f11f34967269b45a46101c9d02,StratifiedGroupKFold,42
rec_398f102ae45404e1b33a,D:\INFANT CRY\data_set_dbl_split\train\burping\3948_M_eh.wav,burping/3948_M_eh.wav,baby,2,infantcry_dbl,infant_sha256:8f0a5155dd00000d00dc4fdf3034a8f5655fc92213ea5e6d1b961d0236997aa0,exact_content_sha256,8f0a5155dd00000d00dc4fdf3034a8f5655fc92213ea5e6d1b961d0236997aa0,StratifiedGroupKFold,42
rec_04dc1bc529be34e2194f,D:\INFANT CRY\data_set_dbl_split\train\burping\3977_F_eh.wav,burping/3977_F_eh.wav,baby,2,infantcry_dbl,infant_sha256:8b10b7ebfb5f2399ddc9918ee8ecea4c9fb33511a9404ae695769655d53fcab1,exact_content_sha256,8b10b7ebfb5f2399ddc9918ee8ecea4c9fb33511a9404ae695769655d53fcab1,StratifiedGroupKFold,42
rec_e4598b934b1a48c6adb8,D:\INFANT CRY\data_set_dbl_split\train\burping\4298_F_eh.wav,burping/4298_F_eh.wav,baby,2,infantcry_dbl,infant_sha256:41a9e8622c887edf83c5f0925e7f1dd0c837cabec0ac19f27ad733c7c1f41c5f,exact_content_sha256,41a9e8622c887edf83c5f0925e7f1dd0c837cabec0ac19f27ad733c7c1f41c5f,StratifiedGroupKFold,42
rec_dc82cc7fca4fce70a058,D:\INFANT CRY\data_set_dbl_split\train\burping\4894_M_eh.wav,burping/4894_M_eh.wav,baby,2,infantcry_dbl,infant_sha256:1f38fa7b6780513ee0cfdb905a58cb8f684e6ce03363baa799af2f7f3ae33bc5,exact_content_sha256,1f38fa7b6780513ee0cfdb905a58cb8f684e6ce03363baa799af2f7f3ae33bc5,StratifiedGroupKFold,42
rec_a61b1c034874488205af,D:\INFANT CRY\data_set_dbl_split\train\burping\801_F_eh.wav,burping/801_F_eh.wav,baby,2,infantcry_dbl,infant_sha256:7f1bb60aa90557f7f45082f04fcfaa9ee88dd3c04b70c509a5559b1453e79f29,exact_content_sha256,7f1bb60aa90557f7f45082f04fcfaa9ee88dd3c04b70c509a5559b1453e79f29,StratifiedGroupKFold,42
rec_180d2118e85a66b32a32,D:\INFANT CRY\data_set_dbl_split\train\burping\805_M_eh.wav,burping/805_M_eh.wav,baby,2,infantcry_dbl,infant_sha256:75a0586f90cdfae32c998ea0a5a6c443cc0b810324d076e53ded9e0728a66824,exact_content_sha256,75a0586f90cdfae32c998ea0a5a6c443cc0b810324d076e53ded9e0728a66824,StratifiedGroupKFold,42
rec_6e8b01d0c6ea27bce163,D:\INFANT CRY\data_set_dbl_split\train\burping\dunstan-eh_35.wav,burping/dunstan-eh_35.wav,baby,2,infantcry_dbl,infant_sha256:845f1a3e67155053914e55213b552cd3bf7187f782aa038f3617d68109a41771,exact_content_sha256,845f1a3e67155053914e55213b552cd3bf7187f782aa038f3617d68109a41771,StratifiedGroupKFold,42
rec_410db454b737f8edd207,D:\INFANT CRY\data_set_dbl_split\train\burping\dunstan-eh_36.wav,burping/dunstan-eh_36.wav,baby,2,infantcry_dbl,infant_sha256:9812e508db07bc445f2a3931ff819cdebb0bee9ec8c30a37894438bf961922dc,exact_content_sha256,9812e508db07bc445f2a3931ff819cdebb0bee9ec8c30a37894438bf961922dc,StratifiedGroupKFold,42
rec_27fce64936b1b90d7277,D:\INFANT CRY\data_set_dbl_split\train\burping\dunstan-eh_57.wav,burping/dunstan-eh_57.wav,baby,2,infantcry_dbl,infant_sha256:6ec3e3322ec1a5bb1ef489da9707434487294e6f4209f1b05041a6a90be6d9b5,exact_content_sha256,6ec3e3322ec1a5bb1ef489da9707434487294e6f4209f1b05041a6a90be6d9b5,StratifiedGroupKFold,42
rec_c22dd02b85a1df5c8c4e,D:\INFANT CRY\data_set_dbl_split\train\burping\dunstan-eh_65.wav,burping/dunstan-eh_65.wav,baby,2,infantcry_dbl,infant_sha256:8c7b237a9190643530736a80bf11ca57492a7f04feab4082567a27a05ca6af9f,exact_content_sha256,8c7b237a9190643530736a80bf11ca57492a7f04feab4082567a27a05ca6af9f,StratifiedGroupKFold,42
rec_829c72de849282995758,D:\INFANT CRY\data_set_dbl_split\train\burping\dunstan-eh_68.wav,burping/dunstan-eh_68.wav,baby,2,infantcry_dbl,infant_sha256:11a10a6d60666d73852caa5b054cdc9ad8e0e53c5674409b3e50dc48fb09b8a7,exact_content_sha256,11a10a6d60666d73852caa5b054cdc9ad8e0e53c5674409b3e50dc48fb09b8a7,StratifiedGroupKFold,42
rec_0db4402c199757600dc5,D:\INFANT CRY\data_set_dbl_split\train\burping\dunstan-eh_9.wav,burping/dunstan-eh_9.wav,baby,2,infantcry_dbl,infant_sha256:054dd527b9df7822a1b20df716c7a648fcaae14bfa4587e1f7e49fddfca41a38,exact_content_sha256,054dd527b9df7822a1b20df716c7a648fcaae14bfa4587e1f7e49fddfca41a38,StratifiedGroupKFold,42
rec_c30ffcebec910157af48,D:\INFANT CRY\data_set_dbl_split\train\discomfort\1196_M_heh.wav,discomfort/1196_M_heh.wav,baby,2,infantcry_dbl,infant_sha256:8829b26bdcad95788504ca21b9a88e997c052de4dc569adf94b834f72e75c9c3,exact_content_sha256,8829b26bdcad95788504ca21b9a88e997c052de4dc569adf94b834f72e75c9c3,StratifiedGroupKFold,42
rec_02ea82f3316cb050f905,D:\INFANT CRY\data_set_dbl_split\train\discomfort\1826_F_heh.wav,discomfort/1826_F_heh.wav,baby,2,infantcry_dbl,infant_sha256:fc0ddf97ccc9a120820e478d0ee49381d6c73521b7d51be3c4a13469505ba2b8,exact_content_sha256,fc0ddf97ccc9a120820e478d0ee49381d6c73521b7d51be3c4a13469505ba2b8,StratifiedGroupKFold,42
rec_43d212cc278f3fa7f39d,D:\INFANT CRY\data_set_dbl_split\train\discomfort\2128_M_heh.wav,discomfort/2128_M_heh.wav,baby,2,infantcry_dbl,infant_sha256:86afd628c62172ddf26ad56569382fedab3b778faac003305476b06e927d4b7c,exact_content_sha256,86afd628c62172ddf26ad56569382fedab3b778faac003305476b06e927d4b7c,StratifiedGroupKFold,42
rec_af6446fc5d9db7acb66b,D:\INFANT CRY\data_set_dbl_split\train\discomfort\2409_M_heh.wav,discomfort/2409_M_heh.wav,baby,2,infantcry_dbl,infant_sha256:916d890407f9660ca09337872241a618f99170daf506dd64744dfde453d91d18,exact_content_sha256,916d890407f9660ca09337872241a618f99170daf506dd64744dfde453d91d18,StratifiedGroupKFold,42
rec_0655eee816f825bf3d59,D:\INFANT CRY\data_set_dbl_split\train\discomfort\2814_F_heh.wav,discomfort/2814_F_heh.wav,baby,2,infantcry_dbl,infant_sha256:0f059250fc8f3887d9def0b7564d38b60c45ad4f7238d9cb78dddfd457ce1d62,exact_content_sha256,0f059250fc8f3887d9def0b7564d38b60c45ad4f7238d9cb78dddfd457ce1d62,StratifiedGroupKFold,42
rec_371bb1b9e4f734680eb6,D:\INFANT CRY\data_set_dbl_split\train\discomfort\3298_M_heh.wav,discomfort/3298_M_heh.wav,baby,2,infantcry_dbl,infant_sha256:93f72c0ef7c454b70f119dabac7d883d182b1bfdfef027184dfe81191dd2f03c,exact_content_sha256,93f72c0ef7c454b70f119dabac7d883d182b1bfdfef027184dfe81191dd2f03c,StratifiedGroupKFold,42
rec_b9360ab2f4023e09693c,D:\INFANT CRY\data_set_dbl_split\train\discomfort\3335_M_heh.wav,discomfort/3335_M_heh.wav,baby,2,infantcry_dbl,infant_sha256:d6ef14bb5bf0851922182579ff806b84592522265cd4452965ae3888585ffc88,exact_content_sha256,d6ef14bb5bf0851922182579ff806b84592522265cd4452965ae3888585ffc88,StratifiedGroupKFold,42
rec_270278ab42fbf19a6468,D:\INFANT CRY\data_set_dbl_split\train\discomfort\3715_M_heh.wav,discomfort/3715_M_heh.wav,baby,2,infantcry_dbl,infant_sha256:dfea7c820857506d0bbd687073f117ae9874a34ffc9b5b1d4e322d812d0ee13d,exact_content_sha256,dfea7c820857506d0bbd687073f117ae9874a34ffc9b5b1d4e322d812d0ee13d,StratifiedGroupKFold,42
rec_6bbd0237afd88cf9b3c1,D:\INFANT CRY\data_set_dbl_split\train\discomfort\3795_M_heh.wav,discomfort/3795_M_heh.wav,baby,2,infantcry_dbl,infant_sha256:615d6ab51f30ebaa2a83d03bb3ce0b6a6c653238db82ea6f58e38391ee03ed73,exact_content_sha256,615d6ab51f30ebaa2a83d03bb3ce0b6a6c653238db82ea6f58e38391ee03ed73,StratifiedGroupKFold,42
rec_f4d28e0fc9542a590b34,D:\INFANT CRY\data_set_dbl_split\train\discomfort\3844_M_heh.wav,discomfort/3844_M_heh.wav,baby,2,infantcry_dbl,infant_sha256:657b32af5cf1a5e1bc960bf6d3a64bdc49c4ca3e2c482e8d71d9ef755f4cfbab,exact_content_sha256,657b32af5cf1a5e1bc960bf6d3a64bdc49c4ca3e2c482e8d71d9ef755f4cfbab,StratifiedGroupKFold,42
rec_a7a1cff4c1b04c4a0a73,D:\INFANT CRY\data_set_dbl_split\train\discomfort\3992_M_heh.wav,discomfort/3992_M_heh.wav,baby,2,infantcry_dbl,infant_sha256:0f8f2b4bd1f36b2192586ae73065c2cae9f9ef3e8ee3c7e9a0c7ffc446a7c4dd,exact_content_sha256,0f8f2b4bd1f36b2192586ae73065c2cae9f9ef3e8ee3c7e9a0c7ffc446a7c4dd,StratifiedGroupKFold,42
rec_c95f02818a4bfa9ef8b9,D:\INFANT CRY\data_set_dbl_split\train\discomfort\4041_M_heh.wav,discomfort/4041_M_heh.wav,baby,2,infantcry_dbl,infant_sha256:06123eccd7c806497d521b54de2e69e412a7d45c348f5d8601379d0cbc5f11b9,exact_content_sha256,06123eccd7c806497d521b54de2e69e412a7d45c348f5d8601379d0cbc5f11b9,StratifiedGroupKFold,42
rec_6ad89027638c1a776894,D:\INFANT CRY\data_set_dbl_split\train\discomfort\4228_M_heh.wav,discomfort/4228_M_heh.wav,baby,2,infantcry_dbl,infant_sha256:b62b980407bc234ade7738795e086691eb770cb73005718199acf386c41cad02,exact_content_sha256,b62b980407bc234ade7738795e086691eb770cb73005718199acf386c41cad02,StratifiedGroupKFold,42
rec_545a14847418aadce545,D:\INFANT CRY\data_set_dbl_split\train\discomfort\4253_M_heh.wav,discomfort/4253_M_heh.wav,baby,2,infantcry_dbl,infant_sha256:fce954eadaf605875056a76a995e1b778eeb910983a3207a276f99236b9526c9,exact_content_sha256,fce954eadaf605875056a76a995e1b778eeb910983a3207a276f99236b9526c9,StratifiedGroupKFold,42
rec_47ad8a2ec8f931f1904d,D:\INFANT CRY\data_set_dbl_split\train\discomfort\dunstan-heh_13.wav,discomfort/dunstan-heh_13.wav,baby,2,infantcry_dbl,infant_sha256:b51e673bad1fee64ab06e314e95104d2ba9921134c2ce2362bc6294d4a636a79,exact_content_sha256,b51e673bad1fee64ab06e314e95104d2ba9921134c2ce2362bc6294d4a636a79,StratifiedGroupKFold,42
rec_2c14edaf86afba716162,D:\INFANT CRY\data_set_dbl_split\train\discomfort\dunstan-heh_17.wav,discomfort/dunstan-heh_17.wav,baby,2,infantcry_dbl,infant_sha256:50a9ba34e829cf9fcce814337fc5e5dcccb431b6ef346193863b4bf0bfe990a7,exact_content_sha256,50a9ba34e829cf9fcce814337fc5e5dcccb431b6ef346193863b4bf0bfe990a7,StratifiedGroupKFold,42
rec_35ee8ab5d6dd0b87c748,D:\INFANT CRY\data_set_dbl_split\train\discomfort\dunstan-heh_34.wav,discomfort/dunstan-heh_34.wav,baby,2,infantcry_dbl,infant_sha256:264fc312ca87e9dccf68f799ba32206466d2767cf9312e2ab454024494818772,exact_content_sha256,264fc312ca87e9dccf68f799ba32206466d2767cf9312e2ab454024494818772,StratifiedGroupKFold,42
rec_1e1cf13b4d1b84eb706c,D:\INFANT CRY\data_set_dbl_split\train\discomfort\dunstan-heh_37.wav,discomfort/dunstan-heh_37.wav,baby,2,infantcry_dbl,infant_sha256:efe4a4f82d527d68867672209e36512d912907a6bab1bbf6ec9f523fa3f9ae16,exact_content_sha256,efe4a4f82d527d68867672209e36512d912907a6bab1bbf6ec9f523fa3f9ae16,StratifiedGroupKFold,42
rec_f4d972ce5aa401717524,D:\INFANT CRY\data_set_dbl_split\train\discomfort\dunstan-heh_56.wav,discomfort/dunstan-heh_56.wav,baby,2,infantcry_dbl,infant_sha256:78a75bac026554e45349a30721f1e48272841318d8ee92dfaa1fce86d1126c79,exact_content_sha256,78a75bac026554e45349a30721f1e48272841318d8ee92dfaa1fce86d1126c79,StratifiedGroupKFold,42
rec_9cac5ed43c5a7d7d1eff,D:\INFANT CRY\data_set_dbl_split\train\hungry\1200_M_neh.wav,hungry/1200_M_neh.wav,baby,2,infantcry_dbl,infant_sha256:59fd3681f53155b7f3316a976ce6938e2f195bb38b3cf02e838ba47ff130dcb3,exact_content_sha256,59fd3681f53155b7f3316a976ce6938e2f195bb38b3cf02e838ba47ff130dcb3,StratifiedGroupKFold,42
rec_c4c64bc3a334453f65f3,D:\INFANT CRY\data_set_dbl_split\train\hungry\1641_M_neh.wav,hungry/1641_M_neh.wav,baby,2,infantcry_dbl,infant_sha256:5fe72d99d113bc0ae5b7256bff021cdc397aaff0055e92cb122010e8514bc62e,exact_content_sha256,5fe72d99d113bc0ae5b7256bff021cdc397aaff0055e92cb122010e8514bc62e,StratifiedGroupKFold,42
rec_06c98458513d1a15c986,D:\INFANT CRY\data_set_dbl_split\train\hungry\2301_M_neh.wav,hungry/2301_M_neh.wav,baby,2,infantcry_dbl,infant_sha256:d9ed5617ec85c76df00229fde2c99564a6066de7fa230ea11b2cd18f46cbaf24,exact_content_sha256,d9ed5617ec85c76df00229fde2c99564a6066de7fa230ea11b2cd18f46cbaf24,StratifiedGroupKFold,42
rec_87323d3270f1b8f6e507,D:\INFANT CRY\data_set_dbl_split\train\hungry\2317_M_neh.wav,hungry/2317_M_neh.wav,baby,2,infantcry_dbl,infant_sha256:c260dfd7f3fb503bdf69d1ffca61ecc25f2ec68d46433f6f097e2b40ebce0837,exact_content_sha256,c260dfd7f3fb503bdf69d1ffca61ecc25f2ec68d46433f6f097e2b40ebce0837,StratifiedGroupKFold,42
rec_bdcdd560bdde23d75dcf,D:\INFANT CRY\data_set_dbl_split\train\hungry\246_M_neh.wav,hungry/246_M_neh.wav,baby,2,infantcry_dbl,infant_sha256:8585d00c79bab3dfec7f375718bc26ea475eeaf0f74bb98c5953c4ffa3380261,exact_content_sha256,8585d00c79bab3dfec7f375718bc26ea475eeaf0f74bb98c5953c4ffa3380261,StratifiedGroupKFold,42
rec_40337147c7cdb9b1f04e,D:\INFANT CRY\data_set_dbl_split\train\hungry\2515_M_neh.wav,hungry/2515_M_neh.wav,baby,2,infantcry_dbl,infant_sha256:a60f7d56c079df0998cb92c4754cccee4af565a615bdc3543bd244bafc14911d,exact_content_sha256,a60f7d56c079df0998cb92c4754cccee4af565a615bdc3543bd244bafc14911d,StratifiedGroupKFold,42
rec_116326ebfd88ba6b8be5,D:\INFANT CRY\data_set_dbl_split\train\hungry\2621_F_neh.wav,hungry/2621_F_neh.wav,baby,2,infantcry_dbl,infant_sha256:b05cadc0b50f16fa2b38972e9a5fc958282e4ac3768473f511488093bcc8f59f,exact_content_sha256,b05cadc0b50f16fa2b38972e9a5fc958282e4ac3768473f511488093bcc8f59f,StratifiedGroupKFold,42
rec_4207d13dec28146787c8,D:\INFANT CRY\data_set_dbl_split\train\hungry\2848_F_neh.wav,hungry/2848_F_neh.wav,baby,2,infantcry_dbl,infant_sha256:241c7c0d09ae75de8d000ecd1f4b2a6fbee53b243c1ad531caa9aa5049c4d887,exact_content_sha256,241c7c0d09ae75de8d000ecd1f4b2a6fbee53b243c1ad531caa9aa5049c4d887,StratifiedGroupKFold,42
rec_7d34a6ff4cab4dc795fd,D:\INFANT CRY\data_set_dbl_split\train\hungry\3451_M_neh.wav,hungry/3451_M_neh.wav,baby,2,infantcry_dbl,infant_sha256:ee8e5f3fff4f2700a00748bfdffb282ddd4ebdb494e7918b26fcc632d76c1e4b,exact_content_sha256,ee8e5f3fff4f2700a00748bfdffb282ddd4ebdb494e7918b26fcc632d76c1e4b,StratifiedGroupKFold,42
rec_7523b8e66b4d3ccafefe,D:\INFANT CRY\data_set_dbl_split\train\hungry\354_M_neh.wav,hungry/354_M_neh.wav,baby,2,infantcry_dbl,infant_sha256:ebc9334ebdeae1a854e73fafe028cc159808a96d160f7cef8befd1f0a2f74b80,exact_content_sha256,ebc9334ebdeae1a854e73fafe028cc159808a96d160f7cef8befd1f0a2f74b80,StratifiedGroupKFold,42
rec_463180d5d281fe991930,D:\INFANT CRY\data_set_dbl_split\train\hungry\3701_F_neh.wav,hungry/3701_F_neh.wav,baby,2,infantcry_dbl,infant_sha256:3f8890e71625278ea94f90591d0d04c1f5e0cb3a5f196b926519e2a3c106891d,exact_content_sha256,3f8890e71625278ea94f90591d0d04c1f5e0cb3a5f196b926519e2a3c106891d,StratifiedGroupKFold,42
rec_3eeb6dcac3167d9919e6,D:\INFANT CRY\data_set_dbl_split\train\hungry\4221_M_neh.wav,hungry/4221_M_neh.wav,baby,2,infantcry_dbl,infant_sha256:be5e24d751608c32cb67163060fd6e7763d9abbad230f345deb037cb9465a30b,exact_content_sha256,be5e24d751608c32cb67163060fd6e7763d9abbad230f345deb037cb9465a30b,StratifiedGroupKFold,42
rec_e4ad00feb28f4c6c7b7c,D:\INFANT CRY\data_set_dbl_split\train\hungry\4387_M_neh.wav,hungry/4387_M_neh.wav,baby,2,infantcry_dbl,infant_sha256:5c0b2a9a67fb770a17081220716b1e4161151222095ff72a95f4282df8ce0e9e,exact_content_sha256,5c0b2a9a67fb770a17081220716b1e4161151222095ff72a95f4282df8ce0e9e,StratifiedGroupKFold,42
rec_292be120aac79f3d8aad,D:\INFANT CRY\data_set_dbl_split\train\hungry\458_F_neh.wav,hungry/458_F_neh.wav,baby,2,infantcry_dbl,infant_sha256:70dd5dadfa66c032bbb04a56f14eadc4c3d9d7b9599bb1e64284fb91dc673313,exact_content_sha256,70dd5dadfa66c032bbb04a56f14eadc4c3d9d7b9599bb1e64284fb91dc673313,StratifiedGroupKFold,42
rec_e0a54a38ab9d7b6d3830,D:\INFANT CRY\data_set_dbl_split\train\hungry\463_M_neh.wav,hungry/463_M_neh.wav,baby,2,infantcry_dbl,infant_sha256:292100ebd42c27f7f4faf23fdb590492c046c28692a8a9606237bf0543fc515a,exact_content_sha256,292100ebd42c27f7f4faf23fdb590492c046c28692a8a9606237bf0543fc515a,StratifiedGroupKFold,42
rec_999b11113921ddf86a11,D:\INFANT CRY\data_set_dbl_split\train\hungry\4652_M_neh.wav,hungry/4652_M_neh.wav,baby,2,infantcry_dbl,infant_sha256:c0c3feebce565cef7dbbdc4e33b161b3c9393466cdb3b5d5000f17641ce104d5,exact_content_sha256,c0c3feebce565cef7dbbdc4e33b161b3c9393466cdb3b5d5000f17641ce104d5,StratifiedGroupKFold,42
rec_e0b99c082ada88b0aa3b,D:\INFANT CRY\data_set_dbl_split\train\hungry\4806_F_neh.wav,hungry/4806_F_neh.wav,baby,2,infantcry_dbl,infant_sha256:8dad9d9ae6f746dcca70d42d5893f20751aa87f70a42fcae47944339d9b8c654,exact_content_sha256,8dad9d9ae6f746dcca70d42d5893f20751aa87f70a42fcae47944339d9b8c654,StratifiedGroupKFold,42
rec_6a6e66f89a8a4d5d6593,D:\INFANT CRY\data_set_dbl_split\train\hungry\4908_M_neh.wav,hungry/4908_M_neh.wav,baby,2,infantcry_dbl,infant_sha256:e2cdafb6cec71ac00d2df6b292b2f3468537b2c186ff3e80f1e1068c9536edd1,exact_content_sha256,e2cdafb6cec71ac00d2df6b292b2f3468537b2c186ff3e80f1e1068c9536edd1,StratifiedGroupKFold,42
rec_2f44b2a29b63c403f247,D:\INFANT CRY\data_set_dbl_split\train\hungry\516_M_neh.wav,hungry/516_M_neh.wav,baby,2,infantcry_dbl,infant_sha256:e5b30435906cdd5c727047976d84e52f3601721907f41ed7c3290c05cd2d1e29,exact_content_sha256,e5b30435906cdd5c727047976d84e52f3601721907f41ed7c3290c05cd2d1e29,StratifiedGroupKFold,42
rec_d8deea50d36d9d56286e,D:\INFANT CRY\data_set_dbl_split\train\hungry\851_M_neh.wav,hungry/851_M_neh.wav,baby,2,infantcry_dbl,infant_sha256:e3e392a7783ed734892b7fe0a6e2d9e05e7096499d3c8007b1a7946b7731ef3f,exact_content_sha256,e3e392a7783ed734892b7fe0a6e2d9e05e7096499d3c8007b1a7946b7731ef3f,StratifiedGroupKFold,42
rec_19f421ef58c3bf799ef8,D:\INFANT CRY\data_set_dbl_split\train\hungry\99_M_neh.wav,hungry/99_M_neh.wav,baby,2,infantcry_dbl,infant_sha256:14b4f8ed2c701302746fe3ce0f2fe522b34368aa06a769e51f7e6c9fe3037767,exact_content_sha256,14b4f8ed2c701302746fe3ce0f2fe522b34368aa06a769e51f7e6c9fe3037767,StratifiedGroupKFold,42
rec_3bae5630f154084da71f,D:\INFANT CRY\data_set_dbl_split\train\hungry\dunstan-neh_29.wav,hungry/dunstan-neh_29.wav,baby,2,infantcry_dbl,infant_sha256:1317b4a1223e9c43ed322ff442b5cb8340fa19a7625572ff3f03d473782ccb48,exact_content_sha256,1317b4a1223e9c43ed322ff442b5cb8340fa19a7625572ff3f03d473782ccb48,StratifiedGroupKFold,42
rec_dabc4e82a87f09753719,D:\INFANT CRY\data_set_dbl_split\train\hungry\dunstan-neh_36.wav,hungry/dunstan-neh_36.wav,baby,2,infantcry_dbl,infant_sha256:9d2f54fa6424d45722f78a23d52bbb429fe9f5585a7b4be19c189fb859167d9b,exact_content_sha256,9d2f54fa6424d45722f78a23d52bbb429fe9f5585a7b4be19c189fb859167d9b,StratifiedGroupKFold,42
rec_e6f7616af9e95806b13f,D:\INFANT CRY\data_set_dbl_split\train\hungry\dunstan-neh_37.wav,hungry/dunstan-neh_37.wav,baby,2,infantcry_dbl,infant_sha256:e5eb6511e30be0b2d6a9025802029cf007146dcb0fee2feeff93a3f9a54cf0c1,exact_content_sha256,e5eb6511e30be0b2d6a9025802029cf007146dcb0fee2feeff93a3f9a54cf0c1,StratifiedGroupKFold,42
rec_76cce5732b0faa68e759,D:\INFANT CRY\data_set_dbl_split\train\hungry\dunstan-neh_41.wav,hungry/dunstan-neh_41.wav,baby,2,infantcry_dbl,infant_sha256:7bed8495e0b72869368bf27cdf9a4306e05950ac0cec74f783d9bb66f4b416ae,exact_content_sha256,7bed8495e0b72869368bf27cdf9a4306e05950ac0cec74f783d9bb66f4b416ae,StratifiedGroupKFold,42
rec_d063c5f9742a23575dbd,D:\INFANT CRY\data_set_dbl_split\train\hungry\dunstan-neh_43.wav,hungry/dunstan-neh_43.wav,baby,2,infantcry_dbl,infant_sha256:fe0fc23da423b9852477fc29b7be4587f8fce30545f3e1ca4ce92098771f0f2d,exact_content_sha256,fe0fc23da423b9852477fc29b7be4587f8fce30545f3e1ca4ce92098771f0f2d,StratifiedGroupKFold,42
rec_0ecdc0cd17162e55aad8,D:\INFANT CRY\data_set_dbl_split\train\hungry\dunstan-neh_57.wav,hungry/dunstan-neh_57.wav,baby,2,infantcry_dbl,infant_sha256:08c90d01125e24730ff6b2324d002417b27390a1ccdadec6989ea98ab956759c,exact_content_sha256,08c90d01125e24730ff6b2324d002417b27390a1ccdadec6989ea98ab956759c,StratifiedGroupKFold,42
rec_82f5f9b88b7fc28f0a7c,D:\INFANT CRY\data_set_dbl_split\train\hungry\dunstan-neh_6.wav,hungry/dunstan-neh_6.wav,baby,2,infantcry_dbl,infant_sha256:e397f28474eda722c72a111a1b7fca3185ff0523bf70c95fb266b86de90719ed,exact_content_sha256,e397f28474eda722c72a111a1b7fca3185ff0523bf70c95fb266b86de90719ed,StratifiedGroupKFold,42
rec_563bf3b849e217c99c2b,D:\INFANT CRY\data_set_dbl_split\train\hungry\dunstan-neh_66.wav,hungry/dunstan-neh_66.wav,baby,2,infantcry_dbl,infant_sha256:f3d88de4e96a18471cd77489a3564669992633aa7c00c9323ed3de7ed2177a42,exact_content_sha256,f3d88de4e96a18471cd77489a3564669992633aa7c00c9323ed3de7ed2177a42,StratifiedGroupKFold,42
rec_0552af17ff94910f260a,D:\INFANT CRY\data_set_dbl_split\train\hungry\dunstan-neh_7.wav,hungry/dunstan-neh_7.wav,baby,2,infantcry_dbl,infant_sha256:5ef4bd4f85df5dc4c6e3862b718fdd63a993fc7d263eeed210b6cd0b427de9bd,exact_content_sha256,5ef4bd4f85df5dc4c6e3862b718fdd63a993fc7d263eeed210b6cd0b427de9bd,StratifiedGroupKFold,42
rec_71dd61ec0a843f9ecf0c,D:\INFANT CRY\data_set_dbl_split\train\tired\1175_M_owh.wav,tired/1175_M_owh.wav,baby,2,infantcry_dbl,infant_sha256:c98684c4a49ecb823e4ce108c119f9df4c6022db98727cc4b09c5d5776ec7a33,exact_content_sha256,c98684c4a49ecb823e4ce108c119f9df4c6022db98727cc4b09c5d5776ec7a33,StratifiedGroupKFold,42
rec_e1ef8e972326ca893fbc,D:\INFANT CRY\data_set_dbl_split\train\tired\1327_M_owh.wav,tired/1327_M_owh.wav,baby,2,infantcry_dbl,infant_sha256:b2ecffbf5e6d006dbad1a7aecd4797684d77889670e438a29f15e684ed0d1163,exact_content_sha256,b2ecffbf5e6d006dbad1a7aecd4797684d77889670e438a29f15e684ed0d1163,StratifiedGroupKFold,42
rec_fd0b9206b80f3b29add1,D:\INFANT CRY\data_set_dbl_split\train\tired\1329_M_owh.wav,tired/1329_M_owh.wav,baby,2,infantcry_dbl,infant_sha256:5755fab78c929f5fe4843342e541eb5ee2ebd3633fc91a3c5487200933342567,exact_content_sha256,5755fab78c929f5fe4843342e541eb5ee2ebd3633fc91a3c5487200933342567,StratifiedGroupKFold,42
rec_f7ce84e2d9609f099bf9,D:\INFANT CRY\data_set_dbl_split\train\tired\1407_M_owh.wav,tired/1407_M_owh.wav,baby,2,infantcry_dbl,infant_sha256:a0417cf5ac21815c2501a09cd1cd9f5b1da1b86e668b5dd316832d2c5f3e7bd9,exact_content_sha256,a0417cf5ac21815c2501a09cd1cd9f5b1da1b86e668b5dd316832d2c5f3e7bd9,StratifiedGroupKFold,42
rec_18bf1cb37095850480ee,D:\INFANT CRY\data_set_dbl_split\train\tired\1434_M_owh.wav,tired/1434_M_owh.wav,baby,2,infantcry_dbl,infant_sha256:2cb56e01078020442669a73726df136c77be869be94e33e0f353866a28f38790,exact_content_sha256,2cb56e01078020442669a73726df136c77be869be94e33e0f353866a28f38790,StratifiedGroupKFold,42
rec_ffcb5317b070e323f976,D:\INFANT CRY\data_set_dbl_split\train\tired\143_F_owh.wav,tired/143_F_owh.wav,baby,2,infantcry_dbl,infant_sha256:2fbe45f439997095072f4cadfaf2a2e437e9f5602d0ccc45828bc3d9d097691d,exact_content_sha256,2fbe45f439997095072f4cadfaf2a2e437e9f5602d0ccc45828bc3d9d097691d,StratifiedGroupKFold,42
rec_fd2327ef1add12021b6a,D:\INFANT CRY\data_set_dbl_split\train\tired\1449_M_owh.wav,tired/1449_M_owh.wav,baby,2,infantcry_dbl,infant_sha256:cae89b533d20e1be278cba57eb72e9a276c27c361cb5f445b50ee8b1740693a7,exact_content_sha256,cae89b533d20e1be278cba57eb72e9a276c27c361cb5f445b50ee8b1740693a7,StratifiedGroupKFold,42
rec_4a811ef1fd06401720aa,D:\INFANT CRY\data_set_dbl_split\train\tired\1452_F_owh.wav,tired/1452_F_owh.wav,baby,2,infantcry_dbl,infant_sha256:43ed436f5192e48cf6ce0048607d7d7ced00ac9e85c01df8e553d13a7ca68714,exact_content_sha256,43ed436f5192e48cf6ce0048607d7d7ced00ac9e85c01df8e553d13a7ca68714,StratifiedGroupKFold,42
rec_c0d5840a2c2a44b0286c,D:\INFANT CRY\data_set_dbl_split\train\tired\1477_M_owh.wav,tired/1477_M_owh.wav,baby,2,infantcry_dbl,infant_sha256:0cad4e3d20e30215eeb2533d972f90aeaeccfb75d6d7e69cad476017a5eef7bf,exact_content_sha256,0cad4e3d20e30215eeb2533d972f90aeaeccfb75d6d7e69cad476017a5eef7bf,StratifiedGroupKFold,42
rec_904decc4ed07b5125187,D:\INFANT CRY\data_set_dbl_split\train\tired\1528_M_owh.wav,tired/1528_M_owh.wav,baby,2,infantcry_dbl,infant_sha256:aa7d0f4b4f60eda2bd98ca40c52bfa75bf88bcf53782cdbbe0cadd06b1018dea,exact_content_sha256,aa7d0f4b4f60eda2bd98ca40c52bfa75bf88bcf53782cdbbe0cadd06b1018dea,StratifiedGroupKFold,42
rec_ade9d37215e105627b75,D:\INFANT CRY\data_set_dbl_split\train\tired\1539_M_owh.wav,tired/1539_M_owh.wav,baby,2,infantcry_dbl,infant_sha256:5580be18cc26814e82f3cdb4bf307682a41cbe920a0a2c9df85630ac14f1d633,exact_content_sha256,5580be18cc26814e82f3cdb4bf307682a41cbe920a0a2c9df85630ac14f1d633,StratifiedGroupKFold,42
rec_43eaba8491ee96931502,D:\INFANT CRY\data_set_dbl_split\train\tired\1652_M_owh.wav,tired/1652_M_owh.wav,baby,2,infantcry_dbl,infant_sha256:c6bafe2f7dee78f57ef6d7c6285bc5d867c61cb2ff2b67925a36eebb0f2fb04a,exact_content_sha256,c6bafe2f7dee78f57ef6d7c6285bc5d867c61cb2ff2b67925a36eebb0f2fb04a,StratifiedGroupKFold,42
rec_ed3dd6a09f8657788d18,D:\INFANT CRY\data_set_dbl_split\train\tired\1673_F_owh.wav,tired/1673_F_owh.wav,baby,2,infantcry_dbl,infant_sha256:9ea33f47ed50ba85d532c3599902565d3708d322e8e208f0aa1477e72ea687f2,exact_content_sha256,9ea33f47ed50ba85d532c3599902565d3708d322e8e208f0aa1477e72ea687f2,StratifiedGroupKFold,42
rec_60e6e25320e8f3474fe6,D:\INFANT CRY\data_set_dbl_split\train\tired\1734_M_owh.wav,tired/1734_M_owh.wav,baby,2,infantcry_dbl,infant_sha256:d0f1b8ee00d8ddea9c1c03d68d4e6a86778dd6beda0cc759e93c7a1ec3e8d20d,exact_content_sha256,d0f1b8ee00d8ddea9c1c03d68d4e6a86778dd6beda0cc759e93c7a1ec3e8d20d,StratifiedGroupKFold,42
rec_d4d33a1f2c5cdd2e223f,D:\INFANT CRY\data_set_dbl_split\train\tired\1760_M_owh.wav,tired/1760_M_owh.wav,baby,2,infantcry_dbl,infant_sha256:49a7bdc287cc25405caf4936c8fde491a0d71afb9993701b0318f204df4c759c,exact_content_sha256,49a7bdc287cc25405caf4936c8fde491a0d71afb9993701b0318f204df4c759c,StratifiedGroupKFold,42
rec_0ed35a29871754d92c69,D:\INFANT CRY\data_set_dbl_split\train\tired\177_M_owh.wav,tired/177_M_owh.wav,baby,2,infantcry_dbl,infant_sha256:83803c5a3b008cde8e71e268499a66b24d6cd817cfe7f17ef93715eaf9cdd2be,exact_content_sha256,83803c5a3b008cde8e71e268499a66b24d6cd817cfe7f17ef93715eaf9cdd2be,StratifiedGroupKFold,42
rec_a3faf476ef2f1bd092ba,D:\INFANT CRY\data_set_dbl_split\train\tired\1795_M_owh.wav,tired/1795_M_owh.wav,baby,2,infantcry_dbl,infant_sha256:2859b957f0a98febd4138bf69b5db9ccd2c1d0836296d13a8557743d092e9da9,exact_content_sha256,2859b957f0a98febd4138bf69b5db9ccd2c1d0836296d13a8557743d092e9da9,StratifiedGroupKFold,42
rec_5d70e35019c23efaf711,D:\INFANT CRY\data_set_dbl_split\train\tired\1844_F_owh.wav,tired/1844_F_owh.wav,baby,2,infantcry_dbl,infant_sha256:a1865e4b99f8098eed8f0c718adf35514fcd6cdbff7bcb7b1779173919cfc4d7,exact_content_sha256,a1865e4b99f8098eed8f0c718adf35514fcd6cdbff7bcb7b1779173919cfc4d7,StratifiedGroupKFold,42
rec_231adaa0b0a9fe8c7acd,D:\INFANT CRY\data_set_dbl_split\train\tired\1858_M_owh.wav,tired/1858_M_owh.wav,baby,2,infantcry_dbl,infant_sha256:942f1c26d1c2f2fd801bd48485e14104280900d81f8aadf46c80e775b03bdc8b,exact_content_sha256,942f1c26d1c2f2fd801bd48485e14104280900d81f8aadf46c80e775b03bdc8b,StratifiedGroupKFold,42
rec_30d1ed276ec37c5e0877,D:\INFANT CRY\data_set_dbl_split\train\tired\189_M_owh.wav,tired/189_M_owh.wav,baby,2,infantcry_dbl,infant_sha256:7de435dbc2b4798075c49c6d9606311ce9866864e506f0299920a79cf1b1d46a,exact_content_sha256,7de435dbc2b4798075c49c6d9606311ce9866864e506f0299920a79cf1b1d46a,StratifiedGroupKFold,42
rec_233d5e27810c8deeabdf,D:\INFANT CRY\data_set_dbl_split\train\tired\1953_M_owh.wav,tired/1953_M_owh.wav,baby,2,infantcry_dbl,infant_sha256:a4cc65635885366f47945c8f902e13506dbac4f5df15762a428c6a20914e7891,exact_content_sha256,a4cc65635885366f47945c8f902e13506dbac4f5df15762a428c6a20914e7891,StratifiedGroupKFold,42
rec_a1f70ef70c18ce50dd3a,D:\INFANT CRY\data_set_dbl_split\train\tired\1973_M_owh.wav,tired/1973_M_owh.wav,baby,2,infantcry_dbl,infant_sha256:0b0e63a1859cc31be36c2dd34105c0347d25d69a1bfe7a7076acb282632259fa,exact_content_sha256,0b0e63a1859cc31be36c2dd34105c0347d25d69a1bfe7a7076acb282632259fa,StratifiedGroupKFold,42
rec_392c70be3dc5bcda88c5,D:\INFANT CRY\data_set_dbl_split\train\tired\2010_M_owh.wav,tired/2010_M_owh.wav,baby,2,infantcry_dbl,infant_sha256:8fe131541c48791854c59869dde489afb6ef9a193b88f44e9a596c5de9c9187a,exact_content_sha256,8fe131541c48791854c59869dde489afb6ef9a193b88f44e9a596c5de9c9187a,StratifiedGroupKFold,42
rec_4405bc872ad0df61a8ea,D:\INFANT CRY\data_set_dbl_split\train\tired\2022_M_owh.wav,tired/2022_M_owh.wav,baby,2,infantcry_dbl,infant_sha256:ed6370a812a95500a8093d4f4841fa1f1ef30724d273c5739f16515caa2b4d37,exact_content_sha256,ed6370a812a95500a8093d4f4841fa1f1ef30724d273c5739f16515caa2b4d37,StratifiedGroupKFold,42
rec_098c528dfdf2bc203c7d,D:\INFANT CRY\data_set_dbl_split\train\tired\2184_F_owh.wav,tired/2184_F_owh.wav,baby,2,infantcry_dbl,infant_sha256:2a78aa35c5674f10463487dd099c47ea3c73aca5ddbe23819e2a9cd70e4a5757,exact_content_sha256,2a78aa35c5674f10463487dd099c47ea3c73aca5ddbe23819e2a9cd70e4a5757,StratifiedGroupKFold,42
rec_fe69a6caa1104cbc03b5,D:\INFANT CRY\data_set_dbl_split\train\tired\2209_M_owh.wav,tired/2209_M_owh.wav,baby,2,infantcry_dbl,infant_sha256:937e15bfa6394425418b13f4713f2139857f3ad3a610ce5c0b8be6693295fca6,exact_content_sha256,937e15bfa6394425418b13f4713f2139857f3ad3a610ce5c0b8be6693295fca6,StratifiedGroupKFold,42
rec_391431d9e36aba58d034,D:\INFANT CRY\data_set_dbl_split\train\tired\2302_M_owh.wav,tired/2302_M_owh.wav,baby,2,infantcry_dbl,infant_sha256:aede4ea8284d524a1af632adabe475fcf87c86ed825abe44bd2dbe18c0ffe671,exact_content_sha256,aede4ea8284d524a1af632adabe475fcf87c86ed825abe44bd2dbe18c0ffe671,StratifiedGroupKFold,42
rec_d115cba322b06fb55589,D:\INFANT CRY\data_set_dbl_split\train\tired\234_M_owh.wav,tired/234_M_owh.wav,baby,2,infantcry_dbl,infant_sha256:f148463e190dc6431dce64037e622c28b8ce35225599b8dcb38f78320ef63618,exact_content_sha256,f148463e190dc6431dce64037e622c28b8ce35225599b8dcb38f78320ef63618,StratifiedGroupKFold,42
rec_3f575de91dd2ee55abf2,D:\INFANT CRY\data_set_dbl_split\train\tired\235_M_owh.wav,tired/235_M_owh.wav,baby,2,infantcry_dbl,infant_sha256:88e60ea5fa22c851c94a65e07a838bb9fa0f089cc6bbb29cae1f8d34150a149c,exact_content_sha256,88e60ea5fa22c851c94a65e07a838bb9fa0f089cc6bbb29cae1f8d34150a149c,StratifiedGroupKFold,42
rec_cd3db73b14a06bcaf977,D:\INFANT CRY\data_set_dbl_split\train\tired\2362_M_owh.wav,tired/2362_M_owh.wav,baby,2,infantcry_dbl,infant_sha256:f2d6859d0d472c101de3c5a92fe715beee7846a948e821201b694ffa095da5c4,exact_content_sha256,f2d6859d0d472c101de3c5a92fe715beee7846a948e821201b694ffa095da5c4,StratifiedGroupKFold,42
rec_c69119cf6403614feab1,D:\INFANT CRY\data_set_dbl_split\train\tired\2391_M_owh.wav,tired/2391_M_owh.wav,baby,2,infantcry_dbl,infant_sha256:7c72ee380b941e571e3ba043d2016fe1b867369dd714c32c31cfb32d4471f573,exact_content_sha256,7c72ee380b941e571e3ba043d2016fe1b867369dd714c32c31cfb32d4471f573,StratifiedGroupKFold,42
rec_f964905ba2326c2bbf71,D:\INFANT CRY\data_set_dbl_split\train\tired\2409_M_owh.wav,tired/2409_M_owh.wav,baby,2,infantcry_dbl,infant_sha256:2b8156c19233ae3e5f3907973f69cee84ac16f190f380fa34daf76b1c2091b77,exact_content_sha256,2b8156c19233ae3e5f3907973f69cee84ac16f190f380fa34daf76b1c2091b77,StratifiedGroupKFold,42
rec_88f5e8c104b9f983e351,D:\INFANT CRY\data_set_dbl_split\train\tired\2429_M_owh.wav,tired/2429_M_owh.wav,baby,2,infantcry_dbl,infant_sha256:79cd4556df5b90957aeb8fc34bc8a57cfc0009b72faa379bf451222dbd7d8043,exact_content_sha256,79cd4556df5b90957aeb8fc34bc8a57cfc0009b72faa379bf451222dbd7d8043,StratifiedGroupKFold,42
rec_7335dcde7a27046c15f5,D:\INFANT CRY\data_set_dbl_split\train\tired\2430_M_owh.wav,tired/2430_M_owh.wav,baby,2,infantcry_dbl,infant_sha256:5962311aa4f9ea75501cfc4b8fd3d4bd1a95031f1796294cc5ee20d171909f21,exact_content_sha256,5962311aa4f9ea75501cfc4b8fd3d4bd1a95031f1796294cc5ee20d171909f21,StratifiedGroupKFold,42
rec_a87694e9770b4bf5b29c,D:\INFANT CRY\data_set_dbl_split\train\tired\2515_F_owh.wav,tired/2515_F_owh.wav,baby,2,infantcry_dbl,infant_sha256:751a22c1b6909b68f5d3ddfe400cbfe27d8d2c0028f34ba221a1d784d02e6090,exact_content_sha256,751a22c1b6909b68f5d3ddfe400cbfe27d8d2c0028f34ba221a1d784d02e6090,StratifiedGroupKFold,42
rec_36dc78bde405c4a98143,D:\INFANT CRY\data_set_dbl_split\train\tired\2534_M_owh.wav,tired/2534_M_owh.wav,baby,2,infantcry_dbl,infant_sha256:6a3868b9299da38316a58fc349aa7395a387c4770ed6280a431e823200a435d4,exact_content_sha256,6a3868b9299da38316a58fc349aa7395a387c4770ed6280a431e823200a435d4,StratifiedGroupKFold,42
rec_adebcb991948cd5e3658,D:\INFANT CRY\data_set_dbl_split\train\tired\2607_F_owh.wav,tired/2607_F_owh.wav,baby,2,infantcry_dbl,infant_sha256:003a9b326de80bb4dc7b330cab406df39b5eb322b6e0a0541212af103ec099c1,exact_content_sha256,003a9b326de80bb4dc7b330cab406df39b5eb322b6e0a0541212af103ec099c1,StratifiedGroupKFold,42
rec_cd9af9038aec195d62ce,D:\INFANT CRY\data_set_dbl_split\train\tired\2705_F_owh.wav,tired/2705_F_owh.wav,baby,2,infantcry_dbl,infant_sha256:2e68f8c8fc9e5d8638c693b9ced1edb03abab9906feab07a8f25355ae277567f,exact_content_sha256,2e68f8c8fc9e5d8638c693b9ced1edb03abab9906feab07a8f25355ae277567f,StratifiedGroupKFold,42
rec_439a9902269ef8598187,D:\INFANT CRY\data_set_dbl_split\train\tired\2716_M_owh.wav,tired/2716_M_owh.wav,baby,2,infantcry_dbl,infant_sha256:5b02e7553547c026e0c5136d6a28c3c881406f1cd425bbe544de121ff1873d1e,exact_content_sha256,5b02e7553547c026e0c5136d6a28c3c881406f1cd425bbe544de121ff1873d1e,StratifiedGroupKFold,42
rec_7d086653c18267b4889e,D:\INFANT CRY\data_set_dbl_split\train\tired\2723_F_owh.wav,tired/2723_F_owh.wav,baby,2,infantcry_dbl,infant_sha256:8d3e128e33cebcccff42632727d8596837e73ed054212ddb25a1cbed32082838,exact_content_sha256,8d3e128e33cebcccff42632727d8596837e73ed054212ddb25a1cbed32082838,StratifiedGroupKFold,42
rec_d07028787b389f82a0b4,D:\INFANT CRY\data_set_dbl_split\train\tired\2768_M_owh.wav,tired/2768_M_owh.wav,baby,2,infantcry_dbl,infant_sha256:4a1a3ad355198f3253b82aed1fba69238a952e1604ea7b0eba6c0f073352ea0c,exact_content_sha256,4a1a3ad355198f3253b82aed1fba69238a952e1604ea7b0eba6c0f073352ea0c,StratifiedGroupKFold,42
rec_b84a2e0879659677b6ab,D:\INFANT CRY\data_set_dbl_split\train\tired\2769_M_owh.wav,tired/2769_M_owh.wav,baby,2,infantcry_dbl,infant_sha256:5e9d9a8472f5f5fb8f41ae5a87e5d8fed300a46bd42d8c75b207e741067c8577,exact_content_sha256,5e9d9a8472f5f5fb8f41ae5a87e5d8fed300a46bd42d8c75b207e741067c8577,StratifiedGroupKFold,42
rec_f122e9e8ac714a180a7a,D:\INFANT CRY\data_set_dbl_split\train\tired\2819_M_owh.wav,tired/2819_M_owh.wav,baby,2,infantcry_dbl,infant_sha256:be20e11d842ad2366e43e676a6afed8addb30be19bd8bda1f57e90f50d74cc78,exact_content_sha256,be20e11d842ad2366e43e676a6afed8addb30be19bd8bda1f57e90f50d74cc78,StratifiedGroupKFold,42
rec_c5e06aded79f647ac036,D:\INFANT CRY\data_set_dbl_split\train\tired\2904_M_owh.wav,tired/2904_M_owh.wav,baby,2,infantcry_dbl,infant_sha256:32fdf8d166a5c52e9218dffb01f189b7e2b199e2eab098e76bda38187d6d1dfa,exact_content_sha256,32fdf8d166a5c52e9218dffb01f189b7e2b199e2eab098e76bda38187d6d1dfa,StratifiedGroupKFold,42
rec_91852e916c425170d18d,D:\INFANT CRY\data_set_dbl_split\train\tired\2982_M_owh.wav,tired/2982_M_owh.wav,baby,2,infantcry_dbl,infant_sha256:688d024051d539cdbeb8c9f02f2ee5002d54687e495842b927775c21cd6001b1,exact_content_sha256,688d024051d539cdbeb8c9f02f2ee5002d54687e495842b927775c21cd6001b1,StratifiedGroupKFold,42
rec_7dba588b69ee3030ba9d,D:\INFANT CRY\data_set_dbl_split\train\tired\2994_F_owh.wav,tired/2994_F_owh.wav,baby,2,infantcry_dbl,infant_sha256:6022b72fd9acab1bd74d847c321331cde42662d7308b3d2331e27084c154c62c,exact_content_sha256,6022b72fd9acab1bd74d847c321331cde42662d7308b3d2331e27084c154c62c,StratifiedGroupKFold,42
rec_85b432a73d767f87b145,D:\INFANT CRY\data_set_dbl_split\train\tired\3069_M_owh.wav,tired/3069_M_owh.wav,baby,2,infantcry_dbl,infant_sha256:eaa0d98ba2b8b4fea9d99b790c559058ff692f0bac65d8a176ffcdad5795d31f,exact_content_sha256,eaa0d98ba2b8b4fea9d99b790c559058ff692f0bac65d8a176ffcdad5795d31f,StratifiedGroupKFold,42
rec_def926e98a06d94ba4c5,D:\INFANT CRY\data_set_dbl_split\train\tired\3184_M_owh.wav,tired/3184_M_owh.wav,baby,2,infantcry_dbl,infant_sha256:f6f628192120abea7add722c8f971647ec4c940ca95b0891c7286f9da4b8e9c1,exact_content_sha256,f6f628192120abea7add722c8f971647ec4c940ca95b0891c7286f9da4b8e9c1,StratifiedGroupKFold,42
rec_809d51c7c9687c71cd25,D:\INFANT CRY\data_set_dbl_split\train\tired\319_M_owh.wav,tired/319_M_owh.wav,baby,2,infantcry_dbl,infant_sha256:a8287e446d209ac180d335be47aec425df01c6c70dece20e37b651eab3e870a4,exact_content_sha256,a8287e446d209ac180d335be47aec425df01c6c70dece20e37b651eab3e870a4,StratifiedGroupKFold,42
rec_d26e4ae08d86bd6c32fa,D:\INFANT CRY\data_set_dbl_split\train\tired\3231_M_owh.wav,tired/3231_M_owh.wav,baby,2,infantcry_dbl,infant_sha256:3e4bad102d60253515ee8176fc2a50139d7d2b4439e2d2241deddaecf89fadfa,exact_content_sha256,3e4bad102d60253515ee8176fc2a50139d7d2b4439e2d2241deddaecf89fadfa,StratifiedGroupKFold,42
rec_a7808c9426bea7496f2b,D:\INFANT CRY\data_set_dbl_split\train\tired\3244_M_owh.wav,tired/3244_M_owh.wav,baby,2,infantcry_dbl,infant_sha256:50249d641db85db75961c1e2ecaf06e063d9f0dc17ea3b69bdffd34c79e87f97,exact_content_sha256,50249d641db85db75961c1e2ecaf06e063d9f0dc17ea3b69bdffd34c79e87f97,StratifiedGroupKFold,42
rec_142eab8d535fe4c092f4,D:\INFANT CRY\data_set_dbl_split\train\tired\3294_M_owh.wav,tired/3294_M_owh.wav,baby,2,infantcry_dbl,infant_sha256:dd916847f8d4d4d0e040b0283daeae6811e23869b9c31db031349c4290445fc6,exact_content_sha256,dd916847f8d4d4d0e040b0283daeae6811e23869b9c31db031349c4290445fc6,StratifiedGroupKFold,42
rec_29983012fc0aa8de3970,D:\INFANT CRY\data_set_dbl_split\train\tired\3313_M_owh.wav,tired/3313_M_owh.wav,baby,2,infantcry_dbl,infant_sha256:f49169c1746246ea27dab1e536b9cb4224d1ffb0c3eb23154346cbad12ed14bd,exact_content_sha256,f49169c1746246ea27dab1e536b9cb4224d1ffb0c3eb23154346cbad12ed14bd,StratifiedGroupKFold,42
rec_878ecfe3cff21671113b,D:\INFANT CRY\data_set_dbl_split\train\tired\3391_M_owh.wav,tired/3391_M_owh.wav,baby,2,infantcry_dbl,infant_sha256:20baa0a89e13f98f4973f5b6584d3123fcbbe53b4158e83b2bc0ad7267751cd1,exact_content_sha256,20baa0a89e13f98f4973f5b6584d3123fcbbe53b4158e83b2bc0ad7267751cd1,StratifiedGroupKFold,42
rec_964f64cc6976bb04f9ed,D:\INFANT CRY\data_set_dbl_split\train\tired\3449_M_owh.wav,tired/3449_M_owh.wav,baby,2,infantcry_dbl,infant_sha256:b3a6344a1fca73de87be6a15c9dd359654c809b9d4aa2326db918680f882e290,exact_content_sha256,b3a6344a1fca73de87be6a15c9dd359654c809b9d4aa2326db918680f882e290,StratifiedGroupKFold,42
rec_a6bae959a6f324900e75,D:\INFANT CRY\data_set_dbl_split\train\tired\3510_M_owh.wav,tired/3510_M_owh.wav,baby,2,infantcry_dbl,infant_sha256:95e61baf5c0ced2a0e2ea77c7f11e0ccc9851e47866f5c4c64c03a3f9d2579ea,exact_content_sha256,95e61baf5c0ced2a0e2ea77c7f11e0ccc9851e47866f5c4c64c03a3f9d2579ea,StratifiedGroupKFold,42
rec_e1f86ed57a4cce9a58ab,D:\INFANT CRY\data_set_dbl_split\train\tired\3564_M_owh.wav,tired/3564_M_owh.wav,baby,2,infantcry_dbl,infant_sha256:6f9a7df1216ecd394f1bd10bded1731df5f19d889377b45b5b4a978c6b23d975,exact_content_sha256,6f9a7df1216ecd394f1bd10bded1731df5f19d889377b45b5b4a978c6b23d975,StratifiedGroupKFold,42
rec_b650c425c68f30aad60f,D:\INFANT CRY\data_set_dbl_split\train\tired\3632_F_owh.wav,tired/3632_F_owh.wav,baby,2,infantcry_dbl,infant_sha256:47808540c2a1b74b6bc15169986af43e256a3a0c2cd348a756d7cddc7af3fc36,exact_content_sha256,47808540c2a1b74b6bc15169986af43e256a3a0c2cd348a756d7cddc7af3fc36,StratifiedGroupKFold,42
rec_5106fcf6ddf390f7140b,D:\INFANT CRY\data_set_dbl_split\train\tired\3649_M_owh.wav,tired/3649_M_owh.wav,baby,2,infantcry_dbl,infant_sha256:48ac6b7f7f9e4d8a411029052d25fce1d36dd1595360c00b419fe2e186764f7f,exact_content_sha256,48ac6b7f7f9e4d8a411029052d25fce1d36dd1595360c00b419fe2e186764f7f,StratifiedGroupKFold,42
rec_d01320b5d6d8b4851462,D:\INFANT CRY\data_set_dbl_split\train\tired\3698_M_owh.wav,tired/3698_M_owh.wav,baby,2,infantcry_dbl,infant_sha256:dec0260ab1bf580d26d3fd8d6bedf36edffc09008055c02571a298c750596aa2,exact_content_sha256,dec0260ab1bf580d26d3fd8d6bedf36edffc09008055c02571a298c750596aa2,StratifiedGroupKFold,42
rec_a6d0fdf0ea8240c81eb7,D:\INFANT CRY\data_set_dbl_split\train\tired\3785_F_owh.wav,tired/3785_F_owh.wav,baby,2,infantcry_dbl,infant_sha256:9f126dbe2077fb12bd56773de9e0f7865a4ab93b672e7b7b7e693e44b818bfd6,exact_content_sha256,9f126dbe2077fb12bd56773de9e0f7865a4ab93b672e7b7b7e693e44b818bfd6,StratifiedGroupKFold,42
rec_824fade1ae528dc5209e,D:\INFANT CRY\data_set_dbl_split\train\tired\3832_M_owh.wav,tired/3832_M_owh.wav,baby,2,infantcry_dbl,infant_sha256:4093b826981440d61d051feb7e19d6073c3f7e3e10ffa9a415f8dce1189ddc9c,exact_content_sha256,4093b826981440d61d051feb7e19d6073c3f7e3e10ffa9a415f8dce1189ddc9c,StratifiedGroupKFold,42
rec_d502e5aa8826a89c5dd6,D:\INFANT CRY\data_set_dbl_split\train\tired\3841_M_owh.wav,tired/3841_M_owh.wav,baby,2,infantcry_dbl,infant_sha256:e19820f0e2fc562f1dff9e2fc9ddf2ab2da0c97eec48b8486099b250c8cfdbbc,exact_content_sha256,e19820f0e2fc562f1dff9e2fc9ddf2ab2da0c97eec48b8486099b250c8cfdbbc,StratifiedGroupKFold,42
rec_f47fdec0113833178c5a,D:\INFANT CRY\data_set_dbl_split\train\tired\3871_F_owh.wav,tired/3871_F_owh.wav,baby,2,infantcry_dbl,infant_sha256:d55313ab3d46de45270234eb3e67380359262bdce416809e8bdb0f2e4dbc34f2,exact_content_sha256,d55313ab3d46de45270234eb3e67380359262bdce416809e8bdb0f2e4dbc34f2,StratifiedGroupKFold,42
rec_eb639b159e440fa68f18,D:\INFANT CRY\data_set_dbl_split\train\tired\3894_M_owh.wav,tired/3894_M_owh.wav,baby,2,infantcry_dbl,infant_sha256:3c19ab4b04d9e102fdf01eb86629191fc6baef8b89e22e03fcb9d561747bbbf9,exact_content_sha256,3c19ab4b04d9e102fdf01eb86629191fc6baef8b89e22e03fcb9d561747bbbf9,StratifiedGroupKFold,42
rec_abe0479c904285e5e121,D:\INFANT CRY\data_set_dbl_split\train\tired\3976_M_owh.wav,tired/3976_M_owh.wav,baby,2,infantcry_dbl,infant_sha256:011bafaf5dd8fd219b21d1d7d9f837955566547aa2767202a91f6442101bc398,exact_content_sha256,011bafaf5dd8fd219b21d1d7d9f837955566547aa2767202a91f6442101bc398,StratifiedGroupKFold,42
rec_b0d9dfa4b7714df3efd3,D:\INFANT CRY\data_set_dbl_split\train\tired\4062_M_owh.wav,tired/4062_M_owh.wav,baby,2,infantcry_dbl,infant_sha256:199886c973ce482dc2caa7d59dd42385e295f49607aaff8fe0add77b8fa1fb31,exact_content_sha256,199886c973ce482dc2caa7d59dd42385e295f49607aaff8fe0add77b8fa1fb31,StratifiedGroupKFold,42
rec_6ac7606744966530c37c,D:\INFANT CRY\data_set_dbl_split\train\tired\4127_M_owh.wav,tired/4127_M_owh.wav,baby,2,infantcry_dbl,infant_sha256:6c4be7e123047a1983bfd56893de526292a373505ee270b43b3015e8849a1ffc,exact_content_sha256,6c4be7e123047a1983bfd56893de526292a373505ee270b43b3015e8849a1ffc,StratifiedGroupKFold,42
rec_0440b5b8fdc242e78a3d,D:\INFANT CRY\data_set_dbl_split\train\tired\416_M_owh.wav,tired/416_M_owh.wav,baby,2,infantcry_dbl,infant_sha256:dbc17e00f7f6dc09c0003c3c6a8a06303416b164368603d5bce0a574ab838713,exact_content_sha256,dbc17e00f7f6dc09c0003c3c6a8a06303416b164368603d5bce0a574ab838713,StratifiedGroupKFold,42
rec_65c060e8fe9ca260e976,D:\INFANT CRY\data_set_dbl_split\train\tired\4178_M_owh.wav,tired/4178_M_owh.wav,baby,2,infantcry_dbl,infant_sha256:e7c3ffcbbabfe6cefcf6dc46d332c56bff36d15f7473693dc45b3ab7ef3ce129,exact_content_sha256,e7c3ffcbbabfe6cefcf6dc46d332c56bff36d15f7473693dc45b3ab7ef3ce129,StratifiedGroupKFold,42
rec_9a177e94e657deab253d,D:\INFANT CRY\data_set_dbl_split\train\tired\4194_M_owh.wav,tired/4194_M_owh.wav,baby,2,infantcry_dbl,infant_sha256:38802f44a188fda11fc4bd015c2569346e4f3f2b25fd2df13b2b2bd136913ac4,exact_content_sha256,38802f44a188fda11fc4bd015c2569346e4f3f2b25fd2df13b2b2bd136913ac4,StratifiedGroupKFold,42
rec_e7d57b61ced4f1c8cd5d,D:\INFANT CRY\data_set_dbl_split\train\tired\4203_M_owh.wav,tired/4203_M_owh.wav,baby,2,infantcry_dbl,infant_sha256:d3ebca4c0668a0d61ed16d6d3ea0d18ae16708902c206c7c295f4c1af0c8d8a5,exact_content_sha256,d3ebca4c0668a0d61ed16d6d3ea0d18ae16708902c206c7c295f4c1af0c8d8a5,StratifiedGroupKFold,42
rec_c59bc1d7f247cb566f41,D:\INFANT CRY\data_set_dbl_split\train\tired\423_M_owh.wav,tired/423_M_owh.wav,baby,2,infantcry_dbl,infant_sha256:cd650081ee6e8356ab9b7d9a05c72e0c48e31159da92083373d80887218ec3fe,exact_content_sha256,cd650081ee6e8356ab9b7d9a05c72e0c48e31159da92083373d80887218ec3fe,StratifiedGroupKFold,42
rec_0826f8e7b786ff714220,D:\INFANT CRY\data_set_dbl_split\train\tired\424_M_owh.wav,tired/424_M_owh.wav,baby,2,infantcry_dbl,infant_sha256:a32d2c2a19117740485a8ad626bebc010ad8b607e39fcd670aece73a1ebe9aaf,exact_content_sha256,a32d2c2a19117740485a8ad626bebc010ad8b607e39fcd670aece73a1ebe9aaf,StratifiedGroupKFold,42
rec_89750d3ef7380e0066ad,D:\INFANT CRY\data_set_dbl_split\train\tired\4284_M_owh.wav,tired/4284_M_owh.wav,baby,2,infantcry_dbl,infant_sha256:c8e10e59c38f238766100518a9afbab28452a0f1b283b6cccc6a1e07df7d0cd4,exact_content_sha256,c8e10e59c38f238766100518a9afbab28452a0f1b283b6cccc6a1e07df7d0cd4,StratifiedGroupKFold,42
rec_9dbc2015e2c3c96c5f39,D:\INFANT CRY\data_set_dbl_split\train\tired\4365_M_owh.wav,tired/4365_M_owh.wav,baby,2,infantcry_dbl,infant_sha256:fa872f7d738aaf9b8c6cd2b37c2edb2f1c14d673cd2efa58571cbc5b1c10622f,exact_content_sha256,fa872f7d738aaf9b8c6cd2b37c2edb2f1c14d673cd2efa58571cbc5b1c10622f,StratifiedGroupKFold,42
rec_4a0fcd7abf5c9475fdd9,D:\INFANT CRY\data_set_dbl_split\train\tired\4366_F_owh.wav,tired/4366_F_owh.wav,baby,2,infantcry_dbl,infant_sha256:1ccdd89e72b8e8b0bccb47d3c081d75ee36c1fc8864ef86620cbc8a15f58868f,exact_content_sha256,1ccdd89e72b8e8b0bccb47d3c081d75ee36c1fc8864ef86620cbc8a15f58868f,StratifiedGroupKFold,42
rec_1c58cbabee035ccc3d2f,D:\INFANT CRY\data_set_dbl_split\train\tired\4400_F_owh.wav,tired/4400_F_owh.wav,baby,2,infantcry_dbl,infant_sha256:65241fd13acf438416464657ccd276d1e75e05c481c9ee2d435913cc75cab595,exact_content_sha256,65241fd13acf438416464657ccd276d1e75e05c481c9ee2d435913cc75cab595,StratifiedGroupKFold,42
rec_3dad8401d5cae0a8a2e7,D:\INFANT CRY\data_set_dbl_split\train\tired\4408_M_owh.wav,tired/4408_M_owh.wav,baby,2,infantcry_dbl,infant_sha256:80fe7cfe96f2a0913d112c7094a1b3c98b901bb586bdce911e0fa1d0105739b4,exact_content_sha256,80fe7cfe96f2a0913d112c7094a1b3c98b901bb586bdce911e0fa1d0105739b4,StratifiedGroupKFold,42
rec_1c05dc10c63e2737767c,D:\INFANT CRY\data_set_dbl_split\train\tired\4500_F_owh.wav,tired/4500_F_owh.wav,baby,2,infantcry_dbl,infant_sha256:3e3eef2b8ca2e5e8314d93b2215c331f99d98b0494fce0d153e00131e2674bc1,exact_content_sha256,3e3eef2b8ca2e5e8314d93b2215c331f99d98b0494fce0d153e00131e2674bc1,StratifiedGroupKFold,42
rec_ee37b9147c4d0199eb94,D:\INFANT CRY\data_set_dbl_split\train\tired\4503_M_owh.wav,tired/4503_M_owh.wav,baby,2,infantcry_dbl,infant_sha256:c2e3f437cf89aeae81dc0445266d5fec564bf01a710bb3987eb8038533a746ad,exact_content_sha256,c2e3f437cf89aeae81dc0445266d5fec564bf01a710bb3987eb8038533a746ad,StratifiedGroupKFold,42
rec_8ac420f4cf255c7b57ed,D:\INFANT CRY\data_set_dbl_split\train\tired\4528_M_owh.wav,tired/4528_M_owh.wav,baby,2,infantcry_dbl,infant_sha256:63fc4fc15abd3f4526995bcba9deb6efc23951aa47e3ca3843600b6d3fa66e2a,exact_content_sha256,63fc4fc15abd3f4526995bcba9deb6efc23951aa47e3ca3843600b6d3fa66e2a,StratifiedGroupKFold,42
rec_fe0571440bbcdcb5c944,D:\INFANT CRY\data_set_dbl_split\train\tired\4537_M_owh.wav,tired/4537_M_owh.wav,baby,2,infantcry_dbl,infant_sha256:9a0a542959b4fac2a1b917c6c8aac9de50c3f96940a324052a7dc662043da336,exact_content_sha256,9a0a542959b4fac2a1b917c6c8aac9de50c3f96940a324052a7dc662043da336,StratifiedGroupKFold,42
rec_b072edcd3862f9a5d63c,D:\INFANT CRY\data_set_dbl_split\train\tired\4633_F_owh.wav,tired/4633_F_owh.wav,baby,2,infantcry_dbl,infant_sha256:7b3464d7754050bb821686e2c801ac6f8dd6c9334b510a86653ce1545cb467bd,exact_content_sha256,7b3464d7754050bb821686e2c801ac6f8dd6c9334b510a86653ce1545cb467bd,StratifiedGroupKFold,42
rec_3594d01788e0957978cc,D:\INFANT CRY\data_set_dbl_split\train\tired\4737_M_owh.wav,tired/4737_M_owh.wav,baby,2,infantcry_dbl,infant_sha256:4dba7d313b806236b32dcac2dd90efac3687e64dc187e9b81b84afc46ee074ba,exact_content_sha256,4dba7d313b806236b32dcac2dd90efac3687e64dc187e9b81b84afc46ee074ba,StratifiedGroupKFold,42
rec_863525a0f0bb434c2cff,D:\INFANT CRY\data_set_dbl_split\train\tired\4746_M_owh.wav,tired/4746_M_owh.wav,baby,2,infantcry_dbl,infant_sha256:68f9dd7a7a66165c176b09bac6a4bbf221c7c9be9b35dc23256938ee9f6344a3,exact_content_sha256,68f9dd7a7a66165c176b09bac6a4bbf221c7c9be9b35dc23256938ee9f6344a3,StratifiedGroupKFold,42
rec_df69cdb63344e54c48f9,D:\INFANT CRY\data_set_dbl_split\train\tired\484_M_owh.wav,tired/484_M_owh.wav,baby,2,infantcry_dbl,infant_sha256:140d12bd2fb28a6eda864f1d2c0760a80039e4fd0b6aeeca9da75cba965c5536,exact_content_sha256,140d12bd2fb28a6eda864f1d2c0760a80039e4fd0b6aeeca9da75cba965c5536,StratifiedGroupKFold,42
rec_0df23d992fca0246997b,D:\INFANT CRY\data_set_dbl_split\train\tired\4921_M_owh.wav,tired/4921_M_owh.wav,baby,2,infantcry_dbl,infant_sha256:46e8faa3cdda416a6b3e4806616471bd4d4ef38644848951817fd5dc337ddab4,exact_content_sha256,46e8faa3cdda416a6b3e4806616471bd4d4ef38644848951817fd5dc337ddab4,StratifiedGroupKFold,42
rec_dc44ea25fb28a1a4ec2a,D:\INFANT CRY\data_set_dbl_split\train\tired\4950_M_owh.wav,tired/4950_M_owh.wav,baby,2,infantcry_dbl,infant_sha256:3c554b3fb051e8160992dd41297e2c55a24fab0c325c3497e1ca20a869965083,exact_content_sha256,3c554b3fb051e8160992dd41297e2c55a24fab0c325c3497e1ca20a869965083,StratifiedGroupKFold,42
rec_128d70a0e7297dbf40fb,D:\INFANT CRY\data_set_dbl_split\train\tired\4997_M_owh.wav,tired/4997_M_owh.wav,baby,2,infantcry_dbl,infant_sha256:9bad4f60d5547fc8b0b707989b7ef9d2a5d170784edd81600171780bfc00e4ca,exact_content_sha256,9bad4f60d5547fc8b0b707989b7ef9d2a5d170784edd81600171780bfc00e4ca,StratifiedGroupKFold,42
rec_e9a32a70ab1a0d3ad1d9,D:\INFANT CRY\data_set_dbl_split\train\tired\508_M_owh.wav,tired/508_M_owh.wav,baby,2,infantcry_dbl,infant_sha256:4d1fa45fb987cf9f0a69677c85c0a79b380df14deb98cc6ae4ec7e57314b313d,exact_content_sha256,4d1fa45fb987cf9f0a69677c85c0a79b380df14deb98cc6ae4ec7e57314b313d,StratifiedGroupKFold,42
rec_5dc7945172688f2ec107,D:\INFANT CRY\data_set_dbl_split\train\tired\521_M_owh.wav,tired/521_M_owh.wav,baby,2,infantcry_dbl,infant_sha256:6c1ae6c6e0cf14e7f0675dd57aab10e1f5c4bd5afcfd0b554cd50b0fc9bcf3bb,exact_content_sha256,6c1ae6c6e0cf14e7f0675dd57aab10e1f5c4bd5afcfd0b554cd50b0fc9bcf3bb,StratifiedGroupKFold,42
rec_f1aabf4f21c39e1b580c,D:\INFANT CRY\data_set_dbl_split\train\tired\602_M_owh.wav,tired/602_M_owh.wav,baby,2,infantcry_dbl,infant_sha256:42f74959d774c597d0f8bc2eb70327a520df2208d3a648df0e3161218c2cc247,exact_content_sha256,42f74959d774c597d0f8bc2eb70327a520df2208d3a648df0e3161218c2cc247,StratifiedGroupKFold,42
rec_a6ade8e06406d33c9bab,D:\INFANT CRY\data_set_dbl_split\train\tired\640_M_owh.wav,tired/640_M_owh.wav,baby,2,infantcry_dbl,infant_sha256:804e7fa02b7010f3a701e81258d8951d08e1cddec66013ef850695dd65d2c57c,exact_content_sha256,804e7fa02b7010f3a701e81258d8951d08e1cddec66013ef850695dd65d2c57c,StratifiedGroupKFold,42
rec_8f7de144e8f4af7f262e,D:\INFANT CRY\data_set_dbl_split\train\tired\667_M_owh.wav,tired/667_M_owh.wav,baby,2,infantcry_dbl,infant_sha256:8a0fd4d270d8968db0dc768dbce9e49371caa704e9b176edbd7f24b9b2397e0e,exact_content_sha256,8a0fd4d270d8968db0dc768dbce9e49371caa704e9b176edbd7f24b9b2397e0e,StratifiedGroupKFold,42
rec_32db82bef88389dbdfa1,D:\INFANT CRY\data_set_dbl_split\train\tired\794_F_owh.wav,tired/794_F_owh.wav,baby,2,infantcry_dbl,infant_sha256:31e062c97895c7e10c589a2dc21a2827c6d551a6fdef4bb66fb15ca22a8525da,exact_content_sha256,31e062c97895c7e10c589a2dc21a2827c6d551a6fdef4bb66fb15ca22a8525da,StratifiedGroupKFold,42
rec_024aa7d4f202b26f7432,D:\INFANT CRY\data_set_dbl_split\train\tired\870_M_owh.wav,tired/870_M_owh.wav,baby,2,infantcry_dbl,infant_sha256:830eb67609752f7fee6ad3a8bf9ff1fc16411355b8664c9f58dfad6fc516d21f,exact_content_sha256,830eb67609752f7fee6ad3a8bf9ff1fc16411355b8664c9f58dfad6fc516d21f,StratifiedGroupKFold,42
rec_0abc2432035ac1ac8128,D:\INFANT CRY\data_set_dbl_split\train\tired\896_M_owh.wav,tired/896_M_owh.wav,baby,2,infantcry_dbl,infant_sha256:4b3565c38aed7f388d6691fab95d618f426792f6adfea718039b86f28ef8a6b7,exact_content_sha256,4b3565c38aed7f388d6691fab95d618f426792f6adfea718039b86f28ef8a6b7,StratifiedGroupKFold,42
rec_e53691861d657ac50308,D:\INFANT CRY\data_set_dbl_split\train\tired\909_M_owh.wav,tired/909_M_owh.wav,baby,2,infantcry_dbl,infant_sha256:e893eeed503b5730d0fd4412d3c075c4e9ba103828d75aecdf5610ec82a699f2,exact_content_sha256,e893eeed503b5730d0fd4412d3c075c4e9ba103828d75aecdf5610ec82a699f2,StratifiedGroupKFold,42
rec_c2c895f2d92214d95ec9,D:\INFANT CRY\data_set_dbl_split\train\tired\dunstan-owh_13.wav,tired/dunstan-owh_13.wav,baby,2,infantcry_dbl,infant_sha256:adbdcb94a280d02e62e4430fe7f1aba13d8075ef45959eeaf6f0397dd052e61b,exact_content_sha256,adbdcb94a280d02e62e4430fe7f1aba13d8075ef45959eeaf6f0397dd052e61b,StratifiedGroupKFold,42
rec_1cf6d615bdb53b7cda0c,D:\INFANT CRY\data_set_dbl_split\train\tired\dunstan-owh_2.wav,tired/dunstan-owh_2.wav,baby,2,infantcry_dbl,infant_sha256:7fed99a8d5a8d8c2bb91a9ef4da7bf3be81b8ef6bf0f0be12daafc1c756a7c0c,exact_content_sha256,7fed99a8d5a8d8c2bb91a9ef4da7bf3be81b8ef6bf0f0be12daafc1c756a7c0c,StratifiedGroupKFold,42
rec_3fdcc2940a135cb4bc2c,D:\INFANT CRY\data_set_dbl_split\train\tired\dunstan-owh_20.wav,tired/dunstan-owh_20.wav,baby,2,infantcry_dbl,infant_sha256:a9741edc95b33f801b576ddb5f633aa4d7ee50e7c498510dfd84e5ac2081c367,exact_content_sha256,a9741edc95b33f801b576ddb5f633aa4d7ee50e7c498510dfd84e5ac2081c367,StratifiedGroupKFold,42
rec_ffdd35e5d33736cad828,D:\INFANT CRY\data_set_dbl_split\train\not_baby\1-101296-A-19.wav,not_baby/1-101296-A-19.wav,not_baby,2,esc50,esc50_source:101296,esc50_source_file,b0323e17979ff3d840ce3f9b7f13bf800a69a48f62632162b964efc9bfe4ef10,StratifiedGroupKFold,42
rec_86f7d31ef6bef22be4ac,D:\INFANT CRY\data_set_dbl_split\train\not_baby\1-101296-B-19.wav,not_baby/1-101296-B-19.wav,not_baby,2,esc50,esc50_source:101296,esc50_source_file,bdad401df959569dc44ad26fff3ff097de5ac98cde763eb37a557a4ab441440f,StratifiedGroupKFold,42
rec_f7ede0c95ba6f3680f23,D:\INFANT CRY\data_set_dbl_split\train\not_baby\1-110537-A-22.wav,not_baby/1-110537-A-22.wav,not_baby,2,esc50,esc50_source:110537,esc50_source_file,9d061b30110d82a33f97eb42146d20e827b34683983a4e10fe83765f58f9d4d5,StratifiedGroupKFold,42
rec_6d0795fe787f56046eb5,D:\INFANT CRY\data_set_dbl_split\train\not_baby\1-115521-A-19.wav,not_baby/1-115521-A-19.wav,not_baby,2,esc50,esc50_source:115521,esc50_source_file,87c3f36e376c3c26faac723d3d1a8ba0af76c8b3e1b456cfe4062975e67b88d2,StratifiedGroupKFold,42
rec_e74235813c6ee01360ce,D:\INFANT CRY\data_set_dbl_split\train\not_baby\1-12654-A-15.wav,not_baby/1-12654-A-15.wav,not_baby,2,esc50,esc50_source:12654,esc50_source_file,d2dd3a33d3187b9b643a345e768c4286a12a36fc23a3a2c2aaa525d1ce6e8658,StratifiedGroupKFold,42
rec_c9ed059fa781d16deb59,D:\INFANT CRY\data_set_dbl_split\train\not_baby\1-12654-B-15.wav,not_baby/1-12654-B-15.wav,not_baby,2,esc50,esc50_source:12654,esc50_source_file,0aae7efcfcf849cb630434296b2de3397ecd8aaf51282feab30ee28fd91d2227,StratifiedGroupKFold,42
rec_fbca3ffedb271da4dbe9,D:\INFANT CRY\data_set_dbl_split\train\not_baby\1-13571-A-46.wav,not_baby/1-13571-A-46.wav,not_baby,2,esc50,esc50_source:13571,esc50_source_file,92baf64d0e246d513e7a94e3778459558dcc222ec7cd30b12c58092a3d903142,StratifiedGroupKFold,42
rec_ac7cc8ef4073d0b6a92a,D:\INFANT CRY\data_set_dbl_split\train\not_baby\1-17092-A-27.wav,not_baby/1-17092-A-27.wav,not_baby,2,esc50,esc50_source:17092,esc50_source_file,e33131d7061ffa8e8fa234083dfd5c95b7da7d233f4d5ffaf2c34758f936964e,StratifiedGroupKFold,42
rec_5b3753f60e65330ae69c,D:\INFANT CRY\data_set_dbl_split\train\not_baby\1-17092-B-27.wav,not_baby/1-17092-B-27.wav,not_baby,2,esc50,esc50_source:17092,esc50_source_file,cfdcb4cb00c9af6e3f5613993d0c2c2babe1c0ebe442f8aa97017c092fad17f1,StratifiedGroupKFold,42
rec_06404722a13953a04ff8,D:\INFANT CRY\data_set_dbl_split\train\not_baby\1-17565-A-12.wav,not_baby/1-17565-A-12.wav,not_baby,2,esc50,esc50_source:17565,esc50_source_file,bf16e25363a2d5824c07e96dc05defcb87e1d9dcd47bfd241a9d25e01b411209,StratifiedGroupKFold,42
rec_d452a759661fcb9fcf12,D:\INFANT CRY\data_set_dbl_split\train\not_baby\1-17808-A-12.wav,not_baby/1-17808-A-12.wav,not_baby,2,esc50,esc50_source:17808,esc50_source_file,e6a90f134fe2f2eaa759b2b01ec831d6f86e300522fb0a5d19e050df16c606af,StratifiedGroupKFold,42
rec_453d01febf5542d44ebf,D:\INFANT CRY\data_set_dbl_split\train\not_baby\1-17808-B-12.wav,not_baby/1-17808-B-12.wav,not_baby,2,esc50,esc50_source:17808,esc50_source_file,f28b0f8158b6a5adfa4bca5df5c71963c839dd22815440c8b3e220ef2016a365,StratifiedGroupKFold,42
rec_95f7001ea54585d066d8,D:\INFANT CRY\data_set_dbl_split\train\not_baby\1-18655-A-31.wav,not_baby/1-18655-A-31.wav,not_baby,2,esc50,esc50_source:18655,esc50_source_file,fe84ff9cb5831e21fb8cbcaa56f6e3a477daad8ffe93999e490d442bc0150e45,StratifiedGroupKFold,42
rec_5bf926c82331c6b38a0e,D:\INFANT CRY\data_set_dbl_split\train\not_baby\1-19026-A-43.wav,not_baby/1-19026-A-43.wav,not_baby,2,esc50,esc50_source:19026,esc50_source_file,67bb2fe5cf138930eb6a6a84bedeb7284093076738cd47ef73cc8b3b8393ff40,StratifiedGroupKFold,42
rec_6ab154ec662bc1c2b8e4,D:\INFANT CRY\data_set_dbl_split\train\not_baby\1-19118-A-24.wav,not_baby/1-19118-A-24.wav,not_baby,2,esc50,esc50_source:19118,esc50_source_file,4fb6197f72791e50c465de8f1f715a7a3f93f7afab62dfa130f28d500303d8d9,StratifiedGroupKFold,42
rec_48a708fe6adf42ef7851,D:\INFANT CRY\data_set_dbl_split\train\not_baby\1-196660-A-8.wav,not_baby/1-196660-A-8.wav,not_baby,2,esc50,esc50_source:196660,esc50_source_file,8fd98d50c5ff6ffeea6785d306dca53e01ea2e914488115bf32da4fb11d4a53b,StratifiedGroupKFold,42
rec_fb3c8cb352d20f7354c2,D:\INFANT CRY\data_set_dbl_split\train\not_baby\1-196660-B-8.wav,not_baby/1-196660-B-8.wav,not_baby,2,esc50,esc50_source:196660,esc50_source_file,5b1895203de8d4392ae851a498973b07b38b915e9b0e001f8a46743a06981aa2,StratifiedGroupKFold,42
rec_8a21ed9e5bd6370e1cbf,D:\INFANT CRY\data_set_dbl_split\train\not_baby\1-21421-A-46.wav,not_baby/1-21421-A-46.wav,not_baby,2,esc50,esc50_source:21421,esc50_source_file,4547302835eb89a4fddaebca32b56e26784cc8453f7ee1984c014ffc8af6819e,StratifiedGroupKFold,42
rec_dca92f79799ac9b2ef98,D:\INFANT CRY\data_set_dbl_split\train\not_baby\1-22804-A-46.wav,not_baby/1-22804-A-46.wav,not_baby,2,esc50,esc50_source:22804,esc50_source_file,2212340e03c7e481a21f0e4845f54dc521d6c8a5c961d3421445b85f9bdf1ca9,StratifiedGroupKFold,42
rec_68e0eba1418f9428b077,D:\INFANT CRY\data_set_dbl_split\train\not_baby\1-26222-A-10.wav,not_baby/1-26222-A-10.wav,not_baby,2,esc50,esc50_source:26222,esc50_source_file,7a03695543a56d61464ea2bd87e0947bb994d38c914492c02be686693b6e1dac,StratifiedGroupKFold,42
rec_8f03dd4d69cfa2484d41,D:\INFANT CRY\data_set_dbl_split\train\not_baby\1-27403-A-28.wav,not_baby/1-27403-A-28.wav,not_baby,2,esc50,esc50_source:27403,esc50_source_file,e62c4f2f7500f59d40754fcdb7c953f5f2237a597a9f5be0de0343e859f4856b,StratifiedGroupKFold,42
rec_c962eaa6da40797b9f07,D:\INFANT CRY\data_set_dbl_split\train\not_baby\1-29532-A-16.wav,not_baby/1-29532-A-16.wav,not_baby,2,esc50,esc50_source:29532,esc50_source_file,f7161457776ff69adbb903e870a3ecf532228a033de6896f25af2f4ce77c5f68,StratifiedGroupKFold,42
rec_5859e6b822ef907e7060,D:\INFANT CRY\data_set_dbl_split\train\not_baby\1-30226-A-0.wav,not_baby/1-30226-A-0.wav,not_baby,2,esc50,esc50_source:30226,esc50_source_file,ca2626d2b49c7c20a3e0f9f8d7aa56f4497643c6bc264ff37764392be2b15753,StratifiedGroupKFold,42
rec_906cf8ace0ef671a1980,D:\INFANT CRY\data_set_dbl_split\train\not_baby\1-31836-A-4.wav,not_baby/1-31836-A-4.wav,not_baby,2,esc50,esc50_source:31836,esc50_source_file,2807d582aaeaf50414cb7e1e4f0ea2cbfd80727c7a08727eb2b68ed6db30f758,StratifiedGroupKFold,42
rec_5413a21644ef68a69b06,D:\INFANT CRY\data_set_dbl_split\train\not_baby\1-31836-B-4.wav,not_baby/1-31836-B-4.wav,not_baby,2,esc50,esc50_source:31836,esc50_source_file,d59a86d8a55ceaf65673df4ca0997503ee5f795c3bdb0fcb4b075ec653fa5f82,StratifiedGroupKFold,42
rec_fcdcedd35548688ecce9,D:\INFANT CRY\data_set_dbl_split\train\not_baby\1-34094-A-5.wav,not_baby/1-34094-A-5.wav,not_baby,2,esc50,esc50_source:34094,esc50_source_file,ceddf296bcdda3996d35d3f4c292c338050bcb4c5a05a96ca22a69d33e33e4de,StratifiedGroupKFold,42
rec_4cf31d9fc6c8776f7ef1,D:\INFANT CRY\data_set_dbl_split\train\not_baby\1-34094-B-5.wav,not_baby/1-34094-B-5.wav,not_baby,2,esc50,esc50_source:34094,esc50_source_file,43814c96e62a5c2fbf14b84828cc929e381e53c0add7c1e8211d212e1da97734,StratifiedGroupKFold,42
rec_9b4a133d0d1b9b4a541f,D:\INFANT CRY\data_set_dbl_split\train\not_baby\1-36402-A-23.wav,not_baby/1-36402-A-23.wav,not_baby,2,esc50,esc50_source:36402,esc50_source_file,cfc297b839a7ee0518fd7cb1e9a0cc5cb2a293bea181bd89ea50eb65b09e3918,StratifiedGroupKFold,42
rec_e7c92f38c8168ec6bff4,D:\INFANT CRY\data_set_dbl_split\train\not_baby\1-39937-A-28.wav,not_baby/1-39937-A-28.wav,not_baby,2,esc50,esc50_source:39937,esc50_source_file,184b75fef70747b549f033eef3034998c21a725a6176ff3b861274e85aaa152b,StratifiedGroupKFold,42
rec_532051672ab1e6361fad,D:\INFANT CRY\data_set_dbl_split\train\not_baby\1-46274-A-18.wav,not_baby/1-46274-A-18.wav,not_baby,2,esc50,esc50_source:46274,esc50_source_file,170e4746392d93b41de6c72acfa8d4087e54db2e59b3b5a36fe1845bda99a0da,StratifiedGroupKFold,42
rec_6bcaaff2f3757e7ba66e,D:\INFANT CRY\data_set_dbl_split\train\not_baby\1-46353-A-49.wav,not_baby/1-46353-A-49.wav,not_baby,2,esc50,esc50_source:46353,esc50_source_file,0a1d6325dc5bb88e18e18295cb7beb5a074ae34ea062df2d8f06013412a6aedc,StratifiedGroupKFold,42
rec_d787aa854d000fbffcdd,D:\INFANT CRY\data_set_dbl_split\train\not_baby\1-48298-A-46.wav,not_baby/1-48298-A-46.wav,not_baby,2,esc50,esc50_source:48298,esc50_source_file,da6a7b9e762834c586b6e4e273754a3255f9910b781cd4c29997df7aa7ecc9a6,StratifiedGroupKFold,42
rec_a485a957b0b189257b4e,D:\INFANT CRY\data_set_dbl_split\train\not_baby\1-50455-A-44.wav,not_baby/1-50455-A-44.wav,not_baby,2,esc50,esc50_source:50455,esc50_source_file,cb823cc6d4de1cf3e8173938ffb4ab754a84bd858f9ac180f37a89e695c95f7a,StratifiedGroupKFold,42
rec_4085e1be8d7ad7222de5,D:\INFANT CRY\data_set_dbl_split\train\not_baby\1-51433-A-17.wav,not_baby/1-51433-A-17.wav,not_baby,2,esc50,esc50_source:51433,esc50_source_file,ae0ad86859a7a981a5a8fc6f9d0eaab709b2095c0f754e2f7dfeab48a5df1fad,StratifiedGroupKFold,42
rec_bb745435400bca3e646c,D:\INFANT CRY\data_set_dbl_split\train\not_baby\1-52323-A-24.wav,not_baby/1-52323-A-24.wav,not_baby,2,esc50,esc50_source:52323,esc50_source_file,74d2b6a06d461e16b869c4ed5d3a83c5af698fe3650f1ac395976de974638d80,StratifiedGroupKFold,42
rec_4d9b5d07dbaa88a7fe63,D:\INFANT CRY\data_set_dbl_split\train\not_baby\1-53501-A-32.wav,not_baby/1-53501-A-32.wav,not_baby,2,esc50,esc50_source:53501,esc50_source_file,7edf3a6b856987de4fc2da27906d70abb00c40fba3352275eec840917daf2e50,StratifiedGroupKFold,42
rec_06b276df04622905c87a,D:\INFANT CRY\data_set_dbl_split\train\not_baby\1-54747-A-46.wav,not_baby/1-54747-A-46.wav,not_baby,2,esc50,esc50_source:54747,esc50_source_file,a0664359aa21e7b44f8de962632c9ed2bca9f86728056ae8dd14ae7ac5cd0330,StratifiedGroupKFold,42
rec_3803529b7b661b9d7ddc,D:\INFANT CRY\data_set_dbl_split\train\not_baby\1-56269-A-18.wav,not_baby/1-56269-A-18.wav,not_baby,2,esc50,esc50_source:56269,esc50_source_file,02d3e8ed351d8e097cd8f5327f06ea8b2bbc1053c603cfdda30e179db050b7ba,StratifiedGroupKFold,42
rec_dfa3989bceae572aa4d3,D:\INFANT CRY\data_set_dbl_split\train\not_baby\1-57316-A-13.wav,not_baby/1-57316-A-13.wav,not_baby,2,esc50,esc50_source:57316,esc50_source_file,2df85254c1ba9c2bcb8517c8d2b36caeaf60ab6197e2e3b7285680720ecd638c,StratifiedGroupKFold,42
rec_4711c1ba9267a40234a0,D:\INFANT CRY\data_set_dbl_split\train\not_baby\1-57318-A-13.wav,not_baby/1-57318-A-13.wav,not_baby,2,esc50,esc50_source:57318,esc50_source_file,0e02985a93837d58cfaaf3da12e49bb0438bcd007afc22b46a8bb05002bcb849,StratifiedGroupKFold,42
rec_3a74747ac3611230265e,D:\INFANT CRY\data_set_dbl_split\train\not_baby\1-58792-A-24.wav,not_baby/1-58792-A-24.wav,not_baby,2,esc50,esc50_source:58792,esc50_source_file,ef5ceff5e8ff5ff73d3d35f7a6bf677b9ac52a89c0ccefe8a891bca52a6c80a9,StratifiedGroupKFold,42
rec_5cbb67f2259227c831d4,D:\INFANT CRY\data_set_dbl_split\train\not_baby\1-60676-A-34.wav,not_baby/1-60676-A-34.wav,not_baby,2,esc50,esc50_source:60676,esc50_source_file,f78f154c98a28b64cf6fb5f063bdd83e68a14cea47cf494076b5c4059a549b70,StratifiedGroupKFold,42
rec_8fc1ae9159c013df9edf,D:\INFANT CRY\data_set_dbl_split\train\not_baby\1-61221-A-17.wav,not_baby/1-61221-A-17.wav,not_baby,2,esc50,esc50_source:61221,esc50_source_file,71feb207837a30c5850278db8f09a828bf01bed3c606b6afbc0af15414efc1f2,StratifiedGroupKFold,42
rec_1a5bf487f41f51a92bea,D:\INFANT CRY\data_set_dbl_split\train\not_baby\1-62565-A-44.wav,not_baby/1-62565-A-44.wav,not_baby,2,esc50,esc50_source:62565,esc50_source_file,f1831f884cd66a7cd29180a49ff6efd577149ca50b0b130febf5a95ce16946f5,StratifiedGroupKFold,42
rec_854195816e697603ce28,D:\INFANT CRY\data_set_dbl_split\train\not_baby\1-67432-A-27.wav,not_baby/1-67432-A-27.wav,not_baby,2,esc50,esc50_source:67432,esc50_source_file,84df792acb2172a221c18da030a44b2f196a7047fb9a636b0e32687998a44673,StratifiedGroupKFold,42
rec_1da92a036f0dc65de578,D:\INFANT CRY\data_set_dbl_split\train\not_baby\1-68734-A-34.wav,not_baby/1-68734-A-34.wav,not_baby,2,esc50,esc50_source:68734,esc50_source_file,121ac4bd64ee4295536a9f99f6d676bdacc1d71dd4c57dd05f9ac1e3ba651589,StratifiedGroupKFold,42
rec_8d67e5d21a6da8bb4d01,D:\INFANT CRY\data_set_dbl_split\train\not_baby\1-7057-A-12.wav,not_baby/1-7057-A-12.wav,not_baby,2,esc50,esc50_source:7057,esc50_source_file,f92e52f9ab78d700dc10bcbc36020082613e669db245961b3205e8394c075da6,StratifiedGroupKFold,42
rec_8a7f95616d7d94b6fb54,D:\INFANT CRY\data_set_dbl_split\train\not_baby\1-72695-A-26.wav,not_baby/1-72695-A-26.wav,not_baby,2,esc50,esc50_source:72695,esc50_source_file,00e40dabc61f55f7b41edb89a6690f1dc12c69321eb14c7272fb57d286f97e9a,StratifiedGroupKFold,42
rec_54d2633f5882853c02ee,D:\INFANT CRY\data_set_dbl_split\train\not_baby\1-75190-A-8.wav,not_baby/1-75190-A-8.wav,not_baby,2,esc50,esc50_source:75190,esc50_source_file,b1af7101ae2cd34f159e5263413170c2f1068f02dc3d500acf73463535296ff7,StratifiedGroupKFold,42
rec_d35ca4ca322a29171bec,D:\INFANT CRY\data_set_dbl_split\train\not_baby\1-79220-A-17.wav,not_baby/1-79220-A-17.wav,not_baby,2,esc50,esc50_source:79220,esc50_source_file,cd339a1d95e502074493699e00ec0fd85d887dbf760de8ebe7be143804f04b02,StratifiedGroupKFold,42
rec_68deed3997883deddc1d,D:\INFANT CRY\data_set_dbl_split\train\not_baby\1-7974-A-49.wav,not_baby/1-7974-A-49.wav,not_baby,2,esc50,esc50_source:7974,esc50_source_file,6d71679378b81aca9372f3d22a1c9d0adec9abed91cdb35c555c27c9c31f1dad,StratifiedGroupKFold,42
rec_d575a3923c50bcf4270b,D:\INFANT CRY\data_set_dbl_split\train\not_baby\1-7974-B-49.wav,not_baby/1-7974-B-49.wav,not_baby,2,esc50,esc50_source:7974,esc50_source_file,27544da8a76fd3efab41b470ec2aa0e78395f1e5fe408c5d2d67890aa94332b0,StratifiedGroupKFold,42
rec_95067cb9f46de354ae7a,D:\INFANT CRY\data_set_dbl_split\train\not_baby\1-84536-A-39.wav,not_baby/1-84536-A-39.wav,not_baby,2,esc50,esc50_source:84536,esc50_source_file,79efba4c0c54acadc88783e83b428fc9c430db94515b25339a6b5598e2ade0c0,StratifiedGroupKFold,42
rec_92a86e6dc6217babc6c1,D:\INFANT CRY\data_set_dbl_split\train\not_baby\1-84705-A-39.wav,not_baby/1-84705-A-39.wav,not_baby,2,esc50,esc50_source:84705,esc50_source_file,e8cc52dd91213cd69031e10c0fe15f77230f588ececb13cc7c906c43ece32336,StratifiedGroupKFold,42
rec_93aa9646948cf4e2ceee,D:\INFANT CRY\data_set_dbl_split\train\not_baby\1-94036-A-22.wav,not_baby/1-94036-A-22.wav,not_baby,2,esc50,esc50_source:94036,esc50_source_file,33c1225c50c7819dc5110271a1fdfde802925a3606cae438270e8e3c1c95400d,StratifiedGroupKFold,42
rec_182bf160b5e9e36cbb05,D:\INFANT CRY\data_set_dbl_split\train\not_baby\1-95563-A-31.wav,not_baby/1-95563-A-31.wav,not_baby,2,esc50,esc50_source:95563,esc50_source_file,7ba5e3d458310ab1593fb5a9125efdfb88a10531e9af9159d70d4b87376b3912,StratifiedGroupKFold,42
rec_103f5c572efbc70327a8,D:\INFANT CRY\data_set_dbl_split\train\not_baby\1-96950-A-9.wav,not_baby/1-96950-A-9.wav,not_baby,2,esc50,esc50_source:96950,esc50_source_file,a199a6812e4c68b7181a7c687b9dfb56ce07bcb6a38120819b57589479b27927,StratifiedGroupKFold,42
rec_5b7c6607956b02ded823,D:\INFANT CRY\data_set_dbl_split\train\not_baby\1-96950-B-9.wav,not_baby/1-96950-B-9.wav,not_baby,2,esc50,esc50_source:96950,esc50_source_file,dcfe51f36294220efeb1cb8d16016a4500892668134d85bab4b0ef8ed54be5be,StratifiedGroupKFold,42
rec_d87af039ee240fc566fc,D:\INFANT CRY\data_set_dbl_split\train\not_baby\1-9841-A-13.wav,not_baby/1-9841-A-13.wav,not_baby,2,esc50,esc50_source:9841,esc50_source_file,42d997027d8227c21fdf7edf24fcee019d6450bfb3343dbfffb5d3210a24c0ff,StratifiedGroupKFold,42
rec_3a9b3c8ff4834d412732,D:\INFANT CRY\data_set_dbl_split\train\not_baby\2-103427-A-3.wav,not_baby/2-103427-A-3.wav,not_baby,2,esc50,esc50_source:103427,esc50_source_file,4840991aed3e29e268e13d57aa261a228edfc1f092d58523448ac23dfd80d898,StratifiedGroupKFold,42
rec_8138788abbaacbff5ee1,D:\INFANT CRY\data_set_dbl_split\train\not_baby\2-104476-A-37.wav,not_baby/2-104476-A-37.wav,not_baby,2,esc50,esc50_source:104476,esc50_source_file,eb652724ba0a12a9665073a2b7130c685c67ac69c2d55cd8fd6c5b4593e28548,StratifiedGroupKFold,42
rec_cbea7c1df5a5e0231fe0,D:\INFANT CRY\data_set_dbl_split\train\not_baby\2-105270-A-47.wav,not_baby/2-105270-A-47.wav,not_baby,2,esc50,esc50_source:105270,esc50_source_file,9058480c04267c89a12e39ac7483922dd2300d7c84bfa39b52faea84f482d88d,StratifiedGroupKFold,42
rec_723a652f90518753342f,D:\INFANT CRY\data_set_dbl_split\train\not_baby\2-106849-A-47.wav,not_baby/2-106849-A-47.wav,not_baby,2,esc50,esc50_source:106849,esc50_source_file,e611957cdd6bbf6e9d28a965cda8b07f3839ed6a2abbcd0d9e72dab56678355b,StratifiedGroupKFold,42
rec_16eec14156890983fa91,D:\INFANT CRY\data_set_dbl_split\train\not_baby\2-108761-A-14.wav,not_baby/2-108761-A-14.wav,not_baby,2,esc50,esc50_source:108761,esc50_source_file,e8ae4ed6faea0630e7c7f555a73c9dda5e67e37f108b26f8e15d4275dfd53d0c,StratifiedGroupKFold,42
rec_90c89519916358ba2a34,D:\INFANT CRY\data_set_dbl_split\train\not_baby\2-109371-A-16.wav,not_baby/2-109371-A-16.wav,not_baby,2,esc50,esc50_source:109371,esc50_source_file,0cf39cf3983eaedfffa3ba3a2a70a4a55146845029f2888fdc66d4c070809c37,StratifiedGroupKFold,42
rec_7b0b5a13ae57c088e248,D:\INFANT CRY\data_set_dbl_split\train\not_baby\2-109371-B-16.wav,not_baby/2-109371-B-16.wav,not_baby,2,esc50,esc50_source:109371,esc50_source_file,be0ea8a1ff1748c5c5a4bbff92e03ddb2a67bf4b7f07679047468490d08f8bdc,StratifiedGroupKFold,42
rec_5b198f12bd7c3580e31c,D:\INFANT CRY\data_set_dbl_split\train\not_baby\2-109371-C-16.wav,not_baby/2-109371-C-16.wav,not_baby,2,esc50,esc50_source:109371,esc50_source_file,0f4cdd69ef229b244563c681b4b3fde04840941c9304dea0946b919c060752ef,StratifiedGroupKFold,42
rec_dac6991218c84f91174f,D:\INFANT CRY\data_set_dbl_split\train\not_baby\2-109371-D-16.wav,not_baby/2-109371-D-16.wav,not_baby,2,esc50,esc50_source:109371,esc50_source_file,c40dcc1e5ee9ab4c3663f0022d9443d2623a0c205924f3e508ee710deb4f0d98,StratifiedGroupKFold,42
rec_9201b58cf0eaa4fa9a5e,D:\INFANT CRY\data_set_dbl_split\train\not_baby\2-114254-A-30.wav,not_baby/2-114254-A-30.wav,not_baby,2,esc50,esc50_source:114254,esc50_source_file,5717c5c7a3bce7f38c9c444ef54f4c702cca53a6e368a6dc5b1cfb8388f7f9eb,StratifiedGroupKFold,42
rec_8422afeed88a240b2c25,D:\INFANT CRY\data_set_dbl_split\train\not_baby\2-114280-A-0.wav,not_baby/2-114280-A-0.wav,not_baby,2,esc50,esc50_source:114280,esc50_source_file,23cd06e6c8b2e054d13ad6392d34d91588cd8572041d6f4c1c337048fd5deb69,StratifiedGroupKFold,42
rec_66a25e4b6dd22ac7e4b3,D:\INFANT CRY\data_set_dbl_split\train\not_baby\2-117116-A-37.wav,not_baby/2-117116-A-37.wav,not_baby,2,esc50,esc50_source:117116,esc50_source_file,c1d8172cb41dd3338c2f48475c13b0bccaa99515c111e24f1a638a76774f0979,StratifiedGroupKFold,42
rec_3adc30748b43cce77d20,D:\INFANT CRY\data_set_dbl_split\train\not_baby\2-117271-A-0.wav,not_baby/2-117271-A-0.wav,not_baby,2,esc50,esc50_source:117271,esc50_source_file,636eb41093489304bb85802fdf2e8ac8b911500516e210e01f3b0b92f156c01d,StratifiedGroupKFold,42
rec_ea2e2c89a3f96621d305,D:\INFANT CRY\data_set_dbl_split\train\not_baby\2-117625-A-10.wav,not_baby/2-117625-A-10.wav,not_baby,2,esc50,esc50_source:117625,esc50_source_file,26c3b6b455aeb91f6f3d9a2b00f7e06bd1fc79609606ea2ae86272657dc02e88,StratifiedGroupKFold,42
rec_e70d1abe68943f231541,D:\INFANT CRY\data_set_dbl_split\train\not_baby\2-118459-A-32.wav,not_baby/2-118459-A-32.wav,not_baby,2,esc50,esc50_source:118459,esc50_source_file,3e144910a7444c162120ff2067726788fc886aaf4b28be55ca0b6d3347e35a28,StratifiedGroupKFold,42
rec_b9dc01a6b821e7dca8cd,D:\INFANT CRY\data_set_dbl_split\train\not_baby\2-118459-B-32.wav,not_baby/2-118459-B-32.wav,not_baby,2,esc50,esc50_source:118459,esc50_source_file,580103e9df8e83e039c5cc0b600a5c33457051afd66d9efd87063516f68ef320,StratifiedGroupKFold,42
rec_2bedc795ff3d38053288,D:\INFANT CRY\data_set_dbl_split\train\not_baby\2-118817-A-32.wav,not_baby/2-118817-A-32.wav,not_baby,2,esc50,esc50_source:118817,esc50_source_file,5f4f048fde966a014079f5a42a0d5658df58b2db9802d577b206a32f0d9a2042,StratifiedGroupKFold,42
rec_5162edb851de1ff4de99,D:\INFANT CRY\data_set_dbl_split\train\not_baby\2-120333-A-32.wav,not_baby/2-120333-A-32.wav,not_baby,2,esc50,esc50_source:120333,esc50_source_file,0221aef890f7252c3774518946c6bec589eeaab5a6d56fc593a488b7c51f95fc,StratifiedGroupKFold,42
rec_f1cccfdfe457d71cc400,D:\INFANT CRY\data_set_dbl_split\train\not_baby\2-122067-A-45.wav,not_baby/2-122067-A-45.wav,not_baby,2,esc50,esc50_source:122067,esc50_source_file,359ec594e1755c59072bc2091b138124ecd3a6a8e0a4e12b4f0e5315d0cc9094,StratifiedGroupKFold,42
rec_11e10ed8ff0c827287d6,D:\INFANT CRY\data_set_dbl_split\train\not_baby\2-122067-B-45.wav,not_baby/2-122067-B-45.wav,not_baby,2,esc50,esc50_source:122067,esc50_source_file,547f182a03df97b55b62713163871c809d4fae57a794ad9b34f2d0d719904b23,StratifiedGroupKFold,42
rec_01a201839ca6a5d72029,D:\INFANT CRY\data_set_dbl_split\train\not_baby\2-122820-A-36.wav,not_baby/2-122820-A-36.wav,not_baby,2,esc50,esc50_source:122820,esc50_source_file,89cb5093a2706c98fb55cf9f2b609349e31c44f3be91dcd22fbb3ed64162ec38,StratifiedGroupKFold,42
rec_9324d213244d313b7df9,D:\INFANT CRY\data_set_dbl_split\train\not_baby\2-122820-B-36.wav,not_baby/2-122820-B-36.wav,not_baby,2,esc50,esc50_source:122820,esc50_source_file,d00e4870e272267edea4c370525c8aa653979564b84646a5a97d0bef7694ba8d,StratifiedGroupKFold,42
rec_9bdcfe4e4321a8bb5e1c,D:\INFANT CRY\data_set_dbl_split\train\not_baby\2-123896-A-24.wav,not_baby/2-123896-A-24.wav,not_baby,2,esc50,esc50_source:123896,esc50_source_file,4e1720d93a23e4e005b688fdddeed30a6cb3ff04ebf706921de8d01d0d1dfa3e,StratifiedGroupKFold,42
rec_0fbf3970051422b85851,D:\INFANT CRY\data_set_dbl_split\train\not_baby\2-128631-A-21.wav,not_baby/2-128631-A-21.wav,not_baby,2,esc50,esc50_source:128631,esc50_source_file,f188f4f7bfe6ade616fcecb2f0c0245a4c6c08996a6714c04c7702edf417e31a,StratifiedGroupKFold,42
rec_b75e9ed9f2469f96783a,D:\INFANT CRY\data_set_dbl_split\train\not_baby\2-130245-A-34.wav,not_baby/2-130245-A-34.wav,not_baby,2,esc50,esc50_source:130245,esc50_source_file,1aa1ddc82930831bc1c283fe0d47a47b03dc07ee5fe7c6c191acd78f445acf87,StratifiedGroupKFold,42
rec_358788f37a2573b91abd,D:\INFANT CRY\data_set_dbl_split\train\not_baby\2-134700-A-38.wav,not_baby/2-134700-A-38.wav,not_baby,2,esc50,esc50_source:134700,esc50_source_file,568eb59736a3e7a59e588f0876a6acc81ecf9eff88179e42a995ff82f572a8db,StratifiedGroupKFold,42
rec_0ca6a997eb5f21be138e,D:\INFANT CRY\data_set_dbl_split\train\not_baby\2-139748-A-15.wav,not_baby/2-139748-A-15.wav,not_baby,2,esc50,esc50_source:139748,esc50_source_file,a74cc5a21d30d16ec332bb086b6d1e42636bd8f277b3c7f904701839bc862c2f,StratifiedGroupKFold,42
rec_065854f32c3389937760,D:\INFANT CRY\data_set_dbl_split\train\not_baby\2-139748-B-15.wav,not_baby/2-139748-B-15.wav,not_baby,2,esc50,esc50_source:139748,esc50_source_file,f00e971cd95874f3db87879e6fd6e687663184db5cb21dd681e44343f02932ee,StratifiedGroupKFold,42
rec_29978b51a216c0020387,D:\INFANT CRY\data_set_dbl_split\train\not_baby\2-155801-A-11.wav,not_baby/2-155801-A-11.wav,not_baby,2,esc50,esc50_source:155801,esc50_source_file,1851566021e7ad54163515236574452dd86cadc4657317f6bc285c9e06a9b436,StratifiedGroupKFold,42
rec_319832ed49d1967ba9f1,D:\INFANT CRY\data_set_dbl_split\train\not_baby\2-39443-A-19.wav,not_baby/2-39443-A-19.wav,not_baby,2,esc50,esc50_source:39443,esc50_source_file,68d84d52cfdfe5ce0d9183074fbe068f27d46a1b817cf4b942fd43f1aa986444,StratifiedGroupKFold,42
rec_245e2975b30c662d24c0,D:\INFANT CRY\data_set_dbl_split\train\not_baby\2-39443-B-19.wav,not_baby/2-39443-B-19.wav,not_baby,2,esc50,esc50_source:39443,esc50_source_file,290775ea9db60e5983e4f2a42177c73e9daa129dfb45cc120d6385af20efad26,StratifiedGroupKFold,42
rec_d4a30828fd02f0fb625c,D:\INFANT CRY\data_set_dbl_split\train\not_baby\2-42101-A-43.wav,not_baby/2-42101-A-43.wav,not_baby,2,esc50,esc50_source:42101,esc50_source_file,7dbb349df688e552e85413d808b6338aa9e8fcc8a907d905817820a6dc603d49,StratifiedGroupKFold,42
rec_4f6d94ded2e420a439b6,D:\INFANT CRY\data_set_dbl_split\train\not_baby\2-43802-A-42.wav,not_baby/2-43802-A-42.wav,not_baby,2,esc50,esc50_source:43802,esc50_source_file,ba6777f4ea87490953ec0fe89499368ce993afb99ba9eec60747cbb94785eb4f,StratifiedGroupKFold,42
rec_b9d27514d7264c4824db,D:\INFANT CRY\data_set_dbl_split\train\not_baby\2-50668-A-41.wav,not_baby/2-50668-A-41.wav,not_baby,2,esc50,esc50_source:50668,esc50_source_file,b3b5b151092231382feea724dc38188638814a7824592c7d80967d1bad59669f,StratifiedGroupKFold,42
rec_32da4bde2a84b518ed71,D:\INFANT CRY\data_set_dbl_split\train\not_baby\2-50668-B-41.wav,not_baby/2-50668-B-41.wav,not_baby,2,esc50,esc50_source:50668,esc50_source_file,11a783b1f9a74db022ac654722d21aef2e374cbf6b68ecb8fa20c576662edefc,StratifiedGroupKFold,42
rec_fff32d060c6b8ac76e45,D:\INFANT CRY\data_set_dbl_split\train\not_baby\2-59321-A-49.wav,not_baby/2-59321-A-49.wav,not_baby,2,esc50,esc50_source:59321,esc50_source_file,50d9867a0a5a9590ff5d84b27c9c95ecba9532a5174929a5728c33371787affc,StratifiedGroupKFold,42
rec_c36f2a754045c9db5244,D:\INFANT CRY\data_set_dbl_split\train\not_baby\2-61618-A-46.wav,not_baby/2-61618-A-46.wav,not_baby,2,esc50,esc50_source:61618,esc50_source_file,495ea1156f726d49eec02edeed6a8be6f5dce80d3262fd4da50134870e09e24d,StratifiedGroupKFold,42
rec_97a4593e4f0c34a07652,D:\INFANT CRY\data_set_dbl_split\train\not_baby\2-64963-A-15.wav,not_baby/2-64963-A-15.wav,not_baby,2,esc50,esc50_source:64963,esc50_source_file,1f7345829f6df2462bcde7de7397305189c39405932cf257ebd47ed22d08ebd1,StratifiedGroupKFold,42
rec_37a0f43bc78616d985dd,D:\INFANT CRY\data_set_dbl_split\train\not_baby\2-65750-A-1.wav,not_baby/2-65750-A-1.wav,not_baby,2,esc50,esc50_source:65750,esc50_source_file,665283baf62e962de29cbd5ffa44457c52b98ff6fa6db9469b82f33fab488d4c,StratifiedGroupKFold,42
rec_8df5d4474dadaf2ec9e7,D:\INFANT CRY\data_set_dbl_split\train\not_baby\2-70280-A-18.wav,not_baby/2-70280-A-18.wav,not_baby,2,esc50,esc50_source:70280,esc50_source_file,34f1772b25a7c95ca8493d408ac20ca3db4b5f9b866c30eb2bf04d5a952d65b8,StratifiedGroupKFold,42
rec_6d9576ce792cc81b3141,D:\INFANT CRY\data_set_dbl_split\train\not_baby\2-70367-A-33.wav,not_baby/2-70367-A-33.wav,not_baby,2,esc50,esc50_source:70367,esc50_source_file,d1162014189f9117f848df1324ee958d33a9651ae439a3e963a46dad0dfc314b,StratifiedGroupKFold,42
rec_191800116e4f8ce5d6bb,D:\INFANT CRY\data_set_dbl_split\train\not_baby\2-72547-A-14.wav,not_baby/2-72547-A-14.wav,not_baby,2,esc50,esc50_source:72547,esc50_source_file,81ef03338b4b86b20bc0e8251d32aec24f2c5ab0d04d90a27c621bf263c8f33d,StratifiedGroupKFold,42
rec_884b04f2316a8d7b498d,D:\INFANT CRY\data_set_dbl_split\train\not_baby\2-72547-B-14.wav,not_baby/2-72547-B-14.wav,not_baby,2,esc50,esc50_source:72547,esc50_source_file,a0d7dc0e4d408b47be30fc0da4ff4b1f88fd917dcd978dbb48489e5a730a1c5a,StratifiedGroupKFold,42
rec_61444469999327bfc833,D:\INFANT CRY\data_set_dbl_split\train\not_baby\2-72547-C-14.wav,not_baby/2-72547-C-14.wav,not_baby,2,esc50,esc50_source:72547,esc50_source_file,0b2fa30fd7c1a50c7b02f1865d6417d786d4fea910a14a65de7770a9be2aa57e,StratifiedGroupKFold,42
rec_ffbd5f6fb797b11640be,D:\INFANT CRY\data_set_dbl_split\train\not_baby\2-72547-D-14.wav,not_baby/2-72547-D-14.wav,not_baby,2,esc50,esc50_source:72547,esc50_source_file,49a79fa3b76bdf17e00b0da2f43289b25f0345e989994d15d78bcd8501cda4e1,StratifiedGroupKFold,42
rec_2fb32c9cf494224b7255,D:\INFANT CRY\data_set_dbl_split\train\not_baby\2-7321-A-33.wav,not_baby/2-7321-A-33.wav,not_baby,2,esc50,esc50_source:7321,esc50_source_file,7bcac1e87a513b55f1317eb751e901934bea9c3ac8beff2775f1f9fc1a56f49a,StratifiedGroupKFold,42
rec_22a03caa2e9f6c8e19b2,D:\INFANT CRY\data_set_dbl_split\train\not_baby\2-77346-A-46.wav,not_baby/2-77346-A-46.wav,not_baby,2,esc50,esc50_source:77346,esc50_source_file,ebc3196bb19c9174e56d5a5cc1c37e6e296803a340ef057eddeb60401e219531,StratifiedGroupKFold,42
rec_6d847f9aea41993c3b5c,D:\INFANT CRY\data_set_dbl_split\train\not_baby\2-81112-A-34.wav,not_baby/2-81112-A-34.wav,not_baby,2,esc50,esc50_source:81112,esc50_source_file,7cc484c46735bb454ef202af333582f438102e5aa8565b078244ebe9fdabd76f,StratifiedGroupKFold,42
rec_26d1ea34281e88d46a27,D:\INFANT CRY\data_set_dbl_split\train\not_baby\2-82071-A-27.wav,not_baby/2-82071-A-27.wav,not_baby,2,esc50,esc50_source:82071,esc50_source_file,44e9fb08031664f031c2539e8797f72343be389b63babbf62cbdb77f2941fd35,StratifiedGroupKFold,42
rec_b7a51666aedd8595a986,D:\INFANT CRY\data_set_dbl_split\train\not_baby\2-85434-A-27.wav,not_baby/2-85434-A-27.wav,not_baby,2,esc50,esc50_source:85434,esc50_source_file,217899ffbb8e5dc619224e0fbe93628053b0b47d1f561262116890c487175e61,StratifiedGroupKFold,42
rec_b9db4057a1af792e0e00,D:\INFANT CRY\data_set_dbl_split\train\not_baby\2-87282-A-34.wav,not_baby/2-87282-A-34.wav,not_baby,2,esc50,esc50_source:87282,esc50_source_file,55e6c407ef58b510e518645fad7d5482869f6eb35b0106c79cb6d0891ab26f76,StratifiedGroupKFold,42
rec_c4e78edc35ced3826a9e,D:\INFANT CRY\data_set_dbl_split\train\not_baby\2-87794-A-24.wav,not_baby/2-87794-A-24.wav,not_baby,2,esc50,esc50_source:87794,esc50_source_file,404e4a1c21eb3296e3b317d27244ac7a5fcff11c88109f60265f973b4b797443,StratifiedGroupKFold,42
rec_0cd6c6ec1fe17fdc1d24,D:\INFANT CRY\data_set_dbl_split\train\not_baby\2-88724-A-38.wav,not_baby/2-88724-A-38.wav,not_baby,2,esc50,esc50_source:88724,esc50_source_file,ba63b4175b60e54464f7bbec4b91f1f9345323221fe48655dc31c48be72312d6,StratifiedGroupKFold,42
rec_954c0ef6a32d2a7683cd,D:\INFANT CRY\data_set_dbl_split\train\not_baby\2-92627-A-27.wav,not_baby/2-92627-A-27.wav,not_baby,2,esc50,esc50_source:92627,esc50_source_file,7b6bc953ea6637eb7659c2431169284f49691606e45130084c42ac9dbfb75a8d,StratifiedGroupKFold,42
rec_4cf771a1226981d5c7de,D:\INFANT CRY\data_set_dbl_split\train\not_baby\2-94230-A-27.wav,not_baby/2-94230-A-27.wav,not_baby,2,esc50,esc50_source:94230,esc50_source_file,b60e247443e84fcbcabdc50fe1edc89fae8aa4c1708981ba58b75fbc9b0eb9b9,StratifiedGroupKFold,42
rec_100299b4d3a7cd74d2a7,D:\INFANT CRY\data_set_dbl_split\train\not_baby\2-99796-A-32.wav,not_baby/2-99796-A-32.wav,not_baby,2,esc50,esc50_source:99796,esc50_source_file,31bdd426e490ee983bb2643cf5b02cb36aaa194eb0acced143671ea16c30934e,StratifiedGroupKFold,42
rec_503712fed9a427e9e5c6,D:\INFANT CRY\data_set_dbl_split\train\not_baby\3-102908-A-4.wav,not_baby/3-102908-A-4.wav,not_baby,2,esc50,esc50_source:102908,esc50_source_file,6ab7175db115e478c82e0981bead1bbd4e5766e1527aef8d1d61c1ba674dd5cc,StratifiedGroupKFold,42
rec_14434d4f5306bba6134a,D:\INFANT CRY\data_set_dbl_split\train\not_baby\3-104632-A-12.wav,not_baby/3-104632-A-12.wav,not_baby,2,esc50,esc50_source:104632,esc50_source_file,415e6d92371447377a916760fdda326f55f6f88cf428dc45b3edfe45b1d2b0a5,StratifiedGroupKFold,42
rec_217026abdb5edcdd2c04,D:\INFANT CRY\data_set_dbl_split\train\not_baby\3-107219-A-1.wav,not_baby/3-107219-A-1.wav,not_baby,2,esc50,esc50_source:107219,esc50_source_file,18c72ca3f004fa0367a401f65ea375e46a81ce715e1993e4c67c7a8ffe364d20,StratifiedGroupKFold,42
rec_b82c89703143557bd9de,D:\INFANT CRY\data_set_dbl_split\train\not_baby\3-118059-A-18.wav,not_baby/3-118059-A-18.wav,not_baby,2,esc50,esc50_source:118059,esc50_source_file,21b170ce0bd47766eddaaa0dd2f60e24fa19bbbefd79fd1c0f61857658ef2237,StratifiedGroupKFold,42
rec_5600b5d920a52b140910,D:\INFANT CRY\data_set_dbl_split\train\not_baby\3-118657-A-41.wav,not_baby/3-118657-A-41.wav,not_baby,2,esc50,esc50_source:118657,esc50_source_file,e3ea73b1d6c8390853acf5e390eae7d90b314d749c03cdab3a4560d924687aba,StratifiedGroupKFold,42
rec_17243f6b6cbed558bf41,D:\INFANT CRY\data_set_dbl_split\train\not_baby\3-118657-B-41.wav,not_baby/3-118657-B-41.wav,not_baby,2,esc50,esc50_source:118657,esc50_source_file,a1f94069bc51bb5ef19075a4a746610d98f9e05405750fa30d9818832286c07f,StratifiedGroupKFold,42
rec_a8a994e5f3e77d052035,D:\INFANT CRY\data_set_dbl_split\train\not_baby\3-119455-A-44.wav,not_baby/3-119455-A-44.wav,not_baby,2,esc50,esc50_source:119455,esc50_source_file,55e2db4129ffd266af0a05f00129b1f60313a5f812d078d0a7a31167f40c04e0,StratifiedGroupKFold,42
rec_0cf58aa2cb9b6924bd38,D:\INFANT CRY\data_set_dbl_split\train\not_baby\3-120644-A-12.wav,not_baby/3-120644-A-12.wav,not_baby,2,esc50,esc50_source:120644,esc50_source_file,44acca39a9f884a0ba916ea8f5865079006d42acd31a8498f4e5bb0d5bd10146,StratifiedGroupKFold,42
rec_f496b98adddeb87de0bc,D:\INFANT CRY\data_set_dbl_split\train\not_baby\3-126113-A-26.wav,not_baby/3-126113-A-26.wav,not_baby,2,esc50,esc50_source:126113,esc50_source_file,fa437400cd1875436258ceaa9a3014ad5a0927e90911f24ca62e1d9d79316062,StratifiedGroupKFold,42
rec_e82113ddf639ad1b8dfe,D:\INFANT CRY\data_set_dbl_split\train\not_baby\3-127874-A-17.wav,not_baby/3-127874-A-17.wav,not_baby,2,esc50,esc50_source:127874,esc50_source_file,8ff35e0895866b584c9156693116b59583c97ee776d6401622bb4c8ce9928d32,StratifiedGroupKFold,42
rec_55293bebc31479019bd2,D:\INFANT CRY\data_set_dbl_split\train\not_baby\3-130998-A-28.wav,not_baby/3-130998-A-28.wav,not_baby,2,esc50,esc50_source:130998,esc50_source_file,ac184728b3578504423231424ef81ecca282e4403f374b4c41fd5ba471766485,StratifiedGroupKFold,42
rec_551bd9fec63f408496ce,D:\INFANT CRY\data_set_dbl_split\train\not_baby\3-130998-B-28.wav,not_baby/3-130998-B-28.wav,not_baby,2,esc50,esc50_source:130998,esc50_source_file,20ac4e8e4b54eaafe9f7980f220de2a081b5ef4cb387e183a4e350dd87e6bbb7,StratifiedGroupKFold,42
rec_350c124650ea0473e954,D:\INFANT CRY\data_set_dbl_split\train\not_baby\3-132747-A-26.wav,not_baby/3-132747-A-26.wav,not_baby,2,esc50,esc50_source:132747,esc50_source_file,ac22151d27e63ba67a9108638c824a43c17a3bafd4549063bb765a1653707968,StratifiedGroupKFold,42
rec_65204fea0368f9ce593e,D:\INFANT CRY\data_set_dbl_split\train\not_baby\3-137152-A-1.wav,not_baby/3-137152-A-1.wav,not_baby,2,esc50,esc50_source:137152,esc50_source_file,55944b46e8d399218da6b57cc1b3359d58e9da5db30cb377c3c8ae46d692d1fc,StratifiedGroupKFold,42
rec_75d10b7c1baf7d928d97,D:\INFANT CRY\data_set_dbl_split\train\not_baby\3-140323-A-29.wav,not_baby/3-140323-A-29.wav,not_baby,2,esc50,esc50_source:140323,esc50_source_file,893519966b06f16371201e4401a7f30bb893095894c99e6cccdb6a244b292c44,StratifiedGroupKFold,42
rec_d8ee45f2065ab16fe289,D:\INFANT CRY\data_set_dbl_split\train\not_baby\3-141559-A-45.wav,not_baby/3-141559-A-45.wav,not_baby,2,esc50,esc50_source:141559,esc50_source_file,e8b50742093a89e21caa00f1be235dd3d6e384d92e9d6c8bd496fc2550a53e3b,StratifiedGroupKFold,42
rec_df96b97b135bde860bda,D:\INFANT CRY\data_set_dbl_split\train\not_baby\3-142349-A-17.wav,not_baby/3-142349-A-17.wav,not_baby,2,esc50,esc50_source:142349,esc50_source_file,0e3b1f625c5ef610b4d89e9569b751a491ecf3c2a0b15700afa3824a397dafa6,StratifiedGroupKFold,42
rec_0742b75b5202a14e3855,D:\INFANT CRY\data_set_dbl_split\train\not_baby\3-142604-A-24.wav,not_baby/3-142604-A-24.wav,not_baby,2,esc50,esc50_source:142604,esc50_source_file,6fb3161dd47d2f0807011dd52f807c90e8d0d2ab7de515cdcf2846e735c45c9c,StratifiedGroupKFold,42
rec_de853e3370fcadcf0886,D:\INFANT CRY\data_set_dbl_split\train\not_baby\3-143560-A-47.wav,not_baby/3-143560-A-47.wav,not_baby,2,esc50,esc50_source:143560,esc50_source_file,fb07dc3cd01a49b84bc14daec46faf5ebee0942ab07cb422a5d8d84c382a6d43,StratifiedGroupKFold,42
rec_07b2f4f86ca01f8d092f,D:\INFANT CRY\data_set_dbl_split\train\not_baby\3-144253-A-29.wav,not_baby/3-144253-A-29.wav,not_baby,2,esc50,esc50_source:144253,esc50_source_file,aed6aa4bc0fe446b25e66978229000d2d4210dc2d27ce7e374881170c186deb4,StratifiedGroupKFold,42
rec_4b607b5979d0f3f53f8f,D:\INFANT CRY\data_set_dbl_split\train\not_baby\3-144510-A-30.wav,not_baby/3-144510-A-30.wav,not_baby,2,esc50,esc50_source:144510,esc50_source_file,c7fbb4cbda9d1f2950bf205212115a372b840382228c3baeb6451ae83366ee34,StratifiedGroupKFold,42
rec_23499dc3e840330c70d3,D:\INFANT CRY\data_set_dbl_split\train\not_baby\3-145577-A-43.wav,not_baby/3-145577-A-43.wav,not_baby,2,esc50,esc50_source:145577,esc50_source_file,0cfe3103f197d1f8d23cb7afb5b81468f44a66ca86e7cc1b6051fc2892f9c4e3,StratifiedGroupKFold,42
rec_35a22c090bba4c698e48,D:\INFANT CRY\data_set_dbl_split\train\not_baby\3-146033-A-13.wav,not_baby/3-146033-A-13.wav,not_baby,2,esc50,esc50_source:146033,esc50_source_file,e667c05eb2138c3ab9423157979c3e1ec0f9b8b5332d0e214299c7604e16238d,StratifiedGroupKFold,42
rec_e719737adfb08cc40488,D:\INFANT CRY\data_set_dbl_split\train\not_baby\3-146965-A-5.wav,not_baby/3-146965-A-5.wav,not_baby,2,esc50,esc50_source:146965,esc50_source_file,055f22434ebd4aaa2963ec9463f29d02b9c2caa5eeabe58042047c648a136bdd,StratifiedGroupKFold,42
rec_d978b324ee5e17d4c16e,D:\INFANT CRY\data_set_dbl_split\train\not_baby\3-146972-A-5.wav,not_baby/3-146972-A-5.wav,not_baby,2,esc50,esc50_source:146972,esc50_source_file,0e03619bb44fbccdd8ea110e90bc6dc4226d32c2718a78bd0e27bd4ab85546d5,StratifiedGroupKFold,42
rec_1ffe90ffd99f184717b1,D:\INFANT CRY\data_set_dbl_split\train\not_baby\3-149448-A-17.wav,not_baby/3-149448-A-17.wav,not_baby,2,esc50,esc50_source:149448,esc50_source_file,3e659284e1dde96035bbf91f0dc06804b32f4b1f5677192d1b753eafe2f37add,StratifiedGroupKFold,42
rec_40607bd30f01d90cf76b,D:\INFANT CRY\data_set_dbl_split\train\not_baby\3-151212-A-24.wav,not_baby/3-151212-A-24.wav,not_baby,2,esc50,esc50_source:151212,esc50_source_file,37c3f893f014dafc6d6b5ddcc21ae9dfb9f1302c2960296e9d150c027f779ba7,StratifiedGroupKFold,42
rec_bde71676f806f6f62bf3,D:\INFANT CRY\data_set_dbl_split\train\not_baby\3-152594-A-30.wav,not_baby/3-152594-A-30.wav,not_baby,2,esc50,esc50_source:152594,esc50_source_file,8d897589e0bf01b2f19f4cc90253688711a522a05306ecc13fa7903f7be8bbdd,StratifiedGroupKFold,42
rec_80a586f123ad8aa38734,D:\INFANT CRY\data_set_dbl_split\train\not_baby\3-154439-A-17.wav,not_baby/3-154439-A-17.wav,not_baby,2,esc50,esc50_source:154439,esc50_source_file,ef8f465d02e9e9443a14db84eb7c3fa60840c6336040d1ed3b90ccbaf9c2a3cb,StratifiedGroupKFold,42
rec_62455d3fe30cec22fc46,D:\INFANT CRY\data_set_dbl_split\train\not_baby\3-154957-A-1.wav,not_baby/3-154957-A-1.wav,not_baby,2,esc50,esc50_source:154957,esc50_source_file,6ffb2cb87baaaadf4833dc967e2c5b0006efed54c30cd1723bd546266cd0f089,StratifiedGroupKFold,42
rec_e29589a2235b7d61dee1,D:\INFANT CRY\data_set_dbl_split\train\not_baby\3-155556-A-31.wav,not_baby/3-155556-A-31.wav,not_baby,2,esc50,esc50_source:155556,esc50_source_file,56000e917f3a0a68d1f1bace969a733e573655c8b9cd55153d0ab38ea63584ee,StratifiedGroupKFold,42
rec_4fe4fb31bc48707cdaba,D:\INFANT CRY\data_set_dbl_split\train\not_baby\3-157492-A-45.wav,not_baby/3-157492-A-45.wav,not_baby,2,esc50,esc50_source:157492,esc50_source_file,1ec47b7551c8d2260cfc763fa392dc64e76aeb197dbdf40ba36b19e20e5765fa,StratifiedGroupKFold,42
rec_ebcf865a3784072a510a,D:\INFANT CRY\data_set_dbl_split\train\not_baby\3-164688-A-38.wav,not_baby/3-164688-A-38.wav,not_baby,2,esc50,esc50_source:164688,esc50_source_file,9ab49e668972a4d80ce6afdc17b03e8093d9a63a151e4f07b14cf6322d5bf68c,StratifiedGroupKFold,42
rec_486e4769005b28ba84c1,D:\INFANT CRY\data_set_dbl_split\train\not_baby\3-170015-A-0.wav,not_baby/3-170015-A-0.wav,not_baby,2,esc50,esc50_source:170015,esc50_source_file,7aff1d04c4c381636e0bfc7d9dfbf76509d0f30674fc542bb8f8ed757f29e29d,StratifiedGroupKFold,42
rec_1167deeac8c3f3d834f9,D:\INFANT CRY\data_set_dbl_split\train\not_baby\3-172922-A-48.wav,not_baby/3-172922-A-48.wav,not_baby,2,esc50,esc50_source:172922,esc50_source_file,319fb7db7a182ce44acd1d0cc692da12aa94183b064e9ee8621b6eb0aaac604b,StratifiedGroupKFold,42
rec_ece054d1d9e47c3e7cec,D:\INFANT CRY\data_set_dbl_split\train\not_baby\3-174840-A-43.wav,not_baby/3-174840-A-43.wav,not_baby,2,esc50,esc50_source:174840,esc50_source_file,86c2d00015c345e5aef746eedd00068d941c298a8408f01a4b0e7dfccbbafc44,StratifiedGroupKFold,42
rec_725b2f98782119dcb4b0,D:\INFANT CRY\data_set_dbl_split\train\not_baby\3-177082-A-22.wav,not_baby/3-177082-A-22.wav,not_baby,2,esc50,esc50_source:177082,esc50_source_file,868e46e5e1d968b7ef1ab759d2c0c9dd87ae2badf640cecc232f8a0a6967d4d3,StratifiedGroupKFold,42
rec_c5c102601598592f4241,D:\INFANT CRY\data_set_dbl_split\train\not_baby\3-182023-A-30.wav,not_baby/3-182023-A-30.wav,not_baby,2,esc50,esc50_source:182023,esc50_source_file,a5bc28b75bb25bd3f3cf0afb845a930e78e02aba383b31f593e1c9abf865736f,StratifiedGroupKFold,42
rec_753d92898b3bd081a195,D:\INFANT CRY\data_set_dbl_split\train\not_baby\3-187710-A-11.wav,not_baby/3-187710-A-11.wav,not_baby,2,esc50,esc50_source:187710,esc50_source_file,97714f535ad104a9eac0b85552f37b97e05b1d18f67223d502d201503b02dbaa,StratifiedGroupKFold,42
rec_b0885c51283671145958,D:\INFANT CRY\data_set_dbl_split\train\not_baby\3-203371-A-39.wav,not_baby/3-203371-A-39.wav,not_baby,2,esc50,esc50_source:203371,esc50_source_file,60a600ff3e1ac00b41c60b0e3979ee8b1b46ebfcbc370523389094e4fbda415b,StratifiedGroupKFold,42
rec_3237b5a5a72b31730d4f,D:\INFANT CRY\data_set_dbl_split\train\not_baby\3-243726-A-43.wav,not_baby/3-243726-A-43.wav,not_baby,2,esc50,esc50_source:243726,esc50_source_file,59d89e8d5ec2897522d4f9ff35dc381f751e3af6253db49ddc7865e75b35121e,StratifiedGroupKFold,42
rec_0d69765c0ad298c8f1a5,D:\INFANT CRY\data_set_dbl_split\train\not_baby\3-251617-A-48.wav,not_baby/3-251617-A-48.wav,not_baby,2,esc50,esc50_source:251617,esc50_source_file,c02bc79e3791fc839ec666f8ab183680e8e49aeadce03b025f193f150d9a4c3a,StratifiedGroupKFold,42
rec_ef340617b06cfe365d63,D:\INFANT CRY\data_set_dbl_split\train\not_baby\3-83527-A-4.wav,not_baby/3-83527-A-4.wav,not_baby,2,esc50,esc50_source:83527,esc50_source_file,132e40f789fa26bd861af24281ca956470506b1bcd03cb4bea94deb16cffbf71,StratifiedGroupKFold,42
rec_b954107cfe7359fe7d9f,D:\INFANT CRY\data_set_dbl_split\train\not_baby\3-95698-A-5.wav,not_baby/3-95698-A-5.wav,not_baby,2,esc50,esc50_source:95698,esc50_source_file,21cfbd539cb1b3063beb0717d02ab14d21465948c5851b34893043da0beb857b,StratifiedGroupKFold,42
rec_7d67e6e81a65fe6263ff,D:\INFANT CRY\data_set_dbl_split\train\not_baby\4-125072-A-19.wav,not_baby/4-125072-A-19.wav,not_baby,2,esc50,esc50_source:125072,esc50_source_file,5dabae26cf309348043fd04d95c829ea0944397d04b8db66108df28d8b27676e,StratifiedGroupKFold,42
rec_667e76be6995deba6b28,D:\INFANT CRY\data_set_dbl_split\train\not_baby\4-125072-B-19.wav,not_baby/4-125072-B-19.wav,not_baby,2,esc50,esc50_source:125072,esc50_source_file,740bc4d9421e207dd70835ed6daa6982fda8c16a51a00256baaa69b4491ca29e,StratifiedGroupKFold,42
rec_27e8bb2086df184981b8,D:\INFANT CRY\data_set_dbl_split\train\not_baby\4-132839-A-33.wav,not_baby/4-132839-A-33.wav,not_baby,2,esc50,esc50_source:132839,esc50_source_file,ab878de418072908402b3c1f808e6e8966b92424e1361c4bf0b75c627f5b1cbd,StratifiedGroupKFold,42
rec_6d8eb487375f70fd7069,D:\INFANT CRY\data_set_dbl_split\train\not_baby\4-136381-A-9.wav,not_baby/4-136381-A-9.wav,not_baby,2,esc50,esc50_source:136381,esc50_source_file,6b0bfda34b4001b23559ef2485eeb56c58e85347b65524da1cd87e6204ea0478,StratifiedGroupKFold,42
rec_4d57affbea9655255d64,D:\INFANT CRY\data_set_dbl_split\train\not_baby\4-147658-A-46.wav,not_baby/4-147658-A-46.wav,not_baby,2,esc50,esc50_source:147658,esc50_source_file,8dbf786d91c8678bc846b37163c4235122fa8cf5976802bbeab4186f754d5633,StratifiedGroupKFold,42
rec_72ea5047d75e4a308b76,D:\INFANT CRY\data_set_dbl_split\train\not_baby\4-152995-A-24.wav,not_baby/4-152995-A-24.wav,not_baby,2,esc50,esc50_source:152995,esc50_source_file,ca9a065e5c3c2427954a9d4fb74dff3891ce63e9bda66878e19448237e194e71,StratifiedGroupKFold,42
rec_29cc2c5c682b03aa789f,D:\INFANT CRY\data_set_dbl_split\train\not_baby\4-154443-A-24.wav,not_baby/4-154443-A-24.wav,not_baby,2,esc50,esc50_source:154443,esc50_source_file,a797267e864e22e93777a5822b91f029fe7dd0686003dec30e0fa708afca2e86,StratifiedGroupKFold,42
rec_326e7495aa00e2188aa0,D:\INFANT CRY\data_set_dbl_split\train\not_baby\4-155650-A-24.wav,not_baby/4-155650-A-24.wav,not_baby,2,esc50,esc50_source:155650,esc50_source_file,40b7ab01d71f32d21b193d0a90b5f202264e82dff15a45e4b9e95e7d93f2bd64,StratifiedGroupKFold,42
rec_30906a941fd2bcedf7cf,D:\INFANT CRY\data_set_dbl_split\train\not_baby\4-155650-B-24.wav,not_baby/4-155650-B-24.wav,not_baby,2,esc50,esc50_source:155650,esc50_source_file,c52dc2cf771d93225ad071a05099a6a0ad37569b09d21d54ef15efae2b4fe6f0,StratifiedGroupKFold,42
rec_21c9c7b5af9e5b578c4f,D:\INFANT CRY\data_set_dbl_split\train\not_baby\4-158653-A-32.wav,not_baby/4-158653-A-32.wav,not_baby,2,esc50,esc50_source:158653,esc50_source_file,125691734898f9db80100600cb63a65203ac0948b4a234e136f0e369bffe3b6b,StratifiedGroupKFold,42
rec_eeb63c4ab459e4473fc3,D:\INFANT CRY\data_set_dbl_split\train\not_baby\4-160999-A-10.wav,not_baby/4-160999-A-10.wav,not_baby,2,esc50,esc50_source:160999,esc50_source_file,c85ef3d5cbd86ba80a7f089277d66f165e36b8dcf8070643ddc7ec73eb4f5dcb,StratifiedGroupKFold,42
rec_b48f2ed8e73b9e27b3fe,D:\INFANT CRY\data_set_dbl_split\train\not_baby\4-161105-A-47.wav,not_baby/4-161105-A-47.wav,not_baby,2,esc50,esc50_source:161105,esc50_source_file,93d3bfc2ccae3ddedf4254c370748b008346eca1ababe44218846d3e75793399,StratifiedGroupKFold,42
rec_974004dc31be704ea1f2,D:\INFANT CRY\data_set_dbl_split\train\not_baby\4-161105-B-47.wav,not_baby/4-161105-B-47.wav,not_baby,2,esc50,esc50_source:161105,esc50_source_file,12a26e7483a04bdfafb61659b535ced5271f1a12d7919cfc2dba3ae4f5b3adf4,StratifiedGroupKFold,42
rec_ef9ad97c5a78bdc89daa,D:\INFANT CRY\data_set_dbl_split\train\not_baby\4-161519-A-19.wav,not_baby/4-161519-A-19.wav,not_baby,2,esc50,esc50_source:161519,esc50_source_file,883e430ff497be4e5d1d19c118273a209f76ab82a2133b585f2d1b93cdb73d84,StratifiedGroupKFold,42
rec_993cf66e6b1aefe82d1f,D:\INFANT CRY\data_set_dbl_split\train\not_baby\4-163608-B-16.wav,not_baby/4-163608-B-16.wav,not_baby,2,esc50,esc50_source:163608,esc50_source_file,696f32e8d0e62b5cb5bf388f6045b720bb81f93c887e3b15991b01aeb293b732,StratifiedGroupKFold,42
rec_4ca5e3cdba6f18fc26b4,D:\INFANT CRY\data_set_dbl_split\train\not_baby\4-164206-A-10.wav,not_baby/4-164206-A-10.wav,not_baby,2,esc50,esc50_source:164206,esc50_source_file,75f81596617c19cb01f4e0a0422798f100d1bedd796cd13aa59687b2bac13d16,StratifiedGroupKFold,42
rec_a8ddddad20eb0f9a1dfe,D:\INFANT CRY\data_set_dbl_split\train\not_baby\4-165933-A-45.wav,not_baby/4-165933-A-45.wav,not_baby,2,esc50,esc50_source:165933,esc50_source_file,06f9ae9aff48c5bac6b61cc0d9c2e02fd79bf659a4519828dfea4dc3065e3ae7,StratifiedGroupKFold,42
rec_875ff90dd87760072a2c,D:\INFANT CRY\data_set_dbl_split\train\not_baby\4-166661-A-10.wav,not_baby/4-166661-A-10.wav,not_baby,2,esc50,esc50_source:166661,esc50_source_file,a958fd56bfff6c34c896c8ca4e5f69705b47a446edcb57060c492f65007d277d,StratifiedGroupKFold,42
rec_0cdfbce82943db1c4412,D:\INFANT CRY\data_set_dbl_split\train\not_baby\4-168868-A-17.wav,not_baby/4-168868-A-17.wav,not_baby,2,esc50,esc50_source:168868,esc50_source_file,e9d0e25a0565a8a9ebe5e26bf2c0dd65bded68eda8268cf24d7cfeb417c7c3e4,StratifiedGroupKFold,42
rec_ab79519422cddaff0fd4,D:\INFANT CRY\data_set_dbl_split\train\not_baby\4-171207-A-12.wav,not_baby/4-171207-A-12.wav,not_baby,2,esc50,esc50_source:171207,esc50_source_file,c2b852693789c4d835c9e6e5584788298401fb2cae183353f6388cfc99f30027,StratifiedGroupKFold,42
rec_defd4cec3bc07200d748,D:\INFANT CRY\data_set_dbl_split\train\not_baby\4-172500-A-27.wav,not_baby/4-172500-A-27.wav,not_baby,2,esc50,esc50_source:172500,esc50_source_file,35c554c7becedeab148b218ed227cd7e43ad3c08ee535b1b1c56d0ee4a8b3561,StratifiedGroupKFold,42
rec_66928c3afb9b07b4254c,D:\INFANT CRY\data_set_dbl_split\train\not_baby\4-172500-B-27.wav,not_baby/4-172500-B-27.wav,not_baby,2,esc50,esc50_source:172500,esc50_source_file,270f65cfb8606ba1103c8c16f4be1df82740b16102fd32b9d12762b66fadb2dd,StratifiedGroupKFold,42
rec_95c431271d751c51b018,D:\INFANT CRY\data_set_dbl_split\train\not_baby\4-172500-C-27.wav,not_baby/4-172500-C-27.wav,not_baby,2,esc50,esc50_source:172500,esc50_source_file,2d840d5c4deca6b2cda1e07b602dd04b987ff43cd87b56e29d4b07bf6e50c903,StratifiedGroupKFold,42
rec_d3c812224c2fa021144a,D:\INFANT CRY\data_set_dbl_split\train\not_baby\4-172500-D-27.wav,not_baby/4-172500-D-27.wav,not_baby,2,esc50,esc50_source:172500,esc50_source_file,71821c3c5e46209e374b045192f6848de5e15835b1e9415bfa8d78c75df6a500,StratifiedGroupKFold,42
rec_b4fa59912db20e18ef32,D:\INFANT CRY\data_set_dbl_split\train\not_baby\4-173865-A-9.wav,not_baby/4-173865-A-9.wav,not_baby,2,esc50,esc50_source:173865,esc50_source_file,26ec1e8d912a2c34f895727d1ef4bbe6255b11c76900ea819f681fd754a20832,StratifiedGroupKFold,42
rec_c4de7645c121bb8d83f8,D:\INFANT CRY\data_set_dbl_split\train\not_baby\4-173865-B-9.wav,not_baby/4-173865-B-9.wav,not_baby,2,esc50,esc50_source:173865,esc50_source_file,0d60307a21da185856f712a327b56b16ef2444d8455d67d55595d931d3a68af3,StratifiedGroupKFold,42
rec_cf64718cb7db4cf46ff8,D:\INFANT CRY\data_set_dbl_split\train\not_baby\4-177250-A-10.wav,not_baby/4-177250-A-10.wav,not_baby,2,esc50,esc50_source:177250,esc50_source_file,daae54d9bcfb4f31adfac8adbca4ab54c3543b8ed68c555b5a98c3fc20283358,StratifiedGroupKFold,42
rec_df55caafa1dee6425359,D:\INFANT CRY\data_set_dbl_split\train\not_baby\4-180337-A-28.wav,not_baby/4-180337-A-28.wav,not_baby,2,esc50,esc50_source:180337,esc50_source_file,015f4b7643faf58d66478b19962e8aae1a66b17bf2930f768fc903bd14fe2d15,StratifiedGroupKFold,42
rec_fb1064fb99a7d89e365d,D:\INFANT CRY\data_set_dbl_split\train\not_baby\4-180380-A-10.wav,not_baby/4-180380-A-10.wav,not_baby,2,esc50,esc50_source:180380,esc50_source_file,d73fdc45016ab102ed49683509d93eccb40b985ed9492fe17c3aecf50963a35b,StratifiedGroupKFold,42
rec_6688613e1638b0614fe9,D:\INFANT CRY\data_set_dbl_split\train\not_baby\4-181362-A-13.wav,not_baby/4-181362-A-13.wav,not_baby,2,esc50,esc50_source:181362,esc50_source_file,7bd3244a6d3d997b4ff7d95206504deba716bd32eb6668c49a173e865ed2d683,StratifiedGroupKFold,42
rec_222eda1fdbc032514843,D:\INFANT CRY\data_set_dbl_split\train\not_baby\4-182395-A-0.wav,not_baby/4-182395-A-0.wav,not_baby,2,esc50,esc50_source:182395,esc50_source_file,c249bcb8ef81d12516ad17c8a77f88c01952cdf70b9413732af5fb8b803f9c7d,StratifiedGroupKFold,42
rec_3b86368a91b3f413f049,D:\INFANT CRY\data_set_dbl_split\train\not_baby\4-182839-A-17.wav,not_baby/4-182839-A-17.wav,not_baby,2,esc50,esc50_source:182839,esc50_source_file,eb3a0e3af0241e52a51cb4607933fd18de32998d8340674f9055e589156ea0db,StratifiedGroupKFold,42
rec_f549ea5483a47e0512c4,D:\INFANT CRY\data_set_dbl_split\train\not_baby\4-184235-A-28.wav,not_baby/4-184235-A-28.wav,not_baby,2,esc50,esc50_source:184235,esc50_source_file,14fc99d178046c6636bb43b1c9d76630f66dd1b5b1071d92e4d387f9cbab9bc6,StratifiedGroupKFold,42
rec_363a6ffcf915e1d6ee69,D:\INFANT CRY\data_set_dbl_split\train\not_baby\4-185415-A-21.wav,not_baby/4-185415-A-21.wav,not_baby,2,esc50,esc50_source:185415,esc50_source_file,3520064ea13f5685a83a24231a417615b153a374c954302abae0c063961b8649,StratifiedGroupKFold,42
rec_7d9a7ab0b78b805caf3f,D:\INFANT CRY\data_set_dbl_split\train\not_baby\4-185619-A-21.wav,not_baby/4-185619-A-21.wav,not_baby,2,esc50,esc50_source:185619,esc50_source_file,3c07f7c7150ca66a8f690bfc56ccbcdab63d94b870c2e0e9c6ec150f56316c91,StratifiedGroupKFold,42
rec_cf2d880ed2c32ad68da6,D:\INFANT CRY\data_set_dbl_split\train\not_baby\4-187284-A-30.wav,not_baby/4-187284-A-30.wav,not_baby,2,esc50,esc50_source:187284,esc50_source_file,c653e16e3ef1954e3ee3bf9ebb80bd80472cf59c05c211c1ada00fc9b10b0ac0,StratifiedGroupKFold,42
rec_83a698cbb1b39f568efe,D:\INFANT CRY\data_set_dbl_split\train\not_baby\4-188033-A-38.wav,not_baby/4-188033-A-38.wav,not_baby,2,esc50,esc50_source:188033,esc50_source_file,7a76b052b1344dfdebd234ed10b1e4a7d167e4bc7575dc2938fef7f9e1ad1a06,StratifiedGroupKFold,42
rec_fd28a82de6f2fd1b1234,D:\INFANT CRY\data_set_dbl_split\train\not_baby\4-189830-A-22.wav,not_baby/4-189830-A-22.wav,not_baby,2,esc50,esc50_source:189830,esc50_source_file,af85ee4f6c5441e6a92956b69bee17f45207ef8fe3f2917c6a02fdb06bea38bc,StratifiedGroupKFold,42
rec_43a2d8a667ac162c461c,D:\INFANT CRY\data_set_dbl_split\train\not_baby\4-192236-A-0.wav,not_baby/4-192236-A-0.wav,not_baby,2,esc50,esc50_source:192236,esc50_source_file,cea20645e18a4ad56ad53905a6185e891b53f65989e4208f3014aba838096f08,StratifiedGroupKFold,42
rec_5abfbee3c2d525a225c8,D:\INFANT CRY\data_set_dbl_split\train\not_baby\4-194246-A-13.wav,not_baby/4-194246-A-13.wav,not_baby,2,esc50,esc50_source:194246,esc50_source_file,6f1517ceb086279528d9876869ea5149a1cac7cec22554a0863c025e0c029c12,StratifiedGroupKFold,42
rec_187c448096b2ddbb958a,D:\INFANT CRY\data_set_dbl_split\train\not_baby\4-194979-A-25.wav,not_baby/4-194979-A-25.wav,not_baby,2,esc50,esc50_source:194979,esc50_source_file,ef46de922532c82310795bd5bd705a1837eb051b73997cddd0d39c1d8283d8e9,StratifiedGroupKFold,42
rec_cc3a0917be5f094e3106,D:\INFANT CRY\data_set_dbl_split\train\not_baby\4-197103-A-6.wav,not_baby/4-197103-A-6.wav,not_baby,2,esc50,esc50_source:197103,esc50_source_file,d0c5fbdc173e229b546b90a48df9b4e200345c8a65cba46d87854c3f06ad8a69,StratifiedGroupKFold,42
rec_5db2f94cfc6dd53f1c06,D:\INFANT CRY\data_set_dbl_split\train\not_baby\4-197454-A-28.wav,not_baby/4-197454-A-28.wav,not_baby,2,esc50,esc50_source:197454,esc50_source_file,3488490351f6a1eaf04e30018714b7a20b1a64e203b99f18079578ebcad1ecd5,StratifiedGroupKFold,42
rec_9efa38c47c335c11e0a6,D:\INFANT CRY\data_set_dbl_split\train\not_baby\4-197454-B-28.wav,not_baby/4-197454-B-28.wav,not_baby,2,esc50,esc50_source:197454,esc50_source_file,a6bfca86994b8fc49ec4c596000d8fb40accb3d1baf7026932beec72107bd98d,StratifiedGroupKFold,42
rec_db02bda2af6d10b1384f,D:\INFANT CRY\data_set_dbl_split\train\not_baby\4-199261-A-0.wav,not_baby/4-199261-A-0.wav,not_baby,2,esc50,esc50_source:199261,esc50_source_file,527a52b5cd50b5171b45ea0dd3c5efe5d11fb75a0c29cdd777c6f17255ac8262,StratifiedGroupKFold,42
rec_72574dc1e0c0f57e4d19,D:\INFANT CRY\data_set_dbl_split\train\not_baby\4-201300-A-31.wav,not_baby/4-201300-A-31.wav,not_baby,2,esc50,esc50_source:201300,esc50_source_file,d58231370a34251604ba7f02f7dd263330017832f2f7d31854a996f83f1efb33,StratifiedGroupKFold,42
rec_fd3869068be80c499b6b,D:\INFANT CRY\data_set_dbl_split\train\not_baby\4-204202-A-29.wav,not_baby/4-204202-A-29.wav,not_baby,2,esc50,esc50_source:204202,esc50_source_file,78b15b053ab54c811192b581cc13196e3f0b9c418bf312c3d12db5be4c4fcfaa,StratifiedGroupKFold,42
rec_b2bc894663d9fd46d4a0,D:\INFANT CRY\data_set_dbl_split\train\not_baby\4-204830-A-6.wav,not_baby/4-204830-A-6.wav,not_baby,2,esc50,esc50_source:204830,esc50_source_file,9412bd67e9e94b08b090c8ccf1d2a880548a7f45da85279252332ad9e4868152,StratifiedGroupKFold,42
rec_c64ff448f6e49966f7bf,D:\INFANT CRY\data_set_dbl_split\train\not_baby\4-208021-A-1.wav,not_baby/4-208021-A-1.wav,not_baby,2,esc50,esc50_source:208021,esc50_source_file,b3daaeacca340f005fe7a337c1ab2b22f28c8ea1f477dc5f6aeb06e5a3a1a582,StratifiedGroupKFold,42
rec_9cb0056c9e4843ae7c19,D:\INFANT CRY\data_set_dbl_split\train\not_baby\4-209536-A-37.wav,not_baby/4-209536-A-37.wav,not_baby,2,esc50,esc50_source:209536,esc50_source_file,c7d052483af976895f91bc5fc48b32467ac8b3968c47b33daff87c5e93527877,StratifiedGroupKFold,42
rec_926ddef26d7163a541ef,D:\INFANT CRY\data_set_dbl_split\train\not_baby\4-210000-A-23.wav,not_baby/4-210000-A-23.wav,not_baby,2,esc50,esc50_source:210000,esc50_source_file,3c050b085aeec30155b0f656249449ac9b0e889844e1c1d1e3557008c61be7d9,StratifiedGroupKFold,42
rec_bd8bbbf968cd28bb7455,D:\INFANT CRY\data_set_dbl_split\train\not_baby\4-210000-B-23.wav,not_baby/4-210000-B-23.wav,not_baby,2,esc50,esc50_source:210000,esc50_source_file,0b60f1d7bb60fc4b0f2f75cf5dd98d7490e1948a9f60e06c8823ec93cb23880a,StratifiedGroupKFold,42
rec_3540486d5fa7aae5cc74,D:\INFANT CRY\data_set_dbl_split\train\not_baby\4-210593-A-29.wav,not_baby/4-210593-A-29.wav,not_baby,2,esc50,esc50_source:210593,esc50_source_file,ed36f3b8a47640391354daada7bb73312c23a4f63b3a8ef8792e8461f385e7de,StratifiedGroupKFold,42
rec_d75fc38cde0c8826b75a,D:\INFANT CRY\data_set_dbl_split\train\not_baby\4-212698-A-39.wav,not_baby/4-212698-A-39.wav,not_baby,2,esc50,esc50_source:212698,esc50_source_file,4491d08becad3c0074b46fbe25eeb7536a458036ecd5eed77f5709ed77313ef8,StratifiedGroupKFold,42
rec_e14a5a2761c56b8ecb2f,D:\INFANT CRY\data_set_dbl_split\train\not_baby\4-215635-A-34.wav,not_baby/4-215635-A-34.wav,not_baby,2,esc50,esc50_source:215635,esc50_source_file,986bdce4044343a8cc460ea1b6c5d8198575e7f662aad3ef97c34e5f887b2d6a,StratifiedGroupKFold,42
rec_8cd82c1acde6512764d3,D:\INFANT CRY\data_set_dbl_split\train\not_baby\4-216349-A-34.wav,not_baby/4-216349-A-34.wav,not_baby,2,esc50,esc50_source:216349,esc50_source_file,59ad6294e91d66a73ed8cba1c90b61abe5f46900b0e73fe15357b1018e58114b,StratifiedGroupKFold,42
rec_20083ed354a4d5da527c,D:\INFANT CRY\data_set_dbl_split\train\not_baby\4-234879-A-6.wav,not_baby/4-234879-A-6.wav,not_baby,2,esc50,esc50_source:234879,esc50_source_file,32eb5a7d1f17b3db9740a2e3209daf0c3369f3ae62657b2c2b8b5fee0fce2d6d,StratifiedGroupKFold,42
rec_5526ef758af9890a6578,D:\INFANT CRY\data_set_dbl_split\train\not_baby\4-244318-A-6.wav,not_baby/4-244318-A-6.wav,not_baby,2,esc50,esc50_source:244318,esc50_source_file,92db3269b6c3b6ced40945121d3c5e57a42adbd2089dd559b2b614cac887ace0,StratifiedGroupKFold,42
rec_c156a0123f54e8eb3bd5,D:\INFANT CRY\data_set_dbl_split\train\not_baby\4-250864-A-8.wav,not_baby/4-250864-A-8.wav,not_baby,2,esc50,esc50_source:250864,esc50_source_file,61588f6390e01538119eff6ca23c9c0c9ead0ea8dc77d07cfff1ab77ab078872,StratifiedGroupKFold,42
rec_8642896c48830587771e,D:\INFANT CRY\data_set_dbl_split\train\not_baby\5-103418-A-2.wav,not_baby/5-103418-A-2.wav,not_baby,2,esc50,esc50_source:103418,esc50_source_file,f18b537a47f447f1cb74aeaf2c2cf4b289fd5c46b42054ed0847409aaca03d9c,StratifiedGroupKFold,42
rec_32485750044851ef3b13,D:\INFANT CRY\data_set_dbl_split\train\not_baby\5-156698-A-18.wav,not_baby/5-156698-A-18.wav,not_baby,2,esc50,esc50_source:156698,esc50_source_file,276b703a87be2d4703f89ad7412332720c73062f4c5147728b931ba26273ba46,StratifiedGroupKFold,42
rec_ab58ec2f840b435f7b3e,D:\INFANT CRY\data_set_dbl_split\train\not_baby\5-157204-A-16.wav,not_baby/5-157204-A-16.wav,not_baby,2,esc50,esc50_source:157204,esc50_source_file,5334617e6eb886d8dbdb1c19dedeb9a0e033e2d9448ce9ad409061db6f9324f6,StratifiedGroupKFold,42
rec_a38aa3e31a7d97a11cc0,D:\INFANT CRY\data_set_dbl_split\train\not_baby\5-157204-B-16.wav,not_baby/5-157204-B-16.wav,not_baby,2,esc50,esc50_source:157204,esc50_source_file,9dc13dfb211d876dc322e31bc71d24166e1ea59d900d62be80a1d719c923d2bc,StratifiedGroupKFold,42
rec_cbd6d7adda440f7da646,D:\INFANT CRY\data_set_dbl_split\train\not_baby\5-160614-A-48.wav,not_baby/5-160614-A-48.wav,not_baby,2,esc50,esc50_source:160614,esc50_source_file,57496037b7b4ab12b6b755c73d17afb8b89ec1b7fad73d7d54d37ae7af9818bd,StratifiedGroupKFold,42
rec_0b912823ffbcb1313456,D:\INFANT CRY\data_set_dbl_split\train\not_baby\5-160614-B-48.wav,not_baby/5-160614-B-48.wav,not_baby,2,esc50,esc50_source:160614,esc50_source_file,a07456913dcad28d93b278a68ecfdc4a2182ac707374b7f96e040de95a03ed57,StratifiedGroupKFold,42
rec_8b92e4bad60e537e5f01,D:\INFANT CRY\data_set_dbl_split\train\not_baby\5-160614-C-48.wav,not_baby/5-160614-C-48.wav,not_baby,2,esc50,esc50_source:160614,esc50_source_file,aefb79157a94f1141c008448a35f235cddb9c12894d93f816e7b27797c71f606,StratifiedGroupKFold,42
rec_f5d86ecde0edf176922c,D:\INFANT CRY\data_set_dbl_split\train\not_baby\5-160614-D-48.wav,not_baby/5-160614-D-48.wav,not_baby,2,esc50,esc50_source:160614,esc50_source_file,e6aecd5987afca659eef0207edbe4af0fdffdc2d221f860d57ca05809a63a8e9,StratifiedGroupKFold,42
rec_7a478dd7eef7baf66812,D:\INFANT CRY\data_set_dbl_split\train\not_baby\5-160614-E-48.wav,not_baby/5-160614-E-48.wav,not_baby,2,esc50,esc50_source:160614,esc50_source_file,90fcd379c212f4a92ec1ceb45c9b4482f442b691da228fa2dbd7020c5437232f,StratifiedGroupKFold,42
rec_f48873c7fdc67550601c,D:\INFANT CRY\data_set_dbl_split\train\not_baby\5-160614-F-48.wav,not_baby/5-160614-F-48.wav,not_baby,2,esc50,esc50_source:160614,esc50_source_file,214ffae385b2635c67b6d459251e0a7d1ba2b500be5e5678278843452d6c5ae8,StratifiedGroupKFold,42
rec_3ad582606411bba29ee5,D:\INFANT CRY\data_set_dbl_split\train\not_baby\5-160614-G-48.wav,not_baby/5-160614-G-48.wav,not_baby,2,esc50,esc50_source:160614,esc50_source_file,9d1b69c0be10cf245ef400ea0466a0be5d4235ccd6c549740c06c1582bc413f7,StratifiedGroupKFold,42
rec_4c1c6cfcc5a9e9e682e0,D:\INFANT CRY\data_set_dbl_split\train\not_baby\5-160614-H-48.wav,not_baby/5-160614-H-48.wav,not_baby,2,esc50,esc50_source:160614,esc50_source_file,0b196e1283ad392bbd38ed0cab7a347b4385f464eed00b9f3d2f4a0c99b77174,StratifiedGroupKFold,42
rec_b526e7799e33fc09910e,D:\INFANT CRY\data_set_dbl_split\train\not_baby\5-172299-A-5.wav,not_baby/5-172299-A-5.wav,not_baby,2,esc50,esc50_source:172299,esc50_source_file,e833bb52adbcb409becfa6fedfd3d549eb1a7e0dd8bc4814cf8b6db045b446a8,StratifiedGroupKFold,42
rec_a751d82f597f6d5c3830,D:\INFANT CRY\data_set_dbl_split\train\not_baby\5-179496-A-16.wav,not_baby/5-179496-A-16.wav,not_baby,2,esc50,esc50_source:179496,esc50_source_file,d84895990f4738c2d28c2045add1c49310081994b9bf344861537b1b76c6c482,StratifiedGroupKFold,42
rec_dc1a467c4f6dad6a807d,D:\INFANT CRY\data_set_dbl_split\train\not_baby\5-179496-B-16.wav,not_baby/5-179496-B-16.wav,not_baby,2,esc50,esc50_source:179496,esc50_source_file,7113369bc05fc966b3ddd86cf3d969ee6697400123282022515c8f9da8d23c2f,StratifiedGroupKFold,42
rec_a069498a074f03b983cf,D:\INFANT CRY\data_set_dbl_split\train\not_baby\5-179866-A-43.wav,not_baby/5-179866-A-43.wav,not_baby,2,esc50,esc50_source:179866,esc50_source_file,aecc03f051ef2dc592a3a62e51e95c61267e835a2e4a70492104e312edebaf6c,StratifiedGroupKFold,42
rec_82922264126f02516919,D:\INFANT CRY\data_set_dbl_split\train\not_baby\5-181977-A-35.wav,not_baby/5-181977-A-35.wav,not_baby,2,esc50,esc50_source:181977,esc50_source_file,f04401db719f20052c3c7497a5893f644473f08a05f4820200b36076079f7951,StratifiedGroupKFold,42
rec_077834c8a2b8cc4f1a2c,D:\INFANT CRY\data_set_dbl_split\train\not_baby\5-188495-A-19.wav,not_baby/5-188495-A-19.wav,not_baby,2,esc50,esc50_source:188495,esc50_source_file,003d9fe4e4e07c8e2a466aad385d8fcda287026f77e1d519a7ff6b3e9fcaf676,StratifiedGroupKFold,42
rec_7637e27f9e122645c795,D:\INFANT CRY\data_set_dbl_split\train\not_baby\5-188796-A-45.wav,not_baby/5-188796-A-45.wav,not_baby,2,esc50,esc50_source:188796,esc50_source_file,57c56816064b1af67c14df69c0af6a2b39555eaf6425329c062cabac2a3e9416,StratifiedGroupKFold,42
rec_60d7f371630db02ecfa9,D:\INFANT CRY\data_set_dbl_split\train\not_baby\5-192191-A-19.wav,not_baby/5-192191-A-19.wav,not_baby,2,esc50,esc50_source:192191,esc50_source_file,7799d633ddf90c0120a0cf2dd7cfe2aa0ac56a2cc382f3a90b5518c87f91d67f,StratifiedGroupKFold,42
rec_ba55aea9b7dd595cad4c,D:\INFANT CRY\data_set_dbl_split\train\not_baby\5-195557-A-19.wav,not_baby/5-195557-A-19.wav,not_baby,2,esc50,esc50_source:195557,esc50_source_file,377d2f337bff1c5c1f8fe2b95b88616846ddb618a588cffd58ede2c13eccf89d,StratifiedGroupKFold,42
rec_a85c61a1a7ed222f5809,D:\INFANT CRY\data_set_dbl_split\train\not_baby\5-198278-A-7.wav,not_baby/5-198278-A-7.wav,not_baby,2,esc50,esc50_source:198278,esc50_source_file,d4a264ca24fea9c78c77c765d009e03246df8cf04fb151abcee9f4a287a65360,StratifiedGroupKFold,42
rec_150837cffdc556a1e04c,D:\INFANT CRY\data_set_dbl_split\train\not_baby\5-198278-B-7.wav,not_baby/5-198278-B-7.wav,not_baby,2,esc50,esc50_source:198278,esc50_source_file,1ea680dfdae9bac4b5095746a10ad93c221146e0dfb2c4f11d9bf509233499b4,StratifiedGroupKFold,42
rec_14fe04b9bb9052a95255,D:\INFANT CRY\data_set_dbl_split\train\not_baby\5-198278-C-7.wav,not_baby/5-198278-C-7.wav,not_baby,2,esc50,esc50_source:198278,esc50_source_file,d75eefbb63a7b74af1c3dcc249aaba69c98ef585545c8295dd9d0c3e2283893c,StratifiedGroupKFold,42
rec_49b99ba80544b5621f7e,D:\INFANT CRY\data_set_dbl_split\train\not_baby\5-202220-A-21.wav,not_baby/5-202220-A-21.wav,not_baby,2,esc50,esc50_source:202220,esc50_source_file,2c46cb7a03294173f92a577297bccfb8c1843ccbfbe7b1aacee02f8d29706859,StratifiedGroupKFold,42
rec_c1cb6820af8abe2a6375,D:\INFANT CRY\data_set_dbl_split\train\not_baby\5-204114-A-29.wav,not_baby/5-204114-A-29.wav,not_baby,2,esc50,esc50_source:204114,esc50_source_file,994383e744a6f4d248ecc1a1a786aaf6a53517db706498705b70459a59759a88,StratifiedGroupKFold,42
rec_e478d111e2753423b657,D:\INFANT CRY\data_set_dbl_split\train\not_baby\5-205898-A-40.wav,not_baby/5-205898-A-40.wav,not_baby,2,esc50,esc50_source:205898,esc50_source_file,8d688e82f3ff6f075be0479c57c8a5cdffa09c2ed46dd3950f3682208b94dd21,StratifiedGroupKFold,42
rec_8c11c33eca37a92e7065,D:\INFANT CRY\data_set_dbl_split\train\not_baby\5-208761-A-24.wav,not_baby/5-208761-A-24.wav,not_baby,2,esc50,esc50_source:208761,esc50_source_file,8cbc33a3752174636694712e59a1c597615c7c8ad44fec7d005c343ffb1ed549,StratifiedGroupKFold,42
rec_74d9a3d23eb17642e7ac,D:\INFANT CRY\data_set_dbl_split\train\not_baby\5-213802-A-12.wav,not_baby/5-213802-A-12.wav,not_baby,2,esc50,esc50_source:213802,esc50_source_file,eb7d0d7bd9ccbfc6134370a8fbe776ea4cde5fcfa2f7b8fbf0959e686f70716b,StratifiedGroupKFold,42
rec_e932b3cb116abf078caf,D:\INFANT CRY\data_set_dbl_split\train\not_baby\5-218196-A-27.wav,not_baby/5-218196-A-27.wav,not_baby,2,esc50,esc50_source:218196,esc50_source_file,63d8358065b4329b2dcb84fbf24430b494cda79ff0f45f355039d1b776b360c8,StratifiedGroupKFold,42
rec_4163fad98ed4c413e5df,D:\INFANT CRY\data_set_dbl_split\train\not_baby\5-218196-B-27.wav,not_baby/5-218196-B-27.wav,not_baby,2,esc50,esc50_source:218196,esc50_source_file,2d01e3fc6147579b1afead6ca13975f1ca9c56f428c7c57f22186d985ce49d31,StratifiedGroupKFold,42
rec_b198ba7dfa028de6e11f,D:\INFANT CRY\data_set_dbl_split\train\not_baby\5-219044-A-46.wav,not_baby/5-219044-A-46.wav,not_baby,2,esc50,esc50_source:219044,esc50_source_file,7dbc0346a35a4e74f4a1c4752df6345de914da1796091d99cd216e89779b891a,StratifiedGroupKFold,42
rec_52d6d763c9dea8108c9a,D:\INFANT CRY\data_set_dbl_split\train\not_baby\5-220027-A-21.wav,not_baby/5-220027-A-21.wav,not_baby,2,esc50,esc50_source:220027,esc50_source_file,d5e90d42600c83b3b4ea0223f5afdc9aa92b931ddf432eecaeca112beac69f42,StratifiedGroupKFold,42
rec_30c4af7c1f6989a48890,D:\INFANT CRY\data_set_dbl_split\train\not_baby\5-220955-A-40.wav,not_baby/5-220955-A-40.wav,not_baby,2,esc50,esc50_source:220955,esc50_source_file,0f65b8ca406c78dffd82f8e7e4deed7613154de9ee58856b90327e0cf356ad18,StratifiedGroupKFold,42
rec_294b26f2178fffa8999e,D:\INFANT CRY\data_set_dbl_split\train\not_baby\5-221950-A-22.wav,not_baby/5-221950-A-22.wav,not_baby,2,esc50,esc50_source:221950,esc50_source_file,3addc067d728e69b197c761fac5f8c589f579fe7b73d8cca81e4c282fd257a05,StratifiedGroupKFold,42
rec_c1f8ca6986f4a9438210,D:\INFANT CRY\data_set_dbl_split\train\not_baby\5-222524-A-41.wav,not_baby/5-222524-A-41.wav,not_baby,2,esc50,esc50_source:222524,esc50_source_file,0161df57f3e454993357e6a2082d895a9ec7dbeb83e730e63bde030b46837136,StratifiedGroupKFold,42
rec_cb3f4d7fe9076fb3a22f,D:\INFANT CRY\data_set_dbl_split\train\not_baby\5-231551-A-36.wav,not_baby/5-231551-A-36.wav,not_baby,2,esc50,esc50_source:231551,esc50_source_file,0a22d8fb67750e1487e0e7e4ae242d45bb99562885cb7d74b1bf4db7a26caf07,StratifiedGroupKFold,42
rec_46a02723d55b2702218f,D:\INFANT CRY\data_set_dbl_split\train\not_baby\5-233160-A-1.wav,not_baby/5-233160-A-1.wav,not_baby,2,esc50,esc50_source:233160,esc50_source_file,efa062fe484e9c4ec3ac72227f630152cd9b9622631afc26129a47d62155f527,StratifiedGroupKFold,42
rec_c943d904a368579c3e94,D:\INFANT CRY\data_set_dbl_split\train\not_baby\5-233645-A-37.wav,not_baby/5-233645-A-37.wav,not_baby,2,esc50,esc50_source:233645,esc50_source_file,218a6463e3618d4cb98a725827dc51901682b6ffcf3c15763c73032870f1ac94,StratifiedGroupKFold,42
rec_2be4fa484d5f9eb9cf9a,D:\INFANT CRY\data_set_dbl_split\train\not_baby\5-234879-A-1.wav,not_baby/5-234879-A-1.wav,not_baby,2,esc50,esc50_source:234879,esc50_source_file,89cfcee14646d5f23317afd07c2ef80e590fb12471029a3cd0cfa438a473c7af,StratifiedGroupKFold,42
rec_deefc9cdc26d8149d9f5,D:\INFANT CRY\data_set_dbl_split\train\not_baby\5-234879-B-1.wav,not_baby/5-234879-B-1.wav,not_baby,2,esc50,esc50_source:234879,esc50_source_file,8f0a677caef84cd230aac3377a8db8a357971816e1943a5ca646289950b54024,StratifiedGroupKFold,42
rec_bc3d29f4e76046621436,D:\INFANT CRY\data_set_dbl_split\train\not_baby\5-236288-A-28.wav,not_baby/5-236288-A-28.wav,not_baby,2,esc50,esc50_source:236288,esc50_source_file,618bfe6d2c9989ef74a82cd2d4067196c79cc2945e119081f014b2ec4042855e,StratifiedGroupKFold,42
rec_b5c627662f8ac13b698b,D:\INFANT CRY\data_set_dbl_split\train\not_baby\5-238938-A-27.wav,not_baby/5-238938-A-27.wav,not_baby,2,esc50,esc50_source:238938,esc50_source_file,8b76e759d70cf8be8a438902179f14eb929aed85d12138c8fc378f243289c227,StratifiedGroupKFold,42
rec_6a0270e5f5f3627e3f3e,D:\INFANT CRY\data_set_dbl_split\train\not_baby\5-240671-A-44.wav,not_baby/5-240671-A-44.wav,not_baby,2,esc50,esc50_source:240671,esc50_source_file,6b318bda177d8f8b3e06c11ff493f040092daab80a889606587f4fc43dd45f80,StratifiedGroupKFold,42
rec_b76d75bf4b4980af6961,D:\INFANT CRY\data_set_dbl_split\train\not_baby\5-242491-A-14.wav,not_baby/5-242491-A-14.wav,not_baby,2,esc50,esc50_source:242491,esc50_source_file,009963196c07e3a3e3c7297031684cf22e4ecf1012ee28bebdd37db6beaeabec,StratifiedGroupKFold,42
rec_0c53e078d23aad9cae2e,D:\INFANT CRY\data_set_dbl_split\train\not_baby\5-243449-A-14.wav,not_baby/5-243449-A-14.wav,not_baby,2,esc50,esc50_source:243449,esc50_source_file,f30a2a9b60d7a75762d8f1aa2b8b070f26767410cfc7fc0a6ed5e19d0e3373c9,StratifiedGroupKFold,42
rec_e1b1186fddbacd6d23af,D:\INFANT CRY\data_set_dbl_split\train\not_baby\5-245040-A-35.wav,not_baby/5-245040-A-35.wav,not_baby,2,esc50,esc50_source:245040,esc50_source_file,85d7fbe82d1bbd17d316cfe0fa1ff27453434996154e6f79132993183967ebd5,StratifiedGroupKFold,42
rec_36a9cee6406897313b51,D:\INFANT CRY\data_set_dbl_split\train\not_baby\5-249937-A-22.wav,not_baby/5-249937-A-22.wav,not_baby,2,esc50,esc50_source:249937,esc50_source_file,73d5f7a986c53114400cf11f5a35dc3657b975c2a5dab67fb59f0cfba9cd5114,StratifiedGroupKFold,42
rec_dc642efcb7605994711b,D:\INFANT CRY\data_set_dbl_split\train\not_baby\5-251971-A-47.wav,not_baby/5-251971-A-47.wav,not_baby,2,esc50,esc50_source:251971,esc50_source_file,ba15a37c7fa2d183324f28930ad7eac334ac076791a2e590e6e3612ee3632b7f,StratifiedGroupKFold,42
rec_168fe52bae1cd14798c1,D:\INFANT CRY\data_set_dbl_split\train\not_baby\5-253094-A-49.wav,not_baby/5-253094-A-49.wav,not_baby,2,esc50,esc50_source:253094,esc50_source_file,adef71efcffdbc20d1889b60ad57b15b7b3df8fc10628ca1ccd9fe62f6be98ea,StratifiedGroupKFold,42
rec_f2e90cc9245f3df3471c,D:\INFANT CRY\data_set_dbl_split\train\not_baby\5-253094-B-49.wav,not_baby/5-253094-B-49.wav,not_baby,2,esc50,esc50_source:253094,esc50_source_file,7a32363214a46e50c0b8c04f2435c7bedb05a649a7bf12f559c09622b4a0be69,StratifiedGroupKFold,42
rec_f3d9fa517fd38415958e,D:\INFANT CRY\data_set_dbl_split\train\not_baby\5-253094-C-49.wav,not_baby/5-253094-C-49.wav,not_baby,2,esc50,esc50_source:253094,esc50_source_file,861f8fdde069c74c184cb2f8a073de0e32434a505ad9fceaaebce29e4980c411,StratifiedGroupKFold,42
rec_e3e3052b1e31c53366c4,D:\INFANT CRY\data_set_dbl_split\train\not_baby\5-253094-D-49.wav,not_baby/5-253094-D-49.wav,not_baby,2,esc50,esc50_source:253094,esc50_source_file,7175ed48d89063508ac6cfd0c75bf597d85815329fbfc87b961cf387f3f6565a,StratifiedGroupKFold,42
rec_8c8efa8f38c99575e334,D:\INFANT CRY\data_set_dbl_split\train\not_baby\5-254160-A-22.wav,not_baby/5-254160-A-22.wav,not_baby,2,esc50,esc50_source:254160,esc50_source_file,521fe28d463217441ae3d3f4d415e56a0ee5718aad73af3b5c5725e345a28a72,StratifiedGroupKFold,42
rec_54d0a173d4e1c6b3f584,D:\INFANT CRY\data_set_dbl_split\train\not_baby\5-257642-A-39.wav,not_baby/5-257642-A-39.wav,not_baby,2,esc50,esc50_source:257642,esc50_source_file,a93747921a23b090d444c7ecc57adace2d856abbe18c038bd52773a57512613b,StratifiedGroupKFold,42
rec_66a4df37dae3ad6b8244,D:\INFANT CRY\data_set_dbl_split\train\not_baby\5-259180-A-15.wav,not_baby/5-259180-A-15.wav,not_baby,2,esc50,esc50_source:259180,esc50_source_file,865631e1195ebc9c83cdba3f6d736adb0bac8ba33683fd9bc44981c862a34315,StratifiedGroupKFold,42
rec_5eeb1eb03c89def08844,D:\INFANT CRY\data_set_dbl_split\train\not_baby\5-260434-A-39.wav,not_baby/5-260434-A-39.wav,not_baby,2,esc50,esc50_source:260434,esc50_source_file,92d7ac3de371429d81338c1233cadfbcfb3873253c005f2f6aa4be7dce8a014e,StratifiedGroupKFold,42
rec_976e0cded020d18fa1ae,D:\INFANT CRY\data_set_dbl_split\train\not_baby\5-261433-A-15.wav,not_baby/5-261433-A-15.wav,not_baby,2,esc50,esc50_source:261433,esc50_source_file,23b2d2d67f8e119581b496ac95561419282037af57f4685d7680af525e89f224,StratifiedGroupKFold,42
rec_e2dedd838750a02a03ab,D:\INFANT CRY\data_set_dbl_split\train\not_baby\5-263902-A-36.wav,not_baby/5-263902-A-36.wav,not_baby,2,esc50,esc50_source:263902,esc50_source_file,2548fc884ad1cfdbe8de0f6a13297faf674d9e486f3e7fdad8aa95092be39cea,StratifiedGroupKFold,42
rec_537385263a6cfc438d37,D:\INFANT CRY\data_set_dbl_split\train\belly_pain\1084_M_eairh.wav,belly_pain/1084_M_eairh.wav,baby,3,infantcry_dbl,infant_sha256:9d898b0b8f7cbfa275d1a9cd68dc0cc13f29bf64291942d7201754d66d6ba416,exact_content_sha256,9d898b0b8f7cbfa275d1a9cd68dc0cc13f29bf64291942d7201754d66d6ba416,StratifiedGroupKFold,42
rec_3c400a3cd8526f5968e2,D:\INFANT CRY\data_set_dbl_split\train\belly_pain\1321_F_eairh.wav,belly_pain/1321_F_eairh.wav,baby,3,infantcry_dbl,infant_sha256:cfcb1c396f928a7db0054247a6766148beb1b11ac18f384a651b66959b68dd7e,exact_content_sha256,cfcb1c396f928a7db0054247a6766148beb1b11ac18f384a651b66959b68dd7e,StratifiedGroupKFold,42
rec_88e4a7633c64c24b0e2a,D:\INFANT CRY\data_set_dbl_split\train\belly_pain\1353_M_eairh.wav,belly_pain/1353_M_eairh.wav,baby,3,infantcry_dbl,infant_sha256:30eedff31f2917f34dc4054f1e1fede294438f92fcc11eff83382d0630bed578,exact_content_sha256,30eedff31f2917f34dc4054f1e1fede294438f92fcc11eff83382d0630bed578,StratifiedGroupKFold,42
rec_49997b84581d28fe47cf,D:\INFANT CRY\data_set_dbl_split\train\belly_pain\1498_M_eairh.wav,belly_pain/1498_M_eairh.wav,baby,3,infantcry_dbl,infant_sha256:84e07fa63c82b05be7a52d4d6afef8aa10492c4d01fe8a5d869bda23234d5821,exact_content_sha256,84e07fa63c82b05be7a52d4d6afef8aa10492c4d01fe8a5d869bda23234d5821,StratifiedGroupKFold,42
rec_4771cea23a26a41b1167,D:\INFANT CRY\data_set_dbl_split\train\belly_pain\216_M_eairh.wav,belly_pain/216_M_eairh.wav,baby,3,infantcry_dbl,infant_sha256:e7da0e31a37cbff8d2663a2cae5a92dc072c1dcc038ff67809acdb828b716224,exact_content_sha256,e7da0e31a37cbff8d2663a2cae5a92dc072c1dcc038ff67809acdb828b716224,StratifiedGroupKFold,42
rec_a4059f5ca3482bd507f9,D:\INFANT CRY\data_set_dbl_split\train\belly_pain\2217_M_eairh.wav,belly_pain/2217_M_eairh.wav,baby,3,infantcry_dbl,infant_sha256:7c1f95c509436975d09c4021c6ebec5d9c2c192a3d53325cea5fcf747437d78b,exact_content_sha256,7c1f95c509436975d09c4021c6ebec5d9c2c192a3d53325cea5fcf747437d78b,StratifiedGroupKFold,42
rec_344f2459aa8a88a9964a,D:\INFANT CRY\data_set_dbl_split\train\belly_pain\228_M_eairh.wav,belly_pain/228_M_eairh.wav,baby,3,infantcry_dbl,infant_sha256:55a378cc729702c1ca8fa02a4d1ec035ac75e01e974dfd651d573876efba6238,exact_content_sha256,55a378cc729702c1ca8fa02a4d1ec035ac75e01e974dfd651d573876efba6238,StratifiedGroupKFold,42
rec_4fb517e52369af00b8e9,D:\INFANT CRY\data_set_dbl_split\train\belly_pain\2754_M_eairh.wav,belly_pain/2754_M_eairh.wav,baby,3,infantcry_dbl,infant_sha256:8e9447157d5846fe2b14e8c66543d09608082f1bf278cca4861eee5197127cb7,exact_content_sha256,8e9447157d5846fe2b14e8c66543d09608082f1bf278cca4861eee5197127cb7,StratifiedGroupKFold,42
rec_cc6172b8bd33735c82c6,D:\INFANT CRY\data_set_dbl_split\train\belly_pain\2819_M_eairh.wav,belly_pain/2819_M_eairh.wav,baby,3,infantcry_dbl,infant_sha256:89965fe85329e6c8975833b357b831c1dc373d042fd3645cf36bc8e396b761c2,exact_content_sha256,89965fe85329e6c8975833b357b831c1dc373d042fd3645cf36bc8e396b761c2,StratifiedGroupKFold,42
rec_2fbe8d849db8271b15ba,D:\INFANT CRY\data_set_dbl_split\train\belly_pain\2901_M_eairh.wav,belly_pain/2901_M_eairh.wav,baby,3,infantcry_dbl,infant_sha256:ed9bb0cb71db1f7cfcb67d430399311f0e4c30f746ec42673376875fd7e61301,exact_content_sha256,ed9bb0cb71db1f7cfcb67d430399311f0e4c30f746ec42673376875fd7e61301,StratifiedGroupKFold,42
rec_cd6ec618a07ea9574302,D:\INFANT CRY\data_set_dbl_split\train\belly_pain\2994_M_eairh.wav,belly_pain/2994_M_eairh.wav,baby,3,infantcry_dbl,infant_sha256:537d54b6012878a6b36db0b66c473b41b3ca4f8746ef9efc65cf749d82c96ab7,exact_content_sha256,537d54b6012878a6b36db0b66c473b41b3ca4f8746ef9efc65cf749d82c96ab7,StratifiedGroupKFold,42
rec_6de25635db4018c640cb,D:\INFANT CRY\data_set_dbl_split\train\belly_pain\3077_F_eairh.wav,belly_pain/3077_F_eairh.wav,baby,3,infantcry_dbl,infant_sha256:b37b8f9289926e302950f01846cdd5eeae945d50ac8962484a112b96d9965136,exact_content_sha256,b37b8f9289926e302950f01846cdd5eeae945d50ac8962484a112b96d9965136,StratifiedGroupKFold,42
rec_e41629e8492bfc07276b,D:\INFANT CRY\data_set_dbl_split\train\belly_pain\3151_M_eairh.wav,belly_pain/3151_M_eairh.wav,baby,3,infantcry_dbl,infant_sha256:293beabf94de845d2ae87921a7f2a6650437fa8cae1473d65a1c15c47c7eeb6c,exact_content_sha256,293beabf94de845d2ae87921a7f2a6650437fa8cae1473d65a1c15c47c7eeb6c,StratifiedGroupKFold,42
rec_d433c8ac12980d0cc901,D:\INFANT CRY\data_set_dbl_split\train\belly_pain\3619_M_eairh.wav,belly_pain/3619_M_eairh.wav,baby,3,infantcry_dbl,infant_sha256:001331b4573eb6615c2ffdd822877fe448c120ad685be39fb2fa7dd3fe8649ce,exact_content_sha256,001331b4573eb6615c2ffdd822877fe448c120ad685be39fb2fa7dd3fe8649ce,StratifiedGroupKFold,42
rec_519de6d134c08a715f7a,D:\INFANT CRY\data_set_dbl_split\train\belly_pain\4437_M_eairh.wav,belly_pain/4437_M_eairh.wav,baby,3,infantcry_dbl,infant_sha256:81c71a6b81144ccd5a3e01a5e9299496aaa58cf812e9967f94d386e43536ec20,exact_content_sha256,81c71a6b81144ccd5a3e01a5e9299496aaa58cf812e9967f94d386e43536ec20,StratifiedGroupKFold,42
rec_99c997cbc56d30a6f86a,D:\INFANT CRY\data_set_dbl_split\train\belly_pain\4463_F_eairh.wav,belly_pain/4463_F_eairh.wav,baby,3,infantcry_dbl,infant_sha256:f1b02e2772508dba326d22aebf2cd242a03686fa68f0ba1de57248aaaaa76b5a,exact_content_sha256,f1b02e2772508dba326d22aebf2cd242a03686fa68f0ba1de57248aaaaa76b5a,StratifiedGroupKFold,42
rec_b97b97506a926108c4fb,D:\INFANT CRY\data_set_dbl_split\train\belly_pain\4511_F_eairh.wav,belly_pain/4511_F_eairh.wav,baby,3,infantcry_dbl,infant_sha256:e952316efd6d6b2707ff14e2fac55cc25557f6f5fd73862a67a3da70dbdda1f7,exact_content_sha256,e952316efd6d6b2707ff14e2fac55cc25557f6f5fd73862a67a3da70dbdda1f7,StratifiedGroupKFold,42
rec_774e95ea65e8ccac1202,D:\INFANT CRY\data_set_dbl_split\train\belly_pain\4684_M_eairh.wav,belly_pain/4684_M_eairh.wav,baby,3,infantcry_dbl,infant_sha256:c26b44279431f42c349cf79784dcea6de03cbb0342cde5868894d0f95de82205,exact_content_sha256,c26b44279431f42c349cf79784dcea6de03cbb0342cde5868894d0f95de82205,StratifiedGroupKFold,42
rec_81fef69644989c4602c2,D:\INFANT CRY\data_set_dbl_split\train\belly_pain\4745_M_eairh.wav,belly_pain/4745_M_eairh.wav,baby,3,infantcry_dbl,infant_sha256:7861889db8e50bab4200a04da467bd0db6150146587d396922ce2bb78b0bb706,exact_content_sha256,7861889db8e50bab4200a04da467bd0db6150146587d396922ce2bb78b0bb706,StratifiedGroupKFold,42
rec_db04a08c8cb045de0940,D:\INFANT CRY\data_set_dbl_split\train\belly_pain\4896_M_eairh.wav,belly_pain/4896_M_eairh.wav,baby,3,infantcry_dbl,infant_sha256:1eccaa3bd4cdb0737870727823dbfd59114714a88f1514450d9ea2ab7ca1ac0b,exact_content_sha256,1eccaa3bd4cdb0737870727823dbfd59114714a88f1514450d9ea2ab7ca1ac0b,StratifiedGroupKFold,42
rec_eb97e029b56da724a0bb,D:\INFANT CRY\data_set_dbl_split\train\belly_pain\838_F_eairh.wav,belly_pain/838_F_eairh.wav,baby,3,infantcry_dbl,infant_sha256:4d36892c5c7bd41937083c0128e319fd5594500ba0d7392d150e632acb2027a7,exact_content_sha256,4d36892c5c7bd41937083c0128e319fd5594500ba0d7392d150e632acb2027a7,StratifiedGroupKFold,42
rec_9897d60d93c5b1f8c62b,D:\INFANT CRY\data_set_dbl_split\train\belly_pain\dunstan-eairh_14.wav,belly_pain/dunstan-eairh_14.wav,baby,3,infantcry_dbl,infant_sha256:85e9e88b1b67a02a229b99baaf38c0aaf62ec6e01a3ecab2660df33a717c6ef8,exact_content_sha256,85e9e88b1b67a02a229b99baaf38c0aaf62ec6e01a3ecab2660df33a717c6ef8,StratifiedGroupKFold,42
rec_d0cc3e578be11d2ca330,D:\INFANT CRY\data_set_dbl_split\train\belly_pain\dunstan-eairh_18.wav,belly_pain/dunstan-eairh_18.wav,baby,3,infantcry_dbl,infant_sha256:930ddde0dd96e649ec88ab2c70f21efa2856aa204d18ed8112bcacc49068ee20,exact_content_sha256,930ddde0dd96e649ec88ab2c70f21efa2856aa204d18ed8112bcacc49068ee20,StratifiedGroupKFold,42
rec_0dcb14da74eee37cc249,D:\INFANT CRY\data_set_dbl_split\train\belly_pain\dunstan-eairh_24.wav,belly_pain/dunstan-eairh_24.wav,baby,3,infantcry_dbl,infant_sha256:a9804da0f4b378f360b9dc936b2cb7ee1bfa4a18c918007f0083c1d23d7a11d1,exact_content_sha256,a9804da0f4b378f360b9dc936b2cb7ee1bfa4a18c918007f0083c1d23d7a11d1,StratifiedGroupKFold,42
rec_07826f6464f9e0639207,D:\INFANT CRY\data_set_dbl_split\train\belly_pain\dunstan-eairh_3.wav,belly_pain/dunstan-eairh_3.wav,baby,3,infantcry_dbl,infant_sha256:990eaa82021906430785213347adbfe4f0f738e2f05fb3373fcfdec34c1b98cf,exact_content_sha256,990eaa82021906430785213347adbfe4f0f738e2f05fb3373fcfdec34c1b98cf,StratifiedGroupKFold,42
rec_50282cf393ad274e3952,D:\INFANT CRY\data_set_dbl_split\train\belly_pain\dunstan-eairh_32.wav,belly_pain/dunstan-eairh_32.wav,baby,3,infantcry_dbl,infant_sha256:3c2a0ccc5644543ae05197a155c60d2131356eb9a9a40cfd8396fa6618394a45,exact_content_sha256,3c2a0ccc5644543ae05197a155c60d2131356eb9a9a40cfd8396fa6618394a45,StratifiedGroupKFold,42
rec_e28be47a3f49c072a427,D:\INFANT CRY\data_set_dbl_split\train\belly_pain\dunstan-eairh_8.wav,belly_pain/dunstan-eairh_8.wav,baby,3,infantcry_dbl,infant_sha256:2b9df3bb386b69483cb67b17a1436b145ee32022d9a24d90b1d029fa94581f9e,exact_content_sha256,2b9df3bb386b69483cb67b17a1436b145ee32022d9a24d90b1d029fa94581f9e,StratifiedGroupKFold,42
rec_1ce241cf7686f94b3a25,D:\INFANT CRY\data_set_dbl_split\train\burping\000124_M_eh.wav,burping/000124_M_eh.wav,baby,3,infantcry_dbl,infant_sha256:0095470fcdb006139632e063d9691c40ab0930f4842eddaea7f6b5017d164a19,exact_content_sha256,0095470fcdb006139632e063d9691c40ab0930f4842eddaea7f6b5017d164a19,StratifiedGroupKFold,42
rec_9a29e2de6a245ee391e5,D:\INFANT CRY\data_set_dbl_split\train\burping\1117_M_eh.wav,burping/1117_M_eh.wav,baby,3,infantcry_dbl,infant_sha256:c31946230b18d8d9aa20e239813e174ec03bfced8c2b8fb8e1c2e7f94c76f83e,exact_content_sha256,c31946230b18d8d9aa20e239813e174ec03bfced8c2b8fb8e1c2e7f94c76f83e,StratifiedGroupKFold,42
rec_ab271c0dd4cc9e6e5493,D:\INFANT CRY\data_set_dbl_split\train\burping\1189_M_eh.wav,burping/1189_M_eh.wav,baby,3,infantcry_dbl,infant_sha256:06e8b84f0b30b4a9d80a2570e7701f859e6aa6d09985b83a40b011486a2966dc,exact_content_sha256,06e8b84f0b30b4a9d80a2570e7701f859e6aa6d09985b83a40b011486a2966dc,StratifiedGroupKFold,42
rec_ce25498c6756bcb99abd,D:\INFANT CRY\data_set_dbl_split\train\burping\1228_M_eh.wav,burping/1228_M_eh.wav,baby,3,infantcry_dbl,infant_sha256:1128f3cfbd398ea0d6545e30b75e1752191d49f6edfe3ff7f82849b961e5eb7a,exact_content_sha256,1128f3cfbd398ea0d6545e30b75e1752191d49f6edfe3ff7f82849b961e5eb7a,StratifiedGroupKFold,42
rec_10d0435f16610463b458,D:\INFANT CRY\data_set_dbl_split\train\burping\1280_F_eh.wav,burping/1280_F_eh.wav,baby,3,infantcry_dbl,infant_sha256:2530ebce8a151c82104651aaecb10a50b91787f335621f1f6e9bf1a94bf8dd37,exact_content_sha256,2530ebce8a151c82104651aaecb10a50b91787f335621f1f6e9bf1a94bf8dd37,StratifiedGroupKFold,42
rec_a0ecc47442b70c870666,D:\INFANT CRY\data_set_dbl_split\train\burping\1447_M_eh.wav,burping/1447_M_eh.wav,baby,3,infantcry_dbl,infant_sha256:8cd469c83ab8f9950a6ab74c1c8784297d8b0f075613634e0e7636dab9132a3a,exact_content_sha256,8cd469c83ab8f9950a6ab74c1c8784297d8b0f075613634e0e7636dab9132a3a,StratifiedGroupKFold,42
rec_1b2cfce0d8829eddad7e,D:\INFANT CRY\data_set_dbl_split\train\burping\1480_F_eh.wav,burping/1480_F_eh.wav,baby,3,infantcry_dbl,infant_sha256:9eb7034f803107f50420b447b1249d49d29d3dec642df607c3779526edd509df,exact_content_sha256,9eb7034f803107f50420b447b1249d49d29d3dec642df607c3779526edd509df,StratifiedGroupKFold,42
rec_8c0705fd9b6663835196,D:\INFANT CRY\data_set_dbl_split\train\burping\1501_M_eh.wav,burping/1501_M_eh.wav,baby,3,infantcry_dbl,infant_sha256:3eef11efef2d997cd36b7e7d857c14e88717eadff6dd191861bb30aeb99d1a71,exact_content_sha256,3eef11efef2d997cd36b7e7d857c14e88717eadff6dd191861bb30aeb99d1a71,StratifiedGroupKFold,42
rec_cbd1060a831248d1b42f,D:\INFANT CRY\data_set_dbl_split\train\burping\1862_M_eh.wav,burping/1862_M_eh.wav,baby,3,infantcry_dbl,infant_sha256:282fe1c4dbc0d500b391f2022850cc04a64e9614f6104d860626197b3df33496,exact_content_sha256,282fe1c4dbc0d500b391f2022850cc04a64e9614f6104d860626197b3df33496,StratifiedGroupKFold,42
rec_1113b5c1927b463e6187,D:\INFANT CRY\data_set_dbl_split\train\burping\1928_M_eh.wav,burping/1928_M_eh.wav,baby,3,infantcry_dbl,infant_sha256:f329353d359487403f183ab1cc96e697fa7683e3b800f5a849a02b79a3e2a6c6,exact_content_sha256,f329353d359487403f183ab1cc96e697fa7683e3b800f5a849a02b79a3e2a6c6,StratifiedGroupKFold,42
rec_459bb2953e87065146b1,D:\INFANT CRY\data_set_dbl_split\train\burping\1959_M_eh.wav,burping/1959_M_eh.wav,baby,3,infantcry_dbl,infant_sha256:d0f4706235582cf5e92c6cc91bb29e6ec7bff21b4073444f0ba654c9e9a923f8,exact_content_sha256,d0f4706235582cf5e92c6cc91bb29e6ec7bff21b4073444f0ba654c9e9a923f8,StratifiedGroupKFold,42
rec_1ea791cff25abaff0941,D:\INFANT CRY\data_set_dbl_split\train\burping\2111_M_eh.wav,burping/2111_M_eh.wav,baby,3,infantcry_dbl,infant_sha256:42b3c99738a7b6b4d183c2549208be43783f4ce2d51d97a2905d09c7bc26109b,exact_content_sha256,42b3c99738a7b6b4d183c2549208be43783f4ce2d51d97a2905d09c7bc26109b,StratifiedGroupKFold,42
rec_adbe9b64dc28a2d959a6,D:\INFANT CRY\data_set_dbl_split\train\burping\2793_M_eh.wav,burping/2793_M_eh.wav,baby,3,infantcry_dbl,infant_sha256:a12dcd5280926d7ed53822cae8475a88e34d42bf0bd3a069ace250575d1746da,exact_content_sha256,a12dcd5280926d7ed53822cae8475a88e34d42bf0bd3a069ace250575d1746da,StratifiedGroupKFold,42
rec_e4a56aeebd6a02551e95,D:\INFANT CRY\data_set_dbl_split\train\burping\290_F_eh.wav,burping/290_F_eh.wav,baby,3,infantcry_dbl,infant_sha256:3f3df70b40aaa7332736c472ced6f86b06244bdc86934477bdd93c6cb1d80540,exact_content_sha256,3f3df70b40aaa7332736c472ced6f86b06244bdc86934477bdd93c6cb1d80540,StratifiedGroupKFold,42
rec_28f10489f167e0cf28ed,D:\INFANT CRY\data_set_dbl_split\train\burping\3269_F_eh.wav,burping/3269_F_eh.wav,baby,3,infantcry_dbl,infant_sha256:1640c2a822d0c4fe30f1adf0f21f34e543841cad78912832e1347c32da665986,exact_content_sha256,1640c2a822d0c4fe30f1adf0f21f34e543841cad78912832e1347c32da665986,StratifiedGroupKFold,42
rec_c2d0c914aa634399fe02,D:\INFANT CRY\data_set_dbl_split\train\burping\3681_M_eh.wav,burping/3681_M_eh.wav,baby,3,infantcry_dbl,infant_sha256:5653d67d21720ec9bec3765b4ba53a62cc3bf168c894eaed4d7fad4cb33284f7,exact_content_sha256,5653d67d21720ec9bec3765b4ba53a62cc3bf168c894eaed4d7fad4cb33284f7,StratifiedGroupKFold,42
rec_dcac3876bf6880c602d4,D:\INFANT CRY\data_set_dbl_split\train\burping\3754_M_eh.wav,burping/3754_M_eh.wav,baby,3,infantcry_dbl,infant_sha256:a503e1fc75c60ff7fd7c7f9d553b4868f5c284ecef396cb8cb51d97fe200f55a,exact_content_sha256,a503e1fc75c60ff7fd7c7f9d553b4868f5c284ecef396cb8cb51d97fe200f55a,StratifiedGroupKFold,42
rec_f951c9cb890a00ed11b1,D:\INFANT CRY\data_set_dbl_split\train\burping\383_M_eh.wav,burping/383_M_eh.wav,baby,3,infantcry_dbl,infant_sha256:57dd854f9d7733ffa633b4d726e8222662b53a62e7bb05e601b0aeac8b50ac5e,exact_content_sha256,57dd854f9d7733ffa633b4d726e8222662b53a62e7bb05e601b0aeac8b50ac5e,StratifiedGroupKFold,42
rec_6283b5f850c67ab736d9,D:\INFANT CRY\data_set_dbl_split\train\burping\4480_M_eh.wav,burping/4480_M_eh.wav,baby,3,infantcry_dbl,infant_sha256:3d7051aa6cc0f4aa78b42f1fe24b587006dc7ea972e03bf296c5d52d50f726e6,exact_content_sha256,3d7051aa6cc0f4aa78b42f1fe24b587006dc7ea972e03bf296c5d52d50f726e6,StratifiedGroupKFold,42
rec_296b5aff467704fad7f9,D:\INFANT CRY\data_set_dbl_split\train\burping\4544_F_eh.wav,burping/4544_F_eh.wav,baby,3,infantcry_dbl,infant_sha256:0b10cd11e25c980a17471c434438223bce5b488819c1911c0af25415a061e3f7,exact_content_sha256,0b10cd11e25c980a17471c434438223bce5b488819c1911c0af25415a061e3f7,StratifiedGroupKFold,42
rec_33873b0c0a625be21a8e,D:\INFANT CRY\data_set_dbl_split\train\burping\4655_M_eh.wav,burping/4655_M_eh.wav,baby,3,infantcry_dbl,infant_sha256:dec397cb777060436d930a96392b0e2cdb3174b953772635215266a5b9b8e136,exact_content_sha256,dec397cb777060436d930a96392b0e2cdb3174b953772635215266a5b9b8e136,StratifiedGroupKFold,42
rec_553ed1bbae89167723a4,D:\INFANT CRY\data_set_dbl_split\train\burping\479_M_eh.wav,burping/479_M_eh.wav,baby,3,infantcry_dbl,infant_sha256:3bd53ba01daac7194e495f452e3ab46c8cd639f1e104d79141f8038689bef11f,exact_content_sha256,3bd53ba01daac7194e495f452e3ab46c8cd639f1e104d79141f8038689bef11f,StratifiedGroupKFold,42
rec_8b1d545801964600f8e5,D:\INFANT CRY\data_set_dbl_split\train\burping\534_M_eh.wav,burping/534_M_eh.wav,baby,3,infantcry_dbl,infant_sha256:7f39c221a49579ad0df497062347c3802a73a136410653c0d25b2bca328b59a0,exact_content_sha256,7f39c221a49579ad0df497062347c3802a73a136410653c0d25b2bca328b59a0,StratifiedGroupKFold,42
rec_e58eee6343a66a9607b3,D:\INFANT CRY\data_set_dbl_split\train\burping\67_M_eh.wav,burping/67_M_eh.wav,baby,3,infantcry_dbl,infant_sha256:74f5631edcfe772b8fbe0f956d57600709f1b95eebe3140214550d453f248672,exact_content_sha256,74f5631edcfe772b8fbe0f956d57600709f1b95eebe3140214550d453f248672,StratifiedGroupKFold,42
rec_98dbc8f48996f1a11dcf,D:\INFANT CRY\data_set_dbl_split\train\burping\739_M_eh.wav,burping/739_M_eh.wav,baby,3,infantcry_dbl,infant_sha256:b83b2f104596b489823abc810e00459736c7542bbee6c8c1e20f5fc3cca4d832,exact_content_sha256,b83b2f104596b489823abc810e00459736c7542bbee6c8c1e20f5fc3cca4d832,StratifiedGroupKFold,42
rec_f270ae8ed465b729fd80,D:\INFANT CRY\data_set_dbl_split\train\burping\dunstan-eh_18.wav,burping/dunstan-eh_18.wav,baby,3,infantcry_dbl,infant_sha256:3221ab5eedb8fbfdb6f83422d784e90dfd0c9bf75d9c836c7f864a8013341fba,exact_content_sha256,3221ab5eedb8fbfdb6f83422d784e90dfd0c9bf75d9c836c7f864a8013341fba,StratifiedGroupKFold,42
rec_165d844150d1c38e7964,D:\INFANT CRY\data_set_dbl_split\train\burping\dunstan-eh_4.wav,burping/dunstan-eh_4.wav,baby,3,infantcry_dbl,infant_sha256:a2f12b4c5d961d9dfaee2454f0575da21131ad43a4ccce2c562d40e1a5757e26,exact_content_sha256,a2f12b4c5d961d9dfaee2454f0575da21131ad43a4ccce2c562d40e1a5757e26,StratifiedGroupKFold,42
rec_059855a7dd9bebe2345c,D:\INFANT CRY\data_set_dbl_split\train\burping\dunstan-eh_42.wav,burping/dunstan-eh_42.wav,baby,3,infantcry_dbl,infant_sha256:8304456c390a84f17430306377883a4529785e24f9b0459a5fe673c91877a955,exact_content_sha256,8304456c390a84f17430306377883a4529785e24f9b0459a5fe673c91877a955,StratifiedGroupKFold,42
rec_473063a86a2fa3e42677,D:\INFANT CRY\data_set_dbl_split\train\burping\dunstan-eh_48.wav,burping/dunstan-eh_48.wav,baby,3,infantcry_dbl,infant_sha256:75b7bbddfbfca694c2e426fdac87308239aaa9b50fe4aa02c6672bfcd53aa54d,exact_content_sha256,75b7bbddfbfca694c2e426fdac87308239aaa9b50fe4aa02c6672bfcd53aa54d,StratifiedGroupKFold,42
rec_54d53591b959293f3ed9,D:\INFANT CRY\data_set_dbl_split\train\burping\dunstan-eh_5.wav,burping/dunstan-eh_5.wav,baby,3,infantcry_dbl,infant_sha256:8f684147de00fe81ee26eb754e031e9d90a4c5038415e19cf5bb7a5980f0525e,exact_content_sha256,8f684147de00fe81ee26eb754e031e9d90a4c5038415e19cf5bb7a5980f0525e,StratifiedGroupKFold,42
rec_bd56e50f20a08c95889b,D:\INFANT CRY\data_set_dbl_split\train\burping\dunstan-eh_6.wav,burping/dunstan-eh_6.wav,baby,3,infantcry_dbl,infant_sha256:7e19c3ae6df9277147e5bc371f32fe03f0e75b4140e56374fb8a13de5adf70d9,exact_content_sha256,7e19c3ae6df9277147e5bc371f32fe03f0e75b4140e56374fb8a13de5adf70d9,StratifiedGroupKFold,42
rec_b68a18d4d619ff02538e,D:\INFANT CRY\data_set_dbl_split\train\discomfort\1534_M_heh.wav,discomfort/1534_M_heh.wav,baby,3,infantcry_dbl,infant_sha256:2385fc73d940197ac1b4185b6886bf4f0fb3d4958d0f2840ccb59198031dd2e9,exact_content_sha256,2385fc73d940197ac1b4185b6886bf4f0fb3d4958d0f2840ccb59198031dd2e9,StratifiedGroupKFold,42
rec_4358c2c84f657df97471,D:\INFANT CRY\data_set_dbl_split\train\discomfort\1800_M_heh.wav,discomfort/1800_M_heh.wav,baby,3,infantcry_dbl,infant_sha256:ab27dd66edb32df348e1acf22bd5ae1b1f4143908c27dd90ae8c1ffa0127dfbe,exact_content_sha256,ab27dd66edb32df348e1acf22bd5ae1b1f4143908c27dd90ae8c1ffa0127dfbe,StratifiedGroupKFold,42
rec_170a61ba4bff3a2d5277,D:\INFANT CRY\data_set_dbl_split\train\discomfort\2526_M_heh.wav,discomfort/2526_M_heh.wav,baby,3,infantcry_dbl,infant_sha256:2f34d7b0b1a0c2ab413e31c12a656cfe3a127a95004656a288956eb7538cc8dc,exact_content_sha256,2f34d7b0b1a0c2ab413e31c12a656cfe3a127a95004656a288956eb7538cc8dc,StratifiedGroupKFold,42
rec_fecba998d290d42023e8,D:\INFANT CRY\data_set_dbl_split\train\discomfort\2928_M_heh.wav,discomfort/2928_M_heh.wav,baby,3,infantcry_dbl,infant_sha256:8bf104a23216b9946bea7db9f8aa057e0ab1677e4d2d845ee10410751a79934e,exact_content_sha256,8bf104a23216b9946bea7db9f8aa057e0ab1677e4d2d845ee10410751a79934e,StratifiedGroupKFold,42
rec_812b51427c3184c41a51,D:\INFANT CRY\data_set_dbl_split\train\discomfort\3305_M_heh.wav,discomfort/3305_M_heh.wav,baby,3,infantcry_dbl,infant_sha256:190dfacb18577335275676776775ad74aad7a11014a0dd51acb03cd5c94b3702,exact_content_sha256,190dfacb18577335275676776775ad74aad7a11014a0dd51acb03cd5c94b3702,StratifiedGroupKFold,42
rec_33f6d238ac51ca9e5758,D:\INFANT CRY\data_set_dbl_split\train\discomfort\3623_F_heh.wav,discomfort/3623_F_heh.wav,baby,3,infantcry_dbl,infant_sha256:52c0eb00919048d647fef9696fc0e175d6ec756c511b1b046a96e27623e746f7,exact_content_sha256,52c0eb00919048d647fef9696fc0e175d6ec756c511b1b046a96e27623e746f7,StratifiedGroupKFold,42
rec_29ecf264fe494eea58fb,D:\INFANT CRY\data_set_dbl_split\train\discomfort\3984_F_heh.wav,discomfort/3984_F_heh.wav,baby,3,infantcry_dbl,infant_sha256:94643e9be3919255af753bcedbb86e101aca7c08ba510a4844039f8938fc17a8,exact_content_sha256,94643e9be3919255af753bcedbb86e101aca7c08ba510a4844039f8938fc17a8,StratifiedGroupKFold,42
rec_00aeffb9aa41099dc5e5,D:\INFANT CRY\data_set_dbl_split\train\discomfort\4084_M_heh.wav,discomfort/4084_M_heh.wav,baby,3,infantcry_dbl,infant_sha256:dc645c82e225c56e3371daef41208ce0b49c664c92d69472cbf319d2ddcf0663,exact_content_sha256,dc645c82e225c56e3371daef41208ce0b49c664c92d69472cbf319d2ddcf0663,StratifiedGroupKFold,42
rec_f764034287a4370b136d,D:\INFANT CRY\data_set_dbl_split\train\discomfort\4290_F_heh.wav,discomfort/4290_F_heh.wav,baby,3,infantcry_dbl,infant_sha256:6496fc0d9fae508a5a354ecc133300bbc084c595ab186bfdbcccbb18643fa6c8,exact_content_sha256,6496fc0d9fae508a5a354ecc133300bbc084c595ab186bfdbcccbb18643fa6c8,StratifiedGroupKFold,42
rec_b4327cfdcef8a6d08926,D:\INFANT CRY\data_set_dbl_split\train\discomfort\4422_M_heh.wav,discomfort/4422_M_heh.wav,baby,3,infantcry_dbl,infant_sha256:48f3147c8edac60c0de58dbe2b5152ed6db3a562744f6a204b5efaaad2ca0847,exact_content_sha256,48f3147c8edac60c0de58dbe2b5152ed6db3a562744f6a204b5efaaad2ca0847,StratifiedGroupKFold,42
rec_aeb79fc9b0c45b64f93c,D:\INFANT CRY\data_set_dbl_split\train\discomfort\4790_M_heh.wav,discomfort/4790_M_heh.wav,baby,3,infantcry_dbl,infant_sha256:745142c696dc27171b5296ba1cfbd2cff291d97fa810a2e3f444c695d29c8855,exact_content_sha256,745142c696dc27171b5296ba1cfbd2cff291d97fa810a2e3f444c695d29c8855,StratifiedGroupKFold,42
rec_970de6b0b559a331bcc5,D:\INFANT CRY\data_set_dbl_split\train\discomfort\4977_M_heh.wav,discomfort/4977_M_heh.wav,baby,3,infantcry_dbl,infant_sha256:5e32d16af33a1529f954882891aea6432fc41d9789f01072bd4d9e9082ff6eff,exact_content_sha256,5e32d16af33a1529f954882891aea6432fc41d9789f01072bd4d9e9082ff6eff,StratifiedGroupKFold,42
rec_c66c61c76109180f4ea4,D:\INFANT CRY\data_set_dbl_split\train\discomfort\592_M_heh.wav,discomfort/592_M_heh.wav,baby,3,infantcry_dbl,infant_sha256:37db3a802965f18079cdee81a25907c0b04c90d34f0b329e0e5b0ace660f2bc8,exact_content_sha256,37db3a802965f18079cdee81a25907c0b04c90d34f0b329e0e5b0ace660f2bc8,StratifiedGroupKFold,42
rec_9185eef7e2aecebfb720,D:\INFANT CRY\data_set_dbl_split\train\discomfort\735_M_heh.wav,discomfort/735_M_heh.wav,baby,3,infantcry_dbl,infant_sha256:fedb2f8be484c091b0235f6203935bb810cbc52303d46e5e92ad98c965d3a84a,exact_content_sha256,fedb2f8be484c091b0235f6203935bb810cbc52303d46e5e92ad98c965d3a84a,StratifiedGroupKFold,42
rec_db0d984635fb9d6ef729,D:\INFANT CRY\data_set_dbl_split\train\discomfort\dunstan-heh_10.wav,discomfort/dunstan-heh_10.wav,baby,3,infantcry_dbl,infant_sha256:7f85254bf67f2ceefec7d7aceeb58330fb07ff5d0f3214ea8bb9c4b3b7401017,exact_content_sha256,7f85254bf67f2ceefec7d7aceeb58330fb07ff5d0f3214ea8bb9c4b3b7401017,StratifiedGroupKFold,42
rec_d4374ee440aee747b757,D:\INFANT CRY\data_set_dbl_split\train\discomfort\dunstan-heh_11.wav,discomfort/dunstan-heh_11.wav,baby,3,infantcry_dbl,infant_sha256:189cec8d650ca8dc4c6bdd0ae7a7db242c81ef999fd71cc140c7546ab6b176bd,exact_content_sha256,189cec8d650ca8dc4c6bdd0ae7a7db242c81ef999fd71cc140c7546ab6b176bd,StratifiedGroupKFold,42
rec_a446a8a4d062af8dda1b,D:\INFANT CRY\data_set_dbl_split\train\discomfort\dunstan-heh_15.wav,discomfort/dunstan-heh_15.wav,baby,3,infantcry_dbl,infant_sha256:e5b3895e08a7d5fc24074bf6ec82dc481a83bcd64263b76cb74666e8a181a462,exact_content_sha256,e5b3895e08a7d5fc24074bf6ec82dc481a83bcd64263b76cb74666e8a181a462,StratifiedGroupKFold,42
rec_51daa75d6cee602ab3c8,D:\INFANT CRY\data_set_dbl_split\train\discomfort\dunstan-heh_29.wav,discomfort/dunstan-heh_29.wav,baby,3,infantcry_dbl,infant_sha256:398e66b3a80071e1e2350ee31fe4be54b45ee3522f3c83e5276790cca8ec175a,exact_content_sha256,398e66b3a80071e1e2350ee31fe4be54b45ee3522f3c83e5276790cca8ec175a,StratifiedGroupKFold,42
rec_6456e2ce88a30a623868,D:\INFANT CRY\data_set_dbl_split\train\discomfort\dunstan-heh_39.wav,discomfort/dunstan-heh_39.wav,baby,3,infantcry_dbl,infant_sha256:b3e121977321009637405f5e3cdb60ac8e9feb7e958597a3e1d7b716e70adcf9,exact_content_sha256,b3e121977321009637405f5e3cdb60ac8e9feb7e958597a3e1d7b716e70adcf9,StratifiedGroupKFold,42
rec_428d00d3f563fd3b0b6f,D:\INFANT CRY\data_set_dbl_split\train\discomfort\dunstan-heh_4.wav,discomfort/dunstan-heh_4.wav,baby,3,infantcry_dbl,infant_sha256:c73b737215fb84d2033ef2b51ff24a17727cb6c630b6d18cb08cdffdfaaafed1,exact_content_sha256,c73b737215fb84d2033ef2b51ff24a17727cb6c630b6d18cb08cdffdfaaafed1,StratifiedGroupKFold,42
rec_e03c385467424eb08738,D:\INFANT CRY\data_set_dbl_split\train\discomfort\dunstan-heh_8.wav,discomfort/dunstan-heh_8.wav,baby,3,infantcry_dbl,infant_sha256:700ae1bbc45b34451a75a5edd086679c6c6fd9f7b300cc3493fb75e6b9c8ebc8,exact_content_sha256,700ae1bbc45b34451a75a5edd086679c6c6fd9f7b300cc3493fb75e6b9c8ebc8,StratifiedGroupKFold,42
rec_c22b93676c972031c987,D:\INFANT CRY\data_set_dbl_split\train\hungry\1202_F_neh.wav,hungry/1202_F_neh.wav,baby,3,infantcry_dbl,infant_sha256:ac92a54942af2d0f1c658cabd39741a4814fa2a0260d435cc01a032387f6e271,exact_content_sha256,ac92a54942af2d0f1c658cabd39741a4814fa2a0260d435cc01a032387f6e271,StratifiedGroupKFold,42
rec_30dd61c9506d4c0ad6d5,D:\INFANT CRY\data_set_dbl_split\train\hungry\1262_F_neh.wav,hungry/1262_F_neh.wav,baby,3,infantcry_dbl,infant_sha256:46fab932c94441592374d293fd06f2a0cc912dd59588b26526839b3e067cd844,exact_content_sha256,46fab932c94441592374d293fd06f2a0cc912dd59588b26526839b3e067cd844,StratifiedGroupKFold,42
rec_7f539cdc99c86f56f54a,D:\INFANT CRY\data_set_dbl_split\train\hungry\1332_F_neh.wav,hungry/1332_F_neh.wav,baby,3,infantcry_dbl,infant_sha256:c4486daaa9004953ee0fcd3b6e7b0b71181d8c2d42570d15d0f2d744139be34c,exact_content_sha256,c4486daaa9004953ee0fcd3b6e7b0b71181d8c2d42570d15d0f2d744139be34c,StratifiedGroupKFold,42
rec_46944c0538596aeac65b,D:\INFANT CRY\data_set_dbl_split\train\hungry\1508_M_neh.wav,hungry/1508_M_neh.wav,baby,3,infantcry_dbl,infant_sha256:e1dde547b2b5e02c4615bcfe97aef74b1e8092c65b16b16637972f6b260171e6,exact_content_sha256,e1dde547b2b5e02c4615bcfe97aef74b1e8092c65b16b16637972f6b260171e6,StratifiedGroupKFold,42
rec_5b29661d9ab4ae4541b2,D:\INFANT CRY\data_set_dbl_split\train\hungry\1614_M_neh.wav,hungry/1614_M_neh.wav,baby,3,infantcry_dbl,infant_sha256:98c9c1ac8cee31454649873912971dc66a1ebe7ae296070412f3572070358651,exact_content_sha256,98c9c1ac8cee31454649873912971dc66a1ebe7ae296070412f3572070358651,StratifiedGroupKFold,42
rec_7de1538e4e8923365a69,D:\INFANT CRY\data_set_dbl_split\train\hungry\1838_M_neh.wav,hungry/1838_M_neh.wav,baby,3,infantcry_dbl,infant_sha256:a70c97c99847b123c02ed4af95ebf40cec0df75a82b7ca0786928b26b0bfc1ad,exact_content_sha256,a70c97c99847b123c02ed4af95ebf40cec0df75a82b7ca0786928b26b0bfc1ad,StratifiedGroupKFold,42
rec_372ed40ca92e5e14733f,D:\INFANT CRY\data_set_dbl_split\train\hungry\2108_M_neh.wav,hungry/2108_M_neh.wav,baby,3,infantcry_dbl,infant_sha256:6db650b5ed425ba10cdfedf4717a78ed14c2e9b0a29258f079097db34f6d0492,exact_content_sha256,6db650b5ed425ba10cdfedf4717a78ed14c2e9b0a29258f079097db34f6d0492,StratifiedGroupKFold,42
rec_5f1156e4903ab6fe46cc,D:\INFANT CRY\data_set_dbl_split\train\hungry\2144_M_neh.wav,hungry/2144_M_neh.wav,baby,3,infantcry_dbl,infant_sha256:e99b6c5655ef16efacfaf5e4cdc4030ee118604370d8bf82eae49d2b26596e25,exact_content_sha256,e99b6c5655ef16efacfaf5e4cdc4030ee118604370d8bf82eae49d2b26596e25,StratifiedGroupKFold,42
rec_95ecc93388c308db3fbd,D:\INFANT CRY\data_set_dbl_split\train\hungry\2219_M_neh.wav,hungry/2219_M_neh.wav,baby,3,infantcry_dbl,infant_sha256:e5586b45c66216c95aa93cc4928b28d6ffdccb9ff2dd686afd63ea73d78982b5,exact_content_sha256,e5586b45c66216c95aa93cc4928b28d6ffdccb9ff2dd686afd63ea73d78982b5,StratifiedGroupKFold,42
rec_dd2ecfc5b21bcd086e19,D:\INFANT CRY\data_set_dbl_split\train\hungry\2245_F_neh.wav,hungry/2245_F_neh.wav,baby,3,infantcry_dbl,infant_sha256:ee88073524834bdca165fa2854649a1915783d51378c671e8b0877fa6b50e339,exact_content_sha256,ee88073524834bdca165fa2854649a1915783d51378c671e8b0877fa6b50e339,StratifiedGroupKFold,42
rec_75255312c2aae67afa1a,D:\INFANT CRY\data_set_dbl_split\train\hungry\2331_M_neh.wav,hungry/2331_M_neh.wav,baby,3,infantcry_dbl,infant_sha256:728d3667b4bd9e8090b92ce918198021377c92b14fb67278875fe08fb90ef15b,exact_content_sha256,728d3667b4bd9e8090b92ce918198021377c92b14fb67278875fe08fb90ef15b,StratifiedGroupKFold,42
rec_ad007df31506959b9ddb,D:\INFANT CRY\data_set_dbl_split\train\hungry\2482_F_neh.wav,hungry/2482_F_neh.wav,baby,3,infantcry_dbl,infant_sha256:d48b625a2736fac442e4d0dad71862dc91d23d99d4801a2f58dd17ed3f9cf1bd,exact_content_sha256,d48b625a2736fac442e4d0dad71862dc91d23d99d4801a2f58dd17ed3f9cf1bd,StratifiedGroupKFold,42
rec_4aeef63044c75c534d96,D:\INFANT CRY\data_set_dbl_split\train\hungry\2514_M_neh.wav,hungry/2514_M_neh.wav,baby,3,infantcry_dbl,infant_sha256:8ce7f25fca9d4bc9842d0afec6b523f92ebc55c0f6306594750af3645f32e4e8,exact_content_sha256,8ce7f25fca9d4bc9842d0afec6b523f92ebc55c0f6306594750af3645f32e4e8,StratifiedGroupKFold,42
rec_bbd412cfa7ef42afdb4b,D:\INFANT CRY\data_set_dbl_split\train\hungry\25_M_neh.wav,hungry/25_M_neh.wav,baby,3,infantcry_dbl,infant_sha256:fd71098dce7e2ec73b4447c76b602809dc2a209b24471791444bd1a85cb3de3f,exact_content_sha256,fd71098dce7e2ec73b4447c76b602809dc2a209b24471791444bd1a85cb3de3f,StratifiedGroupKFold,42
rec_5c7b94899a81eecee357,D:\INFANT CRY\data_set_dbl_split\train\hungry\2973_M_neh.wav,hungry/2973_M_neh.wav,baby,3,infantcry_dbl,infant_sha256:a258c7f3ce0dec54214693dbd12ed67ecd6652c42be0a7c8667f7f502e9251db,exact_content_sha256,a258c7f3ce0dec54214693dbd12ed67ecd6652c42be0a7c8667f7f502e9251db,StratifiedGroupKFold,42
rec_3ca5af599f5e2d718692,D:\INFANT CRY\data_set_dbl_split\train\hungry\303_F_neh.wav,hungry/303_F_neh.wav,baby,3,infantcry_dbl,infant_sha256:13a56a7a111a4668a2510d21fa34d2fdf7d4cbc5cc473c2253831fb2836a8f81,exact_content_sha256,13a56a7a111a4668a2510d21fa34d2fdf7d4cbc5cc473c2253831fb2836a8f81,StratifiedGroupKFold,42
rec_bd47283574366dba00f9,D:\INFANT CRY\data_set_dbl_split\train\hungry\3269_M_neh.wav,hungry/3269_M_neh.wav,baby,3,infantcry_dbl,infant_sha256:df359b5202fc1893be41c41b8a2246e171477e19b824254e9218fdbf20fb6463,exact_content_sha256,df359b5202fc1893be41c41b8a2246e171477e19b824254e9218fdbf20fb6463,StratifiedGroupKFold,42
rec_3b32ae946ba19d17300d,D:\INFANT CRY\data_set_dbl_split\train\hungry\3333_M_neh.wav,hungry/3333_M_neh.wav,baby,3,infantcry_dbl,infant_sha256:ef90600d239ad8d3da5c17e25950d2d7b629c2292f5613e5bf01c1a5ad73a276,exact_content_sha256,ef90600d239ad8d3da5c17e25950d2d7b629c2292f5613e5bf01c1a5ad73a276,StratifiedGroupKFold,42
rec_b1207cfc484bb3ba4c5b,D:\INFANT CRY\data_set_dbl_split\train\hungry\3541_M_neh.wav,hungry/3541_M_neh.wav,baby,3,infantcry_dbl,infant_sha256:d204b1c96703905395cb60beb1f7c1d8aff3d5a7c652b87c2c3fce0ddc0cfff8,exact_content_sha256,d204b1c96703905395cb60beb1f7c1d8aff3d5a7c652b87c2c3fce0ddc0cfff8,StratifiedGroupKFold,42
rec_606b51628a29d576c7f5,D:\INFANT CRY\data_set_dbl_split\train\hungry\3676_M_neh.wav,hungry/3676_M_neh.wav,baby,3,infantcry_dbl,infant_sha256:bfb1b3e0929c2200c7a939881a7d8f5b1c7dc872c833fce3bc8d5a03bdf842e5,exact_content_sha256,bfb1b3e0929c2200c7a939881a7d8f5b1c7dc872c833fce3bc8d5a03bdf842e5,StratifiedGroupKFold,42
rec_c5c7cc4019b6615df3ec,D:\INFANT CRY\data_set_dbl_split\train\hungry\377_F_neh.wav,hungry/377_F_neh.wav,baby,3,infantcry_dbl,infant_sha256:1250b99240a1b507a14b7d33386a9a569e0f76052d34c0a25c6cc6cdc76c3672,exact_content_sha256,1250b99240a1b507a14b7d33386a9a569e0f76052d34c0a25c6cc6cdc76c3672,StratifiedGroupKFold,42
rec_85357352a774e2f015c1,D:\INFANT CRY\data_set_dbl_split\train\hungry\3809_M_neh.wav,hungry/3809_M_neh.wav,baby,3,infantcry_dbl,infant_sha256:95bf45a5f3c62eb6321df442d9003209b6e7d453968037fbbf0ab6872caca841,exact_content_sha256,95bf45a5f3c62eb6321df442d9003209b6e7d453968037fbbf0ab6872caca841,StratifiedGroupKFold,42
rec_12aab60e9a224840d67b,D:\INFANT CRY\data_set_dbl_split\train\hungry\3988_M_neh.wav,hungry/3988_M_neh.wav,baby,3,infantcry_dbl,infant_sha256:64a2aa29fa0d6a90e8ab1a7a3c202e02293367aad28f101f2e962556c434d555,exact_content_sha256,64a2aa29fa0d6a90e8ab1a7a3c202e02293367aad28f101f2e962556c434d555,StratifiedGroupKFold,42
rec_751f261c8b1f00b3e786,D:\INFANT CRY\data_set_dbl_split\train\hungry\4055_M_neh.wav,hungry/4055_M_neh.wav,baby,3,infantcry_dbl,infant_sha256:cbc123eb07ce7b13678fd2c6c57819f167c2ff0c45de9d120b772751bc2165ec,exact_content_sha256,cbc123eb07ce7b13678fd2c6c57819f167c2ff0c45de9d120b772751bc2165ec,StratifiedGroupKFold,42
rec_3089f948268829e76e78,D:\INFANT CRY\data_set_dbl_split\train\hungry\4171_F_neh.wav,hungry/4171_F_neh.wav,baby,3,infantcry_dbl,infant_sha256:16557ef8978000c62dbe981081b48f8a592cbb5a05118852ff099e5e1972b886,exact_content_sha256,16557ef8978000c62dbe981081b48f8a592cbb5a05118852ff099e5e1972b886,StratifiedGroupKFold,42
rec_5e3518bec6261a74ca5c,D:\INFANT CRY\data_set_dbl_split\train\hungry\4479_M_neh.wav,hungry/4479_M_neh.wav,baby,3,infantcry_dbl,infant_sha256:fb5477607cc4a6996ebfeddbf7c23eaca6d04be838a80e4cf8f876be1264d614,exact_content_sha256,fb5477607cc4a6996ebfeddbf7c23eaca6d04be838a80e4cf8f876be1264d614,StratifiedGroupKFold,42
rec_bfa6747f918f5738d1c3,D:\INFANT CRY\data_set_dbl_split\train\hungry\4918_M_neh.wav,hungry/4918_M_neh.wav,baby,3,infantcry_dbl,infant_sha256:f76c4dc2dafb2295d4cf8d8d82a48a9ac32cd5f607fabdfb30a9d8bd0e3e4db0,exact_content_sha256,f76c4dc2dafb2295d4cf8d8d82a48a9ac32cd5f607fabdfb30a9d8bd0e3e4db0,StratifiedGroupKFold,42
rec_866de97ef20add08af82,D:\INFANT CRY\data_set_dbl_split\train\hungry\828_M_neh.wav,hungry/828_M_neh.wav,baby,3,infantcry_dbl,infant_sha256:6bbcd95f37c0056fc3be5697a94ef871285dc1075267219c7a2564dd3525ea63,exact_content_sha256,6bbcd95f37c0056fc3be5697a94ef871285dc1075267219c7a2564dd3525ea63,StratifiedGroupKFold,42
rec_f1ad9019670692fe6b00,D:\INFANT CRY\data_set_dbl_split\train\hungry\926_M_neh.wav,hungry/926_M_neh.wav,baby,3,infantcry_dbl,infant_sha256:e6f47e4143471a3cf208a78fbdd82cc6f69231171b1db8d020df40cdb0e3fb69,exact_content_sha256,e6f47e4143471a3cf208a78fbdd82cc6f69231171b1db8d020df40cdb0e3fb69,StratifiedGroupKFold,42
rec_35a8fd627f0a52683c6c,D:\INFANT CRY\data_set_dbl_split\train\hungry\961_M_neh.wav,hungry/961_M_neh.wav,baby,3,infantcry_dbl,infant_sha256:d687d61fd0b9512cf8b653c14bc67e31d1111e22b8237155e91fcc09a28f6fc5,exact_content_sha256,d687d61fd0b9512cf8b653c14bc67e31d1111e22b8237155e91fcc09a28f6fc5,StratifiedGroupKFold,42
rec_4b4785d5ae74ada7c3ec,D:\INFANT CRY\data_set_dbl_split\train\hungry\dunstan-neh_58.wav,hungry/dunstan-neh_58.wav,baby,3,infantcry_dbl,infant_sha256:842bdf6597053d4287099fa4e38914b648b5829e434099bcf24d7bbacca8b02a,exact_content_sha256,842bdf6597053d4287099fa4e38914b648b5829e434099bcf24d7bbacca8b02a,StratifiedGroupKFold,42
rec_9a989ed48e3e18f22982,D:\INFANT CRY\data_set_dbl_split\train\hungry\dunstan-neh_70.wav,hungry/dunstan-neh_70.wav,baby,3,infantcry_dbl,infant_sha256:88f4252bab89c82f456f026c142ed78cf18115ee12b081927d93e5267d3f8a3e,exact_content_sha256,88f4252bab89c82f456f026c142ed78cf18115ee12b081927d93e5267d3f8a3e,StratifiedGroupKFold,42
rec_a8c5ae30e778d945976d,D:\INFANT CRY\data_set_dbl_split\train\tired\1126_M_owh.wav,tired/1126_M_owh.wav,baby,3,infantcry_dbl,infant_sha256:87fe86e4c2a21887e075b6a2efac9de153ab4fed50f94e35dfc9ce68e2b66f2a,exact_content_sha256,87fe86e4c2a21887e075b6a2efac9de153ab4fed50f94e35dfc9ce68e2b66f2a,StratifiedGroupKFold,42
rec_b6d124cc7980967f1dd5,D:\INFANT CRY\data_set_dbl_split\train\tired\123_M_owh.wav,tired/123_M_owh.wav,baby,3,infantcry_dbl,infant_sha256:1355344d5cb685e6b98378214d5e3642adcc4e6fefe4c016c047fb2d0a6d332f,exact_content_sha256,1355344d5cb685e6b98378214d5e3642adcc4e6fefe4c016c047fb2d0a6d332f,StratifiedGroupKFold,42
rec_bcc6ef71a3b6c62fc0db,D:\INFANT CRY\data_set_dbl_split\train\tired\1248_M_owh.wav,tired/1248_M_owh.wav,baby,3,infantcry_dbl,infant_sha256:4301c15a643d2393a73c8396867ffac82190f5cb577879dce1e92bf92ff13ae1,exact_content_sha256,4301c15a643d2393a73c8396867ffac82190f5cb577879dce1e92bf92ff13ae1,StratifiedGroupKFold,42
rec_7e8a78def33e979ca783,D:\INFANT CRY\data_set_dbl_split\train\tired\1395_M_owh.wav,tired/1395_M_owh.wav,baby,3,infantcry_dbl,infant_sha256:beb9a6718b80f0a157554a9d5b620888544dd6fb7a242952b018a1fa811f2234,exact_content_sha256,beb9a6718b80f0a157554a9d5b620888544dd6fb7a242952b018a1fa811f2234,StratifiedGroupKFold,42
rec_5807a531d39cade4cc44,D:\INFANT CRY\data_set_dbl_split\train\tired\1467_M_owh.wav,tired/1467_M_owh.wav,baby,3,infantcry_dbl,infant_sha256:69140e925600f517f6d8e5e968b212af20fef301febbb914c8ba3e7fe39324ba,exact_content_sha256,69140e925600f517f6d8e5e968b212af20fef301febbb914c8ba3e7fe39324ba,StratifiedGroupKFold,42
rec_33c9c739e8bde25b2dfe,D:\INFANT CRY\data_set_dbl_split\train\tired\1527_M_owh.wav,tired/1527_M_owh.wav,baby,3,infantcry_dbl,infant_sha256:7a034be95fd9a7612bea7cbb3a1e01a2d199140269e9a5d3e7b9aebc3f9be620,exact_content_sha256,7a034be95fd9a7612bea7cbb3a1e01a2d199140269e9a5d3e7b9aebc3f9be620,StratifiedGroupKFold,42
rec_1747fa8c0259cb9f58a4,D:\INFANT CRY\data_set_dbl_split\train\tired\1569_M_owh.wav,tired/1569_M_owh.wav,baby,3,infantcry_dbl,infant_sha256:2d6d39ac02cbd5b4e64b2e432fdff9e1c44abd71123e66771b2e9f0099ea9435,exact_content_sha256,2d6d39ac02cbd5b4e64b2e432fdff9e1c44abd71123e66771b2e9f0099ea9435,StratifiedGroupKFold,42
rec_2e1c8666b4883b69abb9,D:\INFANT CRY\data_set_dbl_split\train\tired\1599_F_owh.wav,tired/1599_F_owh.wav,baby,3,infantcry_dbl,infant_sha256:03366fb643596a1f5608e2ef81a79d14091b15f09404e9f31ccd86ff3f3fff16,exact_content_sha256,03366fb643596a1f5608e2ef81a79d14091b15f09404e9f31ccd86ff3f3fff16,StratifiedGroupKFold,42
rec_d0301a50570032ee57e5,D:\INFANT CRY\data_set_dbl_split\train\tired\1629_F_owh.wav,tired/1629_F_owh.wav,baby,3,infantcry_dbl,infant_sha256:9bdcc7c8579e3c6cf21c37a9a3f10809d08a80af1fec1da24a3c783e544ca48d,exact_content_sha256,9bdcc7c8579e3c6cf21c37a9a3f10809d08a80af1fec1da24a3c783e544ca48d,StratifiedGroupKFold,42
rec_6d53ea377585cd358595,D:\INFANT CRY\data_set_dbl_split\train\tired\1703_M_owh.wav,tired/1703_M_owh.wav,baby,3,infantcry_dbl,infant_sha256:c85814665c128518f5502fac1c54b853b4caaa3422b267f452b68680cf13dce5,exact_content_sha256,c85814665c128518f5502fac1c54b853b4caaa3422b267f452b68680cf13dce5,StratifiedGroupKFold,42
rec_815fbbf7a4029d0e7b3f,D:\INFANT CRY\data_set_dbl_split\train\tired\1706_M_owh.wav,tired/1706_M_owh.wav,baby,3,infantcry_dbl,infant_sha256:808f071f9bd60224013b50e6cf508d8a0ea2e1174a627af06398d498898aab9f,exact_content_sha256,808f071f9bd60224013b50e6cf508d8a0ea2e1174a627af06398d498898aab9f,StratifiedGroupKFold,42
rec_d02d1d51fcf5369a63ad,D:\INFANT CRY\data_set_dbl_split\train\tired\1763_M_owh.wav,tired/1763_M_owh.wav,baby,3,infantcry_dbl,infant_sha256:7c95c315cde9f1356c28e28f6f62b5f550551b8344be99a3dcd51d7e89fc85c5,exact_content_sha256,7c95c315cde9f1356c28e28f6f62b5f550551b8344be99a3dcd51d7e89fc85c5,StratifiedGroupKFold,42
rec_70045edcafc51ac832ef,D:\INFANT CRY\data_set_dbl_split\train\tired\1805_M_owh.wav,tired/1805_M_owh.wav,baby,3,infantcry_dbl,infant_sha256:549e9b745a147b976d901c8f187e396b1905c2296a027b2c77f9a7f42d286d36,exact_content_sha256,549e9b745a147b976d901c8f187e396b1905c2296a027b2c77f9a7f42d286d36,StratifiedGroupKFold,42
rec_77e7ee17a7dad6ca1182,D:\INFANT CRY\data_set_dbl_split\train\tired\1833_F_owh.wav,tired/1833_F_owh.wav,baby,3,infantcry_dbl,infant_sha256:49b5e0e118d764a31c5bde824213054a96e46557125fe99bdca9fcfddd1db6ee,exact_content_sha256,49b5e0e118d764a31c5bde824213054a96e46557125fe99bdca9fcfddd1db6ee,StratifiedGroupKFold,42
rec_4b6b12381565fff1bf5d,D:\INFANT CRY\data_set_dbl_split\train\tired\1922_M_owh.wav,tired/1922_M_owh.wav,baby,3,infantcry_dbl,infant_sha256:f07c62dc0e6316075f4b2c7f9bace8ae628a7dd97117e4e4cc50d011fea17ee2,exact_content_sha256,f07c62dc0e6316075f4b2c7f9bace8ae628a7dd97117e4e4cc50d011fea17ee2,StratifiedGroupKFold,42
rec_76ee10c04c09a08d27b0,D:\INFANT CRY\data_set_dbl_split\train\tired\2017_M_owh.wav,tired/2017_M_owh.wav,baby,3,infantcry_dbl,infant_sha256:5025e0d49b62713c1715dff08affadc31905ae1ac78f96b4f7349fb559ba00fb,exact_content_sha256,5025e0d49b62713c1715dff08affadc31905ae1ac78f96b4f7349fb559ba00fb,StratifiedGroupKFold,42
rec_3612a0206d6b47c69a0b,D:\INFANT CRY\data_set_dbl_split\train\tired\2047_F_owh.wav,tired/2047_F_owh.wav,baby,3,infantcry_dbl,infant_sha256:09c0e70725a5efe85074bf7e7bd418c5eaa926359d53d594a61c102f9f9f1112,exact_content_sha256,09c0e70725a5efe85074bf7e7bd418c5eaa926359d53d594a61c102f9f9f1112,StratifiedGroupKFold,42
rec_c18d49327c6e50d1e569,D:\INFANT CRY\data_set_dbl_split\train\tired\2156_M_owh.wav,tired/2156_M_owh.wav,baby,3,infantcry_dbl,infant_sha256:bae968692719c8b34033cb1ffb767cc3bf4810669ce54c8cb625f818154cad23,exact_content_sha256,bae968692719c8b34033cb1ffb767cc3bf4810669ce54c8cb625f818154cad23,StratifiedGroupKFold,42
rec_e03def87d42d24b8bdf8,D:\INFANT CRY\data_set_dbl_split\train\tired\2168_M_owh.wav,tired/2168_M_owh.wav,baby,3,infantcry_dbl,infant_sha256:9f9019576a9e3bdd78a51a2edb10a80918b4cebcc71f514f2b7e7e64433a1866,exact_content_sha256,9f9019576a9e3bdd78a51a2edb10a80918b4cebcc71f514f2b7e7e64433a1866,StratifiedGroupKFold,42
rec_488a21a4a1921e15174e,D:\INFANT CRY\data_set_dbl_split\train\tired\2203_M_owh.wav,tired/2203_M_owh.wav,baby,3,infantcry_dbl,infant_sha256:1592bfcc9b6dc7ee701421f3a9f6ca53e487f8851250c43ef92f8b41e057e961,exact_content_sha256,1592bfcc9b6dc7ee701421f3a9f6ca53e487f8851250c43ef92f8b41e057e961,StratifiedGroupKFold,42
rec_9f907a5c686df8792eb9,D:\INFANT CRY\data_set_dbl_split\train\tired\2205_M_owh.wav,tired/2205_M_owh.wav,baby,3,infantcry_dbl,infant_sha256:467a337a997936bafaaf7eb581784e44e72f5d3319ab4b06a42e88643c973bdb,exact_content_sha256,467a337a997936bafaaf7eb581784e44e72f5d3319ab4b06a42e88643c973bdb,StratifiedGroupKFold,42
rec_c73ad4264ea9db9dbabe,D:\INFANT CRY\data_set_dbl_split\train\tired\2209_F_owh.wav,tired/2209_F_owh.wav,baby,3,infantcry_dbl,infant_sha256:e38230e7ecba58c4344b0c2e9c6b1d05877708495096d2709ba35ee3201fbad1,exact_content_sha256,e38230e7ecba58c4344b0c2e9c6b1d05877708495096d2709ba35ee3201fbad1,StratifiedGroupKFold,42
rec_ebd08ea16ea698c45306,D:\INFANT CRY\data_set_dbl_split\train\tired\223_M_owh.wav,tired/223_M_owh.wav,baby,3,infantcry_dbl,infant_sha256:4146efe34917dbd6a03064e85e2ea43f70fde87e0a5fd5c800c01ea69f71b5b6,exact_content_sha256,4146efe34917dbd6a03064e85e2ea43f70fde87e0a5fd5c800c01ea69f71b5b6,StratifiedGroupKFold,42
rec_53ff1607510284e05f4c,D:\INFANT CRY\data_set_dbl_split\train\tired\224_M_owh.wav,tired/224_M_owh.wav,baby,3,infantcry_dbl,infant_sha256:b630d80ccb2a04ddde221f6748ce33d43448d8b7c1c8b1310298c0e9baa94de0,exact_content_sha256,b630d80ccb2a04ddde221f6748ce33d43448d8b7c1c8b1310298c0e9baa94de0,StratifiedGroupKFold,42
rec_d5f0a7c6b2ea83ee846f,D:\INFANT CRY\data_set_dbl_split\train\tired\2257_M_owh.wav,tired/2257_M_owh.wav,baby,3,infantcry_dbl,infant_sha256:4a946dfbba210b2b1566e938c7fa1ea4b7bbe1516886a9c08dcb695e43f79fd2,exact_content_sha256,4a946dfbba210b2b1566e938c7fa1ea4b7bbe1516886a9c08dcb695e43f79fd2,StratifiedGroupKFold,42
rec_33b4e755a718fa24b761,D:\INFANT CRY\data_set_dbl_split\train\tired\2267_F_owh.wav,tired/2267_F_owh.wav,baby,3,infantcry_dbl,infant_sha256:ae2c97c5a0d95c75d5bf82ebcfe6978216096b691422005d189c2750aa0f1563,exact_content_sha256,ae2c97c5a0d95c75d5bf82ebcfe6978216096b691422005d189c2750aa0f1563,StratifiedGroupKFold,42
rec_ea3161ab2c4c40e51365,D:\INFANT CRY\data_set_dbl_split\train\tired\2268_M_owh.wav,tired/2268_M_owh.wav,baby,3,infantcry_dbl,infant_sha256:5b4064350d82be8341441f4bca966f0238e0f86bba116216b14f5194aa071b85,exact_content_sha256,5b4064350d82be8341441f4bca966f0238e0f86bba116216b14f5194aa071b85,StratifiedGroupKFold,42
rec_9c6f6aa87f0f7f70c7b1,D:\INFANT CRY\data_set_dbl_split\train\tired\2433_M_owh.wav,tired/2433_M_owh.wav,baby,3,infantcry_dbl,infant_sha256:0e0b599a6ac84f7526274a7533fb8834ff79027a9722fb85d592d556555ddcb1,exact_content_sha256,0e0b599a6ac84f7526274a7533fb8834ff79027a9722fb85d592d556555ddcb1,StratifiedGroupKFold,42
rec_ac7c6723d17cc624863f,D:\INFANT CRY\data_set_dbl_split\train\tired\2439_M_owh.wav,tired/2439_M_owh.wav,baby,3,infantcry_dbl,infant_sha256:f4c93fae8a6112f4da01a169289a7b2e42637b49fc670532ce0b5adc66030cdd,exact_content_sha256,f4c93fae8a6112f4da01a169289a7b2e42637b49fc670532ce0b5adc66030cdd,StratifiedGroupKFold,42
rec_256c67b71693302f5eed,D:\INFANT CRY\data_set_dbl_split\train\tired\245_M_owh.wav,tired/245_M_owh.wav,baby,3,infantcry_dbl,infant_sha256:361ba4820ca7fb721844d99b85e6a4044641cfbc1a6f2834c7b0bca97f0ce8f1,exact_content_sha256,361ba4820ca7fb721844d99b85e6a4044641cfbc1a6f2834c7b0bca97f0ce8f1,StratifiedGroupKFold,42
rec_f0170dc3dba7d07ebbdf,D:\INFANT CRY\data_set_dbl_split\train\tired\2463_M_owh.wav,tired/2463_M_owh.wav,baby,3,infantcry_dbl,infant_sha256:768a69a7bf08a9c95d565a893f9ba3d397402ba455930c7bef9b6ef758aeb296,exact_content_sha256,768a69a7bf08a9c95d565a893f9ba3d397402ba455930c7bef9b6ef758aeb296,StratifiedGroupKFold,42
rec_b3908496284bb1bf91bd,D:\INFANT CRY\data_set_dbl_split\train\tired\2577_M_owh.wav,tired/2577_M_owh.wav,baby,3,infantcry_dbl,infant_sha256:5a160bc78a192acf1ee2ea1a9c3cbe6be9b3f6476ea50c3c7bb65e75711a1aa4,exact_content_sha256,5a160bc78a192acf1ee2ea1a9c3cbe6be9b3f6476ea50c3c7bb65e75711a1aa4,StratifiedGroupKFold,42
rec_8f258297fe03207f8428,D:\INFANT CRY\data_set_dbl_split\train\tired\2593_F_owh.wav,tired/2593_F_owh.wav,baby,3,infantcry_dbl,infant_sha256:929e2df61d5933e311bcdab3e388ef7a15582b0aa4d71beba42c7d992d24b2f0,exact_content_sha256,929e2df61d5933e311bcdab3e388ef7a15582b0aa4d71beba42c7d992d24b2f0,StratifiedGroupKFold,42
rec_6648c1af441391d2b314,D:\INFANT CRY\data_set_dbl_split\train\tired\2759_M_owh.wav,tired/2759_M_owh.wav,baby,3,infantcry_dbl,infant_sha256:47b7a39e50b18133d87fb770cf2f0f0dad83febce29676bfdfb0989b0dba8fb5,exact_content_sha256,47b7a39e50b18133d87fb770cf2f0f0dad83febce29676bfdfb0989b0dba8fb5,StratifiedGroupKFold,42
rec_755d79cdfd94584a1189,D:\INFANT CRY\data_set_dbl_split\train\tired\2828_M_owh.wav,tired/2828_M_owh.wav,baby,3,infantcry_dbl,infant_sha256:0fe33f3314926ce1c3cc090b9a585b62c26bbbd8dc7295ca81b52fda444991cc,exact_content_sha256,0fe33f3314926ce1c3cc090b9a585b62c26bbbd8dc7295ca81b52fda444991cc,StratifiedGroupKFold,42
rec_f460c5492abd3673b9bb,D:\INFANT CRY\data_set_dbl_split\train\tired\2840_M_owh.wav,tired/2840_M_owh.wav,baby,3,infantcry_dbl,infant_sha256:d8e254bfe365d05f24dd7623b85e8f3f471c13b73d52b8de86b9e5328f8c55dd,exact_content_sha256,d8e254bfe365d05f24dd7623b85e8f3f471c13b73d52b8de86b9e5328f8c55dd,StratifiedGroupKFold,42
rec_82fe1c8ae9c2efafe311,D:\INFANT CRY\data_set_dbl_split\train\tired\2865_M_owh.wav,tired/2865_M_owh.wav,baby,3,infantcry_dbl,infant_sha256:a8d6812ff62aa7a2eb50f39adbc4b0f0d4b119799b1fa4e2b21977e287f2b9e1,exact_content_sha256,a8d6812ff62aa7a2eb50f39adbc4b0f0d4b119799b1fa4e2b21977e287f2b9e1,StratifiedGroupKFold,42
rec_aad52c19bc1afac39845,D:\INFANT CRY\data_set_dbl_split\train\tired\2913_M_owh.wav,tired/2913_M_owh.wav,baby,3,infantcry_dbl,infant_sha256:7dcdc572dc5148ea35b56c2e756db40b0394c8143fd21034415456762873aa5a,exact_content_sha256,7dcdc572dc5148ea35b56c2e756db40b0394c8143fd21034415456762873aa5a,StratifiedGroupKFold,42
rec_40e0b85304686332a5bd,D:\INFANT CRY\data_set_dbl_split\train\tired\303_F_owh.wav,tired/303_F_owh.wav,baby,3,infantcry_dbl,infant_sha256:348796330822dfc3910793fc76415a10bb8ff496dcaff510f3e0c0a3061e7974,exact_content_sha256,348796330822dfc3910793fc76415a10bb8ff496dcaff510f3e0c0a3061e7974,StratifiedGroupKFold,42
rec_96284b159ff84d9dce47,D:\INFANT CRY\data_set_dbl_split\train\tired\3042_F_owh.wav,tired/3042_F_owh.wav,baby,3,infantcry_dbl,infant_sha256:d056399e986d76921a0215eee59c2ccf374ffb829be0a564caedde6672c2a55b,exact_content_sha256,d056399e986d76921a0215eee59c2ccf374ffb829be0a564caedde6672c2a55b,StratifiedGroupKFold,42
rec_378dbfadc3df23e4b9de,D:\INFANT CRY\data_set_dbl_split\train\tired\3044_M_owh.wav,tired/3044_M_owh.wav,baby,3,infantcry_dbl,infant_sha256:b88249997c40581c1a91135ba57adf22678e5a2e0e2bb62119e08ee5b438406a,exact_content_sha256,b88249997c40581c1a91135ba57adf22678e5a2e0e2bb62119e08ee5b438406a,StratifiedGroupKFold,42
rec_8d4d64f82ec65f4c6381,D:\INFANT CRY\data_set_dbl_split\train\tired\3046_M_owh.wav,tired/3046_M_owh.wav,baby,3,infantcry_dbl,infant_sha256:ca7eb1fd18c4c6e966fa5fd91139e3270681c262fa4cb30ef799432e75c372a2,exact_content_sha256,ca7eb1fd18c4c6e966fa5fd91139e3270681c262fa4cb30ef799432e75c372a2,StratifiedGroupKFold,42
rec_3827c222ef0b705ce525,D:\INFANT CRY\data_set_dbl_split\train\tired\3095_M_owh.wav,tired/3095_M_owh.wav,baby,3,infantcry_dbl,infant_sha256:ec0f04fa8803052a5f58f96a6fa45e1bae8c8717d8061a18d3d003246b1389fe,exact_content_sha256,ec0f04fa8803052a5f58f96a6fa45e1bae8c8717d8061a18d3d003246b1389fe,StratifiedGroupKFold,42
rec_19d85e73864b90783a58,D:\INFANT CRY\data_set_dbl_split\train\tired\3100_M_owh.wav,tired/3100_M_owh.wav,baby,3,infantcry_dbl,infant_sha256:bc360de0bc9917f2d4efb3adcc9df1ac95518253da6260ba52238b114437d507,exact_content_sha256,bc360de0bc9917f2d4efb3adcc9df1ac95518253da6260ba52238b114437d507,StratifiedGroupKFold,42
rec_8d606ae504c4a0515c0a,D:\INFANT CRY\data_set_dbl_split\train\tired\3223_M_owh.wav,tired/3223_M_owh.wav,baby,3,infantcry_dbl,infant_sha256:58b1dfa31fe9fc6778711252786067222b8fa4a26b405e6c0c6b25dba27b5aea,exact_content_sha256,58b1dfa31fe9fc6778711252786067222b8fa4a26b405e6c0c6b25dba27b5aea,StratifiedGroupKFold,42
rec_eea6caa7a91e0e4bafc4,D:\INFANT CRY\data_set_dbl_split\train\tired\3266_F_owh.wav,tired/3266_F_owh.wav,baby,3,infantcry_dbl,infant_sha256:62714e2279a69f615b677c93822babc284fb9786c18a5d886e4a17de3dd70d6c,exact_content_sha256,62714e2279a69f615b677c93822babc284fb9786c18a5d886e4a17de3dd70d6c,StratifiedGroupKFold,42
rec_e232f46722fc0102a29f,D:\INFANT CRY\data_set_dbl_split\train\tired\3337_M_owh.wav,tired/3337_M_owh.wav,baby,3,infantcry_dbl,infant_sha256:1b78e1ae47a60b62e7241cfc9a92474237499fa6ea6041e5b05b5db97047c43d,exact_content_sha256,1b78e1ae47a60b62e7241cfc9a92474237499fa6ea6041e5b05b5db97047c43d,StratifiedGroupKFold,42
rec_a525f0753c3b8738efdc,D:\INFANT CRY\data_set_dbl_split\train\tired\3373_M_owh.wav,tired/3373_M_owh.wav,baby,3,infantcry_dbl,infant_sha256:d3556a94c41008d8ae69d1de6e63f5fd42428aa419198485512bf7736dc26ef0,exact_content_sha256,d3556a94c41008d8ae69d1de6e63f5fd42428aa419198485512bf7736dc26ef0,StratifiedGroupKFold,42
rec_5a00ca260f8129914b9f,D:\INFANT CRY\data_set_dbl_split\train\tired\3457_M_owh.wav,tired/3457_M_owh.wav,baby,3,infantcry_dbl,infant_sha256:597134a3cfa22d9bed8f4755b4d6772de24fd852710de6aac2bf5e0c3b0e016b,exact_content_sha256,597134a3cfa22d9bed8f4755b4d6772de24fd852710de6aac2bf5e0c3b0e016b,StratifiedGroupKFold,42
rec_a9a998b8b102f1ba4290,D:\INFANT CRY\data_set_dbl_split\train\tired\3476_F_owh.wav,tired/3476_F_owh.wav,baby,3,infantcry_dbl,infant_sha256:425b39296cd46bd1fd0bbbebae3665a3e4bb71c31ebf671767d6c4d0fd70ceb7,exact_content_sha256,425b39296cd46bd1fd0bbbebae3665a3e4bb71c31ebf671767d6c4d0fd70ceb7,StratifiedGroupKFold,42
rec_16558afa900ca4e3b0a1,D:\INFANT CRY\data_set_dbl_split\train\tired\3516_M_owh.wav,tired/3516_M_owh.wav,baby,3,infantcry_dbl,infant_sha256:e281d0694e38dde1babd10aea546dd9411fa9c90aee32cf0b08702678e0a48d5,exact_content_sha256,e281d0694e38dde1babd10aea546dd9411fa9c90aee32cf0b08702678e0a48d5,StratifiedGroupKFold,42
rec_25f56527dfe9611f6174,D:\INFANT CRY\data_set_dbl_split\train\tired\3531_F_owh.wav,tired/3531_F_owh.wav,baby,3,infantcry_dbl,infant_sha256:62543d3ee05ba2edc50f1d5e307ec4ece6c71edad6b494ede699e1ad7e36111d,exact_content_sha256,62543d3ee05ba2edc50f1d5e307ec4ece6c71edad6b494ede699e1ad7e36111d,StratifiedGroupKFold,42
rec_f73e60c624491b4f6adc,D:\INFANT CRY\data_set_dbl_split\train\tired\3606_F_owh.wav,tired/3606_F_owh.wav,baby,3,infantcry_dbl,infant_sha256:263af157241e844d6bb5727c36a3496e485ee163180b951b863e0c6b5c9c610d,exact_content_sha256,263af157241e844d6bb5727c36a3496e485ee163180b951b863e0c6b5c9c610d,StratifiedGroupKFold,42
rec_23b5546de1432ceacbfd,D:\INFANT CRY\data_set_dbl_split\train\tired\3631_M_owh.wav,tired/3631_M_owh.wav,baby,3,infantcry_dbl,infant_sha256:7812887439e020c1b3c105ef2d4aed77f6b54279ba332d211cbc1ca2c041b36f,exact_content_sha256,7812887439e020c1b3c105ef2d4aed77f6b54279ba332d211cbc1ca2c041b36f,StratifiedGroupKFold,42
rec_a984ab810a9574ec6ac4,D:\INFANT CRY\data_set_dbl_split\train\tired\3666_M_owh.wav,tired/3666_M_owh.wav,baby,3,infantcry_dbl,infant_sha256:bf55106e9ec4679afa74c477d6448e85efd92517fa30578fa19ff3522d9742f3,exact_content_sha256,bf55106e9ec4679afa74c477d6448e85efd92517fa30578fa19ff3522d9742f3,StratifiedGroupKFold,42
rec_36691ab58190065475a4,D:\INFANT CRY\data_set_dbl_split\train\tired\366_M_owh.wav,tired/366_M_owh.wav,baby,3,infantcry_dbl,infant_sha256:b5ae1ab31db039b9cedca1fec3a3ed0e154e4741073b0bdd5b3fa89dba517617,exact_content_sha256,b5ae1ab31db039b9cedca1fec3a3ed0e154e4741073b0bdd5b3fa89dba517617,StratifiedGroupKFold,42
rec_90aae28bd824eec25db0,D:\INFANT CRY\data_set_dbl_split\train\tired\3722_M_owh.wav,tired/3722_M_owh.wav,baby,3,infantcry_dbl,infant_sha256:5bf0e46b5c8ab97ba5ffccf2ccc18a541c0a30e2398e3b4e6a0bd263aac20c1a,exact_content_sha256,5bf0e46b5c8ab97ba5ffccf2ccc18a541c0a30e2398e3b4e6a0bd263aac20c1a,StratifiedGroupKFold,42
rec_1fa57e7d8390c3562932,D:\INFANT CRY\data_set_dbl_split\train\tired\3912_M_owh.wav,tired/3912_M_owh.wav,baby,3,infantcry_dbl,infant_sha256:d5640d8ae7faa50a4fbf118e4598227702f8ebfb26eb257516a458ade087e765,exact_content_sha256,d5640d8ae7faa50a4fbf118e4598227702f8ebfb26eb257516a458ade087e765,StratifiedGroupKFold,42
rec_85216b6329c5ac0267b9,D:\INFANT CRY\data_set_dbl_split\train\tired\3921_M_owh.wav,tired/3921_M_owh.wav,baby,3,infantcry_dbl,infant_sha256:2a8d50848f8575361996901d0b8fdbd7f60828c0c3c600dd06667f2a6ab39c61,exact_content_sha256,2a8d50848f8575361996901d0b8fdbd7f60828c0c3c600dd06667f2a6ab39c61,StratifiedGroupKFold,42
rec_79e8f2f721ced39d2156,D:\INFANT CRY\data_set_dbl_split\train\tired\3988_M_owh.wav,tired/3988_M_owh.wav,baby,3,infantcry_dbl,infant_sha256:68392703581f2bb331e40a4833739a6acb685d21bc5ac14c946b0953c903daac,exact_content_sha256,68392703581f2bb331e40a4833739a6acb685d21bc5ac14c946b0953c903daac,StratifiedGroupKFold,42
rec_319780f53524cae3ddb4,D:\INFANT CRY\data_set_dbl_split\train\tired\3990_M_owh.wav,tired/3990_M_owh.wav,baby,3,infantcry_dbl,infant_sha256:4b96e23058cbcd1c5a1534f51040e18f59916d1391a46b9d8b8501d487fe80b5,exact_content_sha256,4b96e23058cbcd1c5a1534f51040e18f59916d1391a46b9d8b8501d487fe80b5,StratifiedGroupKFold,42
rec_c998ba3369e3adec0c82,D:\INFANT CRY\data_set_dbl_split\train\tired\3996_M_owh.wav,tired/3996_M_owh.wav,baby,3,infantcry_dbl,infant_sha256:99ff43d6a0f3e159e4224df1a6e0bce3dea8b616b5df84413703bad987fb0431,exact_content_sha256,99ff43d6a0f3e159e4224df1a6e0bce3dea8b616b5df84413703bad987fb0431,StratifiedGroupKFold,42
rec_1fc595f5a9fa8e61bb2a,D:\INFANT CRY\data_set_dbl_split\train\tired\4120_M_owh.wav,tired/4120_M_owh.wav,baby,3,infantcry_dbl,infant_sha256:dddd06308056912d46afc81cea792c160e31db580a75f89c75d66457f96339db,exact_content_sha256,dddd06308056912d46afc81cea792c160e31db580a75f89c75d66457f96339db,StratifiedGroupKFold,42
rec_740de24545564d3e7766,D:\INFANT CRY\data_set_dbl_split\train\tired\4128_F_owh.wav,tired/4128_F_owh.wav,baby,3,infantcry_dbl,infant_sha256:cecd8320b317512adf35bd8efbd3ad03e8e9c5e2e33b3e33a61a49a7604b6794,exact_content_sha256,cecd8320b317512adf35bd8efbd3ad03e8e9c5e2e33b3e33a61a49a7604b6794,StratifiedGroupKFold,42
rec_78f07c60b5f9f2c7b733,D:\INFANT CRY\data_set_dbl_split\train\tired\4136_M_owh.wav,tired/4136_M_owh.wav,baby,3,infantcry_dbl,infant_sha256:f8099db6d4a86ad33d5d77a557a1c9ae43055ffe0d4504cde7b09dc393fedaa9,exact_content_sha256,f8099db6d4a86ad33d5d77a557a1c9ae43055ffe0d4504cde7b09dc393fedaa9,StratifiedGroupKFold,42
rec_17f1b23ae4cf46ed1101,D:\INFANT CRY\data_set_dbl_split\train\tired\4146_M_owh.wav,tired/4146_M_owh.wav,baby,3,infantcry_dbl,infant_sha256:f3b0f11e9bcbc5e79094c08f6ec41e3f3882c679373fefcc2979d13ce316ca7f,exact_content_sha256,f3b0f11e9bcbc5e79094c08f6ec41e3f3882c679373fefcc2979d13ce316ca7f,StratifiedGroupKFold,42
rec_c2416b005b4b9fc65ff2,D:\INFANT CRY\data_set_dbl_split\train\tired\4160_M_owh.wav,tired/4160_M_owh.wav,baby,3,infantcry_dbl,infant_sha256:5f3302d66221a0a9a9370c5eea9d8e7b2fdcda3f916eadd0de24d8cf8c5ebe58,exact_content_sha256,5f3302d66221a0a9a9370c5eea9d8e7b2fdcda3f916eadd0de24d8cf8c5ebe58,StratifiedGroupKFold,42
rec_2df803f30d57bddf6f05,D:\INFANT CRY\data_set_dbl_split\train\tired\4186_M_owh.wav,tired/4186_M_owh.wav,baby,3,infantcry_dbl,infant_sha256:b3130cc67025a37985b65bc0789767274bbc51fa5807c11d8fc88b376765be21,exact_content_sha256,b3130cc67025a37985b65bc0789767274bbc51fa5807c11d8fc88b376765be21,StratifiedGroupKFold,42
rec_9bc5099fe6282cf31fd7,D:\INFANT CRY\data_set_dbl_split\train\tired\4220_F_owh.wav,tired/4220_F_owh.wav,baby,3,infantcry_dbl,infant_sha256:87bf3242a76657a8e7da9d2149ba83c63efd0afb105d955c598b5cad797ac4ce,exact_content_sha256,87bf3242a76657a8e7da9d2149ba83c63efd0afb105d955c598b5cad797ac4ce,StratifiedGroupKFold,42
rec_6091d0f49564e19483e3,D:\INFANT CRY\data_set_dbl_split\train\tired\4359_M_owh.wav,tired/4359_M_owh.wav,baby,3,infantcry_dbl,infant_sha256:9caeabdf6f42e6fac8401db36c7ab140920b22b21e06deefb564d309e496f58e,exact_content_sha256,9caeabdf6f42e6fac8401db36c7ab140920b22b21e06deefb564d309e496f58e,StratifiedGroupKFold,42
rec_ea25176e4c058220773e,D:\INFANT CRY\data_set_dbl_split\train\tired\4378_M_owh.wav,tired/4378_M_owh.wav,baby,3,infantcry_dbl,infant_sha256:330790ea95b48ee9eb84c2e4e401eb3789fcbce33535d4570fc54d7f52d76c96,exact_content_sha256,330790ea95b48ee9eb84c2e4e401eb3789fcbce33535d4570fc54d7f52d76c96,StratifiedGroupKFold,42
rec_7a69b7ca95cf42701d0b,D:\INFANT CRY\data_set_dbl_split\train\tired\4438_M_owh.wav,tired/4438_M_owh.wav,baby,3,infantcry_dbl,infant_sha256:8cb6e9722f06515421b3467b02e295f9a861b2645f1af9981655678077e8a36f,exact_content_sha256,8cb6e9722f06515421b3467b02e295f9a861b2645f1af9981655678077e8a36f,StratifiedGroupKFold,42
rec_d2c98faf1054acd50755,D:\INFANT CRY\data_set_dbl_split\train\tired\4596_M_owh.wav,tired/4596_M_owh.wav,baby,3,infantcry_dbl,infant_sha256:4dfd2dc29f6d84a9e2c003f6886f665e211c1bb6e80a1ace7b7a0aa521d50b1b,exact_content_sha256,4dfd2dc29f6d84a9e2c003f6886f665e211c1bb6e80a1ace7b7a0aa521d50b1b,StratifiedGroupKFold,42
rec_b0b1f24026382956a814,D:\INFANT CRY\data_set_dbl_split\train\tired\4638_M_owh.wav,tired/4638_M_owh.wav,baby,3,infantcry_dbl,infant_sha256:c9a0fe9cff540030c6516749a736f38b6e9a52864be1ffa06eef43154c256ad4,exact_content_sha256,c9a0fe9cff540030c6516749a736f38b6e9a52864be1ffa06eef43154c256ad4,StratifiedGroupKFold,42
rec_92e9caefb5dd99aaa437,D:\INFANT CRY\data_set_dbl_split\train\tired\4709_M_owh.wav,tired/4709_M_owh.wav,baby,3,infantcry_dbl,infant_sha256:c4e065a16722be92d12480e8eba027e35787ec7f10a155a4e864a4c2a6cb2f79,exact_content_sha256,c4e065a16722be92d12480e8eba027e35787ec7f10a155a4e864a4c2a6cb2f79,StratifiedGroupKFold,42
rec_de0728723438792b46cb,D:\INFANT CRY\data_set_dbl_split\train\tired\4785_M_owh.wav,tired/4785_M_owh.wav,baby,3,infantcry_dbl,infant_sha256:da7b60c04392f2ca24d06d49135f8ab5803246b725e9f19ea119b17cd8e2383f,exact_content_sha256,da7b60c04392f2ca24d06d49135f8ab5803246b725e9f19ea119b17cd8e2383f,StratifiedGroupKFold,42
rec_e9e8fdffcda448daddc9,D:\INFANT CRY\data_set_dbl_split\train\tired\47_M_owh.wav,tired/47_M_owh.wav,baby,3,infantcry_dbl,infant_sha256:8a1b2cb3fabecb1f5a2f41017a277065fd50ddcbf37241bdd413da632d1a25a9,exact_content_sha256,8a1b2cb3fabecb1f5a2f41017a277065fd50ddcbf37241bdd413da632d1a25a9,StratifiedGroupKFold,42
rec_3a68fa909839439de2d2,D:\INFANT CRY\data_set_dbl_split\train\tired\480_F_owh.wav,tired/480_F_owh.wav,baby,3,infantcry_dbl,infant_sha256:655f5663073380ecb9aa42eb945f1047a64aea2a3433c0695a96c7ae0ee6581f,exact_content_sha256,655f5663073380ecb9aa42eb945f1047a64aea2a3433c0695a96c7ae0ee6581f,StratifiedGroupKFold,42
rec_a8b7b54fedcd92b0985b,D:\INFANT CRY\data_set_dbl_split\train\tired\487_M_owh.wav,tired/487_M_owh.wav,baby,3,infantcry_dbl,infant_sha256:fb9eefa51528b64752ee7a50fd9e9ce11512b52227d36570d242ad3ac9e4fd71,exact_content_sha256,fb9eefa51528b64752ee7a50fd9e9ce11512b52227d36570d242ad3ac9e4fd71,StratifiedGroupKFold,42
rec_83f23afa6330fae6181e,D:\INFANT CRY\data_set_dbl_split\train\tired\4896_M_owh.wav,tired/4896_M_owh.wav,baby,3,infantcry_dbl,infant_sha256:d2e0a0d7866ef4686097a8cb681eccf2033fe491fa81a206afad9dc9218a6ffd,exact_content_sha256,d2e0a0d7866ef4686097a8cb681eccf2033fe491fa81a206afad9dc9218a6ffd,StratifiedGroupKFold,42
rec_c6cb4edb08d70aa360a2,D:\INFANT CRY\data_set_dbl_split\train\tired\4924_M_owh.wav,tired/4924_M_owh.wav,baby,3,infantcry_dbl,infant_sha256:6c8cbd69b9af6338558af86fe4dda0680df4ad35d30a78c139945ad2810cf59a,exact_content_sha256,6c8cbd69b9af6338558af86fe4dda0680df4ad35d30a78c139945ad2810cf59a,StratifiedGroupKFold,42
rec_7332f1b55be4bf5aca3c,D:\INFANT CRY\data_set_dbl_split\train\tired\4949_M_owh.wav,tired/4949_M_owh.wav,baby,3,infantcry_dbl,infant_sha256:1a85574c82c384880e75f57197784b7f3f5e0a62bd2ac2aca49ccee1ba88fb8f,exact_content_sha256,1a85574c82c384880e75f57197784b7f3f5e0a62bd2ac2aca49ccee1ba88fb8f,StratifiedGroupKFold,42
rec_3fb82535486bf0d41cfc,D:\INFANT CRY\data_set_dbl_split\train\tired\4971_M_owh.wav,tired/4971_M_owh.wav,baby,3,infantcry_dbl,infant_sha256:3054a493a1aee30f83f4372e94e6db1bd00913b7ad8fd31d73246bbec1bba22c,exact_content_sha256,3054a493a1aee30f83f4372e94e6db1bd00913b7ad8fd31d73246bbec1bba22c,StratifiedGroupKFold,42
rec_6284fe6c6602c051762f,D:\INFANT CRY\data_set_dbl_split\train\tired\533_M_owh.wav,tired/533_M_owh.wav,baby,3,infantcry_dbl,infant_sha256:aef3a18df6eea217ca02b92e4f92bf8de8baecc22a2f5e470bd8256f866fc94a,exact_content_sha256,aef3a18df6eea217ca02b92e4f92bf8de8baecc22a2f5e470bd8256f866fc94a,StratifiedGroupKFold,42
rec_4c812f62677ec209a552,D:\INFANT CRY\data_set_dbl_split\train\tired\558_M_owh.wav,tired/558_M_owh.wav,baby,3,infantcry_dbl,infant_sha256:085f6dfc3ac0511f9405de4304fc2d7623c14e5238ca066deeac2b111383349b,exact_content_sha256,085f6dfc3ac0511f9405de4304fc2d7623c14e5238ca066deeac2b111383349b,StratifiedGroupKFold,42
rec_d14318783acea3c24bf9,D:\INFANT CRY\data_set_dbl_split\train\tired\602_F_owh.wav,tired/602_F_owh.wav,baby,3,infantcry_dbl,infant_sha256:0c5fcb755f6c682dd52a94a7ef69fd6b8d1803cde994825a565d34fbcc51b268,exact_content_sha256,0c5fcb755f6c682dd52a94a7ef69fd6b8d1803cde994825a565d34fbcc51b268,StratifiedGroupKFold,42
rec_6b7d31bcc5e365b740b7,D:\INFANT CRY\data_set_dbl_split\train\tired\632_M_owh.wav,tired/632_M_owh.wav,baby,3,infantcry_dbl,infant_sha256:28858f7c07154a3dc6ecf4871d845f41b0a7a0ec1cf7db2dd4c4b52d3a0d3384,exact_content_sha256,28858f7c07154a3dc6ecf4871d845f41b0a7a0ec1cf7db2dd4c4b52d3a0d3384,StratifiedGroupKFold,42
rec_71a7c45341ab66e94da9,D:\INFANT CRY\data_set_dbl_split\train\tired\633_M_owh.wav,tired/633_M_owh.wav,baby,3,infantcry_dbl,infant_sha256:58e32de290cbc2c2ae9183b3f61d794d50015fae708d7b1b43e4a9189835b1f4,exact_content_sha256,58e32de290cbc2c2ae9183b3f61d794d50015fae708d7b1b43e4a9189835b1f4,StratifiedGroupKFold,42
rec_2380e6046e126654f42b,D:\INFANT CRY\data_set_dbl_split\train\tired\636_M_owh.wav,tired/636_M_owh.wav,baby,3,infantcry_dbl,infant_sha256:6aa7ff40d1680865efd314ea92808ae6d4338f3349506e9e30bb3bb4ddc184c3,exact_content_sha256,6aa7ff40d1680865efd314ea92808ae6d4338f3349506e9e30bb3bb4ddc184c3,StratifiedGroupKFold,42
rec_23ae6cdbc3c3f4710802,D:\INFANT CRY\data_set_dbl_split\train\tired\695_M_owh.wav,tired/695_M_owh.wav,baby,3,infantcry_dbl,infant_sha256:faeca909991ffc7421a6e24ce9af139e447b789b18ea59f529f0c69c2231683e,exact_content_sha256,faeca909991ffc7421a6e24ce9af139e447b789b18ea59f529f0c69c2231683e,StratifiedGroupKFold,42
rec_86d30d9121077895f573,D:\INFANT CRY\data_set_dbl_split\train\tired\752_M_owh.wav,tired/752_M_owh.wav,baby,3,infantcry_dbl,infant_sha256:8fa044f8e391bcc876dafca0dbcf0b3995a027b2c3e0a56a22b21d0c3163d1d9,exact_content_sha256,8fa044f8e391bcc876dafca0dbcf0b3995a027b2c3e0a56a22b21d0c3163d1d9,StratifiedGroupKFold,42
rec_140b1e6ddb47674a64fc,D:\INFANT CRY\data_set_dbl_split\train\tired\866_M_owh.wav,tired/866_M_owh.wav,baby,3,infantcry_dbl,infant_sha256:1feea88252eeef147cdf14cc0d9691851cd81e52a58729abca93bb1f37e4925a,exact_content_sha256,1feea88252eeef147cdf14cc0d9691851cd81e52a58729abca93bb1f37e4925a,StratifiedGroupKFold,42
rec_dcc2dcbcfbc1763b053b,D:\INFANT CRY\data_set_dbl_split\train\tired\871_M_owh.wav,tired/871_M_owh.wav,baby,3,infantcry_dbl,infant_sha256:5f5255ca6a997497ad5677dbd2106654d2bd60fec635cfc4c81b538b1c1f38ee,exact_content_sha256,5f5255ca6a997497ad5677dbd2106654d2bd60fec635cfc4c81b538b1c1f38ee,StratifiedGroupKFold,42
rec_791c3a0f00b03d3784f6,D:\INFANT CRY\data_set_dbl_split\train\tired\dunstan-owh_11.wav,tired/dunstan-owh_11.wav,baby,3,infantcry_dbl,infant_sha256:b1a066b869c0fc8b2decd48228df46cfe90d42141163415e109def4c1eaa9ae6,exact_content_sha256,b1a066b869c0fc8b2decd48228df46cfe90d42141163415e109def4c1eaa9ae6,StratifiedGroupKFold,42
rec_c6253d9d506a1765e396,D:\INFANT CRY\data_set_dbl_split\train\tired\dunstan-owh_18.wav,tired/dunstan-owh_18.wav,baby,3,infantcry_dbl,infant_sha256:a601737e313fffb7daa4ba8c6c4d2704934b286c5a461dbf55e5c114716ce136,exact_content_sha256,a601737e313fffb7daa4ba8c6c4d2704934b286c5a461dbf55e5c114716ce136,StratifiedGroupKFold,42
rec_6275d4015e933dcebf10,D:\INFANT CRY\data_set_dbl_split\train\tired\dunstan-owh_19.wav,tired/dunstan-owh_19.wav,baby,3,infantcry_dbl,infant_sha256:65fe44a1711ed4dfbf10ebb61a492952ced6238ba73bce47edc5a67ecfdc59f1,exact_content_sha256,65fe44a1711ed4dfbf10ebb61a492952ced6238ba73bce47edc5a67ecfdc59f1,StratifiedGroupKFold,42
rec_4a9719556db09a472543,D:\INFANT CRY\data_set_dbl_split\train\tired\dunstan-owh_28.wav,tired/dunstan-owh_28.wav,baby,3,infantcry_dbl,infant_sha256:01875d6c3239aed26b4e82f3694b767f6ad04233b52befb0c7ce2453f571aff8,exact_content_sha256,01875d6c3239aed26b4e82f3694b767f6ad04233b52befb0c7ce2453f571aff8,StratifiedGroupKFold,42
rec_c12ebdbbe76df05abc7e,D:\INFANT CRY\data_set_dbl_split\train\tired\dunstan-owh_66.wav,tired/dunstan-owh_66.wav,baby,3,infantcry_dbl,infant_sha256:6f0392e2f859b0aaaa335af4fe4b9d37be5296c9c0cd2d1aa2ff9dc4c9c5a9d8,exact_content_sha256,6f0392e2f859b0aaaa335af4fe4b9d37be5296c9c0cd2d1aa2ff9dc4c9c5a9d8,StratifiedGroupKFold,42
rec_7f7f270a8553f730c1c9,D:\INFANT CRY\data_set_dbl_split\train\tired\dunstan-owh_68.wav,tired/dunstan-owh_68.wav,baby,3,infantcry_dbl,infant_sha256:047b9f83a5a74c2d146e172b1cfa7ea3958fb1a8196884f65843be7595764ec5,exact_content_sha256,047b9f83a5a74c2d146e172b1cfa7ea3958fb1a8196884f65843be7595764ec5,StratifiedGroupKFold,42
rec_3be95a5f946690207743,D:\INFANT CRY\data_set_dbl_split\train\not_baby\1-115546-A-48.wav,not_baby/1-115546-A-48.wav,not_baby,3,esc50,esc50_source:115546,esc50_source_file,abb7aaa557626692d532e71ec5257399df56df36cae6657c63522425dde0581f,StratifiedGroupKFold,42
rec_2e3c20ad993fd3b44a8d,D:\INFANT CRY\data_set_dbl_split\train\not_baby\1-12653-A-15.wav,not_baby/1-12653-A-15.wav,not_baby,3,esc50,esc50_source:12653,esc50_source_file,9e8ec2f92df6dc2f9673f4c701ac327dc5455e6cfa8e108e0f5443aeaa535a65,StratifiedGroupKFold,42
rec_38771818e4050e43b4d9,D:\INFANT CRY\data_set_dbl_split\train\not_baby\1-14262-A-37.wav,not_baby/1-14262-A-37.wav,not_baby,3,esc50,esc50_source:14262,esc50_source_file,220c3d127df2f0d8979a2edde5318aaaa3aed19d8c5d3b4a40d529f979bba453,StratifiedGroupKFold,42
rec_a932018cbbfa6979c9c7,D:\INFANT CRY\data_set_dbl_split\train\not_baby\1-17742-A-12.wav,not_baby/1-17742-A-12.wav,not_baby,3,esc50,esc50_source:17742,esc50_source_file,57c4d44ed80ad163ac63353ea98a7b286cfbe5ceb844cc57959b70c08ce5dde9,StratifiedGroupKFold,42
rec_f33384b96c1815500574,D:\INFANT CRY\data_set_dbl_split\train\not_baby\1-17970-A-4.wav,not_baby/1-17970-A-4.wav,not_baby,3,esc50,esc50_source:17970,esc50_source_file,3ef1243cfebc5a6d45e8395c505349a1b3cfd5d97ad48ed4dcc68d3b0240e296,StratifiedGroupKFold,42
rec_9415f859c6762afd6f2d,D:\INFANT CRY\data_set_dbl_split\train\not_baby\1-18810-A-49.wav,not_baby/1-18810-A-49.wav,not_baby,3,esc50,esc50_source:18810,esc50_source_file,f3597d925f71cc6a85f03cd08edeed6657b5433d70c229484d8f6cc0236e9df8,StratifiedGroupKFold,42
rec_b5365ef6d3d9d3342dba,D:\INFANT CRY\data_set_dbl_split\train\not_baby\1-19501-A-7.wav,not_baby/1-19501-A-7.wav,not_baby,3,esc50,esc50_source:19501,esc50_source_file,d10dfa62d347aa2b72dc8c6e1c1d76125f59c37d08596f2b62e91e82502acb78,StratifiedGroupKFold,42
rec_4f4f372604bfcda1a883,D:\INFANT CRY\data_set_dbl_split\train\not_baby\1-19840-A-36.wav,not_baby/1-19840-A-36.wav,not_baby,3,esc50,esc50_source:19840,esc50_source_file,d6d58e48005b976207cd6030de5d8976e9e7f4377eab86f790c5473c95ad2dd1,StratifiedGroupKFold,42
rec_60e70900c5d0c5188fed,D:\INFANT CRY\data_set_dbl_split\train\not_baby\1-19898-A-41.wav,not_baby/1-19898-A-41.wav,not_baby,3,esc50,esc50_source:19898,esc50_source_file,02afa3102978b5fb16f9c6237d90231abb74318873309600f01caf4776746944,StratifiedGroupKFold,42
rec_c63e7a726789ee68ac76,D:\INFANT CRY\data_set_dbl_split\train\not_baby\1-19898-B-41.wav,not_baby/1-19898-B-41.wav,not_baby,3,esc50,esc50_source:19898,esc50_source_file,cab4735712a7727e16cc1946308f80034c926c59ed467dccf539f39bebe8d61d,StratifiedGroupKFold,42
rec_611fb6e680ff179e9c06,D:\INFANT CRY\data_set_dbl_split\train\not_baby\1-19898-C-41.wav,not_baby/1-19898-C-41.wav,not_baby,3,esc50,esc50_source:19898,esc50_source_file,04f11bf73d8b4df3c64b523a334f42f44053045478810093bf028fb02a82448e,StratifiedGroupKFold,42
rec_e5251e6275c86b34d8fb,D:\INFANT CRY\data_set_dbl_split\train\not_baby\1-20133-A-39.wav,not_baby/1-20133-A-39.wav,not_baby,3,esc50,esc50_source:20133,esc50_source_file,db6946133c37fbd4513fe932dbb71e0b077bf7d240beaed339eb6c88e48c903b,StratifiedGroupKFold,42
rec_453f1327b23abbd647e6,D:\INFANT CRY\data_set_dbl_split\train\not_baby\1-21896-A-35.wav,not_baby/1-21896-A-35.wav,not_baby,3,esc50,esc50_source:21896,esc50_source_file,1b4210c50a01cabab07065a112463fad4f82de60385ef9aaf6316afe7d4b976c,StratifiedGroupKFold,42
rec_0499572c57173f7d8da0,D:\INFANT CRY\data_set_dbl_split\train\not_baby\1-21934-A-38.wav,not_baby/1-21934-A-38.wav,not_baby,3,esc50,esc50_source:21934,esc50_source_file,8d26e40e0e382b0d2d7f6dafcb132cfe703ee3f7f32780e878fdb5a1aaffcc28,StratifiedGroupKFold,42
rec_6bb49f67cda0b740461e,D:\INFANT CRY\data_set_dbl_split\train\not_baby\1-24524-A-19.wav,not_baby/1-24524-A-19.wav,not_baby,3,esc50,esc50_source:24524,esc50_source_file,a0a8af38dc93186bdaef63b0eff44853604d4c2ba8a2f329109c784a8fab3f67,StratifiedGroupKFold,42
rec_e609dda3f8bbdcb4d335,D:\INFANT CRY\data_set_dbl_split\train\not_baby\1-24524-B-19.wav,not_baby/1-24524-B-19.wav,not_baby,3,esc50,esc50_source:24524,esc50_source_file,661ff207a4373a81a5311745e1d51b79bb42ac9825a87a592d21637aa514dbf3,StratifiedGroupKFold,42
rec_d209260a05b80a8387fa,D:\INFANT CRY\data_set_dbl_split\train\not_baby\1-24524-C-19.wav,not_baby/1-24524-C-19.wav,not_baby,3,esc50,esc50_source:24524,esc50_source_file,3116ac95bb308961b1581d3db91e9926581ce901507828cf210d5540239239d3,StratifiedGroupKFold,42
rec_dc14108ad578fdd6a52a,D:\INFANT CRY\data_set_dbl_split\train\not_baby\1-254507-A-43.wav,not_baby/1-254507-A-43.wav,not_baby,3,esc50,esc50_source:254507,esc50_source_file,ebe976ccd285cb44e6585d889f2a8759c5de47e9940f638ecaa300def46e544a,StratifiedGroupKFold,42
rec_b054013e5e01f769bff1,D:\INFANT CRY\data_set_dbl_split\train\not_baby\1-25777-A-48.wav,not_baby/1-25777-A-48.wav,not_baby,3,esc50,esc50_source:25777,esc50_source_file,b8e4b7411b687d7aea986070bee7ea02b2f13a6aec6c176961b7e53263a2c3af,StratifiedGroupKFold,42
rec_08b19f2f9f196c22bd33,D:\INFANT CRY\data_set_dbl_split\train\not_baby\1-260640-A-2.wav,not_baby/1-260640-A-2.wav,not_baby,3,esc50,esc50_source:260640,esc50_source_file,e624cb74542ef6bd6e4a9bbe340624db117da231111bcb87ef100f25dde8afb3,StratifiedGroupKFold,42
rec_346781ecdb9d8db7bb68,D:\INFANT CRY\data_set_dbl_split\train\not_baby\1-260640-B-2.wav,not_baby/1-260640-B-2.wav,not_baby,3,esc50,esc50_source:260640,esc50_source_file,3c310e4f565a634e3f45580abf98b0c1bfc5c1e71589bbbc9e3d44e82df22946,StratifiedGroupKFold,42
rec_51f36e26bb2cca1e086b,D:\INFANT CRY\data_set_dbl_split\train\not_baby\1-260640-C-2.wav,not_baby/1-260640-C-2.wav,not_baby,3,esc50,esc50_source:260640,esc50_source_file,3c7e3feb43ac711ab1934c01c3e7eac0a29ab94a725e879fea91623b7d069f79,StratifiedGroupKFold,42
rec_5fbda7847b176930bf15,D:\INFANT CRY\data_set_dbl_split\train\not_baby\1-27165-A-35.wav,not_baby/1-27165-A-35.wav,not_baby,3,esc50,esc50_source:27165,esc50_source_file,e6cad0b77f3204159226c4b12003156401f284a32351b9eacd2051df7f6e8237,StratifiedGroupKFold,42
rec_5edfd2126c3412e03bc3,D:\INFANT CRY\data_set_dbl_split\train\not_baby\1-28005-A-18.wav,not_baby/1-28005-A-18.wav,not_baby,3,esc50,esc50_source:28005,esc50_source_file,691ee5a062f2ef54b1ef77fd235a6800b847a7b256b7f08b18fc240e99916d0d,StratifiedGroupKFold,42
rec_7eb810b74ecb90563d7f,D:\INFANT CRY\data_set_dbl_split\train\not_baby\1-29680-A-21.wav,not_baby/1-29680-A-21.wav,not_baby,3,esc50,esc50_source:29680,esc50_source_file,4c1cdb30db5fd43eb62c17c051efaf7dde38938c0449e6bfcfb998dba92cc443,StratifiedGroupKFold,42
rec_124fc8e072a4012915a0,D:\INFANT CRY\data_set_dbl_split\train\not_baby\1-32318-A-0.wav,not_baby/1-32318-A-0.wav,not_baby,3,esc50,esc50_source:32318,esc50_source_file,0e96f0bab8bbba81c98a8d7741cf258c8381c6481bac36961b8603a600a6c321,StratifiedGroupKFold,42
rec_dea76246f0d66b104025,D:\INFANT CRY\data_set_dbl_split\train\not_baby\1-33658-A-26.wav,not_baby/1-33658-A-26.wav,not_baby,3,esc50,esc50_source:33658,esc50_source_file,372c161a4c9720a4ff4f14499dcfe763de12b6ab428c430dbed22bb46d1e1528,StratifiedGroupKFold,42
rec_37d8b057f9f468f94cd0,D:\INFANT CRY\data_set_dbl_split\train\not_baby\1-37226-A-29.wav,not_baby/1-37226-A-29.wav,not_baby,3,esc50,esc50_source:37226,esc50_source_file,c88ec6f8b26f63f32f4810ebdc5e3c62441bb51433c80779a596fd68463c26b1,StratifiedGroupKFold,42
rec_207a32bd6222629d237e,D:\INFANT CRY\data_set_dbl_split\train\not_baby\1-40730-A-1.wav,not_baby/1-40730-A-1.wav,not_baby,3,esc50,esc50_source:40730,esc50_source_file,5b6f2f3795ac7b2711c39742a77ae7b81017aad43d0a226896cc5d78c87c1b92,StratifiedGroupKFold,42
rec_164cab92d416458c0a49,D:\INFANT CRY\data_set_dbl_split\train\not_baby\1-4211-A-12.wav,not_baby/1-4211-A-12.wav,not_baby,3,esc50,esc50_source:4211,esc50_source_file,6e8d15a855d1622c1f7dcd12e00ba2bfc3b65a316947e1bbdcaa0be0157175db,StratifiedGroupKFold,42
rec_c73b4f912e49e1343722,D:\INFANT CRY\data_set_dbl_split\train\not_baby\1-43764-A-34.wav,not_baby/1-43764-A-34.wav,not_baby,3,esc50,esc50_source:43764,esc50_source_file,4ff56bb3e83b36fd9cf7e3225860cbbea3a407ab7e8eed4420c89ba7bb0fd805,StratifiedGroupKFold,42
rec_4a194fe98805b2efa846,D:\INFANT CRY\data_set_dbl_split\train\not_baby\1-46744-A-36.wav,not_baby/1-46744-A-36.wav,not_baby,3,esc50,esc50_source:46744,esc50_source_file,2ce9931568a6e0ddf3cf840988ffd2af6fe3be62012a1f865e18180fb2b0f21e,StratifiedGroupKFold,42
rec_ae1880eb0d0dee39c212,D:\INFANT CRY\data_set_dbl_split\train\not_baby\1-47709-A-16.wav,not_baby/1-47709-A-16.wav,not_baby,3,esc50,esc50_source:47709,esc50_source_file,179c0a007da435841be8bca63bb0aa44fefc1af1b9dbb2a413f9c0acff805fea,StratifiedGroupKFold,42
rec_b8822bfca09d37fec64d,D:\INFANT CRY\data_set_dbl_split\train\not_baby\1-47819-A-5.wav,not_baby/1-47819-A-5.wav,not_baby,3,esc50,esc50_source:47819,esc50_source_file,2abe50ef7597a38f17d49076a3800690355a8f70ab2952298dd0277c9d4a6839,StratifiedGroupKFold,42
rec_7877e4746b9b57c2098c,D:\INFANT CRY\data_set_dbl_split\train\not_baby\1-47819-B-5.wav,not_baby/1-47819-B-5.wav,not_baby,3,esc50,esc50_source:47819,esc50_source_file,05884970b04e454d33b0ee8d5a6f185b941f38c466c19439f0b4124d262cc17e,StratifiedGroupKFold,42
rec_c59eb5956145138aafef,D:\INFANT CRY\data_set_dbl_split\train\not_baby\1-47819-C-5.wav,not_baby/1-47819-C-5.wav,not_baby,3,esc50,esc50_source:47819,esc50_source_file,f8223f6d3ffcf23490c88dba5a298bfb48a96f58f4b9a5bfb141eb92bbe826b5,StratifiedGroupKFold,42
rec_72c0cf5d4ec0b45c44e6,D:\INFANT CRY\data_set_dbl_split\train\not_baby\1-50623-A-15.wav,not_baby/1-50623-A-15.wav,not_baby,3,esc50,esc50_source:50623,esc50_source_file,7d73ac9525cb81fe60a0728b310e1f27affc550945da7fa780961dc2f39cbbc9,StratifiedGroupKFold,42
rec_42d8d40fcb46d6ad78e5,D:\INFANT CRY\data_set_dbl_split\train\not_baby\1-50688-A-17.wav,not_baby/1-50688-A-17.wav,not_baby,3,esc50,esc50_source:50688,esc50_source_file,9e7efd373b61dda31a96f058fe6fae8f062de6165b91359ee04b0e1b16fd641b,StratifiedGroupKFold,42
rec_1be57a4083c90802e64a,D:\INFANT CRY\data_set_dbl_split\train\not_baby\1-52266-A-24.wav,not_baby/1-52266-A-24.wav,not_baby,3,esc50,esc50_source:52266,esc50_source_file,dbf47513fb47c7cac8eb44110871b57ac9c51daf874d9185250fea1081e8917f,StratifiedGroupKFold,42
rec_f1e25ff9265fbbc55ccc,D:\INFANT CRY\data_set_dbl_split\train\not_baby\1-54084-A-42.wav,not_baby/1-54084-A-42.wav,not_baby,3,esc50,esc50_source:54084,esc50_source_file,b0ce84a3c012d144a1f97394cab2830512078d660e809eecb8abc4fa8ad0a9e1,StratifiedGroupKFold,42
rec_3fd3f022d2cb1cb3f6af,D:\INFANT CRY\data_set_dbl_split\train\not_baby\1-54752-A-18.wav,not_baby/1-54752-A-18.wav,not_baby,3,esc50,esc50_source:54752,esc50_source_file,897a289834ff66b503326ca50ffb5771e97a4524f04fa5facca52787bfc52902,StratifiedGroupKFold,42
rec_ffd8fd1721c4c0870f87,D:\INFANT CRY\data_set_dbl_split\train\not_baby\1-56270-A-29.wav,not_baby/1-56270-A-29.wav,not_baby,3,esc50,esc50_source:56270,esc50_source_file,1b7ae0e5dbef4b0778aa3f90e31ffb5e5bf479720b459f023f0877153b61cba5,StratifiedGroupKFold,42
rec_703cac4be5a948e1acb8,D:\INFANT CRY\data_set_dbl_split\train\not_baby\1-58846-A-34.wav,not_baby/1-58846-A-34.wav,not_baby,3,esc50,esc50_source:58846,esc50_source_file,4079bd5c988db8589acc487a512da50a339d9a08215f9df1d765962e47069889,StratifiedGroupKFold,42
rec_2915fee68c494030a624,D:\INFANT CRY\data_set_dbl_split\train\not_baby\1-59513-A-0.wav,not_baby/1-59513-A-0.wav,not_baby,3,esc50,esc50_source:59513,esc50_source_file,b573fcbb4d3a8a05a857dc1ffdb09c687253ff3a03baa326460e291ce4cbfee7,StratifiedGroupKFold,42
rec_8852b94e1aba005c8862,D:\INFANT CRY\data_set_dbl_split\train\not_baby\1-5996-A-6.wav,not_baby/1-5996-A-6.wav,not_baby,3,esc50,esc50_source:5996,esc50_source_file,f6ef290108818050f2b99b41c749120c8f7123e3091c78026cc9643299ce2ed6,StratifiedGroupKFold,42
rec_e399d693410802142348,D:\INFANT CRY\data_set_dbl_split\train\not_baby\1-61252-A-11.wav,not_baby/1-61252-A-11.wav,not_baby,3,esc50,esc50_source:61252,esc50_source_file,fb76a05332ed37fa76ef09b878d28831d5c433554d317893a9911384bd84082b,StratifiedGroupKFold,42
rec_bdf4ed60ce67371fd4bc,D:\INFANT CRY\data_set_dbl_split\train\not_baby\1-62849-A-38.wav,not_baby/1-62849-A-38.wav,not_baby,3,esc50,esc50_source:62849,esc50_source_file,a78412e271e9bac017201211a97f8e67278d157f980c62a9680bdab90d444785,StratifiedGroupKFold,42
rec_20064ce90a6949420575,D:\INFANT CRY\data_set_dbl_split\train\not_baby\1-63679-A-24.wav,not_baby/1-63679-A-24.wav,not_baby,3,esc50,esc50_source:63679,esc50_source_file,d6905ec0b2937aae9bf3a2bcb35950d2d5dec0c7dcd8414af9a45f3116d3272a,StratifiedGroupKFold,42
rec_275d1ecc87ce6da930a2,D:\INFANT CRY\data_set_dbl_split\train\not_baby\1-64473-A-45.wav,not_baby/1-64473-A-45.wav,not_baby,3,esc50,esc50_source:64473,esc50_source_file,51db6d6c1d2bb8ed7146ecb8c151b76980f50f30ea2f112fe1f46937b9c88d7f,StratifiedGroupKFold,42
rec_4200e19317e19bb4cbba,D:\INFANT CRY\data_set_dbl_split\train\not_baby\1-67033-A-37.wav,not_baby/1-67033-A-37.wav,not_baby,3,esc50,esc50_source:67033,esc50_source_file,e00a8c065c7797e35ac9857dfdd8ae4272a22cc1a41af0ed245068774a8b9cea,StratifiedGroupKFold,42
rec_94153b9068bb6effb8b0,D:\INFANT CRY\data_set_dbl_split\train\not_baby\1-68628-A-27.wav,not_baby/1-68628-A-27.wav,not_baby,3,esc50,esc50_source:68628,esc50_source_file,30e375c4617803e44ccefa6b889fbfcdc169c92fb5a89ab8ef0595105259fb62,StratifiedGroupKFold,42
rec_a666fd739c77e1ece8b6,D:\INFANT CRY\data_set_dbl_split\train\not_baby\1-68670-A-34.wav,not_baby/1-68670-A-34.wav,not_baby,3,esc50,esc50_source:68670,esc50_source_file,6399c82dec4718aad6731fa799d93a8f234e20603f034235f7786596e5717c39,StratifiedGroupKFold,42
rec_de673789e72808d80eef,D:\INFANT CRY\data_set_dbl_split\train\not_baby\1-70300-A-45.wav,not_baby/1-70300-A-45.wav,not_baby,3,esc50,esc50_source:70300,esc50_source_file,d3c46076aad0fc1fff1fd824f239b549f5c28e7339d2d07c6c922df5271b8789,StratifiedGroupKFold,42
rec_ac727aff5bc55e99a469,D:\INFANT CRY\data_set_dbl_split\train\not_baby\1-77160-A-3.wav,not_baby/1-77160-A-3.wav,not_baby,3,esc50,esc50_source:77160,esc50_source_file,40acbd05cffe4f1a0a435a4ac31e2d1a747f3ecaa43a04ffaf93ea4b79e80007,StratifiedGroupKFold,42
rec_1ee92252c716e3e1be00,D:\INFANT CRY\data_set_dbl_split\train\not_baby\1-79113-A-5.wav,not_baby/1-79113-A-5.wav,not_baby,3,esc50,esc50_source:79113,esc50_source_file,4c1b3bc531fb57cbe6d23a111d35878579070fafad0a1508b954cf9c619af647,StratifiedGroupKFold,42
rec_c00a5951bf88b9619303,D:\INFANT CRY\data_set_dbl_split\train\not_baby\1-79236-A-36.wav,not_baby/1-79236-A-36.wav,not_baby,3,esc50,esc50_source:79236,esc50_source_file,c2a7d2bc06b14b9e9cecaa1e67ab5c0b21e1c1caa9945b853d1b7c9009e3ae8b,StratifiedGroupKFold,42
rec_3dfc9ef80f41b406a85c,D:\INFANT CRY\data_set_dbl_split\train\not_baby\1-79711-A-32.wav,not_baby/1-79711-A-32.wav,not_baby,3,esc50,esc50_source:79711,esc50_source_file,f3fd05d3bfed74942257ef036a83c7775c00a4213fd471c5ad6868e9487db525,StratifiedGroupKFold,42
rec_08bce7b55ebdaba66f6c,D:\INFANT CRY\data_set_dbl_split\train\not_baby\1-85123-A-31.wav,not_baby/1-85123-A-31.wav,not_baby,3,esc50,esc50_source:85123,esc50_source_file,8e66ea2d3177ae19620834686b6bb1a1f9a91dae3d0a924a24e88e09284afcc2,StratifiedGroupKFold,42
rec_4e7e28843599da7b3fd8,D:\INFANT CRY\data_set_dbl_split\train\not_baby\1-85362-A-0.wav,not_baby/1-85362-A-0.wav,not_baby,3,esc50,esc50_source:85362,esc50_source_file,2f7742933d677b0dc8d77b802e90ee0fb94b5828183ca96f7a8dd8d24ab57b7b,StratifiedGroupKFold,42
rec_b09a6121286518c249c4,D:\INFANT CRY\data_set_dbl_split\train\not_baby\1-97392-A-0.wav,not_baby/1-97392-A-0.wav,not_baby,3,esc50,esc50_source:97392,esc50_source_file,9ec2eb304d2a1ab3a50150a2a558dce0771e4ffc920d074e107fd76cb7b5d28c,StratifiedGroupKFold,42
rec_1638a2211ea7e69ed9af,D:\INFANT CRY\data_set_dbl_split\train\not_baby\2-102568-A-35.wav,not_baby/2-102568-A-35.wav,not_baby,3,esc50,esc50_source:102568,esc50_source_file,a7a12f573ae83f38afcc845f41b54817c7004de548d3680e10af430612162ce3,StratifiedGroupKFold,42
rec_b1522896bcc19f47d9d5,D:\INFANT CRY\data_set_dbl_split\train\not_baby\2-104105-A-19.wav,not_baby/2-104105-A-19.wav,not_baby,3,esc50,esc50_source:104105,esc50_source_file,2ee21d7425178ca938f3415c8f45682c908902f357a07f727749f863b670e655,StratifiedGroupKFold,42
rec_86146c671f1ae7d996bd,D:\INFANT CRY\data_set_dbl_split\train\not_baby\2-104105-B-19.wav,not_baby/2-104105-B-19.wav,not_baby,3,esc50,esc50_source:104105,esc50_source_file,8a02fab36f501893605f9e5de65e96c5a6a0828245415991b89828caadfdf180,StratifiedGroupKFold,42
rec_03d9f19621332d8db5e6,D:\INFANT CRY\data_set_dbl_split\train\not_baby\2-106014-A-44.wav,not_baby/2-106014-A-44.wav,not_baby,3,esc50,esc50_source:106014,esc50_source_file,b996815242ac0a881ee3f7e5f57f1c11e2254ae0c502014045e44c625e43afc2,StratifiedGroupKFold,42
rec_747ea9a24e2ce65724a5,D:\INFANT CRY\data_set_dbl_split\train\not_baby\2-106486-A-44.wav,not_baby/2-106486-A-44.wav,not_baby,3,esc50,esc50_source:106486,esc50_source_file,e8321d8f39f8ada6f402dfffdad732e4864401ec5359c06c2fa31389a48e22bf,StratifiedGroupKFold,42
rec_17fdc15e8cb1caf6bc39,D:\INFANT CRY\data_set_dbl_split\train\not_baby\2-106881-A-39.wav,not_baby/2-106881-A-39.wav,not_baby,3,esc50,esc50_source:106881,esc50_source_file,e54a661c1fff8150b7c34d54da1686a18eaeaaf454394b866a251ceb68e3f886,StratifiedGroupKFold,42
rec_3d71a9b2cffdaa2bbdd5,D:\INFANT CRY\data_set_dbl_split\train\not_baby\2-108017-A-24.wav,not_baby/2-108017-A-24.wav,not_baby,3,esc50,esc50_source:108017,esc50_source_file,0835f06693f5560d89f59de280351f1afbb90b839edacde718bb336726a5fa25,StratifiedGroupKFold,42
rec_908c3211d8a248fefc98,D:\INFANT CRY\data_set_dbl_split\train\not_baby\2-108763-A-9.wav,not_baby/2-108763-A-9.wav,not_baby,3,esc50,esc50_source:108763,esc50_source_file,2da6b40b7023cb501e248d73263031a1a84dda1890557fe2c475f964221db067,StratifiedGroupKFold,42
rec_64b5855fce8d65e9b840,D:\INFANT CRY\data_set_dbl_split\train\not_baby\2-110010-A-5.wav,not_baby/2-110010-A-5.wav,not_baby,3,esc50,esc50_source:110010,esc50_source_file,e3777378fd307de79c32e6f3e035001343bb0e9d6726fd5d871833bd8522c731,StratifiedGroupKFold,42
rec_c19f188fa81865a2d6a6,D:\INFANT CRY\data_set_dbl_split\train\not_baby\2-110613-A-13.wav,not_baby/2-110613-A-13.wav,not_baby,3,esc50,esc50_source:110613,esc50_source_file,2d52254a00d857f7ac022fa4ab0bcb6cd3cd082d631876c5456994c1e465e9a3,StratifiedGroupKFold,42
rec_ad33478a48603137aabf,D:\INFANT CRY\data_set_dbl_split\train\not_baby\2-114587-A-0.wav,not_baby/2-114587-A-0.wav,not_baby,3,esc50,esc50_source:114587,esc50_source_file,34d7f9c32c2cda9b6b68483028bb85326259d1c5f2956eac2ecc48b18b06f999,StratifiedGroupKFold,42
rec_cd1e97e635b801b2a3a8,D:\INFANT CRY\data_set_dbl_split\train\not_baby\2-118624-A-30.wav,not_baby/2-118624-A-30.wav,not_baby,3,esc50,esc50_source:118624,esc50_source_file,9da7306a102bb32df6375513c35f7211c002b078b5d1161e3d8ca234867216e6,StratifiedGroupKFold,42
rec_22229741fa246227b1ea,D:\INFANT CRY\data_set_dbl_split\train\not_baby\2-122104-A-0.wav,not_baby/2-122104-A-0.wav,not_baby,3,esc50,esc50_source:122104,esc50_source_file,0ed7ff66a9d9a570768815d0027803283f091201ec8bf742f466441ad051f736,StratifiedGroupKFold,42
rec_ba1dac140abb60a161e7,D:\INFANT CRY\data_set_dbl_split\train\not_baby\2-122104-B-0.wav,not_baby/2-122104-B-0.wav,not_baby,3,esc50,esc50_source:122104,esc50_source_file,3cbf9d8b919210c37a2c74706cdeacf99073a83e98ae6a797d31b34e35db9a59,StratifiedGroupKFold,42
rec_c4aa0a155b1800c38d70,D:\INFANT CRY\data_set_dbl_split\train\not_baby\2-128465-A-43.wav,not_baby/2-128465-A-43.wav,not_baby,3,esc50,esc50_source:128465,esc50_source_file,3ea14ee5f81618b2f7575597fd5ea84b81e9f6cad8be31925c8146e593c4223c,StratifiedGroupKFold,42
rec_77c5c95f4c62c7e99103,D:\INFANT CRY\data_set_dbl_split\train\not_baby\2-128465-B-43.wav,not_baby/2-128465-B-43.wav,not_baby,3,esc50,esc50_source:128465,esc50_source_file,33b2d69540813ddad41ec1fd472d0a488badd3f584d6d2866b1c01cc8bf3f4fc,StratifiedGroupKFold,42
rec_fc78ee89e82c580999f2,D:\INFANT CRY\data_set_dbl_split\train\not_baby\2-132157-A-11.wav,not_baby/2-132157-A-11.wav,not_baby,3,esc50,esc50_source:132157,esc50_source_file,1925d1067111dd06970446f46a786f261efa68b121039bb5cea4f546f9600685,StratifiedGroupKFold,42
rec_85e1b73a27570219670d,D:\INFANT CRY\data_set_dbl_split\train\not_baby\2-132157-B-11.wav,not_baby/2-132157-B-11.wav,not_baby,3,esc50,esc50_source:132157,esc50_source_file,4158aa78341d58d23771deb264c7db18f9a3784b42fc838c77a002cb28e3f784,StratifiedGroupKFold,42
rec_1161a2a098883d0e0355,D:\INFANT CRY\data_set_dbl_split\train\not_baby\2-135728-A-38.wav,not_baby/2-135728-A-38.wav,not_baby,3,esc50,esc50_source:135728,esc50_source_file,3c5b88ddfd575a07515060508e33c810ead374401b0ab16429263fd22fdb3911,StratifiedGroupKFold,42
rec_90085a32ba4c1bf72744,D:\INFANT CRY\data_set_dbl_split\train\not_baby\2-141563-A-39.wav,not_baby/2-141563-A-39.wav,not_baby,3,esc50,esc50_source:141563,esc50_source_file,3ef4dae6a116b3d18a0f9f18d4373f0247debb168b0718eee89c0a30a38890c7,StratifiedGroupKFold,42
rec_d875440d12eeec9761de,D:\INFANT CRY\data_set_dbl_split\train\not_baby\2-154688-A-31.wav,not_baby/2-154688-A-31.wav,not_baby,3,esc50,esc50_source:154688,esc50_source_file,379af5afb8982ff914fd3a0a45e31c45441b47bc3b39efebd10cc61707d2efb4,StratifiedGroupKFold,42
rec_2199924a7cf5a07a68e7,D:\INFANT CRY\data_set_dbl_split\train\not_baby\2-165801-A-48.wav,not_baby/2-165801-A-48.wav,not_baby,3,esc50,esc50_source:165801,esc50_source_file,1d6a5f08886c020928e6c93af4c27d04995e74e42b0be4a99f32fd7bc292ec4a,StratifiedGroupKFold,42
rec_2a69ff67c302f7435213,D:\INFANT CRY\data_set_dbl_split\train\not_baby\2-18766-A-12.wav,not_baby/2-18766-A-12.wav,not_baby,3,esc50,esc50_source:18766,esc50_source_file,10a98a61a73baee8028c19b9de330261f2dae87f57b2792457d81e46a544697a,StratifiedGroupKFold,42
rec_13d099f61bc6b5e90132,D:\INFANT CRY\data_set_dbl_split\train\not_baby\2-18766-B-12.wav,not_baby/2-18766-B-12.wav,not_baby,3,esc50,esc50_source:18766,esc50_source_file,ce9d67f6f6b8d093d3dc2d14088251d76b2772210733908d01b0ecc08c349fe4,StratifiedGroupKFold,42
rec_474469355dbed8a48b61,D:\INFANT CRY\data_set_dbl_split\train\not_baby\2-209471-A-25.wav,not_baby/2-209471-A-25.wav,not_baby,3,esc50,esc50_source:209471,esc50_source_file,cb524320343acf17254aea4035a3b83aaa3a92000720d6a90014816f7096d0bf,StratifiedGroupKFold,42
rec_34428270fbe1dc43e73a,D:\INFANT CRY\data_set_dbl_split\train\not_baby\2-250710-A-39.wav,not_baby/2-250710-A-39.wav,not_baby,3,esc50,esc50_source:250710,esc50_source_file,ca0b7286ded500bd1f1928ef96ad5c35704bec66a790181afeb17ec7d995dbac,StratifiedGroupKFold,42
rec_dce785cac51b882fd538,D:\INFANT CRY\data_set_dbl_split\train\not_baby\2-25292-A-22.wav,not_baby/2-25292-A-22.wav,not_baby,3,esc50,esc50_source:25292,esc50_source_file,a34f340fe36d0d55a5b47f69593e7f49d7ac59e68e26571f53784b79e37722eb,StratifiedGroupKFold,42
rec_0f6bca9a6b3786ccd365,D:\INFANT CRY\data_set_dbl_split\train\not_baby\2-30322-A-12.wav,not_baby/2-30322-A-12.wav,not_baby,3,esc50,esc50_source:30322,esc50_source_file,894526cbb7e9ca1150893b332a69cdc2cffaede5a29a881b4b7fe7dab4f1156e,StratifiedGroupKFold,42
rec_9ecf940daab53d9b9485,D:\INFANT CRY\data_set_dbl_split\train\not_baby\2-30322-B-12.wav,not_baby/2-30322-B-12.wav,not_baby,3,esc50,esc50_source:30322,esc50_source_file,b0a16101ed58292d6105d0f694adfb885578c56292e04e6c64a53ca3d5c2e884,StratifiedGroupKFold,42
rec_14cad030798e31ee8c73,D:\INFANT CRY\data_set_dbl_split\train\not_baby\2-39441-A-19.wav,not_baby/2-39441-A-19.wav,not_baby,3,esc50,esc50_source:39441,esc50_source_file,3ce6a2b28d3934b0267c2eb6171646e3b4be749d4f40b37214efb2d2ca59d1f1,StratifiedGroupKFold,42
rec_72ebda0423013f6891a9,D:\INFANT CRY\data_set_dbl_split\train\not_baby\2-51630-A-49.wav,not_baby/2-51630-A-49.wav,not_baby,3,esc50,esc50_source:51630,esc50_source_file,63a0634034f24bd2aa01d31b3f46091c1e3356c08444beb0726f91243c9f9bf0,StratifiedGroupKFold,42
rec_c1d3d49fc1be642b0dea,D:\INFANT CRY\data_set_dbl_split\train\not_baby\2-51630-B-49.wav,not_baby/2-51630-B-49.wav,not_baby,3,esc50,esc50_source:51630,esc50_source_file,9635ec9c989c68ed3322e54ed9e220b55358bb28fa0bf0a8760374fd99d84ec3,StratifiedGroupKFold,42
rec_f1c2f3bf4b0bb9bf261a,D:\INFANT CRY\data_set_dbl_split\train\not_baby\2-57733-A-22.wav,not_baby/2-57733-A-22.wav,not_baby,3,esc50,esc50_source:57733,esc50_source_file,b81b94dbc6008a9dfa25fd1856fdd5f92a5810513967e3db27dabbc0d10e6a85,StratifiedGroupKFold,42
rec_f87f6ddef7e616b32b8f,D:\INFANT CRY\data_set_dbl_split\train\not_baby\2-70938-A-42.wav,not_baby/2-70938-A-42.wav,not_baby,3,esc50,esc50_source:70938,esc50_source_file,942d1f4b4959e4f72b8176377934f26015f58863102188a25c07189bffe743d2,StratifiedGroupKFold,42
rec_66842ad328db07193420,D:\INFANT CRY\data_set_dbl_split\train\not_baby\2-72688-A-42.wav,not_baby/2-72688-A-42.wav,not_baby,3,esc50,esc50_source:72688,esc50_source_file,406225783170623a673c8104c9eef1871d8a693f5f93372965e1041543530f30,StratifiedGroupKFold,42
rec_30bac879167fb5538fd6,D:\INFANT CRY\data_set_dbl_split\train\not_baby\2-74361-A-47.wav,not_baby/2-74361-A-47.wav,not_baby,3,esc50,esc50_source:74361,esc50_source_file,04f943409c9ff43a6b2f98185769cdccd5d504da32fe54faac74624826174929,StratifiedGroupKFold,42
rec_9d7b6f58238aea9581aa,D:\INFANT CRY\data_set_dbl_split\train\not_baby\2-75726-A-6.wav,not_baby/2-75726-A-6.wav,not_baby,3,esc50,esc50_source:75726,esc50_source_file,892df1fa470e2bb0719e35edfe99417f1553e2c67ae07b8462740d32a1d6acef,StratifiedGroupKFold,42
rec_fdaf86423e1126bdbb03,D:\INFANT CRY\data_set_dbl_split\train\not_baby\2-80313-A-28.wav,not_baby/2-80313-A-28.wav,not_baby,3,esc50,esc50_source:80313,esc50_source_file,370b3dee53b24bd8bfcd55d34eb3cf8fce95ca8b3d8dfbe4bfcdd44d4cc98b42,StratifiedGroupKFold,42
rec_ea2832d7cf503a80856a,D:\INFANT CRY\data_set_dbl_split\train\not_baby\2-81270-A-1.wav,not_baby/2-81270-A-1.wav,not_baby,3,esc50,esc50_source:81270,esc50_source_file,ffbbe318c72dca7a09901a60088fd1cd1337ebde994ef32c4fe40fa829c2ca14,StratifiedGroupKFold,42
rec_081ec705e1093b3a63f9,D:\INFANT CRY\data_set_dbl_split\train\not_baby\2-82455-A-23.wav,not_baby/2-82455-A-23.wav,not_baby,3,esc50,esc50_source:82455,esc50_source_file,c2c0fc29332f06b6e3f116e6df443caff853a655eef979814985996136a55141,StratifiedGroupKFold,42
rec_ba69c73a6b377a6cabf4,D:\INFANT CRY\data_set_dbl_split\train\not_baby\2-83270-A-13.wav,not_baby/2-83270-A-13.wav,not_baby,3,esc50,esc50_source:83270,esc50_source_file,d926cf001495e9b27a2b2ad4c861bc19612d70d5f3c1f8a0ed8670742d725dc5,StratifiedGroupKFold,42
rec_75d23c9c6e660985a49f,D:\INFANT CRY\data_set_dbl_split\train\not_baby\2-84693-A-49.wav,not_baby/2-84693-A-49.wav,not_baby,3,esc50,esc50_source:84693,esc50_source_file,1fcae5ac9e659ef57e6e467d7f953c155406d1a2d92e1ce44917b198450bd049,StratifiedGroupKFold,42
rec_e77d7bd83dd91c1a34ec,D:\INFANT CRY\data_set_dbl_split\train\not_baby\2-87412-A-24.wav,not_baby/2-87412-A-24.wav,not_baby,3,esc50,esc50_source:87412,esc50_source_file,39381ec4b3c6d22ffca0f344200e23e3830acd5fcca6c99c50fbf357deab2d60,StratifiedGroupKFold,42
rec_24821d57ff303e1adedc,D:\INFANT CRY\data_set_dbl_split\train\not_baby\2-87781-A-10.wav,not_baby/2-87781-A-10.wav,not_baby,3,esc50,esc50_source:87781,esc50_source_file,81fe7ce5da401a69a542439a5c8277864468a0bf09bf1378b0accac15c033638,StratifiedGroupKFold,42
rec_8b839081b08b713be279,D:\INFANT CRY\data_set_dbl_split\train\not_baby\2-96460-A-1.wav,not_baby/2-96460-A-1.wav,not_baby,3,esc50,esc50_source:96460,esc50_source_file,21a1734ac6f4894f2575e87721b3347fc97b856e63d49ac2fd0a4745a34b6b88,StratifiedGroupKFold,42
rec_08f532ad7207488ab189,D:\INFANT CRY\data_set_dbl_split\train\not_baby\2-98676-A-24.wav,not_baby/2-98676-A-24.wav,not_baby,3,esc50,esc50_source:98676,esc50_source_file,2f0994190ebc5214e14e9e55684d9321695d273a609d4e8e4388601b42b15812,StratifiedGroupKFold,42
rec_f5841d678f09fe04113c,D:\INFANT CRY\data_set_dbl_split\train\not_baby\3-103599-A-25.wav,not_baby/3-103599-A-25.wav,not_baby,3,esc50,esc50_source:103599,esc50_source_file,279e4b3eb5fff0ff31b458132ba0a46a50a88fd01963f3cc175fd56c3b14997b,StratifiedGroupKFold,42
rec_2f278f16957e6c5093fc,D:\INFANT CRY\data_set_dbl_split\train\not_baby\3-103599-B-25.wav,not_baby/3-103599-B-25.wav,not_baby,3,esc50,esc50_source:103599,esc50_source_file,fc6a08cb96eb842eb46fe277743538f6fd41d2a21822ebeddf394522cd7c3450,StratifiedGroupKFold,42
rec_5149c5e7451fb7a83093,D:\INFANT CRY\data_set_dbl_split\train\not_baby\3-116135-A-1.wav,not_baby/3-116135-A-1.wav,not_baby,3,esc50,esc50_source:116135,esc50_source_file,0415467964520c0268ea0b5beb9465ff6a2458f508d409a9b6d039f247f74352,StratifiedGroupKFold,42
rec_174d03da937f30018490,D:\INFANT CRY\data_set_dbl_split\train\not_baby\3-117293-A-9.wav,not_baby/3-117293-A-9.wav,not_baby,3,esc50,esc50_source:117293,esc50_source_file,dc15712702cb75cfb2d3ba036107508d59e1547573901d436203a2699f941c5c,StratifiedGroupKFold,42
rec_6d80f58dee2505f7205c,D:\INFANT CRY\data_set_dbl_split\train\not_baby\3-117793-A-37.wav,not_baby/3-117793-A-37.wav,not_baby,3,esc50,esc50_source:117793,esc50_source_file,403a522c137b94195bdf3d9175aa3432a76018e41fd049f74cbd6da900f38cd4,StratifiedGroupKFold,42
rec_6e6eb7650381ff609025,D:\INFANT CRY\data_set_dbl_split\train\not_baby\3-118972-A-41.wav,not_baby/3-118972-A-41.wav,not_baby,3,esc50,esc50_source:118972,esc50_source_file,c98d58cf863f4b16e9c9416f4a3b253f69eed3f4fc3b0ce22ae3f7f2dedf43d2,StratifiedGroupKFold,42
rec_44945c667afaafbbbaf5,D:\INFANT CRY\data_set_dbl_split\train\not_baby\3-118972-B-41.wav,not_baby/3-118972-B-41.wav,not_baby,3,esc50,esc50_source:118972,esc50_source_file,354e5e850c5a474d4e822af1ed35ce304780ee4a9494f3d5edfee7a9fe859cfe,StratifiedGroupKFold,42
rec_93b9372a95548404d56f,D:\INFANT CRY\data_set_dbl_split\train\not_baby\3-119459-A-26.wav,not_baby/3-119459-A-26.wav,not_baby,3,esc50,esc50_source:119459,esc50_source_file,157dc3eb648f0422b60fdfd02960ce9b61948d76338addab30981bb0755ee016,StratifiedGroupKFold,42
rec_5e26dd1fa7ea5f6c7b76,D:\INFANT CRY\data_set_dbl_split\train\not_baby\3-120526-A-37.wav,not_baby/3-120526-A-37.wav,not_baby,3,esc50,esc50_source:120526,esc50_source_file,9e45012b982eeb50eeaeb84f1ba27035027f1d5967b593707840306e880e4ab3,StratifiedGroupKFold,42
rec_80ab9038f58f49a0e5c6,D:\INFANT CRY\data_set_dbl_split\train\not_baby\3-120526-B-37.wav,not_baby/3-120526-B-37.wav,not_baby,3,esc50,esc50_source:120526,esc50_source_file,bb41577fe3816b9447a12823add1f4126aba6c023eb20022ec44645179bf5429,StratifiedGroupKFold,42
rec_affd50ba92998302592b,D:\INFANT CRY\data_set_dbl_split\train\not_baby\3-121348-A-9.wav,not_baby/3-121348-A-9.wav,not_baby,3,esc50,esc50_source:121348,esc50_source_file,44569c70f82402f849188f2175127acdce91fcfd66a5ab1ed3df30f00d9f158b,StratifiedGroupKFold,42
rec_450ac77d3fa8e92632c4,D:\INFANT CRY\data_set_dbl_split\train\not_baby\3-123086-A-28.wav,not_baby/3-123086-A-28.wav,not_baby,3,esc50,esc50_source:123086,esc50_source_file,dd8ace67ea53d1e677fdcc34d65ba93db53aa91ca5e8d81a5db275ea6d5dd06d,StratifiedGroupKFold,42
rec_855a073918d2bf9820c7,D:\INFANT CRY\data_set_dbl_split\train\not_baby\3-124600-A-19.wav,not_baby/3-124600-A-19.wav,not_baby,3,esc50,esc50_source:124600,esc50_source_file,f1842cefb0f9f540f4cb0024bf0454e5966e4bcccf39b7a36c149451152b4eeb,StratifiedGroupKFold,42
rec_3174c306b6a079ae3ba1,D:\INFANT CRY\data_set_dbl_split\train\not_baby\3-125418-A-24.wav,not_baby/3-125418-A-24.wav,not_baby,3,esc50,esc50_source:125418,esc50_source_file,120275342f1cd23c1ace8f4c334dd7673b727821f9bdd9c710baff75c61123b4,StratifiedGroupKFold,42
rec_add3cae312860a934c01,D:\INFANT CRY\data_set_dbl_split\train\not_baby\3-126358-A-3.wav,not_baby/3-126358-A-3.wav,not_baby,3,esc50,esc50_source:126358,esc50_source_file,d2ce1c128156fdab400dd598489c3a1c9bbce31ea46bc701802d5ee6c3d8e64b,StratifiedGroupKFold,42
rec_e804963d6193af76add1,D:\INFANT CRY\data_set_dbl_split\train\not_baby\3-126358-B-3.wav,not_baby/3-126358-B-3.wav,not_baby,3,esc50,esc50_source:126358,esc50_source_file,7319e92718a1fabfbebcabfda01c2c7c549cc1ee6184701fe3e2e1ed505fb666,StratifiedGroupKFold,42
rec_23925b12e3827d21ff66,D:\INFANT CRY\data_set_dbl_split\train\not_baby\3-129264-A-9.wav,not_baby/3-129264-A-9.wav,not_baby,3,esc50,esc50_source:129264,esc50_source_file,df942fd41b1eb6e0f331f361ebcfba3b1da5a707c88ebbf6d2fa18640d336863,StratifiedGroupKFold,42
rec_a2e88e0d70675066dec8,D:\INFANT CRY\data_set_dbl_split\train\not_baby\3-134802-A-13.wav,not_baby/3-134802-A-13.wav,not_baby,3,esc50,esc50_source:134802,esc50_source_file,1dd6708b6f727f3b361367dcad1e50f69b912921699e81de153ec349ba24f5b0,StratifiedGroupKFold,42
rec_61d8e46d9eb60eb8763f,D:\INFANT CRY\data_set_dbl_split\train\not_baby\3-136451-A-45.wav,not_baby/3-136451-A-45.wav,not_baby,3,esc50,esc50_source:136451,esc50_source_file,f667f7d746b4c70278a041fd8bf5e09c631f0f5d150e8c3f4660baa0b9fbd3b2,StratifiedGroupKFold,42
rec_52c0ebaf73a60d302433,D:\INFANT CRY\data_set_dbl_split\train\not_baby\3-139958-A-37.wav,not_baby/3-139958-A-37.wav,not_baby,3,esc50,esc50_source:139958,esc50_source_file,b863f4119feb3ca8b754fa25ce918542b8421947823df89ef53948af726a21f3,StratifiedGroupKFold,42
rec_6075889dccbd926eeea7,D:\INFANT CRY\data_set_dbl_split\train\not_baby\3-141240-A-44.wav,not_baby/3-141240-A-44.wav,not_baby,3,esc50,esc50_source:141240,esc50_source_file,135d63cb91ced3e627920812c1b416835dc4ab788fa5db36fe6addb52a8f08ea,StratifiedGroupKFold,42
rec_3793b9d699f04d811e85,D:\INFANT CRY\data_set_dbl_split\train\not_baby\3-141240-B-44.wav,not_baby/3-141240-B-44.wav,not_baby,3,esc50,esc50_source:141240,esc50_source_file,a8c613a9547c24892be7fdb605084a71200375febbe291cdf9ae354a438dc07c,StratifiedGroupKFold,42
rec_885b75b9df15a5493628,D:\INFANT CRY\data_set_dbl_split\train\not_baby\3-143562-A-47.wav,not_baby/3-143562-A-47.wav,not_baby,3,esc50,esc50_source:143562,esc50_source_file,eb2a0944d28a7c8b700089ec1012676ad9a33b1530bbfc438f3e2a49c9d3931a,StratifiedGroupKFold,42
rec_1474ab9054b40d4d8e3e,D:\INFANT CRY\data_set_dbl_split\train\not_baby\3-144120-A-32.wav,not_baby/3-144120-A-32.wav,not_baby,3,esc50,esc50_source:144120,esc50_source_file,bbc3a875b5add54169100adeaf253ed6120715bcd6ac3b55442b3e2d2863ed5c,StratifiedGroupKFold,42
rec_fa6fdf27f877fdefe2b2,D:\INFANT CRY\data_set_dbl_split\train\not_baby\3-145382-A-1.wav,not_baby/3-145382-A-1.wav,not_baby,3,esc50,esc50_source:145382,esc50_source_file,20a3a8bbeec30ee012d8241acc02752d5f80877d2d3b58847b23bd5a99f7ee56,StratifiedGroupKFold,42
rec_1f6ae25e9110f50a6ede,D:\INFANT CRY\data_set_dbl_split\train\not_baby\3-146186-A-44.wav,not_baby/3-146186-A-44.wav,not_baby,3,esc50,esc50_source:146186,esc50_source_file,a01623d754693bd4121d8e3d98410a8d46ee8d708d97fc1a3fcf91c07714b7f3,StratifiedGroupKFold,42
rec_87235077b01f2f086e5a,D:\INFANT CRY\data_set_dbl_split\train\not_baby\3-148297-A-37.wav,not_baby/3-148297-A-37.wav,not_baby,3,esc50,esc50_source:148297,esc50_source_file,3e1cd1eb5c9bfe18c841b222af19d3d0fb999a931c4665c9c43385f5f26739ce,StratifiedGroupKFold,42
rec_9fad3f5939f80026e40b,D:\INFANT CRY\data_set_dbl_split\train\not_baby\3-150363-A-38.wav,not_baby/3-150363-A-38.wav,not_baby,3,esc50,esc50_source:150363,esc50_source_file,4d1d86984a7d2408c0719015f37ca12054b97cd2e8b9e7853462908122e6d424,StratifiedGroupKFold,42
rec_2afd9cbfcc7cfcdf25e5,D:\INFANT CRY\data_set_dbl_split\train\not_baby\3-150979-A-40.wav,not_baby/3-150979-A-40.wav,not_baby,3,esc50,esc50_source:150979,esc50_source_file,41e05ff06cd2d710f748b0d10bf136fd6e11d489327cbeafed690918b417fc42,StratifiedGroupKFold,42
rec_251430e1600a9cdb35e2,D:\INFANT CRY\data_set_dbl_split\train\not_baby\3-150979-B-40.wav,not_baby/3-150979-B-40.wav,not_baby,3,esc50,esc50_source:150979,esc50_source_file,60f34984d5387e02be66cd64b3170c1b2c1d953defe874930c15f8fd775dc34d,StratifiedGroupKFold,42
rec_3250d5e32a2cc1c9644a,D:\INFANT CRY\data_set_dbl_split\train\not_baby\3-150979-C-40.wav,not_baby/3-150979-C-40.wav,not_baby,3,esc50,esc50_source:150979,esc50_source_file,38ee55ad9ddb3090622e41f502c5097214517b2a47c161f8d9e0d57c26636cd7,StratifiedGroupKFold,42
rec_d1d62c915afb7c3bd074,D:\INFANT CRY\data_set_dbl_split\train\not_baby\3-152997-A-26.wav,not_baby/3-152997-A-26.wav,not_baby,3,esc50,esc50_source:152997,esc50_source_file,0a7ba8bbefee74c4e6c1a4ce399cdd8fa0e344b44d8adf5345ad84ba90611290,StratifiedGroupKFold,42
rec_76522432df6f53ccf58d,D:\INFANT CRY\data_set_dbl_split\train\not_baby\3-154926-A-40.wav,not_baby/3-154926-A-40.wav,not_baby,3,esc50,esc50_source:154926,esc50_source_file,c21a6fadacf782bac2e8efab3815d2fe18ff0130239e671fb666acd2d52dfac5,StratifiedGroupKFold,42
rec_56e56896c3e1047cc8a5,D:\INFANT CRY\data_set_dbl_split\train\not_baby\3-154926-B-40.wav,not_baby/3-154926-B-40.wav,not_baby,3,esc50,esc50_source:154926,esc50_source_file,b919f24982343c8aaeb58472f23ac370b0ea7e343f4925fc6cca81714086f215,StratifiedGroupKFold,42
rec_ac58c7489020bf523ec8,D:\INFANT CRY\data_set_dbl_split\train\not_baby\3-155234-A-43.wav,not_baby/3-155234-A-43.wav,not_baby,3,esc50,esc50_source:155234,esc50_source_file,d3dd9ebc885f00e0857e10fc2c42716c078506c88bb4c28b1eceff75dbf21100,StratifiedGroupKFold,42
rec_9726ea48aeccd2c5120f,D:\INFANT CRY\data_set_dbl_split\train\not_baby\3-155579-A-14.wav,not_baby/3-155579-A-14.wav,not_baby,3,esc50,esc50_source:155579,esc50_source_file,001ac631fb996c35e511a732e758e82c123e5a353a547acb05f81e7223c1540e,StratifiedGroupKFold,42
rec_6fc03670d41928fdfd4a,D:\INFANT CRY\data_set_dbl_split\train\not_baby\3-155659-A-34.wav,not_baby/3-155659-A-34.wav,not_baby,3,esc50,esc50_source:155659,esc50_source_file,75659bdc2f1faad5267919df03bd7f0eee967379d656971343947a62eb5fe99f,StratifiedGroupKFold,42
rec_879614208d1b5155d90b,D:\INFANT CRY\data_set_dbl_split\train\not_baby\3-157615-A-10.wav,not_baby/3-157615-A-10.wav,not_baby,3,esc50,esc50_source:157615,esc50_source_file,5d3ac19904b4f7f0545f20b5a4d31d0cc9d97c5f555efc42b0484b41418052fa,StratifiedGroupKFold,42
rec_83be0939a0a0579abe14,D:\INFANT CRY\data_set_dbl_split\train\not_baby\3-159347-A-36.wav,not_baby/3-159347-A-36.wav,not_baby,3,esc50,esc50_source:159347,esc50_source_file,749869b3dac818842a45bfde1afdf1ebcb5217eb3b0e4fe147dc473048fb5da9,StratifiedGroupKFold,42
rec_012249d24c2e7b2dca14,D:\INFANT CRY\data_set_dbl_split\train\not_baby\3-159347-B-36.wav,not_baby/3-159347-B-36.wav,not_baby,3,esc50,esc50_source:159347,esc50_source_file,721091bccc4982b97642db5feb28bf9e80de3f26751bf1a007d9f3b258043f4b,StratifiedGroupKFold,42
rec_3e47aa6ec8cad7e51bf3,D:\INFANT CRY\data_set_dbl_split\train\not_baby\3-161010-A-43.wav,not_baby/3-161010-A-43.wav,not_baby,3,esc50,esc50_source:161010,esc50_source_file,b44f3e2b3e75394ab4f475cad59304852c64f5d9c3e3ee7735913cc4de176346,StratifiedGroupKFold,42
rec_d5dc020e991a36deda68,D:\INFANT CRY\data_set_dbl_split\train\not_baby\3-165856-A-41.wav,not_baby/3-165856-A-41.wav,not_baby,3,esc50,esc50_source:165856,esc50_source_file,4382daa9057a7ccd87814f783f8cc72260a243e989cab1680977711cc2117d6b,StratifiedGroupKFold,42
rec_f86aa985d7d3b6174cc5,D:\INFANT CRY\data_set_dbl_split\train\not_baby\3-166422-A-11.wav,not_baby/3-166422-A-11.wav,not_baby,3,esc50,esc50_source:166422,esc50_source_file,3ecc909c603753417b812b66a4846f3159bf854cc22b695f5018948bd1035fc9,StratifiedGroupKFold,42
rec_2a3a435ae63cd3a0ea43,D:\INFANT CRY\data_set_dbl_split\train\not_baby\3-171041-A-38.wav,not_baby/3-171041-A-38.wav,not_baby,3,esc50,esc50_source:171041,esc50_source_file,2101ae519c1e5ac0fb0cd6a516346fc1361fb277077b2998c9666c12465811c7,StratifiedGroupKFold,42
rec_f4ea97a7016a5c3cb870,D:\INFANT CRY\data_set_dbl_split\train\not_baby\3-171281-A-6.wav,not_baby/3-171281-A-6.wav,not_baby,3,esc50,esc50_source:171281,esc50_source_file,23dfcb563aa880deeeb8e4e8f590c79d1fe7368f7e28b0e79ec266c421c1f9cc,StratifiedGroupKFold,42
rec_f26355e88b4f13bf4ff4,D:\INFANT CRY\data_set_dbl_split\train\not_baby\3-174866-A-29.wav,not_baby/3-174866-A-29.wav,not_baby,3,esc50,esc50_source:174866,esc50_source_file,eb46f25afb6614b0250f2109d3eb170569e3690e704f767b27869cca330ce8af,StratifiedGroupKFold,42
rec_74d9bce01f0db40ad27f,D:\INFANT CRY\data_set_dbl_split\train\not_baby\3-188390-A-6.wav,not_baby/3-188390-A-6.wav,not_baby,3,esc50,esc50_source:188390,esc50_source_file,904c4bb1948ddd19347052c7649dfe1f964eed60c2a47729ac01a77587d9c307,StratifiedGroupKFold,42
rec_580b0243752357394881,D:\INFANT CRY\data_set_dbl_split\train\not_baby\3-203374-A-39.wav,not_baby/3-203374-A-39.wav,not_baby,3,esc50,esc50_source:203374,esc50_source_file,d2d0b97a0ad01b927a83605cd4e5cc988c4b868e1e01a4fa874563c038e16473,StratifiedGroupKFold,42
rec_5ad2432b5a8fcbb18001,D:\INFANT CRY\data_set_dbl_split\train\not_baby\3-253081-A-2.wav,not_baby/3-253081-A-2.wav,not_baby,3,esc50,esc50_source:253081,esc50_source_file,8ed9b72315b9f5a755fa23730812367e174bdb435473b543569a3b44f7566f7a,StratifiedGroupKFold,42
rec_acea72907b0f61005ed2,D:\INFANT CRY\data_set_dbl_split\train\not_baby\3-71964-A-4.wav,not_baby/3-71964-A-4.wav,not_baby,3,esc50,esc50_source:71964,esc50_source_file,7b33225d63d55c2d0a186c4d8ba3b340be281a5be8787165a85bb03c694a1c98,StratifiedGroupKFold,42
rec_a00b3f63a9709a815ee5,D:\INFANT CRY\data_set_dbl_split\train\not_baby\3-71964-B-4.wav,not_baby/3-71964-B-4.wav,not_baby,3,esc50,esc50_source:71964,esc50_source_file,4adfb45778a391fbb5e732ec4f816d1fd6c709d81d0a8352e625862981f08507,StratifiedGroupKFold,42
rec_60a2934c8a1d953c4a0c,D:\INFANT CRY\data_set_dbl_split\train\not_baby\3-71964-C-4.wav,not_baby/3-71964-C-4.wav,not_baby,3,esc50,esc50_source:71964,esc50_source_file,aab6176d922cc933204cd8798d6bee77c35266e70e9c555d3f98232752dff6a2,StratifiedGroupKFold,42
rec_83f1d23225b62c7d89cd,D:\INFANT CRY\data_set_dbl_split\train\not_baby\3-93010-A-18.wav,not_baby/3-93010-A-18.wav,not_baby,3,esc50,esc50_source:93010,esc50_source_file,79407c6c9d88b62fc6bc0c19a18ecdaadc7c1e829587ea10679c5f06c338a6cb,StratifiedGroupKFold,42
rec_7757fdbea4eb4ca8097d,D:\INFANT CRY\data_set_dbl_split\train\not_baby\3-94343-A-25.wav,not_baby/3-94343-A-25.wav,not_baby,3,esc50,esc50_source:94343,esc50_source_file,975e559e9ac1a97093a4b9bc61344bf15b1ce4b4f76a88a6cf8184c197e9e634,StratifiedGroupKFold,42
rec_837cc23a4643649b9864,D:\INFANT CRY\data_set_dbl_split\train\not_baby\3-94344-A-25.wav,not_baby/3-94344-A-25.wav,not_baby,3,esc50,esc50_source:94344,esc50_source_file,3cc287735d092ad54971f68131d02130b80e9a728fdd4b1aede9f7623c6bf7b7,StratifiedGroupKFold,42
rec_9fd18698322a06bc1f1e,D:\INFANT CRY\data_set_dbl_split\train\not_baby\3-95694-A-5.wav,not_baby/3-95694-A-5.wav,not_baby,3,esc50,esc50_source:95694,esc50_source_file,ce11374a1c3a5f2bbe26ffe98f02b3d6c1145787e2588d468f504a6c91560fa5,StratifiedGroupKFold,42
rec_550ea7bfa751d2c583fa,D:\INFANT CRY\data_set_dbl_split\train\not_baby\4-102871-A-42.wav,not_baby/4-102871-A-42.wav,not_baby,3,esc50,esc50_source:102871,esc50_source_file,9dabae27ebcd55cc16ea57e813fc1984ec444159b62f246c0399cb4f920454ea,StratifiedGroupKFold,42
rec_2967519b5714aea516a4,D:\INFANT CRY\data_set_dbl_split\train\not_baby\4-111671-A-42.wav,not_baby/4-111671-A-42.wav,not_baby,3,esc50,esc50_source:111671,esc50_source_file,365e4a2a7fcb455894d3b0a7b7ad08ac9725f6565fc4d3ace32876b5afc4c2cd,StratifiedGroupKFold,42
rec_45ff56bd6feb0dbe9241,D:\INFANT CRY\data_set_dbl_split\train\not_baby\4-111671-B-42.wav,not_baby/4-111671-B-42.wav,not_baby,3,esc50,esc50_source:111671,esc50_source_file,7b862bec0a634cc342e53fe54fbac85c28801588903e2a35e9eff705b5593b05,StratifiedGroupKFold,42
rec_15c570743c0c5ab69d2b,D:\INFANT CRY\data_set_dbl_split\train\not_baby\4-117630-A-25.wav,not_baby/4-117630-A-25.wav,not_baby,3,esc50,esc50_source:117630,esc50_source_file,70beb5f16c161f46b7c672b8bc85724ced5d69db1e29d7f137ad94f4c1215d08,StratifiedGroupKFold,42
rec_771adb3071d6e6940490,D:\INFANT CRY\data_set_dbl_split\train\not_baby\4-130891-A-7.wav,not_baby/4-130891-A-7.wav,not_baby,3,esc50,esc50_source:130891,esc50_source_file,12c07996c260c95c96cd9125780c40c39af0c46cb4b4e49fa67c7a2625b2ea98,StratifiedGroupKFold,42
rec_8d708e1369d519dccd51,D:\INFANT CRY\data_set_dbl_split\train\not_baby\4-132810-A-26.wav,not_baby/4-132810-A-26.wav,not_baby,3,esc50,esc50_source:132810,esc50_source_file,c7f7466fe1fa3d585fbf7a1fe9692e1890f0b05d6910b81504e808b4fb885bb8,StratifiedGroupKFold,42
rec_a7f89745c717b2c09652,D:\INFANT CRY\data_set_dbl_split\train\not_baby\4-133674-A-26.wav,not_baby/4-133674-A-26.wav,not_baby,3,esc50,esc50_source:133674,esc50_source_file,7b0f9348022ff7ff2f4466565aa8cf6396d79eae07d3269fa2fb174a8fa03552,StratifiedGroupKFold,42
rec_2df623255ac97f51822d,D:\INFANT CRY\data_set_dbl_split\train\not_baby\4-138344-A-9.wav,not_baby/4-138344-A-9.wav,not_baby,3,esc50,esc50_source:138344,esc50_source_file,67b10b27be5bb2ce6e1b78cd50b0c841c48f0b71e76b8f6058aa65923f7b3e12,StratifiedGroupKFold,42
rec_ace7e0772e2e9a7c9f51,D:\INFANT CRY\data_set_dbl_split\train\not_baby\4-144468-A-27.wav,not_baby/4-144468-A-27.wav,not_baby,3,esc50,esc50_source:144468,esc50_source_file,8b5c7835867b138b517ca6a94d8cdde57469cce6c8ed6fde731921aef31c9ef6,StratifiedGroupKFold,42
rec_fa0875f7623da7bafc16,D:\INFANT CRY\data_set_dbl_split\train\not_baby\4-144468-B-27.wav,not_baby/4-144468-B-27.wav,not_baby,3,esc50,esc50_source:144468,esc50_source_file,2fa690f12d994168413f962ccff9a6936d430b0dc0cf4dcd337e4434a3bd0e58,StratifiedGroupKFold,42
rec_d357cba19320209d9adc,D:\INFANT CRY\data_set_dbl_split\train\not_baby\4-147240-A-2.wav,not_baby/4-147240-A-2.wav,not_baby,3,esc50,esc50_source:147240,esc50_source_file,e37e3876cb219618a9f0bb90d1cac1b50a964dd2805bab6cb4cf07e981a84005,StratifiedGroupKFold,42
rec_e6543da5002ccd00410d,D:\INFANT CRY\data_set_dbl_split\train\not_baby\4-147240-B-2.wav,not_baby/4-147240-B-2.wav,not_baby,3,esc50,esc50_source:147240,esc50_source_file,35123a488f0472128b13a633beb12f5cb1308f28c5856724a70f38eb9b1b5a19,StratifiedGroupKFold,42
rec_c4cb73f00e7ba1fdfbe9,D:\INFANT CRY\data_set_dbl_split\train\not_baby\4-147657-A-46.wav,not_baby/4-147657-A-46.wav,not_baby,3,esc50,esc50_source:147657,esc50_source_file,1ccb7137cf0c9ff4226cc7a9d6200af0b1f9cd6b06b8799493f8cfd4be8feb2e,StratifiedGroupKFold,42
rec_15d1d568f1f799c621a0,D:\INFANT CRY\data_set_dbl_split\train\not_baby\4-151242-A-37.wav,not_baby/4-151242-A-37.wav,not_baby,3,esc50,esc50_source:151242,esc50_source_file,c83789199d3a2794323f9151cae42fa478b7ae408a624f483399316bd44cf899,StratifiedGroupKFold,42
rec_4d5d319543dc01e42d73,D:\INFANT CRY\data_set_dbl_split\train\not_baby\4-152958-A-18.wav,not_baby/4-152958-A-18.wav,not_baby,3,esc50,esc50_source:152958,esc50_source_file,e388159dac32a6534961abb784890dde13b10d56703478e7798b847d2cb92f77,StratifiedGroupKFold,42
rec_024c7d594f0330da001d,D:\INFANT CRY\data_set_dbl_split\train\not_baby\4-156843-A-21.wav,not_baby/4-156843-A-21.wav,not_baby,3,esc50,esc50_source:156843,esc50_source_file,915d649c4fbc6df93b6b6a94f45732e02e4a15728531ac114f867c969e989cbd,StratifiedGroupKFold,42
rec_8bd2844271a61374bb5b,D:\INFANT CRY\data_set_dbl_split\train\not_baby\4-157296-A-24.wav,not_baby/4-157296-A-24.wav,not_baby,3,esc50,esc50_source:157296,esc50_source_file,918b5180068c452637051ad4037ba51ad5e9d4c422dbbd2b99efe687d9219f42,StratifiedGroupKFold,42
rec_1f4bdb715ea63ba717a4,D:\INFANT CRY\data_set_dbl_split\train\not_baby\4-161099-A-47.wav,not_baby/4-161099-A-47.wav,not_baby,3,esc50,esc50_source:161099,esc50_source_file,2264c8830b42634fb6df30886667ea375dd988d38c005662b1218adbd46755dd,StratifiedGroupKFold,42
rec_a086e96216d508b543ee,D:\INFANT CRY\data_set_dbl_split\train\not_baby\4-161099-B-47.wav,not_baby/4-161099-B-47.wav,not_baby,3,esc50,esc50_source:161099,esc50_source_file,fb70ad4860e19a0d905a6edcb9ab2f26472358d63ee2c41d9a7658e00f494d67,StratifiedGroupKFold,42
rec_851340fab7af4d78d203,D:\INFANT CRY\data_set_dbl_split\train\not_baby\4-161579-A-40.wav,not_baby/4-161579-A-40.wav,not_baby,3,esc50,esc50_source:161579,esc50_source_file,74bfa5c0c1d5926aa20fa25d4b57fc3cd445208a23200e282f5f603dc2d0fdc8,StratifiedGroupKFold,42
rec_989d78f50daeb3e14bf7,D:\INFANT CRY\data_set_dbl_split\train\not_baby\4-161579-B-40.wav,not_baby/4-161579-B-40.wav,not_baby,3,esc50,esc50_source:161579,esc50_source_file,4f110f1d5c7d4185c7ed5f5a678f9233871126a826698b9eec1e4b2f3768aa1d,StratifiedGroupKFold,42
rec_5f7cfb3201b1ea01e641,D:\INFANT CRY\data_set_dbl_split\train\not_baby\4-164021-A-1.wav,not_baby/4-164021-A-1.wav,not_baby,3,esc50,esc50_source:164021,esc50_source_file,95b7f782e42027588c92db9665f009b042c59436dcee563a01d6d71af6e1f0e8,StratifiedGroupKFold,42
rec_eed13ed12250227ebcc6,D:\INFANT CRY\data_set_dbl_split\train\not_baby\4-164064-A-1.wav,not_baby/4-164064-A-1.wav,not_baby,3,esc50,esc50_source:164064,esc50_source_file,08b3564898604da9f5699f4dee35e79ee06c9f7025c85f98b5d35d3efdc42b0d,StratifiedGroupKFold,42
rec_3275a9690f4c80fdc23b,D:\INFANT CRY\data_set_dbl_split\train\not_baby\4-164064-B-1.wav,not_baby/4-164064-B-1.wav,not_baby,3,esc50,esc50_source:164064,esc50_source_file,60ddaf0fd58578373fe5f2227753c1363b95fcf5b63bceaeeb08f54e483b540b,StratifiedGroupKFold,42
rec_1f0965e3045ed8cff94e,D:\INFANT CRY\data_set_dbl_split\train\not_baby\4-164064-C-1.wav,not_baby/4-164064-C-1.wav,not_baby,3,esc50,esc50_source:164064,esc50_source_file,34e4f9b7454361e903c43ea59cd69df272c9b308084598a4108c575a41a80113,StratifiedGroupKFold,42
rec_483244aa1cec5d800d46,D:\INFANT CRY\data_set_dbl_split\train\not_baby\4-165813-A-19.wav,not_baby/4-165813-A-19.wav,not_baby,3,esc50,esc50_source:165813,esc50_source_file,57e571572eb4055f2446b646e83d55e9ed39f598adb02734dafe0efd934e634e,StratifiedGroupKFold,42
rec_c4730ca4a30e69b5cd9e,D:\INFANT CRY\data_set_dbl_split\train\not_baby\4-165813-B-19.wav,not_baby/4-165813-B-19.wav,not_baby,3,esc50,esc50_source:165813,esc50_source_file,4a89c1dcfd418624f14b58811b657815b36317e429d088db99e31e98961a8083,StratifiedGroupKFold,42
rec_a7c5e2b166e101a330e1,D:\INFANT CRY\data_set_dbl_split\train\not_baby\4-169508-A-37.wav,not_baby/4-169508-A-37.wav,not_baby,3,esc50,esc50_source:169508,esc50_source_file,1b78f0e61352c9d8d4c95987ba852cc3f9e84c3d6a4f3be7424e2704057570a2,StratifiedGroupKFold,42
rec_c934ce29030122b5c031,D:\INFANT CRY\data_set_dbl_split\train\not_baby\4-170078-A-1.wav,not_baby/4-170078-A-1.wav,not_baby,3,esc50,esc50_source:170078,esc50_source_file,542476574580295ef7a930f25d115cd26e77c7e9a386088908ad5953ea456228,StratifiedGroupKFold,42
rec_d95a7f5b5810adace168,D:\INFANT CRY\data_set_dbl_split\train\not_baby\4-171706-A-23.wav,not_baby/4-171706-A-23.wav,not_baby,3,esc50,esc50_source:171706,esc50_source_file,ee25fd0604d283d805076c3a5a0bbe807a8db5754bf19d0ed48e5d036d9ef646,StratifiedGroupKFold,42
rec_f8d96bb9157e05e892a7,D:\INFANT CRY\data_set_dbl_split\train\not_baby\4-175000-A-40.wav,not_baby/4-175000-A-40.wav,not_baby,3,esc50,esc50_source:175000,esc50_source_file,1955ca9fc02340cef8d66b125b0e2cdaabea757b1ee38fe9dc3df9646a50657e,StratifiedGroupKFold,42
rec_22f1c058a283334a62db,D:\INFANT CRY\data_set_dbl_split\train\not_baby\4-175000-B-40.wav,not_baby/4-175000-B-40.wav,not_baby,3,esc50,esc50_source:175000,esc50_source_file,84b0d5dd09ad0fdca162eebabaacdf07f396a13df8402ab1d6909f348abd25c3,StratifiedGroupKFold,42
rec_9bb6ab2ad457715f98cb,D:\INFANT CRY\data_set_dbl_split\train\not_baby\4-175000-C-40.wav,not_baby/4-175000-C-40.wav,not_baby,3,esc50,esc50_source:175000,esc50_source_file,ef2f54b5d05ee09cd5b6e76af1e0465cd6f07a1f2a06d49eca912a995c0e48cd,StratifiedGroupKFold,42
rec_3336ec221aaec7a28005,D:\INFANT CRY\data_set_dbl_split\train\not_baby\4-175855-A-43.wav,not_baby/4-175855-A-43.wav,not_baby,3,esc50,esc50_source:175855,esc50_source_file,b7b7a822f27aa7af474e69404c0694f4c3811769e99f64f58493d99b85dc5e45,StratifiedGroupKFold,42
rec_cadde6795469b2c8bc9a,D:\INFANT CRY\data_set_dbl_split\train\not_baby\4-181599-A-26.wav,not_baby/4-181599-A-26.wav,not_baby,3,esc50,esc50_source:181599,esc50_source_file,e414fc3ba7dea88437d0be3c0dd1101177cfcc0052e2a2b2cb8973cad984e178,StratifiedGroupKFold,42
rec_dbea97da13411e5b4601,D:\INFANT CRY\data_set_dbl_split\train\not_baby\4-183882-A-28.wav,not_baby/4-183882-A-28.wav,not_baby,3,esc50,esc50_source:183882,esc50_source_file,d80e203b4295fcd4d4ab92079372ac4017e7eccd44310c729b8e0d46a96e95a3,StratifiedGroupKFold,42
rec_af1582f4c84d0ebfb3fa,D:\INFANT CRY\data_set_dbl_split\train\not_baby\4-183882-B-28.wav,not_baby/4-183882-B-28.wav,not_baby,3,esc50,esc50_source:183882,esc50_source_file,d534fe2cac853e387fb2a400d8dbb2daa51a03282169983cdf1bc2f069b71071,StratifiedGroupKFold,42
rec_c31f1e68167362a9063b,D:\INFANT CRY\data_set_dbl_split\train\not_baby\4-184237-A-28.wav,not_baby/4-184237-A-28.wav,not_baby,3,esc50,esc50_source:184237,esc50_source_file,b22fa5254d8449c838cdc8bd99d4409e175c1c56d04a0b19d52007c676031125,StratifiedGroupKFold,42
rec_36bdc6c11049dbf5ec94,D:\INFANT CRY\data_set_dbl_split\train\not_baby\4-186693-A-17.wav,not_baby/4-186693-A-17.wav,not_baby,3,esc50,esc50_source:186693,esc50_source_file,717ccdb41c6aa068f5cd6976b309ec2c2f81041838151892cba281dac90b7092,StratifiedGroupKFold,42
rec_e19c103832535d2527e4,D:\INFANT CRY\data_set_dbl_split\train\not_baby\4-187384-A-34.wav,not_baby/4-187384-A-34.wav,not_baby,3,esc50,esc50_source:187384,esc50_source_file,e464c26f74fd0bbf94788304885828c272f42173f944fcd2f49665865ae71d69,StratifiedGroupKFold,42
rec_7b4dffe8d6fa00e67d58,D:\INFANT CRY\data_set_dbl_split\train\not_baby\4-191015-A-43.wav,not_baby/4-191015-A-43.wav,not_baby,3,esc50,esc50_source:191015,esc50_source_file,ca89718085b0dff144e5e7833dce424364f1ca1b737eb8d45df70cf8e1d1250a,StratifiedGroupKFold,42
rec_a443c4fd55103eb04312,D:\INFANT CRY\data_set_dbl_split\train\not_baby\4-191246-A-7.wav,not_baby/4-191246-A-7.wav,not_baby,3,esc50,esc50_source:191246,esc50_source_file,18442565ed3bbf8c39da5b81b5edaedc103e00ad6cd3c373d26a6e15081c7a03,StratifiedGroupKFold,42
rec_989f64249ccef7007076,D:\INFANT CRY\data_set_dbl_split\train\not_baby\4-191246-B-7.wav,not_baby/4-191246-B-7.wav,not_baby,3,esc50,esc50_source:191246,esc50_source_file,9f7734cc5ddf8e56b218c4106107b8e4f3c6074f925ce2861b12caeff095327a,StratifiedGroupKFold,42
rec_0c1fd1ba03bc1ff995e2,D:\INFANT CRY\data_set_dbl_split\train\not_baby\4-195707-A-13.wav,not_baby/4-195707-A-13.wav,not_baby,3,esc50,esc50_source:195707,esc50_source_file,abda8af0a90cb34def75f542a913e0facf441155340243441d4182199030d66f,StratifiedGroupKFold,42
rec_4c200a54e9dd76b9d724,D:\INFANT CRY\data_set_dbl_split\train\not_baby\4-196672-A-8.wav,not_baby/4-196672-A-8.wav,not_baby,3,esc50,esc50_source:196672,esc50_source_file,849744ca9439f71aa7f2091a0b47141260cc14db2e1c5a6ff82dfbfbd75bb24b,StratifiedGroupKFold,42
rec_d768626fdf63cc15c2a7,D:\INFANT CRY\data_set_dbl_split\train\not_baby\4-198962-A-25.wav,not_baby/4-198962-A-25.wav,not_baby,3,esc50,esc50_source:198962,esc50_source_file,622d193035a6635af9c3b552bc3b0414de0c79b3408f7d3f21397d2929f1ed69,StratifiedGroupKFold,42
rec_5c78607571168cfebd96,D:\INFANT CRY\data_set_dbl_split\train\not_baby\4-198962-B-25.wav,not_baby/4-198962-B-25.wav,not_baby,3,esc50,esc50_source:198962,esc50_source_file,4a9fd033241d235416314dcc577acb6f62c7de290ea706fed597aaf15d323971,StratifiedGroupKFold,42
rec_dd800ef12bd46d8e79ea,D:\INFANT CRY\data_set_dbl_split\train\not_baby\4-202298-A-31.wav,not_baby/4-202298-A-31.wav,not_baby,3,esc50,esc50_source:202298,esc50_source_file,e120e039333f2d013153a1da70f53fd8049dca03abf73aa0482125a1413446ff,StratifiedGroupKFold,42
rec_619219d3f294d824a7c3,D:\INFANT CRY\data_set_dbl_split\train\not_baby\4-204115-A-39.wav,not_baby/4-204115-A-39.wav,not_baby,3,esc50,esc50_source:204115,esc50_source_file,3d4a520122727b384d55738c254f33103e1eee73152f4c45893736089915eff9,StratifiedGroupKFold,42
rec_691253ac8c4dc7c8489d,D:\INFANT CRY\data_set_dbl_split\train\not_baby\4-204612-A-31.wav,not_baby/4-204612-A-31.wav,not_baby,3,esc50,esc50_source:204612,esc50_source_file,b195ad3f28843f354d9335970d76ec5cf48e0316d0c581ffe1fd1a1d9075efe8,StratifiedGroupKFold,42
rec_5d8a2222c79d549cf1df,D:\INFANT CRY\data_set_dbl_split\train\not_baby\4-205738-A-22.wav,not_baby/4-205738-A-22.wav,not_baby,3,esc50,esc50_source:205738,esc50_source_file,8da0720bbb6582e9c5a479b00b8288e5dff8d4fd945faf6fe3b331adc9f707e2,StratifiedGroupKFold,42
rec_881ff6e30f489aadc1cf,D:\INFANT CRY\data_set_dbl_split\train\not_baby\4-210309-A-31.wav,not_baby/4-210309-A-31.wav,not_baby,3,esc50,esc50_source:210309,esc50_source_file,d1589ab6428042ba88e78b3f11d199b39d9e40933cdf54d10fd0e7ac7f39f8fa,StratifiedGroupKFold,42
rec_a635e03f61166a92ca77,D:\INFANT CRY\data_set_dbl_split\train\not_baby\4-211502-A-30.wav,not_baby/4-211502-A-30.wav,not_baby,3,esc50,esc50_source:211502,esc50_source_file,8c6e71d485494707a94ce0563deaa5c4599a219e0a512151e8e77ed907775ad8,StratifiedGroupKFold,42
rec_91dd595ed3745b6873e0,D:\INFANT CRY\data_set_dbl_split\train\not_baby\4-251959-A-47.wav,not_baby/4-251959-A-47.wav,not_baby,3,esc50,esc50_source:251959,esc50_source_file,a008167674520b58ef43718cedfcb2d758e754d5e4ef351651800a78c5a78f06,StratifiedGroupKFold,42
rec_6764744b65aea42a90ef,D:\INFANT CRY\data_set_dbl_split\train\not_baby\4-90014-A-42.wav,not_baby/4-90014-A-42.wav,not_baby,3,esc50,esc50_source:90014,esc50_source_file,bbde0117f66201fe236b2bedccd231efe8e74b5c3361471a32159bbef5777e9a,StratifiedGroupKFold,42
rec_2723cce31dd0a1e745ab,D:\INFANT CRY\data_set_dbl_split\train\not_baby\4-90014-B-42.wav,not_baby/4-90014-B-42.wav,not_baby,3,esc50,esc50_source:90014,esc50_source_file,7fc6af65b6c6bbbadf39426c3ce9300367f5fefce8725a7df990a58ffc9130fb,StratifiedGroupKFold,42
rec_9f2819e8af09c8ebc550,D:\INFANT CRY\data_set_dbl_split\train\not_baby\5-103415-A-2.wav,not_baby/5-103415-A-2.wav,not_baby,3,esc50,esc50_source:103415,esc50_source_file,5922660ff7698b3dce589c2e3e8230cca85a82cd7f396e1b29245c3c50d7d8d7,StratifiedGroupKFold,42
rec_f08d2278b652f155aa9d,D:\INFANT CRY\data_set_dbl_split\train\not_baby\5-141683-A-35.wav,not_baby/5-141683-A-35.wav,not_baby,3,esc50,esc50_source:141683,esc50_source_file,c8ac3bafa369ff4bcfef515f00060c963f4c19d9275ada75edbc8cdb9c1ad591,StratifiedGroupKFold,42
rec_b886abde2700fb7adfed,D:\INFANT CRY\data_set_dbl_split\train\not_baby\5-156026-A-4.wav,not_baby/5-156026-A-4.wav,not_baby,3,esc50,esc50_source:156026,esc50_source_file,ef687ba63c3d6250946a224bdb96ca9b6728b579daa64a7236e4c2acee33606a,StratifiedGroupKFold,42
rec_8b2802eb22964f8e0419,D:\INFANT CRY\data_set_dbl_split\train\not_baby\5-156026-B-4.wav,not_baby/5-156026-B-4.wav,not_baby,3,esc50,esc50_source:156026,esc50_source_file,19ac15e1587e6e0d89f37ca13a5b8b4c2522eac5f6887d0b4b67f4d35073ecc6,StratifiedGroupKFold,42
rec_8943034e657d1d7f982d,D:\INFANT CRY\data_set_dbl_split\train\not_baby\5-156026-C-4.wav,not_baby/5-156026-C-4.wav,not_baby,3,esc50,esc50_source:156026,esc50_source_file,615275b1ece880c24a3d17356b99b03ccf4c248832fe26e4cdcb337690066a81,StratifiedGroupKFold,42
rec_669d99c43706352b9f6f,D:\INFANT CRY\data_set_dbl_split\train\not_baby\5-156026-D-4.wav,not_baby/5-156026-D-4.wav,not_baby,3,esc50,esc50_source:156026,esc50_source_file,57d87e239c2cdef0e5afad43f4786c8b3d73aaa6caf804a3daafbec80d209900,StratifiedGroupKFold,42
rec_6ff7e0eab59597fa4004,D:\INFANT CRY\data_set_dbl_split\train\not_baby\5-172639-A-5.wav,not_baby/5-172639-A-5.wav,not_baby,3,esc50,esc50_source:172639,esc50_source_file,460633b31921cf05cb37908fb45fe39a698307446a7eb2da6564b58a95e84d1e,StratifiedGroupKFold,42
rec_2fe28032bd568ae01374,D:\INFANT CRY\data_set_dbl_split\train\not_baby\5-173568-A-33.wav,not_baby/5-173568-A-33.wav,not_baby,3,esc50,esc50_source:173568,esc50_source_file,c2b965ee82fd757d99c9075cfc4362e2654a981ffcdfc34103664392e6f36294,StratifiedGroupKFold,42
rec_9b9783377b4a8f1d9bc2,D:\INFANT CRY\data_set_dbl_split\train\not_baby\5-177779-A-33.wav,not_baby/5-177779-A-33.wav,not_baby,3,esc50,esc50_source:177779,esc50_source_file,facc7f749ea82108e70e236d59ba553db5d1abc2baf6da185961d0d223d757ab,StratifiedGroupKFold,42
rec_71f7631bdb49c5410e28,D:\INFANT CRY\data_set_dbl_split\train\not_baby\5-179868-A-43.wav,not_baby/5-179868-A-43.wav,not_baby,3,esc50,esc50_source:179868,esc50_source_file,9bcfe1420d2d11be38661f2f8099633736f940f1859d49f2d5d6716c0d840ae6,StratifiedGroupKFold,42
rec_68db1a4f30b7ef08451a,D:\INFANT CRY\data_set_dbl_split\train\not_baby\5-180229-A-27.wav,not_baby/5-180229-A-27.wav,not_baby,3,esc50,esc50_source:180229,esc50_source_file,121349be5757ede7af52ef057fa23c456d2b137dc67b1e94e6479603237f8824,StratifiedGroupKFold,42
rec_96f69244984d7fa4a3c3,D:\INFANT CRY\data_set_dbl_split\train\not_baby\5-181458-A-33.wav,not_baby/5-181458-A-33.wav,not_baby,3,esc50,esc50_source:181458,esc50_source_file,394fedb2158aae32bb2c3bf62aea5560a9474bd08a21124d40a94c93934a3600,StratifiedGroupKFold,42
rec_3efa0e0635d607ce6a11,D:\INFANT CRY\data_set_dbl_split\train\not_baby\5-181766-A-10.wav,not_baby/5-181766-A-10.wav,not_baby,3,esc50,esc50_source:181766,esc50_source_file,608fcc0bef32512e2a984c7d3d2cac8ea161f6337ec0056850a6d34f07f8db35,StratifiedGroupKFold,42
rec_5bacbb60bfbf30c4593e,D:\INFANT CRY\data_set_dbl_split\train\not_baby\5-182007-A-36.wav,not_baby/5-182007-A-36.wav,not_baby,3,esc50,esc50_source:182007,esc50_source_file,3da75e2e43452c3d1bc595b46a51e7a04bc6be977fc5b11e7adaa5e8e5877b0f,StratifiedGroupKFold,42
rec_2df9be369d6f33f61a63,D:\INFANT CRY\data_set_dbl_split\train\not_baby\5-182404-A-18.wav,not_baby/5-182404-A-18.wav,not_baby,3,esc50,esc50_source:182404,esc50_source_file,bca3109507e4910e664734bcc58797f6b45b602c2151952462396df6c3fe8fe7,StratifiedGroupKFold,42
rec_c4463eacac6e89fcaf38,D:\INFANT CRY\data_set_dbl_split\train\not_baby\5-185516-A-27.wav,not_baby/5-185516-A-27.wav,not_baby,3,esc50,esc50_source:185516,esc50_source_file,9f58ed2c87f2f38d8e09b28dc32fdcb36f240c6881af26b49235ca90fb40b9fb,StratifiedGroupKFold,42
rec_4d9b51bdafe9d2c7a789,D:\INFANT CRY\data_set_dbl_split\train\not_baby\5-185908-A-18.wav,not_baby/5-185908-A-18.wav,not_baby,3,esc50,esc50_source:185908,esc50_source_file,ee30bbb601d160f7be7e83325f767c6a0471050964f253346e5eecafc5875914,StratifiedGroupKFold,42
rec_07cb18cde791aad3c4f6,D:\INFANT CRY\data_set_dbl_split\train\not_baby\5-189212-A-12.wav,not_baby/5-189212-A-12.wav,not_baby,3,esc50,esc50_source:189212,esc50_source_file,bd9983a6e739ea7df03c9363b17834a71ba0b74cbb59d8766d48ccb0fedd2138,StratifiedGroupKFold,42
rec_fe19f307bb20a4a582d7,D:\INFANT CRY\data_set_dbl_split\train\not_baby\5-189795-A-4.wav,not_baby/5-189795-A-4.wav,not_baby,3,esc50,esc50_source:189795,esc50_source_file,06dcafb84db34a40decacfbc0b40636ca950220719e8546d6a76b68e43129a20,StratifiedGroupKFold,42
rec_3d9424dd4e6884b64431,D:\INFANT CRY\data_set_dbl_split\train\not_baby\5-193339-A-10.wav,not_baby/5-193339-A-10.wav,not_baby,3,esc50,esc50_source:193339,esc50_source_file,aec7a17013e61faedb111983e0699a8b63c0e1af9569bb4a819ffba86a28f778,StratifiedGroupKFold,42
rec_876c20f393dff749f1e7,D:\INFANT CRY\data_set_dbl_split\train\not_baby\5-194533-A-21.wav,not_baby/5-194533-A-21.wav,not_baby,3,esc50,esc50_source:194533,esc50_source_file,ecb5cab5084d452afe2cf0d65405ee8f38dcdddae32622b44cdd553d8e7975ec,StratifiedGroupKFold,42
rec_8b341a77e075c3f9bc22,D:\INFANT CRY\data_set_dbl_split\train\not_baby\5-197988-A-46.wav,not_baby/5-197988-A-46.wav,not_baby,3,esc50,esc50_source:197988,esc50_source_file,7b8aad416b5c8a5e6d240ee7aa4d5e1493ff12bf441925ea43f8edf3702e68de,StratifiedGroupKFold,42
rec_25f0be1c61c13603266d,D:\INFANT CRY\data_set_dbl_split\train\not_baby\5-205090-A-32.wav,not_baby/5-205090-A-32.wav,not_baby,3,esc50,esc50_source:205090,esc50_source_file,5a8f193f14fa649248b1d645ce6dae97f5c105015b3351ffaf86406e998c36d3,StratifiedGroupKFold,42
rec_46416a5b5ed92ebf1d92,D:\INFANT CRY\data_set_dbl_split\train\not_baby\5-208030-A-0.wav,not_baby/5-208030-A-0.wav,not_baby,3,esc50,esc50_source:208030,esc50_source_file,8b3f5052dad5383ea171aa8feaead47879bf7b5ae3acaf5a26c5167838a49494,StratifiedGroupKFold,42
rec_155c43332a78bd23e364,D:\INFANT CRY\data_set_dbl_split\train\not_baby\5-209719-A-24.wav,not_baby/5-209719-A-24.wav,not_baby,3,esc50,esc50_source:209719,esc50_source_file,b041042160b4b536fca9d9d0b06a3f820db280a7e8c66526544d2574bc0de744,StratifiedGroupKFold,42
rec_cabd8812db525598d265,D:\INFANT CRY\data_set_dbl_split\train\not_baby\5-212059-A-36.wav,not_baby/5-212059-A-36.wav,not_baby,3,esc50,esc50_source:212059,esc50_source_file,99df07d9b9dce2b58c52389933adaa286e531f422ca51cccb0bb3db6425d8c45,StratifiedGroupKFold,42
rec_e478cb5989d0ce33fcd9,D:\INFANT CRY\data_set_dbl_split\train\not_baby\5-212730-A-17.wav,not_baby/5-212730-A-17.wav,not_baby,3,esc50,esc50_source:212730,esc50_source_file,7de2fb2f25c30477e9ec21acc1740b752de1a18025293a5524d54345746ccb5c,StratifiedGroupKFold,42
rec_dac02575899d876ab6b0,D:\INFANT CRY\data_set_dbl_split\train\not_baby\5-213855-A-0.wav,not_baby/5-213855-A-0.wav,not_baby,3,esc50,esc50_source:213855,esc50_source_file,1013f545442642bd8a7788279d75d131754127a4bdee39dc9c5299c04c4962c8,StratifiedGroupKFold,42
rec_5545c58233837e015d4b,D:\INFANT CRY\data_set_dbl_split\train\not_baby\5-214869-A-9.wav,not_baby/5-214869-A-9.wav,not_baby,3,esc50,esc50_source:214869,esc50_source_file,817585632446d6220c94d1b8b75313537c127ab13d4d8d1fd93c4954bb547cce,StratifiedGroupKFold,42
rec_44abbf801b366e2fa45e,D:\INFANT CRY\data_set_dbl_split\train\not_baby\5-216214-A-13.wav,not_baby/5-216214-A-13.wav,not_baby,3,esc50,esc50_source:216214,esc50_source_file,0a4ebd720ec3dbafc3a60981556a14360d9880e3291f1df119f0e84f6dd86ac6,StratifiedGroupKFold,42
rec_20c9b4b05e31aa54d4de,D:\INFANT CRY\data_set_dbl_split\train\not_baby\5-216370-A-41.wav,not_baby/5-216370-A-41.wav,not_baby,3,esc50,esc50_source:216370,esc50_source_file,429453805c51b7fe554997e8ec90680545ba375eea3d18869ed141be72872dd8,StratifiedGroupKFold,42
rec_6c45b1c8ad50410227d7,D:\INFANT CRY\data_set_dbl_split\train\not_baby\5-216370-B-41.wav,not_baby/5-216370-B-41.wav,not_baby,3,esc50,esc50_source:216370,esc50_source_file,0c641aafddc7f25a6f10e5f2a34578bef750c3ffc09f9caa195060162703fc6d,StratifiedGroupKFold,42
rec_453cdea3d2ecede6a3a8,D:\INFANT CRY\data_set_dbl_split\train\not_baby\5-220026-A-21.wav,not_baby/5-220026-A-21.wav,not_baby,3,esc50,esc50_source:220026,esc50_source_file,01d02b64a5bbf7bf29672883699b1ecebd16ed6f5bd138ad2fc905214b65b63b,StratifiedGroupKFold,42
rec_f89af5a5eda9de7a91a3,D:\INFANT CRY\data_set_dbl_split\train\not_baby\5-221593-A-21.wav,not_baby/5-221593-A-21.wav,not_baby,3,esc50,esc50_source:221593,esc50_source_file,603d9fd8af740638eaf529212f6413c1a63a771accd5970b537c5deb93da117f,StratifiedGroupKFold,42
rec_ea83bd20916cc1c0fbec,D:\INFANT CRY\data_set_dbl_split\train\not_baby\5-223099-A-32.wav,not_baby/5-223099-A-32.wav,not_baby,3,esc50,esc50_source:223099,esc50_source_file,d4189f4b4acc489e7bb8314685ebff687ccf8cdf7925d73a3aab1f30c40f44c4,StratifiedGroupKFold,42
rec_e146d128e7330d7c3e5c,D:\INFANT CRY\data_set_dbl_split\train\not_baby\5-223099-B-32.wav,not_baby/5-223099-B-32.wav,not_baby,3,esc50,esc50_source:223099,esc50_source_file,d247b713e188eb4185782cd0722b46db5fb0d6c5d315553a2ec96e924866f30d,StratifiedGroupKFold,42
rec_4d08d4309b0c0244539e,D:\INFANT CRY\data_set_dbl_split\train\not_baby\5-223176-A-37.wav,not_baby/5-223176-A-37.wav,not_baby,3,esc50,esc50_source:223176,esc50_source_file,5822815ceb1589bc11f05f26b6972e5ebd9dd1a7f12568645140a82852664db8,StratifiedGroupKFold,42
rec_5b7087d2f82f59bcc05d,D:\INFANT CRY\data_set_dbl_split\train\not_baby\5-223810-A-35.wav,not_baby/5-223810-A-35.wav,not_baby,3,esc50,esc50_source:223810,esc50_source_file,02e4e66d27a690a3bc994f799fe79c04826d205d7ba100920aacd4b80e283ba4,StratifiedGroupKFold,42
rec_32b2ada0a60e44075a0c,D:\INFANT CRY\data_set_dbl_split\train\not_baby\5-232272-A-44.wav,not_baby/5-232272-A-44.wav,not_baby,3,esc50,esc50_source:232272,esc50_source_file,e5562a8bf2a03e4f314ae65a5dbae73f8f15af6b22760f3ad7f51b5ce0b49435,StratifiedGroupKFold,42
rec_c1637b439cafc3185b0e,D:\INFANT CRY\data_set_dbl_split\train\not_baby\5-233260-A-23.wav,not_baby/5-233260-A-23.wav,not_baby,3,esc50,esc50_source:233260,esc50_source_file,0ea99448699adde99988c1f148a3715fc94cc9abb5a3ac728050f1dab3a3aadf,StratifiedGroupKFold,42
rec_ffaecbdf07dd996dd548,D:\INFANT CRY\data_set_dbl_split\train\not_baby\5-233787-A-7.wav,not_baby/5-233787-A-7.wav,not_baby,3,esc50,esc50_source:233787,esc50_source_file,a7bc8f99317c21defbadea43555db6a77cbfaad9a673c73002364de8d74f362a,StratifiedGroupKFold,42
rec_839e354f7f4bccc24037,D:\INFANT CRY\data_set_dbl_split\train\not_baby\5-234335-A-23.wav,not_baby/5-234335-A-23.wav,not_baby,3,esc50,esc50_source:234335,esc50_source_file,cc2cf787b1f5283717ccc2fb8394e613a218cb06ed9141594b2bb2f6794bbb73,StratifiedGroupKFold,42
rec_a2a814f10a03b1645237,D:\INFANT CRY\data_set_dbl_split\train\not_baby\5-236299-A-34.wav,not_baby/5-236299-A-34.wav,not_baby,3,esc50,esc50_source:236299,esc50_source_file,a2042c3fe183862dadf1a1ae7f90bd11404d370290bf4560844927f974a9e09c,StratifiedGroupKFold,42
rec_33d0b0f985cfde9c6f2f,D:\INFANT CRY\data_set_dbl_split\train\not_baby\5-238021-A-35.wav,not_baby/5-238021-A-35.wav,not_baby,3,esc50,esc50_source:238021,esc50_source_file,5b3fb9d4fa999f75e8e7ca37e96304322beb04a73949a64012eabba0834f6fbf,StratifiedGroupKFold,42
rec_c107138822180a98c4b1,D:\INFANT CRY\data_set_dbl_split\train\not_baby\5-242711-A-9.wav,not_baby/5-242711-A-9.wav,not_baby,3,esc50,esc50_source:242711,esc50_source_file,e1016531d9cfb698ab2276603e7eda17ecce93d213249c146242498c697f84cd,StratifiedGroupKFold,42
rec_83ba833646d4d91b9fa4,D:\INFANT CRY\data_set_dbl_split\train\not_baby\5-242932-A-26.wav,not_baby/5-242932-A-26.wav,not_baby,3,esc50,esc50_source:242932,esc50_source_file,9c2021684ccd03cbb5606565178197bc1251de351c65e2e10c068e0da0499a87,StratifiedGroupKFold,42
rec_7a0a199c9fee96c0fd83,D:\INFANT CRY\data_set_dbl_split\train\not_baby\5-242932-B-26.wav,not_baby/5-242932-B-26.wav,not_baby,3,esc50,esc50_source:242932,esc50_source_file,a7d72dd0f1e81bcae369ea26db6c2495829c7c308ceb50670a33b2fe925bb564,StratifiedGroupKFold,42
rec_9456eedb10aa415ae74c,D:\INFANT CRY\data_set_dbl_split\train\not_baby\5-244310-A-25.wav,not_baby/5-244310-A-25.wav,not_baby,3,esc50,esc50_source:244310,esc50_source_file,6f5c1eea1ef6068ead03b6f5a12a2698da258cb0bc49b56fa01976a9371a7c02,StratifiedGroupKFold,42
rec_5fdb375c1ef9aea9d661,D:\INFANT CRY\data_set_dbl_split\train\not_baby\5-244327-A-34.wav,not_baby/5-244327-A-34.wav,not_baby,3,esc50,esc50_source:244327,esc50_source_file,700e8687df32558487a189d3157863fcdbf4bc1ebfb8b2ead1941a6e8c604d51,StratifiedGroupKFold,42
rec_7d9564e2074f7d060efd,D:\INFANT CRY\data_set_dbl_split\train\not_baby\5-244651-A-31.wav,not_baby/5-244651-A-31.wav,not_baby,3,esc50,esc50_source:244651,esc50_source_file,7089cd08769ed70839b1c036048a8409b673a5210cf2fe73d069162823180d6d,StratifiedGroupKFold,42
rec_be7cb2f63d3ae1df78ed,D:\INFANT CRY\data_set_dbl_split\train\not_baby\5-250629-A-37.wav,not_baby/5-250629-A-37.wav,not_baby,3,esc50,esc50_source:250629,esc50_source_file,cd9fd493266fcc36b6a89a8427b88c745feaf0b1315ad7fb14f57cd2c08e343e,StratifiedGroupKFold,42
rec_8f2d6e1ebf91f497cc4d,D:\INFANT CRY\data_set_dbl_split\train\not_baby\5-259514-A-26.wav,not_baby/5-259514-A-26.wav,not_baby,3,esc50,esc50_source:259514,esc50_source_file,bff4fba03e6137cd08b1f0eeb5512e238a047fbcd49d7de923d6d9262ad25296,StratifiedGroupKFold,42
rec_a0415cf12daa3fc237ed,D:\INFANT CRY\data_set_dbl_split\train\not_baby\5-261464-A-23.wav,not_baby/5-261464-A-23.wav,not_baby,3,esc50,esc50_source:261464,esc50_source_file,d3dadb27be5eacb60d79ec94c9e0d15f51bba3595d484e78154a8cccd08fc8cc,StratifiedGroupKFold,42
rec_f954f1dcca6580ccec4a,D:\INFANT CRY\data_set_dbl_split\train\not_baby\5-263490-A-25.wav,not_baby/5-263490-A-25.wav,not_baby,3,esc50,esc50_source:263490,esc50_source_file,6ee260dd4ef0d0329c7a2e06c4c331db4f61049733f19e6535f041732384566e,StratifiedGroupKFold,42
rec_8d9900ed3ea26997c871,D:\INFANT CRY\data_set_dbl_split\train\not_baby\5-61635-A-8.wav,not_baby/5-61635-A-8.wav,not_baby,3,esc50,esc50_source:61635,esc50_source_file,7716b55d69e6f19808951698b26c612b9ef9969e49438c911da30794d58bede5,StratifiedGroupKFold,42
rec_5d81264429765a29a2c1,D:\INFANT CRY\data_set_dbl_split\train\belly_pain\1370_M_eairh.wav,belly_pain/1370_M_eairh.wav,baby,4,infantcry_dbl,infant_sha256:c32711ad200dc7027dd5338e9b0ddd2f9df3c900401403a05c065062a61d864c,exact_content_sha256,c32711ad200dc7027dd5338e9b0ddd2f9df3c900401403a05c065062a61d864c,StratifiedGroupKFold,42
rec_a0848fd98077b24f5820,D:\INFANT CRY\data_set_dbl_split\train\belly_pain\1462_F_eairh.wav,belly_pain/1462_F_eairh.wav,baby,4,infantcry_dbl,infant_sha256:bc7f1705b53f89d2f844c2b2e146e20500f74b0e2f5797429d88e6752b744c94,exact_content_sha256,bc7f1705b53f89d2f844c2b2e146e20500f74b0e2f5797429d88e6752b744c94,StratifiedGroupKFold,42
rec_8cea211c8ae2584daf02,D:\INFANT CRY\data_set_dbl_split\train\belly_pain\1516_M_eairh.wav,belly_pain/1516_M_eairh.wav,baby,4,infantcry_dbl,infant_sha256:5a1c58c4d3cad2859ad8b8a664619b615cf9ab17a0142a7808ed3a8139d9df80,exact_content_sha256,5a1c58c4d3cad2859ad8b8a664619b615cf9ab17a0142a7808ed3a8139d9df80,StratifiedGroupKFold,42
rec_4540c986f8cce2bafa2c,D:\INFANT CRY\data_set_dbl_split\train\belly_pain\1554_M_eairh.wav,belly_pain/1554_M_eairh.wav,baby,4,infantcry_dbl,infant_sha256:3bf9b0054fbf35ef0935161c2c32d4c300cab9512aa7404b5fd272e75712be36,exact_content_sha256,3bf9b0054fbf35ef0935161c2c32d4c300cab9512aa7404b5fd272e75712be36,StratifiedGroupKFold,42
rec_25708979c73d741b3abd,D:\INFANT CRY\data_set_dbl_split\train\belly_pain\2208_M_eairh.wav,belly_pain/2208_M_eairh.wav,baby,4,infantcry_dbl,infant_sha256:8cc303d1f42d72122fb01853eff2298b55aaba55b1699ef89090090d0592dff4,exact_content_sha256,8cc303d1f42d72122fb01853eff2298b55aaba55b1699ef89090090d0592dff4,StratifiedGroupKFold,42
rec_e341b409fa744b48140a,D:\INFANT CRY\data_set_dbl_split\train\belly_pain\2367_M_eairh.wav,belly_pain/2367_M_eairh.wav,baby,4,infantcry_dbl,infant_sha256:e3ce17f21b22673c82f4a63dd7117b0410f98a3745647c7ff5c35cec64ca57d5,exact_content_sha256,e3ce17f21b22673c82f4a63dd7117b0410f98a3745647c7ff5c35cec64ca57d5,StratifiedGroupKFold,42
rec_cdb8986fc6e0fa25ec62,D:\INFANT CRY\data_set_dbl_split\train\belly_pain\2644_M_eairh.wav,belly_pain/2644_M_eairh.wav,baby,4,infantcry_dbl,infant_sha256:dac08aca9292c458d761c4609a442799c7b15db598cdbab878fe6ffbe63bf790,exact_content_sha256,dac08aca9292c458d761c4609a442799c7b15db598cdbab878fe6ffbe63bf790,StratifiedGroupKFold,42
rec_7923b3cade105f0c3c70,D:\INFANT CRY\data_set_dbl_split\train\belly_pain\2651_F_eairh.wav,belly_pain/2651_F_eairh.wav,baby,4,infantcry_dbl,infant_sha256:0ea883b38b491020d9ed5473b20e4d3c18724477f44de85ff4b5848720bf92fc,exact_content_sha256,0ea883b38b491020d9ed5473b20e4d3c18724477f44de85ff4b5848720bf92fc,StratifiedGroupKFold,42
rec_f3c9e9d220dc2e97e90a,D:\INFANT CRY\data_set_dbl_split\train\belly_pain\2760_F_eairh.wav,belly_pain/2760_F_eairh.wav,baby,4,infantcry_dbl,infant_sha256:1d7b10517ef1207ede8aa83b2afbded6e7b52087bc5f8bf069726ecd560fc7d8,exact_content_sha256,1d7b10517ef1207ede8aa83b2afbded6e7b52087bc5f8bf069726ecd560fc7d8,StratifiedGroupKFold,42
rec_1b0acd4606aae95bef48,D:\INFANT CRY\data_set_dbl_split\train\belly_pain\2987_F_eairh.wav,belly_pain/2987_F_eairh.wav,baby,4,infantcry_dbl,infant_sha256:88411a1a41bf5d311007d0c5c10d0e3b54fdf7360d6bcbed043399e29139460f,exact_content_sha256,88411a1a41bf5d311007d0c5c10d0e3b54fdf7360d6bcbed043399e29139460f,StratifiedGroupKFold,42
rec_df6f22b942b4fbdceea0,D:\INFANT CRY\data_set_dbl_split\train\belly_pain\318_M_eairh.wav,belly_pain/318_M_eairh.wav,baby,4,infantcry_dbl,infant_sha256:95eed985c356955c07b482e5659cab0643f279898a6991cfaac93754be289e19,exact_content_sha256,95eed985c356955c07b482e5659cab0643f279898a6991cfaac93754be289e19,StratifiedGroupKFold,42
rec_9516de195d0ec83f4725,D:\INFANT CRY\data_set_dbl_split\train\belly_pain\3195_M_eairh.wav,belly_pain/3195_M_eairh.wav,baby,4,infantcry_dbl,infant_sha256:12a874a78d402677bd05a62326e9310b0d77e378d85c52c8d497825962e99254,exact_content_sha256,12a874a78d402677bd05a62326e9310b0d77e378d85c52c8d497825962e99254,StratifiedGroupKFold,42
rec_d9029df6f0570483478b,D:\INFANT CRY\data_set_dbl_split\train\belly_pain\393_M_eairh.wav,belly_pain/393_M_eairh.wav,baby,4,infantcry_dbl,infant_sha256:7fc1097a27220b94856281c508b616d41bfb8dd6ad6a0d539b1eb7f3a0370bc1,exact_content_sha256,7fc1097a27220b94856281c508b616d41bfb8dd6ad6a0d539b1eb7f3a0370bc1,StratifiedGroupKFold,42
rec_c3629105ce9cd90cfd02,D:\INFANT CRY\data_set_dbl_split\train\belly_pain\4186_M_eairh.wav,belly_pain/4186_M_eairh.wav,baby,4,infantcry_dbl,infant_sha256:755ceb576cd3b8a108b048923e3c5eb915f2cd55aa609144f4cd19a60567f40a,exact_content_sha256,755ceb576cd3b8a108b048923e3c5eb915f2cd55aa609144f4cd19a60567f40a,StratifiedGroupKFold,42
rec_b9167ff33ed6aa5cabea,D:\INFANT CRY\data_set_dbl_split\train\belly_pain\4452_F_eairh.wav,belly_pain/4452_F_eairh.wav,baby,4,infantcry_dbl,infant_sha256:ad37ffb4a0340f29fcd027ef23dcaf57df1f5e84e60aca62382a04203e9cc029,exact_content_sha256,ad37ffb4a0340f29fcd027ef23dcaf57df1f5e84e60aca62382a04203e9cc029,StratifiedGroupKFold,42
rec_9ef4cab50c9a56e3bd9a,D:\INFANT CRY\data_set_dbl_split\train\belly_pain\4758_M_eairh.wav,belly_pain/4758_M_eairh.wav,baby,4,infantcry_dbl,infant_sha256:6abb97ac4d37d03d1277901393045a5f5274608adbefee365cb7a327490e276c,exact_content_sha256,6abb97ac4d37d03d1277901393045a5f5274608adbefee365cb7a327490e276c,StratifiedGroupKFold,42
rec_3be61b78079d39f26682,D:\INFANT CRY\data_set_dbl_split\train\belly_pain\4847_M_eairh.wav,belly_pain/4847_M_eairh.wav,baby,4,infantcry_dbl,infant_sha256:868c2fb96217b0fcf2b26aad46903424a659f3f3fb13b31f51b575c00f83d63b,exact_content_sha256,868c2fb96217b0fcf2b26aad46903424a659f3f3fb13b31f51b575c00f83d63b,StratifiedGroupKFold,42
rec_cd47bf189e0812ab4c2a,D:\INFANT CRY\data_set_dbl_split\train\belly_pain\844_M_eairh.wav,belly_pain/844_M_eairh.wav,baby,4,infantcry_dbl,infant_sha256:f7e2a0300ed3165e0e727f4e733612f041bf62e75ca33465234e7be03244b62e,exact_content_sha256,f7e2a0300ed3165e0e727f4e733612f041bf62e75ca33465234e7be03244b62e,StratifiedGroupKFold,42
rec_7bfbf6df11a5121ca4c9,D:\INFANT CRY\data_set_dbl_split\train\belly_pain\934_M_eairh.wav,belly_pain/934_M_eairh.wav,baby,4,infantcry_dbl,infant_sha256:2843200837b6eecfb90e6f9c0f4b54d96a60916332b2d36f448644f338617af5,exact_content_sha256,2843200837b6eecfb90e6f9c0f4b54d96a60916332b2d36f448644f338617af5,StratifiedGroupKFold,42
rec_45acf6d12a71c4b85dfc,D:\INFANT CRY\data_set_dbl_split\train\belly_pain\dunstan-eairh_33.wav,belly_pain/dunstan-eairh_33.wav,baby,4,infantcry_dbl,infant_sha256:c68c4a2f7d9cc0be0e06472701e4f759c919430fa77d4357b8fda882df7b5d0b,exact_content_sha256,c68c4a2f7d9cc0be0e06472701e4f759c919430fa77d4357b8fda882df7b5d0b,StratifiedGroupKFold,42
rec_728bae3265a2cb099ec1,D:\INFANT CRY\data_set_dbl_split\train\belly_pain\dunstan-eairh_38.wav,belly_pain/dunstan-eairh_38.wav,baby,4,infantcry_dbl,infant_sha256:63fe695c20c8cc11273c8e724c8b5657f60d370c68c8b7e926a7a47135d0d054,exact_content_sha256,63fe695c20c8cc11273c8e724c8b5657f60d370c68c8b7e926a7a47135d0d054,StratifiedGroupKFold,42
rec_0213f75c14f4849c2a83,D:\INFANT CRY\data_set_dbl_split\train\belly_pain\dunstan-eairh_41.wav,belly_pain/dunstan-eairh_41.wav,baby,4,infantcry_dbl,infant_sha256:2bf1cb1c9014983a5943ebaa89403ffee8c77ddf008d8a37808b8e93e38ab7aa,exact_content_sha256,2bf1cb1c9014983a5943ebaa89403ffee8c77ddf008d8a37808b8e93e38ab7aa,StratifiedGroupKFold,42
rec_81baca137ffa49fea0f0,D:\INFANT CRY\data_set_dbl_split\train\belly_pain\dunstan-eairh_5.wav,belly_pain/dunstan-eairh_5.wav,baby,4,infantcry_dbl,infant_sha256:bf6a23507fbf66aebed91ab5f3b1830d1f908e667924f3fd4a25c6acdde1a102,exact_content_sha256,bf6a23507fbf66aebed91ab5f3b1830d1f908e667924f3fd4a25c6acdde1a102,StratifiedGroupKFold,42
rec_bb69c12272a7b5c6887b,D:\INFANT CRY\data_set_dbl_split\train\belly_pain\dunstan-eairh_6.wav,belly_pain/dunstan-eairh_6.wav,baby,4,infantcry_dbl,infant_sha256:eee269b78944d18f059d2badd31092d8e24127d77cf2065938ab82fe7e5f495b,exact_content_sha256,eee269b78944d18f059d2badd31092d8e24127d77cf2065938ab82fe7e5f495b,StratifiedGroupKFold,42
rec_6a612fdb6f32216b009d,D:\INFANT CRY\data_set_dbl_split\train\belly_pain\dunstan-eairh_60.wav,belly_pain/dunstan-eairh_60.wav,baby,4,infantcry_dbl,infant_sha256:8db3cf09ca0a752877596ab97f4a23986894c7f42497770fdce5008c47c23f52,exact_content_sha256,8db3cf09ca0a752877596ab97f4a23986894c7f42497770fdce5008c47c23f52,StratifiedGroupKFold,42
rec_5e12d4152f25c8285f27,D:\INFANT CRY\data_set_dbl_split\train\burping\000543_M_heh.wav,burping/000543_M_heh.wav,baby,4,infantcry_dbl,infant_sha256:a93f0447a59e9c48a424f88454cd316bcfd5ac540a1e396b6d0dc1d53aed6cc3,exact_content_sha256,a93f0447a59e9c48a424f88454cd316bcfd5ac540a1e396b6d0dc1d53aed6cc3,StratifiedGroupKFold,42
rec_eee5eed2ae78b50ca38d,D:\INFANT CRY\data_set_dbl_split\train\burping\1060_M_eh.wav,burping/1060_M_eh.wav,baby,4,infantcry_dbl,infant_sha256:b5b08a59f94ee4ef84d59f148f0fc5aa5f1d375608abe26b452c7c9903e23cc9,exact_content_sha256,b5b08a59f94ee4ef84d59f148f0fc5aa5f1d375608abe26b452c7c9903e23cc9,StratifiedGroupKFold,42
rec_c2521e9b1d58c3fbb0cb,D:\INFANT CRY\data_set_dbl_split\train\burping\1103_M_eh.wav,burping/1103_M_eh.wav,baby,4,infantcry_dbl,infant_sha256:043afd1e09436b8202e38eea31537a9cd228b808b637523e00e6d061c99cfff3,exact_content_sha256,043afd1e09436b8202e38eea31537a9cd228b808b637523e00e6d061c99cfff3,StratifiedGroupKFold,42
rec_c1b61b57a04c76f19527,D:\INFANT CRY\data_set_dbl_split\train\burping\1246_M_eh.wav,burping/1246_M_eh.wav,baby,4,infantcry_dbl,infant_sha256:32620368c68b955f167e134faecbdb6fad366acb02fb95b1d6ef2bc7121b8ab8,exact_content_sha256,32620368c68b955f167e134faecbdb6fad366acb02fb95b1d6ef2bc7121b8ab8,StratifiedGroupKFold,42
rec_d09abe4d0ed175d6bc7b,D:\INFANT CRY\data_set_dbl_split\train\burping\1404_F_eh.wav,burping/1404_F_eh.wav,baby,4,infantcry_dbl,infant_sha256:de06e0e73d61344d19f59f297fe1f8d97a3e89656616c4c61cd21b101bccdf3a,exact_content_sha256,de06e0e73d61344d19f59f297fe1f8d97a3e89656616c4c61cd21b101bccdf3a,StratifiedGroupKFold,42
rec_9445293072e9382ce647,D:\INFANT CRY\data_set_dbl_split\train\burping\1460_M_eh.wav,burping/1460_M_eh.wav,baby,4,infantcry_dbl,infant_sha256:76ead9148c54c2974a13926c73ba0f5766829f3571ea2d1cf10c9fb8298b68a3,exact_content_sha256,76ead9148c54c2974a13926c73ba0f5766829f3571ea2d1cf10c9fb8298b68a3,StratifiedGroupKFold,42
rec_85edc8f84763e4037032,D:\INFANT CRY\data_set_dbl_split\train\burping\1679_F_eh.wav,burping/1679_F_eh.wav,baby,4,infantcry_dbl,infant_sha256:f0858a4710608ee21bdc743b4e403bbb1032ff518b0f5e8671976beeee31978a,exact_content_sha256,f0858a4710608ee21bdc743b4e403bbb1032ff518b0f5e8671976beeee31978a,StratifiedGroupKFold,42
rec_88affcb3e287f0433132,D:\INFANT CRY\data_set_dbl_split\train\burping\1717_F_eh.wav,burping/1717_F_eh.wav,baby,4,infantcry_dbl,infant_sha256:34fb77ef9c7344b86ad777b177c1ce6a0f571d77bf62e1248c0394b70480eacd,exact_content_sha256,34fb77ef9c7344b86ad777b177c1ce6a0f571d77bf62e1248c0394b70480eacd,StratifiedGroupKFold,42
rec_c65736eefe0e47e5bb86,D:\INFANT CRY\data_set_dbl_split\train\burping\1807_M_eh.wav,burping/1807_M_eh.wav,baby,4,infantcry_dbl,infant_sha256:43eb4085c750d52aa9df7e983ce33739be37568e44b8570056012298527aee09,exact_content_sha256,43eb4085c750d52aa9df7e983ce33739be37568e44b8570056012298527aee09,StratifiedGroupKFold,42
rec_d44661adfd4d790a00cd,D:\INFANT CRY\data_set_dbl_split\train\burping\1964_M_eh.wav,burping/1964_M_eh.wav,baby,4,infantcry_dbl,infant_sha256:b33b67715d913003c362ae912895fe0bc05642ce11fa443d76f9084da2aa761a,exact_content_sha256,b33b67715d913003c362ae912895fe0bc05642ce11fa443d76f9084da2aa761a,StratifiedGroupKFold,42
rec_d08ebcb453ffbec561de,D:\INFANT CRY\data_set_dbl_split\train\burping\1990_M_eh.wav,burping/1990_M_eh.wav,baby,4,infantcry_dbl,infant_sha256:47d1e0d6676a8b168f5757752bc6eef20f5b89f215a3f376de99b20a4811a861,exact_content_sha256,47d1e0d6676a8b168f5757752bc6eef20f5b89f215a3f376de99b20a4811a861,StratifiedGroupKFold,42
rec_8fe70388ea5471625aba,D:\INFANT CRY\data_set_dbl_split\train\burping\2053_M_eh.wav,burping/2053_M_eh.wav,baby,4,infantcry_dbl,infant_sha256:c143881a0599f10f2afb772ad9f2ad47d107955a72634c23f4bb2bbf196009cc,exact_content_sha256,c143881a0599f10f2afb772ad9f2ad47d107955a72634c23f4bb2bbf196009cc,StratifiedGroupKFold,42
rec_38acc274e71f1ffa3d26,D:\INFANT CRY\data_set_dbl_split\train\burping\2083_M_eh.wav,burping/2083_M_eh.wav,baby,4,infantcry_dbl,infant_sha256:5c1e20a2ffd2b137dfcbe341b7852a78dab4eecae01554c7058ea9acbe4a839c,exact_content_sha256,5c1e20a2ffd2b137dfcbe341b7852a78dab4eecae01554c7058ea9acbe4a839c,StratifiedGroupKFold,42
rec_a24e5a4c484b184c3af7,D:\INFANT CRY\data_set_dbl_split\train\burping\2164_M_eh.wav,burping/2164_M_eh.wav,baby,4,infantcry_dbl,infant_sha256:91643e5f8b8ab898163a24915f2c646f5b2e367530d953229b28f76b0a392302,exact_content_sha256,91643e5f8b8ab898163a24915f2c646f5b2e367530d953229b28f76b0a392302,StratifiedGroupKFold,42
rec_24a396b9d014a05587a9,D:\INFANT CRY\data_set_dbl_split\train\burping\222_F_eh.wav,burping/222_F_eh.wav,baby,4,infantcry_dbl,infant_sha256:4bcf51a0605ddc642cf05b94b9997e56a5473adc6d2134e213164a6c9d27d2fe,exact_content_sha256,4bcf51a0605ddc642cf05b94b9997e56a5473adc6d2134e213164a6c9d27d2fe,StratifiedGroupKFold,42
rec_09745ee499f542515c18,D:\INFANT CRY\data_set_dbl_split\train\burping\223_M_eh.wav,burping/223_M_eh.wav,baby,4,infantcry_dbl,infant_sha256:d4b18d84279dcaec99f8d818e4ad3c3e7e4ebdc51f02f3a0a923801f36c162bd,exact_content_sha256,d4b18d84279dcaec99f8d818e4ad3c3e7e4ebdc51f02f3a0a923801f36c162bd,StratifiedGroupKFold,42
rec_1050c2655280d54aa3a4,D:\INFANT CRY\data_set_dbl_split\train\burping\225_F_eh.wav,burping/225_F_eh.wav,baby,4,infantcry_dbl,infant_sha256:15a22cf6fd6a4735a8e4e42bec2d8ef66d872b919545e8daa654a5e2a0c754cc,exact_content_sha256,15a22cf6fd6a4735a8e4e42bec2d8ef66d872b919545e8daa654a5e2a0c754cc,StratifiedGroupKFold,42
rec_259890ff0ea96f64d45f,D:\INFANT CRY\data_set_dbl_split\train\burping\2265_M_eh.wav,burping/2265_M_eh.wav,baby,4,infantcry_dbl,infant_sha256:49519859a57e732f9864b613d926947d333ab7327ac5dde851df20e460ea54c7,exact_content_sha256,49519859a57e732f9864b613d926947d333ab7327ac5dde851df20e460ea54c7,StratifiedGroupKFold,42
rec_4a0912eaadfeb8697716,D:\INFANT CRY\data_set_dbl_split\train\burping\2284_M_eh.wav,burping/2284_M_eh.wav,baby,4,infantcry_dbl,infant_sha256:010de557783b5d66821845d3ab2eac2ca8721b5873a99db0babf82cca5640bf2,exact_content_sha256,010de557783b5d66821845d3ab2eac2ca8721b5873a99db0babf82cca5640bf2,StratifiedGroupKFold,42
rec_4c788d6451459c6d7475,D:\INFANT CRY\data_set_dbl_split\train\burping\231_M_eh.wav,burping/231_M_eh.wav,baby,4,infantcry_dbl,infant_sha256:9df0342c632353f910fc3c55758b7c20172f7388e7bff6a6c17fa9791e420f34,exact_content_sha256,9df0342c632353f910fc3c55758b7c20172f7388e7bff6a6c17fa9791e420f34,StratifiedGroupKFold,42
rec_9e6e29b19c03296b74f8,D:\INFANT CRY\data_set_dbl_split\train\burping\2321_M_eh.wav,burping/2321_M_eh.wav,baby,4,infantcry_dbl,infant_sha256:949ab7fe9cb4bafefcb0953a215eb8832497d974eba846ba1dd080a4410f1415,exact_content_sha256,949ab7fe9cb4bafefcb0953a215eb8832497d974eba846ba1dd080a4410f1415,StratifiedGroupKFold,42
rec_4cb288cfddc38ac25391,D:\INFANT CRY\data_set_dbl_split\train\burping\2369_M_eh.wav,burping/2369_M_eh.wav,baby,4,infantcry_dbl,infant_sha256:0e344753ff8aecfdd5b9aff44935e0e1b0a7f5027f094457c6cf200b8dc8c49b,exact_content_sha256,0e344753ff8aecfdd5b9aff44935e0e1b0a7f5027f094457c6cf200b8dc8c49b,StratifiedGroupKFold,42
rec_f00e486b5bb01e917fd5,D:\INFANT CRY\data_set_dbl_split\train\burping\2759_M_eh.wav,burping/2759_M_eh.wav,baby,4,infantcry_dbl,infant_sha256:b79daea5be33161defb0a37388176e57691b76d37e5253dee0f5c8b76bbc52ba,exact_content_sha256,b79daea5be33161defb0a37388176e57691b76d37e5253dee0f5c8b76bbc52ba,StratifiedGroupKFold,42
rec_c34b88121001eab934e2,D:\INFANT CRY\data_set_dbl_split\train\burping\2915_M_eh.wav,burping/2915_M_eh.wav,baby,4,infantcry_dbl,infant_sha256:7a80df0c8b61c87167c7e72f30ff7b5c789f3381a5e03e589e301a7257075bde,exact_content_sha256,7a80df0c8b61c87167c7e72f30ff7b5c789f3381a5e03e589e301a7257075bde,StratifiedGroupKFold,42
rec_30ab2bd552cfc2d7e12b,D:\INFANT CRY\data_set_dbl_split\train\burping\3184_M_eh.wav,burping/3184_M_eh.wav,baby,4,infantcry_dbl,infant_sha256:74e17cc1655bb5991612f017cbc8fdcc41590242aaa4bb82867fe967a972c1d1,exact_content_sha256,74e17cc1655bb5991612f017cbc8fdcc41590242aaa4bb82867fe967a972c1d1,StratifiedGroupKFold,42
rec_595c7bd988437435705e,D:\INFANT CRY\data_set_dbl_split\train\burping\3187_M_eh.wav,burping/3187_M_eh.wav,baby,4,infantcry_dbl,infant_sha256:a897fe9f7b33005e7557fc8aaaaffb7852be82e44c3c15ba10334bbcd9245fa1,exact_content_sha256,a897fe9f7b33005e7557fc8aaaaffb7852be82e44c3c15ba10334bbcd9245fa1,StratifiedGroupKFold,42
rec_e3f5a660e3b815100438,D:\INFANT CRY\data_set_dbl_split\train\burping\3350_M_eh.wav,burping/3350_M_eh.wav,baby,4,infantcry_dbl,infant_sha256:fbe257930001cde02f4e7569e9aff08008219a16d6d4755ebacb01b7c2a08c28,exact_content_sha256,fbe257930001cde02f4e7569e9aff08008219a16d6d4755ebacb01b7c2a08c28,StratifiedGroupKFold,42
rec_80aa4905086476d9ee4e,D:\INFANT CRY\data_set_dbl_split\train\burping\3368_M_eh.wav,burping/3368_M_eh.wav,baby,4,infantcry_dbl,infant_sha256:19745f1da8c6a7b8a7b34b17aa3139dee7e9ea316f8ca6e322a37ba613f91ee0,exact_content_sha256,19745f1da8c6a7b8a7b34b17aa3139dee7e9ea316f8ca6e322a37ba613f91ee0,StratifiedGroupKFold,42
rec_fbd8c164275be77b1eeb,D:\INFANT CRY\data_set_dbl_split\train\burping\3420_M_eh.wav,burping/3420_M_eh.wav,baby,4,infantcry_dbl,infant_sha256:9bf814e9f9e17ae5e8d256d180824b9604a1162c6a7620bec7be570a3f42daae,exact_content_sha256,9bf814e9f9e17ae5e8d256d180824b9604a1162c6a7620bec7be570a3f42daae,StratifiedGroupKFold,42
rec_3b0dbc0e1235864017ad,D:\INFANT CRY\data_set_dbl_split\train\burping\3731_M_eh.wav,burping/3731_M_eh.wav,baby,4,infantcry_dbl,infant_sha256:54cf23478385684edb55accc5ab28619920026a6ee9f5a371a29c7f8eeeb7473,exact_content_sha256,54cf23478385684edb55accc5ab28619920026a6ee9f5a371a29c7f8eeeb7473,StratifiedGroupKFold,42
rec_af793bcc7a84612776fa,D:\INFANT CRY\data_set_dbl_split\train\burping\3777_M_eh.wav,burping/3777_M_eh.wav,baby,4,infantcry_dbl,infant_sha256:6f3b48b39988f145c4696c6b9758225720c28d11848a234638dd4f0c4717ecc0,exact_content_sha256,6f3b48b39988f145c4696c6b9758225720c28d11848a234638dd4f0c4717ecc0,StratifiedGroupKFold,42
rec_b7dc41a5877cdafcdeba,D:\INFANT CRY\data_set_dbl_split\train\burping\3849_M_eh.wav,burping/3849_M_eh.wav,baby,4,infantcry_dbl,infant_sha256:a4a3aa4b637ea93d6bc271cca14dbbff0e1580902efc83d58bef98f532889100,exact_content_sha256,a4a3aa4b637ea93d6bc271cca14dbbff0e1580902efc83d58bef98f532889100,StratifiedGroupKFold,42
rec_d138f7e7049b5fee47f8,D:\INFANT CRY\data_set_dbl_split\train\burping\4177_M_eh.wav,burping/4177_M_eh.wav,baby,4,infantcry_dbl,infant_sha256:b91a8cf0542b8416810f29431f1060797d119b847eb699a5909e82f53442dc1f,exact_content_sha256,b91a8cf0542b8416810f29431f1060797d119b847eb699a5909e82f53442dc1f,StratifiedGroupKFold,42
rec_d87509cfc191a34d274c,D:\INFANT CRY\data_set_dbl_split\train\burping\4290_M_eh.wav,burping/4290_M_eh.wav,baby,4,infantcry_dbl,infant_sha256:a3301c86fa3f13c571f42aba0ea2d8e3848dd4b7a9f06996868c366ce6b68d35,exact_content_sha256,a3301c86fa3f13c571f42aba0ea2d8e3848dd4b7a9f06996868c366ce6b68d35,StratifiedGroupKFold,42
rec_0243d0e4f1276ccf9ce1,D:\INFANT CRY\data_set_dbl_split\train\burping\4389_F_eh.wav,burping/4389_F_eh.wav,baby,4,infantcry_dbl,infant_sha256:181e00480b9c2b8a57df730dffa10f12034422ae67a8249c6bc99dc888d4f167,exact_content_sha256,181e00480b9c2b8a57df730dffa10f12034422ae67a8249c6bc99dc888d4f167,StratifiedGroupKFold,42
rec_9d65a63ce58da021c946,D:\INFANT CRY\data_set_dbl_split\train\burping\45_M_eh.wav,burping/45_M_eh.wav,baby,4,infantcry_dbl,infant_sha256:e78f3437c973f6a8dc0a565871b79baca577d4560cdeecd1fea1c038e4b9ceef,exact_content_sha256,e78f3437c973f6a8dc0a565871b79baca577d4560cdeecd1fea1c038e4b9ceef,StratifiedGroupKFold,42
rec_bdbf83ffad21ba24d2b2,D:\INFANT CRY\data_set_dbl_split\train\burping\4698_M_eh.wav,burping/4698_M_eh.wav,baby,4,infantcry_dbl,infant_sha256:155f3be11f7782f83fb7fb80f0cc8a587578f7d1f3064e337c2b3bcf584bc438,exact_content_sha256,155f3be11f7782f83fb7fb80f0cc8a587578f7d1f3064e337c2b3bcf584bc438,StratifiedGroupKFold,42
rec_c2ca957db2b55f01ab5b,D:\INFANT CRY\data_set_dbl_split\train\burping\642_M_eh.wav,burping/642_M_eh.wav,baby,4,infantcry_dbl,infant_sha256:23b34e86fce8d96b17c8c45042054f2b7d6ea07a404af4a377cbd2192cfd8908,exact_content_sha256,23b34e86fce8d96b17c8c45042054f2b7d6ea07a404af4a377cbd2192cfd8908,StratifiedGroupKFold,42
rec_e5053874909e75e7cdae,D:\INFANT CRY\data_set_dbl_split\train\burping\819_F_eh.wav,burping/819_F_eh.wav,baby,4,infantcry_dbl,infant_sha256:ee109c1bc2c0e3ca65d71e0080a127ae18b5b3c44db96992cd584863c7b33d31,exact_content_sha256,ee109c1bc2c0e3ca65d71e0080a127ae18b5b3c44db96992cd584863c7b33d31,StratifiedGroupKFold,42
rec_321aefb0aa457ba0707e,D:\INFANT CRY\data_set_dbl_split\train\burping\901_M_eh.wav,burping/901_M_eh.wav,baby,4,infantcry_dbl,infant_sha256:2b3a74021ee1c28f193da545001bbab3dc713e22ad445c7c51f49596dd027ac0,exact_content_sha256,2b3a74021ee1c28f193da545001bbab3dc713e22ad445c7c51f49596dd027ac0,StratifiedGroupKFold,42
rec_6bfb452e0fb288f7e4b1,D:\INFANT CRY\data_set_dbl_split\train\burping\915_F_eh.wav,burping/915_F_eh.wav,baby,4,infantcry_dbl,infant_sha256:b05ce357bf654d5a0f2cfc8a438b56a79d0a3b2349c07440fe0bc42683d31b6d,exact_content_sha256,b05ce357bf654d5a0f2cfc8a438b56a79d0a3b2349c07440fe0bc42683d31b6d,StratifiedGroupKFold,42
rec_535c552a0776b718850f,D:\INFANT CRY\data_set_dbl_split\train\discomfort\1266_M_heh.wav,discomfort/1266_M_heh.wav,baby,4,infantcry_dbl,infant_sha256:4de53b96c3e650367c41444167d23f140af9e239fd1daa3b9ca868a77eaf15f3,exact_content_sha256,4de53b96c3e650367c41444167d23f140af9e239fd1daa3b9ca868a77eaf15f3,StratifiedGroupKFold,42
rec_d252f8e43bac8a94460c,D:\INFANT CRY\data_set_dbl_split\train\discomfort\1656_M_heh.wav,discomfort/1656_M_heh.wav,baby,4,infantcry_dbl,infant_sha256:2d848ed246ce0bbc52c77810dde65402d740a28d3c2f568da7d8f8b14b25d85d,exact_content_sha256,2d848ed246ce0bbc52c77810dde65402d740a28d3c2f568da7d8f8b14b25d85d,StratifiedGroupKFold,42
rec_ea8217cfae981608c5cf,D:\INFANT CRY\data_set_dbl_split\train\discomfort\1775_M_heh.wav,discomfort/1775_M_heh.wav,baby,4,infantcry_dbl,infant_sha256:37dc8527e41905a6926e2195f5c6267b21b3195ee53eac8a25d476c7c5faede5,exact_content_sha256,37dc8527e41905a6926e2195f5c6267b21b3195ee53eac8a25d476c7c5faede5,StratifiedGroupKFold,42
rec_0added8756718f697995,D:\INFANT CRY\data_set_dbl_split\train\discomfort\2085_M_heh.wav,discomfort/2085_M_heh.wav,baby,4,infantcry_dbl,infant_sha256:ec86f05fb2a7012c4915257f5a1c633abe892cf688de5f9a6aeeeaf252371456,exact_content_sha256,ec86f05fb2a7012c4915257f5a1c633abe892cf688de5f9a6aeeeaf252371456,StratifiedGroupKFold,42
rec_dffa4febe3cb777a6ec2,D:\INFANT CRY\data_set_dbl_split\train\discomfort\2332_M_heh.wav,discomfort/2332_M_heh.wav,baby,4,infantcry_dbl,infant_sha256:51450ac6379ec6f461adf5619bea39cb8804f41d4da5a87191de5788c2672f4a,exact_content_sha256,51450ac6379ec6f461adf5619bea39cb8804f41d4da5a87191de5788c2672f4a,StratifiedGroupKFold,42
rec_8531260c58ed47ae96f8,D:\INFANT CRY\data_set_dbl_split\train\discomfort\2588_F_heh.wav,discomfort/2588_F_heh.wav,baby,4,infantcry_dbl,infant_sha256:68e34d3e9f5daacd74f7690c8ef8cbbfaa740282ebad4724d2e4e82ac5b8871e,exact_content_sha256,68e34d3e9f5daacd74f7690c8ef8cbbfaa740282ebad4724d2e4e82ac5b8871e,StratifiedGroupKFold,42
rec_01d818a8f633482ae893,D:\INFANT CRY\data_set_dbl_split\train\discomfort\2800_M_heh.wav,discomfort/2800_M_heh.wav,baby,4,infantcry_dbl,infant_sha256:577e4ca2a1c7eb943e1555e686ce35aa8e50856af3fe081dfcc01cbfd5ba21c1,exact_content_sha256,577e4ca2a1c7eb943e1555e686ce35aa8e50856af3fe081dfcc01cbfd5ba21c1,StratifiedGroupKFold,42
rec_8c9bd93d6cae8287536e,D:\INFANT CRY\data_set_dbl_split\train\discomfort\2802_M_heh.wav,discomfort/2802_M_heh.wav,baby,4,infantcry_dbl,infant_sha256:4efe9f28271af4aa2335ad0d0a4d2265b9d3cc81a61c9fa22e85d47eab68d021,exact_content_sha256,4efe9f28271af4aa2335ad0d0a4d2265b9d3cc81a61c9fa22e85d47eab68d021,StratifiedGroupKFold,42
rec_aafac0f86f7d823eb681,D:\INFANT CRY\data_set_dbl_split\train\discomfort\2856_M_heh.wav,discomfort/2856_M_heh.wav,baby,4,infantcry_dbl,infant_sha256:cdc6b19e4e2c5240563ed06e6895bd1503b81c33f5681a20732f3cdee5a32dd4,exact_content_sha256,cdc6b19e4e2c5240563ed06e6895bd1503b81c33f5681a20732f3cdee5a32dd4,StratifiedGroupKFold,42
rec_122140d62463d7d58e24,D:\INFANT CRY\data_set_dbl_split\train\discomfort\3369_F_heh.wav,discomfort/3369_F_heh.wav,baby,4,infantcry_dbl,infant_sha256:88d0ec15b3b514a68aeaa59a7f13ac8345fb53344df594fd304818a7a678c609,exact_content_sha256,88d0ec15b3b514a68aeaa59a7f13ac8345fb53344df594fd304818a7a678c609,StratifiedGroupKFold,42
rec_7025af523ff923b12389,D:\INFANT CRY\data_set_dbl_split\train\discomfort\3499_M_heh.wav,discomfort/3499_M_heh.wav,baby,4,infantcry_dbl,infant_sha256:9391e6b4981baf0c7cc0eb55a6693fa200dd85022b84f4f63362a77db6ef7943,exact_content_sha256,9391e6b4981baf0c7cc0eb55a6693fa200dd85022b84f4f63362a77db6ef7943,StratifiedGroupKFold,42
rec_3f52b4d2fc987b097465,D:\INFANT CRY\data_set_dbl_split\train\discomfort\362_M_heh.wav,discomfort/362_M_heh.wav,baby,4,infantcry_dbl,infant_sha256:4029023bb9052e9d6c91c7676f152ef5dbadd23c9630f3e7aec5861ca37c3afb,exact_content_sha256,4029023bb9052e9d6c91c7676f152ef5dbadd23c9630f3e7aec5861ca37c3afb,StratifiedGroupKFold,42
rec_cf665a8d5d04d0e150ed,D:\INFANT CRY\data_set_dbl_split\train\discomfort\3643_M_heh.wav,discomfort/3643_M_heh.wav,baby,4,infantcry_dbl,infant_sha256:e1a1b6217794024bd5a9374699ccd793a9875328aa589c5e2d0338fef8112cd7,exact_content_sha256,e1a1b6217794024bd5a9374699ccd793a9875328aa589c5e2d0338fef8112cd7,StratifiedGroupKFold,42
rec_542e505927d446598565,D:\INFANT CRY\data_set_dbl_split\train\discomfort\3815_F_heh.wav,discomfort/3815_F_heh.wav,baby,4,infantcry_dbl,infant_sha256:c973a8f3fb5306b502e6466a974ed76fb33ec00f1adcc37cf482b2c083905fe3,exact_content_sha256,c973a8f3fb5306b502e6466a974ed76fb33ec00f1adcc37cf482b2c083905fe3,StratifiedGroupKFold,42
rec_8e8cba3c6a2d7b965e01,D:\INFANT CRY\data_set_dbl_split\train\discomfort\4203_M_heh.wav,discomfort/4203_M_heh.wav,baby,4,infantcry_dbl,infant_sha256:ae269682a93c68792187ee79296f17a3ed5158bb641ee5d377bb2d61ce909d2b,exact_content_sha256,ae269682a93c68792187ee79296f17a3ed5158bb641ee5d377bb2d61ce909d2b,StratifiedGroupKFold,42
rec_6078ad0e8ea8a14799ba,D:\INFANT CRY\data_set_dbl_split\train\discomfort\4825_M_heh.wav,discomfort/4825_M_heh.wav,baby,4,infantcry_dbl,infant_sha256:d1571e04f856e5f068d834f08291a0971afeb98f4a617495f2552e6e614b2d71,exact_content_sha256,d1571e04f856e5f068d834f08291a0971afeb98f4a617495f2552e6e614b2d71,StratifiedGroupKFold,42
rec_bb84d05c8dfb27a04662,D:\INFANT CRY\data_set_dbl_split\train\discomfort\507_M_heh.wav,discomfort/507_M_heh.wav,baby,4,infantcry_dbl,infant_sha256:d04330d3482f96ec7a31fe2c1216d6e7ebf7bbfed78fd170836b8427ad3343b7,exact_content_sha256,d04330d3482f96ec7a31fe2c1216d6e7ebf7bbfed78fd170836b8427ad3343b7,StratifiedGroupKFold,42
rec_b2b046ee6befacc1736f,D:\INFANT CRY\data_set_dbl_split\train\discomfort\595_M_heh.wav,discomfort/595_M_heh.wav,baby,4,infantcry_dbl,infant_sha256:836317646e5c06c623d6c0550deadf12333f0fccd489042da5bb95a187d602c4,exact_content_sha256,836317646e5c06c623d6c0550deadf12333f0fccd489042da5bb95a187d602c4,StratifiedGroupKFold,42
rec_9362bfdd724c2e4f3f5f,D:\INFANT CRY\data_set_dbl_split\train\discomfort\dunstan-heh_21.wav,discomfort/dunstan-heh_21.wav,baby,4,infantcry_dbl,infant_sha256:5627d07320b1fe0e838b9565b872e8f77af65ab78f41b4775e8a273cf034e9c2,exact_content_sha256,5627d07320b1fe0e838b9565b872e8f77af65ab78f41b4775e8a273cf034e9c2,StratifiedGroupKFold,42
rec_5dd030b8afd73faf7e6d,D:\INFANT CRY\data_set_dbl_split\train\discomfort\dunstan-heh_48.wav,discomfort/dunstan-heh_48.wav,baby,4,infantcry_dbl,infant_sha256:d6a95efef2a5e14826871997882a4700ad02b4a9c82d3cfc5bff31164dc36414,exact_content_sha256,d6a95efef2a5e14826871997882a4700ad02b4a9c82d3cfc5bff31164dc36414,StratifiedGroupKFold,42
rec_35a314bcf50ccf77f9b4,D:\INFANT CRY\data_set_dbl_split\train\hungry\1136_M_neh.wav,hungry/1136_M_neh.wav,baby,4,infantcry_dbl,infant_sha256:78e4082dec5bbf0b02ca347585814f331b1b87f01310a3b0d344f6237ad1e127,exact_content_sha256,78e4082dec5bbf0b02ca347585814f331b1b87f01310a3b0d344f6237ad1e127,StratifiedGroupKFold,42
rec_67bd9b946343aa8c831e,D:\INFANT CRY\data_set_dbl_split\train\hungry\1401_F_neh.wav,hungry/1401_F_neh.wav,baby,4,infantcry_dbl,infant_sha256:5ffc0956ffe25ec309316ad7123e98c4afa62f826c12c30a9539843e89942fed,exact_content_sha256,5ffc0956ffe25ec309316ad7123e98c4afa62f826c12c30a9539843e89942fed,StratifiedGroupKFold,42
rec_f897edc91aad92f1f4d4,D:\INFANT CRY\data_set_dbl_split\train\hungry\1521_F_neh.wav,hungry/1521_F_neh.wav,baby,4,infantcry_dbl,infant_sha256:0c604a79abbc46d0bdabb207c066d493647b023587ee22a1254f7e438d5a4524,exact_content_sha256,0c604a79abbc46d0bdabb207c066d493647b023587ee22a1254f7e438d5a4524,StratifiedGroupKFold,42
rec_ea7d0967f9ac5dec1709,D:\INFANT CRY\data_set_dbl_split\train\hungry\1770_M_neh.wav,hungry/1770_M_neh.wav,baby,4,infantcry_dbl,infant_sha256:63681776040e65d9d78c1439027554032307635589f4d80bab2540f4ba3bf12a,exact_content_sha256,63681776040e65d9d78c1439027554032307635589f4d80bab2540f4ba3bf12a,StratifiedGroupKFold,42
rec_3f27c431eeb305663abf,D:\INFANT CRY\data_set_dbl_split\train\hungry\2326_M_neh.wav,hungry/2326_M_neh.wav,baby,4,infantcry_dbl,infant_sha256:c92bbb70edcce9a3f7a82e28dad8031ad04a089d4c75e6327001141737216bac,exact_content_sha256,c92bbb70edcce9a3f7a82e28dad8031ad04a089d4c75e6327001141737216bac,StratifiedGroupKFold,42
rec_d4767218d9010329825d,D:\INFANT CRY\data_set_dbl_split\train\hungry\2550_M_neh.wav,hungry/2550_M_neh.wav,baby,4,infantcry_dbl,infant_sha256:4d4befbd03bf30816d9c767fb97f501e0e1eeed542a6f189abbabaa240af0000,exact_content_sha256,4d4befbd03bf30816d9c767fb97f501e0e1eeed542a6f189abbabaa240af0000,StratifiedGroupKFold,42
rec_9fda6433c0cfb05ba603,D:\INFANT CRY\data_set_dbl_split\train\hungry\2790_M_neh.wav,hungry/2790_M_neh.wav,baby,4,infantcry_dbl,infant_sha256:6d1dc506e0f2320780b1567d419d21247d55f87bf41609c3f418ac158ddd00e4,exact_content_sha256,6d1dc506e0f2320780b1567d419d21247d55f87bf41609c3f418ac158ddd00e4,StratifiedGroupKFold,42
rec_bbeadf4eccca05727d8d,D:\INFANT CRY\data_set_dbl_split\train\hungry\2984_M_neh.wav,hungry/2984_M_neh.wav,baby,4,infantcry_dbl,infant_sha256:7af22f70272db9d107cc11d5d627a127d6d1a71d48373b873058a88b6828d0cd,exact_content_sha256,7af22f70272db9d107cc11d5d627a127d6d1a71d48373b873058a88b6828d0cd,StratifiedGroupKFold,42
rec_9cf4fb751fdcfd3e5fa1,D:\INFANT CRY\data_set_dbl_split\train\hungry\3146_F_neh.wav,hungry/3146_F_neh.wav,baby,4,infantcry_dbl,infant_sha256:2c2f2457b793e1d3de6a92ccda04d6dcea998cc76fa4eead1a5dbd7e2dbdc0f4,exact_content_sha256,2c2f2457b793e1d3de6a92ccda04d6dcea998cc76fa4eead1a5dbd7e2dbdc0f4,StratifiedGroupKFold,42
rec_883b3d09371eb4815a3c,D:\INFANT CRY\data_set_dbl_split\train\hungry\3782_M_neh.wav,hungry/3782_M_neh.wav,baby,4,infantcry_dbl,infant_sha256:e042b88b67afe86ae310967738f17d39d13ebca955e6222cda2bba79022d4a10,exact_content_sha256,e042b88b67afe86ae310967738f17d39d13ebca955e6222cda2bba79022d4a10,StratifiedGroupKFold,42
rec_d9f72db0ab671c11e601,D:\INFANT CRY\data_set_dbl_split\train\hungry\3800_M_neh.wav,hungry/3800_M_neh.wav,baby,4,infantcry_dbl,infant_sha256:532f1ad8aa41cbdda10f1a2dded06af106b8c33512e5316cf0ece3d088320c88,exact_content_sha256,532f1ad8aa41cbdda10f1a2dded06af106b8c33512e5316cf0ece3d088320c88,StratifiedGroupKFold,42
rec_aa120f51f1874bfc4566,D:\INFANT CRY\data_set_dbl_split\train\hungry\3870_M_neh.wav,hungry/3870_M_neh.wav,baby,4,infantcry_dbl,infant_sha256:d1ae7d952aa0ad9b990b7666bf75fb88bf77a70c1809fb2b552c73bf33a7babb,exact_content_sha256,d1ae7d952aa0ad9b990b7666bf75fb88bf77a70c1809fb2b552c73bf33a7babb,StratifiedGroupKFold,42
rec_eb761db33bdc0705f83c,D:\INFANT CRY\data_set_dbl_split\train\hungry\4202_M_neh.wav,hungry/4202_M_neh.wav,baby,4,infantcry_dbl,infant_sha256:888125bf2f46f3cbda0081f238a05815341f965042bdd4c506a2a77280860a37,exact_content_sha256,888125bf2f46f3cbda0081f238a05815341f965042bdd4c506a2a77280860a37,StratifiedGroupKFold,42
rec_2cfbeb91a2cd57cedc7d,D:\INFANT CRY\data_set_dbl_split\train\hungry\4300_M_neh.wav,hungry/4300_M_neh.wav,baby,4,infantcry_dbl,infant_sha256:98457ab2ac6fc706aa37632ffe6ed460d107a5a3a920040de75ed0d38b1af922,exact_content_sha256,98457ab2ac6fc706aa37632ffe6ed460d107a5a3a920040de75ed0d38b1af922,StratifiedGroupKFold,42
rec_0fd521640fdbb5d41b79,D:\INFANT CRY\data_set_dbl_split\train\hungry\4306_F_neh.wav,hungry/4306_F_neh.wav,baby,4,infantcry_dbl,infant_sha256:7c7af8ace0608c1ffd3645e704d9fac65045d77d0665461320f78a16a4b59c56,exact_content_sha256,7c7af8ace0608c1ffd3645e704d9fac65045d77d0665461320f78a16a4b59c56,StratifiedGroupKFold,42
rec_b9118574ae063823a271,D:\INFANT CRY\data_set_dbl_split\train\hungry\4927_F_neh.wav,hungry/4927_F_neh.wav,baby,4,infantcry_dbl,infant_sha256:a67a58764a2e17d9d04d857fdee398285de2a50e1f923495de9fb953e750be0a,exact_content_sha256,a67a58764a2e17d9d04d857fdee398285de2a50e1f923495de9fb953e750be0a,StratifiedGroupKFold,42
rec_843d0ff9482328148496,D:\INFANT CRY\data_set_dbl_split\train\hungry\4928_M_neh.wav,hungry/4928_M_neh.wav,baby,4,infantcry_dbl,infant_sha256:64c3a79bc435dc1c61fc310bb1b64a6c26973ed7a60e8439ba42780d68479141,exact_content_sha256,64c3a79bc435dc1c61fc310bb1b64a6c26973ed7a60e8439ba42780d68479141,StratifiedGroupKFold,42
rec_54896c135751fc926faf,D:\INFANT CRY\data_set_dbl_split\train\hungry\804_F_neh.wav,hungry/804_F_neh.wav,baby,4,infantcry_dbl,infant_sha256:009ea17f6cad014895e26e30d5005d967b6086657eb4401c74c8ba681df306d9,exact_content_sha256,009ea17f6cad014895e26e30d5005d967b6086657eb4401c74c8ba681df306d9,StratifiedGroupKFold,42
rec_a8ed319ae2c5af1fb4e7,D:\INFANT CRY\data_set_dbl_split\train\hungry\848_M_neh.wav,hungry/848_M_neh.wav,baby,4,infantcry_dbl,infant_sha256:6ca563faf33cf29200ef17f12ef123da55e6efff40fb02f6c4f72b5e8b07892f,exact_content_sha256,6ca563faf33cf29200ef17f12ef123da55e6efff40fb02f6c4f72b5e8b07892f,StratifiedGroupKFold,42
rec_882649d0e1d9fb0fbaf3,D:\INFANT CRY\data_set_dbl_split\train\hungry\dunstan-neh_16.wav,hungry/dunstan-neh_16.wav,baby,4,infantcry_dbl,infant_sha256:f9ee0e6716e9067458baa3782da80c38e92a23f9c97112eb95e9afc5fa9a0be8,exact_content_sha256,f9ee0e6716e9067458baa3782da80c38e92a23f9c97112eb95e9afc5fa9a0be8,StratifiedGroupKFold,42
rec_6e37e8a77e8237f8a1e7,D:\INFANT CRY\data_set_dbl_split\train\hungry\dunstan-neh_18.wav,hungry/dunstan-neh_18.wav,baby,4,infantcry_dbl,infant_sha256:8d47568a4c91f9c64fcf6d2e35693aa5d73ce674cd2f908d8af56c879ec4e9ca,exact_content_sha256,8d47568a4c91f9c64fcf6d2e35693aa5d73ce674cd2f908d8af56c879ec4e9ca,StratifiedGroupKFold,42
rec_07bbcb1c1339e971458e,D:\INFANT CRY\data_set_dbl_split\train\hungry\dunstan-neh_2.wav,hungry/dunstan-neh_2.wav,baby,4,infantcry_dbl,infant_sha256:9e29bfaff786131f185aa3430b399cd86489c9d105de4c30aee2bea7ad92682f,exact_content_sha256,9e29bfaff786131f185aa3430b399cd86489c9d105de4c30aee2bea7ad92682f,StratifiedGroupKFold,42
rec_84297140893c78309e78,D:\INFANT CRY\data_set_dbl_split\train\hungry\dunstan-neh_34.wav,hungry/dunstan-neh_34.wav,baby,4,infantcry_dbl,infant_sha256:293cc00f791b928ca588039a5c7fcf3227d54de23274e0ccf3710b5d44ab8b8f,exact_content_sha256,293cc00f791b928ca588039a5c7fcf3227d54de23274e0ccf3710b5d44ab8b8f,StratifiedGroupKFold,42
rec_8f4ae3b0a43cca27a403,D:\INFANT CRY\data_set_dbl_split\train\hungry\dunstan-neh_39.wav,hungry/dunstan-neh_39.wav,baby,4,infantcry_dbl,infant_sha256:10b87be6ec30b8983df637c55cf1eb56e731c180c6c36278b732422e5b8342ed,exact_content_sha256,10b87be6ec30b8983df637c55cf1eb56e731c180c6c36278b732422e5b8342ed,StratifiedGroupKFold,42
rec_1ead87a594d0546fc079,D:\INFANT CRY\data_set_dbl_split\train\hungry\dunstan-neh_51.wav,hungry/dunstan-neh_51.wav,baby,4,infantcry_dbl,infant_sha256:ade8aa7e3f4fabc4d3e211c665dd14721924a46cc2e29c35a074d8ad9907d9d7,exact_content_sha256,ade8aa7e3f4fabc4d3e211c665dd14721924a46cc2e29c35a074d8ad9907d9d7,StratifiedGroupKFold,42
rec_67cd8ebaa80d4dbd74da,D:\INFANT CRY\data_set_dbl_split\train\hungry\dunstan-neh_56.wav,hungry/dunstan-neh_56.wav,baby,4,infantcry_dbl,infant_sha256:c77c51072e5129cdd2a139d7ffbce339d7f426c87ce9698777a9b33b7c31e13e,exact_content_sha256,c77c51072e5129cdd2a139d7ffbce339d7f426c87ce9698777a9b33b7c31e13e,StratifiedGroupKFold,42
rec_cbccd8fd251b87fe11d5,D:\INFANT CRY\data_set_dbl_split\train\hungry\dunstan-neh_62.wav,hungry/dunstan-neh_62.wav,baby,4,infantcry_dbl,infant_sha256:f417c5929d46454e7ebf7f9f2cf14eb389ec4b6b032933ffd4f811752d0cb99b,exact_content_sha256,f417c5929d46454e7ebf7f9f2cf14eb389ec4b6b032933ffd4f811752d0cb99b,StratifiedGroupKFold,42
rec_74009090eeaa4cb18f98,D:\INFANT CRY\data_set_dbl_split\train\tired\1120_M_owh.wav,tired/1120_M_owh.wav,baby,4,infantcry_dbl,infant_sha256:f1ec3592795c90404f517a1e0a939a1cf0ddc8f601138bfdfaa15c8dc65c641a,exact_content_sha256,f1ec3592795c90404f517a1e0a939a1cf0ddc8f601138bfdfaa15c8dc65c641a,StratifiedGroupKFold,42
rec_87a7a199ee910aba5bc8,D:\INFANT CRY\data_set_dbl_split\train\tired\1140_M_owh.wav,tired/1140_M_owh.wav,baby,4,infantcry_dbl,infant_sha256:fbc4d648a9646ce6cf9ac05ecbfda208040a0cd00b844856068c8f50a37afeb5,exact_content_sha256,fbc4d648a9646ce6cf9ac05ecbfda208040a0cd00b844856068c8f50a37afeb5,StratifiedGroupKFold,42
rec_950b0753ed9a03701514,D:\INFANT CRY\data_set_dbl_split\train\tired\1348_M_owh.wav,tired/1348_M_owh.wav,baby,4,infantcry_dbl,infant_sha256:42824cdefd03ef8782931e59d8346ea9f994b845eab24ca34330ef0f674d2d60,exact_content_sha256,42824cdefd03ef8782931e59d8346ea9f994b845eab24ca34330ef0f674d2d60,StratifiedGroupKFold,42
rec_a5039b5021ec851f2bf6,D:\INFANT CRY\data_set_dbl_split\train\tired\1476_M_owh.wav,tired/1476_M_owh.wav,baby,4,infantcry_dbl,infant_sha256:7e088c0581ed3ddc44e84ae69ddb3a47a4677ad85890b945cde6678230b4eeee,exact_content_sha256,7e088c0581ed3ddc44e84ae69ddb3a47a4677ad85890b945cde6678230b4eeee,StratifiedGroupKFold,42
rec_4f9fc53284b79df94f38,D:\INFANT CRY\data_set_dbl_split\train\tired\1491_M_owh.wav,tired/1491_M_owh.wav,baby,4,infantcry_dbl,infant_sha256:5bb3a46c4d3068bfa2d0e48ae20eaf46dda6d2a49a87b9ebc28c301345e48e37,exact_content_sha256,5bb3a46c4d3068bfa2d0e48ae20eaf46dda6d2a49a87b9ebc28c301345e48e37,StratifiedGroupKFold,42
rec_47309942b1070056b9ed,D:\INFANT CRY\data_set_dbl_split\train\tired\1505_M_owh.wav,tired/1505_M_owh.wav,baby,4,infantcry_dbl,infant_sha256:62623fbcabe3221e5187068b470c0ac0e7ff35a2e2aac0965b1cf2d1b5ee07c7,exact_content_sha256,62623fbcabe3221e5187068b470c0ac0e7ff35a2e2aac0965b1cf2d1b5ee07c7,StratifiedGroupKFold,42
rec_2303bec8201142fee34f,D:\INFANT CRY\data_set_dbl_split\train\tired\1551_F_owh.wav,tired/1551_F_owh.wav,baby,4,infantcry_dbl,infant_sha256:e2e51405c4f5541282f428081bb9d47504a570f53c08642a9e2c6ac62ae9ffcb,exact_content_sha256,e2e51405c4f5541282f428081bb9d47504a570f53c08642a9e2c6ac62ae9ffcb,StratifiedGroupKFold,42
rec_9661a763b41403859d51,D:\INFANT CRY\data_set_dbl_split\train\tired\1556_M_owh.wav,tired/1556_M_owh.wav,baby,4,infantcry_dbl,infant_sha256:a77945030575a70ae41e870baba365f768fba06e4672debe070feef61e8376ac,exact_content_sha256,a77945030575a70ae41e870baba365f768fba06e4672debe070feef61e8376ac,StratifiedGroupKFold,42
rec_fa1666c430c4c24731a7,D:\INFANT CRY\data_set_dbl_split\train\tired\1725_M_owh.wav,tired/1725_M_owh.wav,baby,4,infantcry_dbl,infant_sha256:7dd152087fcefcc9f9b93c1caa89373a516088657d3ba41aeea69aa16f15b989,exact_content_sha256,7dd152087fcefcc9f9b93c1caa89373a516088657d3ba41aeea69aa16f15b989,StratifiedGroupKFold,42
rec_fa3414ff2d6d5d170b65,D:\INFANT CRY\data_set_dbl_split\train\tired\1774_M_owh.wav,tired/1774_M_owh.wav,baby,4,infantcry_dbl,infant_sha256:3fa6e2666c394674d2d2df336892f446c715268127f45952bdf38e2bc99b35a3,exact_content_sha256,3fa6e2666c394674d2d2df336892f446c715268127f45952bdf38e2bc99b35a3,StratifiedGroupKFold,42
rec_a86214024c23c1eb4af8,D:\INFANT CRY\data_set_dbl_split\train\tired\179_F_owh.wav,tired/179_F_owh.wav,baby,4,infantcry_dbl,infant_sha256:46ee40b16449e56dab56057a22f996c840e1be02aa67c9d2e97bda8770443971,exact_content_sha256,46ee40b16449e56dab56057a22f996c840e1be02aa67c9d2e97bda8770443971,StratifiedGroupKFold,42
rec_cdca1935e390a0d6b1bb,D:\INFANT CRY\data_set_dbl_split\train\tired\1865_M_owh.wav,tired/1865_M_owh.wav,baby,4,infantcry_dbl,infant_sha256:e5ba0360ab4414b6412e0a5f9d59ce24b1fb71b38dd77ea8addfd620854b28e9,exact_content_sha256,e5ba0360ab4414b6412e0a5f9d59ce24b1fb71b38dd77ea8addfd620854b28e9,StratifiedGroupKFold,42
rec_19e3c637f4eccbf04858,D:\INFANT CRY\data_set_dbl_split\train\tired\1972_M_owh.wav,tired/1972_M_owh.wav,baby,4,infantcry_dbl,infant_sha256:0593ce11789b5e1e41471525625f663b573e6508299df09a38c68e2a878547e4,exact_content_sha256,0593ce11789b5e1e41471525625f663b573e6508299df09a38c68e2a878547e4,StratifiedGroupKFold,42
rec_7beed2f33fe7b4e9f141,D:\INFANT CRY\data_set_dbl_split\train\tired\1989_M_owh.wav,tired/1989_M_owh.wav,baby,4,infantcry_dbl,infant_sha256:9ebbcc850d7d261dae088310b870f32fc5c2f0acbf388dc1047d11c8694688e5,exact_content_sha256,9ebbcc850d7d261dae088310b870f32fc5c2f0acbf388dc1047d11c8694688e5,StratifiedGroupKFold,42
rec_3fbc9c99d39c09d4bf5d,D:\INFANT CRY\data_set_dbl_split\train\tired\2074_M_owh.wav,tired/2074_M_owh.wav,baby,4,infantcry_dbl,infant_sha256:fd8e259c60f0a8eff045c1a65c4f84eb53a359c67032c113fba9c5ea4bf734e8,exact_content_sha256,fd8e259c60f0a8eff045c1a65c4f84eb53a359c67032c113fba9c5ea4bf734e8,StratifiedGroupKFold,42
rec_e9b13a34e140c3af34e3,D:\INFANT CRY\data_set_dbl_split\train\tired\2103_M_owh.wav,tired/2103_M_owh.wav,baby,4,infantcry_dbl,infant_sha256:05a6d18a4bec28f9dcf857d6bffc78fca612a8ea78d7e52930ae985016dfc087,exact_content_sha256,05a6d18a4bec28f9dcf857d6bffc78fca612a8ea78d7e52930ae985016dfc087,StratifiedGroupKFold,42
rec_ad7a8d3d686c4a2b571d,D:\INFANT CRY\data_set_dbl_split\train\tired\2135_M_owh.wav,tired/2135_M_owh.wav,baby,4,infantcry_dbl,infant_sha256:3082f84df9b6206b8ef6e7749417e62b26a16543dacd215a79fd123402ccdf2a,exact_content_sha256,3082f84df9b6206b8ef6e7749417e62b26a16543dacd215a79fd123402ccdf2a,StratifiedGroupKFold,42
rec_55c25b068de75a47c841,D:\INFANT CRY\data_set_dbl_split\train\tired\2146_M_owh.wav,tired/2146_M_owh.wav,baby,4,infantcry_dbl,infant_sha256:e7620a449aa208526d666c22fe3df87d65e5c83c359c88aac4e0c99b310076fa,exact_content_sha256,e7620a449aa208526d666c22fe3df87d65e5c83c359c88aac4e0c99b310076fa,StratifiedGroupKFold,42
rec_9fb599f6770b54b0dbf5,D:\INFANT CRY\data_set_dbl_split\train\tired\2215_M_owh.wav,tired/2215_M_owh.wav,baby,4,infantcry_dbl,infant_sha256:09d2b7623a4612206b1024981b7c234cf4196ea5113dd6ab7bbd0d5b381dc427,exact_content_sha256,09d2b7623a4612206b1024981b7c234cf4196ea5113dd6ab7bbd0d5b381dc427,StratifiedGroupKFold,42
rec_645d2e516bdc0a583b5e,D:\INFANT CRY\data_set_dbl_split\train\tired\2234_M_owh.wav,tired/2234_M_owh.wav,baby,4,infantcry_dbl,infant_sha256:aa0d2bd701e4775bc00120e49ccd80193931f1bf5028a6ad1cfaf33d393bbd6c,exact_content_sha256,aa0d2bd701e4775bc00120e49ccd80193931f1bf5028a6ad1cfaf33d393bbd6c,StratifiedGroupKFold,42
rec_bb979998a38c7d43cc11,D:\INFANT CRY\data_set_dbl_split\train\tired\2245_M_owh.wav,tired/2245_M_owh.wav,baby,4,infantcry_dbl,infant_sha256:0b2111ed62475576e69fbc0defcdd39b28784c1af2ea26d43fbffad8d68e9c87,exact_content_sha256,0b2111ed62475576e69fbc0defcdd39b28784c1af2ea26d43fbffad8d68e9c87,StratifiedGroupKFold,42
rec_cba9e2293ee5fcc657a7,D:\INFANT CRY\data_set_dbl_split\train\tired\2266_M_owh.wav,tired/2266_M_owh.wav,baby,4,infantcry_dbl,infant_sha256:34686bfc9b7b9c2b9e72a44fc9aab78f5aed4dd889ca1a7726ae43a3aab3ec63,exact_content_sha256,34686bfc9b7b9c2b9e72a44fc9aab78f5aed4dd889ca1a7726ae43a3aab3ec63,StratifiedGroupKFold,42
rec_8507dc9189bc37ede147,D:\INFANT CRY\data_set_dbl_split\train\tired\2279_M_owh.wav,tired/2279_M_owh.wav,baby,4,infantcry_dbl,infant_sha256:7737658c872e33b2c80fe069acaa26e11c3dece985dd8c9feb1ddf4b03cdd420,exact_content_sha256,7737658c872e33b2c80fe069acaa26e11c3dece985dd8c9feb1ddf4b03cdd420,StratifiedGroupKFold,42
rec_340664eb0492fc2ddab1,D:\INFANT CRY\data_set_dbl_split\train\tired\2290_M_owh.wav,tired/2290_M_owh.wav,baby,4,infantcry_dbl,infant_sha256:b9c0e85367f53498d78b1478a6db801875c3592808706c11b71fcc01e7bf25f1,exact_content_sha256,b9c0e85367f53498d78b1478a6db801875c3592808706c11b71fcc01e7bf25f1,StratifiedGroupKFold,42
rec_722376ba07089a6d9131,D:\INFANT CRY\data_set_dbl_split\train\tired\2295_M_owh.wav,tired/2295_M_owh.wav,baby,4,infantcry_dbl,infant_sha256:2e6018056002643c7c71f8d880c0b6442ab75fbb7227cf839b05ba881d7c08f4,exact_content_sha256,2e6018056002643c7c71f8d880c0b6442ab75fbb7227cf839b05ba881d7c08f4,StratifiedGroupKFold,42
rec_df785e795ad502503b81,D:\INFANT CRY\data_set_dbl_split\train\tired\2340_M_owh.wav,tired/2340_M_owh.wav,baby,4,infantcry_dbl,infant_sha256:b3b413ba2465559e880193d5fa218c696b1ae9ba25b16c1cdeaccf6993183573,exact_content_sha256,b3b413ba2465559e880193d5fa218c696b1ae9ba25b16c1cdeaccf6993183573,StratifiedGroupKFold,42
rec_6276518614ba6d8ec017,D:\INFANT CRY\data_set_dbl_split\train\tired\237_F_owh.wav,tired/237_F_owh.wav,baby,4,infantcry_dbl,infant_sha256:fd90cb5ad5c78efef615593c37f61e25d83a20537c4632a4484443e7754500bc,exact_content_sha256,fd90cb5ad5c78efef615593c37f61e25d83a20537c4632a4484443e7754500bc,StratifiedGroupKFold,42
rec_6daa9db650506e5efc32,D:\INFANT CRY\data_set_dbl_split\train\tired\238_M_owh.wav,tired/238_M_owh.wav,baby,4,infantcry_dbl,infant_sha256:8f12807c8fef9c5e99cfb772f11d8ec2d141a33174c46eeacd7087fbf8ff612c,exact_content_sha256,8f12807c8fef9c5e99cfb772f11d8ec2d141a33174c46eeacd7087fbf8ff612c,StratifiedGroupKFold,42
rec_f86684c7658d6ac079e3,D:\INFANT CRY\data_set_dbl_split\train\tired\2436_M_owh.wav,tired/2436_M_owh.wav,baby,4,infantcry_dbl,infant_sha256:e420b623a31fe93cbffdc276365aaa68c908cd2e249f238a95eed60dded9de8e,exact_content_sha256,e420b623a31fe93cbffdc276365aaa68c908cd2e249f238a95eed60dded9de8e,StratifiedGroupKFold,42
rec_f74a9bf0edfbbeb47c5f,D:\INFANT CRY\data_set_dbl_split\train\tired\2497_M_owh.wav,tired/2497_M_owh.wav,baby,4,infantcry_dbl,infant_sha256:1a929053c7eaf6b742b2b1d9f9d4c3e94f62268992ba087fe8b9780f875b3249,exact_content_sha256,1a929053c7eaf6b742b2b1d9f9d4c3e94f62268992ba087fe8b9780f875b3249,StratifiedGroupKFold,42
rec_90c2b7344379b421742e,D:\INFANT CRY\data_set_dbl_split\train\tired\2513_M_owh.wav,tired/2513_M_owh.wav,baby,4,infantcry_dbl,infant_sha256:3bed97043b4998eabb7a292f1691fd7cde77f02c14da55862e1ea409a95323d4,exact_content_sha256,3bed97043b4998eabb7a292f1691fd7cde77f02c14da55862e1ea409a95323d4,StratifiedGroupKFold,42
rec_1062d47347e6b23f7cf2,D:\INFANT CRY\data_set_dbl_split\train\tired\2524_M_owh.wav,tired/2524_M_owh.wav,baby,4,infantcry_dbl,infant_sha256:84ead58174f737ca67c9ff6a93be731c82703538dcbf0c94cbc4607932b010b1,exact_content_sha256,84ead58174f737ca67c9ff6a93be731c82703538dcbf0c94cbc4607932b010b1,StratifiedGroupKFold,42
rec_0fc1470007a39b69db4e,D:\INFANT CRY\data_set_dbl_split\train\tired\2544_M_owh.wav,tired/2544_M_owh.wav,baby,4,infantcry_dbl,infant_sha256:f326205eebcf5881c8bd1ced5c7a0283c68837fe827234745516696667226364,exact_content_sha256,f326205eebcf5881c8bd1ced5c7a0283c68837fe827234745516696667226364,StratifiedGroupKFold,42
rec_1831634593c56a2fa480,D:\INFANT CRY\data_set_dbl_split\train\tired\2557_M_owh.wav,tired/2557_M_owh.wav,baby,4,infantcry_dbl,infant_sha256:72af335fd5467a7974a062624c90eab79b407c2ae72043db7b8435189354cd42,exact_content_sha256,72af335fd5467a7974a062624c90eab79b407c2ae72043db7b8435189354cd42,StratifiedGroupKFold,42
rec_42ba1c8f4c28816ef111,D:\INFANT CRY\data_set_dbl_split\train\tired\2630_M_owh.wav,tired/2630_M_owh.wav,baby,4,infantcry_dbl,infant_sha256:837b80fc5b84f72260b0d6615a621036ec7dab3fc3158d96c49188ab5e7cdc5a,exact_content_sha256,837b80fc5b84f72260b0d6615a621036ec7dab3fc3158d96c49188ab5e7cdc5a,StratifiedGroupKFold,42
rec_b4d96bf4d8d7b262ae32,D:\INFANT CRY\data_set_dbl_split\train\tired\2652_M_owh.wav,tired/2652_M_owh.wav,baby,4,infantcry_dbl,infant_sha256:a170a046cd6b048713dc900604247f6e9c9fceec9dbb65a02f001fc0653d0b21,exact_content_sha256,a170a046cd6b048713dc900604247f6e9c9fceec9dbb65a02f001fc0653d0b21,StratifiedGroupKFold,42
rec_a549fbbadfeefdc53ee5,D:\INFANT CRY\data_set_dbl_split\train\tired\2688_M_owh.wav,tired/2688_M_owh.wav,baby,4,infantcry_dbl,infant_sha256:af2076a70ea438a53e1e1df819b5bae820944cc7fd72f8822dfeb37e5362fc2d,exact_content_sha256,af2076a70ea438a53e1e1df819b5bae820944cc7fd72f8822dfeb37e5362fc2d,StratifiedGroupKFold,42
rec_312d854f59876c97469f,D:\INFANT CRY\data_set_dbl_split\train\tired\2863_M_owh.wav,tired/2863_M_owh.wav,baby,4,infantcry_dbl,infant_sha256:cace740b6e766b311da6615fa141a74637e8e2d2fb44c8043dcb3447bd0e081d,exact_content_sha256,cace740b6e766b311da6615fa141a74637e8e2d2fb44c8043dcb3447bd0e081d,StratifiedGroupKFold,42
rec_fc0862157e74a109e0eb,D:\INFANT CRY\data_set_dbl_split\train\tired\2906_M_owh.wav,tired/2906_M_owh.wav,baby,4,infantcry_dbl,infant_sha256:5aa22936711e4e0a80e0d9055f4966f5b50afc8613680bfdac2233e8a9ef4429,exact_content_sha256,5aa22936711e4e0a80e0d9055f4966f5b50afc8613680bfdac2233e8a9ef4429,StratifiedGroupKFold,42
rec_bc90a552ca4d3a543123,D:\INFANT CRY\data_set_dbl_split\train\tired\2992_M_owh.wav,tired/2992_M_owh.wav,baby,4,infantcry_dbl,infant_sha256:52e3bfbf5ccbe6410d188e4986c3e5ebfdea741f5b489e155f227b0959fb98a6,exact_content_sha256,52e3bfbf5ccbe6410d188e4986c3e5ebfdea741f5b489e155f227b0959fb98a6,StratifiedGroupKFold,42
rec_4693ab9c0b99847a7b71,D:\INFANT CRY\data_set_dbl_split\train\tired\3001_M_owh.wav,tired/3001_M_owh.wav,baby,4,infantcry_dbl,infant_sha256:ea0fe0adef549066cca493fc047fca58b2035ef849a478d6a5d936ccd93124fa,exact_content_sha256,ea0fe0adef549066cca493fc047fca58b2035ef849a478d6a5d936ccd93124fa,StratifiedGroupKFold,42
rec_1b930daa6ed7f795ac7b,D:\INFANT CRY\data_set_dbl_split\train\tired\3033_M_owh.wav,tired/3033_M_owh.wav,baby,4,infantcry_dbl,infant_sha256:b95dcbf651731e67f368ef422134c43a1ef1eb232a40f583a401756c92466a80,exact_content_sha256,b95dcbf651731e67f368ef422134c43a1ef1eb232a40f583a401756c92466a80,StratifiedGroupKFold,42
rec_b36f237f7b4978acb1db,D:\INFANT CRY\data_set_dbl_split\train\tired\3060_F_owh.wav,tired/3060_F_owh.wav,baby,4,infantcry_dbl,infant_sha256:8b90d0322263315ddac8d906018750137862c3cbdf55c3fa1e0ea8afa11a8e13,exact_content_sha256,8b90d0322263315ddac8d906018750137862c3cbdf55c3fa1e0ea8afa11a8e13,StratifiedGroupKFold,42
rec_7a20cf0829b4f9dc62d2,D:\INFANT CRY\data_set_dbl_split\train\tired\3119_M_owh.wav,tired/3119_M_owh.wav,baby,4,infantcry_dbl,infant_sha256:5efdbb630cb124871f88f24e3a2c90b0c0bbfca367e06a0b28bdfae6d211add5,exact_content_sha256,5efdbb630cb124871f88f24e3a2c90b0c0bbfca367e06a0b28bdfae6d211add5,StratifiedGroupKFold,42
rec_f19355b8f788e236fa53,D:\INFANT CRY\data_set_dbl_split\train\tired\3154_F_owh.wav,tired/3154_F_owh.wav,baby,4,infantcry_dbl,infant_sha256:089302d470c664d700220b2be1eb79e952454c93d04463bdb440b5767f6d06b6,exact_content_sha256,089302d470c664d700220b2be1eb79e952454c93d04463bdb440b5767f6d06b6,StratifiedGroupKFold,42
rec_6d343491c6f14803a68d,D:\INFANT CRY\data_set_dbl_split\train\tired\3209_M_owh.wav,tired/3209_M_owh.wav,baby,4,infantcry_dbl,infant_sha256:38eb324f6fd5382ba752ef574b8662fd749475390dc40b3dea858cf261805af6,exact_content_sha256,38eb324f6fd5382ba752ef574b8662fd749475390dc40b3dea858cf261805af6,StratifiedGroupKFold,42
rec_fded9f738d44034dab18,D:\INFANT CRY\data_set_dbl_split\train\tired\3260_F_owh.wav,tired/3260_F_owh.wav,baby,4,infantcry_dbl,infant_sha256:1444a31e68c98343054fc1637e413b98c868e987765569faf8c62b31d4566a89,exact_content_sha256,1444a31e68c98343054fc1637e413b98c868e987765569faf8c62b31d4566a89,StratifiedGroupKFold,42
rec_cf8492163aee5801b3b9,D:\INFANT CRY\data_set_dbl_split\train\tired\3284_M_owh.wav,tired/3284_M_owh.wav,baby,4,infantcry_dbl,infant_sha256:d2fdd41a47900aeed4aa88eb3bbd59ee6333653cacc3b1715a57cc42982cd259,exact_content_sha256,d2fdd41a47900aeed4aa88eb3bbd59ee6333653cacc3b1715a57cc42982cd259,StratifiedGroupKFold,42
rec_7c04ee696339c5e73fe9,D:\INFANT CRY\data_set_dbl_split\train\tired\3292_M_owh.wav,tired/3292_M_owh.wav,baby,4,infantcry_dbl,infant_sha256:9094d679323536ed3c412ec94b6fa714247ac0b160dd6a177c45cf4b7f982530,exact_content_sha256,9094d679323536ed3c412ec94b6fa714247ac0b160dd6a177c45cf4b7f982530,StratifiedGroupKFold,42
rec_693b5660dfb3691e5e4b,D:\INFANT CRY\data_set_dbl_split\train\tired\3338_F_owh.wav,tired/3338_F_owh.wav,baby,4,infantcry_dbl,infant_sha256:3e12d76e3e8c27a43383fc9d22e2d51c8932db73786c03253f688f6c8d423114,exact_content_sha256,3e12d76e3e8c27a43383fc9d22e2d51c8932db73786c03253f688f6c8d423114,StratifiedGroupKFold,42
rec_0f7deb66984dba6ba94e,D:\INFANT CRY\data_set_dbl_split\train\tired\3360_M_owh.wav,tired/3360_M_owh.wav,baby,4,infantcry_dbl,infant_sha256:a5e466da578257bf99c56362b5383e6c81bc4ac7495c9f58d1ff3665bc0ea0ba,exact_content_sha256,a5e466da578257bf99c56362b5383e6c81bc4ac7495c9f58d1ff3665bc0ea0ba,StratifiedGroupKFold,42
rec_250efc7c921cf59ce4bd,D:\INFANT CRY\data_set_dbl_split\train\tired\3386_F_owh.wav,tired/3386_F_owh.wav,baby,4,infantcry_dbl,infant_sha256:898e2c61d00690ab8a6d7161231d622e603512c6ba504b92ebfd8757f527d901,exact_content_sha256,898e2c61d00690ab8a6d7161231d622e603512c6ba504b92ebfd8757f527d901,StratifiedGroupKFold,42
rec_1fe72510e3bd2d618096,D:\INFANT CRY\data_set_dbl_split\train\tired\3481_M_owh.wav,tired/3481_M_owh.wav,baby,4,infantcry_dbl,infant_sha256:75bb33c39477d94b35eddc6038124e265b6ef9c5049b37ee576f483a0b2e3974,exact_content_sha256,75bb33c39477d94b35eddc6038124e265b6ef9c5049b37ee576f483a0b2e3974,StratifiedGroupKFold,42
rec_048ba98d01f4f76692ca,D:\INFANT CRY\data_set_dbl_split\train\tired\3544_M_owh.wav,tired/3544_M_owh.wav,baby,4,infantcry_dbl,infant_sha256:b68d23123bf661860d8f847bc6cae73ace6dff71a903e420e7de18a908ed3034,exact_content_sha256,b68d23123bf661860d8f847bc6cae73ace6dff71a903e420e7de18a908ed3034,StratifiedGroupKFold,42
rec_617d85ed5a4643582919,D:\INFANT CRY\data_set_dbl_split\train\tired\3547_M_owh.wav,tired/3547_M_owh.wav,baby,4,infantcry_dbl,infant_sha256:8ca8c3da54a36acfd6971eebae2352b5652fad5b706765ddaace6e85b72bbf1a,exact_content_sha256,8ca8c3da54a36acfd6971eebae2352b5652fad5b706765ddaace6e85b72bbf1a,StratifiedGroupKFold,42
rec_985a6fa6818a2b4febc2,D:\INFANT CRY\data_set_dbl_split\train\tired\3592_M_owh.wav,tired/3592_M_owh.wav,baby,4,infantcry_dbl,infant_sha256:db8c86c1dc4998b330d3eaee1265710288e3af45611ccfa8bd04a2235c1448a8,exact_content_sha256,db8c86c1dc4998b330d3eaee1265710288e3af45611ccfa8bd04a2235c1448a8,StratifiedGroupKFold,42
rec_3cd4d9b26dd63eaa41a9,D:\INFANT CRY\data_set_dbl_split\train\tired\3604_M_owh.wav,tired/3604_M_owh.wav,baby,4,infantcry_dbl,infant_sha256:43099f7b1787f1b3eaa6a6b3fc5391f1247563f6ca2e4120cd71fab674cc0196,exact_content_sha256,43099f7b1787f1b3eaa6a6b3fc5391f1247563f6ca2e4120cd71fab674cc0196,StratifiedGroupKFold,42
rec_48951fef0bfcff5b8170,D:\INFANT CRY\data_set_dbl_split\train\tired\3615_M_owh.wav,tired/3615_M_owh.wav,baby,4,infantcry_dbl,infant_sha256:68d22280f169328d0f01abb50a9c98940e4cd8bc88a9f8d3c14ce6e5ff19570e,exact_content_sha256,68d22280f169328d0f01abb50a9c98940e4cd8bc88a9f8d3c14ce6e5ff19570e,StratifiedGroupKFold,42
rec_71d519834ec9f81ad9a3,D:\INFANT CRY\data_set_dbl_split\train\tired\3636_M_owh.wav,tired/3636_M_owh.wav,baby,4,infantcry_dbl,infant_sha256:ee548efb01fdb6a7b248f5e7da3e33497c10412d49abeb0356da7b601cbd5e63,exact_content_sha256,ee548efb01fdb6a7b248f5e7da3e33497c10412d49abeb0356da7b601cbd5e63,StratifiedGroupKFold,42
rec_c89d13e7865172880545,D:\INFANT CRY\data_set_dbl_split\train\tired\3643_M_owh.wav,tired/3643_M_owh.wav,baby,4,infantcry_dbl,infant_sha256:ccaa137525c5c4deb8848e64257f8357d887b0c35f8d13d923edea27919a3474,exact_content_sha256,ccaa137525c5c4deb8848e64257f8357d887b0c35f8d13d923edea27919a3474,StratifiedGroupKFold,42
rec_bede2a92e493faf3344f,D:\INFANT CRY\data_set_dbl_split\train\tired\3650_M_owh.wav,tired/3650_M_owh.wav,baby,4,infantcry_dbl,infant_sha256:864e8f886cb6a1266393bc8d0fe98892ee9e7b418142711abc16b8b39e4a208c,exact_content_sha256,864e8f886cb6a1266393bc8d0fe98892ee9e7b418142711abc16b8b39e4a208c,StratifiedGroupKFold,42
rec_c338c1bd041cd37e7d9e,D:\INFANT CRY\data_set_dbl_split\train\tired\3686_M_owh.wav,tired/3686_M_owh.wav,baby,4,infantcry_dbl,infant_sha256:2572450d80dba98e512552d91c15f229633356c4d163f88b2b785bdd8912a7cf,exact_content_sha256,2572450d80dba98e512552d91c15f229633356c4d163f88b2b785bdd8912a7cf,StratifiedGroupKFold,42
rec_c48dde2faccdf332a004,D:\INFANT CRY\data_set_dbl_split\train\tired\370_F_owh.wav,tired/370_F_owh.wav,baby,4,infantcry_dbl,infant_sha256:d3ff68dd4ed3af6dbfc1694880b18a73110a44fd178d295fb2e3b6331d8630e5,exact_content_sha256,d3ff68dd4ed3af6dbfc1694880b18a73110a44fd178d295fb2e3b6331d8630e5,StratifiedGroupKFold,42
rec_33375a1af4ff1d4fdca9,D:\INFANT CRY\data_set_dbl_split\train\tired\3750_M_owh.wav,tired/3750_M_owh.wav,baby,4,infantcry_dbl,infant_sha256:5edf1a4bb1c4024fac850dfbbcd4a0c7c86cdb0ced0498cda24c160fd27cada2,exact_content_sha256,5edf1a4bb1c4024fac850dfbbcd4a0c7c86cdb0ced0498cda24c160fd27cada2,StratifiedGroupKFold,42
rec_6268ac4871b6d802a209,D:\INFANT CRY\data_set_dbl_split\train\tired\3758_F_owh.wav,tired/3758_F_owh.wav,baby,4,infantcry_dbl,infant_sha256:e8b0673d5a8302ef5787770fd06e3c911ab9ed82eaa2f992cd7d6d1901a1c9ae,exact_content_sha256,e8b0673d5a8302ef5787770fd06e3c911ab9ed82eaa2f992cd7d6d1901a1c9ae,StratifiedGroupKFold,42
rec_da2e61468838f77116cd,D:\INFANT CRY\data_set_dbl_split\train\tired\3805_M_owh.wav,tired/3805_M_owh.wav,baby,4,infantcry_dbl,infant_sha256:8215de6736573416f3cdd6351d82beadf4a1aaada65d1c2cab46e0cbde9ff528,exact_content_sha256,8215de6736573416f3cdd6351d82beadf4a1aaada65d1c2cab46e0cbde9ff528,StratifiedGroupKFold,42
rec_e05eee5b1e7d58aee74f,D:\INFANT CRY\data_set_dbl_split\train\tired\3892_M_owh.wav,tired/3892_M_owh.wav,baby,4,infantcry_dbl,infant_sha256:3628167edd91ec95782e7dccd3a5aecfb0142284fec66e001bfaaccd0f3c669f,exact_content_sha256,3628167edd91ec95782e7dccd3a5aecfb0142284fec66e001bfaaccd0f3c669f,StratifiedGroupKFold,42
rec_d2499f5fa514f271b318,D:\INFANT CRY\data_set_dbl_split\train\tired\4011_M_owh.wav,tired/4011_M_owh.wav,baby,4,infantcry_dbl,infant_sha256:9a19544c44f2c9112be374afcb643b49e9584362acdb1bf7eca64412dea70ee5,exact_content_sha256,9a19544c44f2c9112be374afcb643b49e9584362acdb1bf7eca64412dea70ee5,StratifiedGroupKFold,42
rec_1c3a8befa18e3f2bc2e2,D:\INFANT CRY\data_set_dbl_split\train\tired\4172_F_owh.wav,tired/4172_F_owh.wav,baby,4,infantcry_dbl,infant_sha256:65cc0faa0d975cb936f4809d4b3a7929dc726b6c7a53b89a483b3144cd73dbaa,exact_content_sha256,65cc0faa0d975cb936f4809d4b3a7929dc726b6c7a53b89a483b3144cd73dbaa,StratifiedGroupKFold,42
rec_9974b4477bbeef0092e4,D:\INFANT CRY\data_set_dbl_split\train\tired\4272_M_owh.wav,tired/4272_M_owh.wav,baby,4,infantcry_dbl,infant_sha256:53ec0276bdc29fdbac36446ade58fefbb3d7466fc49d819e391cfd7794bf6328,exact_content_sha256,53ec0276bdc29fdbac36446ade58fefbb3d7466fc49d819e391cfd7794bf6328,StratifiedGroupKFold,42
rec_11e707cc06b710853ba4,D:\INFANT CRY\data_set_dbl_split\train\tired\4324_F_owh.wav,tired/4324_F_owh.wav,baby,4,infantcry_dbl,infant_sha256:f4dfac3259b5fac00126d1f0e45a9a4d1ae8e0c646630c0d27d0832b13e78c5a,exact_content_sha256,f4dfac3259b5fac00126d1f0e45a9a4d1ae8e0c646630c0d27d0832b13e78c5a,StratifiedGroupKFold,42
rec_263e95bdf9b45638bb27,D:\INFANT CRY\data_set_dbl_split\train\tired\432_F_owh.wav,tired/432_F_owh.wav,baby,4,infantcry_dbl,infant_sha256:fb4b5fea56cc5f677b0caaa673675eaf934389984305e80a5082c350c0aa0bb1,exact_content_sha256,fb4b5fea56cc5f677b0caaa673675eaf934389984305e80a5082c350c0aa0bb1,StratifiedGroupKFold,42
rec_6883498825c32e7e15df,D:\INFANT CRY\data_set_dbl_split\train\tired\4334_F_owh.wav,tired/4334_F_owh.wav,baby,4,infantcry_dbl,infant_sha256:590ce0f43a35f542138750212340fd0d18288ae68c86306bbc12b5ad1cd49626,exact_content_sha256,590ce0f43a35f542138750212340fd0d18288ae68c86306bbc12b5ad1cd49626,StratifiedGroupKFold,42
rec_e2c02ee3ff7bc71fc059,D:\INFANT CRY\data_set_dbl_split\train\tired\4426_M_owh.wav,tired/4426_M_owh.wav,baby,4,infantcry_dbl,infant_sha256:d56e640542066f38215bc373c6cd2aa6b1dca18e32f27103b58237cfb6dc393b,exact_content_sha256,d56e640542066f38215bc373c6cd2aa6b1dca18e32f27103b58237cfb6dc393b,StratifiedGroupKFold,42
rec_2d7b26e538714292eb4a,D:\INFANT CRY\data_set_dbl_split\train\tired\4467_M_owh.wav,tired/4467_M_owh.wav,baby,4,infantcry_dbl,infant_sha256:6c34e99f003b09986af692652723c507cbd3c53ece284dc7effa05249482c20f,exact_content_sha256,6c34e99f003b09986af692652723c507cbd3c53ece284dc7effa05249482c20f,StratifiedGroupKFold,42
rec_95c169f810ee8691f646,D:\INFANT CRY\data_set_dbl_split\train\tired\4478_M_owh.wav,tired/4478_M_owh.wav,baby,4,infantcry_dbl,infant_sha256:4812784a670b5db0534ff3f2bd9e726ecf796102f06c8148b2f5ebd754f871c8,exact_content_sha256,4812784a670b5db0534ff3f2bd9e726ecf796102f06c8148b2f5ebd754f871c8,StratifiedGroupKFold,42
rec_1dc86a88f619dc329d0a,D:\INFANT CRY\data_set_dbl_split\train\tired\4542_M_owh.wav,tired/4542_M_owh.wav,baby,4,infantcry_dbl,infant_sha256:3d779e369b772ac269fb8e4c450a42342a4a5976d5f2fcb3b35e9ae81719964d,exact_content_sha256,3d779e369b772ac269fb8e4c450a42342a4a5976d5f2fcb3b35e9ae81719964d,StratifiedGroupKFold,42
rec_00fb21fcc5074d6fdb5e,D:\INFANT CRY\data_set_dbl_split\train\tired\4562_M_owh.wav,tired/4562_M_owh.wav,baby,4,infantcry_dbl,infant_sha256:58de5f5db07f4128aef184c78d95e747f9996611880ce8790b34e84c68e41c44,exact_content_sha256,58de5f5db07f4128aef184c78d95e747f9996611880ce8790b34e84c68e41c44,StratifiedGroupKFold,42
rec_12747cef979d624075a6,D:\INFANT CRY\data_set_dbl_split\train\tired\461_M_owh.wav,tired/461_M_owh.wav,baby,4,infantcry_dbl,infant_sha256:126f0ff0f0efe794af6ddb1d48b2987093f2728659e3a66e95b7bb06a5ea0538,exact_content_sha256,126f0ff0f0efe794af6ddb1d48b2987093f2728659e3a66e95b7bb06a5ea0538,StratifiedGroupKFold,42
rec_355d44738a3cd884e41c,D:\INFANT CRY\data_set_dbl_split\train\tired\4645_M_owh.wav,tired/4645_M_owh.wav,baby,4,infantcry_dbl,infant_sha256:817f42283fbc11374f4336546c587e2412f6c846f534393ae1b9e414e64a9327,exact_content_sha256,817f42283fbc11374f4336546c587e2412f6c846f534393ae1b9e414e64a9327,StratifiedGroupKFold,42
rec_779a15db4f4658575d1e,D:\INFANT CRY\data_set_dbl_split\train\tired\4750_M_owh.wav,tired/4750_M_owh.wav,baby,4,infantcry_dbl,infant_sha256:6f8b42b2e8e0675ce89f04a4a6f05b8d7abc477eeac0efc3327b39b997764bb0,exact_content_sha256,6f8b42b2e8e0675ce89f04a4a6f05b8d7abc477eeac0efc3327b39b997764bb0,StratifiedGroupKFold,42
rec_b4cf3fb29438e3698467,D:\INFANT CRY\data_set_dbl_split\train\tired\4810_F_owh.wav,tired/4810_F_owh.wav,baby,4,infantcry_dbl,infant_sha256:32fd0932bf3488da60f8c69ecb89e44eff2b32194f5e2121b458cc185d0ce854,exact_content_sha256,32fd0932bf3488da60f8c69ecb89e44eff2b32194f5e2121b458cc185d0ce854,StratifiedGroupKFold,42
rec_47687240794223f7bd4d,D:\INFANT CRY\data_set_dbl_split\train\tired\4857_F_owh.wav,tired/4857_F_owh.wav,baby,4,infantcry_dbl,infant_sha256:ab4de8b4e2d926d3b4294ce6a82af1ba7259d2a15277598d47fa76c424bef1b5,exact_content_sha256,ab4de8b4e2d926d3b4294ce6a82af1ba7259d2a15277598d47fa76c424bef1b5,StratifiedGroupKFold,42
rec_714a26b32e56f2dca6f0,D:\INFANT CRY\data_set_dbl_split\train\tired\4920_M_owh.wav,tired/4920_M_owh.wav,baby,4,infantcry_dbl,infant_sha256:802f569f1a75e5db07e7eb339d5618e8c8a6d514f29b7fdd22378cadfa10c17f,exact_content_sha256,802f569f1a75e5db07e7eb339d5618e8c8a6d514f29b7fdd22378cadfa10c17f,StratifiedGroupKFold,42
rec_d4c9e257eeadb5ae0aff,D:\INFANT CRY\data_set_dbl_split\train\tired\553_M_owh.wav,tired/553_M_owh.wav,baby,4,infantcry_dbl,infant_sha256:4723bac8c4d31af2d959573bb8073791530e21d71918eaa91750992c8899e685,exact_content_sha256,4723bac8c4d31af2d959573bb8073791530e21d71918eaa91750992c8899e685,StratifiedGroupKFold,42
rec_1cdf21146bf8e23eee07,D:\INFANT CRY\data_set_dbl_split\train\tired\629_F_owh.wav,tired/629_F_owh.wav,baby,4,infantcry_dbl,infant_sha256:df2c16a68e5d4497edba5bc9e3a0e0d19a039a9c91a688c82f62ff495537dc4f,exact_content_sha256,df2c16a68e5d4497edba5bc9e3a0e0d19a039a9c91a688c82f62ff495537dc4f,StratifiedGroupKFold,42
rec_f0237c7bc85ed44d1c5c,D:\INFANT CRY\data_set_dbl_split\train\tired\649_M_owh.wav,tired/649_M_owh.wav,baby,4,infantcry_dbl,infant_sha256:23b0b176c958d340a42705bae202fe9de4f6bba8ffc05364e8e80258c5875e2a,exact_content_sha256,23b0b176c958d340a42705bae202fe9de4f6bba8ffc05364e8e80258c5875e2a,StratifiedGroupKFold,42
rec_881aaca9321592ada989,D:\INFANT CRY\data_set_dbl_split\train\tired\725_M_owh.wav,tired/725_M_owh.wav,baby,4,infantcry_dbl,infant_sha256:20864c6ada4fac3655f8907cd0701136058a047637d34eb56f5237d452772fe4,exact_content_sha256,20864c6ada4fac3655f8907cd0701136058a047637d34eb56f5237d452772fe4,StratifiedGroupKFold,42
rec_8c8c6149d8b72a83e73f,D:\INFANT CRY\data_set_dbl_split\train\tired\731_M_owh.wav,tired/731_M_owh.wav,baby,4,infantcry_dbl,infant_sha256:1ee1b23da52bfbb3e84db221528ccb4092c18c171e8bdd5273bc4935eefa7259,exact_content_sha256,1ee1b23da52bfbb3e84db221528ccb4092c18c171e8bdd5273bc4935eefa7259,StratifiedGroupKFold,42
rec_6534da1f1641adc23b7b,D:\INFANT CRY\data_set_dbl_split\train\tired\784_M_owh.wav,tired/784_M_owh.wav,baby,4,infantcry_dbl,infant_sha256:c24716c41a35cb6ba6cf75486a8ec2094fe3684eec8c78cf5cf8c534c4bc449a,exact_content_sha256,c24716c41a35cb6ba6cf75486a8ec2094fe3684eec8c78cf5cf8c534c4bc449a,StratifiedGroupKFold,42
rec_1a94772b4370c02dfd42,D:\INFANT CRY\data_set_dbl_split\train\tired\792_M_owh.wav,tired/792_M_owh.wav,baby,4,infantcry_dbl,infant_sha256:4a4e69cb5d86b5c00e2bf94a208b4b4363f9f78f46509f02db9ec887c508eaef,exact_content_sha256,4a4e69cb5d86b5c00e2bf94a208b4b4363f9f78f46509f02db9ec887c508eaef,StratifiedGroupKFold,42
rec_b4d2ffa0d09f146f825e,D:\INFANT CRY\data_set_dbl_split\train\tired\968_M_owh.wav,tired/968_M_owh.wav,baby,4,infantcry_dbl,infant_sha256:d99c560cc52242c24cd8db127abfdec32efd74796dfd0e8daa16734b37bb6ecf,exact_content_sha256,d99c560cc52242c24cd8db127abfdec32efd74796dfd0e8daa16734b37bb6ecf,StratifiedGroupKFold,42
rec_3d5ed19aca9da009e092,D:\INFANT CRY\data_set_dbl_split\train\tired\988_M_owh.wav,tired/988_M_owh.wav,baby,4,infantcry_dbl,infant_sha256:c465a437d180cf90d69a9a1cc2c11910e6420892fd9144f4562bf328a78d8324,exact_content_sha256,c465a437d180cf90d69a9a1cc2c11910e6420892fd9144f4562bf328a78d8324,StratifiedGroupKFold,42
rec_d8f9daf02522d0d90587,D:\INFANT CRY\data_set_dbl_split\train\tired\dunstan-owh_1.wav,tired/dunstan-owh_1.wav,baby,4,infantcry_dbl,infant_sha256:26272410b0177a999355952d7e91ddf786e32be4620a8734b595aa8183504008,exact_content_sha256,26272410b0177a999355952d7e91ddf786e32be4620a8734b595aa8183504008,StratifiedGroupKFold,42
rec_201ae050b07f61deddd3,D:\INFANT CRY\data_set_dbl_split\train\tired\dunstan-owh_21.wav,tired/dunstan-owh_21.wav,baby,4,infantcry_dbl,infant_sha256:a18dd1c42245bf9f06e61714cece4a5177b621d5024aba3752bd9111c9b41677,exact_content_sha256,a18dd1c42245bf9f06e61714cece4a5177b621d5024aba3752bd9111c9b41677,StratifiedGroupKFold,42
rec_289ca3cc71bf3a313b04,D:\INFANT CRY\data_set_dbl_split\train\tired\dunstan-owh_34.wav,tired/dunstan-owh_34.wav,baby,4,infantcry_dbl,infant_sha256:d717f1e04a5f14106707ff0e90ed36e8b068850932d50cbc8d9529ee625df827,exact_content_sha256,d717f1e04a5f14106707ff0e90ed36e8b068850932d50cbc8d9529ee625df827,StratifiedGroupKFold,42
rec_4cbaef32706c295eb376,D:\INFANT CRY\data_set_dbl_split\train\not_baby\1-137296-A-16.wav,not_baby/1-137296-A-16.wav,not_baby,4,esc50,esc50_source:137296,esc50_source_file,73e2dd5e66dda29f76a54b53c3c8e33441d105fc35c1d231bfbd8f7a18442969,StratifiedGroupKFold,42
rec_7bc604429f5249695477,D:\INFANT CRY\data_set_dbl_split\train\not_baby\1-17124-A-43.wav,not_baby/1-17124-A-43.wav,not_baby,4,esc50,esc50_source:17124,esc50_source_file,9d5e01e07a386ee36c2e73f40817d132a54d91c936eccc01414280abca5a4209,StratifiedGroupKFold,42
rec_b13a4d5654209ef9bad4,D:\INFANT CRY\data_set_dbl_split\train\not_baby\1-18631-A-23.wav,not_baby/1-18631-A-23.wav,not_baby,4,esc50,esc50_source:18631,esc50_source_file,cdbd39617f2955d86ec18a4032ecd9090369c23f3d8c6d650f62e9e1ee19ea6a,StratifiedGroupKFold,42
rec_1c97969c11165650d878,D:\INFANT CRY\data_set_dbl_split\train\not_baby\1-19111-A-24.wav,not_baby/1-19111-A-24.wav,not_baby,4,esc50,esc50_source:19111,esc50_source_file,ab2afe6d0ee0de5edc1f0107448077919c6ac94dcf59243497e6fcb333685438,StratifiedGroupKFold,42
rec_f56369af549c07f430b3,D:\INFANT CRY\data_set_dbl_split\train\not_baby\1-21189-A-10.wav,not_baby/1-21189-A-10.wav,not_baby,4,esc50,esc50_source:21189,esc50_source_file,5f15ab2d8f6ef9932909b1b75c8ac254cbea46c93b4b2f0f3542abdf09b9abc0,StratifiedGroupKFold,42
rec_f821e4fb904018a5a981,D:\INFANT CRY\data_set_dbl_split\train\not_baby\1-23996-A-35.wav,not_baby/1-23996-A-35.wav,not_baby,4,esc50,esc50_source:23996,esc50_source_file,cbfd9239fcd7e10a936e6836bbcc8c5f391f89b6a1e12dfe159df717e2898657,StratifiedGroupKFold,42
rec_cd26c4f5badafe26c329,D:\INFANT CRY\data_set_dbl_split\train\not_baby\1-23996-B-35.wav,not_baby/1-23996-B-35.wav,not_baby,4,esc50,esc50_source:23996,esc50_source_file,ca674e8520adea211f45e60eb86ae13f1be91e976afb82427ad61cb814142a2f,StratifiedGroupKFold,42
rec_c15a624f11a62037e57e,D:\INFANT CRY\data_set_dbl_split\train\not_baby\1-25781-A-48.wav,not_baby/1-25781-A-48.wav,not_baby,4,esc50,esc50_source:25781,esc50_source_file,7a3a19a4d9c8eda970c76dd5c04fa9bb030475625aa94431bb5710ce59a028e4,StratifiedGroupKFold,42
rec_4354ccf07db20b1b7f30,D:\INFANT CRY\data_set_dbl_split\train\not_baby\1-26176-A-43.wav,not_baby/1-26176-A-43.wav,not_baby,4,esc50,esc50_source:26176,esc50_source_file,f1972b41b111a56e84d4fff30dd2e628521d6c699693adc60c14985c4cfdbf25,StratifiedGroupKFold,42
rec_924593df69cc6203c067,D:\INFANT CRY\data_set_dbl_split\train\not_baby\1-26177-A-43.wav,not_baby/1-26177-A-43.wav,not_baby,4,esc50,esc50_source:26177,esc50_source_file,65655fc14cb749884c5965a42912decebf922aa6b51f1e27f56da7f35d1d381f,StratifiedGroupKFold,42
rec_a4e5b8a8a52ca324349c,D:\INFANT CRY\data_set_dbl_split\train\not_baby\1-27724-A-1.wav,not_baby/1-27724-A-1.wav,not_baby,4,esc50,esc50_source:27724,esc50_source_file,3bb615f722d94caa848f64bf4da365fde52dc93a732b0d017d38fe9e1474649f,StratifiedGroupKFold,42
rec_c7b211a00c314708ef5b,D:\INFANT CRY\data_set_dbl_split\train\not_baby\1-28808-A-43.wav,not_baby/1-28808-A-43.wav,not_baby,4,esc50,esc50_source:28808,esc50_source_file,23c54679c820a7f6a71674df1ef064afffd3344d8ea859d9c5978301ce2736a5,StratifiedGroupKFold,42
rec_55a29c2440fc4ab2bbe9,D:\INFANT CRY\data_set_dbl_split\train\not_baby\1-30344-A-0.wav,not_baby/1-30344-A-0.wav,not_baby,4,esc50,esc50_source:30344,esc50_source_file,52a876cff473fe9b6deb4feea9545a2b976e63e03744921afc72f9800758ce30,StratifiedGroupKFold,42
rec_c920f8e16e3947a7eeae,D:\INFANT CRY\data_set_dbl_split\train\not_baby\1-32579-A-29.wav,not_baby/1-32579-A-29.wav,not_baby,4,esc50,esc50_source:32579,esc50_source_file,09aadaee91c6b1d80037cc2772e3504346af133331d18357c68b9d0ae2d96f76,StratifiedGroupKFold,42
rec_aacded6c4d74b4ac37c3,D:\INFANT CRY\data_set_dbl_split\train\not_baby\1-34495-A-14.wav,not_baby/1-34495-A-14.wav,not_baby,4,esc50,esc50_source:34495,esc50_source_file,3641b914303dca50d01c2ab5aceaaf918ce977028f4ee752c22beb64d09eeec3,StratifiedGroupKFold,42
rec_ca01bed5ff17a336bf6c,D:\INFANT CRY\data_set_dbl_split\train\not_baby\1-39835-A-9.wav,not_baby/1-39835-A-9.wav,not_baby,4,esc50,esc50_source:39835,esc50_source_file,403db280f38092be1ff41cf1e412750f01b5fe0df042125373b6f1cd340cc767,StratifiedGroupKFold,42
rec_5ec243377490c6adb682,D:\INFANT CRY\data_set_dbl_split\train\not_baby\1-39835-B-9.wav,not_baby/1-39835-B-9.wav,not_baby,4,esc50,esc50_source:39835,esc50_source_file,c48f8bddec7b80bd27d05a65b26a2ea8e128b0412a26ae06527acf3bcf1ffa0d,StratifiedGroupKFold,42
rec_289c964aa6a5352d3ba3,D:\INFANT CRY\data_set_dbl_split\train\not_baby\1-40154-A-46.wav,not_baby/1-40154-A-46.wav,not_baby,4,esc50,esc50_source:40154,esc50_source_file,ea7a0ee2d9bd383afbe44dbec23fb3688ca0f96fe90758b6d952d3e8ce33513b,StratifiedGroupKFold,42
rec_67f48837bd615c2db559,D:\INFANT CRY\data_set_dbl_split\train\not_baby\1-41615-A-34.wav,not_baby/1-41615-A-34.wav,not_baby,4,esc50,esc50_source:41615,esc50_source_file,2d31544f7e5ba3eb21f20e115d7bf8dc1ad23508806625ed628436c8a77852ca,StratifiedGroupKFold,42
rec_b48d4376a4686985ba0c,D:\INFANT CRY\data_set_dbl_split\train\not_baby\1-44831-A-1.wav,not_baby/1-44831-A-1.wav,not_baby,4,esc50,esc50_source:44831,esc50_source_file,f8958a100e0b005c1421eac9b114d4dff6b0d7d58caf24ba933a2c6ae5343d26,StratifiedGroupKFold,42
rec_928310da0912c7d15eef,D:\INFANT CRY\data_set_dbl_split\train\not_baby\1-47273-A-21.wav,not_baby/1-47273-A-21.wav,not_baby,4,esc50,esc50_source:47273,esc50_source_file,a77b4c35c9d4a66bdbe2a677a43b8f646579ce5773c59cf721bcb9db419d1b2d,StratifiedGroupKFold,42
rec_ad8d4c32c507f52ccb2a,D:\INFANT CRY\data_set_dbl_split\train\not_baby\1-48413-A-38.wav,not_baby/1-48413-A-38.wav,not_baby,4,esc50,esc50_source:48413,esc50_source_file,e8aebc842de3e00fb0ba00f085e482fa8e9e43a4398d646341434e6c0f501bc3,StratifiedGroupKFold,42
rec_518c78da2255a2dfc3f8,D:\INFANT CRY\data_set_dbl_split\train\not_baby\1-50454-A-44.wav,not_baby/1-50454-A-44.wav,not_baby,4,esc50,esc50_source:50454,esc50_source_file,8110a6df1a30a16513c9516caf46dd34b9ae516dd28982e521019ad99831bcfa,StratifiedGroupKFold,42
rec_c0b900c0f9fe5981f519,D:\INFANT CRY\data_set_dbl_split\train\not_baby\1-51035-A-16.wav,not_baby/1-51035-A-16.wav,not_baby,4,esc50,esc50_source:51035,esc50_source_file,d8b851e1a4210e2a8ef92ce603b4dabe12743a51318a59d3b1d393e856de12b0,StratifiedGroupKFold,42
rec_ea5ffc51ad9297af7241,D:\INFANT CRY\data_set_dbl_split\train\not_baby\1-53467-A-47.wav,not_baby/1-53467-A-47.wav,not_baby,4,esc50,esc50_source:53467,esc50_source_file,d30d4483ea3579a4a1d20d28c118c952b930000726b7d94941e2efc358fe895f,StratifiedGroupKFold,42
rec_f258d898253a88970876,D:\INFANT CRY\data_set_dbl_split\train\not_baby\1-54505-A-21.wav,not_baby/1-54505-A-21.wav,not_baby,4,esc50,esc50_source:54505,esc50_source_file,94c62d8761cb68e3a7ee6c7c64ef5bdb4f14b5b32a5ae0d792cd7eebfdcb38c0,StratifiedGroupKFold,42
rec_1c4585fcd660e3ae33ae,D:\INFANT CRY\data_set_dbl_split\train\not_baby\1-56311-A-10.wav,not_baby/1-56311-A-10.wav,not_baby,4,esc50,esc50_source:56311,esc50_source_file,cf0dcbd49d979bf73992068b51db46cf3098995e66b3fb8ceb6ec276009aadc7,StratifiedGroupKFold,42
rec_f19868473e22984646bc,D:\INFANT CRY\data_set_dbl_split\train\not_baby\1-57163-A-38.wav,not_baby/1-57163-A-38.wav,not_baby,4,esc50,esc50_source:57163,esc50_source_file,be4ee5f3dbf6cfdf65a4afa6b0dc98914e5e36728d1d3778039de70f21579303,StratifiedGroupKFold,42
rec_ad39269525c2878ccbfb,D:\INFANT CRY\data_set_dbl_split\train\not_baby\1-58923-A-27.wav,not_baby/1-58923-A-27.wav,not_baby,4,esc50,esc50_source:58923,esc50_source_file,c162408f517331ec1041ede38284b93000b0365cd3ea288cb53ff36d2c01b582,StratifiedGroupKFold,42
rec_4df4432057f0c63aee38,D:\INFANT CRY\data_set_dbl_split\train\not_baby\1-58923-B-27.wav,not_baby/1-58923-B-27.wav,not_baby,4,esc50,esc50_source:58923,esc50_source_file,c61f11e3f74bab8b822c851e7941a788db24efe315d38446197d1732e6d3b378,StratifiedGroupKFold,42
rec_d1f3a6da9f90d64c443e,D:\INFANT CRY\data_set_dbl_split\train\not_baby\1-63871-A-10.wav,not_baby/1-63871-A-10.wav,not_baby,4,esc50,esc50_source:63871,esc50_source_file,9ae1461223eaecf2df3818b51e0d7b5987ef497b17038594455bbcee6673d350,StratifiedGroupKFold,42
rec_e7a705372f08a47c7b5c,D:\INFANT CRY\data_set_dbl_split\train\not_baby\1-65483-A-13.wav,not_baby/1-65483-A-13.wav,not_baby,4,esc50,esc50_source:65483,esc50_source_file,66bea025f6a3fef1d9e92b74bc307cadd090d741420823d727d3eb6b333225e1,StratifiedGroupKFold,42
rec_8fabaa5ee15f2d91a6cc,D:\INFANT CRY\data_set_dbl_split\train\not_baby\1-67152-A-17.wav,not_baby/1-67152-A-17.wav,not_baby,4,esc50,esc50_source:67152,esc50_source_file,f36846074aa0a4ba6ce6041cef2e26c808ca8de5e3ca655525a0ff3fcd01d112,StratifiedGroupKFold,42
rec_fc56c020e0c3c4357708,D:\INFANT CRY\data_set_dbl_split\train\not_baby\1-69165-A-34.wav,not_baby/1-69165-A-34.wav,not_baby,4,esc50,esc50_source:69165,esc50_source_file,03eb42cf470d82385d60cbc5b946b4f4d8fa1c378835996930162d80e1580071,StratifiedGroupKFold,42
rec_0b2e69f0800f0c75c35c,D:\INFANT CRY\data_set_dbl_split\train\not_baby\1-74517-A-37.wav,not_baby/1-74517-A-37.wav,not_baby,4,esc50,esc50_source:74517,esc50_source_file,119c27838962b7aee90e1d26fbad8a7da2977da8f788d79a1ada43d27f15e4aa,StratifiedGroupKFold,42
rec_6b87549be92f65fea808,D:\INFANT CRY\data_set_dbl_split\train\not_baby\1-80785-A-7.wav,not_baby/1-80785-A-7.wav,not_baby,4,esc50,esc50_source:80785,esc50_source_file,c150869a185f1a5d95c0593e2ff248b78219eb9831aeff2dc31d7a241bc18238,StratifiedGroupKFold,42
rec_24dbccd025b150ae89fa,D:\INFANT CRY\data_set_dbl_split\train\not_baby\1-80840-A-13.wav,not_baby/1-80840-A-13.wav,not_baby,4,esc50,esc50_source:80840,esc50_source_file,9cfbec9acd3a7deee1f7cc758a562911ec357291c633b487880403d3b326d050,StratifiedGroupKFold,42
rec_2b8f6d3b46d7f89b57d8,D:\INFANT CRY\data_set_dbl_split\train\not_baby\1-87565-A-29.wav,not_baby/1-87565-A-29.wav,not_baby,4,esc50,esc50_source:87565,esc50_source_file,6d976c94b40f7a170c4f9d9e97921e7a3749a8502728154b0037d43ab6a3ebe6,StratifiedGroupKFold,42
rec_6e5f2a333d6f884e7587,D:\INFANT CRY\data_set_dbl_split\train\not_baby\1-88574-A-8.wav,not_baby/1-88574-A-8.wav,not_baby,4,esc50,esc50_source:88574,esc50_source_file,57b57ec473ab0e0768219023172c8f9a8b67a4e6cc4eeffd4e4fbaf132e81268,StratifiedGroupKFold,42
rec_819344856e3a8ddf039e,D:\INFANT CRY\data_set_dbl_split\train\not_baby\1-977-A-39.wav,not_baby/1-977-A-39.wav,not_baby,4,esc50,esc50_source:977,esc50_source_file,67c88e07db9e2dd7a7551f0c5b99da315ce7df041f83ed57b479d8fda8fbfe27,StratifiedGroupKFold,42
rec_cfbad00fefbcf87ab640,D:\INFANT CRY\data_set_dbl_split\train\not_baby\2-104877-A-3.wav,not_baby/2-104877-A-3.wav,not_baby,4,esc50,esc50_source:104877,esc50_source_file,d080b1e130167773798ef2ef7c2b7bede174e2afb0d7387e4769856a94d25deb,StratifiedGroupKFold,42
rec_54ba6147d25b54e297fa,D:\INFANT CRY\data_set_dbl_split\train\not_baby\2-106015-A-44.wav,not_baby/2-106015-A-44.wav,not_baby,4,esc50,esc50_source:106015,esc50_source_file,f0ba6aad7c9281f54565f01bb64435407705b363f81d67f0d1eab4532b40140c,StratifiedGroupKFold,42
rec_6d4f955c3489ce47205d,D:\INFANT CRY\data_set_dbl_split\train\not_baby\2-106015-B-44.wav,not_baby/2-106015-B-44.wav,not_baby,4,esc50,esc50_source:106015,esc50_source_file,105471eb1b1921b7c0a2df9b64e1a873bb4fe027fb62201f51d1d0d845983daa,StratifiedGroupKFold,42
rec_7be9c21e26833b1d7f29,D:\INFANT CRY\data_set_dbl_split\train\not_baby\2-107228-A-44.wav,not_baby/2-107228-A-44.wav,not_baby,4,esc50,esc50_source:107228,esc50_source_file,c07111aa13c801afbb81f4d5357865d450e3c4ae8a52ba4746b5f03e32294be3,StratifiedGroupKFold,42
rec_eddfcf233e0fba691c2c,D:\INFANT CRY\data_set_dbl_split\train\not_baby\2-107228-B-44.wav,not_baby/2-107228-B-44.wav,not_baby,4,esc50,esc50_source:107228,esc50_source_file,235a1adc585c4aaaa9447e843783b88e14326b61b68cac0d2b3c11982762e18b,StratifiedGroupKFold,42
rec_6152f1ac5ad7421ac928,D:\INFANT CRY\data_set_dbl_split\train\not_baby\2-108767-A-9.wav,not_baby/2-108767-A-9.wav,not_baby,4,esc50,esc50_source:108767,esc50_source_file,3ba19aee2d427e51a971be11a3eb4fe340ffbfdbfd2f3ad9454a3a89e6ffeafb,StratifiedGroupKFold,42
rec_3495ea5c3e9bef1df64a,D:\INFANT CRY\data_set_dbl_split\train\not_baby\2-108767-B-9.wav,not_baby/2-108767-B-9.wav,not_baby,4,esc50,esc50_source:108767,esc50_source_file,0e4abc593de8b5f66cbf27d0bc1b6b0e23cf5baea09baf2bad477fa3c7236223,StratifiedGroupKFold,42
rec_46906814c6defeefa783,D:\INFANT CRY\data_set_dbl_split\train\not_baby\2-108767-C-9.wav,not_baby/2-108767-C-9.wav,not_baby,4,esc50,esc50_source:108767,esc50_source_file,cc74156e1e782cd16a449ad8b990562309c2661420179e8fb875d151cbf0c60c,StratifiedGroupKFold,42
rec_17c7a98b92c35323e7ed,D:\INFANT CRY\data_set_dbl_split\train\not_baby\2-112213-A-39.wav,not_baby/2-112213-A-39.wav,not_baby,4,esc50,esc50_source:112213,esc50_source_file,a6b60fb2268d7f0ceda0ff6f798d2d51b4ceb08218b3ac5ca91980a42d9c706b,StratifiedGroupKFold,42
rec_210fb96e9f18d5c90e16,D:\INFANT CRY\data_set_dbl_split\train\not_baby\2-112213-B-39.wav,not_baby/2-112213-B-39.wav,not_baby,4,esc50,esc50_source:112213,esc50_source_file,d1d705535a4506b6e7f94c8ebff688bc0aa8bc115b42e8daf13542bec4f90ac7,StratifiedGroupKFold,42
rec_69422298a01dcc37280f,D:\INFANT CRY\data_set_dbl_split\train\not_baby\2-114609-A-28.wav,not_baby/2-114609-A-28.wav,not_baby,4,esc50,esc50_source:114609,esc50_source_file,bfd440fdabef6e2981b8104a9dee65c26e0cf772261aaeca1ea3835045168369,StratifiedGroupKFold,42
rec_e092e55b18b03b3c6ea7,D:\INFANT CRY\data_set_dbl_split\train\not_baby\2-114609-B-28.wav,not_baby/2-114609-B-28.wav,not_baby,4,esc50,esc50_source:114609,esc50_source_file,9455f06778d83137d68710f22744d4580e17548535b90517006beb177a015c6c,StratifiedGroupKFold,42
rec_f8640598042ff91188e6,D:\INFANT CRY\data_set_dbl_split\train\not_baby\2-117330-A-28.wav,not_baby/2-117330-A-28.wav,not_baby,4,esc50,esc50_source:117330,esc50_source_file,951c731b73de79207b37886d7b5721271c61d7bb0ee67bb0e9565d55aa6252e3,StratifiedGroupKFold,42
rec_d3609a988d8d5c0e1c6c,D:\INFANT CRY\data_set_dbl_split\train\not_baby\2-117617-A-48.wav,not_baby/2-117617-A-48.wav,not_baby,4,esc50,esc50_source:117617,esc50_source_file,c772c0024807c6d571e08afc929b564fa1cfaea367ef686cf4ccd2fa0db6acc0,StratifiedGroupKFold,42
rec_0c89856387d8c1c7b9a1,D:\INFANT CRY\data_set_dbl_split\train\not_baby\2-118104-A-21.wav,not_baby/2-118104-A-21.wav,not_baby,4,esc50,esc50_source:118104,esc50_source_file,c32ccc6f408d6546132b177036d7a1881bb8f3d9d42f9a2c2a1708c1afc84317,StratifiedGroupKFold,42
rec_3f02405f0d15535c49da,D:\INFANT CRY\data_set_dbl_split\train\not_baby\2-119748-A-38.wav,not_baby/2-119748-A-38.wav,not_baby,4,esc50,esc50_source:119748,esc50_source_file,7bb645903e539845643c4162d619f51b3648307fbe1966b19d15f01ceb8ecde5,StratifiedGroupKFold,42
rec_8d5413cf599e7d3bd2e2,D:\INFANT CRY\data_set_dbl_split\train\not_baby\2-124564-A-15.wav,not_baby/2-124564-A-15.wav,not_baby,4,esc50,esc50_source:124564,esc50_source_file,9b8cba3bb95b883c392c6dada8b256a7a8aa708f464de23c4d377fd321a2c38b,StratifiedGroupKFold,42
rec_45bc757d8ea0d3479da5,D:\INFANT CRY\data_set_dbl_split\train\not_baby\2-124662-A-11.wav,not_baby/2-124662-A-11.wav,not_baby,4,esc50,esc50_source:124662,esc50_source_file,60c6883343535fcf14bb030d30c7b79c81fad89fdc7f4e6f34d81c1d98c1e645,StratifiedGroupKFold,42
rec_95f0f5f9daff1532fcdb,D:\INFANT CRY\data_set_dbl_split\train\not_baby\2-126756-A-29.wav,not_baby/2-126756-A-29.wav,not_baby,4,esc50,esc50_source:126756,esc50_source_file,c0554a2149d806fdb5f01de8c6e6bbe2dd6dc23df85e5b831548dc0d5c10227c,StratifiedGroupKFold,42
rec_ef1573d6898dcd053ca8,D:\INFANT CRY\data_set_dbl_split\train\not_baby\2-130978-A-21.wav,not_baby/2-130978-A-21.wav,not_baby,4,esc50,esc50_source:130978,esc50_source_file,c11d9e1ea6af05182568e915c8e237ab6fee643ffb054fcbaa7d2961c1aa584a,StratifiedGroupKFold,42
rec_a28d2592ce77dcbd5bb2,D:\INFANT CRY\data_set_dbl_split\train\not_baby\2-135649-A-45.wav,not_baby/2-135649-A-45.wav,not_baby,4,esc50,esc50_source:135649,esc50_source_file,693ca82ca58e1848f9c152947b70d4edf9b638f54078094966b6fe7ea4e2335a,StratifiedGroupKFold,42
rec_b55705f3ac8c6cd6fc78,D:\INFANT CRY\data_set_dbl_split\train\not_baby\2-135649-B-45.wav,not_baby/2-135649-B-45.wav,not_baby,4,esc50,esc50_source:135649,esc50_source_file,628e3bdaba797c5971f4cdb0c9e3c83b1af0f21d7d0add6b63ac5979faee6b00,StratifiedGroupKFold,42
rec_c994f8c68b214123328f,D:\INFANT CRY\data_set_dbl_split\train\not_baby\2-135649-C-45.wav,not_baby/2-135649-C-45.wav,not_baby,4,esc50,esc50_source:135649,esc50_source_file,4dc738a8b78f46c7c5f8acd45d8245b5f010da0fafe3dee256c5a9fa24774002,StratifiedGroupKFold,42
rec_7348a0bcb6e762034526,D:\INFANT CRY\data_set_dbl_split\train\not_baby\2-138465-A-43.wav,not_baby/2-138465-A-43.wav,not_baby,4,esc50,esc50_source:138465,esc50_source_file,380ec3e24401d866e349066951383dce4d58b6244fce3780f1b40c37b2aad242,StratifiedGroupKFold,42
rec_166d18bcc727b4c75b6d,D:\INFANT CRY\data_set_dbl_split\train\not_baby\2-141584-A-38.wav,not_baby/2-141584-A-38.wav,not_baby,4,esc50,esc50_source:141584,esc50_source_file,b87b57fe9099b0eaf893274145d5237d2da3228dd9b641f473273dcd6759f3a3,StratifiedGroupKFold,42
rec_74c6cf42970a6b5d203e,D:\INFANT CRY\data_set_dbl_split\train\not_baby\2-144137-A-43.wav,not_baby/2-144137-A-43.wav,not_baby,4,esc50,esc50_source:144137,esc50_source_file,47a434e6db6ed5f323cb3c27db65d6bb3e8b63190126ede88e0b5d07597df8bd,StratifiedGroupKFold,42
rec_441f3dace9dd94c8954f,D:\INFANT CRY\data_set_dbl_split\train\not_baby\2-160888-A-47.wav,not_baby/2-160888-A-47.wav,not_baby,4,esc50,esc50_source:160888,esc50_source_file,72bbffea03dbd382e931d5e07768374697a689c5ad653a4df9b4c94cf0a58bc8,StratifiedGroupKFold,42
rec_5c8acf0ba9f5ff1c09ec,D:\INFANT CRY\data_set_dbl_split\train\not_baby\2-173607-A-39.wav,not_baby/2-173607-A-39.wav,not_baby,4,esc50,esc50_source:173607,esc50_source_file,55cc07864f3f8195e51bbdf10fda1601df6b5ff0d5f486a356d79b60c0beb3d6,StratifiedGroupKFold,42
rec_6b29a78366abc191f459,D:\INFANT CRY\data_set_dbl_split\train\not_baby\2-182508-A-8.wav,not_baby/2-182508-A-8.wav,not_baby,4,esc50,esc50_source:182508,esc50_source_file,e4199830c5ceffe30f815a7860f00ea135433be48e3bce764ff64a34e910c18a,StratifiedGroupKFold,42
rec_774afecf689f1aae61fa,D:\INFANT CRY\data_set_dbl_split\train\not_baby\2-182508-B-8.wav,not_baby/2-182508-B-8.wav,not_baby,4,esc50,esc50_source:182508,esc50_source_file,e9cf8ae5fefe22454cf5997d3ee451b3bca05be1d3f878fab5a15a8ce67c2a2a,StratifiedGroupKFold,42
rec_406fe507cc2938a29779,D:\INFANT CRY\data_set_dbl_split\train\not_baby\2-196688-A-8.wav,not_baby/2-196688-A-8.wav,not_baby,4,esc50,esc50_source:196688,esc50_source_file,02ec4cd9a8441080c47f34ab5724b292e2c92b593ede3dac7f1a66ef28ecd848,StratifiedGroupKFold,42
rec_3aa32db4cf256eaf737f,D:\INFANT CRY\data_set_dbl_split\train\not_baby\2-205966-A-16.wav,not_baby/2-205966-A-16.wav,not_baby,4,esc50,esc50_source:205966,esc50_source_file,ddd9c3577d08f999d3f1d8bc487d8a31570dc8380d150cabf50ad74dbca691a2,StratifiedGroupKFold,42
rec_f27aed70dfd69405d885,D:\INFANT CRY\data_set_dbl_split\train\not_baby\2-209473-A-25.wav,not_baby/2-209473-A-25.wav,not_baby,4,esc50,esc50_source:209473,esc50_source_file,d2b278e315fb09b9aa8c0184272e29a8aed8c7898531d816c128068c718a5c7e,StratifiedGroupKFold,42
rec_60c9e726595a957d08f2,D:\INFANT CRY\data_set_dbl_split\train\not_baby\2-37806-A-40.wav,not_baby/2-37806-A-40.wav,not_baby,4,esc50,esc50_source:37806,esc50_source_file,df941887d080de8487f8018f09091c040e82eae7a3a0cb7d532fb64ba64e04ef,StratifiedGroupKFold,42
rec_ea104647515c7b1b78ec,D:\INFANT CRY\data_set_dbl_split\train\not_baby\2-37806-B-40.wav,not_baby/2-37806-B-40.wav,not_baby,4,esc50,esc50_source:37806,esc50_source_file,bf730207adaed816833dc254f33b6f67b62b88b309a3ad9d54b70c2af310c9d7,StratifiedGroupKFold,42
rec_9139e3649183a899d812,D:\INFANT CRY\data_set_dbl_split\train\not_baby\2-37806-C-40.wav,not_baby/2-37806-C-40.wav,not_baby,4,esc50,esc50_source:37806,esc50_source_file,512833e0ad721ba5c7bbb699403b50dd878ebd29de4cac2ca247e5315da5e987,StratifiedGroupKFold,42
rec_4db24351eee4c5363149,D:\INFANT CRY\data_set_dbl_split\train\not_baby\2-37806-D-40.wav,not_baby/2-37806-D-40.wav,not_baby,4,esc50,esc50_source:37806,esc50_source_file,d1691db93768e4e6ea6d2b20e4aeaccd383b3e2d28b8ba476ad86526bd7fb452,StratifiedGroupKFold,42
rec_f4ca880dfba57131d276,D:\INFANT CRY\data_set_dbl_split\train\not_baby\2-51173-A-35.wav,not_baby/2-51173-A-35.wav,not_baby,4,esc50,esc50_source:51173,esc50_source_file,7eccffff137ad586328f05daa5cb3147bf665ebfe9a7b66c88feab499f995a10,StratifiedGroupKFold,42
rec_b0397e0946a57a4fa642,D:\INFANT CRY\data_set_dbl_split\train\not_baby\2-59566-A-46.wav,not_baby/2-59566-A-46.wav,not_baby,4,esc50,esc50_source:59566,esc50_source_file,81ff3870e169f9ceb10a4ebe58be40c5b7a30ef9f21cf215bbbd5a747eb4bcbe,StratifiedGroupKFold,42
rec_09d386b0cbcdc2780f11,D:\INFANT CRY\data_set_dbl_split\train\not_baby\2-60791-A-26.wav,not_baby/2-60791-A-26.wav,not_baby,4,esc50,esc50_source:60791,esc50_source_file,3617e0efead9f24c01d37b5127870e3b703464f759a5ac89617e358c3dcd25c0,StratifiedGroupKFold,42
rec_58b320dced3a551f72ed,D:\INFANT CRY\data_set_dbl_split\train\not_baby\2-60900-A-22.wav,not_baby/2-60900-A-22.wav,not_baby,4,esc50,esc50_source:60900,esc50_source_file,481d063f497cc7cc17f3dc8d18cfe68a4fe99cd33912ba2e1e5cfd9cf824fdfa,StratifiedGroupKFold,42
rec_00c7b93c5c41265115b4,D:\INFANT CRY\data_set_dbl_split\train\not_baby\2-62226-A-26.wav,not_baby/2-62226-A-26.wav,not_baby,4,esc50,esc50_source:62226,esc50_source_file,c24516dab6222edf2357eab0339ab50f51d255b33ac447178d05c9f651ea8742,StratifiedGroupKFold,42
rec_22995e5b648c8730623f,D:\INFANT CRY\data_set_dbl_split\train\not_baby\2-65484-A-18.wav,not_baby/2-65484-A-18.wav,not_baby,4,esc50,esc50_source:65484,esc50_source_file,34a4aedbfe753e8ee1d8ea4a2c99102fa4caaa08c359eb9b4e7123a47fe04163,StratifiedGroupKFold,42
rec_30d0382e04e25e7520f0,D:\INFANT CRY\data_set_dbl_split\train\not_baby\2-67422-A-18.wav,not_baby/2-67422-A-18.wav,not_baby,4,esc50,esc50_source:67422,esc50_source_file,7ed795cfc9b2fec4e8af6da6afb1086811b519914c4afa234d762f45bcc04d35,StratifiedGroupKFold,42
rec_71f2511f2a6ca3d8b42b,D:\INFANT CRY\data_set_dbl_split\train\not_baby\2-70344-A-33.wav,not_baby/2-70344-A-33.wav,not_baby,4,esc50,esc50_source:70344,esc50_source_file,92265676ae4fc90fc3d48d4a7d90f0f839b0374772262ebd5e3bdadecfa38066,StratifiedGroupKFold,42
rec_870ed73640784f4790c0,D:\INFANT CRY\data_set_dbl_split\train\not_baby\2-72268-A-6.wav,not_baby/2-72268-A-6.wav,not_baby,4,esc50,esc50_source:72268,esc50_source_file,e3cb00be72014beb71504976108742caca57a9dfcd3b71803b49123ac1337635,StratifiedGroupKFold,42
rec_0e60ceee1c17f0ea6c17,D:\INFANT CRY\data_set_dbl_split\train\not_baby\2-76408-A-22.wav,not_baby/2-76408-A-22.wav,not_baby,4,esc50,esc50_source:76408,esc50_source_file,9e710284e17bfea6dd1c4850e0b9f72ba114e03520418be97a19da1a81eafbbc,StratifiedGroupKFold,42
rec_1bf58f9839b0dddfc9c4,D:\INFANT CRY\data_set_dbl_split\train\not_baby\2-76408-B-22.wav,not_baby/2-76408-B-22.wav,not_baby,4,esc50,esc50_source:76408,esc50_source_file,6bfd7d486b4c298ddeeb6ac0278ae80c067194928a2f2a9673dd1bff2084db8f,StratifiedGroupKFold,42
rec_5e06ddcd40401c62d433,D:\INFANT CRY\data_set_dbl_split\train\not_baby\2-76408-C-22.wav,not_baby/2-76408-C-22.wav,not_baby,4,esc50,esc50_source:76408,esc50_source_file,57eca9070e8343193114d29f2b7e569e7617fd1384878eeef9481d621c826b50,StratifiedGroupKFold,42
rec_5af9d73cf812c0f062f6,D:\INFANT CRY\data_set_dbl_split\train\not_baby\2-76408-D-22.wav,not_baby/2-76408-D-22.wav,not_baby,4,esc50,esc50_source:76408,esc50_source_file,0d4298f6b4df70ba5c69570564448deed802e566e821194753a319882c706e76,StratifiedGroupKFold,42
rec_70cb484ab72e9690f837,D:\INFANT CRY\data_set_dbl_split\train\not_baby\2-77945-A-41.wav,not_baby/2-77945-A-41.wav,not_baby,4,esc50,esc50_source:77945,esc50_source_file,cf77f72a73605adbcea2a0d61bdd666b4335e190edf722b8f67a216392ebd224,StratifiedGroupKFold,42
rec_d96c857c047e010efc52,D:\INFANT CRY\data_set_dbl_split\train\not_baby\2-77945-B-41.wav,not_baby/2-77945-B-41.wav,not_baby,4,esc50,esc50_source:77945,esc50_source_file,7a7c9cb12b77609346548ae861044137910b0e1dddc8da116fdc258fff13cd6c,StratifiedGroupKFold,42
rec_e1df2833c1b10bd5bef7,D:\INFANT CRY\data_set_dbl_split\train\not_baby\2-78781-A-47.wav,not_baby/2-78781-A-47.wav,not_baby,4,esc50,esc50_source:78781,esc50_source_file,7bf3a5523e101e029332bb09e7de9baa3622de2a971e3d543c509f6b6636eeab,StratifiedGroupKFold,42
rec_6135e77231aa6fcb78a1,D:\INFANT CRY\data_set_dbl_split\train\not_baby\2-79775-A-26.wav,not_baby/2-79775-A-26.wav,not_baby,4,esc50,esc50_source:79775,esc50_source_file,8ed1db1744128556b36925ec2e5fa2b85284304db5b7b015d72f6e94b1f9fc9b,StratifiedGroupKFold,42
rec_e1c3a4982e945f3b2db2,D:\INFANT CRY\data_set_dbl_split\train\not_baby\2-81731-A-10.wav,not_baby/2-81731-A-10.wav,not_baby,4,esc50,esc50_source:81731,esc50_source_file,25d3a915368db5e4175b1d51dea34bfad02d909039a051cbf72c0f39a0f34667,StratifiedGroupKFold,42
rec_337634e45dba9c4dda8a,D:\INFANT CRY\data_set_dbl_split\train\not_baby\2-82367-A-10.wav,not_baby/2-82367-A-10.wav,not_baby,4,esc50,esc50_source:82367,esc50_source_file,2cce637e5f60368db490c8ec980eb0cc7dbdd623c077bcd456a2fb60afdd4820,StratifiedGroupKFold,42
rec_df6ee47c1a28bb8efbd8,D:\INFANT CRY\data_set_dbl_split\train\not_baby\2-83688-A-34.wav,not_baby/2-83688-A-34.wav,not_baby,4,esc50,esc50_source:83688,esc50_source_file,2b09b589c2bf574f88c9cf0e772286a5c0448b6b0e74fb1727aed5722e1fd89b,StratifiedGroupKFold,42
rec_290b2545eb7345a5ca54,D:\INFANT CRY\data_set_dbl_split\train\not_baby\2-83934-A-5.wav,not_baby/2-83934-A-5.wav,not_baby,4,esc50,esc50_source:83934,esc50_source_file,6a41242a2a2593903c45c2e43454b16a05eef3b207d7512d1225b36cd76c5ba6,StratifiedGroupKFold,42
rec_4da1839e0d95fbdcba01,D:\INFANT CRY\data_set_dbl_split\train\not_baby\2-83934-B-5.wav,not_baby/2-83934-B-5.wav,not_baby,4,esc50,esc50_source:83934,esc50_source_file,7cf2bfd8a30fc64e4a014b98ba21f47f36cb6f330d051cda6677a8ac3d8c83d6,StratifiedGroupKFold,42
rec_23ec75d9170923face37,D:\INFANT CRY\data_set_dbl_split\train\not_baby\2-84965-A-23.wav,not_baby/2-84965-A-23.wav,not_baby,4,esc50,esc50_source:84965,esc50_source_file,15b9a8404c40cd53bfc8d9febad349dfa8d27161519ef94e0ec12a76dd1a3051,StratifiedGroupKFold,42
rec_00944588bb996cc44276,D:\INFANT CRY\data_set_dbl_split\train\not_baby\2-85471-A-34.wav,not_baby/2-85471-A-34.wav,not_baby,4,esc50,esc50_source:85471,esc50_source_file,5d8ac3badc149635ca5b210ed8ad50d9bb63cf050af078b5e2742b3235021b09,StratifiedGroupKFold,42
rec_de63d1a85b5d026e1117,D:\INFANT CRY\data_set_dbl_split\train\not_baby\2-87799-A-24.wav,not_baby/2-87799-A-24.wav,not_baby,4,esc50,esc50_source:87799,esc50_source_file,8622b38aa1b5d9617257f44061d08b56f0d264e0b2b0e7fff8a435d9e4bd3a96,StratifiedGroupKFold,42
rec_f12a671306981b7eb079,D:\INFANT CRY\data_set_dbl_split\train\not_baby\2-95035-A-1.wav,not_baby/2-95035-A-1.wav,not_baby,4,esc50,esc50_source:95035,esc50_source_file,21fae7e7daf06262ec9230a4f2f2bb013fbbaeb126eb50ca62ab364d52c84759,StratifiedGroupKFold,42
rec_ae5c72b63b1fa06e2ace,D:\INFANT CRY\data_set_dbl_split\train\not_baby\2-96904-A-27.wav,not_baby/2-96904-A-27.wav,not_baby,4,esc50,esc50_source:96904,esc50_source_file,453ef50413dee606831ac74108726277c7b33bfb24573876ef157d65f201a864,StratifiedGroupKFold,42
rec_7df53e995646aac09b94,D:\INFANT CRY\data_set_dbl_split\train\not_baby\2-98866-A-47.wav,not_baby/2-98866-A-47.wav,not_baby,4,esc50,esc50_source:98866,esc50_source_file,ed5dfd1852f46fa8f997a074186aaae5b85f14a994cd328269698ea3b965ce83,StratifiedGroupKFold,42
rec_b7059b8ad9a9b7c70139,D:\INFANT CRY\data_set_dbl_split\train\not_baby\3-102583-A-49.wav,not_baby/3-102583-A-49.wav,not_baby,4,esc50,esc50_source:102583,esc50_source_file,7b98b19a3cb9ecc64ddab6e9c655d0073bb4060c2c560c41cbf311efcd26534b,StratifiedGroupKFold,42
rec_5bf96e24dfcb02168aed,D:\INFANT CRY\data_set_dbl_split\train\not_baby\3-102583-B-49.wav,not_baby/3-102583-B-49.wav,not_baby,4,esc50,esc50_source:102583,esc50_source_file,f40137ad96bbd4c0dc15ec6acefa2a50fba7cc2289daf0257f1d3c1484383ba3,StratifiedGroupKFold,42
rec_b08d664acb784423b647,D:\INFANT CRY\data_set_dbl_split\train\not_baby\3-102583-C-49.wav,not_baby/3-102583-C-49.wav,not_baby,4,esc50,esc50_source:102583,esc50_source_file,947146d5850e015346d988509340e61b5379010a0672cfa15ee5d4458ecf102e,StratifiedGroupKFold,42
rec_4c6c08085e111b24c664,D:\INFANT CRY\data_set_dbl_split\train\not_baby\3-103050-A-19.wav,not_baby/3-103050-A-19.wav,not_baby,4,esc50,esc50_source:103050,esc50_source_file,0cdb8c8e21c3dc74b10c935bf43292c1e3d7d4e7bb7026a0d047054001813295,StratifiedGroupKFold,42
rec_50718917526c85c0ebe4,D:\INFANT CRY\data_set_dbl_split\train\not_baby\3-103597-A-25.wav,not_baby/3-103597-A-25.wav,not_baby,4,esc50,esc50_source:103597,esc50_source_file,4d1fca3296291bcb12ca41ebf0a1f7edb2e2c8213cc04d61e8ebb62b98bf5638,StratifiedGroupKFold,42
rec_bf89c1ed6f275dd36e1d,D:\INFANT CRY\data_set_dbl_split\train\not_baby\3-103598-A-25.wav,not_baby/3-103598-A-25.wav,not_baby,4,esc50,esc50_source:103598,esc50_source_file,7d07efd243f85872330deb7ed4d78dd3f03cd415228259e9dce712140a1d7cec,StratifiedGroupKFold,42
rec_d7ead02dd052767858b3,D:\INFANT CRY\data_set_dbl_split\train\not_baby\3-108160-A-23.wav,not_baby/3-108160-A-23.wav,not_baby,4,esc50,esc50_source:108160,esc50_source_file,ac2f39f46311814f3679cde364547ba2ae2c99007f608e73290456af72ac0871,StratifiedGroupKFold,42
rec_c2c7249b5a6ea041a435,D:\INFANT CRY\data_set_dbl_split\train\not_baby\3-110536-A-26.wav,not_baby/3-110536-A-26.wav,not_baby,4,esc50,esc50_source:110536,esc50_source_file,b3e784756507d4b37c8bc019d0d951c1a3981728a9af466dc7574584423b352e,StratifiedGroupKFold,42
rec_ba9ee4ea8713a9bde89c,D:\INFANT CRY\data_set_dbl_split\train\not_baby\3-115382-A-44.wav,not_baby/3-115382-A-44.wav,not_baby,4,esc50,esc50_source:115382,esc50_source_file,4f51f65b566eef881caa7a2ed1462b48eded5873ccd2afbe8b623863adf606d5,StratifiedGroupKFold,42
rec_21f4e815faa9ac8cbe54,D:\INFANT CRY\data_set_dbl_split\train\not_baby\3-118487-A-26.wav,not_baby/3-118487-A-26.wav,not_baby,4,esc50,esc50_source:118487,esc50_source_file,252276ae67705b907d8346888c1d71ca4aa9cb20dde6a9b6ea15f4e2ff921f49,StratifiedGroupKFold,42
rec_c89d3c25521a33e9ee9d,D:\INFANT CRY\data_set_dbl_split\train\not_baby\3-119120-A-48.wav,not_baby/3-119120-A-48.wav,not_baby,4,esc50,esc50_source:119120,esc50_source_file,baad57c9428d78f0e0de5eaa79fff661478c37433bfd6cb6031c0c92135a4cc0,StratifiedGroupKFold,42
rec_65995960892734451cbf,D:\INFANT CRY\data_set_dbl_split\train\not_baby\3-119120-B-48.wav,not_baby/3-119120-B-48.wav,not_baby,4,esc50,esc50_source:119120,esc50_source_file,3dbb97983366a994bd607b064da52879a47b68f7194f202987aa45e0d947cf9e,StratifiedGroupKFold,42
rec_4eaa4835994d166c9221,D:\INFANT CRY\data_set_dbl_split\train\not_baby\3-119120-C-48.wav,not_baby/3-119120-C-48.wav,not_baby,4,esc50,esc50_source:119120,esc50_source_file,d055eb62ef340654913fda0c1a7c9c16a185016458bb0f33af20f134bf0f81c5,StratifiedGroupKFold,42
rec_097399038ed5854a853a,D:\INFANT CRY\data_set_dbl_split\train\not_baby\3-119120-D-48.wav,not_baby/3-119120-D-48.wav,not_baby,4,esc50,esc50_source:119120,esc50_source_file,1da8694228e5a3ac0a90c85f431f49a4d51583128cd8bc440bfda30b67cb7999,StratifiedGroupKFold,42
rec_7980c1568d515f39d62b,D:\INFANT CRY\data_set_dbl_split\train\not_baby\3-119120-E-48.wav,not_baby/3-119120-E-48.wav,not_baby,4,esc50,esc50_source:119120,esc50_source_file,83e988d6a8a8c388dd5e6fcf26d82576a37808cd5f60b44d3171036602603db8,StratifiedGroupKFold,42
rec_0bed62224bb8ed45c199,D:\INFANT CRY\data_set_dbl_split\train\not_baby\3-122110-A-46.wav,not_baby/3-122110-A-46.wav,not_baby,4,esc50,esc50_source:122110,esc50_source_file,c6a19ee5012def48fb7aecf119fc7aea76907da1d7689d2e649675f2059e99e0,StratifiedGroupKFold,42
rec_13e4170f85b5b2d3a426,D:\INFANT CRY\data_set_dbl_split\train\not_baby\3-125548-A-32.wav,not_baby/3-125548-A-32.wav,not_baby,4,esc50,esc50_source:125548,esc50_source_file,786c0ab915c44c716dd70971fc8f80f0cc501164423095e3e5c97929b3796f7d,StratifiedGroupKFold,42
rec_b471bb86484aa1e07f52,D:\INFANT CRY\data_set_dbl_split\train\not_baby\3-126391-A-27.wav,not_baby/3-126391-A-27.wav,not_baby,4,esc50,esc50_source:126391,esc50_source_file,081ecca15cf423a7a33ffe5022c745a29a886a5995d121d0509becc204681e18,StratifiedGroupKFold,42
rec_3ae32aad6cb4b8ed1817,D:\INFANT CRY\data_set_dbl_split\train\not_baby\3-126391-B-27.wav,not_baby/3-126391-B-27.wav,not_baby,4,esc50,esc50_source:126391,esc50_source_file,d84fd92102c8e125e79afd4078cce42c0a58d9d5e9e5f0d864a819448c88b821,StratifiedGroupKFold,42
rec_9b6a40fc9837060588e4,D:\INFANT CRY\data_set_dbl_split\train\not_baby\3-127890-A-9.wav,not_baby/3-127890-A-9.wav,not_baby,4,esc50,esc50_source:127890,esc50_source_file,b72e1e6af9dfcdb885b65efaefb9a8da3f2a191062edd9c61ee7d11e2952a943,StratifiedGroupKFold,42
rec_6451af4941f3e04e5001,D:\INFANT CRY\data_set_dbl_split\train\not_baby\3-127890-B-9.wav,not_baby/3-127890-B-9.wav,not_baby,4,esc50,esc50_source:127890,esc50_source_file,10fbfd19c65da9e55323c8f03cf4ffe663c1a28213223efea743a6c72285c0ef,StratifiedGroupKFold,42
rec_46b41d091417f78625a4,D:\INFANT CRY\data_set_dbl_split\train\not_baby\3-127890-C-9.wav,not_baby/3-127890-C-9.wav,not_baby,4,esc50,esc50_source:127890,esc50_source_file,c4b011359822d61747927e2da2cd4035355f6817d933e0e04a07d404bba6ed27,StratifiedGroupKFold,42
rec_a61ff444601ab87bf51d,D:\INFANT CRY\data_set_dbl_split\train\not_baby\3-129678-A-13.wav,not_baby/3-129678-A-13.wav,not_baby,4,esc50,esc50_source:129678,esc50_source_file,f6ae5649cfa7ef7276fbe0d04694edf9524b425213fe06a446648e5dbf2912b9,StratifiedGroupKFold,42
rec_67b0bd5be37daf0d8163,D:\INFANT CRY\data_set_dbl_split\train\not_baby\3-132601-A-24.wav,not_baby/3-132601-A-24.wav,not_baby,4,esc50,esc50_source:132601,esc50_source_file,2a8cac7228cf69c63838c96b7381b807d518a75d60fa0e8b51ac589c35dbe2a7,StratifiedGroupKFold,42
rec_387b2ec36673507f0b45,D:\INFANT CRY\data_set_dbl_split\train\not_baby\3-133977-A-29.wav,not_baby/3-133977-A-29.wav,not_baby,4,esc50,esc50_source:133977,esc50_source_file,127ab2b80563a740c639e293d477469b1bbcb00965f9684155149863a8457a9b,StratifiedGroupKFold,42
rec_93e61bf4644c75f5d442,D:\INFANT CRY\data_set_dbl_split\train\not_baby\3-136288-A-0.wav,not_baby/3-136288-A-0.wav,not_baby,4,esc50,esc50_source:136288,esc50_source_file,8293b4fe3c40cf9bbe243fa27d153bbef86217f855e4295e89f41411267c9f8d,StratifiedGroupKFold,42
rec_ea6286e08fca6b8d1418,D:\INFANT CRY\data_set_dbl_split\train\not_baby\3-139331-A-27.wav,not_baby/3-139331-A-27.wav,not_baby,4,esc50,esc50_source:139331,esc50_source_file,3145e4fe86f88bad2e2820f19d3d7187ff5a9f081ff62189e37e2e6e5c833a9c,StratifiedGroupKFold,42
rec_85a35fe4318da13cea89,D:\INFANT CRY\data_set_dbl_split\train\not_baby\3-140774-A-10.wav,not_baby/3-140774-A-10.wav,not_baby,4,esc50,esc50_source:140774,esc50_source_file,1dd994fb071b52e4232b0cbd06558dd8d179008be2e4cf1f41d4abdca4f390fe,StratifiedGroupKFold,42
rec_84c64c3a1a6124b60f77,D:\INFANT CRY\data_set_dbl_split\train\not_baby\3-141684-A-21.wav,not_baby/3-141684-A-21.wav,not_baby,4,esc50,esc50_source:141684,esc50_source_file,6046ae5559d7ce126b25406ff8538214d66c73c77ba15cd9ecb4849513dd3d87,StratifiedGroupKFold,42
rec_69e7902b816f7535f5cc,D:\INFANT CRY\data_set_dbl_split\train\not_baby\3-143929-A-10.wav,not_baby/3-143929-A-10.wav,not_baby,4,esc50,esc50_source:143929,esc50_source_file,5510934acbb493aee8e975d5b1c1b34b1a39ef0b870e6091778909995fef9004,StratifiedGroupKFold,42
rec_f15bd057e1cf9719b867,D:\INFANT CRY\data_set_dbl_split\train\not_baby\3-144692-A-21.wav,not_baby/3-144692-A-21.wav,not_baby,4,esc50,esc50_source:144692,esc50_source_file,c7c434ea67b02a56ea63337e9d7a823deca517a038a80a0cf01daed61d18dba5,StratifiedGroupKFold,42
rec_8c80546998e4e5b9651b,D:\INFANT CRY\data_set_dbl_split\train\not_baby\3-145719-A-17.wav,not_baby/3-145719-A-17.wav,not_baby,4,esc50,esc50_source:145719,esc50_source_file,a57a362da2ccacb77a7f90389ef11de3d7b5e339885f392a4de7b997ae9512db,StratifiedGroupKFold,42
rec_c9820e69140a097027b5,D:\INFANT CRY\data_set_dbl_split\train\not_baby\3-148330-A-21.wav,not_baby/3-148330-A-21.wav,not_baby,4,esc50,esc50_source:148330,esc50_source_file,bfd24723af5d665600f2eef92307ab266f444465a231e6cc2276783bcc05f4af,StratifiedGroupKFold,42
rec_6b89ed4967e10708cd7f,D:\INFANT CRY\data_set_dbl_split\train\not_baby\3-149042-A-24.wav,not_baby/3-149042-A-24.wav,not_baby,4,esc50,esc50_source:149042,esc50_source_file,33cb5ea4d5b8a0df92bcdef652df83cdcd3e02875468521d0e029ea63a371adb,StratifiedGroupKFold,42
rec_6c2bab4b25159cf1a93a,D:\INFANT CRY\data_set_dbl_split\train\not_baby\3-149465-A-22.wav,not_baby/3-149465-A-22.wav,not_baby,4,esc50,esc50_source:149465,esc50_source_file,ee4fb4e272d455fba80256516334d4842a3d3206f3653fd5e3f37c42e1372bf1,StratifiedGroupKFold,42
rec_34415300707f3cef117c,D:\INFANT CRY\data_set_dbl_split\train\not_baby\3-151255-A-28.wav,not_baby/3-151255-A-28.wav,not_baby,4,esc50,esc50_source:151255,esc50_source_file,97bf9e35e710a55937e2945877a8204b374d406df99bac53c36b1e2fb01266d1,StratifiedGroupKFold,42
rec_c3912eda62b55f107733,D:\INFANT CRY\data_set_dbl_split\train\not_baby\3-151557-A-28.wav,not_baby/3-151557-A-28.wav,not_baby,4,esc50,esc50_source:151557,esc50_source_file,48ffdd8b8517b9a76c8308d7b72af6781e0b50910472ed7a432fafcfa0a2abec,StratifiedGroupKFold,42
rec_59ea8887e71c604376ec,D:\INFANT CRY\data_set_dbl_split\train\not_baby\3-151557-B-28.wav,not_baby/3-151557-B-28.wav,not_baby,4,esc50,esc50_source:151557,esc50_source_file,f2f7082b44e1135e5325a4d8177fd405899342a9f24f69c120606be39d8528d5,StratifiedGroupKFold,42
rec_fcf2a020055ad37bce96,D:\INFANT CRY\data_set_dbl_split\train\not_baby\3-153057-A-43.wav,not_baby/3-153057-A-43.wav,not_baby,4,esc50,esc50_source:153057,esc50_source_file,d9ef718570e5f58436d84a45a0619d1b812eac187282dad30fbf166432f6cf79,StratifiedGroupKFold,42
rec_7bc8e184caebcc7b89ad,D:\INFANT CRY\data_set_dbl_split\train\not_baby\3-155578-A-14.wav,not_baby/3-155578-A-14.wav,not_baby,4,esc50,esc50_source:155578,esc50_source_file,3203e75865f750f362b9c0b8d8265b4a4332631d8b2d48b5d7e5324f79456fdf,StratifiedGroupKFold,42
rec_85919f540f70771efd7a,D:\INFANT CRY\data_set_dbl_split\train\not_baby\3-155583-A-14.wav,not_baby/3-155583-A-14.wav,not_baby,4,esc50,esc50_source:155583,esc50_source_file,72ba6bac187597092a075357be3de44afb1a27761fb6a1e4cbfa088e2e268f2a,StratifiedGroupKFold,42
rec_c637d5b6709e3797a811,D:\INFANT CRY\data_set_dbl_split\train\not_baby\3-156391-A-35.wav,not_baby/3-156391-A-35.wav,not_baby,4,esc50,esc50_source:156391,esc50_source_file,4761e1aba4ab6c6bc5a1d969b6fb5e47cc3504d6d555c9ba9138a440272b34a4,StratifiedGroupKFold,42
rec_fa7c99c44aabc40408e5,D:\INFANT CRY\data_set_dbl_split\train\not_baby\3-156907-A-15.wav,not_baby/3-156907-A-15.wav,not_baby,4,esc50,esc50_source:156907,esc50_source_file,713f2d9acc4ea229c8cc0687e7d3b6282d21f861dedc96ced65cbb2389b0ad7c,StratifiedGroupKFold,42
rec_79083c7d106305945d51,D:\INFANT CRY\data_set_dbl_split\train\not_baby\3-157187-A-12.wav,not_baby/3-157187-A-12.wav,not_baby,4,esc50,esc50_source:157187,esc50_source_file,732379827a29ef372d098553de376a66adaac8c32b357221295a9bc7ebba84f0,StratifiedGroupKFold,42
rec_10bc88fd61c6e06b4dc0,D:\INFANT CRY\data_set_dbl_split\train\not_baby\3-157695-A-0.wav,not_baby/3-157695-A-0.wav,not_baby,4,esc50,esc50_source:157695,esc50_source_file,7a6099b6ef5f58af8b6f9a9deda41cc0d8efe5a0fd60fdd638a711523674903a,StratifiedGroupKFold,42
rec_16a5606ceb93bda35403,D:\INFANT CRY\data_set_dbl_split\train\not_baby\3-162786-A-13.wav,not_baby/3-162786-A-13.wav,not_baby,4,esc50,esc50_source:162786,esc50_source_file,b8eb49bd608bd3f525c021689601857a51c1a94f99f75c2e9854e52ff9885c56,StratifiedGroupKFold,42
rec_6b6336d96f8ade8e7189,D:\INFANT CRY\data_set_dbl_split\train\not_baby\3-164593-A-15.wav,not_baby/3-164593-A-15.wav,not_baby,4,esc50,esc50_source:164593,esc50_source_file,cb2f3dd439acbba31b4a292f14b12e5d698796235aeab7f857fef3167e463ffd,StratifiedGroupKFold,42
rec_72f73b985c3d0bf8e6a6,D:\INFANT CRY\data_set_dbl_split\train\not_baby\3-166125-A-23.wav,not_baby/3-166125-A-23.wav,not_baby,4,esc50,esc50_source:166125,esc50_source_file,ae5609ae6996196707f6355237d163ceb5af2bf3e0f86ab9c9b2f8efc967eee0,StratifiedGroupKFold,42
rec_9be93bdd9173ed123269,D:\INFANT CRY\data_set_dbl_split\train\not_baby\3-166125-B-23.wav,not_baby/3-166125-B-23.wav,not_baby,4,esc50,esc50_source:166125,esc50_source_file,08d00012ae478df2662ccf6ebb5b2309e973f65f48b3c23d42b38000f08e8394,StratifiedGroupKFold,42
rec_bbe37cc18053f3ee91d8,D:\INFANT CRY\data_set_dbl_split\train\not_baby\3-171012-A-38.wav,not_baby/3-171012-A-38.wav,not_baby,4,esc50,esc50_source:171012,esc50_source_file,caec02091ae6803d4dec5136f0aa6d539a8788609d83063409bc3b534ae21024,StratifiedGroupKFold,42
rec_5b8a838f9072fb34b349,D:\INFANT CRY\data_set_dbl_split\train\not_baby\3-171937-A-34.wav,not_baby/3-171937-A-34.wav,not_baby,4,esc50,esc50_source:171937,esc50_source_file,422748eda117e7277d54e36aef4a951e4f5c82bb9a3e9c55d41ecd0b0b8594f7,StratifiedGroupKFold,42
rec_64536faa5b27c9110c8f,D:\INFANT CRY\data_set_dbl_split\train\not_baby\3-177083-A-22.wav,not_baby/3-177083-A-22.wav,not_baby,4,esc50,esc50_source:177083,esc50_source_file,277d203965e622db944e34669c403b81532f6c0d589a9126827adde77ce64fc3,StratifiedGroupKFold,42
rec_1fa41a61a7f76ae788bf,D:\INFANT CRY\data_set_dbl_split\train\not_baby\3-180977-A-0.wav,not_baby/3-180977-A-0.wav,not_baby,4,esc50,esc50_source:180977,esc50_source_file,d5d290a12f7aac1e5a5cee44e7a4d6033ee9f9999846f84b2278f7fbd6516df2,StratifiedGroupKFold,42
rec_b588743d4702ef7bd43a,D:\INFANT CRY\data_set_dbl_split\train\not_baby\3-185456-A-29.wav,not_baby/3-185456-A-29.wav,not_baby,4,esc50,esc50_source:185456,esc50_source_file,0b34b6b7894d353b0521967b2c9e13cce1a904aa80098b1c4d7c44c316e93ffd,StratifiedGroupKFold,42
rec_792dec9d0aacb2d05fc8,D:\INFANT CRY\data_set_dbl_split\train\not_baby\3-197435-A-22.wav,not_baby/3-197435-A-22.wav,not_baby,4,esc50,esc50_source:197435,esc50_source_file,f53b4f40d335fea48b1bf90ee59e60bd29501214c8acac9c7cefebd89fbb9703,StratifiedGroupKFold,42
rec_7f89e73a09e17258944a,D:\INFANT CRY\data_set_dbl_split\train\not_baby\3-197435-B-22.wav,not_baby/3-197435-B-22.wav,not_baby,4,esc50,esc50_source:197435,esc50_source_file,7f2d8f418cf04396186919ad53bba73fd9ac92fd761fa40bf33f6565bec1977d,StratifiedGroupKFold,42
rec_8c31d63ca6b6eb1f8e64,D:\INFANT CRY\data_set_dbl_split\train\not_baby\3-203375-A-39.wav,not_baby/3-203375-A-39.wav,not_baby,4,esc50,esc50_source:203375,esc50_source_file,b6a987feb4855cf91f55498dcc04bee4fd0f8ed06290d451ce37a07fff230feb,StratifiedGroupKFold,42
rec_b1ac350ad6ec958bf8f6,D:\INFANT CRY\data_set_dbl_split\train\not_baby\3-216284-A-39.wav,not_baby/3-216284-A-39.wav,not_baby,4,esc50,esc50_source:216284,esc50_source_file,b494fb47b9afd88715976c1476e6115024b8869681a293ea761fea72a03abf3e,StratifiedGroupKFold,42
rec_37bb79019eed1f6194c4,D:\INFANT CRY\data_set_dbl_split\train\not_baby\3-233151-A-2.wav,not_baby/3-233151-A-2.wav,not_baby,4,esc50,esc50_source:233151,esc50_source_file,bce22c0bd615db7dcb5b7b05ac4249647512ac324bf4ea3eb21725c108573c5c,StratifiedGroupKFold,42
rec_727bcd604ed51de6f31f,D:\INFANT CRY\data_set_dbl_split\train\not_baby\3-246513-A-16.wav,not_baby/3-246513-A-16.wav,not_baby,4,esc50,esc50_source:246513,esc50_source_file,ea4351647ba7f248a404e583e525a83b86118c7e7c5f4544f8b1315e84ff7557,StratifiedGroupKFold,42
rec_46f9492bd7fe67f24f01,D:\INFANT CRY\data_set_dbl_split\train\not_baby\3-246513-B-16.wav,not_baby/3-246513-B-16.wav,not_baby,4,esc50,esc50_source:246513,esc50_source_file,e0adc1831f31a13f692e123ea4024cbcab64b2191c21ac632700e139206fc351,StratifiedGroupKFold,42
rec_7e7606041af06d8a4c97,D:\INFANT CRY\data_set_dbl_split\train\not_baby\3-51731-A-42.wav,not_baby/3-51731-A-42.wav,not_baby,4,esc50,esc50_source:51731,esc50_source_file,0268313151d1865b712d5556e6a0fc7fcf87807639c68de23d9951d38474208e,StratifiedGroupKFold,42
rec_5bb5fb92a8c1b429d4f4,D:\INFANT CRY\data_set_dbl_split\train\not_baby\3-51731-B-42.wav,not_baby/3-51731-B-42.wav,not_baby,4,esc50,esc50_source:51731,esc50_source_file,4918f7e9c5b2056580ea7261db9b13d026c21aa132bcc6ff981e09c2b7d0518e,StratifiedGroupKFold,42
rec_8f5de6bc2a3931992832,D:\INFANT CRY\data_set_dbl_split\train\not_baby\3-70962-A-4.wav,not_baby/3-70962-A-4.wav,not_baby,4,esc50,esc50_source:70962,esc50_source_file,678df375c2e35eebad0f251d1ce6240139a93c87c0ec5ca6c4937b7032477145,StratifiedGroupKFold,42
rec_97921a32d686f5af2ec0,D:\INFANT CRY\data_set_dbl_split\train\not_baby\3-70962-B-4.wav,not_baby/3-70962-B-4.wav,not_baby,4,esc50,esc50_source:70962,esc50_source_file,f102aec2b3c44ae526519dc8f52124be0e7c9a00d5ab5240b0e67744db3f05c4,StratifiedGroupKFold,42
rec_9f1c95ad1ee2a01b6053,D:\INFANT CRY\data_set_dbl_split\train\not_baby\3-70962-C-4.wav,not_baby/3-70962-C-4.wav,not_baby,4,esc50,esc50_source:70962,esc50_source_file,bcb3b0fe85defbcf9ba6e2d59f7fe74d558195ab1c2bb498b819087fb683fcfb,StratifiedGroupKFold,42
rec_ce4d1aa930c3fde4a061,D:\INFANT CRY\data_set_dbl_split\train\not_baby\3-92637-A-18.wav,not_baby/3-92637-A-18.wav,not_baby,4,esc50,esc50_source:92637,esc50_source_file,004de95b62579616929281d6e461ff379047164655f7358ecabfaca02d750320,StratifiedGroupKFold,42
rec_acfb08dfbb6c84bc50b1,D:\INFANT CRY\data_set_dbl_split\train\not_baby\3-94355-A-33.wav,not_baby/3-94355-A-33.wav,not_baby,4,esc50,esc50_source:94355,esc50_source_file,085dadd17a2add607c3d86062a2e784fa8e5ff9f490d950130fcf526b6413e22,StratifiedGroupKFold,42
rec_9fda0367706525a11b9f,D:\INFANT CRY\data_set_dbl_split\train\not_baby\3-96606-A-49.wav,not_baby/3-96606-A-49.wav,not_baby,4,esc50,esc50_source:96606,esc50_source_file,d0b8ac0b838bb26661f6ee2ca3dc723dd3d92f9b658aeaeb5a09adeda04362cc,StratifiedGroupKFold,42
rec_03182f0916e88e93b4a7,D:\INFANT CRY\data_set_dbl_split\train\not_baby\3-96606-B-49.wav,not_baby/3-96606-B-49.wav,not_baby,4,esc50,esc50_source:96606,esc50_source_file,fbf9db62e5a83340df1106d553ee8099f69b53965fd4001152ceec60ccc14113,StratifiedGroupKFold,42
rec_2e1964644c7d7ab6645b,D:\INFANT CRY\data_set_dbl_split\train\not_baby\3-98869-A-46.wav,not_baby/3-98869-A-46.wav,not_baby,4,esc50,esc50_source:98869,esc50_source_file,b13da802e507aa019c34b3ec44f8f64aa101ab2a3f16ac6aaba125062faec084,StratifiedGroupKFold,42
rec_4f29f541e8fd25d0b3c9,D:\INFANT CRY\data_set_dbl_split\train\not_baby\4-107120-A-33.wav,not_baby/4-107120-A-33.wav,not_baby,4,esc50,esc50_source:107120,esc50_source_file,d803f4401007c030d0945e322aee546816cd376e557dc565a7353869bd620105,StratifiedGroupKFold,42
rec_9ec9ac2d622705814c92,D:\INFANT CRY\data_set_dbl_split\train\not_baby\4-120160-A-5.wav,not_baby/4-120160-A-5.wav,not_baby,4,esc50,esc50_source:120160,esc50_source_file,5828c0621dddd37ba88c08d99edb9c3860bf2e7f9c3b8adcc02f845bbf6e7211,StratifiedGroupKFold,42
rec_2653c887f44b0178fca0,D:\INFANT CRY\data_set_dbl_split\train\not_baby\4-121532-A-42.wav,not_baby/4-121532-A-42.wav,not_baby,4,esc50,esc50_source:121532,esc50_source_file,9f7d32892f55d06a7ce39a0c97c5fd24fcc477c3e517c6e34003a5a9d2c822f5,StratifiedGroupKFold,42
rec_4368193a625b62330f42,D:\INFANT CRY\data_set_dbl_split\train\not_baby\4-123680-A-18.wav,not_baby/4-123680-A-18.wav,not_baby,4,esc50,esc50_source:123680,esc50_source_file,37b6b220545df09fb3fe00c424f9aed9d9d0c1d0cc9932337b3151c919daef7b,StratifiedGroupKFold,42
rec_636904ff9e72c00b4a27,D:\INFANT CRY\data_set_dbl_split\train\not_baby\4-143118-A-7.wav,not_baby/4-143118-A-7.wav,not_baby,4,esc50,esc50_source:143118,esc50_source_file,60f56e656e795a8916258b85a5485fff61199f99a3c9f1dde9eaedaebd4d2f61,StratifiedGroupKFold,42
rec_229b962b5a301b9dc956,D:\INFANT CRY\data_set_dbl_split\train\not_baby\4-143118-B-7.wav,not_baby/4-143118-B-7.wav,not_baby,4,esc50,esc50_source:143118,esc50_source_file,d49b3d79ede70b70d0e01015088a8acadc6c4410973dd133736c4684a326bb0f,StratifiedGroupKFold,42
rec_7fd8956d0b8b6eecf5ca,D:\INFANT CRY\data_set_dbl_split\train\not_baby\4-146200-A-36.wav,not_baby/4-146200-A-36.wav,not_baby,4,esc50,esc50_source:146200,esc50_source_file,41db87e753f13f238ba7f8ffca60421d08f8ab3e315c4d79f0557caed80ee9d8,StratifiedGroupKFold,42
rec_e99f706408b090c4c5da,D:\INFANT CRY\data_set_dbl_split\train\not_baby\4-154405-A-27.wav,not_baby/4-154405-A-27.wav,not_baby,4,esc50,esc50_source:154405,esc50_source_file,74233760be61163a1ef912653c987842ea9cc1c6242f12c1e0ec5370df4e9381,StratifiedGroupKFold,42
rec_ed6acfa4c40a37125f3c,D:\INFANT CRY\data_set_dbl_split\train\not_baby\4-154405-B-27.wav,not_baby/4-154405-B-27.wav,not_baby,4,esc50,esc50_source:154405,esc50_source_file,7fb82f2e2eb895f2d8d14c8bf845d168ac57d8fafa1d93ab2439af13912f2c8c,StratifiedGroupKFold,42
rec_b4c7310e7754a6845468,D:\INFANT CRY\data_set_dbl_split\train\not_baby\4-154793-A-4.wav,not_baby/4-154793-A-4.wav,not_baby,4,esc50,esc50_source:154793,esc50_source_file,70848cc5cfe7f2c5f3ef1266f47901c50463a4887ff6ffa8910cba9b22c89d4f,StratifiedGroupKFold,42
rec_d8e8f98500b1ee565ae3,D:\INFANT CRY\data_set_dbl_split\train\not_baby\4-155670-A-26.wav,not_baby/4-155670-A-26.wav,not_baby,4,esc50,esc50_source:155670,esc50_source_file,9368b7604caf4337cb81e95bb2461fa80a90011c94fdfffef10e0ab819d9842e,StratifiedGroupKFold,42
rec_bf786a6f2fbbb2068245,D:\INFANT CRY\data_set_dbl_split\train\not_baby\4-160036-A-33.wav,not_baby/4-160036-A-33.wav,not_baby,4,esc50,esc50_source:160036,esc50_source_file,d532368c1c87cc38716046c5653d590ea71563a945df3d2e5ad2d197952c0045,StratifiedGroupKFold,42
rec_f215122474b9759efcf3,D:\INFANT CRY\data_set_dbl_split\train\not_baby\4-160036-B-33.wav,not_baby/4-160036-B-33.wav,not_baby,4,esc50,esc50_source:160036,esc50_source_file,8e58b5f094a28835f81ddbaccf0b5238a431395ad205625c0114560dfa5a58f8,StratifiedGroupKFold,42
rec_9ad39fc846a149c110be,D:\INFANT CRY\data_set_dbl_split\train\not_baby\4-161103-A-47.wav,not_baby/4-161103-A-47.wav,not_baby,4,esc50,esc50_source:161103,esc50_source_file,faf8973d7984be8b6c04160ca191ec85a75e8c0e0989e66a6f9842fb9ae87d73,StratifiedGroupKFold,42
rec_f48f6bb7cb8f4f9b494c,D:\INFANT CRY\data_set_dbl_split\train\not_baby\4-163697-A-13.wav,not_baby/4-163697-A-13.wav,not_baby,4,esc50,esc50_source:163697,esc50_source_file,8b02f23af70a2035464c83a3da2c7d1424cd0af658f4c8c20c40e8abdc1a0444,StratifiedGroupKFold,42
rec_f805b38455c0b76bc4b7,D:\INFANT CRY\data_set_dbl_split\train\not_baby\4-164859-A-1.wav,not_baby/4-164859-A-1.wav,not_baby,4,esc50,esc50_source:164859,esc50_source_file,96f91f5dc4b8a14ef17926b0adc7229e2161b4e61e1d079ac45bed2a085a6b08,StratifiedGroupKFold,42
rec_e37222ff11bbd74ff6e7,D:\INFANT CRY\data_set_dbl_split\train\not_baby\4-168155-A-15.wav,not_baby/4-168155-A-15.wav,not_baby,4,esc50,esc50_source:168155,esc50_source_file,2cd2ad18953fa15ac00e34417479f1021d9f01afdfc193aeaa486c1a3473313e,StratifiedGroupKFold,42
rec_b11f6546ffcc16039a4f,D:\INFANT CRY\data_set_dbl_split\train\not_baby\4-169726-A-24.wav,not_baby/4-169726-A-24.wav,not_baby,4,esc50,esc50_source:169726,esc50_source_file,ec8defa24843e95c9448fa7bcd3f619d032856856fbc892cf357e2890b903700,StratifiedGroupKFold,42
rec_fc9a5831b6274f302c93,D:\INFANT CRY\data_set_dbl_split\train\not_baby\4-170247-A-12.wav,not_baby/4-170247-A-12.wav,not_baby,4,esc50,esc50_source:170247,esc50_source_file,19a2e37237b10d02f8c54281ecacd17d4e7af1c4b69df5c1db3831fe55d996a7,StratifiedGroupKFold,42
rec_1ae35edfb30196deb0e6,D:\INFANT CRY\data_set_dbl_split\train\not_baby\4-170247-B-12.wav,not_baby/4-170247-B-12.wav,not_baby,4,esc50,esc50_source:170247,esc50_source_file,ff4985fe31123d45350cfc29e048d6817a1cdfe27059b5ccb55546d67c668bee,StratifiedGroupKFold,42
rec_8bdde489bd65013cc4ae,D:\INFANT CRY\data_set_dbl_split\train\not_baby\4-171396-A-24.wav,not_baby/4-171396-A-24.wav,not_baby,4,esc50,esc50_source:171396,esc50_source_file,343764265d080bdba2b49a58f86874843865bef82c753adfff866625f9999800,StratifiedGroupKFold,42
rec_fee07fcb614873176bf6,D:\INFANT CRY\data_set_dbl_split\train\not_baby\4-172732-A-36.wav,not_baby/4-172732-A-36.wav,not_baby,4,esc50,esc50_source:172732,esc50_source_file,e6e0690da254355cd5e8ae4bda3ea349c83d93b8ece5e140bfd6d467813a3c47,StratifiedGroupKFold,42
rec_d4da66b04622ce920383,D:\INFANT CRY\data_set_dbl_split\train\not_baby\4-172736-A-36.wav,not_baby/4-172736-A-36.wav,not_baby,4,esc50,esc50_source:172736,esc50_source_file,3a1ee8ca78c888284dcf58aa5d2e029862b0ef16352edc8126e232942ca01e29,StratifiedGroupKFold,42
rec_231f2ecb94d8f2836eb6,D:\INFANT CRY\data_set_dbl_split\train\not_baby\4-172736-B-36.wav,not_baby/4-172736-B-36.wav,not_baby,4,esc50,esc50_source:172736,esc50_source_file,7577d19d249da591d43b44dec9d0988f3d13ebfbba8932fd3110606b3d18c5a3,StratifiedGroupKFold,42
rec_b8a0350f263d87d388ec,D:\INFANT CRY\data_set_dbl_split\train\not_baby\4-175845-A-43.wav,not_baby/4-175845-A-43.wav,not_baby,4,esc50,esc50_source:175845,esc50_source_file,aeaf26bd07b54964985f7c5726b2724f57b9912b6e70c0af2f8bf3758ca0f18c,StratifiedGroupKFold,42
rec_e9a1ef510618a6ea429b,D:\INFANT CRY\data_set_dbl_split\train\not_baby\4-175846-A-43.wav,not_baby/4-175846-A-43.wav,not_baby,4,esc50,esc50_source:175846,esc50_source_file,5d8600b8472cd713a5ab9953a78ab4c47e1d400b91b23dada33fbeb2597a6daf,StratifiedGroupKFold,42
rec_57a203f62c8a63159f78,D:\INFANT CRY\data_set_dbl_split\train\not_baby\4-178402-A-43.wav,not_baby/4-178402-A-43.wav,not_baby,4,esc50,esc50_source:178402,esc50_source_file,9ec40aa83ad3ae9a7a5c2184b7db241f6e288d13e4d6cce1ceac97ddffe2faff,StratifiedGroupKFold,42
rec_c4551817e1872add7afa,D:\INFANT CRY\data_set_dbl_split\train\not_baby\4-179984-A-38.wav,not_baby/4-179984-A-38.wav,not_baby,4,esc50,esc50_source:179984,esc50_source_file,c39eef951ebd527500e4c8bae4e7d5c6638017dc093125f0d46d462573a8fea5,StratifiedGroupKFold,42
rec_ca44f081061853b7b9ac,D:\INFANT CRY\data_set_dbl_split\train\not_baby\4-180453-A-17.wav,not_baby/4-180453-A-17.wav,not_baby,4,esc50,esc50_source:180453,esc50_source_file,50a25a3b6348ad0000b265cc8d9b27846f41bb14d9784caabe996233dd62cf6a,StratifiedGroupKFold,42
rec_e4cde04afa0e7500c89f,D:\INFANT CRY\data_set_dbl_split\train\not_baby\4-181286-A-10.wav,not_baby/4-181286-A-10.wav,not_baby,4,esc50,esc50_source:181286,esc50_source_file,f4adde0e7a70a466a161325824b020a28ae3aaf76568436116c82b6b25d76fdf,StratifiedGroupKFold,42
rec_595633a18586c5ef7a47,D:\INFANT CRY\data_set_dbl_split\train\not_baby\4-183487-A-1.wav,not_baby/4-183487-A-1.wav,not_baby,4,esc50,esc50_source:183487,esc50_source_file,0cb40e860a07d9ef3843375df34033fcc7a655ffd01f1d693ae58f9ecfa0e1a3,StratifiedGroupKFold,42
rec_e8b4dae91c59084e0545,D:\INFANT CRY\data_set_dbl_split\train\not_baby\4-184434-A-21.wav,not_baby/4-184434-A-21.wav,not_baby,4,esc50,esc50_source:184434,esc50_source_file,3df4211c5afd73ca0e85d282f84313b73ccb8d3993af59a9f368e91da274d020,StratifiedGroupKFold,42
rec_805c9855777f9b96a963,D:\INFANT CRY\data_set_dbl_split\train\not_baby\4-186936-A-44.wav,not_baby/4-186936-A-44.wav,not_baby,4,esc50,esc50_source:186936,esc50_source_file,df22b88ba5d56f61e5204f7ad8bcdff77272d8c9677f7ca748321039799fea99,StratifiedGroupKFold,42
rec_97e3fc48f9685a340dbe,D:\INFANT CRY\data_set_dbl_split\train\not_baby\4-186938-A-44.wav,not_baby/4-186938-A-44.wav,not_baby,4,esc50,esc50_source:186938,esc50_source_file,7a1280fb2f69345819bc79982eac5ded1a1c6fb42ae1d686a20aca29405e893a,StratifiedGroupKFold,42
rec_7ba4812db6bbc2d119f7,D:\INFANT CRY\data_set_dbl_split\train\not_baby\4-188191-A-29.wav,not_baby/4-188191-A-29.wav,not_baby,4,esc50,esc50_source:188191,esc50_source_file,401d8a4c4594bc8cb8b13bd3fb0d1f0c4b847c6f86651659302ea2b5df1dfa39,StratifiedGroupKFold,42
rec_b992e2522025cf59514f,D:\INFANT CRY\data_set_dbl_split\train\not_baby\4-188191-B-29.wav,not_baby/4-188191-B-29.wav,not_baby,4,esc50,esc50_source:188191,esc50_source_file,1e279878eecd227515dedbdda515ab3f26d073a4a36c4dfae1b9f4f9e78ee5dc,StratifiedGroupKFold,42
rec_a2fc7e5fe599a44ec9ac,D:\INFANT CRY\data_set_dbl_split\train\not_baby\4-188191-C-29.wav,not_baby/4-188191-C-29.wav,not_baby,4,esc50,esc50_source:188191,esc50_source_file,e3d26c19c0896c9d72d6662caffd464966999edce21720dae8a362e85422176d,StratifiedGroupKFold,42
rec_57c6377325c02455d53a,D:\INFANT CRY\data_set_dbl_split\train\not_baby\4-189833-A-22.wav,not_baby/4-189833-A-22.wav,not_baby,4,esc50,esc50_source:189833,esc50_source_file,6e1e23f2d71d057489dc0e630e25271af4c1a9b73888b666eebdae268d7ad0ac,StratifiedGroupKFold,42
rec_969974282e4df520d51a,D:\INFANT CRY\data_set_dbl_split\train\not_baby\4-191297-A-28.wav,not_baby/4-191297-A-28.wav,not_baby,4,esc50,esc50_source:191297,esc50_source_file,7d7605c2337f8f5221fbc9e57850593178ff0de483ccf74c9d69613c997a8ae4,StratifiedGroupKFold,42
rec_fe84554240aa689c15fc,D:\INFANT CRY\data_set_dbl_split\train\not_baby\4-195451-A-44.wav,not_baby/4-195451-A-44.wav,not_baby,4,esc50,esc50_source:195451,esc50_source_file,ca02867f6995cf11de5d9ed443e842b59e62bfdcdf77910ab9a4daf4242f5e4a,StratifiedGroupKFold,42
rec_b82b9205fb6caad5afec,D:\INFANT CRY\data_set_dbl_split\train\not_baby\4-204683-A-31.wav,not_baby/4-204683-A-31.wav,not_baby,4,esc50,esc50_source:204683,esc50_source_file,c8a64c45294db7c69d9ecd6970ac44192e823bb2f3ae634e4c1e9586ea6e75d2,StratifiedGroupKFold,42
rec_45e0654d42d0201867a5,D:\INFANT CRY\data_set_dbl_split\train\not_baby\4-213915-A-3.wav,not_baby/4-213915-A-3.wav,not_baby,4,esc50,esc50_source:213915,esc50_source_file,922568d6f739db093245ed59f62ad6e123adc63cdc3f6c97621ef9226bbfc86a,StratifiedGroupKFold,42
rec_873a69af7754562eff2d,D:\INFANT CRY\data_set_dbl_split\train\not_baby\4-213915-B-3.wav,not_baby/4-213915-B-3.wav,not_baby,4,esc50,esc50_source:213915,esc50_source_file,27c17d35977a25dbc418035e7772f770ea070ad8fe78099e9c070df67fae4980,StratifiedGroupKFold,42
rec_8c67b39e4b8272561e15,D:\INFANT CRY\data_set_dbl_split\train\not_baby\4-213915-C-3.wav,not_baby/4-213915-C-3.wav,not_baby,4,esc50,esc50_source:213915,esc50_source_file,cb961557c652b3cfadac4acf581494e61994657926ba33656f3b19958e6601fc,StratifiedGroupKFold,42
rec_be192108e47f119fa49b,D:\INFANT CRY\data_set_dbl_split\train\not_baby\4-232495-A-6.wav,not_baby/4-232495-A-6.wav,not_baby,4,esc50,esc50_source:232495,esc50_source_file,7d9e39ac77e3d304fbded7f8affd4a4ed14cd8c879138624ec2d2c7beea680c8,StratifiedGroupKFold,42
rec_8c1f28d4b735a68ff845,D:\INFANT CRY\data_set_dbl_split\train\not_baby\4-250869-A-2.wav,not_baby/4-250869-A-2.wav,not_baby,4,esc50,esc50_source:250869,esc50_source_file,fb80ab27e67733ff25e3832428f5bbf37e92a39da433232e99b39016efbe94e5,StratifiedGroupKFold,42
rec_33fd5adda50d26cb67a2,D:\INFANT CRY\data_set_dbl_split\train\not_baby\4-250869-B-2.wav,not_baby/4-250869-B-2.wav,not_baby,4,esc50,esc50_source:250869,esc50_source_file,2fcd8c5ccfb3d0f45e2e882a0b111e5cd80b027ff3ecae9030a7d140cb51ff4a,StratifiedGroupKFold,42
rec_3b67180997b07ec580a0,D:\INFANT CRY\data_set_dbl_split\train\not_baby\4-250869-C-2.wav,not_baby/4-250869-C-2.wav,not_baby,4,esc50,esc50_source:250869,esc50_source_file,a5d240fa6712082e48727ad604d78fbe370167190de6a0ade409129eef4e7b17,StratifiedGroupKFold,42
rec_283ddd2ba0976a9e2d52,D:\INFANT CRY\data_set_dbl_split\train\not_baby\4-255371-A-47.wav,not_baby/4-255371-A-47.wav,not_baby,4,esc50,esc50_source:255371,esc50_source_file,ea0643345642e6de194823855bbd7f1692a939bb45c16b48ab81ae0a670f4911,StratifiedGroupKFold,42
rec_c2c78c777fd5cc2236c7,D:\INFANT CRY\data_set_dbl_split\train\not_baby\4-261068-A-30.wav,not_baby/4-261068-A-30.wav,not_baby,4,esc50,esc50_source:261068,esc50_source_file,5f9bef85798486a2a5cdf712ef24f5ef12e84858dc7708fd5478d713cb243548,StratifiedGroupKFold,42
rec_f21f7f0815ab06a2114c,D:\INFANT CRY\data_set_dbl_split\train\not_baby\5-103421-A-2.wav,not_baby/5-103421-A-2.wav,not_baby,4,esc50,esc50_source:103421,esc50_source_file,738fdd92d9350de149a7eeed039c50507b6e40cb017cd2431adb552581c78684,StratifiedGroupKFold,42
rec_6695a055bf1c7038adf7,D:\INFANT CRY\data_set_dbl_split\train\not_baby\5-117118-A-42.wav,not_baby/5-117118-A-42.wav,not_baby,4,esc50,esc50_source:117118,esc50_source_file,79cbdaf2156d7af410fe97a5c131ee6f46f2f7a99f4051fadd01e931ad8c9e14,StratifiedGroupKFold,42
rec_11fe6f26c5220d63404e,D:\INFANT CRY\data_set_dbl_split\train\not_baby\5-133989-A-42.wav,not_baby/5-133989-A-42.wav,not_baby,4,esc50,esc50_source:133989,esc50_source_file,7521bb9b94ef12283db760cb97338b7c9a3145b8c78ce3931e03953c6d91f08e,StratifiedGroupKFold,42
rec_e3c41c8a037578199138,D:\INFANT CRY\data_set_dbl_split\train\not_baby\5-133989-B-42.wav,not_baby/5-133989-B-42.wav,not_baby,4,esc50,esc50_source:133989,esc50_source_file,8b91f090b3339c1a4b780b454062ef65ba16c49a2a3c0068cced69b07ef3a119,StratifiedGroupKFold,42
rec_67eb1156e7f745d7d2a2,D:\INFANT CRY\data_set_dbl_split\train\not_baby\5-147297-A-27.wav,not_baby/5-147297-A-27.wav,not_baby,4,esc50,esc50_source:147297,esc50_source_file,e2c80265c553f566504fc98a8099e14be982694594be7be0205dac52fd63827f,StratifiedGroupKFold,42
rec_c008b5bc2ab6a3d7848c,D:\INFANT CRY\data_set_dbl_split\train\not_baby\5-177614-A-5.wav,not_baby/5-177614-A-5.wav,not_baby,4,esc50,esc50_source:177614,esc50_source_file,61a6eb0d092a96cff85210340c7a169c0ece373d1dc68da3dbfe340670b4f3d9,StratifiedGroupKFold,42
rec_6c121492a9e2bdd1509d,D:\INFANT CRY\data_set_dbl_split\train\not_baby\5-178997-A-24.wav,not_baby/5-178997-A-24.wav,not_baby,4,esc50,esc50_source:178997,esc50_source_file,c7aba9fe825d201275860a99588bf8ee1cf26c2d6232f9d89eb52e47cab19221,StratifiedGroupKFold,42
rec_400238b81589b05f5e4f,D:\INFANT CRY\data_set_dbl_split\train\not_baby\5-182010-A-36.wav,not_baby/5-182010-A-36.wav,not_baby,4,esc50,esc50_source:182010,esc50_source_file,0ac4e7dd19c4f99e9453c79e0409650b1fb12972f9da4d15f96408788b015a07,StratifiedGroupKFold,42
rec_0051d74e5b8b9f55136e,D:\INFANT CRY\data_set_dbl_split\train\not_baby\5-184323-A-42.wav,not_baby/5-184323-A-42.wav,not_baby,4,esc50,esc50_source:184323,esc50_source_file,bc3d8abd08b3e37ed980c21972acb5ce5ba83ee001f7ddffd95f04e5e6b642ea,StratifiedGroupKFold,42
rec_a334b49e4c5a0dcb971f,D:\INFANT CRY\data_set_dbl_split\train\not_baby\5-187979-A-21.wav,not_baby/5-187979-A-21.wav,not_baby,4,esc50,esc50_source:187979,esc50_source_file,f9b1c8dcaebec0e9d7bba56142e831a6530ee06bd969e0b80c91bf7cd57e4b4f,StratifiedGroupKFold,42
rec_3beaccac8cec674f7ab2,D:\INFANT CRY\data_set_dbl_split\train\not_baby\5-188716-A-46.wav,not_baby/5-188716-A-46.wav,not_baby,4,esc50,esc50_source:188716,esc50_source_file,db92bfce468a286fe4cad679bac89e05bd8ed32e40d9edde5fe0bb157df30d85,StratifiedGroupKFold,42
rec_8cc04ee9785d67fa2824,D:\INFANT CRY\data_set_dbl_split\train\not_baby\5-188945-A-45.wav,not_baby/5-188945-A-45.wav,not_baby,4,esc50,esc50_source:188945,esc50_source_file,34782cd6f035dc77737dbc4a98fcfde13feadb483cbfa16d65302e7cf1e1fbb8,StratifiedGroupKFold,42
rec_48cb2b68784934ba59c7,D:\INFANT CRY\data_set_dbl_split\train\not_baby\5-193473-A-12.wav,not_baby/5-193473-A-12.wav,not_baby,4,esc50,esc50_source:193473,esc50_source_file,0c34b4945be60984588bf5b3048ff62974eaaf69b0fa8ef4f06408debb0d7fc9,StratifiedGroupKFold,42
rec_1ab5bd0a68e01210c520,D:\INFANT CRY\data_set_dbl_split\train\not_baby\5-193473-B-12.wav,not_baby/5-193473-B-12.wav,not_baby,4,esc50,esc50_source:193473,esc50_source_file,0ab553a2ffee37391bd4ae8aa56961c64d5e54e69a2733857b53fbd251dcb216,StratifiedGroupKFold,42
rec_46d4bc4a312f1bdd88ce,D:\INFANT CRY\data_set_dbl_split\train\not_baby\5-194892-A-10.wav,not_baby/5-194892-A-10.wav,not_baby,4,esc50,esc50_source:194892,esc50_source_file,12df0d996db614fff7148063232490f76413448b6b193034b5f9655ec5172a37,StratifiedGroupKFold,42
rec_0dca39abce6fbadc1e8b,D:\INFANT CRY\data_set_dbl_split\train\not_baby\5-194899-A-3.wav,not_baby/5-194899-A-3.wav,not_baby,4,esc50,esc50_source:194899,esc50_source_file,5250b8ec60b7dec29eac9d8ea2edddf111405741bceb6a0efd43d85096421164,StratifiedGroupKFold,42
rec_26d1b1eed4f2f9895c95,D:\INFANT CRY\data_set_dbl_split\train\not_baby\5-194899-B-3.wav,not_baby/5-194899-B-3.wav,not_baby,4,esc50,esc50_source:194899,esc50_source_file,f8451570253be99a68e1f6f9b88fad1d2eeb3a94179a833cc65fbb68067384df,StratifiedGroupKFold,42
rec_3332f6d9ed78b5cfb74a,D:\INFANT CRY\data_set_dbl_split\train\not_baby\5-194899-C-3.wav,not_baby/5-194899-C-3.wav,not_baby,4,esc50,esc50_source:194899,esc50_source_file,a78edc545b8c5d4c1f875a3e62929d680f2008de80ae486032af175bc79b6b52,StratifiedGroupKFold,42
rec_647e286b752788b71c2b,D:\INFANT CRY\data_set_dbl_split\train\not_baby\5-194899-D-3.wav,not_baby/5-194899-D-3.wav,not_baby,4,esc50,esc50_source:194899,esc50_source_file,1270aa094784fbe14609a95755938d3186019f4e0852aa32a34ccef8d9acefe1,StratifiedGroupKFold,42
rec_9d2640c7328d58ce7d52,D:\INFANT CRY\data_set_dbl_split\train\not_baby\5-198321-A-10.wav,not_baby/5-198321-A-10.wav,not_baby,4,esc50,esc50_source:198321,esc50_source_file,a16dbc1f4320ade2754c13c9540e4cfdbdfdc44008c3ba699f00476d9a70fe63,StratifiedGroupKFold,42
rec_ec8c29e19a2af6f08864,D:\INFANT CRY\data_set_dbl_split\train\not_baby\5-200339-A-1.wav,not_baby/5-200339-A-1.wav,not_baby,4,esc50,esc50_source:200339,esc50_source_file,a29c86e2ebae1084f18a17ff73f6de34a3470a974de6c44f714801fc3eb49fde,StratifiedGroupKFold,42
rec_abf0f8d8fb7bd9529522,D:\INFANT CRY\data_set_dbl_split\train\not_baby\5-201194-A-38.wav,not_baby/5-201194-A-38.wav,not_baby,4,esc50,esc50_source:201194,esc50_source_file,61599b9d388e887b0318d4b008ca3f545b28f327ba3ecb12afdff7a128162c28,StratifiedGroupKFold,42
rec_b7fac225724da878e2a2,D:\INFANT CRY\data_set_dbl_split\train\not_baby\5-201664-A-18.wav,not_baby/5-201664-A-18.wav,not_baby,4,esc50,esc50_source:201664,esc50_source_file,f609660e8424decd5fbddf626b646469f43e3222441f50b2a4850e017711cca7,StratifiedGroupKFold,42
rec_3c89c568fbcab31f9688,D:\INFANT CRY\data_set_dbl_split\train\not_baby\5-202540-A-18.wav,not_baby/5-202540-A-18.wav,not_baby,4,esc50,esc50_source:202540,esc50_source_file,5b17edc4f145e23851e90e837e5043bd1c7e31c7ce888d2a0f314ad68bbc12e5,StratifiedGroupKFold,42
rec_1b3be3b60a61508722e2,D:\INFANT CRY\data_set_dbl_split\train\not_baby\5-203739-A-10.wav,not_baby/5-203739-A-10.wav,not_baby,4,esc50,esc50_source:203739,esc50_source_file,226ca7d5b50f0b45fed093765ac1eb3d243812c7940cec7c7d696aa65e67f447,StratifiedGroupKFold,42
rec_60f62b6997c136c3725a,D:\INFANT CRY\data_set_dbl_split\train\not_baby\5-204604-A-24.wav,not_baby/5-204604-A-24.wav,not_baby,4,esc50,esc50_source:204604,esc50_source_file,a0246cf0d122038d7665c037f3c0f74dd5f4efe8334c4e4ab1b3aa94651c9b1f,StratifiedGroupKFold,42
rec_7f8e1cba8d85a49fc50f,D:\INFANT CRY\data_set_dbl_split\train\not_baby\5-207681-A-24.wav,not_baby/5-207681-A-24.wav,not_baby,4,esc50,esc50_source:207681,esc50_source_file,be04f11bf1ea8d8f12d4922c37419d9e7369f65bf6def508b4b164d7f8164f28,StratifiedGroupKFold,42
rec_9d37e6a99fe5f31a7678,D:\INFANT CRY\data_set_dbl_split\train\not_baby\5-209833-A-38.wav,not_baby/5-209833-A-38.wav,not_baby,4,esc50,esc50_source:209833,esc50_source_file,30ad821df0ab0cdc69a6aadd99861f02a087901dfac2727c86106d096cc994c2,StratifiedGroupKFold,42
rec_32ad68d7334e44702b5a,D:\INFANT CRY\data_set_dbl_split\train\not_baby\5-209989-A-22.wav,not_baby/5-209989-A-22.wav,not_baby,4,esc50,esc50_source:209989,esc50_source_file,541bf9f04ee89bb9a6e1ac1780e2bc0715d60d2343329d4d4f092c36d1adc4aa,StratifiedGroupKFold,42
rec_d978d043f628afc3d57c,D:\INFANT CRY\data_set_dbl_split\train\not_baby\5-212734-A-17.wav,not_baby/5-212734-A-17.wav,not_baby,4,esc50,esc50_source:212734,esc50_source_file,fe365ed2c6dccb0b40623c38ea78a822ea8440f9b49be2ff7cd549517cf7e3f1,StratifiedGroupKFold,42
rec_21011e1cf5ba2e822db9,D:\INFANT CRY\data_set_dbl_split\train\not_baby\5-215445-A-47.wav,not_baby/5-215445-A-47.wav,not_baby,4,esc50,esc50_source:215445,esc50_source_file,e906fe37233150c750c2025849bf5b9fd2eeb96b6f9f9abe9f3a2e40d2704e54,StratifiedGroupKFold,42
rec_bfceeeb546eea41c90fd,D:\INFANT CRY\data_set_dbl_split\train\not_baby\5-215449-A-47.wav,not_baby/5-215449-A-47.wav,not_baby,4,esc50,esc50_source:215449,esc50_source_file,e3fcd552628b868011f7e831aa71ae42236728f3abea56340c87da16ff5dd729,StratifiedGroupKFold,42
rec_a434efc8c4ffd89fde13,D:\INFANT CRY\data_set_dbl_split\train\not_baby\5-216368-A-28.wav,not_baby/5-216368-A-28.wav,not_baby,4,esc50,esc50_source:216368,esc50_source_file,b3163718b6ef689ee635bb1d9429066ea198ccf101ded0b6ceaf5b55c1f7e460,StratifiedGroupKFold,42
rec_3b4aff740cfc5cfa395e,D:\INFANT CRY\data_set_dbl_split\train\not_baby\5-218980-A-30.wav,not_baby/5-218980-A-30.wav,not_baby,4,esc50,esc50_source:218980,esc50_source_file,c917686cc7048be91d4dec61539344094a01233e649989264187388c9e95f82f,StratifiedGroupKFold,42
rec_295472ade0ddf7502615,D:\INFANT CRY\data_set_dbl_split\train\not_baby\5-219318-A-31.wav,not_baby/5-219318-A-31.wav,not_baby,4,esc50,esc50_source:219318,esc50_source_file,b98ad73cbc140b63e7b6bb37aab8974e2f60a357c07038ffdbacef1048fab8e6,StratifiedGroupKFold,42
rec_515f689770b26a0d7d6c,D:\INFANT CRY\data_set_dbl_split\train\not_baby\5-220939-A-27.wav,not_baby/5-220939-A-27.wav,not_baby,4,esc50,esc50_source:220939,esc50_source_file,44d2fb9fee4d70db7c59db63d70dc71f8ed033936906afd3a6d6b83eb838f311,StratifiedGroupKFold,42
rec_5f73d1f92b73232b9f04,D:\INFANT CRY\data_set_dbl_split\train\not_baby\5-221567-A-22.wav,not_baby/5-221567-A-22.wav,not_baby,4,esc50,esc50_source:221567,esc50_source_file,feac82061feabf0fbad0fae318ec3ec047ebbdf2b4fda6d4bc679fee319ffcac,StratifiedGroupKFold,42
rec_59fce8b8594a0e94e2dc,D:\INFANT CRY\data_set_dbl_split\train\not_baby\5-223103-A-31.wav,not_baby/5-223103-A-31.wav,not_baby,4,esc50,esc50_source:223103,esc50_source_file,e5a00c7f09302123faf9f94ba731413b8025566cdb818785169045e0248980c4,StratifiedGroupKFold,42
rec_6e6c2aec032b1588b1ef,D:\INFANT CRY\data_set_dbl_split\train\not_baby\5-223317-A-31.wav,not_baby/5-223317-A-31.wav,not_baby,4,esc50,esc50_source:223317,esc50_source_file,06b9f76858d5dd6ea5ecb6ee078e116355a1ad052e8eee41449ae7fd0430a867,StratifiedGroupKFold,42
rec_db1d71bc1614ff08c331,D:\INFANT CRY\data_set_dbl_split\train\not_baby\5-233312-A-28.wav,not_baby/5-233312-A-28.wav,not_baby,4,esc50,esc50_source:233312,esc50_source_file,3b2e676295ec6b3f3d7de721ae612f3514a3550bf046643f4676ee112eaf48e6,StratifiedGroupKFold,42
rec_8f81053c9b06e81c36c6,D:\INFANT CRY\data_set_dbl_split\train\not_baby\5-234145-A-28.wav,not_baby/5-234145-A-28.wav,not_baby,4,esc50,esc50_source:234145,esc50_source_file,23739f0c670f2a0cf1719b47da519504dc510f929d21ef6c780499669c9a65c1,StratifiedGroupKFold,42
rec_c14d46d42e4fbb74fcde,D:\INFANT CRY\data_set_dbl_split\train\not_baby\5-234923-A-32.wav,not_baby/5-234923-A-32.wav,not_baby,4,esc50,esc50_source:234923,esc50_source_file,074d29a97388008bb7ca266b786f1b22552fc7bcac5d901625640b925aa8a101,StratifiedGroupKFold,42
rec_fe060f7b335be7d6ab99,D:\INFANT CRY\data_set_dbl_split\train\not_baby\5-235956-A-47.wav,not_baby/5-235956-A-47.wav,not_baby,4,esc50,esc50_source:235956,esc50_source_file,3575adfd109a40d1cfb40fdd0c93031842f9559cad66c9cc8ae6933a1ab07398,StratifiedGroupKFold,42
rec_73d27b47d79eb889eeca,D:\INFANT CRY\data_set_dbl_split\train\not_baby\5-241846-A-15.wav,not_baby/5-241846-A-15.wav,not_baby,4,esc50,esc50_source:241846,esc50_source_file,3e9224dba6e244668d5a597c89337a2417680c04ccc8c69132d16457fc9a462d,StratifiedGroupKFold,42
rec_5064c36f4a93332bebec,D:\INFANT CRY\data_set_dbl_split\train\not_baby\5-243450-A-14.wav,not_baby/5-243450-A-14.wav,not_baby,4,esc50,esc50_source:243450,esc50_source_file,2f72112be0971db0f1e92ac08ad22129a7d245cae56cc18a09ba732c3b368028,StratifiedGroupKFold,42
rec_22e457abf0c8c6beea5a,D:\INFANT CRY\data_set_dbl_split\train\not_baby\5-244178-A-32.wav,not_baby/5-244178-A-32.wav,not_baby,4,esc50,esc50_source:244178,esc50_source_file,c0e6aa625241929b173a1003bbf175e1c0910b1f10c68be91aab8fdcc3e78cb2,StratifiedGroupKFold,42
rec_f4e7ee191342cd1d117e,D:\INFANT CRY\data_set_dbl_split\train\not_baby\5-244459-A-28.wav,not_baby/5-244459-A-28.wav,not_baby,4,esc50,esc50_source:244459,esc50_source_file,3bc844f479881e827c85b1b4de631a7888d80b495e2026c79757ef6d89321b2a,StratifiedGroupKFold,42
rec_fc73c2e789958079cf65,D:\INFANT CRY\data_set_dbl_split\train\not_baby\5-250258-A-49.wav,not_baby/5-250258-A-49.wav,not_baby,4,esc50,esc50_source:250258,esc50_source_file,7885b67aab389431fc8b3799d1d6962dce6a6c76f0187a3e98d53f9008a5e7a5,StratifiedGroupKFold,42
rec_7a56b6bdaf3f5d3ec672,D:\INFANT CRY\data_set_dbl_split\train\not_baby\5-251957-A-47.wav,not_baby/5-251957-A-47.wav,not_baby,4,esc50,esc50_source:251957,esc50_source_file,777402ccae93d9205260836c50b3d6d5860c32f11fd8d0bfebc1f87668e141d8,StratifiedGroupKFold,42
rec_5fc1a7636f1e2e102130,D:\INFANT CRY\data_set_dbl_split\train\not_baby\5-251963-A-47.wav,not_baby/5-251963-A-47.wav,not_baby,4,esc50,esc50_source:251963,esc50_source_file,058fe2aeaae74891df77b1a1022a7e5c30c264a0d0899e6e2f43af007d10ab12,StratifiedGroupKFold,42
rec_19da8ba336a3eb20078b,D:\INFANT CRY\data_set_dbl_split\train\not_baby\5-253101-A-49.wav,not_baby/5-253101-A-49.wav,not_baby,4,esc50,esc50_source:253101,esc50_source_file,f5374218d77413d294d1d14e9759af6ab48ecc2cfb7698d3f8c62f89e247d923,StratifiedGroupKFold,42
rec_4a2cdd6740806f922812,D:\INFANT CRY\data_set_dbl_split\train\not_baby\5-253101-B-49.wav,not_baby/5-253101-B-49.wav,not_baby,4,esc50,esc50_source:253101,esc50_source_file,73152d9ce343d1b1bc5895f861ab954145296c00929ce6733692e5464a96d7e6,StratifiedGroupKFold,42
rec_8e6a2d01a2deb6766b78,D:\INFANT CRY\data_set_dbl_split\train\not_baby\5-253101-C-49.wav,not_baby/5-253101-C-49.wav,not_baby,4,esc50,esc50_source:253101,esc50_source_file,ad7ace21f622724b4c035efdab8acd92f09b8c3ea8817d8eefdd2bf24c11e37e,StratifiedGroupKFold,42
rec_f4b01a603d3cf26bd973,D:\INFANT CRY\data_set_dbl_split\train\not_baby\5-259169-A-5.wav,not_baby/5-259169-A-5.wav,not_baby,4,esc50,esc50_source:259169,esc50_source_file,2b8b1f359ba995c00e638f29a42b0530e162a7ae483696074473763e4c1dc485,StratifiedGroupKFold,42
rec_a3fc2d04963a05ab6f0b,D:\INFANT CRY\data_set_dbl_split\train\not_baby\5-260011-A-34.wav,not_baby/5-260011-A-34.wav,not_baby,4,esc50,esc50_source:260011,esc50_source_file,24f9e5ec2df3aa0620adabe6cb69fd90f9fb1083bea4f4cd03129270647f65e1,StratifiedGroupKFold,42
rec_b50c521bff7dc3572e49,D:\INFANT CRY\data_set_dbl_split\train\not_baby\5-263491-A-25.wav,not_baby/5-263491-A-25.wav,not_baby,4,esc50,esc50_source:263491,esc50_source_file,17ba4c24a5065450732d07633e1ccfddda384b253150d659d0bd87735426a183,StratifiedGroupKFold,42
rec_e3054531fa9bd347a15d,D:\INFANT CRY\data_set_dbl_split\train\not_baby\5-51149-A-25.wav,not_baby/5-51149-A-25.wav,not_baby,4,esc50,esc50_source:51149,esc50_source_file,778725b447e5f8ae4528d62ec978c915116d8e2a9043494c0e5e1708772fee76,StratifiedGroupKFold,42
rec_f3b17560413168dbbc98,D:\INFANT CRY\data_set_dbl_split\train\belly_pain\1197_M_eairh.wav,belly_pain/1197_M_eairh.wav,baby,5,infantcry_dbl,infant_sha256:5e3a778b7dae6391fbf2980d9e04a4389511f64e4dc06a6f58bb3b54403bf1bf,exact_content_sha256,5e3a778b7dae6391fbf2980d9e04a4389511f64e4dc06a6f58bb3b54403bf1bf,StratifiedGroupKFold,42
rec_db0170c6e9143b76c98f,D:\INFANT CRY\data_set_dbl_split\train\belly_pain\1215_M_eairh.wav,belly_pain/1215_M_eairh.wav,baby,5,infantcry_dbl,infant_sha256:487e3eb23e700a93ef569d9848ce1bafcf2e4e468e007031a8b0b6283a5e8bee,exact_content_sha256,487e3eb23e700a93ef569d9848ce1bafcf2e4e468e007031a8b0b6283a5e8bee,StratifiedGroupKFold,42
rec_01476f7d02dc9fb5bfc4,D:\INFANT CRY\data_set_dbl_split\train\belly_pain\1330_M_eairh.wav,belly_pain/1330_M_eairh.wav,baby,5,infantcry_dbl,infant_sha256:b20f9f3f810bdca041b45bf082a5b6b8a33cf9973a5d5b00d4909a4509a904b7,exact_content_sha256,b20f9f3f810bdca041b45bf082a5b6b8a33cf9973a5d5b00d4909a4509a904b7,StratifiedGroupKFold,42
rec_a29eb2fa57b194483f26,D:\INFANT CRY\data_set_dbl_split\train\belly_pain\2101_M_eairh.wav,belly_pain/2101_M_eairh.wav,baby,5,infantcry_dbl,infant_sha256:6cc7a536e2182e69ef45b562b1c9e86e836c36e8e0fdd6536a4eaad5b989bfa2,exact_content_sha256,6cc7a536e2182e69ef45b562b1c9e86e836c36e8e0fdd6536a4eaad5b989bfa2,StratifiedGroupKFold,42
rec_dadefbf45bb8caa60b9e,D:\INFANT CRY\data_set_dbl_split\train\belly_pain\2269_M_eairh.wav,belly_pain/2269_M_eairh.wav,baby,5,infantcry_dbl,infant_sha256:e3d51064b0da46833ec954154919933f0d9feeef60173cd3b1f500b356775fa4,exact_content_sha256,e3d51064b0da46833ec954154919933f0d9feeef60173cd3b1f500b356775fa4,StratifiedGroupKFold,42
rec_cdcf04a52b20c44770ea,D:\INFANT CRY\data_set_dbl_split\train\belly_pain\2685_F_eairh.wav,belly_pain/2685_F_eairh.wav,baby,5,infantcry_dbl,infant_sha256:756ecdaf21d16527f4a6012041e38139a2e5bcb18683be48f09ae2c0530563f1,exact_content_sha256,756ecdaf21d16527f4a6012041e38139a2e5bcb18683be48f09ae2c0530563f1,StratifiedGroupKFold,42
rec_a81034a5fda8f72d3ad1,D:\INFANT CRY\data_set_dbl_split\train\belly_pain\287_F_eairh.wav,belly_pain/287_F_eairh.wav,baby,5,infantcry_dbl,infant_sha256:01d324d47eabf008e6f40807ae5bb41f9f0afe51b448b147d82cda644d9ff799,exact_content_sha256,01d324d47eabf008e6f40807ae5bb41f9f0afe51b448b147d82cda644d9ff799,StratifiedGroupKFold,42
rec_7c9fa2018ccd9fa62207,D:\INFANT CRY\data_set_dbl_split\train\belly_pain\3492_F_eairh.wav,belly_pain/3492_F_eairh.wav,baby,5,infantcry_dbl,infant_sha256:a9314659e80a3b4719bf3055c879d1524c25db0596b6dd32472e04108edb889b,exact_content_sha256,a9314659e80a3b4719bf3055c879d1524c25db0596b6dd32472e04108edb889b,StratifiedGroupKFold,42
rec_0c6c903753d565dac519,D:\INFANT CRY\data_set_dbl_split\train\belly_pain\3505_M_eairh.wav,belly_pain/3505_M_eairh.wav,baby,5,infantcry_dbl,infant_sha256:133479c9df3653470edfd7b3a52ff55174ade4b6f027dc9bdd13db51aa982762,exact_content_sha256,133479c9df3653470edfd7b3a52ff55174ade4b6f027dc9bdd13db51aa982762,StratifiedGroupKFold,42
rec_b52b02478d157dfacee6,D:\INFANT CRY\data_set_dbl_split\train\belly_pain\3541_M_eairh.wav,belly_pain/3541_M_eairh.wav,baby,5,infantcry_dbl,infant_sha256:51dec0650062e417dce26bbc145516b70bec5878a987e8315e8209d35bdf200b,exact_content_sha256,51dec0650062e417dce26bbc145516b70bec5878a987e8315e8209d35bdf200b,StratifiedGroupKFold,42
rec_bd03bef6ee0cbaf1d721,D:\INFANT CRY\data_set_dbl_split\train\belly_pain\3616_F_eairh.wav,belly_pain/3616_F_eairh.wav,baby,5,infantcry_dbl,infant_sha256:38af269403eb35e2190602c68f29d1c8b21badf487add598dbeb052b1016c247,exact_content_sha256,38af269403eb35e2190602c68f29d1c8b21badf487add598dbeb052b1016c247,StratifiedGroupKFold,42
rec_0c5e583cba7fea6e7572,D:\INFANT CRY\data_set_dbl_split\train\belly_pain\3688_M_eairh.wav,belly_pain/3688_M_eairh.wav,baby,5,infantcry_dbl,infant_sha256:d87db9a818f937ab365fd3d3f2cd1aa2c176dc8013f89f667c2cc28dcbe20948,exact_content_sha256,d87db9a818f937ab365fd3d3f2cd1aa2c176dc8013f89f667c2cc28dcbe20948,StratifiedGroupKFold,42
rec_ab7a13884b2d82c96982,D:\INFANT CRY\data_set_dbl_split\train\belly_pain\3858_M_eairh.wav,belly_pain/3858_M_eairh.wav,baby,5,infantcry_dbl,infant_sha256:5bd3e7b191aee79c9d476556f85443c82a7417ac7baa3a5c60b7366e614bf121,exact_content_sha256,5bd3e7b191aee79c9d476556f85443c82a7417ac7baa3a5c60b7366e614bf121,StratifiedGroupKFold,42
rec_bf373fe9b30b0dd92527,D:\INFANT CRY\data_set_dbl_split\train\belly_pain\407_M_eairh.wav,belly_pain/407_M_eairh.wav,baby,5,infantcry_dbl,infant_sha256:9a73b14851bf3ffd130b212d87f3e12e6e17cae49add029da8053c6f27faeab9,exact_content_sha256,9a73b14851bf3ffd130b212d87f3e12e6e17cae49add029da8053c6f27faeab9,StratifiedGroupKFold,42
rec_8edd741f68bb4fc40004,D:\INFANT CRY\data_set_dbl_split\train\belly_pain\446_M_eairh.wav,belly_pain/446_M_eairh.wav,baby,5,infantcry_dbl,infant_sha256:5bf5cc26e9406e5b90d9b68d47e1b21fa7c98ddea17695ac7585e05a2de1fc95,exact_content_sha256,5bf5cc26e9406e5b90d9b68d47e1b21fa7c98ddea17695ac7585e05a2de1fc95,StratifiedGroupKFold,42
rec_9fe218fb42a48370949d,D:\INFANT CRY\data_set_dbl_split\train\belly_pain\476_M_eairh.wav,belly_pain/476_M_eairh.wav,baby,5,infantcry_dbl,infant_sha256:d2495d4be24b8916b6bb185b111ecebb73084b525668c28bb7d6af9e6b3db559,exact_content_sha256,d2495d4be24b8916b6bb185b111ecebb73084b525668c28bb7d6af9e6b3db559,StratifiedGroupKFold,42
rec_4f5f3b672a3334ab6010,D:\INFANT CRY\data_set_dbl_split\train\belly_pain\4846_F_eairh.wav,belly_pain/4846_F_eairh.wav,baby,5,infantcry_dbl,infant_sha256:60149a878668571e284b8b257965d148d23768434d32a330991ba2db7e3b1e3e,exact_content_sha256,60149a878668571e284b8b257965d148d23768434d32a330991ba2db7e3b1e3e,StratifiedGroupKFold,42
rec_aee0e27f53394dd9463f,D:\INFANT CRY\data_set_dbl_split\train\belly_pain\792_M_eairh.wav,belly_pain/792_M_eairh.wav,baby,5,infantcry_dbl,infant_sha256:738f935361d2f7be5c8546ef3ac0b92bffd51cfd8c61b357d1e7eefe64533207,exact_content_sha256,738f935361d2f7be5c8546ef3ac0b92bffd51cfd8c61b357d1e7eefe64533207,StratifiedGroupKFold,42
rec_975dd89a0e79348933f6,D:\INFANT CRY\data_set_dbl_split\train\belly_pain\dunstan-eairh_1.wav,belly_pain/dunstan-eairh_1.wav,baby,5,infantcry_dbl,infant_sha256:158ff428c02c7a8b6975b8f3648ef68a98a2b18c14bcc16d985f2bc730c8ff3e,exact_content_sha256,158ff428c02c7a8b6975b8f3648ef68a98a2b18c14bcc16d985f2bc730c8ff3e,StratifiedGroupKFold,42
rec_204a9c054278b9416f57,D:\INFANT CRY\data_set_dbl_split\train\belly_pain\dunstan-eairh_17.wav,belly_pain/dunstan-eairh_17.wav,baby,5,infantcry_dbl,infant_sha256:6577bd50acdf2a9f21c6757c85f4f88a3373631c4e368ff209a0e1a1c53194dc,exact_content_sha256,6577bd50acdf2a9f21c6757c85f4f88a3373631c4e368ff209a0e1a1c53194dc,StratifiedGroupKFold,42
rec_ba52e0a6338d8ae240d8,D:\INFANT CRY\data_set_dbl_split\train\belly_pain\dunstan-eairh_19.wav,belly_pain/dunstan-eairh_19.wav,baby,5,infantcry_dbl,infant_sha256:911bf9c59d4b3fe88ac7cefae0590809d82b466e3f67b5d3ecb12e89e4052f0a,exact_content_sha256,911bf9c59d4b3fe88ac7cefae0590809d82b466e3f67b5d3ecb12e89e4052f0a,StratifiedGroupKFold,42
rec_6ddf02f097374f28d75a,D:\INFANT CRY\data_set_dbl_split\train\belly_pain\dunstan-eairh_4.wav,belly_pain/dunstan-eairh_4.wav,baby,5,infantcry_dbl,infant_sha256:1451a28cf5ec72f0a265d41bf00754601b0d021035c96e497622c7de123c4c87,exact_content_sha256,1451a28cf5ec72f0a265d41bf00754601b0d021035c96e497622c7de123c4c87,StratifiedGroupKFold,42
rec_6ac41708a7f3de4ed900,D:\INFANT CRY\data_set_dbl_split\train\belly_pain\dunstan-eairh_9.wav,belly_pain/dunstan-eairh_9.wav,baby,5,infantcry_dbl,infant_sha256:855aeaa725584948ccfb37c1edd1595ba9908c600d69f350fe9f9839652a1110,exact_content_sha256,855aeaa725584948ccfb37c1edd1595ba9908c600d69f350fe9f9839652a1110,StratifiedGroupKFold,42
rec_8e1af1b14f5eefa2208e,D:\INFANT CRY\data_set_dbl_split\train\burping\103_M_eh.wav,burping/103_M_eh.wav,baby,5,infantcry_dbl,infant_sha256:3fc6d71e2da6c30e162771b1bebdd452fed1689baf623395b987aca747aaacd3,exact_content_sha256,3fc6d71e2da6c30e162771b1bebdd452fed1689baf623395b987aca747aaacd3,StratifiedGroupKFold,42
rec_3c97921405d8a84e3340,D:\INFANT CRY\data_set_dbl_split\train\burping\109_F_eh.wav,burping/109_F_eh.wav,baby,5,infantcry_dbl,infant_sha256:9a255f7f775bcf9e0d9ae71680ac6f4d0ea8d5850be6840bba2014236a26ae88,exact_content_sha256,9a255f7f775bcf9e0d9ae71680ac6f4d0ea8d5850be6840bba2014236a26ae88,StratifiedGroupKFold,42
rec_1b0eec91879fb66550c3,D:\INFANT CRY\data_set_dbl_split\train\burping\151_F_eh.wav,burping/151_F_eh.wav,baby,5,infantcry_dbl,infant_sha256:ff8ae7dfe2a18b37528c72d2736c2ebd7eed74443eabb520bb03149f0ba8d466,exact_content_sha256,ff8ae7dfe2a18b37528c72d2736c2ebd7eed74443eabb520bb03149f0ba8d466,StratifiedGroupKFold,42
rec_1bbceca863aee49901ac,D:\INFANT CRY\data_set_dbl_split\train\burping\1661_M_eh.wav,burping/1661_M_eh.wav,baby,5,infantcry_dbl,infant_sha256:d058d12262a86e402a513dac909524c51a73ec31a1107a0bf35590ca988dfb97,exact_content_sha256,d058d12262a86e402a513dac909524c51a73ec31a1107a0bf35590ca988dfb97,StratifiedGroupKFold,42
rec_7b7948d30dc8ee511ce2,D:\INFANT CRY\data_set_dbl_split\train\burping\1772_M_eh.wav,burping/1772_M_eh.wav,baby,5,infantcry_dbl,infant_sha256:b20735677bdee6520762421b6682a60f868bceab57772af8b29cc46756d2ef6c,exact_content_sha256,b20735677bdee6520762421b6682a60f868bceab57772af8b29cc46756d2ef6c,StratifiedGroupKFold,42
rec_858f3231bf9c42fefa83,D:\INFANT CRY\data_set_dbl_split\train\burping\1882_M_eh.wav,burping/1882_M_eh.wav,baby,5,infantcry_dbl,infant_sha256:e086f5077ce6abcd270a73a3060047644f8a4500778f77bc719bdfd0e17a22b4,exact_content_sha256,e086f5077ce6abcd270a73a3060047644f8a4500778f77bc719bdfd0e17a22b4,StratifiedGroupKFold,42
rec_abb08076329044d38a78,D:\INFANT CRY\data_set_dbl_split\train\burping\1899_M_eh.wav,burping/1899_M_eh.wav,baby,5,infantcry_dbl,infant_sha256:092ab932cf67f14c03d95620399ee9beeebef949500003627d1b45bb2b34a4fc,exact_content_sha256,092ab932cf67f14c03d95620399ee9beeebef949500003627d1b45bb2b34a4fc,StratifiedGroupKFold,42
rec_7d9becd3a9a4b0da6a50,D:\INFANT CRY\data_set_dbl_split\train\burping\2117_M_eh.wav,burping/2117_M_eh.wav,baby,5,infantcry_dbl,infant_sha256:baf226b7fc95dac9973fac38e4b8db8a1bc4fc2c47e2dc4650b68569722d481d,exact_content_sha256,baf226b7fc95dac9973fac38e4b8db8a1bc4fc2c47e2dc4650b68569722d481d,StratifiedGroupKFold,42
rec_647be7ff75e4bcb282e3,D:\INFANT CRY\data_set_dbl_split\train\burping\2159_M_eh.wav,burping/2159_M_eh.wav,baby,5,infantcry_dbl,infant_sha256:d4b717a29b5bb3924db37178a88755addd539ce0fa2e4f68a02bbd10263e8846,exact_content_sha256,d4b717a29b5bb3924db37178a88755addd539ce0fa2e4f68a02bbd10263e8846,StratifiedGroupKFold,42
rec_695acf24f6b621bf6938,D:\INFANT CRY\data_set_dbl_split\train\burping\2185_M_eh.wav,burping/2185_M_eh.wav,baby,5,infantcry_dbl,infant_sha256:7623594e45392444b4bea1d6977a4a200705db4bbcaa465515d51d8903b278fb,exact_content_sha256,7623594e45392444b4bea1d6977a4a200705db4bbcaa465515d51d8903b278fb,StratifiedGroupKFold,42
rec_b5c186f6a11ea24233fb,D:\INFANT CRY\data_set_dbl_split\train\burping\2272_M_eh.wav,burping/2272_M_eh.wav,baby,5,infantcry_dbl,infant_sha256:b9256cd341023100cf5b20c0f1d601af893470f4597c7d7d7a102281a5ef4360,exact_content_sha256,b9256cd341023100cf5b20c0f1d601af893470f4597c7d7d7a102281a5ef4360,StratifiedGroupKFold,42
rec_d88b00f668e179d44ac0,D:\INFANT CRY\data_set_dbl_split\train\burping\2546_F_eh.wav,burping/2546_F_eh.wav,baby,5,infantcry_dbl,infant_sha256:61dd2cb82540b9b2513b4379f7d2516de4f51110632d5855e8d999f70b5190f0,exact_content_sha256,61dd2cb82540b9b2513b4379f7d2516de4f51110632d5855e8d999f70b5190f0,StratifiedGroupKFold,42
rec_f4fd052ddfb5de0888a3,D:\INFANT CRY\data_set_dbl_split\train\burping\2638_F_eh.wav,burping/2638_F_eh.wav,baby,5,infantcry_dbl,infant_sha256:994fd9b98ee7114391e5e8a05f96b175b7fb08da784aeb4e8ca41c4d5c338834,exact_content_sha256,994fd9b98ee7114391e5e8a05f96b175b7fb08da784aeb4e8ca41c4d5c338834,StratifiedGroupKFold,42
rec_162b0019dde6878e5658,D:\INFANT CRY\data_set_dbl_split\train\burping\2808_M_eh.wav,burping/2808_M_eh.wav,baby,5,infantcry_dbl,infant_sha256:6bc4df9a07f22e02269bcfa57e90b52f6b04f72763dbaa8f8ae2acadf31aa85f,exact_content_sha256,6bc4df9a07f22e02269bcfa57e90b52f6b04f72763dbaa8f8ae2acadf31aa85f,StratifiedGroupKFold,42
rec_8c5fd3a4d20e6ed75f42,D:\INFANT CRY\data_set_dbl_split\train\burping\2870_F_eh.wav,burping/2870_F_eh.wav,baby,5,infantcry_dbl,infant_sha256:67fa7fec88c379c6f8ebbddefec94fdccc544916b4d7fdcd6673dcf955b107c5,exact_content_sha256,67fa7fec88c379c6f8ebbddefec94fdccc544916b4d7fdcd6673dcf955b107c5,StratifiedGroupKFold,42
rec_01751ebd954ebf0cc37a,D:\INFANT CRY\data_set_dbl_split\train\burping\2911_M_eh.wav,burping/2911_M_eh.wav,baby,5,infantcry_dbl,infant_sha256:185edc43888dd0832008614d4105f47f7a19d0605d8384836fe98fdc31f936d1,exact_content_sha256,185edc43888dd0832008614d4105f47f7a19d0605d8384836fe98fdc31f936d1,StratifiedGroupKFold,42
rec_c486f7a4a819eb438fe8,D:\INFANT CRY\data_set_dbl_split\train\burping\2959_M_eh.wav,burping/2959_M_eh.wav,baby,5,infantcry_dbl,infant_sha256:16f2fda14a77ba41116ba065cd1f9eca987341a6b8fa96cf41018921e88c5441,exact_content_sha256,16f2fda14a77ba41116ba065cd1f9eca987341a6b8fa96cf41018921e88c5441,StratifiedGroupKFold,42
rec_c7455d306ae46d35e2fd,D:\INFANT CRY\data_set_dbl_split\train\burping\3192_M_eh.wav,burping/3192_M_eh.wav,baby,5,infantcry_dbl,infant_sha256:a9fb4c9c65cd214af03c7acf7670c89e8eac105a1235741f7a3fcabd4410ddf1,exact_content_sha256,a9fb4c9c65cd214af03c7acf7670c89e8eac105a1235741f7a3fcabd4410ddf1,StratifiedGroupKFold,42
rec_e890ba788c3dcf653f72,D:\INFANT CRY\data_set_dbl_split\train\burping\3429_F_eh.wav,burping/3429_F_eh.wav,baby,5,infantcry_dbl,infant_sha256:70423e7702f31a644fd8efea2be20bcd5ede000dc7977bdf8e5fbcb72a26533b,exact_content_sha256,70423e7702f31a644fd8efea2be20bcd5ede000dc7977bdf8e5fbcb72a26533b,StratifiedGroupKFold,42
rec_9a232059ad8ce3d58fa8,D:\INFANT CRY\data_set_dbl_split\train\burping\3429_M_eh.wav,burping/3429_M_eh.wav,baby,5,infantcry_dbl,infant_sha256:fa0ddcc5f5caf97a0c966b06b54d1c792d6b22321c6625e431ebdb51420e1254,exact_content_sha256,fa0ddcc5f5caf97a0c966b06b54d1c792d6b22321c6625e431ebdb51420e1254,StratifiedGroupKFold,42
rec_b1a98f3097eab9df6ff7,D:\INFANT CRY\data_set_dbl_split\train\burping\3608_M_eh.wav,burping/3608_M_eh.wav,baby,5,infantcry_dbl,infant_sha256:ee894204f7406470c987675ccce2c3198a8656650a489251c6fde2581e656407,exact_content_sha256,ee894204f7406470c987675ccce2c3198a8656650a489251c6fde2581e656407,StratifiedGroupKFold,42
rec_08e93b1ae68a5813da75,D:\INFANT CRY\data_set_dbl_split\train\burping\3641_M_eh.wav,burping/3641_M_eh.wav,baby,5,infantcry_dbl,infant_sha256:e9f114db12c2756938bbfcf360b632a9f944a4f753b1fb936757bc4f211c494f,exact_content_sha256,e9f114db12c2756938bbfcf360b632a9f944a4f753b1fb936757bc4f211c494f,StratifiedGroupKFold,42
rec_fc9986972c06dede6fb5,D:\INFANT CRY\data_set_dbl_split\train\burping\366_M_eh.wav,burping/366_M_eh.wav,baby,5,infantcry_dbl,infant_sha256:88f60da07055c74228559de5161a78c6f2136827dc7e6ca907a6b60523fb09c4,exact_content_sha256,88f60da07055c74228559de5161a78c6f2136827dc7e6ca907a6b60523fb09c4,StratifiedGroupKFold,42
rec_af2b5d80db9b39b769a8,D:\INFANT CRY\data_set_dbl_split\train\burping\3675_M_eh.wav,burping/3675_M_eh.wav,baby,5,infantcry_dbl,infant_sha256:55e29633195bbcc79d114bf533e5fecd511fd410c7f76676057d7cbc1998aa8c,exact_content_sha256,55e29633195bbcc79d114bf533e5fecd511fd410c7f76676057d7cbc1998aa8c,StratifiedGroupKFold,42
rec_f2be0c0fdf45d429dfda,D:\INFANT CRY\data_set_dbl_split\train\burping\3680_M_eh.wav,burping/3680_M_eh.wav,baby,5,infantcry_dbl,infant_sha256:27689f20038a7c9299247913a5b330ae98edda5b1f7b7dfac5df60cbc1e08429,exact_content_sha256,27689f20038a7c9299247913a5b330ae98edda5b1f7b7dfac5df60cbc1e08429,StratifiedGroupKFold,42
rec_d024232db85b2dd5abc3,D:\INFANT CRY\data_set_dbl_split\train\burping\3773_M_eh.wav,burping/3773_M_eh.wav,baby,5,infantcry_dbl,infant_sha256:498177d4b6661bb796d07bc6abeb8257d967ef0f9cc5a55c3bebfb11108e41c0,exact_content_sha256,498177d4b6661bb796d07bc6abeb8257d967ef0f9cc5a55c3bebfb11108e41c0,StratifiedGroupKFold,42
rec_0c8740c205058cc13c73,D:\INFANT CRY\data_set_dbl_split\train\burping\4473_M_eh.wav,burping/4473_M_eh.wav,baby,5,infantcry_dbl,infant_sha256:00a8ffe6b4c08d777dac4a273caa8458a7b27d01828900e0620113b24ed3518c,exact_content_sha256,00a8ffe6b4c08d777dac4a273caa8458a7b27d01828900e0620113b24ed3518c,StratifiedGroupKFold,42
rec_4bf2222acdcc1b555881,D:\INFANT CRY\data_set_dbl_split\train\burping\537_M_eh.wav,burping/537_M_eh.wav,baby,5,infantcry_dbl,infant_sha256:7b146d71759b011ce8789233bce84ef253c7a74411252fc8315f9cda13ee7931,exact_content_sha256,7b146d71759b011ce8789233bce84ef253c7a74411252fc8315f9cda13ee7931,StratifiedGroupKFold,42
rec_52dddcd2a42250d2ad7f,D:\INFANT CRY\data_set_dbl_split\train\burping\737_M_eh.wav,burping/737_M_eh.wav,baby,5,infantcry_dbl,infant_sha256:c93ad2b18115d47c3692e1d178a4863077741546c0610eb841cbc1d603f84af7,exact_content_sha256,c93ad2b18115d47c3692e1d178a4863077741546c0610eb841cbc1d603f84af7,StratifiedGroupKFold,42
rec_8cede20c0b7f85203c3e,D:\INFANT CRY\data_set_dbl_split\train\burping\799_M_eh.wav,burping/799_M_eh.wav,baby,5,infantcry_dbl,infant_sha256:2c606a3399f9fd9efb53eedf9d328cb7547345284b22cd0a60eeb91dd7bc8a0b,exact_content_sha256,2c606a3399f9fd9efb53eedf9d328cb7547345284b22cd0a60eeb91dd7bc8a0b,StratifiedGroupKFold,42
rec_fef045ea86ed1d26ca57,D:\INFANT CRY\data_set_dbl_split\train\burping\855_M_eh.wav,burping/855_M_eh.wav,baby,5,infantcry_dbl,infant_sha256:f389c6a68da79681f851e169a0968e056855adb0d93241c13bfce44b909cb5c4,exact_content_sha256,f389c6a68da79681f851e169a0968e056855adb0d93241c13bfce44b909cb5c4,StratifiedGroupKFold,42
rec_043172ca45e2593c9187,D:\INFANT CRY\data_set_dbl_split\train\burping\894_M_eh.wav,burping/894_M_eh.wav,baby,5,infantcry_dbl,infant_sha256:3c503a1c65f69e7ddf4a3b17541f618aa6ecfba76681ae633cecf0ba0b200147,exact_content_sha256,3c503a1c65f69e7ddf4a3b17541f618aa6ecfba76681ae633cecf0ba0b200147,StratifiedGroupKFold,42
rec_cb791979b42c6631a24b,D:\INFANT CRY\data_set_dbl_split\train\burping\919_M_eh.wav,burping/919_M_eh.wav,baby,5,infantcry_dbl,infant_sha256:a9264bc22ea5a59abcbc9e534854aae447a1532ee7154745b54cb37d6dfad18d,exact_content_sha256,a9264bc22ea5a59abcbc9e534854aae447a1532ee7154745b54cb37d6dfad18d,StratifiedGroupKFold,42
rec_a4ddbf82a26d73b83cc6,D:\INFANT CRY\data_set_dbl_split\train\burping\dunstan-eh_12.wav,burping/dunstan-eh_12.wav,baby,5,infantcry_dbl,infant_sha256:119c8914f394b3202892791b6fece0e7f6bc770dfb7a50dd36ab984a0bfbc773,exact_content_sha256,119c8914f394b3202892791b6fece0e7f6bc770dfb7a50dd36ab984a0bfbc773,StratifiedGroupKFold,42
rec_fd4381d8731ddf4435b8,D:\INFANT CRY\data_set_dbl_split\train\burping\dunstan-eh_25.wav,burping/dunstan-eh_25.wav,baby,5,infantcry_dbl,infant_sha256:f0d0a6008f7dd858724b63eee3573d95eb167458b02636454a1a56efe90f1c98,exact_content_sha256,f0d0a6008f7dd858724b63eee3573d95eb167458b02636454a1a56efe90f1c98,StratifiedGroupKFold,42
rec_010c54dba3c33a235f36,D:\INFANT CRY\data_set_dbl_split\train\burping\dunstan-eh_56.wav,burping/dunstan-eh_56.wav,baby,5,infantcry_dbl,infant_sha256:837f35afb430ba512bb2c6b5b1e77c761402071e4c2b2b3eaa65d2afa5ff88ec,exact_content_sha256,837f35afb430ba512bb2c6b5b1e77c761402071e4c2b2b3eaa65d2afa5ff88ec,StratifiedGroupKFold,42
rec_e1b10e6688978884e8d9,D:\INFANT CRY\data_set_dbl_split\train\burping\dunstan-eh_67.wav,burping/dunstan-eh_67.wav,baby,5,infantcry_dbl,infant_sha256:28542a30db724b5b3b4e6e72557f7dc3c8b1511e4b845eb38e704ede5c67e155,exact_content_sha256,28542a30db724b5b3b4e6e72557f7dc3c8b1511e4b845eb38e704ede5c67e155,StratifiedGroupKFold,42
rec_c3478edae2c382b946fe,D:\INFANT CRY\data_set_dbl_split\train\discomfort\1189_F_heh.wav,discomfort/1189_F_heh.wav,baby,5,infantcry_dbl,infant_sha256:3ac538c510dee482003cf0be9057361ab7b0e43a48efd9f91e6f80eb27591675,exact_content_sha256,3ac538c510dee482003cf0be9057361ab7b0e43a48efd9f91e6f80eb27591675,StratifiedGroupKFold,42
rec_1f3d7360241859021509,D:\INFANT CRY\data_set_dbl_split\train\discomfort\1192_M_heh.wav,discomfort/1192_M_heh.wav,baby,5,infantcry_dbl,infant_sha256:8ebeda400df4c56bbd724fa0a26d441c47c2e3d7ab6733df1c85e8353a2d2b86,exact_content_sha256,8ebeda400df4c56bbd724fa0a26d441c47c2e3d7ab6733df1c85e8353a2d2b86,StratifiedGroupKFold,42
rec_3ceb873c0c1383aaf2d1,D:\INFANT CRY\data_set_dbl_split\train\discomfort\1860_M_heh.wav,discomfort/1860_M_heh.wav,baby,5,infantcry_dbl,infant_sha256:3ed20946dd6e9ad7b884a334a3b3158c98daade53cf9212db204eaf2ed1538e8,exact_content_sha256,3ed20946dd6e9ad7b884a334a3b3158c98daade53cf9212db204eaf2ed1538e8,StratifiedGroupKFold,42
rec_6750c27eac310fed8c87,D:\INFANT CRY\data_set_dbl_split\train\discomfort\203_F_heh.wav,discomfort/203_F_heh.wav,baby,5,infantcry_dbl,infant_sha256:e93c63d237d18eb4c17dde6a08f7a65e5f6e8c775d38b7c680982795414f042e,exact_content_sha256,e93c63d237d18eb4c17dde6a08f7a65e5f6e8c775d38b7c680982795414f042e,StratifiedGroupKFold,42
rec_60d4a3b0d92ddce6aa04,D:\INFANT CRY\data_set_dbl_split\train\discomfort\2345_M_heh.wav,discomfort/2345_M_heh.wav,baby,5,infantcry_dbl,infant_sha256:918045ae6a9fd9ffcc7957d674d5cf2115a05b55cb1822147c76601dd82aadde,exact_content_sha256,918045ae6a9fd9ffcc7957d674d5cf2115a05b55cb1822147c76601dd82aadde,StratifiedGroupKFold,42
rec_324edc9ef55f934ac4b2,D:\INFANT CRY\data_set_dbl_split\train\discomfort\2431_M_heh.wav,discomfort/2431_M_heh.wav,baby,5,infantcry_dbl,infant_sha256:5a6206b276149a2acc3f9f3ee3ea34dd78491111c643f322072f68201c0c605a,exact_content_sha256,5a6206b276149a2acc3f9f3ee3ea34dd78491111c643f322072f68201c0c605a,StratifiedGroupKFold,42
rec_75f5e44678bb0fbe8f9d,D:\INFANT CRY\data_set_dbl_split\train\discomfort\2436_M_heh.wav,discomfort/2436_M_heh.wav,baby,5,infantcry_dbl,infant_sha256:58399d881e37f0e674bdd46d023fc9c4c11c5a9cc889e43f2f5cb184f8223123,exact_content_sha256,58399d881e37f0e674bdd46d023fc9c4c11c5a9cc889e43f2f5cb184f8223123,StratifiedGroupKFold,42
rec_4c06d158e10c7b910785,D:\INFANT CRY\data_set_dbl_split\train\discomfort\2612_M_heh.wav,discomfort/2612_M_heh.wav,baby,5,infantcry_dbl,infant_sha256:9e36b4e04c1ca040bfaa3f43248f80f04eb9bddd2a8a7bbe347008a29bc50094,exact_content_sha256,9e36b4e04c1ca040bfaa3f43248f80f04eb9bddd2a8a7bbe347008a29bc50094,StratifiedGroupKFold,42
rec_158ce180cdd2526ffa91,D:\INFANT CRY\data_set_dbl_split\train\discomfort\2895_M_heh.wav,discomfort/2895_M_heh.wav,baby,5,infantcry_dbl,infant_sha256:954c7460c51155a5002d4efa106f64ad792f0e3301a1f7c648957bfee9c4a246,exact_content_sha256,954c7460c51155a5002d4efa106f64ad792f0e3301a1f7c648957bfee9c4a246,StratifiedGroupKFold,42
rec_823255df478a0f9da394,D:\INFANT CRY\data_set_dbl_split\train\discomfort\2948_M_heh.wav,discomfort/2948_M_heh.wav,baby,5,infantcry_dbl,infant_sha256:93088e4f04b849eac4f27521414dcde890877790b2cc668dd1524468488593b1,exact_content_sha256,93088e4f04b849eac4f27521414dcde890877790b2cc668dd1524468488593b1,StratifiedGroupKFold,42
rec_a6c2687f77e0cf79aef3,D:\INFANT CRY\data_set_dbl_split\train\discomfort\3175_F_heh.wav,discomfort/3175_F_heh.wav,baby,5,infantcry_dbl,infant_sha256:fabe986975f82fd9c521d501a117cc3847905fc94d671be383141bdc06c2ada5,exact_content_sha256,fabe986975f82fd9c521d501a117cc3847905fc94d671be383141bdc06c2ada5,StratifiedGroupKFold,42
rec_8d9f61ce303defbfc361,D:\INFANT CRY\data_set_dbl_split\train\discomfort\3409_M_heh.wav,discomfort/3409_M_heh.wav,baby,5,infantcry_dbl,infant_sha256:e85f3608d57a7be4a2680fbf0134a7917ed1421883061214b9b8ebffa27d9bdb,exact_content_sha256,e85f3608d57a7be4a2680fbf0134a7917ed1421883061214b9b8ebffa27d9bdb,StratifiedGroupKFold,42
rec_6eb0928d100be618ab76,D:\INFANT CRY\data_set_dbl_split\train\discomfort\3451_M_heh.wav,discomfort/3451_M_heh.wav,baby,5,infantcry_dbl,infant_sha256:12725836d5e341efddb228c72d6c2de2003c36bac4f5046a7ce58189cc9d1815,exact_content_sha256,12725836d5e341efddb228c72d6c2de2003c36bac4f5046a7ce58189cc9d1815,StratifiedGroupKFold,42
rec_76a42152121fc3becc5b,D:\INFANT CRY\data_set_dbl_split\train\discomfort\3729_M_heh.wav,discomfort/3729_M_heh.wav,baby,5,infantcry_dbl,infant_sha256:ef4003f1eb9998a16f6d4d50556e0274342e4593ed4bb71a78170098872cec82,exact_content_sha256,ef4003f1eb9998a16f6d4d50556e0274342e4593ed4bb71a78170098872cec82,StratifiedGroupKFold,42
rec_0aa9e91ac3fcb2b11225,D:\INFANT CRY\data_set_dbl_split\train\discomfort\4177_M_heh.wav,discomfort/4177_M_heh.wav,baby,5,infantcry_dbl,infant_sha256:6efeef8347a3f2ac09d1676011bef7c5861aaf5be509e9a0b958b1616fa374dd,exact_content_sha256,6efeef8347a3f2ac09d1676011bef7c5861aaf5be509e9a0b958b1616fa374dd,StratifiedGroupKFold,42
rec_9bd40eced9885796e2fa,D:\INFANT CRY\data_set_dbl_split\train\discomfort\4424_F_heh.wav,discomfort/4424_F_heh.wav,baby,5,infantcry_dbl,infant_sha256:2175d95aa0ff4baa4ef2dec20dc9d2cbd1b8e384f866bc26b67f5739475733e8,exact_content_sha256,2175d95aa0ff4baa4ef2dec20dc9d2cbd1b8e384f866bc26b67f5739475733e8,StratifiedGroupKFold,42
rec_86e6760be24886dd3199,D:\INFANT CRY\data_set_dbl_split\train\discomfort\4712_M_heh.wav,discomfort/4712_M_heh.wav,baby,5,infantcry_dbl,infant_sha256:5699bdb29b4198e1918f06edb59c72b265693c8b2e9df55a3bca430f442b0b5f,exact_content_sha256,5699bdb29b4198e1918f06edb59c72b265693c8b2e9df55a3bca430f442b0b5f,StratifiedGroupKFold,42
rec_85dab9312e9b8aabaa62,D:\INFANT CRY\data_set_dbl_split\train\discomfort\4756_F_heh.wav,discomfort/4756_F_heh.wav,baby,5,infantcry_dbl,infant_sha256:329652e05ef0b1224a81eae0aa698642469f83110a2b51d7196b16734616c43a,exact_content_sha256,329652e05ef0b1224a81eae0aa698642469f83110a2b51d7196b16734616c43a,StratifiedGroupKFold,42
rec_c5ca2cddf85a72e0dc56,D:\INFANT CRY\data_set_dbl_split\train\discomfort\4782_M_heh.wav,discomfort/4782_M_heh.wav,baby,5,infantcry_dbl,infant_sha256:e1f078d88711fecab3b425eb1bea3ece8680eb9d91b37b27b32f04c9c256cc7b,exact_content_sha256,e1f078d88711fecab3b425eb1bea3ece8680eb9d91b37b27b32f04c9c256cc7b,StratifiedGroupKFold,42
rec_09d3a8609a2587658b70,D:\INFANT CRY\data_set_dbl_split\train\discomfort\4818_M_heh.wav,discomfort/4818_M_heh.wav,baby,5,infantcry_dbl,infant_sha256:46160d6e0b07ff14da62dda6cc477fcd25e2374eb630f17b2ec33fa8513c1b38,exact_content_sha256,46160d6e0b07ff14da62dda6cc477fcd25e2374eb630f17b2ec33fa8513c1b38,StratifiedGroupKFold,42
rec_36666c11c2fd31a59262,D:\INFANT CRY\data_set_dbl_split\train\discomfort\86_F_heh.wav,discomfort/86_F_heh.wav,baby,5,infantcry_dbl,infant_sha256:7137fab07ec1e47e0d948fc274a0d56ae9cb1ac2c6a128427c1154af8f813e13,exact_content_sha256,7137fab07ec1e47e0d948fc274a0d56ae9cb1ac2c6a128427c1154af8f813e13,StratifiedGroupKFold,42
rec_130b876cf3e8042dbaaf,D:\INFANT CRY\data_set_dbl_split\train\discomfort\dunstan-heh_5.wav,discomfort/dunstan-heh_5.wav,baby,5,infantcry_dbl,infant_sha256:fd5623d949aa95584faca464bba67866ca8f5f4428e221faaf428ebd331bee45,exact_content_sha256,fd5623d949aa95584faca464bba67866ca8f5f4428e221faaf428ebd331bee45,StratifiedGroupKFold,42
rec_3d99f5ba8607ab46d834,D:\INFANT CRY\data_set_dbl_split\train\discomfort\dunstan-heh_6.wav,discomfort/dunstan-heh_6.wav,baby,5,infantcry_dbl,infant_sha256:483f687349859694d76b2ef7bcbcda62eeb8c63e5dac0ec33bcd303e6f8df8eb,exact_content_sha256,483f687349859694d76b2ef7bcbcda62eeb8c63e5dac0ec33bcd303e6f8df8eb,StratifiedGroupKFold,42
rec_b6b8af0ffd9a4ace9287,D:\INFANT CRY\data_set_dbl_split\train\hungry\1122_M_neh.wav,hungry/1122_M_neh.wav,baby,5,infantcry_dbl,infant_sha256:f1b8b6f08110ea40a8f53ff176de03a9f07b58113506f993bbe1738311a6f4b6,exact_content_sha256,f1b8b6f08110ea40a8f53ff176de03a9f07b58113506f993bbe1738311a6f4b6,StratifiedGroupKFold,42
rec_572209fcf4431574a106,D:\INFANT CRY\data_set_dbl_split\train\hungry\1221_M_neh.wav,hungry/1221_M_neh.wav,baby,5,infantcry_dbl,infant_sha256:ff4e50e3cf963fd9b524c5d60afaf98e5b312dc6e9f72e1d6ca02446963f4b60,exact_content_sha256,ff4e50e3cf963fd9b524c5d60afaf98e5b312dc6e9f72e1d6ca02446963f4b60,StratifiedGroupKFold,42
rec_005ff6f9034c11225ab6,D:\INFANT CRY\data_set_dbl_split\train\hungry\1620_M_neh.wav,hungry/1620_M_neh.wav,baby,5,infantcry_dbl,infant_sha256:ebbe483be136ac0f1aa62d8c9ff75316de07956803fa523c273da9295aa74eb6,exact_content_sha256,ebbe483be136ac0f1aa62d8c9ff75316de07956803fa523c273da9295aa74eb6,StratifiedGroupKFold,42
rec_bec629bc5031bc22eb9b,D:\INFANT CRY\data_set_dbl_split\train\hungry\186_M_neh.wav,hungry/186_M_neh.wav,baby,5,infantcry_dbl,infant_sha256:2675566f7b316ca726351bba67e5e7ce71960ef9e8da00ffff63a4f2318755de,exact_content_sha256,2675566f7b316ca726351bba67e5e7ce71960ef9e8da00ffff63a4f2318755de,StratifiedGroupKFold,42
rec_863f55a8b59a50be7319,D:\INFANT CRY\data_set_dbl_split\train\hungry\2297_F_neh.wav,hungry/2297_F_neh.wav,baby,5,infantcry_dbl,infant_sha256:7ec8c0fa0b1cdaecd18b969b466f1fda8d7e182afd97e5fd232a2e3928ef7ffc,exact_content_sha256,7ec8c0fa0b1cdaecd18b969b466f1fda8d7e182afd97e5fd232a2e3928ef7ffc,StratifiedGroupKFold,42
rec_ec34fb05fcd5397abee1,D:\INFANT CRY\data_set_dbl_split\train\hungry\2392_M_neh.wav,hungry/2392_M_neh.wav,baby,5,infantcry_dbl,infant_sha256:dccb965f62255bf04747b39fe452228aa053abbe72f887fc204335db746729f3,exact_content_sha256,dccb965f62255bf04747b39fe452228aa053abbe72f887fc204335db746729f3,StratifiedGroupKFold,42
rec_8038bcb6a3c1394cbc91,D:\INFANT CRY\data_set_dbl_split\train\hungry\2613_M_neh.wav,hungry/2613_M_neh.wav,baby,5,infantcry_dbl,infant_sha256:bf8cc39b4dd22e4ae4ac50f7b585031e58cd4207482ef563205eb7eb340cea86,exact_content_sha256,bf8cc39b4dd22e4ae4ac50f7b585031e58cd4207482ef563205eb7eb340cea86,StratifiedGroupKFold,42
rec_2972e6c8e16512407617,D:\INFANT CRY\data_set_dbl_split\train\hungry\290_M_neh.wav,hungry/290_M_neh.wav,baby,5,infantcry_dbl,infant_sha256:4aa26a360fc7af2ea2a0449af0d0242012e7e18a85fa77d7526f6ed42109b28d,exact_content_sha256,4aa26a360fc7af2ea2a0449af0d0242012e7e18a85fa77d7526f6ed42109b28d,StratifiedGroupKFold,42
rec_93a6be1a88f70e583f68,D:\INFANT CRY\data_set_dbl_split\train\hungry\3384_F_neh.wav,hungry/3384_F_neh.wav,baby,5,infantcry_dbl,infant_sha256:2496712dd23c0d60da7a25e8f6430277d6e47febbaf77db982a193c3803faeca,exact_content_sha256,2496712dd23c0d60da7a25e8f6430277d6e47febbaf77db982a193c3803faeca,StratifiedGroupKFold,42
rec_1744f789c8836ae844cb,D:\INFANT CRY\data_set_dbl_split\train\hungry\3469_M_neh.wav,hungry/3469_M_neh.wav,baby,5,infantcry_dbl,infant_sha256:f5c3ead3aef7b04bf62bb0778a2869f37675e041019f640a4202110fb09d3d3b,exact_content_sha256,f5c3ead3aef7b04bf62bb0778a2869f37675e041019f640a4202110fb09d3d3b,StratifiedGroupKFold,42
rec_74b7b7b269cccff509b6,D:\INFANT CRY\data_set_dbl_split\train\hungry\3478_M_neh.wav,hungry/3478_M_neh.wav,baby,5,infantcry_dbl,infant_sha256:0652cac9764f49ee987c04e3b01a87fb9eac4ac4ed99d9dbe77ce44d25ade3f9,exact_content_sha256,0652cac9764f49ee987c04e3b01a87fb9eac4ac4ed99d9dbe77ce44d25ade3f9,StratifiedGroupKFold,42
rec_631606b7209247dd5eae,D:\INFANT CRY\data_set_dbl_split\train\hungry\3514_M_neh.wav,hungry/3514_M_neh.wav,baby,5,infantcry_dbl,infant_sha256:d5d9a33ec7e06529a762d752344c6bd6768bb14d6a4f739fa168fe7007799833,exact_content_sha256,d5d9a33ec7e06529a762d752344c6bd6768bb14d6a4f739fa168fe7007799833,StratifiedGroupKFold,42
rec_483da636af8546408bfa,D:\INFANT CRY\data_set_dbl_split\train\hungry\3844_M_neh.wav,hungry/3844_M_neh.wav,baby,5,infantcry_dbl,infant_sha256:dcab62a19540620b3cd8d79c7fa9e1dca9aeb9a8e2668c9781a1e2ce122b96d1,exact_content_sha256,dcab62a19540620b3cd8d79c7fa9e1dca9aeb9a8e2668c9781a1e2ce122b96d1,StratifiedGroupKFold,42
rec_da1f1379e0826d51b53e,D:\INFANT CRY\data_set_dbl_split\train\hungry\4111_M_neh.wav,hungry/4111_M_neh.wav,baby,5,infantcry_dbl,infant_sha256:afae741d9b675716c180392a53a28ac58ef70f63054f8073a12e4a82b2481367,exact_content_sha256,afae741d9b675716c180392a53a28ac58ef70f63054f8073a12e4a82b2481367,StratifiedGroupKFold,42
rec_8a26e0da4af7d57a6c76,D:\INFANT CRY\data_set_dbl_split\train\hungry\4541_M_neh.wav,hungry/4541_M_neh.wav,baby,5,infantcry_dbl,infant_sha256:8a17c99c6632b045ba4f2986a2e34f74a3fb0456bac5c88284e24446c5385011,exact_content_sha256,8a17c99c6632b045ba4f2986a2e34f74a3fb0456bac5c88284e24446c5385011,StratifiedGroupKFold,42
rec_9305bbcd4444176c69fc,D:\INFANT CRY\data_set_dbl_split\train\hungry\4717_M_neh.wav,hungry/4717_M_neh.wav,baby,5,infantcry_dbl,infant_sha256:a41f61f1ee183e6abb9e9270e1a4125c67ef089417c02a686acc915e2022774a,exact_content_sha256,a41f61f1ee183e6abb9e9270e1a4125c67ef089417c02a686acc915e2022774a,StratifiedGroupKFold,42
rec_8fb0a7696007be9b34c3,D:\INFANT CRY\data_set_dbl_split\train\hungry\4920_F_neh.wav,hungry/4920_F_neh.wav,baby,5,infantcry_dbl,infant_sha256:58ffe4253bb4013018d129bc11c52f97be6a8ee327a04f2b3a21d4fcb42735f4,exact_content_sha256,58ffe4253bb4013018d129bc11c52f97be6a8ee327a04f2b3a21d4fcb42735f4,StratifiedGroupKFold,42
rec_3d86d6ced59383b732db,D:\INFANT CRY\data_set_dbl_split\train\hungry\691_M_neh.wav,hungry/691_M_neh.wav,baby,5,infantcry_dbl,infant_sha256:ae7467c0462cc7d08c23cbc0a1d003eca8635bcea37c4f1999c8e260c635911c,exact_content_sha256,ae7467c0462cc7d08c23cbc0a1d003eca8635bcea37c4f1999c8e260c635911c,StratifiedGroupKFold,42
rec_2e0608ae3276e423cd26,D:\INFANT CRY\data_set_dbl_split\train\hungry\704_M_neh.wav,hungry/704_M_neh.wav,baby,5,infantcry_dbl,infant_sha256:cade3dba1ee58bcfcf613c311275b5decf8561d6cc1ffd7f9c94053bb3d0635d,exact_content_sha256,cade3dba1ee58bcfcf613c311275b5decf8561d6cc1ffd7f9c94053bb3d0635d,StratifiedGroupKFold,42
rec_72f731ddb6a072d3ab85,D:\INFANT CRY\data_set_dbl_split\train\hungry\964_M_neh.wav,hungry/964_M_neh.wav,baby,5,infantcry_dbl,infant_sha256:64b1b539ad30edf15bb007eb46106288a26b42d7555cf47a64984e24c3fefb5f,exact_content_sha256,64b1b539ad30edf15bb007eb46106288a26b42d7555cf47a64984e24c3fefb5f,StratifiedGroupKFold,42
rec_0ebec3765679d0d21c7c,D:\INFANT CRY\data_set_dbl_split\train\hungry\dunstan-neh_11.wav,hungry/dunstan-neh_11.wav,baby,5,infantcry_dbl,infant_sha256:3dd2e83526d145dbb7fff6a688e1cf5f75c2509d79613166ff42c915007e920c,exact_content_sha256,3dd2e83526d145dbb7fff6a688e1cf5f75c2509d79613166ff42c915007e920c,StratifiedGroupKFold,42
rec_e55a34a72fedfd7e840d,D:\INFANT CRY\data_set_dbl_split\train\hungry\dunstan-neh_12.wav,hungry/dunstan-neh_12.wav,baby,5,infantcry_dbl,infant_sha256:c4b9c285e37c2db1d9fec3d870017b30ed1596a2dfe545434d534f81652df800,exact_content_sha256,c4b9c285e37c2db1d9fec3d870017b30ed1596a2dfe545434d534f81652df800,StratifiedGroupKFold,42
rec_555a26837bdc5dd6c14e,D:\INFANT CRY\data_set_dbl_split\train\hungry\dunstan-neh_13.wav,hungry/dunstan-neh_13.wav,baby,5,infantcry_dbl,infant_sha256:7cb6d3b65bbd1b8fc04a209719574b057b7fbe76caebadea2d06083677f2e800,exact_content_sha256,7cb6d3b65bbd1b8fc04a209719574b057b7fbe76caebadea2d06083677f2e800,StratifiedGroupKFold,42
rec_2074b86eecde9140b59b,D:\INFANT CRY\data_set_dbl_split\train\hungry\dunstan-neh_14.wav,hungry/dunstan-neh_14.wav,baby,5,infantcry_dbl,infant_sha256:a770569817f090643f99d553a0318b472bea996931c71c84eb443da9d888d870,exact_content_sha256,a770569817f090643f99d553a0318b472bea996931c71c84eb443da9d888d870,StratifiedGroupKFold,42
rec_b0ac810c71cf73db1ee2,D:\INFANT CRY\data_set_dbl_split\train\hungry\dunstan-neh_15.wav,hungry/dunstan-neh_15.wav,baby,5,infantcry_dbl,infant_sha256:c98158cfe65366a9a974891dbc8e546dce0dc55a333ba680b95bfeb078464798,exact_content_sha256,c98158cfe65366a9a974891dbc8e546dce0dc55a333ba680b95bfeb078464798,StratifiedGroupKFold,42
rec_db35c613515374caf95f,D:\INFANT CRY\data_set_dbl_split\train\hungry\dunstan-neh_21.wav,hungry/dunstan-neh_21.wav,baby,5,infantcry_dbl,infant_sha256:da1abd88ca5ed6fad7892ea218f1f326cb92a9f91085683a339c65f44b2f4bed,exact_content_sha256,da1abd88ca5ed6fad7892ea218f1f326cb92a9f91085683a339c65f44b2f4bed,StratifiedGroupKFold,42
rec_dc065ea30d88d9440e77,D:\INFANT CRY\data_set_dbl_split\train\hungry\dunstan-neh_27.wav,hungry/dunstan-neh_27.wav,baby,5,infantcry_dbl,infant_sha256:2ffae04de236c7819dc8c7f5ba82c29784dcf18f40411bea719bc4fce98b05c0,exact_content_sha256,2ffae04de236c7819dc8c7f5ba82c29784dcf18f40411bea719bc4fce98b05c0,StratifiedGroupKFold,42
rec_7c3c65da7a88a56a3da5,D:\INFANT CRY\data_set_dbl_split\train\hungry\dunstan-neh_38.wav,hungry/dunstan-neh_38.wav,baby,5,infantcry_dbl,infant_sha256:ee11c2166c1b1319d86215dc681966a4046c7bebe44ca3d5fb03c18d61faec94,exact_content_sha256,ee11c2166c1b1319d86215dc681966a4046c7bebe44ca3d5fb03c18d61faec94,StratifiedGroupKFold,42
rec_54271dc6c4c35a84a3f0,D:\INFANT CRY\data_set_dbl_split\train\hungry\dunstan-neh_55.wav,hungry/dunstan-neh_55.wav,baby,5,infantcry_dbl,infant_sha256:ddd45c6585b243fe4ad8bb034fc30a373a717666ce557f6364ac363e6ae5442b,exact_content_sha256,ddd45c6585b243fe4ad8bb034fc30a373a717666ce557f6364ac363e6ae5442b,StratifiedGroupKFold,42
rec_eb9ed8eb0009e46de602,D:\INFANT CRY\data_set_dbl_split\train\hungry\dunstan-neh_60.wav,hungry/dunstan-neh_60.wav,baby,5,infantcry_dbl,infant_sha256:1aceab22c814ea0fdd687221ac302aa60ee2f85767e3a902d7eb6223f30d77b6,exact_content_sha256,1aceab22c814ea0fdd687221ac302aa60ee2f85767e3a902d7eb6223f30d77b6,StratifiedGroupKFold,42
rec_413850d66eb3385ab609,D:\INFANT CRY\data_set_dbl_split\train\tired\1128_M_owh.wav,tired/1128_M_owh.wav,baby,5,infantcry_dbl,infant_sha256:c0c06a568d9065bb4318ecc0559c7336898b2913ee97251b28a379f27b97aac4,exact_content_sha256,c0c06a568d9065bb4318ecc0559c7336898b2913ee97251b28a379f27b97aac4,StratifiedGroupKFold,42
rec_4a0a3fecf4140530d10b,D:\INFANT CRY\data_set_dbl_split\train\tired\1413_M_owh.wav,tired/1413_M_owh.wav,baby,5,infantcry_dbl,infant_sha256:a1531258bee4c68ca215eb9cfd9c0566a1ac613b48a8551188c59c38e2afdfe0,exact_content_sha256,a1531258bee4c68ca215eb9cfd9c0566a1ac613b48a8551188c59c38e2afdfe0,StratifiedGroupKFold,42
rec_ef7b9080ec661f007af8,D:\INFANT CRY\data_set_dbl_split\train\tired\1482_M_owh.wav,tired/1482_M_owh.wav,baby,5,infantcry_dbl,infant_sha256:feba7cf217b6905da2944b75108752f836accaad397e4a59cadcb5a4fd52badb,exact_content_sha256,feba7cf217b6905da2944b75108752f836accaad397e4a59cadcb5a4fd52badb,StratifiedGroupKFold,42
rec_9aea41696fde8eacba64,D:\INFANT CRY\data_set_dbl_split\train\tired\1554_M_owh.wav,tired/1554_M_owh.wav,baby,5,infantcry_dbl,infant_sha256:804ed44fe3409c84edad9d5b7d7910e5f080e43815177aeb5714e425cb68b4b1,exact_content_sha256,804ed44fe3409c84edad9d5b7d7910e5f080e43815177aeb5714e425cb68b4b1,StratifiedGroupKFold,42
rec_c4e0473e57cb803e190b,D:\INFANT CRY\data_set_dbl_split\train\tired\1737_M_owh.wav,tired/1737_M_owh.wav,baby,5,infantcry_dbl,infant_sha256:1f6f007bbff100c160f8793c02365efddce9d5364f69567315074c5c26802f47,exact_content_sha256,1f6f007bbff100c160f8793c02365efddce9d5364f69567315074c5c26802f47,StratifiedGroupKFold,42
rec_ca96409ed715ab7f77ec,D:\INFANT CRY\data_set_dbl_split\train\tired\1740_M_owh.wav,tired/1740_M_owh.wav,baby,5,infantcry_dbl,infant_sha256:66572dd2c1c69d22a39928a43a14a3c40f5031d5c9af7b353e0a662229c7e19f,exact_content_sha256,66572dd2c1c69d22a39928a43a14a3c40f5031d5c9af7b353e0a662229c7e19f,StratifiedGroupKFold,42
rec_b143bcd50652f006dd02,D:\INFANT CRY\data_set_dbl_split\train\tired\1743_M_owh.wav,tired/1743_M_owh.wav,baby,5,infantcry_dbl,infant_sha256:56719542b72cff21d3a925ac5b6fb36c706b5687d0d69d28e178f9a2c7b8f38e,exact_content_sha256,56719542b72cff21d3a925ac5b6fb36c706b5687d0d69d28e178f9a2c7b8f38e,StratifiedGroupKFold,42
rec_c6a65dca2e98f957c40c,D:\INFANT CRY\data_set_dbl_split\train\tired\1775_M_owh.wav,tired/1775_M_owh.wav,baby,5,infantcry_dbl,infant_sha256:e7789dfdee23c5ea21831084b022ac9937f5b4baa65d8dfa4a2465e26bc4f855,exact_content_sha256,e7789dfdee23c5ea21831084b022ac9937f5b4baa65d8dfa4a2465e26bc4f855,StratifiedGroupKFold,42
rec_ceac2fde6c166b8a7465,D:\INFANT CRY\data_set_dbl_split\train\tired\1777_M_owh.wav,tired/1777_M_owh.wav,baby,5,infantcry_dbl,infant_sha256:c28af2c0794825804ba18e3cf3dc0ddbd520ca3e1c4dacbd64b55b6d45c1dc8e,exact_content_sha256,c28af2c0794825804ba18e3cf3dc0ddbd520ca3e1c4dacbd64b55b6d45c1dc8e,StratifiedGroupKFold,42
rec_a212ac00d7875487f586,D:\INFANT CRY\data_set_dbl_split\train\tired\1779_F_owh.wav,tired/1779_F_owh.wav,baby,5,infantcry_dbl,infant_sha256:badf144ee9bf6d0330c5baeb4cbfd3d1689cb4adb64a010fd9e6b5d1436b0e5f,exact_content_sha256,badf144ee9bf6d0330c5baeb4cbfd3d1689cb4adb64a010fd9e6b5d1436b0e5f,StratifiedGroupKFold,42
rec_82cb0a4156a7427f3403,D:\INFANT CRY\data_set_dbl_split\train\tired\1800_M_owh.wav,tired/1800_M_owh.wav,baby,5,infantcry_dbl,infant_sha256:b5c94f9139826b5d95dc997be0ca6e5e7e661c9c25a61544f496847dec9df795,exact_content_sha256,b5c94f9139826b5d95dc997be0ca6e5e7e661c9c25a61544f496847dec9df795,StratifiedGroupKFold,42
rec_06fef533c967648aa5b1,D:\INFANT CRY\data_set_dbl_split\train\tired\1814_F_owh.wav,tired/1814_F_owh.wav,baby,5,infantcry_dbl,infant_sha256:545923a24da87302b7a8cadfd490c02e7f630f9f542670f7878f42f756109429,exact_content_sha256,545923a24da87302b7a8cadfd490c02e7f630f9f542670f7878f42f756109429,StratifiedGroupKFold,42
rec_3302345d89eba27a1c22,D:\INFANT CRY\data_set_dbl_split\train\tired\1872_F_owh.wav,tired/1872_F_owh.wav,baby,5,infantcry_dbl,infant_sha256:0ce1279d917848cb418e9c0aeef154e65f14785e96409e0f872dab2a2b5c2130,exact_content_sha256,0ce1279d917848cb418e9c0aeef154e65f14785e96409e0f872dab2a2b5c2130,StratifiedGroupKFold,42
rec_c3eea0f635a2a109d937,D:\INFANT CRY\data_set_dbl_split\train\tired\1882_M_owh.wav,tired/1882_M_owh.wav,baby,5,infantcry_dbl,infant_sha256:f51cb73ac6109ca78d4a45f3214b94c856f03119716dfd9b82b5ecc5231ee277,exact_content_sha256,f51cb73ac6109ca78d4a45f3214b94c856f03119716dfd9b82b5ecc5231ee277,StratifiedGroupKFold,42
rec_7ce9858654348e280daa,D:\INFANT CRY\data_set_dbl_split\train\tired\1897_M_owh.wav,tired/1897_M_owh.wav,baby,5,infantcry_dbl,infant_sha256:8da8077702be215d2774cd0b5cdc430aa693ea98f2d86c3aa4d188d7781b7030,exact_content_sha256,8da8077702be215d2774cd0b5cdc430aa693ea98f2d86c3aa4d188d7781b7030,StratifiedGroupKFold,42
rec_3ad7dddafe6b010bfb74,D:\INFANT CRY\data_set_dbl_split\train\tired\1980_M_owh.wav,tired/1980_M_owh.wav,baby,5,infantcry_dbl,infant_sha256:e31fd31777f872ec0993fed336bfae71b1d7bc3af3d02449193e2a3cb82f3e13,exact_content_sha256,e31fd31777f872ec0993fed336bfae71b1d7bc3af3d02449193e2a3cb82f3e13,StratifiedGroupKFold,42
rec_34d987e856e5ff1127b0,D:\INFANT CRY\data_set_dbl_split\train\tired\2016_M_owh.wav,tired/2016_M_owh.wav,baby,5,infantcry_dbl,infant_sha256:d92c58194bef0f4165a2c87ef090cb06218297e63111ee114ba59551b240632e,exact_content_sha256,d92c58194bef0f4165a2c87ef090cb06218297e63111ee114ba59551b240632e,StratifiedGroupKFold,42
rec_0a00acebe2bbcd663c7c,D:\INFANT CRY\data_set_dbl_split\train\tired\2049_M_owh.wav,tired/2049_M_owh.wav,baby,5,infantcry_dbl,infant_sha256:8c10629e951f4f1bbaa9026b6b8867213163ea8f970163a8a57296c1601c7149,exact_content_sha256,8c10629e951f4f1bbaa9026b6b8867213163ea8f970163a8a57296c1601c7149,StratifiedGroupKFold,42
rec_5e616febd7607606dade,D:\INFANT CRY\data_set_dbl_split\train\tired\2232_M_owh.wav,tired/2232_M_owh.wav,baby,5,infantcry_dbl,infant_sha256:f4228bd03bb96d484c20315c430ad16926a89c2c829b20668de98f9b38b8e98a,exact_content_sha256,f4228bd03bb96d484c20315c430ad16926a89c2c829b20668de98f9b38b8e98a,StratifiedGroupKFold,42
rec_e5a50c07c9d8e5e7d834,D:\INFANT CRY\data_set_dbl_split\train\tired\2277_M_owh.wav,tired/2277_M_owh.wav,baby,5,infantcry_dbl,infant_sha256:b8062d8170bc3c800ac595eaba2218ec72ee9eca172677ed0993685d23bbe6a3,exact_content_sha256,b8062d8170bc3c800ac595eaba2218ec72ee9eca172677ed0993685d23bbe6a3,StratifiedGroupKFold,42
rec_ea12ef04f64336c4df74,D:\INFANT CRY\data_set_dbl_split\train\tired\2312_M_owh.wav,tired/2312_M_owh.wav,baby,5,infantcry_dbl,infant_sha256:8e44fac0e4b9c937259b2851c4ede0fef21935fce96597ee366c12ac143ab204,exact_content_sha256,8e44fac0e4b9c937259b2851c4ede0fef21935fce96597ee366c12ac143ab204,StratifiedGroupKFold,42
rec_ca339421dfb0063658f4,D:\INFANT CRY\data_set_dbl_split\train\tired\2321_M_owh.wav,tired/2321_M_owh.wav,baby,5,infantcry_dbl,infant_sha256:3a42b7b76f79357f17a3f906d1c7d2f075bee1db0ef0906a8de6c059572f35b0,exact_content_sha256,3a42b7b76f79357f17a3f906d1c7d2f075bee1db0ef0906a8de6c059572f35b0,StratifiedGroupKFold,42
rec_e3eb1fc20f6e5c76d4af,D:\INFANT CRY\data_set_dbl_split\train\tired\2420_M_owh.wav,tired/2420_M_owh.wav,baby,5,infantcry_dbl,infant_sha256:a2c0b535865a5b6bc20b766c2221065b17e56f38cdd9436fb23f1354850b1b80,exact_content_sha256,a2c0b535865a5b6bc20b766c2221065b17e56f38cdd9436fb23f1354850b1b80,StratifiedGroupKFold,42
rec_c239ca4eec50d9560d65,D:\INFANT CRY\data_set_dbl_split\train\tired\2578_M_owh.wav,tired/2578_M_owh.wav,baby,5,infantcry_dbl,infant_sha256:cf40492dd39ae43077572c486e97d6de969aefc9345fcd485646ffee8af81feb,exact_content_sha256,cf40492dd39ae43077572c486e97d6de969aefc9345fcd485646ffee8af81feb,StratifiedGroupKFold,42
rec_21c73c50b6ee66a0d921,D:\INFANT CRY\data_set_dbl_split\train\tired\2589_M_owh.wav,tired/2589_M_owh.wav,baby,5,infantcry_dbl,infant_sha256:2f5d6a1e48cf20f6c0e337c3993ff79e12a6bb7fa1c5e10262e0afb93b61b304,exact_content_sha256,2f5d6a1e48cf20f6c0e337c3993ff79e12a6bb7fa1c5e10262e0afb93b61b304,StratifiedGroupKFold,42
rec_6681d5bbdbb852f59f6b,D:\INFANT CRY\data_set_dbl_split\train\tired\2609_M_owh.wav,tired/2609_M_owh.wav,baby,5,infantcry_dbl,infant_sha256:7350a7263772279d9689c17c63fb1a2edf9fc324a09e0e82a6347dc7b04bef82,exact_content_sha256,7350a7263772279d9689c17c63fb1a2edf9fc324a09e0e82a6347dc7b04bef82,StratifiedGroupKFold,42
rec_f7774bcc7a3cbcbb2de7,D:\INFANT CRY\data_set_dbl_split\train\tired\2634_M_owh.wav,tired/2634_M_owh.wav,baby,5,infantcry_dbl,infant_sha256:5f429fa46064b3e066d1eaeee25dd9a5809f8fdb3696debfb2a5428a9a26e2cc,exact_content_sha256,5f429fa46064b3e066d1eaeee25dd9a5809f8fdb3696debfb2a5428a9a26e2cc,StratifiedGroupKFold,42
rec_1dfb8115636b45f7842a,D:\INFANT CRY\data_set_dbl_split\train\tired\2706_F_owh.wav,tired/2706_F_owh.wav,baby,5,infantcry_dbl,infant_sha256:0985cdee3fa749a5d6da747839eb9fa0da038109cdc8fd1ecb6e68187ce9f347,exact_content_sha256,0985cdee3fa749a5d6da747839eb9fa0da038109cdc8fd1ecb6e68187ce9f347,StratifiedGroupKFold,42
rec_865de47edf8ab41d6713,D:\INFANT CRY\data_set_dbl_split\train\tired\2851_M_owh.wav,tired/2851_M_owh.wav,baby,5,infantcry_dbl,infant_sha256:0bb2fc763885e901ba125e7f7cf3415972dbbcb4c292f7f0fa373ccad4400f1b,exact_content_sha256,0bb2fc763885e901ba125e7f7cf3415972dbbcb4c292f7f0fa373ccad4400f1b,StratifiedGroupKFold,42
rec_90d2a853579aa84f0662,D:\INFANT CRY\data_set_dbl_split\train\tired\287_F_owh.wav,tired/287_F_owh.wav,baby,5,infantcry_dbl,infant_sha256:7a953cee6654ccaa65429b257c61935d9ac1b18eaee0468e1d26f091a23989df,exact_content_sha256,7a953cee6654ccaa65429b257c61935d9ac1b18eaee0468e1d26f091a23989df,StratifiedGroupKFold,42
rec_2f37df5fabe4678f8d30,D:\INFANT CRY\data_set_dbl_split\train\tired\3009_F_owh.wav,tired/3009_F_owh.wav,baby,5,infantcry_dbl,infant_sha256:bcebfca30b113e684af963afd9bae439d7d2608d072f8a69c57ca431a75cc55e,exact_content_sha256,bcebfca30b113e684af963afd9bae439d7d2608d072f8a69c57ca431a75cc55e,StratifiedGroupKFold,42
rec_2b69d4455141a411fda6,D:\INFANT CRY\data_set_dbl_split\train\tired\3038_M_owh.wav,tired/3038_M_owh.wav,baby,5,infantcry_dbl,infant_sha256:b761c7699e49e429270e6e30bb9bb7262bf05804d9da4da4fd7e3e03030684e8,exact_content_sha256,b761c7699e49e429270e6e30bb9bb7262bf05804d9da4da4fd7e3e03030684e8,StratifiedGroupKFold,42
rec_f45dac55e4c031edcf7e,D:\INFANT CRY\data_set_dbl_split\train\tired\3057_M_owh.wav,tired/3057_M_owh.wav,baby,5,infantcry_dbl,infant_sha256:6e776d2ba4e47146ff1ab88f0ddeabc2bb83bffb57af2b96b7f6dd8d74135cf8,exact_content_sha256,6e776d2ba4e47146ff1ab88f0ddeabc2bb83bffb57af2b96b7f6dd8d74135cf8,StratifiedGroupKFold,42
rec_22403cf126ba290b98a1,D:\INFANT CRY\data_set_dbl_split\train\tired\3087_F_owh.wav,tired/3087_F_owh.wav,baby,5,infantcry_dbl,infant_sha256:cc2289cbe9cd81e3e6cc91871dda3557e9b7131dfb82c27d368dd4179dfb5a67,exact_content_sha256,cc2289cbe9cd81e3e6cc91871dda3557e9b7131dfb82c27d368dd4179dfb5a67,StratifiedGroupKFold,42
rec_ddde6ca071402ae58ddc,D:\INFANT CRY\data_set_dbl_split\train\tired\3135_F_owh.wav,tired/3135_F_owh.wav,baby,5,infantcry_dbl,infant_sha256:369b89e57a0b4b2831f8cfa04a58123e3986ccd2af98bf180c59a8be149b1821,exact_content_sha256,369b89e57a0b4b2831f8cfa04a58123e3986ccd2af98bf180c59a8be149b1821,StratifiedGroupKFold,42
rec_f83d59129647d275969b,D:\INFANT CRY\data_set_dbl_split\train\tired\3182_M_owh.wav,tired/3182_M_owh.wav,baby,5,infantcry_dbl,infant_sha256:3a4de62dca19d5cb872519b330a603f1b2e68f309ddb1be878afaf07f3b8a01b,exact_content_sha256,3a4de62dca19d5cb872519b330a603f1b2e68f309ddb1be878afaf07f3b8a01b,StratifiedGroupKFold,42
rec_a18df63203ea8f412f0b,D:\INFANT CRY\data_set_dbl_split\train\tired\3222_M_owh.wav,tired/3222_M_owh.wav,baby,5,infantcry_dbl,infant_sha256:d33cab38c8d62e9019b9a463fb5c3bac6ec5801bb0fabe7213a25a4dadfb786a,exact_content_sha256,d33cab38c8d62e9019b9a463fb5c3bac6ec5801bb0fabe7213a25a4dadfb786a,StratifiedGroupKFold,42
rec_83d386d2bf8c0d85a88c,D:\INFANT CRY\data_set_dbl_split\train\tired\3230_M_owh.wav,tired/3230_M_owh.wav,baby,5,infantcry_dbl,infant_sha256:539ff6ec6bc741e00794067ca8bb4bdfc7b785e97e79b5c74979a5fa2f589d99,exact_content_sha256,539ff6ec6bc741e00794067ca8bb4bdfc7b785e97e79b5c74979a5fa2f589d99,StratifiedGroupKFold,42
rec_4e0d2d6b7b612f0925cc,D:\INFANT CRY\data_set_dbl_split\train\tired\3244_F_owh.wav,tired/3244_F_owh.wav,baby,5,infantcry_dbl,infant_sha256:4f7282f37de41a137ddd3c07bcab8f5d45114c421df2ab395170f63d1fdeb42c,exact_content_sha256,4f7282f37de41a137ddd3c07bcab8f5d45114c421df2ab395170f63d1fdeb42c,StratifiedGroupKFold,42
rec_ca5f15d2b28002cc6999,D:\INFANT CRY\data_set_dbl_split\train\tired\3283_F_owh.wav,tired/3283_F_owh.wav,baby,5,infantcry_dbl,infant_sha256:a5cc0c95f7abe6d8f5a3c24f7534b763bb4eb8aa1ec35511b0c4536a932ce4e4,exact_content_sha256,a5cc0c95f7abe6d8f5a3c24f7534b763bb4eb8aa1ec35511b0c4536a932ce4e4,StratifiedGroupKFold,42
rec_0ce57ae6eac0cad43151,D:\INFANT CRY\data_set_dbl_split\train\tired\3308_M_owh.wav,tired/3308_M_owh.wav,baby,5,infantcry_dbl,infant_sha256:10148c5ba3b3e9ce48324c94233a6c7f0fb35a922cc204d3e3e11c34b17d9906,exact_content_sha256,10148c5ba3b3e9ce48324c94233a6c7f0fb35a922cc204d3e3e11c34b17d9906,StratifiedGroupKFold,42
rec_55f5a47b5c81789d39ab,D:\INFANT CRY\data_set_dbl_split\train\tired\3331_M_owh.wav,tired/3331_M_owh.wav,baby,5,infantcry_dbl,infant_sha256:1becf5bccd63bdc11420b398ebe68c0dc1b9afc008e931387790d78e15be5d80,exact_content_sha256,1becf5bccd63bdc11420b398ebe68c0dc1b9afc008e931387790d78e15be5d80,StratifiedGroupKFold,42
rec_9f49b115ba8fb6511373,D:\INFANT CRY\data_set_dbl_split\train\tired\3368_M_owh.wav,tired/3368_M_owh.wav,baby,5,infantcry_dbl,infant_sha256:4c496bbdc6c72663432b44486358fea54904c93b3319cbab2cd8156a9fa31c06,exact_content_sha256,4c496bbdc6c72663432b44486358fea54904c93b3319cbab2cd8156a9fa31c06,StratifiedGroupKFold,42
rec_a5d71c133a9c179c59f4,D:\INFANT CRY\data_set_dbl_split\train\tired\3395_F_owh.wav,tired/3395_F_owh.wav,baby,5,infantcry_dbl,infant_sha256:96e70e7f16cf60d5bf49ea2af2ea5357c60eded31c29c9dcdd65f8da5793715c,exact_content_sha256,96e70e7f16cf60d5bf49ea2af2ea5357c60eded31c29c9dcdd65f8da5793715c,StratifiedGroupKFold,42
rec_cb6726cb28084926f6b3,D:\INFANT CRY\data_set_dbl_split\train\tired\3408_F_owh.wav,tired/3408_F_owh.wav,baby,5,infantcry_dbl,infant_sha256:d3979d2f1ce978a33f13f43b24938447612de0d723752bdb7ac7b322812d60c8,exact_content_sha256,d3979d2f1ce978a33f13f43b24938447612de0d723752bdb7ac7b322812d60c8,StratifiedGroupKFold,42
rec_7c095ae02595f894772c,D:\INFANT CRY\data_set_dbl_split\train\tired\3427_M_owh.wav,tired/3427_M_owh.wav,baby,5,infantcry_dbl,infant_sha256:1f1a991a23b3f153206bd12f4e2bb8c2cb0c56090380f1a8331f8dcabde1092c,exact_content_sha256,1f1a991a23b3f153206bd12f4e2bb8c2cb0c56090380f1a8331f8dcabde1092c,StratifiedGroupKFold,42
rec_951deba6a4c6cfefbda2,D:\INFANT CRY\data_set_dbl_split\train\tired\3436_M_owh.wav,tired/3436_M_owh.wav,baby,5,infantcry_dbl,infant_sha256:ec87e95449cdceea45da2d5fa49412024554d0e883253ae7597774776b466fcc,exact_content_sha256,ec87e95449cdceea45da2d5fa49412024554d0e883253ae7597774776b466fcc,StratifiedGroupKFold,42
rec_f0246309560eec5f1221,D:\INFANT CRY\data_set_dbl_split\train\tired\3444_M_owh.wav,tired/3444_M_owh.wav,baby,5,infantcry_dbl,infant_sha256:34f3aea45d2705b2104bf83a06dd240d0c10940bdefb85eb27eb268af0b7a688,exact_content_sha256,34f3aea45d2705b2104bf83a06dd240d0c10940bdefb85eb27eb268af0b7a688,StratifiedGroupKFold,42
rec_11c898e8751b3b5ec62f,D:\INFANT CRY\data_set_dbl_split\train\tired\3476_M_owh.wav,tired/3476_M_owh.wav,baby,5,infantcry_dbl,infant_sha256:c698514d3f418a7a29cd1f8467216fa237b891d30e1455ba94edd403ea7deddb,exact_content_sha256,c698514d3f418a7a29cd1f8467216fa237b891d30e1455ba94edd403ea7deddb,StratifiedGroupKFold,42
rec_c644ec26db3f61bd2927,D:\INFANT CRY\data_set_dbl_split\train\tired\3493_M_owh.wav,tired/3493_M_owh.wav,baby,5,infantcry_dbl,infant_sha256:52798876c117405b5896cedc3b7a23f1d41212d5b00e869b9a0d7c7ddabd2b39,exact_content_sha256,52798876c117405b5896cedc3b7a23f1d41212d5b00e869b9a0d7c7ddabd2b39,StratifiedGroupKFold,42
rec_799682d9b3d1dce15dc7,D:\INFANT CRY\data_set_dbl_split\train\tired\3536_M_owh.wav,tired/3536_M_owh.wav,baby,5,infantcry_dbl,infant_sha256:e57afcd702642b1b435b2241dd4313da21a3b3f1f6e5f10d6433f6cfb28d4642,exact_content_sha256,e57afcd702642b1b435b2241dd4313da21a3b3f1f6e5f10d6433f6cfb28d4642,StratifiedGroupKFold,42
rec_05a9f456dd74327c3967,D:\INFANT CRY\data_set_dbl_split\train\tired\3546_M_owh.wav,tired/3546_M_owh.wav,baby,5,infantcry_dbl,infant_sha256:d175301c9784270a84d6dc1c20b95b540bacacf3fab78277009e2c0ed9fa6c9e,exact_content_sha256,d175301c9784270a84d6dc1c20b95b540bacacf3fab78277009e2c0ed9fa6c9e,StratifiedGroupKFold,42
rec_af8725fa49b24a73dcd1,D:\INFANT CRY\data_set_dbl_split\train\tired\3606_M_owh.wav,tired/3606_M_owh.wav,baby,5,infantcry_dbl,infant_sha256:0cf8f22204fd0cc6d43e33cce731359352d7b914de9d2a1df5a17a17e244233d,exact_content_sha256,0cf8f22204fd0cc6d43e33cce731359352d7b914de9d2a1df5a17a17e244233d,StratifiedGroupKFold,42
rec_f15b450af8058c73da84,D:\INFANT CRY\data_set_dbl_split\train\tired\3609_M_owh.wav,tired/3609_M_owh.wav,baby,5,infantcry_dbl,infant_sha256:2c126724babd07e11e4929ddf38934978b92c8664d60180ce5988915bec50d1f,exact_content_sha256,2c126724babd07e11e4929ddf38934978b92c8664d60180ce5988915bec50d1f,StratifiedGroupKFold,42
rec_f5e1b15d65ce873732bc,D:\INFANT CRY\data_set_dbl_split\train\tired\3621_M_owh.wav,tired/3621_M_owh.wav,baby,5,infantcry_dbl,infant_sha256:6a556a53e981c03965ac39abe7c3cc166b4005ced8bf32f0c6a02c28e2d79aa3,exact_content_sha256,6a556a53e981c03965ac39abe7c3cc166b4005ced8bf32f0c6a02c28e2d79aa3,StratifiedGroupKFold,42
rec_6d9d231d966abe189dcf,D:\INFANT CRY\data_set_dbl_split\train\tired\3655_M_owh.wav,tired/3655_M_owh.wav,baby,5,infantcry_dbl,infant_sha256:33cbbe4bc948b49c3a0461cba6e16609a8c1df9f63d1e28b6b69e933a0388bb1,exact_content_sha256,33cbbe4bc948b49c3a0461cba6e16609a8c1df9f63d1e28b6b69e933a0388bb1,StratifiedGroupKFold,42
rec_f30f5aba8ff73d4d8bb8,D:\INFANT CRY\data_set_dbl_split\train\tired\3838_F_owh.wav,tired/3838_F_owh.wav,baby,5,infantcry_dbl,infant_sha256:b3d3a98e076d4104df14e8620c2b8449258441a01ad4ad4033012135554a8025,exact_content_sha256,b3d3a98e076d4104df14e8620c2b8449258441a01ad4ad4033012135554a8025,StratifiedGroupKFold,42
rec_f1512d9f2308ce2edb13,D:\INFANT CRY\data_set_dbl_split\train\tired\3875_M_owh.wav,tired/3875_M_owh.wav,baby,5,infantcry_dbl,infant_sha256:052020682b964183e4e2e6e4147c3145ead734559d926e41538f0ab1b69f9582,exact_content_sha256,052020682b964183e4e2e6e4147c3145ead734559d926e41538f0ab1b69f9582,StratifiedGroupKFold,42
rec_e7a69b40f07f5ababf95,D:\INFANT CRY\data_set_dbl_split\train\tired\3878_M_owh.wav,tired/3878_M_owh.wav,baby,5,infantcry_dbl,infant_sha256:598fe135a63231080b7c9ad21d26748c0b0cce2bdbbf9e54ae1a08581a58ad83,exact_content_sha256,598fe135a63231080b7c9ad21d26748c0b0cce2bdbbf9e54ae1a08581a58ad83,StratifiedGroupKFold,42
rec_2084932d77d010ec825f,D:\INFANT CRY\data_set_dbl_split\train\tired\3965_M_owh.wav,tired/3965_M_owh.wav,baby,5,infantcry_dbl,infant_sha256:9405e9fbcd648eecfe84c31e516f0b64630a367ed4114fb4041fc31fd346fa59,exact_content_sha256,9405e9fbcd648eecfe84c31e516f0b64630a367ed4114fb4041fc31fd346fa59,StratifiedGroupKFold,42
rec_3ff1a9e185a5f94987e5,D:\INFANT CRY\data_set_dbl_split\train\tired\397_F_owh.wav,tired/397_F_owh.wav,baby,5,infantcry_dbl,infant_sha256:29e4a15343e3cd0e4ab9411d7649be890fc7eb330bc1fcbf5bbc69e4c9a032c7,exact_content_sha256,29e4a15343e3cd0e4ab9411d7649be890fc7eb330bc1fcbf5bbc69e4c9a032c7,StratifiedGroupKFold,42
rec_25faca337ecb1263e113,D:\INFANT CRY\data_set_dbl_split\train\tired\4010_M_owh.wav,tired/4010_M_owh.wav,baby,5,infantcry_dbl,infant_sha256:40d0fd368684da2dcdd6af365d07cbabe0b2a161224433abe1baaf4d572e9704,exact_content_sha256,40d0fd368684da2dcdd6af365d07cbabe0b2a161224433abe1baaf4d572e9704,StratifiedGroupKFold,42
rec_2e36429433aa062ce6ab,D:\INFANT CRY\data_set_dbl_split\train\tired\4051_M_owh.wav,tired/4051_M_owh.wav,baby,5,infantcry_dbl,infant_sha256:abe1daa0601bbebc19f8468b67e6186f28becbdbadb1b01cc6b92babb69ba422,exact_content_sha256,abe1daa0601bbebc19f8468b67e6186f28becbdbadb1b01cc6b92babb69ba422,StratifiedGroupKFold,42
rec_5f68d74ee9d2e3363a5b,D:\INFANT CRY\data_set_dbl_split\train\tired\4204_M_owh.wav,tired/4204_M_owh.wav,baby,5,infantcry_dbl,infant_sha256:5bc61b7b0b4dd14d0db526e6f70717cd2e0909c37e09218c515ad29da8735c7a,exact_content_sha256,5bc61b7b0b4dd14d0db526e6f70717cd2e0909c37e09218c515ad29da8735c7a,StratifiedGroupKFold,42
rec_a42cda87dfad54e81af0,D:\INFANT CRY\data_set_dbl_split\train\tired\4209_M_owh.wav,tired/4209_M_owh.wav,baby,5,infantcry_dbl,infant_sha256:9f8c5408c21a1a04104ab488bc844078d15241cc6a62e815042c91db54538d4d,exact_content_sha256,9f8c5408c21a1a04104ab488bc844078d15241cc6a62e815042c91db54538d4d,StratifiedGroupKFold,42
rec_809cdb5395444ae140c5,D:\INFANT CRY\data_set_dbl_split\train\tired\4346_F_owh.wav,tired/4346_F_owh.wav,baby,5,infantcry_dbl,infant_sha256:7dd6a6d0a076ee4cf0afa73c9afefc3ac27f095ccdff1b56f3eedd40824a9e8a,exact_content_sha256,7dd6a6d0a076ee4cf0afa73c9afefc3ac27f095ccdff1b56f3eedd40824a9e8a,StratifiedGroupKFold,42
rec_80ec640800dee9264543,D:\INFANT CRY\data_set_dbl_split\train\tired\4353_M_owh.wav,tired/4353_M_owh.wav,baby,5,infantcry_dbl,infant_sha256:8f63e4d6faf0b462d69da829bf943a34294458e6cf49925b28baefd70e75ad96,exact_content_sha256,8f63e4d6faf0b462d69da829bf943a34294458e6cf49925b28baefd70e75ad96,StratifiedGroupKFold,42
rec_444061c4b1b3637ebd0f,D:\INFANT CRY\data_set_dbl_split\train\tired\4373_M_owh.wav,tired/4373_M_owh.wav,baby,5,infantcry_dbl,infant_sha256:c38014717fb5d3cb641bcb00830e0fe80f60ba258860dc82ec5ac71fca0d2359,exact_content_sha256,c38014717fb5d3cb641bcb00830e0fe80f60ba258860dc82ec5ac71fca0d2359,StratifiedGroupKFold,42
rec_7e95604e128c80eeb3c1,D:\INFANT CRY\data_set_dbl_split\train\tired\438_M_owh.wav,tired/438_M_owh.wav,baby,5,infantcry_dbl,infant_sha256:aca3a9ad5cce2747a5afb5a41af2a8791cf2277c638e3ff2725322dc8c357498,exact_content_sha256,aca3a9ad5cce2747a5afb5a41af2a8791cf2277c638e3ff2725322dc8c357498,StratifiedGroupKFold,42
rec_be39dd543fa1dc346bfd,D:\INFANT CRY\data_set_dbl_split\train\tired\4416_M_owh.wav,tired/4416_M_owh.wav,baby,5,infantcry_dbl,infant_sha256:42862b99bcac9a7b8a3843c0417a34a6aacca2745c8f248a93cc924f3dfba582,exact_content_sha256,42862b99bcac9a7b8a3843c0417a34a6aacca2745c8f248a93cc924f3dfba582,StratifiedGroupKFold,42
rec_594bbc1f38e295987e89,D:\INFANT CRY\data_set_dbl_split\train\tired\4417_M_owh.wav,tired/4417_M_owh.wav,baby,5,infantcry_dbl,infant_sha256:88bbf5ef0a3aadb0a592c56a0247ec67ca1f10e004a148b704403f66cd7d2a52,exact_content_sha256,88bbf5ef0a3aadb0a592c56a0247ec67ca1f10e004a148b704403f66cd7d2a52,StratifiedGroupKFold,42
rec_a04c546726669877e7f3,D:\INFANT CRY\data_set_dbl_split\train\tired\443_M_owh.wav,tired/443_M_owh.wav,baby,5,infantcry_dbl,infant_sha256:2b646292bcbbaec746f8a30fbc6a8c34607de632da5c8fcdc2c46bba215a8131,exact_content_sha256,2b646292bcbbaec746f8a30fbc6a8c34607de632da5c8fcdc2c46bba215a8131,StratifiedGroupKFold,42
rec_bda4e1bc8fb3cf2fe45e,D:\INFANT CRY\data_set_dbl_split\train\tired\4466_M_owh.wav,tired/4466_M_owh.wav,baby,5,infantcry_dbl,infant_sha256:796356523e729c1cafdd72c86df7ad9335b55817b3b9d59d2fbc8e6884243fa7,exact_content_sha256,796356523e729c1cafdd72c86df7ad9335b55817b3b9d59d2fbc8e6884243fa7,StratifiedGroupKFold,42
rec_8829cfa21961d0e77cab,D:\INFANT CRY\data_set_dbl_split\train\tired\4493_M_owh.wav,tired/4493_M_owh.wav,baby,5,infantcry_dbl,infant_sha256:43a4446753cfbee9bb66dcf860144629d5dd4ce4a95e3fe8971dab5577a965b1,exact_content_sha256,43a4446753cfbee9bb66dcf860144629d5dd4ce4a95e3fe8971dab5577a965b1,StratifiedGroupKFold,42
rec_ab02da40d78c096e65a5,D:\INFANT CRY\data_set_dbl_split\train\tired\4579_M_owh.wav,tired/4579_M_owh.wav,baby,5,infantcry_dbl,infant_sha256:4808021754c8d9fdb1caa26edfb5493e30580b898438974751609073db0f458d,exact_content_sha256,4808021754c8d9fdb1caa26edfb5493e30580b898438974751609073db0f458d,StratifiedGroupKFold,42
rec_b95e828869b8020bd53c,D:\INFANT CRY\data_set_dbl_split\train\tired\4584_M_owh.wav,tired/4584_M_owh.wav,baby,5,infantcry_dbl,infant_sha256:87ca9f79ec38ca0b6d95de729882a447d9d4765066af70151b300fd87cb201a5,exact_content_sha256,87ca9f79ec38ca0b6d95de729882a447d9d4765066af70151b300fd87cb201a5,StratifiedGroupKFold,42
rec_8a7ccc3333350595a5ec,D:\INFANT CRY\data_set_dbl_split\train\tired\4716_M_owh.wav,tired/4716_M_owh.wav,baby,5,infantcry_dbl,infant_sha256:8c22ab21381ed3b4a7e335b32857a4992ac22343a042edf95cdc56c958eceed9,exact_content_sha256,8c22ab21381ed3b4a7e335b32857a4992ac22343a042edf95cdc56c958eceed9,StratifiedGroupKFold,42
rec_d6daf89e3543d184f03f,D:\INFANT CRY\data_set_dbl_split\train\tired\4778_M_owh.wav,tired/4778_M_owh.wav,baby,5,infantcry_dbl,infant_sha256:a53ca83f65df06e2d01ac455624b90d64fbb6a49ad2cb626265c3cf8a359fcd9,exact_content_sha256,a53ca83f65df06e2d01ac455624b90d64fbb6a49ad2cb626265c3cf8a359fcd9,StratifiedGroupKFold,42
rec_7197b47f3c0e12057d60,D:\INFANT CRY\data_set_dbl_split\train\tired\4969_M_owh.wav,tired/4969_M_owh.wav,baby,5,infantcry_dbl,infant_sha256:2f5adfc09cfe2f1184fe167b9a97bdae0da382866f9e8bc7645eea7b9bd92588,exact_content_sha256,2f5adfc09cfe2f1184fe167b9a97bdae0da382866f9e8bc7645eea7b9bd92588,StratifiedGroupKFold,42
rec_b1faaccffc3ade33a6de,D:\INFANT CRY\data_set_dbl_split\train\tired\517_F_owh.wav,tired/517_F_owh.wav,baby,5,infantcry_dbl,infant_sha256:c79a43f303940c667182b92be021b17b5e2df3d6514d51cfe63ba25b1f160d13,exact_content_sha256,c79a43f303940c667182b92be021b17b5e2df3d6514d51cfe63ba25b1f160d13,StratifiedGroupKFold,42
rec_5d2c558a7bd0ecc10584,D:\INFANT CRY\data_set_dbl_split\train\tired\549_F_owh.wav,tired/549_F_owh.wav,baby,5,infantcry_dbl,infant_sha256:75e8e5b43aaaa7ef712da95eecefb01d0f60cc7f957a97678ccc1ac44b8cbe4d,exact_content_sha256,75e8e5b43aaaa7ef712da95eecefb01d0f60cc7f957a97678ccc1ac44b8cbe4d,StratifiedGroupKFold,42
rec_2b58e61cd1f7b6392733,D:\INFANT CRY\data_set_dbl_split\train\tired\565_M_owh.wav,tired/565_M_owh.wav,baby,5,infantcry_dbl,infant_sha256:8369ebc4d904e2a276e11444cfb69ddf225b68831028ba638532f6f1a746af32,exact_content_sha256,8369ebc4d904e2a276e11444cfb69ddf225b68831028ba638532f6f1a746af32,StratifiedGroupKFold,42
rec_4d2262592e6d64358eac,D:\INFANT CRY\data_set_dbl_split\train\tired\577_F_owh.wav,tired/577_F_owh.wav,baby,5,infantcry_dbl,infant_sha256:6982d8adb94e86bbaeeb6d79d95a9ec925d0a4fd8ff8ceddc67e87b8680c631a,exact_content_sha256,6982d8adb94e86bbaeeb6d79d95a9ec925d0a4fd8ff8ceddc67e87b8680c631a,StratifiedGroupKFold,42
rec_3dc51fbb1537ccb2f925,D:\INFANT CRY\data_set_dbl_split\train\tired\592_M_owh.wav,tired/592_M_owh.wav,baby,5,infantcry_dbl,infant_sha256:861957f854aa4ec7b07808d7d18d60c1e406254cd0c901e4de6fa3ab79682171,exact_content_sha256,861957f854aa4ec7b07808d7d18d60c1e406254cd0c901e4de6fa3ab79682171,StratifiedGroupKFold,42
rec_70f517087780892f3d8a,D:\INFANT CRY\data_set_dbl_split\train\tired\613_M_owh.wav,tired/613_M_owh.wav,baby,5,infantcry_dbl,infant_sha256:474128942c9ef3b8910b571b0079be74db3c431354c99cf9057b0aee03f33513,exact_content_sha256,474128942c9ef3b8910b571b0079be74db3c431354c99cf9057b0aee03f33513,StratifiedGroupKFold,42
rec_260456113c1d376bbc61,D:\INFANT CRY\data_set_dbl_split\train\tired\627_F_owh.wav,tired/627_F_owh.wav,baby,5,infantcry_dbl,infant_sha256:82c384ccc3466abebb85be31d404df7a25d1663c73498bb46263a7b08546c433,exact_content_sha256,82c384ccc3466abebb85be31d404df7a25d1663c73498bb46263a7b08546c433,StratifiedGroupKFold,42
rec_e8a9586413272e49c626,D:\INFANT CRY\data_set_dbl_split\train\tired\647_F_owh.wav,tired/647_F_owh.wav,baby,5,infantcry_dbl,infant_sha256:e87ed97f05407a47ecdf59cda1584809fb5639e604f23b341eb3a52a2b74c848,exact_content_sha256,e87ed97f05407a47ecdf59cda1584809fb5639e604f23b341eb3a52a2b74c848,StratifiedGroupKFold,42
rec_c65e5c85cd180a5054c4,D:\INFANT CRY\data_set_dbl_split\train\tired\689_F_owh.wav,tired/689_F_owh.wav,baby,5,infantcry_dbl,infant_sha256:1985024f773c668f76eac06ad8cb05766159ecd5ee1533b7ca3d87dcc056b010,exact_content_sha256,1985024f773c668f76eac06ad8cb05766159ecd5ee1533b7ca3d87dcc056b010,StratifiedGroupKFold,42
rec_2d1882eeef219aa098ff,D:\INFANT CRY\data_set_dbl_split\train\tired\726_M_owh.wav,tired/726_M_owh.wav,baby,5,infantcry_dbl,infant_sha256:01d4f475f496d6702ac267bb107a01882db3323ff2238e4be29a004201d133fa,exact_content_sha256,01d4f475f496d6702ac267bb107a01882db3323ff2238e4be29a004201d133fa,StratifiedGroupKFold,42
rec_84d2dc1b33b9549f9b1c,D:\INFANT CRY\data_set_dbl_split\train\tired\876_M_owh.wav,tired/876_M_owh.wav,baby,5,infantcry_dbl,infant_sha256:820434abaf129f4b56e7ab1af8aeb483ac4f5e6822c70c66641271d1aa4f5b4f,exact_content_sha256,820434abaf129f4b56e7ab1af8aeb483ac4f5e6822c70c66641271d1aa4f5b4f,StratifiedGroupKFold,42
rec_82edc1a471951b278042,D:\INFANT CRY\data_set_dbl_split\train\tired\880_M_owh.wav,tired/880_M_owh.wav,baby,5,infantcry_dbl,infant_sha256:e55f114c90e7dd4e27937a2502a057794ca24facec635b8ec852fecf2de3e266,exact_content_sha256,e55f114c90e7dd4e27937a2502a057794ca24facec635b8ec852fecf2de3e266,StratifiedGroupKFold,42
rec_220befadf709127c5056,D:\INFANT CRY\data_set_dbl_split\train\tired\889_M_owh.wav,tired/889_M_owh.wav,baby,5,infantcry_dbl,infant_sha256:4c214e7a30287da1fb948f5adc25c34b0d736c1cf2e44a3d4df7a8c42c472629,exact_content_sha256,4c214e7a30287da1fb948f5adc25c34b0d736c1cf2e44a3d4df7a8c42c472629,StratifiedGroupKFold,42
rec_a9729ce62273efa330d9,D:\INFANT CRY\data_set_dbl_split\train\tired\962_F_owh.wav,tired/962_F_owh.wav,baby,5,infantcry_dbl,infant_sha256:7e5a8eb42a8e092ff520d4b36b875b504444463549ceec6eb1961896c1904951,exact_content_sha256,7e5a8eb42a8e092ff520d4b36b875b504444463549ceec6eb1961896c1904951,StratifiedGroupKFold,42
rec_21e4eb802981d3244577,D:\INFANT CRY\data_set_dbl_split\train\tired\dunstan-owh_10.wav,tired/dunstan-owh_10.wav,baby,5,infantcry_dbl,infant_sha256:783123616cdb96cd8027bf4e630396e6d36b4e125d3cf07e2a12564d39d21ee0,exact_content_sha256,783123616cdb96cd8027bf4e630396e6d36b4e125d3cf07e2a12564d39d21ee0,StratifiedGroupKFold,42
rec_07e5db55d1ce35b3edde,D:\INFANT CRY\data_set_dbl_split\train\tired\dunstan-owh_22.wav,tired/dunstan-owh_22.wav,baby,5,infantcry_dbl,infant_sha256:9cdcaf3f0fb22cdd1453dec7eee912feb741055f3e43f2e24f288ad615855ef7,exact_content_sha256,9cdcaf3f0fb22cdd1453dec7eee912feb741055f3e43f2e24f288ad615855ef7,StratifiedGroupKFold,42
rec_e176af9e7c2419458609,D:\INFANT CRY\data_set_dbl_split\train\tired\dunstan-owh_69.wav,tired/dunstan-owh_69.wav,baby,5,infantcry_dbl,infant_sha256:fc0f059127148a8138f5db85d0e0a58e2f0abb61f0a96784fda948744ca05e70,exact_content_sha256,fc0f059127148a8138f5db85d0e0a58e2f0abb61f0a96784fda948744ca05e70,StratifiedGroupKFold,42
rec_5703f02997bb81f47cf1,D:\INFANT CRY\data_set_dbl_split\train\not_baby\1-103298-A-9.wav,not_baby/1-103298-A-9.wav,not_baby,5,esc50,esc50_source:103298,esc50_source_file,e75bd5e27e7d68b15bf17bc348d8cf4ab338e9089dc1a1564f2c434ce22db27c,StratifiedGroupKFold,42
rec_93d3d4943af415febd1d,D:\INFANT CRY\data_set_dbl_split\train\not_baby\1-115921-A-22.wav,not_baby/1-115921-A-22.wav,not_baby,5,esc50,esc50_source:115921,esc50_source_file,b87d30852b565dd2b7d5c33b6ef5d4bbaaf1c03235f98a85fde1d3ba70f1c027,StratifiedGroupKFold,42
rec_efe137109d9b61b45b68,D:\INFANT CRY\data_set_dbl_split\train\not_baby\1-116765-A-41.wav,not_baby/1-116765-A-41.wav,not_baby,5,esc50,esc50_source:116765,esc50_source_file,1199ff6d4f5040bf20f06a441276bcd6448b1e1de4f098ce3e47d856ee97ce33,StratifiedGroupKFold,42
rec_39d005ad3ea51833f4c7,D:\INFANT CRY\data_set_dbl_split\train\not_baby\1-118559-A-17.wav,not_baby/1-118559-A-17.wav,not_baby,5,esc50,esc50_source:118559,esc50_source_file,556d465ef6d44075c1c6f881202f001e088c20415e600be9a83714aa5d86ea07,StratifiedGroupKFold,42
rec_b2d06eb71f679f51831e,D:\INFANT CRY\data_set_dbl_split\train\not_baby\1-119125-A-45.wav,not_baby/1-119125-A-45.wav,not_baby,5,esc50,esc50_source:119125,esc50_source_file,d78fe04767546d49b741d9d7df6173152e06dcb4224d70f350c3cb73768f265d,StratifiedGroupKFold,42
rec_d11ee7c72d89ffd9c7cd,D:\INFANT CRY\data_set_dbl_split\train\not_baby\1-121951-A-8.wav,not_baby/1-121951-A-8.wav,not_baby,5,esc50,esc50_source:121951,esc50_source_file,03ed7b103e873f07713de2d9a17fd298eb19c204eaf54a9bfa955423c95a1a14,StratifiedGroupKFold,42
rec_452c28f4cb1f7012d046,D:\INFANT CRY\data_set_dbl_split\train\not_baby\1-15689-A-4.wav,not_baby/1-15689-A-4.wav,not_baby,5,esc50,esc50_source:15689,esc50_source_file,bdb124b7004b02ab8299f7d7389d15b5eb53e12002cff379d49dcdec4d8b1372,StratifiedGroupKFold,42
rec_62bc6a7d72405ea6e70d,D:\INFANT CRY\data_set_dbl_split\train\not_baby\1-15689-B-4.wav,not_baby/1-15689-B-4.wav,not_baby,5,esc50,esc50_source:15689,esc50_source_file,db7a1d190931f1101d533661852e3cdebaa2b89c4b743385b201391be7de003d,StratifiedGroupKFold,42
rec_2911126db3535570750e,D:\INFANT CRY\data_set_dbl_split\train\not_baby\1-16568-A-3.wav,not_baby/1-16568-A-3.wav,not_baby,5,esc50,esc50_source:16568,esc50_source_file,5fe40ae706ec97d016fd1d74407cde66bbfa033ffa4ebc26546c0dac341ffc8f,StratifiedGroupKFold,42
rec_20a6aec1b11121354f57,D:\INFANT CRY\data_set_dbl_split\train\not_baby\1-17150-A-12.wav,not_baby/1-17150-A-12.wav,not_baby,5,esc50,esc50_source:17150,esc50_source_file,3d278bc2034dfb83881491a8eec97de6f1239f0a5b8a7c02be46b5aab0a51609,StratifiedGroupKFold,42
rec_1813ac377c3df6cdd26d,D:\INFANT CRY\data_set_dbl_split\train\not_baby\1-17295-A-29.wav,not_baby/1-17295-A-29.wav,not_baby,5,esc50,esc50_source:17295,esc50_source_file,e601deb1b2033c14d36562eb79bb2dbda60fd8f337d8c5d0d810ea65f2ef7c2f,StratifiedGroupKFold,42
rec_d0545a92a159aa054d2b,D:\INFANT CRY\data_set_dbl_split\train\not_baby\1-17585-A-7.wav,not_baby/1-17585-A-7.wav,not_baby,5,esc50,esc50_source:17585,esc50_source_file,beb564e150ce6aab27740bb44445cc710695979362b43edea09c90552723b9ce,StratifiedGroupKFold,42
rec_49cc9c4ac38a423403d8,D:\INFANT CRY\data_set_dbl_split\train\not_baby\1-1791-A-26.wav,not_baby/1-1791-A-26.wav,not_baby,5,esc50,esc50_source:1791,esc50_source_file,dc6cd665f3d20eed6089d9593a2b776104d8671c57ce6c48e6be030c75a53643,StratifiedGroupKFold,42
rec_cd363672f68994a5d963,D:\INFANT CRY\data_set_dbl_split\train\not_baby\1-18074-A-6.wav,not_baby/1-18074-A-6.wav,not_baby,5,esc50,esc50_source:18074,esc50_source_file,26c99da1d62a3e93371e13ff1b5e29003e40e2bfdc9334f46672c1de232be243,StratifiedGroupKFold,42
rec_35b48f8cddade5c37520,D:\INFANT CRY\data_set_dbl_split\train\not_baby\1-18074-B-6.wav,not_baby/1-18074-B-6.wav,not_baby,5,esc50,esc50_source:18074,esc50_source_file,68c54aaccb36a91281ca689aaa8d4d888e7a53c571f4c00995a9f69b5ba1d333,StratifiedGroupKFold,42
rec_134bc7c7c01b8f68fc19,D:\INFANT CRY\data_set_dbl_split\train\not_baby\1-18527-A-44.wav,not_baby/1-18527-A-44.wav,not_baby,5,esc50,esc50_source:18527,esc50_source_file,83eb3e6065246fd87d1acbbe414aa5bfb7c2081a57c188713cdc017819ffc38f,StratifiedGroupKFold,42
rec_755e99a6c6361cbc64db,D:\INFANT CRY\data_set_dbl_split\train\not_baby\1-18527-B-44.wav,not_baby/1-18527-B-44.wav,not_baby,5,esc50,esc50_source:18527,esc50_source_file,40f0ab8a2fa68cbdf814f10fc8b2c26916b3dc54c1b0e719d4697ba58c0bdb81,StratifiedGroupKFold,42
rec_10ba05e69862fd5b9db9,D:\INFANT CRY\data_set_dbl_split\train\not_baby\1-18755-A-4.wav,not_baby/1-18755-A-4.wav,not_baby,5,esc50,esc50_source:18755,esc50_source_file,7fc23f0179e6ab9f9cd851e49c305e773ab5bbc944490b6b67eed30346635598,StratifiedGroupKFold,42
rec_0d9f6eb05ad66dd920c8,D:\INFANT CRY\data_set_dbl_split\train\not_baby\1-18755-B-4.wav,not_baby/1-18755-B-4.wav,not_baby,5,esc50,esc50_source:18755,esc50_source_file,3fadff6b71d7a5d8f96cd098218f55265fb07b9a618943e4a34d5e8b1ca7c6d9,StratifiedGroupKFold,42
rec_50a2b5489489755504d5,D:\INFANT CRY\data_set_dbl_split\train\not_baby\1-22882-A-44.wav,not_baby/1-22882-A-44.wav,not_baby,5,esc50,esc50_source:22882,esc50_source_file,b908257c714fdaa15dddfc814eb497397ada9bee501e8a5c9d6ec7adc325e2d0,StratifiedGroupKFold,42
rec_891321719c115403cbae,D:\INFANT CRY\data_set_dbl_split\train\not_baby\1-24074-A-43.wav,not_baby/1-24074-A-43.wav,not_baby,5,esc50,esc50_source:24074,esc50_source_file,ebdbc03e89c6a41c8ce1df7b12d4e2c4bb3f91345c43e7d75a1ed1357ff5f7e0,StratifiedGroupKFold,42
rec_ff039db246a0b7ae47f8,D:\INFANT CRY\data_set_dbl_split\train\not_baby\1-24076-A-43.wav,not_baby/1-24076-A-43.wav,not_baby,5,esc50,esc50_source:24076,esc50_source_file,723edafd5bda638184bab5038745b6cafc9c813440b236175074d4d42b142d94,StratifiedGroupKFold,42
rec_bbadaa80fbf66b050b46,D:\INFANT CRY\data_set_dbl_split\train\not_baby\1-24796-A-47.wav,not_baby/1-24796-A-47.wav,not_baby,5,esc50,esc50_source:24796,esc50_source_file,68937dd7e09efa68aa4afe588e933fd77fd60558c337c241f072e2cd99b5fe03,StratifiedGroupKFold,42
rec_42839f9d6bd598db81dd,D:\INFANT CRY\data_set_dbl_split\train\not_baby\1-26143-A-21.wav,not_baby/1-26143-A-21.wav,not_baby,5,esc50,esc50_source:26143,esc50_source_file,8e32762c8c48e5414dbecc2979833748cb838ba476bac75d2a512262ef842eb0,StratifiedGroupKFold,42
rec_9431249f46a316f8b6e3,D:\INFANT CRY\data_set_dbl_split\train\not_baby\1-26806-A-1.wav,not_baby/1-26806-A-1.wav,not_baby,5,esc50,esc50_source:26806,esc50_source_file,9021db2a8218814e1f90957a179589c7f3167fd1f235f58019890064e23ee5be,StratifiedGroupKFold,42
rec_aabb49982d6c6e02f428,D:\INFANT CRY\data_set_dbl_split\train\not_baby\1-27405-A-28.wav,not_baby/1-27405-A-28.wav,not_baby,5,esc50,esc50_source:27405,esc50_source_file,4f097ec29f8432366d7209aa324e9f2ce31189242c511f3d30cd2c356e2bdecb,StratifiedGroupKFold,42
rec_a66944339b8e7bff6b21,D:\INFANT CRY\data_set_dbl_split\train\not_baby\1-30039-A-26.wav,not_baby/1-30039-A-26.wav,not_baby,5,esc50,esc50_source:30039,esc50_source_file,dcb1b2c6686b090bf63775eb79a64d96c243987e6ae66cbb96a4a66610b37809,StratifiedGroupKFold,42
rec_f7e269e9e4179960f0cf,D:\INFANT CRY\data_set_dbl_split\train\not_baby\1-31251-A-6.wav,not_baby/1-31251-A-6.wav,not_baby,5,esc50,esc50_source:31251,esc50_source_file,f9dc446b4f6d7861943c079771506b917fd5dbd0867f5800c142ff767a449570,StratifiedGroupKFold,42
rec_7d6f274103d716e4e0c8,D:\INFANT CRY\data_set_dbl_split\train\not_baby\1-31251-B-6.wav,not_baby/1-31251-B-6.wav,not_baby,5,esc50,esc50_source:31251,esc50_source_file,2cdb1b3ab1a71bce3a64e48eff9167d63ef86001862f10c245689cf9a6254edd,StratifiedGroupKFold,42
rec_f4a4c164dbd3949446dc,D:\INFANT CRY\data_set_dbl_split\train\not_baby\1-31482-A-42.wav,not_baby/1-31482-A-42.wav,not_baby,5,esc50,esc50_source:31482,esc50_source_file,e4c640a001c2abe808389c90b90ba7084fb1922d58235e3ec95c18c4afb4ef5c,StratifiedGroupKFold,42
rec_ded5c267c467888ab66e,D:\INFANT CRY\data_set_dbl_split\train\not_baby\1-31482-B-42.wav,not_baby/1-31482-B-42.wav,not_baby,5,esc50,esc50_source:31482,esc50_source_file,2446a3eb69758de0ddde8962ab8966790a19960c71ab649cff52aae3d5d93a54,StratifiedGroupKFold,42
rec_77a6b5f9e75dfaf65ffc,D:\INFANT CRY\data_set_dbl_split\train\not_baby\1-34497-A-14.wav,not_baby/1-34497-A-14.wav,not_baby,5,esc50,esc50_source:34497,esc50_source_file,fcb9f579a65a189a2b0e35a38c6711eaad931aa208c8c43de0bf3ba15cf8380f,StratifiedGroupKFold,42
rec_d37823db0e35a837a684,D:\INFANT CRY\data_set_dbl_split\train\not_baby\1-36397-A-23.wav,not_baby/1-36397-A-23.wav,not_baby,5,esc50,esc50_source:36397,esc50_source_file,b40c720b4a29a77650cb16bec19dcfdb05d8329b1d47781f0feb1349132dc5ce,StratifiedGroupKFold,42
rec_28f8305fb3942c071697,D:\INFANT CRY\data_set_dbl_split\train\not_baby\1-39901-A-11.wav,not_baby/1-39901-A-11.wav,not_baby,5,esc50,esc50_source:39901,esc50_source_file,b1e33d5fe73bc31317fa9fa4e70d0fcaf761346f8a908c89cec50c6c23f41603,StratifiedGroupKFold,42
rec_f4cb71e0749df05339b8,D:\INFANT CRY\data_set_dbl_split\train\not_baby\1-39901-B-11.wav,not_baby/1-39901-B-11.wav,not_baby,5,esc50,esc50_source:39901,esc50_source_file,582d4c541bb4bdbc300ccbbaa52f120931a849b1616a4eb6135cf32c5ba8c517,StratifiedGroupKFold,42
rec_e83e034e7cd77ff4b80c,D:\INFANT CRY\data_set_dbl_split\train\not_baby\1-42139-A-38.wav,not_baby/1-42139-A-38.wav,not_baby,5,esc50,esc50_source:42139,esc50_source_file,169e283f52931f7de0c752e59a5b5149c96fc33ed7323031fe22392e1abab283,StratifiedGroupKFold,42
rec_9d866cdf810966f71124,D:\INFANT CRY\data_set_dbl_split\train\not_baby\1-45641-A-27.wav,not_baby/1-45641-A-27.wav,not_baby,5,esc50,esc50_source:45641,esc50_source_file,4dcf4d5f13b2a3c1e393a321769d0cf943ee8d8c6f8f13f2283861a1e7077a97,StratifiedGroupKFold,42
rec_369f9d1f01c0f9d582ea,D:\INFANT CRY\data_set_dbl_split\train\not_baby\1-46040-A-14.wav,not_baby/1-46040-A-14.wav,not_baby,5,esc50,esc50_source:46040,esc50_source_file,065fe905f87b0a21efaebb6cd88ecee9fe407eb72bad3b43c52d2e099d262d72,StratifiedGroupKFold,42
rec_cbe1140fb563948dc963,D:\INFANT CRY\data_set_dbl_split\train\not_baby\1-49098-A-35.wav,not_baby/1-49098-A-35.wav,not_baby,5,esc50,esc50_source:49098,esc50_source_file,14c76b96653f5a54cc7615b05bc2bd942f09dbfeb6096c6de6649306bbd0c820,StratifiedGroupKFold,42
rec_15012c26f44c90f9f62f,D:\INFANT CRY\data_set_dbl_split\train\not_baby\1-50625-A-17.wav,not_baby/1-50625-A-17.wav,not_baby,5,esc50,esc50_source:50625,esc50_source_file,267bc4a3836dfc673e404bd12d8655a1e00f01e07078cb9d404d2b82cbd3aa07,StratifiedGroupKFold,42
rec_ca45227415963b7cf3f2,D:\INFANT CRY\data_set_dbl_split\train\not_baby\1-51036-A-16.wav,not_baby/1-51036-A-16.wav,not_baby,5,esc50,esc50_source:51036,esc50_source_file,77aee0377d909fb77cd085ef1a1828c8aec3da8306e8ca7cf8c17f5c77ae3111,StratifiedGroupKFold,42
rec_27d555a11ae40747bf0d,D:\INFANT CRY\data_set_dbl_split\train\not_baby\1-51037-A-16.wav,not_baby/1-51037-A-16.wav,not_baby,5,esc50,esc50_source:51037,esc50_source_file,3609c5ef4959aab64c320e757d5d7d6aab49ab027ba9cf955de00874d16e8b23,StratifiedGroupKFold,42
rec_94fac7aff5acad31c509,D:\INFANT CRY\data_set_dbl_split\train\not_baby\1-52290-A-30.wav,not_baby/1-52290-A-30.wav,not_baby,5,esc50,esc50_source:52290,esc50_source_file,09082f42b1ee2bc467eab41e2251419eb29fbf0b8bb7ab72a4b04812641c5dc6,StratifiedGroupKFold,42
rec_35e89847b684778f954e,D:\INFANT CRY\data_set_dbl_split\train\not_baby\1-53663-A-24.wav,not_baby/1-53663-A-24.wav,not_baby,5,esc50,esc50_source:53663,esc50_source_file,325713c6d3370316b849ad7398d9a9c744e3a6a0ce31a7b5360c0d18c7a03b79,StratifiedGroupKFold,42
rec_2afb401895f99e3352e7,D:\INFANT CRY\data_set_dbl_split\train\not_baby\1-54065-A-45.wav,not_baby/1-54065-A-45.wav,not_baby,5,esc50,esc50_source:54065,esc50_source_file,db5b6aaa683dcc52b4868e3ad6799a1d2093228326283605aae671c0942fe9b1,StratifiedGroupKFold,42
rec_ce8e176740ca8d6518a9,D:\INFANT CRY\data_set_dbl_split\train\not_baby\1-54065-B-45.wav,not_baby/1-54065-B-45.wav,not_baby,5,esc50,esc50_source:54065,esc50_source_file,984af507babc3cfb1097b754cb49811b49d7da308060d3c7d63191c70768a59f,StratifiedGroupKFold,42
rec_740be63848ed21611d16,D:\INFANT CRY\data_set_dbl_split\train\not_baby\1-56233-A-9.wav,not_baby/1-56233-A-9.wav,not_baby,5,esc50,esc50_source:56233,esc50_source_file,9cb4e70950714136aac1809bd1eb73faff0359343b68969743420a771d2c33aa,StratifiedGroupKFold,42
rec_b6acf405be92b4ef8113,D:\INFANT CRY\data_set_dbl_split\train\not_baby\1-57795-A-8.wav,not_baby/1-57795-A-8.wav,not_baby,5,esc50,esc50_source:57795,esc50_source_file,3513598567597a06bd786b87e76f62ffbda3f66a90f838fd9567f8ac32e719f9,StratifiedGroupKFold,42
rec_cd4bc6aa4e10b00d1feb,D:\INFANT CRY\data_set_dbl_split\train\not_baby\1-58277-A-3.wav,not_baby/1-58277-A-3.wav,not_baby,5,esc50,esc50_source:58277,esc50_source_file,0b91b847564bf0092d4b61157949cfb3d8e3215be9a041e16aaca6b3c2a60e5c,StratifiedGroupKFold,42
rec_4a15a522e6c6844a3cc8,D:\INFANT CRY\data_set_dbl_split\train\not_baby\1-59324-A-21.wav,not_baby/1-59324-A-21.wav,not_baby,5,esc50,esc50_source:59324,esc50_source_file,fe73df75398008f02288e9b4dfeb267814e357d9290339e5cea3dfaf03fdce74,StratifiedGroupKFold,42
rec_17414c9aa36a1dd07389,D:\INFANT CRY\data_set_dbl_split\train\not_baby\1-61212-A-32.wav,not_baby/1-61212-A-32.wav,not_baby,5,esc50,esc50_source:61212,esc50_source_file,655cc6c53397673f39fb8f125124e65fafc87480e1d18cc53f78f4404464826d,StratifiedGroupKFold,42
rec_ff6bb3c3b65d4810be68,D:\INFANT CRY\data_set_dbl_split\train\not_baby\1-62509-A-45.wav,not_baby/1-62509-A-45.wav,not_baby,5,esc50,esc50_source:62509,esc50_source_file,03b1aeb6ccec6537abb404a569ec44c53d0f9eaada3f1d97f396293e9757cb24,StratifiedGroupKFold,42
rec_b062e176f67569bd34ab,D:\INFANT CRY\data_set_dbl_split\train\not_baby\1-62850-A-38.wav,not_baby/1-62850-A-38.wav,not_baby,5,esc50,esc50_source:62850,esc50_source_file,62077d3dbf18bb92558998085d84778a6dd7390574c3080ef7b600158f2fd984,StratifiedGroupKFold,42
rec_4d13543020977fed31b9,D:\INFANT CRY\data_set_dbl_split\train\not_baby\1-67230-A-29.wav,not_baby/1-67230-A-29.wav,not_baby,5,esc50,esc50_source:67230,esc50_source_file,64a7ed2f5f130f255796492ba4060fecc26c29c4724a193dae0f0761cbfbae15,StratifiedGroupKFold,42
rec_9c898f915343fddd874e,D:\INFANT CRY\data_set_dbl_split\train\not_baby\1-69422-A-3.wav,not_baby/1-69422-A-3.wav,not_baby,5,esc50,esc50_source:69422,esc50_source_file,eae2114202f30a4adca8bae5d583c93a9e203eaec6297d638c0155117635f48a,StratifiedGroupKFold,42
rec_5c592e293653bfa325f2,D:\INFANT CRY\data_set_dbl_split\train\not_baby\1-69641-A-3.wav,not_baby/1-69641-A-3.wav,not_baby,5,esc50,esc50_source:69641,esc50_source_file,c2d7151ff4839b24616dbc1d7b1ae6da4e336bce5e3ce6fc7292ce225ebd84ba,StratifiedGroupKFold,42
rec_8e7b7e982e243e9931ab,D:\INFANT CRY\data_set_dbl_split\train\not_baby\1-7456-A-13.wav,not_baby/1-7456-A-13.wav,not_baby,5,esc50,esc50_source:7456,esc50_source_file,e0d183004905b786e6e5e48aa9b6e0aa7630b4b4dfbaeae5da900c041b5e7408,StratifiedGroupKFold,42
rec_e68f5c1229ec5240bfef,D:\INFANT CRY\data_set_dbl_split\train\not_baby\1-76831-A-42.wav,not_baby/1-76831-A-42.wav,not_baby,5,esc50,esc50_source:76831,esc50_source_file,4b3084efd71e12121f459df54c21b24e4a4710f93dd4f1585d2c2d507b6ec365,StratifiedGroupKFold,42
rec_ab45e78d0b2652fc2446,D:\INFANT CRY\data_set_dbl_split\train\not_baby\1-76831-B-42.wav,not_baby/1-76831-B-42.wav,not_baby,5,esc50,esc50_source:76831,esc50_source_file,5e91fb8adabdc48483e968357f839d801e29054c7fdb1338f8781ececbd9e76c,StratifiedGroupKFold,42
rec_82165915150ccfb2f5cd,D:\INFANT CRY\data_set_dbl_split\train\not_baby\1-76831-C-42.wav,not_baby/1-76831-C-42.wav,not_baby,5,esc50,esc50_source:76831,esc50_source_file,bed7848fd5b111ba310961c15e6a89520f14f5f3207178035a0807f5f60ab841,StratifiedGroupKFold,42
rec_d430e9ed55ffb0e26ba1,D:\INFANT CRY\data_set_dbl_split\train\not_baby\1-76831-D-42.wav,not_baby/1-76831-D-42.wav,not_baby,5,esc50,esc50_source:76831,esc50_source_file,6e69b25168dae7ff0833fd132c37fe599ed98a946cf1e44d702444e06b9a1913,StratifiedGroupKFold,42
rec_cb8039f0c35900aa48e0,D:\INFANT CRY\data_set_dbl_split\train\not_baby\1-76831-E-42.wav,not_baby/1-76831-E-42.wav,not_baby,5,esc50,esc50_source:76831,esc50_source_file,d45df4c567ab2398c4fae35654266e74f92de5022d36944fef4c9f79d919288a,StratifiedGroupKFold,42
rec_cbee6320d198b4fb9d84,D:\INFANT CRY\data_set_dbl_split\train\not_baby\1-7973-A-7.wav,not_baby/1-7973-A-7.wav,not_baby,5,esc50,esc50_source:7973,esc50_source_file,889f613a74d03a8c299193ca8f37c4468a5b88229932ab2ba3fa0a725d8aabb9,StratifiedGroupKFold,42
rec_2e68e455b86fa5fe4073,D:\INFANT CRY\data_set_dbl_split\train\not_baby\1-81851-A-31.wav,not_baby/1-81851-A-31.wav,not_baby,5,esc50,esc50_source:81851,esc50_source_file,3e81a17a5c1b196b3ad300ad5eee300eddafa97f45edb9a38ca189767d647f04,StratifiedGroupKFold,42
rec_617821da8115bfd52d05,D:\INFANT CRY\data_set_dbl_split\train\not_baby\1-84704-A-39.wav,not_baby/1-84704-A-39.wav,not_baby,5,esc50,esc50_source:84704,esc50_source_file,c3e1abf0273f02b5f89e7d51cb890f3ad1575dc55fe1023650b0860b6f3abd15,StratifiedGroupKFold,42
rec_d6d9904dea722f1fd294,D:\INFANT CRY\data_set_dbl_split\train\not_baby\1-85909-A-29.wav,not_baby/1-85909-A-29.wav,not_baby,5,esc50,esc50_source:85909,esc50_source_file,6128b0f42a300545ea170ce6b60a62405a3d8195bcaab3fab69d3f9a7349c0d5,StratifiedGroupKFold,42
rec_58231b0e791684a57545,D:\INFANT CRY\data_set_dbl_split\train\not_baby\1-90797-A-15.wav,not_baby/1-90797-A-15.wav,not_baby,5,esc50,esc50_source:90797,esc50_source_file,53c31439d01c36f13c774287707bb6cb5fe24bdea15e213e4c49fcd88b78b584,StratifiedGroupKFold,42
rec_a3fb9a7583ddc5022b8c,D:\INFANT CRY\data_set_dbl_split\train\not_baby\1-97793-A-31.wav,not_baby/1-97793-A-31.wav,not_baby,5,esc50,esc50_source:97793,esc50_source_file,69ff69d3fde9ecbe8bf19145b9beea2c725a5d1f2c05be65c1ab572f898af441,StratifiedGroupKFold,42
rec_8161980d5397639ed1b3,D:\INFANT CRY\data_set_dbl_split\train\not_baby\1-9886-A-49.wav,not_baby/1-9886-A-49.wav,not_baby,5,esc50,esc50_source:9886,esc50_source_file,a58f08da432f03b8516219c3999628ddd92c77afba1af7df02afe1138cb8a779,StratifiedGroupKFold,42
rec_bc34b7b10d496f1d9faa,D:\INFANT CRY\data_set_dbl_split\train\not_baby\1-99958-A-31.wav,not_baby/1-99958-A-31.wav,not_baby,5,esc50,esc50_source:99958,esc50_source_file,35313326931272778942ebb3092c567370c7213a758c8342f8f2c8c6b1b08763,StratifiedGroupKFold,42
rec_324eb06b0fac5102aefb,D:\INFANT CRY\data_set_dbl_split\train\not_baby\2-103424-A-3.wav,not_baby/2-103424-A-3.wav,not_baby,5,esc50,esc50_source:103424,esc50_source_file,c68819bc481c1f5b9827406dad3d5d0d03ca8d5ff40fd2e4ac6b3b12224ef6a5,StratifiedGroupKFold,42
rec_aa287a281b2bc4c4c780,D:\INFANT CRY\data_set_dbl_split\train\not_baby\2-106019-A-13.wav,not_baby/2-106019-A-13.wav,not_baby,5,esc50,esc50_source:106019,esc50_source_file,8728828af8b276092646dd7d734502d6dae960aa2f4dc4a585e001645e03d41e,StratifiedGroupKFold,42
rec_d1cd5578dfa09a36b158,D:\INFANT CRY\data_set_dbl_split\train\not_baby\2-109316-A-32.wav,not_baby/2-109316-A-32.wav,not_baby,5,esc50,esc50_source:109316,esc50_source_file,29b85ff0c4551fff8893f1b70faee79f0de8edf383f15877cfdeedb4b9aeabce,StratifiedGroupKFold,42
rec_02d356a9eaf2940a138f,D:\INFANT CRY\data_set_dbl_split\train\not_baby\2-109374-A-16.wav,not_baby/2-109374-A-16.wav,not_baby,5,esc50,esc50_source:109374,esc50_source_file,a4aaa0c3473b7db30a3738ad432299d2360d2236bb5816c9c5cf1f0fa855f52d,StratifiedGroupKFold,42
rec_8ef9ac48eac0446becb8,D:\INFANT CRY\data_set_dbl_split\train\not_baby\2-117795-A-3.wav,not_baby/2-117795-A-3.wav,not_baby,5,esc50,esc50_source:117795,esc50_source_file,3fc4813da6aacad5956ab9a4943d0d80a2fb2e6e7a4139cb93fc083f187a15c6,StratifiedGroupKFold,42
rec_62fef342d5ee5e11e836,D:\INFANT CRY\data_set_dbl_split\train\not_baby\2-117795-B-3.wav,not_baby/2-117795-B-3.wav,not_baby,5,esc50,esc50_source:117795,esc50_source_file,8b645004ac1962dda7d5d34bd4bb9b404778518aa3a3baa797d87aef94c56e66,StratifiedGroupKFold,42
rec_42f1b623a44b2d80e9ae,D:\INFANT CRY\data_set_dbl_split\train\not_baby\2-120586-A-6.wav,not_baby/2-120586-A-6.wav,not_baby,5,esc50,esc50_source:120586,esc50_source_file,b077480a9b26ba20472e4c0263544c86a0af49351057072dde7bb2d483a054da,StratifiedGroupKFold,42
rec_6dd23e8dc5064563f2e7,D:\INFANT CRY\data_set_dbl_split\train\not_baby\2-122616-A-14.wav,not_baby/2-122616-A-14.wav,not_baby,5,esc50,esc50_source:122616,esc50_source_file,3007fb5df39d042addc2a73a2ddd16d246d2cda64fb7b95f9e9134d248cb7818,StratifiedGroupKFold,42
rec_f23e6da5c2346150e18f,D:\INFANT CRY\data_set_dbl_split\train\not_baby\2-125821-A-13.wav,not_baby/2-125821-A-13.wav,not_baby,5,esc50,esc50_source:125821,esc50_source_file,2befdc649b281a3a185b10240e83b70210bc262bf8cb2b0edcb443871a5f7077,StratifiedGroupKFold,42
rec_f359a6b3cbea16241d79,D:\INFANT CRY\data_set_dbl_split\train\not_baby\2-127108-A-38.wav,not_baby/2-127108-A-38.wav,not_baby,5,esc50,esc50_source:127108,esc50_source_file,23f4cb882b12e8da2ab06a9b8f2f58affb715007b1846d6a041b0717aeb04ec0,StratifiedGroupKFold,42
rec_127a8ea5e945ca8ecf01,D:\INFANT CRY\data_set_dbl_split\train\not_baby\2-131943-A-38.wav,not_baby/2-131943-A-38.wav,not_baby,5,esc50,esc50_source:131943,esc50_source_file,069b85098b561472e16a15929fd1774827a13e0373feae1dc07d0d70d791d581,StratifiedGroupKFold,42
rec_95f7e24042c3bcc06769,D:\INFANT CRY\data_set_dbl_split\train\not_baby\2-135860-A-49.wav,not_baby/2-135860-A-49.wav,not_baby,5,esc50,esc50_source:135860,esc50_source_file,d454aa30999e63581e2d8aa669742f1641bc34842b86e031cd94a22a23935f83,StratifiedGroupKFold,42
rec_674cf9a0ea2179bde844,D:\INFANT CRY\data_set_dbl_split\train\not_baby\2-137162-A-11.wav,not_baby/2-137162-A-11.wav,not_baby,5,esc50,esc50_source:137162,esc50_source_file,4d9d5bd94694230cc4d40e3c1e1bfc9a91228741fc516946852c0bb8dac6c2de,StratifiedGroupKFold,42
rec_5a1a395979777066356a,D:\INFANT CRY\data_set_dbl_split\train\not_baby\2-139749-A-15.wav,not_baby/2-139749-A-15.wav,not_baby,5,esc50,esc50_source:139749,esc50_source_file,d8304986e4b06f7640ac941182269370cac93ece7088f21a1bf3b4e4d75d87a9,StratifiedGroupKFold,42
rec_c047eb31dc3284a1a44c,D:\INFANT CRY\data_set_dbl_split\train\not_baby\2-140841-A-30.wav,not_baby/2-140841-A-30.wav,not_baby,5,esc50,esc50_source:140841,esc50_source_file,1641e186482eb7088b54b56bfe3a2c4526b00e7f4ec046dddea6effe945e7298,StratifiedGroupKFold,42
rec_a644051d52ce3c5746e7,D:\INFANT CRY\data_set_dbl_split\train\not_baby\2-141681-A-36.wav,not_baby/2-141681-A-36.wav,not_baby,5,esc50,esc50_source:141681,esc50_source_file,026fec8e7c4352de859263c9ddd2e1550b43c88508c34df8fb5b36ece4f11c1c,StratifiedGroupKFold,42
rec_257e37d3a467ff22abdf,D:\INFANT CRY\data_set_dbl_split\train\not_baby\2-141681-B-36.wav,not_baby/2-141681-B-36.wav,not_baby,5,esc50,esc50_source:141681,esc50_source_file,97ccb3466e1818cac37554b034ac7b3bf1d78662374bb17b161028577ca07785,StratifiedGroupKFold,42
rec_9394fdf34f90c0e9a854,D:\INFANT CRY\data_set_dbl_split\train\not_baby\2-153388-A-31.wav,not_baby/2-153388-A-31.wav,not_baby,5,esc50,esc50_source:153388,esc50_source_file,67d4d32fc18b8dd1bb43d0d828613eca7acf3391cb98b4854da17fa059b411c5,StratifiedGroupKFold,42
rec_9731c11fc42186acc7ac,D:\INFANT CRY\data_set_dbl_split\train\not_baby\2-173618-A-39.wav,not_baby/2-173618-A-39.wav,not_baby,5,esc50,esc50_source:173618,esc50_source_file,9170ecdc0903514ded47782447d6f0828d752ebc9765fa0cb257f869529dd830,StratifiedGroupKFold,42
rec_f0e47ed442c2509c6360,D:\INFANT CRY\data_set_dbl_split\train\not_baby\2-209474-A-25.wav,not_baby/2-209474-A-25.wav,not_baby,5,esc50,esc50_source:209474,esc50_source_file,36766921dd5baab292bd4238353f94e23304af6b3c0069b3d965f50a4fc7a754,StratifiedGroupKFold,42
rec_18854ce90285e27a072d,D:\INFANT CRY\data_set_dbl_split\train\not_baby\2-209476-A-25.wav,not_baby/2-209476-A-25.wav,not_baby,5,esc50,esc50_source:209476,esc50_source_file,5ca208aa08d66d304077f2a54a518f33e58c2d06c9dd34e5a7f51dc11429af96,StratifiedGroupKFold,42
rec_8f7c164cf40f22546705,D:\INFANT CRY\data_set_dbl_split\train\not_baby\2-262579-A-45.wav,not_baby/2-262579-A-45.wav,not_baby,5,esc50,esc50_source:262579,esc50_source_file,c4e18f7278701d60955aad71274e39f9b44f46a30cff56b64bdd74621133def6,StratifiedGroupKFold,42
rec_7fc883694fea7bb735d9,D:\INFANT CRY\data_set_dbl_split\train\not_baby\2-39945-A-19.wav,not_baby/2-39945-A-19.wav,not_baby,5,esc50,esc50_source:39945,esc50_source_file,6e9c5566161ac1dbc87720491cc92e70943ad44d5fd300767959fa4ef1371222,StratifiedGroupKFold,42
rec_aaee281a9406aff88e12,D:\INFANT CRY\data_set_dbl_split\train\not_baby\2-39945-B-19.wav,not_baby/2-39945-B-19.wav,not_baby,5,esc50,esc50_source:39945,esc50_source_file,03174476d22286aa7355abe0f4e45f4215da65ce108b2dd4669a9e141e3b501f,StratifiedGroupKFold,42
rec_4440d23531a963f987f6,D:\INFANT CRY\data_set_dbl_split\train\not_baby\2-39945-C-19.wav,not_baby/2-39945-C-19.wav,not_baby,5,esc50,esc50_source:39945,esc50_source_file,85890d5d3d1539a609581bbd1cec56521d842ef545071baafe17283cae94f944,StratifiedGroupKFold,42
rec_e484c237301067e539dc,D:\INFANT CRY\data_set_dbl_split\train\not_baby\2-54961-A-23.wav,not_baby/2-54961-A-23.wav,not_baby,5,esc50,esc50_source:54961,esc50_source_file,24b8f6d0546944665fac10e7f791a0eccfd069debfdfbe053fd03d44ec193598,StratifiedGroupKFold,42
rec_2fd37cdc7237ff79b7c3,D:\INFANT CRY\data_set_dbl_split\train\not_baby\2-60794-A-26.wav,not_baby/2-60794-A-26.wav,not_baby,5,esc50,esc50_source:60794,esc50_source_file,4e108347a69a7e5079b18a08626bbc7e5cd7f26896535e62f3c883b131b24d09,StratifiedGroupKFold,42
rec_dba71c5c6bb43564f4f5,D:\INFANT CRY\data_set_dbl_split\train\not_baby\2-65747-A-12.wav,not_baby/2-65747-A-12.wav,not_baby,5,esc50,esc50_source:65747,esc50_source_file,14a098365b21366eeec932f9cadfb368144fbd7d84e0066f81992afc3fac19a5,StratifiedGroupKFold,42
rec_564bb27a4ed893ddbd39,D:\INFANT CRY\data_set_dbl_split\train\not_baby\2-68391-A-41.wav,not_baby/2-68391-A-41.wav,not_baby,5,esc50,esc50_source:68391,esc50_source_file,fd9981a2adcd14a9b297e1bae44b268cfbbb9586a57219e1297c3fc470ec525b,StratifiedGroupKFold,42
rec_a9cff764d4f94a7c64b6,D:\INFANT CRY\data_set_dbl_split\train\not_baby\2-68391-B-41.wav,not_baby/2-68391-B-41.wav,not_baby,5,esc50,esc50_source:68391,esc50_source_file,7c098d4477e3ac8cbf8a66d4ff144ef3706526c159eb54ede68f6b39257db425,StratifiedGroupKFold,42
rec_ca22c9a396cfc52318dc,D:\INFANT CRY\data_set_dbl_split\train\not_baby\2-70052-A-42.wav,not_baby/2-70052-A-42.wav,not_baby,5,esc50,esc50_source:70052,esc50_source_file,012cf9bf49d8619a9c60cf0a606af4b0e32645d9220e9fa266865a858a906608,StratifiedGroupKFold,42
rec_e1261ea67c603ad57f7d,D:\INFANT CRY\data_set_dbl_split\train\not_baby\2-70052-B-42.wav,not_baby/2-70052-B-42.wav,not_baby,5,esc50,esc50_source:70052,esc50_source_file,65bf1c84e863a15e878f73c316d66df38872ec63462efc0989cf06538e01aa62,StratifiedGroupKFold,42
rec_de293af8239d61f76434,D:\INFANT CRY\data_set_dbl_split\train\not_baby\2-70936-A-42.wav,not_baby/2-70936-A-42.wav,not_baby,5,esc50,esc50_source:70936,esc50_source_file,187e6149565a5c95d350d672dfca2750e9471d6cad846ba5ddc998e7a3958f58,StratifiedGroupKFold,42
rec_e3c08913e3cd75b4943f,D:\INFANT CRY\data_set_dbl_split\train\not_baby\2-72677-A-18.wav,not_baby/2-72677-A-18.wav,not_baby,5,esc50,esc50_source:72677,esc50_source_file,61b98b5aaf6d11bdaea8a4359b0f7ba0b78581e615cb06c863c8681a5440f2e6,StratifiedGroupKFold,42
rec_c62cb438220b7ea7ab27,D:\INFANT CRY\data_set_dbl_split\train\not_baby\2-77347-A-46.wav,not_baby/2-77347-A-46.wav,not_baby,5,esc50,esc50_source:77347,esc50_source_file,e071e9a3fe23d98359303ba0a6e98531fd32060302988700de36798345b25de3,StratifiedGroupKFold,42
rec_2029d8cffc7aae6aa0de,D:\INFANT CRY\data_set_dbl_split\train\not_baby\2-79769-A-26.wav,not_baby/2-79769-A-26.wav,not_baby,5,esc50,esc50_source:79769,esc50_source_file,ad612364637a6a7f546b1e4c0fb3eaaa516bead72ebc60ada09081017770abf1,StratifiedGroupKFold,42
rec_f794b8bd967b068f7b6a,D:\INFANT CRY\data_set_dbl_split\train\not_baby\2-81190-A-34.wav,not_baby/2-81190-A-34.wav,not_baby,5,esc50,esc50_source:81190,esc50_source_file,718005c8bc4a9dac7c3919dc44cc9d56ebe7b0bdb120684130836c055abc65bb,StratifiedGroupKFold,42
rec_8efd6b681f489f6b1f19,D:\INFANT CRY\data_set_dbl_split\train\not_baby\2-82538-A-21.wav,not_baby/2-82538-A-21.wav,not_baby,5,esc50,esc50_source:82538,esc50_source_file,c6a37c234e9c3333de6fc9b16e93db76060e9eee9b1e989970a3cbc0bfc1cb5a,StratifiedGroupKFold,42
rec_d2ebda3f686560e1aac5,D:\INFANT CRY\data_set_dbl_split\train\not_baby\2-83667-A-34.wav,not_baby/2-83667-A-34.wav,not_baby,5,esc50,esc50_source:83667,esc50_source_file,98b2edf7f0ebea77309d84893e571ea89f33c9bc11b405f0eff13ab69c52780a,StratifiedGroupKFold,42
rec_9248e064069a9d52a556,D:\INFANT CRY\data_set_dbl_split\train\not_baby\2-85139-A-13.wav,not_baby/2-85139-A-13.wav,not_baby,5,esc50,esc50_source:85139,esc50_source_file,cdf2a5251de71ffc19f3f616eb96a78f27feb02122d0c760b38a0f92d11cda93,StratifiedGroupKFold,42
rec_bb12b331829256bfe26f,D:\INFANT CRY\data_set_dbl_split\train\not_baby\2-86160-A-27.wav,not_baby/2-86160-A-27.wav,not_baby,5,esc50,esc50_source:86160,esc50_source_file,88ffd9b7561903519b50b698ffa937471e6703db508e1b9c9bbaff23785ecf6d,StratifiedGroupKFold,42
rec_45b0c36605031e2aa72b,D:\INFANT CRY\data_set_dbl_split\train\not_baby\2-87795-A-24.wav,not_baby/2-87795-A-24.wav,not_baby,5,esc50,esc50_source:87795,esc50_source_file,de50b4e44c3f1f88f44e18a74250068b3ef86cf240e5f1f3196dc709b1802330,StratifiedGroupKFold,42
rec_5465fcac54d1b5b27852,D:\INFANT CRY\data_set_dbl_split\train\not_baby\2-92978-A-29.wav,not_baby/2-92978-A-29.wav,not_baby,5,esc50,esc50_source:92978,esc50_source_file,2ca2e35415d2dfc6d182569e0635e8ea1e7794516d6aabaa937ee4436d8b5e82,StratifiedGroupKFold,42
rec_01cfc9f02a78484100ae,D:\INFANT CRY\data_set_dbl_split\train\not_baby\2-94807-A-29.wav,not_baby/2-94807-A-29.wav,not_baby,5,esc50,esc50_source:94807,esc50_source_file,2f7e0457709815d1700365fff791404fc5662123daea670aa352c6af0ba64f6a,StratifiedGroupKFold,42
rec_a72f5553d82521161cfd,D:\INFANT CRY\data_set_dbl_split\train\not_baby\2-96654-A-47.wav,not_baby/2-96654-A-47.wav,not_baby,5,esc50,esc50_source:96654,esc50_source_file,8e8867c5ff5b9d339a0210a238421d717207ecc0c79f98968b37213a21828314,StratifiedGroupKFold,42
rec_f9f68c575f72875cd047,D:\INFANT CRY\data_set_dbl_split\train\not_baby\3-104958-A-12.wav,not_baby/3-104958-A-12.wav,not_baby,5,esc50,esc50_source:104958,esc50_source_file,d538428b1a51d450809757d169ba16f77c85721c267a46d29f5d538dfc846563,StratifiedGroupKFold,42
rec_08dbc476d593df4ed215,D:\INFANT CRY\data_set_dbl_split\train\not_baby\3-112356-A-18.wav,not_baby/3-112356-A-18.wav,not_baby,5,esc50,esc50_source:112356,esc50_source_file,e9da87fc9a74eb9eb634ec2179dc0ea12c5ee10724e34cbbccffee1af29afbe5,StratifiedGroupKFold,42
rec_0b795aa5a1ed636d7e01,D:\INFANT CRY\data_set_dbl_split\train\not_baby\3-112397-A-9.wav,not_baby/3-112397-A-9.wav,not_baby,5,esc50,esc50_source:112397,esc50_source_file,4e50aa38fbfc6c7dc673c60f3beadad56bf5d2a18d9e4bd041ff44c426c91e10,StratifiedGroupKFold,42
rec_61d38e1ca65c8a8a9448,D:\INFANT CRY\data_set_dbl_split\train\not_baby\3-117504-A-16.wav,not_baby/3-117504-A-16.wav,not_baby,5,esc50,esc50_source:117504,esc50_source_file,e8870d76a3bb29b43606231859c1b75ffc6dfaded319944028d122993470669e,StratifiedGroupKFold,42
rec_06d98a6c33faa0651f42,D:\INFANT CRY\data_set_dbl_split\train\not_baby\3-117504-B-16.wav,not_baby/3-117504-B-16.wav,not_baby,5,esc50,esc50_source:117504,esc50_source_file,c57afdb76acf9b99fa15282bca63f411c280a158e905c2619488aabbf53ef04e,StratifiedGroupKFold,42
rec_3ac4d3fa32ac4f625c77,D:\INFANT CRY\data_set_dbl_split\train\not_baby\3-118194-A-33.wav,not_baby/3-118194-A-33.wav,not_baby,5,esc50,esc50_source:118194,esc50_source_file,f1518ebbd0fbb0358b6251d149ee7f3d63f6ef106ec0b4091e2ead007d98e32e,StratifiedGroupKFold,42
rec_f6a946eafe3ca574d15f,D:\INFANT CRY\data_set_dbl_split\train\not_baby\3-123224-A-19.wav,not_baby/3-123224-A-19.wav,not_baby,5,esc50,esc50_source:123224,esc50_source_file,e14050de1c0176d92f3dc430bf8d71f41930226649bf355c5cb37b1db0ba25b5,StratifiedGroupKFold,42
rec_a2d07e7c588c720305a3,D:\INFANT CRY\data_set_dbl_split\train\not_baby\3-124925-A-9.wav,not_baby/3-124925-A-9.wav,not_baby,5,esc50,esc50_source:124925,esc50_source_file,e4f9aa624ee8c8ad38e52bd9dac78f64e5b7f1deb3fd9706817fc2f503e50b07,StratifiedGroupKFold,42
rec_921d8ebe0a02f30f9dfd,D:\INFANT CRY\data_set_dbl_split\train\not_baby\3-128160-A-44.wav,not_baby/3-128160-A-44.wav,not_baby,5,esc50,esc50_source:128160,esc50_source_file,fa2840c137e70481cf5e99d1ccc168033340fc0639eae052e8bf6e5b4bed0e3c,StratifiedGroupKFold,42
rec_5cfa7bf97d685ecd0289,D:\INFANT CRY\data_set_dbl_split\train\not_baby\3-130330-A-22.wav,not_baby/3-130330-A-22.wav,not_baby,5,esc50,esc50_source:130330,esc50_source_file,2b08bf04f38ce08b05f00ab62eeccb5b8dd1996020ade19a1e8e8505783340b5,StratifiedGroupKFold,42
rec_524d0848cd33bf821674,D:\INFANT CRY\data_set_dbl_split\train\not_baby\3-131943-A-37.wav,not_baby/3-131943-A-37.wav,not_baby,5,esc50,esc50_source:131943,esc50_source_file,1d12a9f29903f1d8c5ed2cfd86873a768724b818d38f418afd924327c428e539,StratifiedGroupKFold,42
rec_2c1017297f36ae8683b8,D:\INFANT CRY\data_set_dbl_split\train\not_baby\3-135469-A-35.wav,not_baby/3-135469-A-35.wav,not_baby,5,esc50,esc50_source:135469,esc50_source_file,bb1ff8796acc0e66158abc5dfb1c97d6046eaf10eba825258486ef67c5a65703,StratifiedGroupKFold,42
rec_7cb13d681ec71e3f8dae,D:\INFANT CRY\data_set_dbl_split\train\not_baby\3-136608-A-16.wav,not_baby/3-136608-A-16.wav,not_baby,5,esc50,esc50_source:136608,esc50_source_file,0fb13968566e14200c01ac1aa3f0f878f8e11ba806fb4d5e2b19d34eb4844cc8,StratifiedGroupKFold,42
rec_bdfdb1a61dafd82ce85f,D:\INFANT CRY\data_set_dbl_split\train\not_baby\3-138114-A-22.wav,not_baby/3-138114-A-22.wav,not_baby,5,esc50,esc50_source:138114,esc50_source_file,0dd59218eee6155a51d69b3f2a6d618550d55f56260bf12032b46dbdd3ca5d0b,StratifiedGroupKFold,42
rec_4a9951d62376fa5a7cff,D:\INFANT CRY\data_set_dbl_split\train\not_baby\3-142005-A-10.wav,not_baby/3-142005-A-10.wav,not_baby,5,esc50,esc50_source:142005,esc50_source_file,784441f1c74be9dc64ec77aa9628df5b4557711b5f1435286dff9ea9317f02e0,StratifiedGroupKFold,42
rec_702f7727c385eeb14d0e,D:\INFANT CRY\data_set_dbl_split\train\not_baby\3-142593-A-38.wav,not_baby/3-142593-A-38.wav,not_baby,5,esc50,esc50_source:142593,esc50_source_file,8eb0915dab65e09fd489c3ccac93e620892cb795abe4b16e7a103c5bbc92446b,StratifiedGroupKFold,42
rec_742392e01f58c3b253a8,D:\INFANT CRY\data_set_dbl_split\train\not_baby\3-144028-A-0.wav,not_baby/3-144028-A-0.wav,not_baby,5,esc50,esc50_source:144028,esc50_source_file,2828c40f81b8bdfded734b1ea057444f780d1ada4241a2dc2ab70c646f963b47,StratifiedGroupKFold,42
rec_424ecfe99e6f65a66903,D:\INFANT CRY\data_set_dbl_split\train\not_baby\3-146697-A-43.wav,not_baby/3-146697-A-43.wav,not_baby,5,esc50,esc50_source:146697,esc50_source_file,eecf11e6945781d89a689d5e691329935ca865a23827d4d57e79b6b84bd6b631,StratifiedGroupKFold,42
rec_cec17555f698cd1a7881,D:\INFANT CRY\data_set_dbl_split\train\not_baby\3-146873-A-24.wav,not_baby/3-146873-A-24.wav,not_baby,5,esc50,esc50_source:146873,esc50_source_file,47c4721ef5cbeec84a67c294b06e14aa7c8a3df3be685fa3ec12ae71ddddf3ce,StratifiedGroupKFold,42
rec_5107cd61007da9012c44,D:\INFANT CRY\data_set_dbl_split\train\not_baby\3-148932-A-34.wav,not_baby/3-148932-A-34.wav,not_baby,5,esc50,esc50_source:148932,esc50_source_file,8fe54b6705e8f910c96dea45cc1c49397ee5df5fb926e48ee159b10ed9e8f9f4,StratifiedGroupKFold,42
rec_b2f46509cd0f120c56a7,D:\INFANT CRY\data_set_dbl_split\train\not_baby\3-151269-A-35.wav,not_baby/3-151269-A-35.wav,not_baby,5,esc50,esc50_source:151269,esc50_source_file,a36007dc9716a76d7aedbd05afa4a99c72cacaccb442eccb2dda4cb74f3849db,StratifiedGroupKFold,42
rec_e01b72a06132a3f713f5,D:\INFANT CRY\data_set_dbl_split\train\not_baby\3-152912-A-26.wav,not_baby/3-152912-A-26.wav,not_baby,5,esc50,esc50_source:152912,esc50_source_file,64e6f858d87c27697ec95eb37e3137a71ad8b4ab4402ee98a33095a42003e1d0,StratifiedGroupKFold,42
rec_8f20b80e0bb9f840ac80,D:\INFANT CRY\data_set_dbl_split\train\not_baby\3-154758-A-44.wav,not_baby/3-154758-A-44.wav,not_baby,5,esc50,esc50_source:154758,esc50_source_file,ac4c00e6505ba0b7ce87bdc32580881e11d401d97d3d0a995a74933fa71983ba,StratifiedGroupKFold,42
rec_ca5d74694a4eeddd7394,D:\INFANT CRY\data_set_dbl_split\train\not_baby\3-155312-A-0.wav,not_baby/3-155312-A-0.wav,not_baby,5,esc50,esc50_source:155312,esc50_source_file,cd91728dada57b9083122f0991dad5de4010287f91847bca4ac828d6402080e4,StratifiedGroupKFold,42
rec_5b196ad07e14281a4dd0,D:\INFANT CRY\data_set_dbl_split\train\not_baby\3-155568-A-32.wav,not_baby/3-155568-A-32.wav,not_baby,5,esc50,esc50_source:155568,esc50_source_file,e7204b94b2ba3beebf31d92c3e9a27fde8129644669644746df9b76fda63d01f,StratifiedGroupKFold,42
rec_cbd178808bce3d71590b,D:\INFANT CRY\data_set_dbl_split\train\not_baby\3-155766-A-13.wav,not_baby/3-155766-A-13.wav,not_baby,5,esc50,esc50_source:155766,esc50_source_file,2095c94cb12f8deed814578138c71802c4c090106149aeee536cf2768a70b9c5,StratifiedGroupKFold,42
rec_e6aec1fccb3a8dc93519,D:\INFANT CRY\data_set_dbl_split\train\not_baby\3-156393-A-35.wav,not_baby/3-156393-A-35.wav,not_baby,5,esc50,esc50_source:156393,esc50_source_file,1c1149941acbdc9c7b6b0b9d55786a801184c95f572bf13fb5a6eac05fd0a71e,StratifiedGroupKFold,42
rec_faa670c72b2560887b96,D:\INFANT CRY\data_set_dbl_split\train\not_baby\3-156581-A-14.wav,not_baby/3-156581-A-14.wav,not_baby,5,esc50,esc50_source:156581,esc50_source_file,84dcba1ac7493f9b72a7507d92a81b5e8ef680f7f685ba2b7652b0286cefb496,StratifiedGroupKFold,42
rec_ea5a320826769a5394f7,D:\INFANT CRY\data_set_dbl_split\train\not_baby\3-156581-B-14.wav,not_baby/3-156581-B-14.wav,not_baby,5,esc50,esc50_source:156581,esc50_source_file,4b12f5ad0034beaac805ebeab9f1fe24e5ca94283deddadf18559481c19b638f,StratifiedGroupKFold,42
rec_9c008f4687459a0eaf88,D:\INFANT CRY\data_set_dbl_split\train\not_baby\3-158056-A-31.wav,not_baby/3-158056-A-31.wav,not_baby,5,esc50,esc50_source:158056,esc50_source_file,7e304e8eb910c86f54b749b0421072070eefef7b9b53ccd191b8cbba081ea3a4,StratifiedGroupKFold,42
rec_3928f66985c773466758,D:\INFANT CRY\data_set_dbl_split\train\not_baby\3-158056-B-31.wav,not_baby/3-158056-B-31.wav,not_baby,5,esc50,esc50_source:158056,esc50_source_file,e887201b5ddc9bc7c3ae7eaf6a6a751410c310425b18c92f24882355ce55b55e,StratifiedGroupKFold,42
rec_7d3e42eb2282fbab765d,D:\INFANT CRY\data_set_dbl_split\train\not_baby\3-160993-A-3.wav,not_baby/3-160993-A-3.wav,not_baby,5,esc50,esc50_source:160993,esc50_source_file,61ef8f7b6e36aa50fe8e1e10c5d1c4867e7c185e85e2385a71e9090e4801cdbe,StratifiedGroupKFold,42
rec_cf453d067e7d718e3376,D:\INFANT CRY\data_set_dbl_split\train\not_baby\3-163288-A-1.wav,not_baby/3-163288-A-1.wav,not_baby,5,esc50,esc50_source:163288,esc50_source_file,941201c0fc36b34f7b84ed0b89342c7d8a66576a526c68d4992265f4b81646fe,StratifiedGroupKFold,42
rec_8f45115492a92d1d110d,D:\INFANT CRY\data_set_dbl_split\train\not_baby\3-163727-A-3.wav,not_baby/3-163727-A-3.wav,not_baby,5,esc50,esc50_source:163727,esc50_source_file,ac4eeb35319ea2a640ab0469b885ce770d28ce28b26dddbea5c3b8aa6c096496,StratifiedGroupKFold,42
rec_54b636671f7dc8136781,D:\INFANT CRY\data_set_dbl_split\train\not_baby\3-164595-A-15.wav,not_baby/3-164595-A-15.wav,not_baby,5,esc50,esc50_source:164595,esc50_source_file,20079e9c34ffa6a0d6f6474c1a77c79e7e1ccb3cf982f47fc1105a2684f5a1d6,StratifiedGroupKFold,42
rec_b470af92d9f74bfa0dfd,D:\INFANT CRY\data_set_dbl_split\train\not_baby\3-166326-A-15.wav,not_baby/3-166326-A-15.wav,not_baby,5,esc50,esc50_source:166326,esc50_source_file,e3c2b5d946738990d8f43dcf6de4beae730a282f8acb5c322a058ec234c1e241,StratifiedGroupKFold,42
rec_0ae9f03bf815e9c14861,D:\INFANT CRY\data_set_dbl_split\train\not_baby\3-167096-A-31.wav,not_baby/3-167096-A-31.wav,not_baby,5,esc50,esc50_source:167096,esc50_source_file,ab9abfe0b66ce97625d6fef46249d67fcfab1c5c67dd9a5e81cd719e14d78def,StratifiedGroupKFold,42
rec_e5b8ee258c3acda3f1ef,D:\INFANT CRY\data_set_dbl_split\train\not_baby\3-169907-A-29.wav,not_baby/3-169907-A-29.wav,not_baby,5,esc50,esc50_source:169907,esc50_source_file,86aff7a887fc450007c26a3fa4cbe342b452a1b592b04121c277821272aa75ee,StratifiedGroupKFold,42
rec_f5fbe61fbe2bad35d9a1,D:\INFANT CRY\data_set_dbl_split\train\not_baby\3-170312-A-31.wav,not_baby/3-170312-A-31.wav,not_baby,5,esc50,esc50_source:170312,esc50_source_file,dcd791e1cc5390daa7b9a1019b6a150e81ad6fd8d32c4991311304112204e534,StratifiedGroupKFold,42
rec_dbe7ee0ae892aa3c42b8,D:\INFANT CRY\data_set_dbl_split\train\not_baby\3-170383-A-38.wav,not_baby/3-170383-A-38.wav,not_baby,5,esc50,esc50_source:170383,esc50_source_file,04e08776e964a521d01760abfced1577572fc873f43a93a0039f41dcf61f9e68,StratifiedGroupKFold,42
rec_1b3c91c70e9a44b0a31e,D:\INFANT CRY\data_set_dbl_split\train\not_baby\3-180147-A-30.wav,not_baby/3-180147-A-30.wav,not_baby,5,esc50,esc50_source:180147,esc50_source_file,ce82be45dfc494abcefd7c0337d883d2ded12775dff29acc4de0b9a44b9a76e2,StratifiedGroupKFold,42
rec_73f8b85df287c86404f5,D:\INFANT CRY\data_set_dbl_split\train\not_baby\3-181278-A-22.wav,not_baby/3-181278-A-22.wav,not_baby,5,esc50,esc50_source:181278,esc50_source_file,97e2141a16f5144c1e9959f9e8783017f60c1f8b7d034d6f2a152ebfc0929ad5,StratifiedGroupKFold,42
rec_a43adbfe023e2bb0c30b,D:\INFANT CRY\data_set_dbl_split\train\not_baby\3-182710-A-35.wav,not_baby/3-182710-A-35.wav,not_baby,5,esc50,esc50_source:182710,esc50_source_file,732e1123c1e2979c81990e2c239c51cac79cbbf969e46d8f675b94c147205af3,StratifiedGroupKFold,42
rec_5b3771d40eafda369135,D:\INFANT CRY\data_set_dbl_split\train\not_baby\3-182710-B-35.wav,not_baby/3-182710-B-35.wav,not_baby,5,esc50,esc50_source:182710,esc50_source_file,5dc009b9150c3e6ae02f126869df204e486116739d468c7983e37f56f8a18fb5,StratifiedGroupKFold,42
rec_5250464f1affd6402394,D:\INFANT CRY\data_set_dbl_split\train\not_baby\3-187549-A-6.wav,not_baby/3-187549-A-6.wav,not_baby,5,esc50,esc50_source:187549,esc50_source_file,55c86d138a66780f2e65b0d6410290427506bfa0c7e111a3cd5c052965c70ece,StratifiedGroupKFold,42
rec_a029013bfe6b20a3afde,D:\INFANT CRY\data_set_dbl_split\train\not_baby\3-187549-B-6.wav,not_baby/3-187549-B-6.wav,not_baby,5,esc50,esc50_source:187549,esc50_source_file,5a3a7708ff143c1bdc54fe7a8becd0324cd047da4a6421c74692efe32cccb097,StratifiedGroupKFold,42
rec_944e423e6fb108e4e304,D:\INFANT CRY\data_set_dbl_split\train\not_baby\3-216280-A-39.wav,not_baby/3-216280-A-39.wav,not_baby,5,esc50,esc50_source:216280,esc50_source_file,2ff2076e898eb818ee6ce5edb615126500b72f6c2fb525ea6bd411d73f8ca580,StratifiedGroupKFold,42
rec_260a7ca2f5c748111c51,D:\INFANT CRY\data_set_dbl_split\train\not_baby\3-87936-A-46.wav,not_baby/3-87936-A-46.wav,not_baby,5,esc50,esc50_source:87936,esc50_source_file,a6b64ebbceb2f946ab37609967aedaf8d66a5299f270071a5afff4e220eb01c3,StratifiedGroupKFold,42
rec_b73a4ff97bca39c5fd7a,D:\INFANT CRY\data_set_dbl_split\train\not_baby\3-87936-B-46.wav,not_baby/3-87936-B-46.wav,not_baby,5,esc50,esc50_source:87936,esc50_source_file,e40a1b2be44ddf458085cb46a1f504646b5190916924efc0d4ddfa808a7ada5a,StratifiedGroupKFold,42
rec_8ae3362b60e1b35b8fb2,D:\INFANT CRY\data_set_dbl_split\train\not_baby\3-95697-A-5.wav,not_baby/3-95697-A-5.wav,not_baby,5,esc50,esc50_source:95697,esc50_source_file,25581b29392dcaffe667101bab712e16a1422e7c98a410c1dd59934b8d175b86,StratifiedGroupKFold,42
rec_5f5a69b267366afe7ed0,D:\INFANT CRY\data_set_dbl_split\train\not_baby\3-98771-A-18.wav,not_baby/3-98771-A-18.wav,not_baby,5,esc50,esc50_source:98771,esc50_source_file,61aa0f50125b1dc08fe84fae0f5dc0a4af8abcf9ec4b8e8d0abf3c69df2de936,StratifiedGroupKFold,42
rec_7660c8dddfd5f5aff244,D:\INFANT CRY\data_set_dbl_split\train\not_baby\4-102844-A-49.wav,not_baby/4-102844-A-49.wav,not_baby,5,esc50,esc50_source:102844,esc50_source_file,88b8095737537853469f06c3d920fe29b91588e48e5bd687f6938cf1bbb3b438,StratifiedGroupKFold,42
rec_bc4d94f2d88ab0a6dce2,D:\INFANT CRY\data_set_dbl_split\train\not_baby\4-102844-B-49.wav,not_baby/4-102844-B-49.wav,not_baby,5,esc50,esc50_source:102844,esc50_source_file,10790b1820fcae676e76a7c54f6d8378cecdb5087bd60fa49e021b7df920c89d,StratifiedGroupKFold,42
rec_9e3887e959ce8dd05475,D:\INFANT CRY\data_set_dbl_split\train\not_baby\4-102844-C-49.wav,not_baby/4-102844-C-49.wav,not_baby,5,esc50,esc50_source:102844,esc50_source_file,676a4d2124e14890136ad1cf24a3c02948c153e0bd731b4d1fb99741a9498fc2,StratifiedGroupKFold,42
rec_e551e3890d723eddad6a,D:\INFANT CRY\data_set_dbl_split\train\not_baby\4-107122-A-33.wav,not_baby/4-107122-A-33.wav,not_baby,5,esc50,esc50_source:107122,esc50_source_file,ca294352bbd5fc37524ae1ffeeb43394e8d6b2fa048e55b611396bccee2e37da,StratifiedGroupKFold,42
rec_319f042124ef562d80cc,D:\INFANT CRY\data_set_dbl_split\train\not_baby\4-108352-A-33.wav,not_baby/4-108352-A-33.wav,not_baby,5,esc50,esc50_source:108352,esc50_source_file,d5c4e651d1bb6e02ce60b403818965a077903903b822884573d8eff0f2198e02,StratifiedGroupKFold,42
rec_ae0d4b93c897f536a6ac,D:\INFANT CRY\data_set_dbl_split\train\not_baby\4-119720-A-18.wav,not_baby/4-119720-A-18.wav,not_baby,5,esc50,esc50_source:119720,esc50_source_file,7ba566572f51a9c851f4853bc6206efa6483262af6b99f7e7f90f83dc05800f8,StratifiedGroupKFold,42
rec_bc5de0858e15b9c7ad81,D:\INFANT CRY\data_set_dbl_split\train\not_baby\4-125071-A-19.wav,not_baby/4-125071-A-19.wav,not_baby,5,esc50,esc50_source:125071,esc50_source_file,fe38b9a2a0f8ab43fd39cc1dc396218ffb42dfe9ee1e948db37ba036303adcff,StratifiedGroupKFold,42
rec_252794b8e0bbf46e7b85,D:\INFANT CRY\data_set_dbl_split\train\not_baby\4-132803-A-26.wav,not_baby/4-132803-A-26.wav,not_baby,5,esc50,esc50_source:132803,esc50_source_file,de5e596027c88e0e27334e4dfeb024238bc0b6028dba0f96c764017e534e8233,StratifiedGroupKFold,42
rec_6a78528364488a4515fa,D:\INFANT CRY\data_set_dbl_split\train\not_baby\4-133895-A-7.wav,not_baby/4-133895-A-7.wav,not_baby,5,esc50,esc50_source:133895,esc50_source_file,e1d8ea898754bb96ef68854e8f37452019e3fad05a36fe349c4042eec4d25824,StratifiedGroupKFold,42
rec_1dccb5e6730776079fdd,D:\INFANT CRY\data_set_dbl_split\train\not_baby\4-144083-A-16.wav,not_baby/4-144083-A-16.wav,not_baby,5,esc50,esc50_source:144083,esc50_source_file,a0b0bbb04a05542784cc031b2f806605d47f469c49576d8b903cebf9cc58f4b7,StratifiedGroupKFold,42
rec_b49d9d9bbd8c7925e10a,D:\INFANT CRY\data_set_dbl_split\train\not_baby\4-144083-B-16.wav,not_baby/4-144083-B-16.wav,not_baby,5,esc50,esc50_source:144083,esc50_source_file,6295c5592ebaa83de1109be26a2473912d15565d5594abb24784b89cb17d29ae,StratifiedGroupKFold,42
rec_adb7da0c595f4623066d,D:\INFANT CRY\data_set_dbl_split\train\not_baby\4-144083-C-16.wav,not_baby/4-144083-C-16.wav,not_baby,5,esc50,esc50_source:144083,esc50_source_file,942008e68f61223b0888964844bed818bd22288cc0fbb993720d6cb641b08f3d,StratifiedGroupKFold,42
rec_8901ead10aaa7832a540,D:\INFANT CRY\data_set_dbl_split\train\not_baby\4-145006-A-18.wav,not_baby/4-145006-A-18.wav,not_baby,5,esc50,esc50_source:145006,esc50_source_file,44fe13225fe186090e57c8aa7b9638186143d400b32edabda7e92ea6dc3284d6,StratifiedGroupKFold,42
rec_e2cc6122f2b17b14f2f6,D:\INFANT CRY\data_set_dbl_split\train\not_baby\4-145081-A-9.wav,not_baby/4-145081-A-9.wav,not_baby,5,esc50,esc50_source:145081,esc50_source_file,f293cc3984efb08c7eba9bda229cf1dacb2042fbec1fa615fa9c717532b0724b,StratifiedGroupKFold,42
rec_07e5c16d9c69990e641e,D:\INFANT CRY\data_set_dbl_split\train\not_baby\4-150364-A-46.wav,not_baby/4-150364-A-46.wav,not_baby,5,esc50,esc50_source:150364,esc50_source_file,ebb611528a40fda78511be8673d194a5c8e1127b924bbe540c5e30044ff8758b,StratifiedGroupKFold,42
rec_52b4c6a3ce74d27f49c3,D:\INFANT CRY\data_set_dbl_split\train\not_baby\4-150364-B-46.wav,not_baby/4-150364-B-46.wav,not_baby,5,esc50,esc50_source:150364,esc50_source_file,ecb38a815e3f00f37614cae9830d7c27e2f3f2c829bc5cead31b1406c84c444d,StratifiedGroupKFold,42
rec_797cc4ddf85dd13b63a1,D:\INFANT CRY\data_set_dbl_split\train\not_baby\4-157297-A-21.wav,not_baby/4-157297-A-21.wav,not_baby,5,esc50,esc50_source:157297,esc50_source_file,81500a8a8c1c56a714db75c93abb4a040a8e0bdd07ee920076a32c715452bc89,StratifiedGroupKFold,42
rec_7baf2d47a6e96b4fe7f1,D:\INFANT CRY\data_set_dbl_split\train\not_baby\4-159609-A-14.wav,not_baby/4-159609-A-14.wav,not_baby,5,esc50,esc50_source:159609,esc50_source_file,186ec9ba8f6288e2b37a3642287a7b2f06add4357adb91ad84b8c1495aa9cd42,StratifiedGroupKFold,42
rec_076b191e9c7bf26a027c,D:\INFANT CRY\data_set_dbl_split\train\not_baby\4-159609-B-14.wav,not_baby/4-159609-B-14.wav,not_baby,5,esc50,esc50_source:159609,esc50_source_file,0f00302ed01916e1a1c0ed885aae5c96fc4dac3a65cc31a920b3292de016e13f,StratifiedGroupKFold,42
rec_de9ab45552925bf2e2f8,D:\INFANT CRY\data_set_dbl_split\train\not_baby\4-161303-A-5.wav,not_baby/4-161303-A-5.wav,not_baby,5,esc50,esc50_source:161303,esc50_source_file,008f3f30c0cef1c9feff71e909cce6feabbdb6ebb13a60bba9987eba92e33c5f,StratifiedGroupKFold,42
rec_b8e509590191124f71c3,D:\INFANT CRY\data_set_dbl_split\train\not_baby\4-161303-B-5.wav,not_baby/4-161303-B-5.wav,not_baby,5,esc50,esc50_source:161303,esc50_source_file,18e48baaa25d22679917e19d7a46093f22aaeafdf9ed972ca2d068050b404da2,StratifiedGroupKFold,42
rec_92910d7fa36fdb3795e1,D:\INFANT CRY\data_set_dbl_split\train\not_baby\4-171823-A-13.wav,not_baby/4-171823-A-13.wav,not_baby,5,esc50,esc50_source:171823,esc50_source_file,28e90df696050c77041c2d97c0d7f495440afbe7ed34cf20b9b1969ab1524371,StratifiedGroupKFold,42
rec_b10b73eb518e1bc12d09,D:\INFANT CRY\data_set_dbl_split\train\not_baby\4-172143-A-13.wav,not_baby/4-172143-A-13.wav,not_baby,5,esc50,esc50_source:172143,esc50_source_file,e9ec71eea53a6052543935b88392f030d32a27534687482ef77adf54ce3ed43c,StratifiedGroupKFold,42
rec_2f6f15d0173680ab09ec,D:\INFANT CRY\data_set_dbl_split\train\not_baby\4-172180-A-32.wav,not_baby/4-172180-A-32.wav,not_baby,5,esc50,esc50_source:172180,esc50_source_file,38cb4fdd3c362dddfec350f850a246b3289ae59f9d41ad7ddcd23a069232353c,StratifiedGroupKFold,42
rec_d4b4e52fc73e0dcce49b,D:\INFANT CRY\data_set_dbl_split\train\not_baby\4-172734-A-36.wav,not_baby/4-172734-A-36.wav,not_baby,5,esc50,esc50_source:172734,esc50_source_file,011ed0542de4d6069f22eb60442db8247126bc1eb0681e39cb85f25b6ba6c301,StratifiedGroupKFold,42
rec_4892354430a466094061,D:\INFANT CRY\data_set_dbl_split\train\not_baby\4-172742-A-32.wav,not_baby/4-172742-A-32.wav,not_baby,5,esc50,esc50_source:172742,esc50_source_file,6107e92023ebe6a8cc7514ed3a4721a10a319f8162a8a6be255cf46c4851ac8e,StratifiedGroupKFold,42
rec_7b246b8a43d75c97468b,D:\INFANT CRY\data_set_dbl_split\train\not_baby\4-175856-A-43.wav,not_baby/4-175856-A-43.wav,not_baby,5,esc50,esc50_source:175856,esc50_source_file,2ef0a166b66435ecd822f654692dc8e128835fb438bc8a5b061502271176e3d2,StratifiedGroupKFold,42
rec_74baaa6a6c34c29a69ca,D:\INFANT CRY\data_set_dbl_split\train\not_baby\4-177243-A-32.wav,not_baby/4-177243-A-32.wav,not_baby,5,esc50,esc50_source:177243,esc50_source_file,e2163c61a24be93d31a3e6b1c87191f87eb0d7cebda85b110b7f2a115f0b86fa,StratifiedGroupKFold,42
rec_2ceafe22b395b60cd297,D:\INFANT CRY\data_set_dbl_split\train\not_baby\4-178881-A-45.wav,not_baby/4-178881-A-45.wav,not_baby,5,esc50,esc50_source:178881,esc50_source_file,f9c68f75599c22c1ec196d1754081cb8df5535234b4ee40f414452e59f48f2b1,StratifiedGroupKFold,42
rec_99395e5b5cee0279994b,D:\INFANT CRY\data_set_dbl_split\train\not_baby\4-181865-A-38.wav,not_baby/4-181865-A-38.wav,not_baby,5,esc50,esc50_source:181865,esc50_source_file,0321714c36d8186de7b7089f372b853d76ffdd68f84c42872adb8ea3ba6c8f61,StratifiedGroupKFold,42
rec_096727b166bcd38ad9db,D:\INFANT CRY\data_set_dbl_split\train\not_baby\4-182034-A-30.wav,not_baby/4-182034-A-30.wav,not_baby,5,esc50,esc50_source:182034,esc50_source_file,8548390103bfa9097087ea552b42e6b493697f9fbe0b9d78a1aefdbf8b18219f,StratifiedGroupKFold,42
rec_3d078b218f4a744535d1,D:\INFANT CRY\data_set_dbl_split\train\not_baby\4-182368-A-12.wav,not_baby/4-182368-A-12.wav,not_baby,5,esc50,esc50_source:182368,esc50_source_file,c3ba5793bb74cbf7e92b678bc41f7ad4ab925b175c77e8320a755d92e4d1bad8,StratifiedGroupKFold,42
rec_c1c6178dcbeed33ad3f1,D:\INFANT CRY\data_set_dbl_split\train\not_baby\4-186518-A-30.wav,not_baby/4-186518-A-30.wav,not_baby,5,esc50,esc50_source:186518,esc50_source_file,20ac1b533d72043c8370ca5de40826e50d9a8c6cfaa098650e2044bda7ca12a0,StratifiedGroupKFold,42
rec_9fe91fdbc057ac3433b2,D:\INFANT CRY\data_set_dbl_split\train\not_baby\4-187769-A-14.wav,not_baby/4-187769-A-14.wav,not_baby,5,esc50,esc50_source:187769,esc50_source_file,03884ce6ca8ef10ced57c11be0066dc190a6349ab403c213b4c7276a254c461a,StratifiedGroupKFold,42
rec_6f007a2232c48c709536,D:\INFANT CRY\data_set_dbl_split\train\not_baby\4-187769-B-14.wav,not_baby/4-187769-B-14.wav,not_baby,5,esc50,esc50_source:187769,esc50_source_file,4bdf0f2e55640ac80a67cde3d28b618dd8b9cc4ac46f044e11ddfad3caff4078,StratifiedGroupKFold,42
rec_298102c2433d667b3c8e,D:\INFANT CRY\data_set_dbl_split\train\not_baby\4-188287-A-9.wav,not_baby/4-188287-A-9.wav,not_baby,5,esc50,esc50_source:188287,esc50_source_file,d5c647f22d6e62b7ab85e1d096bba70b9ca1bbab0115ef9bf123bce5658f814d,StratifiedGroupKFold,42
rec_aab37c01751a19fd1ae4,D:\INFANT CRY\data_set_dbl_split\train\not_baby\4-188878-A-30.wav,not_baby/4-188878-A-30.wav,not_baby,5,esc50,esc50_source:188878,esc50_source_file,072852ce3b23b40d58774570a5758fae5b114be54a3d8242cf26a722ff735a07,StratifiedGroupKFold,42
rec_40636b10f16e3213eeee,D:\INFANT CRY\data_set_dbl_split\train\not_baby\4-189836-A-22.wav,not_baby/4-189836-A-22.wav,not_baby,5,esc50,esc50_source:189836,esc50_source_file,d195bb2ea440b17f6537e717f0708aec37f10d51c47343e5c3731caf3596e78e,StratifiedGroupKFold,42
rec_0dbd24719bd3ebb75390,D:\INFANT CRY\data_set_dbl_split\train\not_baby\4-193480-A-40.wav,not_baby/4-193480-A-40.wav,not_baby,5,esc50,esc50_source:193480,esc50_source_file,1cf1759e082bf6f1ff9387cefa9cd7050f05154ed8c5e0dc490f43ee9a6dc1b5,StratifiedGroupKFold,42
rec_c9521f348f602caa1544,D:\INFANT CRY\data_set_dbl_split\train\not_baby\4-193480-B-40.wav,not_baby/4-193480-B-40.wav,not_baby,5,esc50,esc50_source:193480,esc50_source_file,70a164e3d5cbb8735afd80b6507de1bc4234d30d70efa036ae1f5424573f02df,StratifiedGroupKFold,42
rec_4aeaf3a5f8f105493ff3,D:\INFANT CRY\data_set_dbl_split\train\not_baby\4-194680-A-36.wav,not_baby/4-194680-A-36.wav,not_baby,5,esc50,esc50_source:194680,esc50_source_file,7cfaaaa5fd15d746f66a0131d44cbdd6b0f0ddb3690da99b6f8857ea3f69b2b5,StratifiedGroupKFold,42
rec_a727b77ca5eab6e155b9,D:\INFANT CRY\data_set_dbl_split\train\not_baby\4-195305-A-31.wav,not_baby/4-195305-A-31.wav,not_baby,5,esc50,esc50_source:195305,esc50_source_file,f9b5643fb1c14e0927d00bca35e34d8ea1dc7cc92606f6210a1c753407c4efbc,StratifiedGroupKFold,42
rec_e369a36f9bdbe6ff2cf6,D:\INFANT CRY\data_set_dbl_split\train\not_baby\4-198025-A-23.wav,not_baby/4-198025-A-23.wav,not_baby,5,esc50,esc50_source:198025,esc50_source_file,0e1f0ac16bf0d7930038f469ef4641fe72dcfe36cba2d6f73b273998a88e6a00,StratifiedGroupKFold,42
rec_709447b2d6463c8f3754,D:\INFANT CRY\data_set_dbl_split\train\not_baby\4-198360-A-49.wav,not_baby/4-198360-A-49.wav,not_baby,5,esc50,esc50_source:198360,esc50_source_file,da1175ae1546391f81a565f0eb22a39772a7d658652974b8c889fb990ac15b21,StratifiedGroupKFold,42
rec_e66c77ced0dbd6ba1891,D:\INFANT CRY\data_set_dbl_split\train\not_baby\4-198360-B-49.wav,not_baby/4-198360-B-49.wav,not_baby,5,esc50,esc50_source:198360,esc50_source_file,901384fcd260e81f3a7b6a033fbd3d19e10ed785d4a05e1967924014e5c20594,StratifiedGroupKFold,42
rec_23200559718f50ad8f4a,D:\INFANT CRY\data_set_dbl_split\train\not_baby\4-198360-C-49.wav,not_baby/4-198360-C-49.wav,not_baby,5,esc50,esc50_source:198360,esc50_source_file,988e9f621bf7a8336feb66ff54c8b492acfac5f19587bad3b0b65571ce7ce4a7,StratifiedGroupKFold,42
rec_846ab9c452c4d3b71be8,D:\INFANT CRY\data_set_dbl_split\train\not_baby\4-204121-A-39.wav,not_baby/4-204121-A-39.wav,not_baby,5,esc50,esc50_source:204121,esc50_source_file,ad42b3c91dd21d4f3a8238290c20dac179e7a7674320dab7029c5b111116d1d1,StratifiedGroupKFold,42
rec_e7ee858c726513ce5685,D:\INFANT CRY\data_set_dbl_split\train\not_baby\4-204618-A-11.wav,not_baby/4-204618-A-11.wav,not_baby,5,esc50,esc50_source:204618,esc50_source_file,5df6ab900126bb95c8ea660cb15a668d3325f1770a081dfbe28e3bd37adf2dc0,StratifiedGroupKFold,42
rec_7685388015113f61defd,D:\INFANT CRY\data_set_dbl_split\train\not_baby\4-204684-A-37.wav,not_baby/4-204684-A-37.wav,not_baby,5,esc50,esc50_source:204684,esc50_source_file,2d2ae2240ee02f8208eab138101ff702013bcc018327bae3aeeae53c2716d04b,StratifiedGroupKFold,42
rec_a9f0950792bcadd77696,D:\INFANT CRY\data_set_dbl_split\train\not_baby\4-207124-A-0.wav,not_baby/4-207124-A-0.wav,not_baby,5,esc50,esc50_source:207124,esc50_source_file,4172efa07482e36b67f50bc730d9ecaf95da20c81f79242d0439ac6bae21f53c,StratifiedGroupKFold,42
rec_8d2c36fce51f2af8cae2,D:\INFANT CRY\data_set_dbl_split\train\not_baby\4-251645-A-49.wav,not_baby/4-251645-A-49.wav,not_baby,5,esc50,esc50_source:251645,esc50_source_file,8dbcd90c7e987bbf23192019f51a51d47a01270b40fc69fa6a06df7f30d4825b,StratifiedGroupKFold,42
rec_9c814677f22b3ad89f2b,D:\INFANT CRY\data_set_dbl_split\train\not_baby\4-251645-B-49.wav,not_baby/4-251645-B-49.wav,not_baby,5,esc50,esc50_source:251645,esc50_source_file,c0747c42082b65fd28616d1e3c87b976b18a62e4c4821818e6afb7e54f271949,StratifiedGroupKFold,42
rec_37cfb83a12564c893506,D:\INFANT CRY\data_set_dbl_split\train\not_baby\5-103422-A-2.wav,not_baby/5-103422-A-2.wav,not_baby,5,esc50,esc50_source:103422,esc50_source_file,4c82ac9cbaa3a0e8fd14f6b45fb596727585f4fb7126d22c5b734ea2ee6e60af,StratifiedGroupKFold,42
rec_9eca567ea73c98e41738,D:\INFANT CRY\data_set_dbl_split\train\not_baby\5-117773-A-16.wav,not_baby/5-117773-A-16.wav,not_baby,5,esc50,esc50_source:117773,esc50_source_file,d14a14512b9d39a4be54b218136bf188336f7798a193fd20623e4fdafa5fdf18,StratifiedGroupKFold,42
rec_67f70b19a0e492ef73d4,D:\INFANT CRY\data_set_dbl_split\train\not_baby\5-127990-A-2.wav,not_baby/5-127990-A-2.wav,not_baby,5,esc50,esc50_source:127990,esc50_source_file,afb2e2adacf1b6be7ae08d5cfc19348987111fc8f337a4bd893d910a539e2712,StratifiedGroupKFold,42
rec_84eab765d2639fe2054a,D:\INFANT CRY\data_set_dbl_split\train\not_baby\5-150409-A-42.wav,not_baby/5-150409-A-42.wav,not_baby,5,esc50,esc50_source:150409,esc50_source_file,9e8901e0a7f22c3546c2f1b42bcc3e2ca8077e94f755702ba744feb2f39d55ac,StratifiedGroupKFold,42
rec_dfc15119f1dc44f7923b,D:\INFANT CRY\data_set_dbl_split\train\not_baby\5-179863-A-43.wav,not_baby/5-179863-A-43.wav,not_baby,5,esc50,esc50_source:179863,esc50_source_file,9a777c790a2476a3de0efd0318e6fb369ad5af8bee0d007193ce08913dd9ae33,StratifiedGroupKFold,42
rec_2c5346bfeca5ac51dd75,D:\INFANT CRY\data_set_dbl_split\train\not_baby\5-185579-A-41.wav,not_baby/5-185579-A-41.wav,not_baby,5,esc50,esc50_source:185579,esc50_source_file,aa779381c3411b478b46c61cc46fd0ac9bac4ecfd4f37c0ac412cec1421a8578,StratifiedGroupKFold,42
rec_9d91e342ad47193e0d16,D:\INFANT CRY\data_set_dbl_split\train\not_baby\5-185579-B-41.wav,not_baby/5-185579-B-41.wav,not_baby,5,esc50,esc50_source:185579,esc50_source_file,853d5ae507977df944cba7775cbdd2a3e262b3f7e99729d5ec465c51dc692a6d,StratifiedGroupKFold,42
rec_e94487b2c5556a4707e2,D:\INFANT CRY\data_set_dbl_split\train\not_baby\5-186924-A-12.wav,not_baby/5-186924-A-12.wav,not_baby,5,esc50,esc50_source:186924,esc50_source_file,963758fc0a9bb51fbc0659ac0ab75f2aede097519f46b92efecac22baae215cc,StratifiedGroupKFold,42
rec_996dbdb317e5e15d13fe,D:\INFANT CRY\data_set_dbl_split\train\not_baby\5-188655-A-10.wav,not_baby/5-188655-A-10.wav,not_baby,5,esc50,esc50_source:188655,esc50_source_file,9ed876436c72f36c230c275744818829912a2299bcbd8ccca6eccce9df6f8a57,StratifiedGroupKFold,42
rec_9c520375e46cc586f0ce,D:\INFANT CRY\data_set_dbl_split\train\not_baby\5-191131-A-40.wav,not_baby/5-191131-A-40.wav,not_baby,5,esc50,esc50_source:191131,esc50_source_file,498f75725d397a2253c6fdc687f48773f2ed19a0e44c22463767f4ed186c3cc1,StratifiedGroupKFold,42
rec_55036fa2aca38f170dda,D:\INFANT CRY\data_set_dbl_split\train\not_baby\5-191497-A-33.wav,not_baby/5-191497-A-33.wav,not_baby,5,esc50,esc50_source:191497,esc50_source_file,5e1a829f78e85a50dee157c5cadfc99cdb47ac2c0509e840503ef554aca02f15,StratifiedGroupKFold,42
rec_af3e8f7db7d8a6a0ccdb,D:\INFANT CRY\data_set_dbl_split\train\not_baby\5-195517-A-7.wav,not_baby/5-195517-A-7.wav,not_baby,5,esc50,esc50_source:195517,esc50_source_file,5bc17ca82342b70769a0129336aa6517a668a577b551cb4d9a705315f2b3410c,StratifiedGroupKFold,42
rec_987f5908ee152f1ae0ee,D:\INFANT CRY\data_set_dbl_split\train\not_baby\5-197118-A-45.wav,not_baby/5-197118-A-45.wav,not_baby,5,esc50,esc50_source:197118,esc50_source_file,67d2f6fc339fb9a6734b0ad9f124dffb867f5c186c7619560cbfd78c83f37058,StratifiedGroupKFold,42
rec_2daba7432d2b901fcead,D:\INFANT CRY\data_set_dbl_split\train\not_baby\5-200461-A-11.wav,not_baby/5-200461-A-11.wav,not_baby,5,esc50,esc50_source:200461,esc50_source_file,f66d4da342b3ae9096593084915f57d2763bd5e90ff28fbb7c60a446d6c76a6f,StratifiedGroupKFold,42
rec_760daf2f37491924203a,D:\INFANT CRY\data_set_dbl_split\train\not_baby\5-200461-B-11.wav,not_baby/5-200461-B-11.wav,not_baby,5,esc50,esc50_source:200461,esc50_source_file,772ed35d4a5617deb375b6532e830071b21e9b3d5d16b6b33b16c9535ef8e1a7,StratifiedGroupKFold,42
rec_deba7fb63d2b78003606,D:\INFANT CRY\data_set_dbl_split\train\not_baby\5-201170-A-46.wav,not_baby/5-201170-A-46.wav,not_baby,5,esc50,esc50_source:201170,esc50_source_file,be37da4780551030bdb58779905a7748070c0fa48504c2db87b276d20efd789e,StratifiedGroupKFold,42
rec_19abf69680c4281bf2ec,D:\INFANT CRY\data_set_dbl_split\train\not_baby\5-202020-A-18.wav,not_baby/5-202020-A-18.wav,not_baby,5,esc50,esc50_source:202020,esc50_source_file,5f04dae76b835b0aded79af1bf3537ed71e9c8cef8174fccd28fe0510489dd22,StratifiedGroupKFold,42
rec_fa4c690ae958e1bc5f12,D:\INFANT CRY\data_set_dbl_split\train\not_baby\5-202795-A-3.wav,not_baby/5-202795-A-3.wav,not_baby,5,esc50,esc50_source:202795,esc50_source_file,94a456150d7f1405fd1efaf8f5bd6e0094f8ebf4f1e123e6b9eb12c662b5892b,StratifiedGroupKFold,42
rec_0e496cfa3431fac510b3,D:\INFANT CRY\data_set_dbl_split\train\not_baby\5-203128-A-0.wav,not_baby/5-203128-A-0.wav,not_baby,5,esc50,esc50_source:203128,esc50_source_file,435e476d5d429aa1cc51c23c9b5e5f8f472faf022846996ade18a457621d0552,StratifiedGroupKFold,42
rec_c35693481a6d01405991,D:\INFANT CRY\data_set_dbl_split\train\not_baby\5-203128-B-0.wav,not_baby/5-203128-B-0.wav,not_baby,5,esc50,esc50_source:203128,esc50_source_file,2a253659c2c3c86a0fbaf1e928d8a30933e90c7e7d4be43a3e4b4217e5be0c26,StratifiedGroupKFold,42
rec_b3cd47c10f54fe93a5bf,D:\INFANT CRY\data_set_dbl_split\train\not_baby\5-207836-A-29.wav,not_baby/5-207836-A-29.wav,not_baby,5,esc50,esc50_source:207836,esc50_source_file,c32f9fbd06cab882ed9d3f6e9dd8c95558b4be46a01df951a0b8b4fb3d3cb0b1,StratifiedGroupKFold,42
rec_6f7eda4d6851e6b0b2fb,D:\INFANT CRY\data_set_dbl_split\train\not_baby\5-207836-B-29.wav,not_baby/5-207836-B-29.wav,not_baby,5,esc50,esc50_source:207836,esc50_source_file,c23c558c085d236738a75bf6b70ebe7ee107ce3e02d0f6d385d6f0a41bacd91f,StratifiedGroupKFold,42
rec_5b1162612c963fb5a3e4,D:\INFANT CRY\data_set_dbl_split\train\not_baby\5-207836-C-29.wav,not_baby/5-207836-C-29.wav,not_baby,5,esc50,esc50_source:207836,esc50_source_file,1176fa114036346eacfbb033ad89ceb6874068cb015e6392ed84808f19b37098,StratifiedGroupKFold,42
rec_3e3ce377aaf4306e9c4a,D:\INFANT CRY\data_set_dbl_split\train\not_baby\5-207836-D-29.wav,not_baby/5-207836-D-29.wav,not_baby,5,esc50,esc50_source:207836,esc50_source_file,45ecf07e2e5f2c2fc0d7f1df9123c13e7cdeb73f8441e089bfc57d778c47bfb0,StratifiedGroupKFold,42
rec_bff9a1ac3b4f100b2a77,D:\INFANT CRY\data_set_dbl_split\train\not_baby\5-212050-A-27.wav,not_baby/5-212050-A-27.wav,not_baby,5,esc50,esc50_source:212050,esc50_source_file,f2b893a017b8a27c2a37876d3e60878b294f8b88d258aa09ac2e020cba481050,StratifiedGroupKFold,42
rec_735bccd00759aa8b5658,D:\INFANT CRY\data_set_dbl_split\train\not_baby\5-212054-A-36.wav,not_baby/5-212054-A-36.wav,not_baby,5,esc50,esc50_source:212054,esc50_source_file,3d4cc6c8b7a3960972294b6b90e957d4bd504a7a2674d0afe00f8021c6e1e56a,StratifiedGroupKFold,42
rec_239e5234efdb0e7aa4e2,D:\INFANT CRY\data_set_dbl_split\train\not_baby\5-212736-A-17.wav,not_baby/5-212736-A-17.wav,not_baby,5,esc50,esc50_source:212736,esc50_source_file,b88a0aca4c9e5b764698762453befab693d1b5c6ca8ac6fa63dcb5e54b11d938,StratifiedGroupKFold,42
rec_67824a6d6190e537eaa7,D:\INFANT CRY\data_set_dbl_split\train\not_baby\5-213077-A-11.wav,not_baby/5-213077-A-11.wav,not_baby,5,esc50,esc50_source:213077,esc50_source_file,394b71055793aa111d953b9c33ecd226e215a4221eefb248f3e5e43bc711626c,StratifiedGroupKFold,42
rec_a96c95617ed5f6c02761,D:\INFANT CRY\data_set_dbl_split\train\not_baby\5-215005-A-32.wav,not_baby/5-215005-A-32.wav,not_baby,5,esc50,esc50_source:215005,esc50_source_file,b8c6b7a28f1523c4aa0a0261ed45dee934c5a8f2558893312d9d981bf1f92067,StratifiedGroupKFold,42
rec_f34d259eb3dd0fca8400,D:\INFANT CRY\data_set_dbl_split\train\not_baby\5-217158-A-0.wav,not_baby/5-217158-A-0.wav,not_baby,5,esc50,esc50_source:217158,esc50_source_file,170df4aad8dd13df6e418c8ff4e5a8cf8bec6fece5e3d0150b94d391e91b1356,StratifiedGroupKFold,42
rec_62e0b07df2bfccf62589,D:\INFANT CRY\data_set_dbl_split\train\not_baby\5-218981-A-30.wav,not_baby/5-218981-A-30.wav,not_baby,5,esc50,esc50_source:218981,esc50_source_file,b699b80f84ba074526d993750226ec6723b5679393a92fa3d266ea67767d5cca,StratifiedGroupKFold,42
rec_b1f6b7c60153120ffe98,D:\INFANT CRY\data_set_dbl_split\train\not_baby\5-219342-A-38.wav,not_baby/5-219342-A-38.wav,not_baby,5,esc50,esc50_source:219342,esc50_source_file,08c0a65319a5bf24b1fe37bb3ed9dcbf3f384f6185f292d8fc8a532c37b6336b,StratifiedGroupKFold,42
rec_00f86147a4c76256ba81,D:\INFANT CRY\data_set_dbl_split\train\not_baby\5-219379-A-11.wav,not_baby/5-219379-A-11.wav,not_baby,5,esc50,esc50_source:219379,esc50_source_file,152ec7b65431ae066b3ed6e19d695febbd641f9186fd7e549526160108b123e7,StratifiedGroupKFold,42
rec_ef947d834668537f00de,D:\INFANT CRY\data_set_dbl_split\train\not_baby\5-219379-B-11.wav,not_baby/5-219379-B-11.wav,not_baby,5,esc50,esc50_source:219379,esc50_source_file,b84df2ce299ed891276f0c5866dd0b7762cac19ae895ba775e5a89b6a594d63c,StratifiedGroupKFold,42
rec_7c8664970e875f23c0f2,D:\INFANT CRY\data_set_dbl_split\train\not_baby\5-219379-C-11.wav,not_baby/5-219379-C-11.wav,not_baby,5,esc50,esc50_source:219379,esc50_source_file,c9e96bcc6a2781e66fed8cc3a7ac9980d3bfc18c55cc1be27a606803843b2399,StratifiedGroupKFold,42
rec_3e078aa8c3aadae2ca22,D:\INFANT CRY\data_set_dbl_split\train\not_baby\5-221528-A-39.wav,not_baby/5-221528-A-39.wav,not_baby,5,esc50,esc50_source:221528,esc50_source_file,f4796e4ec53c1dee2257365e58ff5ab75cf37d9a813f07b681927e85ee472cde,StratifiedGroupKFold,42
rec_b6fae591b654e686ffd9,D:\INFANT CRY\data_set_dbl_split\train\not_baby\5-221878-A-34.wav,not_baby/5-221878-A-34.wav,not_baby,5,esc50,esc50_source:221878,esc50_source_file,81e429727451050e6cfee85e9dddd72c4912d4e97856d6d69f8fe8eb0a692a9a,StratifiedGroupKFold,42
rec_51652581b7e0f9b639ac,D:\INFANT CRY\data_set_dbl_split\train\not_baby\5-222041-A-9.wav,not_baby/5-222041-A-9.wav,not_baby,5,esc50,esc50_source:222041,esc50_source_file,e862f494715badbcc9d6a8d37ca6203777a18cf89f91046399cc0f348a0aea2d,StratifiedGroupKFold,42
rec_d75b3f932b64a188b5dc,D:\INFANT CRY\data_set_dbl_split\train\not_baby\5-232816-A-23.wav,not_baby/5-232816-A-23.wav,not_baby,5,esc50,esc50_source:232816,esc50_source_file,551296188c0001066f4fbffb01eb89d71f6954b11728c52c9903fe63d452f1a1,StratifiedGroupKFold,42
rec_377313c2a4729a1f5aba,D:\INFANT CRY\data_set_dbl_split\train\not_baby\5-233605-A-39.wav,not_baby/5-233605-A-39.wav,not_baby,5,esc50,esc50_source:233605,esc50_source_file,ae86e74bf03c69cb2c2962b7327b5524dda7d531e553b9fab91a375de5299bff,StratifiedGroupKFold,42
rec_1573ab52f629fcdab0e4,D:\INFANT CRY\data_set_dbl_split\train\not_baby\5-234247-A-37.wav,not_baby/5-234247-A-37.wav,not_baby,5,esc50,esc50_source:234247,esc50_source_file,0f99cf9aecfa93e37ba0de4c4a80849ded00cd52f80fc11c9315261512f94702,StratifiedGroupKFold,42
rec_7a6a96e827f88af195ea,D:\INFANT CRY\data_set_dbl_split\train\not_baby\5-234263-A-25.wav,not_baby/5-234263-A-25.wav,not_baby,5,esc50,esc50_source:234263,esc50_source_file,b83813a8a07ac187c280204b4ac4a015c0cff5a84bf5a7b7e3aa03b6e726910d,StratifiedGroupKFold,42
rec_e951e3855fdc65df55d3,D:\INFANT CRY\data_set_dbl_split\train\not_baby\5-235507-A-44.wav,not_baby/5-235507-A-44.wav,not_baby,5,esc50,esc50_source:235507,esc50_source_file,352e8a771a4f89d333bc5bbfef8610e12dbf274c84d6f1f18e45cec0d6d57da9,StratifiedGroupKFold,42
rec_19f32d7fbf3d9db1203f,D:\INFANT CRY\data_set_dbl_split\train\not_baby\5-237499-A-4.wav,not_baby/5-237499-A-4.wav,not_baby,5,esc50,esc50_source:237499,esc50_source_file,208b8bb2a5ff0aa2bf3209257b2d01ded9b8a83d051cce5521f3c1e439d70025,StratifiedGroupKFold,42
rec_3b28aeb4d3ddea6be3c8,D:\INFANT CRY\data_set_dbl_split\train\not_baby\5-243459-A-14.wav,not_baby/5-243459-A-14.wav,not_baby,5,esc50,esc50_source:243459,esc50_source_file,0615734b8ef3283156091db7c8736e1d4b055646a7d26c2b3b3f75de7e94923e,StratifiedGroupKFold,42
rec_f4706e5abc599032c87c,D:\INFANT CRY\data_set_dbl_split\train\not_baby\5-243459-B-14.wav,not_baby/5-243459-B-14.wav,not_baby,5,esc50,esc50_source:243459,esc50_source_file,878ddf2e264e4a665bff818337b57282ed1e831c54b4103e9ed89a5b187c7a5a,StratifiedGroupKFold,42
rec_eee8618d4f44e422ca3a,D:\INFANT CRY\data_set_dbl_split\train\not_baby\5-243783-A-44.wav,not_baby/5-243783-A-44.wav,not_baby,5,esc50,esc50_source:243783,esc50_source_file,07aa41b5f501d8eed5e346b5cc2b4a6efb1f592449a72035588d6f2fbab10f43,StratifiedGroupKFold,42
rec_dff506fd9d0fb28d21b3,D:\INFANT CRY\data_set_dbl_split\train\not_baby\5-244526-A-26.wav,not_baby/5-244526-A-26.wav,not_baby,5,esc50,esc50_source:244526,esc50_source_file,d3165c0292b08ca116b10f3fcfe24978eefef40dcacb751723c13cf8816ffbd0,StratifiedGroupKFold,42
rec_df91991bd14e50974338,D:\INFANT CRY\data_set_dbl_split\train\not_baby\5-250026-A-30.wav,not_baby/5-250026-A-30.wav,not_baby,5,esc50,esc50_source:250026,esc50_source_file,6d249f1a956ff78b494ddd919f2ff032f092e2ca0adccb47fef00e8cc03edf6d,StratifiedGroupKFold,42
rec_1632f9fcf48da9e1661e,D:\INFANT CRY\data_set_dbl_split\train\not_baby\5-250026-B-30.wav,not_baby/5-250026-B-30.wav,not_baby,5,esc50,esc50_source:250026,esc50_source_file,bf4afd0d31614ca48977c54525fd0655c9c9df13a0f4467557c308d4f41e888b,StratifiedGroupKFold,42
rec_558279d5aea3d87495ca,D:\INFANT CRY\data_set_dbl_split\train\not_baby\5-251426-A-30.wav,not_baby/5-251426-A-30.wav,not_baby,5,esc50,esc50_source:251426,esc50_source_file,076bf69727d6ea75ecc891992f728b66deff2d4be6b68d636865ccc77841bdda,StratifiedGroupKFold,42
rec_2e621ff40be37bd3cd87,D:\INFANT CRY\data_set_dbl_split\train\not_baby\5-251426-B-30.wav,not_baby/5-251426-B-30.wav,not_baby,5,esc50,esc50_source:251426,esc50_source_file,2738fe71989e18f2e8e0800c678793af2eeba6ca84551f8745f64d21e738ab81,StratifiedGroupKFold,42
rec_3960b85e3d852f84e1b1,D:\INFANT CRY\data_set_dbl_split\train\not_baby\5-252248-A-34.wav,not_baby/5-252248-A-34.wav,not_baby,5,esc50,esc50_source:252248,esc50_source_file,ee2c08c3a82eb8e906416cca8fd5ce0405683a2b64b76956c72928659ee23033,StratifiedGroupKFold,42
rec_9f05e7b69a55c91f6931,D:\INFANT CRY\data_set_dbl_split\train\not_baby\5-253534-A-26.wav,not_baby/5-253534-A-26.wav,not_baby,5,esc50,esc50_source:253534,esc50_source_file,251c084088b365d60f5509569e97cbf6d10259926470a53f004c4adec97fcfba,StratifiedGroupKFold,42
rec_b1d5f30e9ecaf83866f0,D:\INFANT CRY\data_set_dbl_split\train\not_baby\5-254832-A-15.wav,not_baby/5-254832-A-15.wav,not_baby,5,esc50,esc50_source:254832,esc50_source_file,7199846b3d895d85d87b1762427e219fab750d6c6e401dd99972cdf897f57066,StratifiedGroupKFold,42
rec_4d70c1041abe7a115574,D:\INFANT CRY\data_set_dbl_split\train\not_baby\5-254832-B-15.wav,not_baby/5-254832-B-15.wav,not_baby,5,esc50,esc50_source:254832,esc50_source_file,e05488cd28dcfabf6d02e8b719f27a4b586b83aadf81f8d83d72879bbc603f65,StratifiedGroupKFold,42
rec_1a36bf5ec5b7fdc6463a,D:\INFANT CRY\data_set_dbl_split\train\not_baby\5-257839-A-14.wav,not_baby/5-257839-A-14.wav,not_baby,5,esc50,esc50_source:257839,esc50_source_file,db73c55a7bd0d77247e7f865549edaeb0032a47c6ecefedf0896cae352218b3c,StratifiedGroupKFold,42
rec_ff9b48189612c88cd534,D:\INFANT CRY\data_set_dbl_split\train\not_baby\5-259640-A-29.wav,not_baby/5-259640-A-29.wav,not_baby,5,esc50,esc50_source:259640,esc50_source_file,ab16a0db51ae3c90b7f7d19f330e39730d71ebc55cdc398e21ef583992003f27,StratifiedGroupKFold,42
rec_125b62aa044cc5e1fa03,D:\INFANT CRY\data_set_dbl_split\train\not_baby\5-261325-A-9.wav,not_baby/5-261325-A-9.wav,not_baby,5,esc50,esc50_source:261325,esc50_source_file,b2e3db27ca4c2c982ffa838d9369f67263b56ff18bb987ff3b0e6d86a58a132d,StratifiedGroupKFold,42
rec_1e23bcd8b7c025f989f2,D:\INFANT CRY\data_set_dbl_split\train\not_baby\5-263501-A-25.wav,not_baby/5-263501-A-25.wav,not_baby,5,esc50,esc50_source:263501,esc50_source_file,40ae1001eb9f0bb32368a6f5b76b9ddcffef05ae1519581151ab7f229c7feeef,StratifiedGroupKFold,42
